col1_1,Unnamed: 0_1,NUMBER_1,ID_PARENT_1,FLUX_ISO_1,FLUXERR_ISO_1,MAG_ISO_1,MAGERR_ISO_1,BACKGROUND_1,ISOAREA_IMAGE_1,ISOAREAF_IMAGE_1,XPEAK_IMAGE_1,YPEAK_IMAGE_1,X_IMAGE_1,Y_IMAGE_1,X_IMAGE_DBL_1,Y_IMAGE_DBL_1,X_WORLD_1,Y_WORLD_1,A_IMAGE_1,B_IMAGE_1,THETA_IMAGE_1,ERRA_IMAGE_1,ERRB_IMAGE_1,ERRTHETA_IMAGE_1,XWIN_IMAGE_1,YWIN_IMAGE_1,XWIN_WORLD_1,YWIN_WORLD_1,X2WIN_IMAGE_1,Y2WIN_IMAGE_1,X2WIN_WORLD_1,Y2WIN_WORLD_1,AWIN_IMAGE_1,BWIN_IMAGE_1,THETAWIN_IMAGE_1,AWIN_WORLD_1,BWIN_WORLD_1,THETAWIN_WORLD_1,MU_THRESHOLD_1,FLAGS_1,FWHM_IMAGE_1,ELONGATION_1,ELLIPTICITY_1,CLASS_STAR_1,SUBDIV_NUMBER_1,col1_2,Unnamed: 0_2,NUMBER_2,ID_PARENT_2,FLUX_ISO_2,FLUXERR_ISO_2,MAG_ISO_2,MAGERR_ISO_2,BACKGROUND_2,ISOAREA_IMAGE_2,ISOAREAF_IMAGE_2,XPEAK_IMAGE_2,YPEAK_IMAGE_2,X_IMAGE_2,Y_IMAGE_2,X_IMAGE_DBL_2,Y_IMAGE_DBL_2,X_WORLD_2,Y_WORLD_2,A_IMAGE_2,B_IMAGE_2,THETA_IMAGE_2,ERRA_IMAGE_2,ERRB_IMAGE_2,ERRTHETA_IMAGE_2,XWIN_IMAGE_2,YWIN_IMAGE_2,XWIN_WORLD_2,YWIN_WORLD_2,X2WIN_IMAGE_2,Y2WIN_IMAGE_2,X2WIN_WORLD_2,Y2WIN_WORLD_2,AWIN_IMAGE_2,BWIN_IMAGE_2,THETAWIN_IMAGE_2,AWIN_WORLD_2,BWIN_WORLD_2,THETAWIN_WORLD_2,MU_THRESHOLD_2,FLAGS_2,FWHM_IMAGE_2,ELONGATION_2,ELLIPTICITY_2,CLASS_STAR_2,SUBDIV_NUMBER_2,GroupID,GroupSize,Separation
0,0,0_1,0_528,263935.8,278.7827,12.6587,0.0011,1.800145,57352.0,57352.0,460.0,358.0,460.2743,358.1253,460.2743,358.1253,192.7252379774908,27.84185523368406,164.061,86.691,14.92,0.2072,0.10818,14.91,460.2743,358.1253,192.7252379774908,27.84185523368406,5446.3392538,4794.36179,5446.3392538,4794.36179,77.044,65.612,33.22,77.0439,65.61203,33.22,25.6706,19.0,3.29,1.892,0.472,0.117,0.0,16,16,0_17,0_24,83588.11,279.7118,13.907,0.0036,406.1062,735.0,798.0,460.0,358.0,460.3873,358.5792,460.3873,358.5792,192.7252059470572,27.841726781749134,5.347,5.16,86.75,0.02569,0.02451,-78.34,460.3873,358.5792,192.7252059470572,27.841726781749134,6.3773619349,6.4740907397,6.3773619349,6.4740907397,2.563,2.506,54.82,2.563117,2.506369,54.82,22.945,0.0,5.33,1.036,0.035,0.029,0.0,,,0.467754433437065
1,1,0_2,0_528,10894.74,71.78079,16.1194,0.0072,3.411036,6080.0,6080.0,99.0,202.0,99.4698,202.198,99.4698,202.198,192.8387448931893,27.8883500308231,31.17,24.006,75.26,0.14333,0.10993,75.66,99.4698,202.198,192.8387448931893,27.8883500308231,1.0194095202,0.98704486325,1.0194095202,0.98704486325,1.031,0.971,37.17,1.031098,0.971232,37.17,28.231,19.0,2.38,1.298,0.23,0.03,0.0,27,27,0_28,0_12,2550.98,55.5203,17.6956,0.0236,403.8758,29.0,33.0,100.0,202.0,99.5533,202.4473,99.5533,202.4473,192.83872039860088,27.888279335114547,1.399,1.26,46.23,0.03688,0.03423,46.23,99.5533,202.4473,192.83872039860088,27.888279335114547,0.86456683473,0.85237596614,0.86456683473,0.85237596614,0.96,0.892,42.21,0.9597858,0.8920504,42.21,22.8859,0.0,3.13,1.11,0.099,0.959,0.0,,,0.26291203852239314
2,2,0_3,0_528,19528.19,67.47495,15.4858,0.0038,3.322599,2564.0,2564.0,240.0,166.0,240.157,166.4708,240.157,166.4708,192.7936567057641,27.89736733072925,11.226,9.666,-62.44,0.04859,0.04174,-64.55,240.157,166.4708,192.7936567057641,27.89736733072925,0.43474104626,0.45471636099,0.43474104626,0.45471636099,0.691,0.642,53.87,0.6910249,0.6418271,53.87,27.7374,3.0,1.81,1.161,0.139,0.904,0.0,29,29,0_30,0_10,14168.87,87.74126,15.8341,0.0067,403.368,63.0,66.0,240.0,166.0,240.2823,166.8058,240.2823,166.8058,192.7936196536219,27.89727223138095,1.703,1.479,59.8,0.01414,0.01234,72.86,240.2823,166.8058,192.7936196536219,27.89727223138095,0.92247497709,0.95075267255,0.92247497709,0.95075267255,1.01,0.924,49.89,1.009908,0.9237492,49.89,22.8482,0.0,3.05,1.151,0.132,0.983,0.0,,,0.35766617117082894
3,3,0_4,0_528,26116.93,94.03295,15.1701,0.0039,1.790445,7823.0,7823.0,169.0,83.0,168.8768,83.3204,168.8768,83.3204,192.81564973726697,27.92126562390952,49.544,30.753,81.14,0.20047,0.12483,80.86,168.8768,83.3204,192.81564973726697,27.92126562390952,3944.3311663,3191.4649323,3944.3311663,3191.4649323,62.889,56.398,-6.77,62.88948,56.39777,-6.77,25.6169,19.0,6.79,1.611,0.379,0.044,0.0,34,34,0_35,0_5,3135.385,72.51369,17.4717,0.0251,403.0739,56.0,58.0,169.0,83.0,168.8905,83.5416,168.8905,83.5416,192.8156472357949,27.921203338672107,2.789,1.29,60.81,0.07669,0.03518,61.54,168.8905,83.5416,192.8156472357949,27.921203338672107,2.3432786789,3.2908809632,2.3432786789,3.2908809632,1.956,1.345,59.03,1.955529,1.345387,59.03,22.8405,0.0,8.57,2.162,0.537,0.007,0.0,,,0.22162384799474596
50,50,0_51,0_47,20170.38,57.97987,15.4506,0.0031,1.677156,67.0,67.0,450.0,17.0,450.4393,16.614,450.4393,16.614,192.72541868698872,27.93793207721922,1.015,0.93,37.13,0.00301,0.00276,36.95,450.4393,16.614,192.72541868698872,27.93793207721922,0.37852747198,0.36947029867,0.37852747198,0.36947029867,0.628,0.594,38.68,0.6282445,0.594396,38.68,25.3519,0.0,1.9,1.09,0.083,0.978,0.0,0,0,0_1,0_2,17349.83,93.82597,15.6142,0.0059,403.2505,68.0,75.0,450.0,17.0,450.5686,16.9901,450.5686,16.9901,192.72538075318008,27.93782538914864,1.734,1.535,56.49,0.01314,0.01153,59.57,450.5686,16.9901,192.72538075318008,27.93782538914864,0.94478730861,0.95650183989,0.94478730861,0.95650183989,1.009,0.94,47.5,1.008926,0.9398709,47.5,22.8724,0.0,3.18,1.13,0.115,0.975,0.0,,,0.3977055443415403
57,57,0_58,0_43,1098.575,17.33704,18.6103,0.0171,1.696456,151.0,151.0,174.0,13.0,173.7146,12.9137,173.7146,12.9137,192.81351685387247,27.94102304743794,2.873,2.632,49.36,0.05069,0.04758,47.05,173.7146,12.9137,192.81351685387247,27.94102304743794,4.0972611526,4.1083653489,4.0972611526,4.1083653489,2.085,1.964,45.65,2.084922,1.964364,45.65,25.3796,17.0,5.18,1.091,0.084,0.022,0.0,1,1,0_2,0_1,142.9446,20.27195,20.8245,0.154,403.3522,5.0,5.0,174.0,13.0,174.1849,12.6066,174.1849,12.6066,192.81336449045543,27.941105935901508,0.763,0.448,-18.48,0.13282,0.07672,-18.44,174.1849,12.6066,192.81336449045543,27.941105935901508,1.2130783236,1.2606186018,1.2130783236,1.2606186018,1.128,1.096,65.91,1.128052,1.095991,65.91,22.8821,0.0,3.44,1.704,0.413,0.29,0.0,,,0.5616871905251253
138,138,0_139,0_528,14546.12,69.03362,15.8055,0.0052,3.330536,4829.0,4829.0,203.0,285.0,203.1682,285.0369,203.1682,285.0369,192.8064341516683,27.864304891332768,21.226,19.392,-30.01,0.09022,0.0843,1.68,203.1682,285.0369,192.8064341516683,27.864304891332768,0.66142060083,0.66168419621,0.66142060083,0.66168419621,0.828,0.799,45.16,0.8278039,0.7986524,45.16,27.8192,3.0,1.99,1.095,0.086,0.029,0.0,22,22,0_23,0_17,4157.521,65.03445,17.1653,0.017,403.8553,38.0,44.0,203.0,285.0,203.2938,285.3757,203.2938,285.3757,192.80639704040823,27.864208719952448,1.534,1.352,59.88,0.03153,0.02745,54.22,203.2938,285.3757,192.80639704040823,27.864208719952448,0.85085732305,0.89115851923,0.85085732305,0.89115851923,0.962,0.904,55.99,0.9616908,0.9039726,55.99,22.8789,0.0,3.04,1.135,0.119,0.979,0.0,,,0.36133198031725955
139,139,0_140,0_630,33720.48,79.40437,14.8927,0.0026,1.726004,991.0,991.0,313.0,494.0,312.516,492.8262,312.516,492.8262,192.77340666270723,27.80508140279206,5.012,3.466,89.08,0.0155,0.01016,-88.53,312.516,492.8262,192.77340666270723,27.80508140279206,1.9611979863,2.080633565,1.9611979863,2.080633565,1.48,1.36,55.23,1.480449,1.360185,55.23,25.4298,16.0,4.09,1.446,0.309,0.23,0.0,3,3,0_4,0_37,28969.39,147.7222,15.0576,0.0055,404.4738,198.0,210.0,313.0,494.0,312.6467,493.8128,312.6467,493.8128,192.7733735168064,27.80480304690889,3.163,2.574,68.59,0.02192,0.0178,65.91,312.6467,493.8128,192.7733735168064,27.80480304690889,3.0633402447,3.3936976748,3.0633402447,3.3936976748,1.872,1.719,63.47,1.871733,1.71862,63.47,22.8571,16.0,5.25,1.229,0.186,0.029,0.0,,,0.9952195988825868
159,159,0_160,0_515,62603.63,101.5734,14.2209,0.0018,1.557057,67.0,67.0,500.0,460.0,500.0972,459.6214,500.0972,459.6214,192.7134475479369,27.81302256993924,0.919,0.834,31.43,0.00151,0.00137,31.66,500.0972,459.6214,192.7134475479369,27.81302256993924,0.30410761402,0.330996135,0.30410761402,0.330996135,0.582,0.544,64.77,0.5819545,0.5444564,64.77,25.3627,0.0,1.63,1.102,0.092,0.999,0.0,7,7,0_8,0_33,58424.2,139.7466,14.2959,0.0026,404.1592,113.0,123.0,500.0,460.0,500.2287,460.0232,500.2287,460.0232,192.7134092045733,27.81290862099898,1.891,1.668,53.15,0.00675,0.0057,53.63,500.2287,460.0232,192.7134092045733,27.81290862099898,0.97986740155,0.96658408348,0.97986740155,0.96658408348,1.02,0.951,42.2,1.020471,0.9513626,42.2,22.8588,16.0,3.24,1.133,0.118,0.984,0.0,,,0.42277120289819703
166,166,0_167,0_509,2744.51,24.64351,17.6162,0.0098,3.215075,232.0,232.0,327.0,457.0,326.128,455.745,326.128,455.745,192.768759313685,27.81540670025285,3.409,2.379,76.52,0.03667,0.02421,78.79,326.128,455.745,192.768759313685,27.81540670025285,1.5572455879,1.4610938907,1.5572455879,1.4610938907,1.252,1.204,17.61,1.252206,1.204292,17.61,26.944,1.0,5.25,1.433,0.302,0.031,0.0,8,8,0_9,0_32,1697.143,54.95881,18.1381,0.0352,404.0962,31.0,34.0,327.0,457.0,326.594,456.9369,326.594,456.9369,192.76862125732384,27.81506815155977,1.523,1.373,59.19,0.05939,0.05183,65.79,326.594,456.9369,192.76862125732384,27.81506815155977,1.5712023845,1.5377866922,1.5712023845,1.5377866922,1.27,1.223,36.66,1.269917,1.223234,36.66,22.8515,0.0,4.32,1.11,0.099,0.034,0.0,,,1.2797584186087425
169,169,0_170,0_506,2956.554,23.61298,17.5354,0.0087,1.660249,87.0,87.0,16.0,454.0,16.4354,454.3277,16.4354,454.3277,192.8672735216022,27.818058936882085,1.453,1.426,75.56,0.01369,0.01261,-59.75,16.4354,454.3277,192.8672735216022,27.818058936882085,0.72183949532,0.70174405864,0.72183949532,0.70174405864,0.87,0.817,38.52,0.8698191,0.8166996,38.52,25.3429,0.0,2.5,1.02,0.019,0.983,0.0,9,9,0_10,0_31,1916.391,51.8854,18.0062,0.0294,404.1461,26.0,30.0,16.0,454.0,16.5284,454.52,16.5284,454.52,192.8672455345232,27.81800419832389,1.432,1.153,47.56,0.04917,0.03866,48.12,16.5284,454.52,192.8672455345232,27.81800419832389,0.86637087514,0.86142790778,0.86637087514,0.86142790778,0.976,0.88,44.21,0.9762555,0.8801841,44.21,22.8701,0.0,3.19,1.241,0.194,0.926,0.0,,,0.21360779480158418
309,309,0_310,0_397,13200.49,46.93995,15.9109,0.0039,3.448712,77.0,77.0,161.0,385.0,161.4217,385.3408,161.4217,385.3408,192.82056573621537,27.836408442050036,1.103,0.995,35.37,0.00413,0.00374,34.78,161.4217,385.3408,192.82056573621537,27.836408442050036,0.42898088844,0.41073366313,0.42898088844,0.41073366313,0.669,0.626,35.42,0.6690763,0.6261402,35.42,27.806,0.0,1.96,1.109,0.098,0.984,0.0,14,14,0_15,0_26,11054.1,84.02164,16.1036,0.0083,403.8503,61.0,65.0,161.0,385.0,161.5448,385.7033,161.5448,385.7033,192.8205296208838,27.836305624984185,1.699,1.499,55.29,0.01745,0.01533,60.16,161.5448,385.7033,192.8205296208838,27.836305624984185,0.95594055566,0.95929808249,0.95594055566,0.95929808249,1.019,0.937,45.6,1.018642,0.9368064,45.6,22.8749,0.0,3.21,1.133,0.118,0.98,0.0,,,0.38283137280010593
319,319,0_320,0_388,373540.7,247.5332,12.2816,7.0E-4,3.160985,72.0,72.0,352.0,373.0,351.8125,373.2065,351.8125,373.2065,192.75988063249105,27.83842254323526,0.836,0.749,46.85,5.6E-4,5.0E-4,46.84,351.8125,373.2065,192.75988063249105,27.83842254323526,0.23290656388,0.23086862799,0.23290656388,0.23086862799,0.494,0.468,42.67,0.4943811,0.4683615,42.67,27.4619,4.0,4.7,1.117,0.105,1.0,0.0,15,15,0_16,0_25,367606.8,281.608,12.2989,8.0E-4,404.9943,222.0,236.0,352.0,373.0,351.9248,373.5908,351.9248,373.5908,192.75984819192072,27.838313667754456,1.979,1.763,59.21,0.00214,0.00197,51.7,351.9248,373.5908,192.75984819192072,27.838313667754456,0.9483521139,0.98753574014,0.9483521139,0.98753574014,1.027,0.939,51.58,1.026622,0.939114,51.58,22.9033,0.0,3.21,1.123,0.109,0.986,0.0,,,0.40037205197166054
401,401,0_402,0_326,42838.11,84.02281,14.6328,0.0021,3.384623,69.0,69.0,325.0,268.0,325.3625,267.8557,325.3625,267.8557,192.76739664803293,27.86823659796203,0.942,0.837,35.37,0.00188,0.00168,35.4,325.3625,267.8557,192.76739664803293,27.86823659796203,0.34288222681,0.29612878402,0.34288222681,0.29612878402,0.592,0.537,21.09,0.5924932,0.5366217,21.09,27.7242,0.0,1.6,1.125,0.111,1.0,0.0,23,23,0_24,0_16,39091.33,122.5478,14.7322,0.0034,404.2452,96.0,107.0,325.0,268.0,325.4852,268.252,325.4852,268.252,192.76736098085584,27.868124276675186,1.841,1.624,58.72,0.00837,0.00745,65.1,325.4852,268.252,192.76736098085584,27.868124276675186,0.94870768499,0.95325658429,0.94870768499,0.95325658429,1.017,0.931,45.78,1.01729,0.9311739,45.78,22.8966,0.0,3.21,1.134,0.118,0.985,0.0,,,0.41486019331818214
432,432,0_433,0_298,24239.34,63.84079,15.2511,0.0029,3.226582,205.0,205.0,276.0,236.0,276.5086,236.1042,276.5086,236.1042,192.7826758763738,27.877523652251757,2.025,1.023,-44.31,0.00799,0.00293,-44.52,276.5086,236.1042,192.7826758763738,27.877523652251757,0.3810151611,0.35744230133,0.3810151611,0.35744230133,0.626,0.588,29.63,0.6263276,0.5883631,29.63,27.3932,0.0,1.86,1.98,0.495,0.975,0.0,26,26,0_27,0_13,21352.94,101.7928,15.3888,0.0052,402.6783,76.0,85.0,276.0,236.0,276.4834,236.6412,276.4834,236.6412,192.78268846465423,27.87737286807366,1.78,1.566,61.29,0.01207,0.01054,66.93,276.4834,236.6412,192.78268846465423,27.87737286807366,0.95425257462,0.972198275,0.95425257462,0.972198275,1.016,0.945,48.7,1.016293,0.9453041,48.7,22.8145,0.0,3.16,1.137,0.12,0.982,0.0,,,0.5375909597454237
469,469,0_470,0_270,2638.052,31.62131,17.6592,0.013,1.919419,757.0,757.0,507.0,141.0,506.1202,141.0813,506.1202,141.0813,192.7087655776502,27.90252622222967,27.027,7.911,-10.78,0.341,0.1002,-10.88,506.1202,141.0813,192.7087655776502,27.90252622222967,707.12925569,85.930443113,707.12925569,85.930443113,27.027,7.911,-10.78,27.02736,7.910846,-10.78,25.4372,19.0,3.68,3.416,0.707,0.047,0.0,30,30,0_31,0_9,261.6721,26.12207,20.168,0.1084,403.116,8.0,8.0,507.0,141.0,506.8656,140.8932,506.8656,140.8932,192.7085266340023,27.90257348364438,0.85,0.674,-44.49,0.10409,0.08228,-45.0,506.8656,140.8932,192.7085266340023,27.90257348364438,1.1931106411,1.0615385293,1.1931106411,1.0615385293,1.099,1.024,-17.2,1.098657,1.023524,-17.2,22.8656,16.0,4.49,1.261,0.207,0.211,0.0,,,0.768767045339444
580,580,0_581,0_177,140672.5,152.0223,13.3419,0.0012,3.53568,68.0,68.0,289.0,101.0,289.4485,101.0684,289.4485,101.0684,192.77740782430965,27.915390331516225,0.873,0.774,36.67,9.5E-4,8.4E-4,36.46,289.4485,101.0684,192.77740782430965,27.915390331516225,0.31429712353,0.23872606227,0.31429712353,0.23872606227,0.564,0.484,12.85,0.564311,0.4843307,12.85,27.196,0.0,1.46,1.128,0.113,1.0,0.0,31,31,0_32,0_8,135701.3,187.4751,13.3809,0.0015,403.5246,150.0,163.0,289.0,101.0,289.5805,101.461,289.5805,101.461,192.7773691338916,27.91527898988611,1.926,1.723,56.81,0.00381,0.00353,55.14,289.5805,101.461,192.7773691338916,27.91527898988611,0.96464867779,0.99245045065,0.96464867779,0.99245045065,1.032,0.945,49.65,1.03179,0.9447266,49.65,22.8729,0.0,3.24,1.118,0.106,0.984,0.0,,,0.4141965234040329
615,615,0_616,0_154,135455.7,149.1949,13.3829,0.0012,3.633257,69.0,69.0,385.0,75.0,385.1644,74.6577,385.1644,74.6577,192.7467045795147,27.92210438378955,0.878,0.79,35.21,9.7E-4,8.8E-4,35.24,385.1644,74.6577,192.7467045795147,27.92210438378955,0.27666577653,0.30668599691,0.27666577653,0.30668599691,0.561,0.518,65.53,0.5608267,0.5184836,65.53,27.1341,0.0,1.57,1.112,0.1,1.0,0.0,35,35,0_36,0_4,130491.2,185.2054,13.4235,0.0015,403.1667,155.0,165.0,385.0,75.0,385.2968,75.0473,385.2968,75.0473,192.7466657620059,27.921993878637736,1.935,1.722,55.11,0.00405,0.00362,58.81,385.2968,75.0473,192.7466657620059,27.921993878637736,0.97625105089,0.97197897188,0.97625105089,0.97197897188,1.023,0.95,44.15,1.022907,0.9496799,44.15,22.8831,0.0,3.24,1.123,0.11,0.984,0.0,,,0.41148258772395946
665,665,0_666,0_623,1158.645,18.13392,18.5525,0.017,1.581239,221.0,221.0,359.0,496.0,359.3692,496.4366,359.3692,496.4366,192.7585331819527,27.803720350078745,4.295,2.883,55.14,0.08475,0.05501,53.75,359.3692,496.4366,192.7585331819527,27.803720350078745,6.52245994,7.117381781,6.52245994,7.117381781,2.683,2.538,70.93,2.682937,2.538049,70.93,25.5199,19.0,3.71,1.489,0.329,0.121,0.0,4,4,0_5,0_36,207.2415,22.76216,20.4212,0.1193,404.345,5.0,6.0,359.0,496.0,359.2006,496.1962,359.2006,496.1962,192.75858475175164,27.8037891877722,0.763,0.559,40.01,0.102,0.07521,44.71,359.2006,496.1962,192.75858475175164,27.8037891877722,0.97770709857,0.7758240273,0.97770709857,0.7758240273,1.02,0.845,25.84,1.019594,0.8449612,25.84,22.86,0.0,2.7,1.364,0.267,0.457,0.0,,,0.2936292219790129
719,719,0_720,0_609,5300.054,30.41246,16.9017,0.0062,1.541614,75.0,75.0,471.0,500.0,471.1474,499.8582,471.1474,499.8582,192.7230058793509,27.80192697017898,1.237,1.154,41.43,0.0077,0.00727,45.76,471.1474,499.8582,192.7230058793509,27.80192697017898,0.53960840005,0.52560798072,0.53960840005,0.52560798072,0.747,0.712,37.0,0.7470064,0.7121782,37.0,25.413,0.0,2.06,1.072,0.067,0.983,0.0,2,2,0_3,0_38,3868.557,62.16562,17.2435,0.0175,403.8219,35.0,40.0,471.0,500.0,471.2012,500.1383,471.2012,500.1383,192.72299119305725,27.80184781833897,1.479,1.314,46.43,0.03079,0.02725,40.46,471.2012,500.1383,192.72299119305725,27.80184781833897,0.86364898658,0.86428331196,0.86364898658,0.86428331196,0.965,0.893,45.14,0.9648994,0.8926933,45.14,22.8596,0.0,3.0,1.126,0.112,0.981,0.0,,,0.2852200028048505
780,780,0_781,0_590,3861.324,35.49653,17.2456,0.01,1.58801,889.0,889.0,412.0,449.0,411.6148,448.7769,411.6148,448.7769,192.74150281514804,27.816732354579816,15.184,8.35,-49.34,0.15897,0.08789,-50.37,411.6148,448.7769,192.74150281514804,27.816732354579816,590.52870824,513.63456292,590.52870824,513.63456292,24.31,22.653,-4.39,24.31017,22.65345,-4.39,25.4836,19.0,3.36,1.818,0.45,0.149,0.0,10,10,0_11,0_30,806.5056,39.79326,18.9459,0.0536,404.7455,17.0,18.0,412.0,449.0,411.6674,448.8245,411.6674,448.8245,192.741486491267,27.816718580635904,1.159,1.03,-68.89,0.06876,0.06059,-65.25,411.6674,448.8245,192.741486491267,27.816718580635904,1.1892554895,1.2216447995,1.1892554895,1.2216447995,1.105,1.09,-85.47,1.105373,1.090436,-85.47,22.8876,0.0,3.65,1.125,0.111,0.465,0.0,,,0.0709402565543516
818,818,0_819,0_569,1197.899,16.45875,18.5164,0.0149,3.079422,101.0,101.0,463.0,483.0,463.1988,482.5806,463.1988,482.5806,192.72538469034632,27.806843936174825,1.969,1.703,28.79,0.02986,0.02581,28.94,463.1988,482.5806,192.72538469034632,27.806843936174825,0.99244549654,0.95810169112,0.99244549654,0.95810169112,1.009,0.966,33.24,1.009105,0.9655328,33.24,26.7948,1.0,2.89,1.156,0.135,0.061,0.0,5,5,0_6,0_35,635.5334,35.14457,19.2046,0.0601,403.5119,12.0,14.0,463.0,483.0,463.2406,482.5345,463.2406,482.5345,192.7253709941585,27.80685658471928,0.961,0.938,61.72,0.06722,0.06587,-89.87,463.2406,482.5345,192.7253709941585,27.80685658471928,0.74222224011,0.70696597944,0.74222224011,0.70696597944,0.878,0.824,33.8,0.8779817,0.8236117,33.8,22.838,0.0,2.99,1.025,0.024,0.559,0.0,,,0.06222901252630814
834,834,1_2,1_634,8418.365,62.04829,16.3993,0.008,2.800612,5501.0,5501.0,683.0,350.0,682.591,350.1257,682.591,350.1257,192.6544271027651,27.842423759360177,49.623,32.677,-5.69,0.24406,0.16096,-5.69,682.591,350.1257,192.6544271027651,27.842423759360177,480.42058378,483.64006836,480.42058378,483.64006836,22.054,21.855,-55.81,22.05449,21.85543,-55.81,27.4804,19.0,2.81,1.519,0.341,0.027,1.0,47,47,1_10,1_22,1005.598,40.67337,18.7063,0.0439,402.7759,16.0,19.0,683.0,350.0,682.7081000000001,350.1644,682.7081000000001,350.1644,192.65439018381943,27.842411985933424,1.186,1.0,46.27,0.06008,0.05132,44.09,682.7081000000001,350.1644,192.65439018381943,27.842411985933424,0.824587011,0.85107785413,0.824587011,0.85107785413,0.972,0.855,48.57,0.9717361,0.8552156,48.57,22.8638,0.0,3.51,1.185,0.156,0.85,1.0,,,0.12332923416616291
836,836,1_4,1_530,2180.466,30.04597,17.866,0.015,2.730227,1281.0,1281.0,645.0,283.0,645.2902,283.2094,645.2902,283.2094,192.6657077588144,27.861519193218747,41.175,9.818,-47.79,0.41993,0.09957,-47.32,645.2902,283.2094,192.6657077588144,27.861519193218747,92.768111781,120.91804524,92.768111781,120.91804524,11.0,9.628,-87.08,10.99962,9.627804,-87.08,27.3535,19.0,3.27,4.194,0.762,0.018,1.0,49,49,1_12,1_20,348.8586,26.39804,19.8558,0.0822,402.0176,7.0,8.0,645.0,283.0,645.1214,283.181,645.1214,283.181,192.6657612293613,27.861528462318617,0.827,0.672,-41.01,0.08171,0.06473,-45.08,645.1214,283.181,192.6657612293613,27.861528462318617,0.86691424025,0.74529570937,0.86691424025,0.74529570937,0.932,0.862,-6.51,0.9319423,0.8623767,-6.51,22.8074,0.0,4.14,1.231,0.188,0.504,1.0,,,0.1711724276862749
841,841,1_9,1_289,4428.207,33.63688,17.0968,0.0082,2.712655,890.0,890.0,736.0,102.0,735.8298,102.3606,735.8298,102.3606,192.6352925414544,27.91166137824644,14.289,5.888,-39.68,0.11959,0.04834,-39.8,735.8298,102.3606,192.6352925414544,27.91166137824644,1.6599737303,1.5536881683,1.6599737303,1.5536881683,1.3,1.235,24.96,1.299762,1.234618,24.96,27.3044,3.0,3.28,2.427,0.588,0.03,1.0,61,61,1_24,1_8,2475.4,61.20676,17.7283,0.0269,404.0349,38.0,42.0,736.0,102.0,735.9402,102.6446,735.9402,102.6446,192.6352599066373,27.91158070290355,1.705,1.44,41.28,0.0505,0.042,44.93,735.9402,102.6446,192.6352599066373,27.91158070290355,1.6408583458,1.5936883959,1.6408583458,1.5936883959,1.308,1.234,37.74,1.308192,1.234172,37.74,22.9054,0.0,4.58,1.184,0.155,0.023,1.0,,,0.3047033967647904
860,860,1_28,1_70,2070.167,20.99084,17.9224,0.011,1.421624,147.0,147.0,784.0,11.0,784.4093,10.5878,784.4093,10.5878,192.61901004474967,27.93708081970262,5.626,1.601,56.49,0.07387,0.01765,56.71,784.4093,10.5878,192.61901004474967,27.93708081970262,1.1317741189,1.085016773,1.1317741189,1.085016773,1.079,1.026,32.64,1.079018,1.02592,32.64,25.5038,19.0,3.0,3.514,0.715,0.913,1.0,39,39,1_2,1_3,1060.26,43.27056,18.6489,0.0443,403.0192,21.0,21.0,784.0,11.0,784.3612,10.7598,784.3612,10.7598,192.61902689100447,27.93703284993571,1.236,1.073,48.47,0.06138,0.05324,50.79,784.3612,10.7598,192.61902689100447,27.93703284993571,0.95690307829,0.92495690485,0.95690307829,0.92495690485,1.008,0.93,38.94,1.008442,0.9300023,38.94,22.8587,0.0,3.42,1.152,0.132,0.684,1.0,,,0.17859902015408138
883,883,1_51,1_28,1935.157,20.3213,17.9956,0.0114,1.400829,137.0,137.0,755.0,15.0,755.6188,14.9257,755.6188,14.9257,192.62821682187072,27.936084103983283,2.515,1.768,-46.39,0.03163,0.02005,-44.63,755.6188,14.9257,192.62821682187072,27.936084103983283,1.138623372,1.2337199207,1.138623372,1.2337199207,1.115,1.062,72.5,1.115445,1.062133,72.5,25.4582,16.0,3.34,1.423,0.297,0.933,1.0,38,38,1_1,1_4,963.4021,43.05699,18.7529,0.0485,402.9895,18.0,21.0,755.0,15.0,755.4107,15.3159,755.4107,15.3159,192.6282865502494,27.935976039874976,1.353,0.978,82.9,0.07437,0.04965,82.78,755.4107,15.3159,192.6282865502494,27.935976039874976,0.99359620716,1.1979269372,0.99359620716,1.1979269372,1.098,0.993,79.13,1.098069,0.9928587,79.13,22.8596,0.0,3.64,1.384,0.277,0.78,1.0,,,0.44222352945086013
884,884,1_52,1_27,928.798,15.06621,18.7926,0.0176,1.388837,106.0,106.0,745.0,8.0,744.1125999999999,8.3789,744.1125999999999,8.3789,192.6318229618616,27.93801291198721,3.105,1.772,-57.41,0.05981,0.03053,-57.36,744.1125999999999,8.3789,192.6318229618616,27.93801291198721,1.5825740716,1.6785884211,1.5825740716,1.6785884211,1.319,1.233,57.92,1.319353,1.233073,57.92,25.4617,16.0,4.86,1.753,0.429,0.349,1.0,41,41,1_4,1_1,291.9168,26.34639,20.0493,0.098,402.956,8.0,8.0,744.0,7.0,744.5885000000001,7.714600000000001,744.5885000000001,7.714600000000001,192.63166552603917,27.938195951631613,0.938,0.626,73.2,0.10564,0.07021,72.62,744.5885000000001,7.714600000000001,192.63166552603917,27.938195951631613,0.71025056286,0.9349303027,0.71025056286,0.9349303027,0.987,0.82,69.07,0.9866307,0.8195979,69.07,22.8594,0.0,3.31,1.498,0.332,0.504,1.0,,,0.8171751954141351
930,930,1_98,1_770,690.5876,14.54499,19.1144,0.0229,2.790776,139.0,139.0,599.0,478.0,599.6606,478.4115,599.6606,478.4115,192.68193899374015,27.806989868232616,3.501,2.145,55.97,0.06823,0.04119,55.66,599.6606,478.4115,192.68193899374015,27.806989868232616,1.6634640759,1.8019184455,1.6634640759,1.8019184455,1.343,1.289,81.98,1.343399,1.288666,81.98,26.6101,1.0,5.79,1.633,0.387,0.027,1.0,67,67,1_30,1_28,199.7904,20.7359,20.461,0.1127,403.5551,5.0,5.0,598.0,477.0,598.5838,477.7416,598.5838,477.7416,192.68227565689915,27.80718634972777,0.747,0.453,70.98,0.10409,0.0601,71.56,598.5838,477.7416,192.68227565689915,27.80718634972777,0.52257506353,0.708866896,0.52257506353,0.708866896,0.854,0.709,72.63,0.8538634,0.708773,72.63,22.8612,0.0,3.42,1.647,0.393,0.498,1.0,,,1.2681735882757073
950,950,1_118,1_754,1741.509,19.43854,18.1101,0.0121,2.69267,132.0,132.0,948.0,470.0,947.9269,469.4822,947.9269,469.4822,192.57108068811647,27.80682095842892,2.59,1.581,-66.87,0.03399,0.01785,-65.78,947.9269,469.4822,192.57108068811647,27.80682095842892,0.94875460303,0.98965519267,0.94875460303,0.98965519267,1.01,0.959,57.05,1.009597,0.9587095,57.05,26.4735,0.0,2.93,1.639,0.39,0.606,1.0,43,43,1_6,1_26,1010.955,42.30448,18.7006,0.0454,402.4211,18.0,21.0,948.0,469.0,947.8419,469.8449,947.8419,469.8449,192.5711109986549,27.80671966539269,1.245,1.054,56.96,0.06418,0.05397,54.63,947.8419,469.8449,192.5711109986549,27.80671966539269,0.82475041457,0.89549601055,0.82475041457,0.89549601055,0.973,0.88,57.2,0.9725051,0.8800457,57.2,22.8636,0.0,3.29,1.181,0.153,0.752,1.0,,,0.37252689835771485
978,978,1_146,1_733,39391.28,80.61308,14.7239,0.0022,2.769351,69.0,69.0,808.0,469.0,807.6815,469.3976,807.6815,469.3976,192.6156888957896,27.80793417256287,0.964,0.871,30.22,0.002,0.00181,29.96,807.6815,469.3976,192.6156888957896,27.80793417256287,0.35897451506,0.34387259885,0.35897451506,0.34387259885,0.611,0.574,34.96,0.6110855,0.5739526,34.96,26.9388,0.0,1.76,1.107,0.096,0.982,1.0,42,42,1_5,1_27,35927.56,117.9951,14.8238,0.0036,403.2051,97.0,102.0,808.0,469.0,807.8094,469.793,807.8094,469.793,192.6156517398445,27.8078220313922,1.811,1.65,56.46,0.00843,0.00787,75.72,807.8094,469.793,192.6156517398445,27.8078220313922,0.99567826119,0.98403673504,0.99567826119,0.98403673504,1.031,0.958,42.71,1.030959,0.957517,42.71,22.8777,0.0,3.27,1.098,0.089,0.982,1.0,,,0.4155713777439255
1010,1010,1_178,1_710,7849.243,36.29141,16.4753,0.005,1.408165,37.0,37.0,503.0,460.0,503.1484,460.3766,503.1484,460.3766,192.71248344696812,27.81278736580241,0.991,0.639,87.32,0.00469,0.00307,87.33,503.1484,460.3766,192.71248344696812,27.81278736580241,0.13088347069,0.33305766071,0.13088347069,0.33305766071,0.577,0.362,88.76,0.5771939,0.3616468,88.76,25.3548,24.0,1.91,1.552,0.356,0.973,1.0,44,44,1_7,1_25,11024.71,75.13344,16.1065,0.0074,403.8558,45.0,49.0,502.0,460.0,502.9177,460.6512,502.9177,460.6512,192.71255922396287,27.812711894953093,2.024,0.985,83.1,0.02215,0.01118,80.94,502.9177,460.6512,192.71255922396287,27.812711894953093,0.3589667323,1.1279372217,0.3589667323,1.1279372217,1.064,0.595,85.7,1.064104,0.5954722,85.7,22.8765,24.0,5.32,2.054,0.513,0.983,1.0,,,0.35864697126839257
1110,1110,1_278,1_838,15282.36,50.54597,15.7519,0.0036,1.352633,72.0,72.0,664.0,503.0,664.0272,503.0653,664.0272,503.0653,192.6616812800461,27.79957031543889,1.085,0.97,16.81,0.0037,0.00331,15.69,664.0272,503.0653,192.6616812800461,27.79957031543889,0.44488491854,0.39624382089,0.44488491854,0.39624382089,0.671,0.625,17.16,0.6708279,0.6253948,17.16,25.4554,0.0,1.82,1.119,0.107,0.999,1.0,65,65,1_28,1_30,12934.3,87.8239,15.933,0.0074,402.9514,65.0,70.0,664.0,503.0,664.1614999999999,503.4459,664.1614999999999,503.4459,192.66164191629323,27.79946229391841,1.708,1.545,42.58,0.01585,0.01449,42.44,664.1614999999999,503.4459,192.66164191629323,27.79946229391841,1.0170348176,0.96382880925,1.0170348176,0.96382880925,1.029,0.96,33.51,1.028864,0.9603658,33.51,22.8679,16.0,3.27,1.106,0.096,0.985,1.0,,,0.4035998637264331
1111,1111,1_279,1_634,9215.011,44.8715,16.3012,0.0053,2.685405,1172.0,1172.0,729.0,327.0,729.2102,327.0154,729.2102,327.0154,192.6393886796953,27.84856346612303,15.879,5.4,52.59,0.09471,0.03333,52.8,729.2102,327.0154,192.6393886796953,27.84856346612303,0.5368299217,0.50936965658,0.5368299217,0.50936965658,0.748,0.697,33.98,0.7481303,0.697496,33.98,27.2011,3.0,1.94,2.941,0.66,0.938,1.0,48,48,1_11,1_21,6252.387,71.99527,16.7223,0.0125,402.8672,44.0,53.0,729.0,327.0,729.3312,327.3122,729.3312,327.3122,192.63935280527383,27.84847910504059,1.62,1.4,48.77,0.02447,0.02182,51.94,729.3312,327.3122,192.63935280527383,27.84847910504059,0.92515317605,0.92182339091,0.92515317605,0.92182339091,1.007,0.913,44.47,1.006994,0.9126552,44.47,22.8684,0.0,3.05,1.157,0.136,0.981,1.0,,,0.32051714462725167
1152,1152,1_320,1_602,6128.8,33.50235,16.744,0.0059,2.835447,209.0,209.0,939.0,391.0,939.2176,390.5661,939.2176,390.5661,192.5731389409444,27.829072615783048,3.908,1.368,77.9,0.0291,0.00883,77.69,939.2176,390.5661,192.5731389409444,27.829072615783048,0.61799942377,0.61775862591,0.61799942377,0.61775862591,0.81,0.762,44.91,0.8095018,0.7618825,44.91,27.114,1.0,3.57,2.857,0.65,0.982,1.0,46,46,1_9,1_23,4470.245,63.1409,17.0866,0.0153,403.7795,37.0,42.0,939.0,391.0,939.5046,391.7337,939.5046,391.7337,192.57305816959283,27.828742160849234,1.552,1.304,58.25,0.02872,0.02343,57.45,939.5046,391.7337,192.57305816959283,27.828742160849234,0.8559905189,0.89255121855,0.8559905189,0.89255121855,0.973,0.896,52.33,0.972887,0.8955627,52.33,22.9305,0.0,3.17,1.19,0.159,0.981,1.0,,,1.202355504832079
1224,1224,1_392,1_550,3202.967,38.64633,17.4485,0.0131,2.697748,2428.0,2428.0,746.0,235.0,745.592,235.2458,745.592,235.2458,192.63336221854783,27.87423415783756,28.264,17.535,27.12,0.22632,0.14195,27.83,745.592,235.2458,192.63336221854783,27.87423415783756,387.07434104,367.83693029,387.07434104,367.83693029,20.029,18.809,33.02,20.02868,18.80859,33.02,27.4314,3.0,3.75,1.612,0.38,0.0,1.0,51,51,1_14,1_18,222.3841,22.64018,20.3446,0.1106,403.1099,5.0,6.0,746.0,235.0,745.9768,235.4952,745.9768,235.4952,192.6332419575317,27.87416109315834,0.768,0.5,1.34,0.1068,0.06559,0.08,745.9768,235.4952,192.6332419575317,27.87416109315834,0.52822347555,0.65671595725,0.52822347555,0.65671595725,0.814,0.722,77.7,0.8143283,0.7223634,77.7,22.8638,0.0,2.56,1.536,0.349,0.481,1.0,,,0.4585535955589443
1395,1395,1_563,1_425,57033.68,96.85737,14.3221,0.0018,2.65647,73.0,73.0,642.0,243.0,642.1197999999999,243.1108,642.1197999999999,243.1108,192.6663644240872,27.872815324701712,0.928,0.828,26.1,0.0016,0.00143,25.71,642.1197999999999,243.1108,192.6663644240872,27.872815324701712,0.30937412077,0.27543695807,0.30937412077,0.27543695807,0.561,0.52,19.89,0.560791,0.5199274,19.89,27.0859,0.0,1.57,1.121,0.108,1.0,1.0,50,50,1_13,1_19,53172.41,135.9888,14.3982,0.0028,403.4008,110.0,121.0,642.0,243.0,642.2573,243.5074,642.2573,243.5074,192.66632414502385,27.872702791382792,1.863,1.684,53.01,0.00681,0.00634,59.21,642.2573,243.5074,192.66632414502385,27.872702791382792,0.98980160168,0.97008741192,0.98980160168,0.97008741192,1.027,0.951,41.23,1.027207,0.951175,41.23,22.8596,0.0,3.26,1.106,0.096,0.983,1.0,,,0.41975922860610837
1428,1428,1_596,1_398,4967.721,32.04348,16.972,0.007,2.769248,474.0,474.0,620.0,208.0,620.3159,208.5676,620.3159,208.5676,192.67300130057345,27.88269146889538,6.871,3.785,-7.4,0.05864,0.03178,-7.03,620.3159,208.5676,192.67300130057345,27.88269146889538,0.64595867694,0.60874833724,0.64595867694,0.60874833724,0.82,0.763,32.75,0.8198856,0.7632133,32.75,27.3973,3.0,2.31,1.816,0.449,0.91,1.0,52,52,1_15,1_17,3374.713,59.52132,17.3918,0.0192,403.4239,34.0,37.0,620.0,208.0,620.3928,208.8554,620.3928,208.8554,192.67297934586057,27.882609983062466,1.511,1.255,50.2,0.03406,0.02765,54.67,620.3928,208.8554,192.67297934586057,27.882609983062466,0.92652120445,0.88909189695,0.92652120445,0.88909189695,1.0,0.903,39.16,1.000117,0.9029833,39.16,22.8569,0.0,3.22,1.204,0.169,0.974,1.0,,,0.29789671028728826
1507,1507,1_675,1_339,340984.3,236.5052,12.3806,8.0E-4,2.888672,80.0,80.0,628.0,177.0,627.9818,177.2444,627.9818,177.2444,192.6702864194932,27.891438060247435,0.877,0.767,30.85,6.1E-4,5.3E-4,30.83,627.9818,177.2444,192.6702864194932,27.891438060247435,0.26901283523,0.25792465932,0.26901283523,0.25792465932,0.529,0.497,35.26,0.529232,0.496841,35.26,27.7972,4.0,1.8,1.143,0.125,1.0,1.0,55,55,1_18,1_14,335816.6,270.0441,12.3972,9.0E-4,403.4746,211.0,223.0,628.0,177.0,628.108,177.6415,628.108,177.6415,192.67024972932296,27.891325476023784,1.989,1.78,54.21,0.00224,0.00203,56.41,628.108,177.6415,192.67024972932296,27.891325476023784,1.0342409909,1.0173695604,1.0342409909,1.0173695604,1.055,0.969,42.22,1.054948,0.968863,42.22,22.866,0.0,3.38,1.118,0.105,0.985,1.0,,,0.41667115330914994
1571,1571,1_739,1_296,53474.13,94.82675,14.392,0.0019,3.070418,344.0,344.0,551.0,138.0,550.9745,137.51,550.9745,137.51,192.694454352917,27.903191604395207,2.484,1.277,-21.01,0.00621,0.00285,-21.42,550.9745,137.51,192.694454352917,27.903191604395207,0.37388017621,0.36576516176,0.37388017621,0.36576516176,0.636,0.579,41.66,0.6361488,0.5787573,41.66,27.1971,0.0,2.1,1.945,0.486,0.983,1.0,56,56,1_19,1_13,49375.23,133.7053,14.4786,0.0029,403.3861,113.0,122.0,551.0,138.0,550.8657,137.9793,550.8657,137.9793,192.69449307887052,27.903060507970302,1.863,1.71,65.86,0.00752,0.00668,-78.05,550.8657,137.9793,192.69449307887052,27.903060507970302,0.98677411605,0.97361397623,0.98677411605,0.97361397623,1.037,0.941,43.01,1.036739,0.9410424,43.01,22.8817,0.0,3.27,1.09,0.082,0.983,1.0,,,0.48174674882143503
1591,1591,1_759,1_286,18274.99,55.0422,15.5578,0.0033,2.718736,75.0,75.0,691.0,135.0,690.7538,135.458,690.7538,135.458,192.64993578341551,27.902704446343265,1.04,0.954,37.95,0.00322,0.00297,37.41,690.7538,135.458,192.64993578341551,27.902704446343265,0.38150821374,0.38885582837,0.38150821374,0.38885582837,0.638,0.602,49.77,0.6382536,0.6024918,49.77,27.2575,0.0,1.87,1.09,0.082,0.985,1.0,58,58,1_21,1_11,15648.62,90.38194,15.7262,0.0063,403.5668,67.0,71.0,691.0,136.0,690.8589,135.8114,690.8589,135.8114,192.64990544059452,27.90260430564916,1.702,1.536,56.28,0.01319,0.01228,58.26,690.8589,135.8114,192.64990544059452,27.90260430564916,0.94002474865,0.95249634619,0.94002474865,0.95249634619,1.009,0.935,47.46,1.00947,0.9346076,47.46,22.8779,0.0,3.11,1.108,0.098,0.982,1.0,,,0.36869712502268576
1882,1882,1_1050,1_71,5783.546,31.55823,16.8069,0.0059,2.677412,79.0,79.0,909.0,30.0,908.5881,29.6378,908.5881,29.6378,192.57963755897268,27.9307603785492,1.271,1.154,44.66,0.00729,0.00666,44.32,908.5881,29.6378,192.57963755897268,27.9307603785492,0.54843712043,0.5397777381,0.54843712043,0.5397777381,0.76,0.715,41.29,0.7600169,0.7145553,41.29,26.7774,0.0,2.27,1.101,0.092,0.984,1.0,64,64,1_27,1_5,4432.394,65.52287,17.0958,0.0161,403.3302,40.0,44.0,909.0,30.0,908.7065,29.989,908.7065,29.989,192.5796030150701,27.930660747054016,1.589,1.342,57.67,0.03023,0.02501,56.51,908.7065,29.989,192.5796030150701,27.930660747054016,0.91694902493,0.93751086743,0.91694902493,0.93751086743,1.005,0.919,48.56,1.005068,0.9188575,48.56,22.8727,0.0,3.23,1.184,0.155,0.971,1.0,,,0.3706211003167386
1964,1964,2_1,2_516,483341.1,385.0499,12.0018,9.0E-4,2.096932,97572.0,97572.0,1197.0,407.0,1197.3428,406.2182,1197.3428,406.2182,192.4911702202352,27.822630404833973,162.19,93.982,-62.79,0.15355,0.08755,-63.79,1197.3428,406.2182,192.4911702202352,27.822630404833973,4628.8292959,4502.7775036,4628.8292959,4502.7775036,69.412,65.678,-37.77,69.41229,65.67755,-37.77,25.6335,19.0,3.56,1.726,0.421,0.029,2.0,73,73,2_6,2_26,136132.7,448.8757,13.3775,0.0036,406.1741,1793.0,2072.0,1197.0,407.0,1197.4235,406.9426,1197.4235,406.9426,192.4911512315181,27.822426143317376,10.389,8.253,74.9,0.04443,0.03509,74.61,1197.4235,406.9426,192.4911512315181,27.822426143317376,19.870245208,22.018770446,19.870245208,22.018770446,4.711,4.438,74.51,4.711422,4.437512,74.51,22.9155,0.0,4.75,1.259,0.206,0.029,2.0,,,0.7288812317518111
1965,1965,2_2,2_516,4102.056,35.46301,17.1799,0.0094,3.636292,929.0,929.0,1205.0,91.0,1204.7625,90.7098,1204.7625,90.7098,192.4858984484287,27.911247603920085,8.106,6.277,27.37,0.07426,0.05819,27.89,1204.7625,90.7098,192.4858984484287,27.911247603920085,0.87044863065,0.84256023585,0.87044863065,0.84256023585,0.946,0.904,34.58,0.9464176,0.9040479,34.58,27.6136,3.0,2.39,1.291,0.226,0.616,2.0,89,89,2_22,2_8,2188.264,52.43453,17.8622,0.026,402.0506,27.0,30.0,1205.0,91.0,1204.8013,91.0189,1204.8013,91.0189,192.48588895007916,27.911160423679227,1.345,1.223,56.77,0.04038,0.03698,66.11,1204.8013,91.0189,192.48588895007916,27.911160423679227,0.83602904647,0.82937024683,0.83602904647,0.82937024683,0.943,0.881,43.33,0.9432488,0.8807275,43.33,22.847,0.0,3.06,1.1,0.091,0.962,2.0,,,0.31152568112437123
1966,1966,2_3,2_516,24473.69,86.26004,15.2407,0.0038,1.980245,4701.0,4701.0,1250.0,60.0,1250.3872,59.6815,1250.3872,59.6815,192.4710870690488,27.919600071424696,29.356,18.78,-3.61,0.11975,0.07298,-2.82,1250.3872,59.6815,192.4710870690488,27.919600071424696,929.62780611,597.7997035,929.62780611,597.7997035,30.528,24.402,-4.79,30.52831,24.40184,-4.79,25.5501,19.0,72.88,1.563,0.36,0.027,2.0,92,92,2_25,2_5,4967.959,84.80227,16.972,0.0185,402.5706,71.0,80.0,1250.0,60.0,1250.0856,59.9279,1250.0856,59.9279,192.47118536855064,27.91953326071414,2.586,1.712,-31.24,0.05385,0.03513,-29.77,1250.0856,59.9279,192.47118536855064,27.91953326071414,2.9255993095,2.518498572,2.9255993095,2.518498572,1.798,1.487,-33.24,1.797837,1.487239,-33.24,22.8801,0.0,6.71,1.51,0.338,0.01,2.0,,,0.38945541464956945
1969,1969,2_6,2_82,1082.383,22.18496,18.6265,0.0223,3.708887,296.0,296.0,1047.0,43.0,1046.8524,42.679,1046.8524,42.679,192.53573119087247,27.92600634720829,5.879,5.031,-78.12,0.09419,0.07978,-77.07,1046.8524,42.679,192.53573119087247,27.92600634720829,2.781936458,2.6230851221,2.781936458,2.6230851221,1.686,1.601,27.83,1.686215,1.600531,27.83,26.5366,3.0,4.22,1.169,0.144,0.012,2.0,94,94,2_27,2_3,181.1441,22.69488,20.5673,0.1361,403.7353,5.0,6.0,1047.0,43.0,1047.002,42.504,1047.002,42.504,192.5356819663983,27.926054343853284,0.806,0.5,1.92,0.1128,0.06912,0.1,1047.002,42.504,192.5356819663983,27.926054343853284,1.309936512,1.0621624079,1.309936512,1.0621624079,1.153,1.022,14.72,1.152524,1.021659,14.72,22.9058,0.0,3.74,1.614,0.38,0.355,2.0,,,0.23022849519551378
1987,1987,2_24,2_42,2731.643,23.6077,17.6213,0.0094,1.913592,118.0,118.0,1129.0,17.0,1129.8161,17.3152,1129.8161,17.3152,192.5090839032948,27.93247441992465,2.339,1.46,-0.93,0.02749,0.01421,-1.86,1129.8161,17.3152,192.5090839032948,27.93247441992465,0.83287530426,0.81918152257,0.83287530426,0.81918152257,0.922,0.896,36.42,0.9215451,0.8959975,36.42,25.3025,0.0,3.0,1.602,0.376,0.982,2.0,68,68,2_1,2_1,1617.96,49.56689,18.19,0.0333,402.2957,23.0,27.0,1129.0,17.0,1129.5118,17.5522,1129.5118,17.5522,192.50918296697864,27.932410246196103,1.298,1.192,56.35,0.04813,0.04491,57.78,1129.5118,17.5522,192.50918296697864,27.932410246196103,0.8847897943,0.91016214953,0.8847897943,0.91016214953,0.972,0.922,52.86,0.9717638,0.9222944,52.86,22.8569,0.0,3.28,1.089,0.082,0.922,2.0,,,0.3857038890133291
2151,2151,2_188,2_384,1773.413,25.58529,18.0904,0.0157,2.113443,353.0,353.0,1494.0,429.0,1494.544,429.2007,1494.544,429.2007,192.3968596174031,27.81375795251733,6.479,4.102,50.22,0.0991,0.06149,52.08,1494.544,429.2007,192.3968596174031,27.81375795251733,48.320998691,54.859645157,48.320998691,54.859645157,7.418,6.94,81.13,7.417743,6.939577,81.13,25.2554,19.0,5.74,1.579,0.367,0.088,2.0,76,76,2_9,2_25,238.2674,24.60026,20.2697,0.1121,402.175,6.0,7.0,1494.0,429.0,1493.5767,428.8205,1493.5767,428.8205,192.39716364259277,27.81387277221114,0.86,0.615,11.51,0.11158,0.07691,10.94,1493.5767,428.8205,192.39716364259277,27.81387277221114,0.9353617551,0.73065277216,0.9353617551,0.73065277216,0.971,0.85,10.86,0.971176,0.8501951,10.86,22.8701,0.0,3.49,1.399,0.285,0.501,2.0,,,1.039336966532051
2215,2215,2_252,2_335,2319.718,21.48551,17.7988,0.0101,3.882329,82.0,82.0,1047.0,411.0,1046.7782,411.3345,1046.7782,411.3345,192.53911042984416,27.822389557313635,1.509,1.407,-11.2,0.01526,0.01402,-11.66,1046.7782,411.3345,192.53911042984416,27.822389557313635,0.74488088203,0.7320972383,0.74488088203,0.7320972383,0.863,0.855,11.56,0.8633879,0.8553008,11.56,26.8493,0.0,2.54,1.073,0.068,0.982,2.0,74,74,2_7,2_23,1487.063,46.031,18.2816,0.0336,402.731,23.0,24.0,1047.0,411.0,1046.8159,411.5696,1046.8159,411.5696,192.53910057787988,27.82232317466041,1.259,1.107,69.7,0.05048,0.04111,70.19,1046.8159,411.5696,192.53910057787988,27.82232317466041,0.79596685108,0.81523640035,0.79596685108,0.81523640035,0.903,0.892,81.32,0.9031591,0.8919119,81.32,22.8754,0.0,3.02,1.138,0.121,0.91,2.0,,,0.2381035489025754
2399,2399,2_436,2_179,3361.002,24.48326,17.3962,0.0079,3.627916,87.0,87.0,1134.0,172.0,1133.9283,172.3842,1133.9283,172.3842,192.50919688577764,27.8888605876336,1.399,1.311,35.37,0.01156,0.01094,30.34,1133.9283,172.3842,192.50919688577764,27.8888605876336,0.66996225422,0.6575370583,0.66996225422,0.6575370583,0.835,0.794,39.54,0.8345929,0.7943261,39.54,27.8671,0.0,2.42,1.067,0.063,0.981,2.0,86,86,2_19,2_11,2333.138,53.35699,17.7926,0.0248,402.5262,29.0,31.0,1134.0,172.0,1133.9318,172.6338,1133.9318,172.6338,192.50919806106788,27.88879040853753,1.38,1.227,64.48,0.03976,0.03545,74.12,1133.9318,172.6338,192.50919806106788,27.88879040853753,0.87324658117,0.8771070812,0.87324658117,0.8771070812,0.974,0.896,45.76,0.9737604,0.8956251,45.76,22.8561,0.0,3.11,1.125,0.111,0.961,2.0,,,0.24962453805667376
2464,2464,2_501,2_131,43965.25,85.22316,14.6046,0.0021,3.748087,65.0,65.0,1073.0,111.0,1072.5664,110.6728,1072.5664,110.6728,192.52816431037965,27.9066930413726,0.944,0.846,39.18,0.00186,0.00167,38.83,1072.5664,110.6728,192.52816431037965,27.9066930413726,0.34960135919,0.33257264513,0.34960135919,0.33257264513,0.607,0.561,35.74,0.6065461,0.5606031,35.74,27.0191,0.0,1.78,1.116,0.104,0.982,2.0,88,88,2_21,2_9,40255.73,123.0587,14.7003,0.0033,403.6345,94.0,107.0,1073.0,111.0,1072.6911,111.0753,1072.6911,111.0753,192.52812828569105,27.90657892890631,1.842,1.626,59.69,0.00812,0.00714,66.33,1072.6911,111.0753,192.52812828569105,27.90657892890631,0.94984412379,0.96480194589,0.94984412379,0.96480194589,1.018,0.937,47.71,1.018053,0.9371312,47.71,22.9106,0.0,3.27,1.133,0.117,0.983,2.0,,,0.42137434663256557
2485,2485,2_522,2_111,170924.4,167.5482,13.1304,0.0011,3.85835,67.0,67.0,1133.0,72.0,1132.9666,72.34,1132.9666,72.34,192.5085854483275,27.91698537140936,0.849,0.77,53.19,8.4E-4,7.6E-4,53.53,1132.9666,72.34,192.5085854483275,27.91698537140936,0.22925326474,0.27529582934,0.22925326474,0.27529582934,0.528,0.475,75.67,0.5277392,0.4754372,75.67,27.5547,0.0,1.43,1.102,0.093,1.0,2.0,90,90,2_23,2_7,165645.7,202.4655,13.1645,0.0013,403.1627,163.0,172.0,1133.0,72.0,1133.0749,72.7492,1133.0749,72.7492,192.508554723068,27.916869505353485,1.941,1.717,62.71,0.00338,0.00302,60.49,1133.0749,72.7492,192.508554723068,27.916869505353485,0.93585204215,0.9729611663,0.93585204215,0.9729611663,1.016,0.937,51.98,1.015562,0.9367217,51.98,22.8947,0.0,3.22,1.13,0.115,0.988,2.0,,,0.4232889438669763
2545,2545,2_582,2_517,5875.762,32.92796,16.7897,0.0061,1.911404,141.0,141.0,1232.0,497.0,1231.5391,497.181,1231.5391,497.181,192.48113437746755,27.796787915322547,2.029,1.364,-45.23,0.01618,0.00917,-44.64,1231.5391,497.181,192.48113437746755,27.796787915322547,0.58355720522,0.55599687943,0.58355720522,0.55599687943,0.769,0.74,25.59,0.76926,0.7401304,25.59,25.3865,0.0,2.35,1.487,0.328,0.973,2.0,70,70,2_3,2_31,4200.563,63.90427,17.1541,0.0165,403.6114,38.0,45.0,1232.0,497.0,1231.8136,497.2756,1231.8136,497.2756,192.48104795974567,27.796759120842705,1.532,1.367,61.94,0.03178,0.02684,66.06,1231.8136,497.2756,192.48104795974567,27.796759120842705,0.89516821308,0.89528128273,0.89516821308,0.89528128273,0.971,0.92,45.03,0.9713565,0.9202805,45.03,22.9002,0.0,3.06,1.121,0.108,0.978,2.0,,,0.29034360678340526
2596,2596,2_633,2_508,7141.106,35.19609,16.578,0.0054,1.756583,86.0,86.0,1102.0,502.0,1102.0767,502.0724,1102.0767,502.0724,192.5223502409054,27.796445880474696,1.266,1.113,-2.79,0.00762,0.00591,-8.26,1102.0767,502.0724,192.5223502409054,27.796445880474696,0.48008691914,0.46967553715,0.48008691914,0.46967553715,0.7,0.678,34.89,0.6999617,0.6780974,34.89,25.3907,0.0,1.91,1.137,0.121,0.979,2.0,69,69,2_2,2_32,5439.764,67.51524,16.8735,0.0135,404.107,41.0,47.0,1102.0,502.0,1102.1911,502.4363,1102.1911,502.4363,192.5223171883742,27.796342681102928,1.549,1.372,67.27,0.02578,0.02255,75.56,1102.1911,502.4363,192.5223171883742,27.796342681102928,0.86006120772,0.88592949336,0.86006120772,0.88592949336,0.959,0.909,53.01,0.9590976,0.9089128,53.01,22.8803,16.0,3.06,1.128,0.114,0.982,2.0,,,0.3814584774257681
2632,2632,3_1,3_552,102358.4,183.4904,13.6871,0.0019,1.451384,34205.0,34205.0,1975.0,336.0,1974.1078,336.1859,1974.1078,336.1859,192.2434486788609,27.83586488530696,243.709,71.76,25.5,0.4573,0.13335,25.4,1974.1078,336.1859,192.2434486788609,27.83586488530696,17216.13767,14568.451916,17216.13767,14568.451916,131.955,119.885,14.71,131.9552,119.8849,14.71,25.6992,19.0,504.4,3.396,0.706,0.001,3.0,109,109,3_14,3_22,7296.396,109.1831,16.5546,0.0163,402.0369,121.0,133.0,1974.0,336.0,1974.2436,336.5808,1974.2436,336.5808,192.2434093828761,27.835752741991488,3.413,2.267,-7.25,0.05866,0.03959,-7.84,1974.2436,336.5808,192.2434093828761,27.835752741991488,6.9929415643,4.6600987117,6.9929415643,4.6600987117,2.65,2.152,-6.3,2.64985,2.152054,-6.3,22.8801,0.0,9.57,1.506,0.336,0.001,3.0,,,0.4175974736513743
2655,2655,3_24,3_86,1576.465,22.23909,18.2182,0.0153,1.503504,244.0,244.0,1564.0,24.0,1564.0335,23.8294,1564.0335,23.8294,192.370900643102,27.927106342284123,4.553,3.829,-13.29,0.0642,0.05454,-9.66,1564.0335,23.8294,192.370900643102,27.927106342284123,22.154278479,20.261131117,22.154278479,20.261131117,4.796,4.406,-29.06,4.795856,4.406265,-29.06,25.3156,19.0,4.46,1.189,0.159,0.03,3.0,127,127,3_32,3_4,244.2652,25.25121,20.2428,0.1123,401.9869,7.0,7.0,1564.0,24.0,1563.6837,24.0016,1563.6837,24.0016,192.3710136425285,27.927060859709087,0.745,0.676,-88.16,0.09093,0.08417,-89.84,1563.6837,24.0016,192.3710136425285,27.927060859709087,1.5652734188,1.6630878341,1.5652734188,1.6630878341,1.291,1.249,77.76,1.291478,1.249179,77.76,22.8438,0.0,4.2,1.102,0.093,0.534,3.0,,,0.38988829169387934
2678,2678,3_47,3_23,2169.298,20.46203,17.8716,0.0102,1.545953,72.0,72.0,1679.0,12.0,1679.178,11.8029,1679.178,11.8029,192.334129691718,27.92952427244565,1.455,1.364,21.48,0.01448,0.01357,15.75,1679.178,11.8029,192.334129691718,27.92952427244565,0.77647877385,0.75742520084,0.77647877385,0.75742520084,0.891,0.86,34.74,0.8911341,0.860107,34.74,25.3305,0.0,2.58,1.067,0.063,0.984,3.0,96,96,3_1,3_3,1280.656,43.73361,18.4438,0.0371,401.3174,20.0,22.0,1679.0,12.0,1679.1465,11.9582,1679.1465,11.9582,192.3341412159521,27.92948089881778,1.199,1.082,46.69,0.05045,0.0458,46.29,1679.1465,11.9582,192.3341412159521,27.92948089881778,0.73242060198,0.72752561625,0.73242060198,0.72752561625,0.875,0.833,43.07,0.8754392,0.8327979,43.07,22.8831,0.0,2.85,1.107,0.097,0.894,3.0,,,0.15846242456810808
2764,2764,3_133,3_693,944.5897,15.46231,18.7743,0.0178,3.17397,106.0,106.0,1966.0,472.0,1965.9767,472.1136,1965.9767,472.1136,192.2473727549966,27.79773470005704,2.093,1.872,8.12,0.03343,0.02941,0.14,1965.9767,472.1136,192.2473727549966,27.79773470005704,1.160617859,1.1518257512,1.160617859,1.1518257512,1.113,1.036,43.49,1.113353,1.035804,43.49,26.8342,1.0,3.42,1.118,0.106,0.04,3.0,100,100,3_5,3_31,400.5992,28.22992,19.7056,0.0765,401.045,8.0,9.0,1966.0,472.0,1966.0766,471.6758,1966.0766,471.6758,192.24733668754703,27.797856882149613,0.9,0.68,65.32,0.08061,0.05826,69.44,1966.0766,471.6758,192.24733668754703,27.797856882149613,0.63105401712,0.68698333485,0.63105401712,0.68698333485,0.885,0.731,51.52,0.8848442,0.7314971,51.52,22.8402,0.0,2.63,1.324,0.245,0.496,3.0,,,0.44905328191659605
2914,2914,3_283,3_584,471108.7,277.9713,12.0296,6.0E-4,3.13353,78.0,78.0,1853.0,413.0,1852.9168,412.9932,1852.9168,412.9932,192.28274124085567,27.81531552897059,0.815,0.722,67.47,4.8E-4,4.3E-4,67.53,1852.9168,412.9932,192.28274124085567,27.81531552897059,0.17369255315,0.19597343697,0.17369255315,0.19597343697,0.445,0.415,75.13,0.4445945,0.4147309,75.13,28.7119,4.0,0.0,1.129,0.114,1.0,3.0,102,102,3_7,3_29,466941.6,311.9424,12.0392,7.0E-4,402.1264,249.0,262.0,1853.0,413.0,1853.0165,413.3982,1853.0165,413.3982,192.28271348664427,27.815200860531466,2.003,1.767,67.41,0.00187,0.00172,64.47,1853.0165,413.3982,192.28271348664427,27.815200860531466,0.90102815496,0.99730630421,0.90102815496,0.99730630421,1.019,0.927,61.15,1.019434,0.9268703,61.15,22.8943,0.0,3.28,1.134,0.118,0.995,3.0,,,0.41709122503353485
2952,2952,3_321,3_552,64601.19,103.8234,14.1868,0.0017,2.933726,297.0,297.0,1951.0,369.0,1951.3479,368.645,1951.3479,368.645,192.2510063855381,27.82693845088277,1.68,1.028,44.44,0.00342,0.00191,46.18,1951.3479,368.645,192.2510063855381,27.82693845088277,0.31474111497,0.34359555422,0.31474111497,0.34359555422,0.597,0.549,60.91,0.5971062,0.5493641,60.91,27.0871,2.0,1.69,1.634,0.388,0.973,3.0,107,107,3_12,3_24,60237.2,143.615,14.2627,0.0026,401.7921,122.0,132.0,1951.0,369.0,1951.4263,369.063,1951.4263,369.063,192.25098556491585,27.82682030854386,1.91,1.681,61.63,0.00673,0.00597,42.22,1951.4263,369.063,192.25098556491585,27.82682030854386,0.89180913463,0.9902827166,0.89180913463,0.9902827166,1.014,0.924,62.13,1.014145,0.9239053,62.13,22.8664,0.0,3.21,1.137,0.12,0.985,3.0,,,0.42528879599634556
2979,2979,3_348,3_531,1380.859,20.08072,18.362,0.0158,2.75432,391.0,391.0,1673.0,337.0,1672.8893,337.3275,1672.8893,337.3275,192.33926229192184,27.83809902839349,8.152,3.113,-38.49,0.1184,0.04371,-38.82,1672.8893,337.3275,192.33926229192184,27.83809902839349,1.3363561256,1.3123536662,1.3363561256,1.3123536662,1.176,1.125,39.18,1.17636,1.124672,39.18,27.3136,3.0,3.02,2.619,0.618,0.031,3.0,110,110,3_15,3_21,548.9166,33.18906,19.3636,0.0657,402.8244,12.0,13.0,1673.0,337.0,1672.6891,337.5386,1672.6891,337.5386,192.33932799712665,27.838041376188013,1.007,0.851,45.43,0.07404,0.06344,45.07,1672.6891,337.5386,192.33932799712665,27.838041376188013,0.74897843968,0.71782657216,0.74897843968,0.71782657216,0.909,0.8,40.18,0.9090781,0.8002387,40.18,22.9259,0.0,3.29,1.184,0.155,0.539,3.0,,,0.2909351302266416
3047,3047,3_416,3_474,68666.11,106.3253,14.1206,0.0017,1.48046,63.0,63.0,1523.0,320.0,1523.2518,319.9239,1523.2518,319.9239,192.3866938110199,27.84423416621634,0.9,0.793,47.65,0.0014,0.00124,47.69,1523.2518,319.9239,192.3866938110199,27.84423416621634,0.2886113013,0.26735200684,0.2886113013,0.26735200684,0.547,0.507,30.14,0.5471913,0.5065027,30.14,25.3985,0.0,1.53,1.135,0.119,0.987,3.0,111,111,3_16,3_20,64285.79,142.0994,14.1921,0.0024,402.1009,115.0,126.0,1523.0,320.0,1523.3578,320.3377,1523.3578,320.3377,192.3866640166941,27.84411699342382,1.89,1.643,60.62,0.00608,0.00537,61.05,1523.3578,320.3377,192.3866640166941,27.84411699342382,0.92308307755,0.96847156321,0.92308307755,0.96847156321,1.019,0.924,52.14,1.018734,0.9239787,52.14,22.8903,0.0,3.22,1.15,0.13,0.985,3.0,,,0.4271609064509331
3089,3089,3_458,3_442,2179.065,24.46897,17.8667,0.0122,2.748825,521.0,521.0,1810.0,295.0,1809.68,294.4094,1809.68,294.4094,192.29533747543937,27.84900846206476,15.942,4.729,-17.48,0.18572,0.05447,-17.52,1809.68,294.4094,192.29533747543937,27.84900846206476,0.65903472865,0.6824667983,0.65903472865,0.6824667983,0.839,0.798,55.34,0.8390056,0.7984805,55.34,27.218,3.0,2.7,3.371,0.703,0.065,3.0,112,112,3_17,3_19,1017.995,40.6661,18.693,0.0434,402.5918,16.0,19.0,1810.0,295.0,1809.6967,294.7028,1809.6967,294.7028,192.2953350160645,27.84892586732731,1.227,0.958,62.72,0.06076,0.04733,65.05,1809.6967,294.7028,192.2953350160645,27.84892586732731,0.70376702164,0.78402523269,0.70376702164,0.78402523269,0.919,0.802,56.73,0.9190885,0.8019155,56.73,22.906,0.0,3.12,1.281,0.219,0.834,3.0,,,0.29387488834537767
3090,3090,3_459,3_442,1969.525,20.2358,17.9765,0.0112,2.62915,188.0,188.0,1797.0,269.0,1797.0676,269.3946,1797.0676,269.3946,192.29910634731775,27.8561450824002,4.186,1.802,30.85,0.05477,0.02095,30.26,1797.0676,269.3946,192.29910634731775,27.8561450824002,0.94205151039,0.91826858712,0.94205151039,0.91826858712,0.978,0.95,32.0,0.9784092,0.9502819,32.0,26.9526,3.0,2.76,2.323,0.57,0.647,3.0,114,114,3_19,3_17,1132.711,44.49078,18.5771,0.0427,402.2683,20.0,23.0,1797.0,269.0,1797.072,269.5634,1797.072,269.5634,192.2991065873976,27.856097608305816,1.249,1.116,70.39,0.06046,0.05316,74.88,1797.072,269.5634,192.2991065873976,27.856097608305816,0.88336486928,0.91233917475,0.88336486928,0.91233917475,0.973,0.922,53.75,0.9726351,0.9217836,53.75,22.8911,0.0,3.42,1.119,0.107,0.852,3.0,,,0.16885733623384627
3253,3253,3_622,3_325,2812.659,23.31178,17.5896,0.009,2.732715,178.0,178.0,1874.0,199.0,1873.5803,198.4767,1873.5803,198.4767,192.27407355978332,27.87542409847952,2.708,1.451,18.99,0.02883,0.01308,18.18,1873.5803,198.4767,192.27407355978332,27.87542409847952,0.75950198818,0.80207571615,0.75950198818,0.80207571615,0.911,0.855,57.66,0.9113487,0.8549978,57.66,27.1442,0.0,2.75,1.867,0.464,0.819,3.0,118,118,3_23,3_13,1788.716,49.20217,18.0811,0.0299,401.5367,24.0,27.0,1874.0,199.0,1873.9601,198.793,1873.9601,198.793,192.2739558176891,27.87533197638253,1.376,1.111,68.8,0.04806,0.03767,74.51,1873.9601,198.793,192.2739558176891,27.87533197638253,0.77941071784,0.89606142984,0.77941071784,0.89606142984,0.968,0.859,62.99,0.9679888,0.8593426,62.99,22.8598,0.0,3.19,1.239,0.193,0.934,3.0,,,0.49426079148558427
3299,3299,3_668,3_289,96356.41,125.8159,13.7527,0.0014,2.888983,70.0,70.0,1636.0,154.0,1635.7282,154.2088,1635.7282,154.2088,192.3493277322985,27.88987137030447,0.873,0.784,53.14,0.00115,0.00103,53.26,1635.7282,154.2088,192.3493277322985,27.88987137030447,0.28361082656,0.26907003226,0.28361082656,0.26907003226,0.542,0.509,32.86,0.542239,0.5085841,32.86,27.2005,0.0,1.45,1.113,0.102,0.998,3.0,120,120,3_25,3_11,91720.29,161.6328,13.8062,0.0019,402.0334,127.0,141.0,1636.0,154.0,1635.8403,154.6214,1635.8403,154.6214,192.34929601461505,27.88975448642896,1.908,1.674,64.47,0.00481,0.00433,61.32,1635.8403,154.6214,192.34929601461505,27.88975448642896,0.91702687985,0.98061979934,0.91702687985,0.98061979934,1.017,0.929,55.81,1.017416,0.9287148,55.81,22.8864,0.0,3.24,1.139,0.122,0.99,3.0,,,0.42755721254588885
3324,3324,3_693,3_269,53666.94,94.01005,14.3881,0.0019,2.852947,74.0,74.0,1917.0,137.0,1916.5001,136.9115,1916.5001,136.9115,192.2598133081122,27.89235742578349,0.927,0.837,58.41,0.00164,0.00149,58.7,1916.5001,136.9115,192.2598133081122,27.89235742578349,0.33203389828,0.29307541047,0.33203389828,0.29307541047,0.582,0.535,21.45,0.5823649,0.5347528,21.45,27.0886,0.0,1.63,1.107,0.097,1.0,3.0,121,121,3_26,3_10,49932.4,131.366,14.4664,0.0029,402.4805,111.0,116.0,1916.0,137.0,1916.6055,137.3352,1916.6055,137.3352,192.25978393371497,27.892237464253444,1.884,1.652,67.62,0.00713,0.00634,70.81,1916.6055,137.3352,192.25978393371497,27.892237464253444,0.92005040235,1.0100540529,0.92005040235,1.0100540529,1.026,0.937,60.39,1.026163,0.9365325,60.39,22.92,0.0,3.23,1.141,0.123,0.983,3.0,,,0.436612929263415
3341,3341,3_710,3_787,4363.42,27.75759,17.1128,0.0069,1.530094,76.0,76.0,1708.0,503.0,1707.6634,502.6835,1707.6634,502.6835,192.32979423624727,27.79133446222043,1.268,1.236,34.73,0.00854,0.00841,23.48,1707.6634,502.6835,192.32979423624727,27.79133446222043,0.58486227355,0.58184644552,0.58486227355,0.58184644552,0.776,0.751,42.68,0.7758707,0.7514874,42.68,25.4323,16.0,2.29,1.026,0.025,0.983,3.0,128,128,3_33,3_34,3032.59,56.83001,17.5079,0.0204,401.9185,30.0,35.0,1708.0,503.0,1707.7514,502.94,1707.7514,502.94,192.3297687275613,27.7912616327738,1.395,1.283,72.65,0.03299,0.03029,87.88,1707.7514,502.94,192.3297687275613,27.7912616327738,0.82760268847,0.86608721185,0.82760268847,0.86608721185,0.947,0.893,56.29,0.9470777,0.8925995,56.29,22.8779,16.0,3.05,1.087,0.08,0.971,3.0,1,2,0.27117568106311185
3396,3396,3_765,3_224,11279.93,43.4162,16.0816,0.0042,2.780671,75.0,75.0,1787.0,114.0,1786.899,114.1591,1786.899,114.1591,192.30083338223517,27.89985439289841,1.096,1.02,47.53,0.00439,0.0041,51.58,1786.899,114.1591,192.30083338223517,27.89985439289841,0.42289210219,0.41831063681,0.42289210219,0.41831063681,0.662,0.635,41.24,0.6618922,0.6349027,41.24,27.081,0.0,1.83,1.074,0.069,0.988,3.0,122,122,3_27,3_9,9359.779,78.24081,16.2842,0.0091,400.8573,53.0,59.0,1787.0,114.0,1787.0288,114.5164,1787.0288,114.5164,192.30079554709383,27.89975289184824,1.665,1.451,64.99,0.01908,0.01616,71.77,1787.0288,114.5164,192.30079554709383,27.89975289184824,0.92766958513,0.96080834899,0.92766958513,0.96080834899,1.006,0.937,52.17,1.005559,0.9366586,52.17,22.8375,0.0,3.05,1.147,0.128,0.982,3.0,,,0.38014645861831725
3556,3556,3_925,3_780,2135.091,26.54597,17.8889,0.0135,1.521824,532.0,532.0,1725.0,488.0,1724.817,488.0495,1724.817,488.0495,192.3241995497048,27.79530350365246,15.732,4.759,13.64,0.20162,0.06062,13.46,1724.817,488.0495,192.3241995497048,27.79530350365246,235.0059449,35.146044978,235.0059449,35.146044978,15.732,4.759,13.64,15.73234,4.758711,13.64,25.5166,19.0,4.82,3.306,0.698,0.024,3.0,129,129,3_34,3_33,150.0828,22.21595,20.7716,0.1608,401.947,3.0,6.0,1725.0,488.0,1725.1617,487.8286,1725.1617,487.8286,192.32408782658752,27.79536269377731,0.78,0.574,-45.09,0.12198,0.09008,-45.0,1725.1617,487.8286,192.32408782658752,27.79536269377731,1.6020181148,1.3896939416,1.6020181148,1.3896939416,1.267,1.178,-6.32,1.266751,1.177732,-6.32,22.8791,0.0,3.95,1.358,0.264,0.483,3.0,,,0.40940798722067384
3674,3674,3_1043,3_750,22250.35,71.78818,15.3441,0.0035,1.507473,2240.0,2240.0,1858.0,477.0,1858.237,476.842,1858.237,476.842,192.2816721508956,27.79732603720641,17.005,11.753,-1.68,0.06692,0.04601,1.2,1858.237,476.842,192.2816721508956,27.79732603720641,2.6001045933,3.169018568,2.6001045933,3.169018568,1.78,1.612,-89.56,1.780183,1.612473,-89.56,25.6056,19.0,2.98,1.447,0.309,0.844,3.0,99,99,3_4,3_32,13846.43,112.8002,15.8591,0.0088,401.9726,123.0,133.0,1858.0,477.0,1858.2947,477.1998,1858.2947,477.1998,192.28165729476777,27.79722498817481,2.541,2.189,84.59,0.02757,0.02363,85.42,1858.2947,477.1998,192.28165729476777,27.79722498817481,2.0753853937,2.3543906915,2.0753853937,2.3543906915,1.539,1.436,77.72,1.538921,1.435792,77.72,22.895,0.0,4.41,1.16,0.138,0.029,3.0,,,0.3624225848370653
3675,3675,3_1044,3_750,1624.149,26.4581,18.1858,0.0177,3.011301,604.0,604.0,1912.0,418.0,1911.6922,417.6456,1911.6922,417.6456,192.2640974920465,27.813507144015077,13.849,5.723,84.2,0.15815,0.06639,85.49,1911.6922,417.6456,192.2640974920465,27.813507144015077,1.0607959229,1.0281581968,1.0607959229,1.0281581968,1.032,1.012,16.74,1.031523,1.01238,16.74,26.9416,3.0,3.04,2.42,0.587,0.024,3.0,103,103,3_8,3_28,351.2711,28.15994,19.8483,0.0871,402.1274,8.0,9.0,1912.0,418.0,1911.9496,417.9514,1911.9496,417.9514,192.2640186424969,27.81341900372314,0.797,0.748,43.74,0.07699,0.07645,43.87,1911.9496,417.9514,192.2640186424969,27.81341900372314,0.621645442,0.61478710729,0.621645442,0.61478710729,0.836,0.733,43.78,0.8358139,0.733381,43.78,22.8793,0.0,2.71,1.066,0.061,0.505,3.0,,,0.39971039516125395
3679,3679,3_1048,3_750,2060.73,29.20742,17.9274,0.0154,2.815097,1135.0,1135.0,1797.0,378.0,1797.1797,377.9453,1797.1797,377.9453,192.30012472831177,27.8256380002757,17.578,9.359,-69.56,0.17051,0.09675,-69.45,1797.1797,377.9453,192.30012472831177,27.8256380002757,5.9654310243,6.5104639929,5.9654310243,6.5104639929,2.555,2.439,80.48,2.554653,2.439189,80.48,27.4494,3.0,61.19,1.878,0.468,0.003,3.0,106,106,3_11,3_25,259.0388,24.45333,20.179,0.1025,402.4003,7.0,7.0,1797.0,378.0,1797.271,377.9847,1797.271,377.9847,192.300096075632,27.82562615496812,0.73,0.679,-86.1,0.08959,0.08296,-89.95,1797.271,377.9847,192.300096075632,27.82562615496812,0.64139390084,0.65242445317,0.64139390084,0.65242445317,0.816,0.792,-53.11,0.8164852,0.7919409,-53.11,22.8894,0.0,4.17,1.076,0.071,0.454,3.0,,,0.09943867456884442
3701,3701,4_10,4_81,4830.177,30.69008,17.0025,0.0069,2.176554,155.0,155.0,2194.0,34.0,2193.6873,33.1788,2193.6873,33.1788,192.17056684264224,27.919102131362624,2.651,1.37,-78.2,0.02281,0.00974,-77.32,2193.6873,33.1788,192.17056684264224,27.919102131362624,0.67123970972,0.65872867939,0.67123970972,0.65872867939,0.844,0.786,41.2,0.8439618,0.7859369,41.2,25.2952,0.0,3.05,1.935,0.483,0.974,4.0,158,158,4_29,4_5,3258.137,60.21894,17.43,0.0201,400.9231,34.0,39.0,2194.0,34.0,2193.6457,33.9401,2193.6457,33.9401,192.1705877678376,27.918888593833216,1.502,1.281,57.81,0.03566,0.02986,66.07,2193.6457,33.9401,192.1705877678376,27.918888593833216,0.84993068115,0.86367590729,0.84993068115,0.86367590729,0.975,0.873,47.08,0.9754273,0.8730109,47.08,22.8589,0.0,3.11,1.172,0.147,0.973,4.0,,,0.7624357349967269
3727,3727,4_36,4_38,1859.143,18.93437,18.0391,0.0111,2.375739,35.0,35.0,2518.0,17.0,2517.3444,17.3621,2517.3444,17.3621,192.06738943873737,27.92066895248983,1.051,0.863,88.61,0.01119,0.0093,88.45,2517.3444,17.3621,192.06738943873737,27.92066895248983,0.3174899304,0.39200089894,0.3174899304,0.39200089894,0.626,0.563,86.04,0.6263867,0.5631434,86.04,25.0211,24.0,2.24,1.218,0.179,0.997,4.0,130,130,4_1,4_3,2427.702,47.51597,17.7494,0.0213,401.4873,22.0,24.0,2518.0,17.0,2518.0713,17.6554,2518.0713,17.6554,192.06716112335928,27.92058000104309,1.461,0.863,87.51,0.0425,0.02337,86.83,2518.0713,17.6554,192.06716112335928,27.92058000104309,0.42715462484,0.6949482132,0.42715462484,0.6949482132,0.835,0.651,83.93,0.835468,0.6512266,83.93,22.8825,24.0,3.33,1.694,0.41,0.976,4.0,2,2,0.7838421397195773
3745,3745,4_54,4_14,7590.996,37.14891,16.5117,0.0053,2.347694,104.0,104.0,2360.0,7.0,2359.5895,7.327,2359.5895,7.327,192.11749861160067,27.92490024756573,2.098,1.115,-7.0,0.01422,0.00566,-8.1,2359.5895,7.327,192.11749861160067,27.92490024756573,0.46857449731,0.48334506288,0.46857449731,0.48334506288,0.714,0.665,51.44,0.7135222,0.6654364,51.44,25.1181,16.0,2.17,1.882,0.469,0.973,4.0,131,131,4_2,4_2,5721.595,69.05246,16.8186,0.0131,401.2282,43.0,47.0,2360.0,7.0,2359.933,7.5823,2359.933,7.5823,192.11739189317936,27.92482546363641,1.563,1.348,62.9,0.02357,0.02136,79.11,2359.933,7.5823,192.11739189317936,27.92482546363641,0.82072838869,0.88929693981,0.82072838869,0.88929693981,0.977,0.87,55.17,0.9765428,0.8697065,55.17,22.8552,16.0,3.12,1.16,0.138,0.982,4.0,,,0.42798404175852756
3757,3757,4_66,4_377,26480.2,66.14173,15.1551,0.0027,4.339421,24.0,24.0,2409.0,486.0,2408.9769,486.0138,2408.9769,486.0138,192.10668596914408,27.789953076958025,0.46,0.429,86.02,0.00117,0.00109,86.22,2408.9769,486.0138,192.10668596914408,27.789953076958025,0.094282764228,0.09603989091,0.094282764228,0.09603989091,0.31,0.307,89.76,0.3099031,0.3070549,89.76,26.6955,2.0,0.0,1.072,0.067,0.971,4.0,136,136,4_7,4_30,18119.08,70.83655,15.5671,0.0042,412.145,17.0,22.0,2409.0,486.0,2408.9996,486.0482,2408.9996,486.0482,192.10667910471065,27.789943207520352,0.844,0.745,-82.53,0.00419,0.00362,-53.24,2408.9996,486.0482,192.10667910471065,27.789943207520352,0.083793934573,0.088037801231,0.083793934573,0.088037801231,0.297,0.289,-89.82,0.2967117,0.2894717,-89.82,23.2225,3.0,4.71,1.132,0.117,0.999,4.0,,,0.04121468185003643
3758,3758,4_67,4_377,96713.77,142.5631,13.7487,0.0016,3.999235,7202.0,7202.0,2417.0,364.0,2417.1491,364.0601,2417.1491,364.0601,192.10284121880585,27.824150916470387,18.01,12.088,77.16,0.03525,0.02368,76.4,2417.1491,364.0601,192.10284121880585,27.824150916470387,0.29948435846,0.29536877064,0.29948435846,0.29536877064,0.563,0.528,41.89,0.5625054,0.5276749,41.89,99.0,19.0,1.46,1.49,0.329,0.94,4.0,139,139,4_10,4_24,82323.8,155.0304,13.9236,0.002,402.1702,130.0,136.0,2417.0,364.0,2417.2614,364.5,2417.2614,364.5,192.102810013102,27.824026299385583,1.917,1.686,66.44,0.00519,0.00459,73.75,2417.2614,364.5,192.102810013102,27.824026299385583,0.93330896924,0.9909389103,0.93330896924,0.9909389103,1.027,0.933,54.08,1.026936,0.9325503,54.08,22.9182,0.0,3.33,1.137,0.12,0.984,4.0,,,0.45400803957636043
3759,3759,4_68,4_377,2173896.0,661.7029,10.3693,3.0E-4,2.046186,119235.0,119235.0,2406.0,509.0,2409.2278,507.6442,2409.2278,507.6442,192.10682700839445,27.78387221806309,130.194,52.974,61.51,0.05599,0.02266,61.33,2409.2278,507.6442,192.10682700839445,27.78387221806309,7.9856695167,4.5230221601,7.9856695167,4.5230221601,2.826,2.127,-0.6,2.825959,2.126651,-0.6,25.6289,31.0,498.58,2.458,0.593,0.961,4.0,134,134,4_5,4_30,1737051.0,595.2513,10.6129,4.0E-4,405.0047,688.0,719.0,2406.0,509.0,2409.3179,507.7008,2409.3179,507.7008,192.1067989477412,27.78385550918736,3.804,2.826,0.03,0.00208,0.00141,-0.71,2409.3179,507.7008,192.1067989477412,27.78385550918736,6.5545817796,3.9663712473,6.5545817796,3.9663712473,2.56,1.991,-0.78,2.560284,1.991456,-0.78,22.785,30.0,19.67,1.346,0.257,0.892,4.0,,,0.10640286650265149
3760,3760,4_69,4_377,65871.18,104.1579,14.1657,0.0017,2.061004,34.0,34.0,2409.0,493.0,2408.7742,492.9433,2408.7742,492.9433,192.106821139094,27.788007545399903,0.749,0.6,-31.84,0.00119,9.5E-4,-31.82,2408.7742,492.9433,192.106821139094,27.788007545399903,0.20658625486,0.11767143217,0.20658625486,0.11767143217,0.456,0.341,-7.57,0.4562734,0.3406938,-7.57,25.0439,2.0,1.43,1.247,0.198,0.972,4.0,135,135,4_6,4_30,61259.86,137.6497,14.2445,0.0024,404.4585,88.0,94.0,2408.0,493.0,2408.8169,493.025,2408.8169,493.025,192.106808400322,27.78798420537313,1.642,1.386,-62.21,0.00551,0.00405,-11.53,2408.8169,493.025,192.106808400322,27.78798420537313,0.51035502508,0.37734375419,0.51035502508,0.37734375419,0.766,0.549,-31.14,0.7660267,0.5485452,-31.14,22.7806,3.0,2.92,1.185,0.156,1.0,4.0,,,0.09218557370863378
3815,3815,4_124,4_289,24152.55,63.28905,15.255,0.0028,3.848511,71.0,71.0,2212.0,448.0,2212.0909,447.7745,2212.0909,447.7745,192.16888702901105,27.802439724511192,0.99,0.897,50.5,0.00267,0.00244,51.85,2212.0909,447.7745,192.16888702901105,27.802439724511192,0.33700081126,0.36109149453,0.33700081126,0.36109149453,0.61,0.571,60.39,0.6103958,0.5705342,60.39,27.854,0.0,1.66,1.104,0.094,0.994,4.0,133,133,4_4,4_27,21534.26,100.0818,15.3796,0.005,401.1964,79.0,84.0,2212.0,448.0,2212.206,448.2023,2212.206,448.2023,192.16885473496308,27.80231849272534,1.798,1.577,58.62,0.0117,0.0103,49.24,2212.206,448.2023,192.16885473496308,27.80231849272534,0.91853472111,0.96838793738,0.91853472111,0.96838793738,1.014,0.927,53.53,1.014091,0.9265757,53.53,22.8731,0.0,3.24,1.14,0.123,0.988,4.0,,,0.4430133745159262
4030,4030,4_339,4_110,1551.63,18.26891,18.2354,0.0128,1.926765,72.0,72.0,2019.0,64.0,2018.558,63.977500000000006,2018.558,63.977500000000006,192.22661414915703,27.91197325371288,1.555,1.486,-58.47,0.01995,0.01877,-55.41,2018.558,63.977500000000006,192.22661414915703,27.91197325371288,0.92741860812,0.93411845734,0.92741860812,0.93411845734,0.969,0.961,57.2,0.9689579,0.9605507,57.2,25.1924,0.0,2.86,1.046,0.044,0.983,4.0,155,155,4_26,4_8,838.4271,38.30808,18.9037,0.0496,401.917,16.0,17.0,2019.0,64.0,2018.6053,64.0506,2018.6053,64.0506,192.22659982108016,27.911952305161694,1.138,0.95,73.52,0.06631,0.05193,74.93,2018.6053,64.0506,192.22659982108016,27.911952305161694,0.77624899361,0.80879769763,0.77624899361,0.80879769763,0.906,0.874,62.09,0.9063644,0.8738136,62.09,22.8767,0.0,3.34,1.199,0.166,0.794,4.0,,,0.08706836394463141
4031,4031,4_340,4_109,9940.683,41.13301,16.2189,0.0045,4.294941,69.0,69.0,2400.0,62.0,2400.3897,62.4092,2400.3897,62.4092,192.10507849129604,27.90906073905843,1.125,0.984,48.87,0.00487,0.00427,48.52,2400.3897,62.4092,192.10507849129604,27.90906073905843,0.40677987408,0.41345610058,0.40677987408,0.41345610058,0.666,0.614,47.88,0.6659024,0.6138485,47.88,27.3576,0.0,1.98,1.143,0.125,0.984,4.0,154,154,4_25,4_9,8103.761,77.63184,16.4407,0.0104,401.2354,53.0,59.0,2400.0,62.0,2400.4781,62.7738,2400.4781,62.7738,192.1050541064459,27.908957509740176,1.669,1.421,61.8,0.02124,0.01851,69.45,2400.4781,62.7738,192.1050541064459,27.908957509740176,0.84369726264,0.90749112475,0.84369726264,0.90749112475,0.989,0.879,54.05,0.9890593,0.8791758,54.05,22.8649,0.0,3.05,1.174,0.148,0.983,4.0,,,0.37516359098390406
4112,4112,4_421,4_365,6025.596,45.89008,16.7624,0.0083,2.088513,1164.0,1164.0,2095.0,483.0,2095.1409,483.2647,2095.1409,483.2647,192.2064207625787,27.79348609902537,26.023,10.59,47.11,0.20646,0.08463,47.01,2095.1409,483.2647,192.2064207625787,27.79348609902537,373.84855356,415.46954531,373.84855356,415.46954531,26.023,10.59,47.11,26.02254,10.58989,47.11,25.3417,19.0,5.49,2.457,0.593,0.025,4.0,160,160,4_31,4_29,1529.542,59.72281,18.251,0.0424,401.8975,37.0,41.0,2095.0,483.0,2095.0845,483.4884,2095.0845,483.4884,192.20644091644743,27.793423720988795,1.982,1.433,-64.84,0.08794,0.06201,-63.7,2095.0845,483.4884,192.20644091644743,27.793423720988795,2.7344039709,3.1489116837,2.7344039709,3.1489116837,1.804,1.622,-65.88,1.80358,1.621856,-65.88,22.8746,0.0,7.57,1.383,0.277,0.0,4.0,,,0.23070034677043025
4169,4169,5_1,5_672,5997.463,48.68816,16.7675,0.0088,2.724712,2708.0,2708.0,2895.0,320.0,2894.9314,319.6729,2894.9314,319.6729,191.95044513406103,27.83227743102313,37.077,12.694,89.65,0.23621,0.08119,89.73,2894.9314,319.6729,191.95044513406103,27.83227743102313,0.68204820749,0.70988485515,0.68204820749,0.70988485515,0.855,0.813,56.56,0.8552305,0.8127201,56.56,27.1094,19.0,2.66,2.921,0.658,0.034,5.0,168,168,5_7,5_22,1288.782,44.90281,18.437,0.0378,408.4562,21.0,23.0,2895.0,320.0,2894.9656,319.9036,2894.9656,319.9036,191.9504367214487,27.83221228976961,1.28,1.067,51.26,0.05517,0.04548,45.75,2894.9656,319.9036,191.9504367214487,27.83221228976961,0.75059710273,0.83574983499,0.75059710273,0.83574983499,0.935,0.844,60.96,0.934729,0.8441734,60.96,22.8788,0.0,3.1,1.199,0.166,0.897,5.0,,,0.23322120401023477
4170,4170,5_2,5_672,6980.983,57.74601,16.6026,0.009,2.697029,4684.0,4684.0,2811.0,276.0,2810.8576,275.5484,2810.8576,275.5484,191.9767143592511,27.845452546777164,56.777,19.452,-35.05,0.30794,0.10671,-34.91,2810.8576,275.5484,191.9767143592511,27.845452546777164,1144.8646627,1047.5783793,1144.8646627,1047.5783793,34.445,31.717,-28.69,34.4451,31.71716,-28.69,27.2123,19.0,168.86,2.919,0.657,0.0,5.0,171,171,5_10,5_19,172.5893,20.70397,20.6199,0.1303,407.5038,5.0,5.0,2811.0,276.0,2810.793,275.6119,2810.793,275.6119,191.9767355798313,27.845435299043395,0.735,0.456,17.32,0.11482,0.06657,18.38,2810.793,275.6119,191.9767355798313,27.845435299043395,0.63491076246,0.49708811827,0.63491076246,0.49708811827,0.8,0.702,-10.55,0.7999141,0.7015243,-10.55,22.8765,0.0,2.3,1.611,0.379,0.456,5.0,,,0.09058371818355805
4171,4171,5_3,5_672,4145.636,41.95563,17.1684,0.011,2.711974,2205.0,2205.0,2758.0,206.0,2758.2925,205.9876,2758.2925,205.9876,191.99269761656348,27.865481031894717,38.214,25.908,-86.44,0.29205,0.19158,-84.74,2758.2925,205.9876,191.99269761656348,27.865481031894717,575.27185104,614.65848673,575.27185104,614.65848673,24.943,23.828,68.19,24.94329,23.82776,68.19,27.3576,19.0,3.84,1.475,0.322,0.015,5.0,177,177,5_16,5_13,613.001,37.31603,19.2438,0.0661,406.4731,14.0,16.0,2758.0,206.0,2758.3306,206.2028,2758.3306,206.2028,191.99268777352972,27.865420215779015,1.287,0.848,56.51,0.09413,0.05847,57.94,2758.3306,206.2028,191.99268777352972,27.865420215779015,1.5493737644,1.7005988587,1.5493737644,1.7005988587,1.352,1.193,55.99,1.351699,1.192846,55.99,22.839,0.0,4.28,1.518,0.341,0.268,5.0,,,0.21854667693649776
4172,4172,5_4,5_355,16816.07,77.62862,15.6481,0.005,1.366787,5644.0,5644.0,2667.0,117.0,2667.0447,117.8819,2667.0447,117.8819,192.02079947795664,27.89107058210008,48.636,35.256,89.21,0.2269,0.16794,88.9,2667.0447,117.8819,192.02079947795664,27.89107058210008,1243.1756019,2365.2822435,1243.1756019,2365.2822435,48.636,35.256,89.21,48.63636,35.25567,89.21,25.6498,19.0,6.56,1.38,0.275,0.001,5.0,182,182,5_21,5_8,742.0322,44.1464,19.0363,0.0646,406.7327,19.0,23.0,2667.0,117.0,2667.2356,117.2441,2667.2356,117.2441,192.0207320236005,27.89124804489292,1.811,0.913,61.16,0.12153,0.06002,60.5,2667.2356,117.2441,192.0207320236005,27.89124804489292,1.6559536142,2.5647747802,1.6559536142,2.5647747802,1.675,1.19,65.46,1.674563,1.190196,65.46,22.9333,0.0,7.69,1.984,0.496,0.001,5.0,,,0.6657564494618281
4177,4177,5_9,5_141,1070.785,17.41534,18.6381,0.0177,2.894361,192.0,192.0,2784.0,53.0,2783.4201,53.491,2783.4201,53.491,191.9830830678954,27.90809706206204,4.481,2.402,35.63,0.07389,0.03675,38.11,2783.4201,53.491,191.9830830678954,27.90809706206204,1.4137687063,1.3761068417,1.4137687063,1.3761068417,1.223,1.138,39.62,1.223043,1.13756,39.62,27.0361,1.0,5.02,1.866,0.464,0.032,5.0,186,186,5_25,5_4,439.6135,29.45312,19.6047,0.0728,407.6922,10.0,10.0,2784.0,53.0,2784.3268,53.0731,2784.3268,53.0731,191.98279003917705,27.9082061392886,1.048,0.672,49.73,0.09485,0.05671,49.35,2784.3268,53.0731,191.98279003917705,27.9082061392886,0.70110372059,0.73933378177,0.70110372059,0.73933378177,0.903,0.791,50.79,0.903038,0.790544,50.79,22.8622,0.0,3.46,1.559,0.359,0.575,5.0,,,0.9983713237067678
4199,4199,5_31,5_44,4787.331,28.91687,17.0122,0.0066,1.404918,71.0,71.0,2519.0,18.0,2518.8689,17.5455,2518.8689,17.5455,192.0669061101082,27.92060369448873,1.28,1.12,54.2,0.00821,0.00722,56.44,2518.8689,17.5455,192.0669061101082,27.92060369448873,0.53044941027,0.55690310201,0.53044941027,0.55690310201,0.766,0.707,53.79,0.7664658,0.7070238,53.79,25.427,0.0,2.25,1.143,0.125,0.989,5.0,130,130,4_1,4_3,2427.702,47.51597,17.7494,0.0213,401.4873,22.0,24.0,2518.0,17.0,2518.0713,17.6554,2518.0713,17.6554,192.06716112335928,27.92058000104309,1.461,0.863,87.51,0.0425,0.02337,86.83,2518.0713,17.6554,192.06716112335928,27.92058000104309,0.42715462484,0.6949482132,0.42715462484,0.6949482132,0.835,0.651,83.93,0.835468,0.6512266,83.93,22.8825,24.0,3.33,1.694,0.41,0.976,4.0,2,2,0.8051358705211191
4347,4347,5_179,5_817,2049.161,21.77977,17.9335,0.0115,2.828515,216.0,216.0,2816.0,455.0,2816.4179,454.179,2816.4179,454.179,191.9768384405193,27.795206898035204,3.328,2.377,-74.43,0.03942,0.02796,-71.23,2816.4179,454.179,191.9768384405193,27.795206898035204,1.182562506,1.171434751,1.182562506,1.171434751,1.113,1.056,42.44,1.113251,1.055779,42.44,26.7909,1.0,5.07,1.4,0.286,0.453,5.0,164,164,5_3,5_26,1086.835,43.54945,18.622,0.0435,405.7124,18.0,22.0,2816.0,455.0,2816.2197,455.3783,2816.2197,455.3783,191.9769141268431,27.794871714002927,1.272,1.042,49.05,0.0635,0.05092,49.42,2816.2197,455.3783,191.9769141268431,27.794871714002927,0.86156795839,0.89731873514,0.86156795839,0.89731873514,0.982,0.891,51.04,0.9822845,0.8910689,51.04,22.8619,0.0,3.22,1.221,0.181,0.911,5.0,,,1.2155672461859313
4413,4413,5_245,5_770,7191.108,34.94324,16.5704,0.0053,2.670949,76.0,76.0,2759.0,433.0,2759.4149,433.147,2759.4149,433.147,191.99473803431115,27.801640791985125,1.202,1.066,54.4,0.00618,0.00548,53.74,2759.4149,433.147,191.99473803431115,27.801640791985125,0.47346988967,0.47394988567,0.47346988967,0.47394988567,0.709,0.667,45.24,0.708896,0.666998,45.24,26.7248,0.0,1.98,1.128,0.113,0.984,5.0,165,165,5_4,5_25,5640.776,70.09384,16.8341,0.0135,405.3516,40.0,51.0,2759.0,433.0,2759.5607,433.5415,2759.5607,433.5415,191.9946958353954,27.80152859897535,1.646,1.355,62.75,0.0273,0.02278,63.99,2759.5607,433.5415,191.9946958353954,27.80152859897535,0.85685515872,0.9465649307,0.85685515872,0.9465649307,0.999,0.897,58.79,0.9992846,0.8971346,58.79,22.8673,0.0,3.28,1.215,0.177,0.979,5.0,,,0.42058042037157545
4528,4528,5_360,5_693,4428.722,29.24188,17.0967,0.0072,1.304873,195.0,195.0,2999.0,387.0,2998.1919,387.0747,2998.1919,387.0747,191.91833093257983,27.812377463737693,4.015,1.553,24.11,0.03559,0.01226,23.08,2998.1919,387.0747,191.91833093257983,27.812377463737693,0.74746634191,0.77284682601,0.74746634191,0.77284682601,0.9,0.843,52.3,0.9002716,0.8425106,52.3,25.4892,16.0,4.35,2.585,0.613,0.979,5.0,166,166,5_5,5_24,2816.895,57.96739,17.588,0.0223,410.7622,29.0,35.0,2999.0,388.0,2999.1006,387.7964,2999.1006,387.7964,191.9180497552212,27.81216618402424,1.477,1.222,61.93,0.03814,0.03131,62.94,2999.1006,387.7964,191.9180497552212,27.81216618402424,0.78605449706,0.8552928057,0.78605449706,0.8552928057,0.956,0.853,55.99,0.9556095,0.8533216,55.99,22.8515,0.0,2.94,1.208,0.172,0.973,5.0,,,1.1604251720816554
4561,4561,5_393,5_672,3494.796,41.07444,17.3539,0.0128,2.783419,2252.0,2252.0,2866.0,338.0,2866.1359,337.9949,2866.1359,337.9949,191.95979791491152,27.82739566880634,44.569,14.602,-11.11,0.34057,0.11426,-11.49,2866.1359,337.9949,191.95979791491152,27.82739566880634,606.03125201,517.94232844,606.03125201,517.94232844,24.818,22.54,-17.63,24.81783,22.53994,-17.63,27.2575,19.0,3.57,3.052,0.672,0.0,5.0,167,167,5_6,5_23,172.4648,20.51515,20.6207,0.1292,408.4321,5.0,5.0,2866.0,338.0,2865.6109,337.8149,2865.6109,337.8149,191.95996295111544,27.827451101713613,0.749,0.446,70.93,0.12245,0.0708,71.52,2865.6109,337.8149,191.95996295111544,27.827451101713613,0.50986549292,0.5678721692,0.50986549292,0.5678721692,0.788,0.675,55.25,0.7884717,0.6753148,55.25,22.913,0.0,2.28,1.678,0.404,0.423,5.0,,,0.5550000000000698
4791,4791,5_623,5_510,12882.09,46.34282,15.9374,0.0039,2.571717,76.0,76.0,2694.0,275.0,2694.0736,274.7857,2694.0736,274.7857,192.01385021914453,27.84673747867336,1.081,0.953,61.37,0.00407,0.00359,63.26,2694.0736,274.7857,192.01385021914453,27.84673747867336,0.36953167902,0.41320539463,0.36953167902,0.41320539463,0.651,0.599,65.9,0.6512497,0.5988413,65.9,26.9549,0.0,1.78,1.134,0.118,0.984,5.0,169,169,5_8,5_21,10647.57,81.61971,16.1443,0.0083,406.4915,56.0,61.0,2694.0,275.0,2694.1873,275.1891,2694.1873,275.1891,192.01381829392835,27.84662309032985,1.688,1.44,66.78,0.0172,0.01484,70.59,2694.1873,275.1891,192.01381829392835,27.84662309032985,0.84226340787,0.94130388502,0.84226340787,0.94130388502,0.996,0.889,59.71,0.9962986,0.8893573,59.71,22.916,0.0,3.17,1.172,0.147,0.982,5.0,,,0.4191172270379182
4793,4793,5_625,5_508,13838.06,48.22235,15.8597,0.0038,2.74966,120.0,120.0,2741.0,274.0,2741.4725,274.1287,2741.4725,274.1287,191.9987678268463,27.846488719394063,1.265,1.076,-22.52,0.00577,0.00393,-25.89,2741.4725,274.1287,191.9987678268463,27.846488719394063,0.4094258585,0.39348564344,0.4094258585,0.39348564344,0.656,0.61,36.97,0.6559575,0.6104354,36.97,27.2684,0.0,1.81,1.175,0.149,0.983,5.0,170,170,5_9,5_20,11602.29,85.75204,16.051,0.008,406.3091,58.0,67.0,2741.0,274.0,2741.5269,274.5664,2741.5269,274.5664,191.9987551417185,27.846365232973277,1.734,1.475,65.62,0.01743,0.01488,70.72,2741.5269,274.5664,191.9987551417185,27.846365232973277,0.8925908782,0.96897466771,0.8925908782,0.96897466771,1.014,0.913,56.45,1.014349,0.9125028,56.45,22.852,0.0,3.16,1.176,0.149,0.984,5.0,,,0.4410676252004951
4822,4822,5_654,5_485,3282.761,31.67444,17.4218,0.0105,2.671446,756.0,756.0,2571.0,243.0,2569.5592,242.8375,2569.5592,242.8375,192.0531202843758,27.856845377671345,8.769,7.409,-53.14,0.08296,0.06846,-50.42,2569.5592,242.8375,192.0531202843758,27.856845377671345,1.3225671569,1.4832104229,1.3225671569,1.4832104229,1.243,1.122,62.09,1.24334,1.122445,62.09,26.9584,1.0,5.23,1.184,0.155,0.373,5.0,174,174,5_13,5_16,1317.558,45.48343,18.413,0.0375,404.3666,16.0,23.0,2571.0,243.0,2570.7054,243.5832,2570.7054,243.5832,192.05276345396905,27.856625485741908,1.313,1.001,68.12,0.05557,0.04168,70.43,2570.7054,243.5832,192.05276345396905,27.856625485741908,0.66085683859,0.805371205,0.66085683859,0.805371205,0.919,0.788,65.16,0.9191182,0.7883208,65.16,22.9086,0.0,3.36,1.312,0.238,0.92,5.0,,,1.3674220014316234
4824,4824,5_656,5_483,12677.71,46.52526,15.9548,0.004,2.669545,183.0,183.0,2717.0,258.0,2717.2598,258.3282,2717.2598,258.3282,192.00630247584124,27.851150027699592,1.701,1.28,-27.53,0.00908,0.00572,-26.3,2717.2598,258.3282,192.00630247584124,27.851150027699592,0.37915504212,0.42897490643,0.37915504212,0.42897490643,0.663,0.608,67.71,0.6626027,0.6075258,67.71,27.1252,1.0,1.9,1.328,0.247,0.98,5.0,172,172,5_11,5_18,10393.02,82.10583,16.1706,0.0086,406.5493,57.0,62.0,2717.0,258.0,2717.2575,258.7975,2717.2575,258.7975,192.00630814919435,27.8510181820504,1.707,1.419,63.83,0.01801,0.01502,65.38,2717.2575,258.7975,192.00630814919435,27.8510181820504,0.82466164432,0.91896078224,0.82466164432,0.91896078224,0.981,0.884,60.64,0.9811348,0.8837403,60.64,22.8849,0.0,3.05,1.203,0.169,0.983,5.0,,,0.4693056360198851
4826,4826,5_658,5_481,2780.642,22.93168,17.602,0.009,1.473074,76.0,76.0,2522.0,258.0,2521.6201,257.8042,2521.6201,257.8042,192.06852371959823,27.853072322659468,1.439,1.31,58.75,0.01269,0.01148,63.12,2521.6201,257.8042,192.06852371959823,27.853072322659468,0.6909426542,0.69650214315,0.6909426542,0.69650214315,0.855,0.811,47.18,0.8545426,0.8106798,47.18,25.3063,0.0,2.48,1.099,0.09,0.983,5.0,173,173,5_12,5_17,1734.127,50.14249,18.1147,0.0314,402.1642,22.0,28.0,2522.0,258.0,2521.7009,258.0565,2521.7009,258.0565,192.0685006310929,27.8530007012792,1.367,1.138,50.06,0.0487,0.04028,46.46,2521.7009,258.0565,192.0685006310929,27.8530007012792,0.77031646395,0.8123352975,0.77031646395,0.8123352975,0.932,0.845,52.89,0.9319717,0.8450329,52.89,22.8679,0.0,3.08,1.201,0.167,0.974,5.0,,,0.2649224981008219
4931,4931,5_763,5_402,59179.13,98.66158,14.282,0.0018,2.574298,71.0,71.0,2625.0,203.0,2624.7845,202.764,2624.7845,202.764,192.0351352664639,27.86760516255811,0.909,0.797,58.5,0.00154,0.00135,58.3,2624.7845,202.764,192.0351352664639,27.86760516255811,0.27120869527,0.30278974957,0.27120869527,0.30278974957,0.559,0.511,64.18,0.5589669,0.511424,64.18,27.0789,0.0,1.55,1.14,0.123,1.0,5.0,176,176,5_15,5_14,55128.17,136.7967,14.359,0.0027,404.6047,107.0,119.0,2625.0,203.0,2624.8675,203.1797,2624.8675,203.1797,192.03511320993107,27.867487605239905,1.873,1.638,67.19,0.00665,0.00593,70.01,2624.8675,203.1797,192.03511320993107,27.867487605239905,0.88131934582,0.96644771325,0.88131934582,0.96644771325,1.011,0.909,57.96,1.010557,0.9091436,57.96,22.8596,0.0,3.28,1.143,0.125,0.983,5.0,,,0.4239050483303159
5032,5032,5_864,5_332,3018.9,23.57042,17.5128,0.0085,1.37698,82.0,82.0,2523.0,167.0,2522.6445,166.6577,2522.6445,166.6577,192.06725352762808,27.87867388085863,1.493,1.271,63.34,0.01266,0.01084,63.31,2522.6445,166.6577,192.06725352762808,27.87867388085863,0.65539910877,0.71852280998,0.65539910877,0.71852280998,0.864,0.792,60.87,0.8642601,0.7918184,60.87,25.4206,0.0,2.5,1.175,0.149,0.983,5.0,180,180,5_19,5_10,1982.844,52.63783,17.9692,0.0288,402.8188,26.0,30.0,2523.0,167.0,2522.8134,166.9857,2522.8134,166.9857,192.06720319371945,27.87858019867809,1.53,1.084,70.41,0.05077,0.03504,73.72,2522.8134,166.9857,192.06720319371945,27.87858019867809,0.74144035261,0.91537689995,0.74144035261,0.91537689995,0.985,0.828,63.85,0.985214,0.8283542,63.85,22.8546,0.0,3.33,1.412,0.292,0.969,5.0,,,0.3689325277066838
5149,5149,5_981,5_259,1446.829,21.23368,18.3114,0.0159,2.759035,366.0,366.0,2896.0,113.0,2895.9168,112.6733,2895.9168,112.6733,191.9479144266273,27.89043060524455,9.07,4.545,-34.92,0.12362,0.06264,-35.3,2895.9168,112.6733,191.9479144266273,27.89043060524455,1.2670349826,1.2363512762,1.2670349826,1.2363512762,1.151,1.086,38.9,1.150781,1.085859,38.9,27.0245,3.0,3.15,1.996,0.499,0.031,5.0,184,184,5_23,5_6,478.7741,29.64915,19.5121,0.0673,410.5868,10.0,10.0,2896.0,113.0,2895.8344,112.8963,2895.8344,112.8963,191.94794304427185,27.89036871380893,0.941,0.736,28.36,0.07599,0.05757,26.6,2895.8344,112.8963,191.94794304427185,27.89036871380893,0.75310663704,0.68967479524,0.75310663704,0.68967479524,0.901,0.794,34.83,0.9014456,0.7938371,34.83,22.8881,0.0,3.37,1.277,0.217,0.626,5.0,,,0.2377367451614563
5167,5167,5_999,5_241,951.4764,15.04507,18.7664,0.0172,2.626726,98.0,98.0,2975.0,117.0,2974.8501,117.2651,2974.8501,117.2651,191.92284525163225,27.88840663669124,2.226,1.68,39.94,0.03807,0.02647,41.46,2974.8501,117.2651,191.92284525163225,27.88840663669124,1.2860260211,1.1650610244,1.2860260211,1.1650610244,1.135,1.078,7.4,1.134945,1.078418,7.4,26.441,0.0,3.62,1.325,0.245,0.033,5.0,183,183,5_22,5_7,404.7474,31.28605,19.6944,0.0839,412.8345,9.0,11.0,2975.0,117.0,2975.3716,117.5972,2975.3716,117.5972,191.92268288875215,27.88830846559031,0.956,0.793,15.52,0.08551,0.0737,18.44,2975.3716,117.5972,191.92268288875215,27.88830846559031,0.90715453702,0.70931037036,0.90715453702,0.70931037036,0.954,0.84,6.99,0.95403,0.8404116,6.99,22.8529,0.0,2.75,1.206,0.171,0.448,5.0,,,0.6182658489677587
5223,5223,5_1055,5_932,702.0049,12.69226,19.0966,0.0196,1.402553,65.0,65.0,2855.0,502.0,2854.7678,501.7633,2854.7678,501.7633,191.9651515958903,27.78148171829704,1.715,1.572,87.22,0.03334,0.03075,87.89,2854.7678,501.7633,191.9651515958903,27.78148171829704,1.3593597645,1.4836366385,1.3593597645,1.4836366385,1.218,1.166,86.24,1.218268,1.165684,86.24,25.4383,16.0,3.52,1.091,0.083,0.531,5.0,188,188,5_27,5_27,270.9129,25.61191,20.1303,0.1027,406.5409,8.0,8.0,2855.0,502.0,2854.8617,501.8653,2854.8617,501.8653,191.96512283007183,27.781452188232706,0.825,0.672,-47.13,0.10248,0.08116,-45.09,2854.8617,501.8653,191.96512283007183,27.781452188232706,0.67117502411,0.83882691578,0.67117502411,0.83882691578,0.917,0.818,-83.62,0.9170342,0.8179549,-83.62,22.8895,0.0,3.74,1.228,0.185,0.441,5.0,,,0.13864057847530273
5252,5252,5_1084,5_184,3639.388,27.30599,17.3098,0.0081,2.688767,249.0,249.0,2601.0,88.0,2600.3439,87.3086,2600.3439,87.3086,192.04170383278023,27.900266782662445,3.218,2.668,23.91,0.02943,0.0249,21.06,2600.3439,87.3086,192.04170383278023,27.900266782662445,0.78639431746,0.78426299724,0.78639431746,0.78426299724,0.911,0.86,44.32,0.9112185,0.860429,44.32,26.8554,1.0,4.54,1.206,0.171,0.847,5.0,185,185,5_24,5_5,2313.787,53.18132,17.8016,0.025,404.5965,28.0,31.0,2601.0,88.0,2601.3085,88.1438,2601.3085,88.1438,192.0414056110081,27.900023376892463,1.419,1.18,50.65,0.04059,0.03389,47.05,2601.3085,88.1438,192.0414056110081,27.900023376892463,0.78644250364,0.81374862924,0.78644250364,0.81374862924,0.931,0.856,50.89,0.9310957,0.8563013,50.89,22.8936,0.0,3.25,1.203,0.169,0.97,5.0,,,1.2759358134328211
5355,5355,5_1187,5_106,3546.32,25.05749,17.338,0.0077,2.775566,73.0,73.0,2853.0,48.0,2852.7565,47.9311,2852.7565,47.9311,191.9609554337204,27.90902010893899,1.325,1.209,38.26,0.00992,0.00912,32.69,2852.7565,47.9311,191.9609554337204,27.90902010893899,0.60322498704,0.60030785889,0.60322498704,0.60030785889,0.797,0.754,43.73,0.7967076,0.7541816,43.73,26.7826,0.0,2.24,1.096,0.088,0.987,5.0,187,187,5_26,5_3,2450.278,53.67694,17.7394,0.0238,409.6497,29.0,31.0,2853.0,48.0,2852.7834,48.2117,2852.7834,48.2117,191.96094988078053,27.90894102383572,1.399,1.182,52.69,0.03851,0.03232,48.48,2852.7834,48.2117,191.96094988078053,27.90894102383572,0.77044793735,0.80527848361,0.77044793735,0.80527848361,0.929,0.844,51.65,0.9292908,0.8438869,51.65,22.8847,0.0,2.98,1.184,0.155,0.969,5.0,,,0.28188644876969754
6725,6725,6_1245,6_133,1266.997,18.27668,18.4555,0.0157,2.511693,185.0,185.0,3023.0,58.0,3022.7733,58.2752,3022.7733,58.2752,191.90695269186517,27.90453293805563,7.008,2.037,1.62,0.10271,0.02794,2.15,3022.7733,58.2752,191.90695269186517,27.90453293805563,1.2139406771,1.1970632543,1.2139406771,1.1970632543,1.118,1.078,39.49,1.117874,1.077665,39.49,26.6925,3.0,3.02,3.44,0.709,0.053,6.0,210,210,6_22,6_5,565.6474,34.58063,19.331,0.0664,415.4726,12.0,13.0,3023.0,58.0,3022.5957,58.3388,3022.5957,58.3388,191.90700991395124,27.904516730775832,1.109,0.771,38.61,0.08391,0.0564,39.16,3022.5957,58.3388,191.90700991395124,27.904516730775832,0.77247874415,0.68295275445,0.77247874415,0.68295275445,0.913,0.789,32.42,0.9126828,0.7889497,32.42,22.8707,0.0,3.02,1.439,0.305,0.552,6.0,,,0.18864442742894486
6726,6726,6_1246,6_133,975.1466,15.30392,18.7397,0.017,2.444246,105.0,105.0,3024.0,50.0,3024.0705,50.3395,3024.0705,50.3395,191.90645334707492,27.906750394855734,2.405,1.83,13.91,0.03923,0.02771,11.8,3024.0705,50.3395,191.90645334707492,27.906750394855734,1.2941776749,1.3962717807,1.2941776749,1.3962717807,1.191,1.128,67.34,1.190729,1.128102,67.34,26.5102,3.0,3.4,1.314,0.239,0.034,6.0,212,212,6_24,6_3,428.7076,33.00573,19.632,0.0836,415.1414,10.0,12.0,3024.0,50.0,3024.0045,50.4807,3024.0045,50.4807,191.90647589359847,27.90671134129566,1.029,0.783,-89.24,0.09337,0.06834,-89.96,3024.0045,50.4807,191.90647589359847,27.90671134129566,0.92313872234,1.1143551084,0.92313872234,1.1143551084,1.06,0.956,77.6,1.060224,0.9557291,77.6,22.8505,0.0,3.19,1.314,0.239,0.541,6.0,,,0.1558635300510464
6949,6949,7_59,7_970,1714.608,17.46054,18.127,0.0111,1.180677,35.0,35.0,230.0,1012.0,229.8608,1011.2256,229.8608,1011.2256,192.8041027049868,27.659920395180794,0.967,0.91,4.76,0.01035,0.01,6.34,229.8608,1011.2256,192.8041027049868,27.659920395180794,0.35920322084,0.3489680643,0.35920322084,0.3489680643,0.601,0.589,23.31,0.6012787,0.5887573,23.31,25.4622,24.0,2.02,1.062,0.059,0.98,7.0,218,218,7_5,7_35,2397.61,45.47907,17.763,0.0206,404.9595,18.0,21.0,230.0,1013.0,229.8831,1012.1395,229.8831,1012.1395,192.804103385769,27.65966323892446,1.264,0.851,1.12,0.0354,0.02342,-0.5,229.8831,1012.1395,192.804103385769,27.65966323892446,0.5493429866,0.35849281844,0.5493429866,0.35849281844,0.742,0.598,4.51,0.7419831,0.5977432,4.51,22.8664,24.0,3.17,1.485,0.327,0.975,7.0,3,2,0.9141720297624636
6961,6961,7_71,7_916,4450.245,30.41238,17.0914,0.0074,2.224265,288.0,288.0,32.0,982.0,33.1132,983.6815,33.1132,983.6815,192.86638370712112,27.66908490349665,3.645,2.645,25.99,0.02828,0.01864,15.92,33.1132,983.6815,192.86638370712112,27.66908490349665,2.5215341549,3.5654024645,2.5215341549,3.5654024645,1.975,1.479,63.75,1.975031,1.478577,63.75,26.3027,0.0,8.84,1.378,0.274,0.028,7.0,247,247,7_34,7_34,3116.242,73.38329,17.4783,0.0256,404.6385,53.0,60.0,32.0,982.0,32.8741,983.7271,32.8741,983.7271,192.86646005957283,27.66907378918369,2.587,1.509,62.19,0.06841,0.04157,62.05,32.8741,983.7271,192.86646005957283,27.66907378918369,2.8194409688,3.7920596085,2.8194409688,3.7920596085,2.037,1.569,62.61,2.03686,1.569299,62.61,22.8388,0.0,9.65,1.714,0.416,0.007,7.0,,,0.24340946982398437
7019,7019,7_129,7_874,14804.54,49.64751,15.7864,0.0036,2.294715,66.0,66.0,84.0,969.0,84.4958,969.024,84.4958,969.024,192.84993439449056,27.67283863332117,1.017,0.927,34.94,0.0035,0.00319,34.06,84.4958,969.024,192.84993439449056,27.67283863332117,0.38192388833,0.33048744057,0.38192388833,0.33048744057,0.623,0.569,18.32,0.6231003,0.5693482,18.32,26.5378,0.0,1.75,1.097,0.088,1.0,7.0,248,248,7_35,7_33,12415.32,85.81332,15.9775,0.0075,403.7699,57.0,66.0,84.0,969.0,84.6145,969.4074,84.6145,969.4074,192.8498998924888,27.67272996386196,1.678,1.463,58.56,0.01623,0.01379,61.48,84.6145,969.4074,192.8498998924888,27.67272996386196,0.87964784331,0.8937971776,0.87964784331,0.8937971776,0.981,0.901,47.71,0.9806769,0.9009538,47.71,22.8069,0.0,3.02,1.147,0.128,0.983,7.0,,,0.40135426994120843
7029,7029,7_139,7_867,1054.586,17.11873,18.6547,0.0176,2.243885,235.0,235.0,230.0,959.0,229.8395,958.811,229.8395,958.811,192.8036640831464,27.674659760044968,5.84,3.657,3.69,0.09608,0.05983,5.94,229.8395,958.811,192.8036640831464,27.674659760044968,1.9516390047,1.6410099765,1.9516390047,1.6410099765,1.409,1.268,17.15,1.408666,1.268191,17.15,26.694,3.0,3.16,1.597,0.374,0.031,7.0,219,219,7_6,7_31,326.5832,26.13411,19.9274,0.0869,405.1108,7.0,8.0,230.0,959.0,230.0285,958.8263,230.0285,958.8263,192.80360415628672,27.67465408202945,0.822,0.66,42.44,0.08477,0.06672,44.22,230.0285,958.8263,192.80360415628672,27.67465408202945,0.62933623835,0.57580813719,0.62933623835,0.57580813719,0.816,0.735,32.45,0.8158716,0.7345052,32.45,22.8874,0.0,2.54,1.245,0.197,0.472,7.0,,,0.1896182744357868
7031,7031,7_141,7_866,14817.41,49.64626,15.7855,0.0036,2.188055,69.0,69.0,196.0,966.0,196.397,966.0612,196.397,966.0612,192.8143522437389,27.67286400069104,1.006,0.925,44.6,0.00348,0.00319,44.39,196.397,966.0612,192.8143522437389,27.67286400069104,0.36911792727,0.33460612106,0.36911792727,0.33460612106,0.613,0.572,22.24,0.6132281,0.5724294,22.24,26.5118,0.0,1.68,1.087,0.08,1.0,7.0,217,217,7_4,7_32,12424.76,85.41677,15.9767,0.0075,404.2428,62.0,66.0,196.0,966.0,196.5211,966.4333,196.5211,966.4333,192.81431596259097,27.67275846376056,1.691,1.445,58.69,0.01637,0.0135,58.45,196.5211,966.4333,192.81431596259097,27.67275846376056,0.83560907034,0.88060768417,0.83560907034,0.88060768417,0.963,0.888,54.53,0.9628286,0.8883568,54.53,22.8402,0.0,2.91,1.171,0.146,0.989,7.0,,,0.3922489260661318
7123,7123,7_233,7_799,939.1087,15.47888,18.7806,0.0179,1.18852,145.0,145.0,27.0,929.0,26.4582,929.21,26.4582,929.21,192.86804388350225,27.68445069565516,2.908,2.232,2.85,0.05467,0.04004,-0.11,26.4582,929.21,192.86804388350225,27.68445069565516,2.7996366807,2.7316532046,2.7996366807,2.7316532046,1.689,1.637,33.49,1.688952,1.636683,33.49,25.5401,0.0,4.75,1.303,0.232,0.097,7.0,223,223,7_10,7_27,252.6971,26.20642,20.2059,0.1126,405.4716,8.0,8.0,27.0,929.0,27.1052,929.4797,27.1052,929.4797,192.8678405281545,27.684370227608436,0.919,0.67,53.58,0.11638,0.08582,55.17,27.1052,929.4797,192.8678405281545,27.684370227608436,0.96228084231,1.095207493,0.96228084231,1.095207493,1.082,0.942,59.04,1.081631,0.942106,59.04,22.8938,0.0,4.66,1.371,0.27,0.018,7.0,,,0.7009615467341753
7129,7129,7_239,7_793,9668.188,40.5096,16.249,0.0046,2.402134,99.0,99.0,46.0,929.0,46.4907,928.6463,46.4907,928.6463,192.86167318939945,27.684465903373788,1.193,1.095,-89.01,0.00577,0.00478,-79.24,46.4907,928.6463,192.86167318939945,27.684465903373788,0.43678131132,0.42168533564,0.43678131132,0.42168533564,0.672,0.638,35.28,0.6722481,0.637612,35.28,26.7036,0.0,2.02,1.089,0.082,0.983,7.0,222,222,7_9,7_28,7781.326,76.0998,16.4848,0.0106,404.3609,50.0,56.0,46.0,929.0,46.5958,929.0074,46.5958,929.0074,192.86164280812213,27.684363604866515,1.628,1.423,58.22,0.02148,0.0183,63.89,46.5958,929.0074,192.86164280812213,27.684363604866515,0.87189803042,0.88244552238,0.87189803042,0.88244552238,0.97,0.902,47.36,0.970157,0.9017422,47.36,22.8441,0.0,2.99,1.144,0.126,0.982,7.0,,,0.3760840597525701
7247,7247,7_357,7_709,1642.431,18.52179,18.1737,0.0122,2.344163,173.0,173.0,328.0,886.0,328.6902,885.0171,328.6902,885.0171,192.7716207456048,27.69468741041684,3.084,2.287,-47.87,0.04232,0.03097,-46.88,328.6902,885.0171,192.7716207456048,27.69468741041684,1.0323805071,1.0615575566,1.0323805071,1.0615575566,1.034,1.012,65.71,1.033934,1.012382,65.71,26.9608,1.0,4.64,1.349,0.259,0.694,7.0,224,224,7_11,7_26,945.3608,41.35198,18.7734,0.0475,403.5131,19.0,20.0,328.0,886.0,328.0566,885.8785,328.0566,885.8785,192.77182949547884,27.694449848739342,1.147,1.07,61.32,0.06356,0.05839,63.21,328.0566,885.8785,192.77182949547884,27.694449848739342,0.7655402611,0.79040699045,0.7655402611,0.79040699045,0.89,0.874,74.14,0.8902762,0.8737022,74.14,22.8436,0.0,2.94,1.072,0.067,0.742,7.0,,,1.0693263860954743
7263,7263,7_373,7_703,1154.553,21.4413,18.5564,0.0202,2.447951,492.0,492.0,461.0,845.0,461.3569,844.5701,461.3569,844.5701,192.72910714017425,27.70507925983389,11.338,4.37,-45.07,0.16265,0.0628,-45.26,461.3569,844.5701,192.72910714017425,27.70507925983389,1.3800462829,1.3856189929,1.3800462829,1.3856189929,1.186,1.166,-48.38,1.185956,1.165836,-48.38,26.8594,19.0,3.25,2.594,0.615,0.024,7.0,230,230,7_17,7_20,226.6195,22.6064,20.3242,0.1083,404.8051,5.0,6.0,461.0,845.0,461.2279,844.7688,461.2279,844.7688,192.7291498639756,27.705024349717583,0.745,0.558,-46.08,0.09417,0.06919,-45.1,461.2279,844.7688,192.7291498639756,27.705024349717583,0.56891182454,0.61226384053,0.56891182454,0.61226384053,0.79,0.746,-64.62,0.7904812,0.7458654,-64.62,22.9165,0.0,2.29,1.334,0.251,0.489,7.0,,,0.2369022794318728
7279,7279,7_389,7_693,1342.611,16.15137,18.3925,0.0131,2.404849,90.0,90.0,86.0,876.0,86.2848,875.5591,86.2848,875.5591,192.8485820046292,27.69910903400104,1.804,1.512,85.01,0.02546,0.01938,-89.93,86.2848,875.5591,192.8485820046292,27.69910903400104,0.92991609187,0.92615084144,0.92991609187,0.92615084144,0.989,0.937,43.91,0.9886081,0.9374012,43.91,26.9873,0.0,2.94,1.193,0.162,0.595,7.0,225,225,7_12,7_25,775.3754,38.66138,18.9886,0.0541,403.8628,14.0,17.0,86.0,876.0,86.2988,875.7427,86.2988,875.7427,192.8485790949381,27.69905730371689,1.131,0.963,45.14,0.06933,0.06034,43.08,86.2988,875.7427,192.8485790949381,27.69905730371689,0.71730621392,0.72359519861,0.71730621392,0.72359519861,0.899,0.795,46.02,0.8992478,0.7951446,46.02,22.835,0.0,3.13,1.174,0.148,0.678,7.0,,,0.18413299541371014
7280,7280,7_390,7_692,1657.47,25.21192,18.1638,0.0165,2.373387,899.0,899.0,353.0,854.0,352.7324,855.1625,352.7324,855.1625,192.76372338378303,27.70290528689736,9.432,8.228,-88.46,0.11205,0.09818,89.27,352.7324,855.1625,192.76372338378303,27.70290528689736,2.0815853377,2.1957869854,2.0815853377,2.1957869854,1.515,1.408,55.63,1.515321,1.407542,55.63,27.2072,1.0,5.51,1.146,0.128,0.004,7.0,229,229,7_16,7_21,208.8401,22.37421,20.4129,0.1163,404.6579,6.0,6.0,353.0,854.0,353.1661,854.1575,353.1661,854.1575,192.7635769064557,27.703184684776645,0.75,0.565,43.91,0.10492,0.07757,44.96,353.1661,854.1575,192.7635769064557,27.703184684776645,0.67022086061,0.62547671005,0.67022086061,0.62547671005,0.854,0.753,36.95,0.8535368,0.7531085,36.95,22.9089,0.0,3.08,1.327,0.246,0.457,7.0,,,1.0945869951721425
7299,7299,7_409,7_676,1003.228,14.40635,18.7089,0.0156,2.452785,109.0,109.0,207.0,865.0,207.0644,864.9023,207.0644,864.9023,192.81010484723723,27.70123259988661,2.151,1.709,22.21,0.03482,0.02641,21.83,207.0644,864.9023,192.81010484723723,27.70123259988661,1.2909334513,1.1843752531,1.2909334513,1.1843752531,1.14,1.085,14.64,1.139624,1.084696,14.64,27.2797,0.0,3.54,1.258,0.205,0.031,7.0,228,228,7_15,7_22,473.2893,31.83776,19.5246,0.0731,403.9751,12.0,12.0,207.0,865.0,207.3762,865.0491,207.3762,865.0491,192.81000699161424,27.70118905333417,1.051,0.782,0.46,0.09012,0.06561,-0.53,207.3762,865.0491,192.81000699161424,27.70118905333417,0.95951225744,0.78933848607,0.95951225744,0.78933848607,0.984,0.884,12.03,0.9836712,0.8838788,12.03,22.855,0.0,3.28,1.344,0.256,0.163,7.0,,,0.3446294821979088
7303,7303,7_413,7_672,16801.61,56.75192,15.649,0.0037,2.410713,1165.0,1165.0,152.0,833.0,151.7937,833.2309,151.7937,833.2309,192.8274045220416,27.710539408138683,6.164,5.888,35.19,0.0285,0.02712,38.97,151.7937,833.2309,192.8274045220416,27.710539408138683,0.41245698759,0.4083234382,0.41245698759,0.4083234382,0.661,0.62,42.72,0.6605631,0.6200297,42.72,27.1936,3.0,1.75,1.047,0.045,0.746,7.0,231,231,7_18,7_19,13237.84,89.37949,15.9079,0.0073,404.4683,65.0,73.0,152.0,833.0,151.9085,833.6225,151.9085,833.6225,192.82737133562705,27.710428459608544,1.734,1.513,58.32,0.01613,0.01441,59.72,151.9085,833.6225,192.82737133562705,27.710428459608544,0.88929693371,0.92149264689,0.88929693371,0.92149264689,0.993,0.908,50.72,0.9932635,0.9078641,50.72,22.869,0.0,3.12,1.146,0.127,0.982,7.0,,,0.4080803842381332
7304,7304,7_414,7_672,3638.543,39.00135,17.3101,0.0116,2.412812,2308.0,2308.0,192.0,817.0,192.3345,817.1491,192.3345,817.1491,192.8143821694192,27.7147676978267,39.193,20.161,68.03,0.29565,0.15285,67.2,192.3345,817.1491,192.8143821694192,27.7147676978267,496.73810674,578.50176423,496.73810674,578.50176423,24.379,21.929,68.05,24.37924,21.92926,68.05,27.1786,19.0,115.73,1.944,0.486,0.0,7.0,234,234,7_21,7_16,160.3749,20.45944,20.6996,0.1385,406.0738,5.0,5.0,192.0,817.0,191.7713,817.3823,191.7713,817.3823,192.81456316775825,27.71470621328064,0.739,0.456,-16.86,0.12041,0.06984,-18.29,191.7713,817.3823,192.81456316775825,27.71470621328064,0.92890570022,0.74390034157,0.92890570022,0.74390034157,0.969,0.857,12.74,0.9689562,0.8566971,12.74,22.9624,0.0,2.6,1.623,0.384,0.415,7.0,,,0.6095707342056369
7372,7372,7_482,7_612,2082.495,20.37049,17.9159,0.0106,2.267614,129.0,129.0,34.0,817.0,33.307,816.5185,33.307,816.5185,192.8649268698391,27.716091757811764,1.976,1.648,21.28,0.02259,0.01833,18.49,33.307,816.5185,192.8649268698391,27.716091757811764,0.86628145004,0.83150277902,0.86628145004,0.83150277902,0.949,0.893,35.14,0.9489134,0.8929433,35.14,26.4774,0.0,2.94,1.199,0.166,0.913,7.0,233,233,7_20,7_17,1273.02,45.45346,18.4503,0.0388,403.7549,19.0,23.0,34.0,817.0,33.557,816.8670999999999,33.557,816.8670999999999,192.86485031211453,27.7159919391342,1.279,1.053,35.97,0.058,0.04639,29.9,33.557,816.8670999999999,192.86485031211453,27.7159919391342,0.83548373041,0.81337709192,0.83548373041,0.81337709192,0.954,0.859,41.31,0.9541755,0.8593079,41.31,22.8232,0.0,3.19,1.215,0.177,0.908,7.0,,,0.42897780828376636
7697,7697,7_807,7_377,2177.328,21.3207,17.8676,0.0106,2.284377,287.0,287.0,373.0,676.0,373.0095,677.2863,373.0095,677.2863,192.75574857994988,27.752770874988432,3.846,2.428,-88.03,0.04657,0.0281,-88.28,373.0095,677.2863,192.75574857994988,27.752770874988432,1.2132308038,1.2393079552,1.2132308038,1.2393079552,1.125,1.09,54.7,1.124949,1.089509,54.7,27.3732,1.0,4.35,1.584,0.369,0.036,7.0,239,239,7_26,7_11,1146.635,44.59956,18.5638,0.0422,403.9466,21.0,23.0,373.0,676.0,373.2842,676.7504,373.2842,676.7504,192.7556566256958,27.75291952384445,1.302,1.109,74.94,0.0613,0.05184,77.42,373.2842,676.7504,192.7556566256958,27.75291952384445,1.0815882137,1.1937603278,1.0815882137,1.1937603278,1.104,1.028,66.85,1.104014,1.027862,66.85,22.8799,0.0,3.64,1.174,0.148,0.768,7.0,,,0.6022033709636347
7785,7785,7_895,7_311,1730.058,25.92813,18.1173,0.0163,2.294437,838.0,838.0,237.0,624.0,237.3368,623.6179,237.3368,623.6179,192.79843273626645,27.76885840200745,13.363,8.268,-35.99,0.15504,0.09833,-36.09,237.3368,623.6179,192.79843273626645,27.76885840200745,9.455087938,10.350204228,9.455087938,10.350204228,3.218,3.074,85.91,3.217887,3.074166,85.91,26.822,3.0,3.22,1.616,0.381,0.021,7.0,242,242,7_29,7_8,252.58,22.92857,20.2064,0.0986,404.7448,6.0,6.0,237.0,624.0,237.2261,623.7715000000001,237.2261,623.7715000000001,192.79846924524225,27.76881602193518,0.757,0.559,-44.58,0.09045,0.06643,-45.0,237.2261,623.7715000000001,192.79846924524225,27.76881602193518,0.58796718312,0.55988715149,0.58796718312,0.55988715149,0.801,0.712,-38.99,0.8008162,0.7117217,-38.99,22.8901,0.0,3.83,1.354,0.261,0.526,7.0,,,0.18933422828435328
7854,7854,7_964,7_266,6957.107,34.68529,16.6063,0.0054,2.332348,131.0,131.0,203.0,620.0,203.1739,620.0169,203.1739,620.0169,192.80926655680165,27.77012017834992,1.589,1.218,-72.01,0.00995,0.00657,-70.19,203.1739,620.0169,192.80926655680165,27.77012017834992,0.50303877158,0.49959308962,0.50303877158,0.49959308962,0.724,0.692,42.83,0.7239524,0.6917548,42.83,26.7802,0.0,1.97,1.304,0.233,1.0,7.0,243,243,7_30,7_7,5320.904,70.18649,16.8974,0.0143,404.708,45.0,50.0,203.0,620.0,203.2454,620.4936,203.2454,620.4936,192.80924785555067,27.769985618731507,1.618,1.371,60.04,0.02814,0.02329,60.07,203.2454,620.4936,192.80924785555067,27.769985618731507,0.86071819135,0.88847817889,0.86071819135,0.88847817889,0.969,0.9,51.15,0.9693973,0.8997029,51.15,22.8905,0.0,2.94,1.18,0.152,0.98,7.0,,,0.4820323018222393
7963,7963,7_1073,7_194,2008.129,20.62379,17.9554,0.0112,1.139706,193.0,193.0,501.0,581.0,500.2403,581.1052999999999,500.2403,581.1052999999999,192.7144575581421,27.77886655305303,3.42,2.16,-20.21,0.04016,0.02518,-18.55,500.2403,581.1052999999999,192.7144575581421,27.77886655305303,2.8079656857,2.3253319457,2.8079656857,2.3253319457,1.737,1.454,-28.84,1.737205,1.454447,-28.84,25.6305,16.0,6.04,1.583,0.368,0.029,7.0,244,244,7_31,7_6,832.4525,43.67032,18.9115,0.057,404.0445,21.0,23.0,501.0,581.0,500.8368,581.1887,500.8368,581.1887,192.71426857640563,27.778838636889237,1.569,1.042,-23.58,0.09722,0.06594,-22.48,500.8368,581.1887,192.71426857640563,27.778838636889237,2.3166812222,1.8859737455,2.3166812222,1.8859737455,1.57,1.318,-26.85,1.570038,1.318194,-26.85,22.8863,16.0,7.65,1.505,0.336,0.0,7.0,,,0.6023020919771128
8018,8018,7_1128,7_150,948.1682,14.70098,18.7702,0.0168,2.507466,112.0,112.0,147.0,564.0,146.2727,563.7717,146.2727,563.7717,192.8268883409827,27.78634878680607,2.635,1.869,65.71,0.04515,0.02996,65.03,146.2727,563.7717,192.8268883409827,27.78634878680607,1.1439638794,1.1708903572,1.1439638794,1.1708903572,1.084,1.068,-71.93,1.083558,1.068061,-71.93,26.8708,0.0,3.57,1.41,0.291,0.037,7.0,245,245,7_32,7_5,418.2613,29.12047,19.6588,0.0756,402.5338,10.0,10.0,147.0,564.0,146.7687,563.9825,146.7687,563.9825,192.82673235846607,27.78628591718285,0.891,0.754,4.42,0.08324,0.06606,0.27,146.7687,563.9825,192.82673235846607,27.78628591718285,0.70167489973,0.76057230925,0.70167489973,0.76057230925,0.883,0.827,63.95,0.8826483,0.8265465,63.95,22.8207,0.0,2.78,1.181,0.154,0.504,7.0,,,0.5389365825400869
8025,8025,7_1135,7_143,3627.235,25.21935,17.3135,0.0076,2.283555,77.0,77.0,285.0,561.0,284.8434,561.1681,284.8434,561.1681,192.78279233187212,27.78606962975684,1.306,1.228,38.09,0.00966,0.00909,37.07,284.8434,561.1681,192.78279233187212,27.78606962975684,0.59279735296,0.58612501122,0.59279735296,0.58612501122,0.779,0.756,39.6,0.7792642,0.7560884,39.6,26.6318,0.0,2.21,1.063,0.06,0.984,7.0,246,246,7_33,7_4,2465.249,52.01415,17.7328,0.0229,403.8584,26.0,29.0,285.0,561.0,284.9097,561.3944,284.9097,561.3944,192.7827731743241,27.7860055143022,1.355,1.157,62.77,0.03663,0.03006,61.56,284.9097,561.3944,192.7827731743241,27.7860055143022,0.75515079405,0.7779174107,0.75515079405,0.7779174107,0.895,0.856,54.73,0.894824,0.8557793,54.73,22.8518,0.0,2.68,1.17,0.146,0.973,7.0,,,0.23581217101756774
8203,8203,8_1,8_434,136996.9,217.7821,13.3706,0.0017,2.00844,39523.0,39523.0,647.0,774.0,646.8871,773.7298000000001,646.8871,773.7298000000001,192.66951612699063,27.723603925690597,88.0,49.045,73.4,0.14957,0.08273,73.5,646.8871,773.7298000000001,192.66951612699063,27.723603925690597,4973.0869464,7079.2049735,4973.0869464,7079.2049735,84.266,70.368,84.26,84.26553,70.36768,84.26,25.6088,19.0,1.73,1.794,0.443,0.995,8.0,264,264,8_16,8_20,19592.21,99.07198,15.4822,0.0055,404.3666,77.0,84.0,647.0,774.0,647.008,774.1098999999999,647.008,774.1098999999999,192.66948104417267,27.723496140379456,1.776,1.587,55.93,0.01285,0.01118,61.82,647.008,774.1098999999999,192.66948104417267,27.723496140379456,0.9512905062,0.93606643676,0.9512905062,0.93606643676,0.997,0.945,40.69,0.997225,0.9449334,40.69,22.9245,0.0,3.13,1.119,0.107,0.982,8.0,,,0.3988644130527221
8204,8204,8_2,8_434,1081750.0,469.4781,11.1271,5.0E-4,2.092839,69117.0,69117.0,880.0,704.0,878.4535000000001,704.3024,878.4535000000001,704.3024,192.5952866361901,27.741348517291435,60.469,41.699,79.49,0.03553,0.02455,79.02,878.4535000000001,704.3024,192.5952866361901,27.741348517291435,1.5463321069,1.5628846567,1.5463321069,1.5628846567,1.271,1.223,48.97,1.270612,1.222605,48.97,25.6325,23.0,5.84,1.45,0.31,0.998,8.0,267,267,8_19,8_17,854707.8,414.472,11.3829,5.0E-4,404.2619,377.0,399.0,880.0,705.0,878.552,704.6610000000001,878.552,704.6610000000001,192.59525854397225,27.741246938042693,2.309,2.147,61.72,0.00156,0.0015,55.28,878.552,704.6610000000001,192.59525854397225,27.741246938042693,2.0212300169,2.0545861275,2.0212300169,2.0545861275,1.458,1.396,50.38,1.458491,1.39593,50.38,22.9185,0.0,6.03,1.075,0.07,0.999,8.0,,,0.37188198396804095
8205,8205,8_3,8_189,3219.205,35.12775,17.443,0.0119,2.033656,709.0,709.0,529.0,637.0,528.9234,636.7372,528.9234,636.7372,192.705820194158,27.76301027929573,12.181,6.301,79.79,0.12863,0.06868,79.53,528.9234,636.7372,192.705820194158,27.76301027929573,175.96971826,278.9200497,175.96971826,278.9200497,16.701,13.265,-89.29,16.70137,13.26476,-89.29,25.2898,19.0,3.95,1.933,0.483,0.148,8.0,274,274,8_26,8_10,314.1472,26.84569,19.9696,0.0928,404.5667,8.0,8.0,529.0,637.0,529.1047,636.8605,529.1047,636.8605,192.70576361740817,27.762974251839267,0.853,0.666,45.22,0.08655,0.06835,44.99,529.1047,636.8605,192.70576361740817,27.762974251839267,1.1186609778,1.1155396706,1.1186609778,1.1155396706,1.092,1.02,44.41,1.092466,1.020156,44.41,22.8946,0.0,4.47,1.28,0.219,0.322,8.0,,,0.2192546008638822
8291,8291,8_89,8_372,2283.53,38.10318,17.8159,0.0181,3.730255,1142.0,1142.0,585.0,959.0,583.79,958.7078,583.79,958.7078,192.6911942890165,27.672070046016504,20.138,7.859,34.48,0.19129,0.07378,34.64,583.79,958.7078,192.6911942890165,27.672070046016504,0.41318180526,0.39430363935,0.41318180526,0.39430363935,0.644,0.626,16.57,0.6442172,0.626474,16.57,26.8086,19.0,5.34,2.563,0.61,0.0,8.0,256,256,8_8,8_28,156.0555,20.71743,20.7292,0.1442,404.9249,5.0,5.0,585.0,959.0,584.5774,958.8021,584.5774,958.8021,192.69094492655523,27.67203760841961,0.748,0.447,69.52,0.12263,0.07101,71.46,584.5774,958.8021,192.69094492655523,27.67203760841961,0.917324394,0.82914172533,0.917324394,0.82914172533,0.992,0.873,33.34,0.9922735,0.8728455,33.34,22.9041,0.0,3.4,1.673,0.402,0.482,8.0,,,0.7930266388968725
8410,8410,8_208,8_281,15333.56,50.59996,15.7483,0.0036,3.690493,70.0,70.0,592.0,865.0,591.5425,864.733,591.5425,864.733,192.68790681644188,27.69843509922457,1.039,0.969,22.47,0.00355,0.00332,22.16,591.5425,864.733,192.68790681644188,27.69843509922457,0.40951472137,0.38080258877,0.40951472137,0.38080258877,0.644,0.613,21.37,0.643977,0.6128711,21.37,27.5801,0.0,1.87,1.072,0.067,0.984,8.0,259,259,8_11,8_25,12947.17,86.09203,15.932,0.0072,404.0628,58.0,67.0,592.0,865.0,591.6508,865.0716,591.6508,865.0716,192.68787536681387,27.698339078667797,1.662,1.521,49.51,0.01501,0.01381,49.05,591.6508,865.0716,192.68787536681387,27.698339078667797,0.91929738589,0.91432761377,0.91929738589,0.91432761377,0.982,0.932,43.53,0.9824693,0.9318686,43.53,22.8774,0.0,3.05,1.093,0.085,0.98,8.0,,,0.3554980309369174
8467,8467,8_265,8_239,49388.75,90.19123,14.4783,0.002,3.741538,69.0,69.0,815.0,775.0,815.3595,774.9404999999999,815.3595,774.9404999999999,192.61597553291688,27.72197654912773,0.926,0.841,16.73,0.00172,0.00156,17.05,815.3595,774.9404999999999,192.61597553291688,27.72197654912773,0.34092404425,0.27532791671,0.34092404425,0.27532791671,0.585,0.524,7.84,0.5849723,0.5235068,7.84,27.8802,0.0,1.56,1.102,0.092,1.0,8.0,263,263,8_15,8_21,45572.77,127.6407,14.5656,0.003,403.3481,103.0,112.0,815.0,775.0,815.4775999999999,775.3129,815.4775999999999,775.3129,192.6159413220883,27.721870940176693,1.815,1.669,52.4,0.00731,0.0068,53.0,815.4775999999999,775.3129,192.6159413220883,27.721870940176693,0.99287920084,0.96780073797,0.99287920084,0.96780073797,1.018,0.962,38.45,1.017675,0.9617783,38.45,22.878,0.0,3.15,1.087,0.08,0.986,8.0,,,0.39067808999231346
8511,8511,8_309,8_201,11110.2,43.3386,16.0981,0.0042,2.051507,60.0,60.0,1009.0,686.0,1009.0118,686.2079,1009.0118,686.2079,192.5536191891352,27.74541718695157,1.049,0.993,64.1,0.00424,0.00401,64.41,1009.0118,686.2079,192.5536191891352,27.74541718695157,0.42790227495,0.43272518601,0.42790227495,0.43272518601,0.665,0.647,50.73,0.6651736,0.6466618,50.73,25.283,16.0,1.85,1.057,0.054,0.982,8.0,269,269,8_21,8_15,9466.791,80.88653,16.2719,0.0093,402.7926,55.0,63.0,1009.0,686.0,1009.2109,686.613,1009.2109,686.613,192.5535595748792,27.745301740288944,1.711,1.484,63.72,0.02042,0.01666,66.15,1009.2109,686.613,192.5535595748792,27.745301740288944,0.97845592309,0.98773569144,0.97845592309,0.98773569144,1.016,0.966,47.66,1.01648,0.9658981,47.66,22.8715,24.0,3.25,1.153,0.133,0.981,8.0,,,0.451383229639812
8528,8528,8_326,8_189,1572.215,23.701,18.2211,0.0164,2.03041,275.0,275.0,512.0,649.0,512.1097,648.6427,512.1097,648.6427,192.7112703778839,27.759789044800847,8.787,4.501,51.37,0.13411,0.06766,51.37,512.1097,648.6427,192.7112703778839,27.759789044800847,39.687695815,72.097274687,39.687695815,72.097274687,8.613,6.132,76.19,8.612796,6.132268,76.19,25.2348,19.0,4.4,1.952,0.488,0.034,8.0,273,273,8_25,8_11,207.8927,25.05178,20.4178,0.1309,403.3879,6.0,7.0,512.0,649.0,512.256,649.0008,512.256,649.0008,192.7112269737597,27.759687265406527,0.726,0.695,85.79,0.09572,0.08885,89.89,512.256,649.0008,192.7112269737597,27.759687265406527,1.339119499,1.2162753495,1.339119499,1.2162753495,1.158,1.102,7.05,1.158027,1.101983,7.05,22.8336,0.0,2.55,1.044,0.042,0.433,8.0,,,0.38683239264573577
8558,8558,8_356,8_161,16524.76,52.63226,15.6671,0.0035,3.95542,68.0,68.0,967.0,606.0,967.1033,606.113,967.1033,606.113,192.5662171282511,27.7682621125886,1.011,0.966,41.38,0.0033,0.00318,38.98,967.1033,606.113,192.5662171282511,27.7682621125886,0.3793760458,0.37759284534,0.3793760458,0.37759284534,0.625,0.605,42.99,0.6254838,0.6047635,42.99,27.1353,0.0,1.71,1.046,0.044,0.999,8.0,279,279,8_31,8_5,14212.67,89.08495,15.8307,0.0068,403.2813,68.0,72.0,967.0,606.0,967.2201,606.5159,967.2201,606.5159,192.5661836352756,27.768147935249456,1.696,1.559,57.94,0.01469,0.01369,40.98,967.2201,606.5159,192.5661836352756,27.768147935249456,0.93563793191,0.97274375454,0.93563793191,0.97274375454,1.006,0.946,54.22,1.006398,0.9463324,54.22,22.8937,0.0,3.18,1.088,0.081,0.987,8.0,,,0.4194885576507988
8571,8571,8_369,8_435,2066.095,26.39405,17.9245,0.0139,2.043627,329.0,329.0,728.0,1006.0,728.0538,1005.5774,728.0538,1005.5774,192.64577278789017,27.657799245742208,9.73,4.779,61.81,0.12769,0.05951,63.34,728.0538,1005.5774,192.64577278789017,27.657799245742208,35.264106429,32.512919699,35.264106429,32.512919699,5.978,5.66,21.03,5.978401,5.660013,21.03,25.3017,19.0,3.74,2.036,0.509,0.316,8.0,251,251,8_3,8_33,498.9577,34.79948,19.4672,0.0757,404.1967,13.0,14.0,728.0,1006.0,727.6934,1005.8185,727.6934,1005.8185,192.6458894232486,27.65773420141322,1.099,0.896,61.15,0.09101,0.07091,65.28,727.6934,1005.8185,192.6458894232486,27.65773420141322,1.2837206014,1.3221478778,1.2837206014,1.3221478778,1.163,1.119,56.29,1.163172,1.11933,56.29,22.8603,16.0,4.43,1.227,0.185,0.033,8.0,,,0.43360969776978037
8700,8700,8_498,8_420,549940.2,300.3951,11.8616,6.0E-4,2.05785,74.0,74.0,701.0,1001.0,701.4063,1001.1945,701.4063,1001.1945,192.6541996743828,27.659234424097228,0.837,0.779,7.7,4.6E-4,4.3E-4,7.68,701.4063,1001.1945,192.6541996743828,27.659234424097228,0.31309788952,0.24152729516,0.31309788952,0.24152729516,0.56,0.491,2.97,0.559724,0.4912578,2.97,25.201,4.0,3.27,1.075,0.069,1.0,8.0,250,250,8_2,8_34,544015.2,333.1405,11.8734,7.0E-4,404.129,253.0,269.0,701.0,1001.0,701.5181,1001.5673,701.5181,1001.5673,192.65416745702555,27.659128752396285,1.968,1.826,57.68,0.00166,0.00158,55.93,701.5181,1001.5673,192.65416745702555,27.659128752396285,1.0238087378,1.0077428315,1.0238087378,1.0077428315,1.028,0.988,39.22,1.027538,0.9877844,39.22,22.8591,16.0,3.17,1.078,0.072,0.997,8.0,,,0.389203134622624
8715,8715,8_513,8_414,5800.735,33.08168,16.8037,0.0062,3.2854,138.0,138.0,982.0,966.0,982.0968,966.1904,982.0968,966.1904,192.5647127619524,27.666913674207155,2.542,1.427,-87.06,0.01718,0.009,89.18,982.0968,966.1904,192.5647127619524,27.666913674207155,0.58215860844,0.55679226019,0.58215860844,0.55679226019,0.774,0.735,32.34,0.7740392,0.7347205,32.34,26.403,3.0,2.08,1.782,0.439,0.994,8.0,254,254,8_6,8_30,4103.741,64.78708,17.1795,0.0171,405.3503,36.0,45.0,982.0,966.0,982.1479,966.4947,982.1479,966.4947,192.5646992867865,27.66682772043373,1.533,1.371,58.82,0.03102,0.02712,65.27,982.1479,966.4947,192.5646992867865,27.66682772043373,0.89847600406,0.87542650943,0.89847600406,0.87542650943,0.977,0.905,40.08,0.9769505,0.9052459,40.08,22.9537,0.0,3.12,1.118,0.106,0.979,8.0,,,0.30856069095075817
8782,8782,9_1,9_694,10097.92,53.05882,16.2018,0.0057,1.472846,2080.0,2080.0,1390.0,944.0,1390.1812,944.4254,1390.1812,944.4254,192.4348788625952,27.669783745748305,43.222,7.643,70.74,0.27548,0.04771,70.81,1390.1812,944.4254,192.4348788625952,27.669783745748305,379.41579202,391.29535027,379.41579202,391.29535027,20.027,19.225,56.08,20.02741,19.22535,56.08,25.7013,19.0,9.81,5.655,0.823,0.028,9.0,291,291,9_9,9_37,3157.936,78.65102,17.4639,0.027,403.4663,66.0,71.0,1390.0,944.0,1390.4368,945.0578,1390.4368,945.0578,192.43480360159424,27.66960388900326,3.538,1.303,63.2,0.10069,0.03679,63.69,1390.4368,945.0578,192.43480360159424,27.66960388900326,3.1345418639,4.9747777841,3.1345418639,4.9747777841,2.419,1.503,60.41,2.418745,1.502995,60.41,22.9138,0.0,11.73,2.716,0.632,0.0,9.0,,,0.6821005204514022
8783,8783,9_2,9_640,9078.237,67.56615,16.3174,0.0081,3.02378,6632.0,6632.0,1205.0,832.0,1205.2473,831.956,1205.2473,831.956,192.4925853347107,27.70289028894164,37.142,30.239,-86.14,0.17278,0.14273,-86.24,1205.2473,831.956,192.4925853347107,27.70289028894164,238.85138419,241.68774577,238.85138419,241.68774577,15.639,15.361,54.59,15.63926,15.36076,54.59,28.0257,19.0,3.03,1.228,0.186,0.018,9.0,301,301,9_19,9_27,1098.451,44.46654,18.6105,0.044,403.408,21.0,23.0,1205.0,832.0,1205.2127,832.0624,1205.2127,832.0624,192.49259731121336,27.702860653382213,1.277,1.117,30.61,0.06164,0.05417,21.42,1205.2127,832.0624,192.49259731121336,27.702860653382213,0.97205727651,0.93489735055,0.97205727651,0.93489735055,1.023,0.927,39.3,1.023434,0.9271129,39.3,22.9153,0.0,3.63,1.144,0.126,0.606,9.0,,,0.11188440463263208
8784,8784,9_3,9_640,17882.34,77.6317,15.5813,0.0047,1.585867,6821.0,6821.0,1318.0,815.0,1318.1893,815.2244000000001,1318.1893,815.2244000000001,192.45654279240765,27.70668734256844,54.843,27.619,80.84,0.264,0.13239,81.72,1318.1893,815.2244000000001,192.45654279240765,27.70668734256844,819.69165501,2950.8363076,819.69165501,2950.8363076,54.843,27.619,80.84,54.84267,27.619,80.84,25.7254,19.0,2.99,1.986,0.496,0.06,9.0,303,303,9_21,9_25,735.0006,37.07608,19.0467,0.0548,402.491,16.0,16.0,1318.0,815.0,1318.1826,815.3984,1318.1826,815.3984,192.4565465425078,27.70663848233769,1.117,0.932,32.65,0.07148,0.05726,29.7,1318.1826,815.3984,192.4565465425078,27.70663848233769,0.79191010455,0.77193335589,0.79191010455,0.77193335589,0.891,0.877,19.09,0.8914189,0.8770495,19.09,22.8724,0.0,3.02,1.198,0.166,0.432,9.0,,,0.1741289464735579
8786,8786,9_5,9_436,36842.61,113.3111,14.7965,0.0033,1.606802,13455.0,13455.0,1221.0,588.0,1221.0061,587.6118,1221.0061,587.6118,192.48531962686903,27.77145272453092,149.18,33.102,46.49,0.48878,0.10702,46.64,1221.0061,587.6118,192.48531962686903,27.77145272453092,11123.698928,12226.662653,11123.698928,12226.662653,149.18,33.102,46.49,149.1799,33.10188,46.49,25.6634,19.0,4.0,4.507,0.778,0.001,9.0,317,317,9_35,9_11,646.4899,38.1453,19.186,0.0641,402.9491,15.0,17.0,1221.0,588.0,1220.8383,587.7306,1220.8383,587.7306,192.48537407466324,27.77142067427878,1.191,0.991,10.68,0.08359,0.0694,9.4,1220.8383,587.7306,192.48537407466324,27.77142067427878,1.7939269644,1.7190284387,1.7939269644,1.7190284387,1.375,1.274,36.87,1.374864,1.273854,36.87,22.8669,0.0,4.12,1.202,0.168,0.259,9.0,,,0.20559737352419838
8788,8788,9_7,9_315,4607.477,39.83875,17.0537,0.0094,1.658301,1236.0,1236.0,1423.0,609.0,1422.6608,609.6736,1422.6608,609.6736,192.42141654156745,27.7636203989191,27.472,9.377,27.09,0.24456,0.08318,27.06,1422.6608,609.6736,192.42141654156745,27.7636203989191,1401.9824879,1488.0487333,1401.9824879,1488.0487333,38.745,37.268,70.02,38.7448,37.26757,70.02,25.5213,19.0,4.74,2.93,0.659,0.007,9.0,315,315,9_33,9_13,361.3752,31.80091,19.8175,0.0956,402.6069,10.0,12.0,1423.0,609.0,1422.6745,609.4617,1422.6745,609.4617,192.4214101950957,27.76367984985836,1.089,0.821,-36.15,0.11033,0.08422,-37.26,1422.6745,609.4617,192.4214101950957,27.76367984985836,1.7716096135,1.502792603,1.7716096135,1.502792603,1.331,1.226,0.44,1.331024,1.225878,0.44,22.8835,0.0,4.87,1.327,0.247,0.076,9.0,,,0.2123424121554741
8794,8794,9_13,9_174,1807.524,25.39321,18.0697,0.0153,3.160027,587.0,587.0,1169.0,573.0,1168.6952,572.6498,1168.6952,572.6498,192.5018137784368,27.776076717315657,12.621,4.621,-10.99,0.15007,0.05425,-11.28,1168.6952,572.6498,192.5018137784368,27.776076717315657,1.5013842701,1.4745329354,1.5013842701,1.4745329354,1.229,1.21,-27.26,1.229263,1.210301,-27.26,27.6885,19.0,3.93,2.731,0.634,0.022,9.0,319,319,9_37,9_8,481.676,34.81662,19.5055,0.0785,404.758,12.0,14.0,1169.0,573.0,1168.574,572.7213,1168.574,572.7213,192.501852972709,27.77605758498899,1.007,0.975,45.17,0.08112,0.07932,2.93,1168.574,572.7213,192.501852972709,27.77605758498899,1.5824249921,1.5807583111,1.5824249921,1.5807583111,1.265,1.25,-43.77,1.265314,1.249865,-43.77,22.9391,0.0,4.88,1.033,0.032,0.137,9.0,,,0.1407184778201244
8795,8795,9_14,9_174,4343.42,33.51279,17.1178,0.0084,3.109586,626.0,626.0,1182.0,551.0,1182.0072,551.3662,1182.0072,551.3662,192.49738510156467,27.781953325062485,5.646,4.455,29.96,0.04805,0.0357,32.49,1182.0072,551.3662,192.49738510156467,27.781953325062485,1.8535307691,1.7035647971,1.8535307691,1.7035647971,1.369,1.298,-18.85,1.368692,1.297604,-18.85,27.2795,3.0,3.92,1.267,0.211,0.029,9.0,322,322,9_40,9_5,2600.195,67.40288,17.6749,0.0282,403.7707,47.0,51.0,1182.0,551.0,1182.4665,551.5275,1182.4665,551.5275,192.49724054296692,27.78190431567612,1.794,1.653,-10.09,0.0554,0.05003,-6.26,1182.4665,551.5275,192.49724054296692,27.78190431567612,2.145732995,2.0623129552,2.145732995,2.0623129552,1.469,1.432,-19.62,1.46897,1.431842,-19.62,22.8896,0.0,4.97,1.085,0.079,0.088,9.0,,,0.4867999383730245
8820,8820,9_39,9_79,1868.967,19.68556,18.0334,0.0114,2.983741,106.0,106.0,1296.0,534.0,1296.2912,533.9023,1296.2912,533.9023,192.460884623312,27.78594470515151,2.033,1.514,48.11,0.02437,0.0165,47.5,1296.2912,533.9023,192.460884623312,27.78594470515151,0.95256810282,0.94472604525,0.95256810282,0.94472604525,0.99,0.958,41.4,0.9899228,0.9577823,41.4,26.723,0.0,3.03,1.343,0.255,0.351,9.0,323,323,9_41,9_4,1059.08,41.87265,18.6501,0.0429,402.9792,18.0,20.0,1296.0,534.0,1296.4845,534.2154,1296.4845,534.2154,192.4608260719519,27.785855135616096,1.159,1.092,44.66,0.05613,0.0519,38.47,1296.4845,534.2154,192.4608260719519,27.785855135616096,0.93310118813,0.91058354273,0.93310118813,0.91058354273,0.976,0.944,34.43,0.9762511,0.9437259,34.43,22.8834,0.0,3.26,1.061,0.058,0.75,9.0,,,0.36796263397266377
8825,8825,9_44,9_66,1317.634,17.55712,18.4129,0.0145,1.679858,96.0,96.0,1502.0,524.0,1502.2092,523.827,1502.2092,523.827,192.39531734932095,27.78709836914216,2.13,1.695,74.47,0.03073,0.02348,75.64,1502.2092,523.827,192.39531734932095,27.78709836914216,1.5311172081,1.7479342001,1.5311172081,1.7479342001,1.337,1.222,68.81,1.336524,1.221784,68.81,25.2781,16.0,3.96,1.257,0.204,0.36,9.0,325,325,9_43,9_2,577.325,36.93448,19.3089,0.0695,402.2058,12.0,16.0,1502.0,524.0,1502.2706,523.8659,1502.2706,523.8659,192.3952981956488,27.787086930134937,1.259,0.872,70.62,0.09347,0.0655,71.43,1502.2706,523.8659,192.3952981956488,27.787086930134937,1.1128763265,1.4719057791,1.1128763265,1.4719057791,1.237,1.027,69.65,1.236602,1.027423,69.65,22.8692,0.0,5.83,1.443,0.307,0.533,9.0,,,0.07268541806997432
8871,8871,9_90,9_793,2532.661,21.73034,17.7035,0.0093,1.455418,70.0,70.0,1050.0,1012.0,1050.4275,1011.2879,1050.4275,1011.2879,192.54341652056536,27.65369923685268,1.557,1.024,82.3,0.01725,0.00959,83.18,1050.4275,1011.2879,192.54341652056536,27.65369923685268,0.39200431337,0.24082733474,0.39200431337,0.24082733474,0.626,0.491,-0.21,0.6261041,0.4907396,-0.21,25.3669,24.0,2.66,1.52,0.342,0.969,9.0,286,286,9_4,9_43,3202.468,47.15154,17.4487,0.016,402.9193,19.0,22.0,1050.0,1013.0,1050.4894,1012.2705,1050.4894,1012.2705,192.54340581736892,27.653422490949367,1.389,0.776,-0.12,0.03152,0.01777,-0.1,1050.4894,1012.2705,192.54340581736892,27.653422490949367,0.61651033361,0.27880703864,0.61651033361,0.27880703864,0.785,0.528,-0.58,0.785204,0.5279887,-0.58,22.8845,24.0,3.44,1.79,0.441,0.979,9.0,4,3,0.9845477997537045
8921,8921,9_140,9_694,2051.615,29.78721,17.9322,0.0158,3.016214,968.0,968.0,1442.0,914.0,1442.1389,914.3652,1442.1389,914.3652,192.41809245857772,27.677811534726004,14.718,10.059,50.11,0.15086,0.10774,49.79,1442.1389,914.3652,192.41809245857772,27.677811534726004,2.9518718425,2.859137316,2.9518718425,2.859137316,1.76,1.647,38.0,1.759858,1.647395,38.0,27.6362,19.0,3.67,1.463,0.317,0.014,9.0,295,295,9_13,9_33,385.9295,29.47673,19.7461,0.0829,402.189,10.0,10.0,1442.0,914.0,1442.0141,914.506,1442.0141,914.506,192.4181334266247,27.67777297140216,1.034,0.664,63.34,0.0988,0.06067,63.42,1442.0141,914.506,192.4181334266247,27.67777297140216,1.1614911174,1.2756916701,1.1614911174,1.2756916701,1.176,1.027,55.18,1.175867,1.026898,55.18,22.8434,0.0,4.92,1.559,0.358,0.128,9.0,,,0.18814802682983262
8962,8962,9_181,9_670,6724.652,35.33318,16.6432,0.0057,2.871916,250.0,250.0,1351.0,942.0,1350.2751,942.8992,1350.2751,942.8992,192.4475404165661,27.67053605818076,2.616,2.052,-88.46,0.01764,0.01377,83.96,1350.2751,942.8992,192.4475404165661,27.67053605818076,0.57196032425,0.56291402759,0.57196032425,0.56291402759,0.768,0.738,39.09,0.7678004,0.7384828,39.09,27.2352,0.0,3.12,1.275,0.216,0.851,9.0,292,292,9_10,9_36,4899.588,66.31884,16.987,0.0147,401.443,41.0,45.0,1351.0,942.0,1350.6723,942.6775,1350.6723,942.6775,192.44741217657173,27.67059517216194,1.506,1.37,58.2,0.02692,0.02418,52.18,1350.6723,942.6775,192.44741217657173,27.67059517216194,0.84508657073,0.87404803994,0.84508657073,0.87404803994,0.954,0.899,53.23,0.9543061,0.8991299,53.23,22.8091,0.0,2.98,1.099,0.09,0.981,9.0,,,0.45488320478984734
9001,9001,9_220,9_640,10283.54,64.16362,16.182,0.0068,2.943701,5036.0,5036.0,1196.0,893.0,1196.3516,893.517,1196.3516,893.517,192.49597989328487,27.68565468200667,48.249,19.1,0.71,0.23093,0.09008,1.6,1196.3516,893.517,192.49597989328487,27.68565468200667,1.3787513973,1.2898045817,1.3787513973,1.2898045817,1.184,1.126,24.22,1.183771,1.125718,24.22,27.8195,19.0,2.34,2.526,0.604,0.031,9.0,297,297,9_15,9_31,2734.332,55.81638,17.6203,0.0222,402.4293,28.0,34.0,1196.0,893.0,1196.431,893.7419,1196.431,893.7419,192.4959567421111,27.685590822380117,1.383,1.286,46.07,0.03556,0.03319,54.74,1196.431,893.7419,192.4959567421111,27.685590822380117,0.88061676302,0.86946054697,0.88061676302,0.86946054697,0.954,0.916,40.49,0.9542541,0.9162295,40.49,22.8605,0.0,3.16,1.075,0.07,0.968,9.0,,,0.23850444440299795
9003,9003,9_222,9_640,37634.31,84.68755,14.7734,0.0024,3.049135,1890.0,1890.0,1115.0,820.0,1115.4605,819.6137,1115.4605,819.6137,192.52100292681288,27.7070739161546,9.323,7.249,83.65,0.02893,0.02259,81.93,1115.4605,819.6137,192.52100292681288,27.7070739161546,0.4227430659,0.41131705884,0.4227430659,0.41131705884,0.654,0.637,29.6,0.6543621,0.6370796,29.6,27.4987,3.0,1.83,1.286,0.222,0.753,9.0,302,302,9_20,9_26,31963.27,114.2894,14.9508,0.0039,403.9408,90.0,99.0,1115.0,820.0,1115.5707,820.0068,1115.5707,820.0068,192.5209715099894,27.70696253105093,1.823,1.64,61.65,0.00933,0.00826,60.62,1115.5707,820.0068,192.5209715099894,27.70696253105093,0.97852937964,0.99453709506,0.97852937964,0.99453709506,1.013,0.973,50.72,1.013358,0.9727135,50.72,22.93,0.0,3.23,1.112,0.1,0.981,9.0,,,0.40825439373020855
9005,9005,9_224,9_640,11886.71,52.87987,16.0248,0.0048,3.02609,1645.0,1645.0,1121.0,803.0,1121.1028,802.8031,1121.1028,802.8031,192.5190558243324,27.711755192630857,15.916,7.162,10.8,0.08108,0.037,10.82,1121.1028,802.8031,192.5190558243324,27.711755192630857,0.55382906876,0.5445645987,0.55382906876,0.5445645987,0.748,0.735,30.66,0.7475607,0.7345384,30.66,27.4731,3.0,1.91,2.222,0.55,0.934,9.0,305,305,9_23,9_23,7745.575,75.94453,16.4898,0.0106,403.728,51.0,57.0,1121.0,803.0,1121.2278,803.1592,1121.2278,803.1592,192.51901936531297,27.711654092208423,1.651,1.473,55.89,0.0217,0.01877,56.22,1121.2278,803.1592,192.51901936531297,27.711654092208423,0.93439032143,0.94957684457,0.93439032143,0.94957684457,0.987,0.954,52.0,0.9866047,0.9542423,52.0,22.9203,0.0,3.1,1.121,0.108,0.976,9.0,,,0.377401921033875
9020,9020,9_239,9_628,17054.17,56.49866,15.6328,0.0036,1.544817,626.0,626.0,1492.0,854.0,1492.0601,854.1744,1492.0601,854.1744,192.40166635029456,27.694323695001987,5.949,2.834,-54.9,0.02795,0.01287,-54.46,1492.0601,854.1744,192.40166635029456,27.694323695001987,0.40184747173,0.41122490806,0.40184747173,0.41122490806,0.646,0.63,58.67,0.6455563,0.6295471,58.67,25.5259,18.0,1.67,2.099,0.524,0.993,9.0,299,299,9_17,9_29,12800.66,86.98147,15.9443,0.0074,402.5977,60.0,68.0,1492.0,854.0,1492.1615,854.557,1492.1615,854.557,192.40163775208407,27.694215311470472,1.671,1.508,64.14,0.01552,0.01404,58.46,1492.1615,854.557,192.40163775208407,27.694215311470472,0.87551905412,0.92357036966,0.87551905412,0.92357036966,0.972,0.924,60.94,0.9721357,0.9241437,60.94,22.8613,0.0,3.02,1.108,0.097,0.983,9.0,,,0.3958089438100427
9057,9057,9_276,9_596,778.0735,13.82023,18.9849,0.0193,1.508392,96.0,96.0,1505.0,919.0,1504.8734,918.7203,1504.8734,918.7203,192.3982062731287,27.67607403721128,2.256,1.865,73.84,0.04588,0.03681,74.55,1504.8734,918.7203,192.3982062731287,27.67607403721128,1.7889955401,1.9545550294,1.7889955401,1.9545550294,1.4,1.335,79.05,1.400353,1.335126,79.05,25.4742,19.0,3.66,1.209,0.173,0.324,9.0,294,294,9_12,9_34,206.0617,22.71345,20.4274,0.1197,402.6219,5.0,6.0,1505.0,919.0,1504.8218,918.8103,1504.8218,918.8103,192.3982235145453,27.676049160341865,0.755,0.565,44.2,0.10393,0.07679,45.0,1504.8218,918.8103,192.3982235145453,27.676049160341865,0.71323212012,0.73254739587,0.71323212012,0.73254739587,0.891,0.808,48.92,0.8909026,0.8075098,48.92,22.8624,0.0,3.86,1.336,0.251,0.488,9.0,,,0.10374275878347615
9172,9172,9_391,9_502,51515.83,92.08144,14.4326,0.0019,2.948932,73.0,73.0,1397.0,848.0,1396.6128,848.2664,1396.6128,848.2664,192.43193426162716,27.69676362491745,0.899,0.863,39.78,0.00163,0.00157,38.99,1396.6128,848.2664,192.43193426162716,27.69676362491745,0.33559359109,0.30648608096,0.33559359109,0.30648608096,0.582,0.551,16.48,0.58171,0.5510836,16.48,27.5528,0.0,1.58,1.041,0.039,0.982,9.0,300,300,9_18,9_28,47689.65,130.1192,14.5163,0.003,402.4956,108.0,114.0,1397.0,848.0,1396.7264,848.6691000000001,1396.7264,848.6691000000001,192.4319019459762,27.696649496926245,1.848,1.654,66.49,0.00743,0.00638,71.05,1396.7264,848.6691000000001,192.4319019459762,27.696649496926245,0.94906679165,0.98049921788,0.94906679165,0.98049921788,1.008,0.955,53.77,1.008422,0.9553277,53.77,22.8709,0.0,3.22,1.117,0.105,0.982,9.0,,,0.41841635962287055
9231,9231,9_450,9_455,9424.27,39.74363,16.2768,0.0046,3.042539,75.0,75.0,1279.0,803.0,1278.701,803.3196,1278.701,803.3196,192.46897966842585,27.710352081018677,1.106,1.054,33.25,0.00491,0.00469,31.97,1278.701,803.3196,192.46897966842585,27.710352081018677,0.44242147262,0.4300936668,0.44242147262,0.4300936668,0.671,0.65,32.29,0.6712788,0.6495383,32.29,27.715,0.0,1.98,1.05,0.047,0.984,9.0,304,304,9_22,9_24,7552.038,73.92392,16.5172,0.0106,403.1342,48.0,54.0,1279.0,803.0,1278.816,803.6694,1278.816,803.6694,192.4689463743303,27.71025282115343,1.596,1.437,59.53,0.02087,0.01869,57.18,1278.816,803.6694,192.4689463743303,27.71025282115343,0.89573715303,0.91729003623,0.89573715303,0.91729003623,0.975,0.928,51.93,0.9754486,0.9281849,51.93,22.9007,0.0,3.14,1.111,0.1,0.981,9.0,,,0.3682187393384177
9236,9236,9_455,9_451,11229.01,43.31136,16.0866,0.0042,2.958333,71.0,71.0,1382.0,801.0,1382.2071,800.9055000000001,1382.2071,800.9055000000001,192.4360675245981,27.71019439334291,1.049,1.008,41.26,0.00422,0.00408,46.31,1382.2071,800.9055000000001,192.4360675245981,27.71019439334291,0.41692347057,0.40329484785,0.41692347057,0.40329484785,0.651,0.63,29.69,0.6507612,0.6298636,29.69,27.3504,0.0,1.79,1.041,0.039,0.993,9.0,306,306,9_24,9_22,9237.861,78.71605,16.2985,0.0093,402.0457,55.0,60.0,1382.0,801.0,1382.2996,801.2925,1382.2996,801.2925,192.43604175756468,27.710084852360097,1.65,1.461,62.95,0.01961,0.01665,63.49,1382.2996,801.2925,192.43604175756468,27.710084852360097,0.88746357225,0.91561196015,0.88746357225,0.91561196015,0.975,0.923,53.27,0.975178,0.9230945,53.27,22.8631,0.0,3.07,1.13,0.115,0.982,9.0,,,0.3979010555401321
9434,9434,9_653,9_315,3345.566,35.15404,17.4012,0.0114,3.190829,1030.0,1030.0,1424.0,648.0,1424.4109,647.8386,1424.4109,647.8386,192.4212189179865,27.752878275761024,13.222,8.129,23.93,0.11593,0.07173,24.82,1424.4109,647.8386,192.4212189179865,27.752878275761024,0.89925441833,0.93866316418,0.89925441833,0.93866316418,0.982,0.935,57.79,0.9821433,0.9345117,57.79,27.2214,3.0,2.68,1.627,0.385,0.053,9.0,311,311,9_29,9_17,1376.268,46.81668,18.3656,0.0369,403.1292,21.0,25.0,1424.0,648.0,1424.4737,648.0267,1424.4737,648.0267,192.421200724396,27.752824889637303,1.298,1.127,55.41,0.05372,0.04714,46.95,1424.4737,648.0267,192.421200724396,27.752824889637303,0.80869469504,0.90269303936,0.80869469504,0.90269303936,0.97,0.878,61.64,0.9702254,0.8775252,61.64,22.9151,0.0,3.33,1.152,0.132,0.909,9.0,,,0.19830645476125242
9477,9477,9_696,9_289,19457.61,56.77348,15.4897,0.0032,3.021502,71.0,71.0,1149.0,663.0,1149.4659,662.9304999999999,1149.4659,662.9304999999999,192.50875726611795,27.75085122186496,0.999,0.934,36.45,0.003,0.00282,36.48,1149.4659,662.9304999999999,192.50875726611795,27.75085122186496,0.38256656797,0.33690093948,0.38256656797,0.33690093948,0.622,0.577,16.03,0.6218311,0.5768827,16.03,27.5382,0.0,1.76,1.069,0.065,0.999,9.0,309,309,9_27,9_19,16839.62,94.34212,15.6466,0.0061,403.1319,67.0,77.0,1149.0,663.0,1149.5745,663.3098,1149.5745,663.3098,192.5087262278627,27.750743731702315,1.731,1.543,64.57,0.01375,0.01189,74.55,1149.5745,663.3098,192.5087262278627,27.750743731702315,0.93432224496,0.95581188378,0.93432224496,0.95581188378,1.003,0.94,50.07,1.003026,0.940252,50.07,22.8754,0.0,3.16,1.121,0.108,0.984,9.0,,,0.39454080904267536
9478,9478,9_697,9_288,41536.15,82.73204,14.6663,0.0022,3.116762,75.0,75.0,1201.0,661.0,1201.4777,660.6128,1201.4777,660.6128,192.49220201879967,27.75108804797293,0.948,0.879,45.75,0.00192,0.00179,46.12,1201.4777,660.6128,192.49220201879967,27.75108804797293,0.35085209646,0.34622153284,0.35085209646,0.34622153284,0.605,0.575,41.29,0.6053669,0.5749822,41.29,27.9406,0.0,1.79,1.078,0.072,0.983,9.0,310,310,9_28,9_18,38006.24,121.2763,14.7628,0.0035,403.646,99.0,107.0,1201.0,661.0,1201.6123,661.0015,1201.6123,661.0015,192.4921628180898,27.75097770481272,1.857,1.636,58.37,0.00864,0.00741,55.32,1201.6123,661.0015,192.4921628180898,27.75097770481272,0.95107198712,0.98554187708,0.95107198712,0.98554187708,1.015,0.952,52.95,1.015485,0.9515274,52.95,22.917,0.0,3.22,1.135,0.119,0.982,9.0,,,0.4113451713585593
9512,9512,9_731,9_261,186873.2,175.1289,13.0335,0.001,3.109387,76.0,76.0,1212.0,635.0,1212.4954,635.2316,1212.4954,635.2316,192.48846527102472,27.75813478716745,0.857,0.801,45.46,8.1E-4,7.6E-4,45.5,1212.4954,635.2316,192.48846527102472,27.75813478716745,0.32393951599,0.27481230183,0.32393951599,0.27481230183,0.572,0.521,14.39,0.5721912,0.5209118,14.39,27.9778,0.0,1.49,1.07,0.065,0.999,9.0,312,312,9_30,9_16,182022.5,210.3869,13.0621,0.0013,403.4736,171.0,182.0,1212.0,635.0,1212.616,635.6328,1212.616,635.6328,192.48843063719315,27.758021042192546,1.954,1.751,62.23,0.00323,0.00292,57.1,1212.616,635.6328,192.48843063719315,27.758021042192546,0.97469228467,1.0144332415,0.97469228467,1.0144332415,1.029,0.965,54.0,1.028997,0.9645153,54.0,22.9048,0.0,3.31,1.116,0.104,0.998,9.0,,,0.41893412369966465
9529,9529,9_748,9_249,4956.614,29.26321,16.9744,0.0064,3.059791,78.0,78.0,1123.0,627.0,1123.343,626.9138,1123.343,626.9138,192.51673138993277,27.7611835273896,1.278,1.208,36.15,0.00805,0.00762,29.15,1123.343,626.9138,192.51673138993277,27.7611835273896,0.58324092859,0.57773772394,0.58324092859,0.57773772394,0.777,0.747,41.57,0.776881,0.7466154,41.57,27.2793,0.0,2.23,1.058,0.055,0.989,9.0,313,313,9_31,9_15,3665.181,60.90619,17.3022,0.018,403.2429,33.0,39.0,1123.0,627.0,1123.4196,627.1598,1123.4196,627.1598,192.51670929206475,27.761113765938006,1.499,1.304,54.64,0.03188,0.02689,50.38,1123.4196,627.1598,192.51670929206475,27.761113765938006,0.90614495121,0.94640069418,0.90614495121,0.94640069418,0.995,0.929,54.3,0.9946686,0.9290748,54.3,22.8805,0.0,3.21,1.15,0.13,0.969,9.0,,,0.25765007277307506
9557,9557,9_776,9_234,29809.58,70.25272,15.0265,0.0026,3.354413,65.0,65.0,1066.0,615.0,1066.1049,615.1072,1066.1049,615.1072,192.5348212053221,27.764955621232847,0.941,0.88,52.06,0.00225,0.00211,52.8,1066.1049,615.1072,192.5348212053221,27.764955621232847,0.31374488791,0.31310423592,0.31374488791,0.31310423592,0.57,0.549,44.21,0.5701255,0.5493687,44.21,27.1559,0.0,1.59,1.069,0.065,1.0,9.0,314,314,9_32,9_14,26774.27,108.0135,15.1431,0.0044,402.6166,86.0,92.0,1066.0,615.0,1066.2046,615.5061000000001,1066.2046,615.5061000000001,192.5347931456913,27.764842697450263,1.797,1.583,68.48,0.01044,0.00905,75.18,1066.2046,615.5061000000001,192.5347931456913,27.764842697450263,0.91480365283,0.96019935717,0.91480365283,0.96019935717,1.002,0.934,55.09,1.00165,0.9336487,55.09,22.8628,0.0,3.13,1.135,0.119,0.984,9.0,,,0.4111706458394344
9572,9572,9_791,9_219,14447.85,49.25066,15.8129,0.0037,1.636245,77.0,77.0,1495.0,603.0,1495.3504,603.2533,1495.3504,603.2533,192.3982490662139,27.764829712580894,1.069,1.0,41.88,0.0038,0.00356,44.66,1495.3504,603.2533,192.3982490662139,27.764829712580894,0.41731625256,0.40141448649,0.41731625256,0.40141448649,0.655,0.624,33.06,0.6549894,0.6242752,33.06,25.4105,0.0,1.84,1.069,0.065,0.981,9.0,316,316,9_34,9_12,12109.24,85.05643,16.0046,0.0076,402.1575,63.0,66.0,1495.0,603.0,1495.4575,603.6178,1495.4575,603.6178,192.39821846729535,27.764726377492075,1.709,1.497,62.6,0.01665,0.01387,66.93,1495.4575,603.6178,192.39821846729535,27.764726377492075,0.95379687179,0.98009833624,0.95379687179,0.98009833624,1.015,0.951,51.03,1.014824,0.9508036,51.03,22.8682,0.0,3.11,1.142,0.124,0.982,9.0,,,0.3799087522024251
9613,9613,9_832,9_188,952.3076,17.65203,18.7655,0.0201,3.130661,198.0,198.0,1101.0,577.0,1100.2559,578.162,1100.2559,578.162,192.52362533166533,27.775071227259247,5.174,2.239,-79.52,0.08774,0.0362,-80.08,1100.2559,578.162,192.52362533166533,27.775071227259247,1.8139986129,1.9999740748,1.8139986129,1.9999740748,1.416,1.345,-79.92,1.416348,1.344593,-79.92,26.7333,1.0,5.02,2.311,0.567,0.027,9.0,320,320,9_38,9_9,345.0698,27.85667,19.8676,0.0877,401.6248,7.0,9.0,1101.0,577.0,1100.8347,577.3212,1100.8347,577.3212,192.52343360239013,27.77530299681601,0.902,0.674,72.43,0.09773,0.07057,69.66,1100.8347,577.3212,192.52343360239013,27.77530299681601,0.63755385116,0.87003817381,0.63755385116,0.87003817381,0.934,0.797,-85.27,0.9336187,0.7974636,-85.27,22.8005,0.0,2.97,1.338,0.253,0.514,9.0,,,1.0207615196509414
9620,9620,9_839,9_181,5116.182,29.67957,16.94,0.0063,3.041823,78.0,78.0,1236.0,584.0,1235.8933,583.8677,1235.8933,583.8677,192.48055179941449,27.77238582099074,1.251,1.179,56.77,0.00776,0.00735,63.88,1235.8933,583.8677,192.48055179941449,27.77238582099074,0.56338337537,0.56798370451,0.56338337537,0.56798370451,0.768,0.736,47.78,0.7677538,0.736153,47.78,27.2919,0.0,2.11,1.061,0.057,0.989,9.0,318,318,9_36,9_10,3957.355,65.50572,17.2189,0.018,403.5875,37.0,46.0,1236.0,584.0,1235.9725,584.1307,1235.9725,584.1307,192.48052905222497,27.772311256422228,1.479,1.347,66.21,0.03044,0.02846,81.44,1235.9725,584.1307,192.48052905222497,27.772311256422228,0.86203493289,0.89910907219,0.86203493289,0.89910907219,0.972,0.904,53.43,0.9718398,0.9036987,53.43,22.9017,0.0,3.08,1.098,0.089,0.977,9.0,,,0.2746664158575598
9695,9695,9_914,9_123,956.9559,15.13769,18.7602,0.0172,3.180616,86.0,86.0,1051.0,559.0,1050.9483,559.0078,1050.9483,559.0078,192.5391290260152,27.78084545744903,1.981,1.616,-28.78,0.03216,0.02441,-28.63,1050.9483,559.0078,192.5391290260152,27.78084545744903,1.0474038842,1.065376345,1.0474038842,1.065376345,1.048,1.007,51.28,1.047732,1.007491,51.28,26.7524,0.0,3.13,1.226,0.184,0.039,9.0,321,321,9_39,9_6,464.4195,30.80457,19.5451,0.072,403.4233,10.0,11.0,1051.0,559.0,1050.814,559.3646,1050.814,559.3646,192.53917498182028,27.78074621687246,1.027,0.723,48.83,0.08909,0.05943,49.26,1050.814,559.3646,192.53917498182028,27.78074621687246,0.66827973827,0.67607757238,0.66827973827,0.67607757238,0.874,0.762,46.23,0.8735359,0.7624253,46.23,22.894,0.0,3.26,1.421,0.296,0.562,9.0,,,0.38123841621746196
9703,9703,9_922,9_776,6259.825,33.8553,16.721,0.0059,1.397616,157.0,157.0,1312.0,998.0,1311.4113,998.1243,1311.4113,998.1243,192.46039976837292,27.65532424561866,2.216,1.368,-21.53,0.01572,0.00856,-20.55,1311.4113,998.1243,192.46039976837292,27.65532424561866,0.56480233536,0.56349898385,0.56480233536,0.56349898385,0.757,0.745,42.99,0.7572755,0.7448726,42.99,25.4218,0.0,2.58,1.619,0.382,0.973,9.0,287,287,9_5,9_41,4531.621,65.67082,17.0718,0.0157,402.8114,40.0,45.0,1312.0,998.0,1311.8172,998.2648,1311.8172,998.2648,192.46027215888225,27.65528147790229,1.548,1.358,72.01,0.02977,0.02478,71.71,1311.8172,998.2648,192.46027215888225,27.65528147790229,0.87535407467,0.92243390353,0.87535407467,0.92243390353,0.966,0.93,66.77,0.9659545,0.9299031,66.77,22.8703,0.0,2.87,1.14,0.123,0.979,9.0,,,0.42952888145036744
9767,9767,9_986,9_74,2644.767,22.31634,17.6564,0.0092,2.921491,81.0,81.0,1077.0,532.0,1076.6735,532.2268,1076.6735,532.2268,192.5307043410143,27.788170596533472,1.465,1.352,6.06,0.01324,0.01204,2.25,1076.6735,532.2268,192.5307043410143,27.788170596533472,0.73784375327,0.71104504861,0.73784375327,0.71104504861,0.862,0.84,21.79,0.8619421,0.8402051,21.79,26.5143,0.0,2.5,1.084,0.077,0.983,9.0,324,324,9_42,9_3,1723.104,50.45849,18.1216,0.0318,404.0471,23.0,28.0,1077.0,532.0,1076.7542,532.4186,1076.7542,532.4186,192.5306804292388,27.788116042343987,1.272,1.236,50.87,0.04462,0.04378,84.98,1076.7542,532.4186,192.5306804292388,27.788116042343987,0.8408377566,0.8296556682,0.8408377566,0.8296556682,0.929,0.898,39.38,0.9294828,0.8980842,39.38,22.9082,0.0,3.05,1.029,0.028,0.945,9.0,,,0.20808587169717946
9773,9773,9_992,9_764,1808.417,22.24945,18.0692,0.0134,1.531391,262.0,262.0,1069.0,981.0,1068.9515,981.4865,1068.9515,981.4865,192.5372604157701,27.661932225070316,6.08,2.986,-58.4,0.08876,0.04114,-57.94,1068.9515,981.4865,192.5372604157701,27.661932225070316,9.7349905243,12.159634578,9.7349905243,12.159634578,3.509,3.095,-76.23,3.509213,3.095166,-76.23,25.4225,19.0,3.13,2.036,0.509,0.824,9.0,289,289,9_7,9_39,638.8809,35.65953,19.1989,0.0606,403.3544,13.0,15.0,1069.0,981.0,1068.854,981.5033,1068.854,981.5033,192.53729154121976,27.661928269274394,1.027,0.96,23.83,0.07413,0.06546,14.45,1068.854,981.5033,192.53729154121976,27.661928269274394,0.78562375661,0.82267258308,0.78562375661,0.82267258308,0.908,0.886,79.85,0.9076895,0.8856614,79.85,22.9033,0.0,3.21,1.07,0.066,0.624,9.0,,,0.09893679800747174
9852,9852,9_1071,9_731,2135.3,22.73642,17.8888,0.0116,2.819522,259.0,259.0,1277.0,983.0,1276.3561,983.1429,1276.3561,983.1429,192.47139463682976,27.65981785227709,4.313,2.816,-1.96,0.05224,0.03279,-3.26,1276.3561,983.1429,192.47139463682976,27.65981785227709,1.7094905597,1.640908567,1.7094905597,1.640908567,1.318,1.27,27.97,1.317742,1.270416,27.97,26.894,1.0,5.44,1.532,0.347,0.034,9.0,288,288,9_6,9_40,1101.732,47.08044,18.6072,0.0464,402.715,19.0,26.0,1277.0,983.0,1277.4081,983.5368,1277.4081,983.5368,192.47106415116875,27.659698668802047,1.429,1.153,33.72,0.07288,0.05705,34.24,1277.4081,983.5368,192.47106415116875,27.659698668802047,1.4912717392,1.45457481,1.4912717392,1.45457481,1.248,1.178,38.75,1.248066,1.17821,38.75,22.8733,0.0,4.14,1.24,0.193,0.334,9.0,,,1.1233259589274245
9857,9857,10_5,10_415,2504.315,32.35459,17.7157,0.014,2.456222,1433.0,1433.0,1832.0,631.0,1832.1361,631.1269,1832.1361,631.1269,192.2914706574558,27.75418479020528,31.352,9.357,11.18,0.29381,0.08979,11.04,1832.1361,631.1269,192.2914706574558,27.75418479020528,3.4998280833,3.3232126967,3.4998280833,3.3232126967,1.918,1.773,35.41,1.918389,1.772802,35.41,27.22,19.0,4.44,3.351,0.702,0.0,10.0,345,345,10_20,10_11,254.0019,26.00612,20.2003,0.1112,401.3762,8.0,8.0,1832.0,631.0,1832.449,631.2134,1832.449,631.2134,192.2913720558993,27.754157827225967,1.378,0.455,39.88,0.17942,0.05771,39.93,1832.449,631.2134,192.2913720558993,27.754157827225967,1.3043431039,1.3250320113,1.3043431039,1.3250320113,1.279,0.996,45.92,1.27931,0.9963641,45.92,22.8676,0.0,4.7,3.028,0.67,0.26,10.0,,,0.32463619638000873
9880,9880,10_28,10_70,10264.29,41.50844,16.1841,0.0044,2.39617,73.0,73.0,1918.0,527.0,1917.6094,526.8652,1917.6094,526.8652,192.2632861897717,27.782761179740447,1.098,0.998,52.25,0.00462,0.00419,50.87,1917.6094,526.8652,192.2632861897717,27.782761179740447,0.42340137548,0.41489096316,0.42340137548,0.41489096316,0.665,0.629,39.66,0.6649176,0.6294259,39.66,26.6751,0.0,1.85,1.1,0.091,0.987,10.0,326,326,10_1,10_2,8271.527,75.91675,16.4184,0.01,401.6439,54.0,55.0,1918.0,527.0,1917.6993,527.2151,1917.6993,527.2151,192.26326103940065,27.78266207264736,1.635,1.398,61.5,0.01993,0.01706,60.71,1917.6993,527.2151,192.26326103940065,27.78266207264736,0.83814199097,0.90406014899,0.83814199097,0.90406014899,0.975,0.89,57.38,0.9745688,0.8901784,57.38,22.8607,0.0,3.03,1.169,0.145,0.983,10.0,,,0.361264473758524
9928,9928,10_76,10_1,2071.594,19.21309,17.9216,0.0101,1.143244,37.0,37.0,1708.0,504.0,1707.9248,504.2683,1707.9248,504.2683,192.3297263851488,27.79088684837659,1.063,0.873,2.25,0.01014,0.00863,-0.04,1707.9248,504.2683,192.3297263851488,27.79088684837659,0.43934672828,0.30912612758,0.43934672828,0.30912612758,0.663,0.556,3.67,0.663238,0.5555072,3.67,25.3733,24.0,1.76,1.218,0.179,0.981,10.0,128,128,3_33,3_34,3032.59,56.83001,17.5079,0.0204,401.9185,30.0,35.0,1708.0,503.0,1707.7514,502.94,1707.7514,502.94,192.3297687275613,27.7912616327738,1.395,1.283,72.65,0.03299,0.03029,87.88,1707.7514,502.94,192.3297687275613,27.7912616327738,0.82760268847,0.86608721185,0.82760268847,0.86608721185,0.947,0.893,56.29,0.9470777,0.8925995,56.29,22.8779,16.0,3.05,1.087,0.08,0.971,3.0,1,2,1.3395702482512817
9941,9941,10_89,10_952,21842.66,60.13134,15.3641,0.003,2.119071,71.0,71.0,1545.0,986.0,1545.3222,985.7845,1545.3222,985.7845,192.38599475599955,27.656888887903214,0.972,0.916,41.1,0.00274,0.00259,42.19,1545.3222,985.7845,192.38599475599955,27.656888887903214,0.36090101511,0.34523184409,0.36090101511,0.34523184409,0.608,0.58,31.38,0.6084269,0.5796115,31.38,26.7375,0.0,1.69,1.061,0.057,0.984,10.0,328,328,10_3,10_30,19030.86,97.53846,15.5138,0.0056,402.9573,74.0,82.0,1545.0,986.0,1545.4114,986.1509,1545.4114,986.1509,192.38596990478345,27.656785152593766,1.719,1.581,69.04,0.01236,0.01155,87.45,1545.4114,986.1509,192.38596990478345,27.656785152593766,0.89732691304,0.92738310503,0.89732691304,0.92738310503,0.987,0.923,52.13,0.9865971,0.9226788,52.13,22.8924,0.0,3.02,1.088,0.081,0.983,10.0,,,0.3771015778274863
10138,10138,10_286,10_803,1867.301,20.78274,18.0344,0.0121,2.533343,247.0,247.0,1554.0,903.0,1553.6635,904.1332,1553.6635,904.1332,192.38257037772465,27.67977341183319,4.102,2.649,-43.45,0.05201,0.02961,-44.08,1553.6635,904.1332,192.38257037772465,27.67977341183319,2.4864722631,2.0166940386,2.4864722631,2.0166940386,1.681,1.295,32.91,1.680777,1.295436,32.91,27.1281,1.0,6.39,1.549,0.354,0.029,10.0,331,331,10_6,10_27,1044.503,47.96524,18.6651,0.0499,402.4503,24.0,27.0,1553.0,902.0,1554.1777,903.3273,1554.1777,903.3273,192.3823993936824,27.679995719150597,1.884,1.002,32.56,0.09899,0.05453,32.49,1554.1777,903.3273,192.3823993936824,27.679995719150597,2.1156070445,1.6602102835,2.1156070445,1.6602102835,1.579,1.133,33.93,1.578648,1.132999,33.93,22.8836,0.0,8.22,1.88,0.468,0.077,10.0,,,0.9559688540950293
10188,10188,10_336,10_767,2709.555,28.79345,17.6302,0.0115,2.537695,815.0,815.0,1888.0,776.0,1888.1663,776.2147,1888.1663,776.2147,192.27508011058737,27.712929177620914,22.24,4.684,21.97,0.21874,0.04514,21.81,1888.1663,776.2147,192.27508011058737,27.712929177620914,0.70720083103,0.72460039403,0.70720083103,0.72460039403,0.866,0.826,52.32,0.8662055,0.8255236,52.32,27.1154,19.0,2.74,4.748,0.789,0.118,10.0,338,338,10_13,10_18,1077.287,42.71295,18.6316,0.0431,401.4363,17.0,21.0,1888.0,776.0,1888.1888,776.2553,1888.1888,776.2553,192.27507335878127,27.71291757453459,1.175,1.07,60.83,0.05779,0.05404,69.89,1888.1888,776.2553,192.27507335878127,27.71291757453459,0.75430612525,0.80282941811,0.75430612525,0.80282941811,0.924,0.838,54.34,0.9242743,0.838363,54.34,22.8755,0.0,3.29,1.098,0.09,0.88,10.0,,,0.046417776767039204
10332,10332,10_480,10_668,29528.53,69.81078,15.0368,0.0026,2.614951,73.0,73.0,1883.0,833.0,1882.9179,833.4446,1882.9179,833.4446,192.27730553853596,27.696887657371693,0.965,0.876,53.11,0.00232,0.00212,53.27,1882.9179,833.4446,192.27730553853596,27.696887657371693,0.30537480276,0.35141843086,0.30537480276,0.35141843086,0.598,0.547,70.48,0.5983648,0.5465829,70.48,27.3063,0.0,1.65,1.102,0.093,1.0,10.0,334,334,10_9,10_24,26441.14,108.3576,15.1567,0.0045,401.74,82.0,95.0,1883.0,833.0,1883.0127,833.873,1883.0127,833.873,192.2772796031604,27.69676643614449,1.827,1.586,67.3,0.01104,0.00928,72.89,1883.0127,833.873,192.2772796031604,27.69676643614449,0.91180554572,0.95822456561,0.91180554572,0.95822456561,1.007,0.925,53.51,1.007119,0.9250625,53.51,22.8964,0.0,3.16,1.152,0.132,0.986,10.0,,,0.4387637177342991
10346,10346,10_494,10_654,854.4092,13.62834,18.8832,0.0173,2.474794,113.0,113.0,1810.0,819.0,1809.9665,819.6975,1809.9665,819.6975,192.30034511874248,27.70136970671973,2.294,1.856,-76.02,0.04049,0.03219,-75.71,1809.9665,819.6975,192.30034511874248,27.70136970671973,1.340593759,1.4917696642,1.340593759,1.4917696642,1.23,1.149,-70.94,1.22974,1.148958,-70.94,27.2567,1.0,3.73,1.236,0.191,0.028,10.0,335,335,10_10,10_23,332.2492,28.89846,19.9087,0.0945,402.0376,9.0,10.0,1810.0,819.0,1809.7797,819.5036,1809.7797,819.5036,192.30040257865463,27.70142578637947,0.977,0.716,-87.74,0.10116,0.07392,-89.87,1809.7797,819.5036,192.30040257865463,27.70142578637947,0.87788351251,1.1616602321,0.87788351251,1.1616602321,1.094,0.919,-71.83,1.093571,0.9185021,-71.83,22.9002,0.0,3.29,1.365,0.267,0.572,10.0,,,0.26924236293714054
10429,10429,10_577,10_599,57126.77,96.98776,14.3203,0.0018,2.557584,67.0,67.0,1968.0,787.0,1967.8642,787.0081,1967.8642,787.0081,192.249867631745,27.709215141739477,0.893,0.804,55.35,0.00153,0.00138,54.96,1967.8642,787.0081,192.249867631745,27.709215141739477,0.26509509299,0.2678835548,0.26509509299,0.2678835548,0.529,0.503,48.05,0.5287721,0.5033674,48.05,26.5552,0.0,1.5,1.111,0.1,0.999,10.0,337,337,10_12,10_19,53605.72,136.6052,14.3894,0.0028,400.4803,112.0,126.0,1968.0,787.0,1967.9689,787.4235,1967.9689,787.4235,192.24983845084424,27.709097487212045,1.878,1.633,64.36,0.0069,0.00605,67.54,1967.9689,787.4235,192.24983845084424,27.709097487212045,0.89289230239,0.96336538326,0.89289230239,0.96336538326,1.007,0.918,57.18,1.006756,0.9179867,57.18,22.8366,0.0,3.17,1.15,0.13,0.984,10.0,,,0.4283914681690106
10611,10611,10_759,10_463,9800.16,41.8811,16.2343,0.0046,2.502902,330.0,330.0,1867.0,715.0,1866.522,713.9791,1866.522,713.9791,192.2813499803181,27.73060596108314,3.59,2.234,-76.23,0.02077,0.01278,-76.77,1866.522,713.9791,192.2813499803181,27.73060596108314,0.53976056454,0.54303991751,0.53976056454,0.54303991751,0.756,0.716,46.6,0.7555122,0.715543,46.6,27.0751,1.0,3.58,1.607,0.378,0.973,10.0,339,339,10_14,10_17,7617.812,75.15652,16.5078,0.0107,401.8286,51.0,56.0,1866.0,715.0,1866.5893,715.0941,1866.5893,715.0941,192.28133945971643,27.730291994367597,1.636,1.41,58.8,0.02163,0.01865,59.89,1866.5893,715.0941,192.28133945971643,27.730291994367597,0.85476502403,0.91069805708,0.85476502403,0.91069805708,0.976,0.902,56.92,0.9756674,0.9019625,56.92,22.8942,0.0,3.05,1.16,0.138,0.98,10.0,,,1.117029225221991
10681,10681,10_829,10_421,1408.022,17.17423,18.3409,0.0132,2.567192,140.0,140.0,1891.0,686.0,1891.3358,686.0016,1891.3358,686.0016,192.2731925911062,27.73825859263892,3.304,1.68,-86.63,0.04685,0.02128,-86.45,1891.3358,686.0016,192.2731925911062,27.73825859263892,1.0257721932,0.96058194994,1.0257721932,0.96058194994,1.022,0.971,25.25,1.021972,0.9705295,25.25,27.1602,3.0,2.91,1.966,0.491,0.062,10.0,341,341,10_16,10_15,734.9104,38.15718,19.0468,0.0564,401.7901,16.0,17.0,1891.0,686.0,1891.3673,686.1581,1891.3673,686.1581,192.27318410979663,27.73821433738588,1.14,0.96,38.09,0.07357,0.06092,41.59,1891.3673,686.1581,192.27318410979663,27.73821433738588,0.79088926481,0.72725596173,0.79088926481,0.72725596173,0.897,0.845,22.33,0.896552,0.8451862,22.33,22.8917,0.0,3.2,1.187,0.158,0.737,10.0,,,0.15963865446679648
10692,10692,10_840,10_415,1824.088,21.36988,18.0598,0.0127,2.493591,353.0,353.0,1884.0,654.0,1884.4386,653.6602,1884.4386,653.6602,192.2750686028761,27.747407373074093,5.551,3.993,48.8,0.07113,0.05079,49.3,1884.4386,653.6602,192.2750686028761,27.747407373074093,1.1313120996,1.1267553027,1.1313120996,1.1267553027,1.096,1.029,44.08,1.095549,1.028513,44.08,27.1053,3.0,2.88,1.39,0.281,0.04,10.0,343,343,10_18,10_13,826.016,38.42137,18.9199,0.0505,401.3608,15.0,17.0,1884.0,654.0,1884.4292,653.8548000000001,1884.4292,653.8548000000001,192.27507348932312,27.747352757872957,1.131,0.941,68.65,0.06566,0.05146,74.55,1884.4292,653.8548000000001,192.27507348932312,27.747352757872957,0.79935857522,0.80044648538,0.79935857522,0.80044648538,0.937,0.849,45.2,0.9373577,0.8492147,45.2,22.8684,0.0,2.98,1.202,0.168,0.708,10.0,,,0.1948268975270424
10903,10903,10_1051,10_251,837.1256,13.47028,18.9054,0.0175,2.432976,87.0,87.0,1752.0,594.0,1752.5247,594.7233,1752.5247,594.7233,192.31642075610145,27.76508872074321,2.114,1.57,-84.73,0.03778,0.0259,-81.23,1752.5247,594.7233,192.31642075610145,27.76508872074321,1.14795285,1.1939747084,1.14795285,1.1939747084,1.107,1.057,57.46,1.107063,1.056569,57.46,26.7499,0.0,3.63,1.347,0.258,0.033,10.0,347,347,10_22,10_9,367.9024,27.85286,19.7981,0.0822,400.4591,7.0,9.0,1752.0,594.0,1752.6011,594.1139000000001,1752.6011,594.1139000000001,192.3163905869029,27.76525935974625,0.909,0.681,19.31,0.09055,0.06522,20.07,1752.6011,594.1139000000001,192.3163905869029,27.76525935974625,0.79765292175,0.73613296021,0.79765292175,0.73613296021,0.914,0.835,31.81,0.9144082,0.8352506,31.81,22.8021,0.0,3.56,1.334,0.25,0.498,10.0,,,0.6141704323719482
10970,10970,10_1118,10_203,1427.477,19.17556,18.326,0.0146,2.306348,224.0,224.0,1580.0,570.0,1579.38,569.7672,1579.38,569.7672,192.37121930285983,27.773548638863986,4.246,2.153,79.02,0.05876,0.02822,77.91,1579.38,569.7672,192.37121930285983,27.773548638863986,1.9200624744,2.1942713401,1.9200624744,2.1942713401,1.483,1.384,-82.68,1.48286,1.384001,-82.68,26.4875,1.0,3.93,1.972,0.493,0.028,10.0,348,348,10_23,10_8,506.6029,35.60737,19.4507,0.0763,402.5739,11.0,15.0,1580.0,570.0,1579.5682,569.9058,1579.5682,569.9058,192.37116079467765,27.773508122953448,1.167,0.897,77.4,0.09485,0.07197,80.3,1579.5682,569.9058,192.37116079467765,27.773508122953448,1.4796573064,1.766537027,1.4796573064,1.766537027,1.329,1.216,-88.66,1.32917,1.216347,-88.66,22.8852,0.0,4.6,1.301,0.231,0.529,10.0,,,0.23372890279110317
11024,11024,10_1172,10_159,1471.475,18.20134,18.293,0.0134,2.240583,148.0,148.0,1549.0,562.0,1548.6725,560.7231,1548.6725,560.7231,192.3808952479152,27.7763447313206,3.347,1.899,-89.2,0.04505,0.02445,-88.69,1548.6725,560.7231,192.3808952479152,27.7763447313206,1.3233260345,1.2674601398,1.3233260345,1.2674601398,1.153,1.124,16.18,1.152588,1.123533,16.18,26.4007,0.0,4.76,1.763,0.433,0.099,10.0,350,350,10_25,10_6,752.7941,39.46223,19.0207,0.0569,402.472,16.0,18.0,1549.0,562.0,1548.5134,561.7585,1548.5134,561.7585,192.38095566039505,27.77605502015237,1.17,1.0,85.75,0.07554,0.06151,89.83,1548.5134,561.7585,192.38095566039505,27.77605502015237,1.0147539782,1.025269342,1.0147539782,1.025269342,1.03,0.99,48.75,1.029709,0.989809,48.75,22.8718,0.0,3.45,1.171,0.146,0.342,10.0,,,1.0475523710058199
11042,11042,10_1190,10_1008,3022.979,25.0933,17.5113,0.009,1.209815,237.0,237.0,1927.0,995.0,1926.9452,995.163,1926.9452,995.163,192.26490258502244,27.651055899716464,2.96,2.714,-11.77,0.02891,0.02541,-20.3,1926.9452,995.163,192.26490258502244,27.651055899716464,2.0511193866,2.3908139252,2.0511193866,2.3908139252,1.555,1.423,75.03,1.554665,1.423007,75.03,25.5606,19.0,4.14,1.091,0.083,0.038,10.0,354,354,10_29,10_31,1576.856,56.06786,18.2179,0.0386,401.4566,34.0,37.0,1927.0,995.0,1927.0549,995.3693,1927.0549,995.3693,192.26486977135252,27.650996975280652,1.825,1.316,73.42,0.07788,0.05421,73.48,1927.0549,995.3693,192.26486977135252,27.650996975280652,2.3653603419,2.9892869741,2.3653603419,2.9892869741,1.737,1.529,78.2,1.737163,1.528696,78.2,22.879,0.0,5.66,1.387,0.279,0.005,10.0,,,0.23365311896050228
11048,11048,10_1196,10_1008,2126.427,20.62018,17.8933,0.0105,2.449637,138.0,138.0,1926.0,986.0,1926.0864,985.5507,1926.0864,985.5507,192.2650812745939,27.65376516787108,2.348,1.961,39.83,0.02454,0.02009,28.46,1926.0864,985.5507,192.2650812745939,27.65376516787108,1.5328684856,1.6685771451,1.5328684856,1.6685771451,1.331,1.195,56.62,1.331422,1.195308,56.62,26.7535,3.0,3.86,1.197,0.165,0.024,10.0,329,329,10_4,10_29,1307.857,52.07678,18.421,0.0432,401.8296,28.0,32.0,1926.0,986.0,1926.2265,985.8813,1926.2265,985.8813,192.26504002290804,27.65367104471262,1.661,1.241,63.99,0.07731,0.05797,67.37,1926.2265,985.8813,192.26504002290804,27.65367104471262,1.7662224553,2.1279579959,1.7662224553,2.1279579959,1.511,1.269,61.2,1.511477,1.268707,61.2,22.8971,0.0,5.58,1.338,0.253,0.035,10.0,,,0.3590603988189503
11094,11094,10_1242,10_102,935.4564,14.15938,18.7848,0.0164,2.323901,76.0,76.0,1744.0,539.0,1744.403,539.2139999999999,1744.403,539.2139999999999,192.31846642827065,27.78075867933428,1.716,1.534,-21.18,0.02706,0.02379,-20.19,1744.403,539.2139999999999,192.31846642827065,27.78075867933428,1.0646185133,1.0464296204,1.0646185133,1.0464296204,1.033,1.021,-21.15,1.033354,1.021385,-21.15,26.4551,1.0,3.05,1.118,0.106,0.099,10.0,351,351,10_26,10_5,466.6692,32.11652,19.5399,0.0747,402.3702,8.0,12.0,1745.0,539.0,1744.4931,539.3874,1744.4931,539.3874,192.3184394599486,27.78070918561573,0.917,0.871,79.47,0.07665,0.07593,84.29,1744.4931,539.3874,192.3184394599486,27.78070918561573,0.63159110892,0.7196514277,0.63159110892,0.7196514277,0.852,0.79,74.92,0.852378,0.790376,74.92,22.8867,0.0,3.78,1.054,0.051,0.546,10.0,,,0.1954112842186601
11121,11121,10_1269,10_79,2899.21,22.95264,17.5567,0.0086,2.244018,82.0,82.0,1571.0,531.0,1570.6209,531.4812,1570.6209,531.4812,192.3736394931501,27.78438232046757,1.455,1.3,32.72,0.0123,0.01089,29.67,1570.6209,531.4812,192.3736394931501,27.78438232046757,0.6864313825,0.68292457569,0.6864313825,0.68292457569,0.849,0.805,43.62,0.849149,0.8051719,43.62,26.4327,0.0,2.49,1.119,0.107,0.983,10.0,353,353,10_28,10_3,1941.496,51.21194,17.9921,0.0286,402.8662,25.0,29.0,1571.0,531.0,1570.7432,531.7504,1570.7432,531.7504,192.3736031723023,27.78430564366122,1.422,1.135,58.55,0.04812,0.03632,59.74,1570.7432,531.7504,192.3736031723023,27.78430564366122,0.8300946715,0.87662273954,0.8300946715,0.87662273954,0.967,0.878,53.28,0.9669584,0.8784696,53.28,22.8925,0.0,3.19,1.253,0.202,0.929,10.0,,,0.2956787614963849
11212,11212,11_1,11_281,44739.73,114.8029,14.5857,0.0028,4.33249,9400.0,9400.0,2319.0,668.0,2318.5951,668.1663,2318.5951,668.1663,192.1372591724496,27.739564481025667,33.211,23.29,58.51,0.07032,0.05749,62.35,2318.5951,668.1663,192.1372591724496,27.739564481025667,61.600447725,70.713985893,61.600447725,70.713985893,8.413,7.844,-85.05,8.413248,7.844214,-85.05,29.0617,19.0,154.52,1.426,0.299,0.03,11.0,377,377,11_23,11_14,14322.87,88.95129,15.8223,0.0067,401.2253,62.0,71.0,2319.0,668.0,2318.6826,668.5353,2318.6826,668.5353,192.1372351021062,27.739460002772137,1.712,1.511,62.08,0.01444,0.01292,59.86,2318.6826,668.5353,192.1372351021062,27.739460002772137,0.91371021076,0.97003750096,0.91371021076,0.97003750096,1.016,0.923,54.09,1.015932,0.9228376,54.09,22.877,0.0,3.09,1.133,0.118,0.983,11.0,,,0.3792324485062384
11352,11352,11_141,11_174,18352.24,55.23738,15.5532,0.0033,4.745293,66.0,66.0,2105.0,860.0,2105.1508,860.1696999999999,2105.1508,860.1696999999999,192.20698364728096,27.687468581905964,0.99,0.899,58.43,0.00309,0.00281,60.03,2105.1508,860.1696999999999,192.20698364728096,27.687468581905964,0.33188270172,0.34514125088,0.33188270172,0.34514125088,0.597,0.566,55.57,0.5974013,0.5658053,55.57,99.0,0.0,1.62,1.102,0.092,1.0,11.0,362,362,11_8,11_29,15780.72,89.84859,15.7171,0.0062,401.833,65.0,71.0,2105.0,860.0,2105.2476,860.5644,2105.2476,860.5644,192.20695682080893,27.687356804044075,1.709,1.502,67.54,0.01308,0.01199,75.64,2105.2476,860.5644,192.20695682080893,27.687356804044075,0.85269830568,0.92560349348,0.85269830568,0.92560349348,0.984,0.9,58.61,0.9842863,0.8997123,58.61,22.9265,0.0,3.06,1.138,0.121,0.984,11.0,,,0.40639676425888893
11371,11371,11_160,11_160,1867.728,21.11355,18.0341,0.0123,2.533478,100.0,100.0,2023.0,810.0,2022.9783,809.7238,2022.9783,809.7238,192.2325839539097,27.702357167927623,2.067,1.554,-54.12,0.02678,0.01862,-53.2,2022.9783,809.7238,192.2325839539097,27.702357167927623,0.92876704598,0.94914370146,0.92876704598,0.94914370146,0.98,0.958,59.82,0.9795687,0.9583089,59.82,25.0988,0.0,3.18,1.33,0.248,0.982,11.0,366,366,11_12,11_25,942.1515,38.48978,18.7771,0.0444,401.1823,16.0,17.0,2023.0,810.0,2022.6337,810.1368,2022.6337,810.1368,192.232697485428,27.70224405101207,1.132,0.934,69.32,0.05817,0.0456,74.4,2022.6337,810.1368,192.232697485428,27.70224405101207,0.65842547762,0.64421976773,0.65842547762,0.64421976773,0.836,0.777,40.71,0.8360181,0.7769935,40.71,22.8792,0.0,2.96,1.211,0.175,0.802,11.0,,,0.5378830356127067
11426,11426,11_215,11_281,117591.1,138.9973,13.5365,0.0013,2.565375,27.0,27.0,2409.0,522.0,2409.3249,522.4173,2409.3249,522.4173,192.106946902704,27.779719755302324,0.732,0.51,46.28,8.7E-4,6.0E-4,46.3,2409.3249,522.4173,192.106946902704,27.779719755302324,0.1981338417,0.235838201,0.1981338417,0.235838201,0.536,0.383,52.78,0.5359743,0.383019,52.78,25.0674,3.0,1.54,1.436,0.304,1.0,11.0,389,389,11_35,11_2,94982.55,135.1271,13.7683,0.0015,414.4205,29.0,29.0,2410.0,523.0,2409.5541,522.6933,2409.5541,522.6933,192.1068768705956,27.77964014995283,1.249,0.812,36.15,0.00207,0.00126,34.1,2409.5541,522.6933,192.1068768705956,27.77964014995283,0.15642218178,0.14276659118,0.15642218178,0.14276659118,0.416,0.355,36.51,0.4158943,0.3552755,36.51,23.3305,3.0,2.9,1.538,0.35,0.973,11.0,,,0.35875986397579246
11448,11448,11_237,11_104,12554.48,46.21516,15.9654,0.004,4.933108,60.0,60.0,2047.0,597.0,2047.0945,597.1625,2047.0945,597.1625,192.22282215602172,27.76189195196212,1.023,0.94,56.85,0.00387,0.00357,57.05,2047.0945,597.1625,192.22282215602172,27.76189195196212,0.36855241574,0.38433379867,0.36855241574,0.38433379867,0.63,0.597,56.42,0.6298915,0.5967604,56.42,26.9663,0.0,1.69,1.088,0.081,0.999,11.0,382,382,11_28,11_9,10398.66,81.31895,16.17,0.0085,401.7314,55.0,62.0,2047.0,597.0,2047.1749,597.5191,2047.1749,597.5191,192.2228001326893,27.761791035222256,1.644,1.437,67.53,0.01756,0.01524,69.46,2047.1749,597.5191,192.2228001326893,27.761791035222256,0.82164953394,0.8889615964,0.82164953394,0.8889615964,0.966,0.882,57.9,0.9657354,0.882024,57.9,22.8832,0.0,2.96,1.144,0.126,0.983,11.0,,,0.36555125495609847
11579,11579,12_1,12_338,548577.5,332.1193,11.8643,7.0E-4,2.366109,25874.0,25874.0,2952.0,816.0,2952.1725,816.2704,2952.1725,816.2704,191.9375389896628,27.692196323030565,35.306,18.868,-74.78,0.03149,0.01691,-72.99,2952.1725,816.2704,191.9375389896628,27.692196323030565,0.4046627363,0.47248509034,0.4046627363,0.47248509034,0.702,0.62,64.56,0.701656,0.620344,64.56,25.5684,23.0,2.2,1.871,0.466,0.999,12.0,407,407,12_17,12_32,458482.5,309.1151,12.0591,7.0E-4,406.4342,240.0,253.0,2952.0,816.0,2952.2623,816.6843,2952.2623,816.6843,191.93751486267055,27.692079169755992,2.002,1.761,71.1,0.00186,0.0017,74.72,2952.2623,816.6843,191.93751486267055,27.692079169755992,0.90227438254,1.0167024775,0.90227438254,1.0167024775,1.031,0.925,61.71,1.03119,0.9249997,61.71,22.9189,0.0,3.28,1.136,0.12,0.989,12.0,,,0.42352951491007534
11580,11580,12_2,12_338,173635.3,241.9445,13.1133,0.0015,2.451962,39679.0,39679.0,2612.0,816.0,2612.3198,815.8390999999999,2612.3198,815.8390999999999,192.04546621893883,27.69543511645401,95.5,55.24,53.38,0.14135,0.0832,47.18,2612.3198,815.8390999999999,192.04546621893883,27.69543511645401,4064.546646,6919.0157559,4064.546646,6919.0157559,83.816,62.916,79.28,83.81587,62.91631,79.28,25.5207,19.0,249.77,1.729,0.422,0.629,12.0,409,409,12_19,12_30,17998.21,98.06699,15.5743,0.0059,401.272,70.0,86.0,2612.0,816.0,2612.4114,816.2422,2612.4114,816.2422,192.0454412927313,27.69532099912795,1.783,1.598,60.66,0.01383,0.01248,53.37,2612.4114,816.2422,192.0454412927313,27.69532099912795,0.91820232052,0.97659572113,0.91820232052,0.97659572113,1.013,0.932,55.77,1.01336,0.9316118,55.77,22.8863,0.0,3.2,1.116,0.104,0.983,12.0,,,0.4133765474722056
11581,11581,12_3,12_338,1185689.0,473.4979,11.0275,4.0E-4,2.486069,39829.0,39829.0,2855.0,591.0,2854.8576,592.2797,2854.8576,592.2797,191.96608120630668,27.756044641660488,59.031,20.793,-85.2,0.03517,0.01213,-85.01,2854.8576,592.2797,191.96608120630668,27.756044641660488,1.4196134355,2.1719488628,1.4196134355,2.1719488628,1.485,1.177,78.15,1.485453,1.176856,78.15,25.5458,23.0,13.47,2.839,0.648,0.998,12.0,427,427,12_37,12_12,1025130.0,451.0017,11.1855,5.0E-4,408.0123,423.0,448.0,2855.0,590.0,2854.9455,592.6498,2854.9455,592.6498,191.9660571877943,27.755939825851847,2.447,2.161,70.67,0.00148,0.00139,61.77,2854.9455,592.6498,191.9660571877943,27.755939825851847,2.0779358356,2.5864440559,2.0779358356,2.5864440559,1.623,1.425,73.59,1.623197,1.424645,73.59,22.9543,6.0,13.79,1.132,0.117,0.986,12.0,,,0.3803950840901905
11582,11582,12_4,12_338,1025265.0,438.9092,11.1853,5.0E-4,2.510116,31238.0,31238.0,2720.0,579.0,2718.8685,579.6859,2718.8685,579.6859,192.00916310412128,27.760832723241865,27.046,22.854,-66.74,0.01786,0.01414,-68.66,2718.8685,579.6859,192.00916310412128,27.760832723241865,0.94633955021,1.0468093464,0.94633955021,1.0468093464,1.066,0.926,55.61,1.065557,0.9261413,55.61,25.5089,23.0,5.46,1.183,0.155,0.998,12.0,430,430,12_40,12_9,889972.1,426.4427,11.339,5.0E-4,405.3661,434.0,455.0,2720.0,579.0,2719.0968,580.1004,2719.0968,580.1004,192.0090948900689,27.760714154997185,2.62,2.225,27.13,0.00193,0.00147,16.42,2719.0968,580.1004,192.0090948900689,27.760714154997185,1.8771152181,2.098526544,1.8771152181,2.098526544,1.483,1.332,60.67,1.483481,1.332264,60.67,22.9225,4.0,7.11,1.178,0.151,0.983,12.0,,,0.4732136304038226
11632,11632,12_54,12_339,24301.32,63.50451,15.2483,0.0028,2.644664,31.0,31.0,2994.0,1012.0,2993.9696,1012.3078,2993.9696,1012.3078,191.92634828030643,27.63671379109869,0.848,0.592,1.08,0.00225,0.00157,0.59,2993.9696,1012.3078,191.92634828030643,27.63671379109869,0.23688608409,0.24371214135,0.23688608409,0.24371214135,0.496,0.484,62.48,0.4962417,0.4840893,62.48,25.0162,24.0,1.58,1.432,0.302,1.0,12.0,393,393,12_3,12_47,23669.01,90.36011,15.277,0.0041,403.6816,49.0,52.0,2994.0,1013.0,2994.0589,1012.2694,2994.0589,1012.2694,191.92631952638845,27.636723750860693,1.769,0.878,-0.21,0.01174,0.00597,-0.06,2994.0589,1012.2694,191.92631952638845,27.636723750860693,0.69050408866,0.19189082976,0.69050408866,0.19189082976,0.831,0.438,-0.03,0.8309659,0.4380533,-0.03,22.8522,24.0,3.14,2.015,0.504,0.982,12.0,,,0.09720622408065556
11646,11646,12_68,12_289,39686.44,81.0843,14.7158,0.0022,4.428653,64.0,64.0,2585.0,979.0,2584.953,979.2885,2584.953,979.2885,192.05584082997336,27.64974500600857,0.913,0.855,62.31,0.0019,0.00179,64.4,2584.953,979.2885,192.05584082997336,27.64974500600857,0.28244034003,0.3164998134,0.28244034003,0.3164998134,0.565,0.528,73.51,0.5654821,0.5283656,73.51,27.0629,0.0,1.54,1.068,0.063,0.988,12.0,396,396,12_6,12_43,36334.91,117.2299,14.8116,0.0035,400.1783,94.0,102.0,2585.0,979.0,2585.0254,979.696,2585.0254,979.696,192.0558220391348,27.649629822512512,1.804,1.634,73.61,0.00834,0.00771,83.2,2585.0254,979.696,192.0558220391348,27.649629822512512,0.906711009,0.96685106574,0.906711009,0.96685106574,1.003,0.932,58.04,1.002587,0.9318702,58.04,22.8708,0.0,3.12,1.104,0.094,0.985,12.0,,,0.41388163766954505
11691,11691,12_113,12_257,23764.69,62.84733,15.2726,0.0029,4.06513,67.0,67.0,2640.0,943.0,2640.3248,943.3825,2640.3248,943.3825,192.03789177578432,27.65933578316615,0.98,0.891,58.62,0.00268,0.00245,59.85,2640.3248,943.3825,192.03789177578432,27.65933578316615,0.34330280659,0.36063253371,0.34330280659,0.36063253371,0.613,0.573,55.65,0.6130363,0.5728192,55.65,27.0197,0.0,1.72,1.101,0.091,0.983,12.0,401,401,12_11,12_38,20988.15,99.79527,15.4075,0.0052,400.5843,74.0,84.0,2640.0,943.0,2640.4132,943.7772,2640.4132,943.7772,192.03786779063583,27.659224051047943,1.742,1.577,68.47,0.01149,0.01098,72.94,2640.4132,943.7772,192.03786779063583,27.659224051047943,0.87716920207,0.96384081263,0.87716920207,0.96384081263,1.002,0.914,60.47,1.002403,0.9144386,60.47,22.8589,0.0,3.15,1.105,0.095,0.983,12.0,,,0.4044782441615021
11712,11712,12_134,12_242,202634.2,182.4485,12.9456,0.001,4.368346,69.0,69.0,2935.0,914.0,2935.1643,914.3708,2935.1643,914.3708,191.94397936112944,27.66478477144321,0.864,0.748,68.18,7.8E-4,6.8E-4,68.38,2935.1643,914.3708,191.94397936112944,27.66478477144321,0.21924751856,0.27968164713,0.21924751856,0.27968164713,0.532,0.465,76.9,0.5321129,0.4645267,76.9,26.9256,4.0,1.67,1.155,0.134,0.998,12.0,403,403,12_13,12_36,197591.6,216.2303,12.973,0.0012,403.342,176.0,185.0,2935.0,914.0,2935.2611,914.7888,2935.2611,914.7888,191.94395304900883,27.66466639956637,1.96,1.72,70.85,0.00305,0.00275,71.38,2935.2611,914.7888,191.94395304900883,27.66466639956637,0.89754614743,1.0085207506,0.89754614743,1.0085207506,1.025,0.925,62.33,1.024991,0.9249115,62.33,22.8601,0.0,3.21,1.14,0.123,0.984,12.0,,,0.42906204679516363
11777,11777,12_199,12_180,1039.941,18.76424,18.6699,0.0196,2.518132,166.0,166.0,2993.0,720.0,2993.4968,720.223,2993.4968,720.223,191.92339123238744,27.71880338291624,4.537,2.476,40.52,0.09112,0.04827,41.3,2993.4968,720.223,191.92339123238744,27.71880338291624,13.187995984,11.566863929,13.187995984,11.566863929,3.733,3.29,29.29,3.732579,3.289789,29.29,25.2498,19.0,4.69,1.833,0.454,0.016,12.0,459,459,13_22,13_26,165.7398,22.65471,20.6638,0.1484,407.6468,5.0,6.0,2993.0,720.0,2993.0277,720.1512,2993.0277,720.1512,191.9235394868332,27.718827936053213,0.95,0.462,-36.54,0.14602,0.07182,-36.84,2993.0277,720.1512,191.9235394868332,27.718827936053213,1.140111904,0.92305909584,1.140111904,0.92305909584,1.107,0.915,-27.98,1.107011,0.9152585,-27.98,22.8803,0.0,3.92,2.055,0.513,0.474,13.0,,,0.47456300951486113
11826,11826,12_248,12_338,238934.4,199.5372,12.7667,9.0E-4,4.380342,899.0,899.0,2872.0,606.0,2872.4944,605.9835,2872.4944,605.9835,191.96062177515464,27.752030693336664,1.896,1.434,31.08,0.00236,0.00161,29.04,2872.4944,605.9835,191.96062177515464,27.752030693336664,0.32081748487,0.26531874283,0.32081748487,0.26531874283,0.573,0.507,19.45,0.5733492,0.5073529,19.45,28.509,6.0,0.93,1.322,0.243,0.999,12.0,426,426,12_36,12_12,232162.8,236.2424,12.7979,0.0011,408.5349,201.0,225.0,2872.0,606.0,2872.5841,606.386,2872.5841,606.386,191.9605975332778,27.75191675460341,2.007,1.774,62.41,0.0031,0.00275,39.21,2872.5841,606.386,191.9605975332778,27.75191675460341,0.92604639304,1.0124878337,0.92604639304,1.0124878337,1.034,0.932,57.79,1.03411,0.9322826,57.79,22.9753,2.0,3.24,1.132,0.116,0.989,12.0,,,0.41237402925006433
11903,11903,12_325,12_336,1691.029,25.75039,18.142,0.0165,2.244902,386.0,386.0,2652.0,1006.0,2651.8314,1005.7751,2651.8314,1005.7751,192.03488396158085,27.64169583450423,10.292,4.804,-24.92,0.16722,0.07826,-25.56,2651.8314,1005.7751,192.03488396158085,27.64169583450423,91.227340725,37.785022221,91.227340725,37.785022221,10.292,4.804,-24.92,10.29247,4.803893,-24.92,25.277,19.0,4.72,2.143,0.533,0.007,12.0,394,394,12_4,12_45,137.0369,20.13032,20.8703,0.1595,401.0077,4.0,5.0,2652.0,1007.0,2652.0038,1006.8109,2652.0038,1006.8109,192.03483994571565,27.64140315442442,0.816,0.506,58.41,0.13685,0.08444,56.02,2652.0038,1006.8109,192.03483994571565,27.64140315442442,0.93980353914,1.2692642196,0.93980353914,1.2692642196,1.149,0.943,69.82,1.149225,0.9425236,69.82,22.8886,0.0,3.79,1.613,0.38,0.444,12.0,,,1.0500492369408032
11909,11909,12_331,12_76,1517.375,18.68569,18.2597,0.0134,4.979669,73.0,73.0,2561.0,548.0,2561.4272,548.6396,2561.4272,548.6396,192.05887447857685,27.77098680181016,1.703,1.335,72.88,0.02179,0.01644,75.02,2561.4272,548.6396,192.05887447857685,27.77098680181016,0.80400958404,0.881318122,0.80400958404,0.881318122,0.956,0.878,61.52,0.9558102,0.8784956,61.52,26.8405,0.0,2.77,1.276,0.216,0.546,12.0,433,433,12_43,12_6,921.3848,39.59787,18.8013,0.0467,401.2439,15.0,18.0,2561.0,548.0,2561.4657,548.8086,2561.4657,548.8086,192.05886398860608,27.77093896178262,1.235,0.907,64.92,0.06541,0.04683,67.22,2561.4657,548.8086,192.05886398860608,27.77093896178262,0.65238967303,0.74698502457,0.65238967303,0.74698502457,0.902,0.766,57.34,0.9016668,0.7657492,57.34,22.8443,0.0,3.0,1.362,0.266,0.806,12.0,,,0.17332988778627548
11990,11990,12_412,12_313,32278.97,73.19524,14.9401,0.0025,2.297473,63.0,63.0,2699.0,996.0,2698.7162,995.561,2698.7162,995.561,192.01989531970804,27.64414046961649,0.953,0.86,60.83,0.00222,0.002,62.41,2698.7162,995.561,192.01989531970804,27.64414046961649,0.31846667894,0.35423527733,0.31846667894,0.35423527733,0.603,0.556,65.34,0.603148,0.5558007,65.34,25.2331,0.0,1.7,1.108,0.098,0.99,12.0,395,395,12_5,12_44,29128.66,110.7234,15.0516,0.0041,401.0735,86.0,97.0,2699.0,996.0,2698.7894,995.9886,2698.7894,995.9886,192.0198765206203,27.64401962536668,1.845,1.586,73.46,0.01025,0.00857,81.76,2698.7894,995.9886,192.0198765206203,27.64401962536668,0.87906225817,0.95472005867,0.87906225817,0.95472005867,0.999,0.915,59.04,0.9986393,0.9146048,59.04,22.8847,0.0,3.19,1.164,0.141,0.982,12.0,,,0.433820239269707
12020,12020,13_17,13_69,5267.854,32.22718,16.9083,0.0066,4.600651,161.0,161.0,2666.0,539.0,2665.3297,538.8116,2665.3297,538.8116,192.0257509570429,27.772807266834885,1.925,1.592,-36.81,0.01505,0.01159,-33.39,2665.3297,538.8116,192.0257509570429,27.772807266834885,0.55392617413,0.58055246617,0.55392617413,0.58055246617,0.775,0.731,56.8,0.7749079,0.7307506,56.8,27.2705,0.0,2.58,1.209,0.173,0.882,13.0,434,434,12_44,12_5,3954.176,64.40679,17.2198,0.0177,403.8208,39.0,44.0,2666.0,539.0,2665.6704,538.9426,2665.6704,538.9426,192.02564404203045,27.772767353735507,1.589,1.329,69.22,0.03293,0.02782,71.15,2665.6704,538.9426,192.02564404203045,27.772767353735507,0.81288244852,0.91976042997,0.81288244852,0.91976042997,0.977,0.882,63.51,0.9772743,0.8818038,63.51,22.8832,0.0,3.17,1.196,0.164,0.974,12.0,,,0.3650171091882228
12024,12024,13_21,13_55,847.1328,17.41436,18.8925,0.0223,2.476339,99.0,99.0,2591.0,526.0,2591.3268,526.643,2591.3268,526.643,192.04914429117483,27.77689818801515,3.539,1.616,65.01,0.07508,0.03085,64.64,2591.3268,526.643,192.04914429117483,27.77689818801515,4.6521892173,5.3927801677,4.6521892173,5.3927801677,2.334,2.145,75.55,2.333544,2.144654,75.55,24.9998,1.0,4.32,2.19,0.543,0.74,13.0,435,435,12_45,12_4,272.9424,25.96638,20.1222,0.1033,402.2741,7.0,8.0,2591.0,526.0,2591.1194,526.1089,2591.1194,526.1089,192.0492046759337,27.77705015588085,0.824,0.67,-47.91,0.10184,0.08065,-45.15,2591.1194,526.1089,192.0492046759337,27.77705015588085,0.68187376335,0.8248981256,0.68187376335,0.8248981256,0.911,0.823,-80.31,0.9105981,0.8231543,-80.31,22.8569,0.0,2.92,1.23,0.187,0.378,12.0,,,0.5729551204064717
12037,12037,13_34,13_34,1897.997,21.01414,18.0167,0.012,2.484819,71.0,71.0,2580.0,520.0,2579.9898,519.6217,2579.9898,519.6217,192.05267483600392,27.778973798533304,1.573,1.395,54.1,0.01803,0.01595,49.76,2579.9898,519.6217,192.05267483600392,27.778973798533304,0.82876894987,0.88578942128,0.82876894987,0.88578942128,0.952,0.899,62.7,0.9521012,0.8989226,62.7,24.9336,0.0,2.8,1.127,0.113,0.983,13.0,436,436,12_46,12_3,1119.627,43.66963,18.5897,0.0424,402.1657,20.0,22.0,2580.0,520.0,2579.8908,519.8183,2579.8908,519.8183,192.0527083364747,27.77891944499889,1.222,1.075,56.45,0.05792,0.05224,46.56,2579.8908,519.8183,192.0527083364747,27.77891944499889,0.71812116319,0.84530308995,0.71812116319,0.84530308995,0.929,0.837,70.6,0.9291407,0.8367328,70.6,22.8609,0.0,3.24,1.137,0.121,0.826,12.0,,,0.2201194221324813
12099,12099,13_96,13_313,8313.351,40.45432,16.413,0.0053,4.435795,227.0,227.0,2620.0,963.0,2619.6495,963.1734,2619.6495,963.1734,192.04466002877248,27.65396074993627,4.369,1.336,2.75,0.02855,0.00737,2.17,2619.6495,963.1734,192.04466002877248,27.65396074993627,0.50089742556,0.50481062226,0.50089742556,0.50481062226,0.727,0.69,47.13,0.727439,0.6903191,47.13,26.9407,3.0,2.03,3.269,0.694,0.987,13.0,398,398,12_8,12_41,6551.189,73.43388,16.6716,0.0122,401.1692,50.0,56.0,2620.0,963.0,2619.6998,963.5199,2619.6998,963.5199,192.04464763560836,27.6538629098492,1.654,1.471,56.58,0.02412,0.02228,50.84,2619.6998,963.5199,192.04464763560836,27.6538629098492,0.93871720634,1.0195058466,0.93871720634,1.0195058466,1.032,0.945,59.04,1.031941,0.945156,59.04,22.8945,0.0,3.11,1.125,0.111,0.974,12.0,,,0.35013188943594126
12100,12100,13_97,13_313,1902.719,22.66736,18.014,0.0129,2.360232,161.0,161.0,2621.0,954.0,2621.3954,953.8612,2621.3954,953.8612,192.0440096595078,27.65656217222218,12.473,1.877,-0.23,0.18437,0.0252,-0.29,2621.3954,953.8612,192.0440096595078,27.65656217222218,25.961202351,26.394515098,25.961202351,26.394515098,5.14,5.093,-76.69,5.140058,5.092693,-76.69,25.2043,19.0,2.68,6.644,0.849,0.923,13.0,400,400,12_10,12_39,851.2228,38.1342,18.8873,0.0487,400.8894,13.0,17.0,2621.0,954.0,2621.5064,954.0171,2621.5064,954.0171,192.04397602904595,27.656517351586132,1.117,0.935,66.9,0.06417,0.05018,73.93,2621.5064,954.0171,192.04397602904595,27.656517351586132,0.71961185137,0.68655180225,0.71961185137,0.68655180225,0.875,0.8,37.34,0.8750062,0.8003298,37.34,22.8783,0.0,3.06,1.195,0.163,0.769,12.0,,,0.19137870832479104
12212,12212,13_209,13_228,1304.221,26.56145,18.424,0.0221,4.542943,450.0,450.0,2606.0,824.0,2605.6896,824.1205,2605.6896,824.1205,192.0476573763188,27.69316766474235,7.689,6.122,29.87,0.10492,0.08347,29.83,2605.6896,824.1205,192.0476573763188,27.69316766474235,0.087384863153,0.083334485375,0.087384863153,0.083334485375,0.296,0.289,3.15,0.2956302,0.2886558,3.15,27.6951,19.0,3.01,1.256,0.204,0.018,13.0,408,408,12_18,12_31,384.2522,27.5906,19.7509,0.078,402.044,8.0,9.0,2606.0,824.0,2605.6811,824.1308,2605.6811,824.1308,192.0476601820763,27.6931648468648,0.884,0.689,23.12,0.08401,0.06074,20.47,2605.6811,824.1308,192.0476601820763,27.6931648468648,0.64027009069,0.6608211561,0.64027009069,0.6608211561,0.819,0.794,60.92,0.8185492,0.7943982,60.92,22.9261,0.0,3.37,1.283,0.22,0.532,12.0,,,0.013354400024218598
12496,12496,14_1,14_624,86992.48,173.2165,13.8637,0.0022,1.732646,27452.0,27452.0,209.0,1359.0,208.5494,1357.967,208.5494,1357.967,192.81381396776143,27.56256600395223,117.978,72.798,27.75,0.25264,0.15626,27.43,208.5494,1357.967,192.81381396776143,27.56256600395223,12050.568134,7167.8978459,12050.568134,7167.8978459,117.978,72.798,27.75,117.9783,72.79822,27.75,25.6619,19.0,235.85,1.621,0.383,0.001,14.0,491,491,14_7,14_27,5881.325,99.68568,16.7887,0.0184,405.6432,101.0,112.0,209.0,1359.0,208.7149,1358.7442,208.7149,1358.7442,192.8137680162264,27.562346237947025,4.252,1.553,73.95,0.08785,0.03158,74.03,208.7149,1358.7442,192.8137680162264,27.562346237947025,3.7180721682,7.7168477172,3.7180721682,7.7168477172,2.838,1.838,74.4,2.838143,1.838441,74.4,22.8372,0.0,13.03,2.738,0.635,0.005,14.0,,,0.7946257546795175
12497,12497,14_2,14_624,8319.728,57.51477,16.4121,0.0075,3.294414,3735.0,3735.0,201.0,1215.0,201.0052,1215.1375,201.0052,1215.1375,192.8149988997829,27.6027873458151,22.818,18.191,-7.46,0.12437,0.09976,-4.57,201.0052,1215.1375,192.8149988997829,27.6027873458151,0.13107746766,0.13165424634,0.13107746766,0.13165424634,0.364,0.361,51.08,0.3643277,0.360551,51.08,27.7752,3.0,2.12,1.254,0.203,0.591,14.0,500,500,14_16,14_18,2898.744,56.25163,17.5569,0.0211,405.2963,30.0,34.0,201.0,1215.0,201.0748,1215.4458,201.0748,1215.4458,192.81497940972008,27.602700142055458,1.404,1.267,59.61,0.03467,0.03179,56.16,201.0748,1215.4458,192.81497940972008,27.602700142055458,0.81677128732,0.8558688175,0.81677128732,0.8558688175,0.945,0.883,55.18,0.9447221,0.8832555,55.18,22.871,0.0,3.04,1.108,0.098,0.969,14.0,,,0.31605861798082685
12498,12498,14_3,14_624,8326.705,62.7167,16.4112,0.0082,3.373245,4337.0,4337.0,127.0,1205.0,126.7429,1205.2586,126.7429,1205.2586,192.83849882515992,27.60610164956412,25.411,20.871,65.02,0.13022,0.10619,65.24,126.7429,1205.2586,192.83849882515992,27.60610164956412,1.3178958707,1.3571012054,1.3178958707,1.3571012054,1.194,1.118,51.5,1.193557,1.118221,51.5,27.7839,19.0,2.5,1.217,0.179,0.03,14.0,501,501,14_17,14_17,1766.998,52.04703,18.0943,0.032,406.935,29.0,31.0,127.0,1205.0,126.8366,1205.5291,126.8366,1205.5291,192.83847134525752,27.60602490480241,1.492,1.15,66.67,0.05595,0.04106,69.5,126.8366,1205.5291,192.83847134525752,27.60602490480241,0.81422935163,0.86672943534,0.81422935163,0.86672943534,0.949,0.883,57.76,0.9494151,0.8829325,57.76,22.9349,0.0,2.89,1.297,0.229,0.868,14.0,,,0.2862689993695527
12499,12499,14_4,14_624,51555.26,132.0827,14.4317,0.0028,1.729847,18033.0,18033.0,311.0,1184.0,311.0718,1184.0591,311.0718,1184.0591,192.77977971632563,27.610725620745825,81.213,37.179,41.64,0.23106,0.10418,41.4,311.0718,1184.0591,192.77977971632563,27.610725620745825,4293.8806337,3683.9098793,4293.8806337,3683.9098793,81.213,37.179,41.64,81.21292,37.17864,41.64,25.6604,19.0,124.26,2.184,0.542,0.001,14.0,503,503,14_19,14_15,1015.232,41.85387,18.696,0.0448,405.1597,18.0,20.0,311.0,1184.0,311.0839,1184.2112,311.0839,1184.2112,192.7797771753838,27.610682760074805,1.19,1.029,39.84,0.05985,0.05314,40.4,311.0839,1184.2112,192.7797771753838,27.610682760074805,0.73046079091,0.70277961043,0.73046079091,0.70277961043,0.893,0.797,40.11,0.8933482,0.7969752,40.11,22.8941,0.0,3.05,1.155,0.135,0.885,14.0,,,0.15258053611128264
12500,12500,14_5,14_624,24260.45,87.63335,15.2502,0.0039,1.819456,6152.0,6152.0,209.0,1125.0,209.216,1124.5887,209.216,1124.5887,192.81162351564845,27.62819157794066,31.12,23.128,-67.48,0.12787,0.09492,-65.93,209.216,1124.5887,192.81162351564845,27.62819157794066,2011.0833667,1837.3160092,2011.0833667,1837.3160092,45.115,42.58,-19.3,45.1152,42.57955,-19.3,25.6237,19.0,1.99,1.346,0.257,0.692,14.0,508,508,14_24,14_10,5869.069,70.84966,16.791,0.0131,404.5958,44.0,51.0,209.0,1125.0,209.3551,1124.9389,209.3551,1124.9389,192.81158230290723,27.62809208795437,1.59,1.391,54.65,0.02542,0.02262,51.82,209.3551,1124.9389,192.81158230290723,27.62809208795437,0.81278136821,0.85211984096,0.81278136821,0.85211984096,0.951,0.872,52.94,0.9509556,0.8721151,52.94,22.8613,0.0,2.96,1.143,0.125,0.981,14.0,,,0.3768140788241015
12501,12501,14_6,14_624,25402.25,86.00344,15.2002,0.0037,1.756117,5384.0,5384.0,384.0,1086.0,384.4692,1086.3134,384.4692,1086.3134,192.75562761633125,27.637673038735063,61.097,20.994,37.09,0.23226,0.08357,37.16,384.4692,1086.3134,192.75562761633125,27.637673038735063,2476.5948216,1912.7393028,2476.5948216,1912.7393028,50.884,42.429,22.19,50.88372,42.42854,22.19,25.647,19.0,1.95,2.91,0.656,0.849,14.0,512,512,14_28,14_6,7209.895,73.42291,16.5676,0.0111,403.3745,45.0,53.0,384.0,1086.0,384.5501,1086.6083,384.5501,1086.6083,192.75560445857732,27.637589516089548,1.544,1.422,57.49,0.02082,0.01998,37.08,384.5501,1086.6083,192.75560445857732,27.637589516089548,0.84373750512,0.88080945999,0.84373750512,0.88080945999,0.959,0.897,54.36,0.9591846,0.8969459,54.36,22.8289,0.0,2.82,1.085,0.078,0.983,14.0,,,0.30579538910855963
12509,12509,14_14,14_116,1488.233,22.87362,18.2807,0.0167,1.788286,316.0,316.0,52.0,1056.0,50.845,1055.646,50.845,1055.646,192.86135122760496,27.648720384935817,11.688,5.18,-68.55,0.18986,0.08202,-67.97,50.845,1055.646,192.86135122760496,27.648720384935817,307.76086553,328.71751689,307.76086553,328.71751689,18.14,17.534,-82.88,18.13972,17.53366,-82.88,25.3325,19.0,6.93,2.256,0.557,0.021,14.0,513,513,14_29,14_5,181.3584,22.53111,20.5661,0.1349,405.5683,6.0,6.0,52.0,1056.0,51.6583,1056.3129,51.6583,1056.3129,192.86109842924847,27.64852702022788,0.888,0.514,44.95,0.13715,0.07918,45.01,51.6583,1056.3129,192.86109842924847,27.64852702022788,1.1352712427,1.0317655739,1.1352712427,1.0317655739,1.131,0.943,37.3,1.130666,0.942672,37.3,22.8795,0.0,3.99,1.728,0.421,0.037,14.0,,,1.0517663713961949
12514,12514,14_19,14_102,3537.97,27.65442,17.3405,0.0085,3.567385,211.0,211.0,445.0,1042.0,444.3028,1042.2375,444.3028,1042.2375,192.73623930539205,27.649624512634947,4.152,1.648,-15.32,0.03926,0.01418,-16.13,444.3028,1042.2375,192.73623930539205,27.649624512634947,0.9650112358,0.91442880213,0.9650112358,0.91442880213,0.983,0.955,9.56,0.983101,0.9554855,9.56,26.9676,0.0,5.27,2.52,0.603,0.819,14.0,515,515,14_31,14_3,2374.784,55.01386,17.7733,0.0252,403.8528,31.0,34.0,445.0,1042.0,445.5503,1042.1531,445.5503,1042.1531,192.7358422577656,27.64963899047777,1.4,1.311,80.3,0.04191,0.03714,-89.87,445.5503,1042.1531,192.7358422577656,27.64963899047777,0.93680988692,0.93100822564,0.93680988692,0.93100822564,0.977,0.956,40.81,0.9766449,0.9560245,40.81,22.8806,0.0,3.07,1.068,0.064,0.936,14.0,,,1.2503517944962526
12558,12558,14_63,14_21,5232.82,30.21013,16.9156,0.0063,1.736451,72.0,72.0,230.0,1013.0,229.9064,1012.8797,229.9064,1012.8797,192.8041022728268,27.659454920815485,1.187,1.136,28.1,0.00744,0.00706,11.78,229.9064,1012.8797,192.8041022728268,27.659454920815485,0.49420408213,0.50117581695,0.49420408213,0.50117581695,0.717,0.694,51.08,0.7171099,0.6936378,51.08,25.3984,0.0,1.97,1.045,0.043,0.982,14.0,218,218,7_5,7_35,2397.61,45.47907,17.763,0.0206,404.9595,18.0,21.0,230.0,1013.0,229.8831,1012.1395,229.8831,1012.1395,192.804103385769,27.65966323892446,1.264,0.851,1.12,0.0354,0.02342,-0.5,229.8831,1012.1395,192.804103385769,27.65966323892446,0.5493429866,0.35849281844,0.5493429866,0.35849281844,0.742,0.598,4.51,0.7419831,0.5977432,4.51,22.8664,24.0,3.17,1.485,0.327,0.975,7.0,3,2,0.7405666276574567
12579,12579,14_84,14_624,9870.836,72.3816,16.2265,0.008,3.230307,7245.0,7245.0,237.0,1333.0,237.0984,1333.2412,237.0984,1333.2412,192.80454088313357,27.56931245046445,70.798,24.176,-5.52,0.31655,0.10688,-5.71,237.0984,1333.2412,192.80454088313357,27.56931245046445,1034.156536,808.80027342,1034.156536,808.80027342,32.404,28.16,-14.37,32.40369,28.15951,-14.37,27.9569,19.0,192.69,2.928,0.659,0.002,14.0,494,494,14_10,14_24,987.7727,41.89298,18.7258,0.0461,406.1268,17.0,20.0,237.0,1333.0,237.0269,1333.3271,237.0269,1333.3271,192.80456431241595,27.569288812699263,1.272,0.993,43.28,0.06573,0.05051,42.97,237.0269,1333.3271,192.80456431241595,27.569288812699263,0.91127908062,0.90879052762,0.91127908062,0.90879052762,1.007,0.898,44.66,1.00725,0.897506,44.66,22.8888,0.0,3.8,1.281,0.219,0.778,14.0,,,0.11176341082843042
12624,12624,14_129,14_593,4343.388,38.33005,17.1178,0.0096,3.191709,953.0,953.0,135.0,1465.0,134.275,1464.7011,134.275,1464.7011,192.8382906032784,27.533085212287837,9.929,6.586,67.23,0.07849,0.05284,67.14,134.275,1464.7011,192.8382906032784,27.533085212287837,1.9690805648,1.9866838534,1.9690805648,1.9866838534,1.49,1.318,46.04,1.48984,1.317628,46.04,26.8143,19.0,3.25,1.508,0.337,0.031,14.0,487,487,14_3,14_31,1765.886,54.98326,18.095,0.0338,409.5618,30.0,34.0,135.0,1465.0,134.4603,1465.0094,134.4603,1465.0094,192.83823438821145,27.5329971764665,1.615,1.244,56.17,0.06049,0.04415,54.77,134.4603,1465.0094,192.83823438821145,27.5329971764665,1.2823302369,1.3892916818,1.2823302369,1.3892916818,1.207,1.102,58.09,1.207074,1.102087,58.09,22.9162,0.0,4.08,1.298,0.229,0.179,14.0,,,0.35970123713985624
12716,12716,14_221,14_522,1962.738,19.22887,17.9802,0.0106,3.068109,77.0,77.0,247.0,1421.0,247.3725,1421.0858,247.3725,1421.0858,192.8020262426988,27.5445338692028,1.467,1.355,-87.67,0.01618,0.01439,-81.71,247.3725,1421.0858,192.8020262426988,27.5445338692028,0.70285066263,0.71295815453,0.70285066263,0.71295815453,0.853,0.83,52.58,0.8527732,0.8298112,52.58,26.7493,0.0,2.5,1.083,0.077,0.983,14.0,488,488,14_4,14_30,1160.311,41.51249,18.551,0.0389,405.9131,18.0,19.0,247.0,1421.0,247.3819,1421.2192,247.3819,1421.2192,192.80202439340584,27.54449628548688,1.109,1.026,74.53,0.04932,0.04536,83.05,247.3819,1421.2192,192.80202439340584,27.54449628548688,0.62222296847,0.64097304667,0.62222296847,0.64097304667,0.812,0.777,54.78,0.8121557,0.7769164,54.78,22.854,0.0,2.65,1.081,0.075,0.859,14.0,,,0.13373077431909003
12776,12776,14_281,14_472,21232.76,59.36752,15.3949,0.003,3.329207,64.0,64.0,95.0,1391.0,95.3552,1391.1585,95.3552,1391.1585,192.85002602530483,27.55404704977685,0.966,0.89,48.02,0.00277,0.00256,47.44,95.3552,1391.1585,192.85002602530483,27.55404704977685,0.34508385176,0.32337629018,0.34508385176,0.32337629018,0.596,0.56,29.19,0.595759,0.5599387,29.19,27.2717,0.0,1.64,1.086,0.079,0.994,14.0,490,490,14_6,14_28,18305.61,96.321,15.5559,0.0057,410.2198,68.0,77.0,95.0,1391.0,95.4975,1391.5155,95.4975,1391.5155,192.8499838488881,27.55394563050106,1.717,1.514,65.57,0.0126,0.01116,76.01,95.4975,1391.5155,192.8499838488881,27.55394563050106,0.84819573634,0.90187465799,0.84819573634,0.90187465799,0.973,0.897,56.06,0.9728004,0.8965098,56.06,22.893,0.0,3.03,1.134,0.118,0.983,14.0,,,0.3843153522824464
12889,12889,14_394,14_394,262475.6,207.5652,12.6647,9.0E-4,3.310128,66.0,66.0,486.0,1317.0,486.3587,1316.9575,486.3587,1316.9575,192.7252668976683,27.572060730669943,0.812,0.756,41.32,6.4E-4,6.0E-4,41.26,486.3587,1316.9575,192.7252668976683,27.572060730669943,0.27903589713,0.2187141101,0.27903589713,0.2187141101,0.53,0.466,9.36,0.5298296,0.4658655,9.36,26.804,4.0,1.33,1.075,0.07,1.0,14.0,495,495,14_11,14_23,256625.3,242.6356,12.6892,0.001,404.5264,196.0,208.0,486.0,1317.0,486.4828,1317.3304,486.4828,1317.3304,192.72523074029752,27.57195494619248,1.94,1.743,63.44,0.00265,0.00241,64.31,486.4828,1317.3304,192.72523074029752,27.57195494619248,0.90681510258,0.95194747327,0.90681510258,0.95194747327,0.997,0.929,55.09,0.9973984,0.9294939,55.09,22.862,0.0,3.07,1.113,0.102,0.985,14.0,,,0.39300791340640157
13063,13063,14_568,14_254,4383.566,30.94245,17.1078,0.0077,1.683354,288.0,288.0,18.0,1168.0,17.8422,1167.5737,17.8422,1167.5737,192.87276848012385,27.617479475777905,3.779,2.485,-82.23,0.03503,0.02181,-81.59,17.8422,1167.5737,192.87276848012385,27.617479475777905,0.79496219471,0.79431530784,0.79496219471,0.79431530784,0.924,0.858,44.84,0.9237571,0.8578755,44.84,25.3836,17.0,3.71,1.521,0.342,0.972,14.0,505,505,14_21,14_13,2570.792,54.43317,17.6872,0.023,407.0229,29.0,32.0,18.0,1168.0,18.4107,1168.2954,18.4107,1168.2954,192.8725939393701,27.617272462534128,1.415,1.211,50.91,0.03735,0.0328,49.91,18.4107,1168.2954,192.8725939393701,27.617272462534128,0.88862456047,0.93782719032,0.88862456047,0.93782719032,1.009,0.9,51.85,1.008523,0.8996293,51.85,22.8621,0.0,3.22,1.168,0.144,0.96,14.0,,,0.918718204892055
13133,13133,14_638,14_207,112633.6,136.0211,13.5832,0.0013,3.353499,63.0,63.0,193.0,1117.0,193.1548,1117.3737,193.1548,1117.3737,192.81666400450203,27.630336966495346,0.838,0.756,56.42,0.00102,9.2E-4,56.59,193.1548,1117.3737,192.81666400450203,27.630336966495346,0.21498236823,0.27509833673,0.21498236823,0.27509833673,0.527,0.46,77.56,0.527419,0.4603367,77.56,27.2781,0.0,1.37,1.108,0.097,1.0,14.0,509,509,14_25,14_9,107453.2,172.6349,13.6344,0.0017,404.9712,143.0,153.0,193.0,1117.0,193.2779,1117.7591,193.2779,1117.7591,192.81662816702,27.63022769490609,1.897,1.671,61.97,0.00457,0.00396,62.4,193.2779,1117.7591,192.81662816702,27.63022769490609,0.86540645047,0.91656761239,0.86540645047,0.91656761239,0.983,0.903,54.94,0.9829649,0.903191,54.94,22.8767,0.0,3.06,1.135,0.119,0.984,14.0,,,0.40458221661352595
13149,13149,14_654,14_197,29334.22,69.68251,15.044,0.0026,3.386378,65.0,65.0,437.0,1110.0,436.8778,1109.7952,436.8778,1109.7952,192.73918290300372,27.63068257622216,0.938,0.868,43.06,0.00227,0.00211,44.13,436.8778,1109.7952,192.73918290300372,27.63068257622216,0.3083920592,0.3169905289,0.3083920592,0.3169905289,0.571,0.547,54.08,0.5713867,0.5467173,54.08,27.0122,0.0,1.6,1.08,0.074,0.999,14.0,510,510,14_26,14_8,26121.2,105.5795,15.1699,0.0044,404.1425,80.0,88.0,437.0,1110.0,437.002,1110.1776,437.002,1110.1776,192.7391467624224,27.63057412563268,1.771,1.576,58.4,0.01015,0.00914,58.14,437.002,1110.1776,192.7391467624224,27.63057412563268,0.88365432173,0.91212606911,0.88365432173,0.91212606911,0.979,0.915,51.77,0.9791283,0.9149252,51.77,22.8789,0.0,3.09,1.124,0.11,0.99,14.0,,,0.4020639252655951
13165,13165,14_670,14_185,29598.84,69.99859,15.0342,0.0026,3.316634,64.0,64.0,93.0,1102.0,92.68,1102.2405,92.68,1102.2405,192.8484518309528,27.635317274115557,0.944,0.85,47.62,0.00228,0.00205,48.22,92.68,1102.2405,192.8484518309528,27.635317274115557,0.32746292738,0.31028803264,0.32746292738,0.31028803264,0.584,0.545,33.35,0.583598,0.5451279,33.35,26.728,0.0,1.62,1.111,0.1,0.986,14.0,511,511,14_27,14_7,26351.82,107.2788,15.1604,0.0044,404.9004,80.0,91.0,93.0,1102.0,92.8102,1102.6213,92.8102,1102.6213,192.84841366838384,27.63520925115797,1.782,1.55,60.31,0.01053,0.00919,61.63,92.8102,1102.6213,192.84841366838384,27.63520925115797,0.86379906622,0.9090960753,0.86379906622,0.9090960753,0.982,0.899,53.35,0.9824961,0.8986638,53.35,22.8413,0.0,3.05,1.15,0.131,0.983,14.0,,,0.4024433873228967
13293,13293,14_798,14_93,3601.022,25.5055,17.3213,0.0077,3.236619,83.0,83.0,212.0,1044.0,211.9849,1043.5523,211.9849,1043.5523,192.81005651913335,27.650959813588365,1.34,1.309,76.85,0.01026,0.01014,79.25,211.9849,1043.5523,192.81005651913335,27.650959813588365,0.61091897317,0.62880279051,0.61091897317,0.62880279051,0.799,0.776,60.02,0.7985778,0.7758836,60.02,26.7054,0.0,2.29,1.024,0.023,0.984,14.0,514,514,14_30,14_4,2507.546,55.38736,17.7143,0.024,403.7119,26.0,33.0,212.0,1044.0,212.041,1043.8564,212.041,1043.8564,192.81004127633236,27.650873890650363,1.444,1.2,80.6,0.04215,0.0321,82.4,212.041,1043.8564,192.81004127633236,27.650873890650363,0.78582741227,0.82686368685,0.78582741227,0.82686368685,0.922,0.873,59.1,0.9218211,0.8734627,59.1,22.8252,0.0,2.93,1.203,0.169,0.972,14.0,,,0.30923133735101627
13361,13361,14_866,14_653,15140.88,51.58899,15.762,0.0037,1.756329,206.0,206.0,259.0,1502.0,259.0502,1501.4569,259.0502,1501.4569,192.799003680287,27.52184653096637,2.472,1.232,67.89,0.01174,0.00521,68.82,259.0502,1501.4569,192.799003680287,27.52184653096637,0.38947805042,0.40221776753,0.38947805042,0.40221776753,0.643,0.615,55.77,0.6428061,0.6152204,55.77,25.3561,16.0,2.17,2.007,0.502,0.972,14.0,486,486,14_2,14_32,12193.45,84.73318,15.9971,0.0075,405.791,58.0,64.0,259.0,1502.0,259.3168,1502.106,259.3168,1502.106,192.798924600334,27.521662048246803,1.643,1.471,67.07,0.01536,0.01386,85.61,259.3168,1502.106,192.798924600334,27.521662048246803,0.83559034554,0.89046702971,0.83559034554,0.89046702971,0.962,0.895,58.08,0.9619166,0.8948596,58.08,22.8583,0.0,2.86,1.117,0.105,0.983,14.0,,,0.7017167305972595
13406,13406,15_1,15_618,50847.0,130.6305,14.4467,0.0028,1.606805,17948.0,17948.0,816.0,1315.0,816.4155000000001,1315.3257,816.4155000000001,1315.3257,192.62047177606263,27.57002869395208,89.64,62.919,-41.96,0.2486,0.17171,-41.4,816.4155000000001,1315.3257,192.62047177606263,27.57002869395208,6212.8900736,5781.2128618,6212.8900736,5781.2128618,89.64,62.919,-41.96,89.64014,62.91859,-41.96,25.6797,19.0,2.51,1.425,0.298,0.174,15.0,530,530,15_14,15_20,1682.037,50.57915,18.1478,0.0327,404.223,22.0,29.0,816.0,1315.0,816.3651,1315.5295,816.3651,1315.5295,192.6204895981699,27.569971774118947,1.322,1.2,66.76,0.04792,0.04446,61.33,816.3651,1315.5295,192.6204895981699,27.569971774118947,0.77712799231,0.85667335875,0.77712799231,0.85667335875,0.933,0.874,68.99,0.9329757,0.8737034,68.99,22.9068,0.0,2.94,1.101,0.092,0.966,15.0,,,0.20993951509901287
13407,13407,15_2,15_618,11860.46,64.98569,16.0272,0.006,2.898727,4922.0,4922.0,835.0,1293.0,835.2031999999999,1292.9323,835.2031999999999,1292.9323,192.61430710312663,27.576181280345605,32.914,25.212,-17.49,0.15586,0.11713,-17.03,835.2031999999999,1292.9323,192.61430710312663,27.576181280345605,0.29989107184,0.28468621902,0.29989107184,0.28468621902,0.549,0.532,18.31,0.549327,0.5318055,18.31,27.42,19.0,1.98,1.305,0.234,0.92,15.0,531,531,15_15,15_19,4601.455,64.33001,17.0552,0.0152,404.1464,34.0,43.0,835.0,1293.0,835.2364,1293.2307,835.2364,1293.2307,192.61429923661652,27.57609711962249,1.48,1.35,70.86,0.02685,0.02404,79.6,835.2364,1293.2307,192.61429923661652,27.57609711962249,0.83738052862,0.8587650503,0.83738052862,0.8587650503,0.945,0.896,51.93,0.9448442,0.8963342,51.93,22.9083,0.0,2.93,1.096,0.088,0.981,15.0,,,0.3002412363418491
13408,13408,15_3,15_618,12444.01,72.0398,15.975,0.0063,3.005035,6538.0,6538.0,870.0,1173.0,869.7674999999999,1172.9816,869.7674999999999,1172.9816,192.6022566954523,27.609643076459854,30.295,28.143,-84.61,0.13199,0.12144,-89.37,869.7674999999999,1172.9816,192.6022566954523,27.609643076459854,0.27503801193,0.24830154027,0.27503801193,0.24830154027,0.525,0.498,6.36,0.5247608,0.4979615,6.36,27.6699,19.0,2.16,1.076,0.071,0.884,15.0,535,535,15_19,15_15,3915.771,63.33767,17.2304,0.0176,403.5421,37.0,43.0,870.0,1173.0,869.8251,1173.2572,869.8251,1173.2572,192.60224088072025,27.609565140278185,1.496,1.385,69.51,0.03154,0.0283,75.45,869.8251,1173.2572,192.60224088072025,27.609565140278185,0.91058175859,0.90719516576,0.91058175859,0.90719516576,0.97,0.936,43.5,0.9701664,0.9362447,43.5,22.8832,0.0,3.01,1.08,0.074,0.977,15.0,,,0.28155482592201797
13409,13409,15_4,15_618,47920.37,130.8596,14.5111,0.003,1.608552,17316.0,17316.0,701.0,1141.0,701.4747,1141.0356,701.4747,1141.0356,192.6554163699024,27.61991348469816,95.787,53.804,-36.19,0.26553,0.15159,-37.99,701.4747,1141.0356,192.6554163699024,27.61991348469816,6985.4206418,5084.6309009,6985.4206418,5084.6309009,95.787,53.804,-36.19,95.78728,53.80381,-36.19,25.6892,19.0,324.2,1.78,0.438,0.002,15.0,541,541,15_25,15_10,787.571,38.54906,18.9717,0.0532,402.9929,15.0,17.0,701.0,1141.0,701.5141,1141.0936,701.5141,1141.0936,192.6554043704985,27.619896876865774,1.152,0.953,70.96,0.07108,0.05574,74.4,701.5141,1141.0936,192.6554043704985,27.619896876865774,0.94993643638,0.95292620941,0.94993643638,0.95292620941,1.007,0.943,45.69,1.006729,0.9430584,45.69,22.8214,0.0,3.31,1.208,0.172,0.501,15.0,,,0.07011675976540273
13410,13410,15_5,15_618,5986.891,48.79602,16.7694,0.0089,2.918813,2332.0,2332.0,906.0,1059.0,906.0253,1058.8733,906.0253,1058.8733,192.5897150565174,27.641446688444795,40.024,22.775,-51.38,0.26403,0.14616,-49.9,906.0253,1058.8733,192.5897150565174,27.641446688444795,23.205124339,24.532884695,23.205124339,24.532884695,5.174,4.579,51.62,5.173748,4.579339,51.62,27.3638,19.0,26.83,1.757,0.431,0.028,15.0,545,545,15_29,15_6,1194.633,47.29583,18.5193,0.043,404.0751,22.0,26.0,906.0,1059.0,906.0423,1059.2258,906.0423,1059.2258,192.5897128327958,27.64134744611372,1.389,1.184,-64.92,0.06439,0.05318,-67.46,906.0423,1059.2258,192.5897128327958,27.64134744611372,1.4651114512,1.5650536992,1.4651114512,1.5650536992,1.267,1.193,-61.6,1.267407,1.193249,-61.6,22.9171,0.0,3.8,1.173,0.148,0.188,15.0,,,0.3529096909975302
13412,13412,15_7,15_229,3734.934,39.3014,17.2817,0.0114,2.93718,1835.0,1835.0,727.0,1114.0,727.3634999999999,1114.0149,727.3634999999999,1114.0149,192.6469545097013,27.62731439647103,23.596,19.415,-43.15,0.18665,0.15419,-38.54,727.3634999999999,1114.0149,192.6469545097013,27.62731439647103,3.7409485788,3.541952285,3.7409485788,3.541952285,1.95,1.865,-25.97,1.95009,1.865489,-25.97,27.5458,19.0,2.64,1.215,0.177,0.032,15.0,542,542,15_26,15_9,1003.832,40.02184,18.7083,0.0433,403.6927,15.0,18.0,727.0,1114.0,727.4456,1114.1269,727.4456,1114.1269,192.64692942814145,27.627282279208885,1.131,0.981,81.75,0.05811,0.04737,89.11,727.4456,1114.1269,192.64692942814145,27.627282279208885,0.72022781419,0.7201978434,0.72022781419,0.7201978434,0.871,0.825,44.99,0.8713092,0.8253763,44.99,22.855,0.0,3.34,1.152,0.132,0.842,15.0,,,0.13886831892131274
13457,13457,15_52,15_25,8596.471,38.29148,16.3766,0.0048,1.662653,77.0,77.0,614.0,1016.0,614.0708,1016.4886,614.0708,1016.4886,192.68208071016767,27.655595214286308,1.174,1.083,38.32,0.00552,0.00509,40.67,614.0708,1016.4886,192.68208071016767,27.655595214286308,0.48248237915,0.47973593462,0.48248237915,0.47973593462,0.708,0.679,43.05,0.7080091,0.6789267,43.05,25.4106,0.0,2.04,1.083,0.077,1.0,15.0,517,517,15_1,15_4,6830.039,73.19189,16.6263,0.0116,403.6971,49.0,54.0,614.0,1017.0,614.2011,1016.8149,614.2011,1016.8149,192.68204218257156,27.655502482537244,1.66,1.419,56.23,0.02401,0.01954,62.87,614.2011,1016.8149,192.68204218257156,27.655502482537244,0.94075827049,0.92623670053,0.94075827049,0.92623670053,0.997,0.935,41.53,0.9967571,0.9345962,41.53,22.8756,0.0,3.07,1.169,0.145,0.985,15.0,,,0.3513542087409427
13482,13482,15_77,15_1,66493.01,104.632,14.1555,0.0017,1.634965,49.0,49.0,702.0,1005.0,701.7934,1004.891,701.7934,1004.891,192.6541094273233,27.65819211992995,1.645,0.507,-0.31,0.0026,8.0E-4,-0.32,701.7934,1004.891,192.6541094273233,27.65819211992995,0.8337283024,0.18806462396,0.8337283024,0.18806462396,0.913,0.434,-0.25,0.913094,0.4336499,-0.25,25.2695,24.0,4.08,3.242,0.692,0.999,15.0,518,518,15_2,15_3,67931.8,139.544,14.1322,0.0022,403.6469,95.0,104.0,702.0,1004.0,701.8658,1005.115,701.8658,1005.115,192.65408840987288,27.65812858643637,2.463,1.232,1.56,0.00791,0.0044,3.07,701.8658,1005.115,192.65408840987288,27.65812858643637,1.6575287591,0.53084947805,1.6575287591,0.53084947805,1.288,0.728,0.73,1.287522,0.7284672,0.73,22.8642,24.0,5.47,1.999,0.5,0.984,15.0,,,0.2354097704005148
13526,13526,15_121,15_704,1050.752,14.87591,18.6587,0.0154,1.702508,52.0,52.0,664.0,1511.0,664.3272,1510.9116,664.3272,1510.9116,192.67047945502625,27.51618678083336,1.51,1.198,9.41,0.02281,0.01793,8.2,664.3272,1510.9116,192.67047945502625,27.51618678083336,0.82965673258,0.68264247417,0.82965673258,0.68264247417,0.914,0.823,10.75,0.9138697,0.822886,10.75,25.2884,16.0,2.95,1.261,0.207,0.983,15.0,547,547,15_31,15_32,703.0215,36.17963,19.095,0.0559,403.8507,14.0,15.0,664.0,1512.0,664.4077,1511.643,664.4077,1511.643,192.6704603662804,27.515980497771498,1.048,0.926,42.56,0.06621,0.05776,45.0,664.4077,1511.643,192.6704603662804,27.515980497771498,0.7897579476,0.7510540667,0.7897579476,0.7510540667,0.906,0.849,33.71,0.9059883,0.8485265,33.71,22.8681,16.0,2.9,1.132,0.117,0.63,15.0,5,2,0.7358166959237759
13600,13600,15_195,15_569,101484.9,129.1488,13.6964,0.0014,3.142678,73.0,73.0,793.0,1454.0,793.5417,1454.3897,793.5417,1454.3897,192.62897435345573,27.531099906397127,0.88,0.825,34.16,0.00113,0.00106,34.03,793.5417,1454.3897,192.62897435345573,27.531099906397127,0.33549645007,0.31707494909,0.33549645007,0.31707494909,0.586,0.556,28.33,0.5857035,0.5563478,28.33,27.4583,0.0,1.6,1.066,0.062,0.984,15.0,549,549,15_33,15_30,96896.4,167.4424,13.7466,0.0019,404.4538,136.0,154.0,793.0,1454.0,793.6815,1454.7783,793.6815,1454.7783,192.62893345743527,27.53098956485653,1.903,1.719,55.87,0.00471,0.00434,45.16,793.6815,1454.7783,192.62893345743527,27.53098956485653,0.96703175459,0.97989441073,0.96703175459,0.97989441073,1.013,0.959,48.48,1.013164,0.9593878,48.48,22.9145,0.0,3.17,1.107,0.097,0.989,15.0,,,0.4129818397944487
13618,13618,15_213,15_555,3943.865,29.68229,17.2226,0.0082,3.233047,284.0,284.0,587.0,1435.0,585.9285,1434.5222,585.9285,1434.5222,192.69468701469455,27.538257597615072,3.444,3.227,31.02,0.03025,0.02848,52.12,585.9285,1434.5222,192.69468701469455,27.538257597615072,0.87629169888,0.84391905771,0.87629169888,0.84391905771,0.936,0.918,5.61,0.9362732,0.9184788,5.61,26.6865,1.0,5.26,1.067,0.063,0.838,15.0,521,521,15_5,15_28,2533.914,55.53205,17.7029,0.0238,404.4842,28.0,34.0,587.0,1435.0,587.0701,1435.1161,587.0701,1435.1161,192.6943299027193,27.538082032838,1.345,1.32,26.99,0.03745,0.03561,16.06,587.0701,1435.1161,192.6943299027193,27.538082032838,0.88451815413,0.8787889866,0.88451815413,0.8787889866,0.944,0.934,35.21,0.9435052,0.934401,35.21,22.8953,0.0,3.0,1.019,0.019,0.971,15.0,,,1.286844112548179
13627,13627,15_222,15_551,1003.542,17.39771,18.7086,0.0188,3.288324,167.0,167.0,556.0,1430.0,556.3058,1431.2617,556.3058,1431.2617,192.70406014221933,27.539396156576743,3.887,2.347,-83.0,0.06468,0.03646,-82.41,556.3058,1431.2617,192.70406014221933,27.539396156576743,1.6545293908,1.5321818519,1.6545293908,1.5321818519,1.302,1.221,26.51,1.301938,1.221339,26.51,26.7118,1.0,4.56,1.656,0.396,0.03,15.0,523,523,15_7,15_27,436.2715,31.61739,19.613,0.0787,403.4612,10.0,12.0,556.0,1430.0,556.4951,1430.4743,556.4951,1430.4743,192.70399317647917,27.539616166488543,0.912,0.89,50.68,0.08428,0.08416,56.5,556.4951,1430.4743,192.70399317647917,27.539616166488543,0.93904188544,0.90530163136,0.93904188544,0.90530163136,1.008,0.91,39.81,1.007858,0.9102563,39.81,22.8525,0.0,3.38,1.024,0.024,0.509,15.0,,,0.8098353227662383
13754,13754,15_349,15_461,9731.137,40.80715,16.242,0.0046,2.959629,154.0,154.0,776.0,1377.0,775.9395999999999,1377.1047,775.9395999999999,1377.1047,192.6338714561072,27.552966550124665,1.515,1.194,41.26,0.00826,0.00592,42.79,775.9395999999999,1377.1047,192.6338714561072,27.552966550124665,0.49396638596,0.47335368555,0.49396638596,0.47335368555,0.709,0.682,28.6,0.7090067,0.6816373,28.6,27.3908,0.0,1.93,1.269,0.212,0.995,15.0,525,525,15_9,15_25,7911.107,76.52599,16.4668,0.0105,403.5954,53.0,58.0,776.0,1377.0,776.1577,1377.5928,776.1577,1377.5928,192.63380658086376,27.55282763469418,1.649,1.475,62.16,0.02172,0.01892,72.68,776.1577,1377.5928,192.63380658086376,27.55282763469418,0.95149174248,0.94252026207,0.95149174248,0.94252026207,1.0,0.946,42.53,0.999586,0.9459597,42.53,22.8691,0.0,3.2,1.118,0.105,0.981,15.0,,,0.5346112793421312
13781,13781,15_376,15_445,11403.82,43.64745,16.0698,0.0042,3.033659,76.0,76.0,686.0,1363.0,685.6487,1362.6604,685.6487,1362.6604,192.6624028493983,27.557714431955667,1.066,1.02,29.96,0.00427,0.00411,30.15,685.6487,1362.6604,192.6624028493983,27.557714431955667,0.42078017805,0.40918388454,0.42078017805,0.40918388454,0.654,0.634,31.73,0.6541837,0.6340408,31.73,27.5533,0.0,1.9,1.045,0.043,0.984,15.0,526,526,15_10,15_24,9371.339,79.02982,16.2829,0.0092,402.9477,53.0,60.0,686.0,1363.0,685.7447,1362.9853,685.7447,1362.9853,192.6623752502325,27.55762234395652,1.611,1.47,57.26,0.01873,0.01678,57.83,685.7447,1362.9853,192.6623752502325,27.55762234395652,0.894552327,0.89579645306,0.894552327,0.89579645306,0.967,0.924,45.44,0.96743,0.9243528,45.44,22.8323,0.0,3.01,1.096,0.087,0.982,15.0,,,0.3387860829491769
13832,13832,15_427,15_416,2260.854,23.28388,17.8267,0.0112,3.018459,278.0,278.0,983.0,1323.0,982.9672,1324.6395,982.9672,1324.6395,192.567686805227,27.5661231982775,4.331,2.511,66.19,0.04873,0.02693,65.71,982.9672,1324.6395,192.567686805227,27.5661231982775,1.9787122017,2.0335087476,1.9787122017,2.0335087476,1.429,1.404,69.9,1.42898,1.403651,69.9,27.0393,1.0,5.92,1.725,0.42,0.029,15.0,529,529,15_13,15_21,1081.569,47.40276,18.6273,0.0476,403.9363,23.0,26.0,983.0,1323.0,982.8797,1323.8004,982.8797,1323.8004,192.5677069688568,27.56635981628864,1.45,1.173,-82.76,0.07473,0.05849,-82.85,982.8797,1323.8004,192.5677069688568,27.56635981628864,1.8649476681,2.0109810087,1.8649476681,2.0109810087,1.42,1.364,80.14,1.419695,1.363963,80.14,22.8931,0.0,4.55,1.236,0.191,0.245,15.0,,,0.8436498444259183
13845,13845,15_440,15_405,6181.906,32.30652,16.7346,0.0057,1.5419,46.0,46.0,1011.0,1324.0,1011.2685,1324.1492,1011.2685,1324.1492,192.55869907901243,27.56604041888395,0.948,0.83,-87.93,0.00518,0.00463,-85.27,1011.2685,1324.1492,192.55869907901243,27.56604041888395,0.32181478477,0.32449105366,0.32181478477,0.32449105366,0.571,0.566,58.91,0.5709812,0.5659384,58.91,25.4749,24.0,1.8,1.142,0.124,0.996,15.0,528,528,15_12,15_22,5902.481,62.7639,16.7848,0.0115,403.4486,35.0,37.0,1012.0,1324.0,1011.5689,1324.4199,1011.5689,1324.4199,192.55860618893,27.56596195925295,1.511,1.128,-87.92,0.02311,0.01559,-86.21,1011.5689,1324.4199,192.55860618893,27.56596195925295,0.67798743569,0.80654815273,0.67798743569,0.80654815273,0.899,0.822,82.52,0.899336,0.8220282,82.52,22.863,24.0,3.29,1.339,0.253,0.983,15.0,,,0.4043743933534847
14009,14009,15_604,15_281,3805.571,27.83641,17.2614,0.0079,3.080125,282.0,282.0,931.0,1175.0,930.5382,1175.2976,930.5382,1175.2976,192.5829803075036,27.608521850263752,6.041,2.223,20.36,0.05676,0.01976,18.94,930.5382,1175.2976,192.5829803075036,27.608521850263752,0.69881694582,0.66538665901,0.69881694582,0.66538665901,0.838,0.814,16.74,0.8379396,0.8136712,16.74,27.5454,3.0,2.39,2.717,0.632,0.887,15.0,534,534,15_18,15_16,2477.087,54.64764,17.7276,0.024,403.7669,32.0,33.0,931.0,1175.0,930.5726,1175.5132,930.5726,1175.5132,192.58297133101576,27.60846096282074,1.364,1.281,43.27,0.03771,0.03517,45.14,930.5726,1175.5132,192.58297133101576,27.60846096282074,0.87134957235,0.84846401727,0.87134957235,0.84846401727,0.94,0.914,30.7,0.9401099,0.9143341,30.7,22.895,0.0,2.92,1.065,0.061,0.972,15.0,,,0.2183270940584291
14052,14052,15_647,15_247,2258.953,20.60775,17.8276,0.0099,3.419451,71.0,71.0,561.0,1157.0,560.8031,1156.8139,560.8031,1156.8139,192.70023150493955,27.61653779304141,1.425,1.399,-63.17,0.01375,0.0132,-39.24,560.8031,1156.8139,192.70023150493955,27.61653779304141,0.72136093979,0.72667906001,0.72136093979,0.72667906001,0.857,0.845,53.05,0.856508,0.845242,53.05,26.8852,3.0,2.54,1.019,0.019,0.982,15.0,536,536,15_20,15_14,1561.666,48.49772,18.2284,0.0337,404.2164,23.0,27.0,561.0,1157.0,560.6611,1156.6605,560.6611,1156.6605,192.7002752608653,27.616581992070017,1.297,1.228,58.67,0.04751,0.04593,7.93,560.6611,1156.6605,192.7002752608653,27.616581992070017,0.87791538171,0.94622358876,0.87791538171,0.94622358876,0.986,0.923,62.57,0.9856071,0.9234271,62.57,22.9092,3.0,3.13,1.056,0.053,0.91,15.0,,,0.20903482963379044
14053,14053,15_648,15_247,2972.604,23.28262,17.5296,0.0085,3.35714,69.0,69.0,558.0,1150.0,558.4022,1150.536,558.4022,1150.536,192.7009390923901,27.618321085930692,1.399,1.263,14.73,0.01169,0.01031,9.96,558.4022,1150.536,192.7009390923901,27.618321085930692,0.69339130963,0.68449225487,0.69339130963,0.68449225487,0.847,0.813,40.44,0.8467559,0.8129502,40.44,26.7434,3.0,2.51,1.107,0.097,0.983,15.0,537,537,15_21,15_14,2211.111,54.79261,17.8509,0.0269,404.4073,30.0,34.0,558.0,1151.0,558.4086,1150.6124,558.4086,1150.6124,192.70093772814187,27.61829955479289,1.584,1.227,57.32,0.04875,0.03684,59.33,558.4086,1150.6124,192.70093772814187,27.61829955479289,0.91732461633,0.95964320718,0.91732461633,0.95964320718,1.005,0.931,53.66,1.004771,0.9313453,53.66,22.9193,3.0,4.21,1.29,0.225,0.844,15.0,,,0.07666759419720826
14063,14063,15_658,15_238,20352.48,58.35354,15.4409,0.0031,1.849731,65.0,65.0,520.0,1149.0,519.6479,1149.3612,519.6479,1149.3612,192.7132371949395,27.61894121372562,0.991,0.927,32.84,0.0029,0.00272,32.37,519.6479,1149.3612,192.7132371949395,27.61894121372562,0.37271975155,0.36313931367,0.37271975155,0.36313931367,0.621,0.592,36.9,0.6205601,0.5922535,36.9,25.2303,0.0,1.78,1.069,0.065,0.979,15.0,538,538,15_22,15_13,17570.19,93.58587,15.6005,0.0058,403.6257,71.0,76.0,520.0,1149.0,519.7522,1149.7194,519.7522,1149.7194,192.7132071922127,27.618839710834227,1.706,1.561,58.52,0.01264,0.01167,66.7,519.7522,1149.7194,192.7132071922127,27.618839710834227,0.91344332653,0.92416974627,0.91344332653,0.92416974627,0.989,0.928,47.64,0.9885266,0.9275927,47.64,22.8836,0.0,3.05,1.093,0.085,0.982,15.0,,,0.3730760378259629
14067,14067,15_662,15_234,940.514,14.97647,18.779,0.0173,2.970393,144.0,144.0,815.0,1142.0,815.6654,1141.7495,815.6654,1141.7495,192.61915753002967,27.61884103901719,2.612,2.236,-64.76,0.04475,0.03778,-70.86,815.6654,1141.7495,192.61915753002967,27.61884103901719,1.9264781269,1.8860368372,1.9264781269,1.8860368372,1.419,1.341,-39.61,1.419252,1.340984,-39.61,27.3481,1.0,4.88,1.168,0.144,0.026,15.0,540,540,15_24,15_11,265.8135,25.8604,20.151,0.1057,404.0958,7.0,8.0,815.0,1142.0,815.102,1142.1911,815.102,1142.1911,192.6193404021192,27.61872119531355,0.854,0.669,-40.29,0.09847,0.07771,-45.11,815.102,1142.1911,192.6193404021192,27.61872119531355,1.4119273443,1.3239156528,1.4119273443,1.3239156528,1.228,1.108,-35.93,1.228498,1.107536,-35.93,22.8959,0.0,4.48,1.276,0.216,0.326,15.0,,,0.7158422451910035
14227,14227,15_822,15_128,48954.64,89.83366,14.4879,0.002,3.039614,71.0,71.0,719.0,1061.0,719.473,1061.4619,719.473,1061.4619,192.6489944720318,27.64215126024833,0.926,0.866,22.28,0.00172,0.00161,22.21,719.473,1061.4619,192.6489944720318,27.64215126024833,0.35351836061,0.33834867393,0.35351836061,0.33834867393,0.601,0.575,29.79,0.6007597,0.5752867,29.79,27.002,0.0,1.81,1.069,0.065,0.982,15.0,544,544,15_28,15_7,45153.4,128.024,14.5757,0.0031,403.6895,104.0,112.0,719.0,1061.0,719.5897,1061.8373,719.5897,1061.8373,192.64896073198145,27.642044818034453,1.817,1.682,54.03,0.00736,0.00692,49.52,719.5897,1061.8373,192.64896073198145,27.642044818034453,0.9768197742,0.96018130597,0.9768197742,0.96018130597,1.009,0.959,40.11,1.008689,0.9589309,40.11,22.8598,0.0,3.15,1.081,0.075,0.983,15.0,,,0.3931209101535217
14389,14389,16_2,16_664,6384.948,51.65313,16.6995,0.0088,2.718076,3732.0,3732.0,1162.0,1164.0,1162.5641,1163.7017,1162.5641,1163.7017,192.50920073258024,27.609962477462084,34.626,27.076,18.85,0.19435,0.15789,21.56,1162.5641,1163.7017,192.50920073258024,27.609962477462084,102.26463193,105.2008306,102.26463193,105.2008306,10.829,9.497,48.11,10.82942,9.496801,48.11,27.4657,19.0,83.55,1.279,0.218,0.024,16.0,574,574,16_25,16_17,856.2266,38.53247,18.8809,0.0489,402.0941,15.0,17.0,1162.0,1164.0,1162.4448,1163.8215,1162.4448,1163.8215,192.50923971416603,27.609929740980363,1.141,0.941,70.46,0.06565,0.05142,74.79,1162.4448,1163.8215,192.50923971416603,27.609929740980363,0.80795132277,0.8255992674,0.80795132277,0.8255992674,0.938,0.868,49.04,0.9378696,0.8683036,49.04,22.8495,0.0,3.2,1.213,0.175,0.814,16.0,,,0.16906960105235289
14391,14391,16_4,16_353,11329.58,59.77621,16.0769,0.0057,2.857751,3531.0,3531.0,1328.0,1172.0,1327.8413,1171.8987,1327.8413,1171.8987,192.4568021076235,27.60633711193789,42.701,15.982,-56.75,0.20304,0.07706,-56.45,1327.8413,1171.8987,192.4568021076235,27.60633711193789,0.33422724498,0.33011850833,0.33422724498,0.33011850833,0.579,0.574,-18.2,0.5785542,0.5741261,-18.2,27.5694,19.0,3.03,2.672,0.626,0.03,16.0,572,572,16_23,16_19,5459.043,85.01141,16.8696,0.0169,402.9756,68.0,79.0,1328.0,1172.0,1327.9576,1172.3492,1327.9576,1172.3492,192.4567693867301,27.606209519285414,2.033,1.915,-57.25,0.04024,0.03652,-49.93,1327.9576,1172.3492,192.4567693867301,27.606209519285414,1.9561333135,2.0569255292,1.9561333135,2.0569255292,1.434,1.399,-87.82,1.43425,1.398566,-87.82,22.8902,0.0,4.12,1.061,0.058,0.037,16.0,,,0.465269749715272
14395,14395,16_8,16_133,7330.719,45.88545,16.5495,0.0068,1.445633,1353.0,1353.0,1360.0,1048.0,1360.6549,1049.1916,1360.6549,1049.1916,192.44523719336715,27.640570156509757,14.578,7.161,-32.97,0.10136,0.04902,-33.3,1360.6549,1049.1916,192.44523719336715,27.640570156509757,135.77268894,114.97474342,135.77268894,114.97474342,11.753,10.612,-17.7,11.75297,10.61203,-17.7,25.5402,19.0,5.73,2.036,0.509,0.028,16.0,580,580,16_31,16_11,2332.892,69.86325,17.7927,0.0325,402.3149,52.0,58.0,1360.0,1049.0,1360.5591,1049.2995,1360.5591,1049.2995,192.4452686248976,27.640540596821616,2.526,1.532,64.41,0.08897,0.05279,63.26,1360.5591,1049.2995,192.4452686248976,27.640540596821616,3.4949143296,4.7162620643,3.4949143296,4.7162620643,2.224,1.807,68.34,2.223751,1.807238,68.34,22.8907,0.0,8.22,1.65,0.394,0.001,16.0,,,0.1442915451438661
14396,14396,16_9,16_133,907.6073,16.97022,18.8177,0.0203,2.88434,195.0,195.0,1349.0,1045.0,1348.7144,1044.9757,1348.7144,1044.9757,192.44898969254072,27.641851891402727,5.895,3.342,-13.55,0.10044,0.05649,-14.38,1348.7144,1044.9757,192.44898969254072,27.641851891402727,1.7811800043,1.7487233906,1.7811800043,1.7487233906,1.347,1.31,35.46,1.347066,1.309701,35.46,26.7852,3.0,3.65,1.764,0.433,0.027,16.0,583,583,16_34,16_8,243.2227,25.77606,20.2474,0.1151,403.1944,7.0,8.0,1349.0,1045.0,1348.8852,1045.113,1348.8852,1045.113,192.4489367343823,27.641811912012088,0.84,0.667,45.35,0.10007,0.07915,45.02,1348.8852,1045.113,192.4489367343823,27.641811912012088,0.97556303232,1.0811186561,0.97556303232,1.0811186561,1.057,0.97,63.36,1.056698,0.9695724,63.36,22.9295,0.0,2.81,1.259,0.206,0.392,16.0,,,0.21914362870040857
14397,14397,16_10,16_112,918.0936,16.73384,18.8052,0.0198,2.754792,232.0,232.0,1129.0,1047.0,1129.216,1047.5845,1129.216,1047.5845,192.5187235104282,27.642873261429425,7.891,3.256,8.57,0.14213,0.05727,8.48,1129.216,1047.5845,192.5187235104282,27.642873261429425,1.2635277237,1.3269747029,1.2635277237,1.3269747029,1.16,1.115,64.22,1.160296,1.115444,64.22,26.9981,19.0,3.48,2.423,0.587,0.027,16.0,582,582,16_33,16_9,336.2867,29.0712,19.8956,0.0939,403.3115,7.0,10.0,1129.0,1047.0,1129.2348,1047.4934,1129.2348,1047.4934,192.5187167034589,27.642898725369704,0.965,0.72,-89.94,0.10417,0.07624,-89.97,1129.2348,1047.4934,192.5187167034589,27.642898725369704,0.77610908899,0.98953443744,0.77610908899,0.98953443744,0.998,0.877,79.75,0.9983754,0.8768638,79.75,22.8876,0.0,4.79,1.34,0.254,0.484,16.0,,,0.09301962158586917
14408,14408,16_21,16_62,94979.0,124.9446,13.7683,0.0014,2.795197,74.0,74.0,1216.0,1032.0,1215.6043,1032.3263,1215.6043,1032.3263,192.49114590784575,27.64647668166751,0.892,0.845,-7.67,0.00118,0.00112,-7.56,1215.6043,1032.3263,192.49114590784575,27.64647668166751,0.34470789029,0.30916953488,0.34470789029,0.30916953488,0.587,0.556,-2.41,0.5871719,0.5559735,-2.41,27.3881,0.0,1.63,1.056,0.053,0.984,16.0,550,550,16_1,16_7,90137.95,160.8551,13.8251,0.0019,402.9854,134.0,141.0,1216.0,1032.0,1215.7122,1032.7096,1215.7122,1032.7096,192.4911151811053,27.64636805903792,1.861,1.745,66.46,0.00481,0.0045,67.56,1215.7122,1032.7096,192.4911151811053,27.64636805903792,1.0088007149,0.99038292883,1.0088007149,0.99038292883,1.012,0.988,33.78,1.011785,0.9876611,33.78,22.8789,0.0,3.19,1.067,0.062,0.997,16.0,,,0.3981975640306776
14413,14413,16_26,16_47,8665.6,38.27457,16.3679,0.0048,2.824135,75.0,75.0,1100.0,1028.0,1099.7495,1027.9815,1099.7495,1027.9815,192.527902766576,27.64861747286328,1.122,1.084,14.65,0.00519,0.00501,16.09,1099.7495,1027.9815,192.527902766576,27.64861747286328,0.48152261957,0.45642450074,0.48152261957,0.45642450074,0.695,0.674,14.31,0.6951759,0.6742979,14.31,26.9714,0.0,1.93,1.035,0.034,0.999,16.0,585,585,16_36,16_6,6774.674,69.96851,16.6352,0.0112,402.785,43.0,48.0,1100.0,1028.0,1099.8386,1028.2609,1099.8386,1028.2609,192.527877024269,27.64853821652159,1.527,1.403,64.26,0.02088,0.01845,70.12,1099.8386,1028.2609,192.527877024269,27.64853821652159,0.90153623296,0.91224445971,0.90153623296,0.91224445971,0.967,0.938,50.55,0.9667899,0.9376023,50.55,22.8593,0.0,2.92,1.089,0.081,0.982,16.0,,,0.29326297072758356
14433,14433,16_46,16_20,8611.309,38.54366,16.3747,0.0049,1.437992,87.0,87.0,1050.0,1013.0,1050.474,1013.3632,1050.474,1013.3632,192.5434206717701,27.65311539742528,1.235,1.08,15.31,0.00615,0.00504,14.9,1050.474,1013.3632,192.5434206717701,27.65311539742528,0.47910839678,0.45993520327,0.47910839678,0.45993520327,0.695,0.675,22.81,0.6951454,0.6751419,22.81,25.3602,0.0,2.07,1.144,0.126,0.978,16.0,286,286,9_4,9_43,3202.468,47.15154,17.4487,0.016,402.9193,19.0,22.0,1050.0,1013.0,1050.4894,1012.2705,1050.4894,1012.2705,192.54340581736892,27.653422490949367,1.389,0.776,-0.12,0.03152,0.01777,-0.1,1050.4894,1012.2705,192.54340581736892,27.653422490949367,0.61651033361,0.27880703864,0.61651033361,0.27880703864,0.785,0.528,-0.58,0.785204,0.5279887,-0.58,22.8845,24.0,3.44,1.79,0.441,0.979,9.0,4,3,1.0928085147911684
14433,14433,16_46,16_20,8611.309,38.54366,16.3747,0.0049,1.437992,87.0,87.0,1050.0,1013.0,1050.474,1013.3632,1050.474,1013.3632,192.5434206717701,27.65311539742528,1.235,1.08,15.31,0.00615,0.00504,14.9,1050.474,1013.3632,192.5434206717701,27.65311539742528,0.47910839678,0.45993520327,0.47910839678,0.45993520327,0.695,0.675,22.81,0.6951454,0.6751419,22.81,25.3602,0.0,2.07,1.144,0.126,0.978,16.0,551,551,16_2,16_3,6691.553,71.92142,16.6486,0.0117,403.0507,45.0,52.0,1051.0,1013.0,1050.5827,1013.6866,1050.5827,1013.6866,192.5433890928368,27.653023619001083,1.543,1.453,55.92,0.02194,0.0209,73.8,1050.5827,1013.6866,192.5433890928368,27.653023619001083,0.9256357942,0.91912994838,0.9256357942,0.91912994838,0.978,0.943,42.24,0.9778796,0.9426119,42.24,22.876,0.0,2.98,1.062,0.058,0.979,16.0,4,3,0.3411792051107377
14611,14611,16_224,16_664,1795.554,26.23663,18.0769,0.0159,2.895897,737.0,737.0,1198.0,1437.0,1198.1931,1437.6089,1198.1931,1437.6089,192.50041660258125,27.53266690670723,13.938,8.462,46.86,0.16276,0.09487,47.17,1198.1931,1437.6089,192.50041660258125,27.53266690670723,0.0969651402,0.10274874922,0.0969651402,0.10274874922,0.321,0.311,87.34,0.320564,0.3113722,87.34,27.2205,19.0,5.34,1.647,0.393,0.001,16.0,588,588,16_39,16_39,138.29,20.26968,20.8604,0.1592,403.8206,5.0,5.0,1198.0,1437.0,1198.2205,1437.4206,1198.2205,1437.4206,192.5004061703268,27.53271963393061,0.753,0.45,19.71,0.12568,0.07267,18.54,1198.2205,1437.4206,192.5004061703268,27.53271963393061,1.4263565245,1.5564677104,1.4263565245,1.5564677104,1.262,1.179,65.24,1.261603,1.179484,65.24,22.9442,0.0,3.42,1.674,0.403,0.376,16.0,,,0.19028307859609297
14612,14612,16_225,16_664,2526.402,31.08698,17.7062,0.0134,2.822328,1131.0,1131.0,1214.0,1407.0,1213.8983,1407.2966,1213.8983,1407.2966,192.49515318070183,27.541065056482875,22.34,5.723,11.01,0.2172,0.05525,11.49,1213.8983,1407.2966,192.49515318070183,27.541065056482875,0.16586455284,0.15868192714,0.16586455284,0.15868192714,0.408,0.398,15.4,0.4079881,0.3976081,15.4,27.53,19.0,22.73,3.903,0.744,0.0,16.0,589,589,16_40,16_38,218.0196,24.16159,20.3662,0.1204,402.4413,5.0,7.0,1214.0,1407.0,1213.8487,1407.2741,1213.8487,1407.2741,192.4951687118515,27.541071777221497,0.875,0.598,29.76,0.12072,0.08325,30.45,1213.8487,1407.2741,192.4951687118515,27.541071777221497,2.0607085436,1.7400962386,2.0607085436,1.7400962386,1.488,1.26,29.57,1.487607,1.260091,29.57,22.8689,0.0,4.29,1.463,0.316,0.493,16.0,,,0.05446475924849806
14613,14613,16_226,16_664,4544.324,40.95238,17.0687,0.0098,2.845953,2067.0,2067.0,1221.0,1387.0,1220.8671,1387.9978,1220.8671,1387.9978,192.49276336379867,27.54643583005689,53.21,12.408,42.75,0.3903,0.0906,42.57,1220.8671,1387.9978,192.49276336379867,27.54643583005689,29.212344022,26.530624008,29.212344022,26.530624008,5.421,5.134,-13.99,5.421248,5.133521,-13.99,27.7159,19.0,5.73,4.288,0.767,0.028,16.0,555,555,16_6,16_36,1537.248,57.08018,18.2455,0.0403,402.197,35.0,38.0,1221.0,1387.0,1220.9381,1388.1452,1220.9381,1388.1452,192.49274219624132,27.546393820887804,2.137,1.306,-78.68,0.09375,0.05565,-77.9,1220.9381,1388.1452,192.49274219624132,27.546393820887804,2.3742164223,3.0229322142,2.3742164223,3.0229322142,1.74,1.54,-85.87,1.739633,1.539748,-85.87,22.8525,0.0,6.91,1.636,0.389,0.022,16.0,,,0.16360855723332746
14615,14615,16_228,16_664,6062.243,35.77806,16.7558,0.0064,2.663706,715.0,715.0,1332.0,1275.0,1332.0154,1275.2044,1332.0154,1275.2044,192.45644078435484,27.57725919736433,12.143,7.143,-52.63,0.09342,0.05367,-53.27,1332.0154,1275.2044,192.45644078435484,27.57725919736433,0.66746366898,0.63502651143,0.66746366898,0.63502651143,0.823,0.791,25.56,0.822851,0.7908264,25.56,27.4383,3.0,2.09,1.7,0.412,0.925,16.0,564,564,16_15,16_27,4042.318,64.79109,17.1958,0.0174,402.5576,38.0,44.0,1332.0,1275.0,1332.0972,1275.5349,1332.0972,1275.5349,192.45641790476228,27.57716561792744,1.523,1.386,51.83,0.0312,0.02819,60.99,1332.0972,1275.5349,192.45641790476228,27.57716561792744,0.92898598153,0.91328376516,0.92898598153,0.91328376516,0.982,0.937,39.65,0.9815452,0.937464,39.65,22.8616,0.0,3.04,1.099,0.09,0.98,16.0,,,0.34047245116162894
14616,14616,16_229,16_664,9181.368,56.17232,16.3051,0.0066,2.797498,3789.0,3789.0,1193.0,1273.0,1193.0428,1273.2631,1193.0428,1273.2631,192.5005343569367,27.578916421514343,27.396,20.925,-18.08,0.14084,0.11015,-15.68,1193.0428,1273.2631,192.5005343569367,27.578916421514343,0.24928222191,0.25622319703,0.24928222191,0.25622319703,0.509,0.496,60.97,0.5092276,0.496178,60.97,27.4747,3.0,2.17,1.309,0.236,0.907,16.0,565,565,16_16,16_26,3610.736,61.68252,17.3184,0.0186,402.8356,34.0,41.0,1193.0,1273.0,1193.1461,1273.5591,1193.1461,1273.5591,192.5005042981972,27.578832376954352,1.521,1.325,49.75,0.03343,0.02873,46.55,1193.1461,1273.5591,192.5005042981972,27.578832376954352,0.92666028331,0.90371839825,0.92666028331,0.90371839825,0.989,0.923,39.77,0.9891425,0.9230254,39.77,22.8891,0.0,3.13,1.148,0.129,0.978,16.0,,,0.3135074002316804
14617,14617,16_230,16_664,9576.981,47.58099,16.2593,0.0054,2.764937,1634.0,1634.0,1297.0,1245.0,1296.7444,1244.9444,1296.7444,1244.9444,192.4673543588787,27.58605036636759,11.52,9.117,-20.89,0.06631,0.05237,-26.23,1296.7444,1244.9444,192.4673543588787,27.58605036636759,0.65990565362,0.6253583255,0.65990565362,0.6253583255,0.815,0.788,19.03,0.8152127,0.7878402,19.03,27.5406,3.0,2.01,1.264,0.209,0.928,16.0,566,566,16_17,16_25,5931.515,71.11404,16.7795,0.013,402.3228,45.0,51.0,1297.0,1245.0,1296.8633,1245.2857,1296.8633,1245.2857,192.4673197921408,27.58595345472082,1.59,1.44,59.01,0.0255,0.02213,65.93,1296.8633,1245.2857,192.4673197921408,27.58595345472082,0.93132577478,0.92884408347,0.93132577478,0.92884408347,0.981,0.947,43.92,0.9813176,0.9471988,43.92,22.8546,0.0,3.09,1.105,0.095,0.979,16.0,,,0.36141790215740865
14618,14618,16_231,16_830,9558.903,46.26881,16.2614,0.0053,1.047297,1048.0,1048.0,1455.0,1501.0,1454.8706,1500.5782,1454.8706,1500.5782,192.41957125472865,27.512900120749336,13.37,5.134,52.8,0.08016,0.02879,53.32,1454.8706,1500.5782,192.41957125472865,27.512900120749336,7.2526090517,2.8877778684,7.2526090517,2.8877778684,2.75,1.606,-14.44,2.750033,1.605523,-14.44,25.6078,19.0,8.26,2.605,0.616,0.029,16.0,584,584,16_35,16_40,4903.821,87.62493,16.9861,0.0194,403.2552,75.0,81.0,1455.0,1501.0,1454.7238,1500.9442,1454.7238,1500.9442,192.41962126982216,27.512798409396325,3.168,1.507,-12.37,0.06422,0.03083,-11.48,1454.7238,1500.9442,192.41962126982216,27.512798409396325,4.8224534564,2.6076230487,4.8224534564,2.6076230487,2.226,1.573,-13.45,2.226367,1.572694,-13.45,22.8366,16.0,9.39,2.103,0.524,0.009,16.0,,,0.3943427950400322
14691,14691,16_304,16_610,3137.04,30.23573,17.4711,0.0105,2.571093,912.0,912.0,1357.0,1366.0,1357.2996,1366.3324,1357.2996,1366.3324,192.44926762354964,27.55143440178668,11.031,6.721,-89.71,0.10562,0.06446,89.14,1357.2996,1366.3324,192.44926762354964,27.55143440178668,1.5018232696,1.4633178527,1.5018232696,1.4633178527,1.226,1.209,12.66,1.226323,1.208831,12.66,27.1757,3.0,2.79,1.641,0.391,0.048,16.0,560,560,16_11,16_31,1140.224,44.54073,18.5699,0.0424,402.7919,18.0,23.0,1357.0,1366.0,1357.2512,1366.4262,1357.2512,1366.4262,192.4492838592019,27.551408419471425,1.226,1.129,75.09,0.06012,0.05231,73.83,1357.2512,1366.4262,192.4492838592019,27.551408419471425,0.90005645416,0.88883291893,0.90005645416,0.88883291893,0.951,0.94,-27.93,0.951022,0.9404502,-27.93,22.8872,0.0,3.1,1.086,0.08,0.733,16.0,,,0.10555093557155919
14705,14705,16_318,16_599,66415.12,104.5318,14.1567,0.0017,2.834874,72.0,72.0,1139.0,1401.0,1139.384,1400.5987,1139.384,1400.5987,192.51873701843945,27.543538805612656,0.901,0.873,10.29,0.00143,0.00139,10.34,1139.384,1400.5987,192.51873701843945,27.543538805612656,0.34234545297,0.33735765502,0.34234545297,0.33735765502,0.587,0.579,29.41,0.5870841,0.5788224,29.41,26.9282,0.0,1.73,1.031,0.03,0.982,16.0,554,554,16_5,16_37,62004.34,140.938,14.2314,0.0025,403.0322,119.0,123.0,1139.0,1401.0,1139.4932,1400.979,1139.4932,1400.979,192.51870585909643,27.543431012960195,1.847,1.7,62.0,0.00609,0.00553,63.84,1139.4932,1400.979,192.51870585909643,27.543431012960195,0.98836193924,0.99424082664,0.98836193924,0.99424082664,1.012,0.979,47.61,1.011725,0.9792933,47.61,22.8912,0.0,3.19,1.086,0.08,0.99,16.0,,,0.39566744874957566
14741,14741,16_354,16_569,1497.112,17.37325,18.2743,0.0126,2.509114,99.0,99.0,1487.0,1382.0,1486.6085,1382.2521,1486.6085,1382.2521,192.40838605953647,27.545909624470784,1.714,1.643,-0.83,0.0218,0.02094,-34.88,1486.6085,1382.2521,192.40838605953647,27.545909624470784,0.98859906726,0.92748113236,0.98859906726,0.92748113236,1.002,0.955,24.47,1.002279,0.9547343,24.47,26.6338,0.0,2.95,1.044,0.042,0.502,16.0,557,557,16_8,16_34,791.0006,37.94079,18.967,0.0521,404.4946,15.0,17.0,1487.0,1382.0,1486.6527,1382.2566,1486.6527,1382.2566,192.4083720776251,27.545907998613345,1.116,0.976,41.82,0.06544,0.05709,42.63,1486.6527,1382.2566,192.4083720776251,27.545907998613345,0.85456057453,0.81479003123,0.85456057453,0.81479003123,0.954,0.871,37.41,0.9542757,0.8710387,37.41,22.9415,0.0,3.13,1.144,0.126,0.728,16.0,,,0.04442848185572122
14771,14771,16_384,16_552,14429.65,49.03492,15.8143,0.0037,2.650261,76.0,76.0,1403.0,1372.0,1403.4236,1371.5733,1403.4236,1371.5733,192.43468054452623,27.549588195950975,1.023,0.999,43.57,0.00361,0.00353,43.56,1403.4236,1371.5733,192.43468054452623,27.549588195950975,0.39414241164,0.39328810557,0.39414241164,0.39328810557,0.634,0.621,43.54,0.6340939,0.62077,43.54,26.9383,0.0,1.93,1.024,0.023,0.983,16.0,558,558,16_9,16_33,12082.79,85.11684,16.007,0.0077,403.4611,60.0,67.0,1403.0,1372.0,1403.5469,1371.9203,1403.5469,1371.9203,192.43464467559943,27.54948963681037,1.651,1.527,60.3,0.01571,0.01484,44.01,1403.5469,1371.9203,192.43464467559943,27.54948963681037,0.90115487694,0.92675484975,0.90115487694,0.92675484975,0.974,0.938,55.72,0.9741458,0.9375232,55.72,22.9102,0.0,3.09,1.081,0.075,0.977,16.0,,,0.3682551968404237
14802,14802,16_415,16_526,1085.62,19.42295,18.6232,0.0194,2.75128,326.0,326.0,1450.0,1336.0,1449.9634,1336.3029,1449.9634,1336.3029,192.4195807017548,27.559126803041316,8.279,5.581,-62.11,0.12976,0.08718,-61.86,1449.9634,1336.3029,192.4195807017548,27.559126803041316,2.1003742533,2.1559926609,2.1003742533,2.1559926609,1.477,1.441,-61.05,1.476657,1.440781,-61.05,27.029,3.0,4.4,1.483,0.326,0.016,16.0,562,562,16_13,16_29,195.0953,22.40109,20.4868,0.1247,402.8761,6.0,6.0,1450.0,1337.0,1450.3378,1336.3472,1450.3378,1336.3472,192.41946230889303,27.55911130222486,0.877,0.519,-45.11,0.12839,0.07424,-45.01,1450.3378,1336.3472,192.41946230889303,27.55911130222486,1.216681317,1.2616573655,1.216681317,1.2616573655,1.162,1.062,-50.86,1.161828,1.062306,-50.86,22.8653,0.0,3.99,1.689,0.408,0.407,16.0,,,0.37701173721774817
15032,15032,16_645,16_371,1113.349,15.66086,18.5958,0.0153,2.557309,117.0,117.0,1422.0,1222.0,1421.5118,1221.8145,1421.5118,1221.8145,192.4275336092214,27.59154604128197,2.363,1.731,15.61,0.03819,0.02614,13.81,1421.5118,1221.8145,192.4275336092214,27.59154604128197,1.1641594221,1.1503399776,1.1641594221,1.1503399776,1.113,1.038,42.55,1.112662,1.037537,42.55,26.8004,0.0,3.74,1.365,0.268,0.078,16.0,568,568,16_19,16_23,564.1312,34.74376,19.334,0.0669,402.6834,12.0,14.0,1422.0,1222.0,1421.7964,1221.815,1421.7964,1221.815,192.427443274901,27.5915435894154,1.137,0.841,50.48,0.08923,0.06368,53.95,1421.7964,1221.815,192.427443274901,27.5915435894154,0.91505132568,0.89555908503,0.91505132568,0.89555908503,1.03,0.866,43.2,1.030013,0.8658432,43.2,22.8635,0.0,4.36,1.353,0.261,0.421,16.0,,,0.2846004392125466
15052,15052,16_665,16_353,4452.52,35.99886,17.0909,0.0088,2.741393,1258.0,1258.0,1338.0,1192.0,1338.0241,1192.3153,1338.0241,1192.3153,192.45375988280355,27.600515030624013,14.455,7.256,-3.2,0.11925,0.05788,-2.37,1338.0241,1192.3153,192.45375988280355,27.600515030624013,1.646814553,1.7132162122,1.646814553,1.7132162122,1.315,1.277,66.43,1.314847,1.277187,66.43,27.2503,3.0,3.14,1.992,0.498,0.029,16.0,570,570,16_21,16_21,2017.159,59.5593,17.9506,0.0321,404.305,36.0,40.0,1338.0,1192.0,1338.0708,1192.5949,1338.0708,1192.5949,192.45374766732104,27.600436045720237,1.64,1.418,82.19,0.0569,0.04807,88.88,1338.0708,1192.5949,192.45374766732104,27.600436045720237,1.4848642246,1.6128674491,1.4848642246,1.6128674491,1.282,1.205,65.96,1.282439,1.205438,65.96,22.9528,0.0,4.27,1.156,0.135,0.113,16.0,,,0.28347319097231943
15070,15070,16_683,16_339,1307.08,16.41098,18.4217,0.0136,2.793564,127.0,127.0,1148.0,1194.0,1147.9443,1193.8913,1147.9443,1193.8913,192.5141202120269,27.60159028316826,2.037,1.896,57.14,0.03095,0.02704,66.64,1147.9443,1193.8913,192.5141202120269,27.60159028316826,1.0351928853,0.9965119396,1.0351928853,0.9965119396,1.025,0.99,28.13,1.025026,0.9904681,28.13,27.6074,0.0,3.02,1.074,0.069,0.034,16.0,571,571,16_22,16_20,710.3563,37.12446,19.0837,0.0568,402.8828,14.0,16.0,1148.0,1194.0,1147.9574,1193.9329,1147.9574,1193.9329,192.5141164353138,27.60157848325252,1.103,0.985,55.69,0.07252,0.06461,62.55,1147.9574,1193.9329,192.5141164353138,27.60157848325252,0.82851946963,0.81481974168,0.82851946963,0.81481974168,0.942,0.87,42.0,0.9418889,0.8695888,42.0,22.887,0.0,3.54,1.121,0.108,0.595,16.0,,,0.04361387393936289
15077,15077,16_690,16_332,129060.8,145.6116,13.4354,0.0012,2.77571,68.0,68.0,1038.0,1191.0,1037.8227,1191.421,1037.8227,1191.421,192.54906122066745,27.60315210676043,0.847,0.819,50.8,9.6E-4,9.3E-4,50.67,1037.8227,1191.421,192.54906122066745,27.60315210676043,0.27922804775,0.31932800955,0.27922804775,0.31932800955,0.566,0.527,80.21,0.5661783,0.5272554,80.21,26.8205,0.0,1.52,1.035,0.033,1.0,16.0,569,569,16_20,16_22,123538.9,180.489,13.4829,0.0016,403.2861,146.0,157.0,1038.0,1191.0,1037.935,1191.7966,1037.935,1191.7966,192.54902898618755,27.60304562101868,1.894,1.721,64.75,0.00403,0.00365,68.05,1037.935,1191.7966,192.54902898618755,27.60304562101868,0.95381216371,0.97849188778,0.95381216371,0.97849188778,1.007,0.958,52.53,1.006805,0.9584611,52.53,22.8842,0.0,3.13,1.101,0.092,0.992,16.0,,,0.3920288892414536
15128,15128,16_741,16_294,1677.506,25.75495,18.1507,0.0167,2.813177,846.0,846.0,1298.0,1148.0,1297.9099,1148.2306,1297.9099,1148.2306,192.4660845144292,27.613232025438727,12.65,11.018,-34.88,0.15254,0.12954,-35.7,1297.9099,1148.2306,192.4660845144292,27.613232025438727,5.6144208124,5.3812677583,5.6144208124,5.3812677583,2.395,2.293,30.34,2.394967,2.29343,30.34,27.38,3.0,3.49,1.148,0.129,0.02,16.0,576,576,16_27,16_15,331.4655,26.28547,19.9113,0.0861,402.63,7.0,8.0,1298.0,1148.0,1298.1788,1148.2927,1298.1788,1148.2927,192.46599971642715,27.61321240639464,0.906,0.624,-7.38,0.09361,0.0631,-7.3,1298.1788,1148.2927,192.46599971642715,27.61321240639464,0.8149037008,0.58745177807,0.8149037008,0.58745177807,0.903,0.766,-3.99,0.9033363,0.7657277,-3.99,22.8765,0.0,3.41,1.452,0.311,0.487,16.0,,,0.275977571552252
15148,15148,16_761,16_279,1533.586,19.28401,18.2481,0.0137,2.716774,279.0,279.0,1241.0,1135.0,1240.1753,1135.4252,1240.1753,1135.4252,192.4842969488144,27.61729473197479,4.692,2.437,-6.99,0.06888,0.03481,-6.62,1240.1753,1135.4252,192.4842969488144,27.61729473197479,1.2952859184,1.2167112202,1.2952859184,1.2167112202,1.139,1.102,-10.17,1.139254,1.101861,-10.17,27.3704,1.0,4.99,1.925,0.481,0.036,16.0,579,579,16_30,16_12,737.5906,37.39542,19.0429,0.0551,402.313,13.0,16.0,1241.0,1135.0,1241.0665,1135.4673,1241.0665,1135.4673,192.4840143655288,27.617275775033377,1.078,0.954,-3.42,0.06869,0.05634,-0.38,1241.0665,1135.4673,192.4840143655288,27.617275775033377,0.87957077107,0.86978975732,0.87957077107,0.86978975732,0.95,0.92,-39.96,0.9500694,0.9201787,-39.96,22.8571,0.0,3.05,1.13,0.115,0.712,16.0,,,0.892193841045572
15180,15180,16_793,16_256,21790.44,60.0381,15.3667,0.003,2.611968,76.0,76.0,1160.0,1132.0,1160.4784,1132.4562,1160.4784,1132.4562,192.50957545726888,27.618763833993917,1.007,0.941,12.89,0.00286,0.00267,11.55,1160.4784,1132.4562,192.50957545726888,27.618763833993917,0.38469598574,0.36464807615,0.38469598574,0.36464807615,0.624,0.6,22.77,0.6236858,0.6003,22.77,27.2138,0.0,1.9,1.07,0.066,0.983,16.0,578,578,16_29,16_13,18938.35,96.70748,15.5191,0.0055,402.341,69.0,79.0,1160.0,1132.0,1160.5903,1132.8275,1160.5903,1132.8275,192.5095433416792,27.618658554310397,1.712,1.581,53.73,0.01229,0.01119,50.54,1160.5903,1132.8275,192.5095433416792,27.618658554310397,0.97356244146,0.95022280721,0.97356244146,0.95022280721,1.003,0.958,37.25,1.002782,0.9582348,37.25,22.8589,0.0,3.15,1.083,0.077,0.981,16.0,,,0.38779543576483444
15513,15513,17_2,17_57,8287583.0,1371.221,8.9163,2.0E-4,6.757105,209173.0,209173.0,1764.0,1353.0,1758.3016,1353.1092,1758.3016,1353.1092,192.32190444890048,27.55185730870462,59.235,52.692,-84.32,0.01485,0.01313,-79.83,1758.3016,1353.1092,192.32190444890048,27.55185730870462,18.632539529,18.251352688,18.632539529,18.251352688,4.403,4.183,39.17,4.402875,4.183131,39.17,25.5648,22.0,335.41,1.124,0.11,0.316,17.0,596,596,17_7,17_40,7082624.0,1611.785,9.0869,2.0E-4,419.0368,7417.0,7942.0,1764.0,1353.0,1758.4908,1353.5342,1758.4908,1353.5342,192.3218485209816,27.551736244642125,16.845,8.777,89.67,0.00505,0.00321,89.09,1758.4908,1353.5342,192.3218485209816,27.551736244642125,17.576444159,16.517445319,17.576444159,16.517445319,4.237,4.018,27.12,4.2371,4.017571,27.12,22.8909,6.0,73.0,1.919,0.479,0.052,17.0,,,0.4652113928097333
15514,15514,17_3,17_14,27314.83,67.78773,15.1214,0.0027,7.537327,56.0,56.0,1923.0,1029.0,1922.5884,1028.7143,1922.5884,1028.7143,192.26661387284068,27.6416619238021,0.936,0.884,60.55,0.00243,0.00228,62.11,1922.5884,1028.7143,192.26661387284068,27.6416619238021,0.34661016833,0.34132694728,0.34661016833,0.34132694728,0.597,0.576,38.77,0.596833,0.5759579,38.77,28.1808,0.0,1.73,1.058,0.055,0.985,17.0,590,590,17_1,17_5,24402.52,102.7095,15.2438,0.0046,401.7258,80.0,88.0,1923.0,1029.0,1922.7015,1029.0999,1922.7015,1029.0999,192.26658173406744,27.641552569838197,1.76,1.576,67.65,0.01074,0.00979,64.27,1922.7015,1029.0999,192.26658173406744,27.641552569838197,0.88177329823,0.95287397857,0.88177329823,0.95287397857,0.989,0.926,63.16,0.9886031,0.9259109,63.16,22.9002,0.0,3.09,1.117,0.104,0.982,17.0,,,0.40184445995911466
15552,15552,17_41,17_29,128863.9,145.5896,13.4371,0.0012,8.308279,62.0,62.0,1994.0,1370.0,1993.6694,1370.0533,1993.6694,1370.0533,192.24740003086055,27.54510269499489,0.833,0.796,59.37,9.6E-4,9.2E-4,60.02,1993.6694,1370.0533,192.24740003086055,27.54510269499489,0.28538429512,0.24147154866,0.28538429512,0.24147154866,0.535,0.49,8.35,0.5351171,0.4904137,8.35,99.0,0.0,1.46,1.046,0.044,1.0,17.0,600,600,17_11,17_30,123815.4,180.2157,13.4805,0.0016,401.8373,149.0,157.0,1994.0,1370.0,1993.764,1370.4477,1993.764,1370.4477,192.24737389449623,27.54499101389907,1.899,1.708,67.76,0.00406,0.00365,66.27,1993.764,1370.4477,192.24737389449623,27.54499101389907,0.91025218534,0.98093172132,0.91025218534,0.98093172132,1.004,0.94,62.47,1.003645,0.940149,62.47,22.8861,0.0,3.16,1.112,0.101,0.984,17.0,,,0.4055866368606173
15556,15556,17_45,17_26,28514.7,69.21206,15.0747,0.0026,10.59401,61.0,61.0,1650.0,1285.0,1650.4436,1284.912,1650.4436,1284.912,192.3554731469281,27.57192825442625,0.931,0.899,39.49,0.00236,0.00229,47.43,1650.4436,1284.912,192.3554731469281,27.57192825442625,0.35858531379,0.3123415119,0.35858531379,0.3123415119,0.6,0.558,8.53,0.599708,0.5579221,8.53,99.0,0.0,1.65,1.036,0.035,1.0,17.0,610,610,17_21,17_20,25579.8,111.0674,15.1927,0.0047,409.183,83.0,91.0,1650.0,1285.0,1650.5706,1285.3113,1650.5706,1285.3113,192.355436664937,27.57181494509031,1.792,1.594,62.07,0.01071,0.00942,58.69,1650.5706,1285.3113,192.355436664937,27.57181494509031,0.92627301644,0.96469802957,0.92627301644,0.96469802957,0.995,0.949,57.74,0.9950538,0.9491254,57.74,22.9303,0.0,3.12,1.124,0.111,0.983,17.0,,,0.41901013114245744
15557,15557,17_46,17_25,322806.8,230.2057,12.44,8.0E-4,9.057106,68.0,68.0,1734.0,1230.0,1733.5665,1230.1644,1733.5665,1230.1644,192.3285684710449,27.586627300258893,0.8,0.79,51.43,5.8E-4,5.7E-4,54.35,1733.5665,1230.1644,192.3285684710449,27.586627300258893,0.30331267853,0.23746798443,0.30331267853,0.23746798443,0.551,0.487,2.91,0.5508931,0.4871319,2.91,99.0,4.0,1.63,1.012,0.012,1.0,17.0,612,612,17_23,17_18,316993.5,264.1996,12.4598,9.0E-4,407.4573,207.0,219.0,1734.0,1230.0,1733.6644,1230.554,1733.6644,1230.554,192.3285411523453,27.58651695623797,1.939,1.778,69.41,0.00227,0.00215,58.69,1733.6644,1230.554,192.3285411523453,27.58651695623797,0.93812183739,0.98809754139,0.93812183739,0.98809754139,1.004,0.958,61.78,1.004148,0.9580743,61.78,22.9141,0.0,3.12,1.091,0.083,0.997,17.0,,,0.40171204861212784
15560,15560,17_49,17_22,88613.8,120.7739,13.8437,0.0015,8.262911,70.0,70.0,1942.0,1170.0,1941.8572,1170.2692,1941.8572,1170.2692,192.2618816812848,27.60170652383148,0.863,0.828,69.94,0.00121,0.00116,70.39,1941.8572,1170.2692,192.2618816812848,27.60170652383148,0.26615512906,0.28961834105,0.26615512906,0.28961834105,0.539,0.515,78.61,0.5390839,0.5149389,78.61,99.0,0.0,1.49,1.041,0.04,1.0,17.0,616,616,17_27,17_14,84272.17,158.4223,13.8982,0.002,402.3582,131.0,141.0,1942.0,1170.0,1941.9573,1170.6593,1941.9573,1170.6593,192.26185372898345,27.60159601132999,1.88,1.714,68.16,0.00513,0.00475,61.73,1941.9573,1170.6593,192.26185372898345,27.60159601132999,0.92721629703,0.98559019186,0.92721629703,0.98559019186,1.004,0.951,62.41,1.003753,0.9514652,62.41,22.8973,0.0,3.09,1.097,0.089,0.986,17.0,,,0.4027381531467819
15569,15569,17_58,17_15,11736.88,45.13713,16.0385,0.0042,7.41973,61.0,61.0,1906.0,1039.0,1905.5823,1038.6783,1905.5823,1038.6783,192.2721103613023,27.639005794791917,1.039,1.002,39.77,0.00432,0.0042,30.41,1905.5823,1038.6783,192.2721103613023,27.639005794791917,0.41164071244,0.40615919785,0.41164071244,0.40615919785,0.649,0.63,38.37,0.6487302,0.6300389,38.37,29.5092,0.0,1.91,1.037,0.036,0.99,17.0,624,624,17_35,17_6,9779.479,79.21851,16.2366,0.0088,402.56,54.0,62.0,1906.0,1039.0,1905.6728,1039.0122,1905.6728,1039.0122,192.27208488843755,27.63891116660941,1.632,1.489,59.21,0.01833,0.01661,49.74,1905.6728,1039.0122,192.27208488843755,27.63891116660941,0.86394884962,0.90383965862,0.86394884962,0.90383965862,0.964,0.915,57.89,0.964231,0.9154491,57.89,22.9331,0.0,3.01,1.096,0.087,0.98,17.0,,,0.345947192501845
15570,15570,17_59,17_57,110214.1,139.8695,13.6068,0.0014,8.98781,437.0,437.0,1756.0,1454.0,1756.539,1453.4746,1756.539,1453.4746,192.32343163558087,27.52365594505268,4.971,1.048,87.45,0.00687,0.00171,86.81,1756.539,1453.4746,192.32343163558087,27.52365594505268,0.27577839862,0.12933354072,0.27577839862,0.12933354072,0.525,0.359,2.27,0.5253655,0.3593092,2.27,27.6964,3.0,13.69,4.742,0.789,0.986,17.0,592,592,17_3,17_40,99906.32,194.2764,13.7134,0.0021,413.7413,197.0,229.0,1756.0,1454.0,1756.7538,1454.0893,1756.7538,1454.0893,192.3233694300255,27.523481333750937,5.165,1.205,87.58,0.01942,0.0029,87.59,1756.7538,1454.0893,192.3233694300255,27.523481333750937,0.27066934406,0.23780489862,0.27066934406,0.23780489862,0.524,0.484,18.27,0.5241065,0.4835149,18.27,22.9952,3.0,0.0,4.288,0.767,0.973,17.0,,,0.6511490843117959
15576,15576,17_65,17_57,169000.3,170.5702,13.1427,0.0011,7.722107,106.0,106.0,1737.0,1314.0,1737.3886,1313.8673,1737.3886,1313.8673,192.32816163078652,27.56306427670056,0.97,0.865,51.36,0.001,8.8E-4,51.7,1737.3886,1313.8673,192.32816163078652,27.56306427670056,0.32005333005,0.28080212449,0.32005333005,0.28080212449,0.567,0.528,12.13,0.5674098,0.5281113,12.13,24.1159,2.0,1.55,1.122,0.109,1.0,17.0,599,599,17_10,17_40,171076.5,271.2902,13.1294,0.0017,429.4015,262.0,280.0,1737.0,1314.0,1737.4682,1314.1121,1737.4682,1314.1121,192.3281387311428,27.56299479112053,2.445,2.114,65.8,0.00515,0.00442,66.58,1737.4682,1314.1121,192.3281387311428,27.56299479112053,0.99074682666,1.0379667764,0.99074682666,1.0379667764,1.035,0.978,57.09,1.035372,0.9781198,57.09,23.0959,3.0,3.0,1.157,0.135,0.984,17.0,,,0.257416394194478
15578,15578,17_67,17_57,97172.2,127.095,13.7436,0.0014,8.452868,54.0,54.0,1759.0,1435.0,1759.2473,1434.7531,1759.2473,1434.7531,192.32239198182776,27.52889659087543,0.76,0.634,65.18,0.00103,8.5E-4,66.67,1759.2473,1434.7531,192.32239198182776,27.52889659087543,0.16475373133,0.13725083892,0.16475373133,0.13725083892,0.407,0.369,10.43,0.4070854,0.3691694,10.43,25.7603,2.0,1.24,1.199,0.166,1.0,17.0,593,593,17_4,17_40,90661.64,189.8602,13.8188,0.0023,419.8704,164.0,189.0,1760.0,1435.0,1759.0783,1434.9425,1759.0783,1434.9425,192.32244741730852,27.52884475751389,3.106,1.507,88.19,0.01097,0.00419,88.76,1759.0783,1434.9425,192.32244741730852,27.52884475751389,0.35725010625,0.29255364584,0.35725010625,0.29255364584,0.602,0.536,15.3,0.6020669,0.5360216,15.3,23.1057,3.0,12.97,2.061,0.515,0.978,17.0,,,0.25383727070725903
15583,15583,18_1,18_422,24373.87,75.38096,15.2451,0.0034,1.399387,3439.0,3439.0,2099.0,1146.0,2098.5497,1146.7547,2098.5497,1146.7547,192.2119200441756,27.60697144539445,23.594,19.653,73.9,0.09127,0.07629,72.18,2098.5497,1146.7547,192.2119200441756,27.60697144539445,613.32273588,697.03553379,613.32273588,697.03553379,26.484,24.677,77.43,26.48418,24.67684,77.43,25.723,19.0,2.85,1.201,0.167,0.727,18.0,653,653,18_25,18_13,13281.36,98.58778,15.9043,0.0081,400.2745,87.0,95.0,2099.0,1146.0,2098.6605,1147.1609,2098.6605,1147.1609,192.2118889020852,27.606856307026185,2.238,1.728,-51.03,0.02426,0.01688,-45.36,2098.6605,1147.1609,192.2118889020852,27.606856307026185,1.0698247844,1.1949962141,1.0698247844,1.1949962141,1.109,1.017,64.75,1.109418,1.016865,64.75,22.8558,0.0,4.42,1.295,0.228,0.88,18.0,,,0.42104047311403003
15586,15586,18_4,18_313,1665.234,25.53101,18.1587,0.0167,2.558103,777.0,777.0,2300.0,1079.0,2299.8527,1079.2971,2299.8527,1079.2971,192.14735622917016,27.624176797909804,23.026,6.981,-68.72,0.27675,0.08394,-68.84,2299.8527,1079.2971,192.14735622917016,27.624176797909804,0.66376046876,0.72311533737,0.66376046876,0.72311533737,0.858,0.807,-67.22,0.8577994,0.8068805,-67.22,27.1491,19.0,4.95,3.298,0.697,0.001,18.0,660,660,18_32,18_6,196.5363,23.93142,20.4788,0.1322,399.6341,5.0,7.0,2300.0,1079.0,2300.0139,1079.0126,2300.0139,1079.0126,192.1473022025652,27.62425534566624,0.916,0.533,-45.46,0.13458,0.07777,-45.02,2300.0139,1079.0126,192.1473022025652,27.62425534566624,1.3387743368,1.8970253069,1.3387743368,1.8970253069,1.42,1.104,-67.19,1.420201,1.104005,-67.19,22.8596,0.0,4.13,1.72,0.419,0.449,18.0,,,0.3269949387987392
15608,15608,18_26,18_64,847.9265,13.73828,18.8915,0.0176,2.445053,84.0,84.0,2436.0,1027.0,2435.63,1026.9998,2435.63,1026.9998,192.10372993434208,27.63767383725739,1.937,1.647,43.25,0.03277,0.02756,45.83,2435.63,1026.9998,192.10372993434208,27.63767383725739,1.3410449324,1.2823957083,1.3410449324,1.2823957083,1.177,1.113,33.33,1.177182,1.112512,33.33,26.6124,0.0,3.48,1.176,0.15,0.027,18.0,663,663,18_35,18_3,286.1666,25.77341,20.0709,0.0978,401.066,6.0,8.0,2435.0,1027.0,2435.4905,1027.0245,2435.4905,1027.0245,192.10377446649213,27.637668137492224,0.791,0.699,-3.03,0.0868,0.07124,-0.16,2435.4905,1027.0245,192.10377446649213,27.637668137492224,0.75368368734,0.7594871935,0.75368368734,0.7594871935,0.88,0.86,49.7,0.8799797,0.8595386,49.7,22.9274,0.0,1.9,1.131,0.116,0.447,18.0,,,0.14166982741593184
15619,15619,18_37,18_48,6563.472,33.50193,16.6696,0.0055,1.221037,81.0,81.0,2494.0,1022.0,2493.7791,1021.9044,2493.7791,1021.9044,192.0852199515344,27.63858673623032,1.178,1.158,46.72,0.0064,0.00637,43.98,2493.7791,1021.9044,192.0852199515344,27.63858673623032,0.50127658116,0.5045436105,0.50127658116,0.5045436105,0.72,0.698,47.97,0.7201951,0.6979536,47.97,25.5524,0.0,1.99,1.017,0.017,0.981,18.0,629,629,18_1,18_2,4971.71,68.25081,16.9711,0.0149,399.6994,41.0,49.0,2494.0,1022.0,2493.835,1022.237,2493.835,1022.237,192.08520560439487,27.638492754143854,1.557,1.408,74.09,0.02831,0.02486,80.2,2493.835,1022.237,192.08520560439487,27.638492754143854,0.86269412335,0.9135190291,0.86269412335,0.9135190291,0.972,0.912,58.49,0.9716619,0.9121876,58.49,22.8759,0.0,3.08,1.106,0.096,0.98,18.0,,,0.3372648365898127
15786,15786,18_204,18_805,213177.5,187.0409,12.8906,0.001,2.622195,73.0,73.0,2148.0,1452.0,2148.2619,1451.6035,2148.2619,1451.6035,192.19917172916615,27.520847252171887,0.844,0.804,62.54,7.4E-4,7.1E-4,62.65,2148.2619,1451.6035,192.19917172916615,27.520847252171887,0.2820886807,0.32060102999,0.2820886807,0.32060102999,0.568,0.529,77.89,0.5678552,0.5293677,77.89,27.1875,0.0,1.55,1.049,0.047,0.993,18.0,631,631,18_3,18_33,207551.7,219.5613,12.9196,0.0011,400.6446,178.0,187.0,2148.0,1452.0,2148.3714,1451.9964,2148.3714,1451.9964,192.19914090430555,27.520735854803583,1.938,1.76,66.52,0.00288,0.00272,66.24,2148.3714,1451.9964,192.19914090430555,27.520735854803583,0.94883160615,0.99475068476,0.94883160615,0.99475068476,1.011,0.96,58.39,1.011302,0.9596092,58.39,22.9094,0.0,3.18,1.101,0.092,0.988,18.0,,,0.40787333818239235
15806,15806,18_224,18_789,3808.158,27.80006,17.2606,0.0079,2.709268,258.0,258.0,2432.0,1443.0,2431.8763,1443.4832,2431.8763,1443.4832,192.1091489420287,27.52064193838829,4.84,2.098,77.46,0.04298,0.01837,78.2,2431.8763,1443.4832,192.1091489420287,27.52064193838829,0.6027193281,0.64380460443,0.6027193281,0.64380460443,0.81,0.769,64.55,0.8098346,0.7685648,64.55,26.8351,3.0,2.3,2.307,0.567,0.838,18.0,634,634,18_6,18_32,2393.506,51.76338,17.7648,0.0235,399.1946,26.0,30.0,2432.0,1443.0,2431.9545,1443.7327,2431.9545,1443.7327,192.1091266733961,27.520571111240063,1.415,1.129,77.87,0.03988,0.02985,84.76,2431.9545,1443.7327,192.1091266733961,27.520571111240063,0.72281036423,0.83081348002,0.72281036423,0.83081348002,0.925,0.836,66.93,0.924524,0.83599,66.93,22.8761,0.0,3.01,1.253,0.202,0.969,18.0,,,0.26146795214720064
15884,15884,18_302,18_734,16538.68,52.48003,15.6662,0.0034,2.718445,74.0,74.0,2448.0,1417.0,2447.8239,1417.3669,2447.8239,1417.3669,192.10382665059936,27.52784127770519,1.022,0.955,60.66,0.00335,0.00314,59.94,2447.8239,1417.3669,192.10382665059936,27.52784127770519,0.35042652157,0.38208170388,0.35042652157,0.38208170388,0.622,0.588,69.57,0.6222403,0.5876438,69.57,26.7698,0.0,1.71,1.071,0.066,0.987,18.0,635,635,18_7,18_31,14131.92,88.21639,15.8369,0.0068,399.3247,67.0,71.0,2448.0,1417.0,2447.9091,1417.7554,2447.9091,1417.7554,192.1038035749681,27.52773131626603,1.708,1.528,65.95,0.01437,0.01335,62.39,2447.9091,1417.7554,192.1038035749681,27.52773131626603,0.87455090568,0.94568157598,0.87455090568,0.94568157598,0.988,0.919,61.34,0.9879126,0.9188369,61.34,22.8828,0.0,3.09,1.117,0.105,0.983,18.0,,,0.3977326866125219
15914,15914,18_332,18_711,1535.635,23.81573,18.2467,0.0168,2.712139,568.0,568.0,2422.0,1386.0,2421.9948,1386.6413,2421.9948,1386.6413,192.1117065355449,27.53670745310662,13.863,6.447,-27.54,0.18141,0.08071,-28.31,2421.9948,1386.6413,192.1117065355449,27.53670745310662,1.0885762066,1.0685513574,1.0885762066,1.0685513574,1.046,1.031,24.57,1.04588,1.031146,24.57,26.9483,3.0,3.68,2.15,0.535,0.023,18.0,639,639,18_11,18_27,329.9477,28.8979,19.9163,0.0951,400.7054,9.0,10.0,2422.0,1386.0,2422.1622,1386.0431,2422.1622,1386.0431,192.11164738134235,27.536874115319502,0.926,0.756,-1.03,0.09527,0.07551,-0.3,2422.1622,1386.0431,192.11164738134235,27.536874115319502,1.0663977934,0.98851460111,1.0663977934,0.98851460111,1.036,0.991,16.24,1.036154,0.9906047,16.24,22.935,0.0,4.2,1.225,0.184,0.426,18.0,,,0.6211811330038755
15921,15921,18_339,18_706,2177.739,24.84262,17.8674,0.0124,2.569942,580.0,580.0,2364.0,1397.0,2363.8966,1397.0837,2363.8966,1397.0837,192.13023826111964,27.53428659297896,15.584,4.799,10.28,0.18091,0.0556,9.48,2363.8966,1397.0837,192.13023826111964,27.53428659297896,1.3581100668,1.3728465082,1.3581100668,1.3728465082,1.172,1.165,72.21,1.172407,1.164654,72.21,27.2694,3.0,3.39,3.247,0.692,0.029,18.0,636,636,18_8,18_30,861.1994,43.1261,18.8746,0.0544,399.6277,18.0,22.0,2364.0,1397.0,2363.8317,1397.2218,2363.8317,1397.2218,192.13026023794168,27.53424834701921,1.235,1.174,48.36,0.07251,0.06781,55.29,2363.8317,1397.2218,192.13026023794168,27.53424834701921,1.403856971,1.4646874091,1.403856971,1.4646874091,1.212,1.183,74.84,1.212233,1.182808,74.84,22.871,0.0,3.81,1.052,0.05,0.663,18.0,,,0.15258971131768548
15922,15922,18_340,18_706,4238.791,38.70684,17.1443,0.0099,2.64469,1754.0,1754.0,2385.0,1365.0,2384.4046,1365.3169,2384.4046,1365.3169,192.12341303528672,27.543034710434664,29.435,17.135,-8.97,0.23245,0.12959,-8.47,2384.4046,1365.3169,192.12341303528672,27.543034710434664,8.0034368078,8.2149920802,8.0034368078,8.2149920802,2.869,2.826,-75.8,2.868706,2.826474,-75.8,27.5382,19.0,4.78,1.718,0.418,0.027,18.0,640,640,18_12,18_26,1072.09,48.81493,18.6368,0.0494,400.6143,22.0,28.0,2385.0,1365.0,2385.2456,1365.4522,2385.2456,1365.4522,192.12314765852824,27.542989236132644,1.434,1.283,42.92,0.07245,0.06417,46.3,2385.2456,1365.4522,192.12314765852824,27.542989236132644,2.0199475377,1.9450107708,2.0199475377,1.9450107708,1.471,1.343,38.99,1.47053,1.342572,38.99,22.914,0.0,4.49,1.118,0.106,0.075,18.0,,,0.8518139996504898
15957,15957,18_375,18_684,7800.708,36.22758,16.4821,0.005,2.490285,83.0,83.0,2218.0,1390.0,2217.6459,1389.8419,2217.6459,1389.8419,192.17655110890533,27.537605798032114,1.145,1.123,25.46,0.00567,0.00559,63.76,2217.6459,1389.8419,192.17655110890533,27.537605798032114,0.48288473154,0.45692537786,0.48288473154,0.45692537786,0.697,0.674,15.81,0.6965253,0.6742867,15.81,27.2709,0.0,1.99,1.019,0.019,0.99,18.0,638,638,18_10,18_28,6103.006,70.11658,16.7485,0.0125,400.4181,46.0,51.0,2218.0,1390.0,2217.698,1390.1434,2217.698,1390.1434,192.1765375940848,27.537520591062812,1.523,1.46,63.41,0.02278,0.02242,36.93,2217.698,1390.1434,192.1765375940848,27.537520591062812,0.88285235583,0.88349949531,0.88285235583,0.88349949531,0.955,0.924,45.31,0.9553571,0.9239289,45.31,22.9044,0.0,2.91,1.043,0.041,0.98,18.0,,,0.30596839706088513
15995,15995,18_413,18_655,1615.274,17.3809,18.1918,0.0117,2.526901,87.0,87.0,2170.0,1366.0,2170.0324,1366.11,2170.0324,1366.11,192.19141699192983,27.544691318786388,1.564,1.482,81.42,0.01907,0.01764,-86.91,2170.0324,1366.11,192.19141699192983,27.544691318786388,0.81239861997,0.81946902275,0.81239861997,0.81946902275,0.914,0.892,50.07,0.9143435,0.8921006,50.07,27.2099,0.0,2.73,1.055,0.052,0.958,18.0,641,641,18_13,18_25,916.0696,39.84191,18.8076,0.0472,400.093,14.0,19.0,2170.0,1366.0,2170.0055,1366.2266,2170.0055,1366.2266,192.1914266846588,27.54465877561778,1.117,1.036,12.53,0.06015,0.05353,0.56,2170.0055,1366.2266,192.1914266846588,27.54465877561778,0.72012854666,0.7361201543,0.72012854666,0.7361201543,0.872,0.834,52.03,0.8723736,0.8337944,52.03,22.88,0.0,2.88,1.079,0.073,0.854,18.0,,,0.1196627343829564
16051,16051,18_469,18_616,1806.031,21.73581,18.0706,0.0131,2.76791,318.0,318.0,2414.0,1308.0,2413.9815,1308.3654,2413.9815,1308.3654,192.1134550606112,27.558781013242623,11.456,2.08,88.92,0.1494,0.02539,89.3,2413.9815,1308.3654,192.1134550606112,27.558781013242623,1.0914889971,1.0685928506,1.0914889971,1.0685928506,1.07,1.008,39.9,1.069891,1.007678,39.9,27.0101,3.0,2.78,5.509,0.818,0.075,18.0,642,642,18_14,18_24,858.1301,39.29289,18.8785,0.0497,400.1274,14.0,18.0,2414.0,1308.0,2413.9516,1308.4669,2413.9516,1308.4669,192.11346557373963,27.558752748370186,1.198,0.924,26.65,0.06812,0.04928,23.34,2413.9516,1308.4669,192.11346557373963,27.558752748370186,0.6881443013,0.66293086319,0.6881443013,0.66293086319,0.856,0.786,38.71,0.8564231,0.7858846,38.71,22.8995,0.0,3.06,1.296,0.228,0.866,18.0,,,0.10581238112809524
16052,16052,18_470,18_616,1353.203,16.50533,18.384,0.0132,2.675468,91.0,91.0,2413.0,1293.0,2413.4917,1293.0001,2413.4917,1293.0001,192.1134547483751,27.56310432671881,1.783,1.499,80.63,0.02439,0.01952,81.77,2413.4917,1293.0001,192.1134547483751,27.56310432671881,0.89539054723,0.92605090431,0.89539054723,0.92605090431,0.97,0.938,60.24,0.9700241,0.9383468,60.24,26.7867,2.0,2.83,1.189,0.159,0.377,18.0,643,643,18_15,18_23,783.9479,38.05594,18.9767,0.0527,398.5827,15.0,17.0,2413.0,1293.0,2413.5075,1293.086,2413.5075,1293.086,192.11345060659227,27.563080041255866,1.137,0.942,69.74,0.07075,0.05548,74.27,2413.5075,1293.086,192.11345060659227,27.563080041255866,0.7021612413,0.72947834126,0.7021612413,0.72947834126,0.87,0.822,54.9,0.8695679,0.8218827,54.9,22.8255,0.0,3.09,1.207,0.172,0.581,18.0,,,0.08734099839142269
16110,16110,18_528,18_572,2608.088,33.88419,17.6716,0.0141,2.664803,1224.0,1224.0,2442.0,1261.0,2441.4982,1261.1188,2441.4982,1261.1188,192.10424665131345,27.571816727144117,20.741,8.285,-54.9,0.19293,0.07718,-54.85,2441.4982,1261.1188,192.10424665131345,27.571816727144117,2.4857899509,2.5938452334,2.4857899509,2.5938452334,1.614,1.573,72.21,1.614388,1.572701,72.21,26.8214,19.0,3.33,2.503,0.601,0.009,18.0,646,646,18_18,18_20,322.7212,27.436,19.9403,0.0923,400.6056,8.0,9.0,2441.0,1261.0,2441.613,1261.1256,2441.613,1261.1256,192.10421030035116,27.571813794181583,0.902,0.685,23.18,0.09674,0.06981,20.26,2441.613,1261.1256,192.10421030035116,27.571813794181583,0.73786671251,0.7907204239,0.73786671251,0.7907204239,0.917,0.83,55.17,0.916703,0.829604,55.17,22.933,0.0,3.51,1.317,0.241,0.545,18.0,,,0.11500121738469961
16192,16192,18_610,18_517,983.7242,15.36917,18.7302,0.017,2.522056,155.0,155.0,2345.0,1276.0,2344.7564,1276.1322,2344.7564,1276.1322,192.13508955379976,27.56845399869084,3.009,1.995,88.6,0.05261,0.03213,89.38,2344.7564,1276.1322,192.13508955379976,27.56845399869084,1.6013977146,1.6423884178,1.6013977146,1.6423884178,1.289,1.258,60.62,1.288962,1.25792,60.62,26.8692,1.0,3.81,1.508,0.337,0.028,18.0,644,644,18_16,18_22,358.5532,28.72754,19.826,0.087,399.5453,9.0,10.0,2345.0,1276.0,2344.6558,1276.2272,2344.6558,1276.2272,192.1351224264965,27.568428183060348,0.959,0.756,48.21,0.09795,0.07691,45.41,2344.6558,1276.2272,192.1351224264965,27.568428183060348,1.0441153462,1.1358901836,1.0441153462,1.1358901836,1.083,1.003,61.64,1.083348,1.003177,61.64,22.8639,0.0,5.06,1.269,0.212,0.434,18.0,,,0.13836675901403514
16200,16200,18_618,18_511,1940.754,23.04586,17.9925,0.0129,2.685192,319.0,319.0,2048.0,1264.0,2048.1098,1264.6003,2048.1098,1264.6003,192.22909079796693,27.57427990570002,6.179,3.083,-77.06,0.07474,0.03554,-78.37,2048.1098,1264.6003,192.22909079796693,27.57427990570002,1.2473813339,1.3572567,1.2473813339,1.3572567,1.167,1.115,78.57,1.167021,1.114764,78.57,26.6227,3.0,2.78,2.005,0.501,0.07,18.0,645,645,18_17,18_21,814.9049,38.0376,18.9346,0.0507,401.2838,13.0,17.0,2048.0,1264.0,2048.2765,1264.7341,2048.2765,1264.7341,192.229039225101,27.57424086036064,1.146,0.923,73.7,0.06709,0.05217,73.47,2048.2765,1264.7341,192.229039225101,27.57424086036064,0.73155494549,0.82479390602,0.73155494549,0.82479390602,0.91,0.853,79.59,0.9099725,0.8534043,79.59,22.891,0.0,3.07,1.241,0.194,0.662,18.0,,,0.2137553040274741
16219,16219,18_637,18_496,6977.672,37.45478,16.6031,0.0058,2.591444,493.0,493.0,2415.0,1228.0,2415.3877,1227.7483,2415.3877,1227.7483,192.11219190342112,27.581428678631404,8.822,4.072,-78.54,0.05837,0.02796,-77.97,2415.3877,1227.7483,192.11219190342112,27.581428678631404,0.51808095242,0.53752099644,0.51808095242,0.53752099644,0.744,0.709,56.39,0.743574,0.7090131,56.39,26.8563,3.0,2.08,2.166,0.538,0.811,18.0,649,649,18_21,18_17,4653.839,63.41907,17.0429,0.0148,399.8405,37.0,42.0,2415.0,1228.0,2415.3993,1228.0572,2415.3993,1228.0572,192.1121913545992,27.58134174964125,1.491,1.316,67.57,0.02606,0.02312,68.86,2415.3993,1228.0572,192.1121913545992,27.58134174964125,0.78016531922,0.86038514791,0.78016531922,0.86038514791,0.944,0.866,62.47,0.9435619,0.8661648,62.47,22.8939,0.0,2.92,1.132,0.117,0.981,18.0,,,0.30911772838190976
16220,16220,18_638,18_496,1249.951,17.00155,18.4702,0.0148,2.618822,167.0,167.0,2408.0,1224.0,2408.2203,1224.476,2408.2203,1224.476,192.1144327854212,27.58241209670873,6.823,1.605,-62.01,0.10949,0.02256,-62.16,2408.2203,1224.476,192.1144327854212,27.58241209670873,1.0169264837,1.1037376122,1.0169264837,1.1037376122,1.055,1.004,73.39,1.054615,1.004217,73.39,26.9509,3.0,2.9,4.251,0.765,0.073,18.0,650,650,18_22,18_16,663.3925,36.72477,19.158,0.0601,399.4842,13.0,16.0,2408.0,1224.0,2408.3929,1224.6692,2408.3929,1224.6692,192.11437998087743,27.58235625980013,1.12,0.915,63.81,0.07654,0.06106,62.09,2408.3929,1224.6692,192.11437998087743,27.58235625980013,0.67345818649,0.75727544628,0.67345818649,0.75727544628,0.88,0.81,67.63,0.8799765,0.8101698,67.63,22.8744,0.0,3.3,1.225,0.183,0.563,18.0,,,0.2590694887475773
16252,16252,18_670,18_468,32004.29,72.63955,14.9494,0.0025,2.507033,74.0,74.0,2255.0,1249.0,2254.5868,1248.6213,2254.5868,1248.6213,192.16342035247487,27.57697973881501,0.955,0.885,46.45,0.00221,0.00205,46.37,2254.5868,1248.6213,192.16342035247487,27.57697973881501,0.35907658197,0.35864509283,0.35907658197,0.35864509283,0.616,0.582,44.69,0.6155745,0.5820565,44.69,27.2071,0.0,1.81,1.079,0.074,0.982,18.0,647,647,18_19,18_19,28657.9,107.9514,15.0693,0.0041,400.385,83.0,91.0,2255.0,1249.0,2254.6717,1249.0123,2254.6717,1249.0123,192.1633973320862,27.57686908832655,1.777,1.595,64.72,0.00939,0.00855,66.66,2254.6717,1249.0123,192.1633973320862,27.57686908832655,0.91596212617,0.95331349035,0.91596212617,0.95331349035,1.001,0.932,53.16,1.000566,0.9317421,53.16,22.9012,0.0,3.12,1.114,0.102,0.98,18.0,,,0.4001112470301623
16312,16312,18_730,18_423,871.3076,16.11515,18.862,0.0201,2.558033,240.0,240.0,2387.0,1224.0,2386.8831,1223.7774,2386.8831,1223.7774,192.1211955638566,27.582797675329605,4.711,3.221,-0.24,0.08493,0.05758,-2.99,2386.8831,1223.7774,192.1211955638566,27.582797675329605,2.1313099322,1.8825008195,2.1313099322,1.8825008195,1.479,1.351,23.21,1.478984,1.35145,23.21,26.8937,3.0,4.26,1.463,0.316,0.023,18.0,651,651,18_23,18_15,216.8937,22.32774,20.3718,0.1118,399.368,6.0,6.0,2387.0,1224.0,2387.3374,1223.6739,2387.3374,1223.6739,192.1210503762137,27.58282274229917,0.873,0.508,44.99,0.12658,0.07311,45.0,2387.3374,1223.6739,192.1210503762137,27.58282274229917,0.96487991201,0.81993041861,0.96487991201,0.81993041861,1.026,0.856,31.57,1.026082,0.8555507,31.57,22.8646,0.0,3.93,1.719,0.418,0.483,18.0,,,0.46594070438187146
16314,16314,18_732,18_957,965.7905,13.96654,18.7502,0.0157,1.161504,58.0,58.0,2313.0,1509.0,2312.9462,1508.8675,2312.9462,1508.8675,192.1475210896698,27.503313058354163,1.52,1.427,33.6,0.0238,0.02214,25.57,2312.9462,1508.8675,192.1475210896698,27.503313058354163,1.0048661422,1.0180394973,1.0048661422,1.0180394973,1.022,0.989,50.77,1.021943,0.9892108,50.77,25.5009,16.0,3.18,1.065,0.061,0.98,18.0,664,664,18_36,18_34,489.034,31.02946,19.4891,0.0689,399.6165,12.0,12.0,2313.0,1509.0,2312.8027,1509.2636,2312.8027,1509.2636,192.1475705708419,27.503202973729064,0.97,0.855,-78.88,0.08021,0.06978,-70.21,2312.8027,1509.2636,192.1475705708419,27.503202973729064,0.71897716971,0.81140361092,0.71897716971,0.81140361092,0.917,0.831,63.95,0.9167517,0.8306305,63.95,22.9107,16.0,3.54,1.133,0.118,0.15,18.0,,,0.42129260615379194
16315,16315,18_733,18_422,4990.893,31.96464,16.967,0.007,2.677001,374.0,374.0,2104.0,1129.0,2104.1428,1128.5568,2104.1428,1128.5568,192.20996465172044,27.612038393902587,5.497,2.908,-63.36,0.04413,0.02312,-64.12,2104.1428,1128.5568,192.20996465172044,27.612038393902587,0.5862844259,0.60121970864,0.5862844259,0.60121970864,0.789,0.752,52.62,0.7887726,0.7518922,52.62,27.0862,3.0,2.16,1.89,0.471,0.846,18.0,656,656,18_28,18_10,3267.129,58.31811,17.427,0.0194,400.8701,32.0,36.0,2104.0,1129.0,2104.275,1128.8704,2104.275,1128.8704,192.2099258006541,27.6119490996902,1.467,1.246,65.32,0.03269,0.02719,71.83,2104.275,1128.8704,192.2099258006541,27.6119490996902,0.80042822082,0.84810040038,0.80042822082,0.84810040038,0.942,0.872,56.08,0.9420508,0.8723927,56.08,22.8838,0.0,2.97,1.178,0.151,0.977,18.0,,,0.34032602016297914
16433,16433,18_851,18_340,1388.956,20.48359,18.3557,0.016,2.558118,441.0,441.0,2262.0,1144.0,2262.3178,1143.9703,2262.3178,1143.9703,192.15991843256808,27.6063281548644,9.404,3.744,61.33,0.12762,0.0509,59.57,2262.3178,1143.9703,192.15991843256808,27.6063281548644,1.3425848415,1.3255551115,1.3425848415,1.3255551115,1.173,1.137,39.18,1.173156,1.136593,39.18,27.2534,3.0,3.17,2.512,0.602,0.027,18.0,654,654,18_26,18_12,402.4366,28.84878,19.7007,0.0779,400.0677,9.0,10.0,2262.0,1144.0,2262.1927,1144.007,2262.1927,1144.007,192.1599585015092,27.60631893614956,0.901,0.753,5.39,0.08374,0.06644,0.24,2262.1927,1144.007,192.1599585015092,27.60631893614956,0.71448488528,0.71143085163,0.71448488528,0.71143085163,0.872,0.816,44.08,0.8722185,0.8155677,44.08,22.8814,0.0,3.21,1.196,0.164,0.541,18.0,,,0.1303721596045141
16434,16434,18_852,18_340,2007.241,22.08583,17.9559,0.0119,2.515113,361.0,361.0,2278.0,1136.0,2277.8293,1136.2866,2277.8293,1136.2866,192.15491867713536,27.60835179174076,8.499,2.426,60.44,0.11054,0.02978,60.33,2277.8293,1136.2866,192.15491867713536,27.60835179174076,1.0082310149,1.0179517701,1.0082310149,1.0179517701,1.036,0.976,47.28,1.036487,0.9756423,47.28,27.1217,3.0,2.68,3.503,0.715,0.716,18.0,655,655,18_27,18_11,1017.783,40.29085,18.6933,0.043,400.1972,17.0,19.0,2278.0,1136.0,2277.9061,1136.4984,2277.9061,1136.4984,192.1548964303644,27.60829158388575,1.204,0.989,51.31,0.06036,0.04943,49.48,2277.9061,1136.4984,192.1548964303644,27.60829158388575,0.74947228036,0.80335182209,0.74947228036,0.80335182209,0.936,0.822,52.8,0.9362957,0.8222982,52.8,22.891,0.0,3.28,1.218,0.179,0.894,18.0,,,0.22529420764870764
16453,16453,18_871,18_323,2417.04,27.67417,17.7542,0.0124,2.490538,864.0,864.0,2216.0,1122.0,2216.3113,1122.2887,2216.3113,1122.2887,192.1743022305771,27.612825216592924,13.11,6.581,21.53,0.14099,0.07032,21.97,2216.3113,1122.2887,192.1743022305771,27.612825216592924,1.4264910768,1.428949766,1.4264910768,1.428949766,1.197,1.193,51.27,1.197239,1.192501,51.27,27.1479,3.0,3.57,1.992,0.498,0.028,18.0,658,658,18_30,18_8,713.6986,38.82427,19.0786,0.0591,401.3966,17.0,18.0,2216.0,1122.0,2216.2322,1122.4954,2216.2322,1122.4954,192.17432940057552,27.61276780719136,1.192,1.018,3.17,0.07847,0.06391,0.14,2216.2322,1122.4954,192.17432940057552,27.61276780719136,1.3618275037,1.3851645759,1.3618275037,1.3851645759,1.178,1.166,71.63,1.178158,1.165734,71.63,22.9358,0.0,4.45,1.17,0.145,0.077,18.0,,,0.22131809686505477
16520,16520,18_938,18_277,10440.12,42.76323,16.1656,0.0044,2.727272,148.0,148.0,2038.0,1126.0,2038.0576,1126.2315,2038.0576,1126.2315,192.23091647591755,27.61326198461341,1.726,1.136,87.78,0.00902,0.00507,88.95,2038.0576,1126.2315,192.23091647591755,27.61326198461341,0.43756593372,0.46577490183,0.43756593372,0.46577490183,0.692,0.651,60.31,0.692361,0.6511352,60.31,26.364,0.0,1.98,1.519,0.342,0.98,18.0,657,657,18_29,18_9,8520.727,78.27867,16.3862,0.01,400.1294,52.0,61.0,2038.0,1126.0,2038.1614,1126.7612,2038.1614,1126.7612,192.2308887522629,27.613112195117765,1.687,1.469,70.12,0.02109,0.01812,74.06,2038.1614,1126.7612,192.2308887522629,27.613112195117765,0.87327645914,0.93039949633,0.87327645914,0.93039949633,0.988,0.91,56.32,0.9879336,0.9097599,56.32,22.8503,0.0,3.08,1.148,0.129,0.985,18.0,,,0.5397745177384552
16581,16581,18_999,18_230,12012.95,44.97709,16.0133,0.0041,1.386968,66.0,66.0,2022.0,1101.0,2022.1021,1100.9638,2022.1021,1100.9638,192.23573189738977,27.620501760305444,1.029,0.963,55.69,0.00398,0.00372,55.31,2022.1021,1100.9638,192.23573189738977,27.620501760305444,0.3807815167,0.39024235408,0.3807815167,0.39024235408,0.633,0.609,54.16,0.6328969,0.6086587,54.16,25.3644,0.0,1.72,1.069,0.064,0.977,18.0,659,659,18_31,18_7,9649.216,77.24451,16.2512,0.0087,400.7684,49.0,57.0,2022.0,1101.0,2022.2029,1101.3011,2022.2029,1101.3011,192.23570322323,27.62040608097833,1.602,1.42,62.7,0.01707,0.01534,54.89,2022.2029,1101.3011,192.23570322323,27.62040608097833,0.81165260213,0.871540121,0.81165260213,0.871540121,0.951,0.883,59.47,0.9505234,0.8830051,59.47,22.8866,0.0,2.94,1.128,0.113,0.983,18.0,,,0.35203967105985207
16674,16674,18_1092,18_165,1924.151,20.48657,18.0018,0.0116,2.527902,183.0,183.0,2163.0,1060.0,2162.1163,1060.4003,2162.1163,1060.4003,192.19088655796767,27.63069354100272,3.298,2.247,-45.6,0.04195,0.02742,-45.3,2162.1163,1060.4003,192.19088655796767,27.63069354100272,1.0535207476,1.0486872485,1.0535207476,1.0486872485,1.044,1.006,43.2,1.043794,1.006331,43.2,26.8458,1.0,4.99,1.468,0.319,0.574,18.0,662,662,18_34,18_4,1063.71,42.81947,18.6453,0.0437,400.723,18.0,21.0,2163.0,1060.0,2162.7772,1059.7504,2162.7772,1059.7504,192.19067029886352,27.63087046887557,1.188,1.067,62.76,0.05669,0.0529,69.12,2162.7772,1059.7504,192.19067029886352,27.63087046887557,0.74530237225,0.79338850346,0.74530237225,0.79338850346,0.92,0.832,54.09,0.9199883,0.8320531,54.09,22.8778,0.0,3.06,1.113,0.102,0.835,18.0,,,0.9269082047322488
16869,16869,19_1,19_714,27887.2,93.49064,15.0989,0.0036,1.594237,7736.0,7736.0,2824.0,1413.0,2824.2108,1412.8793,2824.2108,1412.8793,191.98442031844323,27.525701575927613,63.793,29.118,43.75,0.23453,0.10548,44.52,2824.2108,1412.8793,191.98442031844323,27.525701575927613,5368.3626914,4408.6941662,5368.3626914,4408.6941662,73.277,66.389,1.98,73.27699,66.38931,1.98,25.704,19.0,2.17,2.191,0.544,0.874,19.0,677,677,19_13,19_33,4097.552,65.24702,17.1811,0.0173,399.1716,37.0,46.0,2824.0,1413.0,2824.241,1413.2309,2824.241,1413.2309,191.9844144086795,27.525602475357346,1.562,1.41,65.56,0.03203,0.02874,73.1,2824.241,1413.2309,191.9844144086795,27.525602475357346,0.95587134649,0.97526938615,0.95587134649,0.97526938615,1.01,0.954,50.08,1.010245,0.9542248,50.08,22.8802,0.0,3.16,1.108,0.098,0.976,19.0,,,0.3528946018289065
16870,16870,19_2,19_714,41262.62,111.6638,14.6735,0.0029,1.608063,11819.0,11819.0,2643.0,1384.0,2642.749,1384.4502,2642.749,1384.4502,192.04167236098468,27.535345336895045,53.981,39.315,-88.28,0.16773,0.12248,-87.56,2642.749,1384.4502,192.04167236098468,27.535345336895045,4105.2410948,4227.6957483,4105.2410948,4227.6957483,65.388,63.697,62.06,65.38804,63.69727,62.06,25.7161,19.0,1.94,1.373,0.272,0.713,19.0,681,681,19_17,19_29,8979.72,79.02943,16.3292,0.0096,399.2338,52.0,62.0,2643.0,1384.0,2642.8377,1384.8177,2642.8377,1384.8177,192.0416480148189,27.535241238994047,1.675,1.46,67.71,0.01986,0.01761,70.45,2642.8377,1384.8177,192.0416480148189,27.535241238994047,0.87637044309,0.95237312609,0.87637044309,0.95237312609,0.997,0.914,59.29,0.9968942,0.9137536,59.29,22.8896,0.0,3.04,1.147,0.128,0.981,19.0,,,0.37805282699655895
16871,16871,19_3,19_714,63869.86,142.4515,14.1992,0.0024,1.512761,19634.0,19634.0,2793.0,1083.0,2792.7523,1083.4586,2792.7523,1083.4586,191.9909629705356,27.618577363221984,125.966,46.288,-44.95,0.30971,0.11506,-45.29,2792.7523,1083.4586,191.9909629705356,27.618577363221984,9016.4888127,8993.5100755,9016.4888127,8993.5100755,125.966,46.288,-44.95,125.966,46.28788,-44.95,25.6964,19.0,253.61,2.721,0.633,0.156,19.0,702,702,19_38,19_9,7249.916,94.18983,16.5616,0.0141,400.8106,92.0,100.0,2793.0,1083.0,2792.859,1083.8822,2792.859,1083.8822,191.990933530084,27.61845733077383,2.311,2.128,-39.14,0.03839,0.03482,-42.89,2792.859,1083.8822,191.990933530084,27.61845733077383,2.4720925435,2.3920548806,2.4720925435,2.3920548806,1.578,1.541,-22.56,1.577588,1.541221,-22.56,22.8924,0.0,4.71,1.086,0.079,0.019,19.0,,,0.4368316037102031
16872,16872,19_4,19_436,7839.939,46.52436,16.4766,0.0064,3.011085,1622.0,1622.0,2939.0,1234.0,2938.9224,1234.1942,2938.9224,1234.1942,191.94616278453847,27.574864895701744,15.893,6.28,54.3,0.09967,0.03841,54.99,2938.9224,1234.1942,191.94616278453847,27.574864895701744,4.2405368524,4.6056077456,4.2405368524,4.6056077456,2.24,1.957,53.94,2.239995,1.956673,53.94,27.4107,19.0,5.92,2.531,0.605,0.029,19.0,690,690,19_26,19_20,4875.448,90.20771,16.9924,0.0201,400.3425,84.0,94.0,2939.0,1235.0,2938.9526,1234.6326,2938.9526,1234.6326,191.94615782218375,27.57474140181761,2.752,2.032,54.69,0.06074,0.04328,53.02,2938.9526,1234.6326,191.94615782218375,27.57474140181761,3.8430213815,4.1347896495,3.8430213815,4.1347896495,2.1,1.889,55.13,2.100069,1.888788,55.13,22.8776,0.0,8.09,1.354,0.262,0.001,19.0,,,0.4394389604939579
16902,16902,19_34,19_52,785.6266,13.74989,18.9744,0.019,1.526172,88.0,88.0,2778.0,1026.0,2778.0892,1025.26,2778.0892,1025.26,191.9950093903072,27.635068570204883,2.044,1.83,-23.95,0.0411,0.03543,-27.11,2778.0892,1025.26,191.9950093903072,27.635068570204883,1.8101017653,1.7566761985,1.8101017653,1.7566761985,1.348,1.323,18.95,1.348051,1.3227,18.95,25.4605,1.0,3.8,1.117,0.105,0.1,19.0,706,706,19_42,19_5,212.3043,24.10118,20.395,0.1233,401.7201,5.0,7.0,2778.0,1026.0,2777.9456,1025.6956,2777.9456,1025.6956,191.99505951690875,27.634947460460715,0.732,0.689,9.95,0.0952,0.08804,1.06,2777.9456,1025.6956,191.99505951690875,27.634947460460715,0.82977557259,1.0337801092,0.82977557259,1.0337801092,1.017,0.91,85.56,1.017357,0.9102421,85.56,22.9058,0.0,4.2,1.063,0.059,0.484,19.0,,,0.45865926350612873
16920,16920,19_52,19_22,149509.8,156.8076,13.2757,0.0011,1.216615,67.0,67.0,2994.0,1015.0,2994.1173,1014.6107,2994.1173,1014.6107,191.9263258320024,27.636065206459783,0.86,0.762,68.7,9.1E-4,8.0E-4,68.87,2994.1173,1014.6107,191.9263258320024,27.636065206459783,0.22634029415,0.3127225097,0.22634029415,0.3127225097,0.561,0.474,81.24,0.5610893,0.4735416,81.24,25.1776,0.0,1.48,1.128,0.114,1.0,19.0,665,665,19_1,19_3,143903.0,196.0723,13.3172,0.0015,404.2241,154.0,158.0,2994.0,1015.0,2994.1887,1015.0251,2994.1887,1015.0251,191.9263075647908,27.63594807785885,1.922,1.694,73.06,0.00353,0.00321,77.83,2994.1887,1015.0251,191.9263075647908,27.63594807785885,0.8873791615,0.97098919247,0.8873791615,0.97098919247,1.006,0.92,60.31,1.005606,0.920394,60.31,22.7915,16.0,3.17,1.134,0.119,0.987,19.0,,,0.42050602849428753
16958,16958,19_90,19_735,17624.52,54.1969,15.5971,0.0033,2.8996,75.0,75.0,2716.0,1491.0,2716.1973,1490.6802,2716.1973,1490.6802,192.01947820878408,27.504820487857007,1.052,0.96,55.17,0.00334,0.00306,53.29,2716.1973,1490.6802,192.01947820878408,27.504820487857007,0.37526592844,0.4047628616,0.37526592844,0.4047628616,0.644,0.604,63.27,0.6440394,0.6043526,63.27,26.8468,0.0,1.82,1.096,0.088,0.984,19.0,668,668,19_4,19_41,15315.54,92.14901,15.7496,0.0065,399.1361,72.0,79.0,2716.0,1491.0,2716.3052,1491.0696,2716.3052,1491.0696,192.0194480260351,27.50471005516269,1.763,1.567,63.89,0.01475,0.01349,59.84,2716.3052,1491.0696,192.0194480260351,27.50471005516269,0.93451979698,1.0094742038,0.93451979698,1.0094742038,1.026,0.944,58.7,1.026379,0.9436838,58.7,22.9149,0.0,3.21,1.125,0.111,0.983,19.0,,,0.4040727286021814
16986,16986,19_118,19_717,6558.426,33.48826,16.6704,0.0055,2.633003,76.0,76.0,2966.0,1485.0,2965.7377,1484.8903,2965.7377,1484.8903,191.9402982115881,27.50415599279484,1.188,1.131,25.21,0.00643,0.00614,19.17,2965.7377,1484.8903,191.9402982115881,27.50415599279484,0.50928584009,0.49022242671,0.50928584009,0.49022242671,0.72,0.694,29.5,0.7199006,0.6937228,29.5,26.6557,0.0,2.04,1.051,0.048,0.998,19.0,671,671,19_7,19_39,5081.754,67.25428,16.9474,0.0144,399.2513,41.0,47.0,2966.0,1485.0,2965.8644,1485.2329,2965.8644,1485.2329,191.94026164646925,27.504058525403916,1.577,1.371,61.68,0.02752,0.02307,64.73,2965.8644,1485.2329,191.94026164646925,27.504058525403916,0.9059330913,0.92099224415,0.9059330913,0.92099224415,0.984,0.927,48.97,0.9838482,0.9268054,48.97,22.8706,0.0,3.14,1.15,0.131,0.98,19.0,,,0.36527749725368186
16989,16989,19_121,19_793,2727.338,22.62481,17.6231,0.009,1.487945,92.0,92.0,2820.0,1511.0,2820.2129,1510.2764,2820.2129,1510.2764,191.98670327285149,27.4983628341293,2.243,1.272,81.51,0.02501,0.01133,82.77,2820.2129,1510.2764,191.98670327285149,27.4983628341293,0.68725187023,0.63559837995,0.68725187023,0.63559837995,0.838,0.788,25.16,0.8377841,0.7880153,25.16,25.4418,16.0,3.03,1.763,0.433,0.979,19.0,708,708,19_44,19_43,1848.285,48.19922,18.0455,0.0283,398.7037,22.0,27.0,2820.0,1511.0,2820.3426,1511.0804,2820.3426,1511.0804,191.9866705291744,27.49813566287105,1.362,1.126,45.77,0.04547,0.03605,44.51,2820.3426,1511.0804,191.9866705291744,27.49813566287105,0.8245488502,0.87864682686,0.8245488502,0.87864682686,0.966,0.878,54.77,0.9656415,0.8779135,54.77,22.9018,16.0,3.31,1.21,0.173,0.958,19.0,,,0.8143943086737095
16990,16990,19_122,19_714,334310.6,237.2763,12.402,8.0E-4,2.925346,2633.0,2633.0,2878.0,1410.0,2878.1691,1409.6129,2878.1691,1409.6129,191.9672750862471,27.526123425146583,4.025,2.926,6.85,0.00415,0.003,9.47,2878.1691,1409.6129,191.9672750862471,27.526123425146583,0.29308479857,0.33980965724,0.29308479857,0.33980965724,0.586,0.538,75.52,0.5857902,0.5382791,75.52,27.3292,6.0,1.69,1.376,0.273,1.0,19.0,676,676,19_12,19_34,323850.6,264.8775,12.4365,9.0E-4,399.4279,210.0,221.0,2878.0,1410.0,2878.2675,1410.0185,2878.2675,1410.0185,191.96724812855123,27.526008518442577,1.985,1.799,67.23,0.00225,0.0021,63.69,2878.2675,1410.0185,191.96724812855123,27.526008518442577,0.99708921219,1.0439328894,0.99708921219,1.0439328894,1.042,0.978,55.57,1.041849,0.9775335,55.57,22.8949,0.0,3.3,1.103,0.094,0.987,19.0,,,0.4173654513730471
16993,16993,19_125,19_713,989.2421,15.75749,18.7241,0.0173,1.183373,136.0,136.0,3012.0,1480.0,3011.6132,1479.5309,3011.6132,1479.5309,191.92569608578705,27.50523599375009,3.083,2.018,77.07,0.05618,0.03521,78.68,3011.6132,1479.5309,191.92569608578705,27.50523599375009,2.8816128333,3.2637817013,2.8816128333,3.2637817013,1.834,1.668,65.69,1.833506,1.668427,65.69,25.5275,16.0,4.84,1.527,0.345,0.027,19.0,672,672,19_8,19_38,195.0054,22.41366,20.4873,0.1248,399.9231,4.0,6.0,3012.0,1480.0,3012.1733,1479.8324,3012.1733,1479.8324,191.92552167959929,27.505146039675285,0.753,0.571,-42.9,0.11287,0.08347,-44.9,3012.1733,1479.8324,191.92552167959929,27.505146039675285,0.99482681947,0.88839982278,0.99482681947,0.88839982278,1.012,0.927,-24.86,1.011883,0.9269944,-24.86,22.8759,0.0,3.88,1.319,0.242,0.498,19.0,,,0.6360929649038615
17046,17046,19_178,19_669,10257.12,41.72449,16.1848,0.0044,3.131738,72.0,72.0,2572.0,1465.0,2571.5743,1465.4497,2571.5743,1465.4497,192.06507460185472,27.513219488107183,1.125,1.034,61.2,0.00474,0.00438,61.93,2571.5743,1465.4497,192.06507460185472,27.513219488107183,0.42685753475,0.44302272567,0.42685753475,0.44302272567,0.677,0.641,55.03,0.6771288,0.6413867,55.03,26.6541,0.0,2.03,1.087,0.08,0.984,19.0,673,673,19_9,19_37,8432.073,77.72039,16.3976,0.01,399.2111,52.0,60.0,2572.0,1466.0,2571.659,1465.8073,2571.659,1465.8073,192.06505140647675,27.51311821094197,1.676,1.46,68.97,0.02071,0.01803,74.1,2571.659,1465.8073,192.06505140647675,27.51311821094197,0.88969629829,0.98833585934,0.88969629829,0.98833585934,1.011,0.925,62.97,1.01145,0.9246625,62.97,22.8852,0.0,3.08,1.148,0.129,0.979,19.0,,,0.36749401355670336
17164,17164,19_296,19_576,1247.508,20.21393,18.4723,0.0176,2.963179,305.0,305.0,2961.0,1396.0,2961.029,1395.5902,2961.029,1395.5902,191.9408509380557,27.52929846230611,9.228,3.255,74.99,0.13717,0.0472,75.31,2961.029,1395.5902,191.9408509380557,27.52929846230611,2.2040056639,2.4243949348,2.2040056639,2.4243949348,1.586,1.454,-61.61,1.585971,1.453649,-61.61,26.9212,3.0,4.52,2.835,0.647,0.021,19.0,679,679,19_15,19_31,334.2991,29.13001,19.9021,0.0946,399.7173,10.0,10.0,2961.0,1396.0,2960.9714,1395.8523,2960.9714,1395.8523,191.94087196557655,27.52922533100573,1.309,0.55,-63.77,0.14208,0.05836,-64.29,2960.9714,1395.8523,191.94087196557655,27.52922533100573,1.3251821338,1.5983086118,1.3251821338,1.5983086118,1.314,1.094,-60.56,1.31376,1.094315,-60.56,22.8735,0.0,5.04,2.382,0.58,0.031,19.0,,,0.2683545602369522
17165,17165,19_297,19_576,1046.511,19.30535,18.663,0.02,2.937553,360.0,360.0,2937.0,1394.0,2936.6619,1393.5604,2936.6619,1393.5604,191.9485571351945,27.530094813220654,10.045,6.258,48.74,0.16192,0.09533,51.06,2936.6619,1393.5604,191.9485571351945,27.530094813220654,0.091359501832,0.092099876081,0.091359501832,0.092099876081,0.304,0.302,-71.9,0.3036255,0.3021108,-71.9,27.2213,3.0,3.4,1.605,0.377,0.02,19.0,680,680,19_16,19_30,265.8648,24.35739,20.1508,0.0995,398.4866,6.0,7.0,2937.0,1394.0,2936.7261,1393.5709,2936.7261,1393.5709,191.9485368857773,27.530091267587267,0.971,0.48,-8.25,0.11864,0.05463,-8.34,2936.7261,1393.5709,191.9485368857773,27.530091267587267,0.93947015008,0.78849619427,0.93947015008,0.78849619427,0.982,0.874,-20.68,0.9821136,0.8737386,-20.68,22.8253,0.0,3.39,2.023,0.506,0.482,19.0,,,0.06505297840968986
17208,17208,19_340,19_542,1120.114,17.42009,18.5893,0.0169,3.014787,169.0,169.0,2972.0,1354.0,2972.0769,1354.3179,2972.0769,1354.3179,191.9369121361244,27.54079583166898,3.708,2.086,-63.73,0.06127,0.03216,-64.17,2972.0769,1354.3179,191.9369121361244,27.54079583166898,1.3144344688,1.2381817873,1.3144344688,1.2381817873,1.15,1.109,17.55,1.150179,1.108921,17.55,26.8119,3.0,3.22,1.778,0.437,0.033,19.0,684,684,19_20,19_26,528.8494,33.4477,19.4041,0.0687,398.5501,11.0,13.0,2972.0,1354.0,2972.1656,1354.345,2972.1656,1354.345,191.93688428967505,27.540787391181425,0.992,0.919,-20.08,0.07989,0.07281,-29.79,2972.1656,1354.345,191.93688428967505,27.540787391181425,1.0262922779,0.89969677606,1.0262922779,0.89969677606,1.014,0.947,7.09,1.014041,0.9474754,7.09,22.8112,0.0,3.98,1.08,0.074,0.383,19.0,,,0.09274750670483656
17237,17237,19_369,19_524,5663.205,31.4387,16.8298,0.006,2.747336,125.0,125.0,2925.0,1347.0,2924.9154,1347.034,2924.9154,1347.034,191.9517933672892,27.543280263138257,1.637,1.261,-42.25,0.01215,0.0076,-42.94,2924.9154,1347.034,191.9517933672892,27.543280263138257,0.54489812893,0.5612061032,0.54489812893,0.5612061032,0.762,0.725,53.73,0.7617354,0.7251644,53.73,26.9008,0.0,2.1,1.299,0.23,0.985,19.0,685,685,19_21,19_25,4215.452,64.16254,17.1503,0.0165,399.3325,37.0,44.0,2925.0,1347.0,2925.1186,1347.233,2925.1186,1347.233,191.95173101098808,27.543222451903628,1.532,1.351,58.6,0.03031,0.02653,59.46,2925.1186,1347.233,191.95173101098808,27.543222451903628,0.84614753054,0.91602930909,0.84614753054,0.91602930909,0.98,0.896,58.24,0.979503,0.8959636,58.24,22.8608,0.0,3.01,1.134,0.118,0.98,19.0,,,0.2844138533895743
17356,17356,19_488,19_440,26024.53,65.68965,15.1739,0.0027,3.132974,67.0,67.0,2980.0,1268.0,2980.2864,1267.8128,2980.2864,1267.8128,191.93339511286695,27.565032249290464,0.972,0.89,60.74,0.00251,0.00229,60.49,2980.2864,1267.8128,191.93339511286695,27.565032249290464,0.34329832094,0.3482031449,0.34329832094,0.3482031449,0.602,0.574,49.21,0.6020843,0.5735817,49.21,26.9174,0.0,1.68,1.092,0.085,0.986,19.0,686,686,19_22,19_24,23109.2,102.2888,15.3029,0.0048,399.7518,81.0,85.0,2980.0,1268.0,2980.3755,1268.1912,2980.3755,1268.1912,191.93337084484872,27.56492507029928,1.774,1.557,69.19,0.01085,0.0098,68.02,2980.3755,1268.1912,191.93337084484872,27.56492507029928,0.89451149585,0.97576489978,0.89451149585,0.97576489978,1.006,0.926,60.82,1.006265,0.9261245,60.82,22.8418,0.0,3.11,1.139,0.122,0.984,19.0,,,0.38874846623500403
17372,17372,19_504,19_430,916.7693,13.9875,18.8068,0.0166,2.954713,96.0,96.0,2774.0,1258.0,2774.1777,1257.4601,2774.1777,1257.4601,191.99867034319308,27.569842975981203,1.853,1.749,-7.66,0.03157,0.02909,-16.82,2774.1777,1257.4601,191.99867034319308,27.569842975981203,1.1553719115,1.1349698605,1.1553719115,1.1349698605,1.085,1.055,35.7,1.084966,1.055078,35.7,27.4302,1.0,3.18,1.059,0.056,0.029,19.0,688,688,19_24,19_22,398.9872,27.586,19.71,0.0751,399.2847,9.0,9.0,2774.0,1258.0,2774.0844,1257.6365,2774.0844,1257.6365,191.9987017767733,27.56979424996426,0.896,0.691,66.73,0.08338,0.06023,69.48,2774.0844,1257.6365,191.9987017767733,27.56979424996426,0.75653390498,0.75018666598,0.75653390498,0.75018666598,0.899,0.836,43.35,0.8992345,0.8355225,43.35,22.8763,0.0,3.34,1.297,0.229,0.526,19.0,,,0.19955412799543953
17375,17375,19_507,19_428,3540.041,26.91783,17.3399,0.0083,1.373349,171.0,171.0,2521.0,1256.0,2521.3569,1255.1748,2521.3569,1255.1748,192.0788512100776,27.572774378945446,3.609,1.441,81.27,0.03423,0.01233,81.85,2521.3569,1255.1748,192.0788512100776,27.572774378945446,0.83623801146,0.86039847142,0.83623801146,0.86039847142,0.953,0.888,50.78,0.9532246,0.8876933,50.78,25.356,17.0,4.36,2.505,0.601,0.978,19.0,689,689,19_25,19_21,2133.183,53.58049,17.8898,0.0273,399.8503,26.0,32.0,2521.0,1256.0,2521.5045,1256.3723,2521.5045,1256.3723,192.078816618057,27.57243646706293,1.357,1.243,56.39,0.04047,0.04011,65.83,2521.5045,1256.3723,192.078816618057,27.57243646706293,0.78584894836,0.86352500554,0.78584894836,0.86352500554,0.959,0.854,57.04,0.9591144,0.8540922,57.04,22.8751,0.0,3.0,1.091,0.084,0.968,19.0,,,1.2065620622246973
17436,17436,19_568,19_388,115434.7,137.7232,13.5566,0.0013,2.937302,68.0,68.0,2562.0,1216.0,2562.4667,1215.7576,2562.4667,1215.7576,192.0654054012877,27.583484538172407,0.862,0.795,54.5,0.00104,9.6E-4,54.67,2562.4667,1215.7576,192.0654054012877,27.583484538172407,0.31963336912,0.29222330569,0.31963336912,0.29222330569,0.573,0.533,25.91,0.5728028,0.5326853,25.91,26.9404,0.0,1.58,1.085,0.078,0.999,19.0,691,691,19_27,19_19,110339.5,173.8547,13.6056,0.0017,400.0849,143.0,158.0,2562.0,1216.0,2562.5583,1216.1632,2562.5583,1216.1632,192.06538049640403,27.583369711578044,1.911,1.71,69.74,0.00443,0.00403,72.36,2562.5583,1216.1632,192.06538049640403,27.583369711578044,0.90856247798,0.97288949679,0.90856247798,0.97288949679,1.006,0.932,58.21,1.006484,0.9319026,58.21,22.9048,0.0,3.14,1.118,0.105,0.983,19.0,,,0.4158147664526556
17441,17441,19_573,19_383,6051.637,32.38447,16.7577,0.0058,1.397327,68.0,68.0,2530.0,1210.0,2529.6913,1209.884,2529.6913,1209.884,192.0757441213881,27.585429788868336,1.153,1.131,48.82,0.00648,0.0064,23.79,2529.6913,1209.884,192.0757441213881,27.585429788868336,0.49136501853,0.49721557004,0.49136501853,0.49721557004,0.713,0.693,51.3,0.7125251,0.6934614,51.3,25.3608,0.0,2.03,1.02,0.02,0.998,19.0,693,693,19_29,19_17,4510.591,64.08099,17.0768,0.0154,400.3327,39.0,44.0,2530.0,1210.0,2529.7765,1210.1816,2529.7765,1210.1816,192.07572013225783,27.58534537725532,1.517,1.341,70.74,0.02862,0.02444,74.19,2529.7765,1210.1816,192.07572013225783,27.58534537725532,0.81849406444,0.89049770716,0.81849406444,0.89049770716,0.954,0.893,64.83,0.9544074,0.8933635,64.83,22.9119,0.0,2.93,1.131,0.116,0.98,19.0,,,0.30955581079980254
17448,17448,19_580,19_790,2235.633,25.25601,17.8389,0.0123,1.378699,468.0,468.0,2961.0,1500.0,2959.5823,1499.9071,2959.5823,1499.9071,191.9424078871099,27.49999240449824,6.499,4.377,30.73,0.08553,0.05678,31.95,2959.5823,1499.9071,191.9424078871099,27.49999240449824,20.165318643,15.333567952,20.165318643,15.333567952,4.553,3.843,17.96,4.553322,3.842674,17.96,25.5732,17.0,6.45,1.485,0.327,0.016,19.0,709,709,19_45,19_42,140.1397,20.35684,20.846,0.1578,399.2266,2.0,5.0,2961.0,1500.0,2960.6046,1500.2284,2960.6046,1500.2284,191.94208714474053,27.499892620847135,0.76,0.449,-71.62,0.12371,0.0715,-71.61,2960.6046,1500.2284,191.94208714474053,27.499892620847135,1.693857753,1.7179745198,1.693857753,1.7179745198,1.313,1.299,64.41,1.313452,1.298721,64.41,22.8765,0.0,3.44,1.691,0.409,0.447,19.0,,,1.0716020623348104
17465,17465,19_597,19_366,15478.14,50.75869,15.7381,0.0036,2.906029,71.0,71.0,2946.0,1198.0,2946.2095,1197.9072,2946.2095,1197.9072,191.9434683538196,27.584995878167557,1.054,0.948,58.27,0.00358,0.00322,59.36,2946.2095,1197.9072,191.9434683538196,27.584995878167557,0.38511784208,0.39466313087,0.38511784208,0.39466313087,0.642,0.607,51.36,0.641524,0.6068179,51.36,27.0553,0.0,1.76,1.112,0.1,0.984,19.0,694,694,19_30,19_16,13222.98,87.42941,15.9091,0.0072,400.101,62.0,70.0,2946.0,1198.0,2946.3134,1198.2747,2946.3134,1198.2747,191.94343926388697,27.584891627817445,1.752,1.479,68.04,0.01627,0.01311,75.03,2946.3134,1198.2747,191.94343926388697,27.584891627817445,0.89859855242,0.97853631304,0.89859855242,0.97853631304,1.013,0.923,58.6,1.012921,0.9225647,58.6,22.8478,0.0,3.08,1.184,0.156,0.983,19.0,,,0.38190504055313745
17511,17511,19_643,19_329,1038.098,16.25339,18.6718,0.017,1.472739,136.0,136.0,3000.0,1159.0,3000.0958,1158.9412,3000.0958,1158.9412,191.9259585690212,27.59544626404233,3.045,1.98,-56.55,0.05429,0.03336,-54.57,3000.0958,1158.9412,191.9259585690212,27.59544626404233,2.7815247593,3.2678912872,2.7815247593,3.2678912872,1.817,1.658,-75.89,1.816779,1.65793,-75.89,25.4565,0.0,4.43,1.538,0.35,0.029,19.0,695,695,19_31,19_15,224.1536,24.47311,20.336,0.1186,401.4391,5.0,7.0,3000.0,1159.0,3000.1307,1159.4279,3000.1307,1159.4279,191.92595265036817,27.595309153077444,0.879,0.61,77.88,0.11673,0.08022,79.04,3000.1307,1159.4279,191.92595265036817,27.595309153077444,1.1604084687,1.5071378814,1.1604084687,1.5071378814,1.237,1.067,76.13,1.236787,1.066725,76.13,22.837,0.0,3.52,1.441,0.306,0.36,19.0,,,0.4879496900295535
17565,17565,19_697,19_289,8979.786,39.03642,16.3292,0.0047,3.021993,74.0,74.0,2568.0,1131.0,2567.5992,1131.2851,2567.5992,1131.2851,192.0629105581892,27.60718100218652,1.109,1.06,54.21,0.00504,0.00485,55.76,2567.5992,1131.2851,192.0629105581892,27.60718100218652,0.4372193512,0.43211720202,0.4372193512,0.43211720202,0.671,0.647,40.34,0.6711286,0.6472425,40.34,26.7712,0.0,2.0,1.046,0.044,0.983,19.0,696,696,19_32,19_14,7231.53,73.01713,16.5643,0.011,398.778,49.0,53.0,2568.0,1131.0,2567.6838,1131.5682,2567.6838,1131.5682,192.06288661629097,27.60710067069221,1.572,1.431,62.06,0.02065,0.01945,59.09,2567.6838,1131.5682,192.06288661629097,27.60710067069221,0.85964608014,0.91649264097,0.85964608014,0.91649264097,0.973,0.911,59.52,0.9729506,0.9107721,59.52,22.8326,0.0,2.93,1.099,0.09,0.982,19.0,,,0.29547042153128694
17651,17651,19_783,19_222,37360.24,78.62803,14.7814,0.0023,3.307665,73.0,73.0,2559.0,1097.0,2559.1743,1097.239,2559.1743,1097.239,192.0652349257237,27.616826014540475,0.944,0.861,50.4,0.0021,0.00186,41.79,2559.1743,1097.239,192.0652349257237,27.616826014540475,0.29927581618,0.31668606232,0.29927581618,0.31668606232,0.569,0.541,61.73,0.5690094,0.5405462,61.73,26.9128,2.0,1.56,1.096,0.088,0.988,19.0,699,699,19_35,19_11,34349.44,118.8603,14.8726,0.0038,399.4159,101.0,109.0,2559.0,1097.0,2559.2711,1097.5951,2559.2711,1097.5951,192.06520785754225,27.61672505640092,1.853,1.651,82.82,0.00964,0.00824,-78.72,2559.2711,1097.5951,192.06520785754225,27.61672505640092,0.89831367324,0.969611083,0.89831367324,0.969611083,1.002,0.93,60.34,1.001916,0.9295639,60.34,22.8721,2.0,3.0,1.122,0.109,0.985,19.0,,,0.3690222892996304
17652,17652,19_784,19_222,4380.32,30.47895,17.1086,0.0076,3.260624,255.0,255.0,2562.0,1089.0,2562.4436,1088.6917,2562.4436,1088.6917,192.06410967209257,27.61919894179454,5.833,1.909,23.59,0.04986,0.01503,23.93,2562.4436,1088.6917,192.06410967209257,27.61919894179454,0.59619921412,0.60627515933,0.59619921412,0.60627515933,0.794,0.756,49.88,0.7943293,0.7559863,49.88,26.773,3.0,2.23,3.056,0.673,0.835,19.0,700,700,19_36,19_11,3016.54,58.75781,17.5136,0.0212,399.9494,34.0,38.0,2562.0,1089.0,2562.4811,1088.9147,2562.4811,1088.9147,192.0641000588216,27.61913592696448,1.489,1.301,77.37,0.03615,0.0316,83.57,2562.4811,1088.9147,192.0641000588216,27.61913592696448,0.80257637826,0.88333215618,0.80257637826,0.88333215618,0.956,0.879,62.58,0.9555422,0.8791175,62.58,22.8986,3.0,2.96,1.145,0.126,0.97,19.0,,,0.22613104607721096
17744,17744,19_876,19_153,14526.9,49.23505,15.807,0.0037,2.875622,74.0,74.0,2876.0,1066.0,2875.7573,1065.9085,2875.7573,1065.9085,191.96443547769687,27.62274609722439,1.058,0.955,56.1,0.00373,0.00337,57.02,2875.7573,1065.9085,191.96443547769687,27.62274609722439,0.3924614916,0.39689824197,0.3924614916,0.39689824197,0.646,0.61,47.85,0.6457393,0.6102298,47.85,26.9981,0.0,1.75,1.108,0.097,0.996,19.0,703,703,19_39,19_8,12355.06,85.76344,15.9828,0.0075,401.1013,64.0,70.0,2876.0,1066.0,2875.8675,1066.2956,2875.8675,1066.2956,191.96440456999392,27.622636286158247,1.74,1.488,65.39,0.01688,0.01437,68.37,2875.8675,1066.2956,191.96440456999392,27.622636286158247,0.87124556504,0.94829649467,0.87124556504,0.94829649467,0.998,0.907,58.26,0.9980099,0.9074791,58.26,22.8822,0.0,3.16,1.169,0.145,0.983,19.0,,,0.40248037219205324
17809,17809,19_941,19_784,1085.661,16.94513,18.6232,0.017,1.577117,180.0,180.0,2886.0,1492.0,2885.7787,1492.4047,2885.7787,1492.4047,191.9657289493048,27.50278331501927,4.963,2.101,-16.21,0.09417,0.03741,-16.44,2885.7787,1492.4047,191.9657289493048,27.50278331501927,5.1868614268,4.5881453863,5.1868614268,4.5881453863,2.316,2.101,-25.45,2.315631,2.100681,-25.45,25.5176,19.0,3.52,2.362,0.577,0.385,19.0,670,670,19_6,19_40,289.3807,25.81564,20.0587,0.0969,398.9723,8.0,8.0,2886.0,1492.0,2885.8906,1492.1404,2885.8906,1492.1404,191.9656907037481,27.50285656979465,0.826,0.665,44.46,0.09452,0.07477,44.97,2885.8906,1492.1404,191.9656907037481,27.50285656979465,0.72701294422,0.80223728996,0.72701294422,0.80223728996,0.922,0.825,58.18,0.9216086,0.8245532,58.18,22.8931,0.0,2.84,1.243,0.196,0.492,19.0,,,0.28701236907161337
17822,17822,19_954,19_93,111253.9,135.3005,13.5966,0.0013,2.646956,68.0,68.0,2999.0,1042.0,2998.8815,1042.2273,2998.8815,1042.2273,191.92510661896344,27.62825940051405,0.864,0.766,70.0,0.00106,9.4E-4,70.17,2998.8815,1042.2273,191.92510661896344,27.62825940051405,0.22196434018,0.25980055605,0.22196434018,0.25980055605,0.512,0.469,76.68,0.5119049,0.4687411,76.68,26.1804,0.0,1.43,1.128,0.113,0.982,19.0,705,705,19_41,19_6,106065.3,174.6708,13.6485,0.0018,403.8434,134.0,144.0,2999.0,1042.0,2998.9485,1042.6327,2998.9485,1042.6327,191.9250896540993,27.628144841620596,1.901,1.668,72.93,0.00422,0.0039,70.56,2998.9485,1042.6327,191.9250896540993,27.628144841620596,0.88244832137,0.98333535692,0.88244832137,0.98333535692,1.009,0.921,63.17,1.008967,0.9207441,63.17,22.8053,0.0,3.19,1.14,0.123,0.991,19.0,,,0.4108992090526359
17934,17934,20_4,20_375,3308.552,34.26668,17.4133,0.0112,2.825311,1274.0,1274.0,2759.0,1117.0,2759.4188,1116.9655,2759.4188,1116.9655,192.00189082461867,27.60946534037276,19.379,11.686,-70.7,0.17327,0.10469,-70.84,2759.4188,1116.9655,192.00189082461867,27.60946534037276,0.21356568439,0.16386399352,0.21356568439,0.16386399352,0.462,0.405,1.8,0.4621847,0.4047407,1.8,27.4201,19.0,2.99,1.658,0.397,0.031,20.0,697,697,19_33,19_13,1192.657,46.81602,18.5211,0.0426,400.9648,22.0,26.0,2759.0,1117.0,2759.5013,1117.0366,2759.5013,1117.0366,192.00186538414465,27.609444602871115,1.353,1.153,7.11,0.0631,0.05303,0.44,2759.5013,1117.0366,192.00186538414465,27.609444602871115,1.1697118838,1.0167081496,1.1697118838,1.0167081496,1.092,0.997,19.99,1.092269,0.9966792,19.99,22.9293,0.0,3.52,1.174,0.148,0.507,19.0,,,0.10891033008847698
17935,17935,20_5,20_375,2872.624,36.30386,17.5667,0.0137,2.762567,1715.0,1715.0,2769.0,1104.0,2769.6013,1104.1089,2769.6013,1104.1089,191.9985255420293,27.61298560845812,41.487,16.64,77.85,0.36925,0.14488,78.23,2769.6013,1104.1089,191.9985255420293,27.61298560845812,592.38414528,595.69068215,592.38414528,595.69068215,25.559,23.126,45.8,25.55922,23.12577,45.8,27.4112,19.0,3.99,2.493,0.599,0.0,20.0,698,698,19_34,19_12,218.446,23.94785,20.364,0.1191,401.9241,6.0,7.0,2769.0,1104.0,2769.3242,1103.9839,2769.3242,1103.9839,191.9986121776056,27.61302327642208,0.742,0.675,-85.75,0.0909,0.08418,-89.3,2769.3242,1103.9839,191.9986121776056,27.61302327642208,1.1027458742,1.2281908422,1.1027458742,1.2281908422,1.109,1.05,-85.92,1.108527,1.049811,-85.92,22.9711,0.0,2.67,1.1,0.091,0.486,19.0,,,0.3039891609907897
17963,17963,20_33,20_55,2412.64,23.73718,17.7562,0.0107,1.312028,159.0,159.0,3045.0,1025.0,3045.1884,1023.8204,3045.1884,1023.8204,191.91021246717116,27.63300005802682,3.439,1.767,-78.63,0.03756,0.01853,-77.32,3045.1884,1023.8204,191.91021246717116,27.63300005802682,1.2208522664,1.2597857741,1.2208522664,1.2597857741,1.14,1.086,54.49,1.140249,1.086495,54.49,25.2458,16.0,5.3,1.947,0.486,0.968,20.0,751,751,20_42,20_6,1184.532,45.30914,18.5285,0.0415,403.7738,18.0,22.0,3045.0,1025.0,3045.1119,1025.1256,3045.1119,1025.1256,191.91025065080964,27.63263396135641,1.225,1.069,46.63,0.05387,0.04853,45.22,3045.1119,1025.1256,191.91025065080964,27.63263396135641,0.82578136715,0.86748859784,0.82578136715,0.86748859784,0.967,0.871,51.84,0.9668624,0.8708886,51.84,22.8304,0.0,3.45,1.146,0.128,0.949,20.0,,,1.3074399756777941
18242,18242,20_312,20_655,50430.9,91.20894,14.4557,0.002,3.017103,72.0,72.0,3046.0,1409.0,3046.1069,1409.5302,3046.1069,1409.5302,191.91401771589983,27.52458860533183,0.919,0.859,68.66,0.00168,0.00158,69.61,3046.1069,1409.5302,191.91401771589983,27.52458860533183,0.28249565455,0.34230429655,0.28249565455,0.34230429655,0.587,0.53,79.59,0.5868498,0.5295349,79.59,26.787,0.0,1.6,1.07,0.065,1.0,20.0,722,722,20_13,20_34,46752.15,129.0606,14.5379,0.003,400.6247,108.0,114.0,3046.0,1409.0,3046.168,1409.9557,3046.168,1409.9557,191.9140028480868,27.524468445636824,1.865,1.658,76.57,0.00738,0.00659,81.65,3046.168,1409.9557,191.9140028480868,27.524468445636824,0.93390004753,0.99634169992,0.93390004753,0.99634169992,1.015,0.949,59.52,1.01462,0.9490989,59.52,22.8812,0.0,3.19,1.125,0.111,0.983,20.0,,,0.4298644670126101
18499,18499,20_569,20_470,1595.606,27.07797,18.2051,0.0184,2.969043,863.0,863.0,2628.0,1271.0,2628.4381,1270.5846,2628.4381,1270.5846,192.04503917090105,27.56747941778469,23.877,11.362,-23.81,0.28285,0.13327,-22.58,2628.4381,1270.5846,192.04503917090105,27.56747941778469,103.66927023,113.72601759,103.66927023,113.72601759,10.869,9.963,-61.12,10.86851,9.963477,-61.12,27.7028,19.0,5.32,2.101,0.524,0.0,20.0,687,687,19_23,19_23,147.3468,20.2502,20.7916,0.1493,399.8722,5.0,5.0,2628.0,1271.0,2627.7856,1271.3979,2627.7856,1271.3979,192.04525453474088,27.567256720019667,0.751,0.451,-18.43,0.12566,0.07269,-18.42,2627.7856,1271.3979,192.04525453474088,27.567256720019667,1.0316610307,1.1566119362,1.0316610307,1.1566119362,1.114,0.974,-57.67,1.113614,0.9737236,-57.67,22.9055,0.0,3.42,1.663,0.399,0.408,19.0,,,1.042695132816702
18839,18839,20_909,20_230,11649.51,43.98122,16.0466,0.0041,1.489067,32.0,32.0,2561.0,1098.0,2561.0332,1097.6002,2561.0332,1097.6002,192.06464868383,27.61670776890906,0.872,0.56,87.41,0.00335,0.00217,87.59,2561.0332,1097.6002,192.06464868383,27.61670776890906,0.10097319312,0.29534856138,0.10097319312,0.29534856138,0.544,0.318,88.87,0.5435295,0.3176436,88.87,25.3904,26.0,1.77,1.556,0.358,0.974,20.0,743,743,20_34,20_13,14559.45,80.99867,15.8045,0.006,399.4767,46.0,52.0,2560.0,1097.0,2560.8136,1097.8211,2560.8136,1097.8211,192.0647206429162,27.61664765757238,1.921,0.975,85.51,0.01741,0.00927,85.85,2560.8136,1097.8211,192.0647206429162,27.61664765757238,0.319667106,0.86513639367,0.319667106,0.86513639367,0.932,0.562,85.46,0.9319826,0.5623271,85.46,22.8636,27.0,4.45,1.971,0.493,0.983,20.0,,,0.3114818935345496
18964,18964,20_1034,20_134,10750.46,42.68717,16.1338,0.0043,1.407587,71.0,71.0,3051.0,1058.0,3050.8032,1057.8624,3050.8032,1057.8624,191.9087928126172,27.62338036380393,1.102,1.004,63.44,0.00454,0.00416,64.01,3050.8032,1057.8624,191.9087928126172,27.62338036380393,0.41380440417,0.43783218108,0.41380440417,0.43783218108,0.67,0.634,60.25,0.6704346,0.6341562,60.25,25.3532,0.0,1.82,1.098,0.089,0.979,20.0,749,749,20_40,20_8,8639.95,78.34392,16.3711,0.0098,403.566,51.0,56.0,3051.0,1058.0,3050.8722,1058.2288,3050.8722,1058.2288,191.90877481409387,27.62327674483365,1.63,1.433,69.35,0.01841,0.01734,76.18,3050.8722,1058.2288,191.90877481409387,27.62327674483365,0.84244165469,0.93713870185,0.84244165469,0.93713870185,0.986,0.898,62.34,0.9864178,0.898087,62.34,22.8362,0.0,3.15,1.137,0.12,0.983,20.0,,,0.3728403948073181
19126,19126,21_1,21_591,64636.63,146.3331,14.1862,0.0025,1.864333,17782.0,17782.0,303.0,1909.0,302.9801,1909.1182,302.9801,1909.1182,192.78853959270447,27.40687816536954,84.611,43.333,-35.27,0.2049,0.10633,-35.57,302.9801,1909.1182,192.78853959270447,27.40687816536954,7118.069755,5289.5361331,7118.069755,5289.5361331,84.637,72.417,-8.84,84.63704,72.41669,-8.84,25.5781,19.0,356.23,1.953,0.488,0.024,21.0,769,769,21_14,21_35,6310.928,101.6531,16.7122,0.0175,405.6525,107.0,116.0,303.0,1909.0,303.1217,1909.5482,303.1217,1909.5482,192.7884983633142,27.406756199863075,2.846,2.26,-60.21,0.05544,0.04291,-57.72,303.1217,1909.5482,192.7884983633142,27.406756199863075,4.2380730544,4.7053149369,4.2380730544,4.7053149369,2.189,2.038,-68.64,2.188545,2.038053,-68.64,22.8914,0.0,6.7,1.259,0.206,0.009,21.0,,,0.45271465626821694
19127,19127,21_2,21_591,170136.7,220.6778,13.1354,0.0014,1.891678,33321.0,33321.0,79.0,1863.0,79.363,1863.5175,79.363,1863.5175,192.8590473318976,27.42131536314944,137.545,55.912,-50.27,0.21056,0.08363,-49.45,79.363,1863.5175,192.8590473318976,27.42131536314944,3594.3180855,3870.1125118,3594.3180855,3870.1125118,67.416,54.033,-49.88,67.41563,54.03299,-49.88,25.6232,19.0,3.17,2.46,0.594,0.139,21.0,772,772,21_17,21_32,63209.75,235.9418,14.2104,0.0041,407.0112,528.0,573.0,79.0,1864.0,79.4864,1863.8962,79.4864,1863.8962,192.85901136274828,27.42120797361802,4.96,4.33,71.05,0.02573,0.0221,74.34,79.4864,1863.8962,192.85901136274828,27.42120797361802,6.5654679351,7.6618994339,6.5654679351,7.6618994339,2.777,2.552,77.96,2.777429,2.552108,77.96,22.9281,0.0,5.84,1.146,0.127,0.028,21.0,,,0.3982979412449759
19128,19128,21_3,21_591,82752.8,151.051,13.9179,0.002,1.811136,15234.0,15234.0,132.0,1782.0,131.7434,1781.851,131.7434,1781.851,192.8417568210147,27.443908822922943,89.494,22.181,-87.81,0.19244,0.04805,-87.43,131.7434,1781.851,192.8417568210147,27.443908822922943,1959.6103242,3402.6008024,1959.6103242,3402.6008024,58.36,44.23,87.27,58.35991,44.23045,87.27,25.589,19.0,6.06,4.035,0.752,0.157,21.0,780,780,21_25,21_23,32989.06,175.7692,14.9165,0.0058,406.4377,294.0,317.0,132.0,1782.0,131.924,1782.3621,131.924,1782.3621,192.8417038346789,27.443763783608134,6.403,2.075,80.6,0.04791,0.01401,80.86,131.924,1782.3621,192.8417038346789,27.443763783608134,3.3248751196,6.8600259109,3.3248751196,6.8600259109,2.641,1.792,79.97,2.640852,1.791871,79.97,22.8796,0.0,8.8,3.086,0.676,0.028,21.0,,,0.5420697095392255
19129,19129,21_4,21_591,11104.4,70.20486,16.0987,0.0069,3.377046,5908.0,5908.0,349.0,1745.0,348.5512,1744.8426,348.5512,1744.8426,192.77268776790112,27.452746230726827,32.711,24.176,62.74,0.14763,0.10762,61.19,348.5512,1744.8426,192.77268776790112,27.452746230726827,6.7604050642,6.7475730402,6.7604050642,6.7475730402,2.61,2.587,41.89,2.610196,2.587442,41.89,27.9428,19.0,2.34,1.353,0.261,0.029,21.0,784,784,21_29,21_19,2242.403,52.47095,17.8356,0.0254,404.3021,26.0,30.0,349.0,1745.0,348.5904,1745.125,348.5904,1745.125,192.7726777540863,27.452666523287974,1.341,1.203,49.5,0.0397,0.03534,48.03,348.5904,1745.125,192.7726777540863,27.452666523287974,0.78563327126,0.81400938248,0.78563327126,0.81400938248,0.915,0.874,56.37,0.9146104,0.8735734,56.37,22.8293,0.0,2.95,1.114,0.102,0.972,21.0,,,0.28510769894906224
19130,19130,21_5,21_279,4191.73,40.64443,17.1564,0.0105,3.374843,1779.0,1779.0,407.0,1662.0,407.4614,1661.5761,407.4614,1661.5761,192.7532875640073,27.475731099746127,19.169,9.456,-41.9,0.14805,0.07321,-41.5,407.4614,1661.5761,192.7532875640073,27.475731099746127,0.52986747837,0.56671944925,0.52986747837,0.56671944925,0.76,0.72,-64.34,0.7601136,0.7202876,-64.34,28.1849,19.0,4.27,2.027,0.507,0.024,21.0,792,792,21_37,21_11,1546.094,57.25302,18.2393,0.0402,406.081,33.0,38.0,407.0,1662.0,407.4632,1661.8509,407.4632,1661.8509,192.7532893609279,27.475653804937885,1.799,1.355,-72.26,0.07602,0.05638,-72.95,407.4632,1661.8509,192.7532893609279,27.475653804937885,2.0090457671,2.5429852815,2.0090457671,2.5429852815,1.614,1.395,-72.13,1.613988,1.395376,-72.13,22.9224,0.0,5.7,1.328,0.247,0.004,21.0,,,0.27480589513318743
19131,19131,21_6,21_279,6340.06,45.62631,16.7072,0.0078,1.856522,1418.0,1418.0,467.0,1652.0,467.375,1651.935,467.375,1651.935,192.73419891523864,27.47800026374329,20.951,11.453,69.24,0.16242,0.08869,69.69,467.375,1651.935,192.73419891523864,27.47800026374329,649.28191308,1008.9457677,649.28191308,1008.9457677,31.783,25.457,86.7,31.78278,25.45747,86.7,25.5281,19.0,3.32,1.829,0.453,0.152,21.0,793,793,21_38,21_10,1281.162,48.30447,18.4434,0.0409,405.0129,24.0,27.0,467.0,1652.0,467.4015,1652.1245,467.4015,1652.1245,192.73419215109868,27.477946775436127,1.341,1.276,-82.51,0.06075,0.05799,-67.14,467.4015,1652.1245,192.73419215109868,27.477946775436127,1.3643737118,1.4578141409,1.3643737118,1.4578141409,1.207,1.168,89.7,1.207401,1.168063,89.7,22.8931,0.0,4.23,1.052,0.049,0.103,21.0,,,0.1913439311814775
19132,19132,21_7,21_235,2529.438,27.60398,17.7048,0.0119,3.401701,469.0,469.0,442.0,1606.0,441.9525,1605.5422,441.9525,1605.5422,192.74186220314812,27.49123501941401,6.642,6.233,26.87,0.07309,0.06877,20.5,441.9525,1605.5422,192.74186220314812,27.49123501941401,0.81863641234,0.87690019617,0.81863641234,0.87690019617,0.942,0.899,69.38,0.9415439,0.8994619,69.38,27.4347,3.0,2.49,1.065,0.061,0.306,21.0,795,795,21_40,21_8,1292.506,43.21897,18.4338,0.0363,405.0391,18.0,21.0,442.0,1606.0,441.9732,1605.8189,441.9732,1605.8189,192.7418580288228,27.4911570517812,1.154,1.07,75.11,0.04644,0.04573,79.03,441.9732,1605.8189,192.7418580288228,27.4911570517812,0.66496714541,0.78911139532,0.66496714541,0.78911139532,0.899,0.804,70.31,0.8985296,0.8041909,70.31,22.8747,0.0,2.92,1.079,0.073,0.914,21.0,,,0.2774732059135465
19134,19134,21_9,21_235,8488.726,51.89325,16.3903,0.0066,1.765082,2403.0,2403.0,316.0,1590.0,316.6814,1590.4159,316.6814,1590.4159,192.78147576248276,27.496408881850105,35.505,19.478,45.07,0.24933,0.13636,45.09,316.6814,1590.4159,192.78147576248276,27.496408881850105,818.86239975,821.16001606,818.86239975,821.16001606,35.505,19.478,45.07,35.5051,19.47846,45.07,25.6222,19.0,4.05,1.823,0.451,0.15,21.0,797,797,21_42,21_6,1511.953,54.43555,18.2636,0.0391,405.5963,30.0,34.0,316.0,1590.0,316.7028,1590.6588,316.7028,1590.6588,192.781471049441,27.496340415009897,1.563,1.407,2.05,0.06639,0.05786,1.87,316.7028,1590.6588,192.781471049441,27.496340415009897,1.882142581,1.8285990205,1.882142581,1.8285990205,1.38,1.344,28.24,1.379804,1.344203,28.24,22.8676,0.0,5.3,1.111,0.1,0.025,21.0,,,0.24384087024119513
19138,19138,21_13,21_123,3918.695,33.70552,17.2296,0.0093,3.314987,534.0,534.0,47.0,1562.0,47.3072,1562.8632,47.3072,1562.8632,192.8667095546689,27.506101066961563,6.37,3.814,-19.59,0.05286,0.03225,-21.42,47.3072,1562.8632,192.8667095546689,27.506101066961563,4.3313836395,2.2240840996,4.3313836395,2.2240840996,2.09,1.479,-7.5,2.090103,1.47883,-7.5,26.6775,1.0,5.72,1.67,0.401,0.029,21.0,799,799,21_44,21_4,1959.206,63.15791,17.9822,0.035,411.6389,41.0,44.0,47.0,1562.0,46.9252,1562.1886,46.9252,1562.1886,192.86682513583708,27.506293513995093,2.414,1.184,-5.34,0.09177,0.04272,-4.85,46.9252,1562.1886,192.86682513583708,27.506293513995093,3.4825614081,2.0314694741,3.4825614081,2.0314694741,1.87,1.42,-5.8,1.870214,1.419976,-5.8,22.869,0.0,7.98,2.04,0.51,0.003,21.0,,,0.7752478055435423
19311,19311,21_186,21_459,1009.198,15.65849,18.7025,0.0169,3.433316,81.0,81.0,42.0,1939.0,42.4284,1938.9043,42.4284,1938.9043,192.87138167699047,27.400376112365745,1.827,1.668,-25.98,0.02807,0.02526,-31.64,42.4284,1938.9043,192.87138167699047,27.400376112365745,1.265416497,1.1705522879,1.265416497,1.1705522879,1.125,1.081,6.26,1.12542,1.081387,6.26,26.4579,0.0,3.3,1.096,0.087,0.027,21.0,763,763,21_8,21_41,455.3519,31.88713,19.5665,0.076,405.2417,9.0,12.0,42.0,1939.0,42.4774,1939.0092,42.4774,1939.0092,192.8713670144676,27.40034626050249,1.03,0.777,2.93,0.08772,0.06418,0.13,42.4774,1939.0092,192.8713670144676,27.40034626050249,0.94350730793,0.8102498468,0.94350730793,0.8102498468,0.976,0.895,14.51,0.9762523,0.894812,14.51,22.8721,0.0,2.99,1.325,0.245,0.531,21.0,,,0.11578000690969505
19313,19313,21_188,21_457,29737.63,70.17976,15.0291,0.0026,3.363277,83.0,83.0,337.0,1937.0,337.4178,1937.0432,337.4178,1937.0432,192.77786094717936,27.39877334037772,1.195,0.954,-45.23,0.0029,0.00231,-45.01,337.4178,1937.0432,192.77786094717936,27.39877334037772,0.48685894577,0.48264077878,0.48685894577,0.48264077878,0.742,0.647,-44.09,0.742158,0.6470713,-44.09,27.2561,0.0,2.22,1.253,0.202,0.999,21.0,762,762,21_7,21_42,26943.83,109.8601,15.1363,0.0044,404.3074,89.0,97.0,337.0,1937.0,337.5352,1937.4202,337.5352,1937.4202,192.7778269506954,27.398666454372023,1.84,1.721,-71.72,0.01054,0.00998,85.64,337.5352,1937.4202,192.7778269506954,27.398666454372023,1.1570888499,1.2116130277,1.1570888499,1.2116130277,1.132,1.042,-53.08,1.132402,1.042289,-53.08,22.8337,0.0,3.61,1.069,0.064,0.969,21.0,,,0.39485663220966477
19340,19340,21_215,21_439,28780.87,69.02246,15.0646,0.0026,3.510078,70.0,70.0,426.0,1926.0,425.9716,1925.9452,425.9716,1925.9452,192.7496951912322,27.40124527955402,0.942,0.907,46.28,0.00231,0.00223,46.17,425.9716,1925.9452,192.7496951912322,27.40124527955402,0.33644972125,0.33818091369,0.33644972125,0.33818091369,0.587,0.574,48.21,0.5874124,0.5740883,48.21,27.3399,0.0,1.61,1.039,0.037,1.0,21.0,766,766,21_11,21_38,25674.11,106.5758,15.1887,0.0045,404.6161,80.0,91.0,426.0,1926.0,426.1019,1926.3148,426.1019,1926.3148,192.7496570689703,27.40114037413832,1.77,1.607,61.67,0.0105,0.00965,64.04,426.1019,1926.3148,192.7496570689703,27.40114037413832,0.93293503035,0.97329807817,0.93293503035,0.97329807817,1.002,0.949,56.49,1.002413,0.949422,56.49,22.8765,0.0,3.08,1.102,0.093,0.984,21.0,,,0.39189571316867905
19409,19409,21_284,21_378,83777.12,117.3603,13.9046,0.0015,1.731076,40.0,40.0,1.0,1841.0,1.4557000000000002,1841.5336,1.4557000000000002,1841.5336,192.8835648091018,27.428052661128383,0.767,0.658,73.96,0.00108,9.3E-4,74.17,1.4557000000000002,1841.5336,192.8835648091018,27.428052661128383,0.25045852801,0.29875441983,0.25045852801,0.29875441983,0.553,0.494,70.68,0.552743,0.4936478,70.68,25.2739,24.0,0.76,1.165,0.142,1.0,21.0,774,774,21_19,21_29,88233.93,149.036,13.8483,0.0018,406.1348,94.0,97.0,1.0,1841.0,1.6406999999999998,1841.8341,1.6406999999999998,1841.8341,192.88350863826295,27.427966833804703,1.806,1.343,76.97,0.00467,0.00337,79.37,1.6406999999999998,1841.8341,192.88350863826295,27.427966833804703,0.6907270435,0.84797132203,0.6907270435,0.84797132203,0.929,0.822,73.31,0.9292454,0.8217064,73.31,22.8665,24.0,4.04,1.344,0.256,0.985,21.0,,,0.3528813539988104
19418,19418,21_293,21_369,103907.9,130.6561,13.6708,0.0014,3.473524,66.0,66.0,360.0,1823.0,360.1611,1823.0625,360.1611,1823.0625,192.7696760361088,27.43066300838811,0.82,0.785,56.88,0.00104,0.001,56.49,360.1611,1823.0625,192.7696760361088,27.43066300838811,0.22579830997,0.2212434703,0.22579830997,0.2212434703,0.478,0.467,31.92,0.478211,0.4672858,31.92,27.6075,0.0,1.41,1.044,0.042,1.0,21.0,778,778,21_23,21_25,98732.01,166.2998,13.7263,0.0018,405.097,138.0,144.0,360.0,1823.0,360.2844,1823.4275,360.2844,1823.4275,192.7696400666583,27.430559453978272,1.862,1.684,63.54,0.00457,0.00413,60.99,360.2844,1823.4275,192.7696400666583,27.430559453978272,0.88350797129,0.9415801763,0.88350797129,0.9415801763,0.983,0.927,61.44,0.9828745,0.9268473,61.44,22.8774,0.0,3.02,1.105,0.095,0.984,21.0,,,0.38526340340085996
19473,19473,21_348,21_323,5857.841,31.97391,16.7931,0.0059,3.69684,82.0,82.0,482.0,1773.0,481.9138,1773.1454,481.9138,1773.1454,192.7306382428524,27.443804899465555,1.197,1.179,79.25,0.00714,0.00684,-62.96,481.9138,1773.1454,192.7306382428524,27.443804899465555,0.50861160345,0.51385163992,0.50861160345,0.51385163992,0.727,0.703,49.33,0.7270756,0.7027264,49.33,27.2993,0.0,1.98,1.016,0.015,0.984,21.0,781,781,21_26,21_22,4490.106,64.4144,17.0818,0.0156,403.4491,41.0,45.0,482.0,1773.0,481.9922,1773.4457,481.9922,1773.4457,192.7306159840772,27.443719865413687,1.511,1.374,68.34,0.02901,0.02637,81.09,481.9922,1773.4457,192.7306159840772,27.443719865413687,0.84794000743,0.88862052455,0.84794000743,0.88862052455,0.962,0.9,55.34,0.9622371,0.9003668,55.34,22.8506,0.0,2.9,1.099,0.09,0.982,21.0,,,0.3103653492256094
19488,19488,21_363,21_313,14378.53,49.00623,15.8181,0.0037,3.482829,67.0,67.0,431.0,1766.0,431.3565,1766.0135,431.3565,1766.0135,192.7466093577948,27.4461841457822,1.018,0.96,48.52,0.0036,0.00339,46.29,431.3565,1766.0135,192.7466093577948,27.4461841457822,0.38324330535,0.36007741356,0.38324330535,0.36007741356,0.625,0.594,25.96,0.6248515,0.5940381,25.96,27.1529,0.0,1.73,1.059,0.056,0.995,21.0,783,783,21_28,21_20,12034.02,85.54121,16.0114,0.0077,404.9517,57.0,67.0,431.0,1766.0,431.4719,1766.3637,431.4719,1766.3637,192.74657578331,27.44608480763488,1.644,1.512,65.05,0.01581,0.01508,69.37,431.4719,1766.3637,192.74657578331,27.44608480763488,0.87546907594,0.92989427478,0.87546907594,0.92989427478,0.983,0.916,57.66,0.9830102,0.9159991,57.66,22.8813,0.0,2.97,1.087,0.08,0.983,21.0,,,0.36872374482811054
19533,19533,21_408,21_279,7979.052,49.2667,16.4575,0.0067,1.876054,1882.0,1882.0,416.0,1714.0,415.5327,1713.4994,415.5327,1713.4994,192.75117492926705,27.461069327242907,19.811,12.338,-11.49,0.13514,0.08517,-12.05,415.5327,1713.4994,192.75117492926705,27.461069327242907,775.17495743,735.93163468,775.17495743,735.93163468,27.843,27.127,-1.74,27.84261,27.12739,-1.74,25.5927,19.0,5.28,1.606,0.377,0.028,21.0,788,788,21_33,21_15,1197.932,51.29396,18.5163,0.0465,405.267,25.0,30.0,415.0,1714.0,415.4554,1714.0656,415.4554,1714.0656,192.7512043267492,27.460910663740083,1.762,1.17,77.77,0.08601,0.05756,76.5,415.4554,1714.0656,192.7512043267492,27.460910663740083,1.7248786357,2.4186231041,1.7248786357,2.4186231041,1.564,1.303,78.79,1.564283,1.302505,78.79,22.8749,0.0,6.17,1.506,0.336,0.026,21.0,,,0.5714522989716421
19534,19534,21_409,21_279,18171.79,58.1226,15.5639,0.0035,3.505948,575.0,575.0,465.0,1668.0,465.1135,1668.2649,465.1135,1668.2649,192.73505776248325,27.47342461040332,5.474,2.622,66.93,0.02439,0.01176,67.55,465.1135,1668.2649,192.73505776248325,27.47342461040332,0.36294445664,0.38763244905,0.36294445664,0.38763244905,0.629,0.596,64.17,0.628642,0.5961427,64.17,27.451,3.0,1.66,2.087,0.521,0.947,21.0,790,790,21_35,21_13,15091.18,91.06668,15.7656,0.0066,404.6168,69.0,74.0,465.0,1668.0,465.2401,1668.623,465.2401,1668.623,192.7350207067249,27.473322966675013,1.743,1.501,63.02,0.01495,0.01257,66.02,465.2401,1668.623,192.7350207067249,27.473322966675013,0.8750978303,0.93105822834,0.8750978303,0.93105822834,0.984,0.915,57.69,0.9840423,0.9153233,57.69,22.8766,0.0,2.93,1.162,0.139,0.984,21.0,,,0.37981991785595726
19728,19728,21_603,21_591,7364.193,46.54896,16.5446,0.0069,3.454614,1717.0,1717.0,252.0,1880.0,251.5253,1880.1343,251.5253,1880.1343,192.8046056906283,27.41540349236772,15.375,13.529,36.27,0.08529,0.07348,58.71,251.5253,1880.1343,192.8046056906283,27.41540349236772,1.0696607131,1.0338461688,1.0696607131,1.0338461688,1.035,1.016,14.06,1.035403,1.015602,14.06,27.5467,3.0,53.08,1.136,0.12,0.029,21.0,770,770,21_15,21_34,2163.058,54.11001,17.8747,0.0272,405.2683,28.0,32.0,252.0,1880.0,251.5366,1880.3548,251.5366,1880.3548,192.8046039756369,27.415341396270865,1.318,1.293,56.68,0.04069,0.04052,-86.29,251.5366,1880.3548,192.8046039756369,27.415341396270865,0.85101076212,0.85369875287,0.85101076212,0.85369875287,0.931,0.915,47.57,0.931307,0.915083,47.57,22.8637,0.0,2.94,1.019,0.018,0.965,21.0,,,0.22078935662766236
19731,19731,21_606,21_591,8981.01,50.52441,16.3291,0.0061,3.51769,1869.0,1869.0,372.0,1858.0,371.928,1858.4739,371.928,1858.4739,192.7662485928546,27.42061778768082,14.33,12.737,-20.01,0.08425,0.07296,-13.55,371.928,1858.4739,192.7662485928546,27.42061778768082,0.58025772713,0.6101102657,0.58025772713,0.6101102657,0.783,0.759,71.73,0.783429,0.7593464,71.73,27.7292,3.0,2.04,1.125,0.111,0.925,21.0,775,775,21_20,21_31,5325.378,67.33445,16.8965,0.0137,404.5603,42.0,46.0,372.0,1858.0,371.9956,1858.7606,371.9956,1858.7606,192.76622961777787,27.42053666121028,1.497,1.411,78.17,0.02436,0.02317,-80.31,371.9956,1858.7606,192.76622961777787,27.42053666121028,0.84191400872,0.90939271266,0.84191400872,0.90939271266,0.958,0.913,70.86,0.9584559,0.9125069,70.86,22.853,0.0,2.94,1.061,0.057,0.981,21.0,,,0.29456179317770775
19739,19739,21_614,21_591,9095.165,39.3922,16.3154,0.0047,3.250128,104.0,104.0,118.0,1736.0,117.8328,1736.3606,117.8328,1736.3606,192.84578715421307,27.45680242924772,1.277,1.078,76.47,0.00659,0.00512,79.23,117.8328,1736.3606,192.84578715421307,27.45680242924772,0.41654193098,0.43959402876,0.41654193098,0.43959402876,0.668,0.64,64.51,0.6681107,0.6401281,64.51,27.3516,2.0,1.9,1.185,0.156,0.984,21.0,785,785,21_30,21_18,7095.272,71.24254,16.585,0.0109,406.539,46.0,49.0,118.0,1736.0,117.9129,1736.6238,117.9129,1736.6238,192.84576395495597,27.45672783215162,1.532,1.379,68.93,0.02021,0.01801,78.05,117.9129,1736.6238,192.84576395495597,27.45672783215162,0.80337871318,0.86004763379,0.80337871318,0.86004763379,0.941,0.882,60.67,0.9413779,0.8816088,60.67,22.8799,0.0,2.75,1.111,0.1,0.983,21.0,,,0.2751186107846016
19740,19740,21_615,21_590,733.0741,13.32364,19.0495,0.0197,1.768722,74.0,74.0,120.0,2008.0,120.5355,2007.8114,120.5355,2007.8114,192.84719906199757,27.380438341687054,1.891,1.603,-18.29,0.03947,0.03168,-18.86,120.5355,2007.8114,192.84719906199757,27.380438341687054,1.4259379447,1.396174667,1.4259379447,1.396174667,1.194,1.181,9.3,1.19447,1.181251,9.3,25.3842,16.0,3.56,1.18,0.153,0.791,21.0,758,758,21_3,21_46,286.5793,25.94289,20.0693,0.0983,405.2696,8.0,8.0,120.0,2008.0,120.1232,2008.0837,120.1232,2008.0837,192.84733199634053,27.380364709614504,0.825,0.657,-47.01,0.09613,0.07606,-45.27,120.1232,2008.0837,192.84733199634053,27.380364709614504,0.60993228466,0.63780986996,0.60993228466,0.63780986996,0.811,0.768,-56.98,0.8112855,0.7678268,-56.98,22.8766,0.0,2.59,1.256,0.204,0.411,21.0,,,0.49410381500239897
19808,19808,21_683,21_70,4556.64,28.55114,17.0658,0.0068,3.400018,78.0,78.0,153.0,1540.0,152.9347,1540.3537,152.9347,1540.3537,192.8330058576804,27.51167498539549,1.272,1.193,49.61,0.00848,0.00807,54.78,152.9347,1540.3537,192.8330058576804,27.51167498539549,0.53359872247,0.54851889513,0.53359872247,0.54851889513,0.753,0.718,53.53,0.7526553,0.7180722,53.53,26.6456,0.0,2.12,1.066,0.062,0.994,21.0,800,800,21_45,21_3,3317.413,60.03067,17.4104,0.0197,407.0555,30.0,38.0,153.0,1540.0,153.0547,1540.6744,153.0547,1540.6744,192.83297048136316,27.51158392997124,1.5,1.246,51.79,0.03535,0.02838,49.8,153.0547,1540.6744,192.83297048136316,27.51158392997124,0.78679452447,0.82997057712,0.78679452447,0.82997057712,0.934,0.862,54.76,0.9343272,0.8624371,54.76,22.8573,0.0,2.85,1.203,0.169,0.981,21.0,,,0.34241566845011523
19825,19825,21_700,21_61,19322.45,56.80999,15.4973,0.0032,3.331161,61.0,61.0,69.0,1537.0,69.434,1537.2769,69.434,1537.2769,192.85947536742248,27.51313901020452,0.983,0.901,57.0,0.00295,0.00271,57.14,69.434,1537.2769,192.85947536742248,27.51313901020452,0.35697109706,0.35101306192,0.35697109706,0.35101306192,0.611,0.578,40.67,0.6113607,0.5781196,40.67,26.5117,0.0,1.73,1.091,0.084,0.982,21.0,801,801,21_46,21_2,16648.55,95.47374,15.659,0.0062,410.5136,67.0,76.0,69.0,1537.0,69.5657,1537.6281,69.5657,1537.6281,192.85943651189828,27.51303929880321,1.73,1.498,66.67,0.01391,0.01174,70.74,69.5657,1537.6281,192.85943651189828,27.51303929880321,0.84208735597,0.92122236186,0.84208735597,0.92122236186,0.978,0.898,60.79,0.9783822,0.8978185,60.79,22.8309,0.0,2.96,1.155,0.134,0.983,21.0,,,0.37508176441928853
19893,19893,21_768,21_545,2148.815,21.75195,17.8819,0.011,3.484596,168.0,168.0,402.0,1986.0,401.1332,1985.7927,401.1332,1985.7927,192.75808263735084,27.3845962984293,2.98,1.799,8.3,0.03662,0.01915,7.32,401.1332,1985.7927,192.75808263735084,27.3845962984293,1.1777962382,1.1814052339,1.1777962382,1.1814052339,1.109,1.063,46.03,1.108879,1.062821,46.03,27.1082,1.0,4.26,1.657,0.396,0.036,21.0,760,760,21_5,21_44,1292.508,47.48373,18.4338,0.0399,404.5764,21.0,26.0,402.0,1986.0,401.8488,1986.1411,401.8488,1986.1411,192.75785882219617,27.384493058395226,1.35,1.206,44.93,0.0584,0.05324,45.06,401.8488,1986.1411,192.75785882219617,27.384493058395226,1.1783286605,1.1909217967,1.1783286605,1.1909217967,1.123,1.052,47.34,1.123227,1.052431,47.34,22.8652,0.0,4.14,1.12,0.107,0.262,21.0,,,0.7959057230602445
19898,19898,22_1,22_444,191204.5,253.0541,13.0087,0.0014,2.056423,51066.0,51066.0,584.0,1894.0,717.7896000000001,1833.8094,717.7896000000001,1833.8094,192.65637645857157,27.424978988979323,113.496,69.567,50.84,0.16287,0.09661,51.29,717.7896000000001,1833.8094,192.65637645857157,27.424978988979323,8687.3918247,8251.7598561,8687.3918247,8251.7598561,94.051,89.965,27.3,94.05061,89.96462,27.3,25.6491,19.0,533.46,1.631,0.387,0.028,22.0,819,819,22_18,22_23,25789.52,197.3504,15.1838,0.0083,404.4371,397.0,440.0,718.0,1834.0,717.9878,1834.4057,717.9878,1834.4057,192.6563188973792,27.42480979618471,7.409,3.113,50.91,0.0718,0.02849,50.83,717.9878,1834.4057,192.6563188973792,27.42480979618471,12.128847384,13.252445334,12.128847384,13.252445334,4.034,3.018,49.51,4.034108,3.017825,49.51,22.8803,0.0,12.89,2.38,0.58,0.001,22.0,,,0.6283764238097148
19899,19899,22_2,22_444,236435.8,261.136,12.7781,0.0012,2.107288,44629.0,44629.0,841.0,1795.0,840.9684,1795.0347,840.9684,1795.0347,192.6169754379793,27.43494570515784,80.956,57.073,-72.77,0.10324,0.07095,-72.75,840.9684,1795.0347,192.6169754379793,27.43494570515784,3289.4689589,4217.5857457,3289.4689589,4217.5857457,64.958,57.337,-87.41,64.95761,57.33728,-87.41,25.6483,19.0,3.08,1.418,0.295,0.165,22.0,823,823,22_22,22_19,78054.38,258.5533,13.9814,0.0036,405.2229,626.0,687.0,841.0,1795.0,840.9114999999999,1795.5382,840.9114999999999,1795.5382,192.6169979870141,27.434804549167712,5.242,4.432,-15.12,0.02645,0.02055,-21.89,840.9114999999999,1795.5382,192.6169979870141,27.434804549167712,5.9186746441,5.6720365932,5.9186746441,5.6720365932,2.462,2.352,31.15,2.461853,2.351593,31.15,22.9438,0.0,5.19,1.183,0.154,0.029,22.0,,,0.5067049042589147
19900,19900,22_3,22_444,95792.21,174.5502,13.7591,0.002,2.143528,22067.0,22067.0,718.0,1627.0,718.5495,1627.4083,718.5495,1627.4083,192.65430696945907,27.483016792814382,52.157,44.206,-9.12,0.10412,0.08959,-7.1,718.5495,1627.4083,192.65430696945907,27.483016792814382,3616.2488503,2744.8456766,3616.2488503,2744.8456766,60.224,52.29,-6.26,60.22357,52.28973,-6.26,25.5827,19.0,166.29,1.18,0.152,0.133,22.0,832,832,22_31,22_10,20256.53,153.0741,15.446,0.0082,403.935,227.0,246.0,718.0,1627.0,718.6397,1627.8617,718.6397,1627.8617,192.65428237527576,27.482888608003154,3.818,2.848,85.5,0.03824,0.02719,87.17,718.6397,1627.8617,192.65428237527576,27.482888608003154,3.8720612837,4.2826218955,3.8720612837,4.2826218955,2.075,1.962,76.85,2.075173,1.961719,76.85,22.8446,0.0,4.99,1.341,0.254,0.027,22.0,,,0.46228519335998913
19931,19931,22_34,22_29,890.0773,16.40792,18.8388,0.02,2.294679,80.0,80.0,986.0,1517.0,985.3469,1517.203,985.3469,1517.203,192.5686782543712,27.511958822809536,2.166,1.678,63.52,0.0385,0.0297,61.13,985.3469,1517.203,192.5686782543712,27.511958822809536,2.0106861003,2.3629159169,2.0106861003,2.3629159169,1.556,1.398,69.53,1.555617,1.397733,69.53,25.0278,16.0,4.15,1.291,0.225,0.102,22.0,803,803,22_2,22_2,305.1608,26.41244,20.0011,0.094,402.5384,9.0,9.0,986.0,1517.0,985.2773,1517.1295,985.2773,1517.1295,192.56869966980508,27.5119800314886,1.025,0.644,60.82,0.12087,0.07471,60.37,985.2773,1517.1295,192.56869966980508,27.5119800314886,0.92195094311,1.1967462425,0.92195094311,1.1967462425,1.128,0.92,65.06,1.128084,0.9198495,65.06,22.9236,0.0,4.83,1.591,0.371,0.149,22.0,,,0.10122455235761876
19932,19932,22_35,22_28,17951.14,54.92568,15.5772,0.0033,2.314008,65.0,65.0,633.0,1518.0,632.9268,1517.7189,632.9268,1517.7189,192.68050315977143,27.514509054378813,0.99,0.956,29.76,0.00312,0.00301,25.57,632.9268,1517.7189,192.68050315977143,27.514509054378813,0.3698136389,0.38437247844,0.3698136389,0.38437247844,0.622,0.606,67.18,0.6224977,0.6055433,67.18,25.1864,0.0,1.71,1.035,0.034,0.98,22.0,802,802,22_1,22_3,15415.54,93.23392,15.7425,0.0066,403.737,67.0,76.0,633.0,1518.0,633.0364999999999,1518.1018,633.0364999999999,1518.1018,192.6804717207408,27.514400553777467,1.722,1.558,63.56,0.01444,0.01298,73.46,633.0364999999999,1518.1018,192.6804717207408,27.514400553777467,0.88901035921,0.91474404132,0.88901035921,0.91474404132,0.97,0.929,54.71,0.9698334,0.9290735,54.71,22.8577,0.0,3.09,1.105,0.095,0.983,22.0,,,0.39830453173403507
19940,19940,22_43,22_20,1385.818,18.31255,18.3581,0.0144,2.278278,86.0,86.0,664.0,1512.0,664.0282,1512.2393,664.0282,1512.2393,192.67058604873915,27.51581567637805,2.417,1.466,-36.47,0.03704,0.02017,-37.55,664.0282,1512.2393,192.67058604873915,27.51581567637805,1.0590694048,0.92208506397,1.0590694048,0.92208506397,1.03,0.959,7.36,1.030238,0.9590429,7.36,25.1476,16.0,3.69,1.649,0.394,0.982,22.0,547,547,15_31,15_32,703.0215,36.17963,19.095,0.0559,403.8507,14.0,15.0,664.0,1512.0,664.4077,1511.643,664.4077,1511.643,192.6704603662804,27.515980497771498,1.048,0.926,42.56,0.06621,0.05776,45.0,664.4077,1511.643,192.6704603662804,27.515980497771498,0.7897579476,0.7510540667,0.7897579476,0.7510540667,0.906,0.849,33.71,0.9059883,0.8485265,33.71,22.8681,16.0,2.9,1.132,0.117,0.63,15.0,5,2,0.7068195950876858
20002,20002,22_105,22_371,157534.0,160.9269,13.219,0.0011,3.284018,65.0,65.0,990.0,1967.0,989.6559,1966.9177,989.6559,1966.9177,192.5713893899675,27.3854639187631,0.846,0.778,49.61,8.7E-4,8.0E-4,49.33,989.6559,1966.9177,192.5713893899675,27.3854639187631,0.28550672007,0.2455701157,0.28550672007,0.2455701157,0.538,0.492,16.27,0.5377964,0.4917844,16.27,26.4135,0.0,1.48,1.087,0.08,1.0,22.0,805,805,22_4,22_37,151554.8,198.9083,13.261,0.0014,404.7982,155.0,165.0,990.0,1967.0,989.7712,1967.2904,989.7712,1967.2904,192.5713562251033,27.385358215122935,1.909,1.716,61.8,0.00345,0.00323,62.99,989.7712,1967.2904,192.5713562251033,27.385358215122935,0.91452836108,0.98012841244,0.91452836108,0.98012841244,1.012,0.933,57.72,1.011766,0.9332662,57.72,22.8152,0.0,3.13,1.112,0.101,0.984,22.0,,,0.3901273894513205
20116,20116,22_219,22_274,27129.9,67.00821,15.1288,0.0027,3.716096,66.0,66.0,591.0,1850.0,590.6418,1850.3311,590.6418,1850.3311,192.69683455630175,27.421288944629957,0.95,0.88,53.1,0.00241,0.00223,52.37,590.6418,1850.3311,192.69683455630175,27.421288944629957,0.33707182224,0.33692913072,0.33707182224,0.33692913072,0.594,0.566,44.87,0.5943476,0.5663496,44.87,27.3164,0.0,1.7,1.079,0.073,0.983,22.0,818,818,22_17,22_24,24030.46,103.6426,15.2605,0.0047,404.7844,81.0,88.0,591.0,1850.0,590.7583,1850.6798,590.7583,1850.6798,192.69680067123065,27.421190008880643,1.761,1.564,61.24,0.01083,0.00974,60.94,590.7583,1850.6798,192.69680067123065,27.421190008880643,0.86460206055,0.92025235157,0.86460206055,0.92025235157,0.978,0.91,57.96,0.977806,0.9103571,57.96,22.9088,0.0,2.99,1.126,0.112,0.983,22.0,,,0.3676464878111048
20173,20173,22_276,22_231,41872.06,83.14745,14.6576,0.0022,4.028408,66.0,66.0,954.0,1769.0,954.2878,1769.2638,954.2878,1769.2638,192.5808123044457,27.44132055217876,0.903,0.867,48.16,0.00182,0.00176,48.42,954.2878,1769.2638,192.5808123044457,27.44132055217876,0.31577393083,0.30988878537,0.31577393083,0.30988878537,0.568,0.55,36.71,0.568455,0.5500197,36.71,27.821,0.0,1.58,1.041,0.04,0.983,22.0,825,825,22_24,22_17,38320.48,121.0762,14.7538,0.0034,403.5145,100.0,107.0,954.0,1769.0,954.4071,1769.6466,954.4071,1769.6466,192.58077793742265,27.441211982853744,1.816,1.639,67.15,0.00841,0.00753,70.79,954.4071,1769.6466,192.58077793742265,27.441211982853744,0.91594510331,0.95856662614,0.91594510331,0.95856662614,0.994,0.941,57.21,0.9943933,0.941113,57.21,22.8806,0.0,3.05,1.108,0.098,0.983,22.0,,,0.4009592622699762
20316,20316,22_419,22_444,918773.6,391.105,11.3044,5.0E-4,1.815512,2088.0,2088.0,894.0,1985.0,892.7660000000001,1985.433,892.7660000000001,1985.433,192.6022631052064,27.38100487323183,2.125,1.956,84.77,0.00119,0.00104,84.46,892.7660000000001,1985.433,192.6022631052064,27.38100487323183,1.0137619039,0.91164454585,1.0137619039,0.91164454585,1.007,0.954,-4.38,1.007156,0.9544858,-4.38,25.3712,6.0,4.98,1.086,0.08,1.0,22.0,839,839,22_38,22_39,896421.1,425.7634,11.3311,5.0E-4,404.8306,363.0,386.0,894.0,1986.0,892.8514,1985.7972,892.8514,1985.7972,192.6022393116235,27.38090179563448,2.257,2.104,58.27,0.00146,0.00141,17.53,892.8514,1985.7972,192.6022393116235,27.38090179563448,1.8478568459,1.8155296424,1.8478568459,1.8155296424,1.373,1.333,36.31,1.373249,1.333257,36.31,22.8243,4.0,7.45,1.073,0.068,0.992,22.0,,,0.3740786013660449
20360,20360,22_463,22_444,16767.92,53.12006,15.6512,0.0034,3.790413,124.0,124.0,737.0,1626.0,737.177,1625.9272,737.177,1625.9272,192.6483848613972,27.483292034296163,1.206,1.101,-5.68,0.00473,0.00405,-9.66,737.177,1625.9272,192.6483848613972,27.483292034296163,0.39251092744,0.38088007387,0.39251092744,0.38088007387,0.637,0.606,36.25,0.6372046,0.6061034,36.25,27.6932,2.0,1.73,1.096,0.088,0.988,22.0,834,834,22_33,22_8,14354.09,93.35601,15.82,0.0071,405.0073,71.0,78.0,737.0,1626.0,737.2914000000001,1626.3024,737.2914000000001,1626.3024,192.64835190290904,27.483185655755737,1.741,1.558,59.56,0.01559,0.01414,62.21,737.2914000000001,1626.3024,192.64835190290904,27.483185655755737,0.92561710287,0.9561479724,0.92561710287,0.9561479724,1.006,0.933,51.21,1.005932,0.9326661,51.21,22.9006,0.0,3.07,1.118,0.105,0.984,22.0,,,0.39225297959349253
20464,20464,23_2,23_764,8031.991,57.80072,16.4503,0.0078,2.674638,4452.0,4452.0,1165.0,1706.0,1164.8357,1705.6934,1164.8357,1705.6934,192.51346879818797,27.457550524526777,33.292,24.665,86.34,0.17201,0.12996,87.75,1164.8357,1705.6934,192.51346879818797,27.457550524526777,1.8532473548,1.6482492802,1.8532473548,1.6482492802,1.366,1.278,-14.17,1.366455,1.278397,-14.17,27.1448,19.0,2.85,1.35,0.259,0.028,23.0,878,878,23_38,23_16,1097.627,42.4583,18.6113,0.042,402.6074,19.0,21.0,1165.0,1706.0,1164.8963,1705.8779,1164.8963,1705.8779,192.513451279731,27.45749816616523,1.144,1.133,33.84,0.05409,0.05367,48.39,1164.8963,1705.8779,192.513451279731,27.45749816616523,0.92477767548,0.87776404218,0.92477767548,0.87776404218,0.962,0.937,5.17,0.9618552,0.9366837,5.17,22.8774,0.0,3.28,1.009,0.009,0.764,23.0,,,0.19419734807649916
20466,20466,23_4,23_332,1965.309,26.70737,17.9788,0.0148,2.709088,780.0,780.0,1388.0,1599.0,1387.5883,1599.0521,1387.5883,1599.0521,192.44183727513317,27.485757627675405,10.213,8.694,81.63,0.11659,0.09862,80.51,1387.5883,1599.0521,192.44183727513317,27.485757627675405,1.284445334,1.332563271,1.284445334,1.332563271,1.161,1.127,-64.22,1.160688,1.12686,-64.22,27.2685,3.0,3.27,1.175,0.149,0.027,23.0,885,885,23_45,23_9,539.2365,34.43304,19.383,0.0693,402.1476,11.0,14.0,1388.0,1599.0,1387.5708,1599.0045,1387.5708,1599.0045,192.4418423791781,27.485771152647064,0.99,0.976,46.58,0.07675,0.07544,88.66,1387.5708,1599.0045,192.4418423791781,27.485771152647064,0.89688056333,0.92611673217,0.89688056333,0.92611673217,0.962,0.947,-86.16,0.9624181,0.9469681,-86.16,22.8825,0.0,3.47,1.014,0.014,0.603,23.0,,,0.05071498792277472
20468,20468,23_6,23_211,6547.442,45.52459,16.6722,0.0076,2.903611,1770.0,1770.0,1252.0,1579.0,1252.1275,1578.3142,1252.1275,1578.3142,192.48460790827164,27.49267506136194,12.396,10.812,-71.54,0.07746,0.06993,-71.42,1252.1275,1578.3142,192.48460790827164,27.49267506136194,7.1072594533,12.836056256,7.1072594533,12.836056256,3.601,2.642,-81.6,3.600516,2.641894,-81.6,27.7286,19.0,11.8,1.146,0.128,0.022,23.0,888,888,23_48,23_6,2325.215,73.71631,17.7962,0.0344,402.227,58.0,65.0,1252.0,1579.0,1252.2548,1579.2662,1252.2548,1579.2662,192.48457635621548,27.492406365306508,2.929,1.563,-89.53,0.10481,0.05623,-89.71,1252.2548,1579.2662,192.48457635621548,27.492406365306508,5.8675993627,10.15427298,5.8675993627,10.15427298,3.198,2.407,-82.7,3.197795,2.407485,-82.7,22.8791,0.0,12.83,1.875,0.467,0.0,23.0,,,0.9604734717835602
20487,20487,23_25,23_69,1896.771,24.02621,18.0174,0.0138,1.22534,394.0,394.0,1455.0,1517.0,1455.0547,1516.6999,1455.0547,1516.6999,192.41966475294535,27.50836583776387,10.82,4.669,54.15,0.14546,0.06431,53.84,1455.0547,1516.6999,192.41966475294535,27.50836583776387,67.947043649,58.720561499,67.947043649,58.720561499,8.441,7.444,27.18,8.441005,7.444263,27.18,25.4762,19.0,3.4,2.318,0.569,0.433,23.0,841,841,23_1,23_1,337.1396,26.04412,19.8929,0.0839,403.1151,8.0,8.0,1455.0,1517.0,1455.1162,1516.8485,1455.1162,1516.8485,192.41964664522436,27.50832355738133,0.828,0.675,43.9,0.08294,0.06568,45.0,1455.1162,1516.8485,192.41964664522436,27.50832355738133,0.80505026594,0.80437108205,0.80505026594,0.80437108205,0.91,0.884,44.59,0.9101207,0.8837996,44.59,22.8793,0.0,3.94,1.226,0.184,0.429,23.0,,,0.16082353683462888
20545,20545,23_83,23_764,7179.223,43.78314,16.5722,0.0066,2.745976,1560.0,1560.0,1291.0,1926.0,1290.9803,1925.9488,1290.9803,1925.9488,192.47551653746436,27.394614649582905,16.666,9.203,-34.22,0.10809,0.06,-35.47,1290.9803,1925.9488,192.47551653746436,27.394614649582905,1.4056888258,1.4578587829,1.4056888258,1.4578587829,1.207,1.186,-87.02,1.207477,1.185558,-87.02,27.2833,19.0,3.05,1.811,0.448,0.12,23.0,847,847,23_7,23_48,4307.636,71.27786,17.1268,0.018,403.313,52.0,56.0,1291.0,1926.0,1291.0702,1926.2446,1291.0702,1926.2446,192.47549079549609,27.394530754086603,1.808,1.632,85.92,0.03699,0.03255,-88.74,1291.0702,1926.2446,192.47549079549609,27.394530754086603,1.5632043829,1.6659204314,1.5632043829,1.6659204314,1.293,1.248,76.08,1.293309,1.247588,76.08,22.9289,0.0,4.23,1.108,0.097,0.024,23.0,,,0.30915958662168225
20547,20547,23_85,23_764,5276.216,43.98062,16.9066,0.0091,2.667655,2438.0,2438.0,1277.0,1866.0,1277.3682,1865.7242,1277.3682,1865.7242,192.47927134965784,27.411658126717807,25.329,16.693,77.46,0.17254,0.11372,75.8,1277.3682,1865.7242,192.47927134965784,27.411658126717807,0.086307787779,0.081586772183,0.086307787779,0.081586772183,0.294,0.286,5.09,0.2938461,0.2855679,5.09,27.0944,19.0,2.61,1.517,0.341,0.035,23.0,857,857,23_17,23_37,1350.403,45.86322,18.3862,0.0369,401.8269,21.0,24.0,1277.0,1866.0,1277.4553,1865.8633,1277.4553,1865.8633,192.4792450333688,27.411618318226346,1.212,1.154,24.72,0.05139,0.04722,1.34,1277.4553,1865.8633,192.4792450333688,27.411618318226346,0.81467946256,0.83178300794,0.81467946256,0.83178300794,0.928,0.886,51.6,0.9277239,0.8864484,51.6,22.8494,0.0,2.88,1.051,0.048,0.927,23.0,,,0.164119529611797
20549,20549,23_87,23_764,9953.033,47.76981,16.2175,0.0052,2.635232,1474.0,1474.0,1258.0,1745.0,1258.386,1744.6717,1258.386,1744.6717,192.48416569165025,27.44584829131064,15.915,12.45,66.08,0.09177,0.07207,66.46,1258.386,1744.6717,192.48416569165025,27.44584829131064,0.55853820172,0.54371242566,0.55853820172,0.54371242566,0.756,0.729,34.31,0.7559506,0.7285529,34.31,27.1839,3.0,2.09,1.278,0.218,0.885,23.0,870,870,23_30,23_24,6591.19,72.56734,16.665,0.012,402.9597,47.0,54.0,1258.0,1745.0,1258.4408,1745.0237,1258.4408,1745.0237,192.48415158094085,27.445748876640177,1.586,1.463,56.34,0.02304,0.02147,51.98,1258.4408,1745.0237,192.48415158094085,27.445748876640177,0.9240506347,0.93798483951,0.9240506347,0.93798483951,0.989,0.94,49.29,0.9888214,0.9403551,49.29,22.9027,0.0,3.06,1.085,0.078,0.977,23.0,,,0.3562401437231845
20683,20683,23_221,23_660,4449.696,43.67141,17.0916,0.0107,2.833449,1971.0,1971.0,1433.0,1921.0,1432.781,1920.6396,1432.781,1920.6396,192.4305285835165,27.394968700724853,30.576,13.166,-7.37,0.21362,0.09232,-7.15,1432.781,1920.6396,192.4305285835165,27.394968700724853,0.35124344019,0.36255535074,0.35124344019,0.36255535074,0.61,0.585,56.31,0.6095903,0.5849773,56.31,26.9345,19.0,3.73,2.322,0.569,0.026,23.0,850,850,23_10,23_45,765.7792,40.04889,19.0021,0.0568,402.3972,17.0,19.0,1433.0,1921.0,1432.9799,1920.7412,1432.9799,1920.7412,192.43046650652545,27.39493852386553,1.425,0.906,43.64,0.08922,0.05536,43.18,1432.9799,1920.7412,192.43046650652545,27.39493852386553,1.5251939662,1.4229297938,1.5251939662,1.4229297938,1.307,1.113,38.7,1.307057,1.11343,38.7,22.9083,0.0,4.4,1.574,0.365,0.177,23.0,,,0.22334674835338392
20684,20684,23_222,23_660,4211.271,31.58419,17.1514,0.0081,2.816121,478.0,478.0,1472.0,1872.0,1471.9396,1872.7649,1471.9396,1872.7649,192.4176677037696,27.408113155819755,8.588,3.219,-56.07,0.07084,0.02668,-55.93,1471.9396,1872.7649,192.4176677037696,27.408113155819755,1.269967017,1.7219759841,1.269967017,1.7219759841,1.317,1.121,-80.77,1.316901,1.121479,-80.77,26.7384,19.0,3.81,2.668,0.625,0.046,23.0,854,854,23_14,23_40,2629.107,63.46497,17.6629,0.0262,402.3441,39.0,47.0,1472.0,1872.0,1471.9955,1872.9326,1471.9955,1872.9326,192.41765156877997,27.40806554766041,1.926,1.412,-79.97,0.05556,0.04145,-76.19,1471.9955,1872.9326,192.41765156877997,27.40806554766041,1.5051138755,2.1669662313,1.5051138755,2.1669662313,1.474,1.224,-84.63,1.474067,1.224421,-84.63,22.9219,0.0,5.12,1.363,0.266,0.014,23.0,,,0.17677132120361833
20685,20685,23_223,23_660,4540.603,30.73199,17.0696,0.0074,1.483613,293.0,293.0,1481.0,1874.0,1480.916,1873.6106,1480.916,1873.6106,192.41483076844509,27.40780246343132,6.161,2.307,-10.07,0.05441,0.01721,-9.56,1480.916,1873.6106,192.41483076844509,27.40780246343132,1.2514469509,1.7252494438,1.2514469509,1.7252494438,1.323,1.107,-77.25,1.323184,1.107194,-77.25,25.4737,19.0,3.68,2.671,0.626,0.715,23.0,853,853,23_13,23_41,3078.151,66.81583,17.4917,0.0236,401.946,48.0,52.0,1481.0,1874.0,1480.8849,1873.9324,1480.8849,1873.9324,192.41484366208005,27.40771223156616,1.98,1.475,-79.67,0.05242,0.03982,-78.57,1480.8849,1873.9324,192.41484366208005,27.40771223156616,1.5526256815,2.1149999202,1.5526256815,2.1149999202,1.462,1.238,-79.21,1.461578,1.237503,-79.21,22.9064,0.0,5.15,1.342,0.255,0.011,23.0,,,0.3232993195166921
20687,20687,23_225,23_660,649.1882,14.55304,19.1815,0.0243,2.773899,213.0,213.0,1364.0,1871.0,1363.9765,1871.0748,1363.9765,1871.0748,192.45186990645507,27.409460383064808,7.996,3.743,65.78,0.1638,0.07598,65.81,1363.9765,1871.0748,192.45186990645507,27.409460383064808,0.25804176279,0.26007562199,0.25804176279,0.26007562199,0.514,0.503,50.28,0.5143988,0.503499,50.28,27.092,3.0,2.14,2.136,0.532,0.402,23.0,856,856,23_16,23_38,271.4133,20.88191,20.1283,0.0836,402.072,1.0,5.0,1364.0,1871.0,1363.969,1871.0077,1363.969,1871.0077,192.4518716561804,27.409479311161917,0.581,0.575,88.18,0.06504,0.065,-29.1,1363.969,1871.0077,192.4518716561804,27.409479311161917,0.33042072146,0.33795636867,0.33042072146,0.33795636867,0.581,0.575,88.18,0.5813468,0.5748157,88.18,22.866,0.0,0.0,1.011,0.011,0.874,23.0,,,0.06751784949179478
20688,20688,23_226,23_660,2538.502,30.69475,17.701,0.0131,2.798562,990.0,990.0,1392.0,1858.0,1392.3348,1857.9553,1392.3348,1857.9553,192.44275882341927,27.41292122807095,30.733,10.591,-65.04,0.30857,0.10296,-64.68,1392.3348,1857.9553,192.44275882341927,27.41292122807095,9.9860222055,11.730465515,9.9860222055,11.730465515,3.461,3.12,-70.48,3.461395,3.120134,-70.48,27.1717,19.0,4.7,2.902,0.655,0.024,23.0,860,860,23_20,23_34,758.1347,43.00847,19.013,0.0616,402.4113,18.0,22.0,1392.0,1858.0,1392.1523,1857.9066,1392.1523,1857.9066,192.4428162115954,27.41293639251016,1.403,1.119,-49.87,0.0913,0.07281,-53.52,1392.1523,1857.9066,192.4428162115954,27.41293639251016,2.5123448234,2.6577715207,2.5123448234,2.6577715207,1.728,1.478,-50.24,1.727584,1.478368,-50.24,22.8905,0.0,7.49,1.254,0.203,0.001,23.0,,,0.18888605030559658
20689,20689,23_227,23_660,7387.834,35.43176,16.5411,0.0052,2.724511,89.0,89.0,1389.0,1849.0,1389.27,1849.0469,1389.27,1849.0469,192.44364676391345,27.415450847552428,1.206,1.173,-66.81,0.00633,0.00594,-54.4,1389.27,1849.0469,192.44364676391345,27.415450847552428,0.51536772459,0.51502217923,0.51536772459,0.51502217923,0.725,0.711,44.51,0.7247902,0.7106822,44.51,26.9997,3.0,2.02,1.028,0.027,0.994,23.0,861,861,23_21,23_33,5808.774,70.95477,16.8022,0.0133,402.9992,46.0,52.0,1389.0,1849.0,1389.3404,1849.3663,1389.3404,1849.3663,192.44362744238384,27.4153604693439,1.579,1.468,77.74,0.02469,0.02356,-86.08,1389.3404,1849.3663,192.44362744238384,27.4153604693439,0.9330167775,0.99660791888,0.9330167775,0.99660791888,1.007,0.957,65.38,1.006735,0.9571362,65.38,22.9179,0.0,3.07,1.076,0.07,0.975,23.0,,,0.32706653757289084
20744,20744,23_282,23_618,2670.25,24.76615,17.646,0.0101,1.410843,256.0,256.0,1015.0,1918.0,1015.4356,1917.7649,1015.4356,1917.7649,192.5627727995228,27.39908625438504,15.717,2.501,-82.69,0.17873,0.0273,-82.59,1015.4356,1917.7649,192.5627727995228,27.39908625438504,2.8670694948,3.3678366278,2.8670694948,3.3678366278,1.841,1.687,78.52,1.841027,1.686869,78.52,25.4623,19.0,2.69,6.285,0.841,0.78,23.0,851,851,23_11,23_44,1391.436,49.59106,18.3537,0.0387,403.3037,20.0,28.0,1015.0,1918.0,1015.4669,1917.9162,1015.4669,1917.9162,192.56276425282567,27.399043463533715,1.248,1.125,30.5,0.05649,0.04924,26.34,1015.4669,1917.9162,192.56276425282567,27.399043463533715,0.88172309877,0.84943607823,0.88172309877,0.84943607823,0.948,0.912,30.56,0.948162,0.9122214,30.56,22.8672,0.0,3.1,1.109,0.099,0.918,23.0,,,0.15450365691464002
20829,20829,23_367,23_557,6519.197,33.59585,16.6769,0.0056,2.745399,127.0,127.0,1363.0,1858.0,1362.6246,1858.0582,1362.6246,1858.0582,192.45217669446515,27.413131375393156,1.6,1.206,4.88,0.01044,0.00673,3.14,1362.6246,1858.0582,192.45217669446515,27.413131375393156,0.54016651651,0.52921747646,0.54016651651,0.52921747646,0.742,0.72,35.33,0.7424427,0.7198353,35.33,27.1018,0.0,2.14,1.327,0.246,0.999,23.0,859,859,23_19,23_35,4984.36,67.63167,16.9684,0.0147,402.1627,42.0,48.0,1363.0,1858.0,1362.8651,1858.4095,1362.8651,1858.4095,192.4521037499457,27.413030661067467,1.562,1.409,68.75,0.02758,0.02494,77.44,1362.8651,1858.4095,192.4521037499457,27.413030661067467,0.92202705791,0.95662677951,0.92202705791,0.95662677951,0.995,0.943,55.02,0.9948826,0.942795,55.02,22.8703,0.0,3.14,1.108,0.098,0.97,23.0,,,0.42573693755648023
20836,20836,23_374,23_553,4531.19,46.37897,17.0719,0.0111,2.699544,3132.0,3132.0,1353.0,1831.0,1352.9369,1830.7744,1352.9369,1830.7744,192.45499242196465,27.420881084105343,28.371,21.368,58.44,0.19419,0.1469,58.29,1352.9369,1830.7744,192.45499242196465,27.420881084105343,58.239648363,54.665368835,58.239648363,54.665368835,7.679,7.344,-22.38,7.679173,7.344068,-22.38,27.2073,19.0,3.34,1.328,0.247,0.0,23.0,865,865,23_25,23_29,340.5237,26.14452,19.882,0.0834,403.0923,8.0,8.0,1353.0,1831.0,1353.0738,1830.8158,1353.0738,1830.8158,192.454949413818,27.420868343572653,0.85,0.655,41.13,0.08258,0.06495,44.82,1353.0738,1830.8158,192.454949413818,27.420868343572653,0.8528773338,0.80489667054,0.8528773338,0.80489667054,0.982,0.833,39.89,0.9818746,0.8328844,39.89,22.911,0.0,4.42,1.297,0.229,0.568,23.0,,,0.14302297018310373
20837,20837,23_375,23_553,5242.804,36.23381,16.9135,0.0075,2.728226,841.0,841.0,1410.0,1829.0,1410.3617,1829.3864,1410.3617,1829.3864,192.4367769655057,27.4208089856476,16.352,5.323,-7.71,0.12618,0.04075,-7.56,1410.3617,1829.3864,192.4367769655057,27.4208089856476,0.90891802867,0.86710062014,0.90891802867,0.86710062014,0.956,0.928,19.14,0.9563718,0.928101,19.14,27.0611,3.0,2.35,3.072,0.674,0.914,23.0,864,864,23_24,23_30,3042.671,57.73701,17.5043,0.0206,402.8596,32.0,36.0,1410.0,1829.0,1410.4259,1829.634,1410.4259,1829.634,192.43675893965244,27.42073884613347,1.408,1.327,74.64,0.03352,0.0304,87.75,1410.4259,1829.634,192.43675893965244,27.42073884613347,0.91860222569,0.90702324854,0.91860222569,0.90702324854,0.97,0.941,38.93,0.9697134,0.9408939,38.93,22.9131,0.0,3.13,1.061,0.057,0.958,23.0,,,0.25578780268019846
20838,20838,23_376,23_553,4569.228,38.4814,17.0628,0.0091,2.701605,1585.0,1585.0,1410.0,1746.0,1409.5628,1745.9685,1409.5628,1745.9685,192.43624724078063,27.444271002744543,17.568,13.959,-22.14,0.13309,0.10207,-25.58,1409.5628,1745.9685,192.43624724078063,27.444271002744543,0.13276827886,0.10921543402,0.13276827886,0.10921543402,0.364,0.33,-0.38,0.3643752,0.330476,-0.38,27.3122,19.0,2.79,1.259,0.205,0.033,23.0,871,871,23_31,23_23,1446.03,47.44758,18.312,0.0356,402.5255,24.0,26.0,1410.0,1746.0,1409.5501,1746.063,1409.5501,1746.063,192.4362521541852,27.44424453394297,1.336,1.149,-1.83,0.05329,0.04482,0.11,1409.5501,1746.063,192.4362521541852,27.44424453394297,1.1130521877,0.97576642133,1.1130521877,0.97576642133,1.055,0.988,-2.83,1.055172,0.9876392,-2.83,22.9005,0.0,3.44,1.163,0.14,0.801,23.0,,,0.09534956738249398
20879,20879,23_417,23_520,27756.42,68.18922,15.104,0.0027,2.729127,198.0,198.0,1093.0,1826.0,1092.6211,1825.758,1092.6211,1825.758,192.53746701191875,27.424356813984804,1.737,0.976,13.25,0.00582,0.0026,12.97,1092.6211,1825.758,192.53746701191875,27.424356813984804,0.34999362738,0.35147595217,0.34999362738,0.35147595217,0.601,0.583,46.97,0.6012679,0.5830492,46.97,27.2088,0.0,1.74,1.779,0.438,1.0,23.0,866,866,23_26,23_28,24375.12,103.4849,15.245,0.0046,403.1168,80.0,85.0,1093.0,1826.0,1092.8471,1826.1582,1092.8471,1826.1582,192.5373990249077,27.42424250547097,1.74,1.586,71.08,0.01026,0.00944,78.78,1092.8471,1826.1582,192.5373990249077,27.42424250547097,0.90592726124,0.94563973582,0.90592726124,0.94563973582,0.989,0.934,55.98,0.9893857,0.9341751,55.98,22.8763,0.0,3.06,1.097,0.089,0.985,23.0,,,0.4596042210423886
20931,20931,23_469,23_482,2026.617,19.43229,17.9455,0.0104,2.678614,99.0,99.0,1398.0,1784.0,1398.4621,1783.6163,1398.4621,1783.6163,192.44011965127203,27.43377479672423,1.802,1.475,-27.74,0.02128,0.01524,-27.52,1398.4621,1783.6163,192.44011965127203,27.43377479672423,0.79109741289,0.80880571576,0.79109741289,0.80880571576,0.911,0.878,53.76,0.9106982,0.8777995,53.76,27.1671,0.0,2.68,1.222,0.181,0.974,23.0,867,867,23_27,23_27,1285.807,44.07958,18.4395,0.0372,401.8628,20.0,22.0,1398.0,1784.0,1398.2896,1783.8764,1398.2896,1783.8764,192.4401767748323,27.433703052953177,1.22,1.091,60.55,0.05167,0.04741,67.46,1398.2896,1783.8764,192.4401767748323,27.433703052953177,0.7932836274,0.82083287278,0.7932836274,0.82083287278,0.927,0.868,52.55,0.9273102,0.8684539,52.55,22.8563,0.0,3.35,1.119,0.106,0.906,23.0,,,0.31210296377968916
20984,20984,23_522,23_444,4081.917,32.87688,17.1852,0.0087,2.540416,959.0,959.0,1332.0,1721.0,1332.3231,1721.0139,1332.3231,1721.0139,192.4605027864372,27.45190952410965,18.022,6.71,-7.84,0.15963,0.05809,-7.5,1332.3231,1721.0139,192.4605027864372,27.45190952410965,0.87825430175,0.81525585272,0.87825430175,0.81525585272,0.945,0.894,24.02,0.9454435,0.8942298,24.02,26.9901,3.0,2.49,2.686,0.628,0.88,23.0,876,876,23_36,23_18,2126.28,52.48425,17.8934,0.0268,402.802,27.0,31.0,1332.0,1721.0,1332.4385,1721.2455,1332.4385,1721.2455,192.46046835744733,27.45184347664937,1.362,1.248,37.97,0.04136,0.03875,34.56,1332.4385,1721.2455,192.46046835744733,27.45184347664937,0.94636194053,0.88395680445,0.94636194053,0.88395680445,0.991,0.921,31.29,0.9914314,0.9205338,31.29,22.9037,0.0,3.46,1.091,0.084,0.933,23.0,,,0.25875803369173284
21001,21001,23_539,23_431,6460.697,34.25934,16.6867,0.0058,2.728434,251.0,251.0,1143.0,1746.0,1142.5856,1745.5476,1142.5856,1745.5476,192.5208905540017,27.446519299236027,3.637,1.51,48.43,0.02681,0.01007,47.81,1142.5856,1745.5476,192.5208905540017,27.446519299236027,0.62425876098,0.60715537239,0.62425876098,0.60715537239,0.8,0.769,34.93,0.8003415,0.7686792,34.93,27.2846,1.0,3.59,2.409,0.585,0.988,23.0,869,869,23_29,23_25,4805.864,67.31052,17.008,0.0152,402.9142,38.0,48.0,1143.0,1746.0,1143.2161,1746.4011,1143.2161,1746.4011,192.52069847733276,27.44627433184193,1.554,1.388,63.87,0.02898,0.02506,71.69,1143.2161,1746.4011,192.52069847733276,27.44627433184193,0.89979044218,0.90941145763,0.89979044218,0.90941145763,0.978,0.923,47.62,0.9784436,0.9229573,47.62,22.8803,0.0,3.0,1.12,0.107,0.982,23.0,,,1.0611279376210376
21064,21064,23_602,23_382,45622.27,86.66671,14.5645,0.0021,2.717029,70.0,70.0,1124.0,1713.0,1124.3425,1712.996,1124.3425,1712.996,192.52637647337264,27.455816251879643,0.901,0.862,23.8,0.00174,0.00166,22.39,1124.3425,1712.996,192.52637647337264,27.455816251879643,0.33482696765,0.28334950557,0.33482696765,0.28334950557,0.579,0.531,7.6,0.5794478,0.5314289,7.6,27.2796,0.0,1.56,1.045,0.043,1.0,23.0,877,877,23_37,23_17,41888.57,122.7366,14.6572,0.0032,403.1652,103.0,106.0,1124.0,1713.0,1124.4539,1713.3773,1124.4539,1713.3773,192.52634464554296,27.455708156204555,1.796,1.659,62.24,0.00744,0.00709,57.96,1124.4539,1713.3773,192.52634464554296,27.455708156204555,0.93697398492,0.95866928489,0.93697398492,0.95866928489,0.997,0.95,51.83,0.9968721,0.9496785,51.83,22.8916,0.0,3.06,1.083,0.076,0.985,23.0,,,0.3972400407814002
21129,21129,23_667,23_334,1210.152,16.178,18.5053,0.0145,2.715941,148.0,148.0,1286.0,1676.0,1285.7184,1676.9374,1285.7184,1676.9374,192.47487014076663,27.46467613820997,3.075,1.816,-57.1,0.04827,0.02553,-56.61,1285.7184,1676.9374,192.47487014076663,27.46467613820997,1.518483268,1.4626480332,1.518483268,1.4626480332,1.234,1.208,14.62,1.233921,1.207713,14.62,27.5001,1.0,5.34,1.693,0.409,0.029,23.0,880,880,23_40,23_14,582.744,35.48643,19.2987,0.0661,400.7855,12.0,15.0,1286.0,1676.0,1286.2215,1676.1566,1286.2215,1676.1566,192.47470334586288,27.464891665663608,1.122,0.935,39.06,0.08472,0.07038,44.75,1286.2215,1676.1566,192.47470334586288,27.464891665663608,1.167500871,1.0790014829,1.167500871,1.0790014829,1.092,1.027,24.82,1.091601,1.027088,24.82,22.8086,0.0,4.69,1.2,0.166,0.309,23.0,,,0.9288478077705362
21133,21133,23_671,23_332,9102.266,40.09548,16.3145,0.0048,2.593009,261.0,261.0,1390.0,1664.0,1390.394,1663.6327,1390.394,1663.6327,192.44155278776228,27.467576679832668,2.273,1.637,39.44,0.01365,0.00925,42.11,1390.394,1663.6327,192.44155278776228,27.467576679832668,0.53863038607,0.52085076263,0.53863038607,0.52085076263,0.736,0.72,19.83,0.7357231,0.719856,19.83,27.0797,2.0,2.17,1.389,0.28,0.981,23.0,881,881,23_41,23_13,7225.709,75.34244,16.5652,0.0113,401.9093,50.0,56.0,1390.0,1664.0,1390.5194,1663.9714,1390.5194,1663.9714,192.44151619790983,27.467480434082493,1.655,1.463,62.72,0.02306,0.01961,63.83,1390.5194,1663.9714,192.44151619790983,27.467480434082493,1.0177273598,1.0242195834,1.0177273598,1.0242195834,1.027,0.994,47.8,1.02676,0.9938366,47.8,22.8553,0.0,3.34,1.131,0.116,0.966,23.0,,,0.3611687278819034
21185,21185,23_723,23_296,3367.254,24.6008,17.3942,0.0079,2.546099,123.0,123.0,1366.0,1662.0,1365.6433,1661.8855,1365.6433,1661.8855,192.4493849845275,27.4682674338116,1.757,1.413,-15.39,0.01596,0.01127,-17.47,1365.6433,1661.8855,192.4493849845275,27.4682674338116,0.74947233039,0.735626376,0.74947233039,0.735626376,0.87,0.853,30.29,0.8698528,0.8534956,30.29,27.0103,0.0,2.57,1.244,0.196,0.981,23.0,882,882,23_42,23_12,2361.082,54.8228,17.7796,0.0252,401.8123,32.0,33.0,1365.0,1662.0,1365.6463,1662.1744,1365.6463,1662.1744,192.4493867357964,27.46818617785541,1.407,1.3,61.4,0.04076,0.03814,60.23,1365.6463,1662.1744,192.4493867357964,27.46818617785541,0.9650332913,0.99552869709,0.9650332913,0.99552869709,1.006,0.973,58.87,1.006495,0.9734117,58.87,22.8526,0.0,3.43,1.082,0.076,0.936,23.0,,,0.28891557590411787
21306,21306,23_844,23_214,13907.56,48.1312,15.8543,0.0038,2.812129,71.0,71.0,1219.0,1611.0,1218.9653,1610.6136,1218.9653,1610.6136,192.4954252507531,27.48385697901326,1.036,1.011,42.52,0.0037,0.00362,52.2,1218.9653,1610.6136,192.4954252507531,27.48385697901326,0.39244393249,0.41277654644,0.39244393249,0.41277654644,0.645,0.624,70.13,0.644849,0.6240114,70.13,27.2262,0.0,1.85,1.025,0.025,0.999,23.0,884,884,23_44,23_10,11757.29,84.29252,16.0366,0.0078,401.4223,58.0,67.0,1219.0,1611.0,1219.0378,1610.9835,1219.0378,1610.9835,192.4954056760639,27.48375239387303,1.66,1.537,67.94,0.01646,0.01534,76.22,1219.0378,1610.9835,192.4954056760639,27.48375239387303,0.93115357324,0.94580214983,0.93115357324,0.94580214983,0.988,0.949,50.47,0.9884749,0.9486164,50.47,22.839,0.0,3.09,1.08,0.074,0.991,23.0,,,0.37693800551298184
21309,21309,23_847,23_819,2989.15,24.86944,17.5235,0.009,1.368617,156.0,156.0,1278.0,2007.0,1278.149,2006.5315,1278.149,2006.5315,192.48033107468132,27.372057020704485,3.279,1.622,-44.63,0.03394,0.01505,-44.37,1278.149,2006.5315,192.48033107468132,27.372057020704485,0.91476956433,0.8828924334,0.91476956433,0.8828924334,0.958,0.939,-13.95,0.957531,0.9385075,-13.95,25.3818,16.0,3.79,2.021,0.505,0.978,23.0,842,842,23_2,23_52,1738.804,49.26272,18.1118,0.0308,402.291,26.0,29.0,1278.0,2007.0,1277.7095,2007.3061,1277.7095,2007.3061,192.48047752388257,27.37184270032133,1.29,1.25,68.13,0.04694,0.04359,61.52,1277.7095,2007.3061,192.48047752388257,27.37184270032133,0.88501640986,0.86705852545,0.88501640986,0.86705852545,0.943,0.929,-24.3,0.9431953,0.9286859,-24.3,22.9093,0.0,3.0,1.032,0.031,0.935,23.0,,,0.890598343811565
21349,21349,23_887,23_181,674.0665,12.60091,19.1406,0.0203,2.668516,86.0,86.0,1166.0,1589.0,1165.7848,1588.7048,1165.7848,1588.7048,192.5120909278336,27.490438770474444,1.983,1.796,-30.09,0.03755,0.03405,-33.47,1165.7848,1588.7048,192.5120909278336,27.490438770474444,1.5560065702,1.5031306427,1.5560065702,1.5031306427,1.253,1.221,-23.96,1.252606,1.220702,-23.96,26.742,1.0,3.76,1.105,0.095,0.027,23.0,887,887,23_47,23_7,234.8316,24.18314,20.2855,0.1118,403.3997,7.0,7.0,1166.0,1589.0,1165.9787,1588.6886,1165.9787,1588.6886,192.51202927508365,27.4904417928695,0.736,0.678,4.12,0.09931,0.09194,0.58,1165.9787,1588.6886,192.51202927508365,27.4904417928695,0.90455180625,0.93605772693,0.90455180625,0.93605772693,0.968,0.951,81.11,0.9679087,0.9506641,81.11,22.9142,0.0,4.18,1.085,0.079,0.419,23.0,,,0.19457556372781004
21571,21571,24_1,24_596,46383.03,128.8697,14.5465,0.003,1.85796,15371.0,15371.0,1707.0,1872.0,1706.7003,1871.6069,1706.7003,1871.6069,192.34325720823065,27.40651214542424,56.968,45.656,-58.22,0.16313,0.13297,-56.16,1706.7003,1871.6069,192.34325720823065,27.40651214542424,2406.3973046,2923.4183374,2406.3973046,2923.4183374,56.968,45.656,-58.22,56.9677,45.65629,-58.22,25.6611,19.0,2.54,1.248,0.199,0.176,24.0,908,908,24_16,24_27,1659.043,48.72275,18.1628,0.0319,400.6447,21.0,27.0,1707.0,1872.0,1706.6319,1871.794,1706.6319,1871.794,192.34328068111225,27.406460106430742,1.267,1.202,-12.97,0.04674,0.04273,-9.58,1706.6319,1871.794,192.34328068111225,27.406460106430742,0.83521984363,0.82807421789,0.83521984363,0.82807421789,0.915,0.909,-26.52,0.9151989,0.9086831,-26.52,22.8551,0.0,3.06,1.054,0.051,0.926,24.0,,,0.1992108681774707
21572,21572,24_2,24_596,37978.58,115.1331,14.7636,0.0033,1.934712,12612.0,12612.0,1833.0,1745.0,1833.5522,1745.5182,1833.5522,1745.5182,192.30183643279577,27.440904055739924,58.338,31.157,38.06,0.18372,0.09986,37.83,1833.5522,1745.5182,192.30183643279577,27.440904055739924,2478.8594449,1895.2021944,2478.8594449,1895.2021944,58.338,31.157,38.06,58.33804,31.15662,38.06,25.6169,19.0,2.91,1.872,0.466,0.01,24.0,915,915,24_23,24_20,1065.309,41.73218,18.6437,0.0425,401.1179,19.0,20.0,1833.0,1745.0,1833.655,1745.6215,1833.655,1745.6215,192.30180484998272,27.440874149128565,1.136,1.115,3.59,0.05457,0.05302,-45.77,1833.655,1745.6215,192.30180484998272,27.440874149128565,0.92270119866,0.85669579849,0.92270119866,0.85669579849,0.965,0.921,19.01,0.9651921,0.9207612,19.01,22.8889,0.0,3.3,1.019,0.019,0.791,24.0,,,0.1457351364632943
21573,21573,24_3,24_596,31767.21,106.6249,14.9575,0.0036,1.856033,11008.0,11008.0,1656.0,1743.0,1655.6766,1743.3914,1655.6766,1743.3914,192.35820001149511,27.442984399224336,60.864,36.094,-45.6,0.21453,0.12906,-45.68,1655.6766,1743.3914,192.35820001149511,27.442984399224336,2478.5370377,2528.6737825,2478.5370377,2528.6737825,60.864,36.094,-45.6,60.86414,36.09386,-45.6,25.6614,19.0,2.89,1.686,0.407,0.029,24.0,916,916,24_24,24_19,1005.723,41.43218,18.7062,0.0447,401.9653,17.0,20.0,1656.0,1743.0,1655.7214,1743.6286,1655.7214,1743.6286,192.3581880795035,27.44291733712538,1.141,1.106,74.88,0.05675,0.05487,-50.14,1655.7214,1743.6286,192.3581880795035,27.44291733712538,0.81357950803,0.90407195549,0.81357950803,0.90407195549,0.966,0.886,63.69,0.9661083,0.8855994,63.69,22.8867,0.0,3.31,1.032,0.031,0.846,24.0,,,0.2413936204625234
21574,21574,24_4,24_596,18131.44,80.12653,15.5663,0.0048,1.856395,5607.0,5607.0,1905.0,1670.0,1904.9878,1670.0425,1904.9878,1670.0425,192.27845785470208,27.46152141298432,52.355,21.169,21.42,0.23975,0.09802,21.89,1904.9878,1670.0425,192.27845785470208,27.46152141298432,2435.1891686,753.95798785,2435.1891686,753.95798785,52.355,21.169,21.42,52.35465,21.16926,21.42,25.5842,19.0,2.98,2.473,0.596,0.162,24.0,920,920,24_28,24_14,1084.971,44.37928,18.6239,0.0444,401.1507,20.0,23.0,1905.0,1670.0,1905.0255,1670.3075,1905.0255,1670.3075,192.27844848719943,27.461446591523067,1.323,1.065,59.69,0.06602,0.05248,60.6,1905.0255,1670.3075,192.27844848719943,27.461446591523067,0.86362250793,0.96697426801,0.86362250793,0.96697426801,1.008,0.902,60.29,1.008403,0.9020641,60.29,22.8694,0.0,3.48,1.243,0.195,0.862,24.0,,,0.2676682461554263
21575,21575,24_5,24_596,42910.87,124.2204,14.631,0.0031,1.883733,12617.0,12617.0,1668.0,1640.0,1668.3965,1640.0423,1668.3965,1640.0423,192.3531779152303,27.471936679628257,64.893,28.522,10.0,0.18669,0.08503,9.96,1668.3965,1640.0423,192.3531779152303,27.471936679628257,6091.9616567,4459.070108,6091.9616567,4459.070108,78.227,66.57,7.34,78.22733,66.56964,7.34,25.5364,19.0,80.8,2.275,0.56,0.36,24.0,921,921,24_29,24_13,2285.326,52.79786,17.815,0.0251,403.1292,28.0,31.0,1668.0,1640.0,1668.4895,1640.2985,1668.4895,1640.2985,192.35315088133007,27.47186387740248,1.377,1.234,51.77,0.03835,0.03582,57.98,1668.4895,1640.2985,192.35315088133007,27.47186387740248,0.91389224115,0.91646399377,0.91389224115,0.91646399377,0.993,0.919,45.52,0.9932736,0.9185662,45.52,22.9032,0.0,3.09,1.116,0.104,0.959,24.0,,,0.2725572233495008
21576,21576,24_6,24_596,7629.749,50.51094,16.5061,0.0072,3.490369,1866.0,1866.0,1938.0,1606.0,1938.1497,1605.5716,1938.1497,1605.5716,192.26731489248127,27.479365533046245,18.199,13.393,15.82,0.10855,0.08053,17.77,1938.1497,1605.5716,192.26731489248127,27.479365533046245,0.61001575156,0.62429998995,0.61001575156,0.62429998995,0.8,0.771,54.01,0.8001485,0.7707646,54.01,27.3309,19.0,2.2,1.359,0.264,0.919,24.0,926,926,24_34,24_9,3905.519,62.27633,17.2332,0.0173,401.6011,37.0,42.0,1938.0,1606.0,1938.2165,1605.8342,1938.2165,1605.8342,192.26729628012512,27.47929113973669,1.489,1.362,59.81,0.02979,0.02817,58.81,1938.2165,1605.8342,192.26729628012512,27.47929113973669,0.87680984745,0.92488619125,0.87680984745,0.92488619125,0.978,0.919,57.86,0.977874,0.9194882,57.86,22.8881,0.0,3.03,1.093,0.085,0.976,24.0,,,0.27096309711844224
21588,21588,24_18,24_110,2945.803,29.00221,17.5394,0.0107,1.896379,349.0,349.0,1747.0,1534.0,1747.2915,1533.8638,1747.2915,1533.8638,192.32713963660373,27.50113258171544,5.785,4.594,29.12,0.06449,0.04854,31.45,1747.2915,1533.8638,192.32713963660373,27.50113258171544,15.778545012,13.315347781,15.778545012,13.315347781,4.006,3.612,-17.39,4.005808,3.612118,-17.39,25.2803,19.0,5.38,1.259,0.206,0.031,24.0,930,930,24_38,24_5,1197.656,51.57853,18.5166,0.0468,404.66,29.0,33.0,1747.0,1534.0,1747.4005,1533.9594,1747.4005,1533.9594,192.3271059896996,27.501104794293763,1.931,1.168,-21.14,0.09643,0.05673,-20.08,1747.4005,1533.9594,192.3271059896996,27.501104794293763,2.7775780512,2.0942137619,2.7775780512,2.0942137619,1.714,1.391,-23.49,1.713668,1.391091,-23.49,22.9596,1.0,8.85,1.654,0.395,0.0,24.0,,,0.14498399911700519
21644,21644,24_74,24_12,558.8857,12.40283,19.3441,0.0241,1.82652,49.0,49.0,1516.0,1511.0,1515.8017,1511.1801,1515.8017,1511.1801,192.40034383655407,27.509422643679425,1.739,1.34,17.33,0.03783,0.02909,17.75,1515.8017,1511.1801,192.40034383655407,27.509422643679425,1.4422772919,1.1273769332,1.4422772919,1.1273769332,1.207,1.054,12.29,1.207461,1.054368,12.29,25.1303,16.0,3.88,1.298,0.23,0.923,24.0,625,625,17_36,17_39,290.2987,27.07759,20.0553,0.1013,402.8981,7.0,9.0,1516.0,1510.0,1515.3804,1509.9094,1515.3804,1509.9094,192.4004654414986,27.50978335330967,0.936,0.679,19.21,0.10804,0.07765,20.27,1515.3804,1509.9094,192.4004654414986,27.50978335330967,1.2441882044,0.87537744309,1.2441882044,0.87537744309,1.127,0.921,14.61,1.127427,0.9211259,14.61,22.8914,16.0,4.33,1.379,0.275,0.497,17.0,,,1.3387203516791932
21659,21659,24_89,24_570,5268.148,30.2714,16.9083,0.0062,2.483164,72.0,72.0,1987.0,1988.0,1987.3172,1987.8573,1987.3172,1987.8573,192.2554760864598,27.371469908733157,1.218,1.141,33.27,0.00755,0.00693,37.74,1987.3172,1987.8573,192.2554760864598,27.371469908733157,0.54094376188,0.52933418106,0.54094376188,0.52933418106,0.742,0.721,33.62,0.7417201,0.7211999,33.62,26.3774,2.0,2.12,1.067,0.063,0.985,24.0,897,897,24_5,24_38,3829.543,65.02187,17.2545,0.0184,401.7157,29.0,37.0,1987.0,1988.0,1987.383,1988.0761,1987.383,1988.0761,192.2554573885701,27.37140783238084,1.389,1.319,61.79,0.02701,0.02599,82.34,1987.383,1988.0761,192.2554573885701,27.37140783238084,0.83329730759,0.86215190273,0.83329730759,0.86215190273,0.943,0.898,55.24,0.9428424,0.898052,55.24,22.768,0.0,2.98,1.053,0.051,0.981,24.0,,,0.22847993347349987
21672,21672,24_102,24_560,1399.718,17.94649,18.3473,0.0139,1.568262,120.0,120.0,2010.0,1935.0,2009.8267,1935.4699,2009.8267,1935.4699,192.24783106134288,27.386007154312296,2.686,1.857,-58.18,0.04178,0.02688,-57.85,2009.8267,1935.4699,192.24783106134288,27.386007154312296,1.2374704696,1.3157438315,1.2374704696,1.3157438315,1.157,1.102,64.82,1.156701,1.102387,64.82,25.3923,19.0,3.3,1.447,0.309,0.832,24.0,903,903,24_11,24_32,574.0275,36.39643,19.3151,0.0689,400.9778,13.0,14.0,2010.0,1935.0,2009.7584,1935.4612,2009.7584,1935.4612,192.2478526138963,27.38601018251482,1.002,0.935,72.89,0.07046,0.06885,88.86,2009.7584,1935.4612,192.2478526138963,27.38601018251482,0.9005829957,1.0214979714,0.9005829957,1.0214979714,1.027,0.932,65.25,1.026714,0.9316329,65.25,22.8155,0.0,3.6,1.071,0.066,0.555,24.0,,,0.06885186998201356
21674,21674,24_104,24_558,689.0897,15.82271,19.1167,0.0249,3.582736,134.0,134.0,1540.0,1980.0,1540.5681,1979.6407,1540.5681,1979.6407,192.3969306879368,27.377502717761956,3.481,2.041,-43.1,0.06641,0.03769,-44.14,1540.5681,1979.6407,192.3969306879368,27.377502717761956,1.8712371001,2.0579130678,1.8712371001,2.0579130678,1.454,1.347,-64.12,1.45443,1.346767,-64.12,26.5948,1.0,5.35,1.705,0.414,0.02,24.0,899,899,24_7,24_36,165.1096,21.72054,20.668,0.1429,401.9178,5.0,6.0,1540.0,1979.0,1539.5211,1979.9613,1539.5211,1979.9613,192.39726546255156,27.377421115464344,0.814,0.499,-88.52,0.12395,0.07589,-89.82,1539.5211,1979.9613,192.39726546255156,27.377421115464344,1.0275166628,1.3781003957,1.0275166628,1.3781003957,1.177,1.01,-81.46,1.177363,1.00967,-81.46,22.9286,0.0,3.76,1.631,0.387,0.454,24.0,,,1.094985552416132
21818,21818,24_248,24_457,208860.3,185.2335,12.9128,0.001,3.711428,67.0,67.0,1530.0,1918.0,1530.0772,1918.3831,1530.0772,1918.3831,192.3996743830321,27.394812983367984,0.841,0.824,66.32,7.5E-4,7.3E-4,67.4,1530.0772,1918.3831,192.3996743830321,27.394812983367984,0.2587493956,0.30367229691,0.2587493956,0.30367229691,0.551,0.508,85.64,0.5513034,0.5084155,85.64,26.7251,4.0,1.63,1.021,0.021,1.0,24.0,905,905,24_13,24_30,203856.4,219.0752,12.9391,0.0012,401.5666,182.0,197.0,1530.0,1918.0,1530.1885,1918.7696,1530.1885,1918.7696,192.3996427746236,27.394703398363788,1.948,1.783,66.49,0.00307,0.00282,64.62,1530.1885,1918.7696,192.3996427746236,27.394703398363788,0.98897801284,1.0215592494,0.98897801284,1.0215592494,1.023,0.982,56.58,1.023077,0.9817594,56.58,22.9116,0.0,3.27,1.092,0.085,0.985,24.0,,,0.40220634007939227
21828,21828,24_258,24_450,7144.737,35.56689,16.5774,0.0054,1.792137,81.0,81.0,1520.0,1910.0,1519.8798,1910.1999,1519.8798,1910.1999,192.4028283920818,27.39719711447247,1.247,1.155,-4.28,0.00667,0.006,-4.67,1519.8798,1910.1999,192.4028283920818,27.39719711447247,0.53154355151,0.51662029438,0.53154355151,0.51662029438,0.73,0.718,18.2,0.7303094,0.717504,18.2,25.1808,0.0,2.03,1.079,0.073,0.981,24.0,906,906,24_14,24_29,5604.704,70.10468,16.841,0.0136,401.7085,49.0,54.0,1520.0,1910.0,1520.0273,1910.5534,1520.0273,1910.5534,192.402784995852,27.39709651415888,1.597,1.496,59.56,0.02708,0.02536,63.31,1520.0273,1910.5534,192.402784995852,27.39709651415888,0.96169551802,0.96665012264,0.96169551802,0.96665012264,0.997,0.966,47.35,0.9971978,0.9664068,47.35,22.9097,1.0,3.06,1.068,0.063,0.972,24.0,,,0.38303850981326704
21864,21864,24_294,24_419,83224.15,117.0131,13.9118,0.0015,1.714931,64.0,64.0,2011.0,1880.0,2010.6697,1879.8753,2010.6697,1879.8753,192.24701778046744,27.401630325723712,0.87,0.791,65.85,0.00123,0.00112,66.36,2010.6697,1879.8753,192.24701778046744,27.401630325723712,0.29169200922,0.27561135009,0.29169200922,0.27561135009,0.546,0.518,28.79,0.5464907,0.5183159,28.79,25.3971,0.0,1.54,1.1,0.091,1.0,24.0,907,907,24_15,24_28,78510.36,154.4318,13.9751,0.0021,400.6595,130.0,138.0,2011.0,1880.0,2010.7698,1880.2595,2010.7698,1880.2595,192.24698983880808,27.40152145528457,1.878,1.667,69.26,0.00528,0.00495,68.0,2010.7698,1880.2595,192.24698983880808,27.40152145528457,0.86918592856,0.96672711052,0.86918592856,0.96672711052,0.998,0.916,64.11,0.9983866,0.9160444,64.11,22.8716,24.0,3.1,1.126,0.112,0.984,24.0,,,0.39702600670484406
21894,21894,24_324,24_394,45928.79,87.02882,14.5572,0.0021,3.329206,65.0,65.0,1971.0,1848.0,1970.9576,1847.8963,1970.9576,1847.8963,192.25928731479863,27.410959271788467,0.889,0.827,66.01,0.00171,0.00159,66.37,1970.9576,1847.8963,192.25928731479863,27.410959271788467,0.25822853859,0.28185104343,0.25822853859,0.28185104343,0.533,0.506,73.58,0.5330067,0.5059481,73.58,27.0466,0.0,1.5,1.075,0.07,1.0,24.0,910,910,24_18,24_25,42302.92,124.5346,14.6465,0.0032,400.3291,102.0,111.0,1971.0,1848.0,1971.0633,1848.2868,1971.0633,1848.2868,192.2592576466222,27.41084858503836,1.828,1.629,66.23,0.00784,0.0071,62.31,1971.0633,1848.2868,192.2592576466222,27.41084858503836,0.87153579035,0.94839653065,0.87153579035,0.94839653065,0.988,0.919,62.84,0.9878492,0.9187417,62.84,22.8749,0.0,3.05,1.122,0.109,0.994,24.0,,,0.40455251822228827
21945,21945,24_375,24_363,51925.75,92.52368,14.4239,0.0019,3.519108,72.0,72.0,1560.0,1789.0,1559.5281,1788.6776,1559.5281,1788.6776,192.3891099904341,27.431042465736365,0.91,0.873,32.56,0.00165,0.00158,32.5,1559.5281,1788.6776,192.3891099904341,27.431042465736365,0.34294553291,0.32292102681,0.34294553291,0.32292102681,0.589,0.565,22.07,0.5889713,0.5647827,22.07,27.7064,0.0,1.71,1.042,0.041,0.983,24.0,913,913,24_21,24_22,47962.37,128.2863,14.5102,0.0029,402.3626,105.0,114.0,1560.0,1789.0,1559.6415,1789.0514,1559.6415,1789.0514,192.38907759471564,27.430936434985675,1.827,1.675,61.32,0.00706,0.00655,64.96,1559.6415,1789.0514,192.38907759471564,27.430936434985675,0.95389796896,0.97611594466,0.95389796896,0.97611594466,1.005,0.959,52.06,1.005244,0.9589043,52.06,22.9403,0.0,3.15,1.091,0.083,0.983,24.0,,,0.39062257999256167
22020,22020,24_450,24_308,4553.389,28.54343,17.0666,0.0068,3.265829,116.0,116.0,1656.0,1724.0,1655.9769,1723.6899,1655.9769,1723.6899,192.3579162978332,27.44852123100228,1.659,1.308,-21.2,0.0133,0.00887,-21.2,1655.9769,1723.6899,192.3579162978332,27.44852123100228,0.61656509617,0.62600199683,0.61656509617,0.62600199683,0.797,0.779,54.4,0.7974501,0.7788712,54.4,26.9601,0.0,2.38,1.269,0.212,0.984,24.0,917,917,24_25,24_18,3316.854,59.76746,17.4106,0.0196,401.6557,34.0,39.0,1656.0,1724.0,1656.1621,1723.9245,1656.1621,1723.9245,192.3578598315128,27.448453739422824,1.465,1.345,66.94,0.03367,0.03081,67.04,1656.1621,1723.9245,192.3578598315128,27.448453739422824,0.90245297116,0.93815765365,0.90245297116,0.93815765365,0.98,0.938,58.22,0.980005,0.9381902,58.22,22.8595,0.0,3.07,1.09,0.082,0.973,24.0,,,0.2988916191532402
22069,22069,24_499,24_272,4114.562,26.97107,17.1766,0.0071,3.331067,81.0,81.0,1967.0,1693.0,1966.6917,1692.7332,1966.6917,1692.7332,192.25911932466173,27.454618599539025,1.315,1.233,64.1,0.0093,0.00879,63.23,1966.6917,1692.7332,192.25911932466173,27.454618599539025,0.57601452135,0.6016961414,0.57601452135,0.6016961414,0.783,0.751,60.77,0.7832045,0.7512,60.77,27.0915,0.0,2.3,1.066,0.062,0.984,24.0,918,918,24_26,24_16,2997.784,58.28922,17.5204,0.0211,401.3023,33.0,38.0,1967.0,1693.0,1966.7933,1693.0106,1966.7933,1693.0106,192.2590898357567,27.45453974731046,1.45,1.317,66.91,0.0354,0.03354,66.68,1966.7933,1693.0106,192.2590898357567,27.45453974731046,0.80252219378,0.90068346803,0.80252219378,0.90068346803,0.96,0.884,67.53,0.9596589,0.8844548,67.53,22.9184,0.0,2.99,1.101,0.092,0.971,24.0,,,0.2954205815444939
22192,22192,24_622,24_178,3822.07,29.21781,17.2567,0.0083,3.536372,270.0,270.0,1770.0,1583.0,1769.8631,1582.4858,1769.8631,1582.4858,192.32045069268705,27.487274171057905,3.979,2.342,64.83,0.03284,0.01976,63.55,1769.8631,1582.4858,192.32045069268705,27.487274171057905,1.5926108553,1.5558713144,1.5926108553,1.5558713144,1.285,1.224,38.09,1.284961,1.223665,38.09,26.692,1.0,4.65,1.699,0.411,0.031,24.0,927,927,24_35,24_8,2340.684,62.04641,17.789,0.0288,402.6818,38.0,45.0,1770.0,1583.0,1769.8265,1583.5831,1769.8265,1583.5831,192.3204728908246,27.48696597696317,1.742,1.504,54.61,0.05683,0.04674,58.48,1769.8265,1583.5831,192.3204728908246,27.48696597696317,1.8822866353,1.8859161278,1.8822866353,1.8859161278,1.414,1.33,45.45,1.414298,1.329648,45.45,22.8831,0.0,4.48,1.159,0.137,0.074,24.0,,,1.0979102194625476
22280,22280,24_710,24_113,20089.69,57.86084,15.455,0.0031,3.285251,70.0,70.0,1576.0,1557.0,1575.9909,1557.2696,1575.9909,1557.2696,192.3816908263456,27.495971002305318,1.01,0.966,45.23,0.00299,0.00286,44.49,1575.9909,1557.2696,192.3816908263456,27.495971002305318,0.38345376444,0.39272838411,0.38345376444,0.39272838411,0.632,0.613,56.43,0.6324769,0.6133149,56.43,26.7885,0.0,1.74,1.045,0.043,0.985,24.0,929,929,24_37,24_6,17499.69,94.41006,15.6048,0.0059,403.0665,72.0,78.0,1576.0,1557.0,1576.0834,1557.6279,1576.0834,1557.6279,192.3816648977499,27.4958695040568,1.741,1.562,65.07,0.01324,0.01157,68.7,1576.0834,1557.6279,192.3816648977499,27.4958695040568,0.95922178672,0.99238631942,0.95922178672,0.99238631942,1.013,0.962,54.52,1.01323,0.9617547,54.52,22.8658,0.0,3.18,1.114,0.103,0.983,24.0,,,0.37004748343949484
22283,22283,24_713,24_110,61148.5,100.2051,14.2464,0.0018,3.708134,18.0,18.0,1757.0,1557.0,1757.0525,1556.8842,1757.0525,1556.8842,192.32426605350497,27.49457901244609,0.492,0.41,88.85,8.1E-4,6.7E-4,88.84,1757.0525,1556.8842,192.32426605350497,27.49457901244609,0.093949939126,0.098989520977,0.093949939126,0.098989520977,0.315,0.307,89.84,0.3146261,0.3065125,89.84,26.7688,3.0,0.0,1.2,0.167,0.972,24.0,893,893,24_1,24_11,64900.32,181.4885,14.1818,0.003,403.1349,231.0,294.0,1757.0,1557.0,1757.2357,1556.95,1757.2357,1556.95,192.32420859152,27.49455898237269,9.931,0.9,89.28,0.04879,0.00332,89.35,1757.2357,1556.95,192.32420859152,27.49455898237269,0.12927958198,0.13343333909,0.12927958198,0.13343333909,0.366,0.359,75.62,0.3656853,0.3591478,75.62,22.9028,19.0,17.93,11.034,0.909,1.0,24.0,,,0.1946583674029699
22380,22380,24_810,24_597,7462.234,39.31963,16.5302,0.0057,1.8204,387.0,387.0,1789.0,1977.0,1789.3577,1977.3119,1789.3577,1977.3119,192.31808526946384,27.37610320151732,3.844,3.06,-68.26,0.02649,0.02004,-74.38,1789.3577,1977.3119,192.31808526946384,27.37610320151732,0.60629425396,0.62532170586,0.60629425396,0.62532170586,0.795,0.774,62.98,0.794992,0.7743409,62.98,25.3973,3.0,2.2,1.256,0.204,0.97,24.0,898,898,24_6,24_37,4821.126,68.34437,17.0045,0.0154,401.1565,40.0,47.0,1789.0,1977.0,1789.4472,1977.6178,1789.4472,1977.6178,192.31805987119148,27.376016444438346,1.567,1.399,75.75,0.02832,0.02519,75.86,1789.4472,1977.6178,192.31805987119148,27.376016444438346,0.92920983389,1.0057336507,0.92920983389,1.0057336507,1.009,0.958,69.71,1.008885,0.9576509,69.71,22.8483,0.0,3.05,1.12,0.107,0.98,24.0,,,0.31872411267434353
22381,22381,24_811,24_597,16686.22,74.67622,15.6565,0.0049,1.733752,4337.0,4337.0,1847.0,1944.0,1847.6724,1943.9435,1847.6724,1943.9435,192.2992869948423,27.384996827828424,46.183,14.847,-37.14,0.22441,0.0727,-37.54,1847.6724,1943.9435,192.2992869948423,27.384996827828424,2127.8954383,1414.2569557,2127.8954383,1414.2569557,46.735,36.852,-15.12,46.7345,36.85158,-15.12,25.587,19.0,75.09,3.111,0.679,0.001,24.0,902,902,24_10,24_33,1703.366,66.38936,18.1341,0.0423,402.0178,45.0,51.0,1847.0,1943.0,1847.6062,1943.2072,1847.6062,1943.2072,192.2993008216999,27.385204403879545,3.026,1.338,-68.35,0.12871,0.05644,-68.61,1847.6062,1943.2072,192.2993008216999,27.385204403879545,8.5616079348,12.088905201,8.5616079348,12.088905201,3.605,2.766,-65.64,3.605335,2.766239,-65.64,22.9038,0.0,12.06,2.262,0.558,0.0,24.0,,,0.7392699980386321
22385,22385,24_815,24_596,30783.39,102.0844,14.9916,0.0036,1.840936,10025.0,10025.0,1817.0,1846.0,1816.6588,1845.5265,1816.6588,1845.5265,192.3081598188276,27.412928027219824,55.403,25.942,3.75,0.19782,0.09387,3.26,1816.6588,1845.5265,192.3081598188276,27.412928027219824,3059.2283638,683.19472241,3059.2283638,683.19472241,55.403,25.942,3.75,55.40266,25.94164,3.75,25.6249,19.0,2.57,2.136,0.532,0.175,24.0,911,911,24_19,24_24,1982.872,52.385,17.9692,0.0287,401.2484,26.0,31.0,1816.0,1845.0,1816.7446,1845.7874,1816.7446,1845.7874,192.30813515557367,27.41285395379553,1.403,1.229,59.35,0.04662,0.03948,67.49,1816.7446,1845.7874,192.30813515557367,27.41285395379553,0.93414848433,0.9170046989,0.93414848433,0.9170046989,0.996,0.927,41.29,0.9959985,0.9268982,41.29,22.8933,0.0,3.38,1.142,0.124,0.93,24.0,,,0.274646044937856
22389,22389,24_819,24_596,6433.812,45.93272,16.6912,0.0078,3.4334,1810.0,1810.0,1910.0,1689.0,1909.9923,1688.6158,1909.9923,1688.6158,192.27705252433128,27.45625732933597,17.188,15.383,-74.42,0.11343,0.10274,-71.91,1909.9923,1688.6158,192.27705252433128,27.45625732933597,0.148722253,0.16806305316,0.148722253,0.16806305316,0.41,0.386,88.71,0.4099668,0.3856326,88.71,27.7757,3.0,2.25,1.117,0.105,0.336,24.0,919,919,24_27,24_15,3131.226,60.83601,17.4731,0.0211,401.4666,31.0,41.0,1910.0,1689.0,1910.0995,1688.9129,1910.0995,1688.9129,192.27702143983848,27.45617289460724,1.48,1.276,58.41,0.03606,0.03141,54.81,1910.0995,1688.9129,192.27702143983848,27.45617289460724,0.837432701,0.90102786014,0.837432701,0.90102786014,0.97,0.893,58.19,0.9699351,0.893133,58.19,22.8972,0.0,3.09,1.16,0.138,0.975,24.0,,,0.3158484604997022
22390,22390,24_820,24_631,3813.442,26.44953,17.2591,0.0075,1.190576,95.0,95.0,1973.0,2009.0,1973.03,2008.5484,1973.03,2008.5484,192.26020461734632,27.36577386129892,1.576,1.268,64.78,0.0133,0.00959,68.3,1973.03,2008.5484,192.26020461734632,27.36577386129892,0.64250826047,0.64225716525,0.64250826047,0.64225716525,0.82,0.783,44.88,0.8197907,0.7827572,44.88,25.3905,16.0,2.39,1.243,0.196,0.998,24.0,924,924,24_32,24_40,2516.509,58.54539,17.7104,0.0253,401.7627,26.0,31.0,1973.0,2009.0,1973.1604,2008.8994,1973.1604,2008.8994,192.2601667503984,27.36567406766208,1.372,1.218,67.59,0.03638,0.03199,79.79,1973.1604,2008.8994,192.2601667503984,27.36567406766208,0.82479153524,0.8521387436,0.82479153524,0.8521387436,0.949,0.881,51.38,0.9488881,0.8812159,51.38,22.7632,16.0,3.13,1.127,0.112,0.976,24.0,,,0.3744397948937605
22428,22428,25_2,25_465,20523.41,96.61823,15.4318,0.0051,3.014153,12144.0,12144.0,2271.0,1763.0,2270.7865,1762.7126,2270.7865,1762.7126,192.1634315174761,27.43232329177062,76.186,39.771,-46.92,0.24697,0.12973,-46.59,2270.7865,1762.7126,192.1634315174761,27.43232329177062,41.53683141,38.005428547,41.53683141,38.005428547,6.543,6.06,-27.26,6.54315,6.060482,-27.26,27.8942,19.0,2.08,1.916,0.478,0.815,25.0,963,963,25_30,25_16,4975.493,65.81339,16.9703,0.0144,399.4931,41.0,46.0,2271.0,1763.0,2270.8545,1763.0532,2270.8545,1763.0532,192.16341337877628,27.432226947652293,1.541,1.379,70.83,0.02697,0.02317,73.41,2270.8545,1763.0532,192.16341337877628,27.432226947652293,0.87487238014,0.91411153272,0.87487238014,0.91411153272,0.969,0.922,58.36,0.9685761,0.9224122,58.36,22.9103,0.0,3.05,1.117,0.105,0.981,25.0,,,0.34732169526242296
22429,22429,25_3,25_465,18239.8,77.75217,15.5599,0.0046,1.448547,6878.0,6878.0,2113.0,1674.0,2113.1051,1674.0099,2113.1051,1674.0099,192.21252393337053,27.4586283363508,68.674,35.965,-5.35,0.32243,0.1716,-4.38,2113.1051,1674.0099,192.21252393337053,27.4586283363508,4686.4051987,1323.2066371,4686.4051987,1323.2066371,68.674,35.965,-5.35,68.6743,35.96459,-5.35,25.7529,19.0,4.18,1.909,0.476,0.005,25.0,968,968,25_35,25_11,938.4791,45.13673,18.7813,0.0522,399.6552,21.0,25.0,2113.0,1674.0,2113.2075,1674.1725,2113.2075,1674.1725,192.2124930843139,27.45858174217669,1.528,1.113,67.64,0.08702,0.06336,66.35,2113.2075,1674.1725,192.2124930843139,27.45858174217669,1.7996563914,2.3556896168,1.7996563914,2.3556896168,1.555,1.318,72.32,1.555179,1.317863,72.32,22.8887,0.0,5.59,1.372,0.271,0.08,25.0,,,0.1921575395343971
22432,22432,25_6,25_318,2551.69,31.37697,17.6953,0.0134,2.882186,1025.0,1025.0,2229.0,1619.0,2229.3667,1618.9439,2229.3667,1618.9439,192.17512203818416,27.47310080859075,25.978,8.009,37.42,0.25948,0.07816,37.36,2229.3667,1618.9439,192.17512203818416,27.47310080859075,0.091779190683,0.081206656002,0.091779190683,0.081206656002,0.303,0.285,1.46,0.3029622,0.2849557,1.46,27.2253,19.0,3.02,3.244,0.692,0.027,25.0,972,972,25_39,25_7,570.9163,34.51505,19.321,0.0657,399.9814,13.0,14.0,2229.0,1619.0,2229.4741,1618.9848,2229.4741,1618.9848,192.1750884000156,27.473088374980957,1.038,0.896,40.26,0.07457,0.0655,47.95,2229.4741,1618.9848,192.1750884000156,27.473088374980957,0.83905565591,0.7756025578,0.83905565591,0.7756025578,0.937,0.859,31.58,0.9368083,0.8585151,31.58,22.8996,0.0,2.86,1.158,0.136,0.506,25.0,,,0.11492419240512122
22468,22468,25_42,25_38,6508.09,35.66016,16.6788,0.006,1.135622,245.0,245.0,2050.0,1519.0,2049.8175,1519.0579,2049.8175,1519.0579,192.2310579649114,27.502733624150935,3.087,2.146,36.44,0.02037,0.01271,31.23,2049.8175,1519.0579,192.2310579649114,27.502733624150935,1.4793739747,1.7863423898,1.4793739747,1.7863423898,1.35,1.201,71.96,1.350098,1.201229,71.96,25.3765,16.0,4.01,1.438,0.305,0.45,25.0,934,934,25_1,25_3,4910.488,80.8895,16.9846,0.0179,401.4084,65.0,73.0,2050.0,1519.0,2049.6652,1519.3711,2049.6652,1519.3711,192.2311093472212,27.5026468839445,2.232,1.755,71.91,0.04445,0.0352,69.88,2049.6652,1519.3711,192.2311093472212,27.5026468839445,2.0511473282,2.473788653,2.0511473282,2.473788653,1.59,1.413,71.45,1.589775,1.413347,71.45,22.8747,16.0,5.27,1.272,0.214,0.012,25.0,,,0.3482664640761323
22482,22482,25_56,25_22,9995.293,41.1955,16.2129,0.0045,1.425236,69.0,69.0,2189.0,1517.0,2188.8496,1517.2325,2188.8496,1517.2325,192.18695353239656,27.5020459629479,1.089,1.056,67.6,0.00468,0.00453,73.97,2188.8496,1517.2325,192.18695353239656,27.5020459629479,0.44577250181,0.45027568959,0.44577250181,0.45027568959,0.676,0.662,52.1,0.6761691,0.6624527,52.1,25.349,0.0,1.88,1.031,0.03,0.981,25.0,935,935,25_2,25_2,7966.197,72.50771,16.4593,0.0099,399.8785,48.0,52.0,2189.0,1517.0,2188.8989,1517.5672,2188.8989,1517.5672,192.18694123333185,27.50195144603826,1.593,1.42,83.77,0.01979,0.01651,-87.39,2188.8989,1517.5672,192.18694123333185,27.50195144603826,0.90259884095,0.94628109176,0.90259884095,0.94628109176,0.983,0.94,60.89,0.9828125,0.9396593,60.89,22.8949,0.0,3.03,1.122,0.109,0.981,25.0,,,0.33831136546077695
22530,22530,25_104,25_749,2533.407,28.71074,17.7031,0.0123,2.895328,636.0,636.0,2436.0,1967.0,2436.2707,1966.7922,2436.2707,1966.7922,192.1130581848915,27.37349713195737,11.487,5.689,74.56,0.11734,0.05832,73.6,2436.2707,1966.7922,192.1130581848915,27.37349713195737,1.6913375816,1.6173096268,1.6913375816,1.6173096268,1.32,1.252,32.53,1.319881,1.251623,32.53,26.9025,19.0,3.18,2.019,0.505,0.029,25.0,939,939,25_6,25_41,969.6469,41.72448,18.7459,0.0467,398.3331,20.0,21.0,2436.0,1967.0,2436.2075,1966.9832,2436.2075,1966.9832,192.11308013695756,27.373443996992552,1.259,1.082,55.87,0.06725,0.05654,54.18,2436.2075,1966.9832,192.11308013695756,27.373443996992552,1.217780232,1.2724645972,1.217780232,1.2724645972,1.155,1.076,54.01,1.154765,1.075529,54.01,22.878,0.0,3.87,1.164,0.141,0.415,25.0,,,0.20118459185517037
22554,22554,25_128,25_732,1643.343,25.06513,18.1731,0.0166,2.944939,575.0,575.0,2295.0,1938.0,2294.7779,1937.4317,2294.7779,1937.4317,192.15758089517425,27.38299556679327,12.397,5.198,23.26,0.15293,0.06475,22.73,2294.7779,1937.4317,192.15758089517425,27.38299556679327,1.5524451138,1.5181850714,1.5524451138,1.5181850714,1.265,1.213,37.21,1.264554,1.213067,37.21,26.9183,3.0,3.68,2.385,0.581,0.021,25.0,942,942,25_9,25_38,424.7053,32.84386,19.6422,0.084,399.4024,11.0,13.0,2295.0,1938.0,2294.6157,1937.6212,2294.6157,1937.6212,192.1576341758419,27.382943710623667,1.036,0.856,47.96,0.09283,0.07896,45.19,2294.6157,1937.6212,192.1576341758419,27.382943710623667,1.1969600107,1.2504621791,1.1969600107,1.2504621791,1.166,1.043,50.64,1.166402,1.042558,50.64,22.8935,0.0,3.69,1.211,0.174,0.361,25.0,,,0.24943754729400855
22555,22555,25_129,25_732,3870.469,36.04204,17.243,0.0101,1.542236,1095.0,1095.0,2305.0,1923.0,2305.3469,1922.4491,2305.3469,1922.4491,192.1540825825188,27.387115168426558,36.148,14.69,38.32,0.34253,0.15147,38.69,2305.3469,1922.4491,192.1540825825188,27.387115168426558,887.25403638,635.21025928,887.25403638,635.21025928,36.148,14.69,38.32,36.14783,14.69009,38.32,25.6083,19.0,138.34,2.461,0.594,0.001,25.0,944,944,25_11,25_36,211.6862,24.00272,20.3982,0.1231,398.7701,7.0,7.0,2305.0,1923.0,2304.999,1922.7273,2304.999,1922.7273,192.15419558267985,27.387040003065568,0.733,0.696,6.15,0.10184,0.09442,0.2,2304.999,1922.7273,192.15419558267985,27.387040003065568,1.2328933273,1.552511075,1.2328933273,1.552511075,1.266,1.088,69.81,1.265896,1.087618,69.81,22.8659,0.0,4.23,1.054,0.051,0.059,25.0,,,0.44545443089066755
22556,22556,25_130,25_732,3575.879,42.18746,17.3289,0.0128,2.937743,2047.0,2047.0,2334.0,1907.0,2333.9628,1907.4358,2333.9628,1907.4358,192.1448666563843,27.3910850530849,42.843,19.812,7.66,0.33243,0.15121,5.96,2333.9628,1907.4358,192.1448666563843,27.3910850530849,1309.5151093,1126.9078062,1309.5151093,1126.9078062,36.292,33.456,11.28,36.29169,33.45648,11.28,27.2032,19.0,90.2,2.162,0.538,0.0,25.0,946,946,25_13,25_34,214.8152,22.2099,20.3822,0.1123,398.3609,6.0,6.0,2334.0,1907.0,2333.9666,1907.4877,2333.9666,1907.4877,192.1448659744665,27.391070429332583,0.79,0.5,0.38,0.10379,0.06364,0.07,2333.9666,1907.4877,192.1448659744665,27.391070429332583,0.89550734046,0.83432265045,0.89550734046,0.83432265045,0.947,0.913,4.63,0.9465259,0.9131916,4.63,22.8585,0.0,2.71,1.581,0.367,0.485,25.0,,,0.052038927736801945
22557,22557,25_131,25_732,1704.186,25.3595,18.1336,0.0162,2.961344,653.0,653.0,2262.0,1881.0,2261.6967,1881.1342,2261.6967,1881.1342,192.16749695256,27.39911131505766,13.567,5.902,83.65,0.16411,0.07198,83.19,2261.6967,1881.1342,192.16749695256,27.39911131505766,0.35177183733,0.36915409345,0.35177183733,0.36915409345,0.61,0.591,70.35,0.6096682,0.5909574,70.35,27.3372,3.0,4.01,2.299,0.565,0.018,25.0,949,949,25_16,25_31,380.3765,30.36611,19.7619,0.0867,399.5654,11.0,11.0,2262.0,1882.0,2261.8877,1881.5962,2261.8877,1881.5962,192.167441062919,27.398979767644025,1.05,0.741,74.76,0.09909,0.06989,74.88,2261.8877,1881.5962,192.167441062919,27.398979767644025,1.2356560936,1.5161305734,1.2356560936,1.5161305734,1.255,1.085,67.55,1.254553,1.085303,67.55,22.8993,0.0,5.25,1.417,0.294,0.23,25.0,,,0.4999249943742447
22560,22560,25_134,25_732,1573.338,18.93902,18.2204,0.0131,2.979181,205.0,205.0,2253.0,1845.0,2252.8615,1844.8355,2252.8615,1844.8355,192.1699331516978,27.409392945573337,3.55,2.938,3.3,0.0517,0.04262,0.28,2252.8615,1844.8355,192.1699331516978,27.409392945573337,0.95282105825,0.92833001754,0.95282105825,0.92833001754,0.977,0.963,13.17,0.9768524,0.9627619,13.17,27.4613,3.0,2.85,1.208,0.172,0.053,25.0,955,955,25_22,25_24,893.7204,41.21095,18.8344,0.0501,398.7704,17.0,20.0,2253.0,1845.0,2252.887,1844.9116,2252.887,1844.9116,192.16992583312424,27.409371329474855,1.141,1.075,-61.32,0.06567,0.06048,-63.51,2252.887,1844.9116,192.16992583312424,27.409371329474855,0.760828833,0.73690481,0.760828833,0.73690481,0.872,0.858,-6.33,0.872426,0.8582578,-6.33,22.8637,0.0,3.07,1.061,0.058,0.718,25.0,,,0.08025870669285255
22589,22589,25_163,25_709,5927.533,32.76503,16.7802,0.006,2.88301,156.0,156.0,2093.0,1967.0,2093.098,1966.6368,2093.098,1966.6368,192.22175850520117,27.37653224650783,2.372,1.359,63.64,0.01705,0.00896,63.98,2093.098,1966.6368,192.22175850520117,27.37653224650783,0.54307915155,0.56864213282,0.54307915155,0.56864213282,0.765,0.725,57.71,0.7652695,0.7253163,57.71,26.8899,0.0,2.54,1.745,0.427,0.989,25.0,938,938,25_5,25_42,4332.994,63.51383,17.1204,0.0159,399.9853,35.0,41.0,2093.0,1967.0,2093.3692,1967.2365,2093.3692,1967.2365,192.2216785229559,27.376361314411707,1.527,1.287,71.33,0.02853,0.02337,76.05,2093.3692,1967.2365,192.2216785229559,27.376361314411707,0.80987089343,0.91149671688,0.80987089343,0.91149671688,0.971,0.882,64.17,0.9708676,0.8824873,64.17,22.8532,0.0,2.99,1.187,0.157,0.982,25.0,,,0.6581713530685263
22681,22681,25_255,25_641,667.7101,13.86539,19.1509,0.0226,2.838468,96.0,96.0,2041.0,1909.0,2041.029,1908.9664,2041.029,1908.9664,192.23768500373265,27.393192205691324,2.462,1.732,-77.54,0.04922,0.03274,-74.54,2041.029,1908.9664,192.23768500373265,27.393192205691324,1.3543033928,1.4822808352,1.3543033928,1.4822808352,1.246,1.134,59.38,1.245513,1.133703,59.38,26.3827,3.0,3.47,1.421,0.296,0.032,25.0,945,945,25_12,25_35,244.0524,24.7518,20.2437,0.1101,401.1779,7.0,7.0,2041.0,1909.0,2040.9898,1909.0008,2040.9898,1909.0008,192.23769776193512,27.39318286939791,0.887,0.531,44.86,0.11208,0.06484,44.99,2040.9898,1909.0008,192.23769776193512,27.39318286939791,0.67750865258,0.68122610597,0.67750865258,0.68122610597,0.906,0.733,45.38,0.9062123,0.7331534,45.38,22.8927,0.0,2.78,1.672,0.402,0.495,25.0,,,0.05215361924157724
22745,22745,25_319,25_598,1561.92,22.46551,18.2283,0.0156,2.798431,510.0,510.0,2149.0,1890.0,2148.891,1889.547,2148.891,1889.547,192.2033198387308,27.397725073476145,15.429,5.36,16.97,0.21066,0.07237,16.96,2148.891,1889.547,192.2033198387308,27.397725073476145,0.082797951724,0.092425063024,0.082797951724,0.092425063024,0.304,0.288,87.7,0.3040405,0.2877193,87.7,27.2173,3.0,2.9,2.878,0.653,0.031,25.0,947,947,25_14,25_33,596.0092,34.5827,19.2743,0.063,400.0042,12.0,14.0,2149.0,1890.0,2148.7489,1889.5289,2148.7489,1889.5289,192.2033646797078,27.397731388959635,0.969,0.934,34.03,0.06886,0.06756,85.56,2148.7489,1889.5289,192.2033646797078,27.397731388959635,0.70010630091,0.58964949751,0.70010630091,0.58964949751,0.843,0.761,15.97,0.8425913,0.7614432,15.97,22.8922,0.0,2.96,1.037,0.036,0.638,25.0,,,0.1432481064447555
22746,22746,25_320,25_598,2208.706,29.29068,17.8521,0.0144,2.857563,1068.0,1068.0,2151.0,1872.0,2151.5514,1871.6976,2151.5514,1871.6976,192.20229978558916,27.402720229277293,21.302,8.283,6.21,0.21749,0.08448,6.85,2151.5514,1871.6976,192.20229978558916,27.402720229277293,9.8437322261,8.0648688132,9.8437322261,8.0648688132,3.143,2.834,7.68,3.142716,2.834068,7.68,27.4675,3.0,29.99,2.572,0.611,0.0,25.0,951,951,25_18,25_28,208.0675,22.43143,20.4169,0.1171,400.4952,6.0,6.0,2151.0,1872.0,2151.4767,1871.9869,2151.4767,1871.9869,192.20232632488785,27.40263954167588,0.784,0.499,89.61,0.11135,0.06839,89.94,2151.4767,1871.9869,192.20232632488785,27.40263954167588,0.64452056564,0.71040175742,0.64452056564,0.71040175742,0.847,0.799,73.3,0.8467123,0.7987494,73.3,22.9197,0.0,3.69,1.57,0.363,0.49,25.0,,,0.29878852052920424
22750,22750,25_324,25_598,1670.139,25.61649,18.1555,0.0167,2.888073,687.0,687.0,2093.0,1838.0,2093.2361,1838.1455,2093.2361,1838.1455,192.22044472081072,27.41265544231179,26.382,6.916,81.47,0.3155,0.08475,81.63,2093.2361,1838.1455,192.22044472081072,27.41265544231179,10.2093953,11.584920905,10.2093953,11.584920905,3.478,3.114,62.52,3.477782,3.114377,62.52,27.2615,19.0,4.11,3.815,0.738,0.015,25.0,957,957,25_24,25_22,285.4243,26.05557,20.0737,0.0991,400.3566,8.0,8.0,2093.0,1838.0,2092.8637,1838.0897,2092.8637,1838.0897,192.2205621706311,27.412674330576767,0.838,0.668,48.24,0.09328,0.07376,45.28,2092.8637,1838.0897,192.2205621706311,27.412674330576767,0.85583994438,1.0895147523,0.85583994438,1.0895147523,1.045,0.923,83.24,1.045392,0.9233143,83.24,22.8978,0.0,4.16,1.254,0.203,0.576,25.0,,,0.3765572997568331
22751,22751,25_325,25_598,3512.854,35.05154,17.3483,0.0108,2.856323,1020.0,1020.0,2064.0,1813.0,2064.1469,1812.6936,2064.1469,1812.6936,192.22941112963295,27.42006068507372,23.628,8.074,-78.11,0.20482,0.07057,-77.35,2064.1469,1812.6936,192.22941112963295,27.42006068507372,1.2917602665,1.251401759,1.2917602665,1.251401759,1.139,1.117,-18.05,1.138665,1.116514,-18.05,27.1525,19.0,3.17,2.926,0.658,0.029,25.0,960,960,25_27,25_19,1248.377,46.69675,18.4715,0.0406,399.4337,23.0,25.0,2064.0,1813.0,2064.162,1812.8975,2064.162,1812.8975,192.2294083559462,27.42000323132195,1.318,1.206,-69.24,0.05978,0.05311,-69.1,2064.162,1812.8975,192.2294083559462,27.42000323132195,1.332792984,1.3282994272,1.332792984,1.3282994272,1.155,1.152,-22.08,1.15485,1.152135,-22.08,22.8428,0.0,3.78,1.093,0.085,0.486,25.0,,,0.20445835761831488
22792,22792,25_366,25_564,6974.652,35.62973,16.6036,0.0055,2.891537,237.0,237.0,2419.0,1869.0,2419.0331,1869.2003,2419.0331,1869.2003,192.11753081773088,27.40108454654593,2.902,1.609,32.15,0.02099,0.01039,31.45,2419.0331,1869.2003,192.11753081773088,27.40108454654593,0.49781230931,0.52285036085,0.49781230931,0.52285036085,0.731,0.697,60.43,0.7312576,0.6970832,60.43,27.0992,3.0,1.93,1.804,0.446,0.983,25.0,950,950,25_17,25_29,5441.95,70.22923,16.873,0.014,398.4384,43.0,54.0,2419.0,1869.0,2419.1638,1869.5623,2419.1638,1869.5623,192.11749307300744,27.400981626518472,1.619,1.405,59.89,0.02794,0.02391,52.41,2419.1638,1869.5623,192.11749307300744,27.400981626518472,0.84848895263,0.93752819953,0.84848895263,0.93752819953,0.984,0.904,63.13,0.9840117,0.9042887,63.13,22.8804,0.0,3.09,1.152,0.132,0.981,25.0,,,0.38487204367163524
22793,22793,25_367,25_564,1376.828,24.84862,18.3652,0.0196,2.936938,702.0,702.0,2434.0,1857.0,2434.1569,1856.7311,2434.1569,1856.7311,192.11261319850175,27.40445602124693,9.784,7.923,41.74,0.12716,0.10416,41.44,2434.1569,1856.7311,192.11261319850175,27.40445602124693,0.088407282125,0.089398338646,0.088407282125,0.089398338646,0.299,0.297,66.25,0.2993931,0.2969333,66.25,27.1927,3.0,3.46,1.235,0.19,0.01,25.0,953,953,25_20,25_26,219.2452,23.64079,20.3601,0.1171,399.5662,5.0,7.0,2434.0,1857.0,2434.2905,1856.8351,2434.2905,1856.8351,192.1125719251181,27.40442560230219,0.843,0.592,59.65,0.11182,0.07723,59.57,2434.2905,1856.8351,192.1125719251181,27.40442560230219,0.61859639431,0.62739145756,0.61859639431,0.62739145756,0.846,0.728,46.36,0.8460491,0.7281407,46.36,22.9379,0.0,2.14,1.424,0.298,0.469,25.0,,,0.1693072945860261
22844,22844,25_418,25_522,10370.46,41.68686,16.1729,0.0044,2.867308,73.0,73.0,2409.0,1840.0,2408.9096,1839.6364,2408.9096,1839.6364,192.12043915758036,27.40948493347155,1.073,1.018,69.3,0.00451,0.00432,72.52,2408.9096,1839.6364,192.12043915758036,27.40948493347155,0.39779540075,0.43893493015,0.39779540075,0.43893493015,0.665,0.628,74.02,0.6652884,0.6277911,74.02,27.048,0.0,1.87,1.054,0.052,0.986,25.0,956,956,25_23,25_23,8415.27,74.48047,16.3997,0.0096,398.6131,49.0,55.0,2409.0,1840.0,2408.9567,1840.0038,2408.9567,1840.0038,192.1204279492284,27.40938123519879,1.605,1.427,76.11,0.01909,0.01707,-89.29,2408.9567,1840.0038,192.1204279492284,27.40938123519879,0.83235542228,0.90782790079,0.83235542228,0.90782790079,0.965,0.9,64.23,0.9647678,0.8996702,64.23,22.8802,0.0,3.1,1.124,0.111,0.983,25.0,,,0.37040676289711505
22875,22875,25_449,25_497,16315.66,52.30266,15.6809,0.0035,2.927735,67.0,67.0,2034.0,1814.0,2033.6494,1813.9002,2033.6494,1813.9002,192.2390874040769,27.41998260236143,0.991,0.945,58.43,0.00325,0.00313,60.7,2033.6494,1813.9002,192.2390874040769,27.41998260236143,0.36991927101,0.35415115891,0.36991927101,0.35415115891,0.614,0.589,28.64,0.6136923,0.5894508,28.64,26.4146,0.0,1.7,1.049,0.047,0.997,25.0,959,959,25_26,25_20,13974.63,90.99037,15.8491,0.0071,400.3305,66.0,74.0,2034.0,1814.0,2033.7426,1814.2779,2033.7426,1814.2779,192.23906158717924,27.4198756183077,1.716,1.535,71.74,0.01546,0.01366,83.7,2033.7426,1814.2779,192.23906158717924,27.4198756183077,0.83715390683,0.9123070611,0.83715390683,0.9123070611,0.968,0.902,63.64,0.9678615,0.9015016,63.64,22.8628,0.0,3.0,1.118,0.105,0.984,25.0,,,0.3890289577910722
22910,22910,25_484,25_473,3131.138,23.73264,17.4732,0.0082,2.878422,85.0,85.0,2443.0,1797.0,2443.2048,1797.0198,2443.2048,1797.0198,192.1091415425776,27.42116149752314,1.369,1.327,56.32,0.01133,0.01108,55.97,2443.2048,1797.0198,192.1091415425776,27.42116149752314,0.65119809428,0.66136252237,0.65119809428,0.66136252237,0.821,0.799,53.33,0.8209819,0.7990928,53.33,26.8716,0.0,2.3,1.031,0.03,0.985,25.0,961,961,25_28,25_18,2112.293,50.64367,17.9005,0.026,398.8339,26.0,29.0,2443.0,1797.0,2443.2847,1797.2668,2443.2847,1797.2668,192.10911872903264,27.421091354651413,1.34,1.191,71.48,0.04021,0.03589,72.72,2443.2847,1797.2668,192.10911872903264,27.421091354651413,0.81066283453,0.88022153976,0.81066283453,0.88022153976,0.949,0.889,64.37,0.9492182,0.8887459,64.37,22.8831,0.0,3.09,1.126,0.112,0.966,25.0,,,0.259601637129013
22937,22937,25_511,25_451,861.0189,15.01303,18.8749,0.0189,1.519005,98.0,98.0,2496.0,1774.0,2496.3065,1774.7208,2496.3065,1774.7208,192.0920891318997,27.426958052315516,3.087,1.66,57.45,0.06164,0.02961,57.44,2496.3065,1774.7208,192.0920891318997,27.426958052315516,2.0970926648,2.1442131641,2.0970926648,2.1442131641,1.469,1.443,64.58,1.469003,1.443377,64.58,25.3482,0.0,4.92,1.86,0.462,0.736,25.0,962,962,25_29,25_17,238.0389,22.04166,20.2708,0.1006,399.0639,6.0,6.0,2495.0,1774.0,2495.4999,1774.0087,2495.4999,1774.0087,192.0923374744942,27.427165412774716,0.784,0.5,88.86,0.09648,0.05922,89.94,2495.4999,1774.0087,192.0923374744942,27.427165412774716,0.66975471152,0.82409447822,0.66975471152,0.82409447822,0.909,0.817,83.32,0.908977,0.817074,83.32,22.9038,0.0,2.14,1.568,0.362,0.457,25.0,,,1.0759600224917765
22972,22972,25_546,25_424,1790.607,26.00526,18.0799,0.0158,2.898782,752.0,752.0,2410.0,1747.0,2410.1356,1747.2384,2410.1356,1747.2384,192.11911642107896,27.43544842695797,10.843,8.659,48.81,0.13344,0.10386,49.52,2410.1356,1747.2384,192.11911642107896,27.43544842695797,0.79725008541,0.78563371696,0.79725008541,0.78563371696,0.903,0.876,38.08,0.9031724,0.8758786,38.08,27.2208,3.0,3.32,1.252,0.201,0.026,25.0,965,965,25_32,25_14,477.8029,33.15561,19.5143,0.0754,399.9297,11.0,13.0,2410.0,1747.0,2410.1055,1747.4229,2410.1055,1747.4229,192.11912782545448,27.43539682817968,1.069,0.835,40.56,0.08893,0.06774,38.03,2410.1055,1747.4229,192.11912782545448,27.43539682817968,0.91845311553,0.90179882508,0.91845311553,0.90179882508,1.004,0.901,42.56,1.003938,0.9013109,42.56,22.9234,0.0,3.36,1.279,0.218,0.565,25.0,,,0.1869391879730492
23013,23013,25_587,25_388,92491.32,123.3247,13.7972,0.0014,2.966578,71.0,71.0,2459.0,1735.0,2459.1476,1735.0455,2459.1476,1735.0455,192.10346108965317,27.43844156529368,0.877,0.806,63.6,0.00118,0.00109,64.09,2459.1476,1735.0455,192.10346108965317,27.43844156529368,0.2639521346,0.26803487092,0.2639521346,0.26803487092,0.525,0.506,50.86,0.5253993,0.5059077,50.86,26.8969,0.0,1.5,1.087,0.08,1.0,25.0,966,966,25_33,25_13,87814.88,158.8936,13.8535,0.002,400.0802,133.0,141.0,2459.0,1735.0,2459.2513,1735.4522,2459.2513,1735.4522,192.10343235431847,27.438326318030636,1.915,1.681,70.11,0.00509,0.00437,72.55,2459.2513,1735.4522,192.10343235431847,27.438326318030636,0.93716566101,1.0162180548,0.93716566101,1.0162180548,1.026,0.949,60.74,1.02585,0.9492182,60.74,22.9377,0.0,3.18,1.139,0.122,0.986,25.0,,,0.41971249683566114
23173,23173,25_747,25_274,8962.164,40.58728,16.3314,0.0049,3.063217,309.0,309.0,2261.0,1633.0,2260.9341,1632.2868,2260.9341,1632.2868,192.16524854106584,27.4690744461254,3.849,1.793,55.09,0.02457,0.01068,55.43,2260.9341,1632.2868,192.16524854106584,27.4690744461254,0.58821132065,0.56895205423,0.58821132065,0.56895205423,0.775,0.746,31.71,0.7746588,0.7463693,31.71,27.3276,1.0,3.94,2.147,0.534,0.977,25.0,971,971,25_38,25_8,7054.815,73.44135,16.5912,0.0113,398.924,49.0,54.0,2261.0,1633.0,2261.571,1633.2881,2261.571,1633.2881,192.16505666956456,27.468787400524626,1.596,1.462,60.72,0.02169,0.02009,51.08,2261.571,1633.2881,192.16505666956456,27.468787400524626,0.93244756632,0.97000195523,0.93244756632,0.97000195523,1.001,0.949,55.83,1.001053,0.9488639,55.83,22.8568,0.0,3.06,1.091,0.083,0.981,25.0,,,1.1866942740233317
23303,23303,25_877,25_174,776.5662,13.40974,18.987,0.0188,2.866681,69.0,69.0,2094.0,1579.0,2093.7591,1578.993,2093.7591,1578.993,192.2177167739078,27.48550669031952,1.624,1.576,-49.25,0.02869,0.02731,-29.56,2093.7591,1578.993,192.2177167739078,27.48550669031952,0.97787726057,1.033488911,0.97787726057,1.033488911,1.017,0.989,-89.22,1.016612,0.9888716,-89.22,26.6532,0.0,3.03,1.03,0.029,0.066,25.0,974,974,25_41,25_5,375.8398,27.60147,19.7749,0.0798,400.7349,9.0,9.0,2094.0,1579.0,2093.6613,1578.8916,2093.6613,1578.8916,192.21774677907035,27.485536038556905,0.882,0.693,-20.8,0.08731,0.06314,-20.32,2093.6613,1578.8916,192.21774677907035,27.485536038556905,0.62352870839,0.64566559342,0.62352870839,0.64566559342,0.806,0.787,68.38,0.8060956,0.7870224,68.38,22.9056,0.0,3.11,1.273,0.214,0.583,25.0,,,0.1408786712032868
23304,23304,25_878,25_173,3174.445,23.92036,17.4582,0.0082,3.110848,76.0,76.0,2236.0,1577.0,2236.4226,1577.1919,2236.4226,1577.1919,192.17246809713535,27.484776391765998,1.361,1.305,-2.87,0.01097,0.01042,-9.96,2236.4226,1577.1919,192.17246809713535,27.484776391765998,0.67215023124,0.64836772208,0.67215023124,0.64836772208,0.825,0.8,26.63,0.8247026,0.8002397,26.63,27.0845,0.0,2.4,1.043,0.041,0.984,25.0,973,973,25_40,25_6,2179.338,53.10681,17.8666,0.0265,400.0719,27.0,31.0,2236.0,1577.0,2236.4248,1577.4192,2236.4248,1577.4192,192.1724696708608,27.4847124755297,1.342,1.255,56.47,0.0397,0.03739,60.15,2236.4248,1577.4192,192.1724696708608,27.4847124755297,0.86283940353,0.86441505401,0.86283940353,0.86441505401,0.954,0.904,45.49,0.9535859,0.9043939,45.49,22.8989,0.0,3.02,1.07,0.065,0.944,25.0,,,0.22731064647307184
23381,23381,25_955,25_117,16905.44,53.14254,15.6423,0.0034,2.512854,65.0,65.0,2045.0,1554.0,2044.9424,1554.4807,2044.9424,1554.4807,192.23295293376944,27.492817276388205,0.993,0.947,63.17,0.0032,0.00306,64.8,2044.9424,1554.4807,192.23295293376944,27.492817276388205,0.33285965242,0.38081837761,0.33285965242,0.38081837761,0.619,0.575,78.87,0.618668,0.5752634,78.87,26.2977,0.0,1.75,1.048,0.046,0.999,25.0,975,975,25_42,25_4,14404.27,88.48795,15.8162,0.0067,401.1195,64.0,70.0,2045.0,1554.0,2045.0486,1554.8335,2045.0486,1554.8335,192.2329227364408,27.49271718468191,1.672,1.524,63.64,0.01374,0.01299,60.24,2045.0486,1554.8335,192.2329227364408,27.49271718468191,0.8601296596,0.91575307355,0.8601296596,0.91575307355,0.97,0.914,60.71,0.970198,0.9135636,60.71,22.8793,0.0,3.01,1.097,0.089,0.983,25.0,,,0.36843762022893056
23524,23524,26_1,26_681,13036.93,64.6494,15.9245,0.0054,1.569994,4312.0,4312.0,2735.0,1897.0,2734.9516,1897.5053,2734.9516,1897.5053,192.01774125733868,27.39029702620072,62.962,17.94,73.4,0.34377,0.10135,73.28,2734.9516,1897.5053,192.01774125733868,27.39029702620072,4805.5561026,4861.4045019,4805.5561026,4861.4045019,69.724,69.322,-87.91,69.72431,69.32158,-87.91,25.6843,19.0,124.31,3.509,0.715,0.003,26.0,987,987,26_10,26_38,674.7082,38.5693,19.1396,0.0621,398.2633,15.0,18.0,2735.0,1897.0,2735.121,1897.4123,2735.121,1897.4123,192.0176866351541,27.390321630169364,1.166,1.044,39.35,0.07991,0.0699,31.35,2735.121,1897.4123,192.0176866351541,27.390321630169364,1.244359222,1.4776782983,1.244359222,1.4776782983,1.234,1.095,68.09,1.23397,1.095151,68.09,22.8869,0.0,3.84,1.116,0.104,0.142,26.0,,,0.19324947606679183
23525,23525,26_2,26_681,11037.22,73.78819,16.1053,0.0073,2.932029,7999.0,7999.0,2760.0,1872.0,2760.2109,1871.9616,2760.2109,1871.9616,192.00947536274384,27.39724762471809,55.169,40.093,-65.26,0.238,0.17287,-64.43,2760.2109,1871.9616,192.00947536274384,27.39724762471809,2771.9415434,2974.9690299,2771.9415434,2974.9690299,54.59,52.601,81.08,54.59023,52.60055,81.08,27.7281,19.0,76.3,1.376,0.273,0.001,26.0,990,990,26_13,26_35,716.8702,37.6288,19.0738,0.057,398.2351,13.0,17.0,2760.0,1872.0,2760.2207,1872.0447,2760.2207,1872.0447,192.0094731188369,27.397224176782345,1.199,0.912,82.22,0.07705,0.05676,82.82,2760.2207,1872.0447,192.0094731188369,27.397224176782345,0.81691034445,1.0121000736,0.81691034445,1.0121000736,1.008,0.902,82.95,1.007536,0.9021538,82.95,22.8863,0.0,3.17,1.315,0.24,0.579,26.0,,,0.08367586270824039
23526,23526,26_3,26_681,11293.07,76.85332,16.0804,0.0074,2.934014,8370.0,8370.0,2939.0,1856.0,2938.9903,1856.4823,2938.9903,1856.4823,191.952678312632,27.39995993395239,74.381,36.347,58.56,0.31136,0.15423,57.59,2938.9903,1856.4823,191.952678312632,27.39995993395239,2467.0210945,4386.7091952,2467.0210945,4386.7091952,74.381,36.347,58.56,74.38148,36.34731,58.56,27.7038,19.0,3.17,2.046,0.511,0.0,26.0,992,992,26_15,26_33,574.0749,34.11028,19.315,0.0645,398.4496,12.0,14.0,2939.0,1856.0,2938.9355,1856.4656,2938.9355,1856.4656,191.95269549806935,27.399965133909163,1.054,0.899,47.71,0.07816,0.0685,41.67,2938.9355,1856.4656,191.95269549806935,27.399965133909163,0.81665731552,0.90067040967,0.81665731552,0.90067040967,0.985,0.864,56.02,0.9851716,0.8641555,56.02,22.883,0.0,3.91,1.172,0.147,0.408,26.0,,,0.05728813140593994
23527,23527,26_4,26_681,3438.692,33.07503,17.3714,0.0104,3.118506,944.0,944.0,2664.0,1619.0,2663.8955,1619.1653,2663.8955,1619.1653,192.03738480811177,27.469179867058923,13.181,6.646,-26.41,0.119,0.06039,-27.79,2663.8955,1619.1653,192.03738480811177,27.469179867058923,1.79576863,1.3951572553,1.79576863,1.3951572553,1.392,1.119,27.16,1.392453,1.118928,27.16,27.3472,3.0,4.47,1.983,0.496,0.029,26.0,1012,1012,26_35,26_14,1659.001,54.2009,18.1628,0.0355,399.4831,32.0,35.0,2664.0,1619.0,2664.0027,1619.3851,2664.0027,1619.3851,192.037353092691,27.46911711451357,1.855,1.188,31.17,0.07006,0.0463,31.75,2664.0027,1619.3851,192.037353092691,27.46911711451357,2.0042685566,1.5606744859,2.0042685566,1.5606744859,1.486,1.165,29.31,1.486071,1.164704,29.31,22.9209,0.0,5.92,1.561,0.359,0.016,26.0,,,0.24454831833406063
23529,23529,26_6,26_423,3935.589,39.74366,17.2249,0.011,2.893946,1870.0,1870.0,2793.0,1697.0,2793.2952,1697.2999,2793.2952,1697.2999,191.9971811440355,27.446041133760943,22.063,17.226,82.31,0.17296,0.12927,86.64,2793.2952,1697.2999,191.9971811440355,27.446041133760943,50.30481627,53.99081083,50.30481627,53.99081083,7.445,6.991,62.12,7.444718,6.990837,62.12,27.4753,3.0,63.82,1.281,0.219,0.001,26.0,1006,1006,26_29,26_20,472.4886,33.93951,19.5264,0.078,399.5187,12.0,14.0,2793.0,1697.0,2793.4145,1697.4542,2793.4145,1697.4542,191.99714493954627,27.445996672852942,1.16,0.846,-45.42,0.09439,0.07028,-44.8,2793.4145,1697.4542,191.99714493954627,27.445996672852942,1.6483071874,1.6476009459,1.6483071874,1.6476009459,1.37,1.192,-44.96,1.369701,1.191565,-44.96,22.9325,0.0,3.84,1.371,0.271,0.212,26.0,,,0.19504097005485097
23530,23530,26_7,26_423,2359.223,33.67994,17.7805,0.0155,2.794978,1637.0,1637.0,2849.0,1673.0,2848.8151,1672.8698,2848.8151,1672.8698,191.9793316252232,27.4523995239363,22.375,13.379,61.67,0.21744,0.13093,62.8,2848.8151,1672.8698,191.9793316252232,27.4523995239363,123.61348186,134.0786935,123.61348186,134.0786935,11.854,10.825,58.32,11.85411,10.82461,58.32,27.4539,3.0,4.5,1.672,0.402,0.0,26.0,1009,1009,26_32,26_17,194.8774,22.1268,20.488,0.1233,398.8788,6.0,6.0,2848.0,1673.0,2848.5096,1672.6762,2848.5096,1672.6762,191.9794264272888,27.452456744609428,0.929,0.468,0.33,0.13834,0.0682,0.02,2848.5096,1672.6762,191.9794264272888,27.452456744609428,1.5071234796,0.79346530267,1.5071234796,0.79346530267,1.229,0.889,-4.0,1.229076,0.8887978,-4.0,22.9025,0.0,3.89,1.985,0.496,0.478,26.0,,,0.36167832392873306
23539,23539,26_16,26_168,954.0354,19.24951,18.7635,0.0219,3.105775,305.0,305.0,2928.0,1556.0,2928.2722,1555.4861,2928.2722,1555.4861,191.9529182327092,27.48466091491146,10.824,3.055,-31.32,0.18555,0.0495,-31.27,2928.2722,1555.4861,191.9529182327092,27.48466091491146,1.8177125006,1.7637894516,1.8177125006,1.7637894516,1.362,1.314,-32.42,1.361675,1.314284,-32.42,27.1225,19.0,4.35,3.543,0.718,0.014,26.0,1020,1020,26_43,26_6,186.2231,22.20367,20.5373,0.1295,399.0453,4.0,6.0,2928.0,1556.0,2927.9878,1555.5298,2927.9878,1555.5298,191.9530088494184,27.484651261393097,0.784,0.499,-1.63,0.11309,0.0695,-0.13,2927.9878,1555.5298,191.9530088494184,27.484651261393097,0.86037200783,0.79417442468,0.86037200783,0.79417442468,0.936,0.882,-23.98,0.9363184,0.8819605,-23.98,22.8974,0.0,2.04,1.572,0.364,0.404,26.0,,,0.28773781468551896
23540,23540,26_17,26_156,4889.547,37.12571,16.9892,0.0082,2.962702,953.0,953.0,2861.0,1559.0,2860.5998,1559.1733,2860.5998,1559.1733,191.97440965679675,27.48424847226251,13.847,5.418,-15.54,0.11077,0.04267,-15.77,2860.5998,1559.1733,191.97440965679675,27.48424847226251,2.9669791678,2.2923494071,2.9669791678,2.2923494071,1.724,1.512,5.26,1.724168,1.512142,5.26,27.3085,19.0,4.39,2.556,0.609,0.029,26.0,1019,1019,26_42,26_7,2911.182,70.53845,17.5522,0.0263,398.2343,56.0,58.0,2861.0,1560.0,2860.7017,1559.5393,2860.7017,1559.5393,191.9743811764745,27.484144662973478,2.103,1.66,12.74,0.06126,0.04729,16.1,2860.7017,1559.5393,191.9743811764745,27.484144662973478,2.8302396204,2.356385713,2.8302396204,2.356385713,1.686,1.532,8.5,1.685548,1.53152,8.5,22.8583,0.0,6.03,1.267,0.211,0.012,26.0,,,0.379920531164101
23541,23541,26_18,26_156,4232.249,31.17068,17.146,0.008,1.535966,396.0,396.0,2833.0,1541.0,2832.759,1540.7597,2832.759,1540.7597,191.9830434567971,27.48967974523353,5.161,2.997,-69.13,0.0475,0.02761,-69.85,2832.759,1540.7597,191.9830434567971,27.48967974523353,1.3419907054,1.3446199677,1.3419907054,1.3446199677,1.174,1.144,46.08,1.174005,1.143819,46.08,25.5212,3.0,2.94,1.722,0.419,0.784,26.0,1022,1022,26_45,26_4,2202.244,59.23617,17.8552,0.0292,398.9162,33.0,40.0,2833.0,1541.0,2832.852,1540.9422,2832.852,1540.9422,191.9830158765103,27.489627596123707,1.548,1.447,65.98,0.04892,0.04646,59.86,2832.852,1540.9422,191.9830158765103,27.489627596123707,1.2655835228,1.3436023263,1.2655835228,1.3436023263,1.168,1.116,65.57,1.167853,1.115932,65.57,22.8819,0.0,3.73,1.07,0.065,0.241,26.0,,,0.20482980740100243
23560,23560,26_37,26_50,1024.266,16.51396,18.6864,0.0175,1.283499,133.0,133.0,2551.0,1514.0,2550.7496,1514.1762,2550.7496,1514.1762,192.0721759973945,27.499710001327912,3.271,2.012,-24.38,0.05945,0.03481,-26.12,2550.7496,1514.1762,192.0721759973945,27.499710001327912,2.4368616051,2.0687546791,2.4368616051,2.0687546791,1.561,1.438,1.92,1.561178,1.438172,1.92,25.3915,19.0,3.89,1.626,0.385,0.084,26.0,669,669,19_5,19_44,280.2132,25.82342,20.0937,0.1001,399.2239,8.0,8.0,2551.0,1514.0,2550.8783,1513.8503,2550.8783,1513.8503,192.0721318613232,27.49980045434712,0.818,0.664,-39.03,0.10186,0.08065,-44.79,2550.8783,1513.8503,192.0721318613232,27.49980045434712,0.78002715877,0.53457173487,0.78002715877,0.53457173487,0.887,0.727,-8.88,0.8866581,0.7269362,-8.88,22.8811,24.0,3.12,1.231,0.188,0.475,19.0,,,0.3503919234228539
23597,23597,26_74,26_742,2093.017,20.95439,17.9105,0.0109,2.626425,136.0,136.0,2543.0,1992.0,2542.3027,1992.1974,2542.3027,1992.1974,192.0797333721169,27.3654129514991,2.475,1.758,32.88,0.02725,0.01855,35.72,2542.3027,1992.1974,192.0797333721169,27.3654129514991,1.6871211687,1.4377369422,1.6871211687,1.4377369422,1.319,1.177,22.74,1.319195,1.176683,22.74,26.4841,0.0,4.31,1.408,0.29,0.024,26.0,981,981,26_4,26_44,1357.882,52.37278,18.3803,0.0419,398.8584,31.0,32.0,2543.0,1992.0,2542.5083,1992.6168,2542.5083,1992.6168,192.0796725341756,27.36529321678113,1.604,1.304,22.7,0.07332,0.05982,21.59,2542.5083,1992.6168,192.0796725341756,27.36529321678113,1.7742696369,1.528894921,1.7742696369,1.528894921,1.364,1.201,27.03,1.364045,1.20106,27.03,22.8639,0.0,5.25,1.23,0.187,0.194,26.0,,,0.46708427505098565
23673,23673,26_150,26_681,3935.341,41.40916,17.225,0.0114,2.842697,2038.0,2038.0,2669.0,1928.0,2668.8242,1928.1105,2668.8242,1928.1105,192.03900343810963,27.382292570509385,19.643,14.505,77.51,0.15166,0.11108,79.1,2668.8242,1928.1105,192.03900343810963,27.382292570509385,0.17141347084,0.1614993507,0.17141347084,0.1614993507,0.414,0.402,2.11,0.4140374,0.401853,2.11,27.3649,19.0,29.98,1.354,0.262,0.008,26.0,986,986,26_9,26_39,386.5457,29.0497,19.7444,0.0816,400.4074,9.0,10.0,2669.0,1928.0,2668.8125,1928.0276,2668.8125,1928.0276,192.03900629101045,27.38231597944741,0.919,0.735,5.05,0.08238,0.06523,0.34,2668.8125,1928.0276,192.03900629101045,27.38231597944741,0.78168338934,0.52869513358,0.78168338934,0.52869513358,0.889,0.721,10.14,0.8888389,0.7213486,10.14,22.9856,0.0,3.13,1.249,0.199,0.544,26.0,,,0.08372156233622541
23676,23676,26_153,26_681,4412.071,47.92209,17.1008,0.0118,2.949585,3397.0,3397.0,2618.0,1867.0,2618.0638,1867.012,2618.0638,1867.012,192.0544552675582,27.39992482251249,26.009,20.153,-44.1,0.17186,0.1353,-44.03,2618.0638,1867.012,192.0544552675582,27.39992482251249,95.191495945,95.020248002,95.191495945,95.020248002,9.778,9.726,40.11,9.778016,9.726363,40.11,28.08,19.0,3.48,1.291,0.225,0.0,26.0,991,991,26_14,26_34,450.8118,31.9016,19.5774,0.0769,399.0709,12.0,12.0,2618.0,1867.0,2617.9083,1867.2051,2617.9083,1867.2051,192.0545065098609,27.399871940029755,1.109,0.774,55.92,0.09405,0.06436,55.77,2617.9083,1867.2051,192.0545065098609,27.399871940029755,0.90834261167,1.0448115863,0.90834261167,1.0448115863,1.065,0.905,57.84,1.064934,0.9050245,57.84,22.8904,0.0,3.66,1.433,0.302,0.511,26.0,,,0.24792712638986575
23683,23683,26_160,26_678,10952.93,44.46552,16.1136,0.0044,2.820889,278.0,278.0,2921.0,1965.0,2920.9189,1965.4601,2920.9189,1965.4601,191.95954392619856,27.369494950644107,2.37,1.835,45.37,0.01263,0.00871,45.21,2920.9189,1965.4601,191.95954392619856,27.369494950644107,0.88916317037,0.85108882411,0.88916317037,0.85108882411,0.945,0.921,16.54,0.9449044,0.9205475,16.54,26.7164,2.0,2.78,1.292,0.226,0.974,26.0,984,984,26_7,26_41,9479.273,88.8788,16.2705,0.0102,398.3741,78.0,84.0,2921.0,1966.0,2921.0216,1965.8671,2921.0216,1965.8671,191.95951565796472,27.36937960332857,1.996,1.847,72.78,0.0251,0.02249,80.25,2921.0216,1965.8671,191.95951565796472,27.36937960332857,1.6403381957,1.6592430488,1.6403381957,1.6592430488,1.303,1.265,50.61,1.303212,1.265393,50.61,22.8948,0.0,4.05,1.081,0.075,0.031,26.0,,,0.41975741804037425
23684,23684,26_161,26_678,2595.164,31.50516,17.677,0.0132,2.972012,859.0,859.0,2928.0,1945.0,2927.9899,1945.6785,2927.9899,1945.6785,191.95709728395195,27.374990078534804,15.956,9.692,-22.17,0.15565,0.09529,-22.62,2927.9899,1945.6785,191.95709728395195,27.374990078534804,0.85437096867,0.79411236317,0.85437096867,0.79411236317,0.93,0.885,21.3,0.9301441,0.885051,21.3,26.9687,19.0,3.57,1.646,0.393,0.025,26.0,985,985,26_8,26_40,651.3536,37.41038,19.1779,0.0624,398.3353,16.0,17.0,2928.0,1945.0,2927.8791,1945.5318,2927.8791,1945.5318,191.9571308422264,27.375032334749893,1.266,0.917,30.03,0.08886,0.06292,30.91,2927.8791,1945.5318,191.9571308422264,27.375032334749893,1.3473077406,1.1906482582,1.3473077406,1.1906482582,1.183,1.067,26.52,1.182906,1.067094,26.52,22.8864,0.0,4.39,1.381,0.276,0.192,26.0,,,0.18384104547131633
23977,23977,26_454,26_463,1146.683,21.73092,18.5638,0.0206,2.997139,476.0,476.0,2573.0,1795.0,2572.857,1794.7676,2572.857,1794.7676,192.06803788498988,27.42063877243201,11.329,5.303,30.44,0.16554,0.07836,30.47,2572.857,1794.7676,192.06803788498988,27.42063877243201,0.60459023456,0.58800423673,0.60459023456,0.58800423673,0.787,0.757,34.5,0.7870431,0.7570717,34.5,27.5629,19.0,4.01,2.136,0.532,0.01,26.0,996,996,26_19,26_29,206.4583,23.94374,20.4253,0.1259,397.9395,6.0,7.0,2573.0,1795.0,2572.9737,1794.9693,2572.9737,1794.9693,192.06800297146404,27.420581028047696,0.913,0.532,43.94,0.12749,0.07357,44.96,2572.9737,1794.9693,192.06800297146404,27.420581028047696,1.2144549316,1.1334368346,1.2144549316,1.1334368346,1.155,1.007,37.62,1.154577,1.007394,37.62,22.8528,0.0,4.12,1.718,0.418,0.37,26.0,,,0.2330274232789744
24020,24020,26_497,26_433,1583.385,18.14933,18.2134,0.0124,2.722499,142.0,142.0,2669.0,1781.0,2669.219,1780.4548,2669.219,1780.4548,192.03735854962963,27.423794734698333,2.285,1.785,57.25,0.03248,0.02408,55.96,2669.219,1780.4548,192.03735854962963,27.423794734698333,0.94381563899,0.94561120269,0.94381563899,0.94561120269,0.977,0.967,47.48,0.9773,0.9665979,47.48,26.9381,0.0,3.25,1.28,0.219,0.285,26.0,997,997,26_20,26_28,869.5733,37.83314,18.8641,0.0472,397.9702,15.0,17.0,2669.0,1781.0,2669.4065,1780.8996,2669.4065,1780.8996,192.0373037190116,27.42366800930443,1.123,0.952,72.25,0.06341,0.04975,74.71,2669.4065,1780.8996,192.0373037190116,27.42366800930443,0.81840985612,0.82665033013,0.81840985612,0.82665033013,0.917,0.897,51.34,0.9172311,0.8965195,51.34,22.8597,0.0,3.11,1.18,0.153,0.742,26.0,,,0.48270414334247025
24035,24035,26_512,26_423,14564.32,52.94524,15.8042,0.0039,2.928662,824.0,824.0,2788.0,1727.0,2787.7467,1726.8994,2787.7467,1726.8994,191.99924684321005,27.43777189141544,7.077,3.357,-46.34,0.03479,0.01614,-45.44,2787.7467,1726.8994,191.99924684321005,27.43777189141544,0.4288130251,0.4227377166,0.4288130251,0.4227377166,0.666,0.638,40.25,0.6664798,0.638244,40.25,27.3379,3.0,1.77,2.108,0.526,0.961,26.0,1001,1001,26_24,26_25,11335.67,83.48383,16.0763,0.008,399.5837,60.0,67.0,2788.0,1727.0,2787.8056,1727.2745,2787.8056,1727.2745,191.9992320727988,27.437665919115947,1.693,1.514,71.11,0.0169,0.0152,83.19,2787.8056,1727.2745,191.9992320727988,27.437665919115947,0.90500917007,0.95590351355,0.90500917007,0.95590351355,0.999,0.929,56.12,0.9988468,0.9290951,56.12,22.9415,0.0,3.12,1.118,0.106,0.983,26.0,,,0.37969622068171877
24036,24036,26_513,26_423,2407.576,32.49213,17.7585,0.0147,2.882232,1313.0,1313.0,2722.0,1723.0,2721.602,1722.9979,2721.602,1722.9979,192.02016706872283,27.43947082033409,26.14,7.409,37.58,0.25306,0.07181,38.44,2721.602,1722.9979,192.02016706872283,27.43947082033409,13.824585487,11.133078692,13.824585487,11.133078692,3.738,3.314,-12.84,3.737936,3.314438,-12.84,27.2855,3.0,4.39,3.528,0.717,0.0,26.0,1002,1002,26_25,26_24,174.0234,22.04081,20.6109,0.1375,399.4904,5.0,6.0,2722.0,1723.0,2721.6733,1723.1616,2721.6733,1723.1616,192.0201461661345,27.439424158735044,0.749,0.65,26.71,0.11333,0.0989,26.56,2721.6733,1723.1616,192.0201461661345,27.439424158735044,1.4109780375,1.1817469822,1.4109780375,1.1817469822,1.196,1.079,15.26,1.195579,1.078571,15.26,22.9372,0.0,4.13,1.152,0.132,0.439,26.0,,,0.1785535773933283
24039,24039,26_516,26_423,5945.609,33.70989,16.7769,0.0062,2.939822,324.0,324.0,2803.0,1746.0,2802.6151,1745.8483,2802.6151,1745.8483,191.99473213929724,27.432309844644077,7.463,2.511,-32.98,0.05973,0.01787,-33.35,2802.6151,1745.8483,191.99473213929724,27.432309844644077,0.58671948422,0.58667044769,0.58671948422,0.58667044769,0.782,0.749,44.97,0.7822529,0.7493132,44.97,27.338,3.0,2.25,2.973,0.664,0.838,26.0,998,998,26_21,26_27,4530.955,68.03179,17.0719,0.0163,398.8125,47.0,51.0,2803.0,1746.0,2802.7296,1745.9356,2802.7296,1745.9356,191.9946967643276,27.43228425955111,1.641,1.539,-55.06,0.03369,0.0291,-46.76,2802.7296,1745.9356,191.9946967643276,27.43228425955111,0.95480373955,1.0028393411,0.95480373955,1.0028393411,1.02,0.957,56.34,1.020352,0.9573528,56.34,22.9056,2.0,2.99,1.066,0.062,0.93,26.0,,,0.143984513056147
24040,24040,26_517,26_423,2052.062,20.56366,17.9319,0.0109,2.913002,177.0,177.0,2807.0,1741.0,2807.4651,1741.2096,2807.4651,1741.2096,191.99314707629543,27.433569369437087,4.172,2.563,-66.12,0.05495,0.03084,-63.89,2807.4651,1741.2096,191.99314707629543,27.433569369437087,0.91244186748,0.92775928909,0.91244186748,0.92775928909,0.967,0.952,60.77,0.9668214,0.9515553,60.77,27.3759,3.0,2.75,1.628,0.386,0.123,26.0,999,999,26_22,26_27,1200.533,42.38543,18.514,0.0383,399.2901,21.0,21.0,2807.0,1741.0,2807.4879,1741.489,2807.4879,1741.489,191.99314275593312,27.4334906263418,1.248,1.08,88.31,0.05474,0.04421,-85.63,2807.4879,1741.489,191.99314275593312,27.4334906263418,0.99161962533,1.0743912594,0.99161962533,1.0743912594,1.04,0.992,73.99,1.040105,0.9920645,73.99,22.929,3.0,3.32,1.155,0.134,0.901,26.0,,,0.28032873559461846
24090,24090,26_567,26_379,908.3248,15.27865,18.8168,0.0183,2.854256,131.0,131.0,2964.0,1731.0,2964.8657,1731.1602,2964.8657,1731.1602,191.94316469792625,27.43494562561438,2.612,1.954,-25.99,0.04678,0.03377,-26.49,2964.8657,1731.1602,191.94316469792625,27.43494562561438,1.2317160421,1.2511661433,1.2317160421,1.2511661433,1.143,1.085,49.35,1.142678,1.084974,49.35,26.6943,0.0,4.08,1.337,0.252,0.042,26.0,1000,1000,26_23,26_26,437.3658,30.35663,19.6103,0.0754,397.8163,10.0,11.0,2964.0,1731.0,2964.1071,1731.3324,2964.1071,1731.3324,191.9434068970573,27.43490424959225,0.995,0.739,72.41,0.09189,0.06506,74.86,2964.1071,1731.3324,191.9434068970573,27.43490424959225,0.72889994984,0.74473854129,0.72889994984,0.74473854129,0.917,0.796,47.2,0.9166206,0.7958927,47.2,22.8308,0.0,3.37,1.347,0.257,0.554,26.0,,,0.7778989651615922
24117,24117,26_594,26_358,1892.697,26.7385,18.0197,0.0153,2.962124,767.0,767.0,2673.0,1684.0,2673.2206,1684.6281,2673.2206,1684.6281,192.03510356825305,27.450694677095147,14.374,9.646,-64.35,0.17264,0.11514,-62.17,2673.2206,1684.6281,192.03510356825305,27.450694677095147,0.3316312436,0.34862743325,0.3316312436,0.34862743325,0.592,0.574,71.61,0.5922322,0.574038,71.61,27.1573,3.0,2.83,1.49,0.329,0.03,26.0,1007,1007,26_30,26_19,565.9229,32.86832,19.3305,0.0631,398.6665,10.0,13.0,2673.0,1684.0,2673.1869,1684.5448,2673.1869,1684.5448,192.0351133903368,27.450718396755832,0.988,0.856,71.93,0.07106,0.06126,75.89,2673.1869,1684.5448,192.0351133903368,27.450718396755832,0.56941516536,0.57953197772,0.56941516536,0.57953197772,0.798,0.716,47.34,0.7978559,0.7158024,47.34,22.8853,0.0,2.5,1.154,0.133,0.522,26.0,,,0.08985866680514605
24334,24334,26_811,26_207,3881.907,29.04654,17.2398,0.0081,3.026897,294.0,294.0,2573.0,1602.0,2573.0049,1601.8424,2573.0049,1601.8424,192.06601730256227,27.47486817087214,7.834,1.694,11.18,0.07394,0.01426,11.13,2573.0049,1601.8424,192.06601730256227,27.47486817087214,0.64739626978,0.69144486707,0.64739626978,0.69144486707,0.836,0.8,70.06,0.8355363,0.80045,70.06,26.9555,2.0,2.26,4.624,0.784,0.867,26.0,1014,1014,26_37,26_12,2547.675,56.5466,17.697,0.0241,398.6771,31.0,36.0,2573.0,1602.0,2573.1087,1602.0731,2573.1087,1602.0731,192.06598676036307,27.474802391027755,1.47,1.245,66.88,0.04201,0.03514,65.72,2573.1087,1602.0731,192.06598676036307,27.474802391027755,0.79511536628,0.91313416464,0.79511536628,0.91313416464,0.962,0.885,73.13,0.9618146,0.8849645,73.13,22.8805,0.0,2.96,1.181,0.153,0.962,26.0,,,0.2529761451206389
24366,24366,26_843,26_185,11975.6,45.99777,16.0167,0.0042,2.909063,263.0,263.0,2806.0,1577.0,2805.3521,1576.9422,2805.3521,1576.9422,191.9921085138137,27.479760923146312,3.624,1.399,-25.42,0.01985,0.00672,-26.23,2805.3521,1576.9422,191.9921085138137,27.479760923146312,0.50157182292,0.51499137413,0.50157182292,0.51499137413,0.727,0.698,54.53,0.7272046,0.6983814,54.53,27.0755,1.0,3.29,2.59,0.614,0.999,26.0,1016,1016,26_39,26_10,9793.861,80.83553,16.235,0.009,397.649,56.0,63.0,2806.0,1577.0,2806.06,1577.0352,2806.06,1577.0352,191.9918850800573,27.47972830364812,1.648,1.52,63.72,0.01785,0.01738,38.57,2806.06,1577.0352,191.9918850800573,27.47972830364812,0.90687921399,0.94280389737,0.90687921399,0.94280389737,0.99,0.932,54.45,0.9901005,0.9324077,54.45,22.8245,0.0,3.14,1.084,0.078,0.983,26.0,,,0.7139827799042817
24386,24386,26_863,26_172,481166.9,280.9362,12.0067,6.0E-4,3.153562,77.0,77.0,2656.0,1588.0,2656.1126,1587.8512,2656.1126,1587.8512,192.0395294012852,27.478052221962635,0.832,0.748,68.96,4.9E-4,4.4E-4,69.06,2656.1126,1587.8512,192.0395294012852,27.478052221962635,0.21544332667,0.25177004712,0.21544332667,0.25177004712,0.504,0.462,77.18,0.5037401,0.4620166,77.18,27.3517,4.0,4.68,1.113,0.101,1.0,26.0,1015,1015,26_38,26_11,475255.7,312.3603,12.0201,7.0E-4,399.8238,240.0,258.0,2656.0,1588.0,2656.2075,1588.2412,2656.2075,1588.2412,192.03950333373248,27.47794174037535,1.989,1.778,69.02,0.00181,0.00168,63.61,2656.2075,1588.2412,192.03950333373248,27.47794174037535,0.91771703807,1.0075829651,0.91771703807,1.0075829651,1.022,0.939,61.7,1.021891,0.9386367,61.7,22.9359,0.0,3.21,1.119,0.106,0.985,26.0,,,0.40138013154603286
24425,24425,26_902,26_144,426794.2,264.6099,12.1369,7.0E-4,3.126912,77.0,77.0,2714.0,1572.0,2713.6883,1571.5244,2713.6883,1571.5244,192.02110963608573,27.48211962304173,0.842,0.771,66.94,5.2E-4,4.8E-4,66.98,2713.6883,1571.5244,192.02110963608573,27.48211962304173,0.2748914381,0.32066531047,0.2748914381,0.32066531047,0.57,0.52,73.69,0.5700427,0.5202,73.69,26.9586,4.0,4.78,1.092,0.085,0.994,26.0,1017,1017,26_40,26_9,420522.8,297.2522,12.1529,8.0E-4,399.8367,236.0,251.0,2714.0,1572.0,2713.7708,1571.9166,2713.7708,1571.9166,192.021087537789,27.48200863328115,1.987,1.784,68.98,0.00197,0.00182,62.54,2713.7708,1571.9166,192.021087537789,27.48200863328115,0.93103536254,1.0069965056,0.93103536254,1.0069965056,1.021,0.946,60.41,1.021345,0.9459842,60.41,22.9266,0.0,3.28,1.114,0.102,0.999,26.0,,,0.40078309595091327
24573,24573,26_1050,26_756,4435.922,28.04936,17.0949,0.0069,1.39369,85.0,85.0,2572.0,2000.0,2571.53,1999.6422,2571.53,1999.6422,192.07055283535428,27.36305890854763,1.293,1.288,34.99,0.00913,0.00883,-34.19,2571.53,1999.6422,192.07055283535428,27.36305890854763,0.58972604935,0.58844737284,0.58972604935,0.58844737284,0.783,0.752,44.22,0.7826777,0.7520565,44.22,25.4373,0.0,2.31,1.004,0.004,0.983,26.0,980,980,26_3,26_45,3130.421,58.62904,17.4734,0.0203,398.5617,36.0,37.0,2572.0,2000.0,2571.5593,1999.9269,2571.5593,1999.9269,192.0705464657569,27.36297861358406,1.451,1.305,73.41,0.03428,0.03007,81.27,2571.5593,1999.9269,192.0705464657569,27.36297861358406,0.85408499943,0.88286090914,0.85408499943,0.88286090914,0.963,0.9,52.12,0.9627841,0.899996,52.12,22.8714,0.0,2.92,1.112,0.101,0.95,26.0,,,0.28620373861978476
24590,24590,27_1,27_763,4629.849,47.7156,17.0485,0.0112,2.689475,3590.0,3590.0,2712.0,1848.0,2712.3672,1848.2646,2712.3672,1848.2646,192.02438701981296,27.404343218019697,55.74,20.648,-82.71,0.36583,0.13647,-83.04,2712.3672,1848.2646,192.02438701981296,27.404343218019697,2896.4437203,3181.2973011,2896.4437203,3181.2973011,56.408,53.814,87.49,56.40786,53.81352,87.49,27.9283,19.0,3.64,2.7,0.63,0.0,27.0,993,993,26_16,26_32,279.4735,25.70814,20.0966,0.0999,398.5657,7.0,8.0,2712.0,1848.0,2712.1646,1848.0853,2712.1646,1848.0853,192.02444935348183,27.404395454859973,0.84,0.66,-47.58,0.09929,0.07832,-45.14,2712.1646,1848.0853,192.02444935348183,27.404395454859973,0.68643558061,0.79209674742,0.68643558061,0.79209674742,0.938,0.774,-56.02,0.9381251,0.7735979,-56.02,22.8924,0.0,4.41,1.272,0.214,0.157,26.0,,,0.27054620677443375
24792,24792,27_203,27_763,3408.485,39.23774,17.381,0.0125,2.704455,2294.0,2294.0,2796.0,1895.0,2795.717,1895.3482,2795.717,1895.3482,191.9984702792064,27.390350337693526,30.933,15.194,-32.57,0.24305,0.11841,-31.0,2795.717,1895.3482,191.9984702792064,27.390350337693526,174.85763884,193.62921334,174.85763884,193.62921334,14.138,12.985,-63.46,14.13751,12.98529,-63.46,27.5366,19.0,3.97,2.036,0.509,0.0,27.0,989,989,26_12,26_36,156.4444,20.23236,20.7265,0.1404,399.0881,3.0,5.0,2796.0,1895.0,2796.1528,1895.3843,2796.1528,1895.3843,191.99833260567533,27.390336214077408,0.77,0.438,19.52,0.11838,0.06817,18.49,2796.1528,1895.3843,191.99833260567533,27.390336214077408,0.99054133945,0.80185096811,0.99054133945,0.80185096811,1.019,0.869,24.11,1.018734,0.8686623,24.11,22.9267,0.0,3.23,1.757,0.431,0.481,26.0,,,0.43729263657164386
24827,24827,27_238,27_733,6946.933,35.43795,16.6079,0.0055,1.382739,165.0,165.0,3047.0,1940.0,3046.1577,1939.3464,3046.1577,1939.3464,191.9196024036077,27.37567549045444,2.707,1.252,20.82,0.01841,0.00705,21.13,3046.1577,1939.3464,191.9196024036077,27.37567549045444,0.57737889577,0.58494627507,0.57737889577,0.58494627507,0.777,0.747,49.86,0.7769033,0.7474934,49.86,25.4505,0.0,2.93,2.163,0.538,0.973,27.0,1032,1032,27_8,27_41,5054.572,68.51178,16.9532,0.0147,400.2011,42.0,47.0,3047.0,1940.0,3046.6897,1939.8357,3046.6897,1939.8357,191.9194390595702,27.3755330107714,1.613,1.362,68.27,0.0285,0.02234,72.81,3046.6897,1939.8357,191.9194390595702,27.3755330107714,0.90904283919,0.95155383503,0.90904283919,0.95155383503,0.993,0.935,56.28,0.9928139,0.9353701,56.28,22.8795,0.0,3.06,1.184,0.155,0.975,27.0,,,0.7227990661310095
24987,24987,27_398,27_621,159760.6,162.0094,13.2037,0.0011,3.035042,76.0,76.0,3034.0,1870.0,3033.703,1870.2067,3033.703,1870.2067,191.92281823100743,27.39522466388586,0.879,0.815,52.74,9.0E-4,8.3E-4,52.77,3033.703,1870.2067,191.92281823100743,27.39522466388586,0.29762657542,0.28089864302,0.29762657542,0.28089864302,0.552,0.523,28.57,0.5519731,0.5233076,28.57,26.7571,0.0,1.48,1.078,0.073,1.0,27.0,1037,1037,27_13,27_36,153463.3,197.5706,13.2474,0.0014,400.8438,155.0,166.0,3034.0,1870.0,3033.7571,1870.6055,3033.7571,1870.6055,191.92280529895547,27.39511206906869,1.931,1.725,71.49,0.00344,0.00314,75.57,3033.7571,1870.6055,191.92280529895547,27.39511206906869,1.0002604322,1.0511834073,1.0002604322,1.0511834073,1.049,0.976,55.05,1.048718,0.9755175,55.05,22.8732,0.0,3.26,1.12,0.107,0.993,27.0,,,0.4024527922625612
25071,25071,27_482,27_565,4218.202,32.05103,17.1496,0.0083,1.439862,489.0,489.0,3027.0,1794.0,3026.7694,1794.0637,3026.7694,1794.0637,191.9242118097016,27.41669075933037,7.994,4.035,32.77,0.07035,0.03604,33.08,3026.7694,1794.0637,191.9242118097016,27.41669075933037,2.5715691785,3.3466526132,2.5715691785,3.3466526132,1.862,1.565,69.81,1.862232,1.565348,69.81,25.5319,19.0,3.84,1.981,0.495,0.38,27.0,1042,1042,27_18,27_30,2053.49,61.77965,17.9312,0.0327,401.3454,37.0,42.0,3027.0,1794.0,3026.8655,1794.4178,3026.8655,1794.4178,191.9241850958352,27.416590338558134,1.886,1.234,72.24,0.06753,0.04253,73.81,3026.8655,1794.4178,191.9241850958352,27.416590338558134,1.5237927538,1.9655608848,1.5237927538,1.9655608848,1.432,1.199,68.02,1.43233,1.199076,68.02,22.8985,0.0,5.26,1.529,0.346,0.02,27.0,,,0.36690873524619716
25196,25196,27_607,27_471,2962.813,23.5499,17.5331,0.0086,1.434799,81.0,81.0,3062.0,1767.0,3061.6155,1767.4642,3061.6155,1767.4642,191.91288978059768,27.423842460688864,1.453,1.34,40.57,0.01244,0.01141,41.21,3061.6155,1767.4642,191.91288978059768,27.423842460688864,0.71768395653,0.71465384998,0.71768395653,0.71465384998,0.864,0.828,43.6,0.8643845,0.8277544,43.6,25.3533,16.0,2.53,1.084,0.078,0.983,27.0,1045,1045,27_21,27_27,1855.907,51.91055,18.041,0.0304,400.6927,23.0,28.0,3062.0,1768.0,3061.6313,1767.7037,3061.6313,1767.7037,191.9128873065539,27.42377499779241,1.333,1.184,65.46,0.04401,0.03883,72.92,3061.6313,1767.7037,191.9128873065539,27.42377499779241,0.85066720651,0.88241288128,0.85066720651,0.88241288128,0.965,0.895,52.06,0.9652067,0.8952408,52.06,22.8324,0.0,3.05,1.126,0.112,0.966,27.0,,,0.24002060328244423
25285,25285,27_696,27_402,1123.299,21.49376,18.5862,0.0208,2.728813,452.0,452.0,2614.0,1701.0,2614.3079,1701.362,2614.3079,1701.362,192.0539460894268,27.446522569664392,12.441,4.458,68.08,0.18063,0.06682,68.33,2614.3079,1701.362,192.0539460894268,27.446522569664392,1.8018887505,2.0979148052,1.8018887505,2.0979148052,1.448,1.342,89.55,1.448424,1.342338,89.55,26.9067,19.0,3.19,2.791,0.642,0.014,27.0,1005,1005,26_28,26_21,223.0029,22.1795,20.3416,0.108,398.363,6.0,6.0,2614.0,1701.0,2614.042,1701.4995,2614.042,1701.4995,192.05403176736064,27.44648631272413,0.772,0.5,0.18,0.10183,0.06248,0.01,2614.042,1701.4995,192.05403176736064,27.44648631272413,0.37642785784,0.41962225026,0.37642785784,0.41962225026,0.648,0.613,-82.94,0.6483023,0.6129881,-82.94,22.8734,0.0,1.74,1.544,0.352,0.387,26.0,,,0.2993477242269983
25827,25827,28_1,28_178,480936.3,439.0768,12.0072,0.001,2.979844,112826.0,112826.0,53.0,2495.0,380.5856,2038.4061,380.5856,2038.4061,192.76504553214835,27.369949774721054,302.339,116.065,-69.03,0.29047,0.11202,-70.09,380.5856,2038.4061,192.76504553214835,27.369949774721054,17892.48914,20179.024328,17892.48914,20179.024328,148.36,126.731,-56.3,148.3601,126.7312,-56.3,25.4924,19.0,1124.63,2.605,0.616,0.028,28.0,1072,1072,28_1,28_4,37433.28,244.3922,14.7793,0.0071,405.3173,518.0,548.0,381.0,2038.0,380.7326,2038.9192,380.7326,2038.9192,192.765003339129,27.369804389976093,7.101,4.491,55.92,0.04932,0.03086,50.7,380.7326,2038.9192,192.765003339129,27.369804389976093,19.322094801,24.755605865,19.322094801,24.755605865,5.106,4.244,66.21,5.105532,4.243966,66.21,22.786,16.0,16.98,1.581,0.368,0.001,28.0,,,0.5337420819085964
25828,25828,28_2,28_178,2017988.0,625.8488,10.4501,3.0E-4,3.165045,66790.0,66790.0,224.0,2146.0,221.3301,2145.9583,221.3301,2145.9583,192.81641810180787,27.34085913896373,45.695,25.567,-60.37,0.02186,0.01223,-58.46,221.3301,2145.9583,192.81641810180787,27.34085913896373,3.9236356518,3.6762218848,3.9236356518,3.6762218848,1.994,1.903,-22.83,1.994224,1.903399,-22.83,25.4796,23.0,21.83,1.787,0.44,0.998,28.0,1106,1106,28_35,28_9,1754810.0,594.7495,10.6018,4.0E-4,407.8002,774.0,831.0,224.0,2146.0,221.3905,2146.2227,221.3905,2146.2227,192.8164011891872,27.340784338843115,3.403,2.949,84.51,0.0016,0.00155,86.06,221.3905,2146.2227,192.8164011891872,27.340784338843115,4.7019786018,5.3044937704,4.7019786018,5.3044937704,2.303,2.168,89.59,2.303155,2.168398,89.59,22.9653,2.0,19.01,1.154,0.133,0.916,28.0,,,0.2712112092079053
25862,25862,28_36,28_179,12176.33,45.31734,15.9986,0.004,2.847259,32.0,32.0,25.0,2518.0,25.279,2517.8344,25.279,2517.8344,192.8815696100953,27.237667212257023,0.813,0.583,-0.65,0.00314,0.00226,-1.02,25.279,2517.8344,192.8815696100953,27.237667212257023,0.19325046218,0.083980906078,0.19325046218,0.083980906078,0.44,0.29,-0.01,0.4396026,0.2897946,-0.01,24.9274,24.0,1.32,1.394,0.282,0.986,28.0,1077,1077,28_6,28_40,11611.56,72.71824,16.0502,0.0068,407.5918,39.0,40.0,25.0,2518.0,25.3848,2517.9645,25.3848,2517.9645,192.88153719006743,27.23762986728728,1.513,0.992,0.65,0.01496,0.0091,-0.64,25.3848,2517.9645,192.88153719006743,27.23762986728728,0.6617805708,0.4356335455,0.6617805708,0.4356335455,0.814,0.659,3.82,0.8141225,0.6592562,3.82,22.8358,24.0,3.63,1.525,0.344,0.983,28.0,6,2,0.16768914693551995
25862,25862,28_36,28_179,12176.33,45.31734,15.9986,0.004,2.847259,32.0,32.0,25.0,2518.0,25.279,2517.8344,25.279,2517.8344,192.8815696100953,27.237667212257023,0.813,0.583,-0.65,0.00314,0.00226,-1.02,25.279,2517.8344,192.8815696100953,27.237667212257023,0.19325046218,0.083980906078,0.19325046218,0.083980906078,0.44,0.29,-0.01,0.4396026,0.2897946,-0.01,24.9274,24.0,1.32,1.394,0.282,0.986,28.0,1377,1377,35_3,35_3,17843.87,100.3713,15.5837,0.0061,408.8161,69.0,75.0,25.0,2519.0,25.519,2519.088,25.519,2519.088,192.8815038660541,27.237312903245517,1.697,1.524,55.01,0.01232,0.0111,51.56,25.519,2519.088,192.8815038660541,27.237312903245517,0.85251546623,0.89203610203,0.85251546623,0.89203610203,0.966,0.9,54.35,0.9663914,0.900355,54.35,22.776,16.0,2.93,1.113,0.102,0.983,35.0,6,2,1.276367094530415
25887,25887,28_61,28_128,9616.048,40.54911,16.2549,0.0046,3.016295,41.0,41.0,3.0,2461.0,3.1984000000000004,2460.6486,3.1984000000000004,2460.6486,192.88809205432727,27.25390863467752,0.943,0.812,80.91,0.00414,0.00359,81.1,3.1984000000000004,2460.6486,192.88809205432727,27.25390863467752,0.24439618731,0.34042810908,0.24439618731,0.34042810908,0.584,0.494,85.56,0.5839607,0.4937754,85.56,24.9743,16.0,1.56,1.162,0.139,0.977,28.0,1085,1085,28_14,28_30,9197.171,77.76627,16.3033,0.0092,405.9525,52.0,58.0,3.0,2461.0,2.9302,2460.9374,2.9302,2460.9374,192.88817928372217,27.25382930447975,1.636,1.443,64.69,0.01888,0.01637,68.28,2.9302,2460.9374,192.88817928372217,27.25382930447975,0.86211070654,0.88984855497,0.86211070654,0.88984855497,0.967,0.904,51.81,0.9669049,0.9039105,51.81,22.8799,24.0,3.01,1.134,0.118,0.982,28.0,,,0.39412774578794935
25919,25919,28_93,28_103,20095.22,58.03153,15.4547,0.0031,5.312464,61.0,61.0,477.0,2374.0,476.9083,2373.8734,476.9083,2373.8734,192.73741131153827,27.2748899237,0.97,0.905,57.85,0.00291,0.00273,56.75,476.9083,2373.8734,192.73741131153827,27.2748899237,0.34185212648,0.36227724402,0.34185212648,0.36227724402,0.607,0.579,63.91,0.6072227,0.5791458,63.91,27.7,0.0,1.64,1.071,0.066,0.997,28.0,1091,1091,28_20,28_24,17532.79,94.95087,15.6028,0.0059,404.7026,74.0,78.0,477.0,2374.0,477.0236,2374.2293,477.0236,2374.2293,192.73737786332072,27.274788971434496,1.713,1.544,65.09,0.01294,0.01189,74.68,477.0236,2374.2293,192.73737786332072,27.274788971434496,0.85205906575,0.92434631225,0.85205906575,0.92434631225,0.978,0.906,61.13,0.9777161,0.9058015,61.13,22.862,0.0,3.04,1.11,0.099,0.988,28.0,,,0.37411081246070904
25929,25929,28_103,28_95,52700.16,93.18268,14.4079,0.0019,5.690282,64.0,64.0,389.0,2303.0,388.9914,2302.7705,388.9914,2302.7705,192.76464101091997,27.29553495118421,0.876,0.813,61.45,0.00159,0.00148,61.98,388.9914,2302.7705,192.76464101091997,27.29553495118421,0.24853783718,0.29080759041,0.24853783718,0.29080759041,0.541,0.497,78.16,0.5410648,0.4965826,78.16,99.0,0.0,1.51,1.078,0.072,1.0,28.0,1098,1098,28_27,28_17,48613.71,129.6804,14.4955,0.0029,404.666,104.0,113.0,389.0,2303.0,389.1281,2303.1332,389.1281,2303.1332,192.76460081386284,27.29543193677915,1.81,1.632,60.33,0.00696,0.00645,55.54,389.1281,2303.1332,192.76460081386284,27.29543193677915,0.8695544278,0.93604571858,0.8695544278,0.93604571858,0.985,0.914,59.76,0.9850162,0.9139712,59.76,22.8755,0.0,3.07,1.109,0.098,0.989,28.0,,,0.3876057017125789
25953,25953,28_127,28_74,24289.12,63.71739,15.2489,0.0028,5.883113,54.0,54.0,259.0,2089.0,259.5276,2089.4308,259.5276,2089.4308,192.80383982615305,27.35648134127867,0.944,0.879,56.25,0.00254,0.00237,58.69,259.5276,2089.4308,192.80383982615305,27.35648134127867,0.34718266963,0.35040426746,0.34718266963,0.35040426746,0.605,0.576,47.65,0.6051764,0.5756288,47.65,27.8494,0.0,1.82,1.073,0.068,0.984,28.0,1109,1109,28_38,28_7,21256.44,98.9599,15.3937,0.0051,406.4082,76.0,80.0,259.0,2089.0,259.6677,2089.805,259.6677,2089.805,192.80379859611395,27.356375081358383,1.741,1.521,63.14,0.0115,0.00987,63.74,259.6677,2089.805,192.80379859611395,27.356375081358383,0.8442239852,0.91168681055,0.8442239852,0.91168681055,0.97,0.903,61.25,0.96991,0.9028761,61.25,22.9033,0.0,3.02,1.145,0.127,0.982,28.0,,,0.3995668279522401
25955,25955,28_129,28_72,47036.86,88.25088,14.5313,0.002,5.824837,56.0,56.0,156.0,2082.0,156.1903,2081.6503,156.1903,2081.6503,192.8365171293908,27.359415222085,0.89,0.81,49.88,0.0017,0.00155,48.7,156.1903,2081.6503,192.8365171293908,27.359415222085,0.27161178592,0.31539989628,0.27161178592,0.31539989628,0.566,0.516,72.28,0.5660195,0.5163657,72.28,27.6399,0.0,1.53,1.098,0.089,0.989,28.0,1111,1111,28_40,28_5,43041.45,124.5963,14.6277,0.0031,406.0625,96.0,106.0,156.0,2082.0,156.3428,2082.017,156.3428,2082.017,192.8364718744361,27.35931099094204,1.81,1.596,58.87,0.0075,0.00669,64.96,156.3428,2082.017,192.8364718744361,27.35931099094204,0.86332449156,0.90789336027,0.86332449156,0.90789336027,0.977,0.904,54.39,0.9771555,0.9035402,54.39,22.8972,0.0,3.03,1.134,0.118,0.985,28.0,,,0.39714624510377566
25973,25973,28_147,28_178,732841.8,355.5778,11.5499,5.0E-4,2.928361,6735.0,6735.0,431.0,2382.0,430.7955,2381.9066000000003,430.7955,2381.9066000000003,192.75207978464044,27.27297020783705,5.517,4.522,-79.79,0.00414,0.00361,-83.79,430.7955,2381.9066000000003,192.75207978464044,27.27297020783705,0.3418808462,0.36546364642,0.3418808462,0.36546364642,0.61,0.579,65.39,0.6096951,0.5793241,65.39,25.451,6.0,1.65,1.22,0.18,1.0,28.0,1089,1089,28_18,28_26,699110.8,374.8213,11.601,6.0E-4,405.4311,315.0,329.0,431.0,2382.0,430.9112,2382.2674,430.9112,2382.2674,192.7520462375572,27.272867877407343,2.051,1.834,62.41,0.00161,0.00142,54.14,430.9112,2382.2674,192.7520462375572,27.272867877407343,1.0486118755,1.1570836947,1.0486118755,1.1570836947,1.09,1.009,64.88,1.089785,1.008992,64.88,22.9063,4.0,3.84,1.118,0.106,0.993,28.0,,,0.3788972552024465
25974,25974,28_148,28_178,188921.0,176.0467,13.0217,0.001,3.461872,21.0,21.0,221.0,2136.0,220.7879,2136.0624,220.7879,2136.0624,192.81650669807829,27.343646326611715,0.561,0.51,6.97,5.2E-4,4.8E-4,7.02,220.7879,2136.0624,192.81650669807829,27.343646326611715,0.15118413849,0.12391975216,0.15118413849,0.12391975216,0.389,0.352,0.26,0.3888248,0.3520216,0.26,25.3701,7.0,3.13,1.1,0.091,1.0,28.0,1107,1107,28_36,28_9,155304.8,168.758,13.2344,0.0012,415.412,38.0,38.0,220.0,2136.0,220.734,2136.0469,220.734,2136.0469,192.81652364380915,27.3436510753381,1.06,1.037,-28.73,0.00131,0.00125,78.29,220.734,2136.0469,192.81652364380915,27.3436510753381,0.36912401219,0.30899199357,0.36912401219,0.30899199357,0.666,0.484,-36.69,0.6664932,0.483635,-36.69,23.4702,7.0,1.22,1.023,0.022,0.997,28.0,,,0.05608440068324769
26019,26019,28_193,28_164,6593.976,34.06581,16.6645,0.0056,2.985224,58.0,58.0,231.0,2508.0,230.7242,2507.9339,230.7242,2507.9339,192.8164742184717,27.238980643592537,1.105,1.042,11.46,0.00621,0.0058,1.79,230.7242,2507.9339,192.8164742184717,27.238980643592537,0.47289461296,0.45071407084,0.47289461296,0.45071407084,0.692,0.667,24.19,0.691739,0.6671626,24.19,25.086,0.0,1.94,1.061,0.058,0.982,28.0,1114,1114,28_43,28_38,5126.628,63.02065,16.9378,0.0133,405.431,36.0,40.0,231.0,2508.0,230.6048,2507.7934,230.6048,2507.7934,192.81651083402056,27.239021025007133,1.609,1.282,63.98,0.02855,0.02022,68.32,230.6048,2507.7934,192.81651083402056,27.239021025007133,0.85023336474,0.92099871135,0.85023336474,0.92099871135,0.973,0.908,62.44,0.973398,0.9075948,62.44,22.8766,3.0,2.98,1.255,0.203,0.982,28.0,,,0.18438169648853212
26027,26027,28_201,28_158,46059.89,87.3357,14.5541,0.0021,2.98198,60.0,60.0,229.0,2499.0,228.907,2499.2239,228.907,2499.2239,192.81697670970496,27.241443658258504,0.894,0.831,54.81,0.00173,0.00162,54.64,228.907,2499.2239,192.81697670970496,27.241443658258504,0.27238220306,0.29695021709,0.27238220306,0.29695021709,0.549,0.518,69.5,0.548582,0.5180639,69.5,25.1276,0.0,1.5,1.076,0.071,0.977,28.0,1075,1075,28_4,28_38,42593.02,126.4634,14.6391,0.0032,405.3859,107.0,115.0,229.0,2499.0,228.9801,2499.494,228.9801,2499.494,192.81695582672,27.241367158481797,1.976,1.636,65.44,0.00921,0.00708,66.07,228.9801,2499.494,192.81695582672,27.241367158481797,0.88570372751,0.94515256005,0.88570372751,0.94515256005,0.991,0.921,58.23,0.991024,0.9212642,58.23,22.8765,2.0,2.84,1.208,0.172,0.994,28.0,,,0.2798171188474659
26038,26038,29_1,29_444,4999.812,50.14716,16.965,0.0109,3.128893,3169.0,3169.0,887.0,2146.0,887.5046,2145.9682,887.5046,2145.9682,192.60537097213927,27.33589825034711,39.196,18.844,40.78,0.25048,0.12086,40.35,887.5046,2145.9682,192.60537097213927,27.33589825034711,77.611109878,86.357173441,77.611109878,86.357173441,9.335,8.765,74.0,9.334908,8.765144,74.0,27.5407,19.0,2.92,2.08,0.519,0.021,29.0,1150,1150,29_36,29_10,735.348,37.95407,19.0462,0.0561,404.6517,15.0,17.0,887.0,2146.0,887.5316,2146.0387,887.5316,2146.0387,192.6053630508583,27.335878216266316,1.136,0.947,66.79,0.07121,0.0557,74.19,887.5316,2146.0387,192.6053630508583,27.335878216266316,0.85379425792,0.81216291643,0.85379425792,0.81216291643,0.954,0.87,37.15,0.9538738,0.8695297,37.15,22.9201,0.0,2.92,1.199,0.166,0.661,29.0,,,0.07549337719323333
26039,26039,29_2,29_444,31419.48,95.50301,14.9694,0.0033,1.674593,7632.0,7632.0,806.0,2226.0,805.7067,2225.2337,805.7067,2225.2337,192.63198933140563,27.31423083180364,67.151,25.792,50.59,0.23992,0.09208,51.08,805.7067,2225.2337,192.63198933140563,27.31423083180364,8217.1708935,8383.5244697,8217.1708935,8383.5244697,92.421,89.772,55.08,92.42117,89.77206,55.08,25.6594,19.0,13.22,2.604,0.616,0.02,29.0,1141,1141,29_27,29_19,9473.933,117.4539,16.2711,0.0135,405.3462,149.0,158.0,806.0,2226.0,805.8277,2225.646,805.8277,2225.646,192.6319546727701,27.3141139549016,5.201,1.713,44.73,0.07535,0.02498,44.51,805.8277,2225.646,192.6319546727701,27.3141139549016,7.4277373194,7.2776042078,7.4277373194,7.2776042078,3.345,1.875,44.44,3.344952,1.87527,44.44,22.9516,0.0,14.71,3.035,0.671,0.002,29.0,,,0.4296885965440429
26040,26040,29_3,29_444,9354.822,59.48677,16.2848,0.0069,3.151753,3944.0,3944.0,788.0,2203.0,788.3429,2203.0748,788.3429,2203.0748,192.63729229514877,27.320594884444635,39.921,20.737,-58.82,0.20562,0.10544,-58.59,788.3429,2203.0748,192.63729229514877,27.320594884444635,27.168001959,24.955812317,27.168001959,24.955812317,5.395,4.798,-34.34,5.394735,4.797984,-34.34,27.7087,19.0,4.62,1.925,0.481,0.028,29.0,1144,1144,29_30,29_16,3201.216,79.17831,17.4491,0.0269,405.1418,66.0,74.0,788.0,2203.0,788.4627,2203.3435,788.4627,2203.3435,192.63725673419955,27.320518404545098,2.381,1.918,-20.2,0.06724,0.05384,-22.05,788.4627,2203.3435,192.63725673419955,27.320518404545098,4.6229049864,4.152740956,4.6229049864,4.152740956,2.158,2.029,-14.62,2.158062,2.029388,-14.62,22.9374,0.0,6.74,1.241,0.194,0.001,29.0,,,0.29419675389109334
26041,26041,29_4,29_383,95677.2,137.8449,13.7604,0.0016,1.588573,5110.0,5110.0,959.0,2186.0,959.2125,2186.121,959.2125,2186.121,192.5830169109293,27.324054074669235,14.375,11.622,58.65,0.02882,0.02064,60.32,959.2125,2186.121,192.5830169109293,27.324054074669235,6.6582882988,2.9311545049,6.6582882988,2.9311545049,2.769,1.386,-24.8,2.769413,1.385567,-24.8,25.593,19.0,5.37,1.237,0.191,0.24,29.0,1146,1146,29_32,29_14,76184.18,222.4516,14.0077,0.0032,404.3846,442.0,469.0,959.0,2186.0,959.3322,2186.5487,959.3322,2186.5487,192.5829828536289,27.32393286729913,6.628,2.406,-25.06,0.02826,0.00977,-25.61,959.3322,2186.5487,192.5829828536289,27.32393286729913,6.4258823378,4.0184569748,6.4258823378,4.0184569748,2.66,1.836,-24.72,2.659574,1.83603,-24.72,22.9007,0.0,7.96,2.754,0.637,0.029,29.0,,,0.44413441659002545
26044,26044,29_7,29_377,3172.926,36.63574,17.4588,0.0125,3.088369,1764.0,1764.0,744.0,2144.0,743.5927,2143.835,743.5927,2143.835,192.65094306102185,27.33759492324012,28.657,15.414,-64.75,0.24298,0.13212,-65.22,743.5927,2143.835,192.65094306102185,27.33759492324012,43.321032972,39.853611534,43.321032972,39.853611534,6.905,5.958,-36.73,6.905049,5.957763,-36.73,27.6343,19.0,3.04,1.859,0.462,0.026,29.0,1151,1151,29_37,29_9,796.3334,38.92738,18.9597,0.0531,403.7108,15.0,18.0,743.0,2144.0,743.6704,2143.9643,743.6704,2143.9643,192.6509195895474,27.337557970770074,1.137,1.031,29.94,0.06789,0.06137,32.4,743.6704,2143.9643,192.6509195895474,27.337557970770074,0.99495662902,0.94105954944,0.99495662902,0.94105954944,0.998,0.97,7.25,0.9979189,0.9696257,7.25,22.8711,0.0,3.37,1.102,0.093,0.634,29.0,,,0.1508501905865715
26045,26045,29_8,29_377,4280.612,47.57236,17.1336,0.0121,3.135943,3074.0,3074.0,734.0,2119.0,734.0672999999999,2118.974,734.0672999999999,2118.974,192.6537409147581,27.344658884938514,32.501,27.096,7.96,0.22005,0.17901,8.46,734.0672999999999,2118.974,192.6537409147581,27.344658884938514,1336.9622332,1225.8418855,1336.9622332,1225.8418855,37.099,34.445,-27.09,37.09907,34.44508,-27.09,27.8553,19.0,3.26,1.2,0.166,0.0,29.0,1152,1152,29_38,29_8,408.0349,28.91952,19.6857,0.077,403.7284,10.0,10.0,734.0,2119.0,733.9817,2119.181,733.9817,2119.181,192.6537698655987,27.344601316172312,0.914,0.747,-87.1,0.08361,0.06624,-89.9,733.9817,2119.181,192.6537698655987,27.344601316172312,0.73102868122,0.89263251146,0.73102868122,0.89263251146,0.948,0.851,-78.6,0.9484123,0.8509849,-78.6,22.872,0.0,3.24,1.224,0.183,0.554,29.0,,,0.22400080356983262
26054,26054,29_17,29_123,1567.893,19.72088,18.2241,0.0137,2.961778,197.0,197.0,540.0,2058.0,539.54,2058.1928,539.54,2058.1928,192.714844854186,27.363211732847027,3.239,2.817,23.59,0.0444,0.03746,10.0,539.54,2058.1928,192.714844854186,27.363211732847027,1.6819873196,2.1030457343,1.6819873196,2.1030457343,1.477,1.266,68.42,1.476851,1.266469,68.42,26.861,3.0,4.3,1.15,0.13,0.028,29.0,1155,1155,29_41,29_5,828.8168,44.67301,18.9163,0.0585,405.199,19.0,23.0,539.0,2058.0,539.6194,2058.4522,539.6194,2058.4522,192.7148219477252,27.36313818840094,1.481,0.933,76.78,0.0955,0.05935,78.65,539.6194,2058.4522,192.7148219477252,27.36313818840094,1.5121228768,2.1490803114,1.5121228768,2.1490803114,1.501,1.187,69.53,1.500717,1.187035,69.53,22.8833,0.0,6.45,1.587,0.37,0.005,29.0,,,0.27127978177557527
26068,26068,29_31,29_67,1984.919,20.95364,17.9681,0.0115,1.472587,172.0,172.0,557.0,2028.0,557.0861,2028.7136,557.0861,2028.7136,192.70902817397925,27.371371955240217,3.374,1.961,51.39,0.0454,0.02455,51.87,557.0861,2028.7136,192.70902817397925,27.371371955240217,1.4386603648,1.3828449297,1.4386603648,1.3828449297,1.236,1.138,38.08,1.235889,1.137578,38.08,25.4706,0.0,4.55,1.721,0.419,0.85,29.0,1157,1157,29_43,29_2,988.3527,43.02318,18.7251,0.0473,404.2623,20.0,21.0,557.0,2028.0,556.8453,2028.1279,556.8453,2028.1279,192.70909938544835,27.371538470594317,1.362,0.982,43.58,0.07311,0.0514,44.91,556.8453,2028.1279,192.70909938544835,27.371538470594317,1.1362057262,1.0704571946,1.1362057262,1.0704571946,1.127,0.968,39.32,1.127017,0.9677269,39.32,22.8347,0.0,3.85,1.388,0.279,0.453,29.0,,,0.6332686080962172
26072,26072,29_35,29_60,3600.304,26.03527,17.3216,0.0079,2.94125,131.0,131.0,528.0,2034.0,527.904,2033.5688,527.904,2033.5688,192.7183183405004,27.37022348471698,2.192,1.343,-10.46,0.0213,0.01053,-10.95,527.904,2033.5688,192.7183183405004,27.37022348471698,0.62855300418,0.63583468346,0.62855300418,0.63583468346,0.806,0.785,51.28,0.805571,0.7845019,51.28,26.8682,0.0,2.65,1.631,0.387,0.982,29.0,1156,1156,29_42,29_3,2459.395,55.22723,17.7353,0.0244,405.1731,28.0,32.0,528.0,2034.0,527.5905,2033.9118,527.5905,2033.9118,192.71842066762792,27.370129347071423,1.364,1.236,79.78,0.03806,0.03343,89.59,527.5905,2033.9118,192.71842066762792,27.370129347071423,0.77725575632,0.82506591016,0.77725575632,0.82506591016,0.916,0.874,64.92,0.9156786,0.8739877,64.92,22.8606,0.0,3.03,1.104,0.094,0.95,29.0,,,0.46468403243498296
26119,26119,29_82,29_682,3431.113,37.6175,17.3738,0.0119,2.971283,1305.0,1305.0,838.0,2473.0,838.2556,2472.9526,838.2556,2472.9526,192.6238857832871,27.24431206366251,26.834,10.931,-23.16,0.22742,0.09185,-23.57,838.2556,2472.9526,192.6238857832871,27.24431206366251,0.15463248519,0.15263072412,0.15463248519,0.15263072412,0.394,0.39,-22.45,0.3937573,0.3901518,-22.45,27.185,19.0,3.83,2.455,0.593,0.027,29.0,1118,1118,29_4,29_42,889.2784,42.70441,18.8398,0.0522,404.1403,19.0,21.0,838.0,2473.0,838.0174,2472.99,838.0174,2472.99,192.62396151165635,27.2443033605513,1.21,1.181,-27.1,0.06493,0.06482,-27.28,838.0174,2472.99,192.62396151165635,27.2443033605513,1.6218076322,1.5849979696,1.6218076322,1.5849979696,1.295,1.237,-37.67,1.294656,1.237203,-37.67,22.8826,0.0,5.22,1.025,0.024,0.007,29.0,,,0.2411182282615336
26204,26204,29_167,29_616,753.7197,13.40045,19.0194,0.0193,1.422246,75.0,75.0,509.0,2464.0,509.4543,2464.3199,509.4543,2464.3199,192.7278856273169,27.24920997413831,1.86,1.645,6.19,0.03658,0.0324,6.25,509.4543,2464.3199,192.7278856273169,27.24920997413831,1.241936043,1.2732223034,1.241936043,1.2732223034,1.134,1.109,61.96,1.13385,1.108848,61.96,25.4067,16.0,3.87,1.131,0.116,0.868,29.0,1084,1084,28_13,28_31,283.5775,25.0155,20.0807,0.0958,404.6737,7.0,7.0,509.0,2464.0,508.6952,2464.1678,508.6952,2464.1678,192.72812459844167,27.24925837329885,0.838,0.596,61.34,0.09812,0.06788,59.66,508.6952,2464.1678,192.72812459844167,27.24925837329885,0.56346920847,0.59160010006,0.56346920847,0.59160010006,0.799,0.718,51.63,0.7992688,0.7184975,51.63,22.8473,16.0,2.57,1.405,0.288,0.478,28.0,,,0.7741881037576852
26219,26219,29_182,29_610,123225.2,142.2792,13.4857,0.0013,3.060137,72.0,72.0,815.0,2459.0,815.4347,2459.376,815.4347,2459.376,192.6309887289275,27.24830439123496,0.852,0.808,56.68,9.9E-4,9.4E-4,56.66,815.4347,2459.376,192.6309887289275,27.24830439123496,0.31307509489,0.3084288616,0.31307509489,0.3084288616,0.569,0.546,39.87,0.5690191,0.5456383,39.87,27.3225,0.0,1.54,1.054,0.052,0.985,29.0,1119,1119,29_5,29_41,117838.2,177.8784,13.5342,0.0016,404.6772,146.0,154.0,815.0,2459.0,815.558,2459.7437,815.558,2459.7437,192.63095296178253,27.24820003468073,1.886,1.719,67.21,0.0041,0.00372,74.58,815.558,2459.7437,192.63095296178253,27.24820003468073,0.91100056286,0.976498267,0.91100056286,0.976498267,1.001,0.941,61.82,1.001427,0.9405544,61.82,22.9083,0.0,3.08,1.097,0.088,0.984,29.0,,,0.38782235624037426
26317,26317,29_280,29_547,89325.52,132.6914,13.835,0.0016,3.01113,6042.0,6042.0,668.0,2366.0,668.0765,2365.1853,668.0765,2365.1853,192.6768089248016,27.27591008737001,16.408,10.609,-32.48,0.03216,0.02112,-33.84,668.0765,2365.1853,192.6768089248016,27.27591008737001,0.35096854363,0.35540601052,0.35096854363,0.35540601052,0.605,0.583,49.99,0.6049728,0.583423,49.99,27.6506,1.0,2.83,1.547,0.353,0.924,29.0,1127,1127,29_13,29_33,76520.26,151.4921,14.003,0.0022,403.8769,123.0,132.0,668.0,2366.0,668.2755999999999,2366.5094,668.2755999999999,2366.5094,192.67675748216385,27.27553618090884,1.857,1.681,62.76,0.00525,0.00485,68.52,668.2755999999999,2366.5094,192.67675748216385,27.27553618090884,0.90737526467,0.95426425017,0.90737526467,0.95426425017,0.994,0.935,57.21,0.9937543,0.9349288,57.21,22.872,0.0,3.04,1.104,0.095,0.984,29.0,,,1.3389852949153276
26321,26321,29_284,29_544,11193.28,43.30042,16.09,0.0042,3.064489,72.0,72.0,874.0,2414.0,873.5586000000001,2413.8891,873.5586000000001,2413.8891,192.6121845848444,27.26065435636046,1.063,1.007,39.77,0.00431,0.00407,40.65,873.5586000000001,2413.8891,192.6121845848444,27.26065435636046,0.41707823177,0.38961077815,0.41707823177,0.38961077815,0.65,0.62,21.22,0.6495789,0.6202711,21.22,27.4418,0.0,1.85,1.056,0.053,0.994,29.0,1122,1122,29_8,29_38,8993.62,76.04006,16.3276,0.0092,404.0826,52.0,56.0,874.0,2414.0,873.6329000000001,2414.2086,873.6329000000001,2414.2086,192.61216391543837,27.26056392788037,1.58,1.443,60.66,0.01767,0.01634,58.44,873.6329000000001,2414.2086,192.61216391543837,27.26056392788037,0.84682747837,0.88330722017,0.84682747837,0.88330722017,0.955,0.904,56.4,0.9550608,0.9044299,56.4,22.908,0.0,2.89,1.095,0.087,0.983,29.0,,,0.3280255173001616
26367,26367,29_330,29_507,48852.01,89.76904,14.4902,0.002,1.676349,66.0,66.0,520.0,2395.0,520.0931,2394.7856,520.0931,2394.7856,192.7239188730544,27.26868870818409,0.888,0.835,63.26,0.00165,0.00156,63.87,520.0931,2394.7856,192.7239188730544,27.26868870818409,0.26527597136,0.29991992995,0.26527597136,0.29991992995,0.549,0.513,78.0,0.5491436,0.5134562,78.0,25.3996,0.0,1.51,1.063,0.06,0.981,29.0,1123,1123,29_9,29_37,44922.15,127.7327,14.5813,0.0031,404.242,102.0,115.0,520.0,2395.0,520.2188,2395.1447,520.2188,2395.1447,192.72388217413007,27.26858677548634,1.821,1.648,63.41,0.00745,0.00701,59.52,520.2188,2395.1447,192.72388217413007,27.26858677548634,0.87459671976,0.94307697082,0.87459671976,0.94307697082,0.984,0.922,62.68,0.9838656,0.921782,62.68,22.8814,0.0,3.04,1.105,0.095,0.994,29.0,,,0.3804645844224508
26372,26372,29_335,29_503,3777.016,27.36493,17.2695,0.0079,2.908928,283.0,283.0,775.0,2392.0,774.8335,2392.3552,774.8335,2392.3552,192.6432479902864,27.2674627750362,6.161,3.237,-26.65,0.06459,0.03187,-24.85,774.8335,2392.3552,192.6432479902864,27.2674627750362,0.68033773967,0.67655269903,0.68033773967,0.67655269903,0.831,0.816,40.79,0.8314874,0.8157936,40.79,27.4732,3.0,2.31,1.903,0.474,0.853,29.0,1124,1124,29_10,29_36,2555.679,55.95895,17.6936,0.0238,402.8008,30.0,34.0,775.0,2392.0,774.8942999999999,2392.59,774.8942999999999,2392.59,192.6432308182468,27.267396275507835,1.387,1.272,55.54,0.03955,0.03496,49.5,774.8942999999999,2392.59,192.6432308182468,27.267396275507835,0.83326727999,0.86549039678,0.83326727999,0.86549039678,0.937,0.906,62.41,0.9368023,0.9061783,62.41,22.8133,0.0,2.87,1.091,0.083,0.968,29.0,,,0.242544181542415
26373,26373,29_336,29_503,3211.82,37.7111,17.4455,0.0128,2.897054,1902.0,1902.0,758.0,2364.0,758.3661999999999,2364.5863,758.3661999999999,2364.5863,192.64821616141944,27.275397658306616,22.48,9.992,-19.95,0.19093,0.08354,-19.59,758.3661999999999,2364.5863,192.64821616141944,27.275397658306616,1.799493317,1.7172954702,1.799493317,1.7172954702,1.344,1.308,-14.3,1.34358,1.308274,-14.3,27.3676,3.0,3.29,2.25,0.555,0.016,29.0,1129,1129,29_15,29_31,546.7987,34.69754,19.3678,0.0689,404.6897,13.0,14.0,758.0,2364.0,758.428,2364.6555,758.428,2364.6555,192.64819720578163,27.275377727635643,0.983,0.956,5.98,0.07319,0.07156,5.11,758.428,2364.6555,192.64819720578163,27.275377727635643,0.98119627267,0.90207441479,0.98119627267,0.90207441479,0.991,0.95,4.39,0.9907903,0.9495289,4.39,22.9056,0.0,3.32,1.029,0.028,0.55,29.0,,,0.09277866133974547
26374,26374,29_337,29_503,4336.959,45.33397,17.1194,0.0114,2.947085,2781.0,2781.0,793.0,2322.0,792.8542,2321.8701,792.8542,2321.8701,192.6369178616607,27.287150033315093,28.125,18.329,25.98,0.1991,0.12875,26.01,792.8542,2321.8701,192.6369178616607,27.287150033315093,93.464192305,91.581543227,93.464192305,91.581543227,9.929,9.299,-40.53,9.928878,9.298554,-40.53,27.424,3.0,2.93,1.534,0.348,0.022,29.0,1132,1132,29_18,29_28,576.0662,33.27221,19.3112,0.0627,404.2768,11.0,13.0,793.0,2322.0,792.7124,2321.9727,792.7124,2321.9727,192.63696367317024,27.287122254549395,1.092,0.755,-0.07,0.08115,0.05074,-0.03,792.7124,2321.9727,192.63696367317024,27.287122254549395,0.68295221808,0.61484802754,0.68295221808,0.61484802754,0.826,0.784,2.31,0.8264766,0.7840515,2.31,22.9009,0.0,2.75,1.446,0.309,0.556,29.0,,,0.17502571239660097
26375,26375,29_338,29_503,3644.435,41.36266,17.3083,0.0123,3.007705,2250.0,2250.0,767.0,2309.0,767.4326,2308.7224,767.4326,2308.7224,192.64485136598145,27.29104073688508,22.455,13.277,-54.17,0.16714,0.10034,-55.83,767.4326,2308.7224,192.64485136598145,27.29104073688508,127.81505387,138.77302098,127.81505387,138.77302098,11.985,11.088,-60.97,11.98548,11.08767,-60.97,27.5116,3.0,58.92,1.691,0.409,0.0,29.0,1134,1134,29_20,29_26,218.0924,24.15803,20.3658,0.1203,404.103,6.0,7.0,767.0,2309.0,767.5348,2309.147,767.5348,2309.147,192.6448227605604,27.29092054389374,0.889,0.603,-10.41,0.12285,0.08426,-10.86,767.5348,2309.147,192.6448227605604,27.29092054389374,1.01805959,0.7777478951,1.01805959,0.7777478951,1.025,0.864,-18.82,1.024519,0.86381,-18.82,22.8878,0.0,4.34,1.474,0.322,0.488,29.0,,,0.43672645901051327
26376,26376,29_339,29_502,544.9608,12.43735,19.3715,0.0248,3.066968,113.0,113.0,905.0,2389.0,905.2123,2388.8338,905.2123,2388.8338,192.6019395639537,27.267458640200328,2.538,2.034,-52.05,0.05721,0.04415,-53.69,905.2123,2388.8338,192.6019395639537,27.267458640200328,1.534241812,1.5613011542,1.534241812,1.5613011542,1.255,1.233,-59.79,1.25506,1.233032,-59.79,27.2209,3.0,3.6,1.248,0.198,0.02,29.0,1125,1125,29_11,29_35,153.0861,20.28398,20.7501,0.1439,405.0565,4.0,5.0,905.0,2389.0,905.1649,2389.3684,905.1649,2389.3684,192.6019593581822,27.267308648213906,0.765,0.44,18.41,0.12539,0.07234,18.54,905.1649,2389.3684,192.6019593581822,27.267308648213906,0.7179131552,0.55088950672,0.7179131552,0.55088950672,0.854,0.735,13.73,0.8535332,0.7350399,13.73,22.9695,0.0,3.38,1.738,0.425,0.487,29.0,,,0.5366972330839386
26463,26463,29_426,29_444,3205.31,36.42234,17.4477,0.0123,3.078186,1583.0,1583.0,860.0,2305.0,860.0073,2305.3748,860.0073,2305.3748,192.6155064476337,27.29127747666941,21.02,8.611,38.55,0.18075,0.07571,38.52,860.0073,2305.3748,192.6155064476337,27.29127747666941,1.0480433292,1.0406595116,1.0480433292,1.0406595116,1.081,0.959,44.15,1.08089,0.9593643,44.15,27.6667,3.0,3.46,2.441,0.59,0.027,29.0,1135,1135,29_21,29_25,1057.476,44.16262,18.6517,0.0454,403.1261,22.0,23.0,860.0,2306.0,860.0613000000001,2305.5875,860.0613000000001,2305.5875,192.615491246757,27.29121724301819,1.464,1.005,53.34,0.07547,0.05038,56.48,860.0613000000001,2305.5875,192.615491246757,27.29121724301819,1.1293939331,1.1569388245,1.1293939331,1.1569388245,1.169,0.96,46.78,1.168584,0.9595536,46.78,22.8615,0.0,4.55,1.456,0.313,0.144,29.0,,,0.21944769308431283
26484,26484,29_447,29_431,956.9519,16.15692,18.7602,0.0183,1.608794,121.0,121.0,1005.0,2329.0,1004.2337,2327.867,1004.2337,2327.867,192.57003925771207,27.28384176834105,3.288,1.788,49.76,0.0621,0.03178,49.33,1004.2337,2327.867,192.57003925771207,27.28384176834105,2.0068727117,2.1686879026,2.0068727117,2.1686879026,1.476,1.413,75.67,1.476475,1.41265,75.67,25.3528,16.0,5.54,1.84,0.456,0.777,29.0,1130,1130,29_16,29_30,296.0694,26.3127,20.0339,0.0965,403.3021,7.0,8.0,1005.0,2329.0,1004.8551,2328.8414,1004.8551,2328.8414,192.5698513134633,27.283562913986703,0.805,0.676,-45.01,0.09076,0.0721,-45.07,1004.8551,2328.8414,192.5698513134633,27.283562913986703,0.63067610076,0.65319947085,0.63067610076,0.65319947085,0.809,0.793,76.98,0.8089941,0.7933499,76.98,22.8616,0.0,2.62,1.191,0.161,0.486,29.0,,,1.1556787269822106
26496,26496,29_459,29_422,5725.17,36.99071,16.8179,0.007,1.576356,605.0,605.0,970.0,2305.0,971.2254,2304.8428,971.2254,2304.8428,192.5802832672792,27.29057242839804,7.162,3.888,67.48,0.05695,0.0299,67.55,971.2254,2304.8428,192.5802832672792,27.29057242839804,1.7846593819,2.1971732977,1.7846593819,2.1971732977,1.482,1.336,-89.94,1.482287,1.335911,-89.94,25.4708,17.0,5.29,1.842,0.457,0.802,29.0,1133,1133,29_19,29_27,3001.24,67.24055,17.5192,0.0243,403.2512,45.0,51.0,970.0,2306.0,970.2989,2305.7729,970.2989,2305.7729,192.5805850386499,27.29031800298072,1.827,1.523,87.85,0.04957,0.04161,88.03,970.2989,2305.7729,192.5805850386499,27.29031800298072,1.4791423707,1.7829642844,1.4791423707,1.7829642844,1.336,1.216,86.51,1.335702,1.215733,86.51,22.869,0.0,4.15,1.199,0.166,0.075,29.0,,,1.3128169179288223
26548,26548,29_511,29_383,2433.985,30.82157,17.7466,0.0138,3.086594,910.0,910.0,950.0,2236.0,949.8875,2235.7038,949.8875,2235.7038,192.5864174462488,27.31018164162093,20.06,7.435,-78.06,0.2031,0.07462,-77.41,949.8875,2235.7038,192.5864174462488,27.31018164162093,0.98457602202,1.0616164055,0.98457602202,1.0616164055,1.043,0.979,63.55,1.042566,0.979412,63.55,27.2951,19.0,3.1,2.698,0.629,0.029,29.0,1140,1140,29_26,29_20,784.8269,38.23637,18.9755,0.0529,403.5206,15.0,17.0,950.0,2236.0,949.923,2235.8579,949.923,2235.8579,192.58640759113044,27.310138029330627,1.182,0.941,64.94,0.07043,0.05748,63.15,949.923,2235.8579,192.58640759113044,27.310138029330627,0.80001033388,0.97032702399,0.80001033388,0.97032702399,1.007,0.869,65.5,1.007457,0.8691192,65.5,22.8643,0.0,3.54,1.256,0.204,0.735,29.0,,,0.158136207112913
26550,26550,29_513,29_383,4775.696,33.22253,17.0148,0.0076,3.030388,595.0,595.0,913.0,2179.0,912.758,2178.9875,912.758,2178.9875,192.5976675900957,27.326418164869157,7.05,4.594,63.85,0.06134,0.03898,64.84,912.758,2178.9875,192.5976675900957,27.326418164869157,0.63342099468,0.63875195145,0.63342099468,0.63875195145,0.802,0.793,56.07,0.8019722,0.7931038,56.07,27.2503,3.0,2.17,1.535,0.348,0.935,29.0,1149,1149,29_35,29_11,3080.439,58.10912,17.4909,0.0205,403.7329,33.0,37.0,913.0,2179.0,912.8167,2179.1744,912.8167,2179.1744,192.59765067513243,27.326365150894883,1.376,1.345,89.11,0.03372,0.03226,-42.51,912.8167,2179.1744,192.59765067513243,27.326365150894883,0.83242635637,0.88632331646,0.83242635637,0.88632331646,0.946,0.908,69.83,0.9459021,0.9077548,69.83,22.8761,0.0,2.87,1.023,0.022,0.973,29.0,,,0.19590125063377767
26556,26556,29_519,29_377,5009.562,43.93992,16.9629,0.0095,2.940609,2239.0,2239.0,709.0,2268.0,708.7849,2267.8952,708.7849,2267.8952,192.66306372475495,27.3029667679308,34.161,12.364,-46.65,0.24187,0.08813,-46.94,708.7849,2267.8952,192.66306372475495,27.3029667679308,5.9618177204,5.5455168918,5.9618177204,5.5455168918,2.466,2.329,-25.39,2.466358,2.329037,-25.39,27.2943,3.0,3.29,2.763,0.638,0.029,29.0,1139,1139,29_25,29_21,1388.011,51.86996,18.3564,0.0406,404.3387,25.0,31.0,709.0,2268.0,708.7437,2268.3455,708.7437,2268.3455,192.66308073817063,27.30284043252146,1.52,1.265,47.59,0.0646,0.05379,46.71,708.7437,2268.3455,192.66308073817063,27.30284043252146,1.5951679235,1.62449141,1.5951679235,1.62449141,1.312,1.224,48.78,1.311971,1.224088,48.78,22.8827,0.0,4.42,1.202,0.168,0.321,29.0,,,0.45218085983373224
26558,26558,29_521,29_377,3424.928,35.8081,17.3758,0.0114,3.140382,1197.0,1197.0,587.0,2223.0,587.5081,2223.5002,587.5081,2223.5002,192.7010860300483,27.31636249703969,13.906,11.362,-3.69,0.12002,0.09974,-4.07,587.5081,2223.5002,192.7010860300483,27.31636249703969,0.086847917402,0.086343868202,0.086847917402,0.086343868202,0.295,0.293,32.26,0.2952657,0.2932746,32.26,27.4536,3.0,2.61,1.224,0.183,0.037,29.0,1143,1143,29_29,29_17,1264.146,42.63066,18.4579,0.0366,404.8892,20.0,21.0,587.0,2223.0,587.6118,2223.6904,587.6118,2223.6904,192.70105484033172,27.31630822970031,1.27,0.991,38.24,0.05604,0.04179,35.67,587.6118,2223.6904,192.70105484033172,27.31630822970031,0.75936688832,0.74668883512,0.75936688832,0.74668883512,0.913,0.82,42.73,0.9126996,0.8203872,42.73,22.9151,0.0,3.19,1.282,0.22,0.93,29.0,,,0.2166327075951422
26559,26559,29_522,29_377,3195.745,35.75285,17.451,0.0121,3.074851,1385.0,1385.0,616.0,2197.0,616.3222,2197.4288,616.3222,2197.4288,192.69173164244523,27.323479783700392,16.912,8.589,69.09,0.14455,0.07282,68.97,616.3222,2197.4288,192.69173164244523,27.323479783700392,0.087152686354,0.092314925524,0.087152686354,0.092314925524,0.304,0.295,89.36,0.3038348,0.2952152,89.36,27.4964,3.0,3.38,1.969,0.492,0.021,29.0,1147,1147,29_33,29_13,684.483,37.63076,19.124,0.0597,404.5552,16.0,17.0,616.0,2197.0,616.1179999999999,2197.5505,616.1179999999999,2197.5505,192.6917973889496,27.32344708345837,1.171,0.971,17.46,0.0802,0.06282,15.31,616.1179999999999,2197.5505,192.6917973889496,27.32344708345837,1.1289485696,1.1421674781,1.1289485696,1.1421674781,1.086,1.045,49.39,1.085768,1.045095,49.39,22.9036,0.0,4.49,1.205,0.17,0.15,29.0,,,0.23771522879262652
26571,26571,29_534,29_370,3394.031,26.31267,17.3856,0.0084,1.552266,165.0,165.0,999.0,2270.0,998.7351,2269.8464,998.7351,2269.8464,192.57125565065152,27.30020197429374,2.376,1.741,34.89,0.02255,0.01598,30.78,998.7351,2269.8464,192.57125565065152,27.30020197429374,0.73695507247,0.78591588572,0.73695507247,0.78591588572,0.893,0.852,66.53,0.8929118,0.8518096,66.53,25.3771,16.0,3.14,1.365,0.267,0.974,29.0,1138,1138,29_24,29_22,2046.288,52.30836,17.935,0.0278,403.6307,26.0,30.0,999.0,2270.0,999.2792,2270.3711,999.2792,2270.3711,192.5710880894638,27.30005019521609,1.371,1.199,70.8,0.04299,0.03833,68.34,999.2792,2270.3711,192.5710880894638,27.30005019521609,0.77002239156,0.89158122101,0.77002239156,0.89158122101,0.952,0.869,71.81,0.951991,0.8690896,71.81,22.865,0.0,3.0,1.144,0.126,0.96,29.0,,,0.7558802153779987
26668,26668,29_631,29_291,19538.77,56.91305,15.4852,0.0032,2.999273,78.0,78.0,705.0,2198.0,705.1774,2197.8543,705.1774,2197.8543,192.6635893635366,27.32269271036448,1.01,0.953,36.62,0.00305,0.00289,30.96,705.1774,2197.8543,192.6635893635366,27.32269271036448,0.36875479309,0.36842475978,0.36875479309,0.36842475978,0.619,0.595,44.67,0.6187193,0.5952864,44.67,27.456,0.0,1.71,1.06,0.057,0.993,29.0,1145,1145,29_31,29_15,16918.7,94.87114,15.6415,0.0061,405.2597,72.0,80.0,705.0,2198.0,705.3181,2198.21,705.3181,2198.21,192.6635479295072,27.32259161071796,1.753,1.57,52.0,0.01386,0.01214,46.03,705.3181,2198.21,192.6635479295072,27.32259161071796,0.9209276192,0.96279183093,0.9209276192,0.96279183093,1.003,0.937,54.5,1.003058,0.9367998,54.5,22.9418,0.0,3.04,1.117,0.105,0.983,29.0,,,0.38251664016095877
26873,26873,29_836,29_134,786.186,14.69183,18.9736,0.0203,1.520461,77.0,77.0,999.0,2068.0,999.2431,2068.5016,999.2431,2068.5016,192.5692717794544,27.35682214682975,2.084,1.66,12.25,0.04021,0.03058,12.19,999.2431,2068.5016,192.5692717794544,27.35682214682975,1.8317710311,1.7365056088,1.8317710311,1.7365056088,1.355,1.316,12.01,1.355095,1.316052,12.01,25.1911,0.0,3.74,1.255,0.203,0.465,29.0,1154,1154,29_40,29_6,242.0904,24.42013,20.2525,0.1095,403.5219,6.0,7.0,999.0,2068.0,999.0552,2068.3025,999.0552,2068.3025,192.56932951048825,27.356879595578675,0.737,0.671,8.56,0.09315,0.08599,1.11,999.0552,2068.3025,192.56932951048825,27.356879595578675,0.93877477105,0.8628948062,0.93877477105,0.8628948062,0.971,0.927,12.03,0.9707635,0.9269778,12.03,22.868,0.0,2.97,1.098,0.089,0.479,29.0,,,0.2737648991381347
26887,26887,29_850,29_124,6343.392,32.97425,16.7066,0.0056,3.191441,70.0,70.0,836.0,2066.0,836.0839000000001,2065.7217,836.0839000000001,2065.7217,192.6209443296219,27.35885976644493,1.166,1.072,48.5,0.00637,0.00589,46.27,836.0839000000001,2065.7217,192.6209443296219,27.35885976644493,0.45281421019,0.48000537343,0.45281421019,0.48000537343,0.704,0.661,58.94,0.7039019,0.6613181,58.94,26.9373,0.0,1.99,1.088,0.081,0.984,29.0,1153,1153,29_39,29_7,4837.138,64.19675,17.0009,0.0144,403.1021,40.0,43.0,836.0,2066.0,836.1678999999999,2066.0545,836.1678999999999,2066.0545,192.6209206856598,27.35876553122559,1.537,1.303,60.82,0.02704,0.02245,61.83,836.1678999999999,2066.0545,192.6209206856598,27.35876553122559,0.78420896822,0.85272041221,0.78420896822,0.85272041221,0.952,0.855,56.58,0.9516073,0.8552034,56.58,22.847,0.0,3.0,1.179,0.152,0.982,29.0,,,0.3432372940110981
26959,26959,29_922,29_727,9766.096,40.71578,16.2381,0.0045,1.347339,72.0,72.0,536.0,2507.0,535.5418999999999,2507.354,535.5418999999999,2507.354,192.71999905700267,27.236912554189477,1.074,1.041,50.28,0.00469,0.00457,43.72,535.5418999999999,2507.354,192.71999905700267,27.236912554189477,0.41467808021,0.41718532064,0.41467808021,0.41718532064,0.652,0.637,48.73,0.6523743,0.637394,48.73,25.376,0.0,1.98,1.032,0.031,0.98,29.0,1116,1116,29_2,29_44,7763.012,76.57377,16.4873,0.0107,404.5148,49.0,58.0,536.0,2507.0,535.6152,2507.6692,535.6152,2507.6692,192.71997857402425,27.236823354402805,1.602,1.443,68.29,0.0213,0.01895,76.83,535.6152,2507.6692,192.71997857402425,27.236823354402805,0.83042880424,0.90641026625,0.83042880424,0.90641026625,0.959,0.904,69.49,0.9585247,0.9044719,69.49,22.8712,0.0,2.86,1.11,0.099,0.982,29.0,,,0.3236107692892888
27050,27050,30_11,30_155,799.5901,17.36934,18.9552,0.0236,3.574384,187.0,187.0,1097.0,2082.0,1097.0061,2080.9821,1097.0061,2080.9821,192.53841061969072,27.352550727390085,5.3,2.003,86.15,0.09199,0.03355,86.43,1097.0061,2080.9821,192.53841061969072,27.352550727390085,1.6031158245,1.8172667906,1.6031158245,1.8172667906,1.349,1.265,-82.85,1.34933,1.264789,-82.85,27.0067,1.0,6.17,2.647,0.622,0.019,30.0,1187,1187,30_30,30_4,235.5108,24.0896,20.2824,0.1111,403.2684,6.0,7.0,1097.0,2082.0,1097.3082,2082.0732,1097.3082,2082.0732,192.53832487732737,27.35224152538796,0.742,0.67,85.03,0.0933,0.08592,88.66,1097.3082,2082.0732,192.53832487732737,27.35224152538796,0.78477332952,0.9200079301,0.78477332952,0.9200079301,0.961,0.884,-80.15,0.9613572,0.8835007,-80.15,22.9022,0.0,4.17,1.108,0.097,0.506,30.0,,,1.1321499988955295
27072,27072,30_33,30_54,4906.342,37.08392,16.9855,0.0082,1.739185,496.0,496.0,1070.0,2020.0,1070.5355,2021.1876,1070.5355,2021.1876,192.54625195309555,27.36957292945314,6.338,3.536,6.6,0.05088,0.02796,6.14,1070.5355,2021.1876,192.54625195309555,27.36957292945314,4.4412844628,2.8776241561,4.4412844628,2.8776241561,2.118,1.684,9.25,2.117527,1.683742,9.25,25.2085,16.0,5.63,1.792,0.442,0.142,30.0,1158,1158,30_1,30_3,2294.802,64.98102,17.8105,0.0308,402.8249,43.0,49.0,1071.0,2020.0,1070.4143,2020.5687,1070.4143,2020.5687,192.54628471376157,27.369747920727534,2.1,1.459,19.88,0.06967,0.04705,22.39,1070.4143,2020.5687,192.54628471376157,27.369747920727534,3.0740818742,2.2867943536,3.0740818742,2.2867943536,1.77,1.493,14.67,1.76974,1.49295,14.67,22.8756,16.0,6.43,1.439,0.305,0.005,30.0,,,0.6306557301729178
27183,27183,30_144,30_508,49489.17,90.36003,14.4761,0.002,3.670689,70.0,70.0,1100.0,2469.0,1100.4969,2469.3303,1100.4969,2469.3303,192.5408488060229,27.24330745709204,0.914,0.855,50.28,0.00169,0.00158,50.35,1100.4969,2469.3303,192.5408488060229,27.24330745709204,0.338276907,0.31993365138,0.338276907,0.31993365138,0.589,0.557,30.04,0.5894899,0.5574156,30.04,27.4866,0.0,1.68,1.069,0.065,0.983,30.0,1189,1189,30_32,30_32,45522.25,125.7749,14.5668,0.003,403.7385,104.0,109.0,1100.0,2469.0,1100.6125,2469.7076,1100.6125,2469.7076,192.54081565391783,27.24320044007814,1.824,1.643,61.21,0.00712,0.00655,57.47,1100.6125,2469.7076,192.54081565391783,27.24320044007814,0.92587328275,0.98179957696,0.92587328275,0.98179957696,1.009,0.943,57.89,1.009028,0.9431516,57.89,22.9253,0.0,3.11,1.11,0.099,0.982,30.0,,,0.39461202465212125
27200,27200,30_161,30_495,151232.3,157.615,13.2633,0.0011,3.425021,70.0,70.0,1427.0,2458.0,1427.3402,2458.5198,1427.3402,2458.5198,192.4373018715033,27.243756651800805,0.861,0.802,49.59,9.0E-4,8.4E-4,49.5,1427.3402,2458.5198,192.4373018715033,27.243756651800805,0.30352714641,0.32615705095,0.30352714641,0.32615705095,0.579,0.543,62.3,0.5785922,0.543061,62.3,27.3941,0.0,1.57,1.074,0.069,0.988,30.0,1162,1162,30_5,30_30,145772.7,192.001,13.3032,0.0014,402.7354,162.0,166.0,1427.0,2458.0,1427.4645,2458.9026,1427.4645,2458.9026,192.43726611946136,27.24364799739487,1.92,1.728,61.05,0.0036,0.00328,61.21,1427.4645,2458.9026,192.43726611946136,27.24364799739487,0.93824467019,0.9851657914,0.93824467019,0.9851657914,1.012,0.949,56.11,1.011795,0.9485154,56.11,22.9059,0.0,3.12,1.111,0.1,0.989,30.0,,,0.4024752538975294
27294,27294,30_255,30_425,85622.39,118.6017,13.8809,0.0015,1.542611,49.0,49.0,1513.0,2384.0,1513.2474,2383.9309,1513.2474,2383.9309,192.40940898060296,27.264038414967,0.809,0.705,86.42,0.00113,9.8E-4,86.52,1513.2474,2383.9309,192.40940898060296,27.264038414967,0.24308215232,0.22094678064,0.24308215232,0.22094678064,0.494,0.469,9.15,0.4936318,0.4694215,9.15,25.5144,24.0,1.48,1.148,0.129,0.999,30.0,1166,1166,30_9,30_26,81076.36,142.9664,13.9402,0.0019,402.2323,88.0,91.0,1513.0,2384.0,1513.1357,2384.2541,1513.1357,2384.2541,192.40944739069795,27.26394843233733,1.787,1.365,-88.14,0.00462,0.00331,-84.7,1513.1357,2384.2541,192.40944739069795,27.26394843233733,0.80692497333,0.91123335308,0.80692497333,0.91123335308,0.96,0.893,73.59,0.9597566,0.8927629,73.59,22.8751,24.0,3.34,1.309,0.236,0.984,30.0,,,0.3419577897930655
27327,27327,30_288,30_402,1333.365,20.26295,18.4,0.0165,1.768216,222.0,222.0,1033.0,2339.0,1032.9705,2339.619,1032.9705,2339.619,192.561046744776,27.280313736107377,4.587,3.319,8.25,0.07486,0.05153,10.31,1032.9705,2339.619,192.561046744776,27.280313736107377,18.743888707,16.151028347,18.743888707,16.151028347,4.336,4.012,-8.14,4.335669,4.012094,-8.14,25.3848,3.0,4.96,1.382,0.276,0.023,30.0,1170,1170,30_13,30_22,129.9661,20.23254,20.9278,0.1691,403.2185,3.0,5.0,1032.0,2340.0,1032.7884,2339.606,1032.7884,2339.606,192.56110428416488,27.280318806513343,0.769,0.45,17.81,0.13416,0.07751,18.39,1032.7884,2339.606,192.56110428416488,27.280318806513343,1.5261150841,1.4571326875,1.5261150841,1.4571326875,1.256,1.186,33.12,1.255871,1.185764,33.12,22.8868,0.0,3.46,1.71,0.415,0.356,30.0,,,0.18256344102802932
27440,27440,30_401,30_319,7890.978,37.08763,16.4696,0.0051,3.097341,162.0,162.0,1207.0,2252.0,1207.1687,2252.0952,1207.1687,2252.0952,192.50508654102663,27.30356397832743,2.201,1.206,55.94,0.01405,0.00643,55.86,1207.1687,2252.0952,192.50508654102663,27.30356397832743,0.51560395161,0.53295519522,0.51560395161,0.53295519522,0.736,0.712,60.58,0.7355567,0.7124013,60.58,27.2083,0.0,2.43,1.825,0.452,0.983,30.0,1175,1175,30_18,30_17,6130.023,70.39542,16.7438,0.0125,402.1428,47.0,51.0,1207.0,2252.0,1207.4498,2252.6286,1207.4498,2252.6286,192.50500243743528,27.30341175318121,1.583,1.418,59.53,0.02381,0.02136,50.67,1207.4498,2252.6286,192.50500243743528,27.30341175318121,0.88337005334,0.96327811194,0.88337005334,0.96327811194,0.991,0.93,66.34,0.9910931,0.9297218,66.34,22.8608,0.0,2.96,1.116,0.104,0.981,30.0,,,0.6029367877314116
27517,27517,30_478,30_261,26922.78,66.69534,15.1371,0.0027,3.005564,71.0,71.0,1192.0,2164.0,1192.2753,2164.2754,1192.2753,2164.2754,192.50899460961733,27.328378394652763,0.961,0.908,60.96,0.00244,0.00231,62.02,1192.2753,2164.2754,192.50899460961733,27.328378394652763,0.33328441889,0.34165949462,0.33328441889,0.34165949462,0.592,0.57,54.63,0.5917476,0.5698935,54.63,27.1809,0.0,1.67,1.059,0.055,0.982,30.0,1182,1182,30_25,30_10,24037.65,104.4259,15.2602,0.0047,402.4372,76.0,92.0,1192.0,2164.0,1192.3902,2164.6558,1192.3902,2164.6558,192.50896171772763,27.328270512176665,1.776,1.575,66.23,0.01096,0.00955,69.95,1192.3902,2164.6558,192.50896171772763,27.328270512176665,0.91264378665,0.98408995105,0.91264378665,0.98408995105,1.005,0.941,62.44,1.00541,0.9412145,62.44,22.8863,0.0,3.1,1.128,0.113,0.983,30.0,,,0.3973740932673071
27526,27526,30_487,30_253,49055.42,89.88636,14.4857,0.002,3.193105,69.0,69.0,1280.0,2158.0,1280.4127,2157.7674,1280.4127,2157.7674,192.4810172637557,27.329510158901805,0.898,0.856,48.7,0.00167,0.00159,50.06,1280.4127,2157.7674,192.4810172637557,27.329510158901805,0.3318535698,0.30369028341,0.3318535698,0.30369028341,0.579,0.548,18.56,0.5791629,0.5478268,18.56,27.4222,0.0,1.62,1.05,0.047,0.982,30.0,1183,1183,30_26,30_8,45210.72,127.2519,14.5743,0.0031,402.8594,107.0,115.0,1280.0,2158.0,1280.5223,2158.1461,1280.5223,2158.1461,192.4809860616805,27.32940279120417,1.837,1.656,64.84,0.00753,0.00685,64.69,1280.5223,2158.1461,192.4809860616805,27.32940279120417,0.91834244141,0.95808144027,0.91834244141,0.95808144027,0.996,0.941,56.01,0.9955826,0.9408715,56.01,22.9164,0.0,3.08,1.109,0.099,0.983,30.0,,,0.39424085277887333
27591,27591,30_552,30_201,9388.616,39.69351,16.2809,0.0046,3.041581,75.0,75.0,1165.0,2117.0,1164.8403,2117.3055,1164.8403,2117.3055,192.517253127158,27.34180344529968,1.085,1.051,65.21,0.00483,0.0047,71.78,1164.8403,2117.3055,192.517253127158,27.34180344529968,0.42181467249,0.43829284109,0.42181467249,0.43829284109,0.665,0.647,67.03,0.6647573,0.6466879,67.03,27.307,0.0,1.86,1.032,0.031,0.986,30.0,1185,1185,30_28,30_6,7490.142,71.29251,16.5262,0.0103,402.2064,47.0,51.0,1165.0,2117.0,1164.9477,2117.6427,1164.9477,2117.6427,192.51722220251665,27.3417077731356,1.586,1.392,71.53,0.02067,0.01698,79.02,1164.9477,2117.6427,192.51722220251665,27.3417077731356,0.85889805352,0.91287874708,0.85889805352,0.91287874708,0.964,0.917,63.79,0.964441,0.9174041,63.79,22.8673,0.0,2.99,1.139,0.122,0.982,30.0,,,0.3538906610804119
27872,27872,31_1,31_533,45889.35,117.4037,14.5581,0.0028,1.962725,10174.0,10174.0,1875.0,2393.0,1875.4093,2392.9145,1875.4093,2392.9145,192.29486467552076,27.258523665603956,42.717,26.541,88.55,0.11466,0.07743,87.13,1875.4093,2392.9145,192.29486467552076,27.258523665603956,1888.8685081,2250.2714741,1888.8685081,2250.2714741,47.437,43.461,-89.47,47.43736,43.46075,-89.47,25.5529,19.0,1.83,1.609,0.379,0.864,31.0,1200,1200,31_11,31_35,11429.88,83.36946,16.0673,0.0079,401.1604,62.0,66.0,1875.0,2393.0,1875.4692,2393.2172,1875.4692,2393.2172,192.29484865922043,27.258438046169616,1.716,1.478,70.17,0.01765,0.01435,73.57,1875.4692,2393.2172,192.29484865922043,27.258438046169616,0.89468808078,0.96507250264,0.89468808078,0.96507250264,0.992,0.936,65.42,0.9918137,0.9359841,65.42,22.9049,2.0,2.99,1.161,0.139,0.982,31.0,,,0.308569765207334
27873,27873,31_2,31_533,244957.1,294.5231,12.7397,0.0013,2.012803,72512.0,72512.0,1651.0,2367.0,1651.2884,2366.767,1651.2884,2366.767,192.36555047278827,27.2677375229337,175.192,89.553,-62.7,0.21839,0.10974,-62.24,1651.2884,2366.767,192.36555047278827,27.2677375229337,10320.417483,12289.088053,10320.417483,12289.088053,111.081,101.343,-81.06,111.0811,101.3434,-81.06,25.6015,19.0,492.13,1.956,0.489,0.017,31.0,1204,1204,31_15,31_31,14308.92,133.017,15.8234,0.0101,402.6962,179.0,195.0,1651.0,2367.0,1651.3245,2367.2205,1651.3245,2367.2205,192.36554337710865,27.26760969913605,3.22,2.838,-84.77,0.03778,0.03358,-88.45,1651.3245,2367.2205,192.36554337710865,27.26760969913605,4.4055845897,4.9515643641,4.4055845897,4.9515643641,2.227,2.097,-82.85,2.227173,2.096867,-82.85,22.9419,0.0,5.44,1.135,0.119,0.021,31.0,,,0.45493456672369015
27874,27874,31_3,31_533,924513.9,397.9951,11.2976,5.0E-4,1.873052,8336.0,8336.0,2008.0,2335.0,2007.4185,2335.9613,2007.4185,2335.9613,192.2525266683635,27.27342386124402,19.948,6.093,73.81,0.01257,0.00388,73.4,2007.4185,2335.9613,192.2525266683635,27.27342386124402,1.2333706162,1.5700096284,1.2333706162,1.5700096284,1.258,1.105,-79.18,1.258086,1.104808,-79.18,25.5131,23.0,6.32,3.274,0.695,1.0,31.0,1206,1206,31_17,31_29,880237.9,418.6523,11.3509,5.0E-4,400.5319,368.0,392.0,2009.0,2336.0,2007.502,2336.302,2007.502,2336.302,192.25250358337908,27.273327354670855,2.371,2.168,71.3,0.00155,0.00142,75.9,2007.502,2336.302,192.25250358337908,27.273327354670855,2.047728675,2.3024114629,2.047728675,2.3024114629,1.517,1.431,88.5,1.517428,1.430928,88.5,22.8759,24.0,6.52,1.093,0.085,0.999,31.0,,,0.35078303835865177
27875,27875,31_4,31_533,38046.8,104.1877,14.7616,0.003,3.664246,7789.0,7789.0,1909.0,2308.0,1909.3937,2308.0152,1909.3937,2308.0152,192.2832816534685,27.282110714641032,29.207,19.691,63.61,0.08123,0.05442,63.0,1909.3937,2308.0152,192.2832816534685,27.282110714641032,0.5682282877,0.57052268554,0.5682282877,0.57052268554,0.776,0.733,46.03,0.7755286,0.7330118,46.03,27.9225,19.0,1.66,1.483,0.326,0.935,31.0,1209,1209,31_20,31_26,25099.57,104.9986,15.2132,0.0045,400.8593,83.0,90.0,1909.0,2308.0,1909.4939,2308.3989,1909.4939,2308.3989,192.28325367431,27.282001980827754,1.788,1.589,64.25,0.01064,0.00947,67.52,1909.4939,2308.3989,192.28325367431,27.282001980827754,0.91705713192,0.98622739951,0.91705713192,0.98622739951,1.011,0.939,59.88,1.0106,0.939134,59.88,22.8903,0.0,3.13,1.125,0.111,0.983,31.0,,,0.3965674343667356
27876,27876,31_5,31_533,22342.18,82.72425,15.3396,0.004,3.657121,5560.0,5560.0,1666.0,2236.0,1665.6551,2236.3851,1665.6551,2236.3851,192.3597558562265,27.30428275879781,21.336,18.556,77.93,0.07709,0.0671,76.4,1665.6551,2236.3851,192.3597558562265,27.30428275879781,0.56932313108,0.555259723,0.56932313108,0.555259723,0.763,0.737,34.63,0.7629815,0.7365066,34.63,28.1432,3.0,1.92,1.15,0.13,0.927,31.0,1216,1216,31_27,31_19,14341.93,89.90349,15.8209,0.0068,401.8279,71.0,73.0,1666.0,2236.0,1665.7779,2236.7548,1665.7779,2236.7548,192.35972051029276,27.304177788962868,1.702,1.585,61.58,0.01427,0.01389,60.18,1665.7779,2236.7548,192.35972051029276,27.304177788962868,0.95540589593,0.97476357412,0.95540589593,0.97476357412,1.006,0.959,51.06,1.005576,0.9586378,51.06,22.9032,0.0,3.13,1.073,0.068,0.981,31.0,,,0.38956120186713544
27897,27897,31_26,31_56,3577.16,27.45068,17.3286,0.0083,2.329193,91.0,91.0,1530.0,2035.0,1529.8649,2035.3033,1529.8649,2035.3033,192.4008491474399,27.361938374853924,1.914,1.278,40.48,0.01663,0.00977,39.9,1529.8649,2035.3033,192.4008491474399,27.361938374853924,0.69079946064,0.68212413754,0.69079946064,0.68212413754,0.845,0.812,40.51,0.8451504,0.8115691,40.51,24.9577,0.0,2.63,1.498,0.332,1.0,31.0,1228,1228,31_39,31_7,2351.56,53.71115,17.784,0.0248,400.7563,28.0,32.0,1530.0,2036.0,1530.1524,2035.6712,1530.1524,2035.6712,192.40076155075545,27.36183258160994,1.387,1.229,47.17,0.04007,0.03565,44.11,1530.1524,2035.6712,192.40076155075545,27.36183258160994,0.85919324021,0.84651299746,0.85919324021,0.84651299746,0.952,0.894,41.65,0.9524525,0.8936108,41.65,22.8679,0.0,3.19,1.128,0.113,0.964,31.0,,,0.46691183321899293
27905,27905,31_34,31_41,19963.52,57.85711,15.4618,0.0031,4.504346,66.0,66.0,1585.0,2029.0,1584.7595,2029.4422,1584.7595,2029.4422,192.3834027952257,27.363137853929995,0.997,0.957,15.62,0.00296,0.00283,17.34,1584.7595,2029.4422,192.3834027952257,27.363137853929995,0.36809131875,0.37663789604,0.36809131875,0.37663789604,0.615,0.605,69.05,0.6149027,0.6054947,69.05,27.3427,0.0,1.8,1.041,0.04,0.987,31.0,1190,1190,31_1,31_6,17386.96,94.48032,15.6118,0.0059,400.8543,69.0,78.0,1585.0,2029.0,1584.8431,2029.8134,1584.8431,2029.8134,192.3833798415728,27.36303279271917,1.718,1.579,65.46,0.01318,0.01183,76.01,1584.8431,2029.8134,192.3833798415728,27.36303279271917,0.94220721795,0.94227833093,0.94220721795,0.94227833093,0.984,0.957,45.04,0.9840996,0.9570964,45.04,22.8648,0.0,3.08,1.088,0.081,0.982,31.0,,,0.3804975689804861
27912,27912,31_41,31_36,48834.45,90.00953,14.4906,0.002,1.739238,82.0,82.0,2015.0,2024.0,2014.4143,2024.6589,2014.4143,2024.6589,192.24725411474083,27.360892270642516,1.707,0.83,-48.92,0.00318,0.00155,-48.88,2014.4143,2024.6589,192.24725411474083,27.360892270642516,0.26247042832,0.35058128648,0.26247042832,0.35058128648,0.592,0.512,-88.78,0.592133,0.5122794,-88.78,25.1702,24.0,2.94,2.055,0.513,0.98,31.0,1191,1191,31_2,31_5,45676.5,124.3571,14.5632,0.003,400.3695,94.0,99.0,2015.0,2024.0,2014.4169,2024.9945,2014.4169,2024.9945,192.24725658890992,27.36079789251429,2.169,1.565,-61.29,0.00821,0.0058,-68.2,2014.4169,2024.9945,192.24725658890992,27.36079789251429,1.0951217972,1.2560779791,1.0951217972,1.2560779791,1.125,1.042,-76.78,1.124933,1.041982,-76.78,22.8617,24.0,4.63,1.386,0.278,0.984,31.0,,,0.33561007136269927
27913,27913,31_42,31_34,3794.344,26.24955,17.2646,0.0075,1.753138,70.0,70.0,1977.0,2025.0,1976.6115,2025.0964,1976.6115,2025.0964,192.2592322956328,27.361090840223817,1.31,1.213,38.8,0.00972,0.00892,33.09,1976.6115,2025.0964,192.2592322956328,27.361090840223817,0.62287257648,0.61968586314,0.62287257648,0.61968586314,0.805,0.771,43.32,0.8052955,0.7707514,43.32,25.2827,0.0,2.34,1.08,0.074,0.998,31.0,1192,1192,31_3,31_4,2610.713,54.82169,17.6705,0.0228,400.6572,30.0,32.0,1977.0,2025.0,1976.6633,2025.3543,1976.6633,2025.3543,192.25921841524925,27.361017889470443,1.399,1.219,56.09,0.03616,0.03188,53.48,1976.6633,2025.3543,192.25921841524925,27.361017889470443,0.82620067988,0.873968918,0.82620067988,0.873968918,0.957,0.885,55.51,0.9574361,0.8851473,55.51,22.8613,0.0,3.03,1.147,0.128,0.97,31.0,,,0.26305066052003795
27982,27982,31_111,31_449,2464.833,23.38658,17.7329,0.0103,3.642885,168.0,168.0,1965.0,2462.0,1965.1656,2462.1934,1965.1656,2462.1934,192.26713567055324,27.2382872804575,3.919,1.477,83.83,0.04606,0.01472,84.02,1965.1656,2462.1934,192.26713567055324,27.2382872804575,0.69325979699,0.72668279287,0.69325979699,0.72668279287,0.865,0.819,57.69,0.8654184,0.819142,57.69,26.9944,3.0,2.5,2.654,0.623,0.831,31.0,1233,1233,31_44,31_38,1550.227,46.98049,18.2364,0.0329,400.0318,20.0,24.0,1965.0,2462.0,1965.1529,2462.328,1965.1529,2462.328,192.267141005898,27.238249539423744,1.292,1.07,66.86,0.04788,0.03891,70.12,1965.1529,2462.328,192.267141005898,27.238249539423744,0.73644169691,0.83385188014,0.73644169691,0.83385188014,0.933,0.836,62.22,0.9334171,0.8360779,62.22,22.8268,0.0,3.22,1.207,0.172,0.921,31.0,,,0.13519781802959416
27997,27997,31_126,31_438,127483.6,144.7269,13.4488,0.0012,3.524367,69.0,69.0,1875.0,2471.0,1875.0982,2470.8017,1875.0982,2470.8017,192.29571991731456,27.236624730838532,0.872,0.778,61.3,0.001,8.9E-4,61.38,1875.0982,2470.8017,192.29571991731456,27.236624730838532,0.24421752998,0.28553767694,0.24421752998,0.28553767694,0.538,0.49,73.29,0.5381708,0.490028,73.29,27.158,0.0,1.5,1.121,0.108,1.0,31.0,1232,1232,31_43,31_39,122431.8,180.4272,13.4927,0.0016,400.8982,151.0,164.0,1875.0,2471.0,1875.2061,2471.1974,1875.2061,2471.1974,192.2956896182561,27.236512555993784,1.938,1.706,64.4,0.0042,0.00377,64.38,1875.2061,2471.1974,192.2956896182561,27.236512555993784,0.91452698981,0.99535325661,0.91452698981,0.99535325661,1.02,0.933,59.18,1.019803,0.9326742,59.18,22.9014,0.0,3.2,1.136,0.12,0.988,31.0,,,0.4101474125239236
28039,28039,31_168,31_408,69249.03,106.8797,14.1114,0.0017,4.132385,66.0,66.0,1546.0,2445.0,1545.8599,2444.6343,1545.8599,2444.6343,192.3996605764608,27.246702502354623,0.89,0.851,40.73,0.00139,0.00133,40.15,1545.8599,2444.6343,192.3996605764608,27.246702502354623,0.29284529892,0.33015989105,0.29284529892,0.33015989105,0.576,0.539,76.96,0.5764328,0.5391943,76.96,26.8418,0.0,1.59,1.045,0.043,0.999,31.0,1196,1196,31_7,31_37,64890.79,143.134,14.1819,0.0024,401.7288,122.0,128.0,1546.0,2445.0,1545.9743,2445.009,1545.9743,2445.009,192.39962791695731,27.246596198585557,1.869,1.692,61.63,0.00607,0.00543,64.21,1545.9743,2445.009,192.39962791695731,27.246596198585557,0.95506241944,0.97976450009,0.95506241944,0.97976450009,1.009,0.957,51.93,1.00943,0.9570156,51.93,22.9006,0.0,3.13,1.104,0.095,0.985,31.0,,,0.39177474395361755
28052,28052,31_181,31_397,57619.69,97.40546,14.311,0.0018,3.453164,68.0,68.0,1902.0,2429.0,1902.2081,2428.7703,1902.2081,2428.7703,192.28673222433696,27.248216236155542,0.903,0.835,54.92,0.00155,0.00143,55.49,1902.2081,2428.7703,192.28673222433696,27.248216236155542,0.2986741204,0.31353056763,0.2986741204,0.31353056763,0.567,0.539,59.29,0.5671248,0.5390492,59.29,27.1751,0.0,1.56,1.081,0.075,0.993,31.0,1198,1198,31_9,31_36,53356.84,134.762,14.3944,0.0027,401.3854,109.0,119.0,1902.0,2429.0,1902.3214,2429.1463,1902.3214,2429.1463,192.286700030045,27.248109555040944,1.849,1.65,63.92,0.00671,0.00612,64.68,1902.3214,2429.1463,192.286700030045,27.248109555040944,0.92543237863,0.97867396173,0.92543237863,0.97867396173,1.01,0.94,56.37,1.01041,0.9397756,56.37,22.9076,0.0,3.19,1.121,0.108,0.99,31.0,,,0.392699490704797
28085,28085,31_214,31_373,14543.82,49.27623,15.8057,0.0037,3.535771,77.0,77.0,1880.0,2402.0,1879.9596,2402.4058,1879.9596,2402.4058,192.293516805761,27.255816605861504,1.06,0.989,37.23,0.00376,0.00351,34.27,1879.9596,2402.4058,192.293516805761,27.255816605861504,0.39286748547,0.41038192672,0.39286748547,0.41038192672,0.649,0.618,58.52,0.6487556,0.6183571,58.52,27.5397,0.0,1.83,1.072,0.067,0.996,31.0,1199,1199,31_10,31_35,12540.38,88.55634,15.9666,0.0077,401.1176,67.0,75.0,1880.0,2402.0,1880.0427,2402.651,1880.0427,2402.651,192.29349288943465,27.25574696005921,1.775,1.537,60.52,0.01761,0.01498,65.68,1880.0427,2402.651,192.29349288943465,27.25574696005921,0.9246376624,0.95518400813,0.9246376624,0.95518400813,1.002,0.936,51.88,1.00204,0.9358089,51.88,22.9025,3.0,3.01,1.154,0.134,0.983,31.0,,,0.2588989184989609
28121,28121,31_250,31_345,10983.31,43.48955,16.1106,0.0043,3.787522,122.0,122.0,1573.0,2357.0,1572.7472,2356.8016,1572.7472,2356.8016,192.39031755635935,27.271183255913016,1.43,1.148,-40.91,0.00722,0.00494,-39.56,1572.7472,2356.8016,192.39031755635935,27.271183255913016,0.46920539288,0.45622278221,0.46920539288,0.45622278221,0.69,0.67,30.93,0.6902731,0.6700382,30.93,27.5376,0.0,1.99,1.246,0.197,0.987,31.0,1205,1205,31_16,31_30,9068.751,79.44952,16.3185,0.0095,401.4115,56.0,61.0,1573.0,2357.0,1572.7753,2357.2301,1572.7753,2357.2301,192.3903127283129,27.27106252778908,1.643,1.525,59.14,0.01891,0.01817,51.15,1572.7753,2357.2301,192.3903127283129,27.27106252778908,0.92990629637,0.96482633621,0.92990629637,0.96482633621,0.998,0.948,55.72,0.9975668,0.9484688,55.72,22.8625,0.0,3.15,1.077,0.072,0.981,31.0,,,0.4294203767875681
28147,28147,31_276,31_328,5185.596,30.3995,16.9254,0.0064,1.99737,72.0,72.0,1521.0,2320.0,1520.9642,2319.9278,1520.9642,2319.9278,192.40636133222728,27.2819743020176,1.246,1.214,53.12,0.00771,0.00752,57.99,1520.9642,2319.9278,192.40636133222728,27.2819743020176,0.58410321305,0.58428122602,0.58410321305,0.58428122602,0.772,0.757,45.22,0.7717449,0.7568318,45.22,25.2431,0.0,2.16,1.026,0.026,0.99,31.0,1208,1208,31_19,31_27,3818.084,62.91058,17.2578,0.0179,401.6098,36.0,42.0,1521.0,2320.0,1521.0277,2320.1974,1521.0277,2320.1974,192.40634377752903,27.281897971503525,1.482,1.386,51.99,0.03086,0.02906,40.66,1521.0277,2320.1974,192.40634377752903,27.281897971503525,0.91575337239,0.9497284026,0.91575337239,0.9497284026,0.985,0.947,58.79,0.9846001,0.9465963,58.79,22.8699,0.0,3.17,1.07,0.065,0.976,31.0,,,0.2769772734360532
28155,28155,31_284,31_322,1791.698,24.53317,18.0792,0.0149,1.992743,306.0,306.0,1524.0,2278.0,1523.9626,2277.5633,1523.9626,2277.5633,192.40501142762665,27.293863223910137,8.763,2.573,55.66,0.12513,0.03637,55.87,1523.9626,2277.5633,192.40501142762665,27.293863223910137,24.47537972,29.656786556,24.47537972,29.656786556,5.642,4.722,61.45,5.642308,4.72192,61.45,25.2891,19.0,2.99,3.406,0.706,0.845,31.0,1214,1214,31_25,31_21,463.6043,30.65466,19.547,0.0718,402.2208,9.0,11.0,1524.0,2278.0,1523.9531,2277.6127,1523.9531,2277.6127,192.40501490275756,27.29384940949525,0.96,0.746,71.77,0.08338,0.0593,74.84,1523.9531,2277.6127,192.40501490275756,27.29384940949525,0.65207864197,0.55623643468,0.65207864197,0.55623643468,0.819,0.733,22.0,0.8190026,0.7331778,22.0,22.9087,0.0,2.89,1.287,0.223,0.553,31.0,,,0.050305168720868675
28277,28277,31_406,31_219,139428.7,151.367,13.3515,0.0012,1.774481,60.0,60.0,2013.0,2159.0,2013.2676,2159.1618,2013.2676,2159.1618,192.24893876194983,27.323085128330945,0.826,0.781,55.66,9.0E-4,8.5E-4,55.95,2013.2676,2159.1618,192.24893876194983,27.323085128330945,0.27545998376,0.2471326633,0.27545998376,0.2471326633,0.527,0.495,15.86,0.5272076,0.4946159,15.86,25.3012,24.0,1.47,1.057,0.054,1.0,31.0,1219,1219,31_30,31_16,133773.9,180.6623,13.3965,0.0015,400.0296,128.0,135.0,2013.0,2159.0,2013.3158,2159.5287,2013.3158,2159.5287,192.2489271038797,27.32298155864696,1.862,1.626,79.03,0.00366,0.00288,87.63,2013.3158,2159.5287,192.2489271038797,27.32298155864696,0.94117126182,0.97800403146,0.94117126182,0.97800403146,1.009,0.949,54.03,1.009445,0.9487867,54.03,22.8697,24.0,3.09,1.145,0.127,0.986,31.0,,,0.3700524962758766
28352,28352,31_481,31_159,181268.2,172.5268,13.0666,0.001,3.780701,73.0,73.0,1856.0,2093.0,1855.6417,2092.5162,1855.6417,2092.5162,192.2982049809548,27.343156131654133,0.858,0.798,58.14,8.2E-4,7.6E-4,58.41,1855.6417,2092.5162,192.2982049809548,27.343156131654133,0.30787078422,0.32726236143,0.30787078422,0.32726236143,0.579,0.547,61.21,0.5793554,0.5472481,61.21,27.9232,0.0,1.67,1.075,0.07,0.983,31.0,1224,1224,31_35,31_11,175820.1,208.7601,13.0997,0.0013,401.8015,170.0,185.0,1856.0,2093.0,1855.755,2092.905,1855.755,2092.905,192.298172872472,27.343045860858265,1.951,1.74,64.81,0.00335,0.00302,62.79,1855.755,2092.905,192.298172872472,27.343045860858265,0.94230752527,0.99900444067,0.94230752527,0.99900444067,1.017,0.953,58.41,1.01661,0.9527941,58.41,22.9123,0.0,3.19,1.121,0.108,0.988,31.0,,,0.4049720113787895
28367,28367,31_496,31_147,883.8952,19.19983,18.8464,0.0236,4.074262,198.0,198.0,1568.0,2075.0,1567.6374,2074.5795,1567.6374,2074.5795,192.38925584565783,27.350585920678757,5.07,3.7,2.11,0.08406,0.06103,3.56,1567.6374,2074.5795,192.38925584565783,27.350585920678757,1.6695857803,1.7354888678,1.6695857803,1.7354888678,1.331,1.278,-58.98,1.331468,1.277602,-58.98,26.6236,3.0,3.62,1.37,0.27,0.02,31.0,1227,1227,31_38,31_8,258.2772,24.29904,20.1822,0.1022,401.2499,7.0,7.0,1568.0,2074.0,1567.7171,2074.7944,1567.7171,2074.7944,192.3892326403088,27.35052484117736,0.862,0.59,-58.96,0.1065,0.0734,-59.71,1567.7171,2074.7944,192.3892326403088,27.35052484117736,0.71267720368,0.89658415909,0.71267720368,0.89658415909,0.981,0.804,-62.83,0.9810044,0.8042957,-62.83,22.8744,0.0,3.36,1.459,0.315,0.462,31.0,,,0.22920318496951883
28532,28532,31_661,31_499,1207.854,18.78833,18.5074,0.0169,1.841831,181.0,181.0,1993.0,2494.0,1993.2529,2495.3611,1993.2529,2495.3611,192.25857311276465,27.228723170304697,4.304,2.028,64.68,0.07494,0.03448,64.58,1993.2529,2495.3611,192.25857311276465,27.228723170304697,3.5982899218,4.1176774905,3.5982899218,4.1176774905,2.1,1.818,58.98,2.100415,1.817752,58.98,25.3416,17.0,6.09,2.122,0.529,0.535,31.0,1230,1230,31_41,31_41,358.0869,29.32223,19.8274,0.0889,400.1229,8.0,10.0,1993.0,2494.0,1992.6794,2494.3014,1992.6794,2494.3014,192.25874418434336,27.229026006696007,0.944,0.748,47.03,0.09633,0.07589,45.07,1992.6794,2494.3014,192.25874418434336,27.229026006696007,0.79080572848,0.84696757294,0.79080572848,0.84696757294,0.957,0.849,53.36,0.9573094,0.8493127,53.36,22.8395,0.0,3.43,1.262,0.208,0.544,31.0,,,1.2049341641768185
28551,28551,32_1,32_448,86271.23,171.857,13.8727,0.0022,1.98841,25114.0,25114.0,2384.0,2404.0,2383.7468,2403.807,2383.7468,2403.807,192.13410273260243,27.25109910874769,71.331,56.639,-59.51,0.15394,0.12468,-61.57,2383.7468,2403.807,192.13410273260243,27.25109910874769,4778.1503954,4392.8970805,4778.1503954,4392.8970805,71.833,63.333,-35.2,71.83278,63.33324,-35.2,25.6199,19.0,183.08,1.259,0.206,0.178,32.0,1243,1243,32_10,32_42,4803.945,65.66315,17.0084,0.0148,398.7592,43.0,46.0,2384.0,2404.0,2383.8337,2404.1331,2383.8337,2404.1331,192.13407852272456,27.2510066623745,1.569,1.358,69.7,0.02782,0.0239,72.58,2383.8337,2404.1331,192.13407852272456,27.2510066623745,0.85116397183,0.90864080703,0.85116397183,0.90864080703,0.969,0.906,59.4,0.9693075,0.9056754,59.4,22.8791,0.0,2.98,1.155,0.134,0.98,32.0,,,0.3374801031174847
28552,28552,32_2,32_448,79623.9,160.2999,13.9598,0.0022,1.993146,22354.0,22354.0,2166.0,2262.0,2166.1833,2261.8515,2166.1833,2261.8515,192.20153983805832,27.292902882732765,63.611,40.143,39.37,0.14216,0.09219,39.7,2166.1833,2261.8515,192.20153983805832,27.292902882732765,5444.5870216,5951.7898571,5444.5870216,5951.7898571,77.661,73.248,69.8,77.66051,73.24767,69.8,25.6364,19.0,1.84,1.585,0.369,0.856,32.0,1256,1256,32_23,32_29,9552.732,78.70918,16.2621,0.0089,400.2118,52.0,60.0,2166.0,2262.0,2166.2568,2262.1621,2166.2568,2262.1621,192.20151965607295,27.29281492072808,1.657,1.449,66.56,0.01842,0.01575,70.08,2166.2568,2262.1621,192.20151965607295,27.29281492072808,0.88608247662,0.95751587412,0.88608247662,0.95751587412,0.996,0.923,60.27,0.9960279,0.9227821,60.27,22.9094,0.0,3.0,1.144,0.126,0.982,32.0,,,0.3191780224261497
28553,28553,32_3,32_448,51539.34,127.1709,14.4321,0.0027,3.700841,14672.0,14672.0,2262.0,2189.0,2262.1621,2188.8289,2262.1621,2188.8289,192.17042737822436,27.312602446660197,42.053,27.878,40.3,0.09951,0.06519,40.74,2262.1621,2188.8289,192.17042737822436,27.312602446660197,0.60841687361,0.6035073786,0.60841687361,0.6035073786,0.795,0.761,42.37,0.7954677,0.7610226,42.37,28.8908,19.0,1.66,1.508,0.337,0.933,32.0,1260,1260,32_27,32_25,29239.77,112.0704,15.0475,0.0042,399.9818,94.0,100.0,2262.0,2189.0,2262.2224,2189.2156,2262.2224,2189.2156,192.1704121548047,27.312493202178267,1.82,1.644,59.94,0.01011,0.00896,56.12,2262.2224,2189.2156,192.1704121548047,27.312493202178267,0.94227533521,0.9808102843,0.94227533521,0.9808102843,1.009,0.951,55.01,1.008883,0.9514419,55.01,22.9134,0.0,3.15,1.107,0.097,0.985,32.0,,,0.39137319785599317
28554,28554,32_4,32_448,69178.49,157.9658,14.1125,0.0025,2.055406,18584.0,18584.0,2398.0,2099.0,2397.5447,2099.1974,2397.5447,2099.1974,192.12666135412053,27.336616402501637,77.603,41.885,63.93,0.18568,0.09862,65.94,2397.5447,2099.1974,192.12666135412053,27.336616402501637,3476.7596365,3483.328652,3476.7596365,3483.328652,64.119,53.374,45.15,64.11909,53.37445,45.15,25.583,19.0,2.17,1.853,0.46,0.273,32.0,1271,1271,32_38,32_14,4022.61,61.89624,17.2011,0.0167,398.7493,39.0,41.0,2398.0,2099.0,2397.6646,2099.4929,2397.6646,2099.4929,192.1266263717927,27.336532271916663,1.521,1.306,72.14,0.0301,0.02548,74.7,2397.6646,2099.4929,192.1266263717927,27.336532271916663,0.82311446329,0.92417280356,0.82311446329,0.92417280356,0.972,0.896,67.83,0.9717512,0.8960953,67.83,22.8864,0.0,3.03,1.165,0.141,0.978,32.0,,,0.3188985105015976
28555,28555,32_5,32_448,46194.11,128.1947,14.5509,0.003,1.995782,13546.0,13546.0,2211.0,2094.0,2211.3294,2093.637,2211.3294,2093.637,192.1855723909485,27.339806717402745,76.763,27.888,-9.97,0.2246,0.08443,-11.06,2211.3294,2093.637,192.1855723909485,27.339806717402745,5739.2333755,931.13217701,5739.2333755,931.13217701,76.763,27.888,-9.97,76.76336,27.88822,-9.97,25.6451,19.0,2.19,2.753,0.637,0.852,32.0,1272,1272,32_39,32_13,4216.101,62.16272,17.1501,0.016,399.6649,38.0,41.0,2211.0,2094.0,2211.3386,2093.9148,2211.3386,2093.9148,192.18557224619784,27.33972853534205,1.477,1.341,56.16,0.02785,0.0252,54.05,2211.3386,2093.9148,192.18557224619784,27.33972853534205,0.87300381396,0.90829554722,0.87300381396,0.90829554722,0.973,0.913,54.04,0.9733861,0.9131368,54.04,22.8868,0.0,3.07,1.102,0.092,0.974,32.0,,,0.27795229806553506
28556,28556,32_6,32_144,2038.868,26.71351,17.9389,0.0142,3.822566,427.0,427.0,2440.0,2081.0,2440.1194,2082.3261,2440.1194,2082.3261,192.11300934045917,27.34098369883741,9.68,2.623,77.42,0.11703,0.0306,77.46,2440.1194,2082.3261,192.11300934045917,27.34098369883741,1.2748018804,1.1943014404,1.2748018804,1.1943014404,1.141,1.081,26.33,1.14057,1.080834,26.33,27.0111,1.0,5.5,3.69,0.729,0.188,32.0,1274,1274,32_41,32_11,974.1724,40.28458,18.7408,0.0449,397.9048,16.0,19.0,2440.0,2081.0,2439.9785,2081.3183,2439.9785,2081.3183,192.11304375091285,27.341268264971745,1.186,0.982,29.22,0.06228,0.04961,32.45,2439.9785,2081.3183,192.11304375091285,27.341268264971745,0.8393042633,0.75731380583,0.8393042633,0.75731380583,0.926,0.86,22.79,0.9256769,0.8600816,22.79,22.8398,0.0,3.06,1.208,0.172,0.842,32.0,,,1.0176019113585633
28565,28565,32_15,32_101,3885.007,32.66669,17.2389,0.0091,1.95737,475.0,475.0,2163.0,2036.0,2163.5136,2035.7095,2163.5136,2035.7095,192.2001390145251,27.356506430818254,7.496,4.72,-8.58,0.07738,0.04821,-8.17,2163.5136,2035.7095,192.2001390145251,27.356506430818254,7.2093626901,7.8905933508,7.2093626901,7.8905933508,2.815,2.679,-77.8,2.814962,2.678795,-77.8,25.3463,19.0,2.65,1.588,0.37,0.697,32.0,1280,1280,32_47,32_5,1626.599,48.80699,18.1842,0.0326,400.6198,23.0,27.0,2163.0,2036.0,2163.5745,2035.9415,2163.5745,2035.9415,192.200122030883,27.356440679148115,1.373,1.136,24.77,0.04868,0.04015,13.84,2163.5745,2035.9415,192.200122030883,27.356440679148115,0.87711730665,0.81799164195,0.87711730665,0.81799164195,0.977,0.861,36.95,0.9768238,0.8607695,36.95,22.9228,0.0,3.23,1.209,0.173,0.93,32.0,,,0.23985997998828407
28571,28571,32_21,32_72,1657.976,21.14921,18.1635,0.0139,3.806302,133.0,133.0,2041.0,2031.0,2039.7155,2031.7776,2039.7155,2031.7776,192.2393102392538,27.35867497563058,3.538,1.77,-35.03,0.04821,0.02224,-35.12,2039.7155,2031.7776,192.2393102392538,27.35867497563058,1.0556959985,1.0948542045,1.0556959985,1.0948542045,1.047,1.026,77.19,1.047373,1.026431,77.19,26.3178,0.0,5.13,1.999,0.5,0.773,32.0,1281,1281,32_48,32_4,924.0987,40.20742,18.7981,0.0473,400.4825,17.0,18.0,2041.0,2031.0,2040.5709,2031.2281,2040.5709,2031.2281,192.2390338940481,27.35882216465691,1.15,0.982,88.88,0.06049,0.04939,89.9,2040.5709,2031.2281,192.2390338940481,27.35882216465691,0.72245820412,0.79743057546,0.72245820412,0.79743057546,0.894,0.849,82.52,0.8937262,0.849201,82.52,22.871,0.0,3.05,1.171,0.146,0.765,32.0,,,1.016690419940946
28586,28586,32_36,32_32,1148.67,19.22051,18.5619,0.0182,1.93324,189.0,189.0,2121.0,2021.0,2120.5923,2019.9932,2120.5923,2019.9932,192.21357741535252,27.3612949451425,5.233,2.658,6.84,0.09756,0.04708,5.64,2120.5923,2019.9932,192.21357741535252,27.3612949451425,17.13801199,12.673603008,17.13801199,12.673603008,4.149,3.549,7.49,4.149271,3.548967,7.49,25.2845,17.0,5.36,1.969,0.492,0.754,32.0,1283,1283,32_50,32_2,266.7218,24.77638,20.1473,0.1009,400.1259,6.0,7.0,2121.0,2021.0,2120.7274,2020.9619,2120.7274,2020.9619,192.2135442172448,27.36102143482103,0.722,0.675,78.14,0.08319,0.07701,89.75,2120.7274,2020.9619,192.2135442172448,27.36102143482103,0.72300622249,0.62350745414,0.72300622249,0.62350745414,0.862,0.777,22.31,0.8620583,0.7767684,22.31,22.8554,0.0,2.54,1.069,0.065,0.521,32.0,,,0.9780755083327454
28744,28744,32_194,32_333,2436.433,20.76469,17.7455,0.0093,3.841452,39.0,39.0,2430.0,2411.0,2429.7867,2410.9117,2429.7867,2410.9117,192.1196059846184,27.248696917209667,0.925,0.842,8.26,0.0085,0.00772,10.24,2429.7867,2410.9117,192.1196059846184,27.248696917209667,0.28161703762,0.22505600174,0.28161703762,0.22505600174,0.531,0.474,3.43,0.5308679,0.4741859,3.43,27.2273,0.0,1.43,1.098,0.09,0.984,32.0,1240,1240,32_7,32_45,1273.923,32.37959,18.4495,0.0276,398.9489,3.0,11.0,2430.0,2411.0,2429.7898,2410.9708,2429.7898,2410.9708,192.1196056015609,27.248680273966404,0.836,0.698,7.99,0.0278,0.01992,14.82,2429.7898,2410.9708,192.1196056015609,27.248680273966404,0.13436249036,0.08400793653,0.13436249036,0.08400793653,0.367,0.29,-0.15,0.3665553,0.2898406,-0.15,22.8966,0.0,1.17,1.198,0.165,0.67,32.0,,,0.059181247029720344
28801,28801,32_251,32_287,31016.01,71.76969,14.9834,0.0025,3.940247,65.0,65.0,2055.0,2332.0,2055.146,2332.0927,2055.146,2332.0927,192.2373819941133,27.27410541106903,0.947,0.892,56.02,0.00223,0.00211,55.59,2055.146,2332.0927,192.2373819941133,27.27410541106903,0.32730140546,0.33198579965,0.32730140546,0.33198579965,0.583,0.565,51.42,0.5832571,0.5648879,51.42,26.8926,0.0,1.61,1.061,0.058,1.0,32.0,1249,1249,32_16,32_36,27920.49,110.0741,15.0976,0.0043,400.6962,87.0,92.0,2055.0,2332.0,2055.2621,2332.461,2055.2621,2332.461,192.23734887459213,27.27400086431464,1.787,1.598,63.77,0.00973,0.00874,64.8,2055.2621,2332.461,192.23734887459213,27.27400086431464,0.92713011936,0.99323499184,0.92713011936,0.99323499184,1.012,0.947,60.8,1.011558,0.9471616,60.8,22.853,0.0,3.12,1.119,0.106,0.984,32.0,,,0.3861658969920434
28806,28806,32_256,32_282,8529.631,38.15891,16.3851,0.0049,3.886384,81.0,81.0,2097.0,2326.0,2096.6768,2326.5071,2096.6768,2326.5071,192.22418168340508,27.27532103417142,1.178,1.125,63.17,0.00563,0.00539,68.63,2096.6768,2326.5071,192.22418168340508,27.27532103417142,0.48594500978,0.49866556336,0.48594500978,0.49866556336,0.713,0.69,57.05,0.7126552,0.6904586,57.05,27.9516,0.0,2.12,1.047,0.045,0.988,32.0,1250,1250,32_17,32_35,6921.716,75.36953,16.6119,0.0118,400.7101,48.0,58.0,2097.0,2327.0,2096.7641,2326.8625,2096.7641,2326.8625,192.2241575632249,27.275220358704427,1.675,1.471,69.81,0.02396,0.02091,74.25,2096.7641,2326.8625,192.2241575632249,27.275220358704427,0.93700500523,1.0043102653,0.93700500523,1.0043102653,1.013,0.956,63.34,1.013412,0.9561961,63.34,22.9049,0.0,3.13,1.138,0.122,0.949,32.0,,,0.36596509396417853
28822,28822,32_272,32_270,19844.75,59.49291,15.4683,0.0033,3.734244,298.0,298.0,2048.0,2295.0,2048.0013,2294.6854,2048.0013,2294.6854,192.2392751006569,27.284684271073253,2.719,1.638,3.45,0.01176,0.0066,4.65,2048.0013,2294.6854,192.2392751006569,27.284684271073253,0.42839562235,0.42036519203,0.42839562235,0.42036519203,0.661,0.642,35.37,0.6607211,0.6420346,35.37,26.9869,1.0,2.52,1.66,0.398,0.975,32.0,1253,1253,32_20,32_32,16971.11,94.94765,15.6381,0.0061,400.527,70.0,76.0,2048.0,2295.0,2047.657,2295.1409,2047.657,2295.1409,192.23938857207204,27.28455913287749,1.71,1.567,71.34,0.01288,0.01199,79.43,2047.657,2295.1409,192.23938857207204,27.28455913287749,0.90161057925,0.96013248422,0.90161057925,0.96013248422,0.991,0.938,62.24,0.9912474,0.9376416,62.24,22.8423,0.0,3.08,1.092,0.084,0.982,32.0,,,0.5709840102840094
28904,28904,32_354,32_202,7064.25,34.56988,16.5897,0.0053,1.936952,39.0,39.0,2518.0,2185.0,2517.6869,2185.4768,2517.6869,2185.4768,192.08949744666,27.311297386630784,0.912,0.689,88.77,0.00467,0.00359,88.39,2517.6869,2185.4768,192.08949744666,27.311297386630784,0.16552768019,0.31914061276,0.16552768019,0.31914061276,0.565,0.407,89.25,0.5649483,0.406819,89.25,25.2814,24.0,1.44,1.324,0.245,0.973,32.0,1261,1261,32_28,32_24,6954.89,63.87978,16.6067,0.01,399.0519,31.0,38.0,2518.0,2186.0,2517.8716,2185.801,2517.8716,2185.801,192.08944227487717,27.31120460265014,1.62,1.005,-89.53,0.02325,0.01266,-89.06,2517.8716,2185.801,192.08944227487717,27.31120460265014,0.52559255883,0.76924610277,0.52559255883,0.76924610277,0.878,0.724,85.97,0.8777581,0.7241404,85.97,22.8829,24.0,3.56,1.613,0.38,0.983,32.0,,,0.37312160216199747
28907,28907,32_357,32_199,65365.68,103.7084,14.174,0.0017,3.978101,76.0,76.0,2329.0,2179.0,2328.6781,2178.5553,2328.6781,2178.5553,192.14926552430072,27.31491053886984,0.935,0.876,22.04,0.00151,0.00141,22.04,2328.6781,2178.5553,192.14926552430072,27.31491053886984,0.34837123565,0.34919323808,0.34837123565,0.34919323808,0.601,0.58,45.97,0.6007712,0.5802055,45.97,99.0,0.0,1.76,1.068,0.064,1.0,32.0,1263,1263,32_30,32_22,61036.13,140.3751,14.2484,0.0025,399.6462,112.0,125.0,2329.0,2179.0,2328.7777,2178.9418,2328.7777,2178.9418,192.14923787468496,27.314801005933774,1.856,1.72,57.92,0.00606,0.00574,59.13,2328.7777,2178.9418,192.14923787468496,27.314801005933774,1.0362582708,1.030260313,1.0362582708,1.030260313,1.043,0.99,43.4,1.042587,0.9897125,43.4,22.924,0.0,3.24,1.079,0.073,0.983,32.0,,,0.3991270599696985
29028,29028,32_478,32_106,11080.1,43.47189,16.101,0.0043,3.738042,98.0,98.0,2153.0,2064.0,2152.5663,2063.6145,2152.5663,2063.6145,192.2038831770796,27.348755488874037,1.179,1.093,-22.77,0.00556,0.00451,-28.28,2152.5663,2063.6145,192.2038831770796,27.348755488874037,0.43443872888,0.4351814916,0.43443872888,0.4351814916,0.674,0.645,45.56,0.6735463,0.6449462,45.56,27.3643,0.0,2.01,1.079,0.073,0.984,32.0,1276,1276,32_43,32_9,9178.723,80.78275,16.3055,0.0096,399.0406,58.0,64.0,2153.0,2064.0,2152.6322,2063.9214,2152.6322,2063.9214,192.2038653525612,27.348668636104048,1.645,1.518,69.18,0.01961,0.01826,88.79,2152.6322,2063.9214,192.2038653525612,27.348668636104048,0.90705003223,0.9474660178,0.90705003223,0.9474660178,0.995,0.93,54.44,0.9948287,0.9299634,54.44,22.8431,0.0,3.02,1.083,0.077,0.982,32.0,,,0.31389555587811824
29061,29061,32_511,32_80,1532.184,17.76108,18.2491,0.0126,3.68637,73.0,73.0,2436.0,2044.0,2435.7375,2044.5761,2435.7375,2044.5761,192.1140146883836,27.351634971739472,1.511,1.448,28.55,0.01864,0.01797,30.18,2435.7375,2044.5761,192.1140146883836,27.351634971739472,0.84868514658,0.85332506046,0.84868514658,0.85332506046,0.933,0.912,48.53,0.9326708,0.9122145,48.53,26.7787,0.0,2.78,1.043,0.041,0.884,32.0,1278,1278,32_45,32_7,945.9674,39.24041,18.7727,0.045,397.7986,16.0,18.0,2436.0,2044.0,2435.8824,2044.7686,2435.8824,2044.7686,192.1139707499985,27.351579573898672,1.174,0.982,78.44,0.06234,0.05119,79.22,2435.8824,2044.7686,192.1139707499985,27.351579573898672,0.77601722337,0.84656381444,0.77601722337,0.84656381444,0.929,0.872,66.51,0.9289736,0.8715441,66.51,22.8304,0.0,3.31,1.195,0.163,0.869,32.0,,,0.2409403660659171
29124,29124,32_574,32_448,397341.6,274.5748,12.2145,8.0E-4,2.107617,14624.0,14624.0,2159.0,2421.0,2158.5144,2420.5575,2158.5144,2420.5575,192.20554265835307,27.248346079569654,17.576,12.622,17.95,0.01795,0.01299,14.56,2158.5144,2420.5575,192.20554265835307,27.248346079569654,0.34595519068,0.34850324895,0.34595519068,0.34850324895,0.605,0.573,46.98,0.6047204,0.5733862,46.98,25.6276,22.0,89.42,1.393,0.282,0.989,32.0,1237,1237,32_4,32_48,344362.9,273.3661,12.3699,9.0E-4,400.174,224.0,236.0,2159.0,2421.0,2158.6058,2420.9275,2158.6058,2420.9275,192.2055174072806,27.248241259474632,1.986,1.784,62.79,0.00228,0.00202,60.2,2158.6058,2420.9275,192.2055174072806,27.248241259474632,0.96086460567,1.0056861016,0.96086460567,1.0056861016,1.023,0.96,55.53,1.022577,0.9596291,55.53,22.904,0.0,3.19,1.113,0.101,1.0,32.0,,,0.3811219752256246
29159,29159,33_1,33_626,413025.8,325.9044,12.1725,9.0E-4,1.825716,51947.0,51947.0,2872.0,2490.0,2871.8281,2489.921,2871.8281,2489.921,191.98055858031967,27.22251994559435,172.715,83.147,59.66,0.15341,0.07858,60.88,2871.8281,2489.921,191.98055858031967,27.22251994559435,92.491880894,68.078784868,92.491880894,68.078784868,9.618,8.25,-1.46,9.618093,8.250027,-1.46,25.6784,19.0,3.87,2.077,0.519,0.029,33.0,1327,1327,33_44,33_47,218336.5,449.3842,12.8646,0.0022,403.1775,1458.0,1536.0,2872.0,2490.0,2872.0026,2490.5101,2872.0026,2490.5101,191.98050951233145,27.222352747528184,8.051,6.592,3.16,0.02069,0.01692,3.33,2872.0026,2490.5101,191.98050951233145,27.222352747528184,14.063880669,12.374765104,14.063880669,12.374765104,3.751,3.517,3.28,3.750926,3.516988,3.28,22.7644,16.0,6.23,1.221,0.181,0.029,33.0,,,0.6144013834620158
29160,29160,33_2,33_626,25126.7,94.02641,15.2121,0.0041,3.310755,8799.0,8799.0,2768.0,2294.0,2768.1457,2294.0841,2768.1457,2294.0841,192.0113330469017,27.27851601109734,77.916,18.883,-73.09,0.25356,0.06049,-72.91,2768.1457,2294.0841,192.0113330469017,27.27851601109734,0.27166033152,0.30240671738,0.27166033152,0.30240671738,0.551,0.52,-78.3,0.551166,0.5198876,-78.3,27.9483,19.0,10.81,4.126,0.758,0.029,33.0,1298,1298,33_15,33_34,12832.77,126.3524,15.9416,0.0107,398.6248,161.0,178.0,2768.0,2294.0,2768.2142,2294.3936,2768.2142,2294.3936,192.0113145705704,27.27842838532186,4.732,1.976,-76.63,0.05626,0.02397,-76.45,2768.2142,2294.3936,192.0113145705704,27.27842838532186,3.8915974876,8.2339971257,3.8915974876,8.2339971257,2.917,1.902,-76.31,2.916818,1.902043,-76.31,22.8954,0.0,12.42,2.395,0.582,0.011,33.0,,,0.31698974746809044
29161,29161,33_3,33_626,27247.3,104.8448,15.1241,0.0042,3.26357,12136.0,12136.0,2694.0,2177.0,2768.8135,2254.9809,2768.8135,2254.9809,192.01071690583183,27.28950231552211,77.459,30.5,16.65,0.22672,0.08517,15.81,2768.8135,2254.9809,192.01071690583183,27.28950231552211,16.470918102,9.9686399312,16.470918102,9.9686399312,4.069,3.144,6.47,4.068855,3.143879,6.47,28.1878,19.0,291.81,2.54,0.606,0.021,33.0,1303,1303,33_20,33_29,4877.677,98.45799,16.9919,0.0219,398.6231,107.0,114.0,2769.0,2255.0,2768.9914,2255.3691,2768.9914,2255.3691,192.0106646152007,27.289391573954127,3.508,2.092,9.55,0.07868,0.04831,8.34,2768.9914,2255.3691,192.0106646152007,27.289391573954127,8.4789756273,5.2317563103,8.4789756273,5.2317563103,2.932,2.261,10.59,2.932002,2.261437,10.59,22.8971,0.0,11.63,1.677,0.404,0.0,33.0,,,0.4270218378488218
29162,29162,33_4,33_626,26740.0,72.52536,15.1445,0.0029,3.254292,1571.0,1571.0,2784.0,2110.0,2783.6202,2110.257,2783.6202,2110.257,192.00453039895348,27.330050530798413,7.379,5.7,-60.86,0.02783,0.02171,-59.95,2783.6202,2110.257,192.00453039895348,27.330050530798413,0.40067325294,0.39327358541,0.40067325294,0.39327358541,0.647,0.613,40.11,0.647126,0.6125152,40.11,27.5094,3.0,1.71,1.294,0.227,0.753,33.0,1316,1316,33_33,33_16,22207.91,101.866,15.3461,0.005,397.8092,83.0,88.0,2784.0,2110.0,2783.6811,2110.6256,2783.6811,2110.6256,192.0045149373281,27.329946362630675,1.77,1.602,69.91,0.01151,0.0105,76.51,2783.6811,2110.6256,192.0045149373281,27.329946362630675,0.92754922703,0.98949095034,0.92754922703,0.98949095034,1.016,0.94,57.31,1.016288,0.9403187,57.31,22.8745,0.0,3.07,1.104,0.095,0.982,33.0,,,0.3735970690461007
29163,29163,33_5,33_626,8505.932,57.59497,16.3881,0.0074,3.255193,3595.0,3595.0,2733.0,2101.0,2733.3288,2101.3013,2733.3288,2101.3013,192.02036122748805,27.33302464704643,23.681,18.496,-16.34,0.13053,0.1024,-14.39,2733.3288,2101.3013,192.02036122748805,27.33302464704643,0.16175065091,0.1541113179,0.16175065091,0.1541113179,0.402,0.393,3.49,0.4022179,0.3925337,3.49,27.9674,19.0,2.31,1.28,0.219,0.182,33.0,1318,1318,33_35,33_14,3175.781,59.81057,17.4578,0.0205,397.9962,34.0,40.0,2733.0,2101.0,2733.3856,2101.6234,2733.3856,2101.6234,192.02034657055464,27.332933588336637,1.496,1.334,62.45,0.03624,0.03207,76.57,2733.3856,2101.6234,192.02034657055464,27.332933588336637,0.90678588286,0.89971793847,0.90678588286,0.89971793847,0.989,0.91,43.65,0.989134,0.9100097,43.65,22.8837,0.0,3.06,1.122,0.109,0.974,33.0,,,0.32706979377488493
29164,29164,33_6,33_626,22097.21,76.05203,15.3516,0.0037,1.859113,3131.0,3131.0,2847.0,2076.0,2846.5991,2076.3145,2846.5991,2076.3145,191.98423665661312,27.339017155395407,17.322,16.454,-24.88,0.07105,0.06608,-19.11,2846.5991,2076.3145,191.98423665661312,27.339017155395407,239.82423924,222.23015446,239.82423924,222.23015446,15.544,14.847,16.91,15.544,14.84717,16.91,25.5999,19.0,1.99,1.053,0.05,0.755,33.0,1324,1324,33_41,33_8,10061.49,80.88112,16.2058,0.0087,397.9471,60.0,65.0,2847.0,2076.0,2846.6366,2076.6999,2846.6366,2076.6999,191.98422879420536,27.338908478345854,1.705,1.519,77.58,0.01897,0.01656,-84.34,2846.6366,2076.6999,191.98422879420536,27.338908478345854,0.92692646178,1.0109202826,0.92692646178,1.0109202826,1.027,0.94,59.76,1.026714,0.9400558,59.76,22.8996,0.0,3.16,1.122,0.109,0.977,33.0,,,0.3872201053665525
29335,29335,33_177,33_498,1138.699,15.56351,18.5714,0.0148,3.382967,97.0,97.0,2694.0,2440.0,2694.3277,2439.9331,2694.3277,2439.9331,192.03619835791037,27.238182006490696,1.968,1.594,38.92,0.03004,0.02345,41.7,2694.3277,2439.9331,192.03619835791037,27.238182006490696,1.1055877906,1.0336138207,1.1055877906,1.0336138207,1.061,1.007,24.61,1.060519,1.007224,24.61,27.8143,1.0,3.05,1.234,0.19,0.022,33.0,1287,1287,33_4,33_45,554.8387,32.99367,19.352,0.0646,398.0895,11.0,13.0,2694.0,2440.0,2694.4896,2439.8578,2694.4896,2439.8578,192.03614635767687,27.238201717802863,0.995,0.864,-9.56,0.07395,0.06366,-13.53,2694.4896,2439.8578,192.03614635767687,27.238201717802863,0.73654211204,0.67049446899,0.73654211204,0.67049446899,0.859,0.818,8.18,0.8590311,0.8179867,8.18,22.8711,0.0,2.79,1.152,0.132,0.543,33.0,,,0.17855447348082554
29372,29372,33_214,33_471,13974.78,48.4534,15.849,0.0038,3.335248,66.0,66.0,2550.0,2424.0,2550.3495,2424.1591,2550.3495,2424.1591,192.08159205133637,27.243905246076437,1.045,0.977,56.57,0.00373,0.00351,57.58,2550.3495,2424.1591,192.08159205133637,27.243905246076437,0.39106263088,0.38283842502,0.39106263088,0.38283842502,0.636,0.608,38.32,0.6362004,0.6075772,38.32,26.6187,0.0,1.78,1.07,0.065,0.995,33.0,1288,1288,33_5,33_44,11708.84,82.56975,16.0411,0.0077,398.867,58.0,64.0,2550.0,2424.0,2550.4277,2424.5258,2550.4277,2424.5258,192.0815710482126,27.243801456280064,1.677,1.482,69.94,0.01621,0.01405,76.44,2550.4277,2424.5258,192.0815710482126,27.243801456280064,0.90105897899,0.97986610982,0.90105897899,0.97986610982,1.007,0.931,60.97,1.007446,0.9305794,60.97,22.9123,0.0,3.0,1.132,0.117,0.983,33.0,,,0.374945502706842
29395,29395,33_237,33_456,6005.413,34.63087,16.766,0.0063,3.393499,273.0,273.0,2568.0,2402.0,2566.6988,2401.0609,2566.6988,2401.0609,192.0761830687977,27.250253465018936,4.064,1.965,31.73,0.0312,0.01454,32.09,2566.6988,2401.0609,192.0761830687977,27.250253465018936,0.69722544655,0.69039353508,0.69722544655,0.69039353508,0.853,0.813,42.07,0.8528052,0.8126144,42.07,27.0265,1.0,5.06,2.068,0.516,0.866,33.0,1292,1292,33_9,33_40,4412.798,62.84001,17.1006,0.0155,397.323,40.0,42.0,2568.0,2402.0,2567.712,2401.9231,2567.712,2401.9231,192.0758712691092,27.250002039498465,1.486,1.36,55.23,0.02701,0.02543,57.31,2567.712,2401.9231,192.0758712691092,27.250002039498465,0.87803186077,0.91055947368,0.87803186077,0.91055947368,0.977,0.913,52.71,0.9774718,0.9127651,52.71,22.8355,0.0,2.93,1.093,0.085,0.974,33.0,,,1.3303995941068938
29447,29447,33_289,33_415,5519.831,31.30553,16.8576,0.0062,3.200929,138.0,138.0,2789.0,2355.0,2789.1301,2355.0539,2789.1301,2355.0539,192.00532351080923,27.26118611092072,1.854,1.249,0.83,0.01419,0.00787,-0.38,2789.1301,2355.0539,192.00532351080923,27.26118611092072,0.58333830771,0.5647830672,0.58333830771,0.5647830672,0.777,0.738,35.97,0.7771639,0.7376568,35.97,27.2894,0.0,2.29,1.485,0.327,0.988,33.0,1294,1294,33_11,33_38,4175.023,65.31146,17.1608,0.017,398.2272,38.0,46.0,2789.0,2355.0,2789.3635,2355.3696,2789.3635,2355.3696,192.00525292244825,27.261095243470603,1.565,1.375,62.24,0.03209,0.02762,66.73,2789.3635,2355.3696,192.00525292244825,27.261095243470603,0.93358886435,0.95418478321,0.93358886435,0.95418478321,1.01,0.932,48.92,1.009618,0.931904,48.92,22.8678,0.0,3.01,1.138,0.121,0.965,33.0,,,0.392609284149142
29515,29515,33_357,33_360,7464.622,35.66833,16.5299,0.0052,3.300339,89.0,89.0,2828.0,2298.0,2827.7421,2298.3967,2827.7421,2298.3967,191.9925158600124,27.276761773212183,1.214,1.149,71.21,0.00637,0.00601,-81.67,2827.7421,2298.3967,191.9925158600124,27.276761773212183,0.48670201771,0.50750623035,0.48670201771,0.50750623035,0.724,0.686,56.62,0.7235049,0.6861115,56.62,27.544,0.0,2.12,1.057,0.054,0.989,33.0,1299,1299,33_16,33_33,5967.446,71.41702,16.7729,0.013,398.1798,48.0,53.0,2828.0,2298.0,2827.8281,2298.7492,2827.8281,2298.7492,191.9924923046171,27.276661898819384,1.64,1.436,76.17,0.02651,0.02233,87.08,2827.8281,2298.7492,191.9924923046171,27.276661898819384,0.91189761115,0.99091065772,0.91189761115,0.99091065772,1.016,0.933,59.67,1.015882,0.9331628,59.67,22.8728,0.0,3.22,1.142,0.124,0.975,33.0,,,0.3628391516916776
29550,29550,33_392,33_329,20825.41,58.77319,15.4159,0.0031,3.297289,75.0,75.0,2624.0,2264.0,2623.8934,2264.3544,2623.8934,2264.3544,192.056683690687,27.28817453603853,0.995,0.933,61.51,0.0029,0.00274,62.0,2623.8934,2264.3544,192.056683690687,27.28817453603853,0.33521821014,0.37321934388,0.33521821014,0.37321934388,0.615,0.575,71.35,0.6149021,0.574746,71.35,27.6855,0.0,1.66,1.067,0.063,0.993,33.0,1302,1302,33_19,33_30,18120.84,94.98944,15.567,0.0057,398.9617,72.0,78.0,2624.0,2264.0,2623.9778,2264.7317,2623.9778,2264.7317,192.05666084475652,27.28806771145404,1.732,1.557,67.4,0.01269,0.01131,71.24,2623.9778,2264.7317,192.05666084475652,27.28806771145404,0.8897560149,0.95999443214,0.8897560149,0.95999443214,0.998,0.924,59.82,0.9979446,0.9240438,59.82,22.9068,0.0,3.07,1.113,0.101,0.982,33.0,,,0.38662468881302375
29645,29645,33_487,33_263,2267.144,24.15744,17.8237,0.0116,3.288542,285.0,285.0,2547.0,2173.0,2547.3268,2173.0055,2547.3268,2173.0055,192.07998686510103,27.31453947234979,5.482,2.249,80.96,0.06482,0.02534,81.46,2547.3268,2173.0055,192.07998686510103,27.31453947234979,0.91647467723,1.0002118471,0.91647467723,1.0002118471,1.0,0.957,-87.01,1.000221,0.957207,-87.01,26.964,3.0,2.74,2.438,0.59,0.197,33.0,1311,1311,33_28,33_21,1179.807,44.23951,18.5329,0.0407,398.7156,20.0,22.0,2547.0,2173.0,2547.3328,2173.2234,2547.3328,2173.2234,192.0799871883809,27.314478161864525,1.225,1.082,79.45,0.05599,0.04784,73.21,2547.3328,2173.2234,192.0799871883809,27.314478161864525,0.78179299118,0.8658795587,0.78179299118,0.8658795587,0.932,0.883,-80.64,0.931787,0.8828622,-80.64,22.8626,0.0,2.93,1.132,0.116,0.88,33.0,,,0.21798259104765458
29677,29677,33_519,33_236,3229.445,24.99392,17.4396,0.0084,1.890934,104.0,104.0,3011.0,2163.0,3011.4628,2162.7761,3011.4628,2162.7761,191.93294296422843,27.313196078937988,1.829,1.402,-64.59,0.01732,0.01166,-64.03,3011.4628,2162.7761,191.93294296422843,27.313196078937988,0.75667193264,0.73803983188,0.75667193264,0.73803983188,0.881,0.847,35.83,0.8814541,0.8472016,35.83,25.306,16.0,2.66,1.304,0.233,0.996,33.0,1312,1312,33_29,33_20,2096.392,52.50086,17.9087,0.0272,398.6526,29.0,31.0,3011.0,2163.0,3011.4769,2163.2068,3011.4769,2163.2068,191.932943030872,27.313074884871472,1.405,1.213,46.12,0.04453,0.03707,43.92,3011.4769,2163.2068,191.932943030872,27.313074884871472,0.91560612425,0.9173330433,0.91560612425,0.9173330433,0.989,0.925,45.41,0.9886324,0.9249569,45.41,22.8798,0.0,3.15,1.159,0.137,0.918,33.0,,,0.4309307368938919
29717,29717,33_559,33_205,3994.861,26.30316,17.2087,0.0072,1.846144,42.0,42.0,3019.0,2136.0,3019.0145,2136.3735,3019.0145,2136.3735,191.9302743029871,27.320547468721696,1.049,0.848,86.95,0.00723,0.00599,87.78,3019.0145,2136.3735,191.9302743029871,27.320547468721696,0.30489755283,0.40408538818,0.30489755283,0.40408538818,0.636,0.551,84.46,0.6364182,0.551321,84.46,25.321,24.0,1.87,1.237,0.192,0.98,33.0,1314,1314,33_31,33_18,3949.055,56.55949,17.2212,0.0156,398.8014,30.0,33.0,3020.0,2136.0,3019.4963,2136.7037,3019.4963,2136.7037,191.93012523718457,27.320450188765736,1.485,1.131,88.49,0.02889,0.02111,-86.98,3019.4963,2136.7037,191.93012523718457,27.320450188765736,0.73466635012,0.86097204078,0.73466635012,0.86097204078,0.936,0.848,71.6,0.936319,0.8479063,71.6,22.8836,24.0,3.27,1.313,0.238,0.986,33.0,,,0.5840918420929203
29731,29731,33_573,33_626,6997.558,49.97729,16.6,0.0078,3.319357,2340.0,2340.0,2905.0,2331.0,2905.1774,2331.318,2905.1774,2331.318,191.96835193455777,27.26679948848415,15.889,12.9,-57.43,0.09917,0.07945,-57.33,2905.1774,2331.318,191.96835193455777,27.26679948848415,1.4599518589,1.4364246308,1.4599518589,1.4364246308,1.229,1.178,-39.48,1.228676,1.177596,-39.48,27.6449,3.0,3.7,1.232,0.188,0.029,33.0,1297,1297,33_14,33_35,2970.585,67.83624,17.5303,0.0248,399.0645,47.0,54.0,2905.0,2331.0,2905.2491,2331.6005,2905.2491,2331.6005,191.96833219374705,27.266719419526453,1.832,1.697,-45.55,0.04943,0.04596,-44.22,2905.2491,2331.6005,191.96833219374705,27.266719419526453,2.2639470413,2.2553095887,2.2639470413,2.2553095887,1.538,1.467,-43.84,1.538359,1.467211,-43.84,22.9132,0.0,5.06,1.08,0.074,0.009,33.0,,,0.2914569264915175
29797,29797,33_639,33_626,13970.18,48.91604,15.8494,0.0038,3.264492,189.0,189.0,2812.0,2415.0,2812.3698,2415.404,2812.3698,2415.404,191.99859562078885,27.24400959540981,1.738,1.406,-59.52,0.00772,0.00613,-67.96,2812.3698,2415.404,191.99859562078885,27.24400959540981,0.44646588094,0.44716855429,0.44646588094,0.44716855429,0.688,0.648,45.37,0.6883056,0.6479736,45.37,27.4023,2.0,2.0,1.236,0.191,0.983,33.0,1290,1290,33_7,33_42,11544.14,83.87608,16.0565,0.0079,399.2635,61.0,66.0,2812.0,2415.0,2812.4386,2415.7598,2812.4386,2415.7598,191.9985775444883,27.243908948748576,1.707,1.506,68.15,0.01677,0.01465,76.27,2812.4386,2415.7598,191.9985775444883,27.243908948748576,0.96332686921,1.0109485689,0.96332686921,1.0109485689,1.033,0.952,53.63,1.033149,0.9523023,53.63,22.897,0.0,3.16,1.133,0.118,0.977,33.0,,,0.3623907835470867
29840,29840,33_682,33_105,73190.54,109.8036,14.0513,0.0016,3.435393,72.0,72.0,2629.0,2056.0,2628.8682,2056.3952,2628.8682,2056.3952,192.05297588994424,27.34659078961205,0.901,0.844,60.41,0.00137,0.00128,60.44,2628.8682,2056.3952,192.05297588994424,27.34659078961205,0.28358152662,0.32808415677,0.28358152662,0.32808415677,0.575,0.53,76.95,0.574986,0.5301479,76.95,26.9575,0.0,1.56,1.067,0.063,1.0,33.0,1326,1326,33_43,33_6,69213.03,148.0833,14.1119,0.0023,398.1686,127.0,134.0,2629.0,2056.0,2628.965,2056.8165,2628.965,2056.8165,192.0529495593316,27.346471487514982,1.902,1.703,68.29,0.00587,0.00539,70.0,2628.965,2056.8165,192.0529495593316,27.346471487514982,0.9682521839,1.022063464,0.9682521839,1.022063464,1.03,0.964,57.17,1.029773,0.9643048,57.17,22.8585,0.0,3.21,1.117,0.105,0.985,33.0,,,0.4322776075625798
29971,29971,34_6,34_338,2350.229,34.00146,17.7846,0.0157,2.984179,1480.0,1480.0,2678.0,2198.0,2677.6472,2197.7805,2677.6472,2197.7805,192.0389845563896,27.306406545922066,34.601,9.555,37.28,0.33463,0.09227,36.99,2677.6472,2197.7805,192.0389845563896,27.306406545922066,95.683059489,86.848345677,95.683059489,86.848345677,10.214,8.844,35.11,10.21387,8.843542,35.11,27.3602,19.0,3.97,3.621,0.724,0.0,34.0,1306,1306,33_23,33_26,159.6401,20.37967,20.7046,0.1386,398.0451,5.0,5.0,2678.0,2198.0,2678.1893,2197.5971,2678.1893,2197.5971,192.03881105992176,27.306453216957937,0.738,0.454,-18.57,0.12034,0.0697,-18.43,2678.1893,2197.5971,192.03881105992176,27.306453216957937,0.80203977829,0.89214636738,0.80203977829,0.89214636738,0.945,0.895,86.03,0.9447663,0.8953227,86.03,22.8706,0.0,2.26,1.626,0.385,0.363,33.0,,,0.5722831204920246
29974,29974,34_9,34_243,1785.697,22.92849,18.0829,0.0139,1.720608,240.0,240.0,2569.0,2085.0,2568.2562,2084.9836,2568.2562,2084.9836,192.07246166145163,27.339097427250724,7.591,3.977,61.63,0.11428,0.05535,61.76,2568.2562,2084.9836,192.07246166145163,27.339097427250724,6.6114547615,6.8603564134,6.6114547615,6.8603564134,2.671,2.517,-54.08,2.671188,2.517253,-54.08,25.3271,19.0,4.13,1.909,0.476,0.085,34.0,1322,1322,33_39,33_10,507.9683,34.77844,19.4478,0.0744,399.0955,13.0,14.0,2569.0,2085.0,2568.5639,2084.7657,2568.5639,2084.7657,192.07236200302836,27.339155932279013,1.005,0.976,5.82,0.08141,0.07961,4.08,2568.5639,2084.7657,192.07236200302836,27.339155932279013,1.3770970191,1.3495536424,1.3770970191,1.3495536424,1.195,1.14,-38.87,1.19506,1.13951,-38.87,22.8644,0.0,4.35,1.029,0.029,0.188,33.0,,,0.377040713982224
29975,29975,34_10,34_243,2347.117,27.31373,17.7861,0.0126,1.712625,403.0,403.0,2592.0,2081.0,2591.4476,2081.1979,2591.4476,2081.1979,192.06507946292143,27.339954141587643,9.155,4.65,73.69,0.12008,0.05904,73.52,2591.4476,2081.1979,192.06507946292143,27.339954141587643,98.209850119,127.42707152,98.209850119,127.42707152,11.302,9.895,84.19,11.3019,9.89465,84.19,25.3678,19.0,3.41,1.969,0.492,0.437,34.0,1323,1323,33_40,33_9,608.4242,35.92078,19.2519,0.0641,398.7663,13.0,15.0,2592.0,2081.0,2591.5657,2081.127,2591.5657,2081.127,192.06504134128508,27.33997301490631,1.048,0.952,-72.89,0.07467,0.06582,-75.74,2591.5657,2081.127,192.06504134128508,27.33997301490631,1.1759029004,1.1766395945,1.1759029004,1.1766395945,1.09,1.079,45.87,1.090133,1.078959,45.87,22.8678,0.0,3.31,1.101,0.092,0.442,33.0,,,0.13774766785705153
30192,30192,34_227,34_570,1098.725,17.43555,18.6102,0.0172,3.162212,166.0,166.0,2618.0,2426.0,2618.7872,2425.5434,2618.7872,2425.5434,192.05995178133088,27.24290543086014,4.255,2.033,-43.42,0.07046,0.03056,-44.11,2618.7872,2425.5434,192.05995178133088,27.24290543086014,2.1580667464,1.9266145919,2.1580667464,1.9266145919,1.491,1.365,-24.94,1.490604,1.364837,-24.94,26.9041,1.0,5.89,2.093,0.522,0.027,34.0,1289,1289,33_6,33_43,390.4932,31.42958,19.7334,0.0874,398.0952,11.0,12.0,2618.0,2426.0,2617.9745,2425.8176,2617.9745,2425.8176,192.06021173657103,27.24283561576977,1.026,0.858,0.86,0.10065,0.08366,0.1,2617.9745,2425.8176,192.06021173657103,27.24283561576977,1.6639472349,1.3845857838,1.6639472349,1.3845857838,1.306,1.158,-19.97,1.306302,1.158494,-19.97,22.8736,0.0,5.25,1.195,0.163,0.072,33.0,,,0.8577102832545312
30217,30217,34_252,34_551,3494.261,37.9733,17.354,0.0118,3.169387,1604.0,1604.0,2670.0,2409.0,2670.0543,2408.7975,2670.0543,2408.7975,192.04355825727663,27.24715345984085,31.12,13.385,-85.14,0.26109,0.11021,-85.69,2670.0543,2408.7975,192.04355825727663,27.24715345984085,9.9048458621,10.07002134,9.9048458621,10.07002134,3.265,3.052,-48.52,3.265238,3.051736,-48.52,27.8332,19.0,3.58,2.325,0.57,0.024,34.0,1291,1291,33_8,33_41,1017.703,44.19603,18.6934,0.0472,397.2775,22.0,23.0,2670.0,2409.0,2670.0027,2409.0498,2670.0027,2409.0498,192.0435771787628,27.24708299492559,1.262,1.229,20.34,0.06478,0.06444,5.41,2670.0027,2409.0498,192.0435771787628,27.24708299492559,1.6643441498,1.5330016391,1.6643441498,1.5330016391,1.291,1.237,7.07,1.290891,1.237314,7.07,22.8298,0.0,4.69,1.027,0.026,0.148,33.0,,,0.25752252328641223
30220,30220,34_255,34_551,3584.438,31.84238,17.3264,0.0096,3.08178,846.0,846.0,2771.0,2230.0,2770.4849,2229.648,2770.4849,2229.648,192.00992558846815,27.296608469132,10.968,6.034,-87.38,0.10049,0.05736,-86.72,2770.4849,2229.648,192.00992558846815,27.296608469132,1.9700859962,2.0283997403,1.9700859962,2.0283997403,1.432,1.396,-62.69,1.431641,1.396026,-62.69,27.3307,3.0,3.3,1.818,0.45,0.029,34.0,1304,1304,33_21,33_28,1698.176,55.53588,18.1374,0.0355,399.1299,32.0,36.0,2771.0,2230.0,2770.591,2229.8017,2770.591,2229.8017,192.00989359497103,27.29656429944834,1.569,1.401,-67.75,0.06064,0.0531,-63.3,2770.591,2229.8017,192.00989359497103,27.29656429944834,1.514253337,1.6582645847,1.514253337,1.6582645847,1.288,1.23,-83.98,1.288364,1.229893,-83.98,22.9254,0.0,4.38,1.12,0.107,0.218,33.0,,,0.18676428994844183
30224,30224,34_259,34_549,1397.604,20.85958,18.3489,0.0162,1.622971,322.0,322.0,3044.0,2386.0,3043.9248,2385.6482,3043.9248,2385.6482,191.92501440126608,27.25024845110731,11.666,3.476,61.66,0.19416,0.05986,62.08,3043.9248,2385.6482,191.92501440126608,27.25024845110731,105.77054826,158.5004536,105.77054826,158.5004536,12.639,10.224,81.35,12.63918,10.22361,81.35,25.4923,19.0,3.27,3.356,0.702,0.324,34.0,1340,1340,34_10,34_36,266.6841,24.39563,20.1474,0.0993,399.6231,6.0,7.0,3044.0,2386.0,3043.9336,2385.7175,3043.9336,2385.7175,191.9250123466624,27.250228889830023,0.719,0.682,20.04,0.08611,0.07959,0.56,3043.9336,2385.7175,191.9250123466624,27.250228889830023,0.4566478806,0.5896645024,0.4566478806,0.5896645024,0.773,0.67,76.31,0.7733392,0.6695214,76.31,22.907,0.0,2.77,1.055,0.052,0.484,34.0,,,0.069856495761072
30328,30328,34_363,34_466,1112.403,17.08677,18.5968,0.0167,3.219791,167.0,167.0,2614.0,2337.0,2614.544,2337.3108,2614.544,2337.3108,192.06039045092305,27.267748358976007,3.18,2.474,28.34,0.05306,0.03866,28.06,2614.544,2337.3108,192.06039045092305,27.267748358976007,1.2752933293,1.2023885105,1.2752933293,1.2023885105,1.142,1.083,28.05,1.14201,1.08328,28.05,27.2945,3.0,3.18,1.286,0.222,0.03,34.0,1295,1295,33_12,33_37,469.5009,31.74235,19.5333,0.0734,397.8409,10.0,12.0,2614.0,2337.0,2614.4469,2337.2533,2614.4469,2337.2533,192.0604205910492,27.26776539317928,1.012,0.793,29.98,0.08422,0.06437,31.92,2614.4469,2337.2533,192.0604205910492,27.26776539317928,0.93296080777,0.84621078366,0.93296080777,0.84621078366,0.984,0.9,28.33,0.9841331,0.900363,28.33,22.8563,0.0,2.77,1.277,0.217,0.506,33.0,,,0.11284795080120412
30344,30344,34_379,34_459,1351.587,16.98287,18.3853,0.0136,1.746974,78.0,78.0,3065.0,2308.0,3064.4497,2307.962,3064.4497,2307.962,191.9176999167926,27.27189486205839,1.631,1.568,15.0,0.02298,0.02199,15.75,3064.4497,2307.962,191.9176999167926,27.27189486205839,0.96276198591,0.91785488275,0.96276198591,0.91785488275,0.984,0.955,18.65,0.9841436,0.9550279,18.65,25.3436,19.0,2.85,1.04,0.038,0.986,34.0,1344,1344,34_14,34_32,646.6151,34.93232,19.1858,0.0587,399.0874,14.0,14.0,3065.0,2308.0,3064.5268,2308.1706,3064.5268,2308.1706,191.9176777159412,27.27183551116502,0.978,0.924,5.56,0.063,0.06187,-3.02,3064.5268,2308.1706,191.9176777159412,27.27183551116502,0.81196728195,0.72631695631,0.81196728195,0.72631695631,0.904,0.849,13.44,0.9039651,0.8491945,13.44,22.8677,16.0,2.58,1.059,0.055,0.503,34.0,,,0.22239237846645718
30407,30407,34_442,34_403,15156.06,59.83763,15.7609,0.0043,1.790023,1318.0,1318.0,3046.0,2232.0,3045.839,2232.4408,3045.839,2232.4408,191.9227941622467,27.29329563042587,10.178,5.892,-77.01,0.05043,0.02947,-78.75,3045.839,2232.4408,191.9227941622467,27.29329563042587,1.5665776739,1.9899312542,1.5665776739,1.9899312542,1.518,1.119,-56.84,1.518374,1.118502,-56.84,25.4018,19.0,3.72,1.727,0.421,0.677,34.0,1351,1351,34_21,34_25,9762.729,99.8979,16.2385,0.0111,399.7876,95.0,104.0,3046.0,2232.0,3045.873,2232.8072,3045.873,2232.8072,191.9227872616527,27.293192325150827,2.816,1.713,-59.36,0.03728,0.02169,-59.07,3045.873,2232.8072,191.9227872616527,27.293192325150827,1.9848023824,2.4211263381,1.9848023824,2.4211263381,1.619,1.336,-60.68,1.619332,1.335549,-60.68,22.8962,0.0,5.22,1.644,0.392,0.026,34.0,,,0.3679741295257809
30408,30408,34_443,34_403,2003.028,26.95546,17.9582,0.0146,1.850344,467.0,467.0,3044.0,2170.0,3044.3185,2169.5813,3044.3185,2169.5813,191.9226129267771,27.310978556696515,10.528,6.342,53.31,0.14256,0.08781,55.76,3044.3185,2169.5813,191.9226129267771,27.310978556696515,155.96304295,219.36919216,155.96304295,219.36919216,14.847,12.446,82.72,14.8466,12.44631,82.72,25.3808,19.0,25.16,1.66,0.398,0.021,34.0,1359,1359,34_29,34_17,154.604,20.69362,20.7394,0.1454,398.839,5.0,5.0,3044.0,2169.0,3044.5749,2169.7753,3044.5749,2169.7753,191.92253379917005,27.31092164586466,0.765,0.448,70.23,0.11959,0.06909,71.43,3044.5749,2169.7753,191.92253379917005,27.31092164586466,0.96750774135,1.1867594683,0.96750774135,1.1867594683,1.118,0.951,64.69,1.118006,0.9509627,64.69,22.8485,0.0,3.44,1.708,0.414,0.439,34.0,,,0.3215228763246768
30921,30921,35_1,35_114,633775.8,493.069,11.7076,8.0E-4,3.400804,146495.0,146495.0,59.0,2754.0,216.8317,2980.2228,216.8317,2980.2228,192.82476883673675,27.106231085609316,195.789,122.886,-77.86,0.1594,0.09576,-76.88,216.8317,2980.2228,192.82476883673675,27.106231085609316,14620.560258,13348.018597,14620.560258,13348.018597,121.995,114.393,-22.46,121.9954,114.3927,-22.46,25.5216,19.0,931.23,1.593,0.372,0.017,35.0,1404,1404,35_30,35_33,54117.45,260.0186,14.3791,0.0052,405.3737,715.0,753.0,217.0,2980.0,217.0326,2980.5861,217.0326,2980.5861,192.8247083220429,27.106127436406464,6.282,5.842,27.92,0.0373,0.03424,23.61,217.0326,2980.5861,192.8247083220429,27.106127436406464,18.453670353,18.666914055,18.453670353,18.666914055,4.373,4.242,50.47,4.372905,4.242438,50.47,22.9412,0.0,7.62,1.075,0.07,0.023,35.0,,,0.4151478050044132
30922,30922,35_2,35_114,1333187.0,496.9852,10.9002,4.0E-4,3.257918,30051.0,30051.0,411.0,2725.0,412.9259,2724.8666,412.9259,2724.8666,192.76065048834,27.17663548841857,20.151,13.048,89.13,0.01113,0.00715,87.5,412.9259,2724.8666,192.76065048834,27.17663548841857,1.8001859866,2.472541386,1.8001859866,2.472541386,1.587,1.325,75.97,1.586615,1.324908,75.97,25.4551,23.0,15.23,1.544,0.352,1.0,35.0,1392,1392,35_18,35_17,1195093.0,481.4031,11.0189,4.0E-4,405.4264,444.0,471.0,414.0,2727.0,413.0327,2725.1956,413.0327,2725.1956,192.76061949011395,27.176542161514654,2.569,2.234,75.35,0.00138,0.00128,76.39,413.0327,2725.1956,192.76061949011395,27.176542161514654,2.4507538947,2.9482010982,2.4507538947,2.9482010982,1.734,1.546,71.92,1.734229,1.546417,71.92,22.9589,4.0,14.37,1.15,0.13,1.0,35.0,,,0.3459006215665269
30923,30923,35_3,35_114,2094574.0,614.0788,10.4097,3.0E-4,3.079557,26122.0,26122.0,80.0,2531.0,76.9687,2530.0035,76.9687,2530.0035,192.8653126703648,27.23387654441293,22.343,14.771,39.37,0.0099,0.00639,40.65,76.9687,2530.0035,192.8653126703648,27.23387654441293,5.0223782217,4.5175780177,5.0223782217,4.5175780177,2.347,2.008,34.98,2.346644,2.008287,34.98,25.5252,22.0,28.91,1.513,0.339,0.998,35.0,1376,1376,35_2,35_5,2079506.0,648.6417,10.4175,3.0E-4,408.3972,817.0,862.0,80.0,2531.0,77.0311,2530.3416,77.0311,2530.3416,192.8652956918512,27.233781000464035,4.018,3.095,79.9,0.00154,0.00136,76.46,77.0311,2530.3416,192.8652956918512,27.233781000464035,5.865987424,6.0433642774,5.865987424,6.0433642774,2.57,2.303,48.91,2.570189,2.302928,48.91,22.814,20.0,21.16,1.298,0.23,0.643,35.0,,,0.343810078386697
30958,30958,35_38,35_86,13899.9,48.839,15.8549,0.0038,6.390579,57.0,57.0,50.0,2975.0,49.9273,2975.075,49.9273,2975.075,192.87746665264345,27.108875817821705,0.99,0.927,62.14,0.00356,0.00335,62.17,49.9273,2975.075,192.87746665264345,27.108875817821705,0.35005012976,0.36916847439,0.35005012976,0.36916847439,0.612,0.587,64.2,0.6123711,0.5867028,64.2,27.3448,0.0,1.66,1.068,0.064,0.999,35.0,1406,1406,35_32,35_32,11609.95,83.86314,16.0503,0.0078,404.1772,57.0,64.0,50.0,2975.0,50.0664,2975.4049,50.0664,2975.4049,192.87742534030363,27.10878202489333,1.653,1.442,66.53,0.01628,0.01403,69.82,50.0664,2975.4049,192.87742534030363,27.10878202489333,0.7987664015,0.87567875567,0.7987664015,0.87567875567,0.949,0.879,63.47,0.9493262,0.8793321,63.47,22.8726,0.0,2.83,1.146,0.128,0.983,35.0,,,0.3580262839514975
30971,30971,35_51,35_75,51367.61,92.37341,14.4357,0.002,6.498631,58.0,58.0,25.0,2923.0,25.2022,2923.2406,25.2022,2923.2406,192.8848651338279,27.123632831169893,0.886,0.812,63.83,0.00161,0.00148,63.82,25.2022,2923.2406,192.8848651338279,27.123632831169893,0.2570270736,0.28888200261,0.2570270736,0.28888200261,0.541,0.504,72.7,0.5406507,0.503593,72.7,27.3205,0.0,1.5,1.091,0.083,1.0,35.0,1382,1382,35_8,35_27,47426.66,129.1648,14.5224,0.003,403.9337,102.0,110.0,25.0,2923.0,25.3603,2923.6085,25.3603,2923.6085,192.8848181123168,27.123528217515744,1.836,1.604,60.57,0.00725,0.00616,56.66,25.3603,2923.6085,192.8848181123168,27.123528217515744,0.86887879501,0.95675535079,0.86887879501,0.95675535079,0.993,0.916,63.53,0.9928406,0.9164615,63.53,22.866,0.0,3.01,1.145,0.126,0.984,35.0,,,0.4004322914049326
31002,31002,35_82,35_49,51113.09,91.77835,14.4411,0.002,6.573797,64.0,64.0,274.0,2612.0,273.8129,2612.3918,273.8129,2612.3918,192.8037113689172,27.2092872762906,0.88,0.824,60.59,0.00161,0.00151,61.02,273.8129,2612.3918,192.8037113689172,27.2092872762906,0.26490027104,0.31230719465,0.26490027104,0.31230719465,0.561,0.513,78.65,0.5606237,0.5127461,78.65,99.0,0.0,1.54,1.068,0.064,1.0,35.0,1399,1399,35_25,35_10,47248.22,127.9388,14.5264,0.0029,405.1303,103.0,112.0,274.0,2612.0,273.9476,2612.7559,273.9476,2612.7559,192.80367179300757,27.20918388580951,1.815,1.635,63.89,0.00708,0.00651,71.83,273.9476,2612.7559,192.80367179300757,27.20918388580951,0.85959564529,0.9242718571,0.85959564529,0.9242718571,0.976,0.912,61.41,0.9755062,0.9122802,61.41,22.9038,0.0,3.04,1.11,0.099,0.983,35.0,,,0.38821759362524216
31004,31004,35_84,35_47,97971.13,126.9929,13.7347,0.0014,6.119713,57.0,57.0,422.0,2600.0,422.4415,2600.4345,422.4415,2600.4345,192.7565859416784,27.21156619065161,0.839,0.801,51.79,0.0011,0.00105,51.27,422.4415,2600.4345,192.7565859416784,27.21156619065161,0.31872844282,0.31959266169,0.31872844282,0.31959266169,0.576,0.554,45.99,0.5759298,0.5537382,45.99,99.0,0.0,1.22,1.047,0.045,1.0,35.0,1400,1400,35_26,35_9,92750.34,161.1236,13.7941,0.0019,404.552,129.0,141.0,422.0,2600.0,422.5636,2600.8025,422.5636,2600.8025,192.7565504343663,27.21146178388083,1.85,1.68,63.6,0.0047,0.00426,63.15,422.5636,2600.8025,192.7565504343663,27.21146178388083,0.88096719196,0.93358126299,0.88096719196,0.93358126299,0.979,0.925,60.55,0.9788854,0.9253821,60.55,22.8971,0.0,3.03,1.101,0.092,0.983,35.0,,,0.3877272365980391
31011,31011,35_91,35_42,408.1175,13.4794,19.6854,0.0359,6.158186,65.0,65.0,127.0,2565.0,127.2841,2565.1779,127.2841,2565.1779,192.84968055457512,27.22362328642612,1.983,1.627,55.51,0.04712,0.03869,57.34,127.2841,2565.1779,192.84968055457512,27.22362328642612,1.0369770117,1.0247911708,1.0369770117,1.0247911708,1.048,0.982,42.38,1.047696,0.9818867,42.38,27.6943,1.0,3.3,1.219,0.18,0.019,35.0,1401,1401,35_27,35_8,195.0118,21.23752,20.4873,0.1183,405.8237,5.0,5.0,127.0,2565.0,127.2299,2565.3926,127.2299,2565.3926,192.84969946883191,27.223563284420017,0.745,0.448,18.95,0.11098,0.06423,18.4,127.2299,2565.3926,192.84969946883191,27.223563284420017,0.61304997831,0.48598947438,0.61304997831,0.48598947438,0.819,0.654,29.26,0.8192448,0.6541234,29.26,22.8096,0.0,2.95,1.661,0.398,0.474,35.0,,,0.22143561140881696
31023,31023,35_103,35_30,355825.8,241.7653,12.3343,7.0E-4,6.277705,64.0,64.0,161.0,2543.0,160.8141,2543.3078,160.8141,2543.3078,192.83889087546493,27.22953438160909,0.807,0.744,63.69,5.5E-4,5.1E-4,63.63,160.8141,2543.3078,192.83889087546493,27.22953438160909,0.22516680424,0.26561147004,0.22516680424,0.26561147004,0.517,0.472,77.94,0.5172484,0.4724747,77.94,27.5908,4.0,0.0,1.085,0.078,0.999,35.0,1375,1375,35_1,35_6,349011.2,275.5587,12.3553,9.0E-4,405.7141,210.0,221.0,161.0,2543.0,160.9315,2543.6625,160.9315,2543.6625,192.83885665655927,27.2294337700932,1.928,1.745,63.85,0.0021,0.00195,70.96,160.9315,2543.6625,192.83885665655927,27.2294337700932,0.88064310969,0.9542052387,0.88064310969,0.9542052387,0.993,0.922,61.37,0.9926895,0.9216376,61.37,22.8267,0.0,3.06,1.104,0.095,0.996,35.0,,,0.3736239419522066
31056,31056,36_1,36_258,1061790.0,446.3191,11.1473,5.0E-4,2.532115,39948.0,39948.0,793.0,2732.0,793.1012000000001,2731.5873,793.1012000000001,2731.5873,192.6404614969811,27.171909487305992,32.331,21.727,77.84,0.02063,0.01403,76.62,793.1012000000001,2731.5873,192.6404614969811,27.171909487305992,0.70669415096,0.66815417426,0.70669415096,0.66815417426,0.841,0.817,2.35,0.8406896,0.8173673,2.35,25.5807,7.0,3.24,1.488,0.328,0.998,36.0,1427,1427,36_20,36_20,905057.1,423.9543,11.3207,5.0E-4,404.713,369.0,393.0,794.0,2732.0,793.2211,2731.9649,793.2211,2731.9649,192.64042689758,27.17180236635294,2.223,1.994,56.74,0.00148,0.00134,53.09,793.2211,2731.9649,192.64042689758,27.17180236635294,1.4366204743,1.4332173284,1.4366204743,1.4332173284,1.212,1.183,43.61,1.212484,1.183098,43.61,22.9141,4.0,5.22,1.115,0.103,0.994,36.0,,,0.3961789620863662
31057,31057,36_2,36_258,1804894.0,633.4696,10.5713,4.0E-4,2.63252,123776.0,123776.0,815.0,2870.0,817.1326,2871.3442,817.1326,2871.3442,192.63409196793944,27.13241529062806,81.21,68.209,43.09,0.03968,0.03272,41.51,817.1326,2871.3442,192.63409196793944,27.13241529062806,3.0739513459,3.4891858179,3.0739513459,3.4891858179,1.891,1.728,67.42,1.891037,1.728328,67.42,25.5491,23.0,12.8,1.191,0.16,0.997,36.0,1416,1416,36_9,36_32,1437981.0,533.4962,10.818,4.0E-4,405.3625,585.0,622.0,815.0,2870.0,817.2651000000001,2871.1691,817.2651000000001,2871.1691,192.63404853499824,27.13246353853978,2.977,2.519,81.39,0.00148,0.00137,71.99,817.2651000000001,2871.1691,192.63404853499824,27.13246353853978,3.205270825,3.6508218486,3.205270825,3.6508218486,1.935,1.764,67.35,1.935137,1.763898,67.35,22.95,4.0,16.42,1.182,0.154,0.963,36.0,,,0.21958201201370878
31115,31115,36_60,36_213,68725.02,106.4704,14.1196,0.0017,4.886194,64.0,64.0,871.0,2967.0,870.6545,2966.9564,870.6545,2966.9564,192.61801472705463,27.10511231889052,0.888,0.823,50.94,0.00139,0.00129,50.73,870.6545,2966.9564,192.61801472705463,27.10511231889052,0.31473578803,0.27802386743,0.31473578803,0.27802386743,0.565,0.523,17.69,0.5647049,0.523324,17.69,27.4005,0.0,1.55,1.079,0.073,1.0,36.0,1409,1409,36_2,36_39,64041.63,140.7662,14.1962,0.0024,403.7462,111.0,119.0,871.0,2967.0,870.7701999999999,2967.3037,870.7701999999999,2967.3037,192.61798122123423,27.10501373986433,1.843,1.643,61.92,0.0057,0.00516,62.58,870.7701999999999,2967.3037,192.61798122123423,27.10501373986433,0.90636985492,0.97221796665,0.90636985492,0.97221796665,1.005,0.932,58.97,1.004763,0.9322229,58.97,22.8932,0.0,3.08,1.122,0.108,0.984,36.0,,,0.3660652674044911
31155,31155,36_100,36_185,64661.41,103.2862,14.1858,0.0017,4.846236,65.0,65.0,597.0,2936.0,597.2037,2936.0968,597.2037,2936.0968,192.7041816067556,27.115855011897036,0.894,0.827,51.13,0.00145,0.00134,50.67,597.2037,2936.0968,192.7041816067556,27.115855011897036,0.28135950274,0.28103873986,0.28135950274,0.28103873986,0.541,0.519,44.61,0.5412066,0.5191278,44.61,27.4625,0.0,1.52,1.081,0.075,1.0,36.0,1412,1412,36_5,36_36,60607.27,139.4125,14.2561,0.0025,403.7151,117.0,124.0,597.0,2936.0,597.3419,2936.4743,597.3419,2936.4743,192.70414115835283,27.11574778983285,1.866,1.667,59.52,0.00626,0.00559,59.76,597.3419,2936.4743,192.70414115835283,27.11574778983285,0.93007033147,0.99557267069,0.93007033147,0.99557267069,1.018,0.943,58.17,1.018142,0.942884,58.17,22.8894,0.0,3.16,1.119,0.106,0.984,36.0,,,0.40200185322960463
31234,31234,36_179,36_117,5655.668,32.90714,16.8312,0.0063,2.624855,105.0,105.0,517.0,2649.0,516.9224,2648.9728,516.9224,2648.9728,192.72710783823908,27.19721678366602,1.627,1.245,43.85,0.01177,0.00799,45.53,516.9224,2648.9728,192.72710783823908,27.19721678366602,0.55900322157,0.56479710461,0.55900322157,0.56479710461,0.76,0.739,50.34,0.7599523,0.7391027,50.34,25.0546,0.0,2.09,1.307,0.235,0.976,36.0,1435,1435,36_28,36_12,4096.489,64.0942,17.1814,0.017,404.2011,38.0,44.0,517.0,2649.0,517.1448,2649.3967,517.1448,2649.3967,192.72704111162344,27.197095902639585,1.53,1.375,60.39,0.03071,0.02751,63.3,517.1448,2649.3967,192.72704111162344,27.197095902639585,0.87131786962,0.92750899805,0.87131786962,0.92750899805,0.974,0.922,62.04,0.9744562,0.9215541,62.04,22.8784,0.0,2.85,1.112,0.101,0.948,36.0,,,0.47869924796244145
31254,31254,36_199,36_98,50239.52,91.19941,14.4598,0.002,5.246422,65.0,65.0,986.0,2587.0,985.6901,2587.1236,985.6901,2587.1236,192.57824789083529,27.211069141153857,0.901,0.859,33.82,0.00166,0.00159,33.42,985.6901,2587.1236,192.57824789083529,27.211069141153857,0.32741845543,0.28708148511,0.32741845543,0.28708148511,0.574,0.534,10.7,0.5735072,0.5344056,10.7,27.718,0.0,1.57,1.049,0.047,0.999,36.0,1440,1440,36_33,36_7,46511.76,128.2839,14.5435,0.003,403.5468,104.0,114.0,986.0,2587.0,985.8172,2587.4985,985.8172,2587.4985,192.5782110471224,27.21096271479312,1.819,1.677,60.9,0.00712,0.00685,76.61,985.8172,2587.4985,192.5782110471224,27.21096271479312,0.94225180023,0.97877739974,0.94225180023,0.97877739974,1.006,0.954,55.49,1.005748,0.9536772,55.49,22.9092,0.0,3.12,1.085,0.078,0.984,36.0,,,0.39585909109198303
31256,31256,36_201,36_96,4025.469,27.99345,17.2004,0.0076,4.773458,123.0,123.0,608.0,2581.0,608.3341,2580.3936,608.3341,2580.3936,192.6975943048031,27.215826974982,2.093,1.352,-46.1,0.01842,0.01053,-46.05,608.3341,2580.3936,192.6975943048031,27.215826974982,0.61031429203,0.63532965065,0.61031429203,0.63532965065,0.801,0.777,65.39,0.801229,0.7769659,65.39,27.53,1.0,2.74,1.548,0.354,0.983,36.0,1441,1441,36_34,36_6,2858.078,56.59605,17.5722,0.0215,403.9026,29.0,35.0,608.0,2581.0,608.1157000000001,2580.9186,608.1157000000001,2580.9186,192.69766796375328,27.21568093692495,1.421,1.262,67.82,0.03602,0.03146,69.59,608.1157000000001,2580.9186,192.69766796375328,27.21568093692495,0.81315351225,0.88349966415,0.81315351225,0.88349966415,0.947,0.894,68.19,0.9470522,0.8942848,68.19,22.881,0.0,2.96,1.126,0.112,0.978,36.0,,,0.568615476398668
31371,31371,37_1,37_664,18620.01,75.85448,15.5375,0.0044,2.845617,5498.0,5498.0,1252.0,2787.0,1251.7444,2787.3122,1251.7444,2787.3122,192.4959082711733,27.152684810941807,39.759,19.229,-52.98,0.15181,0.07364,-53.05,1251.7444,2787.3122,192.4959082711733,27.152684810941807,1.0108017741,0.85708719594,1.0108017741,0.85708719594,1.017,0.913,-19.95,1.016916,0.9131105,-19.95,27.3724,19.0,3.5,2.068,0.516,0.029,37.0,1463,1463,37_18,37_14,9583.542,106.8526,16.2586,0.0121,403.376,117.0,127.0,1252.0,2787.0,1251.9764,2787.6864,1251.9764,2787.6864,192.4958383453154,27.1525777272315,3.033,2.011,-21.18,0.04394,0.02737,-20.81,1251.9764,2787.6864,192.4958383453154,27.1525777272315,3.1640789786,2.6250668872,3.1640789786,2.6250668872,1.809,1.586,-22.35,1.80936,1.585989,-22.35,22.9194,0.0,5.32,1.509,0.337,0.022,37.0,,,0.44028359042796134
31402,31402,37_32,37_41,1347.966,18.21526,18.3882,0.0147,1.482159,153.0,153.0,1287.0,2524.0,1287.3315,2523.8608,1287.3315,2523.8608,192.4822195136466,27.22649977095139,4.97,2.054,30.88,0.07741,0.03051,31.26,1287.3315,2523.8608,192.4822195136466,27.22649977095139,2.1327366296,1.9694351773,2.1327366296,1.9694351773,1.461,1.402,-7.42,1.461352,1.402363,-7.42,25.4357,19.0,3.36,2.419,0.587,0.781,37.0,1446,1446,37_1,37_1,524.72,32.84338,19.4126,0.068,402.648,12.0,13.0,1287.0,2524.0,1287.2882,2523.7651,1287.2882,2523.7651,192.48223233030163,27.226527029614864,0.987,0.932,67.35,0.0798,0.07283,58.14,1287.2882,2523.7651,192.48223233030163,27.226527029614864,0.95366080683,0.94082869594,0.95366080683,0.94082869594,0.995,0.951,-40.64,0.9947932,0.9512497,-40.64,22.8901,0.0,4.87,1.059,0.056,0.186,37.0,,,0.10503989718185879
31492,31492,37_122,37_723,26158.23,65.91512,15.1684,0.0027,2.839562,89.0,89.0,1242.0,2983.0,1241.6007,2983.1345,1241.6007,2983.1345,192.5009124158804,27.097684223435785,1.025,0.939,61.38,0.00278,0.00243,69.11,1241.6007,2983.1345,192.5009124158804,27.097684223435785,0.37242317574,0.34131170096,0.37242317574,0.34131170096,0.614,0.58,20.37,0.6143293,0.5799434,20.37,26.7605,0.0,1.71,1.092,0.085,0.999,37.0,1451,1451,37_6,37_27,23126.13,101.8476,15.3021,0.0048,403.1144,78.0,86.0,1242.0,2983.0,1241.7065,2983.5079,1241.7065,2983.5079,192.50088239522444,27.09757835548777,1.763,1.596,59.74,0.01077,0.00997,59.26,1241.7065,2983.5079,192.50088239522444,27.09757835548777,0.96061585647,1.0083260857,0.96061585647,1.0083260857,1.023,0.961,56.37,1.02283,0.9606043,56.37,22.9031,0.0,3.1,1.105,0.095,0.984,37.0,,,0.3880994717852239
31515,31515,37_145,37_705,1111.982,20.74994,18.5972,0.0203,2.770863,424.0,424.0,1104.0,2962.0,1103.8141,2962.1716,1103.8141,2962.1716,192.54427323714376,27.10466077166194,10.807,6.673,-54.23,0.16216,0.09919,-54.59,1103.8141,2962.1716,192.54427323714376,27.10466077166194,0.88502595151,0.87212499328,0.88502595151,0.87212499328,0.955,0.919,39.58,0.9554313,0.9188591,39.58,26.8677,19.0,3.29,1.619,0.383,0.021,37.0,1456,1456,37_11,37_25,275.5082,25.77335,20.1121,0.1016,402.5712,7.0,8.0,1104.0,2962.0,1103.8172,2962.0935,1103.8172,2962.0935,192.54427155130335,27.1046827165495,0.845,0.656,46.24,0.10179,0.08023,44.84,1103.8172,2962.0935,192.54427155130335,27.1046827165495,0.76596714426,0.74215752912,0.76596714426,0.74215752912,0.938,0.793,42.26,0.9375172,0.7932125,42.26,22.8639,0.0,4.39,1.287,0.223,0.488,37.0,,,0.07816149947401867
31569,31569,37_199,37_664,2118.771,27.68756,17.8972,0.0142,2.804522,784.0,784.0,1181.0,2955.0,1180.71,2955.221,1180.71,2955.221,192.5199039440141,27.106014864898395,25.402,8.453,86.1,0.28122,0.09047,85.83,1180.71,2955.221,192.5199039440141,27.106014864898395,1.8813949048,1.8686254745,1.8813949048,1.8686254745,1.379,1.359,38.37,1.379442,1.359102,38.37,27.2731,19.0,3.19,3.005,0.667,0.027,37.0,1453,1453,37_8,37_24,620.6346,35.50671,19.2303,0.0621,402.5424,15.0,15.0,1181.0,2955.0,1180.6084,2955.3741,1180.6084,2955.3741,192.5199374538245,27.10597259635148,1.045,0.959,48.47,0.07588,0.06638,45.19,1180.6084,2955.3741,192.5199374538245,27.10597259635148,1.0177507986,1.0472948232,1.0177507986,1.0472948232,1.026,1.006,-68.14,1.026139,1.006024,-68.14,22.8627,0.0,3.6,1.089,0.082,0.608,37.0,,,0.18374485026794832
31570,31570,37_200,37_664,4341.181,36.18876,17.1184,0.0091,2.799523,1158.0,1158.0,1219.0,2941.0,1218.8734,2940.5413,1218.8734,2940.5413,192.50770646767808,27.10984422902821,22.755,9.04,77.14,0.18783,0.07316,78.49,1218.8734,2940.5413,192.50770646767808,27.10984422902821,0.59086366781,0.60113768168,0.59086366781,0.60113768168,0.784,0.76,53.32,0.7835459,0.7603008,53.32,27.2029,19.0,2.54,2.517,0.603,0.591,37.0,1455,1455,37_10,37_22,2086.076,51.70211,17.9141,0.0269,402.9555,27.0,30.0,1219.0,2941.0,1218.8505,2940.6923,1218.8505,2940.6923,192.5077150874059,27.109801935059927,1.342,1.243,68.67,0.04042,0.03863,78.48,1218.8505,2940.6923,192.5077150874059,27.109801935059927,0.89182821794,0.93269557356,0.89182821794,0.93269557356,0.983,0.926,56.1,0.9830324,0.9263753,56.1,22.8835,0.0,3.35,1.08,0.074,0.918,37.0,,,0.15272658576713505
31572,31572,37_202,37_664,1481.902,21.97803,18.2854,0.0161,2.786992,482.0,482.0,1247.0,2758.0,1247.2007,2757.5113,1247.2007,2757.5113,192.4970711576537,27.161102707659307,9.921,4.118,-37.18,0.13169,0.05543,-36.44,1247.2007,2757.5113,192.4970711576537,27.161102707659307,2.4228273506,2.8432204237,2.4228273506,2.8432204237,1.712,1.528,-67.35,1.71227,1.527802,-67.35,27.0405,3.0,3.75,2.41,0.585,0.023,37.0,1467,1467,37_22,37_10,315.7223,27.30796,19.9641,0.0939,402.8099,9.0,9.0,1247.0,2758.0,1247.0911,2757.6759,1247.0911,2757.6759,192.497107333836,27.16105727724035,0.923,0.69,68.31,0.0982,0.07083,69.63,1247.0911,2757.6759,192.497107333836,27.16105727724035,1.0509225739,1.1732670904,1.0509225739,1.1732670904,1.084,1.024,82.56,1.084155,1.024108,82.56,22.8964,0.0,4.64,1.338,0.253,0.193,37.0,,,0.19775065107357082
31577,31577,37_207,37_660,70086.97,107.389,14.0983,0.0017,2.903408,74.0,74.0,1268.0,2957.0,1267.929,2956.8987,1267.929,2956.8987,192.49234993439697,27.104856176549426,0.892,0.862,52.42,0.00138,0.00134,52.76,1267.929,2956.8987,192.49234993439697,27.104856176549426,0.2949344529,0.30200301085,0.2949344529,0.30200301085,0.552,0.54,61.01,0.5523886,0.5401891,61.01,27.027,0.0,1.56,1.035,0.034,1.0,37.0,1452,1452,37_7,37_26,65776.95,145.2658,14.1672,0.0024,403.7245,116.0,132.0,1268.0,2957.0,1268.044,2957.2781,1268.044,2957.2781,192.4923170686714,27.10474854768459,1.886,1.696,64.15,0.00607,0.0053,64.8,1268.044,2957.2781,192.4923170686714,27.10474854768459,0.96117591855,1.0111062179,0.96117591855,1.0111062179,1.018,0.967,59.88,1.018055,0.9673917,59.88,22.9274,0.0,3.15,1.112,0.101,0.985,37.0,,,0.39644591056013445
31597,31597,37_227,37_646,10867.33,42.73923,16.1221,0.0043,2.846976,80.0,80.0,1243.0,2949.0,1242.6121,2949.1341,1242.6121,2949.1341,192.50028125273892,27.10724015312275,1.117,1.049,36.9,0.0046,0.00432,35.33,1242.6121,2949.1341,192.50028125273892,27.10724015312275,0.45123616742,0.43154712436,0.45123616742,0.43154712436,0.678,0.65,28.79,0.6780515,0.6504071,28.79,26.979,0.0,1.95,1.066,0.062,0.993,37.0,1454,1454,37_9,37_23,8830.009,78.19487,16.3475,0.0096,403.4251,51.0,60.0,1243.0,2949.0,1242.7258,2949.457,1242.7258,2949.457,192.5002482714158,27.107148429065106,1.644,1.469,50.9,0.01958,0.01716,43.33,1242.7258,2949.457,192.5002482714158,27.107148429065106,0.92859555088,0.96867220132,0.92859555088,0.96867220132,1.003,0.944,55.38,1.002592,0.9444981,55.38,22.9099,0.0,3.1,1.119,0.107,0.98,37.0,,,0.3423333171044783
31733,31733,37_363,37_551,1227.736,21.42582,18.4896,0.019,2.80002,563.0,563.0,1140.0,2855.0,1140.1358,2854.6367,1140.1358,2854.6367,192.5318157827116,27.13462546125349,22.388,6.976,-39.07,0.31469,0.10002,-38.92,1140.1358,2854.6367,192.5318157827116,27.13462546125349,8.0634036979,7.5160718127,8.0634036979,7.5160718127,2.844,2.737,12.3,2.844423,2.736555,12.3,27.4337,3.0,3.26,3.209,0.688,0.018,37.0,1459,1459,37_14,37_18,302.7975,25.74662,20.0095,0.0923,402.5954,7.0,8.0,1140.0,2855.0,1140.1181,2854.8428,1140.1181,2854.8428,192.531823252676,27.13456762779104,0.822,0.668,45.19,0.08925,0.07066,45.11,1140.1181,2854.8428,192.531823252676,27.13456762779104,0.64611474299,0.67223238878,0.64611474299,0.67223238878,0.834,0.79,55.68,0.8336846,0.7895044,55.68,22.8731,0.0,3.13,1.231,0.187,0.498,37.0,,,0.2068586473898387
31735,31735,37_365,37_551,4833.285,49.69255,17.0018,0.0112,2.81772,3340.0,3340.0,1137.0,2826.0,1136.2863,2826.7053,1136.2863,2826.7053,192.5327790601281,27.142512072284408,49.302,20.694,-25.73,0.31997,0.13257,-25.55,1136.2863,2826.7053,192.5327790601281,27.142512072284408,1017.6351745,924.82658394,1017.6351745,924.82658394,32.586,29.675,-29.6,32.58585,29.67531,-29.6,27.4316,19.0,4.81,2.382,0.58,0.0,37.0,1461,1461,37_16,37_16,274.4795,28.47291,20.1161,0.1127,403.5481,6.0,10.0,1137.0,2827.0,1136.9924,2826.512,1136.9924,2826.512,192.53255402764376,27.14256092278851,1.046,0.676,-62.61,0.11942,0.07332,-63.4,1136.9924,2826.512,192.53255402764376,27.14256092278851,1.4175551573,1.4060480006,1.4175551573,1.4060480006,1.24,1.134,-43.69,1.239951,1.134074,-43.69,22.9221,0.0,4.69,1.548,0.354,0.51,37.0,,,0.7320806649544256
31796,31796,37_426,37_517,76670.62,112.2714,14.0008,0.0016,2.876299,73.0,73.0,1227.0,2867.0,1227.4283,2867.5044,1227.4283,2867.5044,192.50433331331183,27.130320808725727,0.9,0.855,41.46,0.00133,0.00126,41.2,1227.4283,2867.5044,192.50433331331183,27.130320808725727,0.33899813416,0.34105950852,0.33899813416,0.34105950852,0.595,0.571,47.16,0.5947486,0.5712545,47.16,27.3817,0.0,1.74,1.054,0.051,0.983,37.0,1458,1458,37_13,37_19,72100.62,149.7128,14.0676,0.0023,403.5753,125.0,135.0,1227.0,2867.0,1227.558,2867.8765,1227.558,2867.8765,192.5042957159577,27.13021512320678,1.877,1.712,57.5,0.00558,0.00521,47.83,1227.558,2867.8765,192.5042957159577,27.13021512320678,0.97284892933,1.0117802611,0.97284892933,1.0117802611,1.023,0.968,55.44,1.023204,0.9683397,55.44,22.911,0.0,3.14,1.097,0.088,0.983,37.0,,,0.3940564680347513
31849,31849,37_479,37_477,23763.23,64.43648,15.2726,0.0029,2.82653,497.0,497.0,1269.0,2829.0,1269.8193,2828.9737,1269.8193,2828.9737,192.490575963153,27.140823772449902,3.399,1.968,-31.04,0.01329,0.00738,-30.71,1269.8193,2828.9737,192.490575963153,27.140823772449902,0.45731062781,0.44562180833,0.45731062781,0.44562180833,0.681,0.663,30.59,0.6808717,0.6628319,30.59,27.0905,0.0,3.07,1.727,0.421,0.971,37.0,1460,1460,37_15,37_17,20556.75,100.5289,15.43,0.0053,402.6996,79.0,86.0,1269.0,2829.0,1269.4507,2829.7174,1269.4507,2829.7174,192.49069936125505,27.14061750737813,1.768,1.605,66.7,0.01221,0.01089,71.32,1269.4507,2829.7174,192.49069936125505,27.14061750737813,0.97784676611,0.99845283939,0.97784676611,0.99845283939,1.014,0.974,52.47,1.013952,0.9737565,52.47,22.8766,0.0,3.09,1.101,0.092,0.981,37.0,,,0.8300335234193832
31870,31870,37_500,37_461,2043.385,22.3137,17.9365,0.0119,1.547683,200.0,200.0,1020.0,2806.0,1019.525,2806.297,1019.525,2806.297,192.5695166906168,27.149160601428218,3.029,2.545,-83.92,0.03678,0.03032,-88.06,1019.525,2806.297,192.5695166906168,27.149160601428218,1.9216303579,2.2782324237,1.9216303579,2.2782324237,1.511,1.385,83.59,1.510889,1.384585,83.59,25.3871,17.0,5.06,1.19,0.16,0.361,37.0,1462,1462,37_17,37_15,859.8422,42.79483,18.8764,0.0541,403.3455,20.0,22.0,1020.0,2806.0,1020.1623,2805.9032,1020.1623,2805.9032,192.5693116160388,27.14926643857748,1.364,1.091,69.35,0.07961,0.06329,67.4,1020.1623,2805.9032,192.5693116160388,27.14926643857748,1.4040263031,1.8794032459,1.4040263031,1.8794032459,1.374,1.181,82.13,1.374286,1.181003,82.13,22.8867,0.0,4.56,1.25,0.2,0.07,37.0,,,0.7491526746931108
31930,31930,37_560,37_424,4233.043,27.0979,17.1458,0.007,2.9355,81.0,81.0,1326.0,2785.0,1325.7324,2784.5752,1325.7324,2784.5752,192.4724852628692,27.15286803386303,1.339,1.223,47.42,0.00924,0.00839,47.59,1325.7324,2784.5752,192.4724852628692,27.15286803386303,0.60371233543,0.60621691906,0.60371233543,0.60621691906,0.791,0.765,46.76,0.790803,0.7645652,46.76,27.3221,2.0,2.34,1.094,0.086,0.984,37.0,1464,1464,37_19,37_13,3043.401,58.64312,17.504,0.0209,402.7135,28.0,38.0,1326.0,2785.0,1325.7667,2784.8034,1325.7667,2784.8034,192.472476528868,27.152803576589072,1.461,1.307,53.03,0.03537,0.03108,54.18,1325.7667,2784.8034,192.472476528868,27.152803576589072,0.88465570382,0.90987789746,0.88465570382,0.90987789746,0.971,0.923,53.06,0.9709113,0.9229653,53.06,22.8953,0.0,3.09,1.118,0.105,0.961,37.0,,,0.2307633636429013
31931,31931,37_561,37_424,5648.961,31.2028,16.8325,0.006,2.889327,94.0,94.0,1316.0,2783.0,1315.5328,2782.8046,1315.5328,2782.8046,192.47569437016944,27.15344714079161,1.301,1.202,30.18,0.00787,0.00717,29.18,1315.5328,2782.8046,192.47569437016944,27.15344714079161,0.55544779702,0.5374394332,0.55544779702,0.5374394332,0.754,0.724,33.24,0.7543228,0.7237986,33.24,27.1817,2.0,2.21,1.082,0.076,0.984,37.0,1465,1465,37_20,37_12,4271.286,64.72138,17.136,0.0165,403.3463,39.0,45.0,1316.0,2783.0,1315.6394,2783.0538,1315.6394,2783.0538,192.47566296444805,27.15337620250945,1.544,1.382,40.12,0.03003,0.02627,26.83,1315.6394,2783.0538,192.47566296444805,27.15337620250945,0.91287562571,0.9267543213,0.91287562571,0.9267543213,0.988,0.929,48.54,0.9879745,0.9292665,48.54,22.925,0.0,2.93,1.118,0.105,0.97,37.0,,,0.27104280104831285
31934,31934,37_564,37_422,5539.148,40.48777,16.8538,0.0079,1.569221,1279.0,1279.0,1439.0,2761.0,1439.2174,2760.7745,1439.2174,2760.7745,192.4363749328399,27.158654702763748,23.24,8.26,-38.29,0.18517,0.06826,-38.55,1439.2174,2760.7745,192.4363749328399,27.158654702763748,690.04955717,705.40141915,690.04955717,705.40141915,27.517,25.264,-48.71,27.51691,25.26402,-48.71,25.631,19.0,3.32,2.814,0.645,0.257,37.0,1466,1466,37_21,37_11,1288.313,47.89137,18.4374,0.0404,402.2727,24.0,27.0,1439.0,2761.0,1439.2458,2760.858,1439.2458,2760.858,192.43636673257524,27.15863098967197,1.365,1.255,27.61,0.06043,0.05384,26.52,1439.2458,2760.858,192.43636673257524,27.15863098967197,1.4803702568,1.488188084,1.4803702568,1.488188084,1.237,1.2,47.47,1.23678,1.199555,47.47,22.8869,0.0,3.8,1.088,0.081,0.225,37.0,,,0.08819756232474013
31990,31990,37_620,37_380,748.2061,14.49921,19.0274,0.021,2.865205,166.0,166.0,1086.0,2749.0,1085.7978,2748.0673,1085.7978,2748.0673,192.54803202649373,27.165024850753344,2.898,2.856,-38.01,0.05644,0.05299,-47.54,1085.7978,2748.0673,192.54803202649373,27.165024850753344,2.0314940098,2.0125583772,2.0314940098,2.0125583772,1.475,1.367,43.22,1.474637,1.367296,43.22,27.1745,1.0,5.88,1.014,0.014,0.019,37.0,1469,1469,37_24,37_8,138.3858,20.13105,20.8597,0.158,402.8171,4.0,5.0,1086.0,2749.0,1086.5765,2748.7876,1086.5765,2748.7876,192.5477922668221,27.164816187651223,0.757,0.451,70.59,0.12313,0.07124,71.47,1086.5765,2748.7876,192.5477922668221,27.164816187651223,1.0822627618,1.1939933227,1.0822627618,1.1939933227,1.121,1.009,58.98,1.121268,1.009462,58.98,22.8819,0.0,3.44,1.678,0.404,0.488,37.0,,,1.060757172966409
31991,31991,37_621,37_379,1862.045,21.5943,18.0374,0.0126,2.902744,279.0,279.0,1067.0,2732.0,1066.5374,2732.2338,1066.5374,2732.2338,192.55398047557333,27.16962819599775,5.052,3.698,-44.47,0.06639,0.04565,-46.97,1066.5374,2732.2338,192.55398047557333,27.16962819599775,0.9684953374,1.0140296617,0.9684953374,1.0140296617,1.017,0.974,61.27,1.01666,0.974129,61.27,27.2338,3.0,2.8,1.366,0.268,0.08,37.0,1470,1470,37_25,37_7,914.5035,39.13062,18.8094,0.0465,402.7078,16.0,18.0,1067.0,2732.0,1066.5546,2732.2451,1066.5546,2732.2451,192.55397513755423,27.169624883939807,1.148,0.975,82.85,0.06143,0.0501,89.48,1066.5546,2732.2451,192.55397513755423,27.169624883939807,0.71830314921,0.80873722567,0.71830314921,0.80873722567,0.908,0.839,69.24,0.9077011,0.838522,69.24,22.8715,0.0,3.01,1.177,0.15,0.761,37.0,,,0.02057984450871251
32089,32089,37_719,37_299,1068.133,15.94617,18.6408,0.0162,2.768756,112.0,112.0,1036.0,2674.0,1036.6747,2674.4415,1036.6747,2674.4415,192.56290430358547,27.18611522086365,2.567,1.732,41.04,0.04186,0.02607,41.43,1036.6747,2674.4415,192.56290430358547,27.18611522086365,1.2548823733,1.2341125174,1.2548823733,1.2341125174,1.135,1.095,38.27,1.135394,1.095389,38.27,26.6023,0.0,3.67,1.482,0.325,0.047,37.0,1473,1473,37_28,37_4,469.1267,30.6731,19.5342,0.071,402.3506,9.0,11.0,1036.0,2674.0,1036.2962,2674.4735,1036.2962,2674.4735,192.56302432861827,27.186109155303864,0.922,0.82,-69.07,0.07652,0.06655,-70.93,1036.2962,2674.4735,192.56302432861827,27.186109155303864,0.81742570036,0.8323069355,0.81742570036,0.8323069355,0.913,0.904,78.67,0.9126493,0.903772,78.67,22.8337,0.0,2.8,1.124,0.111,0.532,37.0,,,0.3798502994602389
32092,32092,37_722,37_296,954.0125,14.48732,18.7635,0.0165,1.409038,67.0,67.0,1014.0,2676.0,1014.0661,2676.4342,1014.0661,2676.4342,192.57007435560692,27.18572987439548,1.589,1.586,-4.89,0.02581,0.02537,-51.96,1014.0661,2676.4342,192.57007435560692,27.18572987439548,1.1748465882,1.1571016057,1.1748465882,1.1571016057,1.091,1.068,34.42,1.091122,1.068364,34.42,25.3774,0.0,3.26,1.002,0.002,0.968,37.0,1472,1472,37_27,37_5,401.3445,29.18752,19.7036,0.079,403.3307,10.0,10.0,1014.0,2676.0,1014.001,2676.4842,1014.001,2676.4842,192.57009539998165,27.185716314764125,0.983,0.674,61.41,0.09386,0.05788,63.35,1014.001,2676.4842,192.57009539998165,27.185716314764125,0.69628315815,0.63799844394,0.69628315815,0.63799844394,0.842,0.791,23.01,0.8420895,0.7906749,23.01,22.8745,0.0,3.03,1.458,0.314,0.537,37.0,,,0.08208538237698934
32137,32137,37_767,37_266,2182.636,19.90816,17.865,0.0099,2.717676,89.0,89.0,1336.0,2652.0,1335.8113,2651.649,1335.8113,2651.649,192.4680650323887,27.19017420272242,1.49,1.44,56.78,0.01523,0.01457,62.86,1335.8113,2651.649,192.4680650323887,27.19017420272242,0.77947089023,0.77460859013,0.77947089023,0.77460859013,0.887,0.876,38.07,0.8872389,0.8757206,38.07,27.1534,0.0,2.62,1.035,0.034,0.978,37.0,1474,1474,37_29,37_3,1376.665,45.35586,18.3653,0.0358,402.9714,21.0,24.0,1336.0,2652.0,1335.9177,2651.798,1335.9177,2651.798,192.4680327563373,27.19013144847213,1.274,1.107,56.88,0.05297,0.04353,58.8,1335.9177,2651.798,192.4680327563373,27.19013144847213,0.80871186369,0.80932643375,0.80871186369,0.80932643375,0.908,0.891,45.59,0.9077151,0.8911182,45.59,22.9148,0.0,3.15,1.151,0.131,0.875,37.0,,,0.18309003249752256
32503,32503,38_1,38_718,83729.78,169.7017,13.9052,0.0022,1.694115,28153.0,28153.0,1666.0,2713.0,1666.1751,2713.4409,1666.1751,2713.4409,192.36415009786023,27.170123442539406,145.475,58.173,84.98,0.30479,0.12254,84.98,1666.1751,2713.4409,192.36415009786023,27.170123442539406,3520.0802364,21026.950996,3520.0802364,21026.950996,145.475,58.173,84.98,145.4748,58.17303,84.98,25.6522,19.0,552.29,2.501,0.6,0.001,38.0,1495,1495,38_20,38_23,1127.689,45.43362,18.5819,0.0438,401.0817,22.0,24.0,1666.0,2713.0,1666.1783,2713.5587,1666.1783,2713.5587,192.3641502098625,27.17009028668896,1.422,1.063,60.45,0.07002,0.05143,58.25,1666.1783,2713.5587,192.3641502098625,27.17009028668896,1.1381802774,1.3969378544,1.1381802774,1.3969378544,1.2,1.047,69.37,1.199869,1.046629,69.37,22.8454,0.0,4.03,1.338,0.252,0.388,38.0,,,0.11784345548225382
32504,32504,38_2,38_718,9114.537,62.6487,16.3131,0.0075,3.199526,4548.0,4548.0,1644.0,2658.0,1644.361,2657.9175,1644.361,2657.9175,192.3705202769246,27.185917427693525,34.063,25.538,-53.16,0.16177,0.1201,-46.57,1644.361,2657.9175,192.3705202769246,27.185917427693525,23.448648221,23.764737517,23.448648221,23.764737517,4.934,4.782,51.16,4.934368,4.781778,51.16,27.799,19.0,100.07,1.334,0.25,0.024,38.0,1504,1504,38_29,38_12,1009.31,44.16253,18.7023,0.0475,401.3783,21.0,23.0,1644.0,2658.0,1644.5382,2658.0198,1644.5382,2658.0198,192.37046520075967,27.185887205321844,1.244,1.185,43.84,0.06517,0.06113,31.44,1644.5382,2658.0198,192.37046520075967,27.185887205321844,1.2195356777,1.2815857342,1.2195356777,1.2815857342,1.132,1.104,87.44,1.132126,1.10427,87.44,22.8642,0.0,3.63,1.05,0.047,0.393,38.0,,,0.20460970162715197
32506,32506,38_4,38_326,25877.69,71.77176,15.1801,0.003,1.666444,1248.0,1248.0,2006.0,2671.0,2005.9323,2671.1707,2005.9323,2671.1707,192.25628565393157,27.17917830264746,8.321,5.253,-77.2,0.02695,0.01743,-71.62,2005.9323,2671.1707,192.25628565393157,27.17917830264746,7.300185173,13.229999203,7.300185173,13.229999203,3.639,2.699,-87.33,3.639089,2.699484,-87.33,25.4842,19.0,12.65,1.584,0.369,0.029,38.0,1500,1500,38_25,38_16,20846.46,172.1195,15.4148,0.009,400.8496,307.0,336.0,2006.0,2672.0,2006.1156,2671.7431,2006.1156,2671.7431,192.25623329338828,27.17901578827364,5.82,3.164,88.94,0.05851,0.03113,88.27,2006.1156,2671.7431,192.25623329338828,27.17901578827364,7.931047103,12.517630776,7.931047103,12.517630776,3.539,2.815,-87.9,3.538895,2.81512,-87.9,22.8826,16.0,14.74,1.839,0.456,0.004,38.0,,,0.6010329857837017
32508,32508,38_6,38_275,23701.63,69.59815,15.2755,0.0032,3.17599,1134.0,1134.0,1559.0,2618.0,1558.6794,2618.4424,1558.6794,2618.4424,192.39724941314088,27.19771876125545,8.166,3.437,-73.44,0.02761,0.01204,-74.95,1558.6794,2618.4424,192.39724941314088,27.19771876125545,2.6700922418,4.9495168044,2.6700922418,4.9495168044,2.338,1.467,-66.73,2.338078,1.467311,-66.73,26.6728,3.0,5.44,2.376,0.579,0.029,38.0,1509,1509,38_34,38_7,24407.62,149.7283,15.2436,0.0067,401.5055,230.0,240.0,1559.0,2619.0,1558.2051,2619.3627,1558.2051,2619.3627,192.3974081696472,27.197463800068157,5.184,2.229,-63.08,0.04001,0.01732,-64.21,1558.2051,2619.3627,192.3974081696472,27.197463800068157,4.6801873938,7.5283226994,4.6801873938,7.5283226994,2.903,1.945,-63.91,2.90293,1.94461,-63.91,22.8704,0.0,11.48,2.326,0.57,0.023,38.0,,,1.035332110967536
32554,32554,38_52,38_26,6839.729,34.37302,16.6248,0.0055,1.596855,65.0,65.0,1951.0,2521.0,1950.946,2520.6986,1950.946,2520.6986,192.27220684616915,27.22195600989716,1.164,1.091,55.6,0.00608,0.00571,56.45,1950.946,2520.6986,192.27220684616915,27.22195600989716,0.48013477255,0.50232106716,0.48013477255,0.50232106716,0.716,0.685,60.26,0.7162908,0.6851156,60.26,25.2905,0.0,2.05,1.067,0.063,0.994,38.0,1476,1476,38_1,38_1,5229.401,65.53207,16.9163,0.0136,400.4365,40.0,46.0,1951.0,2521.0,1951.0093,2520.9878,1951.0093,2520.9878,192.27218964406947,27.22187415362955,1.541,1.367,60.89,0.02545,0.02245,59.28,1951.0093,2520.9878,192.27218964406947,27.22187415362955,0.85567807188,0.91707769125,0.85567807188,0.91707769125,0.974,0.907,59.62,0.9742895,0.9074777,59.62,22.9019,0.0,3.03,1.128,0.113,0.981,38.0,,,0.2960464997256942
32624,32624,38_122,38_644,17931.49,54.7871,15.5784,0.0033,3.164756,67.0,67.0,1961.0,2980.0,1961.3178,2980.1203,1961.3178,2980.1203,192.2734124040417,27.09267061916608,1.052,0.952,50.09,0.00328,0.00298,49.88,1961.3178,2980.1203,192.2734124040417,27.09267061916608,0.41010882962,0.39937047526,0.41010882962,0.39937047526,0.655,0.617,38.61,0.6549894,0.6168211,38.61,26.3992,0.0,1.78,1.104,0.094,0.997,38.0,1477,1477,38_2,38_38,15528.5,90.44884,15.7346,0.0063,399.8119,68.0,74.0,1961.0,2980.0,1961.4085,2980.4843,1961.4085,2980.4843,192.2733872893753,27.09256748420116,1.756,1.52,64.03,0.01417,0.01231,67.27,1961.4085,2980.4843,192.2733872893753,27.09256748420116,0.96015501514,1.0235621868,0.96015501514,1.0235621868,1.037,0.953,56.05,1.037372,0.9526678,56.05,22.8531,0.0,3.15,1.155,0.134,0.982,38.0,,,0.3751299641457856
32689,32689,38_187,38_585,3407.85,24.87677,17.3812,0.0079,1.56811,81.0,81.0,2002.0,2943.0,2002.0252,2943.1756,2002.0252,2943.1756,192.2601856970416,27.10271799736674,1.407,1.314,35.22,0.01115,0.0104,31.19,2002.0252,2943.1756,192.2601856970416,27.10271799736674,0.69115878305,0.68705457069,0.69115878305,0.68705457069,0.848,0.812,43.05,0.8481339,0.8117157,43.05,25.4137,0.0,2.44,1.07,0.066,0.986,38.0,1483,1483,38_8,38_34,2326.707,53.02458,17.7956,0.0247,400.6004,29.0,32.0,2002.0,2943.0,2002.0608,2943.3952,2002.0608,2943.3952,192.26017659436417,27.10265593762454,1.401,1.255,43.84,0.04064,0.03547,30.52,2002.0608,2943.3952,192.26017659436417,27.10265593762454,0.93786924414,0.97476512174,0.93786924414,0.97476512174,1.015,0.939,52.15,1.015389,0.9389459,52.15,22.893,0.0,3.33,1.116,0.104,0.759,38.0,,,0.2224668964137166
32839,32839,38_337,38_469,1551.61,18.54633,18.2354,0.013,3.004217,145.0,145.0,1975.0,2814.0,1975.1553,2814.4145,1975.1553,2814.4145,192.26742031707283,27.13915603926734,5.61,1.852,44.83,0.08436,0.02423,44.4,1975.1553,2814.4145,192.26742031707283,27.13915603926734,0.92782566106,0.96231285799,0.92782566106,0.96231285799,0.985,0.959,66.76,0.9849423,0.9591805,66.76,27.141,3.0,2.81,3.029,0.67,0.114,38.0,1486,1486,38_11,38_31,837.8975,38.09827,18.9044,0.0494,401.1455,16.0,17.0,1975.0,2814.0,1975.3083,2814.6869,1975.3083,2814.6869,192.26737460608055,27.13907814410469,1.166,0.926,71.99,0.06621,0.0511,73.85,1975.3083,2814.6869,192.26737460608055,27.13907814410469,0.72610643579,0.82438946131,0.72610643579,0.82438946131,0.92,0.839,67.07,0.9196827,0.8394519,67.07,22.8956,0.0,3.26,1.259,0.206,0.811,38.0,,,0.3124272075222699
32840,32840,38_338,38_469,2220.038,26.61466,17.8465,0.013,1.558025,527.0,527.0,1988.0,2795.0,1987.5173,2795.4164,1987.5173,2795.4164,192.26332597144057,27.144394428643363,12.299,4.213,24.53,0.16215,0.05477,23.6,1987.5173,2795.4164,192.26332597144057,27.144394428643363,95.269819496,92.23425208,95.269819496,92.23425208,10.116,9.229,39.9,10.11587,9.228937,39.9,25.5384,19.0,3.93,2.919,0.657,0.052,38.0,1489,1489,38_14,38_28,338.2328,28.81444,19.8894,0.0925,400.8675,8.0,10.0,1987.0,2795.0,1987.6466,2795.2867,1987.6466,2795.2867,192.2632838200889,27.144429811392637,0.946,0.761,43.76,0.10049,0.07918,44.75,1987.6466,2795.2867,192.2632838200889,27.144429811392637,1.155653498,1.2665145769,1.155653498,1.2665145769,1.133,1.067,69.46,1.133408,1.066562,69.46,22.8789,0.0,4.54,1.243,0.196,0.53,38.0,,,0.18314087473855675
32842,32842,38_340,38_469,1569.284,26.11535,18.2232,0.0181,2.911357,783.0,783.0,1936.0,2767.0,1936.0841,2766.8472,1936.0841,2766.8472,192.2793098144898,27.15286193877505,13.261,8.103,-3.37,0.16277,0.10003,-5.45,1936.0841,2766.8472,192.2793098144898,27.15286193877505,0.088530155276,0.084965448446,0.088530155276,0.084965448446,0.298,0.291,4.2,0.2975727,0.2914551,4.2,27.2425,3.0,3.38,1.637,0.389,0.016,38.0,1490,1490,38_15,38_27,322.8651,27.44215,19.9399,0.0923,401.0204,8.0,9.0,1936.0,2767.0,1935.9843,2766.9641,1935.9843,2766.9641,192.2793425113792,27.15282990285701,0.792,0.769,23.65,0.08287,0.08271,39.87,1935.9843,2766.9641,192.2793425113792,27.15282990285701,0.77409156763,0.64200982002,0.77409156763,0.64200982002,0.883,0.798,11.41,0.8830074,0.7977464,11.41,22.8888,0.0,2.99,1.03,0.029,0.557,38.0,,,0.15370637592497197
32887,32887,38_385,38_430,10285.11,41.7401,16.1819,0.0044,3.196117,86.0,86.0,1567.0,2793.0,1567.26,2793.4039,1567.26,2793.4039,192.3961907955028,27.1484424529888,1.167,1.066,58.11,0.00501,0.00456,56.86,1567.26,2793.4039,192.3961907955028,27.1484424529888,0.44209224109,0.4681875842,0.44209224109,0.4681875842,0.694,0.655,60.1,0.6936008,0.6551319,60.1,27.0944,0.0,2.01,1.095,0.087,0.984,38.0,1488,1488,38_13,38_29,8470.646,78.14806,16.3926,0.01,401.6695,56.0,62.0,1567.0,2793.0,1567.379,2793.7715,1567.379,2793.7715,192.39615664235265,27.14833809778525,1.707,1.475,70.15,0.02149,0.01816,77.5,1567.379,2793.7715,192.39615664235265,27.14833809778525,0.91835534568,1.0116006699,0.91835534568,1.0116006699,1.023,0.94,62.28,1.023319,0.9395609,62.28,22.8949,0.0,3.12,1.157,0.136,0.979,38.0,,,0.38638162482189553
32938,32938,38_436,38_389,23031.98,61.73101,15.3066,0.0029,2.972679,69.0,69.0,1629.0,2758.0,1629.0845,2758.3714,1629.0845,2758.3714,192.3763081171165,27.157791108448546,0.998,0.912,51.86,0.00274,0.00251,51.85,1629.0845,2758.3714,192.3763081171165,27.157791108448546,0.34131907846,0.37792770144,0.34131907846,0.37792770144,0.621,0.578,67.43,0.6209469,0.5776433,67.43,27.0637,0.0,1.68,1.094,0.086,0.995,38.0,1491,1491,38_16,38_26,20190.8,97.44334,15.4495,0.0052,401.0181,73.0,80.0,1629.0,2758.0,1629.1828,2758.739,1629.1828,2758.739,192.37628052664,27.1576869196647,1.757,1.537,59.78,0.01194,0.01023,58.12,1629.1828,2758.739,192.37628052664,27.1576869196647,0.91950512395,0.97793963614,0.91950512395,0.97793963614,1.012,0.934,56.32,1.012237,0.9342488,56.32,22.8517,0.0,3.1,1.143,0.125,0.983,38.0,,,0.3805162940007296
32993,32993,38_491,38_350,371000.9,246.6973,12.289,7.0E-4,3.445184,75.0,75.0,1709.0,2726.0,1708.9243,2726.4995,1708.9243,2726.4995,192.35075494528704,27.16609934362824,0.846,0.767,60.7,5.6E-4,5.1E-4,60.63,1708.9243,2726.4995,192.35075494528704,27.16609934362824,0.23701438424,0.31880907647,0.23701438424,0.31880907647,0.567,0.485,80.71,0.5666191,0.4845268,80.71,29.065,4.0,1.65,1.102,0.093,1.0,38.0,1493,1493,38_18,38_24,363882.3,280.3318,12.31,8.0E-4,402.5403,231.0,247.0,1709.0,2727.0,1709.0273,2726.8739,1709.0273,2726.8739,192.3507259557528,27.165993200891645,1.98,1.78,61.28,0.00218,0.002,51.48,1709.0273,2726.8739,192.3507259557528,27.165993200891645,0.94986590992,1.0060151545,0.94986590992,1.0060151545,1.026,0.95,56.06,1.025908,0.95047,56.06,22.9475,0.0,3.15,1.113,0.101,0.987,38.0,,,0.3883096187324314
33008,33008,38_506,38_338,1122.613,19.30174,18.5868,0.0187,2.97765,311.0,311.0,1574.0,2696.0,1573.6367,2695.6749,1573.6367,2695.6749,192.39324928523163,27.17587639973901,6.911,2.612,45.33,0.10742,0.0393,45.62,1573.6367,2695.6749,192.39324928523163,27.17587639973901,2.4544941389,2.3473247911,2.4544941389,2.3473247911,1.568,1.531,-10.53,1.567906,1.530846,-10.53,27.0604,3.0,4.13,2.646,0.622,0.018,38.0,1498,1498,38_23,38_18,221.6615,25.52443,20.3482,0.1251,402.2155,6.0,8.0,1574.0,2696.0,1573.8654,2695.8356,1573.8654,2695.8356,192.3931784713486,27.175829342530143,0.843,0.68,-44.47,0.10748,0.08514,-45.12,1573.8654,2695.8356,192.3931784713486,27.175829342530143,1.5437648594,1.5221672592,1.5437648594,1.5221672592,1.262,1.214,-39.78,1.261954,1.213839,-39.78,22.9015,0.0,4.49,1.241,0.194,0.064,38.0,,,0.27951418568637876
33009,33009,38_507,38_338,5130.934,37.30071,16.9369,0.0079,3.038145,1058.0,1058.0,1598.0,2690.0,1598.2698,2690.2862,1598.2698,2690.2862,192.3854069377504,27.177191142738327,9.888,5.782,56.46,0.07513,0.04337,57.08,1598.2698,2690.2862,192.3854069377504,27.177191142738327,2.0157298012,1.8204490741,2.0157298012,1.8204490741,1.42,1.349,0.53,1.41977,1.349234,0.53,27.5125,3.0,3.48,1.71,0.415,0.029,38.0,1499,1499,38_24,38_17,2742.234,66.3071,17.6171,0.0263,402.3271,48.0,51.0,1598.0,2690.0,1598.2108,2690.5261,1598.2108,2690.5261,192.38542787578555,27.17712415513441,1.732,1.712,-79.75,0.05016,0.04852,-73.41,1598.2108,2690.5261,192.38542787578555,27.17712415513441,2.1842807522,2.1016961516,2.1842807522,2.1016961516,1.48,1.448,14.29,1.47987,1.447744,14.29,22.9051,0.0,4.88,1.012,0.011,0.017,38.0,,,0.2470485984579001
33026,33026,38_524,38_326,15189.83,50.54951,15.7585,0.0036,3.262359,91.0,91.0,1987.0,2656.0,1987.2599,2655.7994,1987.2599,2655.7994,192.26204074406797,27.183658764278523,1.131,0.989,65.81,0.00409,0.00341,69.06,1987.2599,2655.7994,192.26204074406797,27.183658764278523,0.4004032031,0.40773025493,0.4004032031,0.40773025493,0.65,0.621,50.57,0.6504164,0.6205578,50.57,27.0672,2.0,1.83,1.144,0.126,0.989,38.0,1502,1502,38_27,38_14,12713.01,84.67535,15.9518,0.0072,401.6354,59.0,66.0,1987.0,2656.0,1987.366,2656.1161,1987.366,2656.1161,192.2620102870882,27.183568809316096,1.699,1.483,69.57,0.01534,0.01307,82.19,1987.366,2656.1161,192.2620102870882,27.183568809316096,0.91089589438,0.97869937664,0.91089589438,0.97869937664,1.008,0.934,59.01,1.008434,0.9341606,59.01,22.9314,0.0,3.08,1.146,0.127,0.982,38.0,,,0.33400014970084946
33029,33029,38_527,38_323,8403.792,37.69098,16.4012,0.0049,3.036413,76.0,76.0,1955.0,2702.0,1954.6278,2701.9871,1954.6278,2701.9871,192.2728129396592,27.17094568651959,1.129,1.09,44.61,0.00534,0.00516,38.27,1954.6278,2701.9871,192.2728129396592,27.17094568651959,0.47351144691,0.46214589749,0.47351144691,0.46214589749,0.694,0.673,33.32,0.6943814,0.673418,33.32,27.227,0.0,1.98,1.036,0.035,0.996,38.0,1497,1497,38_22,38_19,6599.578,71.55169,16.6636,0.0118,401.4369,42.0,52.0,1955.0,2702.0,1954.7038,2702.2839,1954.7038,2702.2839,192.27279180258057,27.170861582067992,1.578,1.42,57.33,0.02244,0.01979,48.66,1954.7038,2702.2839,192.27279180258057,27.170861582067992,0.88584798496,0.93825289295,0.88584798496,0.93825289295,0.983,0.926,59.56,0.9827963,0.9263975,59.56,22.9103,0.0,2.98,1.111,0.1,0.98,38.0,,,0.30637597817069184
33053,33053,38_551,38_305,978.4557,16.92267,18.7361,0.0188,1.575195,141.0,141.0,1530.0,2677.0,1528.6754,2678.0453,1528.6754,2678.0453,192.40730389265872,27.18119988000807,3.79,2.367,-16.96,0.07,0.04236,-16.83,1528.6754,2678.0453,192.40730389265872,27.18119988000807,5.4056889723,5.7090467328,5.4056889723,5.7090467328,2.44,2.272,56.26,2.439932,2.271887,56.26,25.3394,16.0,6.1,1.601,0.375,0.046,38.0,1501,1501,38_26,38_15,254.6937,25.54883,20.1974,0.1089,401.0253,7.0,8.0,1529.0,2677.0,1529.719,2677.4566,1529.719,2677.4566,192.4069682371476,27.18135698366364,1.144,0.53,68.56,0.14629,0.06677,68.61,1529.719,2677.4566,192.4069682371476,27.18135698366364,1.0431430277,1.3474391882,1.0431430277,1.3474391882,1.237,0.928,58.54,1.236736,0.9279366,58.54,22.8398,0.0,4.62,2.159,0.537,0.415,38.0,,,1.19819391168551
33108,33108,38_606,38_262,1458.824,19.09527,18.3024,0.0142,3.169244,174.0,174.0,1966.0,2636.0,1966.1117,2635.8285,1966.1117,2635.8285,192.26853440890545,27.189453318037305,4.968,2.002,56.99,0.0729,0.02739,56.79,1966.1117,2635.8285,192.26853440890545,27.189453318037305,1.0112732727,1.055063978,1.0112732727,1.055063978,1.054,0.978,53.25,1.053684,0.9777967,53.25,26.9098,3.0,2.98,2.482,0.597,0.131,38.0,1508,1508,38_33,38_8,740.4932,36.5857,19.0386,0.0537,400.8673,14.0,16.0,1966.0,2636.0,1966.1423,2635.9997,1966.1423,2635.9997,192.26852640377743,27.189404917286623,1.213,0.853,55.29,0.07565,0.05097,52.6,1966.1423,2635.9997,192.26852640377743,27.189404917286623,0.70776800265,0.8280661119,0.70776800265,0.8280661119,0.944,0.803,59.66,0.9437785,0.8031913,59.66,22.9049,0.0,3.26,1.422,0.297,0.685,38.0,,,0.17391319673884673
33240,33240,38_738,38_159,4118.772,29.17104,17.1755,0.0077,3.282429,273.0,273.0,1844.0,2564.0,1843.8465,2564.1977,1843.8465,2564.1977,192.30651408753016,27.2106228856222,3.401,1.946,-9.36,0.02964,0.01615,-9.86,1843.8465,2564.1977,192.30651408753016,27.2106228856222,0.68667577193,0.67728337593,0.68667577193,0.67728337593,0.845,0.806,40.81,0.845105,0.8060749,40.81,27.3694,0.0,2.52,1.748,0.428,0.848,38.0,1513,1513,38_38,38_3,2708.395,56.52837,17.6306,0.0227,401.1289,32.0,36.0,1844.0,2564.0,1844.0404,2564.4743,1844.0404,2564.4743,192.30645542344493,27.2105434837312,1.441,1.288,35.84,0.03756,0.03295,21.4,1844.0404,2564.4743,192.30645542344493,27.2105434837312,0.87444307011,0.89192423566,0.87444307011,0.89192423566,0.976,0.902,48.57,0.9764611,0.9016047,48.57,22.918,0.0,3.16,1.118,0.106,0.972,38.0,,,0.3377939756712993
33370,33370,38_868,38_718,37422.11,109.1429,14.7796,0.0032,1.66866,10373.0,10373.0,1911.0,2966.0,1911.2588,2965.5648,1911.2588,2965.5648,192.2890917493648,27.09718423119257,73.693,38.974,34.42,0.23888,0.12471,34.64,1911.2588,2965.5648,192.2890917493648,27.09718423119257,4180.6106022,2768.9968068,4180.6106022,2768.9968068,73.693,38.974,34.42,73.69301,38.97368,34.42,25.6439,19.0,2.07,1.891,0.471,0.691,38.0,1480,1480,38_5,38_37,7775.924,76.35969,16.4855,0.0107,400.5422,56.0,60.0,1911.0,2966.0,1911.3746,2965.9028,1911.3746,2965.9028,192.2890584340344,27.097088200897637,1.7,1.46,63.15,0.02271,0.01901,67.13,1911.3746,2965.9028,192.2890584340344,27.097088200897637,0.93367820987,1.003851774,0.93367820987,1.003851774,1.02,0.947,59.48,1.020414,0.9467239,59.48,22.8835,0.0,3.2,1.164,0.141,0.973,38.0,,,0.3572864956863486
33435,33435,39_1,39_504,253665.8,270.6732,12.7018,0.0012,1.869744,53681.0,53681.0,2181.0,2887.0,2182.0137,2887.4553,2182.0137,2887.4553,192.2027449551273,27.116856255441352,123.209,52.662,-17.68,0.15147,0.06434,-17.56,2182.0137,2887.4553,192.2027449551273,27.116856255441352,3836.0123575,2649.0684247,3836.0123575,2649.0684247,62.326,50.996,-11.21,62.32605,50.99554,-11.21,25.6151,19.0,3.9,2.34,0.573,0.994,39.0,1523,1523,39_9,39_32,90478.2,163.4685,13.821,0.002,399.8107,147.0,156.0,2181.0,2887.0,2182.1461,2887.8705,2182.1461,2887.8705,192.202707225012,27.116738359658825,2.328,1.758,36.53,0.00567,0.0046,42.11,2182.1461,2887.8705,192.202707225012,27.116738359658825,1.8163281148,1.465441591,1.8163281148,1.465441591,1.43,1.112,32.12,1.429842,1.11235,32.12,22.8804,0.0,5.37,1.324,0.245,0.983,39.0,,,0.43579903625400307
33436,33436,39_2,39_504,1030731.0,439.979,11.1795,5.0E-4,1.95384,41702.0,41702.0,2064.0,2616.0,2063.073,2616.6974,2063.073,2616.6974,192.23767725239324,27.194011214127567,75.381,21.586,8.53,0.04549,0.01253,9.0,2063.073,2616.6974,192.23767725239324,27.194011214127567,1.15903622,1.5584769738,1.15903622,1.5584769738,1.253,1.071,80.34,1.253157,1.071033,80.34,25.628,23.0,4.69,3.492,0.714,0.998,39.0,1545,1545,39_31,39_10,881044.2,417.3347,11.3499,5.0E-4,401.3035,361.0,379.0,2064.0,2616.0,2063.1563,2617.0776,2063.1563,2617.0776,192.23765464855688,27.19390359391737,2.276,2.04,68.07,0.00147,0.00136,59.73,2063.1563,2617.0776,192.23765464855688,27.19390359391737,1.6693118431,1.9817191804,1.6693118431,1.9817191804,1.418,1.28,73.55,1.418289,1.280425,73.55,22.9056,4.0,7.16,1.115,0.103,0.999,39.0,,,0.38921835773776664
33443,33443,39_9,39_158,1368.451,20.26073,18.3718,0.0161,2.031126,191.0,191.0,2422.0,2534.0,2421.8543,2533.748,2421.8543,2533.748,192.1233578817692,27.21423073908785,5.134,2.694,69.5,0.07952,0.04324,69.53,2421.8543,2533.748,192.1233578817692,27.21423073908785,10.507412553,11.647184595,10.507412553,11.647184595,3.503,3.144,59.27,3.502839,3.143997,59.27,25.2916,19.0,3.29,1.906,0.475,0.801,39.0,1516,1516,39_2,39_1,393.2955,28.96576,19.7256,0.08,399.9679,9.0,10.0,2422.0,2534.0,2421.7656,2533.7276,2421.7656,2533.7276,192.12338573513372,27.21423725445834,1.046,0.668,70.83,0.09879,0.0606,71.77,2421.7656,2533.7276,192.12338573513372,27.21423725445834,0.64072450272,0.78861815013,0.64072450272,0.78861815013,0.911,0.774,64.82,0.9113626,0.7737964,64.82,22.9489,0.0,3.66,1.566,0.362,0.563,39.0,,,0.09101565799332474
33581,33581,39_147,39_396,89282.43,121.1661,13.8355,0.0015,3.413571,70.0,70.0,2325.0,2956.0,2325.2297,2956.0613,2325.2297,2956.0613,192.15816293988075,27.096327637007832,0.892,0.798,60.06,0.00122,0.00109,60.4,2325.2297,2956.0613,192.15816293988075,27.096327637007832,0.27778429455,0.27735370556,0.27778429455,0.27735370556,0.541,0.512,44.59,0.5410984,0.5122017,44.59,27.2885,0.0,1.53,1.119,0.106,1.0,39.0,1518,1518,39_4,39_37,84543.88,156.0333,13.8947,0.002,399.6793,129.0,139.0,2325.0,2956.0,2325.3366,2956.4396,2325.3366,2956.4396,192.15813294897293,27.09622032816273,1.902,1.674,67.37,0.00506,0.00453,73.57,2325.3366,2956.4396,192.15813294897293,27.09622032816273,0.92621573791,1.0156802749,0.92621573791,1.0156802749,1.03,0.938,59.83,1.030207,0.938387,59.83,22.8915,0.0,3.15,1.137,0.12,0.984,39.0,,,0.39311385119362197
33664,33664,39_230,39_329,25144.13,64.55937,15.2113,0.0028,3.443602,70.0,70.0,2438.0,2891.0,2437.9679,2891.1665,2437.9679,2891.1665,192.121876561457,27.11359242007471,0.979,0.892,65.73,0.00258,0.00236,65.64,2437.9679,2891.1665,192.121876561457,27.11359242007471,0.32072993313,0.35447828664,0.32072993313,0.35447828664,0.6,0.562,70.08,0.5996494,0.5618085,70.08,27.2382,0.0,1.61,1.098,0.09,0.999,39.0,1522,1522,39_8,39_33,22324.13,101.6023,15.3405,0.0049,399.0297,78.0,89.0,2438.0,2891.0,2438.0648,2891.5488,2438.0648,2891.5488,192.12184979884893,27.11348407127205,1.802,1.567,69.59,0.01178,0.01025,71.9,2438.0648,2891.5488,192.12184979884893,27.11348407127205,0.88960991923,0.98326446593,0.88960991923,0.98326446593,1.009,0.925,62.73,1.00855,0.9250417,62.73,22.8865,0.0,3.04,1.15,0.131,0.983,39.0,,,0.3943892747022471
33738,33738,39_304,39_271,2239.09,26.0846,17.8372,0.0127,1.802068,309.0,309.0,2024.0,2786.0,2024.7096,2786.4531,2024.7096,2786.4531,192.2514785562492,27.14660057560353,4.295,3.816,-13.5,0.05373,0.04673,-14.72,2024.7096,2786.4531,192.2514785562492,27.14660057560353,5.7036176917,6.3998917826,5.7036176917,6.3998917826,2.541,2.376,74.72,2.540883,2.376431,74.72,25.2903,16.0,4.28,1.126,0.112,0.065,39.0,1527,1527,39_13,39_28,638.6849,37.18852,19.1992,0.0632,400.5773,16.0,17.0,2024.0,2786.0,2024.3415,2786.4436,2024.3415,2786.4436,192.2515948508362,27.14660636500605,1.146,1.046,13.11,0.08144,0.07145,11.45,2024.3415,2786.4436,192.2515948508362,27.14660636500605,1.6415301218,1.7570930054,1.6415301218,1.7570930054,1.341,1.265,62.98,1.340778,1.265281,62.98,22.8989,0.0,5.68,1.096,0.088,0.018,39.0,,,0.368222568564093
33772,33772,39_338,39_248,288547.7,217.5892,12.5619,8.0E-4,3.398132,71.0,71.0,2091.0,2750.0,2091.3113,2749.6429,2091.3113,2749.6429,192.23005712043144,27.156386142723257,0.872,0.78,54.14,6.6E-4,5.9E-4,54.15,2091.3113,2749.6429,192.23005712043144,27.156386142723257,0.2959728304,0.32128395924,0.2959728304,0.32128395924,0.578,0.532,59.54,0.5784981,0.5315983,59.54,27.3266,4.0,1.6,1.118,0.106,0.995,39.0,1530,1530,39_16,39_25,282977.0,251.863,12.583,0.001,400.2584,208.0,220.0,2091.0,2750.0,2091.4231,2750.0318,2091.4231,2750.0318,192.23002560491665,27.15627582835985,1.99,1.765,64.42,0.00251,0.00229,67.27,2091.4231,2750.0318,192.23002560491665,27.15627582835985,0.96591324381,1.0275652617,0.96591324381,1.0275652617,1.039,0.956,55.84,1.039325,0.9556577,55.84,22.8853,0.0,3.29,1.128,0.113,0.998,39.0,,,0.40465102248767604
33870,33870,39_436,39_170,899.6232,18.47193,18.8273,0.0223,3.525527,249.0,249.0,2465.0,2606.0,2464.7532,2604.9806,2464.7532,2604.9806,192.11050938071864,27.193825292591946,6.78,2.692,29.48,0.11432,0.04407,29.79,2464.7532,2604.9806,192.11050938071864,27.193825292591946,1.6658217076,1.5893639722,1.6658217076,1.5893639722,1.327,1.222,36.68,1.327036,1.222358,36.68,27.0707,1.0,6.03,2.518,0.603,0.016,39.0,1547,1547,39_33,39_8,239.0361,25.77843,20.2662,0.1171,399.0156,7.0,8.0,2465.0,2606.0,2465.1106,2605.8889,2465.1106,2605.8889,192.11040554715535,27.193566762711345,0.849,0.668,41.83,0.10661,0.0843,44.84,2465.1106,2605.8889,192.11040554715535,27.193566762711345,1.1016809189,0.96788013689,1.1016809189,0.96788013689,1.079,0.952,29.38,1.078771,0.9517427,29.38,22.8721,0.0,4.27,1.272,0.214,0.414,39.0,,,0.9760858824919072
33960,33960,39_526,39_504,25953.61,86.98384,15.1769,0.0036,1.818095,4814.0,4814.0,2259.0,2993.0,2258.8597,2993.0273,2258.8597,2993.0273,192.17950778586624,27.08650661302317,51.068,20.435,-6.89,0.19343,0.07727,-5.97,2258.8597,2993.0273,192.17950778586624,27.08650661302317,2576.4612687,449.05413815,2576.4612687,449.05413815,51.068,20.435,-6.89,51.06797,20.43471,-6.89,25.5702,19.0,1.89,2.499,0.6,0.816,39.0,1517,1517,39_3,39_38,8617.354,76.41615,16.374,0.0096,400.1354,51.0,58.0,2259.0,2993.0,2258.921,2993.3752,2258.921,2993.3752,192.1794918856345,27.086408248290255,1.683,1.427,64.58,0.02003,0.01685,65.54,2258.921,2993.3752,192.1794918856345,27.086408248290255,0.90688318316,0.99077011599,0.90688318316,0.99077011599,1.026,0.919,56.9,1.026055,0.9191654,56.9,22.8983,0.0,3.15,1.179,0.152,0.982,39.0,,,0.3532592532401806
33964,33964,39_530,39_104,224840.9,192.1335,12.8327,9.0E-4,3.480831,73.0,73.0,2209.0,2554.0,2208.8238,2553.5299,2208.8238,2553.5299,192.19094693259916,27.21052402502096,0.865,0.803,45.26,7.4E-4,6.9E-4,45.15,2208.8238,2553.5299,192.19094693259916,27.21052402502096,0.2782783882,0.32494097886,0.2782783882,0.32494097886,0.574,0.523,73.83,0.5737795,0.5234468,73.83,27.003,0.0,1.59,1.076,0.071,1.0,39.0,1550,1550,39_36,39_5,218495.2,224.8896,12.8638,0.0011,400.344,172.0,189.0,2209.0,2554.0,2208.9252,2553.9155,2208.9252,2553.9155,192.19091869493056,27.210414727329223,1.945,1.758,61.99,0.00281,0.00255,64.71,2208.9252,2553.9155,192.19091869493056,27.210414727329223,0.98464404565,1.0144999713,0.98464404565,1.0144999713,1.033,0.965,51.38,1.033033,0.9653941,51.38,22.8915,0.0,3.22,1.106,0.096,0.986,39.0,,,0.3987095684831939
33976,33976,39_542,39_95,228549.0,193.7269,12.815,9.0E-4,3.801675,69.0,69.0,2433.0,2551.0,2433.043,2550.846,2433.043,2550.846,192.1199913993033,27.209325077923378,0.837,0.757,67.08,7.1E-4,6.4E-4,67.26,2433.043,2550.846,192.1199913993033,27.209325077923378,0.19964035958,0.23666920471,0.19964035958,0.23666920471,0.488,0.445,79.13,0.4879413,0.4452223,79.13,26.8677,4.0,1.41,1.106,0.096,1.0,39.0,1515,1515,39_1,39_3,221638.8,226.4993,12.8483,0.0011,399.722,181.0,195.0,2433.0,2551.0,2433.1343,2551.2241,2433.1343,2551.2241,192.11996634350075,27.20921796817556,1.939,1.731,67.95,0.0028,0.0026,62.04,2433.1343,2551.2241,192.11996634350075,27.20921796817556,0.90419981818,0.98681775062,0.90419981818,0.98681775062,1.011,0.932,61.19,1.011268,0.9318559,61.19,22.9411,0.0,3.13,1.12,0.107,0.985,39.0,,,0.3889669651781959
34010,34010,39_576,39_495,10598.58,42.44872,16.1493,0.0043,1.713594,75.0,75.0,2459.0,3010.0,2458.9821,3009.8296,2458.9821,3009.8296,192.11643589831783,27.080040558433208,1.14,1.046,56.82,0.00479,0.0044,57.7,2458.9821,3009.8296,192.11643589831783,27.080040558433208,0.44929581889,0.46853885732,0.44929581889,0.46853885732,0.695,0.66,56.89,0.6948246,0.6595858,56.89,25.3302,0.0,1.9,1.09,0.083,0.981,39.0,1552,1552,39_38,39_39,8723.007,78.89912,16.3607,0.0098,399.8778,55.0,62.0,2459.0,3010.0,2459.0768,3010.1621,2459.0768,3010.1621,192.11640933945216,27.07994622824272,1.702,1.48,61.35,0.02063,0.01803,58.77,2459.0768,3010.1621,192.11640933945216,27.07994622824272,0.92008036061,0.98764427443,0.92008036061,0.98764427443,1.016,0.935,57.65,1.016333,0.9353028,57.65,22.884,16.0,3.13,1.15,0.131,0.982,39.0,,,0.34572292374084945
34098,34098,40_1,40_148,384757.1,271.1358,12.2494,8.0E-4,3.059095,6669.0,6669.0,2558.0,2544.0,2557.7926,2544.1719,2557.7926,2544.1719,192.08046162146132,27.210098166757493,15.015,10.351,30.05,0.01655,0.01128,30.19,2557.7926,2544.1719,192.08046162146132,27.210098166757493,0.2805945234,0.28035875267,0.2805945234,0.28035875267,0.544,0.515,44.78,0.5441056,0.5146866,44.78,25.218,22.0,1.46,1.45,0.311,0.971,40.0,1554,1554,40_1,40_10,349898.8,277.0595,12.3526,9.0E-4,399.2085,225.0,235.0,2558.0,2544.0,2557.8711,2544.5526,2557.8711,2544.5526,192.0804406741921,27.209990435684187,1.985,1.802,57.36,0.00219,0.00206,31.89,2557.8711,2544.5526,192.0804406741921,27.209990435684187,0.96540010581,1.0366710638,0.96540010581,1.0366710638,1.043,0.956,56.97,1.043478,0.9556274,56.97,22.8551,0.0,3.15,1.102,0.093,0.985,40.0,,,0.38870906858480037
34099,34099,40_2,40_148,108317.6,191.2583,13.6257,0.0019,3.19444,13001.0,13001.0,2932.0,2539.0,2931.5821,2538.6713,2931.5821,2538.6713,191.96216434944915,27.20826883299036,43.549,32.237,20.73,0.0838,0.06784,25.98,2931.5821,2538.6713,191.96216434944915,27.20826883299036,175.98629723,101.8323882,175.98629723,101.8323882,13.328,10.009,8.42,13.32847,10.00852,8.42,25.367,19.0,1.79,1.351,0.26,0.78,40.0,1555,1555,40_2,40_9,45939.73,130.8441,14.5569,0.0031,399.8749,113.0,119.0,2932.0,2539.0,2931.709,2539.0549,2931.709,2539.0549,191.96212821842,27.20815983470918,1.848,1.747,68.58,0.00748,0.00731,-55.96,2931.709,2539.0549,191.96212821842,27.20815983470918,0.97247616121,1.0280319695,0.97247616121,1.0280319695,1.041,0.958,54.79,1.04076,0.9577715,54.79,22.8471,0.0,3.31,1.058,0.055,0.983,40.0,,,0.40404525736608377
34100,34100,40_3,40_148,3909533.0,903.5546,9.7321,3.0E-4,3.599756,174647.0,174647.0,2788.0,2912.0,2784.2869,2910.8035,2784.2869,2910.8035,192.01261264279836,27.10498992049479,73.804,56.462,74.01,0.02505,0.01886,76.57,2784.2869,2910.8035,192.01261264279836,27.10498992049479,8.2575472865,6.507317548,8.2575472865,6.507317548,2.889,2.533,12.48,2.889227,2.533226,12.48,25.4938,22.0,387.55,1.307,0.235,0.49,40.0,1589,1589,40_36,40_40,3325071.0,876.1788,9.9079,3.0E-4,402.6783,2482.0,2697.0,2788.0,2912.0,2784.3897,2910.7742,2784.3897,2910.7742,192.0125798466553,27.10499723079774,6.149,4.697,83.09,0.00259,0.00235,78.86,2784.3897,2910.7742,192.0125798466553,27.10499723079774,8.8057704653,7.8252401244,8.8057704653,7.8252401244,2.993,2.77,20.12,2.99295,2.770065,20.12,22.9103,6.0,32.26,1.309,0.236,0.292,40.0,,,0.10689401292884687
34103,34103,40_6,40_39,41253.13,82.93526,14.6738,0.0022,6.391899,61.0,61.0,2812.0,2533.0,2812.0019,2532.786,2812.0019,2532.786,191.9999302519052,27.211014554574803,0.951,0.872,39.72,0.00195,0.00179,39.15,2812.0019,2532.786,191.9999302519052,27.211014554574803,0.33385365038,0.34407501392,0.33385365038,0.34407501392,0.598,0.566,53.16,0.5976275,0.5663657,53.16,27.7035,0.0,1.64,1.091,0.083,1.0,40.0,1556,1556,40_3,40_7,38103.77,122.9728,14.76,0.0035,399.6667,96.0,114.0,2812.0,2533.0,2812.0736,2533.1691,2812.0736,2533.1691,191.99991154644096,27.21090620499156,1.83,1.657,63.85,0.00832,0.00761,73.73,2812.0736,2533.1691,191.99991154644096,27.21090620499156,0.97297011213,0.99635271664,0.97297011213,0.99635271664,1.029,0.954,49.52,1.029076,0.9541103,49.52,22.8717,0.0,3.21,1.104,0.094,0.997,40.0,,,0.3897518441264966
34107,34107,40_10,40_34,34041.43,75.41107,14.8824,0.0024,3.12055,62.0,62.0,2589.0,2527.0,2589.1351,2527.3993,2589.1351,2527.3993,192.0703755810787,27.214534635861572,0.957,0.874,52.32,0.00217,0.002,51.47,2589.1351,2527.3993,192.0703755810787,27.214534635861572,0.31339556853,0.35233840758,0.31339556853,0.35233840758,0.6,0.552,67.34,0.6004674,0.5524246,67.34,24.975,0.0,1.65,1.094,0.086,0.998,40.0,1557,1557,40_4,40_5,30482.82,112.8497,15.0023,0.004,399.1096,86.0,93.0,2589.0,2527.0,2589.2195,2527.7533,2589.2195,2527.7533,192.0703525018725,27.214434358329985,1.768,1.604,66.72,0.00894,0.00824,75.36,2589.2195,2527.7533,192.0703525018725,27.214434358329985,0.93491876356,0.99573331353,0.93491876356,0.99573331353,1.024,0.939,55.73,1.023934,0.9392611,55.73,22.8469,0.0,3.13,1.102,0.093,0.983,40.0,,,0.36392218948547256
34108,34108,40_11,40_33,1499.753,21.04812,18.2724,0.0152,2.979019,50.0,50.0,2527.0,2526.0,2526.6766,2526.0745,2526.6766,2526.0745,192.09012026645652,27.215462566263334,1.466,1.284,41.9,0.01887,0.01641,44.28,2526.6766,2526.0745,192.09012026645652,27.215462566263334,0.90019017331,0.87595330324,0.90019017331,0.87595330324,0.969,0.915,38.12,0.9690246,0.9149507,38.12,24.5322,0.0,2.74,1.142,0.124,0.983,40.0,1558,1558,40_5,40_4,820.3276,38.70087,18.9274,0.0512,399.5356,13.0,16.0,2527.0,2526.0,2526.6056,2526.1988,2526.6056,2526.1988,192.09014399246368,27.215428249145617,1.103,0.917,58.2,0.06201,0.04976,61.93,2526.6056,2526.1988,192.09014399246368,27.215428249145617,0.66708820482,0.65962200819,0.66708820482,0.65962200819,0.848,0.78,43.07,0.8478552,0.7796485,43.07,22.8315,0.0,2.86,1.202,0.168,0.754,40.0,,,0.1431484893387798
34160,34160,40_63,40_106,137235.2,150.1335,13.3687,0.0012,15.19485,29.0,29.0,2784.0,2876.0,2784.3478,2876.094,2784.3478,2876.094,192.0122339536707,27.11474812456502,0.563,0.442,6.42,6.2E-4,4.9E-4,6.48,2784.3478,2876.094,192.0122339536707,27.11474812456502,0.1844441615,0.11251733073,0.1844441615,0.11251733073,0.429,0.335,0.71,0.4294824,0.3354196,0.71,99.0,4.0,-0.55,1.275,0.216,1.0,40.0,1590,1590,40_37,40_40,121931.6,157.8732,13.4971,0.0014,410.4348,42.0,60.0,2784.0,2876.0,2784.4809,2876.3665,2784.4809,2876.3665,192.0121947026436,27.11467030874281,1.189,0.898,84.9,0.00195,0.00157,65.81,2784.4809,2876.3665,192.0121947026436,27.11467030874281,0.24584104679,0.04970794821,0.24584104679,0.04970794821,0.496,0.223,0.63,0.4958473,0.2229001,0.63,23.3857,3.0,0.68,1.323,0.244,0.994,40.0,,,0.30326862679812977
34196,34196,40_99,40_76,53302.63,93.80728,14.3955,0.0019,5.759385,65.0,65.0,2878.0,2597.0,2878.3421,2597.2247,2878.3421,2597.2247,191.97961612392064,27.19229547241196,0.94,0.852,40.35,0.00169,0.00153,39.75,2878.3421,2597.2247,191.97961612392064,27.19229547241196,0.34346161147,0.31143477547,0.34346161147,0.31143477547,0.594,0.549,25.95,0.5944716,0.5490901,25.95,99.0,0.0,1.67,1.103,0.094,1.0,40.0,1583,1583,40_30,40_14,49328.54,130.1124,14.4797,0.0029,398.7126,103.0,115.0,2878.0,2597.0,2878.4235,2597.6093,2878.4235,2597.6093,191.9795943859259,27.1921866103698,1.847,1.658,60.51,0.00704,0.00637,52.15,2878.4235,2597.6093,191.9795943859259,27.1921866103698,0.98718048979,1.0217804588,0.98718048979,1.0217804588,1.042,0.961,51.2,1.041646,0.9612156,51.2,22.8639,0.0,3.2,1.114,0.102,0.983,40.0,,,0.39311972730950595
34201,34201,40_104,40_71,7040.578,35.78059,16.5934,0.0055,5.966818,71.0,71.0,2567.0,2582.0,2567.0839,2582.3219,2567.0839,2582.3219,192.07791202187772,27.199289697101324,1.254,1.106,56.11,0.0069,0.00592,58.06,2567.0839,2582.3219,192.07791202187772,27.199289697101324,0.50207591345,0.52214661149,0.50207591345,0.52214661149,0.735,0.695,55.25,0.7353697,0.6953086,55.25,27.1892,0.0,2.08,1.134,0.118,0.985,40.0,1584,1584,40_31,40_12,5638.955,69.7607,16.8344,0.0134,399.2459,45.0,50.0,2567.0,2582.0,2567.1304,2582.6164,2567.1304,2582.6164,192.07790032057707,27.19920648475773,1.632,1.387,63.31,0.02665,0.02167,65.28,2567.1304,2582.6164,192.07790032057707,27.19920648475773,0.93570981123,0.99733909175,0.93570981123,0.99733909175,1.024,0.94,55.98,1.02418,0.9402685,55.98,22.8947,0.0,3.07,1.176,0.15,0.98,40.0,,,0.2981484529558652
34227,34227,40_130,40_148,73787.06,110.2132,14.0425,0.0016,3.616207,34.0,34.0,2783.0,2884.0,2783.2339,2884.1357,2783.2339,2884.1357,192.0126693304606,27.112497223245924,0.59,0.517,44.06,8.9E-4,7.8E-4,45.67,2783.2339,2884.1357,192.0126693304606,27.112497223245924,0.13882830833,0.12390048913,0.13882830833,0.12390048913,0.373,0.352,5.3,0.3727705,0.3518109,5.3,25.0555,2.0,0.85,1.141,0.123,0.971,40.0,1560,1560,40_7,40_40,66097.06,126.3197,14.162,0.0021,412.8407,58.0,62.0,2783.0,2884.0,2783.3902,2884.3316,2783.3902,2884.3316,192.01262195333317,27.112440734445865,1.368,1.077,76.62,0.00321,0.00293,27.45,2783.3902,2884.3316,192.01262195333317,27.112440734445865,0.08646109699,0.08176520959,0.08646109699,0.08176520959,0.301,0.278,34.67,0.3012751,0.2783157,34.67,23.5865,3.0,0.0,1.271,0.213,1.0,40.0,,,0.25061225029905093
34282,34282,41_7,41_47,1530.634,22.79379,18.2502,0.0162,6.095252,128.0,128.0,3038.0,2539.0,3038.5756,2538.52,3038.5756,2538.52,191.92831686507805,27.207326125684467,2.865,1.994,-4.8,0.04153,0.02748,-3.69,3038.5756,2538.52,191.92831686507805,27.207326125684467,1.0098522515,0.99893566518,1.0098522515,0.99893566518,1.019,0.985,40.32,1.018801,0.9853078,40.32,26.9152,1.0,3.83,1.437,0.304,0.135,41.0,1629,1629,41_37,41_7,945.9988,43.07116,18.7727,0.0494,399.8689,16.0,21.0,3038.0,2539.0,3037.9873,2539.0182,3037.9873,2539.0182,191.9285082127419,27.20719152079912,1.156,1.106,52.9,0.06084,0.06067,53.75,3037.9873,2539.0182,191.9285082127419,27.20719152079912,0.80328360319,0.82962168056,0.80328360319,0.82962168056,0.933,0.873,51.96,0.9333621,0.8727775,51.96,22.8545,0.0,3.38,1.045,0.043,0.804,41.0,,,0.7709086392046745
34548,34548,42_64,42_243,98288.76,127.2403,13.7311,0.0014,4.801279,63.0,63.0,416.0,3056.0,415.8456,3056.3,415.8456,3056.3,192.76251334125263,27.083381386594528,0.851,0.785,63.27,0.00111,0.00103,63.34,415.8456,3056.3,192.76251334125263,27.083381386594528,0.24447212308,0.28902755924,0.24447212308,0.28902755924,0.539,0.492,78.25,0.539484,0.492399,78.25,27.0236,0.0,1.45,1.084,0.078,0.999,42.0,1635,1635,42_3,42_29,93135.18,162.1913,13.7896,0.0019,403.8569,134.0,143.0,416.0,3056.0,415.9605,3056.6617,415.9605,3056.6617,192.7624800594388,27.08327879109624,1.867,1.678,62.5,0.00471,0.00431,61.05,415.9605,3056.6617,192.7624800594388,27.08327879109624,0.87699885794,0.95573355818,0.87699885794,0.95573355818,0.993,0.92,62.34,0.9927533,0.9204202,62.34,22.8851,0.0,3.03,1.113,0.101,0.986,42.0,,,0.37951139640326453
34562,34562,42_78,42_231,82791.41,116.7413,13.9174,0.0015,4.68162,63.0,63.0,309.0,3038.0,308.611,3037.7265,308.611,3037.7265,192.79624068021917,27.08938971458355,0.872,0.806,55.66,0.00124,0.00115,55.49,308.611,3037.7265,192.79624068021917,27.08938971458355,0.31024626702,0.298539935,0.31024626702,0.298539935,0.567,0.536,34.7,0.5665877,0.5364369,34.7,28.7729,0.0,1.58,1.083,0.077,0.996,42.0,1637,1637,42_5,42_27,77923.52,153.246,13.9832,0.0021,404.2713,127.0,137.0,309.0,3038.0,308.7242,3038.0848,308.7242,3038.0848,192.79620786948627,27.08928809632335,1.867,1.674,60.74,0.00539,0.00484,55.44,308.7242,3038.0848,192.79620786948627,27.08928809632335,0.87357651727,0.95024629905,0.87357651727,0.95024629905,0.991,0.918,61.81,0.9905311,0.9179711,61.81,22.8959,0.0,3.06,1.115,0.103,0.985,42.0,,,0.3757567431196806
34764,34764,42_280,42_279,14704.39,62.20805,15.7938,0.0046,4.402919,1939.0,1939.0,79.0,2858.0,78.6615,2857.6514,78.6615,2857.6514,192.86744173483208,27.14170219966522,11.181,8.22,62.86,0.04951,0.03867,67.67,78.6615,2857.6514,192.86744173483208,27.14170219966522,0.54523317362,0.57540057395,0.54523317362,0.57540057395,0.765,0.732,64.05,0.7646948,0.7320353,64.05,30.2974,3.0,1.9,1.36,0.265,0.116,42.0,1385,1385,35_11,35_24,9182.814,78.95602,16.305,0.0093,404.1278,53.0,61.0,79.0,2858.0,78.7528,2857.9688,78.7528,2857.9688,192.86741543826315,27.14161226498133,1.624,1.466,69.2,0.01889,0.01726,70.18,78.7528,2857.9688,192.86741543826315,27.14161226498133,0.8238701566,0.91040736409,0.8238701566,0.91040736409,0.962,0.899,68.55,0.9623966,0.8989273,68.55,22.8891,0.0,2.98,1.108,0.097,0.983,35.0,,,0.3302702681137662
35238,35238,44_118,44_798,13761.44,48.01527,15.8657,0.0038,2.81666,70.0,70.0,1383.0,3043.0,1383.2127,3043.3997,1383.2127,3043.3997,192.45671247286884,27.079608729810392,1.044,0.977,53.12,0.00373,0.00351,54.0,1383.2127,3043.3997,192.45671247286884,27.079608729810392,0.37445375219,0.40091496188,0.37445375219,0.40091496188,0.639,0.605,64.43,0.6393522,0.6054729,64.43,26.8077,0.0,1.78,1.069,0.064,0.983,44.0,1698,1698,44_3,44_33,11487.41,82.59171,16.0619,0.0078,402.7036,61.0,64.0,1383.0,3043.0,1383.329,3043.7354,1383.329,3043.7354,192.45667883290184,27.079513372354487,1.685,1.467,62.87,0.01655,0.01394,65.22,1383.329,3043.7354,192.45667883290184,27.079513372354487,0.86673047702,0.92261687026,0.86673047702,0.92261687026,0.978,0.912,58.3,0.9783078,0.9122835,58.3,22.9064,0.0,2.96,1.149,0.13,0.982,44.0,,,0.35527479505312254
35312,35312,44_192,44_744,5201.429,31.12027,16.9221,0.0065,2.711447,180.0,180.0,1438.0,3021.0,1437.3017,3020.9767,1437.3017,3020.9767,192.43941068300688,27.08548320862633,3.39,1.336,49.76,0.02623,0.00885,49.58,1437.3017,3020.9767,192.43941068300688,27.08548320862633,0.64237823891,0.65249404685,0.64237823891,0.65249404685,0.82,0.789,50.83,0.8200393,0.7889283,50.83,26.7316,0.0,3.45,2.537,0.606,0.983,44.0,1448,1448,37_3,37_31,1646.152,39.24035,18.1712,0.0259,401.9044,13.0,16.0,1438.0,3021.0,1437.6438,3020.3289,1437.6438,3020.3289,192.43929653016656,27.085662680219148,1.271,0.702,1.6,0.04386,0.02248,0.97,1437.6438,3020.3289,192.43929653016656,27.085662680219148,0.58016935317,0.27754567676,0.58016935317,0.27754567676,0.762,0.527,1.82,0.761889,0.526536,1.82,22.8698,24.0,3.35,1.812,0.448,0.965,37.0,7,2,0.7325825892008997
35312,35312,44_192,44_744,5201.429,31.12027,16.9221,0.0065,2.711447,180.0,180.0,1438.0,3021.0,1437.3017,3020.9767,1437.3017,3020.9767,192.43941068300688,27.08548320862633,3.39,1.336,49.76,0.02623,0.00885,49.58,1437.3017,3020.9767,192.43941068300688,27.08548320862633,0.64237823891,0.65249404685,0.64237823891,0.65249404685,0.82,0.789,50.83,0.8200393,0.7889283,50.83,26.7316,0.0,3.45,2.537,0.606,0.983,44.0,1700,1700,44_5,44_31,3737.349,61.32064,17.281,0.0178,402.7634,36.0,41.0,1438.0,3022.0,1437.8665,3021.7999,1437.8665,3021.7999,192.43923986220025,27.085247124327623,1.535,1.317,53.66,0.03207,0.02669,46.23,1437.8665,3021.7999,192.43923986220025,27.085247124327623,0.88249397551,0.93042871922,0.88249397551,0.93042871922,0.98,0.924,58.41,0.9795879,0.9237588,58.41,22.917,0.0,3.07,1.166,0.142,0.97,44.0,7,2,0.9983272409384681
36360,36360,45_1,45_675,32259.73,102.7633,14.9408,0.0035,1.504854,9860.0,9860.0,1824.0,3049.0,1824.0447,3049.2414,1824.0447,3049.2414,192.317463245867,27.07437690533208,116.984,44.254,29.28,0.39266,0.15135,29.16,1824.0447,3049.2414,192.317463245867,27.07437690533208,10881.064566,4762.7179351,10881.064566,4762.7179351,116.984,44.254,29.28,116.9843,44.25447,29.28,25.6578,19.0,2.21,2.643,0.622,0.691,45.0,1732,1732,45_4,45_38,2901.614,56.25382,17.5558,0.0211,401.983,30.0,35.0,1824.0,3049.0,1824.0915,3049.456,1824.0915,3049.456,192.3174505259173,27.074316157995057,1.39,1.282,45.47,0.03391,0.03131,18.58,1824.0915,3049.456,192.3174505259173,27.074316157995057,0.82684322881,0.87818574528,0.82684322881,0.87818574528,0.956,0.889,57.17,0.9564553,0.8889444,57.17,22.9236,0.0,2.9,1.084,0.078,0.974,45.0,,,0.21964380255339014
36364,36364,45_5,45_233,2166.144,28.11252,17.8732,0.0141,2.970035,831.0,831.0,1886.0,2658.0,1885.8045,2658.2877,1885.8045,2658.2877,192.29415429935685,27.18381271856996,13.263,7.823,-79.06,0.14882,0.08398,-80.17,1885.8045,2658.2877,192.29415429935685,27.18381271856996,0.9009781178,0.992716209,0.9009781178,0.992716209,1.007,0.938,66.34,1.007226,0.9376518,66.34,27.7232,3.0,3.64,1.695,0.41,0.027,45.0,1503,1503,38_28,38_13,798.6136,40.57982,18.9566,0.0552,400.4425,18.0,20.0,1886.0,2658.0,1885.7822,2658.3982,1885.7822,2658.3982,192.29416242620252,27.18378183113757,1.392,0.974,67.47,0.08681,0.05916,67.62,1885.7822,2658.3982,192.29416242620252,27.18378183113757,1.1628969633,1.4599510786,1.1628969633,1.4599510786,1.235,1.048,67.12,1.234633,1.048108,67.12,22.8802,0.0,4.87,1.429,0.3,0.109,38.0,,,0.11272772507260302
36371,36371,45_12,45_180,2713.283,30.14034,17.6287,0.0121,1.501486,703.0,703.0,1620.0,2641.0,1620.3204,2640.754,1620.3204,2640.754,192.37796146375865,27.190941188172538,19.33,5.978,-65.06,0.22344,0.06845,-64.75,1620.3204,2640.754,192.37796146375865,27.190941188172538,613.69792761,612.85558241,613.69792761,612.85558241,25.063,24.462,-44.19,25.06321,24.46199,-44.19,25.5111,19.0,4.42,3.233,0.691,0.025,45.0,1507,1507,38_32,38_9,250.7993,25.67707,20.2141,0.1112,401.7597,7.0,8.0,1620.0,2641.0,1620.1398,2640.8598,1620.1398,2640.8598,192.3780195993572,27.19091291100802,0.845,0.667,47.31,0.10464,0.08276,45.12,1620.1398,2640.8598,192.3780195993572,27.19091291100802,1.2696011865,1.5612642312,1.2696011865,1.5612642312,1.278,1.094,65.96,1.27816,1.094153,65.96,22.8812,0.0,4.25,1.267,0.211,0.481,38.0,,,0.20930838492546902
36471,36471,45_112,45_632,3752.906,31.84668,17.2765,0.0092,1.568783,475.0,475.0,1540.0,3023.0,1539.3414,3022.9339,1539.3414,3022.9339,192.4071815442932,27.084110381841853,8.557,3.761,22.02,0.0823,0.03374,22.11,1539.3414,3022.9339,192.4071815442932,27.084110381841853,10.525422055,9.6846935711,10.525422055,9.6846935711,3.303,3.049,-29.28,3.303152,3.049476,-29.28,25.3913,19.0,4.06,2.275,0.56,0.104,45.0,1733,1733,45_5,45_37,1205.48,49.68631,18.5095,0.0448,403.3773,25.0,29.0,1540.0,3023.0,1539.8367,3022.9542,1539.8367,3022.9542,192.40702520763995,27.084100662180173,1.433,1.319,-12.94,0.0694,0.06134,-11.24,1539.8367,3022.9542,192.40702520763995,27.084100662180173,2.0140863717,1.9940524085,2.0140863717,1.9940524085,1.445,1.385,-41.63,1.445484,1.385177,-41.63,22.9204,0.0,4.42,1.086,0.079,0.035,45.0,,,0.49571582585191687
37006,37006,45_647,45_233,1075.241,17.20335,18.6336,0.0174,3.010898,197.0,197.0,1852.0,2647.0,1851.976,2647.3149,1851.976,2647.3149,192.3047477470064,27.187181380919423,7.841,2.673,2.82,0.13065,0.04302,2.75,1851.976,2647.3149,192.3047477470064,27.187181380919423,1.3077224034,1.2834133006,1.3077224034,1.2834133006,1.173,1.102,40.66,1.173076,1.102283,40.66,26.9784,3.0,3.25,2.934,0.659,0.03,45.0,1506,1506,38_31,38_10,472.5372,31.43439,19.5263,0.0722,401.0487,12.0,12.0,1852.0,2647.0,1852.0084,2647.4787,1852.0084,2647.4787,192.3047390859589,27.18713504711032,1.036,0.784,87.02,0.08762,0.06412,89.86,1852.0084,2647.4787,192.3047390859589,27.18713504711032,0.86820878259,0.94999804613,0.86820878259,0.94999804613,0.998,0.907,59.21,0.9975151,0.9072874,59.21,22.9098,0.0,3.97,1.322,0.244,0.576,38.0,,,0.16697365061612393
37217,37217,45_858,45_696,1595.937,19.50357,18.2049,0.0133,1.520397,111.0,111.0,1522.0,3066.0,1521.8139,3065.5065,1521.8139,3065.5065,192.4131204473071,27.072277244089868,2.226,1.775,-84.97,0.02944,0.02209,-84.54,1521.8139,3065.5065,192.4131204473071,27.072277244089868,1.3991010379,1.4110315756,1.3991010379,1.4110315756,1.198,1.173,50.91,1.197579,1.173004,50.91,25.2258,16.0,3.59,1.254,0.203,0.815,45.0,1731,1731,45_3,45_39,775.2429,40.80497,18.9888,0.0572,402.704,18.0,19.0,1522.0,3066.0,1521.8437,3065.9041,1521.8437,3065.9041,192.41311476304472,27.072165164388476,1.205,1.058,47.53,0.07541,0.06563,44.58,1521.8437,3065.9041,192.41311476304472,27.072165164388476,1.2704640064,1.3142013375,1.2704640064,1.3142013375,1.16,1.113,56.85,1.160483,1.11263,56.85,22.8592,0.0,3.9,1.138,0.122,0.26,45.0,,,0.3987151865682791
37306,37306,46_3,46_537,49475.65,128.4238,14.4764,0.0028,1.777981,14972.0,14972.0,2160.0,2706.0,2160.1564,2706.2862,2160.1564,2706.2862,192.2078579341197,27.167989458874928,55.194,40.891,64.47,0.15135,0.11129,64.4,2160.1564,2706.2862,192.2078579341197,27.167989458874928,4677.7363828,5053.226466,4677.7363828,5053.226466,71.584,67.873,68.26,71.58371,67.87293,68.26,25.6506,19.0,103.26,1.35,0.259,0.036,46.0,1535,1535,39_21,39_20,1949.542,50.33897,17.9876,0.028,399.8013,26.0,29.0,2160.0,2706.0,2160.2173,2706.4981,2160.2173,2706.4981,192.20784077691087,27.167929350760694,1.368,1.183,58.8,0.04404,0.0376,55.39,2160.2173,2706.4981,192.20784077691087,27.167929350760694,0.84514594646,0.89744423837,0.84514594646,0.89744423837,0.967,0.898,56.98,0.9673097,0.8982773,56.98,22.8897,0.0,3.23,1.157,0.136,0.948,39.0,,,0.2204777086235776
37307,37307,46_4,46_537,66028.82,151.3159,14.1631,0.0025,1.799267,21189.0,21189.0,2277.0,2657.0,2277.0874,2656.6606,2277.0874,2656.6606,192.1703842304538,27.180935193227768,99.343,54.165,32.52,0.23355,0.13116,33.92,2277.0874,2656.6606,192.1703842304538,27.180935193227768,7864.2050841,4938.6676884,7864.2050841,4938.6676884,99.343,54.165,32.52,99.34322,54.16454,32.52,25.6487,19.0,335.67,1.834,0.455,0.041,46.0,1543,1543,39_29,39_12,1951.603,53.03151,17.9864,0.0295,399.3771,28.0,33.0,2277.0,2657.0,2277.1884,2656.8613,2277.1884,2656.8613,192.1703542955939,27.180877884148625,1.439,1.285,70.14,0.04847,0.04297,77.96,2277.1884,2656.8613,192.1703542955939,27.180877884148625,1.0134540036,1.1084155827,1.0134540036,1.1084155827,1.065,0.994,65.13,1.065078,0.9937192,65.13,22.8988,0.0,3.49,1.119,0.107,0.695,39.0,,,0.22468086255836411
37326,37326,46_23,46_61,1135.004,18.33819,18.5749,0.0175,1.710361,160.0,160.0,2108.0,2592.0,2107.1149,2592.0469,2107.1149,2592.0469,192.22350289915968,27.200567091236355,4.415,2.344,15.7,0.07613,0.04039,17.35,2107.1149,2592.0469,192.22350289915968,27.200567091236355,7.9968833871,6.8547965033,7.9968833871,6.8547965033,2.852,2.592,18.08,2.851854,2.592028,18.08,25.3124,17.0,5.91,1.883,0.469,0.867,46.0,1548,1548,39_34,39_7,330.157,24.33561,19.9156,0.08,400.2365,7.0,7.0,2108.0,2592.0,2108.3023,2591.9844,2108.3023,2591.9844,192.22312667938112,27.200574515170604,0.727,0.671,-82.69,0.07429,0.06879,-89.35,2108.3023,2591.9844,192.22312667938112,27.200574515170604,0.56427985124,0.5427833217,0.56427985124,0.5427833217,0.769,0.718,-36.76,0.7690333,0.7180884,-36.76,22.8799,0.0,3.51,1.082,0.076,0.483,39.0,,,1.189043737631009
38047,38047,46_744,46_564,1874.547,20.82903,18.0302,0.0121,1.810766,152.0,152.0,2090.0,3059.0,2091.2358,3058.0973,2091.2358,3058.0973,192.2331215678741,27.069642117817427,4.093,1.614,-26.31,0.05745,0.01925,-26.55,2091.2358,3058.0973,192.2331215678741,27.069642117817427,1.3297000623,1.3622038693,1.3297000623,1.3622038693,1.191,1.128,51.45,1.191127,1.128327,51.45,25.3752,16.0,5.94,2.535,0.606,0.972,46.0,1770,1770,46_3,46_35,963.201,40.32431,18.7531,0.0455,399.7282,18.0,19.0,2090.0,3059.0,2090.0912,3058.8183,2090.0912,3058.8183,192.233490333018,27.069449067541356,1.181,0.988,49.1,0.06195,0.05278,45.1,2090.0912,3058.8183,192.233490333018,27.069449067541356,0.70687932405,0.77519905292,0.70687932405,0.77519905292,0.917,0.801,55.06,0.9166796,0.8011098,55.06,22.852,0.0,3.12,1.195,0.163,0.787,46.0,,,1.3527565043274392
