col1,Unnamed: 0,NUMBER,ID_PARENT,FLUX_ISO,FLUXERR_ISO,MAG_ISO,MAGERR_ISO,BACKGROUND,ISOAREA_IMAGE,ISOAREAF_IMAGE,XPEAK_IMAGE,YPEAK_IMAGE,X_IMAGE,Y_IMAGE,X_IMAGE_DBL,Y_IMAGE_DBL,X_WORLD,Y_WORLD,A_IMAGE,B_IMAGE,THETA_IMAGE,ERRA_IMAGE,ERRB_IMAGE,ERRTHETA_IMAGE,XWIN_IMAGE,YWIN_IMAGE,XWIN_WORLD,YWIN_WORLD,X2WIN_IMAGE,Y2WIN_IMAGE,X2WIN_WORLD,Y2WIN_WORLD,AWIN_IMAGE,BWIN_IMAGE,THETAWIN_IMAGE,AWIN_WORLD,BWIN_WORLD,THETAWIN_WORLD,MU_THRESHOLD,FLAGS,FWHM_IMAGE,ELONGATION,ELLIPTICITY,CLASS_STAR,SUBDIV_NUMBER
11,11,0_12,0_29,4685.063,65.76299,17.0356,0.0152,403.7649,37.0,44.0,360.0,432.0,359.6855,432.1159,359.6855,432.1159,192.75788070395723,27.82180200953645,1.537,1.319,61.06,0.02865,0.02386,64.11,359.6855,432.1159,192.75788070395723,27.82180200953645,0.85557440923,0.88294535521,0.85557440923,0.88294535521,0.967,0.896,50.93,0.9674029,0.8959081,50.93,22.8322,0.0,3.02,1.165,0.142,0.981,0.0
12,12,0_13,0_28,1141.818,44.37525,18.5684,0.0422,404.0671,17.0,22.0,382.0,401.0,382.1184,401.0405,382.1184,401.0405,192.7504765094633,27.83037246939332,1.234,1.088,50.34,0.0572,0.05164,45.6,382.1184,401.0405,192.7504765094633,27.83037246939332,0.81229940984,0.87505619022,0.81229940984,0.87505619022,0.963,0.872,56.04,0.962887,0.8718969,56.04,22.8464,0.0,3.4,1.135,0.119,0.884,0.0
13,13,0_14,0_27,416.1078,30.8143,19.6644,0.0804,403.5226,10.0,11.0,190.0,402.0,189.6235,401.8595,189.6235,401.8595,192.8117316052132,27.8315585659318,1.012,0.73,16.98,0.09513,0.06731,15.27,189.6235,401.8595,192.8117316052132,27.8315585659318,0.80724118777,0.68657461248,0.80724118777,0.68657461248,0.928,0.795,29.1,0.9281036,0.7952606,29.1,22.8637,0.0,3.39,1.387,0.279,0.526,0.0
17,17,0_18,0_23,470.1624,33.48721,19.5318,0.0774,403.5739,12.0,13.0,17.0,367.0,16.8262,367.2181,16.8262,367.2181,192.86642455249097,27.842549369518466,1.154,0.816,-68.3,0.1003,0.06881,-70.01,16.8262,367.2181,192.86642455249097,27.842549369518466,1.6159483406,1.9477682847,1.6159483406,1.9477682847,1.413,1.252,-70.44,1.412698,1.252198,-70.44,22.8624,0.0,5.64,1.414,0.293,0.284,0.0
18,18,0_19,0_21,494.5713,33.61023,19.4768,0.0738,407.7146,11.0,13.0,464.0,326.0,464.5656,326.5469,464.5656,326.5469,192.7235992031056,27.85070081313027,1.003,0.87,47.42,0.07466,0.06352,45.32,464.5656,326.5469,192.7235992031056,27.85070081313027,0.81220430596,0.85543674904,0.81220430596,0.85543674904,0.939,0.887,58.7,0.9385052,0.8870451,58.7,23.0528,0.0,2.97,1.152,0.132,0.58,0.0
19,19,0_20,0_20,465.2447,33.54963,19.5432,0.0783,403.7629,10.0,13.0,244.0,294.0,244.3452,294.3427,244.3452,294.3427,192.79340767644095,27.861386938386328,1.008,0.851,39.99,0.08603,0.07317,44.74,244.3452,294.3427,192.79340767644095,27.861386938386328,0.86813054311,0.73917801143,0.86813054311,0.73917801143,0.958,0.831,27.76,0.9578997,0.8305039,27.76,22.8717,0.0,2.89,1.184,0.156,0.488,0.0
20,20,0_21,0_19,424.4169,32.21811,19.6429,0.0824,403.5392,11.0,12.0,260.0,294.0,260.3366,293.9387,260.3366,293.9387,192.78831477686188,27.86138307082022,1.034,0.833,34.12,0.09096,0.07339,34.72,260.3366,293.9387,192.78831477686188,27.86138307082022,1.5316316532,1.3594918575,1.5316316532,1.3594918575,1.267,1.134,28.73,1.267105,1.133829,28.73,22.859,0.0,3.11,1.241,0.194,0.483,0.0
21,21,0_22,0_18,875.034,38.9071,18.8573,0.0483,403.6009,16.0,17.0,185.0,293.0,185.5417,293.1841,185.5417,293.1841,192.8121129044977,27.862143100334205,1.117,0.966,69.66,0.06399,0.05033,74.88,185.5417,293.1841,192.8121129044977,27.862143100334205,0.86211500711,0.79526095746,0.86211500711,0.79526095746,0.931,0.889,14.75,0.931179,0.8889778,14.75,22.8667,0.0,3.16,1.156,0.135,0.811,0.0
24,24,0_25,0_15,827.8387,38.79826,18.9175,0.0509,403.8445,15.0,17.0,221.0,265.0,221.2544,264.754,221.2544,264.754,192.80050615205025,27.869874962676292,1.096,0.971,36.38,0.06428,0.05607,42.41,221.2544,264.754,192.80050615205025,27.869874962676292,0.7426499505,0.640692553,0.7426499505,0.640692553,0.867,0.794,16.45,0.8674062,0.794323,16.45,22.8761,0.0,2.99,1.129,0.114,0.568,0.0
25,25,0_26,0_14,530.5049,31.19151,19.4007,0.0639,403.8867,10.0,11.0,219.0,254.0,219.1208,254.1864,219.1208,254.1864,192.80109581895255,27.87286160505909,0.941,0.806,53.75,0.07176,0.06142,50.7,219.1208,254.1864,192.80109581895255,27.87286160505909,0.65161729501,0.69377023571,0.65161729501,0.69377023571,0.86,0.778,54.08,0.8604338,0.777844,54.08,22.8771,0.0,3.02,1.168,0.144,0.541,0.0
28,28,0_29,0_11,422.1849,30.93713,19.6486,0.0796,402.2181,10.0,11.0,278.0,195.0,278.619,195.3645,278.619,195.3645,192.78165763270883,27.88896137333361,0.945,0.819,72.7,0.08967,0.07746,71.86,278.619,195.3645,192.78165763270883,27.88896137333361,0.76815191844,0.80049264216,0.76815191844,0.80049264216,0.898,0.873,69.43,0.8976589,0.8734145,69.43,22.7957,0.0,3.82,1.154,0.134,0.627,0.0
33,33,0_34,0_6,412.5764,32.25415,19.6736,0.0849,403.7935,11.0,12.0,25.0,104.0,24.0315,103.5023,24.0315,103.5023,192.86193939195564,27.91664348663957,1.142,0.747,36.05,0.10878,0.06979,36.59,24.0315,103.5023,192.86193939195564,27.91664348663957,1.5040111966,1.158047072,1.5040111966,1.158047072,1.255,1.043,22.29,1.254531,1.043173,22.29,22.8801,0.0,4.67,1.529,0.346,0.066,0.0
37,37,0_38,0_39,513.0324,32.48466,19.437,0.0688,403.8047,11.0,12.0,422.0,507.0,422.2736,506.927,422.2736,506.927,192.7386135449766,27.800304125704844,0.988,0.824,35.92,0.08078,0.06533,34.54,422.2736,506.927,192.7386135449766,27.800304125704844,0.64608724685,0.72303036546,0.64608724685,0.72303036546,0.87,0.783,61.22,0.8696479,0.7828347,61.22,22.8584,16.0,3.11,1.2,0.166,0.589,0.0
40,40,1_3,1_2,1690.691,62.21767,18.1422,0.04,403.0786,40.0,44.0,886.0,8.0,885.95,8.11,885.95,8.11,192.5866528909405,27.93698775552589,1.849,1.655,7.22,0.07673,0.06838,4.11,885.95,8.11,192.5866528909405,27.93698775552589,4.275795441,3.8891095802,4.275795441,3.8891095802,2.068,1.972,3.99,2.068256,1.971604,3.99,22.8539,16.0,8.25,1.117,0.105,0.0,1.0
45,45,1_8,1_24,797.5812,37.10932,18.958,0.0505,402.6141,15.0,16.0,907.0,403.0,906.9152,402.6508,906.9152,402.6508,192.58352410861443,27.825927769692527,1.115,0.911,27.22,0.06647,0.05205,25.74,906.9152,402.6508,192.58352410861443,27.825927769692527,0.73019317093,0.68508848952,0.73019317093,0.68508848952,0.875,0.805,33.73,0.8754818,0.8054895,33.73,22.8645,0.0,2.73,1.224,0.183,0.662,1.0
53,53,1_16,1_16,2706.125,55.74241,17.6315,0.0224,403.5185,28.0,33.0,587.0,192.0,586.7044,192.3081,586.7044,192.3081,192.68355801941044,27.88751728474781,1.439,1.232,41.15,0.03642,0.03126,31.69,586.7044,192.3081,192.68355801941044,27.88751728474781,0.90840832629,0.89642666653,0.90840832629,0.89642666653,0.995,0.903,43.02,0.9946588,0.9030442,43.02,22.867,0.0,3.13,1.169,0.144,0.96,1.0
54,54,1_17,1_15,795.0247,38.3601,18.9615,0.0524,403.3721,16.0,17.0,893.0,186.0,893.0645999999999,186.3624,893.0645999999999,186.3624,192.58598764292023,27.88683215955705,1.132,0.947,-11.23,0.06757,0.05302,-14.78,893.0645999999999,186.3624,192.58598764292023,27.88683215955705,0.83325497257,0.75991505309,0.83325497257,0.75991505309,0.914,0.87,10.03,0.9141253,0.8703706,10.03,22.8974,0.0,3.0,1.195,0.163,0.637,1.0
62,62,1_25,1_7,172.9489,20.61868,20.6176,0.1295,403.2373,5.0,5.0,522.0,70.0,521.7833,69.6139,521.7833,69.6139,192.70315820834512,27.922497368439423,0.749,0.453,17.36,0.12018,0.0696,18.36,521.7833,69.6139,192.70315820834512,27.922497368439423,1.0152364714,0.76301019975,1.0152364714,0.76301019975,1.008,0.873,-4.64,1.008418,0.8725475,-4.64,22.8893,0.0,3.43,1.652,0.395,0.425,1.0
63,63,1_26,1_6,204.1292,22.56283,20.4376,0.12,404.313,4.0,6.0,648.0,44.0,647.8163999999999,43.8316,647.8163999999999,43.8316,192.66280053963968,27.928787293464428,0.744,0.569,44.01,0.10285,0.0761,44.93,647.8163999999999,43.8316,192.66280053963968,27.928787293464428,0.6809734905,0.6366518097,0.6809734905,0.6366518097,0.834,0.789,26.39,0.8339327,0.7887849,26.39,22.9273,0.0,2.62,1.309,0.236,0.463,1.0
66,66,1_29,1_29,286.2488,26.08442,20.0705,0.099,403.2044,7.0,8.0,835.0,496.0,835.0561,495.851,835.0561,495.851,192.6072179964618,27.80028613234771,0.832,0.656,43.48,0.09584,0.07563,44.52,835.0561,495.851,192.6072179964618,27.80028613234771,0.65235095603,0.65208925061,0.65235095603,0.65208925061,0.842,0.771,44.93,0.8421783,0.7714764,44.93,22.8704,0.0,2.93,1.268,0.211,0.491,1.0
71,71,2_4,2_30,398.5829,32.8152,19.7111,0.0894,403.4825,10.0,13.0,1078.0,470.0,1077.8233,470.4426,1077.8233,470.4426,192.5297746314041,27.805529120473626,1.047,0.895,79.08,0.09742,0.08387,76.3,1077.8233,470.4426,192.5297746314041,27.805529120473626,1.7920734386,1.7043100297,1.7920734386,1.7043100297,1.341,1.303,14.25,1.34094,1.303174,14.25,22.8794,0.0,4.19,1.17,0.145,0.265,2.0
72,72,2_5,2_29,1855.875,50.27963,18.041,0.0294,406.5991,26.0,27.0,1244.0,445.0,1243.7319,444.8491,1243.7319,444.8491,192.476772480502,27.81139974086825,1.39,1.105,33.18,0.04477,0.03477,27.46,1243.7319,444.8491,192.476772480502,27.81139974086825,0.82898213699,0.79865006355,0.82898213699,0.79865006355,0.956,0.845,40.63,0.9558534,0.8449713,40.63,22.9854,0.0,3.18,1.258,0.205,0.952,2.0
75,75,2_8,2_22,994.7924,53.23114,18.7181,0.0581,402.7463,24.0,34.0,1057.0,396.0,1056.4654,396.5133,1056.4654,396.5133,192.53589388901307,27.82647914301814,1.768,1.49,63.23,0.10455,0.08718,64.02,1056.4654,396.5133,192.53589388901307,27.82647914301814,4.0023570113,4.4746300998,4.0023570113,4.4746300998,2.127,1.988,72.87,2.127017,1.988162,72.87,22.8732,0.0,9.72,1.187,0.157,0.0,2.0
77,77,2_10,2_20,2058.101,52.77373,17.9287,0.0278,402.1717,23.0,31.0,1419.0,314.0,1419.4649,314.06,1419.4649,314.06,192.41965448407615,27.84673522503784,1.387,1.212,57.44,0.04466,0.03813,58.33,1419.4649,314.06,192.41965448407615,27.84673522503784,0.8322600713,0.87608335319,0.8322600713,0.87608335319,0.956,0.891,55.76,0.9559891,0.8913071,55.76,22.8661,0.0,3.15,1.145,0.126,0.962,2.0
78,78,2_11,2_19,1670.186,50.07838,18.1555,0.0326,402.9577,25.0,28.0,1102.0,311.0,1102.4986,311.5566,1102.4986,311.5566,192.52047327539915,27.849994266910173,1.342,1.179,61.47,0.04943,0.04324,58.79,1102.4986,311.5566,192.52047327539915,27.849994266910173,0.85426326556,0.94921370878,0.85426326556,0.94921370878,0.991,0.906,62.93,0.9913613,0.9059138,62.93,22.8752,0.0,3.18,1.139,0.122,0.91,2.0
79,79,2_12,2_18,250.1742,24.40394,20.2168,0.1059,402.048,7.0,7.0,1367.0,295.0,1366.9609,295.3323,1366.9609,295.3323,192.43618218858,27.85242721820885,0.744,0.667,-1.46,0.09027,0.0835,-1.3,1366.9609,295.3323,192.43618218858,27.85242721820885,0.82836505144,0.78868779693,0.82836505144,0.78868779693,0.916,0.882,-24.97,0.9161606,0.8818745,-24.97,22.8514,0.0,4.13,1.115,0.103,0.502,2.0
80,80,2_13,2_17,382.7903,29.3424,19.755,0.0832,402.0526,10.0,10.0,1311.0,273.0,1310.7532,272.9364,1310.7532,272.9364,192.4538561095356,27.85917822284932,0.908,0.752,1.63,0.08891,0.07062,0.53,1310.7532,272.9364,192.4538561095356,27.85917822284932,0.79381867721,0.80462155538,0.79381867721,0.80462155538,0.917,0.871,48.78,0.9166661,0.8707259,48.78,22.8463,0.0,3.36,1.206,0.171,0.492,2.0
81,81,2_14,2_16,855.1046,38.78639,18.8824,0.0493,402.793,17.0,17.0,1192.0,268.0,1191.4351,267.8576,1191.4351,267.8576,192.49177402814112,27.86156710065203,1.151,0.941,67.46,0.06496,0.05087,74.45,1191.4351,267.8576,192.49177402814112,27.86156710065203,0.79845415029,0.79270270431,0.79845415029,0.79270270431,0.942,0.839,44.1,0.9420405,0.8388782,44.1,22.8693,0.0,3.13,1.224,0.183,0.715,2.0
82,82,2_15,2_15,144.8133,20.61318,20.8104,0.1546,402.4637,4.0,5.0,1268.0,262.0,1267.7912,262.3958,1267.7912,262.3958,192.46742775866636,27.86248812886782,0.767,0.447,-18.53,0.12402,0.07165,-18.43,1267.7912,262.3958,192.46742775866636,27.86248812886782,1.3166450556,1.3377116968,1.3166450556,1.3377116968,1.163,1.141,-56.82,1.163379,1.140573,-56.82,22.8628,0.0,3.44,1.715,0.417,0.485,2.0
83,83,2_16,2_14,1026.208,43.06244,18.6843,0.0456,402.4822,16.0,21.0,1231.0,254.0,1230.9068,253.9114,1230.9068,253.9114,192.47908551517847,27.86516992617217,1.146,1.111,50.14,0.05717,0.05678,45.58,1230.9068,253.9114,192.47908551517847,27.86516992617217,0.73725757558,0.74697848261,0.73725757558,0.74697848261,0.87,0.853,54.45,0.8701276,0.8527098,54.45,22.8628,0.0,3.18,1.032,0.031,0.83,2.0
84,84,2_17,2_13,216.1472,20.75469,20.3755,0.1043,402.5666,5.0,5.0,1424.0,224.0,1423.5963,223.824,1423.5963,223.824,192.4174915198884,27.87206200132988,0.733,0.451,70.43,0.10738,0.06221,71.54,1423.5963,223.824,192.4174915198884,27.87206200132988,0.52911742443,0.47756695246,0.52911742443,0.47756695246,0.754,0.662,33.28,0.7537518,0.6622255,33.28,22.8887,0.0,3.38,1.626,0.385,0.487,2.0
85,85,2_18,2_12,733.0126,39.16824,19.0496,0.058,401.8645,16.0,19.0,1509.0,219.0,1509.0687,218.9737,1509.0687,218.9737,192.39024903465148,27.87272241206655,1.362,0.958,50.07,0.08797,0.06203,49.74,1509.0687,218.9737,192.39024903465148,27.87272241206655,1.4060901905,1.4931075658,1.4060901905,1.4931075658,1.304,1.095,49.98,1.304289,1.094545,49.98,22.9046,16.0,5.5,1.423,0.297,0.343,2.0
87,87,2_20,2_10,630.7715,35.95899,19.2127,0.0619,401.9107,12.0,15.0,1375.0,146.0,1375.4969,145.7229,1375.4969,145.7229,192.4320650752489,27.894404461069428,1.165,0.843,56.95,0.08258,0.05811,58.19,1375.4969,145.7229,192.4320650752489,27.894404461069428,0.87029034557,0.96414883648,0.87029034557,0.96414883648,1.023,0.888,55.64,1.022994,0.8876503,55.64,22.8509,0.0,3.38,1.382,0.277,0.624,2.0
91,91,2_24,2_6,582.9101,37.03131,19.2984,0.069,402.6165,14.0,16.0,1220.0,68.0,1220.0371,68.5414,1220.0371,68.5414,192.48083112228696,27.917354828075403,1.125,0.965,1.99,0.08395,0.06876,0.26,1220.0371,68.5414,192.48083112228696,27.917354828075403,1.3021125012,1.2538108596,1.3021125012,1.2538108596,1.16,1.1,34.56,1.160051,1.100094,34.56,22.8788,0.0,3.86,1.166,0.143,0.214,2.0
93,93,2_26,2_4,292.353,26.19771,20.0476,0.0973,402.6033,7.0,8.0,1268.0,50.0,1268.1348,49.8129,1268.1348,49.8129,192.4653454416844,27.922230020816524,0.812,0.673,42.76,0.09055,0.0719,45.27,1268.1348,49.8129,192.4653454416844,27.922230020816524,0.58017004478,0.57658637823,0.58017004478,0.57658637823,0.772,0.749,42.16,0.7723075,0.7485303,42.16,22.8828,0.0,2.29,1.207,0.172,0.48,2.0
95,95,2_28,2_2,1132.991,45.02854,18.5768,0.0432,402.7177,19.0,23.0,1250.0,28.0,1250.5283,28.7846,1250.5283,28.7846,192.47075576793705,27.928281756855935,1.323,1.067,36.89,0.06268,0.0501,30.5,1250.5283,28.7846,192.47075576793705,27.928281756855935,0.97751696167,0.97225546131,0.97751696167,0.97225546131,1.044,0.927,44.35,1.0445,0.9267104,44.35,22.888,0.0,3.54,1.24,0.194,0.875,2.0
97,97,3_2,3_2,212.7629,22.99535,20.3927,0.1174,401.5218,6.0,6.0,1618.0,3.0,1618.134,2.8185,1618.134,2.8185,192.3534767790106,27.932559812188007,0.754,0.567,-42.27,0.10571,0.07827,-44.78,1618.134,2.8185,192.3534767790106,27.932559812188007,0.61748771224,0.58736157476,0.61748771224,0.58736157476,0.828,0.721,-39.75,0.8277075,0.7209366,-39.75,22.8497,16.0,3.26,1.329,0.248,0.487,3.0
98,98,3_3,3_1,589.7697,32.19513,19.2857,0.0593,401.2628,12.0,12.0,1913.0,0.0,1912.9028,0.3913,1912.9028,0.3913,192.25961532329416,27.930748757893376,1.625,0.488,0.23,0.13282,0.03698,0.06,1912.9028,0.3913,192.25961532329416,27.930748757893376,1.471656742,0.34950113622,1.471656742,0.34950113622,1.213,0.591,-0.08,1.21312,0.5911844,-0.08,22.8764,24.0,5.3,3.33,0.7,0.565,3.0
101,101,3_6,3_30,362.8895,30.47988,19.813,0.0912,402.0394,9.0,11.0,1792.0,429.0,1791.8336,428.3081,1791.8336,428.3081,192.302313411413,27.81152916927224,1.137,0.709,-89.43,0.1154,0.06815,-87.66,1791.8336,428.3081,192.302313411413,27.81152916927224,1.379934816,1.865360929,1.379934816,1.865360929,1.366,1.174,-87.92,1.366017,1.174434,-87.92,22.8783,0.0,4.56,1.604,0.377,0.51,3.0
104,104,3_9,3_27,448.9976,33.74488,19.5818,0.0816,403.1963,12.0,13.0,1536.0,412.0,1535.6155,411.6012,1535.6155,411.6012,192.38363115424968,27.818365858875925,1.052,0.867,50.94,0.09053,0.07701,45.4,1535.6155,411.6012,192.38363115424968,27.818365858875925,1.0923540395,1.5449119511,1.0923540395,1.5449119511,1.265,1.018,71.78,1.264881,1.0185,71.78,22.891,0.0,5.69,1.213,0.176,0.003,3.0
105,105,3_10,3_26,637.6493,34.80469,19.201,0.0593,401.9424,10.0,14.0,1753.0,390.0,1752.9049,389.9741,1752.9049,389.9741,192.31432138017803,27.822631233104477,1.107,0.818,70.24,0.07978,0.05352,71.05,1752.9049,389.9741,192.31432138017803,27.822631233104477,0.67240189467,0.69115433113,0.67240189467,0.69115433113,0.851,0.799,51.35,0.8511439,0.7994437,51.35,22.8713,0.0,3.12,1.353,0.261,0.584,3.0
108,108,3_13,3_23,2844.844,55.10548,17.5773,0.021,401.1753,29.0,33.0,1593.0,342.0,1593.5774,342.0809,1593.5774,342.0809,192.36453471824103,27.837424490962217,1.444,1.205,60.77,0.03608,0.0289,62.89,1593.5774,342.0809,192.36453471824103,27.837424490962217,0.82979377227,0.89213025168,0.82979377227,0.89213025168,0.969,0.885,56.89,0.9686375,0.8852488,56.89,22.8417,0.0,3.11,1.198,0.165,0.968,3.0
113,113,3_18,3_18,359.1807,30.33088,19.8241,0.0917,403.4092,10.0,11.0,1720.0,294.0,1719.648,293.9117,1719.648,293.9117,192.32397116156756,27.849908235807423,1.049,0.741,18.46,0.10265,0.07245,15.25,1719.648,293.9117,192.32397116156756,27.849908235807423,1.1866287065,1.1210427641,1.1866287065,1.1210427641,1.134,1.011,37.79,1.13383,1.01099,37.79,22.9519,0.0,5.24,1.416,0.294,0.006,3.0
119,119,3_24,3_12,605.4086,33.44238,19.2573,0.06,402.112,13.0,13.0,1812.0,188.0,1811.603,187.5783,1811.603,187.5783,192.29368644070695,27.879013747585912,1.004,0.864,47.19,0.06737,0.05742,45.25,1811.603,187.5783,192.29368644070695,27.879013747585912,0.73025538228,0.78216920531,0.73025538228,0.78216920531,0.9,0.838,59.61,0.8996564,0.8384766,59.61,22.8875,0.0,2.94,1.162,0.139,0.592,3.0
123,123,3_28,3_8,448.3476,30.57159,19.5834,0.0741,401.3709,10.0,11.0,1913.0,89.0,1913.1394,88.8929,1913.1394,88.8929,192.26041070789296,27.90587918080473,0.978,0.792,54.15,0.08512,0.06801,53.06,1913.1394,88.8929,192.26041070789296,27.90587918080473,0.73714121182,0.90794836806,0.73714121182,0.90794836806,0.981,0.826,63.68,0.9814853,0.8256974,63.68,22.8723,0.0,3.16,1.234,0.19,0.545,3.0
124,124,3_29,3_7,707.6321,38.08865,19.0879,0.0585,401.282,15.0,16.0,1532.0,54.0,1531.5382,53.5141,1531.5382,53.5141,192.38152764815072,27.919034333147277,1.042,1.016,35.64,0.06654,0.0664,31.36,1531.5382,53.5141,192.38152764815072,27.919034333147277,0.94965010634,0.97965766245,0.94965010634,0.97965766245,0.992,0.972,68.95,0.9924082,0.9718199,68.95,22.8235,0.0,3.52,1.025,0.025,0.605,3.0
125,125,3_30,3_6,1412.004,47.62027,18.3378,0.0366,402.0846,20.0,26.0,1858.0,46.0,1858.0252,46.5141,1858.0252,46.5141,192.27753632456543,27.918258018006394,1.342,1.099,65.74,0.05499,0.04501,67.99,1858.0252,46.5141,192.27753632456543,27.918258018006394,0.73992614235,0.8686055165,0.73992614235,0.8686055165,0.947,0.844,67.31,0.9465066,0.8441901,67.31,22.9095,0.0,3.15,1.221,0.181,0.93,3.0
132,132,4_3,4_1,2545.118,50.26986,17.6981,0.0215,401.1542,24.0,26.0,2232.0,0.0,2232.1233,0.9166,2232.1233,0.9166,192.15800647047269,27.927829022381044,1.589,0.905,3.07,0.0445,0.02442,2.58,2232.1233,0.9166,192.15800647047269,27.927829022381044,0.90746633908,0.44244773291,0.90746633908,0.44244773291,0.953,0.664,2.86,0.9532205,0.6642926,2.86,22.8574,24.0,3.99,1.755,0.43,0.975,4.0
137,137,4_8,4_26,323.3828,27.48512,19.9381,0.0923,402.0852,8.0,9.0,2274.0,438.0,2274.3053,437.8825,2274.3053,437.8825,192.14900840110025,27.804672664300025,0.927,0.677,20.64,0.09435,0.06791,20.31,2274.3053,437.8825,192.14900840110025,27.804672664300025,0.93143280175,0.76645286572,0.93143280175,0.76645286572,0.973,0.866,16.41,0.9731948,0.8664742,16.41,22.9084,0.0,3.42,1.369,0.27,0.538,4.0
138,138,4_9,4_25,448.7764,30.57341,19.5823,0.074,401.8571,10.0,11.0,2299.0,393.0,2299.1583,393.5124,2299.1583,393.5124,192.14065794690583,27.81692214883834,1.033,0.715,47.55,0.09073,0.06039,48.91,2299.1583,393.5124,192.14065794690583,27.81692214883834,0.62211712115,0.55475691342,0.62211712115,0.55475691342,0.824,0.706,33.98,0.8235457,0.7061491,33.98,22.8979,0.0,3.28,1.444,0.308,0.532,4.0
140,140,4_11,4_23,251.3658,24.32546,20.2116,0.1051,401.4265,6.0,7.0,2055.0,369.0,2055.2792,368.9929,2055.2792,368.9929,192.2179594964864,27.82594526921724,0.727,0.672,84.5,0.0877,0.08119,89.67,2055.2792,368.9929,192.2179594964864,27.82594526921724,0.72287977841,0.74959390185,0.72287977841,0.74959390185,0.875,0.84,58.24,0.8753256,0.840404,58.24,22.8743,0.0,2.44,1.081,0.075,0.468,4.0
141,141,4_12,4_22,750.6525,38.97971,19.0238,0.0564,402.7885,17.0,18.0,2402.0,364.0,2401.5198,363.8916,2401.5198,363.8916,192.10780921634603,27.824337638643943,1.238,0.952,64.32,0.07867,0.0569,67.09,2401.5198,363.8916,192.10780921634603,27.824337638643943,1.0562578198,1.0276612563,1.0562578198,1.0276612563,1.07,0.969,41.0,1.069912,0.9691266,41.0,22.9491,0.0,3.57,1.301,0.231,0.169,4.0
143,143,4_14,4_20,349.1364,28.93914,19.8549,0.09,402.9078,9.0,10.0,2414.0,349.0,2413.9957,349.4801,2413.9957,349.4801,192.1036947013266,27.82827612297008,1.01,0.671,-62.06,0.10347,0.06366,-63.39,2413.9957,349.4801,192.1036947013266,27.82827612297008,1.0553678785,1.0657879085,1.0553678785,1.0657879085,1.071,0.987,-46.72,1.071223,0.9867309,-46.72,22.9535,0.0,4.05,1.505,0.336,0.339,4.0
144,144,4_15,4_19,233.7381,25.76196,20.2906,0.1197,401.3078,6.0,8.0,2167.0,280.0,2166.8679,280.1537,2166.8679,280.1537,192.18158482148976,27.84993979994217,0.837,0.677,42.4,0.10937,0.08661,44.96,2166.8679,280.1537,192.18158482148976,27.84993979994217,1.3287919965,1.2590736112,1.3287919965,1.2590736112,1.169,1.106,30.45,1.168589,1.105561,30.45,22.866,0.0,4.47,1.235,0.19,0.347,4.0
145,145,4_16,4_18,483.1358,30.58515,19.5022,0.0687,401.4802,10.0,11.0,2411.0,255.0,2410.8281,255.0648,2410.8281,255.0648,192.10373501152395,27.85483505682239,0.964,0.8,54.92,0.07733,0.06192,53.27,2410.8281,255.0648,192.10373501152395,27.85483505682239,0.75459117756,0.88577331118,0.75459117756,0.88577331118,0.959,0.849,65.81,0.9586168,0.8493634,65.81,22.879,0.0,2.9,1.204,0.17,0.532,4.0
146,146,4_17,4_17,1828.83,50.81405,18.057,0.0302,401.632,22.0,29.0,2266.0,205.0,2266.4074,205.4969,2266.4074,205.4969,192.14916963124773,27.870044361659257,1.326,1.191,-87.68,0.04591,0.04132,-75.72,2266.4074,205.4969,192.14916963124773,27.870044361659257,0.80593473108,0.89341889158,0.80593473108,0.89341889158,0.949,0.893,73.86,0.94943,0.8932728,73.86,22.8858,0.0,3.02,1.114,0.102,0.951,4.0
148,148,4_19,4_15,953.8503,30.57648,18.7637,0.0348,401.0744,3.0,10.0,2137.0,198.0,2136.9842,198.166,2136.9842,198.166,192.1902690742864,27.87323944940145,0.773,0.702,85.5,0.03209,0.02579,89.69,2136.9842,198.166,192.1902690742864,27.87323944940145,0.085223717244,0.1007888655,0.085223717244,0.1007888655,0.317,0.292,89.74,0.3174731,0.2919305,89.74,22.8588,0.0,0.95,1.1,0.091,0.958,4.0
149,149,4_20,4_14,762.0041,37.02977,19.0075,0.0528,401.2996,15.0,16.0,2391.0,194.0,2391.675,194.449,2391.675,194.449,192.10920644085172,27.872038278671347,1.124,0.92,30.99,0.06802,0.05441,27.91,2391.675,194.449,192.10920644085172,27.872038278671347,0.85068696772,0.81902426309,0.85068696772,0.81902426309,0.951,0.875,38.44,0.9510803,0.8747329,38.44,22.8742,0.0,3.15,1.222,0.182,0.745,4.0
150,150,4_21,4_13,321.349,28.89504,19.945,0.0977,401.1819,10.0,10.0,2378.0,176.0,2378.3245,175.1331,2378.3245,175.1331,192.11325590939083,27.87758466194705,1.106,0.742,-80.04,0.12421,0.083,-79.63,2378.3245,175.1331,192.11325590939083,27.87758466194705,1.4853717185,1.7794000617,1.4853717185,1.7794000617,1.351,1.2,-69.98,1.350708,1.200149,-69.98,22.8742,0.0,5.39,1.491,0.329,0.001,4.0
151,151,4_22,4_12,172.2741,20.42595,20.6219,0.1288,401.5515,5.0,5.0,2152.0,86.0,2151.8018,86.3988,2151.8018,86.3988,192.18443321152824,27.90451536759121,0.736,0.451,-19.1,0.12302,0.07123,-18.46,2151.8018,86.3988,192.18443321152824,27.90451536759121,0.67607428108,0.68597822138,0.67607428108,0.68597822138,0.85,0.8,-48.41,0.8501033,0.7996104,-48.41,22.8885,0.0,3.39,1.632,0.387,0.494,4.0
152,152,4_23,4_11,358.1138,23.14728,19.8274,0.0702,400.3227,2.0,6.0,2376.0,80.0,2376.085,80.1082,2376.085,80.1082,192.1129949585153,27.904304466727204,0.69,0.553,43.32,0.06529,0.04817,44.6,2376.085,80.1082,192.1129949585153,27.904304466727204,0.39570723138,0.38571919181,0.39570723138,0.38571919181,0.69,0.553,43.32,0.6898188,0.5527897,43.32,22.8233,0.0,0.0,1.248,0.199,0.919,4.0
153,153,4_24,4_10,423.6843,31.0134,19.6448,0.0795,401.193,11.0,11.0,2255.0,79.0,2255.0812,79.299,2255.0812,79.299,192.15149430027472,27.90560378149144,1.012,0.752,76.47,0.08763,0.06194,75.05,2255.0812,79.299,192.15149430027472,27.90560378149144,0.87985447295,1.010121471,0.87985447295,1.010121471,1.008,0.935,78.96,1.007609,0.9352542,78.96,22.8588,0.0,3.16,1.346,0.257,0.515,4.0
157,157,4_28,4_6,386.5751,28.10064,19.7443,0.0789,401.6843,7.0,9.0,2373.0,39.0,2372.677,39.141,2372.677,39.141,192.11365936436067,27.91584526623207,0.908,0.67,21.57,0.08553,0.06165,20.43,2372.677,39.141,192.11365936436067,27.91584526623207,0.64275191253,0.54543810425,0.64275191253,0.54543810425,0.829,0.707,29.33,0.8292545,0.7074794,29.33,22.8815,0.0,3.38,1.354,0.262,0.55,4.0
159,159,4_30,4_4,316.4781,26.44368,19.9615,0.0907,401.5614,8.0,8.0,2330.0,31.0,2330.1618,30.8544,2330.1618,30.8544,192.12710604349672,27.918551311259357,0.817,0.68,46.86,0.08659,0.06878,45.0,2330.1618,30.8544,192.12710604349672,27.918551311259357,0.72089370345,0.82656344398,0.72089370345,0.82656344398,0.91,0.848,84.46,0.9097073,0.8484632,84.46,22.8762,0.0,3.14,1.202,0.168,0.506,4.0
163,163,5_2,5_1,504.3206,31.11956,19.4556,0.067,408.6627,9.0,11.0,2822.0,3.0,2821.9041,2.6331,2821.9041,2.6331,191.97029051995852,27.922031530386,1.004,0.732,71.15,0.0785,0.05553,74.7,2821.9041,2.6331,191.97029051995852,27.922031530386,0.6900039101,0.81352480508,0.6900039101,0.81352480508,0.945,0.781,57.94,0.9451043,0.7812212,57.94,22.8613,16.0,3.37,1.371,0.271,0.567,5.0
175,175,5_14,5_15,542.9725,33.70033,19.3755,0.0674,402.6302,11.0,13.0,2531.0,241.0,2531.3234,241.3018,2531.3234,241.3018,192.06526644402467,27.85762193119394,1.022,0.85,47.04,0.07577,0.0642,45.39,2531.3234,241.3018,192.06526644402467,27.85762193119394,0.81248060574,0.8532234622,0.81248060574,0.8532234622,0.963,0.859,51.19,0.9632378,0.8589976,51.19,22.8635,0.0,3.5,1.202,0.168,0.601,5.0
178,178,5_17,5_12,3382.442,61.69441,17.3893,0.0198,405.6745,33.0,40.0,2645.0,204.0,2644.5682,204.0167,2644.5682,204.0167,192.0288548142697,27.867073434904068,1.52,1.318,74.36,0.03478,0.02992,89.14,2644.5682,204.0167,192.0288548142697,27.867073434904068,0.84995526648,0.92898819321,0.84995526648,0.92898819321,0.993,0.89,56.99,0.9933221,0.8900869,56.99,22.8957,0.0,3.07,1.153,0.133,0.969,5.0
179,179,5_18,5_11,884.3706,42.75978,18.8458,0.0525,413.2505,19.0,20.0,3015.0,170.0,3015.0565,170.6196,3015.0565,170.6196,191.91062926804955,27.87304026801141,1.248,1.06,65.49,0.07337,0.06038,63.59,3015.0565,170.6196,191.91062926804955,27.87304026801141,1.3256966697,1.4140012632,1.3256966697,1.4140012632,1.2,1.14,64.22,1.200365,1.139659,64.22,22.8375,16.0,3.92,1.178,0.151,0.392,5.0
215,215,7_2,7_2,613.0215,31.62747,19.2437,0.056,404.0555,10.0,12.0,472.0,502.0,471.5258,502.4543,471.5258,502.4543,192.72290800976785,27.80119425198162,1.477,0.498,-0.39,0.11555,0.03427,-0.05,471.5258,502.4543,192.72290800976785,27.80119425198162,1.0348835097,0.29765515238,1.0348835097,0.29765515238,1.018,0.545,-1.76,1.017634,0.5449407,-1.76,22.9006,24.0,4.07,2.967,0.663,0.566,7.0
220,220,7_7,7_30,631.0458,34.53476,19.2123,0.0594,404.5894,13.0,14.0,376.0,945.0,375.5757,945.2162,375.5757,945.2162,192.75723807103975,27.67741467315147,1.096,0.861,34.38,0.0755,0.05978,35.61,375.5757,945.2162,192.75723807103975,27.67741467315147,0.92830677814,0.83822217862,0.92830677814,0.83822217862,1.002,0.873,34.03,1.001892,0.8733503,34.03,22.8964,0.0,3.6,1.273,0.214,0.694,7.0
221,221,7_8,7_29,1532.937,48.31579,18.2486,0.0342,405.0425,20.0,26.0,475.0,937.0,475.2526,936.7224,475.2526,936.7224,192.7254906550326,27.67906422521241,1.241,1.193,-89.53,0.0486,0.04475,-83.48,475.2526,936.7224,192.7254906550326,27.67906422521241,0.80094756694,0.76575918183,0.80094756694,0.76575918183,0.899,0.871,21.4,0.8985183,0.8714193,21.4,22.9088,0.0,3.06,1.041,0.039,0.953,7.0
227,227,7_14,7_23,1562.144,48.41422,18.2281,0.0337,404.6204,22.0,26.0,109.0,869.0,108.729,869.5926,108.729,869.5926,192.8413985329801,27.700625319445944,1.306,1.143,41.78,0.04944,0.04357,44.64,108.729,869.5926,192.8413985329801,27.700625319445944,0.86303308737,0.80626334325,0.86303308737,0.80626334325,0.949,0.877,32.29,0.9490936,0.8766514,32.29,22.8725,0.0,3.27,1.142,0.125,0.931,7.0
232,232,7_19,7_18,658.8053,35.08174,19.1655,0.0578,404.6075,12.0,14.0,0.0,830.0,0.6661999999999999,830.6859999999999,0.6661999999999999,830.6859999999999,192.87542022879725,27.712341066828337,1.339,0.698,83.79,0.09699,0.05029,83.54,0.6661999999999999,830.6859999999999,192.87542022879725,27.712341066828337,0.51680429379,1.1031797976,0.51680429379,1.1031797976,1.053,0.715,84.81,1.052641,0.7154942,84.81,22.8636,24.0,4.28,1.917,0.478,0.518,7.0
235,235,7_22,7_15,366.7385,30.56869,19.8015,0.0905,403.6781,10.0,11.0,469.0,737.0,469.3715,736.4634,469.3715,736.4634,192.72562196682952,27.73541642295378,0.959,0.814,-69.91,0.09752,0.08449,-71.48,469.3715,736.4634,192.72562196682952,27.73541642295378,0.86131374565,1.0457050166,0.86131374565,1.0457050166,1.033,0.917,-72.36,1.032692,0.9168241,-72.36,22.8545,0.0,3.5,1.178,0.151,0.49,7.0
236,236,7_23,7_14,1215.692,42.40076,18.5003,0.0379,403.3123,18.0,20.0,54.0,690.0,54.2939,690.2906,54.2939,690.2906,192.85720046562636,27.75143684386564,1.131,1.082,14.22,0.04942,0.04778,-42.32,54.2939,690.2906,192.85720046562636,27.75143684386564,0.83018089347,0.76343382786,0.83018089347,0.76343382786,0.925,0.859,27.93,0.9253453,0.8586913,27.93,22.8203,0.0,3.21,1.045,0.043,0.9,7.0
237,237,7_24,7_13,662.0274,34.93071,19.1602,0.0573,404.1402,13.0,14.0,224.0,688.0,223.801,687.6789,223.801,687.6789,192.8032809138026,27.750944459304385,1.058,0.863,27.96,0.07034,0.05486,24.63,223.801,687.6789,192.8032809138026,27.750944459304385,0.77122163788,0.74366554215,0.77122163788,0.74366554215,0.898,0.841,36.95,0.898389,0.8412992,36.95,22.8681,0.0,2.95,1.226,0.184,0.72,7.0
238,238,7_25,7_12,254.6072,24.58992,20.1977,0.1049,403.6674,7.0,7.0,122.0,687.0,122.0334,687.2683,122.0334,687.2683,192.8356362362282,27.7517987049456,0.732,0.673,-0.51,0.09601,0.0888,-0.41,122.0334,687.2683,192.8356362362282,27.7517987049456,0.78143389259,0.67185275609,0.78143389259,0.67185275609,0.889,0.814,-15.09,0.888832,0.8144104,-15.09,22.8387,0.0,3.7,1.087,0.08,0.522,7.0
240,240,7_27,7_10,248.4447,26.24926,20.2243,0.1147,404.2237,7.0,8.0,189.0,669.0,189.2287,668.9929999999999,189.2287,668.9929999999999,192.81411567675508,27.75645042494044,1.0,0.606,24.1,0.12314,0.07467,24.39,189.2287,668.9929999999999,192.81411567675508,27.75645042494044,1.5315891256,1.0401462153,1.5315891256,1.0401462153,1.258,0.994,17.1,1.258157,0.9943728,17.1,22.8603,0.0,4.62,1.65,0.394,0.488,7.0
241,241,7_28,7_9,965.7917,44.28058,18.7502,0.0498,404.2175,21.0,23.0,392.0,638.0,392.231,638.14,392.231,638.14,192.74929960058356,27.763635343632043,1.318,1.125,66.55,0.07149,0.06037,60.52,392.231,638.14,192.74929960058356,27.763635343632043,1.0165173857,1.1750407596,1.0165173857,1.1750407596,1.087,1.005,78.04,1.087421,1.004527,78.04,22.8934,0.0,3.86,1.172,0.147,0.227,7.0
253,253,8_5,8_31,218.5775,24.61736,20.3634,0.1223,405.1533,7.0,7.0,626.0,987.0,625.7324,986.967,625.7324,986.967,192.67811616585985,27.66380811993635,0.742,0.685,79.75,0.09339,0.08642,89.85,625.7324,986.967,192.67811616585985,27.66380811993635,1.0386308881,1.099035735,1.0386308881,1.099035735,1.067,0.999,57.76,1.067198,0.999377,57.76,22.9099,0.0,3.95,1.084,0.077,0.508,8.0
257,257,8_9,8_27,1067.936,40.84862,18.641,0.0415,404.1161,18.0,19.0,829.0,917.0,829.1225,917.5599,829.1225,917.5599,192.61287705602143,27.681772585436825,1.178,1.008,44.23,0.05549,0.04629,50.18,829.1225,917.5599,192.61287705602143,27.681772585436825,0.76947230528,0.74881027071,0.76947230528,0.74881027071,0.899,0.843,38.84,0.8986375,0.84305,38.84,22.9162,0.0,3.11,1.169,0.145,0.843,8.0
258,258,8_10,8_26,2699.754,55.13908,17.6341,0.0222,402.8498,28.0,33.0,791.0,915.0,790.6912,915.303,790.6912,915.303,192.62506834489528,27.682702515158464,1.371,1.272,77.87,0.0356,0.03224,-88.43,790.6912,915.303,192.62506834489528,27.682702515158464,0.83740524041,0.85042662321,0.83740524041,0.85042662321,0.939,0.898,49.89,0.9392616,0.8975631,49.89,22.8525,0.0,2.96,1.078,0.072,0.971,8.0
261,261,8_13,8_23,174.1026,20.52462,20.6104,0.128,403.4471,5.0,5.0,628.0,809.0,627.997,808.9844,627.997,808.9844,192.67583087479343,27.713834670673982,0.621,0.609,-0.19,0.09931,0.09925,4.62,627.997,808.9844,192.67583087479343,27.713834670673982,0.72996003617,0.64763112693,0.72996003617,0.64763112693,0.866,0.792,23.67,0.8657665,0.7924895,23.67,22.8635,0.0,3.62,1.019,0.019,0.439,8.0
262,262,8_14,8_22,482.1766,35.93454,19.5044,0.0809,404.3665,12.0,15.0,942.0,784.0,942.2695,784.0694,942.2695,784.0694,192.57572025137043,27.718427004308023,1.283,0.851,61.28,0.10659,0.07226,62.38,942.2695,784.0694,192.57572025137043,27.718427004308023,1.6444489124,1.9789632329,1.6444489124,1.9789632329,1.5,1.171,56.18,1.500461,1.171337,56.18,22.9225,0.0,6.23,1.508,0.337,0.075,8.0
265,265,8_17,8_19,869.7847,42.36293,18.8639,0.0529,403.4604,19.0,21.0,822.0,733.0,822.5847,733.0651,822.5847,733.0651,192.6133045907204,27.73369399087236,1.634,0.907,49.58,0.10121,0.0525,50.32,822.5847,733.0651,192.6133045907204,27.73369399087236,1.2433130904,1.1824920119,1.2433130904,1.1824920119,1.186,1.009,40.49,1.186131,1.009405,40.49,22.8816,0.0,5.74,1.802,0.445,0.299,8.0
266,266,8_18,8_18,290.9189,28.85272,20.053,0.1077,403.9131,8.0,10.0,805.0,722.0,804.7105,722.3202,804.7105,722.3202,192.61889062566283,27.736852522770437,0.958,0.765,43.35,0.10834,0.08535,44.95,804.7105,722.3202,192.61889062566283,27.736852522770437,1.4830851405,1.2543361282,1.4830851405,1.2543361282,1.256,1.077,28.44,1.25622,1.076723,28.44,22.9059,0.0,3.63,1.253,0.202,0.405,8.0
270,270,8_22,8_14,226.2226,22.61612,20.3261,0.1086,402.8757,6.0,6.0,925.0,689.0,925.4762,688.9571,925.4762,688.9571,192.5801999601335,27.74529731438742,0.775,0.499,88.61,0.1079,0.06623,89.8,925.4762,688.9571,192.5801999601335,27.74529731438742,0.54262994445,0.57650421937,0.54262994445,0.57650421937,0.765,0.731,65.6,0.7650347,0.7306546,65.6,22.8553,0.0,3.28,1.553,0.356,0.496,8.0
271,271,8_23,8_13,728.0682,40.23213,19.057,0.06,404.7029,18.0,19.0,866.0,679.0,865.4376,679.2826,865.4376,679.2826,192.5991999245252,27.748483328988165,1.378,0.927,-17.6,0.09155,0.05791,-16.94,865.4376,679.2826,192.5991999245252,27.748483328988165,1.5542341851,1.3315700477,1.5542341851,1.3315700477,1.257,1.143,-17.57,1.2566,1.143136,-17.57,22.942,0.0,4.56,1.487,0.327,0.081,8.0
272,272,8_24,8_12,820.4607,42.19963,18.9273,0.0559,405.2389,15.0,21.0,898.0,669.0,898.0403,668.9662,898.0403,668.9662,192.58874216068557,27.75113077151565,1.138,1.119,25.14,0.06647,0.06642,-2.02,898.0403,668.9662,192.58874216068557,27.75113077151565,0.82648940021,0.78967550875,0.82648940021,0.78967550875,0.914,0.884,23.37,0.9137529,0.8838668,23.37,22.9772,0.0,2.92,1.016,0.016,0.685,8.0
276,276,8_28,8_8,175.8221,20.60642,20.5997,0.1273,402.2585,5.0,5.0,698.0,635.0,698.2216,634.6235,698.2216,634.6235,192.651967946808,27.762323712051668,0.753,0.451,-17.14,0.11399,0.06606,-18.32,698.2216,634.6235,192.651967946808,27.762323712051668,1.1200292981,0.83348324972,1.1200292981,0.83348324972,1.059,0.912,-4.06,1.059001,0.9121563,-4.06,22.8244,0.0,3.43,1.671,0.402,0.414,8.0
277,277,8_29,8_7,768.1414,37.11619,18.9988,0.0525,403.182,14.0,16.0,862.0,626.0,861.9027,625.5386,861.9027,625.5386,192.59984178408516,27.763619926345864,1.086,0.927,6.58,0.06607,0.054,-0.06,861.9027,625.5386,192.59984178408516,27.763619926345864,0.81200883206,0.71778494651,0.81200883206,0.71778494651,0.915,0.832,24.52,0.9147546,0.832477,24.52,22.8706,0.0,3.02,1.172,0.147,0.685,8.0
278,278,8_30,8_6,543.0643,33.30157,19.3753,0.0666,403.5185,11.0,13.0,838.0,618.0,837.6029,618.4008,837.6029,618.4008,192.60750433344583,27.765814568342424,0.981,0.874,-45.23,0.07596,0.06489,-45.02,837.6029,618.4008,192.60750433344583,27.765814568342424,0.7894415235,0.78893181007,0.7894415235,0.78893181007,0.898,0.879,-44.56,0.8977489,0.8788745,-44.56,22.8863,0.0,2.98,1.123,0.109,0.546,8.0
280,280,8_32,8_4,307.499,26.73664,19.9928,0.0944,403.899,8.0,8.0,503.0,580.0,502.5196,580.5048,502.5196,580.5048,192.7137274458394,27.77901831200745,1.061,0.499,-89.16,0.12583,0.05647,-89.96,502.5196,580.5048,192.7137274458394,27.77901831200745,0.60798225669,1.2289197388,0.60798225669,1.2289197388,1.112,0.774,-83.41,1.112347,0.7743291,-83.41,22.8458,24.0,4.31,2.124,0.529,0.57,8.0
281,281,8_33,8_3,539.7739,32.2704,19.3819,0.0649,404.3126,11.0,12.0,686.0,542.0,685.5631,542.0359,685.5631,542.0359,192.65517531410416,27.78845028685713,1.035,0.775,5.28,0.07885,0.05766,0.52,685.5631,542.0359,192.65517531410416,27.78845028685713,0.88498038772,0.69215416978,0.88498038772,0.69215416978,0.958,0.812,20.74,0.9577432,0.8123192,20.74,22.9183,0.0,4.49,1.335,0.251,0.169,8.0
296,296,9_14,9_32,255.6779,25.86648,20.1932,0.1099,404.4581,8.0,8.0,1155.0,914.0,1155.1041,914.1069,1155.1041,914.1069,192.50927401282823,27.68019434933477,0.836,0.669,-43.37,0.10165,0.08048,-44.91,1155.1041,914.1069,192.50927401282823,27.68019434933477,0.91594896106,0.91264387832,0.91594896106,0.91264387832,0.975,0.937,-43.66,0.9745492,0.9374682,-43.66,22.9618,0.0,3.87,1.248,0.199,0.497,9.0
307,307,9_25,9_21,854.8627,40.25555,18.8827,0.0511,402.7184,17.0,19.0,1422.0,705.0,1421.7943,704.953,1421.7943,704.953,192.42258731056103,27.73684499248979,1.166,1.035,81.76,0.06746,0.0598,89.52,1421.7943,704.953,192.42258731056103,27.73684499248979,0.82573183666,0.89942001049,0.82573183666,0.89942001049,0.961,0.895,63.61,0.9609843,0.8953552,63.61,22.9013,0.0,3.46,1.127,0.113,0.51,9.0
330,330,10_5,10_28,2713.418,55.2371,17.6286,0.0221,402.0998,31.0,33.0,1825.0,958.0,1825.7166,958.2964,1825.7166,958.2964,192.29668691651213,27.66227779746681,1.462,1.211,51.38,0.03841,0.03043,47.88,1825.7166,958.2964,192.29668691651213,27.66227779746681,0.8766083955,0.91454322708,0.8766083955,0.91454322708,0.98,0.912,53.64,0.9795072,0.9119853,53.64,22.8883,0.0,3.15,1.207,0.172,0.966,10.0
332,332,10_7,10_26,779.3815,35.8563,18.983,0.05,401.1776,15.0,15.0,1837.0,903.0,1837.4008,903.5166,1837.4008,903.5166,192.2924445256088,27.677577288986917,1.068,0.911,51.51,0.0616,0.05365,46.11,1837.4008,903.5166,192.2924445256088,27.677577288986917,0.76444117128,0.88380423295,0.76444117128,0.88380423295,0.959,0.854,64.48,0.9586689,0.8539317,64.48,22.8616,0.0,3.05,1.173,0.147,0.797,10.0
333,333,10_8,10_25,1200.624,48.57018,18.5139,0.0439,402.1976,23.0,28.0,1797.0,886.0,1797.1369,886.047,1797.1369,886.047,192.30506312214035,27.68282785230286,1.582,1.178,42.2,0.07554,0.05604,41.48,1797.1369,886.047,192.30506312214035,27.68282785230286,1.8212032002,1.7415948222,1.8212032002,1.7415948222,1.441,1.219,41.14,1.441438,1.218628,41.14,22.9099,0.0,6.13,1.342,0.255,0.014,10.0
336,336,10_11,10_20,5301.583,67.55695,16.9014,0.0138,401.7314,42.0,48.0,1687.0,795.0,1687.4614,795.1320000000001,1687.4614,795.1320000000001,192.33902590879,27.709303505685323,1.544,1.41,72.06,0.02653,0.02377,71.59,1687.4614,795.1320000000001,192.33902590879,27.709303505685323,0.86360318921,0.88054310439,0.86360318921,0.88054310439,0.958,0.909,50.41,0.9576957,0.9093763,50.41,22.8723,0.0,3.0,1.095,0.087,0.981,10.0
340,340,10_15,10_16,366.6675,31.64314,19.8017,0.0937,402.8604,11.0,12.0,1911.0,694.0,1911.4568,694.4796,1911.4568,694.4796,192.26688194801525,27.735704255117334,1.211,0.727,33.51,0.11991,0.07052,35.65,1911.4568,694.4796,192.26688194801525,27.735704255117334,1.6795341491,1.3406198163,1.6795341491,1.3406198163,1.304,1.149,13.62,1.304092,1.148694,13.62,22.9473,0.0,5.59,1.666,0.4,0.004,10.0
344,344,10_19,10_12,270.6706,25.81278,20.1313,0.1036,401.5575,7.0,8.0,1943.0,653.0,1943.3853,653.2331,1943.3853,653.2331,192.2563323765796,27.747024454280083,0.942,0.642,72.1,0.11305,0.07525,72.69,1943.3853,653.2331,192.2563323765796,27.747024454280083,0.96791164326,1.2445888144,0.96791164326,1.2445888144,1.161,0.93,62.49,1.160834,0.9300345,62.49,22.8892,0.0,3.31,1.468,0.319,0.413,10.0
346,346,10_21,10_10,2028.91,49.71537,17.9442,0.0266,400.9513,23.0,27.0,1733.0,593.0,1732.8584,592.9538,1732.8584,592.9538,192.3226546397645,27.765751383151137,1.281,1.17,36.42,0.04056,0.0356,34.32,1732.8584,592.9538,192.3226546397645,27.765751383151137,0.78829298904,0.77490640353,0.78829298904,0.77490640353,0.902,0.866,39.01,0.9021425,0.8656433,39.01,22.82,0.0,2.9,1.095,0.086,0.967,10.0
349,349,10_24,10_7,668.9774,35.12903,19.1489,0.057,401.5835,12.0,14.0,1863.0,569.0,1863.5231,569.5044,1863.5231,569.5044,192.2808950826241,27.7712381561776,1.072,0.833,50.28,0.07028,0.0523,45.28,1863.5231,569.5044,192.2808950826241,27.7712381561776,0.60101876521,0.75661967839,0.60101876521,0.75661967839,0.881,0.763,71.69,0.8807677,0.762815,71.69,22.8614,0.0,3.01,1.287,0.223,0.656,10.0
352,352,10_27,10_4,379.9656,29.28062,19.763,0.0837,401.3334,9.0,11.0,2014.0,537.0,2014.0476,537.2912,2014.0476,537.2912,192.2327338473192,27.779003679525346,1.013,0.757,75.56,0.098,0.06923,74.79,2014.0476,537.2912,192.2327338473192,27.779003679525346,0.92672947613,1.074267305,0.92672947613,1.074267305,1.038,0.961,81.01,1.038293,0.9607003,81.01,22.9203,16.0,3.92,1.339,0.253,0.482,10.0
356,356,11_2,11_1,183.284,22.72092,20.5546,0.1346,401.957,4.0,6.0,2090.0,525.0,2089.9706,525.4767,2089.9706,525.4767,192.20848388270903,27.781667804181808,0.787,0.499,2.56,0.11637,0.07142,0.21,2089.9706,525.4767,192.20848388270903,27.781667804181808,1.0929203337,0.87425762941,1.0929203337,0.87425762941,1.075,0.901,25.22,1.074813,0.901086,25.22,22.8807,0.0,2.27,1.578,0.366,0.435,11.0
357,357,11_3,11_34,327.6554,27.78623,19.9239,0.0921,401.3022,9.0,9.0,2060.0,991.0,2060.1067,990.714,2060.1067,990.714,192.22257962570168,27.65116482708804,0.917,0.675,67.7,0.09599,0.06911,69.7,2060.1067,990.714,192.22257962570168,27.65116482708804,0.78314497225,0.91426305437,0.78314497225,0.91426305437,0.983,0.855,61.87,0.9832295,0.8547911,61.87,22.8755,0.0,2.76,1.359,0.264,0.487,11.0
358,358,11_4,11_33,632.6971,34.8021,19.2094,0.0597,400.8762,13.0,14.0,2126.0,977.0,2125.6678,977.5073,2125.6678,977.5073,192.20163338326896,27.654309909988243,0.97,0.953,71.4,0.06479,0.06352,89.36,2125.6678,977.5073,192.20163338326896,27.654309909988243,0.74242999213,0.76494023148,0.74242999213,0.76494023148,0.877,0.859,69.34,0.8767397,0.8594753,69.34,22.8635,0.0,2.89,1.019,0.018,0.623,11.0
359,359,11_5,11_32,556.6337,37.49429,19.3485,0.0732,400.3442,14.0,17.0,2099.0,918.0,2099.0161,918.3571,2099.0161,918.3571,192.20950894523747,27.671166742179,1.116,1.099,6.85,0.08969,0.08578,0.16,2099.0161,918.3571,192.20950894523747,27.671166742179,1.8020377876,2.0683839889,1.8020377876,2.0683839889,1.461,1.317,65.85,1.461302,1.317201,65.85,22.8493,0.0,6.61,1.016,0.016,0.001,11.0
360,360,11_6,11_31,687.6199,35.65622,19.119,0.0563,400.4105,11.0,15.0,2128.0,891.0,2127.7368,890.7889,2127.7368,890.7889,192.2001148927118,27.678666464010995,1.063,0.898,7.89,0.07017,0.05848,6.45,2127.7368,890.7889,192.2001148927118,27.678666464010995,0.790909631,0.68078736462,0.790909631,0.68078736462,0.89,0.825,5.1,0.8898274,0.8245631,5.1,22.8541,0.0,3.03,1.184,0.155,0.726,11.0
361,361,11_7,11_30,517.3536,32.90388,19.4279,0.0691,401.0964,9.0,13.0,2410.0,886.0,2409.563,885.6712,2409.563,885.6712,192.1105693293405,27.67762801285783,0.994,0.843,42.92,0.07554,0.06455,44.9,2409.563,885.6712,192.1105693293405,27.67762801285783,0.55436514432,0.56751096686,0.55436514432,0.56751096686,0.792,0.704,47.88,0.7915299,0.7038157,47.88,22.9174,0.0,2.43,1.179,0.152,0.52,11.0
363,363,11_9,11_28,1993.656,51.58471,17.9633,0.0281,401.346,25.0,30.0,2248.0,852.0,2248.3511,852.3976,2248.3511,852.3976,192.1614277510128,27.688404247952725,1.334,1.205,72.75,0.04218,0.03949,88.23,2248.3511,852.3976,192.1614277510128,27.688404247952725,0.77130188828,0.8428884002,0.77130188828,0.8428884002,0.939,0.856,59.43,0.9387504,0.856118,59.43,22.8975,0.0,2.86,1.107,0.096,0.967,11.0
364,364,11_10,11_27,2703.436,54.89976,17.6326,0.0221,401.584,30.0,34.0,2486.0,845.0,2485.7276,844.8351,2485.7276,844.8351,192.0859668056473,27.688425433140495,1.402,1.248,79.81,0.037,0.03186,89.19,2485.7276,844.8351,192.0859668056473,27.688425433140495,0.82555830004,0.87679634503,0.82555830004,0.87679634503,0.95,0.894,60.06,0.9498583,0.8944964,60.06,22.9235,0.0,3.14,1.123,0.11,0.959,11.0
365,365,11_11,11_26,295.3693,25.91601,20.0365,0.0953,400.9103,7.0,8.0,2247.0,823.0,2247.1025,822.8479,2247.1025,822.8479,192.16152773528557,27.69672050229012,0.831,0.661,42.01,0.0907,0.07168,44.86,2247.1025,822.8479,192.16152773528557,27.69672050229012,0.80669799393,0.71242994601,0.80669799393,0.71242994601,0.922,0.818,29.17,0.9216226,0.8183763,29.17,22.8742,0.0,2.49,1.257,0.205,0.376,11.0
367,367,11_13,11_24,704.1616,37.95313,19.0932,0.0585,400.8686,13.0,17.0,2320.0,752.0,2319.814,752.3692,2319.814,752.3692,192.13772283533785,27.715888723754315,1.18,0.932,17.62,0.07584,0.05911,15.46,2319.814,752.3692,192.13772283533785,27.715888723754315,0.86350367276,0.72939837205,0.86350367276,0.72939837205,0.943,0.839,21.77,0.9428443,0.8390152,21.77,22.8744,0.0,3.52,1.266,0.21,0.726,11.0
368,368,11_14,11_23,804.0216,40.18585,18.9492,0.0543,402.1793,17.0,19.0,2251.0,729.0,2251.5768,729.0434,2251.5768,729.0434,192.1591644753405,27.72304558618037,1.258,1.002,-79.36,0.0738,0.05724,-77.37,2251.5768,729.0434,192.1591644753405,27.72304558618037,1.1979687595,1.4321034324,1.1979687595,1.4321034324,1.198,1.093,-83.19,1.19812,1.092969,-83.19,22.9371,0.0,3.91,1.255,0.203,0.518,11.0
370,370,11_16,11_21,9835.478,80.90121,16.2304,0.0089,401.4711,57.0,63.0,2351.0,712.0,2350.9794,712.5308,2350.9794,712.5308,192.12741956288932,27.72680952805392,1.668,1.486,68.91,0.01871,0.0166,74.2,2350.9794,712.5308,192.12741956288932,27.72680952805392,0.88596810093,0.92945256695,0.88596810093,0.92945256695,0.99,0.914,53.66,0.9903414,0.9135888,53.66,22.8985,0.0,3.1,1.123,0.109,0.983,11.0
371,371,11_17,11_20,1151.531,43.16632,18.5592,0.0407,401.583,17.0,22.0,2487.0,713.0,2486.8066,712.7535,2486.8066,712.7535,192.08427244539945,27.72553669441857,1.188,1.065,48.96,0.05423,0.04861,46.24,2486.8066,712.7535,192.08427244539945,27.72553669441857,0.68676331391,0.70141622596,0.68676331391,0.70141622596,0.859,0.806,49.74,0.8593973,0.8059875,49.74,22.9506,0.0,2.82,1.115,0.103,0.931,11.0
372,372,11_18,11_19,259.5964,24.32265,20.1767,0.1018,402.0062,7.0,7.0,2352.0,702.0,2352.3152,701.9729,2352.3152,701.9729,192.1268882232444,27.7297649416757,0.738,0.666,88.24,0.08575,0.0793,-89.61,2352.3152,701.9729,192.1268882232444,27.7297649416757,0.70562393535,0.71778379465,0.70562393535,0.71778379465,0.852,0.835,57.32,0.8522224,0.83494,57.32,22.9221,0.0,2.89,1.108,0.098,0.495,11.0
373,373,11_19,11_18,185.2342,22.52069,20.5431,0.132,401.0039,6.0,6.0,2044.0,699.0,2044.1676,699.1654,2044.1676,699.1654,192.224760976707,27.733248783787367,0.754,0.569,42.17,0.11392,0.08423,44.87,2044.1676,699.1654,192.224760976707,27.733248783787367,0.88867616208,0.82919233782,0.88867616208,0.82919233782,0.944,0.91,9.54,0.9436137,0.9096492,9.54,22.8535,0.0,3.87,1.325,0.245,0.132,11.0
374,374,11_20,11_17,307.3719,26.00491,19.9932,0.0919,400.384,8.0,8.0,2447.0,679.0,2446.8898,679.1373,2446.8898,679.1373,192.09660976074463,27.735341285343797,0.837,0.659,43.1,0.09051,0.07153,44.88,2446.8898,679.1373,192.09660976074463,27.735341285343797,0.8092658973,0.77439561849,0.8092658973,0.77439561849,0.951,0.824,40.52,0.9507359,0.8244773,40.52,22.8438,0.0,3.63,1.27,0.212,0.516,11.0
375,375,11_21,11_16,1091.98,42.62456,18.6169,0.0424,400.9011,19.0,21.0,2283.0,676.0,2283.1719,676.0101,2283.1719,676.0101,192.14859302799536,27.737672592808323,1.229,1.024,55.08,0.05908,0.04952,53.98,2283.1719,676.0101,192.14859302799536,27.737672592808323,0.71446557834,0.76864711777,0.71446557834,0.76864711777,0.91,0.809,54.13,0.9099644,0.8093685,54.13,22.8646,0.0,2.97,1.2,0.167,0.819,11.0
376,376,11_22,11_15,197.9685,20.53838,20.4709,0.1127,401.4535,5.0,5.0,2185.0,675.0,2184.7316,675.4032,2184.7316,675.4032,192.17986375058703,27.738706815243788,0.721,0.461,-17.64,0.10148,0.05879,-18.23,2184.7316,675.4032,192.17986375058703,27.738706815243788,0.61251376741,0.6152874946,0.61251376741,0.6152874946,0.788,0.779,50.27,0.7883446,0.7786617,50.27,22.8885,0.0,2.44,1.564,0.36,0.51,11.0
378,378,11_24,11_13,312.4054,25.97879,19.9756,0.0903,401.6249,7.0,8.0,2193.0,637.0,2193.0753,637.4929999999999,2193.0753,637.4929999999999,192.1768333140331,27.74928849176108,0.784,0.694,88.08,0.08869,0.07312,-89.95,2193.0753,637.4929999999999,192.1768333140331,27.74928849176108,0.57462244226,0.55692405821,0.57462244226,0.55692405821,0.771,0.733,35.77,0.7705326,0.7333662,35.77,22.8938,0.0,2.12,1.13,0.115,0.483,11.0
379,379,11_25,11_12,2090.215,59.53558,17.9119,0.0309,400.9685,35.0,41.0,2173.0,634.0,2173.3249,634.1638,2173.3249,634.1638,192.18307592528416,27.750396715254663,1.805,1.371,-81.43,0.06047,0.04657,-78.51,2173.3249,634.1638,192.18307592528416,27.750396715254663,1.7597357587,2.3348915782,1.7597357587,2.3348915782,1.528,1.327,-89.94,1.528035,1.32655,-89.94,22.8586,0.0,5.38,1.317,0.241,0.095,11.0
380,380,11_26,11_11,2526.546,55.59554,17.7061,0.0239,402.2654,30.0,34.0,2329.0,632.0,2329.3221,632.1287,2329.3221,632.1287,192.13348626418477,27.749597686714257,1.378,1.307,68.08,0.03726,0.03665,50.02,2329.3221,632.1287,192.13348626418477,27.749597686714257,0.81747102792,0.88633574751,0.81747102792,0.88633574751,0.95,0.895,66.68,0.9497698,0.8954017,66.68,22.9178,0.0,3.08,1.054,0.052,0.968,11.0
381,381,11_27,11_10,1048.486,44.81043,18.661,0.0464,401.8987,21.0,23.0,2107.0,600.0,2107.0987,599.9815,2107.0987,599.9815,192.2037806004591,27.760580096082887,1.333,1.092,44.82,0.06698,0.05529,44.62,2107.0987,599.9815,192.2037806004591,27.760580096082887,1.1714382368,1.2462964111,1.1714382368,1.2462964111,1.156,1.039,53.48,1.156375,1.039486,53.48,22.887,0.0,3.75,1.22,0.18,0.366,11.0
383,383,11_29,11_8,2328.182,52.62193,17.7949,0.0245,401.9902,26.0,30.0,2128.0,584.0,2127.701,584.0191,2127.701,584.0191,192.19707424738635,27.764887228044916,1.349,1.171,49.42,0.03845,0.03278,49.56,2127.701,584.0191,192.19707424738635,27.764887228044916,0.74523031922,0.76794793068,0.74523031922,0.76794793068,0.908,0.83,49.77,0.9083246,0.8295328,49.77,22.8946,0.0,2.82,1.151,0.131,0.975,11.0
384,384,11_30,11_7,1373.855,46.93929,18.3676,0.0371,402.2521,19.0,24.0,2353.0,573.0,2352.6998,573.4306,2352.6998,573.4306,192.12546249047568,27.765886905580235,1.294,1.072,48.71,0.05434,0.0439,48.05,2352.6998,573.4306,192.12546249047568,27.765886905580235,0.78444325926,0.7967468645,0.78444325926,0.7967468645,0.931,0.845,47.31,0.9310709,0.845161,47.31,22.8305,0.0,3.02,1.207,0.172,0.916,11.0
385,385,11_31,11_6,1089.57,47.6768,18.6193,0.0475,402.5047,20.0,26.0,2086.0,556.0,2085.7531,556.1837,2085.7531,556.1837,192.2101294160718,27.77307442473205,1.368,1.208,23.64,0.06712,0.06013,23.94,2085.7531,556.1837,192.2101294160718,27.77307442473205,1.4621980413,1.320273337,1.4621980413,1.320273337,1.233,1.124,28.22,1.232715,1.123781,28.22,22.9116,0.0,3.96,1.132,0.117,0.128,11.0
387,387,11_33,11_4,727.5793,39.64816,19.0577,0.0592,401.8013,17.0,18.0,2055.0,540.0,2054.787,540.4711,2054.787,540.4711,192.21981600103751,27.777758406115723,1.218,0.991,-0.71,0.07564,0.06143,-0.07,2054.787,540.4711,192.21981600103751,27.777758406115723,1.6213340786,1.4061422312,1.6213340786,1.4061422312,1.281,1.178,15.77,1.28062,1.177917,15.77,22.8756,0.0,3.94,1.229,0.186,0.313,11.0
390,390,11_36,11_35,2000.815,50.02224,17.9594,0.0272,399.9961,25.0,28.0,2230.0,1004.0,2229.8736,1003.879,2229.8736,1003.879,192.168812997344,27.645989338975838,1.29,1.196,64.36,0.04077,0.03785,87.66,2229.8736,1003.879,192.168812997344,27.645989338975838,0.78352255776,0.81859738711,0.78352255776,0.81859738711,0.93,0.858,52.86,0.9304847,0.8580899,52.86,22.8811,0.0,2.96,1.078,0.072,0.975,11.0
392,392,12_2,12_46,209.9489,23.97843,20.4071,0.124,400.9846,5.0,7.0,2761.0,1010.0,2760.2896,1009.8641,2760.2896,1009.8641,192.00049874294012,27.6395585606919,1.069,0.509,22.07,0.15251,0.07283,22.48,2760.2896,1009.8641,192.00049874294012,27.6395585606919,1.3578431742,1.1615223908,1.3578431742,1.1615223908,1.224,1.011,32.81,1.223708,1.010893,32.81,22.8838,16.0,4.37,2.101,0.524,0.431,12.0
397,397,12_7,12_42,2948.604,57.52541,17.5384,0.0212,404.202,31.0,34.0,3009.0,971.0,3008.9191,971.6171,3008.9191,971.6171,191.9211704559197,27.648010063229936,1.475,1.188,66.04,0.03618,0.02844,67.84,3008.9191,971.6171,191.9211704559197,27.648010063229936,0.7576068668,0.83362413817,0.7576068668,0.83362413817,0.935,0.846,59.29,0.9354438,0.8462718,59.29,22.8455,0.0,3.0,1.242,0.195,0.978,12.0
399,399,12_9,12_40,2215.6,51.69085,17.8487,0.0253,402.3846,26.0,30.0,2818.0,960.0,2818.1825,960.572,2818.1825,960.572,191.98160577768053,27.65288097008756,1.395,1.179,61.71,0.04169,0.03377,62.36,2818.1825,960.572,191.98160577768053,27.65288097008756,0.84008009121,0.8731156745,0.84008009121,0.8731156745,0.955,0.895,53.59,0.9552505,0.8948141,53.59,22.919,0.0,2.95,1.183,0.155,0.914,12.0
402,402,12_12,12_37,520.0037,34.07244,19.4224,0.0712,404.2511,10.0,13.0,3011.0,942.0,3010.6993,941.6621,3010.6993,941.6621,191.9202867546982,27.65641191002708,0.999,0.854,44.76,0.0769,0.06534,44.59,3010.6993,941.6621,191.9202867546982,27.65641191002708,0.80984064477,0.8381991555,0.80984064477,0.8381991555,0.942,0.873,51.55,0.9415709,0.8726306,51.55,22.8472,0.0,3.03,1.17,0.145,0.502,12.0
404,404,12_14,12_35,696.1734,37.92556,19.1056,0.0592,401.6199,13.0,17.0,2678.0,919.0,2677.6318,919.0528,2677.6318,919.0528,192.0257952734969,27.665834929206635,1.177,0.929,69.27,0.07371,0.05759,74.74,2677.6318,919.0528,192.0257952734969,27.665834929206635,0.90781327857,1.010377518,0.90781327857,1.010377518,1.037,0.918,58.18,1.036611,0.9184926,58.18,22.8987,0.0,3.2,1.266,0.21,0.644,12.0
405,405,12_15,12_34,529.8123,33.16119,19.4021,0.068,401.5703,13.0,13.0,2548.0,847.0,2548.3409,847.3754,2548.3409,847.3754,192.06610910704853,27.68714938522197,1.004,0.854,49.15,0.07862,0.06697,45.09,2548.3409,847.3754,192.06610910704853,27.68714938522197,0.64670252709,0.71689888697,0.64670252709,0.71689888697,0.871,0.778,58.7,0.8706822,0.7781478,58.7,22.9175,0.0,3.15,1.177,0.15,0.327,12.0
406,406,12_16,12_33,195.7191,22.81035,20.4833,0.1266,405.6352,5.0,6.0,2998.0,842.0,2997.5126,842.0029,2997.5126,842.0029,191.92341343126665,27.68454251163937,0.801,0.499,87.03,0.11613,0.07121,89.85,2997.5126,842.0029,191.92341343126665,27.68454251163937,0.9845177877,1.1037958188,0.9845177877,1.1037958188,1.094,0.944,56.52,1.093878,0.9443218,56.52,22.8343,0.0,3.73,1.606,0.377,0.493,12.0
410,410,12_20,12_29,1551.557,55.15807,18.2355,0.0386,400.7578,33.0,36.0,2556.0,772.0,2555.4326,771.7877,2555.4326,771.7877,192.06307958051323,27.70832907280029,1.697,1.386,38.86,0.06981,0.05821,37.76,2555.4326,771.7877,192.06307958051323,27.70832907280029,2.2831859974,2.1684690226,2.2831859974,2.1684690226,1.564,1.417,37.4,1.563532,1.416694,37.4,22.8742,0.0,5.69,1.224,0.183,0.004,12.0
411,411,12_21,12_28,395.4187,30.30324,19.7198,0.0832,403.4288,11.0,11.0,2771.0,765.0,2770.6398,764.9017,2770.6398,764.9017,191.99465338125623,27.708308412857825,1.052,0.736,18.66,0.09915,0.06995,15.27,2770.6398,764.9017,191.99465338125623,27.708308412857825,1.2053461455,1.1955954926,1.2053461455,1.1955954926,1.193,0.989,44.37,1.192566,0.9893063,44.37,22.8935,0.0,5.24,1.43,0.301,0.051,12.0
412,412,12_22,12_27,1725.134,48.93222,18.1203,0.0308,400.9866,23.0,27.0,2545.0,762.0,2545.1695,761.7040999999999,2545.1695,761.7040999999999,192.0662356861069,27.71125540883829,1.313,1.16,63.37,0.04607,0.04086,63.53,2545.1695,761.7040999999999,192.0662356861069,27.71125540883829,0.77616015035,0.84981604769,0.77616015035,0.84981604769,0.935,0.867,63.32,0.9352524,0.8667636,63.32,22.8804,0.0,3.09,1.132,0.117,0.939,12.0
414,414,12_24,12_25,159.1937,20.9942,20.7076,0.1432,407.6162,5.0,5.0,2972.0,741.0,2972.2232,741.3977,2972.2232,741.3977,191.93037470462235,27.71305106386001,0.748,0.452,18.4,0.11752,0.068,18.41,2972.2232,741.3977,191.93037470462235,27.71305106386001,1.189633209,1.092180859,1.189633209,1.092180859,1.093,1.043,-11.33,1.092572,1.043121,-11.33,22.8939,0.0,3.02,1.655,0.396,0.462,12.0
415,415,12_25,12_23,626.5116,37.71229,19.2201,0.0654,406.8613,10.0,16.0,2989.0,703.0,2988.9352,703.3188,2988.9352,703.3188,191.924660038266,27.72359638309147,1.004,0.828,59.11,0.08357,0.06755,55.49,2988.9352,703.3188,191.924660038266,27.72359638309147,0.74164263438,0.83129361579,0.74164263438,0.83129361579,0.916,0.856,73.79,0.9162823,0.8563662,73.79,22.8353,0.0,3.59,1.213,0.176,0.55,12.0
416,416,12_26,12_22,571.7023,34.19777,19.3195,0.065,401.3705,13.0,14.0,2595.0,701.0,2594.7241,700.5567,2594.7241,700.5567,192.04986406447588,27.727993089089484,0.993,0.939,84.61,0.07388,0.07209,88.72,2594.7241,700.5567,192.04986406447588,27.727993089089484,0.7263692206,0.86720277488,0.7263692206,0.86720277488,0.933,0.851,81.77,0.9328526,0.8505045,81.77,22.8884,0.0,3.56,1.057,0.054,0.622,12.0
417,417,12_27,12_21,6552.27,72.26764,16.6714,0.012,401.1008,49.0,53.0,2570.0,681.0,2569.9427,681.6466,2569.9427,681.6466,192.0575415915713,27.733531301687265,1.631,1.419,70.09,0.02394,0.02057,78.09,2569.9427,681.6466,192.0575415915713,27.733531301687265,0.8823577357,0.947394915,0.8823577357,0.947394915,1.0,0.91,56.11,1.000417,0.91045,56.11,22.869,0.0,3.16,1.149,0.13,0.981,12.0
419,419,12_29,12_19,881.6946,42.46634,18.8491,0.0523,400.6738,18.0,21.0,2560.0,683.0,2560.2283,682.9108,2560.2283,682.9108,192.06064085560507,27.733263641443447,1.238,1.109,19.37,0.07136,0.06493,21.34,2560.2283,682.9108,192.06064085560507,27.733263641443447,1.5681255654,1.423370993,1.5681255654,1.423370993,1.253,1.192,6.77,1.253075,1.192183,6.77,22.8456,0.0,4.06,1.116,0.104,0.361,12.0
420,420,12_30,12_18,3878.584,64.10403,17.2407,0.0179,404.6812,38.0,44.0,2842.0,660.0,2842.2463,660.4821,2842.2463,660.4821,191.97080877263116,27.73699480821009,1.555,1.363,71.35,0.03286,0.02901,83.13,2842.2463,660.4821,191.97080877263116,27.73699480821009,0.891091275,0.99535420722,0.891091275,0.99535420722,1.019,0.921,61.66,1.018893,0.9210331,61.66,22.8529,0.0,3.2,1.141,0.124,0.976,12.0
421,421,12_31,12_17,249.11,24.36132,20.2214,0.1062,404.6145,7.0,7.0,2808.0,655.0,2808.0439,655.0341,2808.0439,655.0341,191.98161805940816,27.738840823342507,0.916,0.527,44.47,0.11346,0.06539,44.94,2808.0439,655.0341,191.98161805940816,27.738840823342507,1.2760191691,1.1416458828,1.2760191691,1.1416458828,1.194,0.996,35.94,1.193718,0.9963448,35.94,22.8658,0.0,4.11,1.737,0.424,0.506,12.0
422,422,12_32,12_16,183.1762,22.30169,20.5552,0.1322,402.2656,4.0,6.0,2584.0,641.0,2584.9277,641.462,2584.9277,641.462,192.05236576007457,27.744689132998296,0.797,0.498,1.88,0.11261,0.06897,0.45,2584.9277,641.462,192.05236576007457,27.744689132998296,0.94950851422,0.74031868264,0.94950851422,0.74031868264,0.979,0.855,11.81,0.9793207,0.8548439,11.81,22.9202,0.0,3.72,1.6,0.375,0.382,12.0
423,423,12_33,12_15,1604.607,46.09425,18.199,0.0312,403.5076,21.0,24.0,2711.0,638.0,2711.1814,638.2119,2711.1814,638.2119,192.01221736558983,27.74445582522176,1.313,1.065,57.34,0.04842,0.03699,58.5,2711.1814,638.2119,192.01221736558983,27.74445582522176,0.74925398118,0.78771453912,0.74925398118,0.78771453912,0.91,0.841,54.26,0.9104986,0.8414041,54.26,22.8731,0.0,3.04,1.233,0.189,0.959,12.0
424,424,12_34,12_14,911.9825,39.19799,18.8124,0.0467,408.1009,15.0,18.0,3005.0,637.0,3005.1882,636.7864999999999,3005.1882,636.7864999999999,191.9187854923935,27.742141558302198,1.16,0.95,66.05,0.06405,0.05189,58.5,3005.1882,636.7864999999999,191.9187854923935,27.742141558302198,0.61287193816,0.75218083934,0.61287193816,0.75218083934,0.871,0.778,77.61,0.8713496,0.7783332,77.61,22.8853,0.0,3.06,1.22,0.181,0.79,12.0
425,425,12_35,12_13,7990.048,77.24847,16.456,0.0105,408.9515,54.0,59.0,2856.0,613.0,2855.9188,613.7279,2855.9188,613.7279,191.96597077351345,27.7500075258876,1.668,1.453,61.96,0.02104,0.0186,60.38,2855.9188,613.7279,191.96597077351345,27.7500075258876,0.85871668593,0.92562034303,0.85871668593,0.92562034303,0.986,0.902,57.5,0.9855631,0.9016665,57.5,23.021,0.0,3.04,1.148,0.129,0.978,12.0
428,428,12_38,12_11,3147.045,59.48272,17.4676,0.0205,409.0998,34.0,39.0,3014.0,605.0,3013.6517,604.8371999999999,3013.6517,604.8371999999999,191.91575412046396,27.751040731787374,1.493,1.293,68.31,0.03671,0.03112,79.86,3013.6517,604.8371999999999,191.91575412046396,27.751040731787374,0.82629073912,0.86657569736,0.82629073912,0.86657569736,0.964,0.873,51.95,0.9644808,0.8732945,51.95,22.8831,16.0,3.04,1.155,0.134,0.97,12.0
429,429,12_39,12_10,11518.04,86.07587,16.059,0.0081,406.4902,61.0,70.0,2734.0,596.0,2733.8911,596.3499,2733.8911,596.3499,192.00456368036285,27.756012487198305,1.738,1.513,65.49,0.01742,0.01547,67.29,2733.8911,596.3499,192.00456368036285,27.756012487198305,0.87109471921,0.9640582443,0.87109471921,0.9640582443,1.006,0.907,59.7,1.006112,0.9071341,59.7,22.9746,0.0,3.16,1.149,0.129,0.983,12.0
431,431,12_41,12_8,1501.523,48.037,18.2711,0.0347,405.6398,21.0,26.0,2808.0,565.0,2808.1536,565.551,2808.1536,565.551,191.9806408755232,27.763986293680297,1.354,1.083,69.88,0.05393,0.04172,72.7,2808.1536,565.551,191.9806408755232,27.763986293680297,0.71305664695,0.81658743211,0.71305664695,0.81658743211,0.917,0.83,66.68,0.91664,0.8303103,66.68,22.8803,0.0,3.18,1.25,0.2,0.949,12.0
432,432,12_42,12_7,376.5809,29.23792,19.7728,0.0843,405.201,9.0,10.0,2692.0,556.0,2691.8073,556.5068,2691.8073,556.5068,192.0175207063465,27.76759345477704,0.952,0.72,89.41,0.09256,0.06774,89.97,2691.8073,556.5068,192.0175207063465,27.76759345477704,0.52913742765,0.67690710738,0.52913742765,0.67690710738,0.826,0.724,79.44,0.8259687,0.7237543,79.44,22.9315,0.0,3.26,1.322,0.243,0.512,12.0
437,437,12_47,12_2,200.8928,20.68513,20.455,0.1118,404.4127,5.0,5.0,2744.0,521.0,2744.2414,520.4335,2744.2414,520.4335,192.0004786420793,27.77725155321897,0.726,0.457,19.8,0.1075,0.0623,18.62,2744.2414,520.4335,192.0004786420793,27.77725155321897,0.54151177685,0.61437922025,0.54151177685,0.61437922025,0.803,0.715,61.36,0.8033423,0.7145153,61.36,22.8409,0.0,2.17,1.587,0.37,0.477,12.0
471,471,13_34,13_14,236.3159,23.2707,20.2787,0.1069,410.9537,6.0,6.0,3039.0,615.0,3039.221,615.234,3039.221,615.234,191.90774038618855,27.747879918358468,0.743,0.559,45.93,0.09623,0.07074,45.2,3039.221,615.234,191.90774038618855,27.747879918358468,0.48886879499,0.63597909164,0.48886879499,0.63597909164,0.801,0.695,78.45,0.8014961,0.6945875,78.45,22.89,0.0,2.96,1.331,0.249,0.493,13.0
477,477,13_40,13_9,411.7619,31.33991,19.6758,0.0827,408.8173,9.0,11.0,3031.0,569.0,3031.0168,568.9919,3031.0168,568.9919,191.9098512039024,27.76095131274954,1.134,0.701,-61.37,0.10735,0.06578,-63.31,3031.0168,568.9919,191.9098512039024,27.76095131274954,1.1397792725,1.3229588394,1.1397792725,1.3229588394,1.186,1.028,-60.8,1.1858,1.027918,-60.8,22.7847,0.0,5.31,1.617,0.382,0.499,13.0
489,489,14_5,14_29,242.2127,24.24399,20.2519,0.1087,404.4787,6.0,7.0,457.0,1410.0,456.3248,1409.8185,456.3248,1409.8185,192.73560690683425,27.54616999993249,0.842,0.616,62.63,0.11153,0.07744,59.76,456.3248,1409.8185,192.73560690683425,27.54616999993249,0.98340188279,1.0617648265,0.98340188279,1.0617648265,1.052,0.969,58.98,1.051746,0.9690188,58.98,22.8676,0.0,4.26,1.368,0.269,0.496,14.0
492,492,14_8,14_26,210.2076,22.32537,20.4058,0.1153,405.4384,5.0,6.0,375.0,1363.0,374.9994,1362.5108,374.9994,1362.5108,192.7610131752132,27.560073700698364,0.778,0.499,2.07,0.10601,0.0651,0.1,374.9994,1362.5108,192.7610131752132,27.560073700698364,0.59515367634,0.60698038755,0.59515367634,0.60698038755,0.822,0.726,47.27,0.822031,0.7255337,47.27,22.9117,0.0,2.23,1.559,0.358,0.481,14.0
493,493,14_9,14_25,164.9345,20.32415,20.6691,0.1338,405.2426,5.0,5.0,356.0,1358.0,356.5905,1357.8191,356.5905,1357.8191,192.76681671552703,27.56152831615092,0.737,0.454,70.91,0.128,0.07415,71.57,356.5905,1357.8191,192.76681671552703,27.56152831615092,0.5312253107,0.58705395298,0.5312253107,0.58705395298,0.772,0.722,69.31,0.7722347,0.7224492,69.31,22.8975,0.0,3.4,1.625,0.385,0.5,14.0
496,496,14_12,14_22,724.0331,42.34911,19.063,0.0635,407.0291,19.0,21.0,189.0,1316.0,188.8468,1316.0661,188.8468,1316.0661,192.8197141166241,27.57449210555342,1.33,1.116,-41.19,0.0893,0.07492,-39.28,188.8468,1316.0661,192.8197141166241,27.57449210555342,1.7301153218,1.9651296646,1.7301153218,1.9651296646,1.417,1.298,-68.32,1.417475,1.298464,-68.32,22.9134,0.0,7.01,1.192,0.161,0.006,14.0
499,499,14_15,14_19,302.4976,27.55884,20.0106,0.0989,405.5161,7.0,9.0,312.0,1253.0,311.9153,1252.3657,311.9153,1252.3657,192.78009649483383,27.591510797960023,0.896,0.696,68.19,0.0993,0.07169,69.57,311.9153,1252.3657,192.78009649483383,27.591510797960023,1.2552935929,1.206133117,1.2552935929,1.206133117,1.121,1.098,8.24,1.120869,1.097761,8.24,22.907,0.0,2.4,1.287,0.223,0.503,14.0
502,502,14_18,14_16,473.2628,32.03278,19.5247,0.0735,404.6541,10.0,12.0,320.0,1184.0,319.7116,1184.223,319.7116,1184.223,192.77703723551676,27.61061627179857,0.962,0.869,-14.87,0.08282,0.07224,-19.7,319.7116,1184.223,192.77703723551676,27.61061627179857,1.018609802,1.0304402436,1.018609802,1.0304402436,1.036,0.988,48.53,1.035666,0.9881526,48.53,22.8715,0.0,4.18,1.108,0.097,0.548,14.0
504,504,14_20,14_14,345.5441,29.07836,19.8661,0.0914,406.6083,9.0,10.0,51.0,1183.0,51.1363,1183.0184,51.1363,1183.0184,192.8623234089704,27.612898371008832,0.938,0.756,3.96,0.09738,0.07694,0.02,51.1363,1183.0184,192.8623234089704,27.612898371008832,1.1114465825,0.95455544087,1.1114465825,0.95455544087,1.076,0.952,25.71,1.076477,0.9524702,25.71,22.8656,0.0,5.01,1.241,0.194,0.451,14.0
506,506,14_22,14_12,623.6665,35.33963,19.225,0.0615,403.8777,13.0,15.0,501.0,1152.0,501.501,1152.601,501.501,1152.601,192.71902890029747,27.61816552241398,1.184,0.841,59.94,0.08102,0.05676,58.29,501.501,1152.601,192.71902890029747,27.61816552241398,0.828191455,1.0846888503,0.828191455,1.0846888503,1.053,0.896,73.44,1.053364,0.8962728,73.44,22.8895,0.0,3.67,1.407,0.289,0.597,14.0
507,507,14_23,14_11,691.9941,36.77502,19.1122,0.0577,404.3634,14.0,16.0,458.0,1138.0,458.1901,1138.461,458.1901,1138.461,192.73266191883852,27.622463744487145,1.119,0.929,33.94,0.07402,0.0592,28.88,458.1901,1138.461,192.73266191883852,27.622463744487145,0.9546816234,0.98452173533,0.9546816234,0.98452173533,1.034,0.933,49.29,1.034204,0.932537,49.29,22.8956,0.0,3.26,1.205,0.17,0.777,14.0
522,522,15_6,15_33,464.348,26.61304,19.5453,0.0622,403.8844,7.0,8.0,633.0,1515.0,633.0088000000001,1514.6618,633.0088000000001,1514.6618,192.68045023468025,27.51536812530066,1.105,0.473,-0.22,0.10249,0.04084,0.0,633.0088000000001,1514.6618,192.68045023468025,27.51536812530066,0.5992220781,0.1593169309,0.5992220781,0.1593169309,0.775,0.398,-2.99,0.7748711,0.3976352,-2.99,22.8714,24.0,3.86,2.336,0.572,0.55,15.0
527,527,15_11,15_23,4994.709,66.57646,16.9661,0.0145,403.8267,40.0,46.0,944.0,1332.0,944.1108,1331.9061,944.1108,1331.9061,192.5800863027806,27.564381936725457,1.539,1.382,51.91,0.02692,0.02387,37.76,944.1108,1331.9061,192.5800863027806,27.564381936725457,0.83161447449,0.89803999475,0.83161447449,0.89803999475,0.963,0.896,61.19,0.9627199,0.896005,61.19,22.8977,0.0,3.08,1.113,0.102,0.981,15.0
533,533,15_17,15_17,251.8003,24.13629,20.2098,0.1041,403.9525,7.0,7.0,541.0,1188.0,541.0343,1188.2835,541.0343,1188.2835,192.7067848466734,27.607836639305383,0.739,0.668,8.76,0.09189,0.0849,0.53,541.0343,1188.2835,192.7067848466734,27.607836639305383,0.78780934253,0.73965040662,0.78780934253,0.73965040662,0.911,0.835,34.29,0.9108711,0.8353284,34.29,22.8972,0.0,4.16,1.106,0.096,0.33,15.0
543,543,15_27,15_8,197.9292,24.09614,20.4711,0.1322,404.2402,7.0,7.0,919.0,1069.0,918.9874,1069.0282,918.9874,1069.0282,192.58568953803288,27.638491021862396,0.899,0.533,44.04,0.12725,0.07366,44.99,918.9874,1069.0282,192.58568953803288,27.638491021862396,0.97200998034,0.92566382698,0.97200998034,0.92566382698,1.027,0.918,38.67,1.026922,0.9182075,38.67,22.9263,0.0,3.26,1.688,0.407,0.213,15.0
559,559,16_10,16_32,608.5847,33.56833,19.2516,0.0599,402.8715,11.0,13.0,1128.0,1371.0,1128.1381,1371.083,1128.1381,1371.083,192.52203485645552,27.55192659286999,1.059,0.826,77.81,0.07453,0.05577,78.05,1128.1381,1371.083,192.52203485645552,27.55192659286999,0.67875646049,0.77449383957,0.67875646049,0.77449383957,0.884,0.82,75.24,0.8841,0.8195227,75.24,22.878,0.0,3.59,1.283,0.22,0.554,16.0
567,567,16_18,16_24,860.1138,48.74932,18.876,0.0616,402.098,22.0,28.0,1394.0,1222.0,1394.2732,1222.2808,1394.2732,1222.2808,192.43618424470392,27.591635868854176,1.862,1.157,-67.37,0.12093,0.07409,-66.51,1394.2732,1222.2808,192.43618424470392,27.591635868854176,3.4879971114,4.6612901386,3.4879971114,4.6612901386,2.233,1.778,-65.02,2.233042,1.77843,-65.02,22.8374,0.0,8.78,1.61,0.379,0.001,16.0
573,573,16_24,16_18,206.0977,22.4218,20.4272,0.1181,403.6744,5.0,6.0,1051.0,1167.0,1050.4957,1167.0576,1050.4957,1167.0576,192.54481525219032,27.609902873332725,0.78,0.5,88.91,0.10545,0.06459,89.98,1050.4957,1167.0576,192.54481525219032,27.609902873332725,0.7031443542,0.69636974744,0.7031443542,0.69636974744,0.845,0.828,37.91,0.8447369,0.8282111,37.91,22.9107,0.0,2.96,1.56,0.359,0.49,16.0
577,577,16_28,16_14,1566.609,49.59169,18.225,0.0344,402.7389,22.0,28.0,1130.0,1143.0,1129.5538,1143.1734,1129.5538,1143.1734,192.519493527649,27.615995501144905,1.301,1.199,42.24,0.05191,0.04633,44.18,1129.5538,1143.1734,192.519493527649,27.615995501144905,0.82923845625,0.7756436177,0.82923845625,0.7756436177,0.911,0.881,3.68,0.9107477,0.8805797,3.68,22.8773,0.0,2.94,1.085,0.079,0.933,16.0
581,581,16_32,16_10,1508.829,47.9454,18.2658,0.0345,403.0504,22.0,26.0,1202.0,1051.0,1202.4685,1050.8294,1202.4685,1050.8294,192.4954886787268,27.641379381249912,1.277,1.153,8.18,0.05128,0.04361,0.81,1202.4685,1050.8294,192.4954886787268,27.641379381249912,0.85012691656,0.8007805421,0.85012691656,0.8007805421,0.929,0.887,24.74,0.9292051,0.8874037,24.74,22.8827,0.0,3.04,1.107,0.097,0.925,16.0
586,586,16_37,16_5,1719.977,50.27956,18.1236,0.0317,402.339,26.0,28.0,1247.0,1023.0,1247.257,1023.4391,1247.257,1023.4391,192.4810107307613,27.64872232729209,1.278,1.25,-8.24,0.04606,0.04534,-87.11,1247.257,1023.4391,192.4810107307613,27.64872232729209,0.97207234865,0.89313476927,0.97207234865,0.89313476927,0.986,0.945,-6.55,0.9864717,0.9445003,-6.55,22.8399,0.0,3.31,1.023,0.022,0.914,16.0
591,591,17_2,17_1,148.4134,20.43494,20.7837,0.1495,402.7005,3.0,5.0,1755.0,1015.0,1755.2026,1014.607,1755.2026,1014.607,192.31962267319508,27.647042438236813,0.742,0.456,-17.49,0.1273,0.07372,-18.39,1755.2026,1014.607,192.31962267319508,27.647042438236813,1.0913357277,1.1051267354,1.0913357277,1.1051267354,1.088,1.007,47.32,1.087816,1.006539,47.32,22.8742,0.0,2.91,1.629,0.386,0.484,17.0
594,594,17_5,17_40,266567.6,297.0096,12.6479,0.0012,418.1079,306.0,370.0,1756.0,1286.0,1757.8255,1288.4476,1757.8255,1288.4476,192.32143177844,27.57003949171728,4.719,1.624,81.01,0.00952,0.00226,85.12,1757.8255,1288.4476,192.32143177844,27.57003949171728,1.8732531548,3.4059796251,1.8732531548,3.4059796251,2.12,0.886,57.21,2.119846,0.8862757,57.21,22.9874,7.0,0.97,2.906,0.656,0.977,17.0
595,595,17_6,17_40,98540.29,174.6247,13.7284,0.0019,406.3817,154.0,186.0,1758.0,1190.0,1757.7626,1191.1256,1757.7626,1191.1256,192.32051290943065,27.59739941899565,5.772,0.927,-88.19,0.02244,0.00239,-89.01,1757.7626,1191.1256,192.32051290943065,27.59739941899565,0.054500854811,0.31958304255,0.054500854811,0.31958304255,0.593,0.149,-71.73,0.5932912,0.148625,-71.73,22.9762,6.0,13.87,6.227,0.839,0.972,17.0
597,597,17_8,17_33,1390.795,54.84902,18.3542,0.0428,414.313,23.0,28.0,1668.0,1394.0,1667.742,1394.4303,1667.742,1394.4303,192.3510328278164,27.540995239770563,1.286,1.272,87.56,0.05239,0.05143,87.93,1667.742,1394.4303,192.3510328278164,27.540995239770563,1.014858088,0.99590120951,1.014858088,0.99590120951,1.009,0.996,-22.78,1.009415,0.9959123,-22.78,22.9303,0.0,3.14,1.011,0.011,0.757,17.0
598,598,17_9,17_32,8878.32,83.77235,16.3416,0.0102,411.6116,54.0,58.0,1846.0,1378.0,1846.2669,1378.7745,1846.2669,1378.7745,192.29424552554556,27.54390288018451,1.625,1.48,62.8,0.0186,0.01701,74.6,1846.2669,1378.7745,192.29424552554556,27.54390288018451,0.89587135439,0.91976380387,0.89587135439,0.91976380387,0.981,0.924,51.43,0.9805378,0.924219,51.43,22.9607,0.0,3.08,1.098,0.089,0.982,17.0
601,601,17_12,17_29,1436.604,66.75629,18.3191,0.0505,421.4617,29.0,36.0,1674.0,1358.0,1674.1468,1357.5444,1674.1468,1357.5444,192.34864736701908,27.55131208454649,1.825,1.304,78.51,0.06954,0.04811,80.19,1674.1468,1357.5444,192.34864736701908,27.55131208454649,2.3153590001,2.8373608137,2.3153590001,2.8373608137,1.698,1.507,74.3,1.697682,1.506849,74.3,23.0469,0.0,4.48,1.4,0.286,0.008,17.0
602,602,17_13,17_28,554.366,37.03444,19.3529,0.0726,405.6845,15.0,16.0,1558.0,1358.0,1557.6428,1358.4846,1557.6428,1358.4846,192.3856219541668,27.55201014992616,1.184,0.97,66.93,0.08846,0.07084,66.58,1557.6428,1358.4846,192.3856219541668,27.55201014992616,1.3483688449,1.6223652195,1.3483688449,1.6223652195,1.275,1.16,84.86,1.274599,1.160229,84.86,22.9437,0.0,5.31,1.221,0.181,0.003,17.0
603,603,17_14,17_38,2465.456,54.16963,17.7327,0.0239,404.4094,29.0,33.0,1579.0,1483.0,1579.4635,1483.428,1579.4635,1483.428,192.37988698623224,27.51670327072029,1.372,1.3,66.12,0.03807,0.03537,80.23,1579.4635,1483.428,192.37988698623224,27.51670327072029,0.92072911877,0.90726954952,0.92072911877,0.90726954952,0.969,0.943,36.92,0.9685953,0.9433037,36.92,22.9229,0.0,3.27,1.056,0.053,0.917,17.0
604,604,17_15,17_26,5944.455,71.56835,16.7771,0.0131,404.708,45.0,52.0,1916.0,1326.0,1915.7161,1326.7847,1915.7161,1326.7847,192.27170650686816,27.55793052455851,1.613,1.435,75.33,0.02553,0.02277,84.75,1915.7161,1326.7847,192.27170650686816,27.55793052455851,0.87328100112,0.96682303166,0.87328100112,0.96682303166,0.99,0.927,70.59,0.9899901,0.9273746,70.59,22.9226,0.0,3.06,1.124,0.11,0.974,17.0
605,605,17_16,17_25,3541.355,61.54085,17.3395,0.0189,404.94,35.0,40.0,1557.0,1314.0,1557.2377,1314.2968,1557.2377,1314.2968,192.38533081370431,27.564436539026428,1.449,1.355,57.1,0.03183,0.03018,57.03,1557.2377,1314.2968,192.38533081370431,27.564436539026428,0.87132839346,0.87601182634,0.87132839346,0.87601182634,0.951,0.918,47.22,0.9507583,0.9183675,47.22,22.9141,0.0,2.97,1.07,0.065,0.979,17.0
606,606,17_17,17_24,663.8147,45.28491,19.1573,0.0741,415.8247,13.0,18.0,1678.0,1302.0,1678.0493,1302.2446,1678.0493,1302.2446,192.346879022224,27.56682632150603,1.166,1.047,-21.8,0.07168,0.06314,-24.86,1678.0493,1302.2446,192.346879022224,27.56682632150603,1.2584333019,1.2013799049,1.2584333019,1.2013799049,1.122,1.096,-1.02,1.121807,1.096066,-1.02,22.9668,0.0,3.99,1.114,0.102,0.162,17.0
607,607,17_18,17_23,1347.357,49.57071,18.3887,0.04,410.5401,22.0,25.0,1645.0,1301.0,1644.627,1300.9744,1644.627,1300.9744,192.35747257730196,27.567460791447868,1.257,1.167,-0.21,0.05164,0.04505,-10.67,1644.627,1300.9744,192.35747257730196,27.567460791447868,0.89919623041,0.9061564801,0.89919623041,0.9061564801,0.968,0.932,47.91,0.9679739,0.9318687,47.91,22.9733,0.0,2.92,1.076,0.071,0.905,17.0
608,608,17_19,17_36,1240.364,50.59502,18.4785,0.0443,411.8508,17.0,25.0,1836.0,1410.0,1835.7901,1409.666,1835.7901,1409.666,192.29786889827872,27.53530675216556,1.237,1.053,34.72,0.05471,0.04546,36.41,1835.7901,1409.666,192.29786889827872,27.53530675216556,0.91447189063,0.84226370473,0.91447189063,0.84226370473,0.966,0.908,23.94,0.9655056,0.9080389,23.94,22.9614,0.0,3.35,1.174,0.149,0.731,17.0
609,609,17_20,17_40,157832.8,277.1654,13.2169,0.0019,428.7442,289.0,303.0,1755.0,1316.0,1757.2312,1318.7617,1757.2312,1318.7617,192.32191275992588,27.56152235535621,4.87,1.818,63.47,0.01073,0.00359,60.75,1757.2312,1318.7617,192.32191275992588,27.56152235535621,2.0470250024,3.4538537634,2.0470250024,3.4538537634,1.986,1.248,63.07,1.985679,1.248182,63.07,23.1313,3.0,7.81,2.678,0.627,0.969,17.0
611,611,17_22,17_34,2149.802,51.71562,17.8814,0.0261,408.8821,27.0,28.0,1624.0,1396.0,1624.0879,1396.5132,1624.0879,1396.5132,192.3649023519581,27.54077115808846,1.347,1.162,60.67,0.03925,0.03273,64.03,1624.0879,1396.5132,192.3649023519581,27.54077115808846,0.80132837548,0.80309092511,0.80132837548,0.80309092511,0.919,0.872,45.59,0.9190807,0.8716134,45.59,22.9584,0.0,3.0,1.159,0.137,0.975,17.0
613,613,17_24,17_17,9307.846,79.24567,16.2903,0.0092,407.2481,57.0,62.0,1739.0,1207.0,1738.6283,1206.8629,1738.6283,1206.8629,192.32673757883927,27.593135546495397,1.669,1.485,67.43,0.01936,0.01705,69.16,1738.6283,1206.8629,192.32673757883927,27.593135546495397,0.89703271437,0.93876309028,0.89703271437,0.93876309028,0.98,0.936,59.66,0.9800578,0.9355654,59.66,22.9867,0.0,2.98,1.124,0.11,0.969,17.0
614,614,17_25,17_16,2269.387,55.62235,17.8226,0.0266,402.1629,29.0,34.0,1920.0,1200.0,1920.4417,1200.5691,1920.4417,1200.5691,192.26897448759448,27.593371319865533,1.412,1.265,76.44,0.04356,0.03849,88.44,1920.4417,1200.5691,192.26897448759448,27.593371319865533,0.87855904044,0.94058105311,0.87855904044,0.94058105311,0.986,0.92,59.76,0.9861522,0.9201326,59.76,22.8596,0.0,2.87,1.116,0.104,0.958,17.0
615,615,17_26,17_15,2858.18,55.82682,17.5722,0.0212,401.7338,30.0,33.0,1980.0,1197.0,1979.8505,1197.6112,1979.8505,1197.6112,192.2500919019038,27.593696201268408,1.419,1.199,69.16,0.03566,0.02902,73.01,1979.8505,1197.6112,192.2500919019038,27.593696201268408,0.77199274563,0.82615559857,0.77199274563,0.82615559857,0.923,0.864,60.49,0.9228611,0.8639883,60.49,22.8823,0.0,2.99,1.183,0.155,0.976,17.0
617,617,17_28,17_13,12306.92,83.97969,15.987,0.0074,403.0615,58.0,65.0,1588.0,1157.0,1588.2784,1157.0624,1588.2784,1157.0624,192.37398367015592,27.608384859114008,1.682,1.479,70.99,0.01616,0.01369,70.3,1588.2784,1157.0624,192.37398367015592,27.608384859114008,0.8651886349,0.92083231381,0.8651886349,0.92083231381,0.97,0.92,62.98,0.9697317,0.9195876,62.98,22.8793,0.0,3.04,1.137,0.121,0.983,17.0
618,618,17_29,17_12,2966.177,69.58855,17.5319,0.0255,404.0781,53.0,56.0,1620.0,1136.0,1619.8626,1136.6288,1619.8626,1136.6288,192.3637624991335,27.613868214148592,2.319,1.479,76.97,0.06449,0.04147,77.9,1619.8626,1136.6288,192.3637624991335,27.613868214148592,2.4407248525,3.3191027334,2.4407248525,3.3191027334,1.846,1.534,73.16,1.845982,1.533681,73.16,22.9232,0.0,6.69,1.568,0.362,0.01,17.0
619,619,17_30,17_11,750.3566,39.30378,19.0242,0.0569,401.6173,17.0,18.0,1989.0,1115.0,1989.4539,1114.7112,1989.4539,1114.7112,192.24623010501324,27.61691738862971,1.209,0.996,-86.2,0.07925,0.06437,89.93,1989.4539,1114.7112,192.24623010501324,27.61691738862971,1.0365187177,1.2390459842,1.0365187177,1.2390459842,1.117,1.014,-79.05,1.116658,1.014219,-79.05,22.9032,0.0,4.93,1.214,0.177,0.127,17.0
620,620,17_31,17_10,266.1127,27.39874,20.1497,0.1118,403.8843,6.0,9.0,1686.0,1115.0,1685.9822,1115.012,1685.9822,1115.012,192.3425655258049,27.619396086899343,0.807,0.783,-43.26,0.09347,0.0933,-41.6,1685.9822,1115.012,192.3425655258049,27.619396086899343,1.3621716501,1.387142139,1.3621716501,1.387142139,1.209,1.135,-49.14,1.208877,1.13487,-49.14,22.9043,0.0,4.72,1.03,0.029,0.487,17.0
621,621,17_32,17_9,7093.667,73.55149,16.5852,0.0113,402.0517,49.0,55.0,1878.0,1100.0,1877.7089,1100.5454,1877.7089,1100.5454,192.2815622395774,27.62185153461033,1.604,1.453,69.76,0.02265,0.02005,71.78,1877.7089,1100.5454,192.2815622395774,27.62185153461033,0.9355380286,0.95112648825,0.9355380286,0.95112648825,0.993,0.949,50.21,0.9931774,0.948822,50.21,22.8909,0.0,3.01,1.104,0.094,0.979,17.0
622,622,17_33,17_8,1464.598,50.64014,18.2981,0.0375,403.9622,27.0,30.0,1606.0,1096.0,1605.6396,1095.4535,1605.6396,1095.4535,192.3678850982733,27.62556120239372,1.434,1.294,48.76,0.05847,0.05223,45.62,1605.6396,1095.4535,192.3678850982733,27.62556120239372,1.5143859299,1.6001581497,1.5143859299,1.6001581497,1.278,1.218,62.46,1.27757,1.217522,62.46,22.9266,0.0,4.1,1.109,0.098,0.104,17.0
623,623,17_34,17_7,288.1145,28.67862,20.0635,0.1081,404.5137,8.0,10.0,1585.0,1064.0,1585.0154,1064.1628,1585.0154,1064.1628,192.3741352084892,27.63452808949414,0.936,0.758,89.16,0.10407,0.08233,-89.95,1585.0154,1064.1628,192.3741352084892,27.63452808949414,1.2010457602,1.592301765,1.2010457602,1.592301765,1.263,1.095,86.31,1.262513,1.095175,86.31,22.979,0.0,5.01,1.235,0.19,0.062,17.0
626,626,17_37,17_4,1780.335,49.43971,18.0862,0.0302,402.0219,26.0,28.0,1861.0,1026.0,1861.3828,1026.308,1861.3828,1026.308,192.2860227009156,27.642858179198964,1.356,1.183,48.79,0.04713,0.04173,47.67,1861.3828,1026.308,192.2860227009156,27.642858179198964,0.89418657773,0.91213809588,0.89418657773,0.91213809588,0.996,0.903,47.92,0.9957051,0.9027159,47.92,22.8908,0.0,3.19,1.146,0.128,0.939,17.0
627,627,17_38,17_3,187.6309,21.82234,20.5291,0.1263,401.3642,5.0,6.0,1984.0,1027.0,1984.1692,1027.1781,1984.1692,1027.1781,192.24704799621492,27.641567809929533,0.752,0.567,43.68,0.11428,0.08448,44.95,1984.1692,1027.1781,192.24704799621492,27.641567809929533,0.68828843662,0.6756911997,0.68828843662,0.6756911997,0.831,0.82,23.87,0.8314785,0.820136,23.87,22.9126,0.0,2.82,1.327,0.246,0.489,17.0
628,628,17_39,17_2,348.3369,27.75283,19.8574,0.0865,403.5554,6.0,9.0,1700.0,1025.0,1699.6814,1024.7224,1699.6814,1024.7224,192.33734937142,27.644663517824544,0.875,0.727,9.95,0.09099,0.07552,7.67,1699.6814,1024.7224,192.33734937142,27.644663517824544,0.58303861589,0.53964651111,0.58303861589,0.53964651111,0.779,0.718,31.02,0.7794887,0.7176925,31.02,22.9012,0.0,3.33,1.203,0.169,0.58,17.0
632,632,18_4,18_36,489.3758,26.20029,19.4883,0.0581,400.0084,7.0,8.0,2189.0,1515.0,2188.8756,1514.6413,2188.8756,1514.6413,192.18691948230088,27.502774156409416,1.055,0.479,-1.93,0.09346,0.03715,-0.2,2188.8756,1514.6413,192.18691948230088,27.502774156409416,0.52945809104,0.16132422572,0.52945809104,0.16132422572,0.728,0.4,-2.99,0.7283323,0.4003927,-2.99,22.895,24.0,3.61,2.205,0.547,0.535,18.0
637,637,18_9,18_29,588.4659,36.27376,19.2881,0.0669,400.1915,12.0,16.0,2148.0,1396.0,2148.2021,1395.6719,2148.2021,1395.6719,192.1986352053751,27.53657068859278,1.114,0.981,11.33,0.08147,0.07033,14.41,2148.2021,1395.6719,192.1986352053751,27.53657068859278,1.5569975565,1.4056842842,1.5569975565,1.4056842842,1.25,1.184,-9.74,1.249636,1.183678,-9.74,22.8794,0.0,4.41,1.136,0.12,0.27,18.0
648,648,18_20,18_18,1752.864,49.68815,18.103,0.0308,400.3234,25.0,28.0,2176.0,1236.0,2175.6435,1236.5174,2175.6435,1236.5174,192.1883470108976,27.581071077622436,1.336,1.2,81.09,0.04572,0.0426,-87.67,2175.6435,1236.5174,192.1883470108976,27.581071077622436,0.81479492973,0.92859016754,0.81479492973,0.92859016754,0.969,0.896,73.34,0.9694275,0.8964348,73.34,22.8783,0.0,3.2,1.113,0.102,0.874,18.0
652,652,18_24,18_14,539.932,32.98129,19.3816,0.0663,398.8457,12.0,13.0,2401.0,1156.0,2401.4357,1155.8522,2401.4357,1155.8522,192.11589025858476,27.60176104653846,1.015,0.861,19.89,0.0801,0.06893,14.12,2401.4357,1155.8522,192.11589025858476,27.60176104653846,0.78839000169,0.73986643526,0.78839000169,0.73986643526,0.913,0.833,34.78,0.9130058,0.8334727,34.78,22.8386,0.0,3.53,1.179,0.152,0.569,18.0
661,661,18_33,18_5,1832.223,57.44779,18.055,0.0341,400.8413,36.0,38.0,2181.0,1063.0,2182.0075,1063.5912,2182.0075,1063.5912,192.18460434941315,27.62962346376224,1.572,1.52,-27.61,0.0578,0.05585,-49.31,2182.0075,1063.5912,192.18460434941315,27.62962346376224,2.0778365625,1.9836781135,2.0778365625,1.9836781135,1.441,1.408,1.5,1.441493,1.408408,1.5,22.8862,0.0,4.98,1.034,0.033,0.016,18.0
674,674,19_10,19_36,3236.191,67.84716,17.4373,0.0228,399.9343,45.0,51.0,3014.0,1447.0,3013.9745,1446.9582,3013.9745,1446.9582,191.92460323099584,27.514368865977264,1.816,1.536,78.35,0.04669,0.03844,80.37,3013.9745,1446.9582,191.92460323099584,27.514368865977264,1.6269894171,1.8241037956,1.6269894171,1.8241037956,1.36,1.266,71.34,1.359955,1.26555,71.34,22.8667,16.0,4.38,1.182,0.154,0.068,19.0
675,675,19_11,19_35,512.9436,34.10665,19.4372,0.0722,399.1035,11.0,14.0,2859.0,1425.0,2858.6856,1425.7254,2858.6856,1425.7254,191.97362211753477,27.521774176308345,1.094,0.865,69.6,0.08741,0.06813,66.09,2858.6856,1425.7254,191.97362211753477,27.521774176308345,0.88817704925,1.0555206743,0.88817704925,1.0555206743,1.034,0.935,74.49,1.034156,0.9349971,74.49,22.8845,0.0,3.36,1.264,0.209,0.542,19.0
678,678,19_14,19_32,2609.981,55.17887,17.6708,0.023,398.9677,30.0,34.0,2606.0,1408.0,2605.9364,1407.9552,2605.9364,1407.9552,192.05358859834763,27.52907095841898,1.437,1.216,71.12,0.04002,0.03203,77.03,2605.9364,1407.9552,192.05358859834763,27.52907095841898,0.7938546709,0.82834309266,0.7938546709,0.82834309266,0.932,0.868,53.75,0.9319015,0.868192,53.75,22.8768,0.0,3.09,1.182,0.154,0.968,19.0
692,692,19_28,19_18,673.6176,34.49921,19.1414,0.0556,399.009,13.0,14.0,2685.0,1222.0,2685.5087,1221.7529,2685.5087,1221.7529,192.02642991981344,27.580687324943376,0.987,0.916,25.5,0.06339,0.06197,5.3,2685.5087,1221.7529,192.02642991981344,27.580687324943376,0.74940474329,0.71705089039,0.74940474329,0.71705089039,0.903,0.807,39.29,0.9027684,0.8071337,39.29,22.8576,0.0,3.15,1.078,0.072,0.719,19.0
701,701,19_37,19_10,346.9778,27.44734,19.8617,0.0859,399.5949,9.0,9.0,2589.0,1092.0,2589.1615,1092.3358,2589.1615,1092.3358,192.05566769302368,27.61793400729119,0.877,0.755,76.72,0.09112,0.0758,82.05,2589.1615,1092.3358,192.05566769302368,27.61793400729119,0.75499228385,0.84289283297,0.75499228385,0.84289283297,0.942,0.842,59.73,0.9424857,0.8423811,59.73,22.8832,0.0,3.17,1.162,0.14,0.511,19.0
704,704,19_40,19_7,629.0604,35.34451,19.2157,0.061,401.9819,15.0,15.0,2865.0,1062.0,2865.266,1062.5894,2865.266,1062.5894,191.96773037442077,27.62377573716176,1.081,0.913,-83.08,0.07296,0.06074,-84.14,2865.266,1062.5894,191.96773037442077,27.62377573716176,0.69173370042,0.7808214662,0.69173370042,0.7808214662,0.886,0.83,-79.2,0.8855413,0.8296818,-79.2,22.9267,0.0,2.91,1.185,0.156,0.552,19.0
707,707,19_43,19_4,854.515,40.0174,18.8831,0.0509,400.3693,17.0,19.0,2615.0,1024.0,2615.115,1023.8523,2615.115,1023.8523,192.04672526541577,27.63694763090985,1.172,1.017,48.61,0.06555,0.05605,45.12,2615.115,1023.8523,192.04672526541577,27.63694763090985,0.87002547623,0.92463998202,0.87002547623,0.92463998202,0.973,0.92,61.48,0.9734024,0.9204092,61.48,22.9186,0.0,3.03,1.152,0.132,0.68,19.0
741,741,20_32,20_15,448.6983,31.61576,19.5825,0.0765,403.0221,7.0,11.0,3049.0,1114.0,3048.5678,1114.1371,3048.5678,1114.1371,191.91010122998512,27.607585725191427,1.021,0.725,46.22,0.08799,0.05882,41.34,3048.5678,1114.1371,191.91010122998512,27.607585725191427,0.59448730383,0.80020020633,0.59448730383,0.80020020633,0.905,0.759,73.85,0.9049952,0.75873,73.85,22.8408,0.0,3.47,1.408,0.29,0.513,20.0
757,757,21_2,21_47,461.106,33.00946,19.5529,0.0777,405.2359,11.0,13.0,341.0,2015.0,340.6187,2014.609,340.6187,2014.609,192.7775081305502,27.37693498543371,1.018,0.863,49.77,0.09124,0.07772,45.26,340.6187,2014.609,192.7775081305502,27.37693498543371,0.83346448865,0.90265127454,0.83346448865,0.90265127454,0.989,0.87,54.12,0.9892031,0.8703982,54.12,22.8785,16.0,3.64,1.179,0.152,0.509,21.0
759,759,21_4,21_45,178.4633,20.54856,20.5835,0.125,406.4228,4.0,5.0,85.0,1995.0,84.59,1994.8318,84.59,1994.8318,192.8584827877997,27.38434591848061,0.746,0.448,70.15,0.1168,0.06759,71.57,84.59,1994.8318,192.8584827877997,27.38434591848061,0.63289021646,0.67740744255,0.63289021646,0.67740744255,0.848,0.769,55.16,0.8480836,0.7687989,55.16,22.9328,0.0,3.11,1.666,0.4,0.5,21.0
764,764,21_9,21_40,786.3483,40.03471,18.9734,0.0553,404.5196,13.0,19.0,447.0,1937.0,447.0451,1936.8333,447.0451,1936.8333,192.7431089425584,27.398027835035965,1.162,1.026,1.94,0.07177,0.06363,0.41,447.0451,1936.8333,192.7431089425584,27.398027835035965,0.9425733182,0.85152793489,0.9425733182,0.85152793489,0.972,0.921,9.29,0.9721507,0.921425,9.29,22.8837,0.0,3.25,1.132,0.117,0.729,21.0
765,765,21_10,21_39,610.4023,41.66629,19.2484,0.0741,406.3173,18.0,21.0,232.0,1933.0,232.1918,1933.685,232.1918,1933.685,192.81118747180795,27.40048263438624,1.567,0.981,55.22,0.11603,0.07236,54.5,232.1918,1933.685,192.81118747180795,27.40048263438624,2.4435292793,3.2644864059,2.4435292793,3.2644864059,1.874,1.482,64.29,1.874071,1.481849,64.29,22.9298,0.0,7.41,1.597,0.374,0.001,21.0
767,767,21_12,21_37,1428.598,46.83791,18.3251,0.0356,406.0601,23.0,25.0,245.0,1928.0,245.4412,1927.9928,245.4412,1927.9928,192.80693947114483,27.40198763414707,1.264,1.144,29.6,0.05202,0.04534,11.65,245.4412,1927.9928,192.80693947114483,27.40198763414707,0.77922084981,0.84355893928,0.77922084981,0.84355893928,0.936,0.864,59.87,0.93608,0.864022,59.87,22.9147,0.0,2.97,1.105,0.095,0.902,21.0
768,768,21_13,21_36,1329.853,54.46722,18.4029,0.0445,404.7979,32.0,35.0,71.0,1914.0,71.6014,1914.3848,71.6014,1914.3848,192.86193101054303,27.407064394545504,1.707,1.448,37.4,0.08366,0.06941,37.78,71.6014,1914.3848,192.86193101054303,27.407064394545504,3.1580904234,3.028976968,3.1580904234,3.028976968,1.82,1.695,36.48,1.820367,1.69509,36.48,22.8437,0.0,6.99,1.179,0.152,0.009,21.0
771,771,21_16,21_33,940.9359,40.8144,18.7785,0.0471,405.2807,16.0,19.0,224.0,1878.0,224.6549,1878.0445,224.6549,1878.0445,192.81310675771184,27.416185770376625,1.151,1.029,71.35,0.06214,0.05364,74.37,224.6549,1878.0445,192.81310675771184,27.416185770376625,0.83798729938,0.87373335336,0.83798729938,0.87373335336,0.937,0.913,72.67,0.9367983,0.913307,72.67,22.8612,0.0,2.9,1.119,0.106,0.758,21.0
773,773,21_18,21_30,1169.548,44.42704,18.5424,0.0413,405.9525,20.0,22.0,145.0,1856.0,145.33,1856.65,145.33,1856.65,192.83807576381764,27.422774484628377,1.269,1.041,63.15,0.05878,0.04835,64.65,145.33,1856.65,192.83807576381764,27.422774484628377,0.71993839432,0.81193335418,0.71993839432,0.81193335418,0.924,0.824,60.95,0.9235716,0.8239461,60.95,22.8746,0.0,3.0,1.219,0.18,0.889,21.0
776,776,21_21,21_27,380.0432,32.27625,19.7628,0.0922,405.5193,11.0,12.0,273.0,1839.0,273.3743,1838.7706,273.3743,1838.7706,192.79732771794917,27.42687817600636,1.055,0.811,-31.41,0.10125,0.07724,-32.01,273.3743,1838.7706,192.79732771794917,27.42687817600636,1.7243158295,1.6845471667,1.7243158295,1.6845471667,1.323,1.288,-32.05,1.322854,1.28799,-32.05,22.8766,0.0,4.29,1.3,0.231,0.166,21.0
777,777,21_22,21_26,264.2186,24.60108,20.1575,0.1011,405.065,7.0,7.0,195.0,1830.0,194.9718,1830.3028,194.9718,1830.3028,192.8221149924001,27.429827205526607,0.731,0.667,-5.66,0.08924,0.08253,-0.67,194.9718,1830.3028,192.8221149924001,27.429827205526607,0.73245687828,0.82723891107,0.73245687828,0.82723891107,0.913,0.853,-76.89,0.9125077,0.8526579,-76.89,22.8396,0.0,2.69,1.097,0.089,0.485,21.0
779,779,21_24,21_24,208.0743,20.79721,20.4169,0.1085,405.0137,5.0,5.0,226.0,1820.0,225.5809,1820.242,225.5809,1820.242,192.8123246944429,27.432435627000437,0.731,0.459,-71.39,0.10804,0.06256,-71.53,225.5809,1820.242,192.8123246944429,27.432435627000437,0.71038737809,0.85518015729,0.71038737809,0.85518015729,0.929,0.838,-77.37,0.9288901,0.8382903,-77.37,22.846,0.0,3.41,1.594,0.373,0.491,21.0
786,786,21_31,21_17,438.8664,33.05838,19.6066,0.0818,404.1512,11.0,13.0,465.0,1733.0,464.9224,1733.1204,464.9224,1733.1204,192.73568004151196,27.455186863527203,1.146,0.848,74.21,0.10886,0.08153,73.81,464.9224,1733.1204,192.73568004151196,27.455186863527203,1.1040132505,1.4591902776,1.1040132505,1.4591902776,1.21,1.048,82.59,1.210498,1.047807,82.59,22.8587,0.0,5.87,1.352,0.26,0.019,21.0
787,787,21_32,21_16,347.5731,27.93689,19.8598,0.0873,404.9918,9.0,9.0,369.0,1730.0,368.9793,1729.9793,368.9793,1729.9793,192.7660816047676,27.45677667983105,0.804,0.767,36.57,0.0825,0.08224,38.16,368.9793,1729.9793,192.7660816047676,27.45677667983105,0.87370467708,0.70771044761,0.87370467708,0.70771044761,0.965,0.806,27.03,0.9654633,0.8057889,27.03,22.8569,0.0,4.66,1.048,0.046,0.094,21.0
789,789,21_34,21_14,339.8804,29.16022,19.8841,0.0932,405.7103,8.0,10.0,347.0,1712.0,347.002,1712.1806,347.002,1712.1806,192.77289939798808,27.461943225037214,0.919,0.756,-88.11,0.09368,0.0742,-89.91,347.002,1712.1806,192.77289939798808,27.461943225037214,0.9531228234,1.0733108901,0.9531228234,1.0733108901,1.036,0.976,89.93,1.036007,0.97628,89.93,22.8926,0.0,3.05,1.216,0.177,0.515,21.0
796,796,21_41,21_7,358.9615,28.08599,19.8248,0.085,410.2104,7.0,9.0,65.0,1595.0,64.9674,1594.9444,64.9674,1594.9444,192.8613739996247,27.49695259019529,0.801,0.757,41.02,0.07313,0.07269,49.55,64.9674,1594.9444,192.8613739996247,27.49695259019529,0.67575891332,0.62037257856,0.67575891332,0.62037257856,0.846,0.762,32.9,0.8459532,0.761902,32.9,22.8756,0.0,3.11,1.058,0.055,0.534,21.0
798,798,21_43,21_5,147.8133,20.6596,20.7881,0.1518,406.5199,3.0,5.0,228.0,1575.0,227.805,1574.6197,227.805,1574.6197,192.8095395015848,27.50149765200083,1.009,0.388,-85.08,0.17067,0.06521,-84.87,227.805,1574.6197,192.8095395015848,27.50149765200083,1.466834639,1.8651481135,1.466834639,1.8651481135,1.393,1.18,-68.33,1.392781,1.179891,-68.33,22.8814,0.0,3.69,2.6,0.615,0.433,21.0
806,806,22_5,22_36,468.539,30.92027,19.5355,0.0717,404.176,9.0,11.0,785.0,1972.0,784.4656,1971.8167,784.4656,1971.8167,192.6364651286496,27.38566204818189,1.015,0.713,46.3,0.0899,0.05993,41.29,784.4656,1971.8167,192.6364651286496,27.38566204818189,0.48275970046,0.62844855086,0.48275970046,0.62844855086,0.816,0.667,65.7,0.8159375,0.6674235,65.7,22.8587,0.0,3.09,1.425,0.298,0.543,22.0
807,807,22_6,22_35,180.3279,22.48906,20.5722,0.1354,404.4634,5.0,6.0,817.0,1945.0,816.3434,1945.3258,816.3434,1945.3258,192.62612539819887,27.39286911617788,0.9,0.517,-45.09,0.13228,0.07635,-45.0,816.3434,1945.3258,192.62612539819887,27.39286911617788,1.6605149829,1.6893784581,1.6605149829,1.6893784581,1.501,1.048,-45.72,1.500841,1.047554,-45.72,22.8784,0.0,4.0,1.742,0.426,0.478,22.0
808,808,22_7,22_34,1025.335,41.85134,18.6852,0.0443,404.1089,17.0,20.0,784.0,1941.0,784.3063999999999,1941.4973,784.3063999999999,1941.4973,192.6362457993927,27.394189880893816,1.229,1.025,76.5,0.06237,0.05057,77.46,784.3063999999999,1941.4973,192.6362457993927,27.394189880893816,0.85343313684,0.99863218183,0.85343313684,0.99863218183,1.005,0.918,75.11,1.004832,0.9178118,75.11,22.8621,0.0,3.33,1.199,0.166,0.812,22.0
809,809,22_8,22_33,566.4517,36.47905,19.3295,0.0699,404.0463,14.0,16.0,600.0,1929.0,600.3025,1928.9588,600.3025,1928.9588,192.69446003251784,27.39910412887437,1.179,0.95,-64.28,0.09151,0.07176,-64.05,600.3025,1928.9588,192.69446003251784,27.39910412887437,1.2823906392,1.5299555906,1.2823906392,1.5299555906,1.249,1.119,-71.59,1.249315,1.11873,-71.59,22.8654,0.0,4.18,1.241,0.194,0.136,22.0
810,810,22_9,22_32,315.5117,28.84331,19.9649,0.0993,404.5389,9.0,10.0,892.0,1921.0,891.5344,1921.039,891.5344,1921.039,192.60207493870044,27.399123297372554,1.046,0.665,-27.88,0.1155,0.07105,-26.58,891.5344,1921.039,192.60207493870044,27.399123297372554,1.5773345795,1.4090472658,1.5773345795,1.4090472658,1.256,1.187,2.71,1.25607,1.186874,2.71,22.9048,0.0,4.68,1.574,0.364,0.505,22.0
811,811,22_10,22_31,3478.239,59.93149,17.359,0.0187,404.8118,34.0,39.0,584.0,1894.0,583.8489,1893.9877,583.8489,1893.9877,192.6993699585444,27.409062131055155,1.471,1.323,58.96,0.03217,0.02951,49.88,583.8489,1893.9877,192.6993699585444,27.409062131055155,0.82444661477,0.89142296026,0.82444661477,0.89142296026,0.955,0.897,64.35,0.9547231,0.8968687,64.35,22.9061,0.0,3.1,1.112,0.101,0.976,22.0
812,812,22_11,22_30,1596.143,50.25651,18.2047,0.0342,403.8966,23.0,29.0,835.0,1891.0,835.2202,1891.5482,835.2202,1891.5482,192.61966140067415,27.40784839521348,1.387,1.173,52.73,0.05432,0.04637,54.56,835.2202,1891.5482,192.61966140067415,27.40784839521348,0.85734381242,0.88321171634,0.85734381242,0.88321171634,0.971,0.894,50.19,0.9705806,0.8936044,50.19,22.868,0.0,3.52,1.182,0.154,0.913,22.0
813,813,22_12,22_29,1031.468,42.25373,18.6788,0.0445,403.5532,17.0,21.0,892.0,1890.0,892.0265999999999,1889.9034,892.0265999999999,1889.9034,192.6016391189799,27.40787541882387,1.144,1.11,77.12,0.05734,0.05709,-86.02,892.0265999999999,1889.9034,192.6016391189799,27.40787541882387,0.77111131433,0.83154438752,0.77111131433,0.83154438752,0.915,0.875,73.23,0.9151964,0.8746836,73.23,22.8668,0.0,3.19,1.03,0.029,0.829,22.0
814,814,22_13,22_28,1338.869,46.81556,18.3956,0.038,403.7621,21.0,25.0,963.0,1887.0,963.5068,1887.1978,963.5068,1887.1978,192.5789559576915,27.40808494175248,1.333,1.085,45.57,0.05966,0.04508,40.27,963.5068,1887.1978,192.5789559576915,27.40808494175248,0.78470510809,0.84873405413,0.78470510809,0.84873405413,0.931,0.876,65.25,0.9305978,0.8760291,65.25,22.8746,0.0,3.13,1.229,0.186,0.919,22.0
816,816,22_15,22_26,281.1879,27.50789,20.0899,0.1062,405.3556,8.0,9.0,770.0,1858.0,769.3778,1858.0589,769.3778,1858.0589,192.64023588080929,27.417768264506115,0.935,0.688,-23.07,0.10747,0.07736,-20.67,769.3778,1858.0589,192.64023588080929,27.417768264506115,1.3556732158,1.4664104452,1.3556732158,1.4664104452,1.283,1.084,-51.81,1.282995,1.084438,-51.81,22.924,0.0,3.32,1.359,0.264,0.542,22.0
821,821,22_20,22_21,432.1654,29.31359,19.6233,0.0737,405.0725,10.0,10.0,744.0,1831.0,744.2346,1831.0143,744.2346,1831.0143,192.64796713787507,27.42556470279134,0.897,0.742,3.36,0.0782,0.06197,0.24,744.2346,1831.0143,192.64796713787507,27.42556470279134,0.61810741969,0.52879496917,0.61810741969,0.52879496917,0.794,0.719,18.75,0.7935573,0.7191447,18.75,22.9119,0.0,2.35,1.209,0.173,0.523,22.0
822,822,22_21,22_20,300.4705,28.98348,20.0179,0.1048,406.143,10.0,10.0,802.0,1815.0,801.9489,1814.814,801.9489,1814.814,192.62952409878136,27.429681592242357,0.94,0.767,89.91,0.10167,0.08067,-89.89,801.9489,1814.814,192.62952409878136,27.429681592242357,1.8628921719,1.8637413711,1.8628921719,1.8637413711,1.441,1.284,-45.06,1.441279,1.28427,-45.06,22.968,0.0,5.05,1.226,0.184,0.094,22.0
826,826,22_25,22_16,1103.375,43.60436,18.6056,0.0429,403.5663,21.0,22.0,1000.0,1773.0,999.8086,1772.8087,999.8086,1772.8087,192.5664107136107,27.43997068547965,1.241,1.117,48.83,0.05954,0.05353,45.27,999.8086,1772.8087,192.5664107136107,27.43997068547965,1.0658913339,1.0922763347,1.0658913339,1.0922763347,1.07,1.007,50.81,1.069849,1.006772,50.81,22.8776,0.0,3.57,1.111,0.1,0.467,22.0
827,827,22_26,22_15,642.3811,37.36068,19.1929,0.0632,403.6931,14.0,16.0,807.0,1711.0,807.1935,1710.6785,807.1935,1710.6785,192.62693157857345,27.45892600299956,1.108,0.987,9.33,0.07724,0.06675,14.21,807.1935,1710.6785,192.62693157857345,27.45892600299956,1.3842263408,1.2747199602,1.3842263408,1.2747199602,1.177,1.128,-6.76,1.177194,1.128345,-6.76,22.8519,0.0,3.99,1.123,0.109,0.131,22.0
828,828,22_27,22_14,270.4752,24.28547,20.1321,0.0975,404.1663,6.0,7.0,877.0,1685.0,876.6613,1684.9852,876.6613,1684.9852,192.60466966323747,27.465618983056707,0.747,0.663,85.69,0.08113,0.07512,89.09,876.6613,1684.9852,192.60466966323747,27.465618983056707,0.76512287743,0.90397046549,0.76512287743,0.90397046549,0.96,0.864,71.39,0.9600706,0.8644986,71.39,22.9206,0.0,4.17,1.127,0.113,0.468,22.0
829,829,22_28,22_13,3190.754,59.75047,17.4527,0.0203,404.0728,31.0,38.0,670.0,1669.0,669.9164000000001,1669.3239,669.9164000000001,1669.3239,192.67010426543192,27.471597129174015,1.44,1.317,49.85,0.03361,0.03131,18.52,669.9164000000001,1669.3239,192.67010426543192,27.471597129174015,0.83379533492,0.8948213406,0.83379533492,0.8948213406,0.968,0.889,57.26,0.9684311,0.8892457,57.26,22.8531,0.0,3.11,1.094,0.086,0.978,22.0
830,830,22_29,22_12,1789.594,52.91126,18.0805,0.0321,402.7003,27.0,31.0,1012.0,1658.0,1011.4793,1658.0422,1011.4793,1658.0422,192.5616673754782,27.47215236429766,1.584,1.199,-81.12,0.05983,0.0428,-80.31,1011.4793,1658.0422,192.5616673754782,27.47215236429766,1.1833289944,1.521040034,1.1833289944,1.521040034,1.234,1.087,-85.93,1.234,1.08702,-85.93,22.8596,24.0,4.55,1.321,0.243,0.327,22.0
831,831,22_30,22_11,282.9282,26.12974,20.0832,0.1003,402.6208,6.0,8.0,797.0,1649.0,797.1014,1649.1382,797.1014,1649.1382,192.62958312547377,27.476308801484905,0.823,0.674,-46.07,0.10013,0.07927,-45.01,797.1014,1649.1382,192.62958312547377,27.476308801484905,0.70238444415,0.83651813391,0.70238444415,0.83651813391,0.916,0.837,-83.4,0.915607,0.8369984,-83.4,22.815,0.0,4.42,1.222,0.182,0.501,22.0
833,833,22_32,22_9,302.3062,26.35352,20.0113,0.0947,404.7794,8.0,8.0,770.0,1633.0,770.0301999999999,1632.837,770.0301999999999,1632.837,192.6380248343376,27.481099192678467,0.835,0.655,44.37,0.09069,0.07138,44.26,770.0301999999999,1632.837,192.6380248343376,27.481099192678467,0.71256966092,0.83602641741,0.71256966092,0.83602641741,0.928,0.829,67.38,0.9284202,0.8286326,67.38,22.9049,0.0,2.67,1.274,0.215,0.494,22.0
835,835,22_34,22_7,376.6205,28.01188,19.7726,0.0808,404.0606,8.0,9.0,784.0,1628.0,784.3100999999999,1627.8105,784.3100999999999,1627.8105,192.63345032648533,27.48240389878425,0.891,0.675,22.62,0.08714,0.06306,20.8,784.3100999999999,1627.8105,192.63345032648533,27.48240389878425,0.66447641911,0.61295132926,0.66447641911,0.61295132926,0.837,0.76,32.56,0.8366231,0.7599273,32.56,22.8755,0.0,2.82,1.321,0.243,0.567,22.0
837,837,22_36,22_5,756.0866,38.2447,19.016,0.0549,403.219,13.0,17.0,829.0,1618.0,829.4087,1617.7875,829.4087,1617.7875,192.6190549499343,27.48487787779912,1.164,0.925,74.27,0.07228,0.05631,74.96,829.4087,1617.7875,192.6190549499343,27.48487787779912,0.76639194405,0.93970872823,0.76639194405,0.93970872823,0.981,0.863,71.34,0.9808192,0.862609,71.34,22.8553,0.0,3.18,1.258,0.205,0.634,22.0
838,838,22_37,22_4,5114.956,66.72224,16.9403,0.0142,404.1037,37.0,46.0,534.0,1605.0,534.3992,1605.1014,534.3992,1605.1014,192.7125295511472,27.490673289620155,1.548,1.334,70.99,0.02711,0.02242,78.85,534.3992,1605.1014,192.7125295511472,27.490673289620155,0.82084905908,0.88151607308,0.82084905908,0.88151607308,0.956,0.888,59.3,0.9563145,0.8875965,59.3,22.8768,0.0,2.95,1.161,0.138,0.982,22.0
840,840,22_39,22_38,9105.089,120.7875,16.3142,0.0144,405.3509,131.0,140.0,1003.0,1986.0,1002.7872,1986.0234,1002.7872,1986.0234,192.5674010351237,27.379989190520707,3.512,2.154,-64.84,0.05347,0.03145,-64.0,1002.7872,1986.0234,192.5674010351237,27.379989190520707,4.1996993135,5.3646106975,4.1996993135,5.3646106975,2.359,1.999,-68.97,2.359359,1.999434,-68.97,22.7908,16.0,6.91,1.63,0.386,0.013,22.0
843,843,23_3,23_53,7370.259,89.33705,16.5437,0.0132,401.8944,84.0,89.0,1402.0,2013.0,1402.1534,2013.4684,1402.1534,2013.4684,192.44110507760692,27.369113107086022,2.475,1.752,25.15,0.03971,0.02707,22.77,1402.1534,2013.4684,192.44110507760692,27.369113107086022,2.3318055982,1.9949041502,2.3318055982,1.9949041502,1.578,1.355,29.55,1.578415,1.354739,29.55,22.8977,24.0,5.09,1.413,0.292,0.021,23.0
844,844,23_4,23_51,476.2914,32.35688,19.5177,0.0738,401.3735,11.0,13.0,1484.0,1998.0,1484.4223,1998.1424,1484.4223,1998.1424,192.414894984087,27.372757331156883,1.027,0.889,-8.42,0.08667,0.07466,-13.36,1484.4223,1998.1424,192.414894984087,27.372757331156883,1.2839223861,1.224136712,1.2839223861,1.224136712,1.167,1.07,37.02,1.167382,1.070177,37.02,22.9066,0.0,5.01,1.155,0.134,0.12,23.0
845,845,23_5,23_50,3727.424,79.47092,17.2839,0.0232,404.2114,60.0,66.0,1005.0,1986.0,1005.5194,1984.7742,1005.5194,1984.7742,192.56652384360729,27.380319276329235,3.348,1.289,-84.58,0.08585,0.03326,-85.07,1005.5194,1984.7742,192.56652384360729,27.380319276329235,2.1283847828,5.2149748121,2.1283847828,5.2149748121,2.292,1.446,-83.78,2.291732,1.44614,-83.78,22.8277,24.0,10.2,2.597,0.615,0.022,23.0
848,848,23_8,23_47,445.2261,30.55401,19.591,0.0745,402.7915,10.0,11.0,1273.0,1928.0,1273.2202,1927.579,1273.2202,1927.579,192.4811602174076,27.39429781365319,1.036,0.725,46.3,0.08978,0.05978,48.81,1273.2202,1927.579,192.4811602174076,27.39429781365319,0.87900098422,0.81867761955,0.87900098422,0.81867761955,0.991,0.846,38.43,0.9906704,0.8463159,38.43,22.899,0.0,2.82,1.429,0.3,0.515,23.0
849,849,23_9,23_46,195.3678,20.59666,20.4853,0.1145,402.4577,4.0,5.0,1268.0,1924.0,1267.4455,1923.7423,1267.4455,1923.7423,192.48295475506637,27.39542267155895,0.739,0.458,-70.63,0.10755,0.0622,-71.29,1267.4455,1923.7423,192.48295475506637,27.39542267155895,0.81755797125,1.0021683967,0.81755797125,1.0021683967,1.003,0.902,-81.0,1.003455,0.901557,-81.0,22.8798,0.0,3.42,1.613,0.38,0.49,23.0
852,852,23_12,23_42,271.4402,26.94046,20.1282,0.1078,402.8537,7.0,9.0,1492.0,1886.0,1492.0046,1886.0299,1492.0046,1886.0299,192.41143376109304,27.40422024456958,0.804,0.783,36.36,0.09103,0.0909,49.24,1492.0046,1886.0299,192.41143376109304,27.40422024456958,1.1583830936,1.1628877603,1.1583830936,1.1628877603,1.087,1.067,-48.05,1.087125,1.067441,-48.05,22.9595,0.0,4.71,1.027,0.026,0.284,23.0
862,862,23_22,23_32,1234.704,49.35411,18.4835,0.0434,403.8242,25.0,28.0,1160.0,1844.0,1159.4528,1844.3058,1159.4528,1844.3058,192.51645069684528,27.418615787295632,1.564,1.168,-20.32,0.07333,0.05244,-19.28,1159.4528,1844.3058,192.51645069684528,27.418615787295632,1.8089941269,1.5711363998,1.8089941269,1.5711363998,1.361,1.236,-21.33,1.360813,1.236252,-21.33,22.9214,0.0,4.73,1.338,0.253,0.146,23.0
863,863,23_23,23_31,888.0106,47.95475,18.8414,0.0586,402.431,26.0,27.0,1155.0,1839.0,1155.4127,1838.4897,1155.4127,1838.4897,192.5176779410218,27.420283126413583,2.075,1.009,-46.7,0.12921,0.06361,-45.73,1155.4127,1838.4897,192.5176779410218,27.420283126413583,3.6012216752,4.1181855396,3.6012216752,4.1181855396,2.209,1.685,-52.33,2.209317,1.684733,-52.33,22.851,0.0,8.66,2.057,0.514,0.0,23.0
868,868,23_28,23_26,1875.934,50.78761,18.0294,0.0294,402.9239,24.0,29.0,1085.0,1771.0,1084.7413,1771.387,1084.7413,1771.387,192.53946811608475,27.439707758076256,1.299,1.193,53.83,0.04371,0.04049,60.11,1084.7413,1771.387,192.53946811608475,27.439707758076256,0.76863615544,0.7735801023,0.76863615544,0.7735801023,0.908,0.847,46.31,0.9084835,0.8466841,46.31,22.8671,0.0,2.85,1.089,0.082,0.956,23.0
873,873,23_33,23_21,1406.88,52.69183,18.3418,0.0407,402.0605,29.0,33.0,1445.0,1732.0,1444.537,1731.6691,1444.537,1731.6691,192.42502460442515,27.448008656451133,1.51,1.423,-24.6,0.06622,0.06258,-27.7,1444.537,1731.6691,192.42502460442515,27.448008656451133,2.1778961424,2.0735784306,2.1778961424,2.0735784306,1.476,1.44,-4.77,1.476018,1.439738,-4.77,22.8856,0.0,5.0,1.061,0.057,0.017,23.0
874,874,23_34,23_20,599.639,34.40583,19.2677,0.0623,402.5314,12.0,14.0,1405.0,1725.0,1404.6868,1724.8223,1404.6868,1724.8223,192.43759470234727,27.450256238954083,1.05,0.871,60.61,0.07563,0.059,65.28,1404.6868,1724.8223,192.43759470234727,27.450256238954083,0.68387612021,0.6729910609,0.68387612021,0.6729910609,0.837,0.81,38.09,0.8373828,0.8097267,38.09,22.9003,0.0,2.76,1.205,0.17,0.553,23.0
886,886,23_46,23_8,792.5769,39.07303,18.9648,0.0535,402.3782,16.0,18.0,1504.0,1595.0,1503.6361,1595.4534,1503.6361,1595.4534,192.4049997361436,27.485827718487656,1.09,1.075,88.92,0.06526,0.06422,-73.5,1503.6361,1595.4534,192.4049997361436,27.485827718487656,0.9507136467,0.95417089717,0.9507136467,0.95417089717,0.977,0.975,69.57,0.9771017,0.9747599,69.57,22.8815,0.0,2.86,1.013,0.013,0.509,23.0
889,889,23_49,23_5,1049.769,43.26787,18.6597,0.0448,403.1576,18.0,22.0,1309.0,1581.0,1309.4632,1580.8086,1309.4632,1580.8086,192.4664452496987,27.4915154880651,1.232,1.102,33.52,0.06139,0.05291,32.96,1309.4632,1580.8086,192.4664452496987,27.4915154880651,0.93842670101,0.89440399202,0.93842670101,0.89440399202,0.972,0.942,20.33,0.9723322,0.9420196,20.33,22.9355,0.0,3.29,1.118,0.106,0.799,23.0
891,891,23_51,23_3,436.3144,30.57261,19.6129,0.0761,401.6105,11.0,11.0,1435.0,1560.0,1434.9065,1560.3,1434.9065,1560.3,192.42646594364248,27.4962706663414,0.997,0.753,-78.35,0.09075,0.06424,-75.2,1434.9065,1560.3,192.42646594364248,27.4962706663414,0.65308113462,0.7670262531,0.65308113462,0.7670262531,0.88,0.804,76.28,0.879914,0.8036533,76.28,22.841,0.0,3.61,1.323,0.244,0.585,23.0
892,892,23_52,23_2,736.9438,39.31001,19.0438,0.0579,403.1408,16.0,18.0,1135.0,1527.0,1135.2849,1526.755,1135.2849,1526.755,192.5211964271143,27.50809880762348,1.213,1.002,57.61,0.0783,0.06347,58.63,1135.2849,1526.755,192.5211964271143,27.50809880762348,1.2923291406,1.4419351823,1.2923291406,1.4419351823,1.211,1.126,69.36,1.211056,1.125881,69.36,22.8743,0.0,4.39,1.211,0.174,0.092,23.0
894,894,24_2,24_11,8743.146,103.3988,16.3582,0.0128,403.7238,96.0,125.0,1758.0,1506.0,1757.2784,1507.2055,1757.2784,1507.2055,192.32371530641683,27.508543911622837,11.677,1.253,-88.97,0.15885,0.01887,-89.11,1757.2784,1507.2055,192.32371530641683,27.508543911622837,2.7361575058,34.336740929,2.7361575058,34.336740929,5.861,1.65,-88.88,5.860795,1.650446,-88.88,22.9098,27.0,22.95,9.319,0.893,0.475,24.0
896,896,24_4,24_39,45265.73,174.8077,14.573,0.0042,401.2577,251.0,267.0,1889.0,2000.0,1888.7777,2000.069,1888.7777,2000.069,192.2868103727721,27.368870596595013,4.656,2.138,85.18,0.02336,0.01103,85.4,1888.7777,2000.069,192.2868103727721,27.368870596595013,2.2924299198,3.5303629165,2.2924299198,3.5303629165,1.882,1.511,84.74,1.881739,1.51058,84.74,22.825,16.0,5.28,2.178,0.541,0.029,24.0
900,900,24_8,24_35,6472.494,118.8348,16.6847,0.0199,401.4855,115.0,135.0,2012.0,1972.0,2011.6199,1971.4149,2011.6199,1971.4149,192.2476161234739,27.37588587091715,4.384,2.196,33.77,0.08204,0.04353,33.39,2011.6199,1971.4149,192.2476161234739,27.37588587091715,9.7847814477,9.0284026346,9.7847814477,9.0284026346,3.461,2.614,40.78,3.461321,2.613894,40.78,22.775,24.0,18.18,1.996,0.499,0.0,24.0
901,901,24_9,24_34,1812.53,51.88879,18.0667,0.0311,400.9396,24.0,27.0,1934.0,1963.0,1934.4113,1963.3532,1934.4113,1963.3532,192.2719960952639,27.37880823632585,1.343,1.134,58.58,0.04573,0.03772,51.17,1934.4113,1963.3532,192.2719960952639,27.37880823632585,0.81365566675,0.88953947082,0.81365566675,0.88953947082,0.953,0.891,65.92,0.9531417,0.8914685,65.92,22.8009,0.0,3.21,1.185,0.156,0.955,24.0
914,914,24_22,24_21,3046.97,56.99387,17.5027,0.0203,401.9471,31.0,36.0,1579.0,1789.0,1579.4684,1789.6508,1579.4684,1789.6508,192.3827985520599,27.43060537990541,1.383,1.333,-67.2,0.0334,0.03065,-61.21,1579.4684,1789.6508,192.3827985520599,27.43060537990541,0.87619704184,0.8583638016,0.87619704184,0.8583638016,0.944,0.918,34.04,0.9440197,0.9183614,34.04,22.9109,0.0,3.01,1.037,0.036,0.969,24.0
922,922,24_30,24_11,13567.91,110.5617,15.8811,0.0088,402.4464,95.0,129.0,1758.0,1623.0,1757.9651,1622.8004,1757.9651,1622.8004,192.32461236579644,27.47603930744861,10.788,0.825,88.48,0.11887,0.00865,88.44,1757.9651,1622.8004,192.32461236579644,27.47603930744861,0.039241896284,0.37982895399,0.039241896284,0.37982895399,0.618,0.193,85.47,0.6180474,0.1925832,85.47,22.886,3.0,0.0,13.069,0.923,0.996,24.0
925,925,24_33,24_10,445.9933,30.40493,19.5891,0.074,403.0565,9.0,11.0,1623.0,1612.0,1622.8144,1612.2239,1622.8144,1612.2239,192.3673654729225,27.48013475652385,0.925,0.818,-50.91,0.07907,0.06815,-50.58,1622.8144,1612.2239,192.3673654729225,27.48013475652385,0.70191922102,0.71690940632,0.70191922102,0.71690940632,0.866,0.818,-50.38,0.8657624,0.8180978,-50.38,22.8892,0.0,2.67,1.131,0.116,0.533,24.0
928,928,24_36,24_7,527.2622,39.55802,19.4073,0.0815,403.0796,15.0,19.0,1520.0,1567.0,1520.0154,1566.6928,1520.0154,1566.6928,192.39953297052168,27.49378033382228,1.478,0.962,-12.66,0.11841,0.076,-13.29,1520.0154,1566.6928,192.39953297052168,27.49378033382228,3.0263174939,2.7970344083,3.0263174939,2.7970344083,1.747,1.664,-17.86,1.747252,1.664471,-17.86,22.8798,0.0,6.62,1.537,0.349,0.03,24.0
932,932,24_40,24_3,157.4485,20.22805,20.7196,0.1395,401.4958,4.0,5.0,1980.0,1520.0,1979.4171,1520.7864,1979.4171,1520.7864,192.25339949620533,27.5028500709138,0.765,0.448,-70.62,0.12534,0.07242,-71.49,1979.4171,1520.7864,192.25339949620533,27.5028500709138,1.192126612,1.3524731174,1.192126612,1.3524731174,1.165,1.09,80.17,1.165089,1.089572,80.17,22.8877,0.0,3.44,1.706,0.414,0.468,24.0
940,940,25_7,25_40,1581.636,50.92178,18.2146,0.035,398.7866,28.0,30.0,2251.0,1955.0,2250.8529,1955.4493,2250.8529,1955.4493,192.1716753374357,27.37831347489179,1.527,1.244,-55.77,0.05971,0.04764,-53.07,2250.8529,1955.4493,192.1716753374357,27.37831347489179,1.4698631526,1.6172518665,1.4698631526,1.6172518665,1.299,1.183,-60.46,1.298827,1.183285,-60.46,22.8584,0.0,4.52,1.227,0.185,0.177,25.0
941,941,25_8,25_39,273.3041,27.28832,20.1208,0.1084,399.1117,8.0,9.0,2214.0,1947.0,2214.5384,1947.6297,2214.5384,1947.6297,192.1831005919356,27.38082754985149,1.041,0.64,6.91,0.11996,0.07419,6.15,2214.5384,1947.6297,192.1831005919356,27.38082754985149,2.0014787469,1.57103455,2.0014787469,1.57103455,1.415,1.253,3.09,1.415182,1.252906,3.09,22.869,0.0,4.82,1.625,0.385,0.263,25.0
952,952,25_19,25_27,168.2652,20.60418,20.6474,0.133,400.2123,5.0,5.0,2112.0,1868.0,2112.3915,1867.827,2112.3915,1867.827,192.21466882785415,27.404146056748257,0.756,0.446,-71.07,0.12313,0.07112,-71.54,2112.3915,1867.827,192.21466882785415,27.404146056748257,0.6087060256,0.81970734858,0.6087060256,0.81970734858,0.907,0.779,-84.03,0.9066624,0.778702,-84.03,22.8915,0.0,3.42,1.695,0.41,0.474,25.0
958,958,25_25,25_21,712.8792,36.82379,19.0799,0.0561,399.1035,13.0,16.0,2348.0,1831.0,2348.4573,1831.4426,2348.4573,1831.4426,192.13950997613807,27.412321168250543,1.047,1.003,52.45,0.06264,0.06234,52.81,2348.4573,1831.4426,192.13950997613807,27.412321168250543,0.96290421905,1.0011372866,0.96290421905,1.0011372866,1.015,0.966,56.72,1.014919,0.9664266,56.72,22.89,0.0,3.13,1.044,0.042,0.698,25.0
964,964,25_31,25_15,383.8645,31.24633,19.752,0.0884,399.973,12.0,12.0,2473.0,1749.0,2473.4788,1748.6714,2473.4788,1748.6714,192.0990579485789,27.43448387012962,1.068,0.822,53.23,0.10455,0.0799,52.77,2473.4788,1748.6714,192.0990579485789,27.43448387012962,1.2847309794,1.4187816232,1.2847309794,1.4187816232,1.219,1.104,60.13,1.218513,1.103965,60.13,22.9363,0.0,5.58,1.299,0.23,0.005,25.0
969,969,25_36,25_10,536.934,33.76461,19.3876,0.0683,399.0937,11.0,14.0,2502.0,1671.0,2502.2925,1671.4776,2502.2925,1671.4776,192.08914142706817,27.455926721686044,1.012,0.934,81.21,0.07509,0.07326,88.49,2502.2925,1671.4776,192.08914142706817,27.455926721686044,1.0251079868,1.2799412502,1.0251079868,1.2799412502,1.138,1.005,76.32,1.138415,1.00452,76.32,22.899,0.0,3.92,1.083,0.077,0.307,25.0
977,977,25_44,25_44,2241.007,71.55195,17.8363,0.0347,399.1412,54.0,62.0,2307.0,1996.0,2307.988,1995.9868,2307.988,1995.9868,192.1539839839494,27.366418371856533,2.336,1.866,2.41,0.08302,0.06799,0.6,2307.988,1995.9868,192.1539839839494,27.366418371856533,5.8309555071,4.6821125896,5.8309555071,4.6821125896,2.416,2.163,3.36,2.415561,2.162899,3.36,22.8889,0.0,9.83,1.252,0.201,0.0,25.0
982,982,26_5,26_43,454.3525,33.89147,19.5689,0.081,398.4632,10.0,14.0,2723.0,1991.0,2723.1287,1990.9672,2723.1287,1990.9672,192.0224516606845,27.364132319906837,1.259,0.801,-70.69,0.1049,0.06962,-71.08,2723.1287,1990.9672,192.0224516606845,27.364132319906837,1.8679242912,2.5133945542,1.8679242912,2.5133945542,1.675,1.255,-60.8,1.675237,1.25495,-60.8,22.9014,0.0,5.99,1.573,0.364,0.214,26.0
983,983,26_6,26_42,192.4358,20.23648,20.5017,0.1142,399.1998,5.0,5.0,2840.0,1988.0,2840.2456,1987.5958,2840.2456,1987.5958,191.9853252223896,27.36401350603856,0.745,0.455,-18.28,0.10686,0.06181,-18.36,2840.2456,1987.5958,191.9853252223896,27.36401350603856,0.85955474735,0.66421319498,0.85955474735,0.66421319498,0.931,0.81,-10.91,0.9311777,0.8103555,-10.91,22.9441,0.0,3.42,1.639,0.39,0.499,26.0
988,988,26_11,26_37,295.7661,25.72195,20.035,0.0944,398.5811,7.0,8.0,2935.0,1896.0,2934.9017,1896.1207,2934.9017,1896.1207,191.9543889068355,27.388856127110355,0.843,0.657,42.06,0.09204,0.07273,44.76,2934.9017,1896.1207,191.9543889068355,27.388856127110355,0.88244791377,0.71033385694,0.88244791377,0.71033385694,0.965,0.813,25.28,0.9653379,0.8129604,25.28,22.89,0.0,4.41,1.284,0.221,0.374,26.0
995,995,26_18,26_30,921.6076,39.58927,18.801,0.0467,398.691,15.0,18.0,2542.0,1813.0,2541.6038,1812.9501,2541.6038,1812.9501,192.07812602191143,27.41580737183348,1.176,0.942,85.54,0.06182,0.04898,89.44,2541.6038,1812.9501,192.07812602191143,27.41580737183348,0.63477005274,0.85584251622,0.63477005274,0.85584251622,0.929,0.793,80.33,0.9286804,0.7925688,80.33,22.8794,0.0,2.91,1.248,0.199,0.619,26.0
1003,1003,26_26,26_23,618.4279,34.3949,19.2342,0.0604,399.1218,12.0,14.0,2983.0,1720.0,2983.2762,1720.4407,2983.2762,1720.4407,191.93721788014292,27.43778795305057,0.971,0.956,64.43,0.06578,0.06436,88.38,2983.2762,1720.4407,191.93721788014292,27.43778795305057,0.86883722231,0.84158270974,0.86883722231,0.84158270974,0.936,0.914,23.55,0.9355359,0.9138886,23.55,22.8878,0.0,3.13,1.015,0.014,0.708,26.0
1008,1008,26_31,26_18,564.9481,37.2917,19.3324,0.0717,398.7996,13.0,17.0,2731.0,1672.0,2730.9948,1671.6475,2730.9948,1671.6475,192.0166594327287,27.45381939037149,1.109,1.065,1.68,0.08167,0.078,0.08,2730.9948,1671.6475,192.0166594327287,27.45381939037149,1.576893478,1.6086739617,1.576893478,1.6086739617,1.289,1.235,51.69,1.288955,1.23457,51.69,22.8968,0.0,3.52,1.041,0.04,0.545,26.0
1010,1010,26_33,26_16,327.6873,27.35518,19.9238,0.0907,399.3068,8.0,9.0,2994.0,1650.0,2994.0847,1649.6785,2994.0847,1649.6785,191.93304747632197,27.45757669007173,0.928,0.682,66.86,0.10004,0.07212,69.56,2994.0847,1649.6785,191.93304747632197,27.45757669007173,0.85567494684,1.0175153991,0.85567494684,1.0175153991,1.029,0.903,65.8,1.028816,0.9026227,65.8,22.8933,0.0,4.72,1.361,0.265,0.183,26.0
1011,1011,26_34,26_15,191.7313,20.4648,20.5057,0.1159,397.9563,5.0,5.0,2789.0,1633.0,2789.1822,1633.3879,2789.1822,1633.3879,191.99782077648405,27.464043156499557,0.738,0.453,18.05,0.11884,0.06881,18.43,2789.1822,1633.3879,191.99782077648405,27.464043156499557,0.60726538384,0.53585629767,0.60726538384,0.53585629767,0.781,0.731,-9.54,0.7806018,0.7306042,-9.54,22.8448,0.0,3.4,1.631,0.387,0.492,26.0
1013,1013,26_36,26_13,379.9448,28.82571,19.7631,0.0824,399.93,10.0,10.0,2998.0,1605.0,2998.1336,1604.9672,2998.1336,1604.9672,191.931292977848,27.47010591401091,0.919,0.753,6.12,0.0829,0.06561,0.64,2998.1336,1604.9672,191.931292977848,27.47010591401091,0.89645448991,0.8047347676,0.89645448991,0.8047347676,0.958,0.885,23.7,0.9583081,0.8847796,23.7,22.9222,0.0,2.99,1.219,0.18,0.545,26.0
1018,1018,26_41,26_8,328.1496,27.20494,19.9222,0.09,399.0097,8.0,9.0,2618.0,1577.0,2617.6438,1577.0156,2617.6438,1577.0156,192.05161250816045,27.481445215722392,0.903,0.683,24.61,0.0966,0.07004,21.04,2617.6438,1577.0156,192.05161250816045,27.481445215722392,0.60074624026,0.52658406913,0.60074624026,0.52658406913,0.799,0.699,30.06,0.7988184,0.6994422,30.06,22.892,0.0,3.04,1.322,0.243,0.501,26.0
1021,1021,26_44,26_5,1376.728,45.56997,18.3653,0.0359,398.6745,23.0,24.0,2917.0,1547.0,2916.6931,1546.9708,2916.6931,1546.9708,191.95649964761247,27.487161290604508,1.227,1.157,35.17,0.05073,0.04658,21.74,2916.6931,1546.9708,191.95649964761247,27.487161290604508,0.82093855632,0.83688535959,0.82093855632,0.83688535959,0.927,0.893,52.38,0.9274813,0.8930859,52.38,22.8795,0.0,3.16,1.061,0.057,0.873,26.0
1076,1076,28_5,28_41,4939.163,101.8788,16.9783,0.0224,407.4968,103.0,115.0,77.0,2518.0,76.3571,2517.0243,76.3571,2517.0243,192.86539997253752,27.23753162146115,5.205,1.674,-0.84,0.12829,0.04045,-0.98,76.3571,2517.0243,192.86539997253752,27.23753162146115,15.462192514,7.1948553921,15.462192514,7.1948553921,3.932,2.682,-0.39,3.932249,2.68225,-0.39,22.8456,24.0,16.77,3.11,0.678,0.0,28.0
1078,1078,28_7,28_37,4665.369,66.26507,17.0402,0.0154,407.7357,41.0,44.0,52.0,2495.0,52.6784,2495.1102,52.6784,2495.1102,192.87271390563524,27.24386415149068,1.51,1.377,53.59,0.02659,0.02459,60.34,52.6784,2495.1102,192.87271390563524,27.24386415149068,0.86520414607,0.89711545855,0.86520414607,0.89711545855,0.967,0.909,53.56,0.9671555,0.9093569,53.56,22.8891,0.0,2.99,1.096,0.088,0.98,28.0
1080,1080,28_9,28_35,553.8552,35.93872,19.3539,0.0705,405.7487,14.0,15.0,147.0,2489.0,146.5412,2489.505,146.5412,2489.505,192.84296314788364,27.244770147802317,1.118,0.957,-9.15,0.08935,0.07506,-11.38,146.5412,2489.505,192.84296314788364,27.244770147802317,1.3427273936,1.1764236707,1.3427273936,1.1764236707,1.163,1.081,12.72,1.162607,1.080508,12.72,22.8676,0.0,4.74,1.168,0.144,0.358,28.0
1083,1083,28_12,28_32,2276.988,54.5503,17.819,0.026,406.7996,27.0,32.0,89.0,2472.0,89.4505,2472.511,89.4505,2472.511,192.86089142086843,27.249958590569392,1.386,1.233,51.4,0.04077,0.03594,50.42,89.4505,2472.511,192.86089142086843,27.249958590569392,0.80599590438,0.82508711249,0.80599590438,0.82508711249,0.926,0.879,51.5,0.9262803,0.8792541,51.5,22.8775,0.0,2.9,1.124,0.11,0.964,28.0
1086,1086,28_15,28_29,3913.087,61.82011,17.2311,0.0172,405.0441,36.0,41.0,315.0,2454.0,315.2605,2453.816,315.2605,2453.816,192.78926472847752,27.25358955937607,1.492,1.295,56.68,0.03095,0.02634,53.73,315.2605,2453.816,192.78926472847752,27.25358955937607,0.79501532366,0.85287309673,0.79501532366,0.85287309673,0.941,0.873,59.01,0.9410268,0.8731306,59.01,22.9039,0.0,2.84,1.152,0.132,0.98,28.0
1087,1087,28_16,28_28,352.9087,26.17954,19.8433,0.0806,404.1685,7.0,8.0,418.0,2437.0,417.7873,2437.0198,417.7873,2437.0198,192.75666833842715,27.2575643655992,0.832,0.649,50.86,0.08114,0.06339,45.66,417.7873,2437.0198,192.75666833842715,27.2575643655992,0.54915530263,0.64419691906,0.54915530263,0.64419691906,0.834,0.706,59.43,0.8337381,0.7058563,59.43,22.85,0.0,3.27,1.281,0.219,0.508,28.0
1088,1088,28_17,28_27,360.9304,28.95942,19.8188,0.0871,404.9724,9.0,10.0,83.0,2393.0,82.9515,2392.7646,82.9515,2392.7646,192.86229310220517,27.27243521995528,0.912,0.753,86.44,0.09506,0.07542,89.58,82.9515,2392.7646,192.86229310220517,27.27243521995528,0.63400512551,0.65505242734,0.63400512551,0.65505242734,0.814,0.791,62.06,0.8144276,0.7910533,62.06,22.8785,0.0,3.67,1.211,0.174,0.505,28.0
1090,1090,28_19,28_25,266.7352,25.95243,20.1472,0.1057,405.9367,8.0,8.0,126.0,2392.0,125.9439,2391.5389,125.9439,2391.5389,192.84867309652296,27.27247268762075,0.824,0.695,88.5,0.09521,0.07803,-89.59,125.9439,2391.5389,192.84867309652296,27.27247268762075,1.1705654644,1.3116026394,1.1705654644,1.3116026394,1.154,1.072,70.4,1.154161,1.072417,70.4,22.9211,0.0,3.33,1.185,0.156,0.5,28.0
1092,1092,28_21,28_23,1675.854,48.25117,18.1518,0.0313,405.5119,24.0,26.0,448.0,2353.0,447.994,2353.0176,447.994,2353.0176,192.7463872480334,27.280969046059635,1.279,1.181,74.84,0.04535,0.04182,88.72,447.994,2353.0176,192.7463872480334,27.280969046059635,0.79907396629,0.88364992389,0.79907396629,0.88364992389,0.95,0.884,67.16,0.9496757,0.8836515,67.16,22.9056,0.0,3.01,1.084,0.077,0.85,28.0
1093,1093,28_22,28_22,813.0913,40.92981,18.9371,0.0547,405.2566,16.0,20.0,216.0,2340.0,215.8638,2340.2666,215.8638,2340.2666,192.81977837304584,27.286247502685427,1.241,1.023,63.97,0.07656,0.06305,64.04,215.8638,2340.2666,192.81977837304584,27.286247502685427,0.87738342007,1.0199282436,0.87738342007,1.0199282436,1.037,0.906,62.03,1.037264,0.9063084,62.03,22.9064,0.0,3.32,1.213,0.175,0.322,28.0
1095,1095,28_24,28_20,1739.631,51.00077,18.1113,0.0318,405.4276,21.0,30.0,211.0,2330.0,211.2769,2330.5489,211.2769,2330.5489,192.82114947907817,27.289013836099176,1.354,1.203,50.81,0.04857,0.04323,45.39,211.2769,2330.5489,192.82114947907817,27.289013836099176,0.78381165145,0.83870788795,0.78381165145,0.83870788795,0.935,0.865,57.82,0.9352406,0.8647801,57.82,22.9138,0.0,3.08,1.125,0.111,0.965,28.0
1096,1096,28_25,28_19,2118.679,53.64954,17.8972,0.0275,404.2066,26.0,32.0,453.0,2309.0,453.3702,2309.6986,453.3702,2309.6986,192.74431346613335,27.293113339713123,1.455,1.19,61.52,0.04634,0.03721,60.73,453.3702,2309.6986,192.74431346613335,27.293113339713123,0.81401168265,0.91489635526,0.81401168265,0.91489635526,0.975,0.883,63.12,0.9745617,0.8826877,63.12,22.8477,0.0,3.14,1.223,0.182,0.959,28.0
1097,1097,28_26,28_18,778.626,38.33007,18.9841,0.0535,404.1283,15.0,17.0,476.0,2308.0,476.7687,2308.4467,476.7687,2308.4467,192.7368931503439,27.293292856433155,1.262,0.91,32.76,0.0761,0.05363,31.17,476.7687,2308.4467,192.7368931503439,27.293292856433155,1.1178566638,1.0481257615,1.1178566638,1.0481257615,1.1,0.978,37.06,1.100163,0.97756,37.06,22.8452,0.0,4.74,1.387,0.279,0.181,28.0
1099,1099,28_28,28_16,13992.36,88.28679,15.8477,0.0069,405.1967,64.0,71.0,196.0,2289.0,196.515,2289.4411,196.515,2289.4411,192.82548032728212,27.3006823575652,1.675,1.507,58.21,0.01483,0.01326,59.39,196.515,2289.4411,192.82548032728212,27.3006823575652,0.87127188446,0.91915965951,0.87127188446,0.91915965951,0.979,0.912,56.16,0.9788998,0.9122427,56.16,22.8961,0.0,2.94,1.112,0.1,0.988,28.0
1100,1100,28_29,28_15,206.7171,20.66072,20.424,0.1085,404.1713,5.0,5.0,413.0,2270.0,412.5813,2270.2582,412.5813,2270.2582,192.75689283172795,27.30450628759377,0.713,0.463,-71.77,0.1029,0.05964,-71.58,412.5813,2270.2582,192.75689283172795,27.30450628759377,0.50533649562,0.55025583689,0.50533649562,0.55025583689,0.743,0.709,77.29,0.7434123,0.7091759,77.29,22.8508,0.0,2.35,1.54,0.351,0.49,28.0
1102,1102,28_31,28_13,569.9757,33.23392,19.3228,0.0633,404.4053,11.0,13.0,366.0,2246.0,366.5205,2246.0744,366.5205,2246.0744,192.77127441737437,27.311645684530166,1.007,0.858,19.38,0.07333,0.06327,14.62,366.5205,2246.0744,192.77127441737437,27.311645684530166,0.85113218205,0.76846876967,0.85113218205,0.76846876967,0.951,0.846,31.94,0.9506298,0.846111,31.94,22.864,0.0,3.21,1.174,0.148,0.606,28.0
1103,1103,28_32,28_12,251.6108,25.63647,20.2106,0.1107,405.8474,8.0,8.0,89.0,2240.0,89.0813,2240.089,89.0813,2240.089,192.8590930518069,27.3153336877478,0.832,0.676,-43.43,0.10612,0.08427,-44.87,89.0813,2240.089,192.8590930518069,27.3153336877478,0.85918736286,0.80492667968,0.85918736286,0.80492667968,0.938,0.886,-27.51,0.9377545,0.8858501,-27.51,22.922,0.0,4.44,1.231,0.188,0.056,28.0
1104,1104,28_33,28_11,3259.125,73.41826,17.4297,0.0245,404.7167,58.0,62.0,333.0,2216.0,333.3524,2216.0933,333.3524,2216.0933,192.7815249211516,27.32032028886917,2.164,1.708,-2.07,0.05856,0.04532,-1.61,333.3524,2216.0933,192.7815249211516,27.32032028886917,3.1387928788,2.5934609542,3.1387928788,2.5934609542,1.773,1.609,-5.09,1.772892,1.60907,-5.09,22.8694,0.0,6.01,1.267,0.211,0.009,28.0
1105,1105,28_34,28_10,711.3488,37.20146,19.0822,0.0568,404.3931,12.0,16.0,442.0,2211.0,442.249,2211.0138,442.249,2211.0138,192.74698861124529,27.3209509405063,1.108,0.911,65.54,0.07222,0.05688,63.63,442.249,2211.0138,192.74698861124529,27.3209509405063,0.64667756817,0.72199130586,0.64667756817,0.72199130586,0.851,0.803,80.28,0.8510383,0.802747,80.28,22.8578,0.0,3.0,1.215,0.177,0.66,28.0
1108,1108,28_37,28_8,758.7849,37.56697,19.0121,0.0538,404.2664,15.0,16.0,422.0,2099.0,421.9284,2098.5278,421.9284,2098.5278,192.75246039797136,27.35273723208292,1.083,0.927,-0.06,0.06797,0.0556,-0.22,421.9284,2098.5278,192.75246039797136,27.35273723208292,0.81138633098,0.70920535996,0.81138633098,0.70920535996,0.901,0.842,0.89,0.9007837,0.8421286,0.89,22.8354,0.0,2.86,1.168,0.144,0.565,28.0
1110,1110,28_39,28_6,207.6823,20.76274,20.4189,0.1086,405.4919,5.0,5.0,479.0,2090.0,479.2617,2090.4246,479.2617,2090.4246,192.7342244083331,27.35459354349847,0.731,0.458,18.97,0.10022,0.05795,18.5,479.2617,2090.4246,192.7342244083331,27.35459354349847,0.69249499224,0.692764311,0.69249499224,0.692764311,0.854,0.81,45.1,0.8541783,0.8097152,45.1,22.9087,0.0,3.4,1.596,0.373,0.483,28.0
1112,1112,28_41,28_39,451.7691,34.54283,19.5751,0.083,404.2555,12.0,13.0,488.0,2511.0,488.3148,2511.6088,488.3148,2511.6088,192.73498259557752,27.23606540311744,1.022,0.893,-45.06,0.08866,0.07571,-44.59,488.3148,2511.6088,192.73498259557752,27.23606540311744,1.30248557,1.2699312132,1.30248557,1.2699312132,1.155,1.113,-34.84,1.15459,1.113256,-34.84,22.8262,0.0,4.12,1.144,0.126,0.504,28.0
1117,1117,29_3,29_43,332.8305,29.32794,19.9068,0.0957,404.5574,8.0,10.0,809.0,2478.0,808.9603999999999,2478.5117,808.9603999999999,2478.5117,192.6332076918476,27.242971555230223,1.041,0.663,64.58,0.10971,0.06744,63.47,808.9603999999999,2478.5117,192.6332076918476,27.242971555230223,0.98665045803,1.5166038263,0.98665045803,1.5166038263,1.259,0.959,71.4,1.258687,0.9586244,71.4,22.8981,0.0,4.94,1.57,0.363,0.489,29.0
1121,1121,29_7,29_39,377.213,27.46053,19.7709,0.0791,403.4604,7.0,9.0,636.0,2444.0,635.9351,2443.9164,635.9351,2443.9164,192.6876723996741,27.25400725283908,0.795,0.757,51.82,0.07476,0.07396,52.07,635.9351,2443.9164,192.6876723996741,27.25400725283908,0.57348967082,0.62394263582,0.57348967082,0.62394263582,0.812,0.733,57.15,0.8124092,0.7330918,57.15,22.8638,0.0,4.61,1.05,0.047,0.509,29.0
1128,1128,29_14,29_32,317.5639,27.54691,19.9578,0.0942,404.6892,8.0,9.0,657.0,2370.0,657.0703,2370.025,657.0703,2370.025,192.6803360502996,27.274631510332444,0.792,0.774,40.44,0.08058,0.08018,24.54,657.0703,2370.025,192.6803360502996,27.274631510332444,0.88321151496,0.85356352526,0.88321151496,0.85356352526,0.948,0.915,30.8,0.9484479,0.9149981,30.8,22.913,0.0,3.0,1.023,0.023,0.512,29.0
1131,1131,29_17,29_29,274.0826,25.75753,20.1177,0.1021,404.3613,6.0,8.0,576.0,2329.0,576.0887,2328.8389,576.0887,2328.8389,192.70561863576984,27.28682079354652,0.836,0.656,41.73,0.09637,0.07604,44.82,576.0887,2328.8389,192.70561863576984,27.28682079354652,0.74718831103,0.64865608518,0.74718831103,0.64865608518,0.887,0.78,28.28,0.8873096,0.7800808,28.28,22.8958,0.0,3.87,1.273,0.215,0.491,29.0
1136,1136,29_22,29_24,6225.911,70.73584,16.7269,0.0123,403.0956,45.0,50.0,719.0,2304.0,719.5411,2304.1417,719.5411,2304.1417,192.65997664439047,27.29269131428212,1.571,1.408,58.67,0.02353,0.02104,67.46,719.5411,2304.1417,192.65997664439047,27.29269131428212,0.86920733528,0.88416515507,0.86920733528,0.88416515507,0.967,0.905,48.73,0.9666069,0.9050103,48.73,22.8237,0.0,3.04,1.116,0.104,0.982,29.0
1137,1137,29_23,29_23,644.477,37.0726,19.1894,0.0625,403.8909,14.0,17.0,523.0,2286.0,522.6519,2286.0713,522.6519,2286.0713,192.7221699604572,27.299246581519267,1.083,1.03,-87.51,0.07504,0.07151,-89.99,522.6519,2286.0713,192.7221699604572,27.299246581519267,1.0907394882,1.1904648239,1.0907394882,1.1904648239,1.091,1.044,-87.56,1.091167,1.044298,-87.56,22.8953,0.0,2.99,1.052,0.049,0.599,29.0
1160,1160,30_3,30_1,722.0688,34.78247,19.066,0.0523,401.9091,11.0,14.0,1278.0,2008.0,1277.7429,2008.6635,1277.7429,2008.6635,192.48047953881976,27.371460728352226,1.279,0.699,4.58,0.08546,0.04461,6.18,1277.7429,2008.6635,192.48047953881976,27.371460728352226,0.81725034625,0.38954424706,0.81725034625,0.38954424706,0.904,0.624,-0.69,0.9040535,0.6240848,-0.69,22.8794,24.0,3.47,1.829,0.453,0.676,30.0
1161,1161,30_4,30_31,3537.141,61.07763,17.3408,0.0188,402.7507,36.0,41.0,1262.0,2467.0,1262.3098,2467.5767,1262.3098,2467.5767,192.48961778056287,27.24252761173813,1.503,1.374,67.11,0.03318,0.03001,68.0,1262.3098,2467.5767,192.48961778056287,27.24252761173813,0.9914309745,1.0173573303,0.9914309745,1.0173573303,1.03,0.974,51.68,1.029798,0.9738092,51.68,22.8984,0.0,3.22,1.094,0.086,0.959,30.0
1163,1163,30_6,30_29,151.6264,20.37409,20.7605,0.1459,402.182,4.0,5.0,1385.0,2457.0,1384.8339,2457.3866,1384.8339,2457.3866,192.45074430161029,27.244416756454356,0.77,0.442,-18.83,0.1236,0.07127,-18.46,1384.8339,2457.3866,192.45074430161029,27.244416756454356,1.0571185041,0.90802371493,1.0571185041,0.90802371493,1.044,0.936,-22.8,1.043612,0.9359569,-22.8,22.8767,0.0,3.43,1.741,0.425,0.492,30.0
1164,1164,30_7,30_28,546037.9,332.9848,11.8693,7.0E-4,402.5276,262.0,275.0,1410.0,2419.0,1409.9252,2419.6348,1409.9252,2419.6348,192.4424496186305,27.254832218736087,1.984,1.795,59.06,0.00169,0.00157,40.02,1409.9252,2419.6348,192.4424496186305,27.254832218736087,0.94849330895,0.99993326795,0.94849330895,0.99993326795,1.021,0.952,56.2,1.020646,0.9522128,56.2,22.8977,0.0,3.2,1.105,0.095,0.987,30.0
1167,1167,30_10,30_25,4502.064,65.76591,17.0789,0.0159,402.0258,40.0,46.0,1472.0,2371.0,1471.5953,2371.158,1471.5953,2371.158,192.4224734613995,27.2679678034461,1.535,1.396,30.38,0.0289,0.02608,19.11,1471.5953,2371.158,192.4224734613995,27.2679678034461,0.94363193349,0.91793313338,0.94363193349,0.91793313338,0.997,0.931,39.19,0.9972692,0.9311387,39.19,22.8699,0.0,3.09,1.099,0.09,0.978,30.0
1172,1172,30_15,30_20,2130.058,52.3213,17.8914,0.0267,403.3106,27.0,31.0,1196.0,2306.0,1195.6456,2306.4599,1195.6456,2306.4599,192.5092359589204,27.288366104191358,1.318,1.251,86.84,0.03954,0.03735,-60.97,1195.6456,2306.4599,192.5092359589204,27.288366104191358,0.77217254204,0.82956471268,0.77217254204,0.82956471268,0.922,0.867,63.04,0.9217333,0.8672629,63.04,22.9203,0.0,2.91,1.053,0.051,0.958,30.0
1173,1173,30_16,30_19,256.3299,24.07972,20.1904,0.102,402.8498,7.0,7.0,1109.0,2304.0,1109.0284,2304.2891,1109.0284,2304.2891,192.5366426516204,27.289656939518466,0.724,0.683,8.23,0.08925,0.08267,0.4,1109.0284,2304.2891,192.5366426516204,27.289656939518466,0.73947785794,0.77501358276,0.73947785794,0.77501358276,0.904,0.835,53.73,0.9035817,0.8354828,53.73,22.8903,0.0,2.66,1.061,0.057,0.476,30.0
1176,1176,30_19,30_16,683.42,35.60773,19.1257,0.0566,402.8827,12.0,15.0,1092.0,2251.0,1091.8598,2251.16,1091.8598,2251.16,192.5415945071592,27.30473276945673,1.182,0.825,80.96,0.07628,0.05181,80.04,1091.8598,2251.16,192.5415945071592,27.30473276945673,0.62277947641,0.83808219444,0.62277947641,0.83808219444,0.919,0.786,80.96,0.9185205,0.7856091,80.96,22.8891,0.0,3.37,1.432,0.302,0.725,30.0
1177,1177,30_20,30_15,1206.51,42.68531,18.5086,0.0384,402.5231,21.0,21.0,1138.0,2232.0,1137.7591,2232.2601,1137.7591,2232.2601,192.526885623488,27.309688547030294,1.189,1.09,67.36,0.05332,0.0475,75.89,1137.7591,2232.2601,192.526885623488,27.309688547030294,0.83992846092,0.84506732207,0.83992846092,0.84506732207,0.937,0.898,47.06,0.9371584,0.8981814,47.06,22.8731,0.0,3.15,1.091,0.083,0.858,30.0
1178,1178,30_21,30_14,418.9764,30.14792,19.6569,0.0781,403.1652,9.0,11.0,1238.0,2196.0,1237.8889,2195.5695,1237.8889,2195.5695,192.4948358981823,27.31921722568181,1.002,0.729,74.28,0.08904,0.06283,74.88,1237.8889,2195.5695,192.4948358981823,27.31921722568181,0.63851346108,0.81541618436,0.63851346108,0.81541618436,0.914,0.787,72.4,0.9138909,0.7865959,72.4,22.9254,0.0,3.54,1.374,0.272,0.506,30.0
1179,1179,30_22,30_13,795.5545,38.83957,18.9607,0.053,402.9672,16.0,18.0,1130.0,2190.0,1130.1292,2189.8533,1130.1292,2189.8533,192.52891376861575,27.32167428624632,1.137,1.026,-71.28,0.06809,0.06225,-67.73,1130.1292,2189.8533,192.52891376861575,27.32167428624632,0.7432845483,0.79840548019,0.7432845483,0.79840548019,0.895,0.861,-79.96,0.8945335,0.8611039,-79.96,22.8995,0.0,3.4,1.108,0.097,0.769,30.0
1180,1180,30_23,30_12,202.7919,23.65336,20.4448,0.1267,402.1719,6.0,7.0,1382.0,2178.0,1382.9889,2177.9884,1382.9889,2177.9884,192.4487167172285,27.323003775039524,0.928,0.529,43.76,0.12138,0.07003,44.93,1382.9889,2177.9884,192.4487167172285,27.323003775039524,1.7306778607,1.7342297897,1.7306778607,1.7342297897,1.397,1.23,45.23,1.397403,1.229704,45.23,22.9085,0.0,4.15,1.753,0.43,0.479,30.0
1181,1181,30_24,30_11,229.6856,25.75146,20.3096,0.1218,403.852,6.0,8.0,1027.0,2173.0,1026.8853,2173.0855,1026.8853,2173.0855,192.5614631344372,27.32719588739628,0.854,0.67,48.15,0.1037,0.08204,45.31,1026.8853,2173.0855,192.5614631344372,27.32719588739628,1.488308391,1.5771889166,1.488308391,1.5771889166,1.304,1.169,52.72,1.303745,1.168652,52.72,22.908,0.0,3.94,1.273,0.215,0.476,30.0
1184,1184,30_27,30_7,185.7299,20.36641,20.5402,0.1191,403.5121,4.0,5.0,1075.0,2146.0,1075.4091,2145.8107,1075.4091,2145.8107,192.54584426526492,27.33448834794858,0.726,0.457,-71.24,0.11448,0.06641,-71.56,1075.4091,2145.8107,192.54584426526492,27.33448834794858,0.47072585122,0.47086292351,0.47072585122,0.47086292351,0.689,0.683,45.52,0.6889094,0.6833686,45.52,22.9134,0.0,1.81,1.589,0.371,0.465,30.0
1188,1188,30_31,30_33,730.7401,35.89215,19.053,0.0533,401.8524,12.0,15.0,1338.0,2474.0,1338.3775,2474.5304,1338.3775,2474.5304,192.4656072162085,27.239966962940755,1.039,0.924,48.72,0.06262,0.05462,45.59,1338.3775,2474.5304,192.4656072162085,27.239966962940755,0.75601737151,0.77075213743,0.75601737151,0.77075213743,0.892,0.855,51.75,0.8915995,0.8554646,51.75,22.8616,0.0,3.05,1.124,0.11,0.682,30.0
1193,1193,31_4,31_3,2198.585,59.94495,17.857,0.0296,401.1174,35.0,40.0,1889.0,2009.0,1889.0625,2009.592,1889.0625,2009.592,192.28681286967475,27.366190674567303,1.998,1.296,0.24,0.06812,0.04193,-0.21,1889.0625,2009.592,192.28681286967475,27.366190674567303,2.2880605407,1.5974848086,2.2880605407,1.5974848086,1.513,1.264,1.26,1.512744,1.263785,1.26,22.8594,24.0,6.78,1.542,0.351,0.01,31.0
1197,1197,31_8,31_43,682.0661,30.35451,19.1278,0.0483,400.6327,8.0,10.0,1951.0,2519.0,1950.893,2518.5714,1950.893,2518.5714,192.27220283289557,27.222554619848317,1.197,0.495,-0.29,0.08152,0.02938,-0.25,1950.893,2518.5714,192.27220283289557,27.222554619848317,0.566233366,0.17493638978,0.566233366,0.17493638978,0.753,0.418,0.74,0.7525279,0.4181765,0.74,22.8582,24.0,3.39,2.418,0.586,0.834,31.0
1203,1203,31_14,31_32,2133.691,51.62513,17.8896,0.0263,400.8506,28.0,30.0,1802.0,2382.0,1802.0077,2382.4877,1802.0077,2382.4877,192.31799529430324,27.262069324106537,1.384,1.207,56.39,0.0428,0.03575,51.34,1802.0077,2382.4877,192.31799529430324,27.262069324106537,0.87734390657,0.91819069727,0.87734390657,0.91819069727,0.973,0.921,57.17,0.9733121,0.9209767,57.17,22.8789,0.0,3.03,1.147,0.128,0.9,31.0
1207,1207,31_18,31_28,218.4772,23.90401,20.3639,0.1188,401.1674,7.0,7.0,1824.0,2327.0,1823.6965,2326.9817,1823.6965,2326.9817,192.3105932861964,27.277496318870703,0.743,0.679,89.61,0.09892,0.09153,89.76,1823.6965,2326.9817,192.3105932861964,27.277496318870703,1.1342163511,1.2599574722,1.1342163511,1.2599574722,1.123,1.065,86.92,1.122641,1.064824,86.92,22.899,0.0,4.21,1.094,0.086,0.413,31.0
1210,1210,31_21,31_25,525.9788,33.19352,19.41,0.0685,400.278,13.0,13.0,1948.0,2307.0,1948.0984,2307.492,1948.0984,2307.492,192.27102460413917,27.281931355571796,1.015,0.881,-85.24,0.08104,0.06989,-76.37,1948.0984,2307.492,192.27102460413917,27.281931355571796,0.88967701592,0.93372556805,0.88967701592,0.93372556805,0.986,0.922,55.61,0.9861796,0.9224166,55.61,22.8573,0.0,3.78,1.153,0.132,0.252,31.0
1211,1211,31_22,31_24,914.4675,37.50508,18.8095,0.0445,400.7432,15.0,16.0,1698.0,2307.0,1697.6,2307.2428,1697.6,2307.2428,192.35032053622209,27.28409424755156,1.061,0.956,61.73,0.05524,0.04779,74.36,1697.6,2307.2428,192.35032053622209,27.28409424755156,0.7023140071,0.66686596522,0.7023140071,0.66686596522,0.856,0.798,34.15,0.855885,0.7978978,34.15,22.8484,0.0,2.74,1.11,0.099,0.753,31.0
1212,1212,31_23,31_23,396.4848,27.69221,19.7168,0.0759,400.4733,7.0,9.0,1748.0,2288.0,1748.0358,2287.9045,1748.0358,2287.9045,192.33416768941257,27.28911451798617,0.79,0.763,37.86,0.06737,0.06699,-75.97,1748.0358,2287.9045,192.33416768941257,27.28911451798617,0.69257850588,0.67360113051,0.69257850588,0.67360113051,0.85,0.803,37.95,0.8497238,0.802589,37.95,22.8431,0.0,2.8,1.034,0.033,0.554,31.0
1213,1213,31_24,31_22,334.9704,27.58736,19.8999,0.0894,401.8927,8.0,9.0,1648.0,2278.0,1647.6563,2277.8668,1647.6563,2277.8668,192.3658511757436,27.29276638020583,0.89,0.684,-19.5,0.096,0.06935,-20.26,1647.6563,2277.8668,192.3658511757436,27.29276638020583,0.67026398675,0.56535317503,0.67026398675,0.56535317503,0.819,0.752,0.18,0.8186972,0.7518991,0.18,22.9026,0.0,2.59,1.301,0.231,0.517,31.0
1215,1215,31_26,31_20,863.5333,39.39637,18.8717,0.0495,401.2398,15.0,18.0,1591.0,2259.0,1591.241,2259.4548,1591.241,2259.4548,192.38353770795723,27.2984066439421,1.172,0.998,7.84,0.06554,0.05344,0.35,1591.241,2259.4548,192.38353770795723,27.2984066439421,1.0738693983,0.99746439599,1.0738693983,0.99746439599,1.054,0.98,29.56,1.053608,0.9804304,29.56,22.8652,0.0,3.8,1.175,0.149,0.555,31.0
1217,1217,31_28,31_18,733.1332,37.97624,19.0494,0.0563,402.212,14.0,17.0,1764.0,2234.0,1764.4781,2234.2679,1764.4781,2234.2679,192.32844527289507,27.304060051967028,1.09,1.0,72.2,0.06926,0.06068,78.72,1764.4781,2234.2679,192.32844527289507,27.304060051967028,0.88026864218,0.8700542254,0.88026864218,0.8700542254,0.952,0.919,40.16,0.9515842,0.9191357,40.16,22.9344,0.0,3.21,1.091,0.083,0.68,31.0
1218,1218,31_29,31_17,352.8761,27.70625,19.8434,0.0853,400.3669,8.0,9.0,1963.0,2172.0,1963.092,2171.979,1963.092,2171.979,192.2649523157416,27.319907380131426,0.79,0.766,-64.33,0.07643,0.07597,-21.05,1963.092,2171.979,192.2649523157416,27.319907380131426,0.66848113458,0.7933372124,0.66848113458,0.7933372124,0.891,0.818,89.27,0.8907061,0.8175946,89.27,22.8741,0.0,2.82,1.031,0.03,0.532,31.0
1220,1220,31_31,31_15,1842.645,49.92081,18.0488,0.0294,401.5578,24.0,28.0,1580.0,2155.0,1580.575,2155.6888,1580.575,2155.6888,192.3859287005431,27.327672758833085,1.348,1.178,50.32,0.04504,0.03916,48.7,1580.575,2155.6888,192.3859287005431,27.327672758833085,0.8981159784,0.9295586061,0.8981159784,0.9295586061,0.982,0.929,54.11,0.9818858,0.9292873,54.11,22.8847,0.0,3.51,1.145,0.126,0.916,31.0
1221,1221,31_32,31_14,401.7598,31.77075,19.7025,0.0859,402.4821,11.0,12.0,1551.0,2140.0,1550.8093,2140.0118,1550.8093,2140.0118,192.39520708225896,27.33232426841156,1.024,0.854,88.14,0.09763,0.08116,89.95,1550.8093,2140.0118,192.39520708225896,27.33232426841156,1.1528016306,1.4441179325,1.1528016306,1.4441179325,1.204,1.071,82.66,1.203757,1.071395,82.66,22.9257,0.0,5.57,1.199,0.166,0.066,31.0
1222,1222,31_33,31_13,244.4953,24.37516,20.2417,0.1083,400.7553,6.0,7.0,1816.0,2130.0,1815.4329,2129.1388,1815.4329,2129.1388,192.31129438141815,27.333195662480435,1.078,0.484,43.1,0.14036,0.0613,41.65,1815.4329,2129.1388,192.31129438141815,27.333195662480435,0.88059748002,1.1369463964,0.88059748002,1.1369463964,1.166,0.81,55.68,1.166472,0.8104863,55.68,22.8627,0.0,4.28,2.226,0.551,0.51,31.0
1223,1223,31_34,31_12,276.3819,26.09841,20.1086,0.1025,401.5128,7.0,8.0,1802.0,2120.0,1801.7462,2119.5948,1801.7462,2119.5948,192.31553660181103,27.335993595471457,0.956,0.628,15.24,0.10695,0.0711,17.22,1801.7462,2119.5948,192.31553660181103,27.335993595471457,1.5706064463,1.3549433802,1.5706064463,1.3549433802,1.265,1.152,18.87,1.264565,1.151705,18.87,22.8981,0.0,4.6,1.523,0.343,0.492,31.0
1229,1229,31_40,31_42,312.3566,26.53114,19.9758,0.0922,401.0909,8.0,9.0,1518.0,2496.0,1517.9877,2495.9835,1517.9877,2495.9835,192.4089668048458,27.2324884056375,0.8,0.775,50.94,0.08861,0.08843,51.32,1517.9877,2495.9835,192.4089668048458,27.2324884056375,0.83905402633,0.86077727168,0.83905402633,0.86077727168,0.934,0.909,59.2,0.9342129,0.9094381,59.2,22.9187,0.0,4.67,1.032,0.031,0.49,31.0
1231,1231,31_42,31_40,1267.941,55.52872,18.4547,0.0476,401.3489,32.0,38.0,1873.0,2491.0,1873.4774,2491.5078,1873.4774,2491.5078,192.2964339226304,27.23081576345601,1.767,1.519,73.22,0.08762,0.07409,77.85,1873.4774,2491.5078,192.2964339226304,27.23081576345601,3.5052377122,3.717267388,3.5052377122,3.717267388,1.94,1.859,66.79,1.940375,1.859422,66.79,22.9244,0.0,8.1,1.163,0.14,0.0,31.0
1238,1238,32_5,32_47,2871.461,56.69957,17.5671,0.0214,399.2841,30.0,36.0,2305.0,2419.0,2304.5364,2419.0234,2304.5364,2419.0234,192.1593205945705,27.247513401200408,1.474,1.251,59.75,0.03796,0.03008,60.49,2304.5364,2419.0234,192.1593205945705,27.247513401200408,0.86448609416,0.9165387207,0.86448609416,0.9165387207,0.97,0.917,60.74,0.9697108,0.9168892,60.74,22.8986,0.0,3.12,1.178,0.151,0.937,32.0
1239,1239,32_6,32_46,597.1237,36.24984,19.2722,0.0659,398.3789,15.0,16.0,2442.0,2418.0,2441.6986,2417.7453,2441.6986,2417.7453,192.1159059148436,27.2466706945652,1.219,0.906,44.5,0.09083,0.06668,45.08,2441.6986,2417.7453,192.1159059148436,27.2466706945652,1.4638758821,1.1977856282,1.4638758821,1.1977856282,1.258,1.039,28.99,1.257693,1.039168,28.99,22.8751,0.0,4.07,1.345,0.257,0.064,32.0
1241,1241,32_8,32_44,370.6625,31.53037,19.79,0.0924,400.1267,10.0,12.0,2110.0,2410.0,2109.2726,2409.6981,2109.2726,2409.6981,192.22101761065744,27.25182208987346,0.991,0.875,-71.98,0.09832,0.08576,-70.42,2109.2726,2409.6981,192.22101761065744,27.25182208987346,1.6862034204,1.6736731708,1.6862034204,1.6736731708,1.344,1.247,-43.57,1.343575,1.24687,-43.57,22.8899,0.0,5.4,1.132,0.117,0.087,32.0
1242,1242,32_9,32_43,996.709,44.94804,18.716,0.049,398.2956,22.0,25.0,2505.0,2406.0,2504.9967,2406.3496,2504.9967,2406.3496,192.0957611961084,27.249314995234624,1.35,1.205,-87.53,0.07372,0.06401,-79.39,2504.9967,2406.3496,192.0957611961084,27.249314995234624,1.4638417745,1.6732209244,1.4638417745,1.6732209244,1.301,1.202,73.52,1.301275,1.20156,73.52,22.9059,0.0,4.46,1.12,0.107,0.139,32.0
1244,1244,32_11,32_41,615.9312,34.25765,19.2386,0.0604,398.476,13.0,14.0,2373.0,2394.0,2373.1233,2394.2531,2373.1233,2394.2531,192.13736812557585,27.25387837908879,1.094,0.852,-87.71,0.07967,0.05971,-86.56,2373.1233,2394.2531,192.13736812557585,27.25387837908879,0.8004913911,0.93092887959,0.8004913911,0.93092887959,0.965,0.895,87.3,0.964997,0.8945396,87.3,22.8652,0.0,3.64,1.284,0.221,0.426,32.0
1245,1245,32_12,32_40,214.2332,23.90845,20.3852,0.1212,399.8643,7.0,7.0,2408.0,2371.0,2407.6976,2370.1538,2407.6976,2370.1538,192.1261839175965,27.260350360686942,0.876,0.6,60.16,0.11596,0.08001,59.56,2407.6976,2370.1538,192.1261839175965,27.260350360686942,1.3632039736,1.7225419689,1.3632039736,1.7225419689,1.363,1.108,62.33,1.363396,1.107654,62.33,22.9392,0.0,4.29,1.461,0.316,0.458,32.0
1251,1251,32_18,32_34,221.2067,25.43144,20.3504,0.1249,398.5352,6.0,8.0,2369.0,2321.0,2369.1588,2321.1384,2369.1588,2321.1384,192.13788607981144,27.274469392496652,0.843,0.678,-46.21,0.11008,0.08719,-44.96,2369.1588,2321.1384,192.13788607981144,27.274469392496652,1.2883160375,1.2009294254,1.2883160375,1.2009294254,1.154,1.076,-29.89,1.153868,1.076027,-29.89,22.8764,0.0,4.48,1.244,0.196,0.429,32.0
1252,1252,32_19,32_33,875.0809,36.89929,18.8573,0.0458,398.3224,15.0,16.0,2385.0,2306.0,2385.4273,2305.714,2385.4273,2305.714,192.13258160848216,27.278663152080384,1.084,0.931,52.57,0.05868,0.04715,61.54,2385.4273,2305.714,192.13258160848216,27.278663152080384,0.80355289111,0.70350243203,0.80355289111,0.70350243203,0.907,0.828,21.42,0.9065091,0.8278264,21.42,22.8712,0.0,2.83,1.164,0.141,0.775,32.0
1254,1254,32_21,32_31,415.8014,28.9343,19.6652,0.0756,399.2842,10.0,10.0,2196.0,2272.0,2195.6643,2272.2509,2195.6643,2272.2509,192.19231100358567,27.28972456429815,0.935,0.737,48.43,0.08451,0.06645,45.28,2195.6643,2272.2509,192.19231100358567,27.28972456429815,0.63673402582,0.71212945351,0.63673402582,0.71212945351,0.883,0.755,55.51,0.8829349,0.7545128,55.51,22.868,0.0,3.01,1.269,0.212,0.547,32.0
1255,1255,32_22,32_30,221.6909,25.52082,20.348,0.125,400.413,6.0,8.0,2173.0,2272.0,2173.8359,2272.1073,2173.8359,2272.1073,192.1992192808077,27.28995337584197,0.85,0.67,45.66,0.10743,0.08485,44.92,2173.8359,2272.1073,192.1992192808077,27.28995337584197,1.1763019193,1.0684994404,1.1763019193,1.0684994404,1.099,1.019,25.22,1.098648,1.018712,25.22,22.9209,0.0,4.48,1.268,0.211,0.452,32.0
1257,1257,32_24,32_28,685.5069,38.64234,19.1224,0.0612,399.2782,15.0,18.0,2282.0,2239.0,2282.0351,2238.8938,2282.0351,2238.8938,192.16463703680432,27.298353780169407,1.206,0.966,52.74,0.0819,0.06434,51.58,2282.0351,2238.8938,192.16463703680432,27.298353780169407,0.85445264704,0.91576748496,0.85445264704,0.91576748496,0.975,0.905,58.91,0.9750946,0.9052131,58.91,22.8891,0.0,3.43,1.248,0.199,0.73,32.0
1258,1258,32_25,32_27,343.3416,27.47476,19.8731,0.0869,399.8479,8.0,9.0,2115.0,2217.0,2115.1724,2217.6224,2115.1724,2217.6224,192.21725009454207,27.305777156894067,0.898,0.674,70.47,0.09276,0.06722,69.92,2115.1724,2217.6224,192.21725009454207,27.305777156894067,0.56027622258,0.63692715031,0.56027622258,0.63692715031,0.812,0.734,64.66,0.8118451,0.7335604,64.66,22.8846,0.0,2.6,1.332,0.249,0.413,32.0
1259,1259,32_26,32_26,517.9386,35.27228,19.4267,0.074,400.8515,14.0,15.0,2315.0,2196.0,2315.518,2195.6708,2315.518,2195.6708,192.1536038258617,27.31021370255119,1.255,0.842,49.71,0.10043,0.06436,51.31,2315.518,2195.6708,192.1536038258617,27.31021370255119,1.1917828019,1.1851481185,1.1917828019,1.1851481185,1.176,0.997,44.51,1.175646,0.9973901,44.51,22.984,0.0,4.86,1.489,0.329,0.05,32.0
1262,1262,32_29,32_23,2032.906,50.78277,17.9421,0.0271,399.6871,26.0,29.0,2082.0,2186.0,2082.0059,2186.0916,2082.0059,2186.0916,192.22743914947455,27.314926724222754,1.334,1.21,84.05,0.04152,0.03733,-89.36,2082.0059,2186.0916,192.22743914947455,27.314926724222754,0.8053611866,0.84562663666,0.8053611866,0.84562663666,0.923,0.894,70.56,0.92269,0.8942209,70.56,22.8766,0.0,3.04,1.103,0.093,0.962,32.0
1264,1264,32_31,32_21,468.6827,31.7501,19.5352,0.0736,401.0645,11.0,12.0,2314.0,2177.0,2313.9729,2177.4259,2313.9729,2177.4259,192.1539098491761,27.315356645317333,1.032,0.778,-87.56,0.08204,0.05995,89.95,2313.9729,2177.4259,192.1539098491761,27.315356645317333,0.69053925473,0.82315748198,0.69053925473,0.82315748198,0.915,0.822,-72.53,0.9152759,0.822172,-72.53,22.9947,0.0,2.79,1.327,0.247,0.486,32.0
1265,1265,32_32,32_20,378.3563,28.86603,19.7677,0.0829,400.0851,9.0,10.0,2476.0,2168.0,2476.0094,2167.8139,2476.0094,2167.8139,192.10251244839623,27.31663292346806,0.913,0.747,87.63,0.0855,0.06773,89.86,2476.0094,2167.8139,192.10251244839623,27.31663292346806,0.58367358378,0.74560479772,0.58367358378,0.74560479772,0.865,0.762,83.17,0.8648466,0.7624426,83.17,22.9461,0.0,2.91,1.222,0.182,0.489,32.0
1267,1267,32_34,32_18,323.2026,27.32652,19.9387,0.0918,399.4095,8.0,9.0,2497.0,2147.0,2497.0403,2147.002,2497.0403,2147.002,192.0956426125628,27.3222971685548,0.785,0.781,-32.38,0.0766,0.0765,-3.92,2497.0403,2147.002,192.0956426125628,27.3222971685548,0.99060844138,1.0209343217,0.99060844138,1.0209343217,1.011,0.995,-84.78,1.01054,0.9951647,-84.78,22.9034,0.0,2.1,1.005,0.005,0.44,32.0
1268,1268,32_35,32_17,460.9985,32.96408,19.5532,0.0777,398.7733,13.0,13.0,2262.0,2123.0,2262.3068,2123.0601,2262.3068,2123.0601,192.16972377278884,27.331091820795983,1.439,0.651,-14.09,0.12789,0.0559,-13.02,2262.3068,2123.0601,192.16972377278884,27.331091820795983,1.9702946909,1.2381766298,1.9702946909,1.2381766298,1.449,1.053,-21.23,1.449262,1.052668,-21.23,22.8553,0.0,5.77,2.21,0.548,0.066,32.0
1269,1269,32_36,32_16,1685.31,55.10944,18.1457,0.0355,399.2275,31.0,36.0,2498.0,2114.0,2498.3434,2114.017,2498.3434,2114.017,192.09489466353384,27.33155852987825,1.636,1.364,55.04,0.06226,0.05346,56.21,2498.3434,2114.017,192.09489466353384,27.33155852987825,1.7149789333,1.7974375103,1.7149789333,1.7974375103,1.386,1.262,52.26,1.385889,1.261637,52.26,22.8916,0.0,5.08,1.2,0.166,0.009,32.0
1273,1273,32_40,32_12,688.9071,36.75865,19.117,0.0579,399.0938,16.0,16.0,2323.0,2092.0,2323.5595,2092.6709,2323.5595,2092.6709,192.1500233520622,27.3391008462014,1.283,0.825,57.88,0.08639,0.05324,58.16,2323.5595,2092.6709,192.1500233520622,27.3391008462014,0.81015475154,0.9171375403,0.81015475154,0.9171375403,1.002,0.851,56.22,1.001864,0.8506233,56.22,22.8939,0.0,3.8,1.556,0.357,0.355,32.0
1275,1275,32_42,32_10,661.3175,35.61607,19.1614,0.0585,399.093,11.0,15.0,2362.0,2073.0,2362.3718,2073.2236,2362.3718,2073.2236,192.1375372264553,27.344227858596557,1.077,0.926,14.73,0.0709,0.05928,6.17,2362.3718,2073.2236,192.1375372264553,27.344227858596557,1.0320350432,0.95581749658,1.0320350432,0.95581749658,1.057,0.933,36.08,1.057485,0.9325116,36.08,22.8979,0.0,3.67,1.163,0.14,0.683,32.0
1279,1279,32_46,32_6,353.3506,27.48018,19.8419,0.0845,399.2926,9.0,9.0,2380.0,2044.0,2379.8813,2043.3883,2379.8813,2043.3883,192.13169159563049,27.352461567818704,0.916,0.684,68.11,0.09497,0.06843,69.77,2379.8813,2043.3883,192.13169159563049,27.352461567818704,0.75478022148,0.85435551274,0.75478022148,0.85435551274,0.943,0.848,63.0,0.943002,0.8484592,63.0,22.9003,0.0,4.33,1.339,0.253,0.365,32.0
1284,1284,33_1,33_5,1961.671,70.52163,17.9808,0.039,399.8804,44.0,54.0,2538.0,2047.0,2538.0111,2045.7246,2538.0111,2045.7246,192.08163839768773,27.350403882505915,3.637,1.079,86.03,0.13667,0.04207,85.34,2538.0111,2045.7246,192.08163839768773,27.350403882505915,2.5336620187,9.2345459876,2.5336620187,9.2345459876,3.04,1.59,88.19,3.03994,1.589646,88.19,22.8448,0.0,11.87,3.369,0.703,0.0,33.0
1285,1285,33_2,33_2,1478.476,54.35914,18.2879,0.0399,399.4491,29.0,31.0,2551.0,2025.0,2550.7725,2025.6048,2550.7725,2025.6048,192.07739184304484,27.35594600507451,1.803,1.094,-80.77,0.07529,0.04475,-80.37,2550.7725,2025.6048,192.07739184304484,27.35594600507451,1.2107136209,1.9037189241,1.2107136209,1.9037189241,1.384,1.095,-82.41,1.384288,1.094614,-82.41,22.8183,0.0,5.29,1.647,0.393,0.129,33.0
1293,1293,33_10,33_39,171.6567,20.43948,20.6258,0.1293,399.0867,5.0,5.0,3021.0,2394.0,3020.5863,2394.2177,3020.5863,2394.2177,191.9324897876072,27.248055657896227,0.741,0.452,-70.57,0.13367,0.07735,-71.5,3020.5863,2394.2177,191.9324897876072,27.248055657896227,0.31008434887,0.70968394126,0.31008434887,0.70968394126,0.844,0.554,-84.8,0.8444046,0.5538495,-84.8,22.8794,24.0,3.4,1.64,0.39,0.495,33.0
1300,1300,33_17,33_32,300.3885,24.37505,20.0182,0.0881,396.619,6.0,7.0,2679.0,2289.0,2679.4557,2289.6676,2679.4557,2289.6676,192.0393576716093,27.28055917650485,0.942,0.483,81.34,0.11352,0.05247,81.73,2679.4557,2289.6676,192.0393576716093,27.28055917650485,0.65055816902,0.8351075347,0.65055816902,0.8351075347,0.921,0.798,75.57,0.9209769,0.7984155,75.57,22.8003,0.0,3.99,1.951,0.488,0.507,33.0
1301,1301,33_18,33_31,185.2704,22.19781,20.5429,0.1301,399.219,5.0,6.0,2964.0,2284.0,2964.0132,2283.5298000000003,2964.0132,2283.5298000000003,191.94923105908148,27.279691812526007,0.792,0.499,-1.28,0.11372,0.06985,-0.01,2964.0132,2283.5298000000003,191.94923105908148,27.279691812526007,1.0148829689,0.85422613162,1.0148829689,0.85422613162,1.007,0.924,-0.97,1.007437,0.9242185,-0.97,22.9111,0.0,2.72,1.588,0.37,0.486,33.0
1305,1305,33_22,33_27,247.2335,24.20012,20.2296,0.1063,398.3553,6.0,7.0,2743.0,2232.0,2742.9746,2231.699,2742.9746,2231.699,192.01865489224863,27.29628138097893,0.743,0.665,10.25,0.08935,0.08257,1.02,2742.9746,2231.699,192.01865489224863,27.29628138097893,0.86842564505,0.74891521511,0.86842564505,0.74891521511,0.947,0.849,23.41,0.9465646,0.849327,23.41,22.8865,0.0,4.16,1.118,0.106,0.483,33.0
1308,1308,33_25,33_24,210.135,22.472,20.4062,0.1161,397.3707,4.0,6.0,2947.0,2187.0,2947.1716,2187.1615,2947.1716,2187.1615,191.9535521975241,27.306935499612813,0.752,0.567,45.94,0.10664,0.07885,45.05,2947.1716,2187.1615,191.9535521975241,27.306935499612813,0.65948157327,0.7626395664,0.65948157327,0.7626395664,0.876,0.81,78.99,0.875615,0.8095798,78.99,22.8262,0.0,3.86,1.325,0.245,0.499,33.0
1309,1309,33_26,33_23,1358.179,52.77285,18.38,0.0422,398.8562,27.0,33.0,2901.0,2180.0,2901.3312,2179.5879,2901.3312,2179.5879,191.9679847687009,27.30948594911007,1.601,1.368,48.69,0.07036,0.05845,48.44,2901.3312,2179.5879,191.9679847687009,27.30948594911007,2.2838331434,2.352035364,2.2838331434,2.352035364,1.559,1.485,53.83,1.558949,1.485108,53.83,22.912,0.0,5.17,1.17,0.146,0.018,33.0
1310,1310,33_27,33_22,1215.866,46.26978,18.5002,0.0413,398.4851,22.0,25.0,2694.0,2177.0,2693.7584,2177.5152,2693.7584,2177.5152,192.0336755715586,27.31195809819496,1.337,1.107,56.85,0.06154,0.05162,57.83,2693.7584,2177.5152,192.0336755715586,27.31195809819496,0.85573006331,0.92849691398,0.85573006331,0.92849691398,0.996,0.89,55.61,0.9962983,0.8897284,55.61,22.8959,0.0,3.51,1.208,0.172,0.831,33.0
1320,1320,33_37,33_12,182.6151,22.17863,20.5586,0.1319,398.3509,6.0,6.0,3004.0,2097.0,3003.8243,2097.1642,3003.8243,2097.1642,191.93467132031668,27.331709300023824,0.757,0.572,-41.4,0.11566,0.08553,-44.83,3003.8243,2097.1642,191.93467132031668,27.331709300023824,1.173575378,0.85084216149,1.173575378,0.85084216149,1.088,0.917,-9.5,1.087602,0.9173545,-9.5,22.8614,0.0,3.87,1.324,0.245,0.387,33.0
1321,1321,33_38,33_11,1737.025,58.00111,18.1129,0.0363,399.4373,32.0,38.0,2559.0,2084.0,2559.0269,2084.5775,2559.0269,2084.5775,192.07537994240167,27.339294055758547,1.711,1.392,55.97,0.0656,0.05349,55.08,2559.0269,2084.5775,192.07537994240167,27.339294055758547,2.0767715084,2.2010485529,2.0767715084,2.2010485529,1.54,1.381,52.75,1.53993,1.380737,52.75,22.8728,0.0,4.92,1.229,0.186,0.082,33.0
1325,1325,33_42,33_7,307.9451,28.43381,19.9912,0.1003,399.937,7.0,9.0,2535.0,2066.0,2535.044,2065.9391,2535.044,2065.9391,192.082784079473,27.3447476707634,0.799,0.764,-48.35,0.08285,0.08232,-51.9,2535.044,2065.9391,192.082784079473,27.3447476707634,0.77453445402,0.84158052238,0.77453445402,0.84158052238,0.944,0.852,-57.04,0.9435096,0.8520004,-57.04,22.8578,0.0,3.15,1.046,0.044,0.513,33.0
1328,1328,33_45,33_4,612.1997,37.69946,19.2452,0.0669,400.0168,12.0,15.0,2530.0,2033.0,2529.6532,2033.3567,2529.6532,2033.3567,192.08415910338607,27.353955240887714,1.065,0.926,50.19,0.0719,0.06282,45.26,2529.6532,2033.3567,192.08415910338607,27.353955240887714,1.0240252341,1.108962102,1.0240252341,1.108962102,1.084,0.979,56.55,1.083873,0.97888,56.55,22.8284,0.0,2.82,1.15,0.131,0.566,33.0
1329,1329,33_46,33_3,337.898,30.36798,19.8904,0.0976,397.9365,9.0,11.0,2662.0,2028.0,2662.3145,2028.101,2662.3145,2028.101,192.0420937544274,27.354243520941363,1.053,0.75,14.65,0.10986,0.07754,14.96,2662.3145,2028.101,192.0420937544274,27.354243520941363,2.2890794243,2.0047340308,2.2890794243,2.0047340308,1.567,1.356,31.25,1.566789,1.356092,31.25,22.8544,0.0,5.29,1.405,0.288,0.152,33.0
1330,1330,33_47,33_46,1011.617,42.63765,18.6999,0.0458,398.1613,21.0,22.0,2718.0,2470.0,2718.108,2470.035,2718.108,2470.035,192.0289848322793,27.22950523606565,1.272,1.121,50.38,0.06573,0.05934,45.66,2718.108,2470.035,192.0289848322793,27.22950523606565,1.1132189047,1.1708803914,1.1132189047,1.1708803914,1.115,1.021,53.33,1.114726,1.020531,53.33,22.8829,0.0,4.37,1.134,0.119,0.146,33.0
1339,1339,34_9,34_37,2715.534,70.46517,17.6278,0.0282,398.6722,49.0,57.0,3026.0,2395.0,3025.2142,2394.999,3025.2142,2394.999,191.9310335838599,27.24779323133517,2.425,1.45,9.21,0.07339,0.04372,8.9,3025.2142,2394.999,191.9310335838599,27.24779323133517,3.277566273,2.06250891,3.277566273,2.06250891,1.817,1.428,7.62,1.81651,1.428414,7.62,22.8556,0.0,7.56,1.672,0.402,0.008,34.0
1369,1369,34_39,34_7,623.3646,34.42109,19.2256,0.06,398.5662,13.0,14.0,2560.0,2085.0,2560.8148,2084.9706,2560.8148,2084.9706,192.0748178231084,27.33916757778167,1.29,0.739,80.68,0.09334,0.05372,81.98,2560.8148,2084.9706,192.0748178231084,27.33916757778167,0.881231352,1.493116468,0.881231352,1.493116468,1.231,0.927,79.53,1.230752,0.9271451,79.53,22.8838,24.0,5.06,1.746,0.427,0.547,34.0
1379,1379,35_5,35_1,934.419,40.10891,18.7861,0.0466,405.0798,14.0,19.0,231.0,2510.0,230.9997,2510.7259,230.9997,2510.7259,192.81641030435264,27.238193338027205,1.609,0.724,0.11,0.09571,0.04147,0.01,230.9997,2510.7259,192.81641030435264,27.238193338027205,1.1406971778,0.44284086942,1.1406971778,0.44284086942,1.068,0.665,0.11,1.068035,0.6654609,0.11,22.8895,24.0,3.85,2.222,0.55,0.699,35.0
1380,1380,35_6,35_29,300.3524,24.33013,20.0183,0.088,403.5146,7.0,7.0,130.0,2939.0,129.9498,2939.3414,129.9498,2939.3414,192.85189205626,27.118356102156767,0.744,0.655,2.55,0.08108,0.07491,-1.55,129.9498,2939.3414,192.85189205626,27.118356102156767,0.77764143265,0.61449166778,0.77764143265,0.61449166778,0.901,0.761,22.71,0.9012618,0.7614855,22.71,22.8514,0.0,4.04,1.136,0.12,0.487,35.0
1381,1381,35_7,35_28,513.1854,33.04398,19.4367,0.0699,405.2316,11.0,13.0,187.0,2932.0,187.5699,2932.5998,187.5699,2932.5998,192.83362724109665,27.11983864125549,0.983,0.869,45.77,0.07719,0.06588,44.88,187.5699,2932.5998,192.83362724109665,27.11983864125549,0.71705436095,0.75049158666,0.71705436095,0.75049158666,0.867,0.846,78.84,0.8670902,0.8459908,78.84,22.9363,0.0,2.95,1.132,0.117,0.524,35.0
1383,1383,35_9,35_26,248.2219,24.45045,20.2253,0.107,403.7655,6.0,7.0,8.0,2886.0,7.7265,2885.9659,7.7265,2885.9659,192.89009018201537,27.134242224884296,0.724,0.68,82.75,0.09099,0.08425,89.97,7.7265,2885.9659,192.89009018201537,27.134242224884296,0.8282471255,0.68065140217,0.8282471255,0.68065140217,0.912,0.823,9.25,0.9122864,0.8225765,9.25,22.8678,0.0,3.43,1.064,0.06,0.498,35.0
1384,1384,35_10,35_25,799.5606,36.81511,18.9553,0.05,404.3411,14.0,16.0,198.0,2864.0,198.4121,2864.0292,198.4121,2864.0292,192.8296393250628,27.13904949491508,1.062,0.945,84.32,0.06276,0.05174,-89.96,198.4121,2864.0292,192.8296393250628,27.13904949491508,0.72265435118,0.71658426132,0.72265435118,0.71658426132,0.869,0.827,42.51,0.8686778,0.8274283,42.51,22.8968,0.0,2.79,1.123,0.11,0.76,35.0
1386,1386,35_12,35_23,848.9802,38.22566,18.8902,0.0489,404.4551,15.0,17.0,65.0,2843.0,64.8779,2842.7859,64.8779,2842.7859,192.8716788334275,27.14598208783472,1.19,0.915,9.65,0.06785,0.05001,7.17,64.8779,2842.7859,192.8716788334275,27.14598208783472,0.81320070808,0.69586664169,0.81320070808,0.69586664169,0.911,0.824,19.79,0.9113973,0.823664,19.79,22.8992,0.0,3.42,1.301,0.231,0.817,35.0
1387,1387,35_13,35_22,1111.268,41.30307,18.5979,0.0404,404.0229,18.0,20.0,313.0,2820.0,313.2225,2819.8457,313.2225,2819.8457,192.79297697218576,27.15064700995864,1.236,0.991,51.5,0.05745,0.04433,47.68,313.2225,2819.8457,192.79297697218576,27.15064700995864,0.76349875582,0.8568609334,0.76349875582,0.8568609334,0.948,0.85,61.08,0.9475776,0.8499743,61.08,22.8816,0.0,3.18,1.248,0.199,0.85,35.0
1388,1388,35_14,35_21,276.1749,24.18581,20.1094,0.0951,404.5906,7.0,7.0,399.0,2800.0,398.7321,2800.0222,398.7321,2800.0222,192.76577322411384,27.1555990204554,0.724,0.68,-89.62,0.08382,0.07766,89.75,398.7321,2800.0222,192.76577322411384,27.1555990204554,0.69320084919,0.6666973499,0.69320084919,0.6666973499,0.834,0.815,-13.88,0.8336206,0.8154599,-13.88,22.9166,0.0,2.52,1.065,0.061,0.511,35.0
1389,1389,35_15,35_20,600.3851,37.43203,19.2663,0.0677,405.3273,14.0,17.0,201.0,2765.0,200.8418,2765.1659,200.8418,2765.1659,192.82805890293628,27.16684163194576,1.157,1.012,85.29,0.08384,0.07357,85.04,200.8418,2765.1659,192.82805890293628,27.16684163194576,1.0769155285,1.218660067,1.0769155285,1.218660067,1.104,1.038,88.52,1.103972,1.0377,88.52,22.931,0.0,4.66,1.143,0.125,0.167,35.0
1390,1390,35_16,35_19,8479.05,76.41483,16.3915,0.0098,405.0667,47.0,58.0,59.0,2754.0,59.3099,2754.6153,59.3099,2754.6153,192.87272671597012,27.170823352121456,1.623,1.448,66.93,0.01967,0.01736,75.02,59.3099,2754.6153,192.87272671597012,27.170823352121456,0.85947731427,0.92253849005,0.85947731427,0.92253849005,0.975,0.912,61.13,0.9747287,0.9120964,61.13,22.9181,0.0,2.97,1.121,0.108,0.983,35.0
1391,1391,35_17,35_18,2959.127,60.71778,17.5345,0.0223,407.8642,38.0,42.0,405.0,2741.0,405.3706,2741.4954,405.3706,2741.4954,192.76318051107225,27.17201341744914,1.567,1.368,59.11,0.03998,0.03355,64.98,405.3706,2741.4954,192.76318051107225,27.17201341744914,1.0274118599,1.0459945428,1.0274118599,1.0459945428,1.045,0.991,49.86,1.044885,0.9907687,49.86,23.096,0.0,3.23,1.146,0.127,0.844,35.0
1393,1393,35_19,35_16,352.8133,26.0627,19.8435,0.0802,403.8385,8.0,8.0,87.0,2712.0,87.1125,2711.8708,87.1125,2711.8708,192.8635878895702,27.18264855949402,0.843,0.661,44.95,0.08038,0.06351,44.98,87.1125,2711.8708,192.8635878895702,27.18264855949402,0.80032764818,0.80081009248,0.80032764818,0.80081009248,0.952,0.833,45.07,0.9522488,0.8332826,45.07,22.8404,0.0,4.43,1.275,0.216,0.374,35.0
1394,1394,35_20,35_15,557.238,31.9306,19.3473,0.0622,404.1065,11.0,12.0,71.0,2703.0,71.4932,2703.4543,71.4932,2703.4543,192.86845913646917,27.18512742071237,0.908,0.87,-89.87,0.06464,0.06439,87.75,71.4932,2703.4543,192.86845913646917,27.18512742071237,0.62879724355,0.7568077452,0.62879724355,0.7568077452,0.871,0.792,84.71,0.8705832,0.7922688,84.71,22.8522,0.0,2.7,1.043,0.042,0.529,35.0
1395,1395,35_21,35_14,640.585,34.4195,19.196,0.0584,403.9321,12.0,14.0,342.0,2701.0,342.2356,2701.4925,342.2356,2701.4925,192.7828124264068,27.18372731510639,0.966,0.94,89.13,0.06503,0.06371,89.47,342.2356,2701.4925,192.7828124264068,27.18372731510639,0.76538635177,0.76316686688,0.76538635177,0.76316686688,0.879,0.87,41.01,0.8787941,0.8696402,41.01,22.8566,0.0,2.87,1.028,0.027,0.627,35.0
1396,1396,35_22,35_13,295.678,25.66342,20.0354,0.0943,402.9437,6.0,8.0,486.0,2683.0,486.191,2683.483,486.191,2683.483,192.7371247274764,27.187736900968893,0.864,0.658,55.2,0.10304,0.07646,55.07,486.191,2683.483,192.7371247274764,27.187736900968893,0.56303155415,0.68750208482,0.56303155415,0.68750208482,0.834,0.745,76.08,0.8340523,0.7449097,76.08,22.8278,0.0,2.59,1.313,0.238,0.487,35.0
1397,1397,35_23,35_12,513.0045,34.29774,19.4371,0.0726,405.755,9.0,14.0,86.0,2664.0,85.8748,2664.21,85.8748,2664.21,192.86359120416597,27.1960636107856,1.164,0.802,37.81,0.09251,0.06124,36.27,85.8748,2664.21,192.86359120416597,27.1960636107856,0.91907877503,0.92453971226,0.91907877503,0.92453971226,1.031,0.884,45.56,1.030565,0.8840559,45.56,22.9136,0.0,3.04,1.452,0.311,0.546,35.0
1398,1398,35_24,35_11,1195.758,43.22701,18.5183,0.0393,404.6455,21.0,22.0,446.0,2618.0,446.1536,2617.835,446.1536,2617.835,192.7492314765221,27.206497513607104,1.169,1.121,-49.96,0.05373,0.04866,-45.28,446.1536,2617.835,192.7492314765221,27.206497513607104,0.76432652256,0.75208844803,0.76432652256,0.75208844803,0.887,0.854,38.71,0.8867371,0.8544661,38.71,22.9056,0.0,3.12,1.043,0.041,0.874,35.0
1402,1402,35_28,35_7,595.0118,34.24002,19.2761,0.0625,404.8864,12.0,14.0,266.0,2553.0,266.4805,2552.7421,266.4805,2552.7421,192.8055330617535,27.22611855174174,0.951,0.936,11.71,0.06752,0.06615,-0.12,266.4805,2552.7421,192.8055330617535,27.22611855174174,0.56248131737,0.63493163135,0.56248131737,0.63493163135,0.797,0.749,84.27,0.7972878,0.7494965,84.27,22.8863,0.0,2.54,1.016,0.016,0.545,35.0
1403,1403,35_29,35_34,1872.865,50.49524,18.0311,0.0293,403.7434,24.0,29.0,347.0,3002.0,346.714,3002.2247,346.714,3002.2247,192.7839071259021,27.09909930591571,1.331,1.218,61.53,0.04434,0.04088,62.73,346.714,3002.2247,192.7839071259021,27.09909930591571,0.87509656416,0.89803006889,0.87509656416,0.89803006889,0.966,0.916,52.06,0.966215,0.9162725,52.06,22.8831,0.0,3.11,1.093,0.085,0.922,35.0
1405,1405,35_31,35_4,305.2283,27.19649,20.0008,0.0968,405.5747,7.0,9.0,250.0,2546.0,249.8903,2546.3111,249.8903,2546.3111,192.81072908557724,27.22804755623373,0.916,0.682,67.26,0.09991,0.072,69.6,249.8903,2546.3111,192.81072908557724,27.22804755623373,0.55240708235,0.6102573537,0.55240708235,0.6102573537,0.807,0.715,57.24,0.8069187,0.7152249,57.24,22.9195,0.0,3.27,1.344,0.256,0.498,35.0
1407,1407,35_33,35_30,2530.763,54.41931,17.7043,0.0234,404.7969,28.0,33.0,486.0,2943.0,486.1046,2943.139,486.1046,2943.139,192.7393587320557,27.114697870892,1.338,1.286,71.45,0.03541,0.03512,-52.85,486.1046,2943.139,192.7393587320557,27.114697870892,0.83447715417,0.87185726436,0.83447715417,0.87185726436,0.948,0.898,56.98,0.9482555,0.898413,56.98,22.9349,0.0,3.08,1.041,0.039,0.972,35.0
1408,1408,36_1,36_1,904.5829,37.58138,18.8213,0.0451,403.7821,15.0,16.0,536.0,2510.0,535.8515,2510.6014,535.8515,2510.6014,192.7199290526298,27.23599686367889,1.517,0.666,-0.74,0.08879,0.03897,-1.2,535.8515,2510.6014,192.7199290526298,27.23599686367889,1.0624236379,0.36437504875,1.0624236379,0.36437504875,1.031,0.604,0.18,1.030743,0.6036294,0.18,22.8717,24.0,4.37,2.278,0.561,0.724,36.0
1410,1410,36_3,36_38,222.0379,22.46849,20.3463,0.1099,403.0864,6.0,6.0,973.0,2961.0,973.0463,2961.4962,973.0463,2961.4962,192.58560159419315,27.10586347482368,0.778,0.5,-0.72,0.10635,0.0652,-0.06,973.0463,2961.4962,192.58560159419315,27.10586347482368,0.64477139077,0.60398228635,0.64477139077,0.60398228635,0.809,0.771,-23.89,0.8091555,0.7707277,-23.89,22.857,0.0,2.77,1.556,0.357,0.487,36.0
1411,1411,36_4,36_37,909.0479,39.83059,18.8159,0.0476,403.1527,16.0,19.0,719.0,2960.0,719.0248,2960.3261,719.0248,2960.3261,192.6658842449989,27.108126739301103,1.193,0.994,33.97,0.06584,0.0525,32.62,719.0248,2960.3261,192.6658842449989,27.108126739301103,0.88582550699,0.86542789851,0.88582550699,0.86542789851,0.965,0.905,39.73,0.9651008,0.9054468,39.73,22.8785,0.0,3.04,1.2,0.167,0.852,36.0
1413,1413,36_6,36_35,1386.752,45.15207,18.3574,0.0354,402.6379,18.0,23.0,936.0,2915.0,936.5449,2915.0504,936.5449,2915.0504,192.5967263027272,27.119209129165053,1.189,1.123,58.6,0.04822,0.04532,32.33,936.5449,2915.0504,192.5967263027272,27.119209129165053,0.7480775131,0.82366216621,0.7480775131,0.82366216621,0.91,0.862,76.65,0.9100397,0.8623035,76.65,22.8338,0.0,2.86,1.058,0.055,0.934,36.0
1414,1414,36_7,36_34,478.2828,31.67575,19.5132,0.0719,403.1365,10.0,12.0,605.0,2901.0,604.8233,2900.6099,604.8233,2900.6099,192.7014684187976,27.12578076672492,1.013,0.809,58.29,0.0852,0.06521,57.64,604.8233,2900.6099,192.7014684187976,27.12578076672492,0.74145855423,0.74624438759,0.74145855423,0.74624438759,0.88,0.845,47.28,0.8797095,0.8448752,47.28,22.8585,0.0,3.77,1.251,0.201,0.51,36.0
1415,1415,36_8,36_33,1061.278,45.02624,18.6478,0.0461,402.9799,22.0,24.0,1004.0,2887.0,1004.3341,2887.1005,1004.3341,2887.1005,192.57504546222455,27.126549245580183,1.359,1.13,22.79,0.06934,0.05634,19.8,1004.3341,2887.1005,192.57504546222455,27.126549245580183,1.5131740961,1.4185228275,1.5131740961,1.4185228275,1.244,1.177,27.06,1.243623,1.176902,27.06,22.8842,16.0,4.22,1.203,0.169,0.088,36.0
1417,1417,36_10,36_31,403.1136,30.06109,19.6988,0.081,403.4273,7.0,11.0,722.0,2879.0,721.8884,2878.5699,721.8884,2878.5699,192.6642681092733,27.13110323842241,1.007,0.728,72.77,0.08969,0.06327,74.8,721.8884,2878.5699,192.6642681092733,27.13110323842241,0.54775479535,0.6383793442,0.54775479535,0.6383793442,0.818,0.719,63.16,0.8182684,0.7187287,63.16,22.8764,0.0,2.49,1.383,0.277,0.502,36.0
1418,1418,36_11,36_29,222.2306,24.12945,20.3454,0.1179,407.5746,6.0,7.0,792.0,2861.0,791.9934000000001,2861.275,791.9934000000001,2861.275,192.64195186524717,27.135438453604603,0.732,0.686,-6.07,0.08947,0.0829,-0.23,791.9934000000001,2861.275,192.64195186524717,27.135438453604603,0.89315160238,0.91352738707,0.89315160238,0.91352738707,0.966,0.935,55.1,0.9658342,0.9347959,55.1,23.0701,0.0,3.6,1.067,0.062,0.498,36.0
1419,1419,36_12,36_28,1350.623,44.22059,18.3861,0.0356,403.6117,19.0,22.0,919.0,2852.0,918.7754,2851.9232,918.7754,2851.9232,192.60178275748547,27.13710258168121,1.196,1.077,49.62,0.04786,0.04331,44.05,918.7754,2851.9232,192.60178275748547,27.13710258168121,0.74424308061,0.76731945462,0.74424308061,0.76731945462,0.899,0.839,51.44,0.8986499,0.8390417,51.44,22.8795,0.0,3.0,1.11,0.099,0.927,36.0
1420,1420,36_13,36_27,1155.581,42.33382,18.5554,0.0398,404.0635,20.0,21.0,658.0,2849.0,658.2061,2849.0288,658.2061,2849.0288,192.68414626103407,27.139891426308026,1.216,1.056,52.4,0.05506,0.04633,53.78,658.2061,2849.0288,192.68414626103407,27.139891426308026,0.82858525814,0.82694952315,0.82858525814,0.82694952315,0.934,0.885,44.48,0.9341113,0.8848564,44.48,22.9228,0.0,3.1,1.152,0.132,0.848,36.0
1421,1421,36_14,36_26,495.0982,31.87426,19.4757,0.0699,404.5627,12.0,12.0,550.0,2826.0,550.2235000000001,2825.9913,550.2235000000001,2825.9913,192.7180912589218,27.147176960837783,1.012,0.82,63.93,0.08442,0.06716,66.39,550.2235000000001,2825.9913,192.7180912589218,27.147176960837783,0.71222106611,0.81326499093,0.71222106611,0.81326499093,0.922,0.822,62.87,0.9215483,0.822335,62.87,22.9084,0.0,4.32,1.234,0.19,0.55,36.0
1422,1422,36_15,36_25,296.7698,25.84488,20.0314,0.0946,402.4779,7.0,8.0,915.0,2794.0,915.1357,2793.8189,915.1357,2793.8189,192.6024166638112,27.15347438467365,0.822,0.663,44.77,0.10003,0.07928,45.28,915.1357,2793.8189,192.6024166638112,27.15347438467365,0.5870066078,0.64209518155,0.5870066078,0.64209518155,0.847,0.715,52.74,0.8471873,0.7151052,52.74,22.8315,0.0,3.88,1.241,0.194,0.516,36.0
1423,1423,36_16,36_24,550.9579,33.84183,19.3596,0.0667,404.8897,12.0,13.0,797.0,2777.0,796.9802999999999,2777.661,796.9802999999999,2777.661,192.63964015612788,27.158920328008403,1.12,0.757,87.94,0.08382,0.05231,89.86,796.9802999999999,2777.661,192.63964015612788,27.158920328008403,0.71201878008,0.83065922787,0.71201878008,0.83065922787,0.918,0.837,73.49,0.9176489,0.8370177,73.49,22.8996,0.0,3.03,1.479,0.324,0.557,36.0
1424,1424,36_17,36_23,854.9946,38.87012,18.8825,0.0494,402.1917,16.0,18.0,649.0,2770.0,649.087,2770.0908,649.087,2770.0908,192.68634636956463,27.16216428327387,1.175,0.986,77.23,0.06906,0.05715,78.8,649.087,2770.0908,192.68634636956463,27.16216428327387,0.79118835788,0.91062533,0.79118835788,0.91062533,0.963,0.88,70.4,0.9633109,0.8796851,70.4,22.817,0.0,3.29,1.192,0.161,0.67,36.0
1425,1425,36_18,36_22,2811.502,57.5775,17.5901,0.0222,404.7295,31.0,36.0,763.0,2763.0,762.9431999999999,2763.4123,762.9431999999999,2763.4123,192.65027961698317,27.16318607712096,1.407,1.302,32.86,0.03664,0.03221,21.35,762.9431999999999,2763.4123,192.65027961698317,27.16318607712096,0.84862031935,0.86761598899,0.84862031935,0.86761598899,0.943,0.91,53.95,0.9428831,0.9095097,53.95,22.914,0.0,2.82,1.081,0.075,0.977,36.0
1428,1428,36_21,36_19,5045.369,88.68645,16.9552,0.0191,403.289,83.0,92.0,939.0,2715.0,938.8669,2715.6491,938.8669,2715.6491,192.59421378059264,27.17527974102759,3.097,1.698,20.51,0.06487,0.0361,20.86,938.8669,2715.6491,192.59421378059264,27.17527974102759,4.5065612585,2.9447529858,4.5065612585,2.9447529858,2.19,1.629,21.61,2.19028,1.629107,21.61,22.897,0.0,8.41,1.824,0.452,0.01,36.0
1429,1429,36_22,36_18,1908.921,50.33244,18.0104,0.0286,403.7029,25.0,28.0,830.0,2705.0,829.8375,2705.4782,829.8375,2705.4782,192.62861109531744,27.178974337971606,1.284,1.199,60.2,0.04025,0.03945,83.21,829.8375,2705.4782,192.62861109531744,27.178974337971606,0.78407193872,0.8082197755,0.78407193872,0.8082197755,0.925,0.858,50.8,0.9253223,0.8579454,50.8,22.8676,0.0,2.93,1.071,0.066,0.935,36.0
1430,1430,36_23,36_17,227.4698,22.31967,20.3201,0.1066,402.9915,6.0,6.0,729.0,2700.0,729.4929999999999,2699.9648,729.4929999999999,2699.9648,192.66030386352907,27.181285355092133,0.794,0.5,-89.65,0.10158,0.06226,89.99,729.4929999999999,2699.9648,192.66030386352907,27.181285355092133,0.73766088068,0.97401109852,0.73766088068,0.97401109852,0.988,0.858,-85.52,0.9876585,0.8580226,-85.52,22.851,0.0,3.72,1.587,0.37,0.522,36.0
1432,1432,36_25,36_15,625.015,34.49333,19.2227,0.0599,401.986,11.0,14.0,972.0,2673.0,972.1662,2673.2738,972.1662,2673.2738,192.58330076085616,27.186942423783787,1.052,0.856,27.18,0.07397,0.05764,24.93,972.1662,2673.2738,192.58330076085616,27.186942423783787,0.66327800839,0.63093720719,0.66327800839,0.63093720719,0.833,0.774,35.03,0.8333748,0.7744041,35.03,22.8192,0.0,2.82,1.229,0.186,0.636,36.0
1433,1433,36_26,36_14,957.4698,40.18891,18.7596,0.0456,402.9429,16.0,19.0,658.0,2663.0,657.558,2662.9011,657.558,2662.9011,192.68273648921087,27.19225145148705,1.132,1.063,88.47,0.06163,0.05641,-88.45,657.558,2662.9011,192.68273648921087,27.19225145148705,0.84079454739,0.85644079307,0.84079454739,0.85644079307,0.943,0.899,50.65,0.9426396,0.8992585,50.65,22.848,0.0,3.43,1.065,0.061,0.794,36.0
1437,1437,36_30,36_10,214.6266,23.99389,20.3832,0.1214,404.0238,5.0,7.0,795.0,2628.0,795.0201999999999,2628.303,795.0201999999999,2628.303,192.6389439496064,27.20094633521961,0.74,0.674,-5.3,0.10004,0.09255,-0.08,795.0201999999999,2628.303,192.6389439496064,27.20094633521961,1.0412663177,0.97459741742,1.0412663177,0.97459741742,1.068,0.936,-37.67,1.067514,0.9360975,-37.67,22.9008,0.0,4.18,1.097,0.089,0.519,36.0
1438,1438,36_31,36_9,222.0694,24.04436,20.3462,0.1176,403.4977,6.0,7.0,812.0,2611.0,812.0366,2611.3046,812.0366,2611.3046,192.63340983694573,27.20559825172051,0.736,0.676,1.97,0.09786,0.0905,0.56,812.0366,2611.3046,192.63340983694573,27.20559825172051,1.1824477825,1.5871484297,1.1824477825,1.5871484297,1.265,1.082,-80.43,1.264512,1.081946,-80.43,22.8797,0.0,3.07,1.089,0.082,0.473,36.0
1439,1439,36_32,36_8,939.9862,46.55598,18.7796,0.0538,403.9761,19.0,26.0,834.0,2597.0,834.6159,2597.4057,834.6159,2597.4057,192.62614244216124,27.209335777076053,1.571,1.111,48.29,0.08719,0.0616,49.76,834.6159,2597.4057,192.62614244216124,27.209335777076053,1.7762055422,1.7515297258,1.7762055422,1.7515297258,1.441,1.205,43.86,1.440584,1.205177,43.86,22.9107,0.0,6.06,1.413,0.292,0.006,36.0
1442,1442,36_35,36_5,766.0489,40.8718,19.0018,0.0579,403.7065,17.0,20.0,744.0,2558.0,744.3745,2558.1085,744.3745,2558.1085,192.6543509127236,27.22107342568593,1.222,1.159,-34.97,0.07555,0.07027,-45.72,744.3745,2558.1085,192.6543509127236,27.22107342568593,1.6615717934,1.6426391348,1.6615717934,1.6426391348,1.309,1.261,-40.53,1.308842,1.261406,-40.53,22.8895,0.0,4.98,1.054,0.051,0.106,36.0
1443,1443,36_36,36_4,178.3543,22.201,20.5842,0.1352,403.0688,5.0,6.0,886.0,2550.0,885.5218,2550.03,885.5218,2550.03,192.60961271474187,27.222272228530567,0.797,0.499,88.58,0.12229,0.07499,89.85,885.5218,2550.03,192.60961271474187,27.222272228530567,0.83702280465,1.011263305,0.83702280465,1.011263305,1.037,0.88,62.68,1.036661,0.8795571,62.68,22.8699,0.0,3.72,1.596,0.373,0.474,36.0
1444,1444,36_37,36_3,517.9171,31.83743,19.4268,0.0668,404.1072,11.0,12.0,794.0,2535.0,794.1955,2535.4015,794.1955,2535.4015,192.63838427944563,27.2270828019028,1.0,0.789,58.5,0.07797,0.05965,57.8,794.1955,2535.4015,192.63838427944563,27.2270828019028,0.56951652865,0.67546914002,0.56951652865,0.67546914002,0.83,0.746,71.51,0.8299416,0.7457765,71.51,22.931,0.0,2.89,1.267,0.211,0.573,36.0
1445,1445,36_38,36_2,767.3585,41.80915,18.9999,0.0592,403.9237,19.0,21.0,775.0,2530.0,775.1652,2530.0849,775.1652,2530.0849,192.6443599037032,27.22872250954316,1.285,1.156,78.35,0.07692,0.07197,70.48,775.1652,2530.0849,192.6443599037032,27.22872250954316,1.8316519259,2.1121384907,1.8316519259,2.1121384907,1.454,1.353,86.81,1.453621,1.353062,86.81,22.9194,0.0,5.37,1.112,0.101,0.017,36.0
1447,1447,37_2,37_30,366.609,27.28652,19.8019,0.0808,401.9653,9.0,9.0,1390.0,2995.0,1390.3613,2994.876,1390.3613,2994.876,192.4540030590606,27.09320072614949,0.885,0.69,19.9,0.08759,0.06334,20.23,1390.3613,2994.876,192.4540030590606,27.09320072614949,0.64257689102,0.60894283811,0.64257689102,0.60894283811,0.802,0.78,3.74,0.8016989,0.7802555,3.74,22.8801,0.0,2.83,1.283,0.221,0.515,37.0
1449,1449,37_4,37_29,231.9597,24.26562,20.2989,0.1136,402.6648,6.0,7.0,1056.0,2993.0,1055.7413,2992.9818,1055.7413,2992.9818,192.5597456403111,27.096367608211107,0.714,0.684,-84.33,0.0921,0.08545,-89.49,1055.7413,2992.9818,192.5597456403111,27.096367608211107,0.67559132573,0.54243759351,0.67559132573,0.54243759351,0.822,0.736,-4.45,0.8224375,0.7359521,-4.45,22.867,0.0,1.74,1.044,0.042,0.393,37.0
1450,1450,37_5,37_28,3104.126,58.80997,17.4826,0.0206,402.3742,32.0,37.0,1029.0,2989.0,1029.4856,2989.773,1029.4856,2989.773,192.56801530005487,27.097473621295308,1.449,1.27,71.63,0.03543,0.02974,80.92,1029.4856,2989.773,192.56801530005487,27.097473621295308,0.82267997668,0.88135613359,0.82267997668,0.88135613359,0.954,0.891,60.3,0.9537604,0.8912784,60.3,22.8509,0.0,2.81,1.141,0.124,0.99,37.0
1471,1471,37_26,37_6,2750.231,69.44945,17.614,0.0274,402.981,55.0,57.0,1110.0,2728.0,1110.476,2727.5405,1110.476,2727.5405,192.5400404105472,27.17060606335812,1.927,1.851,-4.24,0.05669,0.05443,-5.95,1110.476,2727.5405,192.5400404105472,27.17060606335812,3.1952285951,3.0125800348,3.1952285951,3.0125800348,1.788,1.735,-5.54,1.788005,1.735179,-5.54,22.8928,0.0,6.08,1.041,0.04,0.002,37.0
1478,1478,38_3,38_40,284.6129,22.43637,20.0768,0.0856,400.7488,5.0,6.0,1909.0,3020.0,1908.8697,3020.4642,1908.8697,3020.4642,192.2903799786525,27.081763846995933,0.769,0.499,-0.86,0.09095,0.05537,0.54,1908.8697,3020.4642,192.2903799786525,27.081763846995933,0.46020328289,0.33092031971,0.46020328289,0.33092031971,0.679,0.574,-5.81,0.6793789,0.57408,-5.81,22.8917,24.0,3.65,1.542,0.352,0.621,38.0
1481,1481,38_6,38_36,675.7455,37.77714,19.1379,0.0607,400.6754,14.0,17.0,1693.0,2967.0,1692.6573,2967.1195,1692.6573,2967.1195,192.3581978790718,27.09855935858152,1.173,0.942,71.21,0.07735,0.06055,74.52,1692.6573,2967.1195,192.3581978790718,27.09855935858152,0.79978633561,0.85364923879,0.79978633561,0.85364923879,0.952,0.864,54.87,0.9520686,0.8642921,54.87,22.8526,0.0,3.2,1.246,0.197,0.546,38.0
1482,1482,38_7,38_35,232.3842,24.07231,20.2969,0.1125,401.1339,7.0,7.0,1711.0,2961.0,1710.979,2961.285,1710.979,2961.285,192.3523512853468,27.100049816759675,0.725,0.68,11.53,0.0991,0.0918,0.47,1710.979,2961.285,192.3523512853468,27.100049816759675,0.59887082775,0.71121633717,0.59887082775,0.71121633717,0.87,0.744,61.72,0.8700323,0.7437277,61.72,22.8794,0.0,3.09,1.067,0.062,0.472,38.0
1485,1485,38_10,38_32,258.5204,25.64313,20.1812,0.1077,402.1187,8.0,8.0,1743.0,2928.0,1743.1501,2927.8452,1743.1501,2927.8452,192.34186255342752,27.10918997552152,0.826,0.672,46.78,0.10048,0.07967,45.11,1743.1501,2927.8452,192.34186255342752,27.10918997552152,0.68151166818,0.83093243783,0.68151166818,0.83093243783,0.914,0.822,79.65,0.9143772,0.8224101,79.65,22.9302,0.0,2.93,1.23,0.187,0.498,38.0
1487,1487,38_12,38_30,217.1112,22.35633,20.3707,0.1118,400.345,6.0,6.0,1943.0,2804.0,1942.5192,2804.0183,1942.5192,2804.0183,192.2776374654559,27.14235447022188,0.788,0.499,-88.04,0.10851,0.0666,-89.95,1942.5192,2804.0183,192.2776374654559,27.14235447022188,0.62238153638,0.74877439524,0.62238153638,0.74877439524,0.871,0.783,-74.91,0.8710284,0.7826018,-74.91,22.8593,0.0,3.7,1.579,0.367,0.49,38.0
1492,1492,38_17,38_25,624.7666,35.29708,19.2231,0.0614,401.9345,12.0,15.0,1732.0,2747.0,1731.6639,2747.561,1731.6639,2747.561,192.34376545509176,27.15998859127972,1.037,0.955,-45.9,0.07308,0.06383,-44.82,1731.6639,2747.561,192.34376545509176,27.15998859127972,0.92086364158,0.89644295649,0.92086364158,0.89644295649,0.96,0.947,-2.11,0.9596338,0.9467891,-2.11,22.9248,0.0,3.54,1.085,0.079,0.568,38.0
1505,1505,38_30,38_11,1024.715,45.4425,18.6859,0.0482,400.4298,24.0,25.0,1859.0,2651.0,1858.646,2651.1348,1858.646,2651.1348,192.30267503226025,27.186051441695817,1.401,1.195,-30.58,0.07383,0.06181,-29.49,1858.646,2651.1348,192.30267503226025,27.186051441695817,1.8388259474,1.8597061466,1.8388259474,1.8597061466,1.382,1.337,-49.96,1.381961,1.337429,-49.96,22.8803,0.0,4.38,1.172,0.147,0.029,38.0
1510,1510,38_35,38_6,571.4403,36.30136,19.32,0.069,403.2402,13.0,16.0,1657.0,2616.0,1656.8362,2616.2153,1656.8362,2616.2153,192.3661763402413,27.19754299568481,1.218,0.933,-72.64,0.08812,0.06599,-72.78,1656.8362,2616.2153,192.3661763402413,27.19754299568481,1.3805666017,1.5158520993,1.3805666017,1.5158520993,1.256,1.149,-60.92,1.255566,1.1489,-60.92,22.9834,0.0,4.69,1.305,0.234,0.084,38.0
1511,1511,38_36,38_5,203.7061,20.29084,20.4399,0.1082,400.3776,1.0,5.0,1872.0,2602.0,1871.9847,2602.032,1871.9847,2602.032,192.2979793991229,27.199748245182025,0.586,0.574,88.04,0.08226,0.08207,-76.16,1871.9847,2602.032,192.2979793991229,27.199748245182025,0.329165151,0.34345716543,0.329165151,0.34345716543,0.586,0.574,88.04,0.5860664,0.5737146,88.04,22.8895,0.0,0.0,1.022,0.021,0.806,38.0
1512,1512,38_37,38_4,1538.484,56.91374,18.2447,0.0402,401.2919,33.0,39.0,1527.0,2599.0,1526.5573,2599.1679,1526.5573,2599.1679,192.40722945327207,27.203400359189025,1.952,1.333,62.88,0.08306,0.05719,63.51,1526.5573,2599.1679,192.40722945327207,27.203400359189025,2.5736068926,3.2022118772,2.5736068926,3.2022118772,1.855,1.528,62.34,1.854787,1.528262,62.34,22.8659,0.0,7.18,1.465,0.317,0.0,38.0
1514,1514,38_39,38_2,3213.466,71.73836,17.445,0.0242,400.4707,52.0,60.0,1837.0,2538.0,1836.8196,2537.8645,1836.8196,2537.8645,192.30848218993293,27.21808667546787,2.274,1.502,12.24,0.06112,0.03951,12.43,1836.8196,2537.8645,192.30848218993293,27.21808667546787,2.6066864678,1.8791844527,2.6066864678,1.8791844527,1.624,1.36,11.28,1.623824,1.359804,11.28,22.8798,0.0,5.82,1.513,0.339,0.01,38.0
1519,1519,39_5,39_36,386.8295,32.52065,19.7436,0.0913,400.5119,12.0,13.0,2471.0,2957.0,2471.6004,2957.4616,2471.6004,2957.4616,192.11191772830293,27.094655512155228,1.58,0.606,88.18,0.15546,0.05889,88.64,2471.6004,2957.4616,192.11191772830293,27.094655512155228,1.6273365238,3.6143229883,1.6273365238,3.6143229883,1.901,1.275,-88.6,1.901448,1.275208,-88.6,22.9334,0.0,5.83,2.609,0.617,0.002,39.0
1520,1520,39_6,39_35,901.0269,40.89694,18.8256,0.0493,398.7145,14.0,20.0,2284.0,2957.0,2283.9083,2956.9488,2283.9083,2956.9488,192.1712312342636,27.09643607468972,1.155,1.062,64.55,0.06478,0.0595,64.42,2283.9083,2956.9488,192.1712312342636,27.09643607468972,0.82545069049,0.87779874601,0.82545069049,0.87779874601,0.946,0.899,63.82,0.9457748,0.8993105,63.82,22.8306,0.0,3.18,1.088,0.081,0.693,39.0
1521,1521,39_7,39_34,442.6005,32.23518,19.5974,0.0791,399.7667,11.0,13.0,2380.0,2942.0,2379.3634,2942.3671,2379.3634,2942.3671,192.1409164332228,27.09970753569327,1.011,0.875,46.36,0.08834,0.0753,45.06,2379.3634,2942.3671,192.1409164332228,27.09970753569327,1.0806814892,1.1128908891,1.0806814892,1.1128908891,1.082,1.011,51.25,1.082231,1.011112,51.25,22.9162,0.0,3.56,1.156,0.135,0.5,39.0
1524,1524,39_10,39_31,466.0575,30.31737,19.5413,0.0706,400.48,9.0,11.0,2262.0,2858.0,2262.0394,2858.2881,2262.0394,2858.2881,192.1771576666956,27.12436927437944,1.012,0.737,70.39,0.08178,0.05772,74.43,2262.0394,2858.2881,192.1771576666956,27.12436927437944,0.79633912898,0.87289909954,0.79633912898,0.87289909954,0.958,0.867,58.81,0.9576934,0.8672148,58.81,22.9258,0.0,5.02,1.373,0.272,0.178,39.0
1525,1525,39_11,39_30,1081.416,42.28714,18.6274,0.0425,400.1715,17.0,21.0,2056.0,2845.0,2056.2576,2845.2355,2056.2576,2845.2355,192.2420817544597,27.12980238542885,1.173,1.081,58.33,0.05655,0.05289,67.93,2056.2576,2845.2355,192.2420817544597,27.12980238542885,0.78514395981,0.80458470818,0.78514395981,0.80458470818,0.923,0.859,49.87,0.9232263,0.8587094,49.87,22.8903,0.0,3.23,1.085,0.078,0.798,39.0
1528,1528,39_14,39_27,387.0225,28.64476,19.7431,0.0804,399.0488,9.0,10.0,2225.0,2780.0,2225.1047,2780.1885,2225.1047,2780.1885,192.18805546483367,27.14664974948568,0.967,0.729,61.02,0.09351,0.07068,63.31,2225.1047,2780.1885,192.18805546483367,27.14664974948568,0.74095674809,0.90030339359,0.74095674809,0.90030339359,0.985,0.819,61.11,0.9849034,0.8192835,61.11,22.8629,0.0,4.18,1.326,0.246,0.506,39.0
1529,1529,39_15,39_26,592.6731,34.21426,19.2804,0.0627,400.4789,13.0,14.0,2163.0,2769.0,2163.4847,2769.451,2163.4847,2769.451,192.20743193156147,27.15019896582986,1.078,0.859,42.38,0.07677,0.05719,44.96,2163.4847,2769.451,192.20743193156147,27.15019896582986,0.9133929781,0.86634688672,0.9133929781,0.86634688672,0.969,0.917,30.48,0.9686787,0.9172794,30.48,22.9179,0.0,3.44,1.254,0.203,0.414,39.0
1531,1531,39_17,39_24,525.6148,33.0719,19.4107,0.0683,400.1734,12.0,13.0,2125.0,2754.0,2125.4134,2753.8573,2125.4134,2753.8573,192.21931547704847,27.15490994062685,1.004,0.883,8.69,0.07809,0.06731,13.34,2125.4134,2753.8573,192.21931547704847,27.15490994062685,0.98953086815,0.94199893909,0.98953086815,0.94199893909,0.996,0.97,-11.13,0.9957126,0.9695804,-11.13,22.891,0.0,3.41,1.137,0.12,0.595,39.0
1532,1532,39_18,39_23,1203.139,44.19561,18.5116,0.0399,398.914,21.0,23.0,2360.0,2752.0,2359.9698,2751.9934,2359.9698,2751.9934,192.14513098011503,27.153408334992196,1.29,1.092,50.98,0.05884,0.04862,45.35,2359.9698,2751.9934,192.14513098011503,27.153408334992196,0.82073712366,0.91793036203,0.82073712366,0.91793036203,0.965,0.898,70.36,0.9654652,0.8980782,70.36,22.8673,0.0,3.58,1.182,0.154,0.282,39.0
1534,1534,39_20,39_21,204.1846,23.98263,20.4373,0.1276,399.442,7.0,7.0,2475.0,2715.0,2474.8523,2714.7304,2474.8523,2714.7304,192.1084284708685,27.162878410500625,1.07,0.518,-67.98,0.15512,0.07412,-67.52,2474.8523,2714.7304,192.1084284708685,27.162878410500625,1.4666555049,1.8089475818,1.4666555049,1.8089475818,1.348,1.208,-81.9,1.347597,1.208133,-81.9,22.8998,0.0,4.41,2.067,0.516,0.051,39.0
1537,1537,39_23,39_18,330.915,27.57998,19.9131,0.0905,398.9371,8.0,9.0,2502.0,2690.0,2502.0253,2690.0013,2502.0253,2690.0013,192.09958471248032,27.169591622302423,0.798,0.773,39.04,0.07791,0.07775,33.0,2502.0253,2690.0013,192.09958471248032,27.169591622302423,0.85550712649,0.82041943193,0.85550712649,0.82041943193,0.959,0.87,38.78,0.9588656,0.869772,38.78,22.8666,0.0,2.64,1.032,0.031,0.502,39.0
1538,1538,39_24,39_17,6993.272,103.6904,16.6007,0.0161,401.1645,112.0,121.0,2009.0,2674.0,2009.7992,2671.8775,2009.7992,2671.8775,192.2550695900129,27.17894680531674,5.114,1.481,-88.6,0.097,0.02681,-89.1,2009.7992,2671.8775,192.2550695900129,27.17894680531674,2.6490320262,8.1639822733,2.6490320262,8.1639822733,2.858,1.626,-88.5,2.857932,1.626418,-88.5,22.8742,24.0,14.63,3.453,0.71,0.009,39.0
1539,1539,39_25,39_16,401.3333,30.345,19.7036,0.0821,400.4657,9.0,11.0,2098.0,2671.0,2098.6107,2670.7473,2098.6107,2670.7473,192.2269701307547,27.178509567500395,1.021,0.78,68.86,0.09612,0.07412,66.95,2098.6107,2670.7473,192.2269701307547,27.178509567500395,0.67000650304,0.95204666174,0.67000650304,0.95204666174,0.981,0.812,78.94,0.9814588,0.8116599,78.94,22.87,0.0,3.71,1.308,0.236,0.521,39.0
1540,1540,39_26,39_15,316.0002,25.87053,19.9632,0.0889,400.802,7.0,8.0,2116.0,2668.0,2116.1229,2667.8608,2116.1229,2667.8608,192.2214030902932,27.179171658438715,0.817,0.668,40.67,0.08772,0.06949,44.8,2116.1229,2667.8608,192.2214030902932,27.179171658438715,0.70596733867,0.52167454161,0.70596733867,0.52167454161,0.841,0.721,4.76,0.8409835,0.7213797,4.76,22.9002,0.0,2.69,1.223,0.183,0.567,39.0
1541,1541,39_27,39_14,5609.985,69.24374,16.84,0.0134,399.3916,45.0,49.0,2489.0,2662.0,2488.9836,2662.4294,2488.9836,2662.4294,192.10342892030343,27.177459056714877,1.631,1.369,68.43,0.02567,0.02138,70.43,2488.9836,2662.4294,192.10342892030343,27.177459056714877,0.90066710503,1.0129779908,0.90066710503,1.0129779908,1.027,0.927,62.55,1.02688,0.9269106,62.55,22.885,0.0,3.13,1.192,0.161,0.978,39.0
1544,1544,39_30,39_11,625.9014,35.16273,19.2211,0.061,400.0957,12.0,15.0,2210.0,2636.0,2209.5455,2636.576,2209.5455,2636.576,192.19154548992455,27.187166650651864,1.061,0.921,-34.72,0.07152,0.06245,-44.13,2209.5455,2636.576,192.19154548992455,27.187166650651864,0.90327401726,0.74805177517,0.90327401726,0.74805177517,0.964,0.85,-20.74,0.9639812,0.8497447,-20.74,22.9166,0.0,3.2,1.152,0.132,0.672,39.0
1546,1546,39_32,39_9,468.9655,29.04335,19.5346,0.0673,398.8377,10.0,10.0,2280.0,2618.0,2280.0041,2617.5018,2280.0041,2617.5018,192.16906994484447,27.19192059298003,0.993,0.663,61.67,0.08265,0.05091,63.34,2280.0041,2617.5018,192.16906994484447,27.19192059298003,0.66161199901,0.66880251835,0.66161199901,0.66880251835,0.871,0.756,46.1,0.8712451,0.7558746,46.1,22.8651,0.0,2.86,1.499,0.333,0.559,39.0
1549,1549,39_35,39_6,3769.587,63.89109,17.2717,0.0184,399.2679,39.0,44.0,2264.0,2558.0,2263.6329,2558.4392,2263.6329,2558.4392,192.1736576538574,27.208669621182192,1.556,1.4,71.05,0.03409,0.0299,75.2,2263.6329,2558.4392,192.1736576538574,27.208669621182192,0.99346629837,1.0146859353,0.99346629837,1.0146859353,1.031,0.973,50.26,1.030617,0.9726159,50.26,22.8586,0.0,3.31,1.111,0.1,0.947,39.0
1551,1551,39_37,39_4,551.0464,32.94452,19.3594,0.0649,400.5966,11.0,13.0,2043.0,2561.0,2042.6917,2560.5619,2042.6917,2560.5619,192.24357195489105,27.20996964425803,1.005,0.855,43.97,0.07311,0.06257,44.68,2042.6917,2560.5619,192.24357195489105,27.20996964425803,0.79566265198,0.72246025156,0.79566265198,0.72246025156,0.916,0.824,31.31,0.9157854,0.8242936,31.31,22.9035,0.0,3.12,1.175,0.149,0.567,39.0
1553,1553,39_39,39_2,755.6508,37.25877,19.0166,0.0535,398.4594,13.0,16.0,2313.0,2555.0,2312.5549,2554.9863,2312.5549,2554.9863,192.15814734868107,27.209215465609983,1.088,0.945,79.34,0.06754,0.0555,89.57,2312.5549,2554.9863,192.15814734868107,27.209215465609983,0.8156685653,0.81598185334,0.8156685653,0.81598185334,0.954,0.849,45.05,0.9544272,0.8489518,45.05,22.8382,0.0,3.66,1.151,0.131,0.685,39.0
1559,1559,40_6,40_2,1508.404,68.03288,18.2661,0.049,400.78,29.0,53.0,2869.0,2511.0,2869.5335,2512.5058,2869.5335,2512.5058,191.9815197687455,27.21619194707697,3.243,1.463,6.82,0.19265,0.0876,6.7,2869.5335,2512.5058,191.9815197687455,27.21619194707697,10.396244887,2.2577079399,10.396244887,2.2577079399,3.243,1.463,6.82,3.242595,1.462713,6.82,22.8499,26.0,13.06,2.217,0.549,0.001,40.0
1561,1561,40_8,40_36,439.6179,31.17144,19.6047,0.077,399.2924,11.0,12.0,2967.0,2912.0,2967.3299,2911.9246,2967.3299,2911.9246,191.95476785601983,27.10301088590189,1.026,0.835,33.3,0.09252,0.0747,34.65,2967.3299,2911.9246,191.95476785601983,27.10301088590189,0.98192745697,0.92095302831,0.98192745697,0.92095302831,1.009,0.941,31.16,1.008503,0.9411708,31.16,22.8818,0.0,4.84,1.229,0.186,0.097,40.0
1562,1562,40_9,40_35,642.5634,37.7019,19.1926,0.0637,400.5866,14.0,17.0,2670.0,2894.0,2669.8218,2893.8034,2669.8218,2893.8034,192.04861753812256,27.110797841605912,1.086,1.049,-22.53,0.07563,0.07278,-43.47,2669.8218,2893.8034,192.04861753812256,27.110797841605912,1.079509926,0.99816867719,1.079509926,0.99816867719,1.039,0.999,5.48,1.039358,0.9987054,5.48,22.9035,0.0,3.81,1.036,0.034,0.142,40.0
1563,1563,40_10,40_34,321.7189,29.88896,19.9437,0.1009,400.1322,10.0,11.0,2636.0,2887.0,2635.4003,2887.0473,2635.4003,2887.0473,192.0594284105303,27.11300477983543,1.039,0.758,14.92,0.11153,0.079,14.95,2635.4003,2887.0473,192.0594284105303,27.11300477983543,1.7922779761,1.8683118943,1.7922779761,1.8683118943,1.386,1.319,57.53,1.385652,1.319303,57.53,22.9085,0.0,3.86,1.37,0.27,0.392,40.0
1564,1564,40_11,40_39,1816.751,43.45677,18.0642,0.026,399.9154,18.0,22.0,3021.0,2946.0,3020.124,2946.0636,3020.124,2946.0636,191.9384391715963,27.09292890576788,1.409,0.857,87.84,0.04888,0.0298,89.29,3020.124,2946.0636,191.9384391715963,27.09292890576788,0.41377582605,0.7569169396,0.41377582605,0.7569169396,0.871,0.642,86.48,0.8707595,0.6422387,86.48,22.92,24.0,3.84,1.644,0.392,0.967,40.0
1565,1565,40_12,40_32,249.9572,24.34716,20.2177,0.1058,401.1083,6.0,7.0,2696.0,2854.0,2695.5595,2854.3111,2695.5595,2854.3111,192.0400756394318,27.121671238646584,0.924,0.548,-32.21,0.11608,0.06448,-31.05,2695.5595,2854.3111,192.0400756394318,27.121671238646584,0.78232079775,0.7494588401,0.78232079775,0.7494588401,0.915,0.834,-38.3,0.9147384,0.8336866,-38.3,22.9223,0.0,3.34,1.687,0.407,0.489,40.0
1566,1566,40_13,40_31,474.1932,32.6516,19.5225,0.0748,399.6917,10.0,13.0,3007.0,2848.0,3006.828,2847.7698,3006.828,2847.7698,191.9416089974194,27.12068447789133,1.146,0.793,67.82,0.0954,0.06541,70.0,3006.828,2847.7698,191.9416089974194,27.12068447789133,0.9222945503,1.0912259184,0.9222945503,1.0912259184,1.089,0.909,58.98,1.089464,0.9091687,58.98,22.8927,0.0,4.78,1.445,0.308,0.453,40.0
1567,1567,40_14,40_30,393.0037,28.6344,19.7264,0.0791,399.4936,10.0,10.0,2584.0,2840.0,2583.9958,2840.1354,2583.9958,2840.1354,192.0751975400881,27.12665249879377,0.907,0.762,85.5,0.08501,0.06733,89.76,2583.9958,2840.1354,192.0751975400881,27.12665249879377,0.94598967792,0.95992674479,0.94598967792,0.95992674479,1.016,0.935,47.55,1.015534,0.9352042,47.55,22.9041,0.0,3.46,1.189,0.159,0.337,40.0
1568,1568,40_15,40_29,2765.866,56.78291,17.6078,0.0223,399.0059,32.0,36.0,2988.0,2814.0,2988.2538,2814.1218,2988.2538,2814.1218,191.9471278102885,27.130314465776443,1.472,1.271,67.43,0.03864,0.03259,72.16,2988.2538,2814.1218,191.9471278102885,27.130314465776443,0.91554172993,0.96727391387,0.91554172993,0.96727391387,1.006,0.933,55.81,1.005786,0.9333861,55.81,22.8541,0.0,3.27,1.159,0.137,0.971,40.0
1569,1569,40_16,40_28,8588.062,77.6932,16.3777,0.0098,399.7863,53.0,60.0,2992.0,2802.0,2992.1461,2802.5057,2992.1461,2802.5057,191.94577532325877,27.1335442996497,1.676,1.484,53.95,0.02006,0.01796,50.48,2992.1461,2802.5057,191.94577532325877,27.1335442996497,1.0131107434,1.029583739,1.0131107434,1.029583739,1.056,0.963,47.52,1.056071,0.9630207,47.52,22.8902,0.0,3.38,1.129,0.114,0.978,40.0
1570,1570,40_17,40_27,442.5592,33.7196,19.5975,0.0827,400.5747,12.0,14.0,2638.0,2795.0,2637.7453,2795.4447,2637.7453,2795.4447,192.05774776464017,27.138739359700143,1.005,0.981,-74.34,0.08713,0.08523,-87.2,2637.7453,2795.4447,192.05774776464017,27.138739359700143,1.2186812859,1.2404657508,1.2186812859,1.2404657508,1.114,1.104,85.24,1.11383,1.10387,85.24,22.9634,0.0,5.92,1.024,0.024,0.032,40.0
1572,1572,40_19,40_25,16555.3,92.13209,15.6651,0.006,400.1229,68.0,76.0,2632.0,2785.0,2631.9456,2785.3663,2631.9456,2785.3663,192.05947803808203,27.14162477912987,1.718,1.542,67.47,0.01331,0.01185,75.44,2631.9456,2785.3663,192.05947803808203,27.14162477912987,0.91665355709,0.96919171294,0.91665355709,0.96919171294,1.004,0.937,56.8,1.004253,0.9366542,56.8,22.9456,0.0,3.04,1.114,0.102,0.983,40.0
1573,1573,40_20,40_24,2205.78,52.13669,17.8535,0.0257,399.9745,28.0,31.0,2665.0,2782.0,2664.8982,2781.9034,2664.8982,2781.9034,192.0490241363449,27.1423039297395,1.434,1.177,75.86,0.04289,0.03388,80.06,2664.8982,2781.9034,192.0490241363449,27.1423039297395,0.84214495791,0.92249451881,0.84214495791,0.92249451881,0.978,0.899,61.3,0.9782038,0.8987529,61.3,22.9367,0.0,3.12,1.218,0.179,0.949,40.0
1574,1574,40_21,40_23,246.5103,24.15287,20.2328,0.1064,399.3183,7.0,7.0,2946.0,2777.0,2946.0047,2777.0092,2946.0047,2777.0092,191.9600965401588,27.141135196769085,0.882,0.534,45.71,0.11388,0.06592,45.04,2946.0047,2777.0092,191.9600965401588,27.141135196769085,0.76015002628,0.798359949,0.76015002628,0.798359949,0.928,0.835,51.72,0.9281314,0.8349144,51.72,22.884,0.0,3.41,1.651,0.394,0.522,40.0
1575,1575,40_22,40_22,1673.297,53.18312,18.1535,0.0345,398.9998,30.0,33.0,2905.0,2756.0,2905.224,2755.7556,2905.224,2755.7556,191.9727684832086,27.147483013023727,1.573,1.284,85.58,0.05891,0.04899,87.15,2905.224,2755.7556,191.9727684832086,27.147483013023727,1.2621716739,1.5333718928,1.2621716739,1.5333718928,1.239,1.123,85.53,1.238969,1.12272,85.53,22.8841,0.0,4.43,1.225,0.184,0.146,40.0
1576,1576,40_23,40_21,4446.919,64.57656,17.0923,0.0158,399.2825,41.0,45.0,2538.0,2717.0,2537.8708,2717.4765,2537.8708,2717.4765,192.0885292391777,27.16154938963769,1.534,1.376,78.84,0.02897,0.02578,81.48,2537.8708,2717.4765,192.0885292391777,27.16154938963769,0.87042177823,0.98401580681,0.87042177823,0.98401580681,0.997,0.928,74.13,0.9969976,0.9275954,74.13,22.9278,0.0,3.13,1.115,0.103,0.976,40.0
1578,1578,40_25,40_19,141.8809,20.0146,20.8326,0.1532,398.7755,4.0,5.0,2616.0,2663.0,2616.7997,2663.5813,2616.7997,2663.5813,192.06301921128292,27.17600057013537,0.772,0.443,20.08,0.1304,0.07532,18.53,2616.7997,2663.5813,192.06301921128292,27.17600057013537,1.2269637445,0.88979269235,1.2269637445,0.88979269235,1.124,0.924,17.12,1.123515,0.9243755,17.12,22.9031,0.0,3.44,1.743,0.426,0.457,40.0
1579,1579,40_26,40_18,4861.659,64.31261,16.9954,0.0144,398.1581,42.0,44.0,2749.0,2653.0,2748.8029,2652.8782,2748.8029,2652.8782,192.02116329564535,27.177825075170336,1.541,1.366,59.5,0.02622,0.02346,61.63,2748.8029,2652.8782,192.02116329564535,27.177825075170336,0.91725277602,0.97146624904,0.91725277602,0.97146624904,1.008,0.935,56.27,1.007505,0.9346938,56.27,22.8698,0.0,3.22,1.127,0.113,0.971,40.0
1580,1580,40_27,40_17,168.5979,22.14122,20.6453,0.1426,399.3363,5.0,6.0,2800.0,2616.0,2799.8372,2616.17,2799.8372,2616.17,192.004642970195,27.18768344229637,0.764,0.568,-47.95,0.11365,0.08398,-45.14,2799.8372,2616.17,192.004642970195,27.18768344229637,0.9517772996,1.3293367015,0.9517772996,1.3293367015,1.159,0.968,-79.1,1.159257,0.9681097,-79.1,22.9179,0.0,2.65,1.344,0.256,0.369,40.0
1581,1581,40_28,40_16,732.9252,37.8193,19.0498,0.056,399.0557,15.0,17.0,2834.0,2614.0,2834.1468,2614.582,2834.1468,2614.582,191.99377510006573,27.18781842365248,1.161,0.923,20.8,0.07422,0.05796,15.47,2834.1468,2614.582,191.99377510006573,27.18781842365248,0.83398304145,0.7302616339,0.83398304145,0.7302616339,0.948,0.816,31.78,0.9479625,0.8158503,31.78,22.8963,0.0,3.15,1.258,0.205,0.65,40.0
1582,1582,40_29,40_15,731.5446,48.55131,19.0518,0.0721,401.0028,15.0,29.0,2712.0,2602.0,2718.1932,2602.5619,2718.1932,2602.5619,192.0303247569056,27.19224682947784,1.468,1.24,-22.82,0.11897,0.10132,-22.77,2718.1932,2602.5619,192.0303247569056,27.19224682947784,8.9571938151,4.7630976102,8.9571938151,4.7630976102,2.993,2.182,-1.16,2.993145,2.182057,-1.16,23.0048,0.0,8.07,1.184,0.156,0.0,40.0
1585,1585,40_32,40_11,1287.664,42.99925,18.4379,0.0363,399.7214,20.0,21.0,3020.0,2551.0,3019.6051,2550.5717,3019.6051,2550.5717,191.93444470533635,27.204113639792467,1.319,0.958,82.06,0.05731,0.03837,82.82,3019.6051,2550.5717,191.93444470533635,27.204113639792467,0.72974351308,0.92010991874,0.72974351308,0.92010991874,0.962,0.851,79.87,0.9624912,0.850567,79.87,22.8805,24.0,3.53,1.377,0.274,0.9,40.0
1586,1586,40_33,40_42,6643.324,73.23417,16.6564,0.012,400.055,48.0,55.0,2901.0,2964.0,2900.6377,2963.7189,2900.6377,2963.7189,191.9763886424305,27.089058136814263,1.624,1.481,64.63,0.02347,0.02155,82.69,2900.6377,2963.7189,191.9763886424305,27.089058136814263,1.0261454366,1.0428596439,1.0261454366,1.0428596439,1.06,0.972,47.68,1.060187,0.9721152,47.68,22.8899,0.0,3.36,1.096,0.088,0.914,40.0
1587,1587,40_34,40_41,1827.562,59.69251,18.0577,0.0355,400.1108,37.0,43.0,2614.0,2960.0,2614.3385,2959.6566000000003,2614.3385,2959.6566000000003,192.06682918796477,27.092776419898257,2.045,1.323,86.12,0.07956,0.05026,87.02,2614.3385,2959.6566000000003,192.06682918796477,27.092776419898257,1.834967399,2.6739579581,1.834967399,2.6739579581,1.64,1.349,82.34,1.639945,1.348891,82.34,22.9279,0.0,6.16,1.545,0.353,0.013,40.0
1588,1588,40_35,40_8,224.8437,24.62318,20.3327,0.1189,399.9055,6.0,7.0,2595.0,2544.0,2594.9966,2544.2641,2594.9966,2544.2641,192.0686938747056,27.20974091981726,0.727,0.675,1.98,0.09474,0.08777,0.15,2594.9966,2544.2641,192.0686938747056,27.20974091981726,0.86285921997,0.86850805915,0.86285921997,0.86850805915,0.932,0.929,-71.9,0.9323004,0.9285382,-71.9,22.9006,0.0,2.66,1.077,0.072,0.486,40.0
1591,1591,40_38,40_38,580.9963,37.2247,19.302,0.0696,401.0276,15.0,17.0,2628.0,2945.0,2627.9544,2944.835,2627.9544,2944.835,192.0623741563333,27.09682276324885,1.188,0.994,66.8,0.08954,0.07328,63.11,2627.9544,2944.835,192.0623741563333,27.09682276324885,1.1983458174,1.342993254,1.1983458174,1.342993254,1.16,1.093,81.78,1.160205,1.093282,81.78,22.9625,0.0,4.23,1.195,0.163,0.011,40.0
1592,1592,40_39,40_6,453.1712,31.93733,19.5718,0.0765,398.9239,10.0,12.0,2698.0,2532.0,2698.1848,2532.3812,2698.1848,2532.3812,192.03593027591745,27.21215724706864,1.019,0.797,57.92,0.08462,0.06463,57.68,2698.1848,2532.3812,192.03593027591745,27.21215724706864,0.90413371451,0.87823347951,0.90413371451,0.87823347951,0.987,0.899,40.53,0.9871811,0.8987996,40.53,22.8811,0.0,2.62,1.278,0.217,0.478,40.0
1593,1593,41_1,41_10,48441.75,123.4432,14.4994,0.0028,398.8495,80.0,85.0,2560.0,2545.0,2560.9531,2545.1803,2560.9531,2545.1803,192.07947215478137,27.20978655130624,2.28,1.108,86.33,0.00899,0.00511,87.51,2560.9531,2545.1803,192.07947215478137,27.20978655130624,0.3456491828,1.250973095,0.3456491828,1.250973095,1.12,0.586,86.93,1.119634,0.5856974,86.93,22.8345,24.0,4.95,2.056,0.514,0.983,41.0
1615,1615,41_23,41_22,19430.69,99.82298,15.4912,0.0056,399.3042,78.0,83.0,3058.0,2766.0,3058.0734,2766.6657,3058.0734,2766.6657,191.92455374971985,27.1430123086119,1.781,1.625,48.41,0.01207,0.01154,49.12,3058.0734,2766.6657,191.92455374971985,27.1430123086119,1.0964195327,1.0710857292,1.0964195327,1.0710857292,1.089,0.991,41.44,1.089024,0.9907225,41.44,22.8554,0.0,3.41,1.096,0.088,0.98,41.0
1634,1634,42_2,42_30,967.6323,39.72958,18.7481,0.0446,404.1915,16.0,19.0,90.0,3062.0,89.8603,3062.0904,89.8603,3062.0904,192.8655470774792,27.08411275622801,1.145,0.998,42.71,0.06022,0.05154,45.1,89.8603,3062.0904,192.8655470774792,27.08411275622801,0.69613953531,0.68276361365,0.69613953531,0.68276361365,0.857,0.803,40.73,0.8570242,0.8027532,40.73,22.9021,0.0,2.96,1.147,0.128,0.825,42.0
1636,1636,42_4,42_28,1448.781,44.97971,18.3099,0.0337,403.8199,20.0,23.0,215.0,3051.0,215.4188,3050.8279,215.4188,3050.8279,192.8257914235992,27.08637927751052,1.209,1.114,49.02,0.04653,0.04378,34.2,215.4188,3050.8279,192.8257914235992,27.08637927751052,0.78287491718,0.80396770105,0.78287491718,0.80396770105,0.924,0.856,50.07,0.9237842,0.8564259,50.07,22.8646,0.0,3.07,1.085,0.079,0.945,42.0
1695,1695,43_34,43_35,1631.026,47.02613,18.1813,0.0313,403.5813,23.0,26.0,768.0,3048.0,767.9698000000001,3048.1338,767.9698000000001,3048.1338,192.65117910656545,27.083056345700527,1.337,1.12,63.36,0.0491,0.04043,67.92,767.9698000000001,3048.1338,192.65117910656545,27.083056345700527,0.80372867641,0.89223303002,0.80372867641,0.89223303002,0.968,0.871,59.92,0.9679383,0.8712388,59.92,22.9188,0.0,3.29,1.193,0.162,0.933,43.0
1801,1801,46_34,46_36,3552.299,60.98988,17.3361,0.0186,399.8765,35.0,41.0,2188.0,3061.0,2187.6911,3061.3385,2187.6911,3061.3385,192.20267640906476,27.06790759112051,1.56,1.31,61.77,0.03421,0.02846,61.79,2187.6911,3061.3385,192.20267640906476,27.06790759112051,0.92793432617,1.0342843918,0.92793432617,1.0342843918,1.039,0.94,61.41,1.038861,0.939674,61.41,22.8899,0.0,3.36,1.191,0.16,0.918,46.0
1806,1806,47_3,47_32,1771.744,52.03453,18.0914,0.0319,399.3264,25.0,32.0,2597.0,3063.0,2597.3235,3062.9468,2597.3235,3062.9468,192.0732626244948,27.063883764308333,1.431,1.278,67.92,0.05214,0.04709,67.21,2597.3235,3062.9468,192.0732626244948,27.063883764308333,1.0208441212,1.1744340804,1.0208441212,1.1744340804,1.097,0.996,68.15,1.09721,0.9956954,68.15,22.8959,0.0,3.9,1.12,0.107,0.468,47.0
1835,1835,47_32,47_33,260.7139,25.43535,20.172,0.106,399.2913,7.0,8.0,2607.0,3077.0,2606.747,3076.3856,2606.747,3076.3856,192.0704225872587,27.06002125650672,0.995,0.586,70.87,0.11643,0.06793,70.69,2606.747,3076.3856,192.0704225872587,27.06002125650672,0.90604781303,1.1487401287,0.90604781303,1.1487401287,1.1,0.919,65.71,1.100361,0.9186913,65.71,22.896,16.0,4.19,1.698,0.411,0.495,47.0
1839,1839,48_4,48_34,459.063,27.51446,19.5577,0.0651,399.9851,7.0,9.0,3070.0,3035.0,3070.3705,3035.3127,3070.3705,3035.3127,191.92349903474485,27.067375422375896,0.96,0.617,86.93,0.08571,0.05289,84.61,3070.3705,3035.3127,191.92349903474485,27.067375422375896,0.32886343182,0.49203653424,0.32886343182,0.49203653424,0.703,0.572,84.51,0.7025378,0.5721369,84.51,22.8951,24.0,3.15,1.557,0.358,0.593,48.0
