,Unnamed: 0,NUMBER,ID_PARENT,FLUX_ISO,FLUXERR_ISO,MAG_ISO,MAGERR_ISO,BACKGROUND,ISOAREA_IMAGE,ISOAREAF_IMAGE,XPEAK_IMAGE,YPEAK_IMAGE,X_IMAGE,Y_IMAGE,X_IMAGE_DBL,Y_IMAGE_DBL,X_WORLD,Y_WORLD,A_IMAGE,B_IMAGE,THETA_IMAGE,ERRA_IMAGE,ERRB_IMAGE,ERRTHETA_IMAGE,XWIN_IMAGE,YWIN_IMAGE,XWIN_WORLD,YWIN_WORLD,X2WIN_IMAGE,Y2WIN_IMAGE,X2WIN_WORLD,Y2WIN_WORLD,AWIN_IMAGE,BWIN_IMAGE,THETAWIN_IMAGE,AWIN_WORLD,BWIN_WORLD,THETAWIN_WORLD,MU_THRESHOLD,FLAGS,FWHM_IMAGE,ELONGATION,ELLIPTICITY,CLASS_STAR,SUBDIV_NUMBER
0,0,0_1,0_4,798.4033,39.57876,18.8677,0.0538,601.6074,13.0,14.0,207.0,12.0,206.6893,11.5698,206.6893,11.5698,43.38243303849825,-21.387501494280883,0.98,0.938,-82.7,0.05889,0.05747,-87.4,206.6893,11.5698,43.38243303849825,-21.387501494280883,0.81009571974,0.87148236273,0.81009571974,0.87148236273,0.936,0.897,-74.68,0.936196,0.8972821,-74.68,22.6406,0.0,3.59,1.045,0.043,0.814,0.0
1,1,0_2,0_3,4266.56,93.1285,17.0481,0.0237,601.6599,69.0,79.0,265.0,1.0,264.7536,2.8879,264.7536,2.8879,43.36492791339692,-21.38485982367352,2.538,2.038,-8.12,0.06499,0.05005,-7.28,264.7536,2.8879,43.36492791339692,-21.38485982367352,4.4279403146,3.6241744894,4.4279403146,3.6241744894,2.108,1.9,-7.42,2.107559,1.900082,-7.42,22.6512,24.0,8.72,1.245,0.197,0.0,0.0
2,2,0_3,0_2,1805.968,57.57688,17.9815,0.0346,601.8599,31.0,32.0,416.0,2.0,416.5569,2.0454,416.5569,2.0454,43.31907970262433,-21.38409062154091,1.622,1.196,20.78,0.06617,0.04612,18.49,416.5569,2.0454,43.31907970262433,-21.38409062154091,1.4245632774,1.2106077593,1.4245632774,1.2106077593,1.216,1.075,24.35,1.216409,1.074951,24.35,22.6859,24.0,4.49,1.356,0.262,0.011,0.0
3,3,0_4,0_1,938.3889,42.71247,18.6923,0.0494,601.7736,17.0,17.0,295.0,3.0,294.5851,3.1044,294.5851,3.1044,43.35591648823016,-21.384817292554853,1.136,0.955,75.04,0.06545,0.05129,74.84,294.5851,3.1044,43.35591648823016,-21.384817292554853,0.85212076965,0.87153315808,0.85212076965,0.87153315808,0.934,0.923,77.29,0.9341167,0.9225399,77.29,22.6638,16.0,3.16,1.189,0.159,0.605,0.0
4,4,0_5,0_28,270.623,27.26361,20.0424,0.1094,602.5444,5.0,7.0,473.0,446.0,472.9493,446.2952,472.9493,446.2952,43.30030572113729,-21.50887251497533,0.729,0.668,-0.1,0.09408,0.08688,-0.32,472.9493,446.2952,43.30030572113729,-21.50887251497533,0.6320685284,0.58706958868,0.6320685284,0.58706958868,0.805,0.756,26.99,0.8048798,0.7558482,26.99,22.6504,0.0,2.58,1.092,0.084,0.485,0.0
5,5,0_6,0_32,28991.23,110.3376,14.9676,0.0041,602.9108,68.0,74.0,475.0,507.0,474.5618,507.3931,474.5618,507.3931,43.29958083415988,-21.526058493545957,1.572,1.514,-62.11,0.00842,0.00771,-32.27,474.5618,507.3931,43.29958083415988,-21.526058493545957,0.86053199467,0.91383177097,0.86053199467,0.91383177097,0.957,0.927,-81.3,0.9566143,0.9269589,-81.3,22.6501,24.0,2.92,1.038,0.036,0.979,0.0
6,6,0_7,0_27,60778.42,144.5431,14.1639,0.0026,601.5959,101.0,114.0,207.0,440.0,206.5842,440.3413,206.5842,440.3413,43.38083788486946,-21.50812844073962,1.7,1.602,88.39,0.00597,0.00551,79.85,206.5842,440.3413,43.38083788486946,-21.50812844073962,0.87359179929,0.92457384835,0.87359179929,0.92457384835,0.962,0.934,-83.98,0.9618458,0.9343545,-83.98,22.6619,0.0,2.92,1.062,0.058,0.983,0.0
7,7,0_8,0_26,45839.45,128.7477,14.4702,0.0031,601.4148,90.0,94.0,356.0,431.0,356.1631,430.7624,356.1631,430.7624,43.33566423712106,-21.504915684939103,1.668,1.571,-85.64,0.00681,0.00619,-80.74,356.1631,430.7624,43.33566423712106,-21.504915684939103,0.87089883271,0.92476162145,0.87089883271,0.92476162145,0.962,0.933,-83.21,0.9620484,0.9328041,-83.21,22.6312,0.0,2.95,1.061,0.058,0.985,0.0
8,8,0_9,0_24,353.5566,30.55082,19.7522,0.0938,602.9543,8.0,9.0,48.0,429.0,47.9159,428.6366,47.9159,428.6366,43.42883882954055,-21.505368264142813,0.9,0.699,-67.23,0.09747,0.07035,-69.54,47.9159,428.6366,43.42883882954055,-21.505368264142813,1.3695789689,1.1922197002,1.3695789689,1.1922197002,1.172,1.09,9.08,1.172273,1.089759,9.08,22.7104,0.0,3.92,1.288,0.224,0.446,0.0
9,9,0_10,0_23,1300.416,46.58697,18.3381,0.0389,602.162,18.0,20.0,358.0,410.0,357.911,409.6916,357.911,409.6916,43.33521674758041,-21.49898084129505,1.208,1.012,-59.04,0.05444,0.04491,-63.52,357.911,409.6916,43.33521674758041,-21.49898084129505,0.79354889733,0.86926259101,0.79354889733,0.86926259101,0.962,0.859,-56.93,0.9617789,0.8589487,-56.93,22.6578,0.0,3.5,1.194,0.162,0.742,0.0
10,10,0_11,0_22,704.3206,38.18114,19.0039,0.0589,600.947,12.0,14.0,33.0,363.0,32.7901,362.5793,32.7901,362.5793,43.433654049428256,-21.486832038479555,0.974,0.953,86.43,0.06643,0.06499,82.95,32.7901,362.5793,43.433654049428256,-21.486832038479555,0.85623695191,0.82832207688,0.85623695191,0.82832207688,0.931,0.905,-27.29,0.9307866,0.9045416,-27.29,22.6248,0.0,3.26,1.022,0.021,0.573,0.0
11,11,0_12,0_21,2949.323,60.39237,17.449,0.0222,601.9368,29.0,33.0,245.0,357.0,244.5665,356.9499,244.5665,356.9499,43.369673162631535,-21.484534835832072,1.365,1.262,-84.19,0.03586,0.0319,-77.47,244.5665,356.9499,43.369673162631535,-21.484534835832072,0.81471903783,0.8691776002,0.81471903783,0.8691776002,0.933,0.902,79.77,0.9332806,0.9016008,79.77,22.6768,0.0,3.04,1.082,0.075,0.879,0.0
12,12,0_13,0_20,48691.93,135.1146,14.4047,0.003,602.7386,98.0,105.0,411.0,348.0,411.3286,348.3154,411.3286,348.3154,43.31930936022846,-21.481523431485776,1.679,1.618,89.87,0.00681,0.00666,66.01,411.3286,348.3154,43.31930936022846,-21.481523431485776,0.88440175499,0.94066004719,0.88440175499,0.94066004719,0.97,0.94,-82.22,0.9704277,0.9398574,-82.22,22.6727,0.0,2.98,1.038,0.037,0.99,0.0
13,13,0_14,0_19,472.333,29.37916,19.4377,0.0675,602.7521,1.0,8.0,439.0,323.0,439.0907,322.9559,439.0907,322.9559,43.31101805638618,-21.47428975123789,0.74,0.621,48.73,0.05719,0.04566,45.72,439.0907,322.9559,43.31101805638618,-21.47428975123789,0.083558590868,0.087780058429,0.083558590868,0.087780058429,0.296,0.289,86.87,0.2962984,0.2890432,86.87,22.6755,0.0,4.01,1.191,0.16,0.961,0.0
14,14,0_15,0_18,8800.629,80.8562,16.262,0.01,601.8616,47.0,53.0,253.0,301.0,252.7706,301.2436,252.7706,301.2436,43.36740528819705,-21.468833388646747,1.547,1.422,-84.05,0.019,0.01753,-78.14,252.7706,301.2436,43.36740528819705,-21.468833388646747,0.84603849752,0.91533792048,0.84603849752,0.91533792048,0.957,0.92,-88.26,0.9567665,0.9197686,-88.26,22.669,0.0,2.95,1.087,0.08,0.979,0.0
15,15,0_16,0_17,749.9819,41.8581,18.9357,0.0606,602.3156,15.0,17.0,202.0,266.0,202.5216,266.1472,202.5216,266.1472,43.3827225129492,-21.45913139436573,1.159,0.947,77.52,0.078,0.06112,75.01,202.5216,266.1472,43.3827225129492,-21.45913139436573,0.81231298944,0.98321857098,0.81231298944,0.98321857098,0.992,0.901,-85.71,0.9920619,0.9007468,-85.71,22.7042,0.0,3.21,1.225,0.183,0.722,0.0
16,16,0_17,0_16,3293.465,61.78553,17.3292,0.0204,602.5636,31.0,34.0,260.0,240.0,260.0292,240.2277,260.0292,240.2277,43.36544426511747,-21.45164194921913,1.34,1.299,-63.8,0.03225,0.03042,-20.53,260.0292,240.2277,43.36544426511747,-21.45164194921913,0.83899103962,0.90194435461,0.83899103962,0.90194435461,0.95,0.916,-87.04,0.9497966,0.9158722,-87.04,22.6969,0.0,3.1,1.032,0.031,0.782,0.0
17,17,0_18,0_15,332.968,28.40609,19.8173,0.0926,601.3799,7.0,8.0,34.0,218.0,34.122,217.8341,34.122,217.8341,43.43378773513547,-21.446104348851048,0.815,0.679,42.88,0.09159,0.07261,45.08,34.122,217.8341,43.43378773513547,-21.446104348851048,0.75561406822,0.72605110992,0.75561406822,0.72605110992,0.872,0.849,-20.02,0.8718607,0.8494257,-20.02,22.6593,0.0,3.86,1.199,0.166,0.289,0.0
18,18,0_19,0_14,7538.82,74.59932,16.43,0.0107,601.887,42.0,45.0,395.0,169.0,395.3271,169.0025,395.3271,169.0025,43.32483995336423,-21.43113157287445,1.426,1.4,-81.39,0.01875,0.0179,-26.26,395.3271,169.0025,43.32483995336423,-21.43113157287445,0.84725960172,0.88640402184,0.84725960172,0.88640402184,0.942,0.92,85.61,0.9416134,0.9203411,85.61,22.6706,0.0,2.94,1.019,0.018,0.983,0.0
19,19,0_20,0_13,2169.674,55.15111,17.7823,0.0276,601.0419,26.0,28.0,179.0,140.0,178.822,139.6428,178.822,139.6428,43.39036257003532,-21.42362288997667,1.32,1.195,-76.61,0.04299,0.0375,-68.76,178.822,139.6428,43.39036257003532,-21.42362288997667,0.86703322891,0.93745782727,0.86703322891,0.93745782727,0.968,0.931,-88.32,0.9682553,0.9311137,-88.32,22.654,0.0,3.26,1.104,0.094,0.422,0.0
22,22,0_23,0_10,14707.85,100.158,15.7044,0.0074,601.546,71.0,79.0,355.0,123.0,355.3537,123.0743,355.3537,123.0743,43.33709467966974,-21.41835198028153,2.038,1.581,-14.53,0.01754,0.01507,-15.86,355.3537,123.0743,43.33709467966974,-21.41835198028153,1.8407727219,1.246611378,1.8407727219,1.246611378,1.373,1.096,-14.96,1.373476,1.095878,-14.96,22.6566,0.0,4.82,1.29,0.225,0.055,0.0
23,23,0_24,0_9,252.6655,27.24715,20.1169,0.1171,601.7788,6.0,7.0,451.0,85.0,451.1615,84.6868,451.1615,84.6868,43.30830217898299,-21.407213847053647,0.848,0.608,28.25,0.10889,0.07537,30.37,451.1615,84.6868,43.30830217898299,-21.407213847053647,0.96050486595,0.87409689657,0.96050486595,0.87409689657,0.993,0.921,25.81,0.9934171,0.9207194,25.81,22.6494,0.0,3.14,1.395,0.283,0.485,0.0
24,24,0_25,0_8,1236.747,47.60157,18.3926,0.0418,600.9309,18.0,22.0,43.0,75.0,43.1124,74.937,43.1124,74.937,43.4316052677959,-21.405876001998696,1.219,1.094,-51.01,0.05784,0.05227,-45.42,43.1124,74.937,43.4316052677959,-21.405876001998696,0.79066736526,0.8519514564,0.79066736526,0.8519514564,0.94,0.871,-59.57,0.940343,0.8708466,-59.57,22.6611,0.0,3.27,1.114,0.102,0.509,0.0
25,25,0_26,0_7,3088.959,61.53714,17.3988,0.0216,601.4971,29.0,34.0,311.0,62.0,310.5364,61.7003,310.5364,61.7003,43.35087120844528,-21.401244025269808,1.386,1.263,-89.71,0.03542,0.0314,-89.96,310.5364,61.7003,43.35087120844528,-21.401244025269808,0.83578199399,0.90764938691,0.83578199399,0.90764938691,0.953,0.914,89.86,0.9527066,0.9142109,89.86,22.6498,0.0,3.02,1.097,0.089,0.805,0.0
26,26,0_27,0_6,3843.536,62.45642,17.1615,0.0176,602.287,33.0,34.0,378.0,53.0,377.597,53.3635,377.597,53.3635,43.33064662534862,-21.39866376928532,1.357,1.277,-64.43,0.02834,0.0257,-63.58,377.597,53.3635,43.33064662534862,-21.39866376928532,0.83617292873,0.85818067855,0.83617292873,0.85818067855,0.93,0.911,-64.69,0.9297941,0.9109536,-64.69,22.6856,0.0,3.0,1.062,0.059,0.951,0.0
27,27,0_28,0_5,4395.241,67.46974,17.0158,0.0167,602.0173,33.0,40.0,410.0,34.0,409.6876,34.0477,409.6876,34.0477,43.3210288851159,-21.393116827994408,1.414,1.346,-73.61,0.02805,0.02656,-75.82,409.6876,34.0477,43.3210288851159,-21.393116827994408,0.84869720721,0.88173142886,0.84869720721,0.88173142886,0.942,0.918,-69.98,0.9416943,0.918499,-69.98,22.6822,0.0,2.99,1.051,0.049,0.965,0.0
28,28,0_29,0_31,465.5973,33.98389,19.4533,0.0793,601.8084,10.0,11.0,237.0,498.0,237.4927,497.8732,237.4927,497.8732,43.37127880764315,-21.524210812898573,1.066,0.725,-41.83,0.09745,0.06467,-41.11,237.4927,497.8732,43.37127880764315,-21.524210812898573,1.2102969418,1.069473955,1.2102969418,1.069473955,1.133,0.998,-30.41,1.133287,0.9977134,-30.41,22.6645,0.0,4.92,1.471,0.32,0.073,0.0
29,29,0_30,0_30,528.4862,35.33285,19.3157,0.0726,601.4983,11.0,12.0,164.0,473.0,164.2255,472.5682,164.2255,472.5682,43.393520414412336,-21.517340232854,1.013,0.804,-58.93,0.08757,0.067,-57.98,164.2255,472.5682,43.393520414412336,-21.517340232854,0.86482472879,0.88576756772,0.86482472879,0.88576756772,0.961,0.909,-51.26,0.9610443,0.9093878,-51.26,22.6628,0.0,3.55,1.26,0.206,0.169,0.0
30,30,0_31,0_29,393.5323,33.68233,19.6358,0.093,603.0244,10.0,11.0,63.0,448.0,62.9036,447.6461,62.9036,447.6461,43.4242386350206,-21.51066734515117,1.041,0.743,72.89,0.10285,0.07263,74.84,62.9036,447.6461,43.4242386350206,-21.51066734515117,1.3525494227,1.5094062236,1.3525494227,1.5094062236,1.229,1.163,87.16,1.228737,1.162825,87.16,22.7186,0.0,5.15,1.402,0.287,0.155,0.0
31,31,1_1,1_1,76124.09,153.1994,13.9195,0.0022,602.9651,106.0,116.0,587.0,7.0,586.8341,6.6577,586.8341,6.6577,43.26763135702302,-21.38477394271569,1.695,1.627,88.93,0.00505,0.00483,-80.52,586.8341,6.6577,43.26763135702302,-21.38477394271569,0.87620230123,0.91980387672,0.87620230123,0.91980387672,0.959,0.936,87.44,0.9591094,0.9360103,87.44,22.6752,16.0,2.95,1.042,0.04,0.993,1.0
32,32,1_2,1_38,5201.641,101.6566,16.833,0.0212,603.7704,79.0,83.0,984.0,494.0,984.271,493.4998,984.271,493.4998,43.14556105348938,-21.52025021644306,3.196,1.565,-64.31,0.06938,0.03385,-63.97,984.271,493.4998,43.14556105348938,-21.52025021644306,2.9654438408,4.4930836903,2.9654438408,4.4930836903,2.209,1.606,-65.8,2.209016,1.605857,-65.8,22.5881,16.0,9.41,2.042,0.51,0.002,1.0
33,33,1_3,1_39,600339.9,354.1445,11.6773,0.0006,603.1424,273.0,287.0,678.0,504.0,677.2845,503.6399,677.2845,503.6399,43.23831592229185,-21.524264958165897,1.895,1.866,-46.0,0.00182,0.00156,-6.13,677.2845,503.6399,43.23831592229185,-21.524264958165897,1.1485196178,1.1720353558,1.1485196178,1.1720353558,1.088,1.066,-60.47,1.087725,1.066494,-60.47,22.6573,24.0,3.37,1.015,0.015,1.0,1.0
34,34,1_4,1_37,27075.75,119.3729,15.0418,0.0048,602.8307,93.0,100.0,583.0,462.0,583.5847,462.4734,583.5847,462.4734,43.266802044998805,-21.51302525904143,2.446,1.563,34.66,0.01464,0.00946,34.41,583.5847,462.4734,43.266802044998805,-21.51302525904143,1.0832181051,1.1216206843,1.0832181051,1.1216206843,1.061,1.039,73.36,1.060842,1.038968,73.36,22.673,0.0,4.2,1.565,0.361,0.907,1.0
35,35,1_5,1_36,5563.574,72.89317,16.7599,0.0142,603.9382,39.0,43.0,984.0,440.0,983.8618,440.3088,983.8618,440.3088,43.14590597316126,-21.505284454382657,1.434,1.353,-86.12,0.02447,0.02259,-82.99,983.8618,440.3088,43.14590597316126,-21.505284454382657,0.8027121412,0.85284534782,0.8027121412,0.85284534782,0.924,0.895,-82.07,0.9240332,0.8953883,-82.07,22.6406,0.0,2.87,1.06,0.056,0.979,1.0
36,36,1_6,1_35,423.1954,33.96154,19.5569,0.0872,603.4872,7.0,11.0,807.0,410.0,806.8299999999999,409.8018,806.8299999999999,409.8018,43.199537784721805,-21.497376803828768,0.901,0.861,-32.22,0.08546,0.08226,-44.36,806.8299999999999,409.8018,43.199537784721805,-21.497376803828768,0.95951024187,0.9576586523,0.95951024187,0.9576586523,0.994,0.964,-44.1,0.9939413,0.9639759,-44.1,22.6769,0.0,4.15,1.046,0.044,0.556,1.0
37,37,1_7,1_34,4585.463,68.12833,16.9698,0.0161,602.201,32.0,40.0,572.0,401.0,571.9509,401.4673,571.9509,401.4673,43.27055893464523,-21.49590195732828,1.369,1.364,-78.63,0.02717,0.02622,0.27,571.9509,401.4673,43.27055893464523,-21.49590195732828,0.80414709372,0.84620117253,0.80414709372,0.84620117253,0.921,0.896,-79.64,0.9206823,0.895931,-79.64,22.6403,0.0,2.82,1.003,0.003,0.977,1.0
38,38,1_8,1_33,3704.491,65.23908,17.2015,0.0191,603.4944,30.0,37.0,721.0,373.0,721.5054,373.0723,721.5054,373.0723,43.225473457036,-21.487361901077783,1.402,1.297,-87.18,0.03212,0.02824,-81.09,721.5054,373.0723,43.225473457036,-21.487361901077783,0.82873738621,0.86398121552,0.82873738621,0.86398121552,0.932,0.908,71.97,0.9317513,0.9080518,71.97,22.6795,0.0,2.94,1.081,0.075,0.794,1.0
39,39,1_9,1_32,544.608,35.63888,19.2831,0.0711,603.8061,11.0,12.0,621.0,341.0,620.7961,340.6883,620.7961,340.6883,43.25603793022817,-21.47862233046888,0.964,0.848,72.31,0.08013,0.06987,70.03,620.7961,340.6883,43.25603793022817,-21.47862233046888,0.68042334879,0.72902777295,0.68042334879,0.72902777295,0.854,0.825,89.34,0.853835,0.8248739,89.34,22.7025,0.0,3.61,1.137,0.121,0.325,1.0
41,41,1_11,1_30,3942.198,63.10779,17.134,0.0174,602.6545,27.0,34.0,547.0,337.0,547.1232,337.2952,547.1232,337.2952,43.278315128181546,-21.477936219230493,1.3,1.285,-21.32,0.02768,0.02556,3.79,547.1232,337.2952,43.278315128181546,-21.477936219230493,0.76950960026,0.8093727818,0.76950960026,0.8093727818,0.9,0.877,-83.4,0.8999524,0.8769083,-83.4,22.6554,0.0,2.88,1.012,0.012,0.973,1.0
42,42,1_12,1_29,30011.33,114.2036,14.9301,0.0041,603.4908,77.0,83.0,709.0,330.0,709.2044,330.4976,709.2044,330.4976,43.229362155173,-21.475428554880978,1.621,1.555,84.2,0.00884,0.00845,69.78,709.2044,330.4976,43.229362155173,-21.475428554880978,0.85571647445,0.90551943,0.85571647445,0.90551943,0.952,0.925,-88.64,0.9516025,0.9250343,-88.64,22.6838,0.0,2.89,1.042,0.041,0.981,1.0
43,43,1_13,1_28,9229.922,84.06952,16.2103,0.0099,603.5171,49.0,55.0,849.0,300.0,848.7471,300.1302,848.7471,300.1302,43.18731803472165,-21.466359780971697,1.538,1.44,-88.3,0.01902,0.01721,-79.47,848.7471,300.1302,43.18731803472165,-21.466359780971697,0.83893729397,0.8852454516,0.83893729397,0.8852454516,0.942,0.915,80.35,0.9416068,0.9151827,80.35,22.6607,0.0,2.91,1.068,0.064,0.978,1.0
44,44,1_14,1_26,915.7379,43.30226,18.7189,0.0514,602.8973,14.0,17.0,880.0,296.0,879.7668,295.6993,879.7668,295.6993,43.17796291826464,-21.46499498493904,1.057,1.022,-56.85,0.06167,0.05923,-46.62,879.7668,295.6993,43.17796291826464,-21.46499498493904,0.69790209051,0.72836026607,0.69790209051,0.72836026607,0.856,0.833,-70.27,0.8560705,0.8327098,-70.27,22.6276,0.0,3.0,1.034,0.033,0.804,1.0
45,45,1_15,1_25,2283.379,62.68635,17.7269,0.0298,604.0396,25.0,35.0,826.0,295.0,826.3939,295.1954,826.3939,295.1954,43.19409277071533,-21.46505608852388,1.292,1.229,-14.59,0.04353,0.04049,-28.93,826.3939,295.1954,43.19409277071533,-21.46505608852388,0.91004556497,0.86572892551,0.91004556497,0.86572892551,0.955,0.929,12.63,0.9551905,0.9291855,12.63,22.683,0.0,3.07,1.051,0.049,0.792,1.0
46,46,1_16,1_24,2695.525,58.89126,17.5467,0.0237,604.3682,26.0,30.0,978.0,289.0,978.44,289.2482,978.44,289.2482,43.148173600099895,-21.462800599523355,1.315,1.211,-47.46,0.03642,0.03249,-45.57,978.44,289.2482,43.148173600099895,-21.462800599523355,0.81275061103,0.8438092886,0.81275061103,0.8438092886,0.926,0.894,-60.93,0.9261233,0.8937872,-60.93,22.6598,0.0,3.02,1.087,0.08,0.841,1.0
47,47,1_17,1_23,3934.738,65.6681,17.136,0.0181,602.3018,30.0,36.0,794.0,279.0,794.5485,278.8096,794.5485,278.8096,43.20378228192795,-21.460566083490107,1.348,1.318,76.13,0.02929,0.02727,64.46,794.5485,278.8096,43.20378228192795,-21.460566083490107,0.8414859374,0.84602912325,0.8414859374,0.84602912325,0.926,0.911,-49.48,0.9264682,0.9105887,-49.48,22.6082,0.0,2.93,1.023,0.023,0.97,1.0
48,48,1_18,1_22,3332.799,63.31309,17.3163,0.0206,602.6064,29.0,35.0,700.0,278.0,700.0652,277.8985,700.0652,277.8985,43.23233543320743,-21.46066327670337,1.425,1.238,-81.41,0.03491,0.02949,-75.35,700.0652,277.8985,43.23233543320743,-21.46066327670337,0.77012025691,0.85512841504,0.77012025691,0.85512841504,0.925,0.878,89.17,0.9247412,0.8775548,89.17,22.6466,0.0,2.89,1.151,0.131,0.977,1.0
49,49,1_19,1_21,33510.68,120.7466,14.8103,0.0039,602.9017,77.0,92.0,602.0,269.0,602.4121,268.6407,602.4121,268.6407,43.261879621179936,-21.45841857171887,1.629,1.563,84.54,0.00852,0.00804,72.35,602.4121,268.6407,43.261879621179936,-21.45841857171887,0.8591885233,0.90225597156,0.8591885233,0.90225597156,0.95,0.927,-83.0,0.950219,0.9265681,-83.0,22.6563,0.0,2.89,1.042,0.04,0.982,1.0
50,50,1_20,1_19,47239.82,135.263,14.4375,0.0031,603.2283,94.0,104.0,955.0,253.0,955.2411,253.069,955.2411,253.069,43.15533401580941,-21.45271082138464,1.641,1.626,-61.31,0.00714,0.00672,-7.77,955.2411,253.069,43.15533401580941,-21.45271082138464,0.84308709593,0.87546235918,0.84308709593,0.87546235918,0.936,0.918,-85.73,0.9357587,0.9180987,-85.73,22.6128,0.0,2.89,1.009,0.009,0.995,1.0
51,51,1_21,1_18,1125.843,47.23447,18.4946,0.0456,603.5737,19.0,20.0,877.0,251.0,877.2406,251.2701,877.2406,251.2701,43.17890917368816,-21.452504053711017,1.137,1.106,-32.4,0.05821,0.05601,-44.54,877.2406,251.2701,43.17890917368816,-21.452504053711017,0.86614948652,0.83929094763,0.86614948652,0.83929094763,0.932,0.915,14.15,0.9316499,0.9151332,14.15,22.6516,0.0,3.24,1.028,0.027,0.393,1.0
52,52,1_22,1_17,685.9651,42.45043,19.0325,0.0672,603.3478,17.0,17.0,688.0,241.0,688.5345,240.8752,688.5345,240.8752,43.235968442287145,-21.4502895295467,1.282,0.944,58.71,0.0948,0.06717,59.02,688.5345,240.8752,43.235968442287145,-21.4502895295467,1.3841044073,1.437838426,1.3841044073,1.437838426,1.248,1.125,50.31,1.247678,1.12483,50.31,22.6784,0.0,5.46,1.358,0.264,0.004,1.0
53,53,1_23,1_16,1015.257,43.69659,18.6069,0.0467,604.418,16.0,17.0,1009.0,224.0,1009.0415,224.5868,1009.0415,224.5868,43.13919769505872,-21.44448866533049,1.054,1.038,76.43,0.05754,0.05519,-0.89,1009.0415,224.5868,43.13919769505872,-21.44448866533049,0.76372160214,0.87402674807,0.76372160214,0.87402674807,0.935,0.873,84.49,0.9354478,0.8733189,84.49,22.6401,16.0,3.33,1.015,0.015,0.43,1.0
54,54,1_24,1_15,182443.6,214.5063,12.9705,0.0013,603.8271,153.0,167.0,605.0,208.0,605.5613,208.0011,605.5613,208.0011,43.26116945375536,-21.44134642337332,1.748,1.702,86.1,0.00309,0.00302,16.06,605.5613,208.0011,43.26116945375536,-21.44134642337332,0.86993819282,0.91891176154,0.86993819282,0.91891176154,0.959,0.933,-89.23,0.9586034,0.9327,-89.23,22.7027,0.0,2.93,1.027,0.027,0.992,1.0
55,55,1_25,1_14,1005.456,46.85143,18.6174,0.0506,604.5858,16.0,20.0,827.0,206.0,827.1133,205.9606,827.1133,205.9606,43.19424062890627,-21.43994682819965,1.148,1.076,74.26,0.06386,0.0588,63.88,827.1133,205.9606,43.19424062890627,-21.43994682819965,0.81651445112,0.85446139492,0.81651445112,0.85446139492,0.926,0.902,-75.84,0.9257661,0.9021823,-75.84,22.7088,0.0,3.16,1.067,0.063,0.354,1.0
56,56,1_26,1_13,824.2871,40.67045,18.8331,0.0536,603.5361,13.0,15.0,827.0,193.0,826.8484000000001,192.6321,826.8484000000001,192.6321,43.19437529573571,-21.436197935222356,1.025,0.938,20.12,0.06289,0.0557,14.42,826.8484000000001,192.6321,43.19437529573571,-21.436197935222356,0.72761097544,0.68887869813,0.72761097544,0.68887869813,0.855,0.828,16.03,0.8550402,0.8278864,16.03,22.6628,0.0,2.96,1.093,0.085,0.798,1.0
57,57,1_27,1_12,278.9524,27.15578,20.0095,0.1057,603.1791,7.0,7.0,555.0,179.0,555.04,178.7055,555.04,178.7055,43.276549628088524,-21.43328880995764,0.732,0.675,0.44,0.0958,0.08857,-0.21,555.04,178.7055,43.276549628088524,-21.43328880995764,0.75387536769,0.66401438909,0.75387536769,0.66401438909,0.872,0.811,14.69,0.8720701,0.8107919,14.69,22.6758,0.0,4.16,1.084,0.078,0.34,1.0
58,58,1_28,1_11,276.7111,28.99493,20.0182,0.1138,602.9502,7.0,8.0,676.0,165.0,675.6195,166.0103,675.6195,166.0103,43.24017168968486,-21.429274909283485,1.2,0.485,-89.77,0.16012,0.06336,-89.99,675.6195,166.0103,43.24017168968486,-21.429274909283485,1.4790958035,2.0318433677,1.4790958035,2.0318433677,1.425,1.216,-89.72,1.425432,1.216176,-89.72,22.6617,0.0,4.53,2.472,0.596,0.098,1.0
60,60,1_30,1_9,665039.0,372.6982,11.5662,0.0006,604.2136,292.0,314.0,997.0,146.0,996.5674,146.1519,996.5674,146.1519,43.14329518075825,-21.4224696337351,1.901,1.883,-82.38,0.00169,0.00159,2.82,996.5674,146.1519,43.14329518075825,-21.4224696337351,1.1275834714,1.2023876994,1.1275834714,1.2023876994,1.097,1.062,-84.61,1.096841,1.061561,-84.61,22.6513,0.0,3.45,1.01,0.009,1.0,1.0
61,61,1_31,1_8,15851.79,94.15644,15.6231,0.0065,603.8288,60.0,64.0,593.0,133.0,593.0334,133.45,593.0334,133.45,43.26525157998997,-21.42041876538105,1.532,1.527,26.44,0.01308,0.0119,0.58,593.0334,133.45,43.26525157998997,-21.42041876538105,0.85177553189,0.89200655686,0.85177553189,0.89200655686,0.944,0.923,-88.46,0.9444764,0.9229012,-88.46,22.7072,0.0,2.88,1.003,0.003,0.982,1.0
62,62,1_32,1_7,907.204,43.02641,18.729,0.0515,603.5517,15.0,17.0,917.0,110.0,916.9256,110.4264,916.9256,110.4264,43.167502743756735,-21.412726649066062,1.13,0.956,16.13,0.06871,0.05381,15.22,916.9256,110.4264,43.167502743756735,-21.412726649066062,0.76498508528,0.7729346642,0.76498508528,0.7729346642,0.882,0.872,57.89,0.8820982,0.871678,57.89,22.6498,0.0,3.28,1.182,0.154,0.793,1.0
64,64,1_34,1_5,1884.661,54.82087,17.9352,0.0316,603.9605,19.0,27.0,955.0,51.0,954.7996,51.3771,954.7996,51.3771,43.15630895480623,-21.3959686035319,1.286,1.183,85.14,0.04584,0.04182,81.04,954.7996,51.3771,43.15630895480623,-21.3959686035319,0.81440393084,0.89329165663,0.81440393084,0.89329165663,0.945,0.902,87.46,0.9452236,0.9023569,87.46,22.6563,0.0,3.11,1.087,0.08,0.696,1.0
65,65,1_35,1_4,3940.847,62.70063,17.1343,0.0173,603.5657,32.0,34.0,572.0,46.0,572.4413,46.3926,572.4413,46.3926,43.271819540124845,-21.39600374201459,1.369,1.256,-85.93,0.02826,0.02505,-89.24,572.4413,46.3926,43.271819540124845,-21.39600374201459,0.80359922312,0.87241218838,0.80359922312,0.87241218838,0.935,0.895,-79.9,0.9352357,0.895179,-79.9,22.6977,0.0,2.91,1.09,0.083,0.908,1.0
66,66,1_36,1_3,762.7361,49.24766,18.9174,0.0701,603.6716,16.0,23.0,933.0,39.0,932.6627,38.0477,932.6627,38.0477,43.16305089551923,-21.39230432576016,1.459,1.231,-36.53,0.1042,0.08589,-35.04,932.6627,38.0477,43.16305089551923,-21.39230432576016,4.3382540727,3.9074310183,4.3382540727,3.9074310183,2.118,1.939,-26.76,2.117801,1.939228,-26.76,22.6502,0.0,8.01,1.185,0.156,0.002,1.0
67,67,1_37,1_2,658.3179,39.9984,19.0772,0.066,604.3759,12.0,15.0,876.0,33.0,876.1333999999999,32.7876,876.1333999999999,32.7876,43.18014663158053,-21.391041706008487,1.086,0.925,-47.93,0.08258,0.06866,-44.87,876.1333999999999,32.7876,43.18014663158053,-21.391041706008487,0.77316825189,0.81061168081,0.77316825189,0.81061168081,0.912,0.867,-58.67,0.9124925,0.8666818,-58.67,22.6927,0.0,3.92,1.174,0.148,0.226,1.0
68,68,2_1,2_2,4721.095,69.58499,16.9382,0.016,603.6953,32.0,40.0,1066.0,5.0,1066.2296,4.9666,1066.2296,4.9666,43.12284970451401,-21.382477942358744,1.383,1.357,-50.6,0.02663,0.02554,-36.36,1066.2296,4.9666,43.12284970451401,-21.382477942358744,0.83633744056,0.85774359148,0.83633744056,0.85774359148,0.926,0.914,-82.9,0.9263268,0.9143302,-82.9,22.6437,16.0,2.91,1.019,0.019,0.975,2.0
69,69,2_2,2_1,509.6591,37.54681,19.3551,0.08,603.5739,11.0,13.0,1075.0,2.0,1074.6409,1.6721,1074.6409,1.6721,43.12032338718829,-21.38151805345472,1.013,0.855,42.26,0.08992,0.0765,45.09,1074.6409,1.6721,43.12032338718829,-21.38151805345472,1.0229712253,0.8096910171,1.0229712253,0.8096910171,1.027,0.882,19.73,1.026874,0.882152,19.73,22.6431,24.0,3.26,1.184,0.155,0.575,2.0
70,70,2_3,2_31,2273.944,56.72409,17.7314,0.0271,606.3476,24.0,27.0,1478.0,458.0,1478.3271,458.0976,1478.3271,458.0976,42.99637335347013,-21.50831037641009,1.235,1.208,89.58,0.03875,0.03716,-67.95,1478.3271,458.0976,42.99637335347013,-21.50831037641009,0.78827810862,0.79346614489,0.78827810862,0.79346614489,0.897,0.882,50.62,0.8967594,0.8817976,50.62,22.6337,0.0,2.86,1.022,0.022,0.937,2.0
71,71,2_4,2_30,16626.26,97.62737,15.5713,0.0064,604.1995,57.0,67.0,1164.0,450.0,1164.1251,449.7989,1164.1251,449.7989,43.09138081656988,-21.507248430623168,1.563,1.49,-72.58,0.01278,0.01231,-59.33,1164.1251,449.7989,43.09138081656988,-21.507248430623168,0.84098115008,0.8770876696,0.84098115008,0.8770876696,0.937,0.916,-77.75,0.9374834,0.9160751,-77.75,22.6472,0.0,2.9,1.049,0.047,0.993,2.0
72,72,2_5,2_29,36160.27,121.798,14.7277,0.0037,605.0691,80.0,87.0,1461.0,412.0,1461.4839,411.8794,1461.4839,411.8794,43.00166930822436,-21.495374224999846,1.609,1.563,78.4,0.00796,0.00741,66.99,1461.4839,411.8794,43.00166930822436,-21.495374224999846,0.85857435338,0.87342870299,0.85857435338,0.87342870299,0.935,0.927,-89.49,0.9345747,0.9265922,-89.49,22.6057,0.0,2.86,1.03,0.029,0.983,2.0
73,73,2_6,2_28,832.9211,40.76068,18.8218,0.0531,604.5482,13.0,15.0,1193.0,410.0,1192.733,409.4162,1192.733,409.4162,43.08290662182816,-21.49577140135962,1.087,0.908,-84.17,0.06628,0.05513,-84.2,1192.733,409.4162,43.08290662182816,-21.49577140135962,0.66711003252,0.77990665261,0.66711003252,0.77990665261,0.886,0.813,-77.86,0.8862175,0.8134097,-77.86,22.6583,0.0,3.53,1.196,0.164,0.665,2.0
74,74,2_7,2_27,1274.817,47.42653,18.3597,0.0404,604.1666,17.0,20.0,1297.0,402.0,1296.671,401.7176,1296.671,401.7176,43.05152628064365,-21.493188033882333,1.139,1.089,-59.16,0.05242,0.05047,-44.9,1296.671,401.7176,43.05152628064365,-21.493188033882333,0.82758974677,0.86383004474,0.82758974677,0.86383004474,0.931,0.908,-74.24,0.9311094,0.9079951,-74.24,22.6233,0.0,3.31,1.046,0.044,0.534,2.0
75,75,2_8,2_26,4940.719,88.55106,16.8888,0.0195,606.3351,60.0,69.0,1346.0,393.0,1346.5919,393.2555,1346.5919,393.2555,43.03647553167575,-21.49060447547054,2.195,1.75,22.1,0.04596,0.03766,16.24,1346.5919,393.2555,43.03647553167575,-21.49060447547054,2.5467595687,2.2662338762,2.5467595687,2.2662338762,1.65,1.445,31.89,1.650474,1.445313,31.89,22.7021,0.0,5.54,1.255,0.203,0.01,2.0
76,76,2_9,2_25,303.9982,29.41965,19.9161,0.1051,605.5364,7.0,8.0,1359.0,384.0,1358.844,384.1461,1358.844,384.1461,43.0328124510202,-21.48799128711253,0.812,0.685,41.7,0.10028,0.07961,44.84,1358.844,384.1461,43.0328124510202,-21.48799128711253,0.8438762932,0.70647676221,0.8438762932,0.70647676221,0.924,0.834,-14.8,0.9242194,0.8343689,-14.8,22.6631,0.0,4.42,1.187,0.157,0.567,2.0
77,77,2_10,2_24,2064.805,53.43266,17.8361,0.0281,603.2249,23.0,25.0,1078.0,381.0,1078.0367,381.3245,1078.0367,381.3245,43.11769017352152,-21.48832030113339,1.232,1.149,85.47,0.04179,0.0364,79.46,1078.0367,381.3245,43.11769017352152,-21.48832030113339,0.78762961906,0.7958671974,0.78762961906,0.7958671974,0.901,0.879,-51.08,0.9007171,0.8787522,-51.08,22.6188,0.0,3.02,1.072,0.067,0.918,2.0
78,78,2_11,2_23,20894.26,103.7764,15.3232,0.0054,605.1041,63.0,72.0,1478.0,357.0,1477.8946,357.5186,1477.8946,357.5186,42.996950818720975,-21.480009524267807,1.571,1.518,-74.96,0.01117,0.01041,-70.71,1477.8946,357.5186,42.996950818720975,-21.480009524267807,0.84796975822,0.86565445062,0.84796975822,0.86565445062,0.933,0.918,-64.88,0.9330797,0.918143,-64.88,22.6244,0.0,2.84,1.035,0.034,0.981,2.0
79,79,2_12,2_22,552.7971,39.5177,19.2669,0.0776,604.6186,15.0,15.0,1025.0,339.0,1024.5907,338.9303,1024.5907,338.9303,43.134020079140456,-21.47660043314185,1.34,0.796,53.07,0.11648,0.06806,52.77,1024.5907,338.9303,43.134020079140456,-21.47660043314185,1.3213984263,1.7211858098,1.3213984263,1.7211858098,1.352,1.102,65.37,1.351876,1.102277,65.37,22.6945,0.0,5.61,1.684,0.406,0.001,2.0
81,81,2_14,2_20,5398.11,88.45695,16.7927,0.0178,605.0629,61.0,67.0,1328.0,301.0,1327.8278,300.8052,1327.8278,300.8052,43.04254952263569,-21.464666530741308,2.467,1.42,-8.95,0.05114,0.02821,-9.72,1327.8278,300.8052,43.04254952263569,-21.464666530741308,2.1852375131,1.4329640461,2.1852375131,1.4329640461,1.484,1.19,-8.38,1.483885,1.190079,-8.38,22.6445,0.0,5.34,1.738,0.425,0.015,2.0
82,82,2_15,2_19,978.9407,43.48586,18.6464,0.0482,603.7426,17.0,17.0,1121.0,291.0,1120.6792,290.806,1120.6792,290.806,43.10518694145804,-21.46268270965512,1.125,0.939,-77.05,0.06482,0.05073,-74.38,1120.6792,290.806,43.10518694145804,-21.46268270965512,0.68004954836,0.72913350858,0.68004954836,0.72913350858,0.855,0.824,79.54,0.8549061,0.8236009,79.54,22.6335,0.0,2.94,1.199,0.166,0.853,2.0
83,83,2_16,2_18,298.1278,27.29021,19.9373,0.0994,604.0938,6.0,7.0,1030.0,262.0,1030.3263,262.0363,1030.3263,262.0363,43.132609505942106,-21.454942514980512,0.742,0.665,89.25,0.08379,0.07748,88.98,1030.3263,262.0363,43.132609505942106,-21.454942514980512,0.87166166299,0.87761804681,0.87166166299,0.87761804681,0.944,0.926,-50.11,0.9441583,0.9261991,-50.11,22.6649,0.0,2.65,1.116,0.104,0.489,2.0
84,84,2_17,2_17,1551.853,50.51942,18.1462,0.0354,603.9354,22.0,23.0,1130.0,244.0,1130.0115,243.9989,1130.0115,243.9989,43.10256613454152,-21.449475832935093,1.246,1.101,-68.44,0.05188,0.04501,-69.17,1130.0115,243.9989,43.10256613454152,-21.449475832935093,0.78096697243,0.86882211685,0.78096697243,0.86882211685,0.941,0.874,-68.43,0.9407935,0.8744694,-68.43,22.6498,0.0,3.33,1.132,0.117,0.351,2.0
85,85,2_18,2_16,297.6255,31.11051,19.9391,0.1135,604.1071,7.0,9.0,1208.0,245.0,1208.1019,244.6627,1208.1019,244.6627,43.07896885701129,-21.44935200067636,0.942,0.686,68.08,0.11215,0.08073,69.63,1208.1019,244.6627,43.07896885701129,-21.44935200067636,1.2605790592,1.4946213196,1.2605790592,1.4946213196,1.235,1.109,70.93,1.235471,1.108518,70.93,22.6326,0.0,3.49,1.372,0.271,0.2,2.0
86,86,2_19,2_15,671.7097,38.11707,19.0553,0.0616,605.1561,12.0,13.0,1304.0,244.0,1303.6483,243.7208,1303.6483,243.7208,43.050104275763694,-21.4487024344516,0.987,0.849,40.63,0.06925,0.05889,45.6,1303.6483,243.7208,43.050104275763694,-21.4487024344516,0.72463662821,0.70670129031,0.72463662821,0.70670129031,0.877,0.814,40.16,0.8769071,0.8138623,40.16,22.6572,0.0,2.78,1.163,0.14,0.607,2.0
87,87,2_20,2_14,4399.84,68.769,17.0147,0.017,604.3875,30.0,39.0,1265.0,233.0,1264.9858,233.3318,1264.9858,233.3318,43.06183086185704,-21.44593549605236,1.391,1.328,-36.91,0.0282,0.02627,-35.31,1264.9858,233.3318,43.06183086185704,-21.44593549605236,0.81953376339,0.81840526027,0.81953376339,0.81840526027,0.909,0.901,-42.84,0.9090987,0.900821,-42.84,22.6316,0.0,2.84,1.048,0.046,0.976,2.0
88,88,2_21,2_13,433.3946,32.66729,19.5311,0.0819,603.6018,10.0,10.0,1068.0,233.0,1068.2174,233.0058,1068.2174,233.0058,43.12128318289991,-21.44662623377225,0.909,0.754,-0.96,0.08869,0.07027,-0.02,1068.2174,233.0058,43.12128318289991,-21.44662623377225,0.90076785457,0.95954118224,0.90076785457,0.95954118224,0.98,0.948,-80.96,0.9803407,0.9482833,-80.96,22.6423,0.0,3.13,1.205,0.17,0.414,2.0
89,89,2_22,2_12,507.9221,38.97429,19.3588,0.0833,605.5211,9.0,14.0,1509.0,230.0,1509.477,230.1647,1509.477,230.1647,42.98797494842632,-21.444042801651527,1.161,0.872,-88.68,0.10628,0.07747,-89.91,1509.477,230.1647,42.98797494842632,-21.444042801651527,1.6416953918,1.9794541497,1.6416953918,1.9794541497,1.415,1.272,75.91,1.414978,1.272394,75.91,22.6402,16.0,4.48,1.331,0.249,0.541,2.0
90,90,2_23,2_11,5636.719,69.92366,16.7457,0.0135,604.9258,36.0,40.0,1119.0,228.0,1118.5682,227.5895,1118.5682,227.5895,43.10609339103738,-21.444904085411157,1.404,1.323,-87.85,0.02326,0.02128,-88.99,1118.5682,227.5895,43.10609339103738,-21.444904085411157,0.81992465686,0.85777375891,0.81992465686,0.85777375891,0.927,0.905,-79.57,0.9268768,0.9047639,-79.57,22.6984,0.0,2.92,1.061,0.058,0.907,2.0
91,91,2_24,2_10,5348.256,72.08579,16.8028,0.0146,604.8351,35.0,42.0,1300.0,226.0,1299.6899,225.9859,1299.6899,225.9859,43.05137743625903,-21.443728398819232,1.437,1.353,-71.15,0.0248,0.02351,-58.17,1299.6899,225.9859,43.05137743625903,-21.443728398819232,0.84657958048,0.89725123381,0.84657958048,0.89725123381,0.95,0.917,-72.39,0.9502254,0.9170074,-72.39,22.6453,0.0,2.97,1.062,0.059,0.969,2.0
93,93,2_26,2_8,1061.93,46.14323,18.5581,0.0472,604.4799,15.0,19.0,1267.0,219.0,1267.1525,219.2504,1267.1525,219.2504,43.061237240787776,-21.44196472065672,1.154,1.027,-51.94,0.06262,0.05361,-45.8,1267.1525,219.2504,43.061237240787776,-21.44196472065672,0.79248497556,0.87492008751,0.79248497556,0.87492008751,0.937,0.888,-78.65,0.9372215,0.8882685,-78.65,22.6356,0.0,3.49,1.124,0.11,0.504,2.0
94,94,2_27,2_7,3139.405,62.41512,17.3812,0.0216,605.6407,27.0,33.0,1381.0,185.0,1380.5792,185.3548,1380.5792,185.3548,43.02711680010262,-21.431966738208416,1.335,1.271,-51.06,0.03333,0.03112,-45.72,1380.5792,185.3548,43.02711680010262,-21.431966738208416,0.80106129284,0.83394436599,0.80106129284,0.83394436599,0.916,0.892,-69.21,0.9162327,0.8919211,-69.21,22.6708,0.0,2.93,1.05,0.047,0.944,2.0
95,95,2_28,2_6,1911.781,63.36674,17.9197,0.036,604.0555,32.0,37.0,1005.0,146.0,1005.4681,145.7057,1005.4681,145.7057,43.140608235271934,-21.422309480657827,1.959,1.443,-86.84,0.08865,0.06225,-86.2,1005.4681,145.7057,43.140608235271934,-21.422309480657827,1.9249337783,2.4705759794,1.9249337783,2.4705759794,1.572,1.387,-87.29,1.572195,1.38698,-87.29,22.6545,24.0,7.53,1.357,0.263,0.476,2.0
96,96,2_29,2_5,12937.3,90.74265,15.8437,0.0076,604.5445,54.0,60.0,1314.0,128.0,1313.7315,128.4204,1313.7315,128.4204,43.04756074868597,-21.416220319575675,1.529,1.48,60.71,0.01494,0.01393,41.34,1313.7315,128.4204,43.04756074868597,-21.416220319575675,0.8534516311,0.88071238619,0.8534516311,0.88071238619,0.939,0.924,-83.93,0.9386289,0.9236557,-83.93,22.6373,0.0,2.85,1.033,0.032,0.979,2.0
97,97,2_30,2_4,351.725,31.20321,19.7578,0.0963,604.3182,7.0,9.0,1149.0,85.0,1148.8825,85.2975,1148.8825,85.2975,43.097542794118496,-21.404750277785915,0.923,0.69,67.28,0.09994,0.07199,69.63,1148.8825,85.2975,43.097542794118496,-21.404750277785915,0.92194907222,0.94797611933,0.92194907222,0.94797611933,1.002,0.93,50.41,1.002117,0.9304227,50.41,22.6625,0.0,4.74,1.338,0.253,0.232,2.0
98,98,2_31,2_3,1617.277,51.9609,18.1013,0.0349,603.9149,20.0,24.0,1230.0,82.0,1230.0802,81.7636,1230.0802,81.7636,43.07303184605182,-21.403431559176187,1.224,1.143,81.78,0.04904,0.04549,88.66,1230.0802,81.7636,43.07303184605182,-21.403431559176187,0.77051265982,0.84360545579,0.77051265982,0.84360545579,0.92,0.876,78.65,0.9201478,0.87604,78.65,22.6256,0.0,3.02,1.071,0.067,0.922,2.0
99,99,2_32,2_32,59315.94,144.6808,14.1904,0.0026,606.4255,95.0,105.0,1491.0,487.0,1491.4485,487.1837,1491.4485,487.1837,42.99227781543959,-21.5164409587564,1.635,1.606,-86.66,0.00577,0.00568,-40.6,1491.4485,487.1837,42.99227781543959,-21.5164409587564,0.84609765365,0.86390776979,0.84609765365,0.86390776979,0.93,0.919,77.93,0.9299257,0.9193714,77.93,22.6146,0.0,2.83,1.018,0.018,0.985,2.0
100,100,3_1,3_5,623174.9,366.762,11.6368,0.0006,607.1059,315.0,326.0,1661.0,48.0,1660.2544,46.9055,1660.2544,46.9055,42.943255130121614,-21.391844487658272,2.056,2.035,-71.52,0.00193,0.00177,-7.89,1660.2544,46.9055,42.943255130121614,-21.391844487658272,1.5883498017,1.658837145,1.5883498017,1.658837145,1.301,1.247,60.59,1.30064,1.247206,60.59,22.6611,0.0,4.85,1.01,0.01,1.0,3.0
102,102,3_3,3_32,29077.8,115.513,14.9644,0.0043,606.4829,73.0,81.0,1641.0,462.0,1640.8485,462.3856,1640.8485,462.3856,42.94722852183032,-21.50883753806095,1.596,1.54,-78.87,0.00911,0.00867,-75.29,1640.8485,462.3856,42.94722852183032,-21.50883753806095,0.81512646245,0.83931546674,0.81512646245,0.83931546674,0.916,0.903,-84.55,0.9162629,0.9027205,-84.55,22.6055,0.0,2.79,1.036,0.035,0.982,3.0
103,103,3_4,3_31,1846521.0,624.8726,10.4574,0.0004,607.9972,808.0,854.0,1700.0,444.0,1703.0402,443.4957,1703.0402,443.4957,42.9285157860302,-21.50325794241619,4.549,3.058,-89.78,0.00186,0.00171,-87.0,1703.0402,443.4957,42.9285157860302,-21.50325794241619,4.9992752682,5.2620106254,4.9992752682,5.2620106254,2.295,2.234,-80.89,2.295418,2.234355,-80.89,22.652,0.0,22.38,1.488,0.328,0.478,3.0
104,104,3_5,3_30,22248.53,166.2295,15.255,0.0081,607.451,219.0,234.0,1945.0,441.0,1945.2205,441.8577,1945.2205,441.8577,42.85531928186696,-21.501749077211453,3.389,3.161,37.58,0.03247,0.03083,26.33,1945.2205,441.8577,42.85531928186696,-21.501749077211453,4.9807818087,4.9901279367,4.9807818087,4.9901279367,2.283,2.182,45.59,2.282796,2.181685,45.59,22.6814,0.0,6.72,1.072,0.067,0.023,3.0
105,105,3_6,3_29,304.161,29.8266,19.9155,0.1065,607.4238,8.0,8.0,1616.0,442.0,1616.0219,441.5075,1616.0219,441.5075,42.95482735740239,-21.50306705737131,0.832,0.686,88.0,0.0988,0.08074,89.88,1616.0219,441.5075,42.95482735740239,-21.50306705737131,0.69913612845,0.9487861838,0.69913612845,0.9487861838,0.981,0.828,76.88,0.9813847,0.8275303,76.88,22.6773,0.0,3.93,1.214,0.176,0.401,3.0
106,106,3_7,3_28,1817.393,53.78843,17.9747,0.0321,609.903,19.0,24.0,1667.0,433.0,1667.3996,433.228,1667.3996,433.228,42.93933544785519,-21.500520021775383,1.206,1.125,-76.51,0.04266,0.03978,-81.94,1667.3996,433.228,42.93933544785519,-21.500520021775383,0.6847682102,0.70764974915,0.6847682102,0.70764974915,0.847,0.821,-60.86,0.847332,0.8212469,-60.86,22.7403,0.0,2.6,1.072,0.067,0.959,3.0
107,107,3_8,3_27,28084.03,113.9825,15.0022,0.0044,607.3219,71.0,79.0,1682.0,390.0,1682.5486,389.9081,1682.5486,389.9081,42.93495406457076,-21.488265295528603,1.579,1.545,-78.93,0.00909,0.00887,-42.31,1682.5486,389.9081,42.93495406457076,-21.488265295528603,0.82709238266,0.85541706413,0.82709238266,0.85541706413,0.926,0.908,-76.23,0.9258649,0.9084513,-76.23,22.6467,0.0,2.82,1.022,0.021,0.982,3.0
108,108,3_9,3_26,503.9933,35.40738,19.3672,0.0763,606.5966,11.0,11.0,1781.0,393.0,1780.7844,392.8621,1780.7844,392.8621,42.9052499963091,-21.48867637159925,0.907,0.85,-42.92,0.07776,0.07466,-45.13,1780.7844,392.8621,42.9052499963091,-21.48867637159925,0.85369040243,0.87601391246,0.85369040243,0.87601391246,0.956,0.903,-51.53,0.9561632,0.9030262,-51.53,22.6217,0.0,3.4,1.068,0.063,0.49,3.0
109,109,3_10,3_25,33355.37,119.8395,14.8154,0.0039,606.8497,79.0,85.0,1623.0,388.0,1623.1285,388.2879,1623.1285,388.2879,42.95292014308182,-21.48806096349905,1.611,1.547,-79.04,0.00841,0.00791,-57.18,1623.1285,388.2879,42.95292014308182,-21.48806096349905,0.83887374771,0.86673069701,0.83887374771,0.86673069701,0.932,0.915,-79.47,0.9315195,0.9153556,-79.47,22.6474,0.0,2.82,1.041,0.039,0.993,3.0
110,110,3_11,3_24,508.0035,28.60242,19.3586,0.0611,606.3407,4.0,7.0,1956.0,381.0,1956.6164,380.8154,1956.6164,380.8154,42.85216272494647,-21.48452075309691,0.827,0.566,-60.17,0.07487,0.05233,-59.38,1956.6164,380.8154,42.85216272494647,-21.48452075309691,0.22899342274,0.39482149489,0.22899342274,0.39482149489,0.732,0.297,-55.89,0.7317504,0.2972477,-55.89,22.6092,0.0,4.05,1.461,0.315,0.689,3.0
111,111,3_12,3_23,6851.402,101.1605,16.5339,0.016,606.3856,79.0,87.0,1834.0,376.0,1834.2755,375.9511,1834.2755,375.9511,42.88916141512863,-21.48368642402542,2.276,1.985,-4.8,0.04122,0.03651,3.32,1834.2755,375.9511,42.88916141512863,-21.48368642402542,2.5866905772,2.2283902062,2.5866905772,2.2283902062,1.616,1.484,-14.42,1.616184,1.484261,-14.42,22.6227,0.0,5.02,1.146,0.128,0.013,3.0
112,112,3_13,3_22,413.086,35.06958,19.5832,0.0922,608.3583,10.0,11.0,1694.0,369.0,1693.6477,368.887,1693.6477,368.887,42.93169554586202,-21.482302691486,1.031,0.742,15.26,0.1031,0.07286,15.07,1693.6477,368.887,42.93169554586202,-21.482302691486,1.066680779,0.98588250079,1.066680779,0.98588250079,1.046,0.979,26.45,1.045589,0.9794423,26.45,22.7022,0.0,4.76,1.389,0.28,0.205,3.0
113,113,3_14,3_21,1256.083,48.87849,18.3758,0.0423,606.3212,18.0,21.0,1753.0,301.0,1752.7644,301.0321,1752.7644,301.0321,42.91414143990953,-21.46295558075574,1.167,1.097,-66.52,0.05572,0.05231,-71.33,1752.7644,301.0321,42.91414143990953,-21.46295558075574,0.8091270142,0.79253313137,0.8091270142,0.79253313137,0.912,0.878,-37.17,0.9118962,0.8775566,-37.17,22.6342,0.0,3.11,1.064,0.06,0.805,3.0
115,115,3_16,3_19,86965.33,164.076,13.7749,0.002,607.1181,118.0,124.0,1997.0,279.0,1996.8484,279.3073,1996.8484,279.3073,42.8404846587715,-21.455777533919758,1.664,1.642,-66.1,0.00476,0.00464,0.29,1996.8484,279.3073,42.8404846587715,-21.455777533919758,0.82261259706,0.84207988752,0.82261259706,0.84207988752,0.918,0.906,-74.91,0.9184808,0.9061377,-74.91,22.6334,0.0,2.82,1.013,0.013,0.986,3.0
116,116,3_17,3_18,1199.324,46.49468,18.426,0.0421,606.2559,16.0,19.0,1869.0,275.0,1868.6984,275.1788,1868.6984,275.1788,42.87922840479335,-21.45517896306684,1.131,1.01,45.54,0.05554,0.04769,43.84,1868.6984,275.1788,42.87922840479335,-21.45517896306684,0.67709918731,0.69896687422,0.67709918731,0.69896687422,0.848,0.811,55.55,0.8475866,0.8109642,55.55,22.6298,0.0,2.97,1.12,0.107,0.85,3.0
118,118,3_19,3_16,428.3734,34.72701,19.5437,0.088,605.7512,11.0,11.0,1644.0,234.0,1643.6347,233.4977,1643.6347,233.4977,42.94742547547874,-21.444417268016554,1.302,0.636,42.64,0.12455,0.0631,41.31,1643.6347,233.4977,42.94742547547874,-21.444417268016554,1.8139016039,1.6808146114,1.8139016039,1.6808146114,1.516,1.093,41.54,1.516281,1.093439,41.54,22.6198,0.0,5.42,2.046,0.511,0.002,3.0
120,120,3_21,3_14,510.3012,37.58434,19.3537,0.08,604.7672,13.0,13.0,1618.0,190.0,1618.5672,190.5859,1618.5672,190.5859,42.95519392948819,-21.43244866285827,1.028,0.895,44.53,0.09373,0.07984,44.86,1618.5672,190.5859,42.95519392948819,-21.43244866285827,1.8324333002,1.3806775519,1.8324333002,1.3806775519,1.365,1.162,14.17,1.364993,1.161854,14.17,22.5874,0.0,4.29,1.149,0.13,0.076,3.0
121,121,3_22,3_13,475.5005,37.50329,19.4304,0.0857,606.3059,11.0,13.0,1748.0,172.0,1747.6211,172.5874,1747.6211,172.5874,42.91628715867617,-21.426834374959324,1.036,0.894,46.26,0.09165,0.07815,45.12,1747.6211,172.5874,42.91628715867617,-21.426834374959324,1.741838371,1.7025377041,1.741838371,1.7025377041,1.322,1.302,-20.18,1.32211,1.30246,-20.18,22.6513,0.0,4.31,1.159,0.137,0.004,3.0
122,122,3_23,3_12,370.5123,29.99733,19.7013,0.0879,606.5876,8.0,8.0,1796.0,161.0,1796.1668,161.1222,1796.1668,161.1222,42.9016740775616,-21.423398981101577,0.803,0.688,-48.41,0.08936,0.07095,-44.94,1796.1668,161.1222,42.9016740775616,-21.423398981101577,0.69032138134,0.76322742403,0.69032138134,0.76322742403,0.896,0.807,59.48,0.8955752,0.8071517,59.48,22.641,0.0,4.41,1.166,0.142,0.231,3.0
123,123,3_24,3_11,301.8495,29.42374,19.9238,0.1059,605.6072,7.0,8.0,1713.0,161.0,1712.9361,160.501,1712.9361,160.501,42.92682133866511,-21.423582180090516,0.835,0.693,-87.66,0.1045,0.08572,-89.89,1712.9361,160.501,42.92682133866511,-21.423582180090516,1.0426780941,1.1317970333,1.0426780941,1.1317970333,1.104,0.978,-54.98,1.103515,0.9781258,-54.98,22.6247,0.0,4.51,1.205,0.17,0.336,3.0
124,124,3_25,3_10,615.921,35.16237,19.1495,0.062,606.5871,10.0,11.0,1647.0,130.0,1646.6652,129.927,1646.6652,129.927,42.94698114285404,-21.415261730243728,0.962,0.745,15.98,0.07309,0.05185,15.14,1646.6652,129.927,42.94698114285404,-21.415261730243728,0.5881797505,0.62267487329,0.5881797505,0.62267487329,0.793,0.763,69.54,0.7926238,0.7632838,69.54,22.653,0.0,2.59,1.29,0.225,0.645,3.0
125,125,3_26,3_9,685.9059,43.24744,19.0326,0.0685,606.7546,16.0,17.0,1733.0,126.0,1732.7323,126.134,1732.7323,126.134,42.92099900755847,-21.413827201156916,1.317,0.912,-49.62,0.09868,0.06622,-50.21,1732.7323,126.134,42.92099900755847,-21.413827201156916,1.4094544693,1.533129267,1.4094544693,1.533129267,1.286,1.136,-54.95,1.285703,1.135585,-54.95,22.6578,0.0,5.3,1.444,0.308,0.0,3.0
126,126,3_27,3_8,22126.91,105.2334,15.261,0.0052,607.0694,67.0,72.0,1973.0,115.0,1972.7165,115.0881,1972.7165,115.0881,42.84855483456163,-21.409673011512023,1.585,1.515,-76.92,0.01068,0.01002,-63.68,1972.7165,115.0881,42.84855483456163,-21.409673011512023,0.82947458713,0.87472666072,0.82947458713,0.87472666072,0.935,0.911,-88.41,0.9352869,0.9107358,-88.41,22.6383,0.0,2.84,1.046,0.044,0.985,3.0
127,127,3_28,3_7,233.3676,25.74503,20.2032,0.1198,607.5845,5.0,6.0,1654.0,74.0,1653.8495,74.1724,1653.8495,74.1724,42.945065178954,-21.399543617417983,0.755,0.57,-46.81,0.10014,0.07406,-45.06,1653.8495,74.1724,42.945065178954,-21.399543617417983,0.51529057396,0.60697764737,0.51529057396,0.60697764737,0.794,0.701,-65.78,0.7938834,0.7014394,-65.78,22.6865,0.0,2.09,1.325,0.245,0.41,3.0
128,128,3_29,3_6,363.6973,33.23589,19.7215,0.0992,607.5253,9.0,10.0,1801.0,70.0,1800.9969,69.5296,1800.9969,69.5296,42.900640188631314,-21.39760573876896,1.049,0.666,-61.58,0.11283,0.06919,-63.38,1800.9969,69.5296,42.900640188631314,-21.39760573876896,1.2133347291,1.1085676859,1.2133347291,1.1085676859,1.148,1.002,-35.25,1.147979,1.002021,-35.25,22.6745,0.0,4.97,1.575,0.365,0.015,3.0
129,129,3_30,3_33,593.6841,41.90588,19.1894,0.0767,604.9966,13.0,16.0,1544.0,472.0,1543.2536,471.709,1543.2536,471.709,42.97668715034745,-21.51187093518853,1.247,0.92,4.7,0.09728,0.07384,4.91,1543.2536,471.709,42.97668715034745,-21.51187093518853,2.338844922,1.7823478802,2.338844922,1.7823478802,1.529,1.335,0.67,1.529353,1.335017,0.67,22.6151,0.0,5.06,1.355,0.262,0.114,3.0
130,130,3_31,3_4,5427.679,76.61249,16.7868,0.0153,606.4173,41.0,47.0,1553.0,51.0,1552.5457,50.9619,1552.5457,50.9619,42.97576878943693,-21.39344101805659,1.78,1.314,-49.64,0.03185,0.02334,-49.43,1552.5457,50.9619,42.97576878943693,-21.39344101805659,1.0068176156,1.0700892104,1.0068176156,1.0700892104,1.065,0.971,-54.62,1.065096,0.970813,-54.62,22.6332,0.0,3.81,1.355,0.262,0.518,3.0
131,131,3_32,3_3,1534.955,48.72921,18.1581,0.0345,607.0439,18.0,21.0,1855.0,34.0,1855.3876,34.3234,1855.3876,34.3234,42.88437593906203,-21.387463081528598,1.152,1.079,-30.69,0.04707,0.04223,-14.89,1855.3876,34.3234,42.88437593906203,-21.387463081528598,0.75326056439,0.79694533422,0.75326056439,0.79694533422,0.903,0.857,-61.2,0.9032512,0.8569382,-61.2,22.6529,0.0,2.87,1.068,0.063,0.955,3.0
132,132,3_33,3_2,1335.894,55.65018,18.3089,0.0452,606.8319,23.0,28.0,1812.0,22.0,1812.2445,21.4427,1812.2445,21.4427,42.89746668285277,-21.38402670383324,1.473,1.246,-85.99,0.07058,0.06288,-77.57,1812.2445,21.4427,42.89746668285277,-21.38402670383324,1.5338322388,2.001632915,1.5338322388,2.001632915,1.415,1.238,-87.84,1.415027,1.23821,-87.84,22.6478,0.0,5.41,1.182,0.154,0.016,3.0
133,133,4_1,4_1,1972.352,56.03745,17.8858,0.0309,607.1432,21.0,26.0,2406.0,22.0,2405.7542,22.0726,2405.7542,22.0726,42.718197823976375,-21.381524238239308,1.275,1.167,4.17,0.04544,0.03954,6.84,2405.7542,22.0726,42.718197823976375,-21.381524238239308,0.86499668998,0.81237195037,0.86499668998,0.81237195037,0.93,0.901,-0.35,0.9300531,0.9013157,-0.35,22.5907,0.0,3.06,1.093,0.085,0.849,4.0
134,134,4_2,4_39,1173.987,44.19808,18.4491,0.0409,607.8107,14.0,16.0,2460.0,510.0,2459.4927,510.217,2459.4927,510.217,42.69951583165815,-21.518649578553436,1.289,0.728,-1.75,0.06948,0.03483,-0.11,2459.4927,510.217,42.69951583165815,-21.518649578553436,0.70609611757,0.39714747845,0.70609611757,0.39714747845,0.843,0.627,-6.24,0.8425149,0.6272258,-6.24,22.6021,24.0,3.22,1.77,0.435,0.874,4.0
135,135,4_3,4_38,1425.338,42.97663,18.2385,0.0327,608.3411,8.0,15.0,2415.0,510.0,2414.9623,509.182,2414.9623,509.182,42.71298474856265,-21.518567039173835,1.269,0.716,85.66,0.04662,0.02671,89.85,2414.9623,509.182,42.71298474856265,-21.518567039173835,0.067707476817,0.44979344057,0.067707476817,0.44979344057,0.671,0.26,88.34,0.6709071,0.2595854,88.34,22.614,24.0,3.23,1.773,0.436,0.948,4.0
136,136,4_4,4_37,21142.02,103.7147,15.3104,0.0053,608.2875,65.0,69.0,2368.0,494.0,2368.2634,493.6063,2368.2634,493.6063,42.72718123040861,-21.51440112667846,1.542,1.518,81.66,0.01061,0.01045,-55.43,2368.2634,493.6063,42.72718123040861,-21.51440112667846,0.83818297315,0.84969498275,0.83818297315,0.84969498275,0.924,0.913,62.81,0.9240242,0.9132673,62.81,22.6211,0.0,2.8,1.016,0.016,0.985,4.0
138,138,4_6,4_35,1048.646,48.87391,18.5717,0.0506,607.3836,15.0,21.0,2198.0,467.0,2198.1064,467.4441,2198.1064,467.4441,42.77875164527239,-21.50781982743804,1.196,0.922,-36.47,0.07618,0.05429,-31.35,2198.1064,467.4441,42.77875164527239,-21.50781982743804,0.85883344145,0.99062009614,0.85883344145,0.99062009614,1.014,0.907,-64.89,1.01376,0.9065008,-64.89,22.6358,0.0,3.92,1.298,0.229,0.379,4.0
139,139,4_7,4_34,974.8454,43.34253,18.651,0.0483,608.1244,13.0,16.0,2374.0,462.0,2374.1837,462.3814,2374.1837,462.3814,42.72554636008184,-21.505585975588627,1.054,0.961,-16.14,0.05975,0.05156,-14.82,2374.1837,462.3814,42.72554636008184,-21.505585975588627,0.65492983392,0.64841172133,0.65492983392,0.64841172133,0.809,0.805,-10.15,0.8094106,0.8051062,-10.15,22.6152,0.0,2.89,1.097,0.088,0.831,4.0
140,140,4_8,4_32,471.0691,37.39717,19.4406,0.0862,609.4446,12.0,12.0,2438.0,457.0,2438.3319,457.2817,2438.3319,457.2817,42.70617863560358,-21.503851216114477,0.985,0.86,18.63,0.09253,0.08067,19.81,2438.3319,457.2817,42.70617863560358,-21.503851216114477,1.3390559913,1.2734177152,1.3390559913,1.2734177152,1.19,1.094,36.23,1.189575,1.094251,36.23,22.6623,0.0,3.52,1.146,0.128,0.032,4.0
141,141,4_9,4_31,3350.191,63.00734,17.3106,0.0204,609.7487,27.0,32.0,2336.0,450.0,2336.2304,450.2942,2336.2304,450.2942,42.73707996180176,-21.502360288046575,1.286,1.26,19.13,0.03046,0.02933,20.35,2336.2304,450.2942,42.73707996180176,-21.502360288046575,0.75988435902,0.74036214553,0.75988435902,0.74036214553,0.874,0.858,22.29,0.8739726,0.8581483,22.29,22.6963,0.0,2.75,1.021,0.02,0.978,4.0
142,142,4_10,4_30,333.6039,28.41208,19.8152,0.0925,608.1506,7.0,7.0,2353.0,440.0,2353.041,439.6974,2353.041,439.6974,42.73205048010477,-21.49930017666303,0.731,0.67,-5.76,0.08309,0.07681,-0.76,2353.041,439.6974,42.73205048010477,-21.49930017666303,0.61022582653,0.58127227985,0.61022582653,0.58127227985,0.785,0.758,-23.5,0.7854778,0.7579728,-23.5,22.6225,0.0,3.61,1.091,0.084,0.156,4.0
143,143,4_11,4_29,284.8599,28.74677,19.9867,0.1096,608.1381,7.0,7.0,2468.0,437.0,2468.3075,436.9506,2468.3075,436.9506,42.69721846171972,-21.497988486075013,0.743,0.678,-82.67,0.09575,0.08845,-88.93,2468.3075,436.9506,42.69721846171972,-21.497988486075013,0.89117134721,1.0028288805,0.89117134721,1.0028288805,1.002,0.943,-82.85,1.002303,0.9430737,-82.85,22.606,0.0,4.2,1.097,0.088,0.494,4.0
144,144,4_12,4_28,329.6029,31.90698,19.8283,0.1051,608.5901,7.0,9.0,2319.0,436.0,2319.673,435.859,2319.673,435.859,42.74215657372804,-21.498374317691773,0.928,0.684,-18.92,0.10446,0.07527,-20.29,2319.673,435.859,42.74215657372804,-21.498374317691773,1.4173900546,1.1976471912,1.4173900546,1.1976471912,1.193,1.092,-8.59,1.192694,1.092025,-8.59,22.6516,0.0,3.39,1.357,0.263,0.495,4.0
145,145,4_13,4_27,8344.163,79.99107,16.3198,0.0104,607.5582,43.0,49.0,2069.0,430.0,2069.2185,430.007,2069.2185,430.007,42.81789393429484,-21.49786468286125,1.442,1.404,-18.82,0.01921,0.01794,-6.96,2069.2185,430.007,42.81789393429484,-21.49786468286125,0.78909066633,0.80259757226,0.78909066633,0.80259757226,0.897,0.887,-69.2,0.8971481,0.8870251,-69.2,22.6577,0.0,2.82,1.027,0.026,0.982,4.0
146,146,4_14,4_26,11933.35,89.10846,15.9314,0.0081,607.4937,51.0,58.0,2081.0,427.0,2080.6942,426.7428,2080.6942,426.7428,42.814440745454746,-21.496894774867204,1.478,1.468,86.42,0.01559,0.01517,29.28,2080.6942,426.7428,42.814440745454746,-21.496894774867204,0.80057299184,0.81394949492,0.80057299184,0.81394949492,0.902,0.894,-79.15,0.9024742,0.8944623,-79.15,22.6519,0.0,2.8,1.007,0.007,0.979,4.0
147,147,4_15,4_25,471.3792,36.04414,19.4399,0.083,608.0875,10.0,11.0,2459.0,427.0,2459.079,427.2893,2459.079,427.2893,42.70005676956836,-21.49531290760094,1.022,0.755,75.89,0.09193,0.06489,75.02,2459.079,427.2893,42.70005676956836,-21.49531290760094,1.2042226511,1.2834812887,1.2042226511,1.2834812887,1.134,1.096,-79.28,1.134207,1.096029,-79.28,22.6035,0.0,4.18,1.355,0.262,0.2,4.0
148,148,4_16,4_24,30617.08,118.1198,14.9084,0.0042,608.2417,75.0,82.0,2423.0,413.0,2422.9223,413.194,2422.9223,413.194,42.71105738839868,-21.49151570417092,1.606,1.532,-74.74,0.00912,0.00821,-73.9,2422.9223,413.194,42.71105738839868,-21.49151570417092,0.80574466462,0.81754879431,0.80574466462,0.81754879431,0.906,0.896,-66.33,0.9057344,0.8960685,-66.33,22.6163,0.0,2.77,1.048,0.046,0.987,4.0
149,149,4_17,4_23,28851.18,115.7543,14.9729,0.0044,607.2253,76.0,80.0,2420.0,391.0,2419.6885,391.3597,2419.6885,391.3597,42.712143925408256,-21.485385964317416,1.589,1.518,-70.74,0.00926,0.00866,-70.79,2419.6885,391.3597,42.712143925408256,-21.485385964317416,0.81140319991,0.83554203774,0.81140319991,0.83554203774,0.917,0.898,-67.29,0.9168779,0.897931,-67.29,22.5793,0.0,2.74,1.047,0.045,0.982,4.0
150,150,4_18,4_22,587.67,31.02501,19.2005,0.0573,607.641,2.0,8.0,2376.0,387.0,2375.5302,387.0096,2375.5302,387.0096,42.725513575216176,-21.484367780714148,0.739,0.644,-1.68,0.05053,0.04143,-0.02,2375.5302,387.0096,42.725513575216176,-21.484367780714148,0.54572567603,0.41463518736,0.54572567603,0.41463518736,0.739,0.644,-1.68,0.7388089,0.6438341,-1.68,22.6073,0.0,4.08,1.148,0.129,0.972,4.0
151,151,4_19,4_21,2108.952,55.37663,17.8131,0.0285,606.8289,22.0,26.0,2149.0,362.0,2149.2894,362.4362,2149.2894,362.4362,42.79401683068237,-21.478489278080968,1.268,1.156,77.27,0.0427,0.03805,80.95,2149.2894,362.4362,42.79401683068237,-21.478489278080968,0.78208109925,0.82844177731,0.78208109925,0.82844177731,0.915,0.879,67.7,0.9153253,0.879035,67.7,22.5968,0.0,3.04,1.097,0.088,0.824,4.0
152,152,4_20,4_20,10291.92,84.43878,16.0921,0.0089,608.1121,45.0,49.0,2512.0,354.0,2512.0417,353.7687,2512.0417,353.7687,42.68441674839783,-21.474371527701862,1.449,1.384,-80.12,0.01602,0.01438,-79.4,2512.0417,353.7687,42.68441674839783,-21.474371527701862,0.78102102791,0.79577901103,0.78102102791,0.79577901103,0.893,0.883,-73.8,0.8928272,0.8829833,-73.8,22.5961,16.0,2.76,1.047,0.045,0.982,4.0
153,153,4_21,4_19,9051.439,84.04836,16.2315,0.0101,607.0318,47.0,52.0,2438.0,349.0,2438.4772,348.8966,2438.4772,348.8966,42.70667689930335,-21.473347402759405,1.462,1.42,80.61,0.01875,0.0178,65.08,2438.4772,348.8966,42.70667689930335,-21.473347402759405,0.77390405227,0.80322409796,0.77390405227,0.80322409796,0.897,0.879,-80.68,0.8966799,0.8792572,-80.68,22.5791,0.0,2.72,1.029,0.028,0.982,4.0
154,154,4_22,4_18,63047.94,148.78,14.1241,0.0026,608.6761,102.0,109.0,2490.0,343.0,2490.3036,343.4263,2490.3036,343.4263,42.69103945846594,-21.471563728095003,1.647,1.587,-70.75,0.00583,0.00555,-74.34,2490.3036,343.4263,42.69103945846594,-21.471563728095003,0.80480737031,0.81641039687,0.80480737031,0.81641039687,0.906,0.895,-64.03,0.9055484,0.8950977,-64.03,22.6291,0.0,2.74,1.038,0.036,0.988,4.0
155,155,4_23,4_17,646.6174,43.48561,19.0967,0.073,607.798,16.0,17.0,2461.0,285.0,2460.5981,284.3053,2460.5981,284.3053,42.70031467371355,-21.45506527277378,1.243,0.99,-81.02,0.09847,0.07614,-80.63,2460.5981,284.3053,42.70031467371355,-21.45506527277378,2.1803169743,2.3218959748,2.1803169743,2.3218959748,1.536,1.464,-65.34,1.536131,1.463733,-65.34,22.6163,0.0,5.35,1.256,0.204,0.001,4.0
156,156,4_24,4_16,12048.8,88.59757,15.9209,0.008,609.6167,51.0,54.0,2105.0,235.0,2104.8292,235.2025,2104.8292,235.2025,42.808066439782586,-21.4428840136291,1.476,1.428,76.52,0.01467,0.01397,55.29,2104.8292,235.2025,42.808066439782586,-21.4428840136291,0.81019612375,0.83492711001,0.81019612375,0.83492711001,0.914,0.9,89.39,0.913745,0.9001074,89.39,22.6454,0.0,2.85,1.034,0.032,0.986,4.0
157,157,4_25,4_15,2568685.0,749.5106,10.099,0.0003,610.6593,1239.0,1334.0,2144.0,170.0,2141.0765,170.4752,2141.0765,170.4752,42.79742663376432,-21.424505688203208,6.864,3.719,-87.58,0.00228,0.0019,-86.92,2141.0765,170.4752,42.79742663376432,-21.424505688203208,7.6078438086,9.0276343559,7.6078438086,9.0276343559,3.075,2.679,-64.27,3.075226,2.679265,-64.27,22.6871,2.0,30.32,1.846,0.458,0.012,4.0
158,158,4_26,4_15,235513.8,214.0393,12.6933,0.001,617.1948,52.0,71.0,2139.0,151.0,2140.8262,151.4849,2140.8262,151.4849,42.79759408947596,-21.41916280949857,3.302,1.252,84.66,0.00312,0.00121,84.6,2140.8262,151.4849,42.79759408947596,-21.41916280949857,1.3199790679,3.3052318471,1.3199790679,3.3052318471,1.822,1.143,85.14,1.822009,1.142582,85.14,23.0278,3.0,12.19,2.638,0.621,0.983,4.0
159,159,4_27,4_13,23677.79,106.9712,15.1874,0.0049,608.5433,65.0,73.0,2058.0,153.0,2058.0343,152.5711,2058.0343,152.5711,42.822601643350986,-21.41984089084904,1.563,1.508,-66.81,0.01022,0.00958,-63.81,2058.0343,152.5711,42.822601643350986,-21.41984089084904,0.7969623986,0.83420167476,0.7969623986,0.83420167476,0.914,0.892,-80.54,0.9139278,0.8921323,-80.54,22.6629,0.0,2.78,1.036,0.035,0.982,4.0
160,160,4_28,4_12,689.2234,37.73023,19.0274,0.0595,608.4226,12.0,12.0,2248.0,128.0,2247.6826,128.2199,2247.6826,128.2199,42.76542434745996,-21.41212905965548,0.936,0.855,-21.77,0.06722,0.05873,-20.0,2247.6826,128.2199,42.76542434745996,-21.41212905965548,0.6257971654,0.70644641531,0.6257971654,0.70644641531,0.841,0.791,88.43,0.8405395,0.7910353,88.43,22.6278,0.0,2.93,1.095,0.087,0.614,4.0
161,161,4_29,4_11,20315.89,104.3899,15.3537,0.0056,607.9667,62.0,70.0,2259.0,103.0,2259.069,102.6712,2259.069,102.6712,42.76210971316036,-21.40488707858908,1.544,1.508,-75.9,0.01125,0.01078,-81.98,2259.069,102.6712,42.76210971316036,-21.40488707858908,0.80385875797,0.82419185618,0.80385875797,0.82419185618,0.908,0.897,87.6,0.9078699,0.8965617,87.6,22.6196,0.0,2.79,1.024,0.023,0.985,4.0
162,162,4_30,4_10,209.77,26.20922,20.3189,0.1357,607.0424,4.0,6.0,2280.0,102.0,2279.8378,102.1567,2279.8378,102.1567,42.75583799287279,-21.4046466867062,0.757,0.568,-41.47,0.1133,0.08373,-44.87,2279.8378,102.1567,42.75583799287279,-21.4046466867062,0.80401210824,0.69087001602,0.80401210824,0.69087001602,0.906,0.821,-19.41,0.9055674,0.8214802,-19.41,22.5871,0.0,3.87,1.333,0.25,0.492,4.0
163,163,4_31,4_9,214648.3,233.2177,12.794,0.0012,608.4041,171.0,183.0,2490.0,87.0,2490.0041,86.7246,2490.0041,86.7246,42.69242253558049,-21.399321128381235,1.74,1.704,-70.05,0.00301,0.00282,-2.54,2490.0041,86.7246,42.69242253558049,-21.399321128381235,0.82625371411,0.86269999581,0.82625371411,0.86269999581,0.929,0.909,-88.05,0.9288393,0.9089617,-88.05,22.6431,0.0,2.82,1.021,0.021,0.984,4.0
164,164,4_32,4_8,1558.55,49.98143,18.1415,0.0348,607.7573,17.0,21.0,2510.0,73.0,2510.2002,72.6941,2510.2002,72.6941,42.68639193936089,-21.39527664005728,1.154,1.077,-5.04,0.04548,0.04272,-21.26,2510.2002,72.6941,42.68639193936089,-21.39527664005728,0.77639373812,0.69934364031,0.77639373812,0.69934364031,0.883,0.834,12.45,0.8833686,0.8339049,12.45,22.6186,0.0,2.96,1.072,0.067,0.652,4.0
165,165,4_33,4_7,98057.89,172.8236,13.6446,0.0019,607.463,121.0,129.0,2362.0,63.0,2362.5187,63.3729,2362.5187,63.3729,42.73105243538764,-21.39334905057513,1.685,1.635,-72.59,0.00446,0.00435,-46.95,2362.5187,63.3729,42.73105243538764,-21.39334905057513,0.83249097782,0.86549622268,0.83249097782,0.86549622268,0.931,0.912,-81.38,0.9307379,0.9119837,-81.38,22.6099,0.0,2.81,1.031,0.03,0.987,4.0
166,166,4_34,4_6,446.1443,32.30992,19.4996,0.0786,607.6274,9.0,9.0,2258.0,54.0,2258.0892,53.6732,2258.0892,53.6732,42.76264618620993,-21.391103146561505,0.883,0.687,66.65,0.08608,0.06222,69.58,2258.0892,53.6732,42.76264618620993,-21.391103146561505,0.52997632978,0.54315434593,0.52997632978,0.54315434593,0.748,0.717,53.62,0.7475215,0.7171766,53.62,22.6203,0.0,2.63,1.284,0.221,0.525,4.0
167,167,4_35,4_5,256.7489,26.32556,20.0995,0.1114,606.632,5.0,6.0,2098.0,51.0,2098.1392,51.1845,2098.1392,51.1845,42.81097348810111,-21.3911309290063,0.746,0.564,43.07,0.10248,0.07588,44.88,2098.1392,51.1845,42.81097348810111,-21.3911309290063,0.60720698491,0.6200172289,0.60720698491,0.6200172289,0.804,0.762,50.52,0.8044159,0.7616687,50.52,22.5819,0.0,2.36,1.322,0.244,0.372,4.0
168,168,4_36,4_4,13693.49,93.1237,15.782,0.0074,607.666,53.0,60.0,2134.0,40.0,2134.0879,39.9437,2134.0879,39.9437,42.8001692401381,-21.387805505496797,1.505,1.471,-81.76,0.01409,0.01372,48.06,2134.0879,39.9437,42.8001692401381,-21.387805505496797,0.80342070624,0.83167346322,0.80342070624,0.83167346322,0.914,0.895,-72.59,0.9136496,0.8946164,-72.59,22.6302,0.0,2.84,1.023,0.022,0.982,4.0
169,169,4_37,4_3,1061.198,43.6158,18.5588,0.0446,607.8334,14.0,16.0,2276.0,26.0,2275.675,26.2348,2275.675,26.2348,42.757469025149696,-21.383300830110468,1.037,0.951,80.34,0.05529,0.04787,75.34,2275.675,26.2348,42.757469025149696,-21.383300830110468,0.5664447153,0.57744773089,0.5664447153,0.57744773089,0.77,0.743,-52.86,0.7695799,0.7427242,-52.86,22.635,0.0,2.68,1.091,0.084,0.843,4.0
170,170,4_38,4_2,610.673,40.25853,19.1588,0.0716,605.9203,12.0,14.0,2361.0,25.0,2360.7838,25.096,2360.7838,25.096,42.731766710565054,-21.38258552101729,1.276,0.762,8.67,0.10462,0.06047,7.13,2360.7838,25.096,42.731766710565054,-21.38258552101729,1.5783648546,1.1567843865,1.5783648546,1.1567843865,1.256,1.076,-0.11,1.256331,1.075538,-0.11,22.5535,0.0,5.73,1.673,0.402,0.035,4.0
171,171,5_1,5_1,1306.408,49.63703,18.3331,0.0413,609.0477,17.0,21.0,2618.0,2.0,2618.08,1.7307,2618.08,1.7307,42.65416332445902,-21.3747881397794,1.189,1.047,-43.76,0.05946,0.05001,-36.76,2618.08,1.7307,42.65416332445902,-21.3747881397794,0.7118145102,0.77823076412,0.7118145102,0.77823076412,0.888,0.838,-70.11,0.8878236,0.8377438,-70.11,22.6163,24.0,3.24,1.136,0.12,0.736,5.0
172,172,5_2,5_40,7639.428,82.24776,16.4156,0.0117,609.374,39.0,50.0,2899.0,486.0,2899.1635,485.6887,2899.1635,485.6887,42.566700414842,-21.509614191873844,1.448,1.416,-62.3,0.02089,0.02049,-69.61,2899.1635,485.6887,42.566700414842,-21.509614191873844,0.79827334662,0.80977430488,0.79827334662,0.80977430488,0.902,0.892,-64.58,0.9017375,0.8915813,-64.58,22.6136,0.0,2.76,1.022,0.022,0.983,5.0
173,173,5_3,5_43,5588.621,61.20741,16.755,0.0119,609.0788,23.0,26.0,2850.0,511.0,2850.3266,510.2701,2850.3266,510.2701,42.58133895753862,-21.516775976369686,1.438,0.804,-1.24,0.02481,0.01415,-1.73,2850.3266,510.2701,42.58133895753862,-21.516775976369686,0.60487166573,0.24502707278,0.60487166573,0.24502707278,0.778,0.495,-1.07,0.7778158,0.4948751,-1.07,22.6074,24.0,3.33,1.789,0.441,0.979,5.0
175,175,5_5,5_41,1943.855,55.00936,17.9016,0.0307,608.2648,20.0,24.0,2621.0,508.0,2620.8987,508.1768,2620.8987,508.1768,42.650723720775424,-21.517308007563557,1.198,1.144,84.58,0.04141,0.03843,87.58,2620.8987,508.1768,42.650723720775424,-21.517308007563557,0.74592181741,0.77291994276,0.74592181741,0.77291994276,0.882,0.861,68.58,0.8819469,0.8608202,68.58,22.5888,24.0,2.96,1.048,0.045,0.933,5.0
176,176,5_6,5_39,3139.701,61.75377,17.3811,0.0214,609.2904,27.0,30.0,2870.0,466.0,2870.0362,466.3661,2870.0362,466.3661,42.57560941119536,-21.504321382324022,1.284,1.231,-60.74,0.03199,0.03039,-25.23,2870.0362,466.3661,42.57560941119536,-21.504321382324022,0.78309465885,0.81507530947,0.78309465885,0.81507530947,0.905,0.883,-73.51,0.9045159,0.883188,-73.51,22.6159,0.0,2.93,1.042,0.041,0.942,5.0
177,177,5_7,5_38,19072.95,101.7293,15.4223,0.0058,608.5061,60.0,66.0,2919.0,446.0,2919.4631,446.3247,2919.4631,446.3247,42.56076985418611,-21.49843357045245,1.535,1.496,-78.02,0.01147,0.01107,-44.9,2919.4631,446.3247,42.56076985418611,-21.49843357045245,0.81538016539,0.84992349666,0.81538016539,0.84992349666,0.922,0.903,85.27,0.9220421,0.9028522,85.27,22.5871,0.0,2.79,1.026,0.025,0.981,5.0
178,178,5_8,5_37,25443.05,113.6566,15.1094,0.0049,608.7659,69.0,78.0,2543.0,445.0,2543.4395,444.9507,2543.4395,444.9507,42.67446455614643,-21.499884327754582,1.571,1.534,-72.02,0.01008,0.00976,-38.04,2543.4395,444.9507,42.67446455614643,-21.499884327754582,0.80220346323,0.8199364472,0.80220346323,0.8199364472,0.906,0.896,89.24,0.9055051,0.8956563,89.24,22.5998,0.0,2.77,1.024,0.024,0.984,5.0
179,179,5_9,5_36,768.8734,45.61656,18.9087,0.0644,609.8951,15.0,18.0,2810.0,437.0,2810.4053,437.6808,2810.4053,437.6808,42.59378934900435,-21.496543923715443,1.205,1.008,86.79,0.08265,0.06726,89.01,2810.4053,437.6808,42.59378934900435,-21.496543923715443,1.4304088354,1.5690295255,1.4304088354,1.5690295255,1.254,1.194,79.88,1.25443,1.194087,79.88,22.66,0.0,4.03,1.195,0.164,0.099,5.0
181,181,5_11,5_34,556.6127,42.89604,19.2594,0.0837,610.7748,12.0,16.0,2815.0,425.0,2815.2064,425.0699,2815.2064,425.0699,42.59240356240618,-21.49297090609071,1.175,1.004,70.13,0.09595,0.08452,69.17,2815.2064,425.0699,42.59240356240618,-21.49297090609071,2.0209871307,2.5322199219,2.0209871307,2.5322199219,1.591,1.421,88.44,1.591415,1.42148,88.44,22.6959,0.0,5.64,1.171,0.146,0.018,5.0
182,182,5_12,5_33,799.9988,48.31852,18.8656,0.0656,609.2694,19.0,21.0,2679.0,419.0,2678.9723,418.318,2678.9723,418.318,42.63362610364422,-21.49173777725948,1.775,0.873,65.19,0.12612,0.06279,65.39,2678.9723,418.318,42.63362610364422,-21.49173777725948,2.2551619178,3.3648043423,2.2551619178,3.3648043423,1.917,1.395,64.98,1.916719,1.395046,64.98,22.6685,0.0,7.44,2.033,0.508,0.0,5.0
183,183,5_13,5_32,34892.77,123.371,14.7665,0.0038,609.3051,77.0,87.0,2990.0,415.0,2989.8474,414.9149,2989.8474,414.9149,42.53965481608333,-21.489238037689837,1.594,1.547,-80.89,0.00829,0.00797,85.84,2989.8474,414.9149,42.53965481608333,-21.489238037689837,0.79979874075,0.81657603733,0.79979874075,0.81657603733,0.904,0.894,-76.87,0.9041804,0.8937743,-76.87,22.633,0.0,2.8,1.03,0.03,0.984,5.0
184,184,5_14,5_31,2300.58,59.00036,17.7187,0.0279,607.7418,25.0,29.0,2752.0,395.0,2751.556,395.3068,2751.556,395.3068,42.611801567944624,-21.48490755420814,1.283,1.228,77.43,0.04239,0.03982,56.28,2751.556,395.3068,42.611801567944624,-21.48490755420814,0.81209580212,0.85301429778,0.81209580212,0.85301429778,0.924,0.901,-87.88,0.9236181,0.9011325,-87.88,22.5973,0.0,2.94,1.045,0.043,0.963,5.0
185,185,5_15,5_30,383522.7,295.804,12.1638,0.0008,608.0238,212.0,226.0,2552.0,383.0,2552.0863,383.3806,2552.0863,383.3806,42.67216248335066,-21.482515044588816,1.765,1.727,-59.76,0.00214,0.00204,-17.46,2552.0863,383.3806,42.67216248335066,-21.482515044588816,0.82921703225,0.84709819669,0.82921703225,0.84709819669,0.922,0.909,-70.28,0.9218102,0.9091651,-70.28,22.564,0.0,2.8,1.022,0.022,0.995,5.0
186,186,5_16,5_29,2731.656,61.9996,17.5322,0.0246,609.0237,27.0,31.0,2865.0,386.0,2864.8038,386.397,2864.8038,386.397,42.57761105104248,-21.48184032102005,1.313,1.224,-68.21,0.03802,0.03458,-65.13,2864.8038,386.397,42.57761105104248,-21.48184032102005,0.75169422349,0.76196430537,0.75169422349,0.76196430537,0.873,0.867,-84.19,0.8729672,0.8669411,-84.19,22.6182,0.0,2.77,1.073,0.068,0.966,5.0
187,187,5_17,5_28,542.5935,39.04029,19.2871,0.0781,608.2634,11.0,13.0,3010.0,374.0,3009.7058,374.3818,3009.7058,374.3818,42.53386637684094,-21.47772889743836,1.012,0.868,-43.53,0.08644,0.0737,-44.24,3009.7058,374.3818,42.53386637684094,-21.47772889743836,1.0806406997,1.0150444007,1.0806406997,1.0150444007,1.063,0.983,-33.26,1.063092,0.9826092,-33.26,22.6002,0.0,3.44,1.166,0.142,0.488,5.0
190,190,5_20,5_25,312.8918,28.83117,19.8848,0.1001,607.6765,7.0,7.0,2570.0,349.0,2569.7109,348.9713,2569.7109,348.9713,42.66700952282594,-21.47274684334058,0.732,0.682,78.13,0.08913,0.0825,89.46,2569.7109,348.9713,42.66700952282594,-21.47274684334058,0.83938327169,0.73119272097,0.83938327169,0.73119272097,0.951,0.816,31.5,0.9510119,0.8161816,31.5,22.5592,0.0,4.18,1.073,0.068,0.586,5.0
191,191,5_21,5_24,10029.23,84.92196,16.1201,0.0092,607.7441,47.0,52.0,2672.0,318.0,2671.9605,318.427,2671.9605,318.427,42.6362590257323,-21.463658190165717,1.475,1.407,-62.11,0.01721,0.01617,-54.69,2671.9605,318.427,42.6362590257323,-21.463658190165717,0.78395719237,0.80853156504,0.78395719237,0.80853156504,0.901,0.883,-70.07,0.9012489,0.8833115,-70.07,22.6115,0.0,2.74,1.048,0.046,0.982,5.0
192,192,5_22,5_23,7350.236,76.68432,16.4575,0.0113,608.8671,41.0,43.0,2833.0,317.0,2832.6898,316.8933,2832.6898,316.8933,42.58768315311359,-21.462438141353683,1.409,1.353,-49.33,0.01951,0.018,-43.55,2832.6898,316.8933,42.58768315311359,-21.462438141353683,0.78465710491,0.80570818387,0.78465710491,0.80570818387,0.899,0.884,-71.3,0.8991278,0.8842707,-71.3,22.6291,0.0,2.79,1.041,0.039,0.979,5.0
195,195,5_25,5_20,1781.028,52.10834,17.9966,0.0318,607.9313,22.0,22.0,2983.0,265.0,2982.9522,264.9805,2982.9522,264.9805,42.54253600350378,-21.44707297582779,1.169,1.102,50.5,0.043,0.03893,45.5,2982.9522,264.9805,42.54253600350378,-21.44707297582779,0.7189665218,0.75283973285,0.7189665218,0.75283973285,0.868,0.847,79.81,0.8683151,0.8472515,79.81,22.6,0.0,2.98,1.062,0.058,0.921,5.0
197,197,5_27,5_18,1504.773,49.27293,18.1796,0.0356,607.4835,18.0,20.0,2727.0,213.0,2727.5569,212.6402,2727.5569,212.6402,42.62000099495873,-21.43361420354296,1.154,1.018,-88.96,0.04878,0.04076,-87.96,2727.5569,212.6402,42.62000099495873,-21.43361420354296,0.63926698245,0.67956681943,0.63926698245,0.67956681943,0.826,0.797,74.57,0.8263714,0.7974611,74.57,22.5989,0.0,2.72,1.133,0.118,0.957,5.0
198,198,5_28,5_17,473.5565,35.5636,19.4349,0.0816,608.8159,9.0,11.0,2559.0,190.0,2559.4292,189.6853,2559.4292,189.6853,42.67092548486674,-21.427966919951785,0.914,0.821,21.54,0.08677,0.07551,18.44,2559.4292,189.6853,42.67092548486674,-21.427966919951785,0.56629525368,0.62922787272,0.56629525368,0.62922787272,0.793,0.752,-86.21,0.7934133,0.752342,-86.21,22.6582,0.0,2.94,1.113,0.102,0.53,5.0
199,199,5_29,5_16,489.4153,35.5956,19.3991,0.079,608.0649,9.0,11.0,2607.0,187.0,2607.4002,187.5726,2607.4002,187.5726,42.65644043606076,-21.427142211686743,0.938,0.797,75.07,0.08684,0.07523,71.53,2607.4002,187.5726,42.65644043606076,-21.427142211686743,0.54875222588,0.67278437154,0.54875222588,0.67278437154,0.821,0.74,83.46,0.8212403,0.7396628,83.46,22.6285,0.0,3.15,1.176,0.15,0.531,5.0
200,200,5_30,5_15,308.9193,30.52756,19.8987,0.1073,607.9572,8.0,8.0,3015.0,186.0,3014.8106,186.1797,3014.8106,186.1797,42.533326029768965,-21.424731356573155,0.811,0.689,44.55,0.09985,0.07976,44.87,3014.8106,186.1797,42.533326029768965,-21.424731356573155,1.1083780847,1.027794498,1.1083780847,1.027794498,1.058,1.008,19.07,1.057974,1.008396,19.07,22.6014,0.0,3.46,1.177,0.151,0.393,5.0
201,201,5_31,5_14,6619.121,153.7241,16.5713,0.0252,607.8716,132.0,205.0,2997.0,170.0,3000.7001,169.115,3000.7001,169.115,42.53768152179823,-21.42000019949073,5.286,3.825,13.25,0.1419,0.10226,14.91,3000.7001,169.115,42.53768152179823,-21.42000019949073,45.111265144,33.577526994,45.111265144,33.577526994,6.723,5.787,4.94,6.722959,5.787108,4.94,22.6028,18.0,26.99,1.382,0.276,0.0,5.0
203,203,5_33,5_11,829.7905,43.94526,18.8259,0.0575,607.3249,14.0,16.0,2856.0,174.0,2855.9232,173.5498,2855.9232,173.5498,42.58141148547488,-21.42197810339879,1.099,0.938,-0.79,0.07263,0.0594,-0.45,2855.9232,173.5498,42.58141148547488,-21.42197810339879,0.88757593683,0.78338165785,0.88757593683,0.78338165785,0.942,0.885,-2.61,0.9422273,0.8849663,-2.61,22.5639,0.0,3.22,1.172,0.147,0.666,5.0
204,204,5_34,5_10,1882.12,53.1851,17.9367,0.0307,606.952,20.0,23.0,2972.0,155.0,2971.8275,155.0913,2971.8275,155.0913,42.54648183005166,-21.4161998239756,1.156,1.123,45.99,0.04094,0.04053,83.79,2971.8275,155.0913,42.54648183005166,-21.4161998239756,0.68597504622,0.7021885671,0.68597504622,0.7021885671,0.848,0.818,54.43,0.8480352,0.8179242,54.43,22.5666,0.0,2.87,1.029,0.029,0.945,5.0
205,205,5_35,5_9,882.8015,51.88845,18.7586,0.0638,609.0985,14.0,23.0,2824.0,152.0,2824.105,152.4593,2824.105,152.4593,42.59113719594437,-21.41620042738593,1.31,1.073,61.91,0.08878,0.07198,62.73,2824.105,152.4593,42.59113719594437,-21.41620042738593,2.349108902,2.669394999,2.349108902,2.669394999,1.652,1.513,68.33,1.652104,1.512963,68.33,22.6526,0.0,5.13,1.221,0.181,0.002,5.0
206,206,5_36,5_7,216.6996,26.22953,20.2837,0.1315,607.5685,6.0,6.0,2710.0,128.0,2709.8288,127.823,2709.8288,127.823,42.62579632695014,-21.40982945868725,0.759,0.569,45.54,0.11241,0.08306,45.03,2709.8288,127.823,42.62579632695014,-21.40982945868725,0.69105419821,0.7427197144,0.69105419821,0.7427197144,0.87,0.822,64.66,0.8704363,0.8222619,64.66,22.6072,0.0,2.64,1.334,0.25,0.384,5.0
208,208,5_38,5_5,464.1479,33.84042,19.4567,0.0792,607.1923,9.0,10.0,2555.0,86.0,2554.963,85.8021,2554.963,85.8021,42.67280223312941,-21.39875204239092,0.895,0.755,89.28,0.08485,0.06736,89.99,2554.963,85.8021,42.67280223312941,-21.39875204239092,0.71275237064,0.76600921995,0.71275237064,0.76600921995,0.878,0.841,72.81,0.8784345,0.840901,72.81,22.597,0.0,2.85,1.186,0.157,0.575,5.0
209,209,5_39,5_4,3209.841,62.84897,17.3571,0.0213,607.5151,28.0,32.0,2608.0,82.0,2607.8075,81.7564,2607.8075,81.7564,42.65685752861816,-21.39735963658409,1.329,1.262,-77.4,0.03347,0.03135,-79.92,2607.8075,81.7564,42.65685752861816,-21.39735963658409,0.80987624961,0.83439418983,0.80987624961,0.83439418983,0.914,0.899,-76.9,0.9142205,0.8991504,-76.9,22.6019,0.0,2.84,1.053,0.05,0.972,5.0
211,211,5_41,5_2,514.359,35.53262,19.3451,0.075,608.6161,9.0,11.0,2609.0,32.0,2608.6884,32.5218,2608.6884,32.5218,42.65684292254562,-21.38349910205342,0.924,0.817,-69.37,0.08265,0.07177,-71.11,2608.6884,32.5218,42.65684292254562,-21.38349910205342,0.647351308,0.60577234433,0.647351308,0.60577234433,0.815,0.768,-27.98,0.8146749,0.7677424,-27.98,22.6147,0.0,3.19,1.132,0.116,0.526,5.0
226,226,6_15,6_28,453.257,35.6117,19.4824,0.0853,608.4382,11.0,11.0,2561.0,383.0,2560.8339,383.0095,2560.8339,383.0095,42.669520078844464,-21.48236888504652,1.172,0.673,-76.6,0.12308,0.06554,-76.73,2560.8339,383.0095,42.669520078844464,-21.48236888504652,1.3174926234,1.6949166893,1.3174926234,1.6949166893,1.308,1.141,-78.66,1.307945,1.140916,-78.66,22.6094,24.0,5.28,1.742,0.426,0.092,6.0
233,233,6_22,6_21,6376.035,76.41471,16.6119,0.013,608.4326,38.0,43.0,3052.0,304.0,3051.6157,304.005,3051.6157,304.005,42.52157182464856,-21.457706643009544,1.399,1.365,60.65,0.02203,0.02136,24.54,3051.6157,304.005,42.52157182464856,-21.457706643009544,0.7696148458,0.78977905552,0.7696148458,0.78977905552,0.894,0.872,60.75,0.8938627,0.8720111,60.75,22.5941,0.0,2.75,1.025,0.024,0.981,6.0
244,244,6_33,6_7,536.6146,36.48175,19.2991,0.0738,609.1479,11.0,11.0,3030.0,137.0,3030.3905,137.3263,3030.3905,137.3263,42.528878113704174,-21.410901146794547,0.938,0.804,-72.53,0.08201,0.07052,-72.02,3030.3905,137.3263,42.528878113704174,-21.410901146794547,0.6664038924,0.75119941567,0.6664038924,0.75119941567,0.87,0.813,-76.71,0.8696027,0.8132616,-76.71,22.6147,0.0,3.18,1.168,0.144,0.658,6.0
247,247,6_36,6_4,272.7268,26.74307,20.034,0.1065,609.2484,6.0,6.0,3053.0,87.0,3053.4767,87.0169,3053.4767,87.0169,42.52217056282497,-21.39662220318736,0.792,0.499,89.73,0.09883,0.06066,-89.96,3053.4767,87.0169,42.52217056282497,-21.39662220318736,0.62310315415,0.7903192916,0.62310315415,0.7903192916,0.891,0.787,82.39,0.8907056,0.7874426,82.39,22.6167,0.0,3.71,1.587,0.37,0.128,6.0
251,251,7_2,7_34,70715.98,151.2609,13.9995,0.0023,602.6368,106.0,115.0,500.0,978.0,499.857,978.2618,499.857,978.2618,43.29010547868474,-21.658471542983065,1.674,1.62,-85.42,0.00523,0.0051,-88.23,499.857,978.2618,43.29010547868474,-21.658471542983065,0.84218882155,0.87760776022,0.84218882155,0.87760776022,0.938,0.917,-77.37,0.9378061,0.9166877,-77.37,22.6579,0.0,2.9,1.033,0.032,0.994,7.0
252,252,7_3,7_35,111346.8,176.7094,13.5066,0.0017,602.1661,120.0,127.0,239.0,1008.0,238.6608,1008.5215,238.6608,1008.5215,43.36901148709265,-21.667904251848007,1.675,1.655,-52.65,0.00398,0.00359,-1.77,238.6608,1008.5215,43.36901148709265,-21.667904251848007,0.87313491886,0.91303237437,0.87313491886,0.91303237437,0.958,0.932,-72.63,0.9577877,0.9320998,-72.63,22.6331,24.0,2.92,1.012,0.012,0.999,7.0
253,253,7_4,7_33,696.7675,39.74884,19.0156,0.062,603.2725,13.0,15.0,345.0,951.0,345.3674,950.4469,345.3674,950.4469,43.33694884327373,-21.65119164666553,1.05,0.938,-53.58,0.07617,0.06643,-45.47,345.3674,950.4469,43.33694884327373,-21.65119164666553,0.72360575713,0.86115586633,0.72360575713,0.86115586633,0.928,0.851,89.73,0.9279865,0.8506484,89.73,22.6895,0.0,3.59,1.119,0.107,0.589,7.0
254,254,7_5,7_32,3724.805,63.92454,17.1955,0.0186,602.0226,30.0,35.0,244.0,948.0,244.1035,947.8761,244.1035,947.8761,43.36759171796164,-21.650819223240852,1.353,1.276,-78.0,0.02991,0.02745,89.84,244.1035,947.8761,43.36759171796164,-21.650819223240852,0.82271538818,0.83566138626,0.82271538818,0.83566138626,0.93,0.891,-50.34,0.9295889,0.8912022,-50.34,22.6516,0.0,3.03,1.06,0.057,0.974,7.0
255,255,7_6,7_31,1075.399,45.15793,18.5444,0.0456,603.144,18.0,19.0,208.0,940.0,208.1134,939.8234,208.1134,939.8234,43.37850885180741,-21.64867631836488,1.16,1.021,58.02,0.06033,0.05163,45.56,208.1134,939.8234,43.37850885180741,-21.64867631836488,0.76350213733,0.91856129064,0.76350213733,0.91856129064,0.959,0.873,84.8,0.9590901,0.8730462,84.8,22.7103,0.0,3.21,1.136,0.12,0.761,7.0
256,256,7_7,7_30,1940.93,63.61926,17.9033,0.0356,602.9048,35.0,40.0,95.0,911.0,94.4648,911.0305,94.4648,911.0305,43.41299263009331,-21.64095733249627,1.707,1.495,-81.12,0.06471,0.05808,-81.9,94.4648,911.0305,43.41299263009331,-21.64095733249627,2.2544814166,2.6353859738,2.2544814166,2.6353859738,1.623,1.501,-88.9,1.62343,1.501446,-88.9,22.7249,0.0,5.67,1.142,0.124,0.003,7.0
258,258,7_9,7_28,2396.549,64.87344,17.6743,0.0294,602.2701,32.0,39.0,314.0,897.0,313.8951,897.6505,313.8951,897.6505,43.346669046936,-21.636443919983147,1.545,1.47,41.28,0.05008,0.04654,35.72,313.8951,897.6505,43.346669046936,-21.636443919983147,1.5032711583,1.5630613308,1.5032711583,1.5630613308,1.251,1.226,82.54,1.250641,1.225654,82.54,22.6566,0.0,4.15,1.051,0.049,0.011,7.0
259,259,7_10,7_27,2157.753,54.46115,17.7883,0.0274,603.7369,25.0,27.0,367.0,856.0,367.3807,856.1128,367.3807,856.1128,43.33064870402606,-21.624567864345558,1.245,1.194,14.11,0.03977,0.03633,7.84,367.3807,856.1128,43.33064870402606,-21.624567864345558,0.73976622001,0.77848135212,0.73976622001,0.77848135212,0.884,0.859,76.03,0.8837627,0.85861,76.03,22.7296,0.0,2.78,1.042,0.041,0.938,7.0
260,260,7_11,7_26,321.208,31.59519,19.8563,0.1068,602.7117,7.0,10.0,209.0,849.0,209.0272,848.7875,209.0272,848.7875,43.37857152312349,-21.623054729557097,0.948,0.757,-89.39,0.10625,0.08407,-89.92,209.0272,848.7875,43.37857152312349,-21.623054729557097,1.4426065284,1.592783709,1.4426065284,1.592783709,1.267,1.196,-75.1,1.266582,1.196311,-75.1,22.714,0.0,5.04,1.253,0.202,0.443,7.0
261,261,7_12,7_25,284.7291,26.84006,19.9872,0.1024,603.1341,7.0,7.0,426.0,844.0,425.9342,843.6844,425.9342,843.6844,43.31298610289286,-21.62086376495086,0.736,0.673,6.95,0.08639,0.07972,1.63,425.9342,843.6844,43.31298610289286,-21.62086376495086,0.71789978921,0.70226558016,0.71789978921,0.70226558016,0.847,0.838,-3.5,0.8473243,0.8379778,-3.5,22.6956,0.0,3.18,1.094,0.086,0.482,7.0
262,262,7_13,7_24,807.2158,39.1993,18.8558,0.0527,601.1451,13.0,15.0,55.0,839.0,55.1244,838.4947999999999,55.1244,838.4947999999999,43.425156831628016,-21.62067588116138,1.012,0.956,30.34,0.06381,0.05641,14.46,55.1244,838.4947999999999,43.425156831628016,-21.62067588116138,0.73980497247,0.81401235718,0.73980497247,0.81401235718,0.907,0.855,72.42,0.9068065,0.855289,72.42,22.6382,0.0,2.98,1.059,0.056,0.745,7.0
263,263,7_14,7_23,11682.93,106.4336,15.9544,0.0099,602.9186,88.0,98.0,323.0,825.0,322.602,825.4202,322.602,825.4202,43.3443087420586,-21.61608730285816,2.317,1.79,24.65,0.02845,0.02147,24.17,322.602,825.4202,43.3443087420586,-21.61608730285816,1.7766414082,1.5862047189,1.7766414082,1.5862047189,1.354,1.236,25.73,1.354334,1.236376,25.73,22.7003,0.0,3.98,1.294,0.227,0.031,7.0
264,264,7_15,7_22,240.7203,26.81427,20.1695,0.121,603.5107,7.0,7.0,454.0,819.0,454.6803,819.133,454.6803,819.133,43.30438624598043,-21.613852584124214,0.865,0.606,60.94,0.11383,0.07862,59.51,454.6803,819.133,43.30438624598043,-21.613852584124214,1.2445667563,1.3317469345,1.2445667563,1.3317469345,1.156,1.114,77.37,1.15601,1.113532,77.37,22.7129,0.0,4.02,1.426,0.299,0.231,7.0
265,265,7_16,7_21,197.2588,25.14965,20.3857,0.1385,602.4093,4.0,6.0,507.0,783.0,506.9666,783.4859,506.9666,783.4859,43.28871086468084,-21.6036340576401,0.799,0.499,1.61,0.11637,0.0713,0.13,506.9666,783.4859,43.28871086468084,-21.6036340576401,1.0530896689,1.0901587653,1.0530896689,1.0901587653,1.047,1.023,69.37,1.047035,1.023214,69.37,22.654,16.0,3.73,1.599,0.374,0.487,7.0
266,266,7_17,7_20,1862.316,51.71714,17.9482,0.0302,603.418,23.0,25.0,359.0,777.0,358.9395,777.1852,358.9395,777.1852,43.33350220934995,-21.602386616710717,1.227,1.162,64.17,0.04354,0.03879,66.35,358.9395,777.1852,43.33350220934995,-21.602386616710717,0.78081881357,0.76842374571,0.78081881357,0.76842374571,0.884,0.876,-16.76,0.8843386,0.8758926,-16.76,22.7305,0.0,2.9,1.056,0.053,0.927,7.0
267,267,7_18,7_19,301.0953,28.34473,19.9265,0.1022,602.358,7.0,8.0,62.0,776.0,61.8672,776.1505,61.8672,776.1505,43.42334543336982,-21.60310935540731,0.827,0.67,42.27,0.09864,0.07811,44.94,61.8672,776.1505,43.42334543336982,-21.60310935540731,0.85943593298,0.73376064688,0.85943593298,0.73376064688,0.933,0.85,16.21,0.9332981,0.8497949,16.21,22.6946,0.0,3.35,1.235,0.19,0.499,7.0
268,268,7_19,7_18,609.8998,37.19651,19.1602,0.0662,603.0626,11.0,13.0,467.0,764.0,466.7204,764.3213000000001,466.7204,764.3213000000001,43.30095651188938,-21.598385219031368,1.0,0.847,-43.84,0.07543,0.06391,-44.37,466.7204,764.3213000000001,43.30095651188938,-21.598385219031368,0.68631005933,0.70693370435,0.68631005933,0.70693370435,0.876,0.792,-49.23,0.8756239,0.7915342,-49.23,22.6889,0.0,3.15,1.181,0.153,0.655,7.0
270,270,7_21,7_16,392.809,30.50808,19.6378,0.0843,603.0065,7.0,9.0,296.0,755.0,295.9838,754.996,295.9838,754.996,43.352625045077545,-21.59636196943601,0.785,0.773,-62.45,0.07396,0.07391,-58.57,295.9838,754.996,43.352625045077545,-21.59636196943601,0.59155465178,0.65321780655,0.59155465178,0.65321780655,0.812,0.765,-72.71,0.8122986,0.764816,-72.71,22.705,0.0,2.83,1.016,0.016,0.516,7.0
271,271,7_22,7_15,1311.594,47.6776,18.3288,0.0395,601.7841,18.0,22.0,117.0,687.0,116.9507,687.3859,116.9507,687.3859,43.40701489221638,-21.57794697620796,1.214,1.083,-53.11,0.05639,0.04839,-54.44,116.9507,687.3859,43.40701489221638,-21.57794697620796,0.80064244806,0.86212734405,0.80064244806,0.86212734405,0.938,0.885,-65.01,0.9376529,0.8851987,-65.01,22.691,0.0,3.24,1.121,0.108,0.574,7.0
272,272,7_23,7_14,3291.589,60.08723,17.3298,0.0198,602.4342,30.0,32.0,389.0,686.0,389.42,686.3023000000001,389.42,686.3023000000001,43.324631892350176,-21.576704677931037,1.292,1.285,-28.18,0.02945,0.02923,68.41,389.42,686.3023000000001,43.324631892350176,-21.576704677931037,0.8323983499,0.82454220639,0.8323983499,0.82454220639,0.917,0.903,-36.21,0.9173188,0.9030319,-36.21,22.6887,0.0,2.99,1.006,0.006,0.967,7.0
273,273,7_24,7_13,857.5856,43.12853,18.7901,0.0546,602.1339,18.0,18.0,260.0,687.0,259.8917,687.3278,259.8917,687.3278,43.36379394243766,-21.577444696782116,1.175,1.033,26.45,0.07295,0.06416,25.62,259.8917,687.3278,43.36379394243766,-21.577444696782116,1.2077162286,1.1810882338,1.2077162286,1.1810882338,1.117,1.068,37.73,1.116898,1.068337,37.73,22.6889,0.0,4.56,1.138,0.121,0.004,7.0
274,274,7_25,7_12,190.2957,22.3107,20.4247,0.1273,601.5286,5.0,5.0,216.0,685.0,215.6138,684.7867,215.6138,684.7867,43.37719183623035,-21.57688155147424,0.74,0.455,72.72,0.12018,0.06963,71.63,215.6138,684.7867,43.37719183623035,-21.57688155147424,0.69907378162,0.80025081438,0.69907378162,0.80025081438,0.906,0.823,-67.34,0.9064209,0.8232409,-67.34,22.6807,0.0,3.41,1.626,0.385,0.476,7.0
275,275,7_26,7_11,335.1408,31.64475,19.8102,0.1025,602.771,7.0,10.0,70.0,666.0,69.3432,666.7522,69.3432,666.7522,43.42148559414803,-21.572299564490688,1.101,0.675,-17.29,0.12172,0.07435,-18.3,69.3432,666.7522,43.42148559414803,-21.572299564490688,1.7613586304,1.5252840995,1.7613586304,1.5252840995,1.334,1.227,-15.44,1.334488,1.227104,-15.44,22.7157,0.0,5.13,1.632,0.387,0.045,7.0
276,276,7_27,7_10,354.6655,33.1864,19.7488,0.1016,602.0556,9.0,11.0,66.0,652.0,67.2537,650.9043,67.2537,650.9043,43.42217552634266,-21.56784693867337,1.614,0.597,-54.98,0.17903,0.0667,-55.19,67.2537,650.9043,43.42217552634266,-21.56784693867337,1.9588942376,2.8382234941,1.9588942376,2.8382234941,1.79,1.262,-61.54,1.790043,1.262087,-61.54,22.6822,0.0,5.85,2.704,0.63,0.181,7.0
277,277,7_28,7_9,261.8254,26.90379,20.0783,0.1116,602.6196,7.0,7.0,15.0,650.0,15.1798,649.338,15.1798,649.338,43.43792576024739,-21.5675781913364,0.848,0.613,-29.29,0.11133,0.07736,-30.38,15.1798,649.338,43.43792576024739,-21.5675781913364,1.4321993627,1.4472895148,1.4321993627,1.4472895148,1.3,1.091,-45.86,1.300111,1.090505,-45.86,22.6692,0.0,3.83,1.384,0.277,0.366,7.0
278,278,7_29,7_8,172.1025,22.47054,20.5338,0.1418,602.7539,5.0,5.0,57.0,643.0,56.6106,642.7873999999999,56.6106,642.7873999999999,43.4254232224353,-21.565598171573715,0.742,0.453,72.02,0.11903,0.06892,71.6,56.6106,642.7873999999999,43.4254232224353,-21.565598171573715,0.76734499991,0.82422693975,0.76734499991,0.82422693975,0.912,0.872,-71.71,0.911704,0.8719907,-71.71,22.7068,0.0,2.31,1.639,0.39,0.355,7.0
279,279,7_30,7_7,11182.38,85.66166,16.002,0.0083,601.989,50.0,57.0,415.0,610.0,415.1955,610.2403,415.1955,610.2403,43.31713035494861,-21.55520993572718,1.537,1.427,-85.86,0.01629,0.01459,-82.39,415.1955,610.2403,43.31713035494861,-21.55520993572718,0.83894488117,0.88575074196,0.83894488117,0.88575074196,0.942,0.915,-82.4,0.9415944,0.9154756,-82.4,22.6705,0.0,2.88,1.077,0.072,0.981,7.0
280,280,7_31,7_6,6664.835,103.8346,16.5638,0.0169,601.7342,90.0,100.0,274.0,599.0,273.4883,599.1707,273.4883,599.1707,43.360015204308745,-21.552590684053936,3.166,1.742,-24.62,0.06116,0.03264,-23.74,273.4883,599.1707,43.360015204308745,-21.552590684053936,3.7072485482,2.9781014517,3.7072485482,2.9781014517,2.013,1.622,-29.56,2.013169,1.622499,-29.56,22.6665,0.0,7.59,1.818,0.45,0.01,7.0
281,281,7_32,7_5,1764.894,52.3252,18.0065,0.0322,601.9528,20.0,25.0,395.0,601.0,395.4181,601.1156,395.4181,601.1156,43.32314477765807,-21.55271221657165,1.226,1.152,11.96,0.04634,0.04046,11.13,395.4181,601.1156,43.32314477765807,-21.55271221657165,0.78217475429,0.77092287288,0.78217475429,0.77092287288,0.888,0.874,-31.37,0.888162,0.8742231,-31.37,22.6633,0.0,2.93,1.064,0.06,0.823,7.0
282,282,7_33,7_4,1711.446,51.61812,18.0399,0.0328,601.7239,23.0,25.0,31.0,595.0,31.539,594.952,31.539,594.952,43.433178436490365,-21.55222042979324,1.255,1.181,5.63,0.04881,0.04254,10.68,31.539,594.952,43.433178436490365,-21.55222042979324,0.88296369419,0.91412684331,0.88296369419,0.91412684331,0.96,0.936,-66.84,0.9597442,0.9359388,-66.84,22.6594,0.0,3.4,1.063,0.059,0.435,7.0
283,283,7_34,7_3,367.0197,30.86229,19.7116,0.0913,602.5024,8.0,9.0,373.0,556.0,372.9325,556.0331,372.9325,556.0331,43.33011539350127,-21.54010560510301,0.79,0.774,-64.2,0.08104,0.08069,-32.63,372.9325,556.0331,43.33011539350127,-21.54010560510301,0.67334431455,0.79721484731,0.67334431455,0.79721484731,0.894,0.82,-83.59,0.8937544,0.819611,-83.59,22.6771,0.0,4.1,1.021,0.02,0.244,7.0
284,284,7_35,7_2,2332.552,68.6041,17.7037,0.0319,602.8935,39.0,44.0,341.0,536.0,341.1962,536.0347,341.1962,536.0347,43.339785796120566,-21.53458957813076,2.047,1.342,81.64,0.07067,0.04526,82.36,341.1962,536.0347,43.339785796120566,-21.53458957813076,1.9837514471,2.9792069009,1.9837514471,2.9792069009,1.733,1.4,81.56,1.732523,1.400472,81.56,22.7037,0.0,6.09,1.525,0.344,0.006,7.0
285,285,8_1,8_2,1260.809,54.3552,18.3717,0.0468,603.0536,24.0,27.0,750.0,515.0,749.8392,515.1186,749.8392,515.1186,43.21633763072275,-21.527225219002865,1.737,1.037,-72.22,0.08829,0.05181,-71.47,749.8392,515.1186,43.21633763072275,-21.527225219002865,1.4307823119,2.2475897559,1.4307823119,2.2475897559,1.522,1.167,-74.36,1.52219,1.166751,-74.36,22.6451,0.0,6.48,1.676,0.403,0.002,8.0
287,287,8_3,8_27,8062.516,70.79089,16.3571,0.0095,602.5529,36.0,40.0,502.0,978.0,502.7705,978.2016,502.7705,978.2016,43.28922427789828,-21.65844413934663,1.931,0.888,-89.28,0.02793,0.0137,-88.05,502.7705,978.2016,43.28922427789828,-21.65844413934663,0.26323832319,0.97586325263,0.26323832319,0.97586325263,0.988,0.513,-89.98,0.9878579,0.5130675,-89.98,22.6966,24.0,4.09,2.175,0.54,0.983,8.0
288,288,8_4,8_29,566.4277,34.69906,19.2404,0.0665,603.8258,10.0,11.0,963.0,1013.0,962.7557,1012.5766,962.7557,1012.5766,43.1499157227385,-21.666405036299896,1.455,0.488,-3.29,0.13317,0.04109,-3.05,962.7557,1012.5766,43.1499157227385,-21.666405036299896,1.25357815,0.48056311402,1.25357815,0.48056311402,1.127,0.681,-8.25,1.127018,0.681154,-8.25,22.6496,24.0,5.01,2.982,0.665,0.643,8.0
289,289,8_5,8_26,5897.558,71.84671,16.6966,0.0132,602.1914,38.0,44.0,556.0,894.0,556.0938,893.6596999999999,556.0938,893.6596999999999,43.273422532059705,-21.634460687137334,1.422,1.379,-77.22,0.02315,0.02262,-81.29,556.0938,893.6596999999999,43.273422532059705,-21.634460687137334,0.81479708962,0.85771960765,0.81479708962,0.85771960765,0.926,0.902,-82.91,0.9264955,0.9022875,-82.91,22.6589,0.0,2.92,1.031,0.03,0.979,8.0
290,290,8_6,8_25,2202.787,55.99159,17.7659,0.0276,603.9019,24.0,29.0,636.0,893.0,636.4585,893.22,636.4585,893.22,43.24911457965215,-21.634043894136028,1.29,1.225,70.04,0.04152,0.03886,55.57,636.4585,893.22,43.24911457965215,-21.634043894136028,0.79901464337,0.84781980353,0.79901464337,0.84781980353,0.921,0.894,-89.05,0.9207786,0.8938686,-89.05,22.7221,0.0,3.05,1.053,0.05,0.878,8.0
291,291,8_7,8_24,277.7513,27.06251,20.0142,0.1058,602.2557,6.0,7.0,874.0,886.0,874.2948,885.99,874.2948,885.99,43.177199134420725,-21.631120507220103,0.734,0.671,85.79,0.09428,0.08724,89.85,874.2948,885.99,43.177199134420725,-21.631120507220103,0.80626137672,0.86083565567,0.80626137672,0.86083565567,0.94,0.885,61.67,0.9397799,0.8853874,61.67,22.6133,0.0,3.57,1.093,0.085,0.5,8.0
293,293,8_9,8_22,1830.926,58.95055,17.9666,0.035,603.1925,26.0,32.0,908.0,862.0,908.6767,861.8194,908.6767,861.8194,43.16689792377014,-21.6241875143118,2.057,1.183,-39.19,0.08296,0.04655,-40.86,908.6767,861.8194,43.16689792377014,-21.6241875143118,1.1683200123,1.1297796426,1.1683200123,1.1297796426,1.081,1.063,-2.99,1.080937,1.062861,-2.99,22.6433,0.0,7.13,1.739,0.425,0.274,8.0
294,294,8_10,8_21,1072.335,44.43828,18.5475,0.045,602.2253,16.0,18.0,752.0,841.0,751.7691,840.7683999999999,751.7691,840.7683999999999,43.21444437705545,-21.618856484983183,1.096,1.022,-24.37,0.05935,0.05211,-25.19,751.7691,840.7683999999999,43.21444437705545,-21.618856484983183,0.77679526259,0.7871758722,0.77679526259,0.7871758722,0.895,0.873,52.71,0.8952726,0.8731884,52.71,22.6131,0.0,3.04,1.073,0.068,0.851,8.0
295,295,8_11,8_20,1870.486,54.13653,17.9434,0.0314,603.5099,22.0,26.0,829.0,833.0,828.9526000000001,833.1915,828.9526000000001,833.1915,43.191129485933565,-21.616434287287376,1.3,1.152,72.8,0.04704,0.03894,67.99,828.9526000000001,833.1915,43.191129485933565,-21.616434287287376,0.79876548243,0.87943699888,0.79876548243,0.87943699888,0.938,0.894,-87.44,0.9378694,0.8936462,-87.44,22.6608,0.0,3.12,1.128,0.114,0.883,8.0
296,296,8_12,8_19,4168.024,64.95354,17.0735,0.0169,602.9699,29.0,35.0,817.0,830.0,817.1614999999999,830.5,817.1614999999999,830.5,43.19470681242523,-21.615721384707616,1.347,1.286,-31.24,0.02741,0.02443,-14.01,817.1614999999999,830.5,43.19470681242523,-21.615721384707616,0.83382889585,0.85341923702,0.83382889585,0.85341923702,0.93,0.907,-59.31,0.9295555,0.9072897,-59.31,22.6372,0.0,3.0,1.048,0.045,0.947,8.0
297,297,8_13,8_18,14439.54,91.39548,15.7244,0.0069,603.1241,55.0,60.0,893.0,829.0,893.4576,828.5452,893.4576,828.5452,43.17163785011933,-21.614881881009648,1.511,1.478,-81.01,0.01286,0.01282,-78.47,893.4576,828.5452,43.17163785011933,-21.614881881009648,0.85912080171,0.88919504677,0.85912080171,0.88919504677,0.943,0.926,-80.82,0.9433993,0.9264522,-80.82,22.6414,0.0,2.91,1.023,0.022,0.967,8.0
298,298,8_14,8_17,6719.484,73.70386,16.555,0.0119,603.1396,41.0,45.0,659.0,811.0,658.5984,811.1761,658.5984,811.1761,43.2427428007184,-21.61087450345025,1.414,1.404,83.88,0.02075,0.02013,30.3,658.5984,811.1761,43.2427428007184,-21.61087450345025,0.84332459804,0.85164671004,0.84332459804,0.85164671004,0.926,0.915,-57.3,0.9260042,0.9151434,-57.3,22.6866,0.0,2.88,1.008,0.008,0.967,8.0
299,299,8_15,8_16,1798.32,51.37914,17.9861,0.031,603.6768,22.0,23.0,843.0,812.0,842.8449,811.9748,842.8449,811.9748,43.18701387053233,-21.61041113759713,1.18,1.153,51.34,0.04077,0.04043,84.4,842.8449,811.9748,43.18701387053233,-21.61041113759713,0.80300619361,0.79383396581,0.80300619361,0.79383396581,0.904,0.883,37.66,0.903611,0.8833613,37.66,22.662,0.0,3.19,1.024,0.023,0.894,8.0
300,300,8_16,8_15,113934.7,180.4467,13.4817,0.0017,603.9109,138.0,147.0,633.0,795.0,632.6913999999999,794.6038,632.6913999999999,794.6038,43.25064383890573,-21.60630613298533,1.749,1.678,88.65,0.00425,0.00409,70.57,632.6913999999999,794.6038,43.25064383890573,-21.60630613298533,0.8741531172,0.91832014761,0.8741531172,0.91832014761,0.958,0.935,-84.77,0.9584847,0.9347622,-84.77,22.7251,0.0,2.95,1.043,0.041,0.998,8.0
302,302,8_18,8_13,910.9973,45.36824,18.7245,0.0541,604.0769,15.0,19.0,1011.0,761.0,1011.1322,761.1854000000001,1011.1322,761.1854000000001,43.13632566285335,-21.595473459127717,1.162,1.031,-45.09,0.07141,0.06107,-45.01,1011.1322,761.1854000000001,43.13632566285335,-21.595473459127717,0.8470951173,0.84673871454,0.8470951173,0.84673871454,0.927,0.914,-44.56,0.9265487,0.9139701,-44.56,22.6512,24.0,3.49,1.127,0.113,0.384,8.0
303,303,8_19,8_12,3494.458,63.3194,17.2649,0.0197,602.4958,27.0,35.0,513.0,750.0,513.3455,749.7984,513.3455,749.7984,43.28691271168304,-21.594131238740022,1.352,1.264,-82.65,0.03216,0.02854,-76.4,513.3455,749.7984,43.28691271168304,-21.594131238740022,0.77399279289,0.80765985443,0.77399279289,0.80765985443,0.899,0.88,85.91,0.8987953,0.8796702,85.91,22.6631,0.0,2.84,1.07,0.065,0.976,8.0
304,304,8_20,8_11,3124.887,76.33389,17.3862,0.0265,603.2791,50.0,53.0,868.0,739.0,867.9869,739.6571,867.9869,739.6571,43.17970490054356,-21.589964906164987,2.259,1.432,6.06,0.06459,0.04164,5.77,867.9869,739.6571,43.17970490054356,-21.589964906164987,2.8801097286,1.8066378867,2.8801097286,1.8066378867,1.701,1.339,6.61,1.701384,1.338672,6.61,22.6526,0.0,6.76,1.577,0.366,0.007,8.0
305,305,8_21,8_10,3651.463,63.93545,17.2171,0.019,602.7493,30.0,35.0,713.0,734.0,713.2486,733.7067999999999,713.2486,733.7067999999999,43.22652356695262,-21.588871928044835,1.372,1.259,-52.6,0.03078,0.02819,-45.47,713.2486,733.7067999999999,43.22652356695262,-21.588871928044835,0.78742103629,0.85086110408,0.78742103629,0.85086110408,0.93,0.879,-66.84,0.9300951,0.8793209,-66.84,22.6414,0.0,2.95,1.09,0.083,0.969,8.0
306,306,8_22,8_9,5460.078,71.19749,16.7803,0.0142,602.2108,36.0,42.0,743.0,709.0,743.1235,709.438,743.1235,709.438,43.2175866052357,-21.581931335272674,1.408,1.363,-30.68,0.02438,0.02275,-42.02,743.1235,709.438,43.2175866052357,-21.581931335272674,0.84782149663,0.85104134183,0.84782149663,0.85104134183,0.925,0.918,-52.51,0.9250099,0.9182699,-52.51,22.6169,0.0,2.91,1.033,0.032,0.979,8.0
307,307,8_23,8_8,1122.405,45.52492,18.4979,0.044,602.5234,17.0,19.0,780.0,708.0,779.8734999999999,707.7552000000001,779.8734999999999,707.7552000000001,43.20648036215435,-21.58132027517099,1.164,1.02,-48.76,0.05987,0.05113,-45.57,779.8734999999999,707.7552000000001,43.20648036215435,-21.58132027517099,0.79697054871,0.8396349525,0.79697054871,0.8396349525,0.93,0.879,-58.82,0.9296662,0.878821,-58.82,22.6271,0.0,3.42,1.142,0.124,0.464,8.0
308,308,8_24,8_7,427.7345,33.9281,19.5454,0.0861,603.2238,8.0,11.0,755.0,667.0,755.5360000000001,667.3923,755.5360000000001,667.3923,43.21400228656642,-21.570053161070096,0.937,0.808,18.94,0.09234,0.0801,18.46,755.5360000000001,667.3923,43.21400228656642,-21.570053161070096,0.71291971546,0.6624525209,0.71291971546,0.6624525209,0.86,0.797,30.64,0.860343,0.7969832,30.64,22.6669,0.0,3.53,1.16,0.138,0.576,8.0
309,309,8_25,8_6,412.851,31.09923,19.5838,0.0818,604.6434,9.0,9.0,973.0,658.0,973.2341,657.6732,973.2341,657.6732,43.14821624058122,-21.566491006719858,0.858,0.745,-81.55,0.08452,0.07013,-82.35,973.2341,657.6732,43.14821624058122,-21.566491006719858,0.54970300429,0.57318117569,0.54970300429,0.57318117569,0.77,0.728,-55.75,0.7703733,0.727605,-55.75,22.703,0.0,2.82,1.153,0.132,0.536,8.0
310,310,8_26,8_5,6842.583,72.38611,16.5352,0.0115,601.8223,38.0,42.0,561.0,633.0,560.9915,632.7063,560.9915,632.7063,43.27296272073865,-21.561009151203383,1.402,1.346,-70.64,0.01948,0.01857,-56.23,560.9915,632.7063,43.27296272073865,-21.561009151203383,0.787191549,0.8342957204,0.787191549,0.8342957204,0.915,0.886,-77.6,0.9147056,0.8858899,-77.6,22.6323,0.0,2.83,1.041,0.04,0.982,8.0
311,311,8_27,8_4,197.4702,24.98599,20.3845,0.1374,603.5759,5.0,6.0,563.0,589.0,563.0194,589.1664,563.0194,589.1664,43.27252038553676,-21.548749846103213,0.942,0.469,-37.1,0.1466,0.07223,-36.86,563.0194,589.1664,43.27252038553676,-21.548749846103213,1.4572746713,1.640250593,1.4572746713,1.640250593,1.357,1.121,-54.1,1.357106,1.120619,-54.1,22.7095,0.0,3.73,2.007,0.502,0.358,8.0
312,312,8_28,8_3,2604.372,58.15933,17.584,0.0243,601.9644,23.0,30.0,836.0,558.0,835.5768,558.1102,835.5768,558.1102,43.19024491105147,-21.53900020066845,1.314,1.21,-50.09,0.03844,0.03364,-48.4,835.5768,558.1102,43.19024491105147,-21.53900020066845,0.78303041828,0.78980731638,0.78303041828,0.78980731638,0.89,0.883,-60.94,0.8904126,0.8831778,-60.94,22.6145,0.0,2.95,1.086,0.079,0.954,8.0
313,313,8_29,8_28,6804.303,76.78017,16.5413,0.0123,603.4603,39.0,48.0,597.0,987.0,597.5014,987.1783,597.5014,987.1783,43.26052939812261,-21.660627403748077,1.471,1.39,-62.66,0.02221,0.02065,-59.66,597.5014,987.1783,43.26052939812261,-21.660627403748077,0.82204999547,0.84576367746,0.82204999547,0.84576367746,0.924,0.902,-62.74,0.9243014,0.9019316,-62.74,22.6673,0.0,2.91,1.058,0.055,0.975,8.0
314,314,9_1,9_1,11572.08,86.50468,15.9648,0.0081,604.1216,50.0,55.0,1116.0,519.0,1116.2909,518.7724,1116.2909,518.7724,43.10554711818615,-21.526846306923,1.487,1.433,85.67,0.01519,0.01427,88.61,1116.2909,518.7724,43.10554711818615,-21.526846306923,0.82154250682,0.85111568739,0.82154250682,0.85111568739,0.923,0.906,84.81,0.9226925,0.9062542,84.81,22.6442,0.0,2.88,1.038,0.037,0.981,9.0
315,315,9_2,9_35,224.8892,22.76848,20.2434,0.11,604.0757,5.0,5.0,1060.0,991.0,1060.4177,991.2246,1060.4177,991.2246,43.12045508295742,-21.660017564739025,0.743,0.45,69.99,0.10973,0.06347,71.46,1060.4177,991.2246,43.12045508295742,-21.660017564739025,0.48045050192,0.64635074629,0.48045050192,0.64635074629,0.842,0.647,62.47,0.8415666,0.6469674,62.47,22.6649,0.0,3.4,1.652,0.395,0.513,9.0
316,316,9_3,9_34,26501.78,214.0559,15.0651,0.0088,605.7993,340.0,378.0,1192.0,959.0,1192.3124,959.0025,1192.3124,959.0025,43.08068556580141,-21.650430127652957,4.741,4.173,-8.24,0.04535,0.03927,-13.33,1192.3124,959.0025,43.08068556580141,-21.650430127652957,11.916808203,10.505763016,11.916808203,10.505763016,3.453,3.241,3.3,3.452756,3.240532,3.3,22.6521,0.0,7.66,1.136,0.12,0.013,9.0
317,317,9_4,9_33,484.2402,34.00467,19.4106,0.0763,604.2103,10.0,11.0,1102.0,937.0,1101.7925,937.1917,1101.7925,937.1917,43.10816449994951,-21.64464995567561,0.881,0.87,14.86,0.08492,0.08191,44.32,1101.7925,937.1917,43.10816449994951,-21.64464995567561,0.80173624929,0.76642314611,0.80173624929,0.76642314611,0.914,0.856,-34.85,0.9137641,0.8562679,-34.85,22.6584,0.0,3.93,1.014,0.013,0.596,9.0
318,318,9_5,9_32,380.6155,32.92735,19.6721,0.094,605.8956,9.0,10.0,1151.0,935.0,1150.4021,934.8775,1150.4021,934.8775,43.09346811825548,-21.64380717399873,1.014,0.746,-47.66,0.10696,0.07833,-47.77,1150.4021,934.8775,43.09346811825548,-21.64380717399873,1.0868158361,1.1407031935,1.0868158361,1.1407031935,1.121,0.986,-50.46,1.12067,0.9857065,-50.46,22.7013,0.0,5.18,1.359,0.264,0.179,9.0
319,319,9_6,9_31,1506.828,51.34954,18.1781,0.037,605.2378,18.0,24.0,1322.0,932.0,1321.6308,931.8005,1321.6308,931.8005,43.04167796439235,-21.64225644926983,1.224,1.135,-43.94,0.05208,0.04808,-39.85,1321.6308,931.8005,43.04167796439235,-21.64225644926983,0.78455340869,0.7732312361,0.78455340869,0.7732312361,0.9,0.865,-39.76,0.9000147,0.8647301,-39.76,22.6872,0.0,3.03,1.079,0.073,0.827,9.0
320,320,9_7,9_30,1375.2,56.68841,18.2774,0.0448,605.8495,26.0,29.0,1229.0,926.0,1229.433,925.8777,1229.433,925.8777,43.06959690283955,-21.64096038417457,1.482,1.274,-24.84,0.06885,0.05833,-24.71,1229.433,925.8777,43.06959690283955,-21.64096038417457,1.9953911632,1.8723205668,1.9953911632,1.8723205668,1.429,1.351,-27.54,1.428765,1.351422,-27.54,22.6925,0.0,4.65,1.164,0.141,0.017,9.0
321,321,9_8,9_29,10018.86,82.47681,16.1213,0.0089,604.2184,49.0,53.0,1072.0,913.0,1072.1314,913.3965,1072.1314,913.3965,43.11723804807623,-21.638069908967456,1.472,1.444,63.64,0.01661,0.01615,45.38,1072.1314,913.3965,43.11723804807623,-21.638069908967456,0.82632387116,0.85335746123,0.82632387116,0.85335746123,0.925,0.908,-75.16,0.924877,0.9079008,-75.16,22.6641,0.0,2.83,1.019,0.019,0.982,9.0
322,322,9_9,9_28,3080.627,61.3477,17.4017,0.0216,604.4701,28.0,33.0,1152.0,891.0,1151.6888,891.365,1151.6888,891.365,43.093263735498105,-21.631557066106332,1.338,1.267,-53.08,0.03392,0.03159,-44.87,1151.6888,891.365,43.093263735498105,-21.631557066106332,0.81788473771,0.83992222172,0.81788473771,0.83992222172,0.926,0.895,-56.63,0.9256321,0.8949929,-56.63,22.6652,0.0,2.91,1.056,0.053,0.99,9.0
323,323,9_10,9_27,455.7109,34.09898,19.4766,0.0813,604.0759,10.0,11.0,1041.0,889.0,1041.3447,888.4814,1041.3447,888.4814,43.12665591375925,-21.63117862532797,0.934,0.818,-62.84,0.0917,0.07955,-71.13,1041.3447,888.4814,43.12665591375925,-21.63117862532797,0.84823332771,0.77530951783,0.84823332771,0.77530951783,0.938,0.862,-28.91,0.9381995,0.8621626,-28.91,22.6491,0.0,3.42,1.141,0.124,0.502,9.0
324,324,9_11,9_26,1279.163,51.08855,18.356,0.0434,604.5562,21.0,24.0,1202.0,883.0,1201.7609,882.797,1201.7609,882.797,43.07815297144643,-21.628947238258917,1.324,1.17,49.85,0.06219,0.05493,46.64,1201.7609,882.797,43.07815297144643,-21.628947238258917,1.2535928967,1.293788423,1.2535928967,1.293788423,1.167,1.088,51.53,1.167335,1.088444,51.53,22.6606,0.0,3.99,1.132,0.116,0.098,9.0
325,325,9_12,9_25,372.1997,25.78081,19.6964,0.0752,604.3596,4.0,6.0,1231.0,880.0,1230.5363,879.9948999999999,1230.5363,879.9948999999999,43.06946020280164,-21.628043903194936,0.759,0.491,-81.25,0.0819,0.0505,-89.53,1230.5363,879.9948999999999,43.06946020280164,-21.628043903194936,0.15364929899,0.21793075388,0.15364929899,0.21793075388,0.532,0.298,-54.65,0.5319902,0.2976013,-54.65,22.6466,0.0,2.54,1.546,0.353,0.615,9.0
326,326,9_13,9_24,2205.016,54.30809,17.7648,0.0267,603.649,25.0,26.0,1048.0,869.0,1047.7216,868.9281,1047.7216,868.9281,43.12480874701306,-21.625651224464203,1.233,1.188,5.49,0.03878,0.03676,16.66,1047.7216,868.9281,43.12480874701306,-21.625651224464203,0.81295787877,0.78921902465,0.81295787877,0.78921902465,0.903,0.887,-14.27,0.9025515,0.8874557,-14.27,22.624,0.0,2.95,1.038,0.037,0.96,9.0
327,327,9_14,9_23,2061.027,55.83374,17.8381,0.0294,604.3738,23.0,28.0,1165.0,852.0,1164.5291,852.1986999999999,1164.5291,852.1986999999999,43.08954608196114,-21.620484315495347,1.257,1.246,-68.89,0.04246,0.04175,-1.08,1164.5291,852.1986999999999,43.08954608196114,-21.620484315495347,0.84602388108,0.89387908196,0.84602388108,0.89387908196,0.946,0.919,-83.39,0.9457957,0.9194419,-83.39,22.6625,0.0,3.23,1.009,0.009,0.563,9.0
328,328,9_15,9_22,955.2148,43.11749,18.673,0.049,603.5195,14.0,17.0,1201.0,847.0,1201.0683,847.3696,1201.0683,847.3696,43.07851401729425,-21.618980234812582,1.122,0.933,-20.08,0.0668,0.05235,-15.22,1201.0683,847.3696,43.07851401729425,-21.618980234812582,0.74519206119,0.70498905431,0.74519206119,0.70498905431,0.883,0.819,-34.29,0.8832507,0.8185654,-34.29,22.6192,0.0,3.27,1.202,0.168,0.735,9.0
329,329,9_16,9_21,584.7758,36.31292,19.2058,0.0674,604.9204,11.0,12.0,1347.0,817.0,1347.0495,817.4826,1347.0495,817.4826,43.034486603005206,-21.609982708871826,1.036,0.778,-88.86,0.08265,0.06055,-89.86,1347.0495,817.4826,43.034486603005206,-21.609982708871826,0.67630040677,0.87798561219,0.67630040677,0.87798561219,0.94,0.819,-80.44,0.9401448,0.818788,-80.44,22.647,0.0,3.97,1.332,0.249,0.324,9.0
330,330,9_17,9_20,3332.257,64.36291,17.3165,0.021,603.7997,28.0,36.0,1217.0,813.0,1217.0986,813.3715,1217.0986,813.3715,43.07381076816906,-21.609348822164385,1.365,1.317,17.0,0.0354,0.03133,19.67,1217.0986,813.3715,43.07381076816906,-21.609348822164385,0.8326546879,0.85978147947,0.8326546879,0.85978147947,0.932,0.908,-64.51,0.9315377,0.9081154,-64.51,22.6315,0.0,2.95,1.037,0.035,0.947,9.0
331,331,9_18,9_19,1979.344,52.54343,17.882,0.0288,605.5374,22.0,24.0,1334.0,806.0,1333.979,805.7554,1333.979,805.7554,43.038491159585874,-21.606735524590366,1.186,1.138,89.0,0.03935,0.03654,-89.86,1333.979,805.7554,43.038491159585874,-21.606735524590366,0.7190274969,0.7251099674,0.7190274969,0.7251099674,0.855,0.845,-55.13,0.8548986,0.8445625,-55.13,22.6797,0.0,2.79,1.042,0.041,0.95,9.0
333,333,9_20,9_17,1411.793,48.59479,18.2489,0.0374,605.6777,18.0,21.0,1454.0,753.0,1453.9348,753.1043999999999,1453.9348,753.1043999999999,43.00244120259989,-21.59142872579954,1.118,1.107,32.07,0.04719,0.04702,-58.03,1453.9348,753.1043999999999,43.00244120259989,-21.59142872579954,0.72813943081,0.71302022732,0.72813943081,0.71302022732,0.857,0.84,28.97,0.8572195,0.8404371,28.97,22.6576,0.0,3.07,1.01,0.01,0.919,9.0
334,334,9_21,9_16,2885.204,59.47709,17.4729,0.0224,603.9913,28.0,31.0,1114.0,736.0,1113.4635,736.3588,1113.4635,736.3588,43.10548223496785,-21.5880871882826,1.348,1.256,-54.24,0.03451,0.03247,-58.72,1113.4635,736.3588,43.10548223496785,-21.5880871882826,0.91845568013,0.95038409895,0.91845568013,0.95038409895,0.994,0.939,-53.73,0.993781,0.9387433,-53.73,22.6501,0.0,3.27,1.073,0.068,0.531,9.0
335,335,9_22,9_15,775.872,45.46122,18.8988,0.0636,605.2424,17.0,19.0,1395.0,731.0,1394.3017,731.3431,1394.3017,731.3431,43.02057209393314,-21.585549401005025,1.464,0.908,82.23,0.10064,0.06139,83.76,1394.3017,731.3431,43.02057209393314,-21.585549401005025,1.1925571275,1.7403952101,1.1925571275,1.7403952101,1.327,1.083,79.5,1.326607,1.083082,79.5,22.6457,0.0,5.4,1.613,0.38,0.004,9.0
336,336,9_23,9_14,647.4378,38.76994,19.0953,0.065,604.79,14.0,14.0,1206.0,713.0,1205.5203,713.2266999999999,1205.5203,713.2266999999999,43.077741293150055,-21.581213044341457,0.972,0.951,-33.27,0.07211,0.07074,-3.1,1205.5203,713.2266999999999,43.077741293150055,-21.581213044341457,0.74321287635,0.82834089225,0.74321287635,0.82834089225,0.913,0.859,-77.03,0.9127495,0.8593266,-77.03,22.6752,0.0,3.15,1.022,0.021,0.4,9.0
337,337,9_24,9_13,4003.022,68.02586,17.1173,0.0185,604.9144,31.0,39.0,1426.0,677.0,1425.8684,677.383,1425.8684,677.383,43.01126333016289,-21.570235076576,1.403,1.324,-40.5,0.03072,0.02851,-36.08,1425.8684,677.383,43.01126333016289,-21.570235076576,0.83261389345,0.82095010373,0.83261389345,0.82095010373,0.921,0.897,-37.11,0.9209892,0.897409,-37.11,22.6347,0.0,2.86,1.06,0.056,0.977,9.0
338,338,9_25,9_12,195.6561,23.00479,20.3946,0.1277,604.2263,5.0,5.0,1283.0,679.0,1283.3835,678.7869000000001,1283.3835,678.7869000000001,43.054343591237775,-21.57120941401635,0.746,0.454,-72.96,0.11498,0.06661,-71.64,1283.3835,678.7869000000001,43.054343591237775,-21.57120941401635,0.77162987072,0.85070731149,0.77162987072,0.85070731149,0.928,0.872,70.85,0.9281954,0.8722331,70.85,22.6494,0.0,3.42,1.644,0.392,0.499,9.0
339,339,9_26,9_11,12864.0,123.331,15.8499,0.0104,605.9829,121.0,129.0,1501.0,655.0,1500.8532,654.7388,1500.8532,654.7388,42.98868904585163,-21.563553471239796,2.518,2.263,79.9,0.03222,0.02829,85.3,1500.8532,654.7388,42.98868904585163,-21.563553471239796,2.3656619949,2.5365433559,2.3656619949,2.5365433559,1.598,1.532,73.19,1.598029,1.532485,73.19,22.6455,16.0,4.33,1.112,0.101,0.026,9.0
341,341,9_28,9_9,496.3501,35.94501,19.3838,0.0786,606.0992,10.0,12.0,1465.0,630.0,1465.3236,629.9003,1465.3236,629.9003,42.99954263170781,-21.55671054114835,1.023,0.827,35.01,0.08883,0.07167,34.75,1465.3236,629.9003,42.99954263170781,-21.55671054114835,1.0489262404,1.0860926012,1.0489262404,1.0860926012,1.075,0.99,51.09,1.074974,0.9896713,51.09,22.674,0.0,3.54,1.237,0.192,0.531,9.0
342,342,9_29,9_8,4109.337,67.73575,17.0889,0.0179,603.7812,35.0,39.0,1161.0,597.0,1160.8416,597.1156,1160.8416,597.1156,43.09174630266907,-21.548716075934056,1.409,1.329,-49.88,0.03041,0.02776,-45.24,1160.8416,597.1156,43.09174630266907,-21.548716075934056,0.84357044504,0.85965590249,0.84357044504,0.85965590249,0.932,0.914,-59.77,0.9316253,0.9139478,-59.77,22.6371,0.0,2.94,1.06,0.056,0.964,9.0
343,343,9_30,9_7,8547.884,87.46255,16.2937,0.0111,603.9465,53.0,62.0,1094.0,595.0,1094.9875,594.9587,1094.9875,594.9587,43.11166572734657,-21.548368900710084,2.012,1.452,-31.45,0.02466,0.01999,-35.78,1094.9875,594.9587,43.11166572734657,-21.548368900710084,1.832215698,1.3995612028,1.832215698,1.3995612028,1.439,1.078,-30.79,1.438883,1.077679,-30.79,22.656,0.0,5.65,1.385,0.278,0.05,9.0
344,344,9_31,9_6,415.9781,31.26781,19.5756,0.0816,603.334,8.0,9.0,1069.0,597.0,1068.9194,596.9512,1068.9194,596.9512,43.119538730349504,-21.549031779705555,0.782,0.769,50.13,0.07636,0.07583,33.31,1068.9194,596.9512,43.119538730349504,-21.549031779705555,0.52854849203,0.51749103739,0.52854849203,0.51749103739,0.727,0.719,3.1,0.7270358,0.7193459,3.1,22.6351,0.0,2.85,1.017,0.016,0.529,9.0
345,345,9_32,9_5,1058.756,45.41741,18.5613,0.0466,604.1907,15.0,19.0,1211.0,590.0,1210.8918,589.8117,1210.8918,589.8117,43.07664534122655,-21.5464617222878,1.141,0.998,-46.81,0.06128,0.05235,-45.0,1210.8918,589.8117,43.07664534122655,-21.5464617222878,0.68547526317,0.71190762473,0.68547526317,0.71190762473,0.86,0.811,-54.54,0.8597299,0.8113244,-54.54,22.6595,0.0,2.91,1.143,0.125,0.812,9.0
346,346,9_33,9_4,276.9906,27.26336,20.0171,0.1069,604.5723,6.0,7.0,1195.0,559.0,1195.272,559.0035,1195.272,559.0035,43.08149946554144,-21.537854462532625,0.727,0.682,83.91,0.0942,0.08728,89.8,1195.272,559.0035,43.08149946554144,-21.537854462532625,0.68644990339,0.62172178647,0.68644990339,0.62172178647,0.832,0.785,16.05,0.8320385,0.7847825,16.05,22.6739,0.0,4.17,1.067,0.062,0.399,9.0
347,347,9_34,9_3,597.2878,36.9843,19.1828,0.0672,604.9844,10.0,13.0,1233.0,550.0,1233.2203,549.9256,1233.2203,549.9256,43.070065936024406,-21.535148425868044,1.002,0.884,-58.38,0.0778,0.06745,-60.51,1233.2203,549.9256,43.070065936024406,-21.535148425868044,0.74530180872,0.82435263062,0.74530180872,0.82435263062,0.923,0.847,-62.94,0.9231856,0.8469846,-62.94,22.7019,0.0,3.85,1.134,0.118,0.29,9.0
348,348,9_35,9_2,2530.27,58.04714,17.6154,0.0249,604.8271,25.0,30.0,1343.0,547.0,1343.2225,546.8422,1343.2225,546.8422,43.03682390913864,-21.533837194567244,1.283,1.262,-35.22,0.0378,0.03621,-10.8,1343.2225,546.8422,43.03682390913864,-21.533837194567244,0.83595060825,0.88072797526,0.83595060825,0.88072797526,0.941,0.912,-74.35,0.9405015,0.9122147,-74.35,22.6703,0.0,3.21,1.017,0.016,0.651,9.0
349,349,10_1,10_1,433.3666,33.11169,19.5312,0.083,606.4242,9.0,10.0,1648.0,524.0,1648.1939,523.8547,1648.1939,523.8547,42.94472921050711,-21.526104433124,0.936,0.746,-25.99,0.09197,0.06979,-26.62,1648.1939,523.8547,42.94472921050711,-21.526104433124,0.76815557712,0.68695501968,0.76815557712,0.68695501968,0.889,0.815,-24.86,0.8890109,0.8153344,-24.86,22.6557,0.0,3.23,1.255,0.203,0.547,10.0
350,350,10_2,10_31,5045.467,68.37828,16.866,0.0147,607.8715,35.0,39.0,1892.0,997.0,1892.5206,996.7209,1892.5206,996.7209,42.86864870311786,-21.65812814909101,1.396,1.32,-83.99,0.02516,0.02339,-87.46,1892.5206,996.7209,42.86864870311786,-21.65812814909101,0.79824039429,0.8487815186,0.79824039429,0.8487815186,0.922,0.893,-79.92,0.9221871,0.8925204,-79.92,22.6599,0.0,2.89,1.058,0.055,0.972,10.0
351,351,10_3,10_30,1974035.0,672.4296,10.3849,0.0004,611.4476,832.0,898.0,1995.0,951.0,1992.1496,950.4042,1992.1496,950.4042,42.83872053315353,-21.644657016036287,6.13,3.189,-89.55,0.00218,0.00167,86.84,1992.1496,950.4042,42.83872053315353,-21.644657016036287,5.8153540532,7.5011666445,5.8153540532,7.5011666445,2.743,2.406,-83.22,2.743239,2.406482,-83.22,22.5119,16.0,26.53,1.922,0.48,0.026,10.0
352,352,10_4,10_29,462.9289,34.74884,19.4595,0.0815,608.2032,10.0,11.0,1922.0,924.0,1922.3577,923.4626,1922.3577,923.4626,42.85996509618087,-21.637381941688385,0.957,0.812,-73.47,0.08766,0.07593,-71.66,1922.3577,923.4626,42.85996509618087,-21.637381941688385,0.826186658,1.0332404955,0.826186658,1.0332404955,1.023,0.901,-75.92,1.023301,0.9012671,-75.92,22.6691,0.0,4.21,1.179,0.152,0.106,10.0
353,353,10_5,10_28,2958.246,61.08366,17.4457,0.0224,606.6582,29.0,32.0,1585.0,889.0,1584.5273,889.4005,1584.5273,889.4005,42.962330613334245,-21.62924230370177,1.312,1.279,73.39,0.03329,0.03318,88.37,1584.5273,889.4005,42.962330613334245,-21.62924230370177,0.82345415077,0.87350087003,0.82345415077,0.87350087003,0.936,0.906,77.42,0.9360158,0.9059964,77.42,22.6878,0.0,2.95,1.026,0.025,0.862,10.0
354,354,10_6,10_27,1271.535,48.42632,18.3625,0.0414,605.9882,19.0,21.0,1597.0,879.0,1596.8628,879.0517,1596.8628,879.0517,42.95864550397209,-21.62627829157656,1.122,1.109,79.43,0.05286,0.05257,-22.0,1596.8628,879.0517,42.95864550397209,-21.62627829157656,0.70748615769,0.72815143773,0.70748615769,0.72815143773,0.854,0.84,75.42,0.8541958,0.8402305,75.42,22.6526,0.0,2.93,1.012,0.012,0.897,10.0
355,355,10_7,10_26,184.3965,23.20731,20.4589,0.1367,605.9587,5.0,5.0,1645.0,835.0,1644.7965,834.6155,1644.7965,834.6155,42.94434631257725,-21.613571547538523,0.742,0.455,17.18,0.12052,0.06981,18.39,1644.7965,834.6155,42.94434631257725,-21.613571547538523,0.99075292794,1.0216315244,0.99075292794,1.0216315244,1.049,0.954,-49.67,1.049457,0.9544759,-49.67,22.6394,0.0,2.47,1.633,0.388,0.472,10.0
357,357,10_9,10_24,2102.279,63.22695,17.8166,0.0327,606.6079,30.0,36.0,1530.0,814.0,1529.7194,814.2893,1529.7194,814.2893,42.97924729162569,-21.60833350398649,1.757,1.215,-83.21,0.06567,0.04309,-82.81,1529.7194,814.2893,42.97924729162569,-21.60833350398649,1.1433186116,1.4465045924,1.1433186116,1.4465045924,1.204,1.068,-84.04,1.204096,1.067696,-84.04,22.6774,0.0,4.61,1.446,0.308,0.039,10.0
358,358,10_10,10_23,541.0904,34.70034,19.2901,0.0696,606.6873,11.0,11.0,1683.0,811.0,1682.8291,810.7797,1682.8291,810.7797,42.93295033024922,-21.60670283743998,0.896,0.853,-60.08,0.07301,0.07026,-46.52,1682.8291,810.7797,42.93295033024922,-21.60670283743998,0.65682792552,0.68850582276,0.65682792552,0.68850582276,0.836,0.804,-63.34,0.8361737,0.8038329,-63.34,22.6696,0.0,3.32,1.05,0.048,0.537,10.0
360,360,10_12,10_21,2853.629,59.96173,17.4848,0.0228,605.1024,25.0,31.0,1583.0,792.0,1583.0557,791.9096,1583.0557,791.9096,42.96321487505509,-21.601812944388897,1.333,1.193,-82.71,0.03804,0.03091,-85.04,1583.0557,791.9096,42.96321487505509,-21.601812944388897,0.76495376646,0.77515081592,0.76495376646,0.77515081592,0.882,0.873,-63.75,0.8822855,0.872741,-63.75,22.6064,0.0,2.89,1.117,0.105,0.97,10.0
361,361,10_13,10_20,2078.566,53.92004,17.8289,0.0282,606.6471,22.0,25.0,1833.0,791.0,1832.6341,790.9645,1832.6341,790.9645,42.88772850677847,-21.600484906136828,1.232,1.132,-20.05,0.04055,0.03536,-11.63,1832.6341,790.9645,42.88772850677847,-21.600484906136828,0.74529581207,0.72473262039,0.74529581207,0.72473262039,0.875,0.839,-35.21,0.8750427,0.8392429,-35.21,22.6363,0.0,2.85,1.088,0.081,0.951,10.0
362,362,10_14,10_19,72839.78,154.5958,13.9674,0.0023,607.6762,106.0,117.0,1857.0,772.0,1857.1789,772.1421,1857.1789,772.1421,42.88039205210334,-21.595081618892017,1.656,1.623,-78.44,0.00527,0.00517,54.51,1857.1789,772.1421,42.88039205210334,-21.595081618892017,0.83570121798,0.85658715662,0.83570121798,0.85658715662,0.926,0.914,-80.9,0.9258168,0.9138662,-80.9,22.6694,0.0,2.86,1.021,0.02,0.998,10.0
363,363,10_15,10_18,245.1767,29.48734,20.1496,0.1306,607.8788,6.0,8.0,1832.0,759.0,1832.1175,759.1491,1832.1175,759.1491,42.888032729464726,-21.591533694311927,0.847,0.676,-45.59,0.11124,0.08796,-45.07,1832.1175,759.1491,42.888032729464726,-21.591533694311927,1.3084069659,1.2489381774,1.3084069659,1.2489381774,1.145,1.116,-13.22,1.145373,1.116004,-13.22,22.6867,0.0,4.49,1.253,0.202,0.199,10.0
365,365,10_17,10_16,1796.725,57.75724,17.9871,0.0349,604.8359,27.0,30.0,1655.0,718.0,1655.2522,718.3604,1655.2522,718.3604,42.9417118749608,-21.580811246548407,1.466,1.234,58.09,0.05711,0.04891,61.23,1655.2522,718.3604,42.9417118749608,-21.580811246548407,1.3127019056,1.3991952689,1.3127019056,1.3991952689,1.224,1.102,53.85,1.223993,1.101698,53.85,22.6001,0.0,4.06,1.188,0.158,0.093,10.0
366,366,10_18,10_15,3402.966,61.8145,17.2937,0.0197,607.0733,30.0,32.0,1749.0,715.0,1748.6943,715.5047999999999,1748.6943,715.5047999999999,42.91346541731408,-21.579610230701416,1.299,1.275,84.38,0.0293,0.02915,3.85,1748.6943,715.5047999999999,42.91346541731408,-21.579610230701416,0.79022104723,0.82014831792,0.79022104723,0.82014831792,0.906,0.889,81.64,0.9059854,0.8885719,81.64,22.6807,0.0,2.8,1.019,0.018,0.964,10.0
367,367,10_19,10_14,424.1656,27.91153,19.5545,0.0715,605.9084,3.0,7.0,1725.0,700.0,1725.0329,699.7280000000001,1725.0329,699.7280000000001,42.9206936370426,-21.57527144903351,0.685,0.633,-16.49,0.06068,0.05618,-0.66,1725.0329,699.7280000000001,42.9206936370426,-21.57527144903351,0.46391724687,0.40609285123,0.46391724687,0.40609285123,0.685,0.633,-16.49,0.6851823,0.6328786,-16.49,22.6365,0.0,0.68,1.083,0.076,0.797,10.0
368,368,10_20,10_13,18366.67,99.44668,15.4632,0.0059,606.7422,59.0,67.0,1787.0,695.0,1787.5213,695.126,1787.5213,695.126,42.901817159325496,-21.5737087223476,1.54,1.49,-54.12,0.01185,0.0111,-43.39,1787.5213,695.126,42.901817159325496,-21.5737087223476,0.82818459137,0.84222305813,0.82818459137,0.84222305813,0.92,0.908,-66.14,0.9195847,0.9081694,-66.14,22.6557,0.0,2.81,1.033,0.032,0.983,10.0
369,369,10_21,10_12,581.7355,36.51522,19.2115,0.0682,606.2856,11.0,12.0,1885.0,686.0,1885.1815,685.9213,1885.1815,685.9213,42.87232574524005,-21.5706957052819,1.098,0.73,-9.54,0.09138,0.0557,-9.42,1885.1815,685.9213,42.87232574524005,-21.5706957052819,0.91301032983,0.752225394,0.91301032983,0.752225394,0.957,0.866,-7.29,0.9569128,0.8657676,-7.29,22.6154,0.0,3.74,1.504,0.335,0.457,10.0
370,370,10_22,10_11,4092.725,65.51526,17.0933,0.0174,607.0704,30.0,36.0,1631.0,673.0,1630.6796,673.3849,1630.6796,673.3849,42.9493469509186,-21.56825813967376,1.361,1.31,0.85,0.02844,0.02592,1.75,1630.6796,673.3849,42.9493469509186,-21.56825813967376,0.84555968954,0.84964076023,0.84555968954,0.84964076023,0.925,0.916,-51.6,0.9254892,0.9157894,-51.6,22.6952,0.0,2.97,1.039,0.037,0.915,10.0
371,371,10_23,10_10,1990.791,52.87873,17.8757,0.0288,605.9852,21.0,24.0,1852.0,664.0,1851.9391,663.673,1851.9391,663.673,42.88248248418261,-21.56457907402193,1.194,1.144,-76.54,0.03981,0.03701,-89.79,1851.9391,663.673,42.88248248418261,-21.56457907402193,0.74895381551,0.7532446112,0.74895381551,0.7532446112,0.879,0.854,-47.88,0.8789179,0.8542258,-47.88,22.606,0.0,2.87,1.044,0.042,0.941,10.0
372,372,10_24,10_9,8131.73,81.51992,16.3478,0.0109,606.3498,43.0,52.0,1792.0,660.0,1792.5117,660.5504,1792.5117,660.5504,42.90046786204162,-21.563957056080813,1.47,1.439,-88.18,0.01983,0.0195,64.47,1792.5117,660.5504,42.90046786204162,-21.563957056080813,0.83385869633,0.8644684946,0.83385869633,0.8644684946,0.93,0.913,-80.36,0.9302571,0.9126604,-80.36,22.642,0.0,2.79,1.021,0.021,0.97,10.0
373,373,10_25,10_8,582.9078,36.34579,19.2093,0.0677,607.7952,10.0,12.0,1909.0,647.0,1909.0188,646.6082,1909.0188,646.6082,42.86530142861884,-21.559528244667444,1.014,0.78,-88.64,0.07705,0.0562,89.88,1909.0188,646.6082,42.86530142861884,-21.559528244667444,0.72886380495,0.84486851086,0.72886380495,0.84486851086,0.92,0.853,-85.32,0.9195931,0.8532766,-85.32,22.6905,0.0,2.66,1.3,0.231,0.647,10.0
374,374,10_26,10_7,17814.04,142.4344,15.4964,0.0087,606.1169,155.0,165.0,1546.0,632.0,1546.3821,631.9814,1546.3821,631.9814,42.97502372667711,-21.55695998540389,3.718,2.12,79.53,0.03811,0.02085,81.06,1546.3821,631.9814,42.97502372667711,-21.55695998540389,3.2830033666,5.0124532868,3.2830033666,5.0124532868,2.265,1.779,75.84,2.264956,1.779166,75.84,22.6244,0.0,8.31,1.754,0.43,0.02,10.0
376,376,10_28,10_5,900.7117,45.06553,18.7368,0.0543,606.0187,18.0,18.0,1570.0,625.0,1569.6229,624.4245,1569.6229,624.4245,42.96803030005057,-21.55473632572612,1.282,0.934,-86.52,0.07894,0.0559,-87.16,1569.6229,624.4245,42.96803030005057,-21.55473632572612,0.83645482845,1.1993770621,0.83645482845,1.1993770621,1.097,0.913,-84.88,1.096502,0.9129704,-84.88,22.6271,0.0,3.84,1.372,0.271,0.267,10.0
377,377,10_29,10_4,2105.053,54.94719,17.8151,0.0283,606.6498,24.0,26.0,1841.0,589.0,1840.9231,588.585,1840.9231,588.585,42.88616309287721,-21.54349568217301,1.272,1.14,81.64,0.0421,0.03553,-89.92,1840.9231,588.585,42.88616309287721,-21.54349568217301,0.75802164426,0.80727839995,0.75802164426,0.80727839995,0.905,0.864,66.68,0.9047244,0.8641608,66.68,22.6511,0.0,3.06,1.115,0.103,0.796,10.0
378,378,10_30,10_3,1016.054,43.73909,18.606,0.0468,606.6756,14.0,17.0,1772.0,565.0,1771.6906,564.751,1771.6906,564.751,42.907205866957135,-21.5370870070707,1.087,0.979,-42.19,0.05823,0.05086,-42.84,1771.6906,564.751,42.907205866957135,-21.5370870070707,0.64840535806,0.65909116411,0.64840535806,0.65909116411,0.82,0.797,-53.31,0.8200202,0.7969087,-53.31,22.654,0.0,2.61,1.111,0.1,0.85,10.0
379,379,10_31,10_2,697.0181,42.14046,19.0152,0.0657,605.0838,12.0,16.0,1577.0,526.0,1577.2541,525.9024,1577.2541,525.9024,42.96616584060818,-21.52697918760781,1.073,1.009,-30.91,0.07822,0.07227,-29.22,1577.2541,525.9024,42.96616584060818,-21.52697918760781,1.2335719778,1.3615798793,1.2335719778,1.3615798793,1.167,1.11,-85.54,1.167203,1.11031,-85.54,22.6137,0.0,3.44,1.064,0.06,0.46,10.0
383,383,11_4,11_34,997.3589,42.51311,18.6262,0.0463,608.8403,15.0,16.0,2487.0,1011.0,2486.5357,1010.9793,2486.5357,1010.9793,42.68881573991292,-21.65944776993341,1.058,0.951,-85.26,0.06027,0.04953,-89.76,2486.5357,1010.9793,42.68881573991292,-21.65944776993341,0.7420539318,0.70763396238,0.7420539318,0.70763396238,0.869,0.833,-27.99,0.8692533,0.8331187,-27.99,22.6391,24.0,3.09,1.113,0.101,0.464,11.0
384,384,11_5,11_31,3110.924,61.23353,17.3911,0.0214,608.1249,28.0,31.0,2287.0,977.0,2287.1376,976.6246,2287.1376,976.6246,42.749330982817774,-21.65070791113219,1.273,1.255,69.05,0.03235,0.03119,43.4,2287.1376,976.6246,42.749330982817774,-21.65070791113219,0.74385281944,0.75044199458,0.74385281944,0.75044199458,0.87,0.859,-54.58,0.8701615,0.8585533,-54.58,22.6431,0.0,2.73,1.014,0.014,0.969,11.0
385,385,11_6,11_30,2584.194,71.7131,17.5925,0.0301,609.8954,38.0,45.0,2009.0,950.0,2010.338,950.5336,2010.338,950.5336,42.83321643340459,-21.644613042568757,2.039,1.549,-14.81,0.0714,0.05413,-18.22,2010.338,950.5336,42.83321643340459,-21.644613042568757,2.6657662023,2.4909198886,2.6657662023,2.4909198886,1.645,1.566,-23.32,1.644887,1.565578,-23.32,22.6279,24.0,8.57,1.316,0.24,0.016,11.0
386,386,11_7,11_29,1285.646,47.62841,18.3505,0.0402,607.8666,19.0,20.0,2185.0,952.0,2184.7987,952.2957,2184.7987,952.2957,42.78041828711725,-21.64432801914208,1.121,1.092,29.26,0.05239,0.05035,44.3,2184.7987,952.2957,42.78041828711725,-21.64432801914208,0.77546173559,0.74910016788,0.77546173559,0.74910016788,0.881,0.865,4.97,0.8807171,0.8653897,4.97,22.6418,0.0,3.02,1.027,0.026,0.882,11.0
387,387,11_8,11_28,1017.063,45.01964,18.6049,0.0481,607.798,18.0,18.0,2194.0,937.0,2193.9344,937.3389,2193.9344,937.3389,42.77772679977883,-21.64007758072243,1.129,1.011,31.33,0.06239,0.05486,26.06,2193.9344,937.3389,42.77772679977883,-21.64007758072243,0.82362244176,0.85663223377,0.82362244176,0.85663223377,0.946,0.886,53.75,0.9460558,0.8861338,53.75,22.6386,0.0,3.07,1.116,0.104,0.666,11.0
388,388,11_9,11_27,1812.02,53.0246,17.9779,0.0318,607.8037,22.0,24.0,2420.0,926.0,2419.8443,926.0006,2419.8443,926.0006,42.7094252174915,-21.635847075444403,1.21,1.137,49.97,0.04437,0.04048,45.37,2419.8443,926.0006,42.7094252174915,-21.635847075444403,0.71133223586,0.73565559397,0.71133223586,0.73565559397,0.858,0.843,-79.62,0.8581961,0.842904,-79.62,22.612,0.0,3.12,1.064,0.06,0.933,11.0
389,389,11_10,11_26,44997.19,129.5314,14.4903,0.0031,608.8405,83.0,90.0,2341.0,913.0,2341.4229,913.4799,2341.4229,913.4799,42.73321679738544,-21.63268809959424,1.603,1.547,-74.86,0.00655,0.0065,73.38,2341.4229,913.4799,42.73321679738544,-21.63268809959424,0.8194145128,0.85820673528,0.8194145128,0.85820673528,0.928,0.904,-75.83,0.9278185,0.9037555,-75.83,22.6565,0.0,2.79,1.037,0.036,0.983,11.0
390,390,11_11,11_25,188.1805,25.86859,20.4369,0.1493,608.642,4.0,6.0,2382.0,894.0,2382.0329,894.499,2382.0329,894.499,42.72102360617792,-21.627158313951963,0.808,0.5,-0.16,0.12361,0.07567,-0.01,2382.0329,894.499,42.72102360617792,-21.627158313951963,1.3668110579,1.6292619495,1.3668110579,1.6292619495,1.281,1.164,-78.6,1.280773,1.164343,-78.6,22.6417,0.0,2.95,1.616,0.381,0.381,11.0
391,391,11_12,11_24,3503.912,63.35623,17.2619,0.0196,609.0661,26.0,33.0,2072.0,886.0,2071.5354,886.2212,2071.5354,886.2212,42.81500779257231,-21.62624264604119,1.323,1.25,88.54,0.0304,0.02823,-82.63,2071.5354,886.2212,42.81500779257231,-21.62624264604119,0.75077131005,0.81909272465,0.75077131005,0.81909272465,0.905,0.866,84.54,0.905386,0.8661064,84.54,22.6706,0.0,2.96,1.058,0.055,0.964,11.0
392,392,11_13,11_23,322.3509,28.24441,19.8525,0.0952,608.4748,6.0,7.0,2359.0,878.0,2359.3281,878.2052,2359.3281,878.2052,42.72797437367338,-21.622678366472755,0.825,0.605,-62.99,0.09537,0.06634,-59.96,2359.3281,878.2052,42.72797437367338,-21.622678366472755,0.51646517542,0.64671509648,0.51646517542,0.64671509648,0.809,0.714,-77.1,0.8086551,0.7136226,-77.1,22.6338,0.0,2.49,1.363,0.266,0.497,11.0
393,393,11_14,11_22,705.2419,39.61928,19.0025,0.061,608.5364,14.0,14.0,2058.0,877.0,2058.2758,877.4515,2058.2758,877.4515,42.81906145441037,-21.623833795036138,0.97,0.951,58.68,0.06689,0.06546,88.13,2058.2758,877.4515,42.81906145441037,-21.623833795036138,0.83547392484,0.81351057622,0.83547392484,0.81351057622,0.917,0.899,24.91,0.9173401,0.8985943,24.91,22.6466,0.0,2.99,1.02,0.02,0.671,11.0
394,394,11_15,11_21,5469.947,78.23763,16.7783,0.0155,608.5614,45.0,49.0,2377.0,837.0,2377.6838,836.9865,2377.6838,836.9865,42.72262590658296,-21.61099351760414,1.819,1.328,45.02,0.03512,0.0234,42.01,2377.6838,836.9865,42.72262590658296,-21.61099351760414,0.91566386615,0.94423306869,0.91566386615,0.94423306869,0.978,0.95,61.06,0.9781701,0.9503053,61.06,22.6361,0.0,3.49,1.369,0.27,0.815,11.0
395,395,11_16,11_20,27150.96,111.8141,15.0388,0.0045,608.6521,71.0,76.0,2427.0,795.0,2427.1446,794.9060999999999,2427.1446,794.9060999999999,42.7078727891332,-21.598920682581948,1.584,1.509,-74.26,0.00934,0.00866,-79.79,2427.1446,794.9060999999999,42.7078727891332,-21.598920682581948,0.80199524188,0.82882105174,0.80199524188,0.82882105174,0.912,0.894,-74.3,0.911659,0.8942562,-74.3,22.6416,0.0,2.8,1.05,0.048,0.992,11.0
396,396,11_17,11_19,433.9894,34.57648,19.5296,0.0865,607.248,10.0,11.0,2028.0,784.0,2028.1618,784.4404999999999,2028.1618,784.4404999999999,42.82861584078984,-21.597792581492712,1.059,0.734,-49.14,0.1054,0.07018,-48.97,2028.1618,784.4404999999999,42.82861584078984,-21.597792581492712,1.1995277046,1.320491838,1.1995277046,1.320491838,1.161,1.083,-66.69,1.161067,1.082564,-66.69,22.6432,0.0,4.76,1.444,0.308,0.017,11.0
397,397,11_18,11_18,54167.5,140.2422,14.289,0.0028,607.8011,99.0,105.0,2191.0,748.0,2190.834,748.1507,2190.834,748.1507,42.77958589584446,-21.58685056647398,1.653,1.597,-57.81,0.00646,0.00615,-32.48,2190.834,748.1507,42.77958589584446,-21.58685056647398,0.82806945414,0.85983536017,0.82806945414,0.85983536017,0.929,0.909,-74.67,0.928663,0.9085648,-74.67,22.6502,2.0,2.84,1.035,0.034,0.987,11.0
398,398,11_19,11_18,8813.269,85.11411,16.2605,0.0105,608.0165,47.0,56.0,2201.0,749.0,2201.5503,748.5755,2201.5503,748.5755,42.77634244520725,-21.58692151908299,1.512,1.452,-34.29,0.02055,0.01886,-16.21,2201.5503,748.5755,42.77634244520725,-21.58692151908299,0.82234386668,0.86111962558,0.82234386668,0.86111962558,0.931,0.904,-71.24,0.9306853,0.90404,-71.24,22.6598,3.0,2.82,1.041,0.039,0.969,11.0
399,399,11_20,11_17,37040.36,124.2487,14.7016,0.0036,606.397,86.0,90.0,2127.0,689.0,2126.6834,689.3747,2126.6834,689.3747,42.79927309086896,-21.570599159361343,1.631,1.561,-76.79,0.00816,0.00754,-73.19,2126.6834,689.3747,42.79927309086896,-21.570599159361343,0.83344197738,0.86543255109,0.83344197738,0.86543255109,0.931,0.913,-81.55,0.9306745,0.9125347,-81.55,22.5944,0.0,2.83,1.045,0.043,0.982,11.0
401,401,11_22,11_15,463.1984,35.41695,19.4589,0.083,609.5064,9.0,11.0,2384.0,685.0,2384.1893,685.1179999999999,2384.1893,685.1179999999999,42.72141385971707,-21.56822402082605,0.9,0.873,-55.37,0.07978,0.07682,-47.05,2384.1893,685.1179999999999,42.72141385971707,-21.56822402082605,1.0015863659,1.1304977662,1.0015863659,1.1304977662,1.063,1.001,86.34,1.063498,1.000528,86.34,22.6828,0.0,4.83,1.031,0.03,0.415,11.0
402,402,11_23,11_14,12758.6,89.50249,15.8588,0.0076,607.7252,54.0,57.0,2080.0,677.0,2080.5147,676.5516,2080.5147,676.5516,42.81329746431406,-21.567197308219704,1.469,1.466,-9.23,0.01433,0.0139,37.1,2080.5147,676.5516,42.81329746431406,-21.567197308219704,0.83590937636,0.84140538192,0.83590937636,0.84140538192,0.918,0.913,-61.88,0.9184785,0.9130782,-61.88,22.6605,0.0,2.83,1.002,0.002,0.972,11.0
404,404,11_25,11_12,3919.688,65.834,17.1402,0.0182,607.5647,31.0,35.0,2324.0,626.0,2323.7847,625.9136,2323.7847,625.9136,42.73997538657016,-21.55184212395485,1.34,1.277,89.56,0.02955,0.02715,89.56,2323.7847,625.9136,42.73997538657016,-21.55184212395485,0.77305309256,0.78526267633,0.77305309256,0.78526267633,0.886,0.879,87.41,0.8861646,0.8792201,87.41,22.6143,0.0,2.88,1.049,0.047,0.976,11.0
406,406,11_27,11_10,41441.1,129.0663,14.5797,0.0034,607.0167,88.0,96.0,2025.0,620.0,2025.2322,620.1292,2025.2322,620.1292,42.83028475897554,-21.55156488018257,1.637,1.61,46.91,0.00767,0.00726,57.74,2025.2322,620.1292,42.83028475897554,-21.55156488018257,0.86918896762,0.86240452638,0.86918896762,0.86240452638,0.932,0.929,5.34,0.9323351,0.9286252,5.34,22.6354,0.0,2.87,1.017,0.017,0.994,11.0
407,407,11_28,11_9,22926.47,108.8356,15.2225,0.0052,608.1179,73.0,77.0,2332.0,607.0,2331.8676,607.1899,2331.8676,607.1899,42.73762359674111,-21.546535444390027,1.611,1.545,-38.98,0.0111,0.01031,-29.97,2331.8676,607.1899,42.73762359674111,-21.546535444390027,0.83602125861,0.85069423608,0.83602125861,0.85069423608,0.922,0.914,-88.43,0.9223369,0.914336,-88.43,22.6343,0.0,2.85,1.043,0.041,0.99,11.0
408,408,11_29,11_8,2423.501,57.89766,17.6622,0.0259,607.4996,26.0,28.0,2113.0,604.0,2113.4459,603.8393,2113.4459,603.8393,42.803688371988365,-21.54658694620317,1.259,1.226,-16.99,0.03699,0.0363,-3.64,2113.4459,603.8393,42.803688371988365,-21.54658694620317,0.80002794004,0.79932710068,0.80002794004,0.79932710068,0.902,0.887,-44.24,0.9015926,0.8868404,-44.24,22.6374,0.0,2.8,1.027,0.026,0.958,11.0
409,409,11_30,11_7,24475.02,98.96002,15.1515,0.0044,608.3184,45.0,52.0,2518.0,586.0,2517.7515,586.4585,2517.7515,586.4585,42.68151603064004,-21.53983144864464,1.548,1.109,-87.49,0.00974,0.00684,-84.66,2517.7515,586.4585,42.68151603064004,-21.53983144864464,0.54826948912,0.75026305241,0.54826948912,0.75026305241,0.866,0.74,89.68,0.8661808,0.740448,89.68,22.5921,24.0,3.68,1.396,0.284,0.983,11.0
410,410,11_31,11_6,1842.295,55.14581,17.9599,0.0325,608.4335,23.0,26.0,2321.0,556.0,2320.8096,555.6283,2320.8096,555.6283,42.74122199919114,-21.532075605048597,1.278,1.162,77.86,0.0476,0.0423,81.32,2320.8096,555.6283,42.74122199919114,-21.532075605048597,0.80655246778,0.83104239606,0.80655246778,0.83104239606,0.917,0.892,61.11,0.9174768,0.8920937,61.11,22.65,0.0,3.04,1.1,0.091,0.805,11.0
411,411,11_32,11_5,7621.784,80.03294,16.4182,0.0114,608.0412,41.0,49.0,2123.0,530.0,2122.734,530.0558,2122.734,530.0558,42.801235357508645,-21.525780813338216,1.469,1.389,-44.3,0.02081,0.01917,-33.43,2122.734,530.0558,42.801235357508645,-21.525780813338216,0.80122616907,0.81164393559,0.80122616907,0.81164393559,0.906,0.89,-55.4,0.9061493,0.889811,-55.4,22.6459,0.0,2.76,1.057,0.054,0.981,11.0
412,412,11_33,11_4,434.6788,35.53544,19.5279,0.0888,608.491,10.0,11.0,2448.0,529.0,2448.5751,528.8587,2448.5751,528.8587,42.70272340080999,-21.52394724846232,1.061,0.739,12.58,0.09866,0.0695,15.16,2448.5751,528.8587,42.70272340080999,-21.52394724846232,1.5720491024,1.1424155774,1.5720491024,1.1424155774,1.254,1.069,-0.03,1.253814,1.068838,-0.03,22.6496,0.0,5.27,1.437,0.304,0.098,11.0
413,413,11_34,11_3,464.9788,33.16512,19.4547,0.0775,607.2496,8.0,9.0,2503.0,520.0,2503.0265,519.9536,2503.0265,519.9536,42.68630415618858,-21.52118448799977,0.8,0.755,-43.93,0.06841,0.06807,-50.22,2503.0265,519.9536,42.68630415618858,-21.52118448799977,0.65475323645,0.591512616,0.65475323645,0.591512616,0.84,0.735,-33.76,0.8401563,0.7351213,-33.76,22.5844,0.0,3.09,1.059,0.056,0.45,11.0
414,414,11_35,11_33,6263.958,71.69662,16.6312,0.0124,608.7244,35.0,40.0,2421.0,1001.0,2420.7967,1001.5169,2420.7967,1001.5169,42.70875866886359,-21.657093694895497,1.359,1.335,-27.01,0.02085,0.02,-1.78,2420.7967,1001.5169,42.70875866886359,-21.657093694895497,0.77993108097,0.80663019563,0.77993108097,0.80663019563,0.899,0.882,-74.13,0.8994328,0.881806,-74.13,22.6374,0.0,2.78,1.018,0.017,0.976,11.0
415,415,12_1,12_3,14680.87,96.48917,15.7064,0.0071,608.8342,54.0,61.0,2850.0,512.0,2850.2545,511.8954,2850.2545,511.8954,42.581352244817495,-21.517233763256627,1.507,1.453,-82.4,0.0136,0.0129,-84.54,2850.2545,511.8954,42.581352244817495,-21.517233763256627,0.78025705087,0.80722964793,0.78025705087,0.80722964793,0.899,0.883,-81.81,0.8987774,0.8829983,-81.81,22.5866,0.0,2.79,1.037,0.036,0.988,12.0
416,416,12_2,12_2,4849.498,70.2203,16.9091,0.0157,608.3698,34.0,37.0,2632.0,513.0,2632.1623,513.3789,2632.1623,513.3789,42.647291383130494,-21.518717876595836,1.356,1.304,48.15,0.02522,0.02361,33.17,2632.1623,513.3789,42.647291383130494,-21.518717876595836,0.75264033959,0.79053048266,0.75264033959,0.79053048266,0.891,0.866,75.34,0.8906827,0.8659418,75.34,22.5932,0.0,2.74,1.04,0.038,0.981,12.0
418,418,12_4,12_33,1596.529,50.78431,18.1154,0.0345,609.0345,20.0,21.0,2983.0,1004.0,2982.998,1004.051,2982.998,1004.051,42.53859156691056,-21.65507130635084,1.114,1.1,-40.18,0.04337,0.04332,-60.92,2982.998,1004.051,42.53859156691056,-21.65507130635084,0.71667560962,0.7079184018,0.71667560962,0.7079184018,0.852,0.836,-35.96,0.8522936,0.8355774,-35.96,22.6001,0.0,2.94,1.013,0.012,0.939,12.0
419,419,12_5,12_32,218.5067,23.82131,20.2746,0.1184,608.7557,5.0,5.0,2609.0,997.0,2608.4265,996.7362,2608.4265,996.7362,42.65199845590882,-21.654859784622644,0.731,0.459,-71.16,0.10714,0.06188,-71.5,2608.4265,996.7362,42.65199845590882,-21.654859784622644,0.69048698282,0.72009396735,0.69048698282,0.72009396735,0.853,0.826,-65.72,0.8530312,0.826389,-65.72,22.6207,0.0,3.41,1.591,0.371,0.506,12.0
420,420,12_6,12_31,387.5239,31.88277,19.6526,0.0893,609.2376,8.0,9.0,2616.0,984.0,2615.3383,984.1541,2615.3383,984.1541,42.6499711108831,-21.6512859350093,0.905,0.682,-21.38,0.09534,0.06886,-20.4,2615.3383,984.1541,42.6499711108831,-21.6512859350093,0.74139482972,0.66128357507,0.74139482972,0.66128357507,0.868,0.805,-20.41,0.8684826,0.805243,-20.41,22.6448,0.0,3.6,1.326,0.246,0.466,12.0
421,421,12_7,12_30,261.9888,26.34073,20.0776,0.1092,608.6914,6.0,6.0,2824.0,978.0,2823.2383,978.2155,2823.2383,978.2155,42.58708196078624,-21.64860131906073,0.754,0.559,42.14,0.10017,0.0736,44.61,2823.2383,978.2155,42.58708196078624,-21.64860131906073,0.68447780212,0.57102487164,0.68447780212,0.57102487164,0.832,0.751,13.87,0.8317705,0.7507733,13.87,22.6073,0.0,3.38,1.35,0.259,0.484,12.0
422,422,12_8,12_29,1605.626,52.89834,18.1092,0.0358,609.2537,19.0,23.0,2966.0,966.0,2966.0131,965.5633,2966.0131,965.5633,42.54393738542928,-21.6443269334003,1.178,1.13,-37.45,0.04796,0.04504,-57.65,2966.0131,965.5633,42.54393738542928,-21.6443269334003,0.73588830764,0.72573221914,0.73588830764,0.72573221914,0.858,0.852,-9.09,0.8579947,0.8517427,-9.09,22.6111,0.0,3.12,1.043,0.041,0.937,12.0
423,423,12_9,12_28,578.0577,38.48132,19.2184,0.0723,608.8132,12.0,13.0,2744.0,965.0,2744.3911,965.1801,2744.3911,965.1801,42.61101270367616,-21.645321040357157,1.012,0.91,-72.78,0.08331,0.07565,-59.99,2744.3911,965.1801,42.61101270367616,-21.645321040357157,0.94360395246,1.1881923909,0.94360395246,1.1881923909,1.096,0.965,-77.57,1.095759,0.9649401,-77.57,22.6327,0.0,4.08,1.112,0.101,0.545,12.0
426,426,12_12,12_25,5009.86,71.95256,16.8737,0.0156,610.6558,36.0,41.0,2841.0,923.0,2841.4109,922.5739,2841.4109,922.5739,42.58187417164682,-21.632853463731617,1.428,1.315,-59.77,0.02786,0.02383,-58.55,2841.4109,922.5739,42.58187417164682,-21.632853463731617,0.74804961252,0.78191892698,0.74804961252,0.78191892698,0.888,0.861,-67.91,0.8880299,0.8610293,-67.91,22.704,0.0,2.73,1.085,0.079,0.969,12.0
427,427,12_13,12_24,485.6028,37.32364,19.4076,0.0835,608.2222,11.0,12.0,2990.0,921.0,2989.5082,921.5081,2989.5082,921.5081,42.537061351304985,-21.631810737118236,0.924,0.91,-21.66,0.08399,0.08394,-19.54,2989.5082,921.5081,42.537061351304985,-21.631810737118236,1.165963452,1.008878793,1.165963452,1.008878793,1.084,0.999,-13.84,1.084491,0.9993607,-13.84,22.572,0.0,3.94,1.016,0.016,0.058,12.0
428,428,12_14,12_23,8924.36,82.23935,16.2469,0.01,609.6649,45.0,50.0,2844.0,906.0,2844.4551,905.6869,2844.4551,905.6869,42.58104160468277,-21.62808621513407,1.443,1.407,84.53,0.01793,0.01759,30.24,2844.4551,905.6869,42.58104160468277,-21.62808621513407,0.78417962944,0.8255179644,0.78417962944,0.8255179644,0.909,0.886,88.39,0.9085982,0.8855207,88.39,22.6599,0.0,2.78,1.025,0.025,0.973,12.0
429,429,12_15,12_22,615.9968,37.0616,19.1494,0.0653,609.04,10.0,12.0,2682.0,895.0,2681.9884,895.1551,2681.9884,895.1551,42.63025930052928,-21.62591922769843,0.961,0.854,-0.43,0.07529,0.06279,0.01,2681.9884,895.1551,42.63025930052928,-21.62591922769843,0.76861821799,0.76979674198,0.76861821799,0.76979674198,0.879,0.875,49.36,0.8792561,0.8748278,49.36,22.6375,0.0,3.82,1.125,0.112,0.254,12.0
430,430,12_16,12_21,1481.682,51.23102,18.1964,0.0375,608.9155,19.0,22.0,2914.0,888.0,2914.3678,887.9857999999999,2914.3678,887.9857999999999,42.55997852743782,-21.62275621923664,1.193,1.068,37.08,0.05281,0.04542,35.73,2914.3678,887.9857999999999,42.55997852743782,-21.62275621923664,0.74137422364,0.69700507396,0.74137422364,0.69700507396,0.866,0.83,21.37,0.8656741,0.8300528,21.37,22.6165,0.0,2.99,1.118,0.105,0.913,12.0
431,431,12_17,12_20,98952.78,170.8065,13.6347,0.0019,609.0622,116.0,124.0,2726.0,811.0,2725.561,810.6722,2725.561,810.6722,42.61751214371416,-21.60193254321948,1.653,1.62,-72.88,0.0043,0.00416,-15.45,2725.561,810.6722,42.61751214371416,-21.60193254321948,0.80994292165,0.83822078457,0.80994292165,0.83822078457,0.916,0.9,-89.97,0.915544,0.8999683,-89.97,22.63,0.0,2.78,1.02,0.02,0.991,12.0
432,432,12_18,12_19,1033.135,44.57536,18.5879,0.0469,609.1519,15.0,17.0,2765.0,812.0,2764.6718,812.4219,2764.6718,812.4219,42.60567006207005,-21.60223368025677,1.088,0.987,-16.72,0.05901,0.05178,-11.77,2764.6718,812.4219,42.60567006207005,-21.60223368025677,0.74299706465,0.71119189316,0.74299706465,0.71119189316,0.866,0.839,-23.53,0.8662795,0.8388973,-23.53,22.6285,0.0,3.1,1.102,0.092,0.492,12.0
433,433,12_19,12_18,6509.335,74.12918,16.5895,0.0124,607.7449,38.0,42.0,2637.0,801.0,2637.0304,801.258,2637.0304,801.258,42.64434487347879,-21.599712202139287,1.385,1.35,84.97,0.02108,0.02018,73.52,2637.0304,801.258,42.64434487347879,-21.599712202139287,0.7903199256,0.82559261379,0.7903199256,0.82559261379,0.909,0.889,-85.09,0.9087654,0.8888521,-85.09,22.5939,0.0,2.84,1.026,0.025,0.981,12.0
434,434,12_20,12_17,468.7219,32.77823,19.446,0.0759,608.8015,9.0,9.0,3021.0,787.0,3020.5599,786.6797,3020.5599,786.6797,42.52838472395175,-21.593710566523846,1.226,0.488,85.37,0.12362,0.04568,85.32,3020.5599,786.6797,42.52838472395175,-21.593710566523846,0.37652047895,1.1561659453,0.37652047895,1.1561659453,1.082,0.602,82.43,1.081752,0.6020783,82.43,22.5981,24.0,4.59,2.511,0.602,0.561,12.0
435,435,12_21,12_16,665.8362,38.81096,19.0649,0.0633,608.8019,12.0,13.0,2776.0,764.0,2776.4943,764.361,2776.4943,764.361,42.60234335823319,-21.58865029790766,0.975,0.858,-43.34,0.0742,0.06356,-43.7,2776.4943,764.361,42.60234335823319,-21.58865029790766,0.61251567447,0.60525462664,0.61251567447,0.60525462664,0.792,0.768,-39.32,0.7920421,0.7684007,-39.32,22.6167,0.0,2.8,1.136,0.12,0.629,12.0
436,436,12_22,12_15,3744.721,66.0646,17.1898,0.0192,608.4163,31.0,35.0,2869.0,730.0,2868.6608,730.2599,2868.6608,730.2599,42.57463936632399,-21.578597617700066,1.342,1.297,-75.72,0.03144,0.028,-76.41,2868.6608,730.2599,42.57463936632399,-21.578597617700066,0.83205482745,0.80055444898,0.83205482745,0.80055444898,0.912,0.894,7.53,0.9124772,0.8944242,7.53,22.6007,0.0,2.88,1.035,0.034,0.97,12.0
437,437,12_23,12_14,3796.753,67.72622,17.1748,0.0194,610.2156,29.0,35.0,2581.0,672.0,2581.0261,672.2495,2581.0261,672.2495,42.66194499924327,-21.56367460927732,1.354,1.281,-52.63,0.03052,0.02777,-37.15,2581.0261,672.2495,42.66194499924327,-21.56367460927732,0.78411333147,0.82501624899,0.78411333147,0.82501624899,0.909,0.885,-80.32,0.9089782,0.8848097,-80.32,22.6241,0.0,2.94,1.056,0.053,0.968,12.0
438,438,12_24,12_13,20632.28,104.2326,15.3369,0.0055,608.3173,63.0,70.0,2706.0,645.0,2705.5634,644.7886,2705.5634,644.7886,42.62441895184318,-21.555345968727774,1.549,1.501,-58.22,0.01124,0.01065,-30.59,2705.5634,644.7886,42.62441895184318,-21.555345968727774,0.80790709286,0.8307649771,0.80790709286,0.8307649771,0.913,0.897,-71.54,0.9130339,0.8972409,-71.54,22.6078,0.0,2.78,1.032,0.031,0.982,12.0
439,439,12_25,12_12,1677027.0,602.1516,10.562,0.0004,610.3914,662.0,702.0,2557.0,632.0,2554.9177,630.0778,2554.9177,630.0778,42.670055601775005,-21.551930765755703,4.528,2.754,-88.92,0.00183,0.00159,-86.57,2554.9177,630.0778,42.670055601775005,-21.551930765755703,4.5143271723,6.0830514184,4.5143271723,6.0830514184,2.468,2.123,-86.2,2.467796,2.123055,-86.2,22.5582,0.0,21.19,1.644,0.392,0.834,12.0
440,440,12_26,12_11,24712.6,123.5483,15.141,0.0054,612.6245,70.0,78.0,2534.0,639.0,2533.9402,639.2616,2533.9402,639.2616,42.67635331309548,-21.554615101661128,1.595,1.52,-61.06,0.0106,0.00961,-48.87,2533.9402,639.2616,42.67635331309548,-21.554615101661128,0.78927738501,0.81607917297,0.78927738501,0.81607917297,0.904,0.888,-78.25,0.9040416,0.8877304,-78.25,22.5251,0.0,2.78,1.05,0.047,0.986,12.0
441,441,12_27,12_10,15369.15,94.35843,15.6567,0.0067,608.6225,57.0,60.0,2731.0,620.0,2731.2753,620.4078,2731.2753,620.4078,42.61676847383126,-21.54835914337918,1.495,1.457,-72.45,0.01277,0.01229,-32.23,2731.2753,620.4078,42.61676847383126,-21.54835914337918,0.78605301484,0.80995063409,0.78605301484,0.80995063409,0.9,0.886,-79.17,0.9004771,0.8860838,-79.17,22.6278,0.0,2.77,1.026,0.026,0.981,12.0
443,443,12_29,12_8,531.1032,36.22112,19.3104,0.0741,609.7151,11.0,11.0,2600.0,566.0,2599.9106,566.2721,2599.9106,566.2721,42.65677365220778,-21.533758843934216,0.989,0.75,-75.11,0.08527,0.06024,-75.12,2599.9106,566.2721,42.65677365220778,-21.533758843934216,0.74650096185,0.78078449682,0.74650096185,0.78078449682,0.891,0.856,-62.32,0.890954,0.8564383,-62.32,22.6369,0.0,3.23,1.32,0.242,0.616,12.0
444,444,12_30,12_7,94009.88,171.3019,13.6904,0.002,609.8358,110.0,124.0,2580.0,558.0,2579.8052,557.7253,2579.8052,557.7253,42.66289690951128,-21.531449701031377,1.674,1.616,-62.24,0.00454,0.00431,-52.77,2579.8052,557.7253,42.66289690951128,-21.531449701031377,0.83527671946,0.85569887466,0.83527671946,0.85569887466,0.926,0.913,-77.5,0.9256099,0.9133575,-77.5,22.6244,0.0,2.83,1.036,0.035,0.996,12.0
445,445,12_31,12_6,1907.801,57.64691,17.922,0.0328,609.7126,22.0,27.0,2598.0,542.0,2597.6523,542.3459,2597.6523,542.3459,42.65757848688399,-21.527036000463,1.244,1.2,-42.56,0.0459,0.04342,-33.01,2597.6523,542.3459,42.65757848688399,-21.527036000463,0.79641120275,0.80289963063,0.79641120275,0.80289963063,0.9,0.888,-53.98,0.9000983,0.8883321,-53.98,22.6421,0.0,2.91,1.036,0.035,0.958,12.0
446,446,12_32,12_5,484.0675,36.0499,19.411,0.0809,609.0179,9.0,11.0,3016.0,530.0,3016.091,529.5888,3016.091,529.5888,42.531108563337725,-21.521379506562216,1.021,0.741,-73.29,0.09302,0.0657,-74.91,3016.091,529.5888,42.531108563337725,-21.521379506562216,1.4217384696,1.4418570536,1.4217384696,1.4418570536,1.222,1.171,-49.69,1.222094,1.170505,-49.69,22.5976,16.0,4.59,1.378,0.274,0.21,12.0
447,447,12_33,12_4,795.7811,49.08364,18.8713,0.067,609.0012,18.0,20.0,2866.0,522.0,2865.8816,522.0052,2865.8816,522.0052,42.57657366117157,-21.520001372134637,1.227,1.122,68.36,0.08305,0.0763,63.71,2865.8816,522.0052,42.57657366117157,-21.520001372134637,1.5566706027,1.7889810237,1.5566706027,1.7889810237,1.338,1.247,-86.28,1.337897,1.24727,-86.28,22.5915,0.0,4.22,1.094,0.086,0.003,12.0
448,448,12_34,12_35,2780.298,60.523,17.5131,0.0236,609.0842,26.0,29.0,2949.0,1009.0,2948.75,1009.3324,2948.75,1009.3324,42.54892962597959,-21.656730614304312,1.255,1.206,81.21,0.03446,0.03206,62.1,2948.75,1009.3324,42.54892962597959,-21.656730614304312,0.73009369472,0.75145621987,0.73009369472,0.75145621987,0.87,0.852,-66.7,0.869666,0.8516049,-66.7,22.5986,16.0,2.81,1.041,0.039,0.971,12.0
449,449,12_35,12_34,5414.707,95.14552,16.7894,0.0191,608.9746,63.0,70.0,2544.0,1002.0,2544.3817,1002.4833,2544.3817,1002.4833,42.671351981918846,-21.65678297145758,2.089,1.798,-56.34,0.04402,0.03695,-61.22,2544.3817,1002.4833,42.671351981918846,-21.65678297145758,2.2701554208,2.282646094,2.2701554208,2.282646094,1.551,1.465,-46.37,1.551493,1.464811,-46.37,22.5752,16.0,4.75,1.161,0.139,0.014,12.0
454,454,13_5,13_32,28795.34,113.6463,14.975,0.0043,609.3395,68.0,76.0,3053.0,984.0,3053.4894,983.7896,3053.4894,983.7896,42.51736383660533,-21.649010636779856,1.553,1.494,-85.01,0.0087,0.0085,-88.67,3053.4894,983.7896,42.51736383660533,-21.649010636779856,0.79491302155,0.82620479978,0.79491302155,0.82620479978,0.91,0.891,-77.88,0.9097903,0.8907297,-77.88,22.6087,0.0,2.76,1.039,0.038,0.983,13.0
466,466,13_17,13_20,934.8282,42.21846,18.6965,0.049,609.2245,14.0,15.0,3044.0,849.0,3044.2069,848.6012000000001,3044.2069,848.6012000000001,42.52089824187961,-21.61101559580888,1.056,0.917,-86.29,0.05902,0.04936,-84.71,3044.2069,848.6012000000001,42.52089824187961,-21.61101559580888,0.68000825705,0.75598667607,0.68000825705,0.75598667607,0.87,0.824,86.14,0.8696742,0.824416,86.14,22.6292,0.0,2.67,1.151,0.131,0.809,13.0
470,470,13_21,13_16,1136.212,46.34056,18.4847,0.0443,608.7062,15.0,18.0,3064.0,791.0,3063.681,790.4592,3063.681,790.4592,42.51531742704767,-21.594553834246604,1.078,1.037,53.79,0.05412,0.05324,57.96,3063.681,790.4592,42.51531742704767,-21.594553834246604,0.70315395405,0.72637660035,0.70315395405,0.72637660035,0.863,0.827,56.27,0.8631636,0.8273326,56.27,22.607,16.0,3.06,1.04,0.038,0.853,13.0
471,471,13_22,13_15,1374.74,56.29619,18.2777,0.0445,608.4232,25.0,27.0,3022.0,787.0,3021.8973,787.1705,3021.8973,787.1705,42.52797745164414,-21.5938418746804,1.793,1.02,72.09,0.08855,0.04995,70.72,3021.8973,787.1705,42.52797745164414,-21.5938418746804,1.3399358642,2.1719416561,1.3399358642,2.1719416561,1.491,1.136,76.6,1.490637,1.135729,76.6,22.5944,0.0,6.16,1.758,0.431,0.039,13.0
476,476,13_27,13_10,49547.04,191.5004,14.3858,0.0042,609.6193,218.0,233.0,2560.0,630.0,2562.3856,629.9025,2562.3856,629.9025,42.667797976458566,-21.551845854888995,4.131,2.722,-88.57,0.02499,0.01605,-89.02,2562.3856,629.9025,42.667797976458566,-21.551845854888995,1.9768500162,3.7864109568,1.9768500162,3.7864109568,1.946,1.405,-88.31,1.946275,1.405444,-88.31,22.5505,24.0,11.91,1.518,0.341,0.043,13.0
485,485,14_1,14_3,32899.53,116.811,14.8303,0.0039,603.0635,82.0,85.0,209.0,1027.0,208.7371,1026.6267,208.7371,1026.6267,43.37799709950008,-21.67310168071668,1.62,1.547,-75.39,0.00829,0.00768,-61.43,208.7371,1026.6267,43.37799709950008,-21.67310168071668,0.84951914564,0.87966417586,0.84951914564,0.87966417586,0.939,0.921,-75.8,0.9390032,0.9205739,-75.8,22.6828,0.0,2.88,1.047,0.045,0.981,14.0
487,487,14_3,14_30,462.9784,33.54952,19.4594,0.0787,602.4354,8.0,11.0,102.0,1466.0,101.8619,1465.7408,101.8619,1465.7408,43.40872202251513,-21.79703166449712,1.029,0.745,75.92,0.08982,0.06354,75.57,101.8619,1465.7408,43.40872202251513,-21.79703166449712,0.64293388468,0.78734303124,0.64293388468,0.78734303124,0.891,0.798,78.74,0.8906759,0.7981061,78.74,22.6859,0.0,5.21,1.382,0.276,0.388,14.0
488,488,14_4,14_29,326.5977,30.25188,19.8383,0.1006,603.4073,7.0,9.0,265.0,1462.0,264.9648,1461.9923,264.9648,1461.9923,43.35935221834316,-21.79542298000561,0.806,0.772,-35.63,0.08659,0.08641,-22.82,264.9648,1461.9923,43.35935221834316,-21.79542298000561,0.84606249998,0.71059251406,0.84606249998,0.71059251406,0.929,0.833,-18.33,0.9288514,0.8330007,-18.33,22.6995,0.0,4.68,1.044,0.042,0.331,14.0
489,489,14_5,14_28,1374.294,48.30261,18.2781,0.0382,601.8223,16.0,22.0,197.0,1448.0,196.887,1448.3834,196.887,1448.3834,43.380015460301074,-21.791826768448328,1.191,1.059,-56.81,0.05346,0.04579,-54.26,196.887,1448.3834,43.380015460301074,-21.791826768448328,0.65549720611,0.72371865407,0.65549720611,0.72371865407,0.853,0.808,-78.05,0.8525953,0.8076491,-78.05,22.6458,0.0,2.8,1.124,0.111,0.909,14.0
490,490,14_6,14_27,1209.912,47.13717,18.4164,0.0423,603.0522,15.0,21.0,492.0,1447.0,491.7592,1447.057,491.7592,1447.057,43.29073795207709,-21.790422696587594,1.229,1.036,-70.86,0.05887,0.04822,-70.07,491.7592,1447.057,43.29073795207709,-21.790422696587594,0.7553679209,0.82079357628,0.7553679209,0.82079357628,0.916,0.859,-64.96,0.9159992,0.8585493,-64.96,22.6789,0.0,3.31,1.186,0.157,0.828,14.0
491,491,14_7,14_26,25354.4,106.4898,15.1132,0.0046,602.8293,71.0,76.0,94.0,1444.0,93.776,1444.0417,93.776,1444.0417,43.41124964521764,-21.79095271053737,1.581,1.531,-54.52,0.00951,0.00899,-22.58,93.776,1444.0417,43.41124964521764,-21.79095271053737,0.83333309892,0.86131485382,0.83333309892,0.86131485382,0.933,0.908,-63.35,0.9331288,0.9076996,-63.35,22.6964,0.0,2.89,1.032,0.031,0.996,14.0
492,492,14_8,14_25,914.4574,43.34405,18.7204,0.0515,603.2159,16.0,18.0,345.0,1436.0,344.8189,1435.8159,344.8189,1435.8159,43.3352728229023,-21.78777982100449,1.17,0.967,-67.13,0.06928,0.05626,-58.43,344.8189,1435.8159,43.3352728229023,-21.78777982100449,0.73195939815,0.90997880543,0.73195939815,0.90997880543,0.955,0.854,-83.67,0.9550915,0.8542473,-83.67,22.6853,0.0,3.34,1.21,0.173,0.786,14.0
493,493,14_9,14_24,61537.19,142.2646,14.1505,0.0025,602.6104,95.0,108.0,243.0,1405.0,243.4246,1404.6903,243.4246,1404.6903,43.36608873714431,-21.77937258376001,1.662,1.596,-76.47,0.00566,0.0054,-73.76,243.4246,1404.6903,43.36608873714431,-21.77937258376001,0.85893455664,0.89716193615,0.85893455664,0.89716193615,0.949,0.925,-73.22,0.9492036,0.924721,-73.22,22.6794,0.0,2.92,1.041,0.04,0.992,14.0
494,494,14_10,14_23,326.235,26.894,19.8395,0.0895,602.1277,2.0,7.0,285.0,1397.0,285.0138,1397.2657,285.0138,1397.2657,43.35352546796542,-21.777139950695386,0.657,0.652,-7.38,0.07348,0.06828,-0.23,285.0138,1397.2657,43.35352546796542,-21.777139950695386,0.085835193868,0.11906701742,0.085835193868,0.11906701742,0.345,0.293,-89.65,0.3450627,0.2929743,-89.65,22.6493,0.0,1.05,1.008,0.008,0.737,14.0
495,495,14_11,14_22,444.4039,33.59703,19.5039,0.0821,601.1638,9.0,11.0,145.0,1397.0,145.3393,1396.9167,145.3393,1396.9167,43.39581227609674,-21.777518930060896,1.023,0.739,-15.0,0.10171,0.07185,-15.07,145.3393,1396.9167,43.39581227609674,-21.777518930060896,0.85797337504,0.68310507842,0.85797337504,0.68310507842,0.933,0.819,-14.66,0.9331807,0.8186893,-14.66,22.6209,0.0,5.17,1.383,0.277,0.513,14.0
497,497,14_13,14_20,1389.393,50.95742,18.2662,0.0398,603.5554,23.0,25.0,318.0,1381.0,317.9634,1381.0685,317.9634,1381.0685,43.34361119880335,-21.77246773396537,1.278,1.248,58.09,0.05515,0.05507,85.81,317.9634,1381.0685,43.34361119880335,-21.77246773396537,1.4334248466,1.4830873092,1.4334248466,1.4830873092,1.221,1.194,68.84,1.221407,1.193598,68.84,22.7206,0.0,3.89,1.024,0.023,0.066,14.0
498,498,14_14,14_19,23832.75,104.7735,15.1804,0.0048,603.3789,68.0,76.0,361.0,1368.0,361.4637,1367.8743,361.4637,1367.8743,43.33049187619079,-21.76860290642873,1.569,1.529,-64.16,0.00986,0.00957,-25.93,361.4637,1367.8743,43.33049187619079,-21.76860290642873,0.83850708401,0.86823409058,0.83850708401,0.86823409058,0.934,0.914,-72.67,0.9335088,0.9139488,-72.67,22.7199,0.0,2.87,1.026,0.025,0.982,14.0
499,499,14_15,14_18,314.1774,22.92429,19.8804,0.0792,602.6542,3.0,5.0,488.0,1368.0,488.2293,1367.6186,488.2293,1367.6186,43.29211503724365,-21.76808153952101,0.669,0.467,-16.13,0.08496,0.04967,-18.27,488.2293,1367.6186,43.29211503724365,-21.76808153952101,0.09672712162,0.14303727079,0.09672712162,0.14303727079,0.393,0.292,66.09,0.3928972,0.2922262,66.09,22.6728,0.0,1.35,1.431,0.301,0.641,14.0
500,500,14_16,14_17,484.7816,31.98771,19.4094,0.0717,603.1774,10.0,10.0,48.0,1224.0,47.7639,1224.0326,47.7639,1224.0326,43.42597991205271,-21.729194837969192,0.902,0.753,-0.39,0.0807,0.06401,-0.2,47.7639,1224.0326,43.42597991205271,-21.729194837969192,0.75011419301,0.74293855834,0.75011419301,0.74293855834,0.875,0.853,-39.36,0.8745704,0.8533342,-39.36,22.6952,0.0,3.64,1.197,0.165,0.25,14.0
501,501,14_17,14_16,1732.578,55.57169,18.0266,0.0348,603.7516,28.0,29.0,331.0,1160.0,330.9243,1159.6366,330.9243,1159.6366,43.34052607968839,-21.71011048546674,1.412,1.286,81.46,0.05388,0.04846,82.09,330.9243,1159.6366,43.34052607968839,-21.71011048546674,1.3680153125,1.4277684145,1.3680153125,1.4277684145,1.196,1.168,78.27,1.196018,1.168471,78.27,22.7133,0.0,4.12,1.098,0.09,0.021,14.0
502,502,14_18,14_15,95366.62,166.7662,13.6748,0.0019,603.1083,119.0,128.0,366.0,1154.0,365.6125,1153.5955,365.6125,1153.5955,43.330051557568176,-21.70828907196781,1.681,1.652,-69.0,0.00436,0.00424,-3.3,365.6125,1153.5955,43.330051557568176,-21.70828907196781,0.87223412354,0.89545126847,0.87223412354,0.89545126847,0.949,0.931,-65.68,0.9494255,0.9307398,-65.68,22.6832,0.0,2.87,1.017,0.017,1.0,14.0
503,503,14_19,14_14,2868.942,58.77563,17.479,0.0222,603.2985,30.0,32.0,61.0,1156.0,60.6216,1155.7003,60.6216,1155.7003,43.42233759974079,-21.70992292888192,1.318,1.28,-89.33,0.03441,0.03327,71.88,60.6216,1155.7003,43.42233759974079,-21.70992292888192,0.84106885223,0.88794966166,0.84106885223,0.88794966166,0.946,0.913,-70.43,0.9459041,0.9133915,-70.43,22.7135,0.0,3.04,1.029,0.029,0.862,14.0
504,504,14_20,14_13,675.2038,31.31183,19.0497,0.0504,603.2932,4.0,9.0,267.0,1139.0,267.1646,1139.3112,267.1646,1139.3112,43.35989736298533,-21.704611909719134,0.783,0.662,-64.51,0.05032,0.0367,-69.29,267.1646,1139.3112,43.35989736298533,-21.704611909719134,0.075773261577,0.12927364132,0.075773261577,0.12927364132,0.36,0.274,-84.59,0.3602184,0.2743895,-84.59,22.6932,0.0,1.19,1.182,0.154,0.683,14.0
505,505,14_21,14_12,39728.17,123.8679,14.6256,0.0034,603.335,81.0,92.0,433.0,1133.0,433.3034,1133.0793,433.3034,1133.0793,43.309645422341184,-21.70227662840325,1.614,1.566,-67.71,0.00729,0.00706,-56.56,433.3034,1133.0793,43.309645422341184,-21.70227662840325,0.84068895075,0.86401472476,0.84068895075,0.86401472476,0.933,0.913,-64.11,0.9333816,0.9129636,-64.11,22.6829,0.0,2.88,1.031,0.03,0.989,14.0
506,506,14_22,14_11,1159.936,45.87197,18.4622,0.0429,601.7859,14.0,20.0,202.0,1134.0,202.0515,1133.7659,202.0515,1133.7659,43.379621556666336,-21.70327468747725,1.111,1.07,58.52,0.05639,0.05225,28.93,202.0515,1133.7659,43.379621556666336,-21.70327468747725,0.65763658909,0.76664363532,0.65763658909,0.76664363532,0.877,0.809,-81.04,0.8771685,0.8092315,-81.04,22.6446,0.0,2.99,1.038,0.036,0.885,14.0
507,507,14_23,14_10,603.8063,35.9958,19.1711,0.0647,602.7063,12.0,13.0,26.0,1129.0,25.6685,1128.6378,25.6685,1128.6378,43.43301246224324,-21.702422806851203,0.99,0.866,48.82,0.07468,0.06367,44.98,25.6685,1128.6378,43.43301246224324,-21.702422806851203,0.69423540161,0.73485594524,0.69423540161,0.73485594524,0.862,0.828,67.49,0.8621348,0.8281395,67.49,22.6777,0.0,2.82,1.144,0.126,0.619,14.0
508,508,14_24,14_9,270.6455,28.78679,20.0423,0.1155,602.5912,8.0,8.0,337.0,1113.0,337.593,1112.6315,337.593,1112.6315,43.33868609089455,-21.69685948023325,1.291,0.448,8.49,0.17111,0.05741,8.66,337.593,1112.6315,43.33868609089455,-21.69685948023325,3.4153197375,1.4708645339,3.4153197375,1.4708645339,1.882,1.16,13.87,1.881924,1.159546,13.87,22.6506,0.0,4.51,2.881,0.653,0.11,14.0
509,509,14_25,14_8,324.7383,28.72719,19.8445,0.0961,603.3099,7.0,8.0,201.0,1108.0,200.8906,1107.8584,200.8906,1107.8584,43.38006911703466,-21.69598799303129,0.836,0.664,-44.46,0.09152,0.07234,-44.98,200.8906,1107.8584,43.38006911703466,-21.69598799303129,0.74637279713,0.71947724554,0.74637279713,0.71947724554,0.891,0.82,-38.58,0.890765,0.8199925,-38.58,22.706,0.0,4.41,1.259,0.206,0.452,14.0
510,510,14_26,14_7,154.9499,22.41061,20.6478,0.1571,602.8443,5.0,5.0,137.0,1103.0,137.2109,1103.389,137.2109,1103.389,43.399354038196456,-21.69494597794231,0.774,0.445,18.31,0.12645,0.07303,18.42,137.2109,1103.389,43.399354038196456,-21.69494597794231,1.5379579533,1.0952851813,1.5379579533,1.0952851813,1.246,1.04,-9.81,1.245634,1.040019,-9.81,22.6935,0.0,3.45,1.738,0.425,0.065,14.0
511,511,14_27,14_6,1191.182,47.48536,18.4334,0.0433,602.8278,17.0,21.0,368.0,1099.0,368.6806,1099.0725,368.6806,1099.0725,43.3293306068005,-21.692934946134077,1.17,1.125,-70.52,0.05636,0.05333,-70.63,368.6806,1099.0725,43.3293306068005,-21.692934946134077,0.85922029018,0.82005053991,0.85922029018,0.82005053991,0.931,0.902,-21.27,0.9307058,0.901697,-21.27,22.6575,0.0,3.43,1.04,0.038,0.753,14.0
512,512,14_28,14_5,4911.17,69.7268,16.8953,0.0154,601.5911,37.0,42.0,182.0,1073.0,182.0343,1073.0573,182.0343,1073.0573,43.38590374613842,-21.68625871309045,1.414,1.369,56.33,0.02639,0.02528,34.51,182.0343,1073.0573,43.38590374613842,-21.68625871309045,0.81652648457,0.85795931461,0.81652648457,0.85795931461,0.927,0.903,78.03,0.9273126,0.9025393,78.03,22.627,0.0,2.97,1.033,0.032,0.979,14.0
513,513,14_29,14_4,4333.917,67.14392,17.0311,0.0168,603.2982,36.0,39.0,488.0,1035.0,488.1505,1034.9444,488.1505,1034.9444,43.29342766262293,-21.674464703008837,1.417,1.322,-85.05,0.02788,0.02612,-81.75,488.1505,1034.9444,43.29342766262293,-21.674464703008837,0.81766583772,0.85863849434,0.81766583772,0.85863849434,0.927,0.904,-84.24,0.9268551,0.9040155,-84.24,22.6782,0.0,2.89,1.072,0.068,0.974,14.0
514,514,14_30,14_31,3061.623,60.50481,17.4084,0.0215,601.9483,26.0,33.0,122.0,1486.0,122.2758,1486.1921,122.2758,1486.1921,43.40246608683257,-21.80271808761722,1.356,1.224,-81.72,0.03514,0.03027,-80.99,122.2758,1486.1921,43.40246608683257,-21.80271808761722,0.77100777565,0.82209308004,0.77100777565,0.82209308004,0.909,0.876,-75.1,0.9088359,0.8758528,-75.1,22.6679,0.0,2.94,1.108,0.098,0.974,14.0
515,515,14_31,14_2,398.1466,27.41349,19.6232,0.0748,602.6852,5.0,7.0,206.0,1017.0,206.2847,1017.0066,206.2847,1017.0066,43.37877484464093,-21.670402835634555,0.735,0.615,-78.94,0.06807,0.06269,-88.64,206.2847,1017.0066,43.37877484464093,-21.670402835634555,0.084371527295,0.2526045114,0.084371527295,0.2526045114,0.516,0.266,-74.7,0.515964,0.2660023,-74.7,22.6644,0.0,2.13,1.195,0.163,0.603,14.0
516,516,15_1,15_3,9550.367,84.76259,16.1733,0.0096,604.6655,52.0,57.0,568.0,1025.0,567.6628000000001,1024.9439,567.6628000000001,1024.9439,43.26940900890184,-21.671363672995728,1.6,1.445,31.01,0.01999,0.01655,26.92,567.6628000000001,1024.9439,43.26940900890184,-21.671363672995728,0.84266547238,0.87708075665,0.84266547238,0.87708075665,0.937,0.918,86.06,0.9366137,0.9178786,86.06,22.7164,0.0,2.91,1.107,0.097,0.977,15.0
517,517,15_2,15_1,6438.966,88.71288,16.6013,0.015,604.0475,60.0,68.0,961.0,1016.0,960.5136,1016.3644,960.5136,1016.3644,43.150578445770016,-21.66747960629116,2.426,1.403,-48.77,0.04302,0.02371,-48.58,960.5136,1016.3644,43.150578445770016,-21.66747960629116,1.5802064282,1.7223072639,1.5802064282,1.7223072639,1.414,1.141,-50.87,1.414379,1.141072,-50.87,22.6526,16.0,5.27,1.729,0.422,0.025,15.0
518,518,15_3,15_42,671955.3,376.7825,11.5549,0.0006,604.178,313.0,328.0,637.0,1489.0,635.6154,1489.1258,635.6154,1489.1258,43.24701086204412,-21.80173887159053,2.04,2.0,-18.43,0.00184,0.0016,-3.19,635.6154,1489.1258,43.24701086204412,-21.80173887159053,1.654322889,1.5747852311,1.654322889,1.5747852311,1.289,1.252,-16.2,1.289053,1.251979,-16.2,22.6443,0.0,5.43,1.02,0.02,1.0,15.0
519,519,15_4,15_41,1161.363,46.605,18.4609,0.0436,603.0988,18.0,21.0,780.0,1492.0,780.1717,1491.6003,780.1717,1491.6003,43.20322345315789,-21.801898931845678,1.183,1.116,63.85,0.06174,0.05529,75.3,780.1717,1491.6003,43.20322345315789,-21.801898931845678,0.93952141347,0.93397141082,0.93952141347,0.93397141082,0.979,0.957,41.25,0.9787779,0.9568106,41.25,22.6444,0.0,3.7,1.059,0.056,0.34,15.0
520,520,15_5,15_40,4088.15,64.37956,17.0945,0.0171,604.6032,32.0,35.0,957.0,1478.0,957.5046,1478.339,957.5046,1478.339,43.14957283698902,-21.79749343422609,1.376,1.262,-67.89,0.02785,0.02463,-75.39,957.5046,1478.339,43.14957283698902,-21.79749343422609,0.77947676216,0.82417203767,0.77947676216,0.82417203767,0.914,0.877,-66.33,0.9136753,0.8768388,-66.33,22.6547,0.0,2.83,1.09,0.083,0.974,15.0
521,521,15_6,15_39,251.9624,27.13363,20.12,0.117,604.6909,7.0,7.0,1010.0,1478.0,1010.2995,1477.9873,1010.2995,1477.9873,43.13358523376776,-21.797190490752403,0.735,0.681,-78.46,0.09761,0.0904,-89.39,1010.2995,1477.9873,43.13358523376776,-21.797190490752403,0.92013230656,0.82035487563,0.92013230656,0.82035487563,0.978,0.885,-27.46,0.9782976,0.8851107,-27.46,22.6579,16.0,4.1,1.08,0.074,0.348,15.0
522,522,15_7,15_38,96658.66,167.763,13.6602,0.0019,604.4216,115.0,128.0,886.0,1461.0,885.6002,1460.8201,885.6002,1460.8201,43.171421099561016,-21.792839051181247,1.667,1.622,-77.56,0.00433,0.00425,-51.64,885.6002,1460.8201,43.171421099561016,-21.792839051181247,0.84484122818,0.87653004239,0.84484122818,0.87653004239,0.938,0.918,-74.93,0.9375539,0.9178039,-74.93,22.6704,0.0,2.86,1.027,0.027,0.991,15.0
523,523,15_8,15_37,194.2995,22.70683,20.4021,0.1269,604.1104,4.0,5.0,828.0,1461.0,827.7969,1461.568,827.7969,1461.568,43.18892283809596,-21.793268769613164,0.729,0.457,19.57,0.1179,0.06846,18.53,827.7969,1461.568,43.18892283809596,-21.793268769613164,0.44870115521,0.51218282472,0.44870115521,0.51218282472,0.722,0.664,71.1,0.7215345,0.6635299,71.1,22.6738,0.0,2.75,1.593,0.372,0.465,15.0
524,524,15_9,15_36,11321.81,85.85309,15.9885,0.0082,602.9205,49.0,56.0,551.0,1456.0,551.3799,1456.4389,551.3799,1456.4389,43.27264804756096,-21.79284794457474,1.492,1.451,75.72,0.01564,0.0147,45.57,551.3799,1456.4389,43.27264804756096,-21.79284794457474,0.83618064682,0.87796907924,0.83618064682,0.87796907924,0.938,0.913,-77.64,0.9381238,0.9132763,-77.64,22.6304,0.0,2.86,1.028,0.027,0.977,15.0
525,525,15_10,15_35,5456.44,84.882,16.781,0.0169,604.309,60.0,63.0,648.0,1455.0,647.9564,1454.9525,647.9564,1454.9525,43.24340944699021,-21.79207739238914,2.075,1.573,6.05,0.04131,0.02945,6.34,647.9564,1454.9525,43.24340944699021,-21.79207739238914,1.8786689496,1.5610029735,1.8786689496,1.5610029735,1.371,1.249,1.84,1.370765,1.249269,1.84,22.6648,0.0,4.3,1.319,0.242,0.016,15.0
527,527,15_12,15_33,5126.857,68.33021,16.8487,0.0145,605.0248,32.0,39.0,924.0,1451.0,924.3415,1451.1296,924.3415,1451.1296,43.15972890527455,-21.789964196826983,1.373,1.305,-77.93,0.02424,0.02215,-88.47,924.3415,1451.1296,43.15972890527455,-21.789964196826983,0.79553182869,0.81489434487,0.79553182869,0.81489434487,0.908,0.887,-60.64,0.9076651,0.8868879,-60.64,22.688,0.0,2.89,1.052,0.049,0.968,15.0
528,528,15_13,15_32,64501.12,145.5806,14.0994,0.0025,604.1729,99.0,108.0,643.0,1444.0,643.3859,1444.2613,643.3859,1444.2613,43.24483592607852,-21.78908572881592,1.644,1.588,-81.7,0.00546,0.00525,-84.84,643.3859,1444.2613,43.24483592607852,-21.78908572881592,0.83684835829,0.87097888908,0.83684835829,0.87097888908,0.936,0.912,-71.58,0.9355417,0.9124631,-71.58,22.6637,0.0,2.85,1.036,0.034,0.986,15.0
529,529,15_14,15_31,897.1151,42.7637,18.7412,0.0518,602.7983,14.0,17.0,686.0,1438.0,686.4487,1438.3858,686.4487,1438.3858,43.2318195637899,-21.787273686423557,1.124,0.989,-75.3,0.06603,0.05788,-77.97,686.4487,1438.3858,43.2318195637899,-21.787273686423557,0.86478725154,1.0100868189,0.86478725154,1.0100868189,1.009,0.926,-77.76,1.008594,0.926074,-77.76,22.6106,0.0,3.24,1.136,0.12,0.598,15.0
531,531,15_16,15_29,1004.34,49.69244,18.6186,0.0537,604.8282,20.0,23.0,1005.0,1420.0,1005.6238,1419.0124,1005.6238,1419.0124,43.13524822139815,-21.780613340749472,1.691,0.942,-58.84,0.09763,0.053,-59.63,1005.6238,1419.0124,43.13524822139815,-21.780613340749472,1.841855793,2.1326633825,1.841855793,2.1326633825,1.56,1.242,-54.52,1.5598,1.241589,-54.52,22.6531,16.0,6.43,1.796,0.443,0.003,15.0
533,533,15_18,15_27,5568.6,71.59201,16.7589,0.014,602.9241,32.0,43.0,608.0,1400.0,608.3514,1400.5791,608.3514,1400.5791,43.25561716569042,-21.77692200181727,1.402,1.353,89.3,0.02402,0.02305,-88.72,608.3514,1400.5791,43.25561716569042,-21.77692200181727,0.79724858847,0.81883555521,0.79724858847,0.81883555521,0.905,0.892,-79.7,0.9053026,0.8924749,-79.7,22.6261,0.0,2.86,1.036,0.035,0.977,15.0
534,534,15_19,15_26,346.2797,28.87561,19.7747,0.0906,603.8556,8.0,8.0,557.0,1384.0,557.1098,1383.909,557.1098,1383.909,43.2711973325184,-21.772417471821427,0.826,0.657,47.26,0.09421,0.07459,45.19,557.1098,1383.909,43.2711973325184,-21.772417471821427,0.5493573129,0.63857914686,0.5493573129,0.63857914686,0.814,0.725,65.35,0.8138603,0.7249606,65.35,22.6726,0.0,4.16,1.257,0.205,0.205,15.0
535,535,15_20,15_25,245.2785,26.90788,20.1492,0.1191,603.7106,6.0,7.0,602.0,1368.0,602.0166,1368.2978,602.0166,1368.2978,43.25766255625974,-21.76786118117375,0.727,0.681,7.96,0.09508,0.08807,0.44,602.0166,1368.2978,43.25766255625974,-21.76786118117375,0.76130978821,0.87249588196,0.76130978821,0.87249588196,0.956,0.849,62.51,0.9559086,0.8485543,62.51,22.6705,0.0,2.33,1.068,0.063,0.42,15.0
536,536,15_21,15_24,1333.482,47.71608,18.3108,0.0389,603.8155,20.0,21.0,685.0,1359.0,685.2167,1358.4178,685.2167,1358.4178,43.23251200004104,-21.764775327919686,1.175,1.087,-77.18,0.05374,0.04801,-75.95,685.2167,1358.4178,43.23251200004104,-21.764775327919686,0.78965570816,0.85101297059,0.78965570816,0.85101297059,0.923,0.889,87.51,0.9225665,0.8885605,87.51,22.6695,0.0,3.12,1.081,0.075,0.613,15.0
537,537,15_22,15_23,272.7459,26.97081,20.0339,0.1074,605.2952,6.0,7.0,837.0,1346.0,837.072,1345.7105,837.072,1345.7105,43.18658715148533,-21.76063156595565,0.729,0.671,-7.26,0.09097,0.08384,-0.51,837.072,1345.7105,43.18658715148533,-21.76063156595565,0.74188032906,0.73738899086,0.74188032906,0.73738899086,0.862,0.858,28.63,0.862431,0.8576025,28.63,22.7244,0.0,2.63,1.087,0.08,0.494,15.0
538,538,15_23,15_22,1189.096,45.15914,18.4353,0.0412,605.3918,17.0,19.0,848.0,1327.0,848.1809000000001,1327.3888,848.1809000000001,1327.3888,43.18329864408783,-21.755433741110263,1.207,0.994,10.37,0.05714,0.04445,12.46,848.1809000000001,1327.3888,43.18329864408783,-21.755433741110263,0.87417524145,0.7837559329,0.87417524145,0.7837559329,0.935,0.885,5.59,0.9354414,0.8848054,5.59,22.733,0.0,3.16,1.215,0.177,0.432,15.0
539,539,15_24,15_21,624.2693,35.59068,19.1349,0.0619,603.7381,11.0,12.0,644.0,1318.0,644.1428,1317.7203,644.1428,1317.7203,43.24510897756038,-21.75347431873356,0.964,0.838,-67.5,0.07133,0.06217,-68.56,644.1428,1317.7203,43.24510897756038,-21.75347431873356,0.6532062894,0.68451322694,0.6532062894,0.68451322694,0.85,0.784,-53.41,0.8502839,0.7840515,-53.41,22.6717,0.0,3.41,1.151,0.131,0.4,15.0
540,540,15_25,15_20,1203.745,47.79451,18.422,0.0431,603.2484,18.0,21.0,984.0,1315.0,984.1835,1315.1732,984.1835,1315.1732,43.14217365526519,-21.751475889512584,1.177,1.095,82.57,0.05772,0.05418,70.69,984.1835,1315.1732,43.14217365526519,-21.751475889512584,0.7736466493,0.88758683091,0.7736466493,0.88758683091,0.943,0.879,-85.18,0.9425513,0.8791078,-85.18,22.6243,0.0,3.21,1.075,0.07,0.315,15.0
542,542,15_27,15_18,975.5013,43.42222,18.6502,0.0483,604.009,16.0,17.0,995.0,1260.0,995.4492,1260.3369,995.4492,1260.3369,43.13899165769613,-21.73600113343614,1.087,1.015,80.43,0.06079,0.05342,78.69,995.4492,1260.3369,43.13899165769613,-21.73600113343614,0.90478395427,0.84564156647,0.90478395427,0.84564156647,0.952,0.919,-6.39,0.9515966,0.9191787,-6.39,22.6464,0.0,3.33,1.071,0.066,0.49,15.0
543,543,15_28,15_17,2569.404,57.31848,17.5987,0.0242,603.4873,25.0,30.0,579.0,1247.0,579.0246,1246.8069,579.0246,1246.8069,43.265100872993486,-21.733756914933675,1.283,1.232,-68.23,0.03685,0.0357,-88.89,579.0246,1246.8069,43.265100872993486,-21.733756914933675,0.76056604378,0.78546745205,0.76056604378,0.78546745205,0.898,0.86,-55.93,0.8980267,0.8599893,-55.93,22.6694,0.0,2.85,1.041,0.04,0.965,15.0
544,544,15_29,15_16,513.9955,35.13321,19.3459,0.0742,604.2715,11.0,12.0,598.0,1204.0,597.785,1203.4772,597.785,1203.4772,43.25959283893726,-21.721495283866957,1.003,0.799,-57.38,0.08699,0.06667,-58.13,597.785,1203.4772,43.25959283893726,-21.721495283866957,0.82234322193,0.79143344896,0.82234322193,0.79143344896,0.92,0.876,-33.61,0.9202114,0.8757783,-33.61,22.6957,0.0,3.08,1.256,0.204,0.547,15.0
545,545,15_30,15_15,206.9131,24.93803,20.3338,0.1309,604.5795,5.0,6.0,785.0,1202.0,785.1641999999999,1202.1668,785.1641999999999,1202.1668,43.20288373273372,-21.72043314085914,0.751,0.569,43.65,0.11272,0.08334,44.95,785.1641999999999,1202.1668,43.20288373273372,-21.72043314085914,0.86541379835,0.80144198224,0.86541379835,0.80144198224,0.946,0.879,29.28,0.9459123,0.8786955,29.28,22.6929,0.0,3.86,1.32,0.242,0.479,15.0
546,546,15_31,15_14,1200.892,46.84261,18.4245,0.0424,603.8813,18.0,20.0,936.0,1185.0,936.243,1184.7186,936.243,1184.7186,43.15722715925073,-21.714949687213924,1.117,1.088,20.53,0.05425,0.05222,44.29,936.243,1184.7186,43.15722715925073,-21.714949687213924,0.77331536954,0.73214354371,0.77331536954,0.73214354371,0.881,0.854,-13.63,0.8808451,0.8541491,-13.63,22.6521,0.0,2.94,1.026,0.025,0.877,15.0
547,547,15_32,15_13,1531549.0,565.7282,10.6605,0.0004,604.7629,702.0,749.0,629.0,1157.0,627.1556,1155.8262,627.1556,1155.8262,43.25089162671348,-21.70797848222851,4.105,2.833,88.4,0.00189,0.00174,81.85,627.1556,1155.8262,43.25089162671348,-21.70797848222851,4.4477029449,5.6326653102,4.4477029449,5.6326653102,2.381,2.1,80.05,2.381245,2.10001,80.05,22.7026,0.0,20.46,1.449,0.31,0.596,15.0
548,548,15_33,15_12,21815.45,102.5925,15.2764,0.0051,604.2208,61.0,71.0,750.0,1097.0,749.8000999999999,1096.7048,749.8000999999999,1096.7048,43.214011666212855,-21.69088743342014,1.55,1.499,-63.44,0.01039,0.00978,-60.82,749.8000999999999,1096.7048,43.214011666212855,-21.69088743342014,0.8384540881,0.85754314299,0.8384540881,0.85754314299,0.93,0.912,-62.67,0.9297866,0.911863,-62.67,22.6822,0.0,2.87,1.034,0.033,0.983,15.0
549,549,15_34,15_11,227.9299,25.53341,20.2288,0.1217,604.0876,5.0,6.0,1003.0,1098.0,1003.0283,1098.4952,1003.0283,1098.4952,43.137372291119895,-21.69042805242857,0.792,0.5,0.36,0.11084,0.06794,-0.0,1003.0283,1098.4952,43.137372291119895,-21.69042805242857,0.83196245956,0.68159767877,0.83196245956,0.68159767877,0.913,0.825,5.03,0.912763,0.824878,5.03,22.6409,0.0,3.71,1.583,0.368,0.498,15.0
550,550,15_35,15_10,154.0094,22.64173,20.6544,0.1597,604.3739,4.0,5.0,696.0,1078.0,695.8054,1078.3996,695.8054,1078.3996,43.23042413499114,-21.685936906338355,0.767,0.444,-19.29,0.12905,0.07451,-18.47,695.8054,1078.3996,43.23042413499114,-21.685936906338355,1.0248667265,0.7688659985,1.0248667265,0.7688659985,1.031,0.855,-19.75,1.0309,0.8549727,-19.75,22.6972,0.0,3.43,1.729,0.422,0.48,15.0
551,551,15_36,15_9,7285.532,76.63073,16.4671,0.0114,603.1579,39.0,48.0,744.0,1069.0,744.3723,1068.6775,744.3723,1068.6775,43.21576675466808,-21.68302047685122,1.428,1.415,-73.9,0.02003,0.01994,51.25,744.3723,1068.6775,43.21576675466808,-21.68302047685122,0.83733153769,0.85276301346,0.83733153769,0.85276301346,0.927,0.912,-62.31,0.9266229,0.9118468,-62.31,22.6463,0.0,2.91,1.01,0.009,0.978,15.0
552,552,15_37,15_8,1090.156,43.1583,18.5296,0.043,604.0494,16.0,17.0,840.0,1069.0,839.7374,1069.3347,839.7374,1069.3347,43.18690663250507,-21.68284711909233,1.087,0.972,49.3,0.05518,0.04821,47.32,839.7374,1069.3347,43.18690663250507,-21.68284711909233,0.65121052111,0.67411661979,0.65121052111,0.67411661979,0.833,0.795,55.98,0.8326376,0.7950106,55.98,22.6735,0.0,2.88,1.118,0.105,0.748,15.0
553,553,15_38,15_7,796.8992,47.18053,18.8698,0.0643,605.1211,17.0,21.0,878.0,1068.0,878.3247,1068.0732,878.3247,1068.0732,43.17523515269878,-21.682345703408583,1.492,0.973,-27.34,0.09993,0.06387,-27.86,878.3247,1068.0732,43.17523515269878,-21.682345703408583,2.3683453931,1.93093577,2.3683453931,1.93093577,1.553,1.374,-16.88,1.553287,1.373528,-16.88,22.7131,0.0,6.56,1.533,0.348,0.002,15.0
554,554,15_39,15_6,1757.851,69.97726,18.0108,0.0432,605.1744,37.0,46.0,892.0,1061.0,893.1668999999999,1061.2921,893.1668999999999,1061.2921,43.17077166084659,-21.68038088319685,1.886,1.539,-5.09,0.08264,0.06778,-2.57,893.1668999999999,1061.2921,43.17077166084659,-21.68038088319685,4.5947285337,3.611307657,4.5947285337,3.611307657,2.148,1.895,-8.01,2.148165,1.895105,-8.01,22.7105,0.0,7.32,1.225,0.184,0.0,15.0
555,555,15_40,15_4,4377.71,67.35025,17.0202,0.0167,603.4285,30.0,38.0,980.0,1037.0,979.9778,1036.941,979.9778,1036.941,43.14460359768294,-21.673195082357708,1.373,1.303,-64.85,0.02702,0.02557,-56.64,979.9778,1036.941,43.14460359768294,-21.673195082357708,0.776631195,0.80137902065,0.776631195,0.80137902065,0.899,0.878,-65.38,0.8988627,0.8775284,-65.38,22.6238,0.0,2.88,1.054,0.051,0.979,15.0
556,556,15_41,15_43,906.2065,42.66814,18.7302,0.0511,604.074,13.0,18.0,756.0,1504.0,755.7426,1503.947,755.7426,1503.947,43.2105718125004,-21.80546465326731,1.157,0.95,88.58,0.07217,0.05727,-89.73,755.7426,1503.947,43.2105718125004,-21.80546465326731,0.64523668219,0.74261953358,0.64523668219,0.74261953358,0.863,0.802,83.04,0.8626076,0.8023493,83.04,22.6945,0.0,3.16,1.218,0.179,0.491,15.0
557,557,15_42,15_2,227.9951,24.51713,20.2285,0.1168,603.4154,5.0,6.0,691.0,1021.0,690.5197000000001,1020.9583,690.5197000000001,1020.9583,43.232252479060485,-21.66979179110703,0.791,0.5,-89.33,0.11299,0.06925,-89.86,690.5197000000001,1020.9583,43.232252479060485,-21.66979179110703,0.79399640403,0.74286926351,0.79399640403,0.74286926351,0.891,0.862,-1.61,0.8910874,0.8618752,-1.61,22.6961,0.0,3.71,1.583,0.368,0.385,15.0
558,558,16_1,16_1,340.4413,30.93737,19.7932,0.0987,604.856,7.0,9.0,1153.0,1030.0,1152.3668,1029.9113,1152.3668,1029.9113,43.09246968627495,-21.670543210347493,0.918,0.687,22.71,0.10545,0.07594,20.44,1152.3668,1029.9113,43.09246968627495,-21.670543210347493,0.9179522544,0.85561545853,0.9179522544,0.85561545853,0.998,0.882,36.74,0.9982225,0.8815438,36.74,22.6643,0.0,4.14,1.336,0.252,0.436,16.0
560,560,16_3,16_32,2177.117,54.58092,17.7786,0.0272,606.15,22.0,26.0,1377.0,1471.0,1377.4265,1471.0149,1377.4265,1471.0149,43.022426204823184,-21.793768008929177,1.245,1.158,-9.97,0.04027,0.03406,-0.43,1377.4265,1471.0149,43.022426204823184,-21.793768008929177,0.77197786447,0.80124801752,0.77197786447,0.80124801752,0.901,0.873,-63.25,0.9006763,0.8729307,-63.25,22.674,0.0,3.01,1.075,0.07,0.87,16.0
562,562,16_5,16_30,911.3591,42.9795,18.7241,0.0512,604.8683,16.0,17.0,1290.0,1415.0,1289.6204,1414.8026,1289.6204,1414.8026,43.04926489212513,-21.778306162065324,1.14,0.947,-72.69,0.06834,0.05339,-74.66,1289.6204,1414.8026,43.04926489212513,-21.778306162065324,0.75044360241,0.79546153443,0.75044360241,0.79546153443,0.897,0.861,-68.47,0.8965286,0.8614764,-68.47,22.6466,0.0,3.29,1.203,0.169,0.755,16.0
563,563,16_6,16_29,406.2307,31.10273,19.6014,0.0831,605.8031,8.0,9.0,1184.0,1400.0,1184.2243,1400.1888,1184.2243,1400.1888,43.08124459080736,-21.774615590418023,0.926,0.672,-19.66,0.09019,0.06445,-20.79,1184.2243,1400.1888,43.08124459080736,-21.774615590418023,0.83916317988,0.65972582337,0.83916317988,0.65972582337,0.921,0.807,-11.92,0.9206125,0.8070698,-11.92,22.6982,0.0,4.68,1.377,0.274,0.52,16.0
564,564,16_7,16_28,250.1792,25.30308,20.1277,0.1098,604.2228,6.0,6.0,1101.0,1390.0,1100.983,1390.4903,1100.983,1390.4903,43.10649242530599,-21.77221524457379,0.789,0.5,-0.82,0.09991,0.06129,-0.02,1100.983,1390.4903,43.10649242530599,-21.77221524457379,1.016245928,0.80378889026,1.016245928,0.80378889026,1.008,0.896,1.63,1.008176,0.8964464,1.63,22.6463,0.0,2.78,1.579,0.367,0.497,16.0
565,565,16_8,16_27,542.6403,37.34285,19.287,0.0747,605.6856,12.0,13.0,1185.0,1377.0,1185.3521,1377.5753,1185.3521,1377.5753,43.08100012883214,-21.76824770384045,1.013,0.871,-52.1,0.08295,0.07082,-45.38,1185.3521,1377.5753,43.08100012883214,-21.76824770384045,1.2517119661,1.6074409898,1.2517119661,1.6074409898,1.29,1.094,-69.84,1.289509,1.093764,-69.84,22.6969,0.0,3.41,1.163,0.14,0.162,16.0
566,566,16_9,16_26,2730.979,60.32806,17.5325,0.024,604.5544,29.0,32.0,1379.0,1360.0,1378.5354,1360.2729,1378.5354,1360.2729,43.02257887819719,-21.76260120169383,1.315,1.287,72.93,0.03771,0.03588,72.78,1378.5354,1360.2729,43.02257887819719,-21.76260120169383,0.84754506941,0.85881265645,0.84754506941,0.85881265645,0.93,0.918,-60.5,0.9295778,0.9177379,-60.5,22.6232,0.0,2.98,1.021,0.021,0.972,16.0
568,568,16_11,16_24,1964.412,51.1942,17.8902,0.0283,604.8016,21.0,23.0,1311.0,1349.0,1310.9173,1349.164,1310.9173,1349.164,43.0431022050923,-21.75974963978253,1.162,1.14,-66.06,0.03751,0.0372,-2.83,1310.9173,1349.164,43.0431022050923,-21.75974963978253,0.72041096523,0.75903848387,0.72041096523,0.75903848387,0.871,0.849,-88.09,0.8712528,0.8487449,-88.09,22.6422,0.0,3.02,1.02,0.019,0.951,16.0
569,569,16_12,16_23,1476.577,49.56237,18.2002,0.0365,604.6008,19.0,22.0,1164.0,1336.0,1164.1249,1335.8669,1164.1249,1335.8669,43.08760617240856,-21.756595151382037,1.183,1.102,-53.14,0.04973,0.04501,-45.44,1164.1249,1335.8669,43.08760617240856,-21.756595151382037,0.77909063752,0.80223340198,0.77909063752,0.80223340198,0.898,0.881,-69.49,0.8977756,0.8805243,-69.49,22.6584,0.0,3.1,1.073,0.068,0.912,16.0
570,570,16_13,16_22,9893.619,82.41695,16.1349,0.009,604.4241,45.0,53.0,1087.0,1317.0,1087.1323,1317.0838,1087.1323,1317.0838,43.1109970368693,-21.75161292190467,1.504,1.395,-81.63,0.01782,0.01526,-85.24,1087.1323,1317.0838,43.1109970368693,-21.75161292190467,0.80961073064,0.83658331137,0.80961073064,0.83658331137,0.915,0.899,-81.87,0.9149565,0.8994713,-81.87,22.6687,0.0,2.87,1.078,0.072,0.982,16.0
572,572,16_15,16_20,297.3094,29.29973,19.9403,0.107,606.0845,8.0,8.0,1271.0,1287.0,1271.1459,1287.0885,1271.1459,1287.0885,43.055414020745296,-21.7424417478054,0.839,0.665,-44.9,0.09766,0.07714,-45.08,1271.1459,1287.0885,43.055414020745296,-21.7424417478054,0.82366992031,0.80923423649,0.82366992031,0.80923423649,0.938,0.868,-41.73,0.9380293,0.8677586,-41.73,22.7102,0.0,3.02,1.263,0.208,0.486,16.0
573,573,16_16,16_19,2688.782,59.79036,17.5494,0.0241,605.2659,27.0,31.0,1238.0,1284.0,1237.598,1284.3001,1237.598,1284.3001,43.06558275599775,-21.74179160329572,1.286,1.274,-1.78,0.0359,0.03413,31.06,1237.598,1284.3001,43.06558275599775,-21.74179160329572,0.80069630284,0.82141943264,0.80069630284,0.82141943264,0.918,0.883,-54.82,0.9175477,0.8833017,-54.82,22.6738,0.0,2.9,1.01,0.01,0.954,16.0
574,574,16_17,16_18,216.2127,23.03794,20.2861,0.1157,605.1115,5.0,5.0,1440.0,1278.0,1440.3875,1277.7522,1440.3875,1277.7522,43.004216405070686,-21.73912657399007,0.741,0.456,-72.83,0.11114,0.06438,-71.77,1440.3875,1277.7522,43.004216405070686,-21.73912657399007,0.84697662606,1.0676943604,0.84697662606,1.0676943604,1.034,0.92,86.02,1.033812,0.9197299,86.02,22.6539,0.0,3.42,1.626,0.385,0.523,16.0
575,575,16_18,16_17,2575.105,57.93717,17.5963,0.0244,605.3888,25.0,29.0,1273.0,1277.0,1273.0168,1276.665,1273.0168,1276.665,43.05489281990072,-21.739501013356037,1.294,1.201,-61.87,0.03656,0.03356,-53.89,1273.0168,1276.665,43.05489281990072,-21.739501013356037,0.76605118481,0.8255886839,0.76605118481,0.8255886839,0.913,0.87,-70.29,0.913433,0.8702184,-70.29,22.6782,0.0,3.06,1.077,0.072,0.949,16.0
576,576,16_19,16_16,11315.49,88.26929,15.9891,0.0085,604.5089,49.0,59.0,1193.0,1259.0,1193.5526,1258.7148,1193.5526,1258.7148,43.07902718516803,-21.734767465739143,1.495,1.455,68.32,0.01589,0.0149,45.72,1193.5526,1258.7148,43.07902718516803,-21.734767465739143,0.83510412092,0.86185071012,0.83510412092,0.86185071012,0.93,0.912,-73.85,0.9296771,0.9124995,-73.85,22.6443,0.0,2.88,1.027,0.027,0.978,16.0
577,577,16_20,16_14,1888.274,53.28432,17.9331,0.0306,605.0151,24.0,25.0,1370.0,1186.0,1370.0737,1185.6549,1370.0737,1185.6549,43.02590883786031,-21.713497536218835,1.269,1.133,-70.54,0.04434,0.03854,-78.8,1370.0737,1185.6549,43.02590883786031,-21.713497536218835,0.80793508533,0.85625546536,0.80793508533,0.85625546536,0.942,0.882,-58.16,0.9415774,0.8818291,-58.16,22.6468,0.0,3.12,1.12,0.108,0.904,16.0
578,578,16_21,16_13,938.9378,43.32905,18.6917,0.0501,606.1686,13.0,17.0,1450.0,1183.0,1450.5257,1182.4409,1450.5257,1182.4409,43.00157045907776,-21.712263763316766,1.105,0.975,-71.33,0.06172,0.05393,-78.45,1450.5257,1182.4409,43.00157045907776,-21.712263763316766,0.72053555708,0.7958608232,0.72053555708,0.7958608232,0.905,0.835,-64.05,0.9051208,0.8349568,-64.05,22.6845,0.0,3.02,1.133,0.118,0.815,16.0
579,579,16_22,16_12,1351.729,47.40782,18.2961,0.0381,605.4485,19.0,20.0,1373.0,1177.0,1372.7775,1176.967,1372.7775,1176.967,43.025128570975006,-21.711041679336063,1.147,1.067,-68.89,0.04955,0.04569,-62.29,1372.7775,1176.967,43.025128570975006,-21.711041679336063,0.79388741031,0.82746395788,0.79388741031,0.82746395788,0.912,0.889,-72.57,0.9116674,0.8889397,-72.57,22.6656,0.0,3.12,1.075,0.07,0.861,16.0
580,580,16_23,16_11,568.0951,40.19713,19.2372,0.0768,606.4584,13.0,15.0,1490.0,1175.0,1490.5246,1175.6832,1490.5246,1175.6832,42.98949301486748,-21.710197058124912,1.465,0.786,45.73,0.1229,0.06583,46.11,1490.5246,1175.6832,42.98949301486748,-21.710197058124912,1.6713676742,1.6601337621,1.6713676742,1.6601337621,1.389,1.184,44.39,1.38914,1.183973,44.39,22.6919,0.0,6.4,1.863,0.463,0.056,16.0
581,581,16_24,16_10,1614.849,51.62258,18.103,0.0347,603.1121,19.0,24.0,1073.0,1173.0,1072.7646,1172.6162,1072.7646,1172.6162,43.11595602381846,-21.711015058027865,1.262,1.089,70.25,0.0524,0.04271,69.88,1072.7646,1172.6162,43.11595602381846,-21.711015058027865,0.77078127882,0.80839953143,0.77078127882,0.80839953143,0.902,0.875,69.9,0.9023399,0.874622,69.9,22.6032,0.0,3.01,1.158,0.137,0.893,16.0
582,582,16_25,16_9,406.5393,31.34835,19.6005,0.0837,603.6941,9.0,9.0,1421.0,1164.0,1420.889,1164.3394,1420.889,1164.3394,43.01062143340965,-21.70729157640148,0.891,0.684,69.94,0.09493,0.06851,69.71,1420.889,1164.3394,43.01062143340965,-21.70729157640148,0.66319667046,0.85489322334,0.66319667046,0.85489322334,0.925,0.814,-86.31,0.9250366,0.8138778,-86.31,22.5824,0.0,2.79,1.302,0.232,0.511,16.0
583,583,16_26,16_8,4718.476,68.39496,16.9388,0.0157,605.6916,30.0,39.0,1132.0,1139.0,1132.2073,1139.3628,1132.2073,1139.3628,43.09810536480706,-21.70142376998444,1.36,1.35,39.69,0.02549,0.02479,18.97,1132.2073,1139.3628,43.09810536480706,-21.70142376998444,0.81526479398,0.83338265147,0.81526479398,0.83338265147,0.913,0.903,81.62,0.9131182,0.9026974,81.62,22.7001,0.0,2.86,1.007,0.007,0.971,16.0
584,584,16_27,16_7,893.227,44.02671,18.7459,0.0535,604.9868,14.0,18.0,1277.0,1130.0,1277.4796,1130.1842,1277.4796,1130.1842,43.054176914210494,-21.698262265653756,1.191,0.995,20.43,0.07376,0.06039,22.85,1277.4796,1130.1842,43.054176914210494,-21.698262265653756,1.1431065521,0.95271593859,1.1431065521,0.95271593859,1.074,0.97,13.24,1.074363,0.9703434,13.24,22.6679,0.0,4.13,1.197,0.164,0.167,16.0
585,585,16_28,16_6,35047.05,119.0573,14.7617,0.0037,605.0206,78.0,84.0,1436.0,1102.0,1436.1347,1101.6366,1436.1347,1101.6366,43.00628444233013,-21.689583840509943,1.588,1.544,-72.51,0.00774,0.00751,-48.9,1436.1347,1101.6366,43.00628444233013,-21.689583840509943,0.8315005142,0.86357658667,0.8315005142,0.86357658667,0.931,0.911,-75.32,0.9305588,0.9105698,-75.32,22.6348,0.0,2.88,1.028,0.028,0.993,16.0
587,587,16_30,16_4,1907.288,64.2685,17.9223,0.0366,605.4399,33.0,38.0,1171.0,1070.0,1171.2011,1070.2192,1171.2011,1070.2192,43.08659863275054,-21.68181179585306,1.655,1.42,-45.3,0.06611,0.05577,-45.97,1171.2011,1070.2192,43.08659863275054,-21.68181179585306,2.0798573783,1.9761559686,2.0798573783,1.9761559686,1.469,1.378,-33.14,1.468625,1.378098,-33.14,22.6884,0.0,5.16,1.165,0.142,0.016,16.0
588,588,16_31,16_3,2100.21,55.67331,17.8176,0.0288,605.1269,22.0,27.0,1221.0,1041.0,1220.8626,1040.9397,1220.8626,1040.9397,43.071695874441495,-21.673374636717654,1.26,1.204,-57.06,0.04067,0.04031,-50.67,1220.8626,1040.9397,43.071695874441495,-21.673374636717654,0.81600870435,0.85022152774,0.81600870435,0.85022152774,0.933,0.892,-58.29,0.9334595,0.8915625,-58.29,22.6654,0.0,3.1,1.046,0.044,0.826,16.0
589,589,16_32,16_2,5217.694,70.06802,16.8296,0.0146,604.3465,34.0,40.0,1257.0,1033.0,1256.6439,1032.6699,1256.6439,1032.6699,43.06090402381588,-21.670904257594074,1.384,1.338,-27.48,0.0247,0.02277,-14.53,1256.6439,1032.6699,43.06090402381588,-21.670904257594074,0.79748047168,0.82985810426,0.79748047168,0.82985810426,0.916,0.888,-65.07,0.9158521,0.8880054,-65.07,22.6314,0.0,2.93,1.034,0.033,0.959,16.0
590,590,17_1,17_1,3183.421,61.74766,17.3661,0.0211,605.92,26.0,33.0,1702.0,1055.0,1702.2844,1054.6383,1702.2844,1054.6383,42.92594876871557,-21.67524570092501,1.329,1.251,-53.41,0.03286,0.03057,-44.52,1702.2844,1054.6383,42.92594876871557,-21.67524570092501,0.78638019654,0.81086271996,0.78638019654,0.81086271996,0.909,0.878,-58.41,0.9087144,0.8783399,-58.41,22.6707,0.0,2.92,1.062,0.059,0.91,17.0
591,591,17_2,17_24,14034.24,78.93143,15.7553,0.0061,605.8195,36.0,38.0,1649.0,1514.0,1649.483,1513.8804,1649.483,1513.8804,42.93983025312731,-21.804700045998924,1.468,1.026,-5.08,0.01239,0.00852,-9.17,1649.483,1513.8804,42.93983025312731,-21.804700045998924,0.70954692004,0.4796393268,0.70954692004,0.4796393268,0.843,0.691,-4.58,0.8432264,0.6914878,-4.58,22.633,24.0,3.85,1.43,0.301,0.983,17.0
592,592,17_3,17_23,5116.856,71.22269,16.8508,0.0151,606.1139,34.0,41.0,1881.0,1491.0,1881.2997,1491.2514,1881.2997,1491.2514,42.86971682713406,-21.797337333043654,1.419,1.305,-65.37,0.02608,0.02282,-62.83,1881.2997,1491.2514,42.86971682713406,-21.797337333043654,0.74555768843,0.80111806748,0.74555768843,0.80111806748,0.9,0.858,-69.55,0.900048,0.8582479,-69.55,22.6488,0.0,2.77,1.087,0.08,0.978,17.0
593,593,17_4,17_22,9078.367,81.72417,16.2283,0.0098,606.3582,44.0,52.0,1615.0,1492.0,1614.5767,1491.8293,1614.5767,1491.8293,42.95050424970364,-21.79864242496277,1.465,1.409,-69.82,0.01808,0.01709,-57.77,1614.5767,1491.8293,42.95050424970364,-21.79864242496277,0.80655440858,0.82556634045,0.80655440858,0.82556634045,0.91,0.897,-70.22,0.9101588,0.8965108,-70.22,22.6658,0.0,2.82,1.04,0.038,0.98,17.0
594,594,17_5,17_21,422.6886,29.87856,19.5582,0.0768,606.6992,8.0,8.0,1956.0,1487.0,1956.1615,1487.1227,1956.1615,1487.1227,42.84706048342489,-21.79584764037505,0.818,0.668,-46.06,0.07509,0.05948,-44.93,1956.1615,1487.1227,42.84706048342489,-21.79584764037505,0.6472150456,0.62877242925,0.6472150456,0.62877242925,0.82,0.777,-37.22,0.8199814,0.7769285,-37.22,22.6489,0.0,2.97,1.224,0.183,0.364,17.0
595,595,17_6,17_20,404.5516,30.91271,19.6059,0.083,605.9803,9.0,9.0,1587.0,1485.0,1587.0657,1485.2983,1587.0657,1485.2983,42.95886682072426,-21.796920253296687,0.903,0.686,-65.99,0.09375,0.06782,-69.66,1587.0657,1485.2983,42.95886682072426,-21.796920253296687,0.67705715612,0.71023905505,0.67705715612,0.71023905505,0.88,0.783,-50.94,0.8799251,0.782961,-50.94,22.6484,0.0,3.32,1.317,0.241,0.536,17.0
596,596,17_7,17_19,1240.425,48.35612,18.3894,0.0423,606.0307,17.0,21.0,1663.0,1461.0,1662.9681,1460.9479,1662.9681,1460.9479,42.93598849091682,-21.789748477949228,1.143,1.104,-67.33,0.05208,0.05197,-81.42,1662.9681,1460.9479,42.93598849091682,-21.789748477949228,0.79006179515,0.85836847095,0.79006179515,0.85836847095,0.933,0.882,-68.2,0.9334747,0.8815074,-68.2,22.6605,0.0,2.94,1.035,0.034,0.919,17.0
597,597,17_8,17_18,634.5745,37.35577,19.1171,0.0639,606.4167,11.0,13.0,1522.0,1456.0,1521.6433,1455.4568,1521.6433,1455.4568,42.97881679400006,-21.788796301369203,1.002,0.862,-49.44,0.07147,0.06107,-45.62,1521.6433,1455.4568,42.97881679400006,-21.788796301369203,0.76910756296,0.86164455799,0.76910756296,0.86164455799,0.946,0.858,-62.85,0.9458717,0.8579504,-62.85,22.6573,0.0,3.13,1.162,0.14,0.666,17.0
598,598,17_9,17_17,796.7189,46.70459,18.87,0.0637,606.8576,16.0,20.0,1972.0,1451.0,1972.6304,1451.2297,1972.6304,1451.2297,42.842243466762994,-21.78567543967321,1.675,0.83,-58.49,0.11493,0.05491,-59.71,1972.6304,1451.2297,42.842243466762994,-21.78567543967321,1.8649038018,2.4062906999,1.8649038018,2.4062906999,1.691,1.188,-55.96,1.691373,1.187625,-55.96,22.6552,0.0,6.71,2.018,0.505,0.075,17.0
599,599,17_10,17_16,294.041,27.75912,19.9523,0.1025,606.2496,7.0,7.0,1760.0,1453.0,1759.9748,1452.709,1759.9748,1452.709,42.90664550718785,-21.787016707239644,0.744,0.67,6.0,0.08407,0.07769,0.49,1759.9748,1452.709,42.90664550718785,-21.787016707239644,0.89510608137,0.74651648623,0.89510608137,0.74651648623,0.953,0.856,15.99,0.9530975,0.8562872,15.99,22.6635,0.0,4.18,1.111,0.1,0.408,17.0
600,600,17_11,17_15,428.2412,30.99025,19.5441,0.0786,606.0067,9.0,9.0,1591.0,1439.0,1590.95,1439.0137,1590.95,1439.0137,42.95790066000989,-21.78387995546245,0.785,0.782,79.36,0.07105,0.07093,-15.83,1590.95,1439.0137,42.95790066000989,-21.78387995546245,0.79813044263,0.80174130348,0.79813044263,0.80174130348,0.899,0.89,-51.27,0.8990287,0.8897298,-51.27,22.6545,0.0,2.85,1.004,0.004,0.4,17.0
601,601,17_12,17_14,6727.869,75.15517,16.5536,0.0121,604.9061,38.0,44.0,1741.0,1415.0,1741.0619,1415.3927,1741.0619,1415.3927,42.91254669502588,-21.776597328336614,1.439,1.347,-87.83,0.02133,0.01912,-89.41,1741.0619,1415.3927,42.91254669502588,-21.776597328336614,0.79646416127,0.8393282586,0.79646416127,0.8393282586,0.918,0.891,-75.58,0.9178045,0.8907454,-75.58,22.6046,0.0,2.86,1.068,0.064,0.979,17.0
602,602,17_13,17_13,1467.179,49.90157,18.2071,0.0369,605.9797,19.0,22.0,1894.0,1386.0,1894.2991,1386.6545,1894.2991,1386.6545,42.8662737874864,-21.76784856700291,1.211,1.076,-75.42,0.05245,0.04457,-72.38,1894.2991,1386.6545,42.8662737874864,-21.76784856700291,0.75436092331,0.81119441313,0.75436092331,0.81119441313,0.901,0.868,84.84,0.9009227,0.8682705,84.84,22.6371,0.0,3.08,1.125,0.111,0.91,17.0
603,603,17_14,17_12,15677.04,95.2038,15.6351,0.0066,606.3707,55.0,64.0,1914.0,1381.0,1913.7806,1381.085,1913.7806,1381.085,42.86040036018412,-21.76619623801917,1.532,1.478,-87.69,0.01303,0.01229,83.5,1913.7806,1381.085,42.86040036018412,-21.76619623801917,0.82224794448,0.85172789746,0.82224794448,0.85172789746,0.924,0.906,-77.15,0.9237666,0.9058869,-77.15,22.6545,0.0,2.86,1.037,0.035,0.982,17.0
604,604,17_15,17_11,30153.63,115.0589,14.925,0.0041,605.9105,76.0,83.0,1671.0,1266.0,1670.6559,1266.0152,1670.6559,1266.0152,42.93455402908019,-21.734862808988087,1.602,1.534,-79.69,0.00892,0.00841,89.0,1670.6559,1266.0152,42.93455402908019,-21.734862808988087,0.81761532424,0.84007236563,0.81761532424,0.84007236563,0.92,0.901,-64.59,0.9201167,0.9005958,-64.59,22.6576,0.0,2.82,1.045,0.043,0.983,17.0
605,605,17_16,17_10,303.8754,28.96942,19.9166,0.1035,605.5558,6.0,8.0,1517.0,1264.0,1517.0977,1263.8752,1517.0977,1263.8752,42.981054113967936,-21.73490463837446,0.821,0.671,44.86,0.10425,0.08255,44.92,1517.0977,1263.8752,42.981054113967936,-21.73490463837446,0.697778384,0.77057939435,0.697778384,0.77057939435,0.883,0.83,72.19,0.8825864,0.8303006,72.19,22.6611,0.0,4.04,1.222,0.182,0.494,17.0
606,606,17_17,17_9,1304.02,48.56206,18.3351,0.0404,605.7703,16.0,21.0,1852.0,1249.0,1852.0408,1248.8724,1852.0408,1248.8724,42.879717950029246,-21.72926126907522,1.124,1.092,-64.43,0.05173,0.05137,-70.23,1852.0408,1248.8724,42.879717950029246,-21.72926126907522,0.72262918916,0.75883083408,0.72262918916,0.75883083408,0.884,0.837,-58.35,0.8837562,0.83692,-58.35,22.6213,0.0,3.11,1.029,0.028,0.867,17.0
607,607,17_18,17_8,25888.49,109.2416,15.0905,0.0046,606.5981,69.0,76.0,1803.0,1225.0,1802.8646,1225.3693,1802.8646,1225.3693,42.89471573279114,-21.72286008904357,1.568,1.502,-81.74,0.00948,0.00891,-89.12,1802.8646,1225.3693,42.89471573279114,-21.72286008904357,0.80960433402,0.83876906617,0.80960433402,0.83876906617,0.918,0.897,-69.6,0.9183956,0.897175,-69.6,22.6674,0.0,2.81,1.044,0.042,0.984,17.0
609,609,17_20,17_6,348.7315,31.30049,19.7671,0.0975,605.8631,9.0,9.0,1937.0,1165.0,1936.4608,1164.6793,1936.4608,1164.6793,42.854557970781975,-21.70520103012239,0.984,0.694,55.51,0.11112,0.07705,55.42,1936.4608,1164.6793,42.854557970781975,-21.70520103012239,1.1845337581,1.3698027692,1.1845337581,1.3698027692,1.205,1.049,60.9,1.205392,1.049461,60.9,22.6082,0.0,4.91,1.418,0.295,0.019,17.0
611,611,17_22,17_4,659.548,38.09687,19.0752,0.0627,606.8378,12.0,13.0,1854.0,1091.0,1853.6488,1091.3915,1853.6488,1091.3915,42.87996876425729,-21.68493846853046,0.987,0.874,-38.46,0.07273,0.06213,-44.63,1853.6488,1091.3915,42.87996876425729,-21.68493846853046,0.78860817579,0.69083769915,0.78860817579,0.69083769915,0.889,0.83,-7.06,0.8888931,0.8302498,-7.06,22.6459,0.0,3.8,1.129,0.114,0.356,17.0
612,612,17_23,17_3,472.9604,32.69778,19.4362,0.0751,607.2748,10.0,10.0,2006.0,1075.0,2005.804,1075.0362,2005.804,1075.0362,42.83399494885551,-21.67966955068584,0.894,0.756,-0.89,0.0831,0.06599,-0.01,2005.804,1075.0362,42.83399494885551,-21.67966955068584,0.65594739117,0.65864829206,0.65594739117,0.65864829206,0.822,0.799,-47.14,0.8218299,0.7994944,-47.14,22.6586,0.0,3.29,1.182,0.154,0.23,17.0
613,613,17_24,17_2,2151.056,53.31542,17.7917,0.0269,606.8073,23.0,25.0,1973.0,1066.0,1973.3525,1065.9885,1973.3525,1065.9885,42.84385958246296,-21.677266688011382,1.223,1.153,15.16,0.03954,0.03452,11.26,1973.3525,1065.9885,42.84385958246296,-21.677266688011382,0.76012176735,0.78976970981,0.76012176735,0.78976970981,0.889,0.871,80.77,0.8891419,0.8713887,80.77,22.6408,0.0,2.93,1.061,0.057,0.947,17.0
615,615,18_2,18_1,315.5553,23.87923,19.8756,0.0822,608.044,4.0,5.0,2421.0,1004.0,2420.7079,1004.167,2420.7079,1004.167,42.708772259197,-21.65783986800685,0.948,0.369,3.68,0.13638,0.05217,4.82,2420.7079,1004.167,42.708772259197,-21.65783986800685,0.60638213788,0.11263472499,0.60638213788,0.11263472499,0.779,0.336,0.57,0.7787368,0.3355381,0.57,22.6338,24.0,3.48,2.57,0.611,0.537,18.0
616,616,18_3,18_31,285.9171,27.78953,19.9827,0.1056,606.272,6.0,7.0,2069.0,1497.0,2068.9659,1497.3078,2068.9659,1497.3078,42.81284206302718,-21.798213118484814,0.741,0.666,0.94,0.09284,0.0858,-0.44,2068.9659,1497.3078,42.81284206302718,-21.798213118484814,0.81930234987,0.64770567261,0.81930234987,0.64770567261,0.908,0.802,9.55,0.9079085,0.8016921,9.55,22.6118,0.0,3.55,1.113,0.102,0.499,18.0
617,617,18_4,18_34,3403.845,51.72301,17.2934,0.0165,608.9099,16.0,18.0,2519.0,1515.0,2518.1526,1513.9532,2518.1526,1513.9532,42.67668860985477,-21.8008260926946,1.052,0.926,-82.39,0.02739,0.02359,-60.78,2518.1526,1513.9532,42.67668860985477,-21.8008260926946,0.28362319007,0.39993662517,0.28362319007,0.39993662517,0.637,0.528,78.31,0.6365065,0.5276545,78.31,22.5652,24.0,5.88,1.136,0.12,0.958,18.0
618,618,18_5,18_33,16125.8,88.17603,15.6045,0.0059,608.4178,44.0,46.0,2480.0,1515.0,2480.2729,1514.2382,2480.2729,1514.2382,42.68816238062059,-21.801085921093925,1.919,0.894,-1.24,0.01699,0.00842,-1.49,2480.2729,1514.2382,42.68816238062059,-21.801085921093925,0.85538717939,0.23292524423,0.85538717939,0.23292524423,0.925,0.483,-0.5,0.9248966,0.4825751,-0.5,22.5944,24.0,3.67,2.147,0.534,0.994,18.0
619,619,18_6,18_30,454.2403,36.3618,19.4801,0.0869,607.3223,11.0,12.0,2321.0,1495.0,2321.2292,1495.1977,2321.2292,1495.1977,42.73643733575256,-21.796472470800776,1.292,0.671,-58.47,0.12481,0.06254,-58.17,2321.2292,1495.1977,42.73643733575256,-21.796472470800776,1.9393408274,2.7847143385,1.9393408274,2.7847143385,1.772,1.259,-61.48,1.771726,1.258985,-61.48,22.6318,0.0,4.81,1.926,0.481,0.162,18.0
620,620,18_7,18_29,1354.58,48.23658,18.2938,0.0387,607.9818,19.0,20.0,2413.0,1489.0,2413.4491,1488.7041,2413.4491,1488.7041,42.70853452492451,-21.794216137682504,1.138,1.107,73.15,0.05072,0.04957,4.82,2413.4491,1488.7041,42.70853452492451,-21.794216137682504,0.87341461903,0.9393099866,0.87341461903,0.9393099866,0.973,0.931,72.37,0.9729912,0.9305981,72.37,22.6371,0.0,3.38,1.027,0.027,0.228,18.0
621,621,18_8,18_28,18557.85,101.0983,15.452,0.0059,607.8445,61.0,68.0,2434.0,1483.0,2433.9991,1483.5083,2433.9991,1483.5083,42.70233574592105,-21.792657823373176,1.542,1.479,-65.62,0.01187,0.01121,-57.68,2433.9991,1483.5083,42.70233574592105,-21.792657823373176,0.79160110042,0.82344579061,0.79160110042,0.82344579061,0.909,0.889,-76.56,0.9085005,0.8886359,-76.56,22.6232,0.0,2.76,1.043,0.041,0.985,18.0
622,622,18_9,18_27,215.6153,23.33087,20.2891,0.1175,608.0404,5.0,5.0,2513.0,1388.0,2513.3773,1388.2283,2513.3773,1388.2283,42.67877599714961,-21.76547434434124,0.735,0.452,72.44,0.1112,0.06451,71.68,2513.3773,1388.2283,42.67877599714961,-21.76547434434124,0.48579554608,0.58292717801,0.48579554608,0.58292717801,0.783,0.675,63.96,0.7831864,0.6747901,63.96,22.6445,0.0,2.45,1.626,0.385,0.477,18.0
623,623,18_10,18_26,492.7672,31.99978,19.3917,0.0705,606.8033,9.0,9.0,2020.0,1379.0,2019.9866,1378.958,2019.9866,1378.958,42.82824710063953,-21.765129763312107,0.789,0.775,-47.3,0.06487,0.06479,-83.14,2019.9866,1378.958,42.82824710063953,-21.765129763312107,0.76847679759,0.83303066931,0.76847679759,0.83303066931,0.918,0.871,-70.2,0.9179582,0.8711258,-70.2,22.6282,0.0,3.05,1.019,0.018,0.612,18.0
624,624,18_11,18_25,376.836,31.52071,19.6829,0.0908,607.3814,9.0,9.0,2357.0,1366.0,2356.8604,1365.3386,2356.8604,1365.3386,42.72629367247534,-21.759768511776404,0.912,0.682,67.93,0.09933,0.07164,69.61,2356.8604,1365.3386,42.72629367247534,-21.759768511776404,0.84857844657,0.90570855504,0.84857844657,0.90570855504,0.978,0.893,55.46,0.9783442,0.8928212,55.46,22.6281,0.0,3.54,1.338,0.253,0.453,18.0
626,626,18_13,18_23,505.5453,37.85057,19.3639,0.0813,607.7946,13.0,13.0,2314.0,1284.0,2314.489,1284.6625,2314.489,1284.6625,42.73952675589637,-21.73726377084257,1.087,0.873,77.47,0.0967,0.07781,78.44,2314.489,1284.6625,42.73952675589637,-21.73726377084257,1.1262193069,1.3797681523,1.1262193069,1.3797681523,1.175,1.061,88.28,1.174733,1.061127,88.28,22.6486,0.0,5.81,1.245,0.197,0.01,18.0
627,627,18_14,18_22,2087.827,54.6474,17.8241,0.0284,607.4431,20.0,25.0,2170.0,1274.0,2170.007,1273.6117,2170.007,1273.6117,42.783328991320325,-21.734814277466675,1.218,1.136,-72.39,0.04042,0.03525,-78.81,2170.007,1273.6117,42.783328991320325,-21.734814277466675,0.72601516231,0.71980547039,0.72601516231,0.71980547039,0.859,0.841,-39.01,0.8589876,0.8414042,-39.01,22.6271,0.0,2.79,1.073,0.068,0.954,18.0
628,628,18_15,18_21,1764.412,54.1895,18.0068,0.0334,607.8889,21.0,25.0,2177.0,1268.0,2177.4173,1268.293,2177.4173,1268.293,42.78111125656469,-21.733284097783315,1.24,1.134,-80.61,0.04855,0.04257,-82.23,2177.4173,1268.293,42.78111125656469,-21.733284097783315,0.76194710893,0.77521097008,0.76194710893,0.77521097008,0.882,0.871,-65.95,0.8823325,0.8710037,-65.95,22.645,0.0,2.94,1.093,0.085,0.94,18.0
629,629,18_16,18_20,1148.602,45.02325,18.4729,0.0426,607.3831,17.0,18.0,2460.0,1245.0,2459.7062,1244.4979,2459.7062,1244.4979,42.69575783561287,-21.725285385630794,1.126,0.981,-6.08,0.05871,0.04781,-0.24,2459.7062,1244.4979,42.69575783561287,-21.725285385630794,0.72135385433,0.69738090911,0.72135385433,0.69738090911,0.862,0.822,-34.42,0.8617327,0.8222843,-34.42,22.616,0.0,2.96,1.148,0.129,0.824,18.0
631,631,18_18,18_18,261.5236,27.84457,20.0795,0.1156,607.3957,6.0,7.0,2111.0,1225.0,2111.5647,1225.2803,2111.5647,1225.2803,42.80125849637571,-21.721477443013224,0.995,0.478,81.22,0.1356,0.06231,81.63,2111.5647,1225.2803,42.80125849637571,-21.721477443013224,1.129957379,1.2687154152,1.129957379,1.2687154152,1.15,1.038,62.2,1.149849,1.037555,62.2,22.6384,0.0,4.08,2.083,0.52,0.473,18.0
632,632,18_19,18_17,897.5471,42.73021,18.7407,0.0517,606.2438,15.0,16.0,2136.0,1213.0,2136.4715,1212.923,2136.4715,1212.923,42.79377791514487,-21.717888176357583,1.071,0.948,-80.22,0.06528,0.0535,-89.89,2136.4715,1212.923,42.79377791514487,-21.717888176357583,0.7513315735,0.71049477297,0.7513315735,0.71049477297,0.892,0.816,-35.87,0.8922368,0.8159288,-35.87,22.5849,0.0,2.87,1.131,0.116,0.746,18.0
633,633,18_20,18_16,927.6637,42.55969,18.7048,0.0498,607.1628,15.0,16.0,2099.0,1204.0,2099.428,1204.2491,2099.428,1204.2491,42.80503460642685,-21.71561373745351,1.051,0.963,-72.89,0.06254,0.05412,-74.94,2099.428,1204.2491,42.80503460642685,-21.71561373745351,0.66827319632,0.68214147077,0.66827319632,0.68214147077,0.826,0.817,-78.97,0.8262501,0.8171446,-78.97,22.6337,0.0,2.93,1.091,0.084,0.758,18.0
634,634,18_21,18_15,289.3011,29.88501,19.9699,0.1122,609.1049,7.0,8.0,2238.0,1202.0,2237.7298,1202.1456,2237.7298,1202.1456,42.76317509605261,-21.714396447845484,1.084,0.52,-35.26,0.13289,0.0621,-35.36,2237.7298,1202.1456,42.76317509605261,-21.714396447845484,1.3421259773,1.1037625089,1.3421259773,1.1037625089,1.208,0.993,-29.92,1.208351,0.9928621,-29.92,22.69,0.0,4.45,2.086,0.521,0.487,18.0
635,635,18_22,18_14,380.8924,34.97684,19.6713,0.0997,608.9438,8.0,11.0,2247.0,1196.0,2246.5478,1196.8192,2246.5478,1196.8192,42.76053171017062,-21.712857354961116,1.079,0.726,-42.17,0.1085,0.07211,-41.08,2246.5478,1196.8192,42.76053171017062,-21.712857354961116,1.2228656431,1.3939018827,1.2228656431,1.3939018827,1.191,1.094,-70.15,1.191445,1.094179,-70.15,22.6839,0.0,4.32,1.488,0.328,0.253,18.0
638,638,18_25,18_11,2624.735,60.46924,17.5756,0.025,607.531,27.0,31.0,2157.0,1156.0,2156.6011,1156.342,2156.6011,1156.342,42.78795916037227,-21.70187560144947,1.295,1.262,12.92,0.0375,0.03555,30.22,2156.6011,1156.342,42.78795916037227,-21.70187560144947,0.8228805914,0.81087157788,0.8228805914,0.81087157788,0.908,0.9,-17.09,0.9078181,0.899788,-17.09,22.6401,0.0,2.88,1.026,0.025,0.942,18.0
639,639,18_26,18_10,309.7038,27.94951,19.8959,0.098,607.3091,7.0,7.0,2345.0,1126.0,2344.9881,1126.0248,2344.9881,1126.0248,42.73108188882832,-21.692483277508337,0.882,0.532,-44.23,0.108,0.06247,-44.99,2344.9881,1126.0248,42.73108188882832,-21.692483277508337,0.76697131148,0.63805340426,0.76697131148,0.63805340426,0.894,0.778,-24.12,0.8940365,0.7782824,-24.12,22.6076,0.0,3.75,1.658,0.397,0.487,18.0
640,640,18_27,18_9,2206.946,55.88672,17.7638,0.0275,607.8012,26.0,27.0,2070.0,1089.0,2069.6367,1089.0122,2069.6367,1089.0122,42.81460821347792,-21.68331895477172,1.257,1.194,-73.99,0.04074,0.03839,-66.34,2069.6367,1089.0122,42.81460821347792,-21.68331895477172,0.77020213633,0.83321800576,0.77020213633,0.83321800576,0.913,0.878,-88.03,0.9128485,0.8775693,-88.03,22.6478,0.0,3.1,1.053,0.05,0.931,18.0
641,641,18_28,18_8,233.4155,27.73223,20.203,0.129,609.4854,4.0,7.0,2303.0,1087.0,2302.6959,1086.9498,2302.6959,1086.9498,42.74407730066652,-21.681682709437656,0.744,0.683,87.52,0.09606,0.08874,89.28,2302.6959,1086.9498,42.74407730066652,-21.681682709437656,1.4671287743,1.485425468,1.4671287743,1.485425468,1.23,1.2,52.45,1.229575,1.200292,52.45,22.6973,0.0,4.22,1.089,0.081,0.467,18.0
642,642,18_29,18_7,33490.2,119.5118,14.811,0.0039,607.2875,74.0,87.0,2063.0,1076.0,2062.6968,1075.9256,2062.6968,1075.9256,42.81677157836507,-21.67966723651153,1.602,1.545,-75.46,0.0085,0.00808,-63.33,2062.6968,1075.9256,42.81677157836507,-21.67966723651153,0.82287874094,0.8577022648,0.82287874094,0.8577022648,0.927,0.906,-78.58,0.9269212,0.9063101,-78.58,22.6215,0.0,2.87,1.037,0.035,0.987,18.0
643,643,18_30,18_6,1055.09,46.89452,18.5651,0.0483,608.64,18.0,20.0,2475.0,1068.0,2475.1399,1067.85,2475.1399,1067.85,42.69197761968668,-21.675505109178847,1.153,1.092,70.95,0.0646,0.05954,64.93,2475.1399,1067.85,42.69197761968668,-21.675505109178847,0.88976260252,0.89983321007,0.88976260252,0.89983321007,0.956,0.936,-52.91,0.9556477,0.9361268,-52.91,22.6623,0.0,3.52,1.056,0.053,0.194,18.0
644,644,18_31,18_5,839.7289,41.16849,18.813,0.0532,608.4443,14.0,15.0,2489.0,1032.0,2488.7405,1032.3081,2488.7405,1032.3081,42.68804068094917,-21.6654393960714,1.063,0.918,-81.23,0.06728,0.05618,-83.97,2488.7405,1032.3081,42.68804068094917,-21.6654393960714,0.67010924359,0.74151580965,0.67010924359,0.74151580965,0.864,0.815,-74.82,0.8644032,0.815127,-74.82,22.6271,0.0,3.12,1.157,0.136,0.718,18.0
645,645,18_32,18_4,381.9715,30.95612,19.6682,0.088,608.0327,9.0,9.0,2119.0,1021.0,2118.8102,1020.7155,2118.8102,1020.7155,42.80005518799766,-21.663879651379386,0.931,0.668,-71.49,0.09928,0.07145,-69.29,2118.8102,1020.7155,42.80005518799766,-21.663879651379386,0.72937695532,1.0592668758,0.72937695532,1.0592668758,1.032,0.851,-82.76,1.03183,0.8508651,-82.76,22.6568,0.0,4.68,1.395,0.283,0.199,18.0
646,646,18_33,18_3,221.3218,25.86836,20.2607,0.1269,608.8242,6.0,6.0,2501.0,1018.0,2501.0268,1018.4822,2501.0268,1018.4822,42.68439209559369,-21.66149069672186,0.796,0.499,-2.44,0.11953,0.07328,-0.16,2501.0268,1018.4822,42.68439209559369,-21.66149069672186,1.1543678314,0.72132266609,1.1543678314,0.72132266609,1.094,0.824,-16.51,1.093663,0.824374,-16.51,22.6253,0.0,3.66,1.596,0.373,0.459,18.0
648,648,19_1,19_5,44349.24,131.5723,14.5061,0.0032,609.25,80.0,91.0,2944.0,1023.0,2944.2559,1022.803,2944.2559,1022.803,42.550218340558814,-21.66054382474032,1.588,1.548,-87.04,0.00679,0.00662,67.18,2944.2559,1022.803,42.550218340558814,-21.66054382474032,0.78547607349,0.81374183589,0.78547607349,0.81374183589,0.903,0.886,-78.08,0.9028072,0.8855264,-78.08,22.597,0.0,2.73,1.026,0.025,0.984,19.0
649,649,19_2,19_4,3247.398,64.78829,17.3445,0.0217,608.7578,30.0,33.0,2844.0,1025.0,2843.59,1024.9487,2843.59,1024.9487,42.58067686523679,-21.661651138329667,1.318,1.26,67.09,0.03331,0.03078,66.81,2843.59,1024.9487,42.58067686523679,-21.661651138329667,0.77189226759,0.7896711369,0.77189226759,0.7896711369,0.889,0.879,-85.32,0.8887019,0.8785057,-85.32,22.6171,0.0,2.85,1.046,0.044,0.966,19.0
651,651,19_4,19_2,1729.49,59.79823,18.0285,0.0375,608.1365,27.0,30.0,2544.0,1004.0,2543.9471,1005.0325,2543.9471,1005.0325,42.67147054974245,-21.65750239670778,2.064,0.932,-3.38,0.09305,0.04058,-3.14,2543.9471,1005.0325,42.67147054974245,-21.65750239670778,2.2208839927,1.1157462283,2.2208839927,1.1157462283,1.492,1.054,-3.41,1.491581,1.054427,-3.41,22.605,24.0,5.91,2.214,0.548,0.628,19.0
653,653,19_6,19_32,12179.83,130.9404,15.9092,0.0117,610.4611,128.0,140.0,2914.0,1479.0,2914.066,1478.8372,2914.066,1478.8372,42.55693523353954,-21.78900876517789,2.583,2.49,42.07,0.03486,0.03433,34.44,2914.066,1478.8372,42.55693523353954,-21.78900876517789,2.8810689284,2.862769084,2.8810689284,2.862769084,1.716,1.673,41.4,1.716098,1.672975,41.4,22.6835,0.0,4.26,1.037,0.036,0.023,19.0
654,654,19_7,19_37,55758.98,128.2123,14.2575,0.0025,609.2599,67.0,73.0,2522.0,1515.0,2521.9785,1514.1874,2521.9785,1514.1874,42.67552839910204,-21.800873788859743,1.877,0.977,-2.02,0.00806,0.00429,-3.64,2521.9785,1514.1874,42.67552839910204,-21.800873788859743,0.76197695871,0.2306428407,0.76197695871,0.2306428407,0.873,0.48,-0.61,0.8729475,0.4801902,-0.61,22.6449,24.0,3.36,1.922,0.48,0.982,19.0
655,655,19_8,19_31,11390.85,91.16845,15.9819,0.0087,608.1839,48.0,60.0,2874.0,1473.0,2874.447,1473.1665,2874.447,1473.1665,42.56896719797604,-21.78761236789293,1.48,1.418,-83.59,0.01608,0.01532,-78.11,2874.447,1473.1665,42.56896719797604,-21.78761236789293,0.78296709147,0.8165584331,0.78296709147,0.8165584331,0.904,0.884,-78.43,0.9044486,0.8840239,-78.43,22.5969,0.0,2.78,1.044,0.042,0.982,19.0
656,656,19_9,19_30,27212.3,115.0636,15.0364,0.0046,611.0032,77.0,82.0,2901.0,1468.0,2901.0641,1467.6398,2901.0641,1467.6398,42.56093346115081,-21.785923919084304,1.587,1.548,-89.11,0.00964,0.00945,71.97,2901.0641,1467.6398,42.56093346115081,-21.785923919084304,0.80108170602,0.83207734839,0.80108170602,0.83207734839,0.912,0.895,-87.95,0.9122045,0.8950095,-87.95,22.7126,0.0,2.8,1.025,0.025,0.99,19.0
657,657,19_10,19_28,2983.113,61.35746,17.4366,0.0223,607.1951,28.0,32.0,2643.0,1450.0,2643.3975,1449.9155,2643.3975,1449.9155,42.63907802737645,-21.78220786743125,1.352,1.223,76.38,0.03695,0.03138,70.05,2643.3975,1449.9155,42.63907802737645,-21.78220786743125,0.77631544271,0.84101172569,0.77631544271,0.84101172569,0.918,0.88,-82.11,0.9177575,0.8803684,-82.11,22.5883,0.0,2.93,1.106,0.096,0.954,19.0
658,658,19_11,19_26,25845.93,110.7291,15.0923,0.0047,609.0952,70.0,77.0,2764.0,1438.0,2764.2729,1437.5613,2764.2729,1437.5613,42.60252843847871,-21.77814198441997,1.568,1.488,-71.26,0.00977,0.00872,-67.02,2764.2729,1437.5613,42.60252843847871,-21.77814198441997,0.81011492469,0.84757249394,0.81011492469,0.84757249394,0.921,0.9,-83.79,0.9208809,0.8998144,-83.79,22.6529,0.0,2.81,1.054,0.051,0.982,19.0
659,659,19_12,19_25,5306.33,73.16124,16.8113,0.015,608.662,37.0,43.0,2712.0,1412.0,2711.9646,1412.069,2711.9646,1412.069,42.61850558730663,-21.77122610951903,1.415,1.353,-52.88,0.02623,0.02425,-45.51,2711.9646,1412.069,42.61850558730663,-21.77122610951903,0.77766378865,0.8074649002,0.77766378865,0.8074649002,0.899,0.882,-87.19,0.8986304,0.8818118,-87.19,22.6327,0.0,2.83,1.046,0.044,0.981,19.0
661,661,19_14,19_23,4701.03,67.0473,16.9428,0.0155,609.0613,32.0,35.0,3010.0,1344.0,3010.4835,1343.6259,3010.4835,1343.6259,42.52845306088239,-21.750478762496176,1.328,1.272,78.87,0.02436,0.02307,80.52,3010.4835,1343.6259,42.52845306088239,-21.750478762496176,0.73467729131,0.76936763819,0.73467729131,0.76936763819,0.878,0.856,79.42,0.8778511,0.8564008,79.42,22.6197,0.0,2.73,1.044,0.042,0.975,19.0
662,662,19_15,19_22,283.3581,29.86692,19.9925,0.1145,608.7569,8.0,8.0,2542.0,1339.0,2542.4953,1339.007,2542.4953,1339.007,42.670208502453896,-21.75148638865347,0.835,0.696,-0.43,0.10737,0.08775,-0.02,2542.4953,1339.007,42.670208502453896,-21.75148638865347,1.1681679815,1.1451678717,1.1681679815,1.1451678717,1.089,1.062,32.97,1.088524,1.062286,32.97,22.657,0.0,4.52,1.2,0.167,0.241,19.0
663,663,19_16,19_21,5531.037,72.00271,16.7663,0.0141,607.4205,37.0,41.0,2767.0,1330.0,2767.4423,1329.99,2767.4423,1329.99,42.602131679991615,-21.74786022489537,1.392,1.351,-88.7,0.02377,0.02322,-44.83,2767.4423,1329.99,42.602131679991615,-21.74786022489537,0.7911363155,0.83854077765,0.7911363155,0.83854077765,0.916,0.889,86.1,0.9158398,0.8893338,86.1,22.5769,0.0,2.82,1.03,0.029,0.979,19.0
664,664,19_17,19_20,506.483,33.76862,19.3619,0.0724,608.5158,10.0,10.0,2762.0,1276.0,2761.7586,1276.2726,2761.7586,1276.2726,42.6041337929662,-21.73277380431508,0.924,0.741,45.33,0.0792,0.06259,44.82,2761.7586,1276.2726,42.6041337929662,-21.73277380431508,0.69899349176,0.68702972667,0.69899349176,0.68702972667,0.868,0.795,42.15,0.8679494,0.7954164,42.15,22.6187,0.0,2.89,1.246,0.197,0.552,19.0
665,665,19_18,19_19,15787.66,94.99274,15.6275,0.0065,608.1573,51.0,61.0,2556.0,1252.0,2556.3235,1252.0328,2556.3235,1252.0328,42.66646527077548,-21.726947848606898,1.504,1.431,-59.47,0.01293,0.01163,-62.44,2556.3235,1252.0328,42.66646527077548,-21.726947848606898,0.77322214501,0.7866071354,0.77322214501,0.7866071354,0.89,0.876,-61.62,0.8900136,0.8761877,-61.62,22.6284,0.0,2.75,1.051,0.049,0.985,19.0
666,666,19_19,19_18,1935.95,58.25156,17.9061,0.0327,609.8845,24.0,29.0,2892.0,1205.0,2892.413,1204.8862,2892.413,1204.8862,42.5649473275588,-21.712039530584388,1.315,1.241,-12.19,0.04936,0.04445,-8.08,2892.413,1204.8862,42.5649473275588,-21.712039530584388,0.86507331048,0.8961820269,0.86507331048,0.8961820269,0.947,0.93,88.24,0.9466844,0.9300774,88.24,22.6694,3.0,3.07,1.06,0.057,0.889,19.0
667,667,19_20,19_18,9199.406,83.74032,16.2139,0.0099,609.2256,43.0,52.0,2886.0,1200.0,2885.7167,1200.489,2885.7167,1200.489,42.56699811653176,-21.710835783568218,1.467,1.417,-48.24,0.01822,0.01726,-35.24,2885.7167,1200.489,42.56699811653176,-21.710835783568218,0.80572850273,0.82813005269,0.80572850273,0.82813005269,0.911,0.897,-74.71,0.9110108,0.8966147,-74.71,22.6415,2.0,2.76,1.035,0.034,0.976,19.0
668,668,19_21,19_17,882.8382,41.88912,18.7586,0.0515,607.7134,14.0,15.0,2767.0,1184.0,2767.5095,1183.8237,2767.5095,1183.8237,42.60287552323421,-21.706732600318187,1.042,0.936,68.35,0.0631,0.05553,75.48,2767.5095,1183.8237,42.60287552323421,-21.706732600318187,0.71534876825,0.74875923005,0.71534876825,0.74875923005,0.881,0.83,56.2,0.880837,0.8295988,56.2,22.5792,0.0,3.24,1.114,0.102,0.763,19.0
669,669,19_22,19_16,688.207,37.12877,19.029,0.0586,609.4411,11.0,12.0,2998.0,1164.0,2997.7341,1164.1865,2997.7341,1164.1865,42.53327528181487,-21.70005619042249,0.929,0.849,-23.36,0.06636,0.05785,-20.58,2997.7341,1164.1865,42.53327528181487,-21.70005619042249,0.57058721763,0.61076463853,0.57058721763,0.61076463853,0.784,0.753,-73.32,0.7840473,0.7527428,-73.32,22.6361,0.0,2.84,1.093,0.085,0.644,19.0
670,670,19_23,19_15,925.0644,45.65469,18.7079,0.0536,608.7899,15.0,18.0,2687.0,1162.0,2686.5513,1162.0052,2686.5513,1162.0052,42.62749943920561,-21.700988725881555,1.231,0.927,-62.72,0.07294,0.05275,-66.64,2686.5513,1162.0052,42.62749943920561,-21.700988725881555,0.77282471053,0.80389283248,0.77282471053,0.80389283248,0.939,0.834,-49.8,0.93891,0.8337659,-49.8,22.6243,0.0,3.48,1.329,0.247,0.634,19.0
671,671,19_24,19_14,9123.445,82.71165,16.2229,0.0098,609.6651,43.0,50.0,2689.0,1130.0,2689.0907,1129.6492,2689.0907,1129.6492,42.6268981487281,-21.691871792084857,1.479,1.368,-75.35,0.01836,0.01595,-74.79,2689.0907,1129.6492,42.6268981487281,-21.691871792084857,0.77228432389,0.80423449882,0.77228432389,0.80423449882,0.9,0.876,-68.99,0.8998688,0.8756454,-68.99,22.6664,0.0,2.72,1.081,0.075,0.987,19.0
672,672,19_25,19_13,2270.619,57.16488,17.7329,0.0273,608.7211,26.0,27.0,2720.0,1128.0,2719.9309,1127.7342,2719.9309,1127.7342,42.61757188644532,-21.69118280533584,1.296,1.138,-80.35,0.0421,0.0346,-77.96,2719.9309,1127.7342,42.61757188644532,-21.69118280533584,0.74971638448,0.8134413929,0.74971638448,0.8134413929,0.902,0.866,-88.39,0.9019377,0.8658327,-88.39,22.6254,0.0,2.94,1.139,0.122,0.906,19.0
673,673,19_26,19_12,836.4904,42.82388,18.8171,0.0556,608.7715,14.0,16.0,2936.0,1125.0,2936.2506,1124.937,2936.2506,1124.937,42.552099006954734,-21.68932343309889,1.046,0.983,-31.13,0.06948,0.06414,-29.84,2936.2506,1124.937,42.552099006954734,-21.68932343309889,0.7627498702,0.77541761336,0.7627498702,0.77541761336,0.881,0.873,-74.34,0.8811912,0.8727368,-74.34,22.6145,0.0,3.23,1.064,0.061,0.445,19.0
674,674,19_27,19_11,1425.769,49.86836,18.2382,0.038,608.9501,17.0,21.0,2753.0,1097.0,2752.8905,1096.9176,2752.8905,1096.9176,42.60775462579364,-21.682350144645643,1.121,1.1,-12.69,0.04711,0.04686,30.34,2752.8905,1096.9176,42.60775462579364,-21.682350144645643,0.71231027359,0.68858624779,0.71231027359,0.68858624779,0.844,0.83,-0.38,0.8439854,0.8298103,-0.38,22.6394,0.0,3.04,1.018,0.018,0.881,19.0
675,675,19_28,19_10,291.4052,28.0605,19.9621,0.1046,608.7365,7.0,7.0,2989.0,1093.0,2989.2716,1092.9838,2989.2716,1092.9838,42.53621789741016,-21.680064234663348,0.724,0.67,-88.64,0.09325,0.08633,89.9,2989.2716,1092.9838,42.53621789741016,-21.680064234663348,0.55362707406,0.59723893096,0.55362707406,0.59723893096,0.775,0.742,76.3,0.7745938,0.7422064,76.3,22.6066,0.0,2.12,1.08,0.074,0.373,19.0
676,676,19_29,19_9,690.4862,38.43331,19.0254,0.0604,609.2501,12.0,13.0,3014.0,1083.0,3014.4117,1082.5644,3014.4117,1082.5644,42.52866302710056,-21.67700451595701,0.99,0.861,-39.03,0.07043,0.06002,-44.87,3014.4117,1082.5644,42.52866302710056,-21.67700451595701,0.65569970332,0.58595301881,0.65569970332,0.58595301881,0.821,0.754,-24.21,0.8205874,0.7538495,-24.21,22.6279,16.0,2.97,1.15,0.13,0.701,19.0
677,677,19_30,19_8,944.7543,44.60717,18.685,0.0513,608.2842,15.0,17.0,2809.0,1066.0,2809.3679,1065.8685,2809.3679,1065.8685,42.59082078090873,-21.67333524921642,1.143,0.945,78.52,0.06525,0.05109,74.92,2809.3679,1065.8685,42.59082078090873,-21.67333524921642,0.70508567314,0.78076894066,0.70508567314,0.78076894066,0.884,0.84,-87.33,0.8837045,0.8395957,-87.33,22.6111,0.0,3.22,1.21,0.173,0.822,19.0
678,678,19_31,19_7,350.1983,31.94397,19.7625,0.0991,608.9732,8.0,9.0,2742.0,1066.0,2742.2391,1066.4494,2742.2391,1066.4494,42.6111374687634,-21.673828759136143,0.894,0.754,-24.52,0.10201,0.08667,-26.44,2742.2391,1066.4494,42.6111374687634,-21.673828759136143,0.7605258128,0.71093066501,0.7605258128,0.71093066501,0.886,0.829,-29.88,0.8859856,0.8285445,-29.88,22.6453,0.0,3.59,1.185,0.156,0.567,19.0
680,680,19_33,19_36,308.0947,29.60091,19.9016,0.1043,608.5571,8.0,8.0,2601.0,1511.0,2601.1714,1511.1439,2601.1714,1511.1439,42.6515533248752,-21.79963857073067,0.82,0.674,-45.96,0.10173,0.08071,-44.86,2601.1714,1511.1439,42.6515533248752,-21.79963857073067,0.7203389068,0.72093090858,0.7203389068,0.72093090858,0.872,0.825,-45.21,0.8720312,0.8251251,-45.21,22.6367,16.0,3.0,1.218,0.179,0.452,19.0
681,681,19_34,19_35,719.513,38.95519,18.9807,0.0588,608.0571,11.0,13.0,2969.0,1494.0,2969.3604,1494.3829,2969.3604,1494.3829,42.54010141411676,-21.793102545835247,0.97,0.861,60.35,0.0672,0.05744,45.58,2969.3604,1494.3829,42.54010141411676,-21.793102545835247,0.5111109131,0.64371539694,0.5111109131,0.64371539694,0.803,0.715,-86.82,0.8025743,0.7146334,-86.82,22.5816,0.0,2.81,1.127,0.112,0.697,19.0
682,682,19_35,19_34,2041.295,54.90929,17.8485,0.0292,608.9117,21.0,26.0,2580.0,1489.0,2580.3082,1489.2644,2580.3082,1489.2644,42.65798604226333,-21.7935828859514,1.235,1.169,82.0,0.04318,0.03967,82.85,2580.3082,1489.2644,42.65798604226333,-21.7935828859514,0.75489786984,0.77165135611,0.75489786984,0.77165135611,0.883,0.864,60.22,0.8830671,0.8641422,60.22,22.649,0.0,2.94,1.056,0.053,0.937,19.0
683,683,19_36,19_33,933.4524,43.32408,18.6981,0.0504,608.4603,16.0,17.0,2693.0,1487.0,2692.6187,1486.4557,2692.6187,1486.4557,42.62397853241265,-21.792249585862898,1.1,1.015,-7.65,0.06507,0.05712,-11.1,2692.6187,1486.4557,42.62397853241265,-21.792249585862898,0.88357929532,0.86148591107,0.88357929532,0.86148591107,0.942,0.926,21.35,0.9421058,0.9260139,21.35,22.6589,0.0,3.45,1.084,0.077,0.322,19.0
690,690,20_7,20_30,536.04,36.68567,19.3003,0.0743,609.0087,12.0,12.0,3045.0,1483.0,3044.9727,1483.4961,3044.9727,1483.4961,42.51725367921493,-21.78965322678796,1.029,0.777,88.47,0.09015,0.06598,89.92,3044.9727,1483.4961,42.51725367921493,-21.78965322678796,0.65466015982,0.78642327737,0.65466015982,0.78642327737,0.887,0.808,84.51,0.8874987,0.8083499,84.51,22.6437,0.0,3.17,1.325,0.245,0.231,20.0
695,695,20_12,20_23,1245.569,43.34655,18.3849,0.0378,609.0471,12.0,16.0,3071.0,1444.0,3070.3064,1443.5806,3070.3064,1443.5806,42.509794763892295,-21.778293234716568,1.281,0.705,89.6,0.0651,0.03313,89.55,3070.3064,1443.5806,42.509794763892295,-21.778293234716568,0.28777871377,0.58051960086,0.28777871377,0.58051960086,0.762,0.536,-89.16,0.7619596,0.5363915,-89.16,22.6292,24.0,2.95,1.819,0.45,0.901,20.0
718,718,21_1,21_1,289.0751,27.38112,19.9708,0.1029,603.2528,7.0,7.0,468.0,1519.0,468.0163,1519.2509,468.0163,1519.2509,43.29764768059209,-21.81082247329663,0.718,0.685,6.37,0.09001,0.08354,-0.2,468.0163,1519.2509,43.29764768059209,-21.81082247329663,0.53855750072,0.65643663625,0.53855750072,0.65643663625,0.812,0.732,82.12,0.8116275,0.7322943,82.12,22.6528,0.0,2.91,1.048,0.046,0.48,21.0
719,719,21_2,21_33,18710.44,97.25462,15.4431,0.0056,602.695,61.0,68.0,273.0,2003.0,272.7634,2003.0647,272.7634,2003.0647,43.35494959287109,-21.94763599100077,1.549,1.483,-59.05,0.01113,0.01078,-59.73,272.7634,2003.0647,43.35494959287109,-21.94763599100077,0.80738352283,0.8278761546,0.80738352283,0.8278761546,0.917,0.892,-58.49,0.916633,0.8916522,-58.49,22.6839,0.0,2.82,1.044,0.042,0.985,21.0
720,720,21_3,21_32,741.1475,39.18962,18.9485,0.0574,603.585,11.0,15.0,420.0,2002.0,419.5815,2001.8604,419.5815,2001.8604,43.31045323948019,-21.94678486876675,1.04,0.937,73.82,0.06615,0.05832,75.81,419.5815,2001.8604,43.31045323948019,-21.94678486876675,0.68594900686,0.72470888832,0.68594900686,0.72470888832,0.852,0.827,79.9,0.8520444,0.8274529,79.9,22.6856,0.0,2.83,1.11,0.099,0.743,21.0
721,721,21_4,21_31,924.3456,41.83525,18.7087,0.0492,601.6823,15.0,17.0,156.0,1986.0,155.6832,1985.9477,155.6832,1985.9477,43.39049836792407,-21.943219230956117,1.144,0.93,-74.31,0.06513,0.05118,-75.15,155.6832,1985.9477,43.39049836792407,-21.943219230956117,0.71784450536,0.8437390133,0.71784450536,0.8437390133,0.933,0.831,-67.09,0.9333414,0.8309377,-67.09,22.6647,0.0,3.14,1.23,0.187,0.781,21.0
722,722,21_5,21_30,1846.1,45.72403,17.9577,0.0269,603.744,16.0,19.0,510.0,1963.0,510.0373,1962.562,510.0373,1962.562,43.283188669775214,-21.935406260596206,1.239,0.888,-86.04,0.042,0.03003,-82.71,510.0373,1962.562,43.283188669775214,-21.935406260596206,0.46959014352,0.68919746003,0.46959014352,0.68919746003,0.831,0.685,-87.17,0.8305031,0.6848739,-87.17,22.6859,24.0,3.51,1.396,0.284,0.962,21.0
723,723,21_6,21_29,1363.723,47.73882,18.2865,0.038,602.6405,18.0,22.0,109.0,1953.0,109.3367,1953.1277,109.3367,1953.1277,43.40466534749242,-21.93414125066967,1.176,1.101,-74.41,0.0517,0.04768,-68.89,109.3367,1953.1277,43.40466534749242,-21.93414125066967,0.74255222279,0.7810154079,0.74255222279,0.7810154079,0.884,0.862,-84.55,0.8839507,0.8615096,-84.55,22.6936,0.0,3.01,1.068,0.064,0.871,21.0
724,724,21_7,21_28,244.7293,24.59059,20.1516,0.1091,602.6581,6.0,6.0,195.0,1925.0,195.129,1925.1758,195.129,1925.1758,43.378770847497286,-21.925988232846283,0.751,0.565,47.79,0.1044,0.07727,44.99,195.129,1925.1758,43.378770847497286,-21.925988232846283,0.48744278866,0.66156052514,0.48744278866,0.66156052514,0.826,0.683,71.98,0.8259307,0.6832582,71.98,22.6932,0.0,3.49,1.33,0.248,0.489,21.0
725,725,21_8,21_27,40144.58,122.7486,14.6142,0.0033,603.8076,84.0,91.0,210.0,1899.0,210.3037,1898.9547,210.3037,1898.9547,43.37427056120601,-21.91855941222909,1.616,1.547,-69.09,0.00714,0.00685,-73.6,210.3037,1898.9547,43.37427056120601,-21.91855941222909,0.81989333552,0.87001878905,0.81989333552,0.87001878905,0.937,0.901,-69.33,0.9371961,0.900875,-69.33,22.7398,0.0,2.86,1.045,0.043,0.986,21.0
726,726,21_9,21_26,11969.3,86.2478,15.9281,0.0078,602.6601,50.0,59.0,67.0,1882.0,66.9662,1882.3086,66.9662,1882.3086,43.41776467171728,-21.914357835090037,1.523,1.447,-74.24,0.01524,0.01431,-83.66,66.9662,1882.3086,43.41776467171728,-21.914357835090037,0.81701312894,0.84761243095,0.81701312894,0.84761243095,0.928,0.897,-61.32,0.9277301,0.8966283,-61.32,22.6866,0.0,2.86,1.053,0.05,0.981,21.0
727,727,21_10,21_25,2599.98,54.33017,17.5859,0.0227,602.7974,25.0,27.0,397.0,1872.0,397.0876,1872.5756,397.0876,1872.5756,43.31776980365156,-21.910490259583053,1.264,1.16,84.27,0.03495,0.02898,77.82,397.0876,1872.5756,43.31776980365156,-21.910490259583053,0.77028803488,0.75741116117,0.77028803488,0.75741116117,0.882,0.866,-31.97,0.8823293,0.8655601,-31.97,22.6778,0.0,2.86,1.09,0.082,0.934,21.0
728,728,21_11,21_24,10196.89,82.21542,16.1021,0.0088,602.9227,50.0,54.0,295.0,1865.0,295.0415,1865.3511,295.0415,1865.3511,43.34871993914012,-21.90881401511,1.499,1.413,-76.32,0.01647,0.0154,-76.82,295.0415,1865.3511,43.34871993914012,-21.90881401511,0.81154797458,0.85723375125,0.81154797458,0.85723375125,0.93,0.897,-69.56,0.929841,0.8967594,-69.56,22.6819,0.0,2.86,1.061,0.058,0.98,21.0
730,730,21_13,21_22,567.9608,34.67529,19.2375,0.0663,602.9232,10.0,12.0,509.0,1823.0,509.4256,1823.0127,509.4256,1823.0127,43.28392092714522,-21.89614560619248,0.983,0.773,-3.49,0.08045,0.05888,-0.23,509.4256,1823.0127,43.28392092714522,-21.89614560619248,0.58233839622,0.56877083994,0.58233839622,0.56877083994,0.772,0.745,-35.01,0.7716221,0.7454586,-35.01,22.6964,24.0,2.44,1.271,0.214,0.586,21.0
731,731,21_14,21_21,16967.35,98.78261,15.5493,0.0063,602.4791,68.0,74.0,252.0,1777.0,252.3153,1776.63,252.3153,1776.63,43.362000596414,-21.88399894466319,1.683,1.525,-4.1,0.01463,0.01201,-1.86,252.3153,1776.63,43.362000596414,-21.88399894466319,0.87953890825,0.90472293039,0.87953890825,0.90472293039,0.954,0.935,-66.56,0.9542294,0.9347236,-66.56,22.6693,0.0,3.0,1.103,0.094,0.982,21.0
732,732,21_15,21_20,223.5727,24.5823,20.2498,0.1194,602.7725,6.0,6.0,216.0,1781.0,215.9986,1780.5224,215.9986,1780.5224,43.37298844265669,-21.88521848930129,0.772,0.499,-1.6,0.11115,0.0683,-0.07,215.9986,1780.5224,43.37298844265669,-21.88521848930129,0.57699863866,0.68350861157,0.57699863866,0.68350861157,0.852,0.731,-61.85,0.8522087,0.7309224,-61.85,22.6876,0.0,2.79,1.546,0.353,0.473,21.0
733,733,21_16,21_19,927.9429,41.76954,18.7045,0.0489,602.5735,16.0,17.0,168.0,1779.0,167.6044,1779.1247,167.6044,1779.1247,43.38765484587294,-21.884989659360127,1.133,0.945,75.18,0.06596,0.05166,74.83,167.6044,1779.1247,43.38765484587294,-21.884989659360127,0.75321957326,0.8205606005,0.75321957326,0.8205606005,0.907,0.866,79.48,0.9071735,0.8664967,79.48,22.6929,0.0,3.16,1.199,0.166,0.598,21.0
734,734,21_17,21_18,214.3728,26.19205,20.2954,0.1327,603.1494,6.0,7.0,25.0,1751.0,24.7122,1750.9874,24.7122,1750.9874,43.43104481385632,-21.87754960957544,0.744,0.678,86.15,0.1008,0.09325,89.78,24.7122,1750.9874,43.43104481385632,-21.87754960957544,1.1231090877,1.4478911069,1.1231090877,1.4478911069,1.208,1.055,-79.94,1.207658,1.05478,-79.94,22.712,0.0,2.25,1.096,0.088,0.343,21.0
735,735,21_18,21_17,1192.214,51.37207,18.4324,0.0468,602.2681,22.0,26.0,204.0,1726.0,204.4826,1726.2954,204.4826,1726.2954,43.37667980681013,-21.8700001911605,1.46,1.14,33.14,0.07423,0.05783,33.03,204.4826,1726.2954,43.37667980681013,-21.8700001911605,1.4778848659,1.4196289475,1.4778848659,1.4196289475,1.274,1.129,40.18,1.273853,1.129076,40.18,22.67,0.0,4.3,1.281,0.219,0.112,21.0
736,736,21_19,21_16,22966.35,103.4232,15.2206,0.0049,603.347,70.0,75.0,62.0,1721.0,61.8186,1721.4655,61.8186,1721.4655,43.41991256690418,-21.86912069457511,1.594,1.513,-72.09,0.01028,0.00952,-82.08,61.8186,1721.4655,43.41991256690418,-21.86912069457511,0.83862695221,0.86941418275,0.83862695221,0.86941418275,0.939,0.909,-62.24,0.9387314,0.9092989,-62.24,22.7236,0.0,2.89,1.054,0.051,0.98,21.0
737,737,21_20,21_15,329.0383,28.5807,19.8302,0.0943,602.5204,7.0,8.0,460.0,1702.0,460.1519,1702.1714,460.1519,1702.1714,43.29932071644063,-21.862321061164117,0.821,0.677,-44.17,0.08877,0.07052,-45.1,460.1519,1702.1714,43.29932071644063,-21.862321061164117,0.919661588,0.84748963295,0.919661588,0.84748963295,0.959,0.92,-4.35,0.9592091,0.9203635,-4.35,22.6465,0.0,2.9,1.212,0.175,0.539,21.0
738,738,21_21,21_14,322.7372,28.14177,19.8512,0.0947,602.0218,6.0,8.0,101.0,1691.0,100.8981,1691.4964,100.8981,1691.4964,43.40818529952597,-21.860558313369918,0.79,0.702,-89.66,0.09113,0.07545,89.92,100.8981,1691.4964,43.40818529952597,-21.860558313369918,0.55825451046,0.52241441848,0.55825451046,0.52241441848,0.749,0.721,-14.12,0.7487833,0.721105,-14.12,22.6737,0.0,3.03,1.125,0.111,0.55,21.0
739,739,21_22,21_13,2791.142,58.70304,17.5088,0.0228,602.8654,28.0,31.0,412.0,1668.0,411.9392,1668.4199,411.9392,1668.4199,43.31405616206582,-21.852995391833502,1.299,1.262,-75.87,0.03439,0.03357,-21.55,411.9392,1668.4199,43.31405616206582,-21.852995391833502,0.77126366643,0.81949219484,0.77126366643,0.81949219484,0.907,0.876,-75.94,0.9070392,0.8763765,-75.94,22.6613,0.0,2.88,1.029,0.028,0.962,21.0
740,740,21_23,21_12,233.7487,24.87753,20.2014,0.1156,603.0232,6.0,6.0,397.0,1652.0,396.519,1651.9811,396.519,1651.9811,43.3187903056469,-21.848424342624437,0.782,0.5,-89.02,0.10962,0.06729,-89.91,396.519,1651.9811,43.3187903056469,-21.848424342624437,0.69099401452,0.78774245036,0.69099401452,0.78774245036,0.914,0.803,-60.27,0.9135509,0.8025965,-60.27,22.6636,0.0,2.83,1.566,0.361,0.511,21.0
741,741,21_24,21_11,1673.274,51.03584,18.0644,0.0331,603.3614,20.0,25.0,213.0,1651.0,213.0205,1650.5513,213.0205,1650.5513,43.374376472815726,-21.84865882582269,1.285,1.095,-78.78,0.04937,0.03999,-81.32,213.0205,1650.5513,43.374376472815726,-21.84865882582269,0.7180322792,0.81115778068,0.7180322792,0.81115778068,0.903,0.845,-78.34,0.9029391,0.8449207,-78.34,22.7341,0.0,3.03,1.173,0.148,0.921,21.0
742,742,21_25,21_10,5258.225,68.18981,16.8212,0.0141,603.2117,34.0,41.0,123.0,1637.0,122.6889,1637.1572,122.6889,1637.1572,43.40178525758416,-21.84519577371849,1.381,1.35,-53.01,0.02305,0.02295,22.04,122.6889,1637.1572,43.40178525758416,-21.84519577371849,0.79407841816,0.80524205697,0.79407841816,0.80524205697,0.907,0.881,-51.8,0.9074059,0.8808718,-51.8,22.7355,0.0,2.83,1.024,0.023,0.982,21.0
743,743,21_26,21_9,1980.383,53.7784,17.8814,0.0295,603.6859,21.0,27.0,449.0,1616.0,449.0684,1615.5591,449.0684,1615.5591,43.30301354001232,-21.83798977180197,1.236,1.205,70.07,0.04241,0.03894,81.97,449.0684,1615.5591,43.30301354001232,-21.83798977180197,0.79420719307,0.75615042473,0.79420719307,0.75615042473,0.892,0.869,-7.39,0.8915485,0.8691944,-7.39,22.7003,0.0,3.01,1.026,0.025,0.875,21.0
745,745,21_28,21_7,154364.1,199.8479,13.1519,0.0014,603.1203,147.0,163.0,29.0,1584.0,28.7999,1583.9872,28.7999,1583.9872,43.43041342280015,-21.830547094892975,1.748,1.675,-34.01,0.00389,0.00321,-14.5,28.7999,1583.9872,43.43041342280015,-21.830547094892975,0.83989460176,0.86144633366,0.83989460176,0.86144633366,0.934,0.91,-59.55,0.9342501,0.9102294,-59.55,22.6982,0.0,2.91,1.043,0.041,0.988,21.0
746,746,21_29,21_6,583941.9,348.9331,11.7074,0.0006,604.1045,272.0,291.0,291.0,1575.0,291.693,1574.4622,291.693,1574.4622,43.35083490959136,-21.82697837996797,1.838,1.799,-32.37,0.00177,0.0016,-2.06,291.693,1574.4622,43.35083490959136,-21.82697837996797,0.97888204485,1.0010339523,0.97888204485,1.0010339523,1.002,0.988,-72.72,1.001702,0.9881849,-72.72,22.7296,0.0,3.05,1.022,0.022,1.0,21.0
747,747,21_30,21_5,5125.772,70.76006,16.8489,0.015,602.0366,36.0,45.0,84.0,1578.0,83.8897,1578.2582,83.8897,1578.2582,43.41375172698599,-21.82875256165176,1.4,1.367,-65.21,0.02459,0.02438,-8.08,83.8897,1578.2582,43.41375172698599,-21.82875256165176,0.83054264715,0.85889793852,0.83054264715,0.85889793852,0.932,0.906,-62.9,0.9321773,0.9058069,-62.9,22.6786,0.0,2.86,1.024,0.024,0.974,21.0
749,749,21_32,21_2,185.1559,24.52994,20.4545,0.1439,604.7007,4.0,6.0,312.0,1531.0,312.0075,1530.5055,312.0075,1530.5055,43.34484907072176,-21.81453909807104,0.784,0.5,0.14,0.1219,0.07478,0.01,312.0075,1530.5055,43.34484907072176,-21.81453909807104,0.98212119292,1.0713926846,0.98212119292,1.0713926846,1.037,0.989,78.0,1.03712,0.9888863,78.0,22.7542,0.0,2.85,1.568,0.362,0.488,21.0
750,750,22_1,22_2,171836.4,209.5259,13.0355,0.0013,605.1863,145.0,157.0,960.0,1523.0,959.5664,1523.4211,959.5664,1523.4211,43.14876075558352,-21.810171246860307,1.707,1.657,-68.64,0.00307,0.00296,-28.57,959.5664,1523.4211,43.14876075558352,-21.810171246860307,0.85524140175,0.90088040419,0.85524140175,0.90088040419,0.951,0.923,-76.14,0.9507043,0.9231918,-76.14,22.6398,0.0,2.88,1.03,0.029,1.0,22.0
751,751,22_2,22_1,162.0405,22.67025,20.5992,0.1519,602.702,3.0,5.0,677.0,1525.0,676.5924,1525.2045,676.5924,1525.2045,43.23445745459172,-21.81174031307916,0.756,0.45,-70.96,0.12906,0.07461,-71.54,676.5924,1525.2045,43.23445745459172,-21.81174031307916,1.2240307751,1.2532136954,1.2240307751,1.2532136954,1.139,1.086,-52.14,1.139187,1.086047,-52.14,22.6269,0.0,3.43,1.682,0.406,0.485,22.0
752,752,22_3,22_29,1892.088,56.62368,17.9309,0.0325,604.1479,24.0,29.0,855.0,2014.0,855.2230999999999,2014.3539,855.2230999999999,2014.3539,43.17834217953165,-21.948703817595025,1.356,1.178,-56.55,0.0496,0.04253,-54.57,855.2230999999999,2014.3539,43.17834217953165,-21.948703817595025,0.80074784438,0.86926169747,0.80074784438,0.86926169747,0.943,0.884,-64.61,0.9429619,0.8836473,-64.61,22.6553,24.0,2.93,1.151,0.131,0.767,22.0
753,753,22_4,22_27,3441.735,60.12377,17.2814,0.019,604.7753,29.0,33.0,938.0,2007.0,938.3698,2007.1942,938.3698,2007.1942,43.153164438185065,-21.94637236611204,1.341,1.228,-82.04,0.03115,0.02677,-80.89,938.3698,2007.1942,43.153164438185065,-21.94637236611204,0.76620254102,0.7866994978,0.76620254102,0.7866994978,0.887,0.875,-80.07,0.8873259,0.8749599,-80.07,22.6968,0.0,2.85,1.092,0.084,0.967,22.0
754,754,22_5,22_26,258.0117,26.98331,20.0942,0.1136,604.7761,6.0,7.0,795.0,1975.0,795.6976999999999,1975.1828,795.6976999999999,1975.1828,43.19654867244253,-21.937907653373955,0.871,0.608,58.48,0.11563,0.07991,59.6,795.6976999999999,1975.1828,43.19654867244253,-21.937907653373955,1.2951259973,1.589417806,1.2951259973,1.589417806,1.277,1.119,70.49,1.277373,1.119314,70.49,22.6853,0.0,4.31,1.431,0.301,0.116,22.0
756,756,22_7,22_24,467.8987,33.75521,19.4479,0.0783,603.9416,10.0,11.0,754.0,1952.0,754.1949,1952.5027,754.1949,1952.5027,43.20922198544592,-21.931681984964253,0.972,0.808,-51.91,0.09061,0.07311,-52.39,754.1949,1952.5027,43.20922198544592,-21.931681984964253,0.80197281297,0.80786449925,0.80197281297,0.80786449925,0.913,0.881,-47.95,0.9130121,0.8810484,-47.95,22.6646,0.0,3.2,1.204,0.169,0.58,22.0
757,757,22_8,22_23,9418.842,77.18592,16.1883,0.0089,604.1039,42.0,47.0,523.0,1944.0,522.977,1943.8881,522.977,1943.8881,43.27934002601033,-21.93010588383496,1.439,1.372,-74.52,0.01574,0.01451,-81.86,522.977,1943.8881,43.27934002601033,-21.93010588383496,0.77967645489,0.81958310719,0.77967645489,0.81958310719,0.911,0.877,-66.14,0.9106532,0.8774796,-66.14,22.7031,0.0,2.85,1.049,0.047,0.982,22.0
758,758,22_9,22_22,5474.281,69.35104,16.7775,0.0138,604.1285,36.0,41.0,641.0,1930.0,640.5405000000001,1930.1162,640.5405000000001,1930.1162,43.24376189198789,-21.925804039550165,1.387,1.349,-80.46,0.02268,0.02258,-68.29,640.5405000000001,1930.1162,43.24376189198789,-21.925804039550165,0.78986915335,0.83147103379,0.78986915335,0.83147103379,0.914,0.887,-73.76,0.9139614,0.8865747,-73.76,22.6954,0.0,2.82,1.029,0.028,0.976,22.0
759,759,22_10,22_21,9427.059,79.72105,16.1874,0.0092,603.4142,46.0,50.0,915.0,1914.0,914.7178,1914.1332,914.7178,1914.1332,43.1607227767591,-21.92027992541588,1.455,1.391,-81.04,0.01677,0.01564,-78.7,914.7178,1914.1332,43.1607227767591,-21.92027992541588,0.79935940727,0.82922810681,0.79935940727,0.82922810681,0.911,0.893,-77.94,0.911403,0.8932704,-77.94,22.6342,0.0,2.82,1.046,0.044,0.983,22.0
760,760,22_11,22_20,10345.93,82.64198,16.0864,0.0087,604.1801,48.0,54.0,657.0,1847.0,656.6896,1846.7754,656.6896,1846.7754,43.239201022183934,-21.902296178908504,1.472,1.431,80.17,0.0161,0.0153,55.05,656.6896,1846.7754,43.239201022183934,-21.902296178908504,0.79983213899,0.8431631203,0.79983213899,0.8431631203,0.92,0.893,-77.09,0.9195462,0.8929893,-77.09,22.693,0.0,2.86,1.028,0.027,0.979,22.0
761,761,22_12,22_19,4196.013,64.87325,17.0662,0.0168,604.4522,33.0,37.0,717.0,1834.0,717.5143,1833.8311,717.5143,1833.8311,43.22082034742744,-21.898429345381267,1.38,1.268,-79.42,0.0281,0.02467,-80.39,717.5143,1833.8311,43.22082034742744,-21.898429345381267,0.74916702787,0.80377521138,0.74916702787,0.80377521138,0.897,0.865,-80.97,0.8973234,0.8647271,-80.97,22.7027,0.0,2.85,1.088,0.081,0.971,22.0
764,764,22_15,22_16,233.8849,24.731,20.2008,0.1148,604.7743,6.0,6.0,807.0,1795.0,806.4999,1795.0368,806.4999,1795.0368,43.1940119892676,-21.887181250351027,0.787,0.5,-88.13,0.10426,0.0639,-89.91,806.4999,1795.0368,43.1940119892676,-21.887181250351027,0.65181064422,0.78247202408,0.65181064422,0.78247202408,0.91,0.778,-62.95,0.9102522,0.7782824,-62.95,22.7167,0.0,2.8,1.575,0.365,0.485,22.0
765,765,22_16,22_15,9568.859,80.76818,16.1712,0.0092,604.0555,47.0,52.0,707.0,1791.0,706.746,1791.1544,706.746,1791.1544,43.2242556665817,-21.886461546746563,1.475,1.415,-69.37,0.01657,0.01618,-52.11,706.746,1791.1544,43.2242556665817,-21.886461546746563,0.80250486246,0.84314678277,0.80250486246,0.84314678277,0.924,0.89,-66.1,0.9236211,0.8902672,-66.1,22.6836,0.0,2.86,1.043,0.041,0.982,22.0
767,767,22_18,22_13,1826.012,52.95635,17.9695,0.0315,604.2888,21.0,26.0,966.0,1750.0,966.3129,1749.6936,966.3129,1749.6936,43.1457724974329,-21.873814231810577,1.217,1.204,-76.74,0.04489,0.04365,-34.74,966.3129,1749.6936,43.1457724974329,-21.873814231810577,0.80093578497,0.84063367747,0.80093578497,0.84063367747,0.919,0.893,73.23,0.9190195,0.8927332,73.23,22.6748,0.0,3.14,1.011,0.01,0.689,22.0
768,768,22_19,22_12,45645.47,128.9922,14.4748,0.0031,603.8077,88.0,94.0,643.0,1730.0,642.992,1730.1789,642.992,1730.1789,43.24381743554562,-21.8695400816741,1.609,1.545,-59.28,0.00661,0.00627,-37.37,642.992,1730.1789,43.24381743554562,-21.8695400816741,0.80127077641,0.82324199028,0.80127077641,0.82324199028,0.912,0.891,-62.81,0.9116573,0.8907265,-62.81,22.6675,0.0,2.81,1.042,0.04,0.99,22.0
769,769,22_20,22_11,8278.693,78.74831,16.3284,0.0103,603.7897,42.0,49.0,615.0,1709.0,615.4975,1708.7854,615.4975,1708.7854,43.25223254502978,-21.86362124237115,1.447,1.379,-78.29,0.01831,0.01752,-77.95,615.4975,1708.7854,43.25223254502978,-21.86362124237115,0.78634560316,0.8193933513,0.78634560316,0.8193933513,0.906,0.886,-76.22,0.9063713,0.8855676,-76.22,22.6697,0.0,2.85,1.05,0.047,0.978,22.0
770,770,22_21,22_10,65880.65,145.1306,14.0764,0.0024,604.0502,102.0,107.0,688.0,1704.0,688.4525,1704.116,688.4525,1704.116,43.230148481641656,-21.86203915528157,1.631,1.584,-58.03,0.00524,0.0051,-13.0,688.4525,1704.116,43.230148481641656,-21.86203915528157,0.82224294355,0.84473761755,0.82224294355,0.84473761755,0.926,0.9,-59.11,0.9258909,0.899837,-59.11,22.6814,0.0,2.8,1.03,0.029,0.986,22.0
771,771,22_22,22_9,242.7756,24.57036,20.1603,0.1099,603.8517,6.0,6.0,527.0,1684.0,527.4936,1683.9196,527.4936,1683.9196,43.27899136711495,-21.856944084454536,0.796,0.499,87.55,0.10609,0.06476,89.82,527.4936,1683.9196,43.27899136711495,-21.856944084454536,0.60315227033,0.76722122763,0.60315227033,0.76722122763,0.886,0.766,72.96,0.8855719,0.7655951,72.96,22.7068,0.0,3.72,1.595,0.373,0.38,22.0
772,772,22_23,22_8,5766.405,72.85642,16.721,0.0137,602.9164,37.0,46.0,765.0,1667.0,765.4467,1667.4989,765.4467,1667.4989,43.20697022756119,-21.851449532953097,1.444,1.407,31.57,0.02492,0.02301,23.38,765.4467,1667.4989,43.20697022756119,-21.851449532953097,0.86470182036,0.9015551092,0.86470182036,0.9015551092,0.952,0.928,-72.44,0.95166,0.9276854,-72.44,22.6319,0.0,2.98,1.026,0.025,0.952,22.0
774,774,22_25,22_6,1358.848,47.28,18.2904,0.0378,603.6675,17.0,21.0,710.0,1614.0,709.8016,1613.9232,709.8016,1613.9232,43.22404327999087,-21.836581677339485,1.145,1.093,-7.49,0.04865,0.04794,15.88,709.8016,1613.9232,43.22404327999087,-21.836581677339485,0.82826950147,0.74723494654,0.82826950147,0.74723494654,0.911,0.863,-8.11,0.9110156,0.8634554,-8.11,22.6741,0.0,3.25,1.047,0.045,0.738,22.0
777,777,22_28,22_3,246023.9,242.0813,12.6459,0.0011,603.8598,174.0,187.0,910.0,1554.0,909.6707,1554.1747,909.6707,1554.1747,43.163745826011706,-21.81901641271669,1.728,1.687,-61.83,0.00259,0.00246,-20.64,909.6707,1554.1747,43.163745826011706,-21.81901641271669,0.84745876503,0.8839694723,0.84745876503,0.8839694723,0.943,0.918,-71.73,0.9425694,0.9181455,-71.73,22.6302,0.0,2.88,1.024,0.023,0.999,22.0
778,778,22_29,22_28,240030.7,241.3361,12.6726,0.0011,603.6552,172.0,190.0,692.0,2005.0,691.6752,2005.2082,691.6752,2005.2082,43.22796026172481,-21.946742875172134,1.722,1.685,-73.63,0.00264,0.00258,12.08,691.6752,2005.2082,43.22796026172481,-21.946742875172134,0.83586037717,0.87581724683,0.83586037717,0.87581724683,0.939,0.911,-69.78,0.9391947,0.9108188,-69.78,22.6434,0.0,2.87,1.022,0.022,0.991,22.0
779,779,23_1,23_1,342527.3,277.4084,12.2866,0.0009,605.3531,200.0,214.0,1293.0,1525.0,1293.4236,1525.2802,1293.4236,1525.2802,43.04763111986282,-21.80937840537088,1.746,1.717,-48.73,0.00222,0.00206,4.19,1293.4236,1525.2802,43.04763111986282,-21.80937840537088,0.85479981758,0.87849449489,0.85479981758,0.87849449489,0.942,0.92,-62.24,0.9421099,0.9196321,-62.24,22.6476,0.0,2.87,1.017,0.016,0.998,23.0
780,780,23_2,23_30,241.5396,24.71615,20.1658,0.1111,604.2275,5.0,6.0,1049.0,2013.0,1049.078,2012.5105,1049.078,2012.5105,43.11957787475373,-21.94743985767692,0.786,0.5,0.33,0.10992,0.06715,0.12,1049.078,2012.5105,43.11957787475373,-21.94743985767692,0.65987523292,0.62692126203,0.65987523292,0.62692126203,0.815,0.789,18.34,0.8148273,0.7892104,18.34,22.6804,16.0,3.7,1.573,0.364,0.492,23.0
781,781,23_3,23_29,25221.64,106.9799,15.1189,0.0046,606.0391,66.0,76.0,1503.0,2005.0,1503.4253,2004.9922,1503.4253,2004.9922,42.98185539745989,-21.94349507274904,1.555,1.514,-30.44,0.00967,0.00902,-15.75,1503.4253,2004.9922,42.98185539745989,-21.94349507274904,0.80716760204,0.81601241158,0.80716760204,0.81601241158,0.909,0.892,-53.52,0.9092215,0.8924664,-53.52,22.6737,0.0,2.8,1.027,0.026,0.991,23.0
782,782,23_4,23_28,1889.114,65.21423,17.9327,0.0375,604.5094,33.0,40.0,1134.0,1996.0,1134.2674,1996.1899,1134.2674,1996.1899,43.09381992852804,-21.94251382113995,1.741,1.498,-13.92,0.07025,0.05979,-10.22,1134.2674,1996.1899,43.09381992852804,-21.94251382113995,2.4077323494,2.1822732276,2.4077323494,2.1822732276,1.564,1.465,-20.58,1.56357,1.464669,-20.58,22.6547,0.0,5.7,1.162,0.14,0.004,23.0
783,783,23_5,23_27,201.4692,22.55653,20.3628,0.1216,605.9031,5.0,5.0,1065.0,1924.0,1065.3615,1923.7719,1065.3615,1923.7719,43.11501897135727,-21.922409343463748,0.753,0.447,-73.04,0.1195,0.06941,-71.72,1065.3615,1923.7719,43.11501897135727,-21.922409343463748,0.59853951476,0.82156566941,0.59853951476,0.82156566941,0.908,0.772,-83.09,0.908235,0.7715014,-83.09,22.7516,0.0,3.41,1.686,0.407,0.505,23.0
784,784,23_6,23_26,141.4953,22.40907,20.7464,0.172,605.23,2.0,5.0,1084.0,1877.0,1084.1799,1876.4068,1084.1799,1876.4068,43.10951662451773,-21.909009051141908,0.763,0.449,18.88,0.13132,0.07589,18.42,1084.1799,1876.4068,43.10951662451773,-21.909009051141908,1.6595121433,1.3786835283,1.6595121433,1.3786835283,1.308,1.152,21.48,1.308038,1.152055,21.48,22.707,0.0,2.66,1.701,0.412,0.39,23.0
785,785,23_7,23_25,72721.62,152.3624,13.9691,0.0023,605.9906,104.0,107.0,1506.0,1858.0,1506.1921,1858.1073,1506.1921,1858.1073,42.98168152603888,-21.90215678040583,1.695,1.6,-53.66,0.00545,0.00448,-40.79,1506.1921,1858.1073,42.98168152603888,-21.90215678040583,0.8473471701,0.87157902499,0.8473471701,0.87157902499,0.938,0.916,-62.99,0.9381269,0.9158844,-62.99,22.6199,19.0,2.85,1.06,0.056,0.986,23.0
786,786,23_8,23_25,311698.8,263.9773,12.389,0.0009,605.9553,172.0,183.0,1502.0,1851.0,1501.6432,1850.7449,1501.6432,1850.7449,42.98309363276108,-21.900104178274155,1.743,1.642,-43.36,0.00228,0.00193,-26.48,1501.6432,1850.7449,42.98309363276108,-21.900104178274155,0.8413145582,0.8670977062,0.8413145582,0.8670977062,0.937,0.911,-61.21,0.937149,0.9111333,-61.21,22.6274,3.0,2.87,1.062,0.058,0.999,23.0
787,787,23_9,23_24,685.6888,35.83358,19.033,0.0568,603.7599,12.0,12.0,1195.0,1845.0,1194.9723,1844.8908,1194.9723,1844.8908,43.07607137557955,-21.899703957425466,0.954,0.84,-2.89,0.06998,0.05844,-0.36,1194.9723,1844.8908,43.07607137557955,-21.899703957425466,0.67586460474,0.65706491829,0.67586460474,0.65706491829,0.83,0.803,-32.26,0.8296484,0.802878,-32.26,22.6184,0.0,3.1,1.137,0.12,0.702,23.0
788,788,23_10,23_23,381.8123,27.32013,19.6687,0.0777,605.6576,2.0,7.0,1358.0,1840.0,1357.9887,1839.7846,1357.9887,1839.7846,43.02668468142966,-21.8976109508633,0.652,0.645,71.39,0.0601,0.05618,-0.42,1357.9887,1839.7846,43.02668468142966,-21.8976109508633,0.41682463478,0.4247079354,0.41682463478,0.4247079354,0.652,0.645,71.39,0.6524696,0.644838,71.39,22.6944,0.0,0.76,1.012,0.012,0.864,23.0
789,789,23_11,23_22,868.4974,39.87234,18.7764,0.0499,604.6319,13.0,15.0,1053.0,1778.0,1052.9029,1778.3827,1052.9029,1778.3827,43.119412519347385,-21.88155071706944,1.013,0.954,-21.1,0.06056,0.05356,-15.0,1052.9029,1778.3827,43.119412519347385,-21.88155071706944,0.74039953679,0.74882135611,0.74039953679,0.74882135611,0.866,0.86,-79.29,0.8655251,0.8602833,-79.29,22.6648,0.0,3.13,1.062,0.058,0.718,23.0
790,790,23_12,23_21,9786.366,81.78626,16.1467,0.0091,604.5264,47.0,53.0,1281.0,1735.0,1281.2635,1735.3361,1281.2635,1735.3361,43.0503969790165,-21.86853314686644,1.477,1.428,-76.03,0.01688,0.01629,-70.13,1281.2635,1735.3361,43.0503969790165,-21.86853314686644,0.83830262337,0.87453523197,0.83830262337,0.87453523197,0.936,0.915,-78.73,0.9359667,0.91477,-78.73,22.6563,0.0,2.93,1.035,0.034,0.981,23.0
791,791,23_13,23_20,549.8439,35.56638,19.2727,0.0702,604.2791,11.0,12.0,1094.0,1735.0,1094.4004,1734.5159,1094.4004,1734.5159,43.10702405474391,-21.869045421765005,0.904,0.9,-34.77,0.07386,0.07346,-9.8,1094.4004,1734.5159,43.10702405474391,-21.869045421765005,0.77025554637,0.74204381902,0.77025554637,0.74204381902,0.878,0.861,10.25,0.8781857,0.8608654,10.25,22.6392,0.0,3.67,1.003,0.003,0.29,23.0
792,792,23_14,23_19,42010.89,126.4918,14.5649,0.0033,604.7969,85.0,92.0,1024.0,1729.0,1024.0054,1729.4132,1024.0054,1729.4132,43.12837618306276,-21.867884587383653,1.598,1.553,-88.12,0.00709,0.00678,66.39,1024.0054,1729.4132,43.12837618306276,-21.867884587383653,0.80202832918,0.8379001325,0.80202832918,0.8379001325,0.919,0.892,-68.37,0.9190155,0.8918178,-68.37,22.6549,0.0,2.81,1.029,0.028,0.99,23.0
793,793,23_15,23_18,3005.484,59.08845,17.4285,0.0214,604.4699,30.0,31.0,1303.0,1721.0,1303.2018,1721.1496,1303.2018,1721.1496,43.0438113180631,-21.864452947358007,1.295,1.256,-0.14,0.03411,0.03078,5.58,1303.2018,1721.1496,43.0438113180631,-21.864452947358007,0.80128325045,0.84795711293,0.80128325045,0.84795711293,0.921,0.895,-87.17,0.9209081,0.8950802,-87.17,22.6473,0.0,2.95,1.031,0.03,0.964,23.0
794,794,23_16,23_17,272.8741,28.92097,20.0334,0.1151,605.8239,7.0,8.0,1436.0,1695.0,1435.8624,1694.8472,1435.8624,1694.8472,43.00372961610937,-21.85651136969325,0.848,0.67,-45.6,0.10839,0.08575,-45.09,1435.8624,1694.8472,43.00372961610937,-21.85651136969325,1.5840057492,1.6824067431,1.5840057492,1.6824067431,1.339,1.214,-53.95,1.339122,1.21374,-53.95,22.6754,0.0,4.47,1.267,0.211,0.362,23.0
795,795,23_17,23_16,22872.18,103.0674,15.225,0.0049,604.9883,68.0,71.0,1117.0,1661.0,1116.9891,1660.9173,1116.9891,1660.9173,43.100493717767534,-21.84824768417661,1.553,1.505,-87.61,0.00995,0.00939,84.96,1116.9891,1660.9173,43.100493717767534,-21.84824768417661,0.80193203839,0.82995539849,0.80193203839,0.82995539849,0.913,0.893,-69.83,0.9134153,0.8930621,-69.83,22.6869,0.0,2.84,1.032,0.031,0.991,23.0
796,796,23_18,23_15,232.7542,25.04021,20.2061,0.1168,604.6198,6.0,6.0,1079.0,1656.0,1079.1567,1655.8544,1079.1567,1655.8544,43.11197732508824,-21.846971646602903,0.751,0.572,-45.29,0.10572,0.07817,-45.05,1079.1567,1655.8544,43.11197732508824,-21.846971646602903,0.72802643154,0.7199174945,0.72802643154,0.7199174945,0.871,0.831,-41.59,0.8707058,0.8305511,-41.59,22.6732,0.0,3.87,1.313,0.238,0.395,23.0
797,797,23_19,23_14,54973.09,137.2061,14.2729,0.0027,605.4608,93.0,101.0,1215.0,1648.0,1214.9057,1648.1435,1214.9057,1648.1435,43.07088273644573,-21.844265245536715,1.623,1.57,-59.93,0.00601,0.00571,-45.85,1214.9057,1648.1435,43.07088273644573,-21.844265245536715,0.81217171339,0.8363742344,0.81217171339,0.8363742344,0.918,0.898,-65.38,0.918044,0.8976308,-65.38,22.6885,0.0,2.84,1.034,0.033,0.991,23.0
798,798,23_20,23_13,252.7055,25.22844,20.1168,0.1084,603.5042,6.0,6.0,1041.0,1652.0,1041.0372,1652.4872,1041.0372,1652.4872,43.12354042511421,-21.84617307428412,0.779,0.5,0.82,0.10822,0.06637,-0.03,1041.0372,1652.4872,43.12354042511421,-21.84617307428412,0.61469958444,0.64164049877,0.61469958444,0.64164049877,0.808,0.777,61.88,0.8077173,0.7771312,61.88,22.6233,0.0,3.6,1.558,0.358,0.525,23.0
801,801,23_23,23_10,329.3608,30.82037,19.8291,0.1016,604.2604,7.0,9.0,1426.0,1633.0,1425.6554,1633.0981,1425.6554,1633.0981,43.00709775329373,-21.83917854158661,0.932,0.677,21.84,0.10951,0.07881,20.38,1425.6554,1633.0981,43.00709775329373,-21.83917854158661,1.0875941631,0.7782996669,1.0875941631,0.7782996669,1.057,0.865,16.43,1.056902,0.8653629,16.43,22.6087,0.0,3.27,1.376,0.273,0.486,23.0
802,802,23_24,23_9,859.0037,40.55875,18.7883,0.0513,605.278,13.0,15.0,1359.0,1632.0,1358.438,1632.4029,1358.438,1632.4029,43.027465691179486,-21.83925769993559,1.06,0.917,-44.91,0.06087,0.05305,-44.87,1358.438,1632.4029,43.027465691179486,-21.83925769993559,0.71470396371,0.71863153263,0.71470396371,0.71863153263,0.882,0.809,-45.91,0.8821393,0.8094231,-45.91,22.651,0.0,3.1,1.156,0.135,0.579,23.0
803,803,23_25,23_8,9509.363,80.02111,16.1779,0.0091,603.6585,46.0,50.0,1135.0,1630.0,1134.8635,1629.5808,1134.8635,1629.5808,43.095212355345566,-21.83935972927928,1.48,1.374,-86.26,0.01746,0.01506,-89.69,1134.8635,1629.5808,43.095212355345566,-21.83935972927928,0.8088075767,0.83446685173,0.8088075767,0.83446685173,0.916,0.897,-69.4,0.9157982,0.8969883,-69.4,22.626,0.0,2.82,1.077,0.071,0.98,23.0
804,804,23_26,23_7,66613.31,147.2374,14.0644,0.0024,605.0928,101.0,109.0,1380.0,1592.0,1379.7826,1592.0303,1379.7826,1592.0303,43.021177658251545,-21.82781061238783,1.634,1.601,-76.77,0.00533,0.00518,78.43,1379.7826,1592.0303,43.021177658251545,-21.82781061238783,0.82866222184,0.84782317155,0.82866222184,0.84782317155,0.925,0.906,-62.21,0.9247658,0.9062526,-62.21,22.6427,0.0,2.85,1.02,0.02,0.986,23.0
805,805,23_27,23_6,18232.59,97.31615,15.4712,0.0058,605.9391,61.0,65.0,1341.0,1592.0,1341.4343,1591.9664,1341.4343,1591.9664,43.032795305508266,-21.827948715118165,1.528,1.481,72.38,0.0114,0.01077,52.6,1341.4343,1591.9664,43.032795305508266,-21.827948715118165,0.81011582004,0.83255970123,0.81011582004,0.83255970123,0.914,0.898,-69.87,0.9143541,0.898127,-69.87,22.6793,0.0,2.81,1.032,0.031,0.982,23.0
806,806,23_28,23_5,36785.8,120.6144,14.7091,0.0036,604.3464,78.0,86.0,1289.0,1588.0,1288.9044,1588.3813,1288.9044,1588.3813,43.048724433795606,-21.82715242335872,1.583,1.555,-80.03,0.0075,0.0073,1.28,1288.9044,1588.3813,43.048724433795606,-21.82715242335872,0.82081945017,0.83973770445,0.82081945017,0.83973770445,0.92,0.902,-62.54,0.9201822,0.9021208,-62.54,22.6146,0.0,2.79,1.018,0.018,0.983,23.0
807,807,23_29,23_4,811.3023,39.17826,18.8503,0.0524,605.4175,13.0,14.0,1399.0,1585.0,1398.7369,1584.5208,1398.7369,1584.5208,43.01546886530056,-21.825620121731845,0.969,0.954,-21.07,0.0574,0.05632,-89.57,1398.7369,1584.5208,43.01546886530056,-21.825620121731845,0.75987887274,0.6543603971,0.75987887274,0.6543603971,0.873,0.807,-9.45,0.873435,0.8070629,-9.45,22.6565,0.0,3.18,1.016,0.016,0.588,23.0
808,808,23_30,23_3,22847.55,103.6538,15.2262,0.0049,605.5361,65.0,70.0,1317.0,1563.0,1316.72,1562.8122,1316.72,1562.8122,43.040410149828205,-21.819845331790763,1.549,1.5,-65.38,0.00971,0.00948,-60.65,1316.72,1562.8122,43.040410149828205,-21.819845331790763,0.82839104718,0.85064370137,0.82839104718,0.85064370137,0.929,0.904,-59.53,0.9286673,0.9036658,-59.53,22.6598,0.0,2.87,1.033,0.032,0.982,23.0
809,809,23_31,23_2,337.205,31.16891,19.8036,0.1004,606.4625,8.0,9.0,1376.0,1540.0,1375.3526,1539.8992,1375.3526,1539.8992,43.02275014058244,-21.81315977419052,0.952,0.68,21.84,0.10404,0.07481,20.38,1375.3526,1539.8992,43.02275014058244,-21.81315977419052,1.4397032123,1.206530078,1.4397032123,1.206530078,1.223,1.073,23.64,1.2227,1.072957,23.64,22.6938,0.0,4.78,1.401,0.286,0.117,23.0
810,810,24_1,24_4,1322976.0,531.712,10.8194,0.0004,607.1772,577.0,610.0,1571.0,1549.0,1568.7046,1550.3895,1568.7046,1550.3895,42.964132973933246,-21.815312902782452,3.617,2.634,-87.31,0.00179,0.0017,-76.08,1568.7046,1550.3895,42.964132973933246,-21.815312902782452,3.813195481,4.9857857809,3.813195481,4.9857857809,2.234,1.951,-85.58,2.234462,1.950938,-85.58,22.5981,0.0,18.52,1.373,0.272,0.616,24.0
812,812,24_3,24_31,1608.622,44.82184,18.1072,0.0303,605.7463,17.0,18.0,1506.0,2005.0,1506.5989,2004.9145,1506.5989,2004.9145,42.980893502692574,-21.943460024826603,1.58,0.661,-88.1,0.06421,0.02747,-87.29,1506.5989,2004.9145,42.980893502692574,-21.943460024826603,0.2696580293,0.93222155886,0.2696580293,0.93222155886,0.966,0.519,-88.22,0.9658476,0.5186695,-88.22,22.6708,24.0,3.82,2.391,0.582,0.98,24.0
813,813,24_4,24_30,1267.043,46.40641,18.3663,0.0398,605.0668,18.0,20.0,1634.0,1998.0,1634.1841,1997.6288,1634.1841,1997.6288,42.942242491591415,-21.940875316147896,1.124,1.082,21.85,0.05326,0.05102,45.81,1634.1841,1997.6288,42.942242491591415,-21.940875316147896,0.78035157418,0.72982090994,0.78035157418,0.72982090994,0.883,0.854,3.12,0.8834604,0.8542073,3.12,22.6269,0.0,3.0,1.04,0.038,0.887,24.0
814,814,24_5,24_29,371.3361,30.73077,19.6989,0.0899,606.4719,9.0,9.0,1607.0,1985.0,1607.0788,1985.6068,1607.0788,1985.6068,42.95051613113769,-21.937607351156107,0.919,0.691,70.36,0.09895,0.07118,69.65,1607.0788,1985.6068,42.95051613113769,-21.937607351156107,0.74060754222,0.95137571962,0.74060754222,0.95137571962,0.976,0.859,84.49,0.9764,0.8594337,84.49,22.6855,0.0,4.73,1.331,0.249,0.075,24.0
815,815,24_6,24_28,2180.244,56.35471,17.777,0.0281,606.0765,24.0,28.0,1737.0,1983.0,1736.6672,1982.6097,1736.6672,1982.6097,42.91123923360454,-21.936213338730926,1.261,1.232,-81.37,0.04046,0.03969,-81.0,1736.6672,1982.6097,42.91123923360454,-21.936213338730926,0.84048578479,0.87262148405,0.84048578479,0.87262148405,0.936,0.915,-72.95,0.9359268,0.9149581,-72.95,22.6508,0.0,3.01,1.023,0.023,0.64,24.0
817,817,24_8,24_26,774.4879,39.25104,18.9008,0.055,605.442,12.0,14.0,1867.0,1971.0,1866.7567,1971.4894,1866.7567,1971.4894,42.87184899942024,-21.93252197397105,0.975,0.935,79.75,0.06117,0.05987,89.34,1866.7567,1971.4894,42.87184899942024,-21.93252197397105,0.66724809707,0.69514593852,0.66724809707,0.69514593852,0.838,0.813,66.67,0.8375674,0.8129421,66.67,22.6208,0.0,3.04,1.043,0.041,0.671,24.0
818,818,24_9,24_25,2575.113,57.9668,17.5963,0.0244,605.6421,22.0,29.0,1801.0,1938.0,1800.6502,1937.8017,1800.6502,1937.8017,42.89205067753708,-21.92333120080913,1.262,1.224,-38.6,0.03606,0.03362,-29.4,1800.6502,1937.8017,42.89205067753708,-21.92333120080913,0.78223358726,0.80446486707,0.78223358726,0.80446486707,0.898,0.884,-75.79,0.8977681,0.8835784,-75.79,22.6362,0.0,3.03,1.031,0.03,0.936,24.0
819,819,24_10,24_24,2589.156,51.73911,17.5904,0.0217,606.4987,21.0,23.0,2016.0,1920.0,2015.7087,1920.3306,2015.7087,1920.3306,42.82693488554743,-21.917472228559305,1.28,0.978,89.04,0.03635,0.02431,84.4,2015.7087,1920.3306,42.82693488554743,-21.917472228559305,0.61128124471,0.69194718948,0.61128124471,0.69194718948,0.832,0.781,-84.79,0.8322399,0.7814122,-84.79,22.6643,24.0,3.07,1.309,0.236,0.977,24.0
820,820,24_11,24_23,236.5272,23.02991,20.1886,0.1057,606.4414,4.0,5.0,2017.0,1893.0,2016.5915,1892.7256,2016.5915,1892.7256,42.82680072939838,-21.909701777429277,0.707,0.468,73.38,0.11468,0.06638,71.78,2016.5915,1892.7256,42.82680072939838,-21.909701777429277,0.27789721778,0.48633848498,0.27789721778,0.48633848498,0.713,0.506,-72.83,0.7129877,0.5058501,-72.83,22.663,24.0,3.38,1.511,0.338,0.493,24.0
821,821,24_12,24_22,55772.88,140.8392,14.2572,0.0027,605.7537,103.0,107.0,1507.0,1858.0,1507.1742,1857.4875,1507.1742,1857.4875,42.98138664149677,-21.901978313116256,2.651,1.163,-89.25,0.01263,0.00504,-85.8,1507.1742,1857.4875,42.98138664149677,-21.901978313116256,0.51695016309,0.8581281236,0.51695016309,0.8581281236,0.927,0.719,-88.09,0.9265581,0.7187269,-88.09,22.648,24.0,5.49,2.279,0.561,0.988,24.0
823,823,24_14,24_20,6836.749,73.82866,16.5362,0.0117,605.2181,36.0,43.0,1834.0,1834.0,1833.73,1833.8179,1833.73,1833.8179,42.88251301518591,-21.893931800916132,1.391,1.367,83.33,0.01978,0.01936,9.19,1833.73,1833.8179,42.88251301518591,-21.893931800916132,0.79887295137,0.82471417897,0.79887295137,0.82471417897,0.909,0.893,-76.5,0.9090073,0.8929126,-76.5,22.6157,0.0,2.86,1.017,0.017,0.979,24.0
824,824,24_15,24_19,2037.039,52.94701,17.8508,0.0282,605.3875,21.0,25.0,1619.0,1824.0,1619.2945,1823.8879,1619.2945,1823.8879,42.94755547124544,-21.89205537401985,1.229,1.141,-27.08,0.04125,0.03601,-10.74,1619.2945,1823.8879,42.94755547124544,-21.89205537401985,0.72392914315,0.78345093152,0.72392914315,0.78345093152,0.892,0.844,-67.86,0.8917722,0.8438735,-67.86,22.6437,0.0,2.99,1.078,0.072,0.948,24.0
825,825,24_16,24_18,363.1941,23.3156,19.723,0.0697,604.6981,1.0,5.0,1721.0,1796.0,1721.0296,1796.0069,1721.0296,1796.0069,42.91684932022122,-21.88377878577647,0.582,0.567,-89.31,0.05591,0.05587,74.22,1721.0296,1796.0069,42.91684932022122,-21.88377878577647,0.32196111275,0.33907182979,0.32196111275,0.33907182979,0.582,0.567,-89.31,0.5823008,0.567414,-89.31,22.617,0.0,3.38,1.026,0.026,0.937,24.0
827,827,24_18,24_16,1424.72,54.46282,18.239,0.0415,607.7014,23.0,27.0,1834.0,1735.0,1833.7432,1735.3007,1833.7432,1735.3007,42.88297372874259,-21.86621296348884,1.411,1.18,-46.69,0.06425,0.05224,-45.14,1833.7432,1735.3007,42.88297372874259,-21.86621296348884,1.208575346,1.2458155853,1.208575346,1.2458155853,1.146,1.068,-51.22,1.146144,1.068056,-51.22,22.7118,0.0,3.85,1.195,0.163,0.102,24.0
828,828,24_19,24_15,8729.808,80.71162,16.2708,0.01,605.7401,44.0,51.0,1603.0,1728.0,1602.6546,1727.6643,1602.6546,1727.6643,42.95303924979834,-21.865051455964224,1.497,1.384,-63.39,0.01915,0.01691,-65.3,1602.6546,1727.6643,42.95303924979834,-21.865051455964224,0.83937808041,0.86010565561,0.83937808041,0.86010565561,0.932,0.911,-61.17,0.9322636,0.9112455,-61.17,22.6486,0.0,2.92,1.081,0.075,0.967,24.0
829,829,24_20,24_14,383.1788,32.77505,19.6648,0.0929,606.5449,10.0,10.0,1826.0,1728.0,1826.2046,1728.4993,1826.2046,1728.4993,42.88529032997437,-21.86433197864882,0.992,0.737,87.63,0.10356,0.07569,89.9,1826.2046,1728.4993,42.88529032997437,-21.86433197864882,1.3198246932,1.3714785988,1.3198246932,1.3714785988,1.174,1.146,70.56,1.174237,1.145631,70.56,22.6614,0.0,5.09,1.347,0.258,0.091,24.0
830,830,24_21,24_13,241.9912,25.3883,20.1638,0.1139,605.9882,6.0,6.0,1762.0,1694.0,1762.1558,1693.8179,1762.1558,1693.8179,42.90486190341286,-21.854850127485232,0.756,0.568,-44.34,0.10353,0.07656,-44.98,1762.1558,1693.8179,42.90486190341286,-21.854850127485232,0.68231724701,0.78196455225,0.68231724701,0.78196455225,0.901,0.808,-64.57,0.9006006,0.8082081,-64.57,22.6465,0.0,3.87,1.331,0.249,0.434,24.0
831,831,24_22,24_12,194.8956,23.22689,20.3988,0.1294,605.8445,4.0,5.0,1808.0,1688.0,1807.7952,1688.3962,1807.7952,1688.3962,42.891057537473294,-21.85312798671959,0.741,0.453,-18.25,0.1165,0.06744,-18.43,1807.7952,1688.3962,42.891057537473294,-21.85312798671959,0.85209432165,0.7914148302,0.85209432165,0.7914148302,0.927,0.886,-17.49,0.9267079,0.8858451,-17.49,22.6344,0.0,3.41,1.635,0.388,0.488,24.0
832,832,24_23,24_11,784.4657,40.4146,18.8869,0.0559,606.357,13.0,15.0,1988.0,1676.0,1987.5736,1676.4075,1987.5736,1676.4075,42.83663795056336,-21.84896844875353,1.034,0.932,41.3,0.06646,0.05807,44.78,1987.5736,1676.4075,42.83663795056336,-21.84896844875353,0.70038819564,0.65248846317,0.70038819564,0.65248846317,0.839,0.805,15.94,0.8394313,0.8051283,15.94,22.6506,0.0,2.93,1.109,0.098,0.712,24.0
834,834,24_25,24_9,759.7411,40.45346,18.9216,0.0578,606.9667,13.0,15.0,1923.0,1663.0,1922.9705,1662.8888,1922.9705,1662.8888,42.85627827091292,-21.845449471592964,1.067,0.934,0.58,0.07411,0.06278,-0.06,1922.9705,1662.8888,42.85627827091292,-21.845449471592964,0.81276558253,0.76973882985,0.81276558253,0.76973882985,0.903,0.876,11.35,0.9025364,0.8763176,11.35,22.6763,0.0,3.62,1.143,0.125,0.398,24.0
835,835,24_26,24_8,4632.338,67.29306,16.9588,0.0158,605.9738,32.0,37.0,1813.0,1605.0,1812.8846,1605.2761,1812.8846,1605.2761,42.88990552987449,-21.829718377441043,1.352,1.289,-26.87,0.0263,0.0233,-24.38,1812.8846,1605.2761,42.88990552987449,-21.829718377441043,0.79212109441,0.80210129958,0.79212109441,0.80210129958,0.897,0.888,-63.9,0.8973584,0.88824,-63.9,22.6383,0.0,2.87,1.049,0.047,0.97,24.0
836,836,24_27,24_7,7732.123,77.39046,16.4026,0.0109,606.2357,42.0,47.0,1947.0,1593.0,1947.2649,1593.125,1947.2649,1593.125,42.84924990792796,-21.825713314005935,1.483,1.351,-53.15,0.02021,0.01746,-40.55,1947.2649,1593.125,42.84924990792796,-21.825713314005935,0.81628127783,0.85233043349,0.81628127783,0.85233043349,0.929,0.898,-64.55,0.9289145,0.8976244,-64.55,22.6437,0.0,2.86,1.097,0.089,0.979,24.0
837,837,24_28,24_6,10996.45,85.89869,16.0202,0.0085,605.6598,50.0,55.0,1882.0,1589.0,1881.5635,1589.3157,1881.5635,1589.3157,42.869173279354754,-21.824929315395,1.491,1.416,-72.35,0.01595,0.01491,-62.59,1881.5635,1589.3157,42.869173279354754,-21.824929315395,0.79069338013,0.82666243356,0.79069338013,0.82666243356,0.911,0.888,-75.84,0.9105539,0.8878329,-75.84,22.6152,0.0,2.83,1.053,0.051,0.977,24.0
838,838,24_29,24_5,1639.655,50.15351,18.0864,0.0332,605.6428,17.0,22.0,1852.0,1578.0,1851.6065,1577.8238,1851.6065,1577.8238,42.87830330115423,-21.82182618527392,1.137,1.12,-85.91,0.04451,0.04206,13.93,1851.6065,1577.8238,42.87830330115423,-21.82182618527392,0.69918245175,0.74135537599,0.69918245175,0.74135537599,0.866,0.831,-67.48,0.8660901,0.8309186,-67.48,22.614,0.0,2.96,1.015,0.015,0.892,24.0
840,840,24_31,24_3,36317.11,124.0568,14.723,0.0037,607.8684,72.0,83.0,1530.0,1556.0,1529.789,1556.0743,1529.789,1556.0743,42.975895888214886,-21.81707492159214,1.588,1.516,-61.85,0.00753,0.00704,-65.98,1529.789,1556.0743,42.975895888214886,-21.81707492159214,0.812871602,0.83269436631,0.812871602,0.83269436631,0.916,0.898,-64.11,0.9158611,0.8982007,-64.11,22.6078,0.0,2.82,1.047,0.045,0.994,24.0
841,841,24_32,24_2,4339.358,67.51333,17.0297,0.0169,606.8227,33.0,38.0,1906.0,1555.0,1906.1285,1555.2463,1906.1285,1555.2463,42.86189264058322,-21.81523572246734,1.365,1.308,-68.08,0.02778,0.02655,-68.68,1906.1285,1555.2463,42.86189264058322,-21.81523572246734,0.77705396842,0.80130008299,0.77705396842,0.80130008299,0.895,0.881,-85.65,0.8952323,0.8814268,-85.65,22.6582,0.0,2.78,1.043,0.042,0.974,24.0
842,842,25_1,25_4,10189.67,83.87508,16.1029,0.0089,606.8393,46.0,54.0,2100.0,1528.0,2100.4128,1528.005,2100.4128,1528.005,42.80316720606912,-21.80670966234624,1.481,1.419,-48.87,0.01676,0.01613,-43.57,2100.4128,1528.005,42.80316720606912,-21.80670966234624,0.80842744358,0.81887621225,0.80842744358,0.81887621225,0.913,0.891,-52.68,0.9128945,0.891026,-52.68,22.6445,0.0,2.82,1.044,0.042,0.983,25.0
843,843,25_2,25_3,6621.329,72.63005,16.5709,0.0119,607.243,38.0,42.0,2042.0,1522.0,2042.2038,1522.4564,2042.2038,1522.4564,42.82082738828811,-21.80540873101374,1.398,1.317,-70.87,0.0211,0.01872,-70.97,2042.2038,1522.4564,42.82082738828811,-21.80540873101374,0.77808544137,0.79422936097,0.77808544137,0.79422936097,0.895,0.878,-61.26,0.8950807,0.8781488,-61.26,22.6536,0.0,2.84,1.061,0.058,0.979,25.0
844,844,25_3,25_2,167337.0,209.1225,13.0643,0.0014,608.9594,140.0,151.0,2480.0,1517.0,2480.1017,1517.3225,2480.1017,1517.3225,42.688198569918,-21.80195452644415,1.697,1.638,-70.59,0.00312,0.00299,-46.69,2480.1017,1517.3225,42.688198569918,-21.80195452644415,0.80783438252,0.84567674721,0.80783438252,0.84567674721,0.92,0.898,-79.44,0.9203475,0.8980376,-79.44,22.6046,0.0,2.8,1.036,0.035,0.996,25.0
845,845,25_4,25_1,14556.25,91.42735,15.7157,0.0068,609.7409,48.0,51.0,2519.0,1517.0,2518.1775,1516.925,2518.1775,1516.925,42.67666589959983,-21.801662111848778,2.186,0.954,-89.47,0.02106,0.0097,-89.58,2518.1775,1516.925,42.67666589959983,-21.801662111848778,0.30863204773,1.1839979677,0.30863204773,1.1839979677,1.088,0.556,-89.56,1.08814,0.5555005,-89.56,22.567,24.0,4.42,2.292,0.564,0.984,25.0
849,849,25_8,25_28,733.7997,39.84736,18.9594,0.059,608.0449,13.0,14.0,2501.0,1954.0,2500.7302,1953.5801,2500.7302,1953.5801,42.67972134574271,-21.924592384334787,0.982,0.927,68.89,0.06605,0.06441,86.28,2500.7302,1953.5801,42.67972134574271,-21.924592384334787,0.65648154383,0.71678163911,0.65648154383,0.71678163911,0.861,0.795,61.73,0.8609962,0.794952,61.73,22.6548,0.0,3.19,1.059,0.056,0.403,25.0
850,850,25_9,25_27,697.2706,39.26628,19.0148,0.0612,606.616,12.0,14.0,2197.0,1949.0,2196.7059,1948.5444,2196.7059,1948.5444,42.7719229422894,-21.924593934885355,0.981,0.926,68.7,0.06688,0.06534,87.75,2196.7059,1948.5444,42.7719229422894,-21.924593934885355,0.59465321672,0.65886477835,0.59465321672,0.65886477835,0.83,0.751,60.52,0.830071,0.7513322,60.52,22.6465,0.0,2.86,1.06,0.056,0.626,25.0
852,852,25_11,25_25,231.6107,23.36749,20.2114,0.1096,607.3442,5.0,5.0,2173.0,1908.0,2173.1958,1908.3932,2173.1958,1908.3932,42.77924876775378,-21.913405072441144,0.741,0.453,18.25,0.1052,0.06091,18.43,2173.1958,1908.3932,42.77924876775378,-21.913405072441144,0.6160803885,0.57372536423,0.6160803885,0.57372536423,0.804,0.738,32.66,0.8035017,0.7376929,32.66,22.6819,0.0,3.4,1.637,0.389,0.42,25.0
854,854,25_13,25_23,20647.02,101.2545,15.3362,0.0053,606.3379,62.0,69.0,2113.0,1863.0,2113.2485,1862.6695,2113.2485,1862.6695,42.797646104660686,-21.900812596454458,1.537,1.502,-78.49,0.01067,0.01042,15.41,2113.2485,1862.6695,42.797646104660686,-21.900812596454458,0.82806264679,0.85726301205,0.82806264679,0.85726301205,0.929,0.907,-67.69,0.9290702,0.9067272,-67.69,22.6498,0.0,2.86,1.024,0.023,0.988,25.0
855,855,25_14,25_22,277.2823,27.9636,20.016,0.1095,607.3323,4.0,7.0,2477.0,1839.0,2476.7014,1838.978,2476.7014,1838.978,42.68759136451399,-21.89246637133559,0.756,0.662,80.26,0.09264,0.08555,89.09,2476.7014,1838.978,42.68759136451399,-21.89246637133559,0.9850036778,1.2621949108,0.9850036778,1.2621949108,1.136,0.978,72.82,1.136431,0.9776111,72.82,22.6167,0.0,4.19,1.142,0.125,0.614,25.0
856,856,25_15,25_21,26299.39,107.3329,15.0734,0.0044,607.1661,66.0,71.0,2287.0,1830.0,2286.7817,1829.8616,2286.7817,1829.8616,42.745205898312335,-21.890790491189648,1.541,1.488,-62.09,0.00886,0.00841,-60.63,2286.7817,1829.8616,42.745205898312335,-21.890790491189648,0.79630674352,0.81768851873,0.79630674352,0.81768851873,0.907,0.89,-67.06,0.9068387,0.8897409,-67.06,22.6451,0.0,2.79,1.036,0.035,0.984,25.0
857,857,25_16,25_20,15062.73,91.20869,15.6785,0.0066,606.5082,53.0,57.0,2318.0,1826.0,2318.2605,1826.4202,2318.2605,1826.4202,42.73568137548132,-21.889676614587813,1.483,1.432,-65.24,0.01217,0.01173,-56.92,2318.2605,1826.4202,42.73568137548132,-21.889676614587813,0.80933034521,0.8360991607,0.80933034521,0.8360991607,0.915,0.899,-75.64,0.9154104,0.8985841,-75.64,22.6113,0.0,2.82,1.036,0.035,0.983,25.0
858,858,25_17,25_19,402.1505,31.20442,19.6123,0.0843,607.2772,8.0,9.0,2062.0,1811.0,2062.0416,1810.9665,2062.0416,1810.9665,42.81341978466918,-21.88649613773217,0.795,0.764,-39.91,0.07462,0.07432,-39.4,2062.0416,1810.9665,42.81341978466918,-21.88649613773217,0.7095760395,0.67332298171,0.7095760395,0.67332298171,0.86,0.802,-33.82,0.8597183,0.8023612,-33.82,22.6828,0.0,2.56,1.041,0.039,0.57,25.0
859,859,25_18,25_18,205.366,23.44734,20.342,0.124,607.7848,4.0,5.0,2347.0,1764.0,2347.3799,1763.7607,2347.3799,1763.7607,42.72716958080435,-21.87191268112982,0.745,0.451,-72.37,0.11752,0.0681,-71.73,2347.3799,1763.7607,42.72716958080435,-21.87191268112982,0.54634918767,0.62726585923,0.54634918767,0.62726585923,0.805,0.725,-65.43,0.8053853,0.7245479,-65.43,22.6654,0.0,3.41,1.653,0.395,0.538,25.0
860,860,25_19,25_17,329.4261,27.64498,19.8289,0.0911,606.0606,7.0,7.0,2074.0,1764.0,2074.0193,1764.324,2074.0193,1764.324,42.81001608851507,-21.87331952297845,0.731,0.667,7.98,0.08144,0.07544,0.97,2074.0193,1764.324,42.81001608851507,-21.87331952297845,0.75202348396,0.745300571,0.75202348396,0.745300571,0.893,0.836,43.06,0.8934476,0.8361073,43.06,22.6259,0.0,3.03,1.096,0.087,0.492,25.0
861,861,25_20,25_16,310.7172,29.4146,19.8924,0.1028,606.702,8.0,8.0,2178.0,1761.0,2177.4935,1761.0111,2177.4935,1761.0111,42.77867190221564,-21.871920423910385,0.828,0.694,-1.22,0.09969,0.0815,-0.06,2177.4935,1761.0111,42.77867190221564,-21.871920423910385,0.9728574771,0.87139471261,0.9728574771,0.87139471261,0.987,0.932,-7.9,0.9873459,0.9324163,-7.9,22.6457,0.0,4.5,1.192,0.161,0.103,25.0
863,863,25_22,25_14,3228.534,63.35819,17.3508,0.0213,606.0247,30.0,34.0,2185.0,1697.0,2185.4003,1696.718,2185.4003,1696.718,42.77659213146465,-21.85379543908789,1.361,1.267,-86.86,0.03491,0.03105,-89.74,2185.4003,1696.718,42.77659213146465,-21.85379543908789,0.81437520602,0.85767366949,0.81437520602,0.85767366949,0.927,0.902,-81.64,0.9266223,0.901898,-81.64,22.6079,0.0,2.94,1.075,0.069,0.966,25.0
865,865,25_24,25_12,4359.094,68.34428,17.0248,0.017,607.4319,33.0,38.0,2498.0,1666.0,2497.8301,1666.5078,2497.8301,1666.5078,42.682067529359806,-21.843843970176625,1.363,1.326,-78.51,0.02738,0.02684,-88.49,2497.8301,1666.5078,42.682067529359806,-21.843843970176625,0.79800874854,0.83628042148,0.79800874854,0.83628042148,0.915,0.893,-84.98,0.9146467,0.8931465,-84.98,22.6049,0.0,2.91,1.028,0.027,0.97,25.0
866,866,25_25,25_11,261.2082,25.96354,20.0808,0.1079,608.4977,6.0,6.0,2461.0,1655.0,2460.5149,1654.0677,2460.5149,1654.0677,42.69343818534573,-21.8405207376324,0.79,0.498,86.05,0.10442,0.06386,89.69,2460.5149,1654.0677,42.69343818534573,-21.8405207376324,0.57193537817,0.75416183027,0.57193537817,0.75416183027,0.901,0.717,63.94,0.9007917,0.7174061,63.94,22.6555,0.0,3.7,1.587,0.37,0.472,25.0
867,867,25_26,25_10,1290.897,51.97654,18.3461,0.0437,607.8859,20.0,24.0,2347.0,1642.0,2346.5267,1642.1164,2346.5267,1642.1164,42.72803843176629,-21.837692298566303,1.256,1.21,-6.06,0.06143,0.05637,-0.01,2346.5267,1642.1164,42.72803843176629,-21.837692298566303,1.2109563501,1.2494306002,1.2109563501,1.2494306002,1.118,1.1,85.77,1.117874,1.100338,85.77,22.664,0.0,3.89,1.038,0.036,0.062,25.0
868,868,25_27,25_9,441.6219,32.81978,19.5107,0.0807,605.7723,10.0,10.0,2034.0,1633.0,2033.7351,1633.6485,2033.7351,1633.6485,42.82285654708072,-21.83673262323581,0.933,0.755,-45.17,0.09114,0.07174,-45.11,2033.7351,1633.6485,42.82285654708072,-21.83673262323581,0.66729462039,0.67320157157,0.66729462039,0.67320157157,0.831,0.806,-49.13,0.8311561,0.8060246,-49.13,22.6288,0.0,2.81,1.236,0.191,0.541,25.0
869,869,25_28,25_8,1201.702,47.86028,18.4238,0.0433,608.2429,15.0,19.0,2505.0,1627.0,2505.2562,1627.5368,2505.2562,1627.5368,42.68001616685404,-21.83284438628248,1.118,1.042,-9.07,0.05381,0.04958,-7.49,2505.2562,1627.5368,42.68001616685404,-21.83284438628248,0.79024551,0.73888385384,0.79024551,0.73888385384,0.889,0.859,-5.77,0.8892553,0.8592754,-5.77,22.6032,0.0,3.15,1.073,0.068,0.803,25.0
870,870,25_29,25_7,695.548,39.01897,19.0175,0.0609,607.9447,11.0,13.0,2450.0,1572.0,2450.2849,1572.282,2450.2849,1572.282,42.69695279869213,-21.81755852843391,0.969,0.856,47.59,0.06938,0.05875,45.15,2450.2849,1572.282,42.69695279869213,-21.81755852843391,0.63370159272,0.65940770509,0.63370159272,0.65940770509,0.812,0.796,86.14,0.8121117,0.7959799,86.14,22.6047,0.0,2.83,1.132,0.117,0.73,25.0
871,871,25_30,25_6,374.4236,31.02216,19.6899,0.09,607.8103,9.0,9.0,2059.0,1549.0,2058.9634,1548.9515,2058.9634,1548.9515,42.81562232580814,-21.81278901027134,0.794,0.781,-2.37,0.0822,0.082,44.78,2058.9634,1548.9515,42.81562232580814,-21.81278901027134,0.8589735678,0.72547952633,0.8589735678,0.72547952633,0.927,0.852,-1.78,0.9268782,0.8516748,-1.78,22.6905,0.0,3.95,1.016,0.015,0.127,25.0
872,872,25_31,25_5,2644.926,56.24767,17.5673,0.0231,607.6136,25.0,27.0,2311.0,1532.0,2311.1108,1531.5544,2311.1108,1531.5544,42.7393212473363,-21.80674879297441,1.276,1.168,-81.8,0.03373,0.03077,-82.08,2311.1108,1531.5544,42.7393212473363,-21.80674879297441,0.75295425348,0.82418955112,0.75295425348,0.82418955112,0.909,0.866,-78.75,0.9094644,0.8660359,-78.75,22.6494,0.0,2.98,1.093,0.085,0.956,25.0
873,873,25_32,25_34,406.8815,28.06444,19.5996,0.0749,606.934,1.0,7.0,2461.0,2008.0,2460.8027,2008.0219,2460.8027,2008.0219,42.69154940276538,-21.94009767377282,0.673,0.633,-76.67,0.06024,0.05624,89.26,2460.8027,2008.0219,42.69154940276538,-21.94009767377282,0.40307292458,0.45076228967,0.40307292458,0.45076228967,0.673,0.633,-76.67,0.6734977,0.6326421,-76.67,22.6378,0.0,3.86,1.065,0.061,0.932,25.0
874,874,25_33,25_33,34314.96,118.1478,14.7846,0.0037,606.5563,74.0,83.0,2174.0,2004.0,2174.1575,2003.9549,2174.1575,2003.9549,42.77848597052405,-21.940285540961757,1.594,1.505,-74.69,0.00816,0.00728,-78.61,2174.1575,2003.9549,42.77848597052405,-21.940285540961757,0.79943503261,0.81971081555,0.79943503261,0.81971081555,0.909,0.891,-64.26,0.9087635,0.8906709,-64.26,22.6466,0.0,2.82,1.059,0.056,0.994,25.0
875,875,25_34,25_32,7052.246,77.80264,16.5025,0.012,606.7195,38.0,47.0,2492.0,1982.0,2492.3387,1981.6364,2492.3387,1981.6364,42.68212205795403,-21.93252510107612,1.444,1.38,-74.59,0.02096,0.02022,-67.88,2492.3387,1981.6364,42.68212205795403,-21.93252510107612,0.80453049447,0.84651412783,0.80453049447,0.84651412783,0.922,0.895,-74.05,0.9220882,0.8948731,-74.05,22.6098,0.0,2.86,1.046,0.044,0.975,25.0
876,876,26_1,26_3,4032.367,67.10278,17.1094,0.0181,607.238,32.0,37.0,2666.0,1525.0,2666.106,1525.2626,2666.106,1525.2626,42.63180870163527,-21.803296934378164,1.361,1.317,89.04,0.02961,0.0287,45.06,2666.106,1525.2626,42.63180870163527,-21.803296934378164,0.78453777736,0.84543152669,0.78453777736,0.84543152669,0.92,0.885,-81.82,0.9201724,0.8850153,-81.82,22.5883,0.0,2.88,1.034,0.032,0.977,26.0
877,877,26_2,26_2,307462.0,265.754,12.4038,0.0009,609.6496,172.0,188.0,2522.0,1517.0,2521.8661,1516.7439,2521.8661,1516.7439,42.67554939654903,-21.801593613052454,1.721,1.675,-64.06,0.00224,0.0021,-20.38,2521.8661,1516.7439,42.67554939654903,-21.801593613052454,0.82057110382,0.85835791752,0.82057110382,0.85835791752,0.927,0.905,-78.61,0.9273383,0.9049711,-78.61,22.5964,0.0,2.85,1.027,0.026,0.99,26.0
879,879,26_4,26_32,687.2205,39.78992,19.0306,0.0629,608.0353,11.0,14.0,2731.0,1971.0,2730.7928,1970.5999,2730.7928,1970.5999,42.60987982262158,-21.92826455121199,0.98,0.934,78.25,0.06929,0.06757,80.94,2730.7928,1970.5999,42.60987982262158,-21.92826455121199,0.69403045163,0.79367432656,0.69403045163,0.79367432656,0.891,0.833,89.05,0.8908994,0.8330684,89.05,22.6537,0.0,3.24,1.049,0.047,0.456,26.0
880,880,26_5,26_31,275.8008,29.87142,20.0218,0.1176,607.4507,7.0,8.0,2815.0,1970.0,2814.5021,1969.5131,2814.5021,1969.5131,42.58450524038408,-21.92754319907983,1.09,0.5,0.88,0.14021,0.06279,0.04,2814.5021,1969.5131,42.58450524038408,-21.92754319907983,1.4482674188,1.149411031,1.4482674188,1.149411031,1.209,1.066,11.31,1.208602,1.066283,11.31,22.6041,0.0,4.37,2.181,0.542,0.317,26.0
881,881,26_6,26_30,1089.105,45.03563,18.5306,0.0449,606.9531,18.0,18.0,2622.0,1940.0,2621.6895,1939.8685,2621.6895,1939.8685,42.64311898912964,-21.920153381717498,1.123,1.01,-65.42,0.05813,0.0512,-64.66,2621.6895,1939.8685,42.64311898912964,-21.920153381717498,0.85778196384,0.88001811966,0.85778196384,0.88001811966,0.943,0.921,-61.82,0.9428526,0.9213192,-61.82,22.6215,0.0,2.92,1.112,0.1,0.827,26.0
882,882,26_7,26_29,556.0992,39.43991,19.2604,0.077,606.8154,11.0,14.0,2785.0,1940.0,2784.482,1939.7716,2784.482,1939.7716,42.59376404836631,-21.919326608810845,1.019,0.963,-21.63,0.08611,0.08433,-3.65,2784.482,1939.7716,42.59376404836631,-21.919326608810845,1.4253778798,1.3701861809,1.4253778798,1.3701861809,1.227,1.136,-37.5,1.22653,1.136304,-37.5,22.5906,0.0,5.91,1.058,0.055,0.017,26.0
883,883,26_8,26_28,3086.166,67.12675,17.3998,0.0236,607.266,35.0,39.0,2523.0,1933.0,2522.7645,1933.5284,2522.7645,1933.5284,42.673143673912,-21.91884627201433,1.718,1.267,73.0,0.04683,0.03378,71.0,2522.7645,1933.5284,42.673143673912,-21.91884627201433,1.1354490394,1.493403845,1.1354490394,1.493403845,1.233,1.053,75.11,1.233138,1.052722,75.11,22.6403,0.0,4.29,1.356,0.263,0.014,26.0
884,884,26_9,26_27,420.5627,31.7451,19.5637,0.082,608.4011,9.0,9.0,2961.0,1930.0,2961.0552,1930.3027,2961.0552,1930.3027,42.54028161402203,-21.91577318324351,0.901,0.68,-65.47,0.08915,0.06455,-69.59,2961.0552,1930.3027,42.54028161402203,-21.91577318324351,0.64570881502,0.68560940325,0.64570881502,0.68560940325,0.873,0.755,-50.98,0.8729157,0.7545438,-50.98,22.6319,0.0,2.72,1.324,0.245,0.577,26.0
885,885,26_10,26_26,210.365,27.63264,20.3159,0.1427,608.0266,5.0,7.0,2922.0,1923.0,2921.1678,1923.6964,2921.1678,1923.6964,42.55240971789157,-21.91411804048532,0.874,0.622,28.71,0.12458,0.08614,30.36,2921.1678,1923.6964,42.55240971789157,-21.91411804048532,1.7392486069,1.7627121831,1.7392486069,1.7627121831,1.362,1.283,48.24,1.361983,1.283341,48.24,22.6125,0.0,4.28,1.406,0.289,0.172,26.0
887,887,26_12,26_24,271.3792,27.77618,20.0394,0.1112,608.5515,6.0,7.0,2883.0,1910.0,2883.0044,1910.3081,2883.0044,1910.3081,42.56405101404082,-21.910545147330268,0.731,0.673,-2.16,0.0909,0.08417,-0.04,2883.0044,1910.3081,42.56405101404082,-21.910545147330268,0.80257935767,0.88414777635,0.80257935767,0.88414777635,0.945,0.891,-72.86,0.9448404,0.8910689,-72.86,22.6393,0.0,2.09,1.086,0.08,0.361,26.0
888,888,26_13,26_23,3047.347,64.51614,17.4135,0.023,608.4449,27.0,35.0,2715.0,1885.0,2715.1054,1885.0458,2715.1054,1885.0458,42.61508413959452,-21.904274937230067,1.382,1.283,46.28,0.03833,0.03439,45.7,2715.1054,1885.0458,42.61508413959452,-21.904274937230067,0.81835613587,0.8193053422,0.81835613587,0.8193053422,0.91,0.899,46.34,0.9104865,0.899264,46.34,22.6669,0.0,2.87,1.077,0.072,0.943,26.0
889,889,26_14,26_22,477.9097,26.53589,19.4249,0.0603,606.9456,2.0,6.0,2575.0,1870.0,2574.7443,1870.2479,2574.7443,1870.2479,42.65771096527947,-21.90079484929705,0.73,0.531,-45.53,0.06236,0.0455,-44.92,2574.7443,1870.2479,42.65771096527947,-21.90079484929705,0.40518323672,0.40987583824,0.40518323672,0.40987583824,0.73,0.531,-45.53,0.7304904,0.5305118,-45.53,22.6051,0.0,2.39,1.377,0.274,0.669,26.0
890,890,26_15,26_21,231.9045,25.76975,20.21,0.1207,608.2625,6.0,6.0,2982.0,1853.0,2981.8259,1853.179,2981.8259,1853.179,42.534399087558405,-21.89397285795539,0.742,0.57,-45.93,0.10927,0.08082,-45.04,2981.8259,1853.179,42.534399087558405,-21.89397285795539,0.47930470372,0.48299197149,0.47930470372,0.48299197149,0.723,0.663,46.26,0.7232846,0.6626885,46.26,22.6216,0.0,2.96,1.301,0.231,0.456,26.0
891,891,26_16,26_20,243.4781,25.88784,20.1572,0.1155,609.358,5.0,6.0,2820.0,1812.0,2820.0468,1811.5274,2820.0468,1811.5274,42.58365999996159,-21.88307377901672,0.773,0.499,1.35,0.10783,0.06618,0.22,2820.0468,1811.5274,42.58365999996159,-21.88307377901672,0.53962445387,0.55601314535,0.53962445387,0.55601314535,0.757,0.722,54.21,0.7574612,0.7224197,54.21,22.6771,0.0,2.12,1.548,0.354,0.466,26.0
892,892,26_17,26_19,881.4645,46.20361,18.7603,0.0569,608.7658,15.0,19.0,2844.0,1806.0,2843.686,1805.7878,2843.686,1805.7878,42.57652512295986,-21.88134102865521,1.29,0.992,-40.88,0.08378,0.06198,-39.93,2843.686,1805.7878,42.57652512295986,-21.88134102865521,1.2942588129,1.2774172176,1.2942588129,1.2774172176,1.19,1.075,-43.14,1.189704,1.075305,-43.14,22.6485,0.0,5.12,1.301,0.231,0.263,26.0
893,893,26_18,26_18,1610.765,50.81295,18.1057,0.0343,607.3706,22.0,22.0,2740.0,1780.0,2740.4153,1780.3463,2740.4153,1780.3463,42.60796068164061,-21.874696935137436,1.202,1.093,-1.79,0.04965,0.0421,-0.64,2740.4153,1780.3463,42.60796068164061,-21.874696935137436,0.82098153979,0.8172405549,0.82098153979,0.8172405549,0.907,0.903,-32.48,0.9074864,0.9026021,-32.48,22.598,0.0,3.06,1.1,0.091,0.941,26.0
894,894,26_19,26_17,689.8961,39.85691,19.0263,0.0627,608.4392,12.0,14.0,2799.0,1745.0,2798.5455,1745.2789,2798.5455,1745.2789,42.59052674579703,-21.864544235141285,1.004,0.928,-14.65,0.0682,0.06653,-2.75,2798.5455,1745.2789,42.59052674579703,-21.864544235141285,1.0903326783,0.89514895003,1.0903326783,0.89514895003,1.048,0.942,-10.78,1.047699,0.9422355,-10.78,22.6333,0.0,3.38,1.082,0.076,0.624,26.0
895,895,26_20,26_16,957.0158,48.54796,18.671,0.0551,607.5292,20.0,21.0,2903.0,1715.0,2902.9551,1714.6598,2902.9551,1714.6598,42.55904590671464,-21.855407848260928,1.421,1.012,-50.96,0.08638,0.06264,-51.29,2902.9551,1714.6598,42.55904590671464,-21.855407848260928,1.7104409368,1.9170622892,1.7104409368,1.9170622892,1.472,1.208,-53.49,1.47222,1.208335,-53.49,22.5906,0.0,5.88,1.404,0.288,0.007,26.0
896,896,26_21,26_15,10610.04,84.74393,16.059,0.0087,608.7553,44.0,52.0,2874.0,1688.0,2874.2963,1687.9604,2874.2963,1687.9604,42.56787307575982,-21.84804114903006,1.476,1.405,-44.49,0.0161,0.01478,-30.45,2874.2963,1687.9604,42.56787307575982,-21.84804114903006,0.80196096794,0.83598910726,0.80196096794,0.83598910726,0.916,0.894,-74.84,0.9157979,0.8940157,-74.84,22.6427,0.0,2.86,1.05,0.048,0.978,26.0
897,897,26_22,26_14,10943.77,85.09033,16.0254,0.0084,608.9778,46.0,52.0,2572.0,1680.0,2571.9824,1679.828,2571.9824,1679.828,42.65952887400843,-21.847237430969205,1.496,1.382,-88.48,0.01621,0.01379,87.16,2571.9824,1679.828,42.65952887400843,-21.847237430969205,0.78665513185,0.83919455772,0.78665513185,0.83919455772,0.917,0.886,-83.07,0.9165058,0.8864913,-83.07,22.6743,0.0,2.82,1.082,0.076,0.985,26.0
898,898,26_23,26_13,1422.394,50.48149,18.2408,0.0385,607.8061,20.0,22.0,2543.0,1668.0,2543.2218,1668.1979,2543.2218,1668.1979,42.66830397669021,-21.844103196225237,1.259,1.053,76.74,0.05689,0.04639,69.68,2543.2218,1668.1979,42.66830397669021,-21.844103196225237,0.73822725445,0.8884037898,0.73822725445,0.8884037898,0.943,0.859,88.69,0.9425934,0.8591558,88.69,22.6307,0.0,3.35,1.196,0.164,0.732,26.0
899,899,26_24,26_12,87205.68,164.2211,13.7719,0.002,607.4444,111.0,123.0,2588.0,1615.0,2588.4234,1615.2398,2588.4234,1615.2398,42.654879436254525,-21.82898713154484,1.672,1.611,-75.93,0.00474,0.00461,-43.1,2588.4234,1615.2398,42.654879436254525,-21.82898713154484,0.83903485535,0.88277267481,0.83903485535,0.88277267481,0.94,0.916,-85.22,0.939724,0.91582,-85.22,22.5983,0.0,2.87,1.038,0.036,0.986,26.0
900,900,26_25,26_11,310.8138,29.88825,19.892,0.1044,609.0814,7.0,8.0,2613.0,1585.0,2613.0212,1585.5034,2613.0212,1585.5034,42.64757985485958,-21.82050248893808,0.814,0.699,86.56,0.09677,0.07923,89.87,2613.0212,1585.5034,42.64757985485958,-21.82050248893808,0.84526843761,0.87630175279,0.84526843761,0.87630175279,0.973,0.881,50.24,0.9727038,0.880578,50.24,22.6599,0.0,3.31,1.164,0.141,0.547,26.0
901,901,26_26,26_10,4375.101,68.98302,17.0208,0.0171,608.5978,34.0,38.0,2973.0,1576.0,2973.2211,1576.1791,2973.2211,1576.1791,42.538493640989714,-21.81609455288671,1.387,1.305,80.31,0.02863,0.026,79.54,2973.2211,1576.1791,42.538493640989714,-21.81609455288671,0.79085844027,0.81193666459,0.79085844027,0.81193666459,0.901,0.889,88.11,0.901088,0.8892893,88.11,22.612,0.0,2.82,1.063,0.059,0.98,26.0
902,902,26_27,26_9,61476.64,146.0045,14.1515,0.0026,608.6417,101.0,108.0,2796.0,1569.0,2795.8714,1569.5,2795.8714,1569.5,42.59226316856956,-21.815106176914032,1.651,1.579,-82.15,0.00591,0.00555,-85.08,2795.8714,1569.5,42.59226316856956,-21.815106176914032,0.8185691795,0.86339201784,0.8185691795,0.86339201784,0.929,0.905,-84.37,0.9294259,0.9045047,-84.37,22.6315,0.0,2.82,1.046,0.044,0.993,26.0
903,903,26_28,26_8,177.1396,23.68539,20.5025,0.1452,608.8625,4.0,5.0,2954.0,1571.0,2954.3869,1571.1908,2954.3869,1571.1908,42.54422685764142,-21.814786958317505,0.752,0.448,71.56,0.12448,0.07197,71.55,2954.3869,1571.1908,42.54422685764142,-21.814786958317505,0.74164293486,0.83918928059,0.74164293486,0.83918928059,0.916,0.861,88.75,0.916098,0.8611601,88.75,22.6244,0.0,3.41,1.679,0.404,0.5,26.0
904,904,26_29,26_7,762.8183,38.95759,18.9172,0.0555,608.0274,11.0,13.0,2541.0,1569.0,2541.3431,1569.3736,2541.3431,1569.3736,42.66937961263138,-21.81630836211788,0.96,0.88,47.48,0.0643,0.05502,44.94,2541.3431,1569.3736,42.66937961263138,-21.81630836211788,0.67742791307,0.68034198351,0.67742791307,0.68034198351,0.845,0.802,-46.2,0.8448752,0.8024686,-46.2,22.5946,0.0,3.12,1.09,0.083,0.506,26.0
905,905,26_30,26_6,7989.46,79.69269,16.367,0.0108,608.8929,40.0,48.0,2826.0,1557.0,2826.2694,1557.189,2826.2694,1557.189,42.58311819129821,-21.811491702314925,1.446,1.395,-77.31,0.01887,0.01874,-75.19,2826.2694,1557.189,42.58311819129821,-21.811491702314925,0.80233504363,0.85857961175,0.80233504363,0.85857961175,0.928,0.894,-78.71,0.9278553,0.8944268,-78.71,22.6369,0.0,2.9,1.037,0.035,0.981,26.0
906,906,26_31,26_5,19087.67,99.70811,15.4214,0.0057,608.488,58.0,65.0,2875.0,1548.0,2874.74,1547.7525,2874.74,1547.7525,42.568482919542,-21.80859479769657,1.529,1.466,-62.77,0.01131,0.01038,-53.29,2874.74,1547.7525,42.568482919542,-21.80859479769657,0.80182644407,0.83737992164,0.80182644407,0.83737992164,0.915,0.895,82.97,0.9153848,0.8951408,82.97,22.6094,0.0,2.82,1.043,0.041,0.982,26.0
907,907,26_32,26_4,687.1618,39.83335,19.0307,0.063,609.052,10.0,14.0,2830.0,1549.0,2829.8299,1549.4164,2829.8299,1549.4164,42.58208050033893,-21.80928726509788,0.99,0.935,-81.94,0.06809,0.0666,-77.66,2829.8299,1549.4164,42.58208050033893,-21.80928726509788,0.69658023288,0.74872088912,0.69658023288,0.74872088912,0.865,0.835,86.77,0.8653829,0.834514,86.77,22.6421,0.0,3.8,1.059,0.055,0.364,26.0
908,908,26_33,26_34,6754.037,75.19625,16.5494,0.0121,608.2026,38.0,44.0,3006.0,1989.0,3005.7493,1988.9857,3005.7493,1988.9857,42.52641532243539,-21.93205041172577,1.415,1.359,-62.67,0.0209,0.02003,-54.05,3005.7493,1988.9857,42.52641532243539,-21.93205041172577,0.78250069892,0.80706103774,0.78250069892,0.80706103774,0.9,0.883,-72.12,0.8999529,0.8829759,-72.12,22.6352,0.0,2.84,1.041,0.039,0.983,26.0
909,909,26_34,26_33,524.559,41.08918,19.3238,0.0851,609.1075,11.0,15.0,2841.0,1984.0,2841.1435,1984.2136,2841.1435,1984.2136,42.5763497241261,-21.93154494357421,1.148,0.96,50.82,0.09812,0.0815,45.07,2841.1435,1984.2136,42.5763497241261,-21.93154494357421,2.100991369,2.2397492871,2.100991369,2.2397492871,1.508,1.437,65.82,1.508244,1.437338,65.82,22.6555,0.0,5.52,1.196,0.164,0.003,26.0
915,915,27_6,27_33,62351.71,144.038,14.1362,0.0025,608.5099,96.0,101.0,3038.0,1963.0,3037.9474,1962.8693,3037.9474,1962.8693,42.51679396810811,-21.92453822985514,1.619,1.558,-82.3,0.00547,0.00524,-86.75,3037.9474,1962.8693,42.51679396810811,-21.92453822985514,0.79948020796,0.83250442919,0.79948020796,0.83250442919,0.913,0.893,-77.98,0.9132761,0.8932588,-77.98,22.6408,0.0,2.83,1.039,0.038,0.997,27.0
922,922,27_13,27_26,1812.929,55.51566,17.9773,0.0333,608.0719,21.0,26.0,3067.0,1904.0,3066.9685,1904.4265,3066.9685,1904.4265,42.508311842996754,-21.90794907297577,1.266,1.137,-86.07,0.05,0.04211,89.98,3066.9685,1904.4265,42.508311842996754,-21.90794907297577,0.7686449894,0.79322238662,0.7686449894,0.79322238662,0.893,0.874,-67.97,0.8933289,0.8739741,-67.97,22.6169,16.0,3.17,1.113,0.101,0.822,27.0
926,926,27_17,27_22,430.1432,35.1479,19.5393,0.0887,608.8158,9.0,11.0,3056.0,1822.0,3055.6606,1821.5683,3055.6606,1821.5683,42.5121884128536,-21.88470096056298,0.947,0.828,-72.95,0.09246,0.08025,-71.72,3055.6606,1821.5683,42.5121884128536,-21.88470096056298,1.0393009233,1.2121480887,1.0393009233,1.2121480887,1.103,1.017,-81.21,1.102895,1.017384,-81.21,22.6232,0.0,4.12,1.144,0.126,0.177,27.0
929,929,27_20,27_19,1080.066,46.61266,18.5397,0.0469,608.8738,17.0,19.0,3024.0,1803.0,3024.0563,1803.355,3024.0563,1803.355,42.52186648145721,-21.87974088068616,1.178,1.021,55.69,0.06436,0.05309,48.31,3024.0563,1803.355,42.52186648145721,-21.87974088068616,0.75512146066,0.87606598488,0.75512146066,0.87606598488,0.936,0.869,85.44,0.9363975,0.8685316,85.44,22.6301,0.0,3.36,1.154,0.133,0.497,27.0
933,933,27_24,27_15,1172.525,47.3239,18.4505,0.0438,608.6245,15.0,19.0,3023.0,1712.0,3023.373,1711.8343,3023.373,1711.8343,42.52256717112921,-21.853999702614374,1.108,1.043,-84.26,0.05514,0.05072,-83.85,3023.373,1711.8343,42.52256717112921,-21.853999702614374,0.75078677932,0.7356734895,0.75078677932,0.7356734895,0.867,0.858,-6.54,0.8665958,0.8575966,-6.54,22.597,0.0,2.97,1.062,0.058,0.774,27.0
934,934,27_25,27_14,3846.15,65.50343,17.1607,0.0185,610.4202,28.0,34.0,3031.0,1701.0,3030.9421,1701.4403,3030.9421,1701.4403,42.52032935261292,-21.85103688905091,1.308,1.275,87.54,0.02817,0.02722,24.73,3030.9421,1701.4403,42.52032935261292,-21.85103688905091,0.73151555789,0.7891321316,0.73151555789,0.7891321316,0.89,0.854,-79.19,0.8895581,0.8540106,-79.19,22.6713,0.0,2.86,1.025,0.025,0.974,27.0
937,937,27_28,27_11,5298.337,70.13647,16.813,0.0144,609.1326,34.0,38.0,3059.0,1651.0,3058.7675,1651.3016,3058.7675,1651.3016,42.512167880579526,-21.836789076790776,1.367,1.305,-41.1,0.02421,0.02138,-36.14,3058.7675,1651.3016,42.512167880579526,-21.836789076790776,0.79178995995,0.81834849477,0.79178995995,0.81834849477,0.905,0.89,-85.07,0.9047362,0.8897139,-85.07,22.6183,0.0,2.9,1.047,0.045,0.98,27.0
947,947,28_1,28_2,51464.18,132.8574,14.3445,0.0028,605.2463,92.0,100.0,343.0,2032.0,342.6146,2032.0072,342.6146,2032.0072,43.33366706552236,-21.95553650710709,1.631,1.563,-70.24,0.00615,0.00589,-63.37,342.6146,2032.0072,43.33366706552236,-21.95553650710709,0.81010559266,0.84837729586,0.81010559266,0.84837729586,0.924,0.897,-70.58,0.9240182,0.8970358,-70.58,22.7982,0.0,2.82,1.044,0.042,0.983,28.0
948,948,28_2,28_1,234.765,26.29657,20.1967,0.1216,603.0968,6.0,7.0,362.0,2022.0,361.7339,2022.0169,361.7339,2022.0169,43.32790996401077,-21.95265910191476,0.743,0.682,89.75,0.10111,0.09359,89.77,361.7339,2022.0169,43.32790996401077,-21.95265910191476,1.1752086224,1.3758591257,1.1752086224,1.3758591257,1.188,1.068,68.81,1.187998,1.06758,68.81,22.6916,0.0,4.21,1.089,0.082,0.384,28.0
949,949,28_3,28_31,7704766.0,1402.005,8.9064,0.0002,613.9655,2916.0,3282.0,357.0,2513.0,362.8691,2473.8879,362.8691,2473.8879,43.325825525703365,-22.07977071285597,58.151,5.226,-89.81,0.0093,0.00139,-89.68,362.8691,2473.8879,43.325825525703365,-22.07977071285597,38.141167118,213.55411608,38.141167118,213.55411608,14.616,6.17,-88.82,14.61605,6.169801,-88.82,22.6971,24.0,104.66,11.127,0.91,0.028,28.0
950,950,28_4,28_29,455.1825,43.74438,19.4778,0.1044,622.7436,10.0,10.0,316.0,2492.0,315.8281,2491.9934,315.8281,2491.9934,43.34002738277275,-22.08502639468012,0.918,0.763,0.53,0.06589,0.05225,0.0,315.8281,2491.9934,43.34002738277275,-22.08502639468012,1.1059286071,1.1118848578,1.1059286071,1.1118848578,1.055,1.051,-74.01,1.054712,1.051378,-74.01,22.6295,0.0,2.95,1.203,0.169,0.38,28.0
951,951,28_5,28_26,1007.471,43.00384,18.6152,0.0464,604.3847,17.0,17.0,23.0,2467.0,23.4302,2466.9988,23.4302,2466.9988,43.42882047285145,-22.078976964032357,1.131,0.947,-72.61,0.06024,0.04703,-74.85,23.4302,2466.9988,43.42882047285145,-22.078976964032357,0.73225701621,0.74040855897,0.73225701621,0.74040855897,0.874,0.842,-49.21,0.8741562,0.8417342,-49.21,22.658,0.0,2.99,1.195,0.163,0.84,28.0
952,952,28_6,28_25,19925.19,97.9722,15.3748,0.0053,605.1461,61.0,69.0,190.0,2457.0,189.7432,2457.5312,189.7432,2457.5312,43.378407933226086,-22.07576289728624,1.537,1.463,-54.3,0.01073,0.01029,-65.63,189.7432,2457.5312,43.378407933226086,-22.07576289728624,0.77606064982,0.78898966501,0.77606064982,0.78898966501,0.901,0.868,-51.25,0.9013169,0.8675702,-51.25,22.719,0.0,2.74,1.05,0.048,0.982,28.0
953,953,28_7,28_24,871.2205,42.34715,18.773,0.0528,607.2735,13.0,14.0,456.0,2457.0,455.7337,2456.5166,455.7337,2456.5166,43.29771930313723,-22.07455849634899,0.968,0.93,-83.5,0.05354,0.05235,-89.54,455.7337,2456.5166,43.29771930313723,-22.07455849634899,0.63031215048,0.69445004465,0.63031215048,0.69445004465,0.834,0.793,-80.98,0.8343306,0.7928774,-80.98,22.5202,0.0,2.77,1.041,0.04,0.648,28.0
954,954,28_8,28_23,2617.942,57.12292,17.5784,0.0237,603.6862,25.0,30.0,219.0,2415.0,219.2852,2415.3097,219.2852,2415.3097,43.36960588665479,-22.063787084701637,1.338,1.195,-52.22,0.03645,0.03261,-45.46,219.2852,2415.3097,43.36960588665479,-22.063787084701637,0.78258478761,0.83292246432,0.78258478761,0.83292246432,0.931,0.865,-57.42,0.9314789,0.8647857,-57.42,22.6534,0.0,2.96,1.119,0.106,0.955,28.0
955,955,28_9,28_28,1471.997,47.68702,18.2035,0.0352,603.6011,19.0,21.0,58.0,2491.0,58.2459,2491.0663,58.2459,2491.0663,43.41817155800397,-22.08563240075105,1.181,1.046,60.85,0.04893,0.04122,54.08,58.2459,2491.0663,43.41817155800397,-22.08563240075105,0.6794898863,0.73438207875,0.6794898863,0.73438207875,0.859,0.822,75.28,0.8593334,0.8218383,75.28,22.6374,0.0,2.83,1.129,0.114,0.945,28.0
956,956,28_10,28_21,15138.5,90.56992,15.6731,0.0065,605.1245,55.0,62.0,47.0,2383.0,46.929,2383.4599,46.929,2383.4599,43.42199987864166,-22.055403371548756,1.522,1.445,-37.28,0.01302,0.01161,-16.81,46.929,2383.4599,43.42199987864166,-22.055403371548756,0.79561203031,0.81396366193,0.79561203031,0.81396366193,0.912,0.882,-54.76,0.9122829,0.881655,-54.76,22.7464,0.0,2.8,1.054,0.051,0.981,28.0
957,957,28_11,28_20,581.6538,35.07618,19.2116,0.0655,604.4665,11.0,12.0,458.0,2373.0,458.0875,2372.9515,458.0875,2372.9515,43.29733241115747,-22.051043773732648,1.101,0.728,-9.13,0.0892,0.05427,-9.51,458.0875,2372.9515,43.29733241115747,-22.051043773732648,0.90722414598,0.72483569259,0.90722414598,0.72483569259,0.954,0.85,-7.05,0.953968,0.8497087,-7.05,22.6588,0.0,3.63,1.512,0.339,0.359,28.0
958,958,28_12,28_19,9602.352,81.78266,16.1674,0.0092,606.1207,43.0,53.0,345.0,2360.0,344.6842,2360.2147,344.6842,2360.2147,43.331779952058845,-22.04785898256728,1.482,1.405,-56.49,0.01682,0.01591,-58.77,344.6842,2360.2147,43.331779952058845,-22.04785898256728,0.79941879371,0.82312865187,0.79941879371,0.82312865187,0.92,0.881,-55.05,0.919652,0.8813556,-55.05,22.7249,0.0,2.79,1.055,0.052,0.983,28.0
959,959,28_13,28_18,6930.437,72.99908,16.5214,0.0114,604.5987,43.0,45.0,172.0,2332.0,171.6181,2331.8435,171.6181,2331.8435,43.38437685319868,-22.04047033207861,1.409,1.376,-54.51,0.01984,0.01893,12.35,171.6181,2331.8435,43.38437685319868,-22.04047033207861,0.78161381629,0.80559101872,0.78161381629,0.80559101872,0.905,0.877,-59.22,0.9048656,0.8765974,-59.22,22.7282,0.0,2.81,1.024,0.023,0.972,28.0
960,960,28_14,28_17,1320.915,54.00266,18.3211,0.0444,604.241,24.0,29.0,121.0,2327.0,120.3695,2327.1581,120.3695,2327.1581,43.399936008179736,-22.03932399083385,1.469,1.26,-89.79,0.07069,0.06139,88.52,120.3695,2327.1581,43.399936008179736,-22.03932399083385,1.5647501619,1.7253152937,1.5647501619,1.7253152937,1.315,1.249,-80.88,1.31513,1.249199,-80.88,22.7202,0.0,4.67,1.166,0.143,0.15,28.0
961,961,28_15,28_16,1576.458,48.26462,18.1291,0.0332,603.9741,21.0,22.0,243.0,2296.0,242.9563,2296.0724,242.9563,2296.0724,43.36287726688483,-22.03016636079304,1.187,1.109,-54.92,0.04549,0.04121,-45.38,242.9563,2296.0724,43.36287726688483,-22.03016636079304,0.77169069326,0.82003324246,0.77169069326,0.82003324246,0.907,0.877,-78.21,0.9067713,0.8772057,-78.21,22.6932,0.0,3.06,1.071,0.066,0.335,28.0
962,962,28_16,28_15,2380.771,55.7106,17.6815,0.0254,603.8277,24.0,30.0,43.0,2284.0,42.6923,2284.3622,42.6923,2284.3622,43.4236483845574,-22.027542902715943,1.27,1.224,-61.21,0.03788,0.03762,-76.73,42.6923,2284.3622,43.4236483845574,-22.027542902715943,0.73044358559,0.74762960214,0.73044358559,0.74762960214,0.883,0.835,-51.0,0.8833648,0.8353082,-51.0,22.7175,0.0,2.73,1.038,0.037,0.975,28.0
963,963,28_17,28_14,194.8185,22.29316,20.3992,0.1243,605.107,5.0,5.0,132.0,2278.0,132.2162,2277.5909,132.2162,2277.5909,43.396527798432906,-22.02534165917924,0.735,0.454,-19.02,0.112,0.06486,-18.47,132.2162,2277.5909,43.396527798432906,-22.02534165917924,0.6812237987,0.64114760348,0.6812237987,0.64114760348,0.841,0.784,-32.19,0.8411454,0.7841211,-32.19,22.7673,0.0,3.0,1.62,0.383,0.5,28.0
964,964,28_18,28_13,301.0732,29.74157,19.9266,0.1073,603.5194,9.0,9.0,214.0,2238.0,213.6796,2237.8966,213.6796,2237.8966,43.37197464614549,-22.01390115390969,0.947,0.681,-19.08,0.11597,0.08344,-20.23,213.6796,2237.8966,43.37197464614549,-22.01390115390969,1.9647673386,1.3873414387,1.9647673386,1.3873414387,1.425,1.15,-17.63,1.424638,1.150007,-17.63,22.6942,0.0,4.77,1.39,0.28,0.018,28.0
965,965,28_19,28_12,14986.39,89.93316,15.6841,0.0065,604.1913,55.0,60.0,336.0,2232.0,335.5719,2232.504,335.5719,2232.504,43.33503397097461,-22.011965313699942,1.491,1.458,-41.0,0.01237,0.01183,-16.0,335.5719,2232.504,43.33503397097461,-22.011965313699942,0.81198351745,0.83364623391,0.81198351745,0.83364623391,0.919,0.895,-59.68,0.9191862,0.8948333,-59.68,22.7046,0.0,2.81,1.023,0.022,0.971,28.0
966,966,28_20,28_11,3332.683,59.66834,17.3163,0.0194,603.4294,29.0,33.0,212.0,2174.0,211.6661,2173.9247,211.6661,2173.9247,43.37282579363731,-21.995912173217818,1.353,1.236,-69.11,0.03145,0.02791,-78.43,211.6661,2173.9247,43.37282579363731,-21.995912173217818,0.77698857181,0.8005335318,0.77698857181,0.8005335318,0.911,0.864,-53.19,0.9113208,0.8643011,-53.19,22.7147,0.0,2.89,1.095,0.087,0.97,28.0
967,967,28_21,28_10,1557.905,50.7949,18.1419,0.0354,602.825,20.0,25.0,150.0,2165.0,149.9594,2165.4381,149.9594,2165.4381,43.3915654460117,-21.99373330450198,1.244,1.154,75.9,0.05216,0.04552,79.2,149.9594,2165.4381,43.3915654460117,-21.99373330450198,0.81089306002,0.79826029538,0.81089306002,0.79826029538,0.902,0.892,20.7,0.9016639,0.8922755,20.7,22.6871,0.0,3.16,1.078,0.072,0.631,28.0
968,968,28_22,28_9,467.3553,34.36319,19.4492,0.0799,604.0143,10.0,12.0,214.0,2151.0,214.1139,2151.1529,214.1139,2151.1529,43.37216929984047,-21.989497824264777,1.122,0.736,81.46,0.10104,0.06159,80.64,214.1139,2151.1529,43.37216929984047,-21.989497824264777,0.98308632367,1.19710329,0.98308632367,1.19710329,1.097,0.989,-80.87,1.09671,0.9886442,-80.87,22.7426,0.0,5.41,1.525,0.344,0.133,28.0
969,969,28_23,28_8,217.8335,22.4089,20.278,0.1117,602.6559,5.0,5.0,151.0,2147.0,151.2529,2147.5631,151.2529,2147.5631,43.3912398672255,-21.98870050234344,0.74,0.456,-19.6,0.10859,0.06276,-18.64,151.2529,2147.5631,43.3912398672255,-21.98870050234344,0.76041797865,0.68496029319,0.76041797865,0.68496029319,0.872,0.827,-4.86,0.8723348,0.8272909,-4.86,22.68,0.0,3.41,1.622,0.384,0.492,28.0
970,970,28_24,28_7,11276.77,79.46576,15.9928,0.0077,603.2192,46.0,49.0,77.0,2126.0,77.0484,2125.7341,77.0484,2125.7341,43.413815330448365,-21.982807325651063,1.458,1.369,-73.01,0.01398,0.01255,-78.76,77.0484,2125.7341,43.413815330448365,-21.982807325651063,0.78798494332,0.82205634661,0.78798494332,0.82205634661,0.912,0.883,-65.48,0.9115984,0.8826266,-65.48,22.7031,0.0,2.81,1.065,0.061,0.986,28.0
972,972,28_26,28_5,10609.6,82.99557,16.0591,0.0085,602.048,48.0,55.0,158.0,2113.0,157.5904,2113.3252,157.5904,2113.3252,43.3894461942112,-21.9790475191124,1.486,1.434,-65.18,0.01583,0.01526,-59.17,157.5904,2113.3252,43.3894461942112,-21.9790475191124,0.82251664335,0.84189379618,0.82251664335,0.84189379618,0.922,0.902,-61.29,0.9220607,0.9023383,-61.29,22.6543,0.0,2.82,1.036,0.035,0.976,28.0
973,973,28_27,28_4,264.4412,26.54386,20.0675,0.109,602.1183,7.0,7.0,208.0,2063.0,207.9893,2062.9885,207.9893,2062.9885,43.374357086634,-21.964716136206185,0.874,0.536,44.45,0.1127,0.06525,44.98,207.9893,2062.9885,43.374357086634,-21.964716136206185,0.62223093503,0.58561327307,0.62223093503,0.58561327307,0.804,0.749,32.14,0.8038054,0.7494938,32.14,22.6534,0.0,2.65,1.629,0.386,0.357,28.0
974,974,28_28,28_3,45323.92,127.984,14.4825,0.0031,601.8732,89.0,96.0,136.0,2042.0,135.7074,2041.8066,135.7074,2041.8066,43.39634516055419,-21.95900124591508,1.613,1.572,-68.14,0.0066,0.00654,-88.2,135.7074,2041.8066,43.39634516055419,-21.95900124591508,0.83218617584,0.85724577437,0.83218617584,0.85724577437,0.931,0.907,-61.78,0.931336,0.9066671,-61.78,22.6427,0.0,2.87,1.026,0.026,0.986,28.0
975,975,28_29,28_30,239.9763,41.56096,20.1729,0.1881,633.7141,7.0,8.0,325.0,2500.0,324.5053,2499.0361,324.5053,2499.0361,43.33736779596009,-22.086977396467063,1.224,0.45,78.94,0.10747,0.03883,79.09,324.5053,2499.0361,43.33736779596009,-22.086977396467063,1.2210193954,1.412111151,1.2210193954,1.412111151,1.195,1.097,74.02,1.19548,1.09725,74.02,23.0096,0.0,4.4,2.723,0.633,0.002,28.0
977,977,29_2,29_2,14430.55,89.24439,15.7251,0.0067,603.5709,50.0,58.0,692.0,2008.0,691.8539000000001,2008.9024,691.8539000000001,2008.9024,43.22789118439992,-21.94778156312485,2.142,1.043,2.98,0.02212,0.01159,5.77,691.8539000000001,2008.9024,43.22789118439992,-21.94778156312485,1.1066797985,0.32541036039,1.1066797985,0.32541036039,1.052,0.57,0.51,1.052018,0.5703932,0.51,22.6702,24.0,4.27,2.054,0.513,0.984,29.0
978,978,29_3,29_1,1316.024,40.84998,18.3251,0.0337,604.6298,14.0,15.0,938.0,2008.0,938.3405,2008.6771,938.3405,2008.6771,43.15316711602024,-21.946789691519328,1.202,0.716,-0.82,0.05586,0.03116,-0.87,938.3405,2008.6771,43.15316711602024,-21.946789691519328,0.60021732794,0.28899284413,0.60021732794,0.28899284413,0.775,0.538,0.03,0.774737,0.5375804,0.03,22.671,24.0,3.2,1.679,0.404,0.904,29.0
979,979,29_4,29_31,68899.2,148.5995,14.0278,0.0023,605.8784,99.0,111.0,534.0,2463.0,534.2416,2463.2637,534.2416,2463.2637,43.27387379494701,-22.07617667065272,1.648,1.573,-56.51,0.00527,0.005,-48.02,534.2416,2463.2637,43.27387379494701,-22.07617667065272,0.80356000787,0.82999386135,0.80356000787,0.82999386135,0.921,0.886,-57.29,0.9211735,0.8859984,-57.29,22.6674,0.0,2.79,1.048,0.046,0.998,29.0
980,980,29_5,29_34,1806.874,48.36233,17.981,0.0291,604.5449,19.0,21.0,861.0,2518.0,861.3761,2517.7117,861.3761,2517.7117,43.17438683926471,-22.090287560132055,1.247,0.963,-7.28,0.04577,0.03105,-7.33,861.3761,2517.7117,43.17438683926471,-22.090287560132055,0.70560552116,0.63743175458,0.70560552116,0.63743175458,0.84,0.798,-6.14,0.8404777,0.7978938,-6.14,22.6682,24.0,3.0,1.295,0.228,0.961,29.0
981,981,29_6,29_30,1497.359,48.80614,18.185,0.0354,604.0402,21.0,22.0,744.0,2443.0,743.7812,2443.2577,743.7812,2443.2577,43.21037779521558,-22.069784005464182,1.199,1.071,-83.19,0.04989,0.04324,-85.27,743.7812,2443.2577,43.21037779521558,-22.069784005464182,0.73611654503,0.79048686131,0.73611654503,0.79048686131,0.893,0.854,-71.83,0.8927761,0.8541395,-71.83,22.6501,0.0,2.92,1.12,0.107,0.912,29.0
982,982,29_7,29_29,230.3986,25.08568,20.2171,0.1182,605.109,6.0,6.0,1003.0,2442.0,1003.0273,2442.5014,1003.0273,2442.5014,43.131717793401656,-22.06858864267741,0.796,0.5,0.09,0.10894,0.06676,0.01,1003.0273,2442.5014,43.131717793401656,-22.06858864267741,1.0156078112,0.82286867029,1.0156078112,0.82286867029,1.009,0.906,6.21,1.008918,0.9058484,6.21,22.6616,0.0,3.72,1.592,0.372,0.485,29.0
983,983,29_8,29_28,5963.789,71.79771,16.6845,0.0131,605.0679,37.0,43.0,922.0,2437.0,922.2286,2437.3807,922.2286,2437.3807,43.1562567417115,-22.06745859671534,1.405,1.361,-67.77,0.02239,0.02114,-61.96,922.2286,2437.3807,43.1562567417115,-22.06745859671534,0.80171884651,0.8353947461,0.80171884651,0.8353947461,0.916,0.893,-72.93,0.9159154,0.8934274,-72.93,22.6694,0.0,2.89,1.033,0.032,0.977,29.0
984,984,29_9,29_27,2519.589,57.08672,17.62,0.0246,605.7977,25.0,29.0,568.0,2427.0,568.2514,2427.3906,568.2514,2427.3906,43.26369792494735,-22.06596334257449,1.326,1.164,-55.13,0.0377,0.03234,-54.62,568.2514,2427.3906,43.26369792494735,-22.06596334257449,0.74288164022,0.77587721171,0.74288164022,0.77587721171,0.899,0.843,-54.96,0.8987731,0.8431879,-54.96,22.7001,0.0,2.84,1.139,0.122,0.937,29.0
985,985,29_10,29_26,273.0385,30.50838,20.0327,0.1213,606.7525,8.0,9.0,554.0,2422.0,553.9941,2422.3437,553.9941,2422.3437,43.26804343201555,-22.064595059302384,1.029,0.641,53.59,0.12603,0.07751,54.2,553.9941,2422.3437,43.26804343201555,-22.064595059302384,2.0930196555,2.4667902362,2.0930196555,2.4667902362,1.594,1.421,67.86,1.594047,1.420854,67.86,22.7413,0.0,4.83,1.605,0.377,0.002,29.0
986,986,29_11,29_25,1217.561,50.24676,18.4096,0.0448,604.4927,21.0,24.0,770.0,2392.0,770.1663,2391.7069,770.1663,2391.7069,43.2025836313877,-22.055184146918045,1.35,1.111,-64.92,0.06638,0.05394,-70.18,770.1663,2391.7069,43.2025836313877,-22.055184146918045,1.1704446713,1.2534269562,1.1704446713,1.2534269562,1.15,1.05,-56.04,1.149939,1.049529,-56.04,22.6786,0.0,3.85,1.215,0.177,0.044,29.0
987,987,29_12,29_24,1921.736,54.08982,17.9141,0.0306,604.8497,24.0,27.0,650.0,2372.0,650.3455,2371.6888,650.3455,2371.6888,43.239015799602846,-22.04999579780592,1.242,1.183,-57.14,0.04433,0.04188,-56.68,650.3455,2371.6888,43.239015799602846,-22.04999579780592,0.74545687571,0.76505117764,0.74545687571,0.76505117764,0.885,0.853,-55.53,0.8845936,0.8532305,-55.53,22.6923,0.0,2.9,1.05,0.048,0.884,29.0
989,989,29_14,29_22,2955.1,67.60974,17.4469,0.0248,604.5162,39.0,42.0,515.0,2340.0,515.1153,2340.0764,515.1153,2340.0764,43.28016325665662,-22.041592745798194,1.649,1.439,-79.87,0.04576,0.04024,-68.9,515.1153,2340.0764,43.28016325665662,-22.041592745798194,1.3394523353,1.5836584191,1.3394523353,1.5836584191,1.259,1.157,88.37,1.258513,1.157262,88.37,22.6691,0.0,4.36,1.146,0.127,0.016,29.0
990,990,29_15,29_21,194.9207,22.70373,20.3987,0.1265,605.0433,5.0,5.0,900.0,2323.0,899.8172999999999,2323.4026,899.8172999999999,2323.4026,43.16353363233573,-22.035480212184748,0.772,0.443,-19.48,0.12082,0.06973,-18.47,899.8172999999999,2323.4026,43.16353363233573,-22.035480212184748,0.942799831,0.62555993126,0.942799831,0.62555993126,1.019,0.729,-25.61,1.018526,0.7286726,-25.61,22.6982,0.0,3.44,1.743,0.426,0.474,29.0
991,991,29_16,29_20,369.0655,30.56824,19.7055,0.0899,605.2502,8.0,9.0,867.0,2322.0,867.0188,2321.9066000000003,867.0188,2321.9066000000003,43.17348956886624,-22.035183990509804,0.787,0.778,-31.02,0.07878,0.07828,-75.87,867.0188,2321.9066000000003,43.17348956886624,-22.035183990509804,0.70491646347,0.68894151282,0.70491646347,0.68894151282,0.844,0.825,-29.57,0.8440956,0.8254457,-29.57,22.7089,0.0,3.08,1.012,0.012,0.544,29.0
992,992,29_17,29_19,578.1616,35.55012,19.2182,0.0668,605.1298,12.0,12.0,831.0,2321.0,830.6915,2320.8038,830.6915,2320.8038,43.18451418416552,-22.035011066559395,0.958,0.855,15.42,0.07458,0.0651,19.97,830.6915,2320.8038,43.18451418416552,-22.035011066559395,0.82547036917,0.77699012606,0.82547036917,0.77699012606,0.913,0.877,-20.52,0.91289,0.8769791,-20.52,22.704,0.0,3.31,1.12,0.107,0.264,29.0
993,993,29_18,29_18,6171.227,73.42291,16.6474,0.0129,604.9509,37.0,45.0,803.0,2316.0,802.6611,2316.5385,802.6611,2316.5385,43.19303479713228,-22.033916589044598,1.46,1.326,-59.05,0.02352,0.02036,-58.42,802.6611,2316.5385,43.19303479713228,-22.033916589044598,0.76179817219,0.78713767567,0.76179817219,0.78713767567,0.898,0.861,-56.45,0.8983462,0.8613419,-56.45,22.6968,0.0,2.72,1.101,0.092,0.978,29.0
994,994,29_19,29_17,1016.187,47.69351,18.6059,0.051,603.6987,18.0,22.0,617.0,2311.0,617.0999,2311.1962,617.0999,2311.1962,43.249343679766525,-22.03310005568669,1.256,1.127,51.96,0.06959,0.06285,46.26,617.0999,2311.1962,43.249343679766525,-22.03310005568669,1.050237913,1.1559224092,1.050237913,1.1559224092,1.087,1.012,66.19,1.086956,1.012269,66.19,22.6612,0.0,4.05,1.115,0.103,0.089,29.0
995,995,29_20,29_16,167.7991,22.47998,20.5613,0.1455,603.9928,4.0,5.0,900.0,2296.0,900.6067,2295.806,900.6067,2295.806,43.16340948265622,-22.02771368448834,0.755,0.454,72.54,0.12316,0.07123,71.6,900.6067,2295.806,43.16340948265622,-22.02771368448834,1.0320753736,1.1842362406,1.0320753736,1.1842362406,1.115,0.987,-62.25,1.114679,0.9868143,-62.25,22.6569,0.0,3.44,1.665,0.399,0.356,29.0
996,996,29_21,29_15,371.0966,27.11593,19.6996,0.0794,602.8646,7.0,7.0,640.0,2296.0,639.6583,2295.9738,639.6583,2295.9738,43.24256237555898,-22.028735429062657,0.745,0.649,88.27,0.07629,0.07057,88.88,639.6583,2295.9738,43.24256237555898,-22.028735429062657,0.55129574373,0.73097725813,0.55129574373,0.73097725813,0.856,0.742,-85.81,0.8555382,0.7418406,-85.81,22.6253,0.0,4.12,1.148,0.129,0.358,29.0
997,997,29_22,29_14,256.4327,26.57083,20.1009,0.1125,604.8968,6.0,7.0,878.0,2218.0,877.7392,2217.8374,877.7392,2217.8374,43.17067069255692,-22.00586610240868,1.054,0.51,-24.01,0.14359,0.0686,-22.58,877.7392,2217.8374,43.17067069255692,-22.00586610240868,1.2011377717,0.91116488819,1.2011377717,0.91116488819,1.154,0.883,-29.16,1.154228,0.8832105,-29.16,22.7111,0.0,4.35,2.068,0.516,0.333,29.0
998,998,29_23,29_13,12419.7,87.44235,15.888,0.0076,604.29,49.0,58.0,741.0,2215.0,740.8717,2214.9014,740.8717,2214.9014,43.21219282076023,-22.00555470777659,1.498,1.43,-55.71,0.01463,0.01372,-46.12,740.8717,2214.9014,43.21219282076023,-22.00555470777659,0.7845630375,0.8088773859,0.7845630375,0.8088773859,0.908,0.877,-58.13,0.9078489,0.8770694,-58.13,22.6883,0.0,2.8,1.047,0.045,0.983,29.0
999,999,29_24,29_12,27615.02,110.704,15.0204,0.0044,603.703,72.0,82.0,695.0,2186.0,695.2401,2185.8173,695.2401,2185.8173,43.2261495254904,-21.997541725211484,1.587,1.525,-79.3,0.00938,0.00887,83.25,695.2401,2185.8173,43.2261495254904,-21.997541725211484,0.80099315815,0.83920950461,0.80099315815,0.83920950461,0.92,0.89,-67.35,0.9204733,0.890467,-67.35,22.675,0.0,2.81,1.041,0.039,0.983,29.0
1000,1000,29_25,29_11,1861.533,53.68424,17.9486,0.0313,604.2,20.0,27.0,736.0,2179.0,736.5592,2179.4712,736.5592,2179.4712,43.21364501887046,-21.99560324538818,1.312,1.144,-56.99,0.04877,0.04028,-50.6,736.5592,2179.4712,43.21364501887046,-21.99560324538818,0.78374218485,0.86037300002,0.78374218485,0.86037300002,0.931,0.882,-75.41,0.9305609,0.8821403,-75.41,22.6982,0.0,3.18,1.147,0.128,0.797,29.0
1001,1001,29_26,29_10,415.2878,31.79235,19.5774,0.0831,603.5741,9.0,10.0,638.0,2181.0,638.2043,2180.9989,638.2043,2180.9989,43.24346511362594,-21.996395921920158,0.909,0.753,-6.64,0.09167,0.07265,-0.26,638.2043,2180.9989,43.24346511362594,-21.996395921920158,0.69685001933,0.65016512441,0.69685001933,0.65016512441,0.867,0.771,-36.38,0.8673589,0.7711703,-36.38,22.6706,0.0,3.72,1.207,0.171,0.56,29.0
1002,1002,29_27,29_9,386.6308,28.56104,19.6551,0.0802,604.6931,7.0,8.0,998.0,2154.0,998.2066,2154.071,998.2066,2154.071,43.13440288428733,-21.987464582526894,0.814,0.668,-49.51,0.07986,0.06294,-44.85,998.2066,2154.071,43.13440288428733,-21.987464582526894,0.51603958086,0.52145416472,0.51603958086,0.52145416472,0.744,0.696,-47.24,0.7438652,0.6958149,-47.24,22.6871,0.0,2.92,1.218,0.179,0.53,29.0
1003,1003,29_28,29_8,368.4885,30.22035,19.7072,0.0891,604.8841,9.0,9.0,718.0,2142.0,718.3466,2141.8699,718.3466,2141.8699,43.219320750806375,-21.98509246073426,0.919,0.68,20.56,0.09378,0.0676,20.3,718.3466,2141.8699,43.219320750806375,-21.98509246073426,0.72000180446,0.58361003915,0.72000180446,0.58361003915,0.856,0.755,16.35,0.8560589,0.7554966,16.35,22.7392,0.0,3.48,1.351,0.26,0.27,29.0
1005,1005,29_30,29_6,711.5493,39.3368,18.9928,0.06,604.2477,12.0,15.0,743.0,2121.0,743.1533,2121.359,743.1533,2121.359,43.21188208808928,-21.97922985774,1.024,0.951,11.16,0.07412,0.06572,14.08,743.1533,2121.359,43.21188208808928,-21.97922985774,0.75309541897,0.73537504828,0.75309541897,0.73537504828,0.878,0.847,-35.12,0.8777502,0.8473637,-35.12,22.7063,0.0,3.71,1.077,0.071,0.453,29.0
1006,1006,29_31,29_5,37399.96,121.6233,14.6911,0.0035,605.0594,81.0,89.0,864.0,2095.0,864.2937999999999,2095.3515,864.2937999999999,2095.3515,43.175256718686256,-21.971457615280016,1.605,1.53,-76.27,0.00759,0.00717,-79.85,864.2937999999999,2095.3515,43.175256718686256,-21.971457615280016,0.81181036435,0.85340395287,0.81181036435,0.85340395287,0.926,0.899,-72.73,0.926205,0.8985313,-72.73,22.7122,0.0,2.81,1.049,0.047,0.985,29.0
1008,1008,29_33,29_33,245176.4,240.8957,12.6496,0.0011,605.0196,173.0,188.0,687.0,2505.0,686.6487999999999,2504.7384,686.6487999999999,2504.7384,43.22746322953787,-22.08728971893671,1.725,1.687,-51.53,0.00259,0.00251,15.97,686.6487999999999,2504.7384,43.22746322953787,-22.08728971893671,0.86039152163,0.87736487015,0.86039152163,0.87736487015,0.943,0.921,-57.11,0.9431681,0.9209725,-57.11,22.6642,0.0,2.89,1.022,0.022,1.0,29.0
1009,1009,29_34,29_32,1374.02,47.78045,18.2783,0.0378,604.5622,18.0,21.0,641.0,2476.0,641.1205,2476.3375,641.1205,2476.3375,43.24139298629447,-22.079467455877356,1.236,1.024,-51.89,0.05517,0.043,-54.52,641.1205,2476.3375,43.24139298629447,-22.079467455877356,0.78012789007,0.77465391485,0.78012789007,0.77465391485,0.912,0.85,-43.57,0.9123075,0.8499864,-43.57,22.6464,0.0,3.26,1.207,0.171,0.882,29.0
1011,1011,30_2,30_1,892.4697,37.5831,18.7468,0.0457,606.4735,11.0,13.0,1504.0,2008.0,1503.6534,2008.4125,1503.6534,2008.4125,42.981770739044336,-21.94445642387285,1.594,0.491,-1.5,0.10468,0.02777,-2.01,1503.6534,2008.4125,42.981770739044336,-21.94445642387285,0.89228636354,0.19697074348,0.89228636354,0.19697074348,0.945,0.444,-0.22,0.9446145,0.4438024,-0.22,22.6684,24.0,3.94,3.248,0.692,0.704,30.0
1012,1012,30_3,30_40,69449.02,149.291,14.0191,0.0023,605.904,102.0,110.0,1124.0,2497.0,1124.4515,2496.7832,1124.4515,2496.7832,43.094637387757786,-22.08338525200686,1.63,1.587,-44.02,0.00533,0.00486,-11.5,1124.4515,2496.7832,43.094637387757786,-22.08338525200686,0.81647494539,0.85484498486,0.81647494539,0.85484498486,0.929,0.899,-67.2,0.9290224,0.8990202,-67.2,22.6512,0.0,2.82,1.027,0.026,0.986,30.0
1013,1013,30_4,30_39,219.1708,23.18976,20.2713,0.1149,606.4728,5.0,5.0,1155.0,2491.0,1155.2475,2491.4032,1155.2475,2491.4032,43.08531460669776,-22.081750319898,0.725,0.46,17.61,0.10273,0.05952,18.33,1155.2475,2491.4032,43.08531460669776,-22.081750319898,0.6012531196,0.56247679018,0.6012531196,0.56247679018,0.776,0.75,-4.28,0.775546,0.7498388,-4.28,22.6742,0.0,2.44,1.575,0.365,0.47,30.0
1014,1014,30_5,30_38,2610.754,56.0625,17.5814,0.0233,607.3964,25.0,28.0,1247.0,2483.0,1247.1025,2483.2444,1247.1025,2483.2444,43.05747377299917,-22.079089547903983,1.298,1.176,-69.33,0.03519,0.03076,-69.52,1247.1025,2483.2444,43.05747377299917,-22.079089547903983,0.76276960644,0.81123329134,0.76276960644,0.81123329134,0.905,0.868,-68.76,0.9054617,0.8684134,-68.76,22.7409,0.0,2.95,1.104,0.094,0.949,30.0
1015,1015,30_6,30_37,964.9835,43.82433,18.662,0.0493,605.946,16.0,18.0,1202.0,2473.0,1201.909,2472.976,1201.909,2472.976,43.071234077094,-22.076381356389685,1.129,1.024,-20.54,0.0659,0.05974,-25.77,1201.909,2472.976,43.071234077094,-22.076381356389685,0.78106817401,0.70554697265,0.78106817401,0.70554697265,0.888,0.835,-17.11,0.8882405,0.8352509,-17.11,22.672,0.0,3.35,1.102,0.093,0.541,30.0
1017,1017,30_8,30_35,264.6109,28.97413,20.0668,0.1189,606.6549,8.0,8.0,1055.0,2464.0,1054.3864,2463.7266,1054.3864,2463.7266,43.11604235277236,-22.074360284485135,0.965,0.647,-71.51,0.1204,0.08004,-72.64,1054.3864,2463.7266,43.11604235277236,-22.074360284485135,1.1999081818,1.3270459326,1.1999081818,1.3270459326,1.171,1.075,-63.13,1.170879,1.075173,-63.13,22.704,0.0,4.69,1.492,0.33,0.014,30.0
1018,1018,30_9,30_34,1027.646,46.97161,18.5937,0.0496,605.7987,18.0,21.0,1408.0,2443.0,1408.0079,2443.1137,1408.0079,2443.1137,43.00882132649485,-22.06714772626516,1.267,1.054,-36.91,0.07049,0.05901,-36.42,1408.0079,2443.1137,43.00882132649485,-22.06714772626516,1.043191468,0.95855193073,1.043191468,0.95855193073,1.043,0.956,-30.26,1.042531,0.9564899,-30.26,22.6835,0.0,3.95,1.202,0.168,0.171,30.0
1019,1019,30_10,30_33,569.3989,39.78475,19.2348,0.0759,606.2948,12.0,15.0,1063.0,2443.0,1063.093,2443.5099,1063.093,2443.5099,43.11348686312806,-22.068639090289118,1.075,0.958,-10.91,0.08492,0.07473,-13.7,1063.093,2443.5099,43.11348686312806,-22.068639090289118,1.5256619575,1.5214385318,1.5256619575,1.5214385318,1.252,1.217,-43.61,1.251829,1.216563,-43.61,22.6949,0.0,3.52,1.122,0.109,0.218,30.0
1020,1020,30_11,30_32,1143.986,50.71677,18.4772,0.0481,606.5318,20.0,24.0,1055.0,2435.0,1054.6163,2435.4816,1054.6163,2435.4816,43.1160934428361,-22.066413649341065,1.301,1.18,36.47,0.06783,0.06089,39.58,1054.6163,2435.4816,43.1160934428361,-22.066413649341065,1.263489748,1.1968036906,1.263489748,1.1968036906,1.138,1.08,29.52,1.137961,1.079508,29.52,22.7072,0.0,3.74,1.103,0.094,0.014,30.0
1021,1021,30_12,30_31,224.5999,25.45925,20.2448,0.1231,604.4497,5.0,6.0,1032.0,2405.0,1032.1321,2405.1406,1032.1321,2405.1406,43.12304544837112,-22.05796568419143,0.746,0.571,50.14,0.10193,0.07531,45.16,1032.1321,2405.1406,43.12304544837112,-22.05796568419143,0.51868992308,0.83067760778,0.51868992308,0.83067760778,0.912,0.72,-87.99,0.9116269,0.7199333,-87.99,22.6074,0.0,2.26,1.307,0.235,0.386,30.0
1022,1022,30_13,30_30,8277.55,77.53218,16.3285,0.0102,605.5455,47.0,52.0,1509.0,2382.0,1509.4833,2382.0295,1509.4833,2382.0295,42.97830492385737,-22.04954416392726,1.495,1.403,-66.34,0.02025,0.01816,-70.08,1509.4833,2382.0295,42.97830492385737,-22.04954416392726,0.7985879579,0.81899230825,0.7985879579,0.81899230825,0.911,0.888,-59.64,0.9108548,0.8876508,-59.64,22.7138,16.0,2.8,1.066,0.062,0.989,30.0
1024,1024,30_15,30_28,1592.291,52.28385,18.1182,0.0357,604.2666,20.0,25.0,1325.0,2335.0,1325.333,2335.4087,1325.333,2335.4087,43.03438869537062,-22.03718481046745,1.259,1.153,70.13,0.05252,0.04849,59.03,1325.333,2335.4087,43.03438869537062,-22.03718481046745,0.79973068397,0.91573173409,0.79973068397,0.91573173409,0.957,0.894,86.28,0.9571963,0.8940009,86.28,22.6147,0.0,3.35,1.092,0.084,0.667,30.0
1026,1026,30_17,30_26,450.3067,34.16525,19.4895,0.0824,604.8326,11.0,11.0,1246.0,2327.0,1245.9202,2327.3714,1245.9202,2327.3714,43.05851748648988,-22.03524381549973,1.031,0.746,-75.17,0.0956,0.06757,-74.95,1245.9202,2327.3714,43.05851748648988,-22.03524381549973,1.2379976392,1.4774783307,1.2379976392,1.4774783307,1.235,1.091,-67.79,1.235077,1.090899,-67.79,22.6408,0.0,4.13,1.382,0.276,0.044,30.0
1027,1027,30_18,30_25,6217.753,72.32885,16.6392,0.0126,606.1148,38.0,43.0,1190.0,2322.0,1189.7164,2322.0964,1189.7164,2322.0964,43.07559196481282,-22.033984193059943,1.409,1.362,-69.84,0.02137,0.02064,-84.92,1189.7164,2322.0964,43.07559196481282,-22.033984193059943,0.79758223089,0.82919891097,0.79758223089,0.82919891097,0.912,0.891,-73.44,0.9122861,0.8913558,-73.44,22.7062,0.0,2.86,1.034,0.033,0.976,30.0
1028,1028,30_19,30_24,581.5557,36.92326,19.2118,0.069,605.078,10.0,13.0,1425.0,2314.0,1425.3689,2314.3917,1425.3689,2314.3917,43.0041323871763,-22.03086373510804,0.996,0.859,45.84,0.07744,0.06603,45.02,1425.3689,2314.3917,43.0041323871763,-22.03086373510804,0.66043103844,0.66354568595,0.66043103844,0.66354568595,0.839,0.788,46.08,0.8387049,0.7877504,46.08,22.6539,0.0,2.94,1.16,0.138,0.539,30.0
1029,1029,30_20,30_23,179.8946,22.9478,20.4858,0.1385,604.3882,5.0,5.0,1302.0,2316.0,1301.8149,2315.6239,1301.8149,2315.6239,43.0416115686126,-22.031713984480717,0.764,0.444,18.22,0.12197,0.07047,18.48,1301.8149,2315.6239,43.0416115686126,-22.031713984480717,0.93993344361,0.75488998669,0.93993344361,0.75488998669,0.982,0.854,19.1,0.9824131,0.8542177,19.1,22.6193,0.0,3.42,1.722,0.419,0.381,30.0
1030,1030,30_21,30_22,3883.047,91.69453,17.1504,0.0256,604.9778,71.0,79.0,1114.0,2295.0,1114.8185,2295.0947,1114.8185,2295.0947,43.09843083065135,-22.026684101865413,3.028,1.704,33.62,0.08238,0.04571,33.12,1114.8185,2295.0947,43.09843083065135,-22.026684101865413,4.6138409451,4.075318644,4.6138409451,4.075318644,2.313,1.827,37.23,2.313046,1.827287,37.23,22.6569,0.0,10.91,1.777,0.437,0.0,30.0
1031,1031,30_22,30_21,921.9298,48.48632,18.7116,0.0571,606.3528,19.0,22.0,1270.0,2295.0,1270.445,2295.3395,1270.445,2295.3395,43.05121803527246,-22.026133872907025,1.414,1.052,-77.96,0.0846,0.06217,-77.62,1270.445,2295.3395,43.05121803527246,-22.026133872907025,1.3775795927,1.6687201405,1.3775795927,1.6687201405,1.302,1.163,-74.17,1.301607,1.162807,-74.17,22.7048,0.0,4.85,1.344,0.256,0.022,30.0
1032,1032,30_23,30_20,2551.878,58.38818,17.6062,0.0248,604.9002,25.0,30.0,1222.0,2296.0,1222.3372,2295.5568,1222.3372,2295.5568,43.06581149944485,-22.026387861757637,1.263,1.246,-74.71,0.03644,0.03629,83.82,1222.3372,2295.5568,43.06581149944485,-22.026387861757637,0.78389467779,0.79967296748,0.78389467779,0.79967296748,0.894,0.885,-85.26,0.8943053,0.8853167,-85.26,22.6446,0.0,2.81,1.014,0.014,0.961,30.0
1033,1033,30_24,30_19,16402.81,92.18857,15.586,0.0061,605.8425,59.0,63.0,1026.0,2292.0,1026.4353,2292.3798,1026.4353,2292.3798,43.125254068286594,-22.02626576157211,1.541,1.445,-72.67,0.01256,0.01109,-80.12,1026.4353,2292.3798,43.125254068286594,-22.02626576157211,0.81186196941,0.84155756136,0.81186196941,0.84155756136,0.923,0.896,-63.49,0.9227096,0.8955593,-63.49,22.73,0.0,2.79,1.067,0.063,0.978,30.0
1034,1034,30_25,30_18,36278.62,126.8336,14.7242,0.0038,604.6658,98.0,108.0,1043.0,2286.0,1042.8134,2285.6397,1042.8134,2285.6397,43.12031446993849,-22.02430591884954,2.125,1.557,-17.71,0.0132,0.0078,-16.62,1042.8134,2285.6397,43.12031446993849,-22.02430591884954,0.84241491114,0.86061354819,0.84241491114,0.86061354819,0.935,0.911,-56.94,0.9348742,0.9105156,-56.94,22.6692,0.0,2.96,1.365,0.267,0.983,30.0
1035,1035,30_26,30_17,1525.274,51.21966,18.1649,0.0365,605.2214,20.0,24.0,1395.0,2252.0,1395.3396,2252.3927,1395.3396,2252.3927,43.01352071461216,-22.01354473607118,1.223,1.156,68.31,0.05105,0.04837,62.7,1395.3396,2252.3927,43.01352071461216,-22.01354473607118,0.80037526851,0.845349464,0.80037526851,0.845349464,0.921,0.893,75.76,0.9211122,0.8929037,75.76,22.654,0.0,3.12,1.058,0.054,0.542,30.0
1036,1036,30_27,30_16,1136.572,50.5858,18.4843,0.0483,605.0852,22.0,24.0,1402.0,2232.0,1402.2776,2231.8843,1402.2776,2231.8843,43.01150800071105,-22.00774662470984,1.578,1.008,29.52,0.08385,0.05238,28.79,1402.2776,2231.8843,43.01150800071105,-22.00774662470984,1.7468265495,1.4392067081,1.7468265495,1.4392067081,1.386,1.125,31.02,1.386058,1.124668,31.02,22.6485,0.0,5.17,1.565,0.361,0.044,30.0
1037,1037,30_28,30_15,8330.957,79.1731,16.3216,0.0103,605.8602,44.0,48.0,1078.0,2221.0,1078.2772,2221.2721,1078.2772,2221.2721,43.10983230003601,-22.006058984477995,1.416,1.398,-54.33,0.01758,0.01749,-48.55,1078.2772,2221.2721,43.10983230003601,-22.006058984477995,0.78160119037,0.79651778105,0.78160119037,0.79651778105,0.895,0.882,-65.78,0.8945964,0.8819389,-65.78,22.6732,0.0,2.76,1.013,0.013,0.981,30.0
1038,1038,30_29,30_14,2567.251,57.23523,17.5996,0.0242,604.4171,26.0,29.0,1423.0,2211.0,1422.7107,2211.3612,1422.7107,2211.3612,43.00540208706499,-22.00188891069348,1.27,1.222,63.56,0.03626,0.0337,60.89,1422.7107,2211.3612,43.00540208706499,-22.00188891069348,0.78456593837,0.78403653141,0.78456593837,0.78403653141,0.887,0.885,40.91,0.8866588,0.8845556,40.91,22.6222,0.0,2.88,1.039,0.038,0.954,30.0
1039,1039,30_30,30_13,288.4951,27.46434,19.973,0.1034,605.2025,6.0,7.0,1144.0,2202.0,1144.3071,2201.9924,1144.3071,2201.9924,43.08988778914456,-22.000375278904016,0.731,0.669,-84.71,0.08382,0.07759,-89.59,1144.3071,2201.9924,43.08988778914456,-22.000375278904016,0.6453884891,0.68393182545,0.6453884891,0.68393182545,0.848,0.781,-55.2,0.8484985,0.7806219,-55.2,22.6541,0.0,2.19,1.093,0.085,0.47,30.0
1040,1040,30_31,30_12,380540.3,289.1263,12.1723,0.0008,606.3775,209.0,221.0,1073.0,2193.0,1073.2691,2193.1325,1073.2691,2193.1325,43.11147173478392,-21.99816196574801,1.739,1.703,-48.01,0.00204,0.00194,-3.69,1073.2691,2193.1325,43.11147173478392,-21.99816196574801,0.82313928546,0.83557302862,0.82313928546,0.83557302862,0.923,0.898,-53.01,0.922973,0.8982389,-53.01,22.7126,0.0,2.82,1.021,0.02,0.992,30.0
1041,1041,30_32,30_11,51698.7,134.0715,14.3396,0.0028,604.9794,89.0,96.0,1159.0,2194.0,1158.6252,2194.4421,1158.6252,2194.4421,43.08557772566216,-21.99819447653891,1.608,1.552,-76.62,0.00601,0.00587,82.07,1158.6252,2194.4421,43.08557772566216,-21.99819447653891,0.81450293899,0.84162769799,0.81450293899,0.84162769799,0.923,0.896,-61.66,0.9234496,0.8963099,-61.66,22.6506,0.0,2.81,1.036,0.035,0.983,30.0
1042,1042,30_33,30_10,176.6714,22.89694,20.5054,0.1407,605.7896,1.0,5.0,1196.0,2189.0,1196.0053,2189.0044,1196.0053,2189.0044,43.074263904340086,-21.996516242763043,0.589,0.577,-0.1,0.09313,0.09305,1.82,1196.0053,2189.0044,43.074263904340086,-21.996516242763043,0.3467903267,0.33337610638,0.3467903267,0.33337610638,0.589,0.577,-0.1,0.5888891,0.5773873,-0.1,22.6911,0.0,3.43,1.02,0.02,0.792,30.0
1043,1043,30_34,30_9,164305.7,204.5173,13.0842,0.0014,606.7708,147.0,156.0,1064.0,2169.0,1064.5067,2169.0488,1064.5067,2169.0488,43.114232218948985,-21.99142061587018,1.687,1.64,-63.47,0.00317,0.0031,-65.71,1064.5067,2169.0488,43.114232218948985,-21.99142061587018,0.81393133481,0.83159425948,0.81393133481,0.83159425948,0.921,0.893,-55.09,0.921064,0.892842,-55.09,22.7419,0.0,2.81,1.029,0.028,0.985,30.0
1044,1044,30_35,30_8,18518.9,97.132,15.4543,0.0057,605.9738,62.0,66.0,1491.0,2159.0,1491.4065,2159.0956,1491.4065,2159.0956,42.98480171872516,-21.986901000275807,1.536,1.473,-60.32,0.01141,0.01064,-57.35,1491.4065,2159.0956,42.98480171872516,-21.986901000275807,0.82022534145,0.84238259765,0.82022534145,0.84238259765,0.919,0.904,-71.09,0.9194166,0.9040359,-71.09,22.6766,0.0,2.86,1.043,0.041,0.985,30.0
1045,1045,30_36,30_7,1175.87,46.1508,18.4474,0.0426,606.6019,16.0,20.0,1308.0,2159.0,1307.8368,2158.8802,1307.8368,2158.8802,43.04047813548493,-21.987592418480503,1.145,1.055,-61.24,0.05442,0.05016,-63.92,1307.8368,2158.8802,43.04047813548493,-21.987592418480503,0.68912177052,0.73715621191,0.68912177052,0.73715621191,0.867,0.821,-63.92,0.8673452,0.8209692,-63.92,22.7367,0.0,2.9,1.085,0.078,0.802,30.0
1046,1046,30_37,30_6,33619.27,115.5388,14.8068,0.0037,605.1542,76.0,81.0,1112.0,2142.0,1112.0475,2141.9402,1112.0475,2141.9402,43.09993055073296,-21.98360756444981,1.575,1.503,-60.99,0.00789,0.00732,-63.33,1112.0475,2141.9402,43.09993055073296,-21.98360756444981,0.78802326447,0.80036822478,0.78802326447,0.80036822478,0.905,0.877,-52.08,0.9052144,0.8769141,-52.08,22.6739,0.0,2.81,1.048,0.046,0.995,30.0
1048,1048,30_39,30_4,273.9802,25.12606,20.029,0.0996,605.3005,6.0,6.0,1086.0,2111.0,1085.7748,2111.2337,1085.7748,2111.2337,43.1080296450598,-21.97507174593521,0.757,0.555,-42.75,0.08989,0.06597,-44.98,1085.7748,2111.2337,43.1080296450598,-21.97507174593521,0.65672057575,0.61046254393,0.65672057575,0.61046254393,0.857,0.73,-38.34,0.8567478,0.7301823,-38.34,22.6865,0.0,3.2,1.364,0.267,0.501,30.0
1049,1049,30_40,30_3,1126.874,45.23108,18.4936,0.0436,604.9199,18.0,19.0,1139.0,2054.0,1138.4227,2053.8596,1138.4227,2053.8596,43.09231168429065,-21.958722739661265,1.133,1.037,-85.48,0.05623,0.05166,-84.67,1138.4227,2053.8596,43.09231168429065,-21.958722739661265,0.70934362358,0.78777134219,0.70934362358,0.78777134219,0.889,0.841,-81.53,0.8885658,0.8411694,-81.53,22.6762,0.0,3.07,1.093,0.085,0.825,30.0
1050,1050,30_41,30_41,1780.287,52.42538,17.9971,0.032,605.5518,20.0,25.0,1459.0,2516.0,1459.5374,2515.9244,1459.5374,2515.9244,42.99285423726037,-22.087418756491918,1.215,1.145,-14.72,0.04709,0.04123,-10.49,1459.5374,2515.9244,42.99285423726037,-22.087418756491918,0.72712324699,0.76024179334,0.72712324699,0.76024179334,0.872,0.853,89.48,0.87192,0.8527136,89.48,22.6635,16.0,3.09,1.061,0.058,0.953,30.0
1052,1052,31_2,31_36,350.3914,29.43618,19.7619,0.0912,606.1832,8.0,8.0,1819.0,2513.0,1819.1356,2513.0828,1819.1356,2513.0828,42.88372379127887,-22.08509540548443,0.846,0.66,-46.89,0.08844,0.06984,-45.26,1819.1356,2513.0828,42.88372379127887,-22.08509540548443,0.783431604,0.84958323867,0.783431604,0.84958323867,0.976,0.825,-52.08,0.9755686,0.8253973,-52.08,22.6477,16.0,4.43,1.281,0.219,0.173,31.0
1053,1053,31_3,31_35,158344.3,202.8827,13.1243,0.0014,606.5193,144.0,157.0,1784.0,2475.0,1783.6373,2474.5883,1783.6373,2474.5883,42.89467978773671,-22.074420097888588,1.684,1.638,-62.78,0.00328,0.00324,-14.43,1783.6373,2474.5883,42.89467978773671,-22.074420097888588,0.81124037997,0.83978239304,0.81124037997,0.83978239304,0.921,0.896,-64.4,0.9210224,0.8959579,-64.4,22.6718,0.0,2.79,1.028,0.027,1.0,31.0
1054,1054,31_4,31_34,4210.07,64.18134,17.0626,0.0166,605.9659,29.0,35.0,1729.0,2445.0,1729.2125,2444.6214,1729.2125,2444.6214,42.91133781462561,-22.06622426224372,1.326,1.283,-56.8,0.02644,0.02442,-45.14,1729.2125,2444.6214,42.91133781462561,-22.06622426224372,0.77200632152,0.79227740318,0.77200632152,0.79227740318,0.89,0.879,87.74,0.8901174,0.8786209,87.74,22.6535,0.0,2.88,1.034,0.033,0.977,31.0
1055,1055,31_5,31_33,14013.55,146.0405,15.7569,0.0113,607.3066,175.0,190.0,1913.0,2440.0,1913.1712,2439.973,1913.1712,2439.973,42.85553311255019,-22.064116832380837,3.62,2.533,-43.34,0.04754,0.03281,-42.84,1913.1712,2439.973,42.85553311255019,-22.064116832380837,3.8988950182,3.9122167084,3.8988950182,3.9122167084,2.088,1.858,-45.42,2.088167,1.857598,-45.42,22.7008,0.0,4.91,1.429,0.3,0.021,31.0
1056,1056,31_6,31_32,1286.156,47.61794,18.3501,0.0402,606.6025,16.0,21.0,1988.0,2437.0,1987.9764,2436.9257,1987.9764,2436.9257,42.83284654028528,-22.062928370831283,1.121,1.086,-75.99,0.05069,0.05052,89.51,1987.9764,2436.9257,42.83284654028528,-22.062928370831283,0.67519782851,0.71632485652,0.67519782851,0.71632485652,0.849,0.819,-71.83,0.8492895,0.8186758,-71.83,22.6805,0.0,3.05,1.032,0.031,0.695,31.0
1057,1057,31_7,31_31,182.5099,24.87809,20.4701,0.148,606.3563,6.0,6.0,1750.0,2437.0,1750.9925,2437.4957,1750.9925,2437.4957,42.90476160889614,-22.06412604654158,0.814,0.5,0.67,0.12575,0.07701,0.03,1750.9925,2437.4957,42.90476160889614,-22.06412604654158,1.6544165074,1.1167700007,1.6544165074,1.1167700007,1.288,1.055,4.88,1.287774,1.054906,4.88,22.6702,0.0,3.76,1.628,0.386,0.068,31.0
1058,1058,31_8,31_30,248.8814,25.07507,20.1333,0.1094,605.6317,5.0,6.0,1688.0,2433.0,1688.4838,2432.9645,1688.4838,2432.9645,42.92375231655459,-22.063119201541085,0.796,0.499,-86.82,0.10283,0.06302,-89.92,1688.4838,2432.9645,42.92375231655459,-22.063119201541085,0.66256024885,1.0189058187,0.66256024885,1.0189058187,1.021,0.799,-75.89,1.021251,0.79907,-75.89,22.6441,0.0,3.72,1.597,0.374,0.45,31.0
1059,1059,31_9,31_29,3821.153,62.5924,17.1678,0.0178,605.1552,27.0,34.0,1598.0,2424.0,1597.9931,2423.7784,1597.9931,2423.7784,42.951255616883145,-22.06091858501646,1.327,1.248,-7.14,0.0293,0.02547,-0.32,1597.9931,2423.7784,42.951255616883145,-22.06091858501646,0.75753582745,0.74696872813,0.75753582745,0.74696872813,0.874,0.861,-30.57,0.8736117,0.8609919,-30.57,22.644,0.0,2.77,1.063,0.059,0.98,31.0
1060,1060,31_10,31_28,389.1623,30.69354,19.648,0.0857,605.8524,8.0,9.0,1627.0,2404.0,1627.0361,2404.0193,1627.0361,2404.0193,42.94253358419321,-22.05523729916922,0.788,0.771,-48.5,0.08045,0.0804,-4.66,1627.0361,2404.0193,42.94253358419321,-22.05523729916922,0.61315317336,0.67533261197,0.61315317336,0.67533261197,0.828,0.777,-69.64,0.827805,0.7766753,-69.64,22.6643,0.0,3.53,1.023,0.022,0.299,31.0
1061,1061,31_11,31_27,232.3906,24.99977,20.2078,0.1168,605.8477,5.0,6.0,1701.0,2400.0,1700.9817,2400.486,1700.9817,2400.486,42.92011126594578,-22.053928903459923,0.785,0.499,2.27,0.10659,0.0654,0.13,1700.9817,2400.486,42.92011126594578,-22.053928903459923,0.87761173163,0.89104747854,0.87761173163,0.89104747854,0.979,0.9,47.61,0.978856,0.9002779,47.61,22.6533,0.0,3.35,1.572,0.364,0.488,31.0
1062,1062,31_12,31_26,9928.429,81.85416,16.1311,0.009,607.4291,46.0,52.0,1650.0,2389.0,1650.4296,2389.3914,1650.4296,2389.3914,42.93550268659211,-22.05102301533076,1.453,1.414,-56.6,0.01589,0.01585,-70.75,1650.4296,2389.3914,42.93550268659211,-22.05102301533076,0.79944038314,0.8141761352,0.79944038314,0.8141761352,0.909,0.887,-55.72,0.909378,0.8869319,-55.72,22.7293,0.0,2.8,1.027,0.027,0.98,31.0
1064,1064,31_14,31_24,268.6632,27.00936,20.0503,0.1092,605.3658,7.0,7.0,1567.0,2376.0,1567.0283,2376.0346,1567.0283,2376.0346,42.96087130349023,-22.04761727051609,0.894,0.533,43.52,0.11868,0.06855,44.96,1567.0283,2376.0346,42.96087130349023,-22.04761727051609,1.2200591125,1.0987763875,1.2200591125,1.0987763875,1.106,1.047,8.81,1.105915,1.046799,8.81,22.6452,0.0,4.08,1.678,0.404,0.499,31.0
1065,1065,31_15,31_23,6065.154,72.05347,16.6662,0.0129,605.9532,40.0,43.0,1698.0,2372.0,1698.2097,2372.1947,1698.2097,2372.1947,42.92108446860061,-22.045981737863784,1.395,1.37,13.41,0.02276,0.02086,3.4,1698.2097,2372.1947,42.92108446860061,-22.045981737863784,0.78213837821,0.82627287086,0.78213837821,0.82627287086,0.909,0.884,-84.54,0.9092194,0.8841558,-84.54,22.6581,0.0,2.89,1.018,0.018,0.981,31.0
1066,1066,31_16,31_22,143258.8,192.7287,13.233,0.0015,606.2566,130.0,143.0,1741.0,2364.0,1741.146,2364.175,1741.146,2364.175,42.90809384801359,-22.043541636050563,1.673,1.626,-64.36,0.00336,0.00327,-31.05,1741.146,2364.175,42.90809384801359,-22.043541636050563,0.80508452602,0.83775178402,0.80508452602,0.83775178402,0.919,0.893,-66.85,0.9192731,0.8931816,-66.85,22.6679,0.0,2.81,1.029,0.028,0.989,31.0
1067,1067,31_17,31_21,1905.452,52.81026,17.9233,0.0301,606.1884,20.0,25.0,1620.0,2334.0,1619.491,2334.3126,1619.491,2334.3126,42.94514515379831,-22.03565895263586,1.206,1.149,67.99,0.0431,0.03988,60.18,1619.491,2334.3126,42.94514515379831,-22.03565895263586,0.73090838275,0.75501653364,0.73090838275,0.75501653364,0.87,0.854,-73.58,0.8702361,0.8535889,-73.58,22.6672,0.0,2.93,1.049,0.047,0.947,31.0
1068,1068,31_18,31_20,1201.401,45.6851,18.4241,0.0413,607.1144,16.0,19.0,1818.0,2309.0,1818.5185,2308.6499,1818.5185,2308.6499,42.88487992241003,-22.027586782965734,1.209,0.965,-82.54,0.05745,0.04231,-85.6,1818.5185,2308.6499,42.88487992241003,-22.027586782965734,0.6765512483,0.77686086236,0.6765512483,0.77686086236,0.887,0.817,-73.56,0.8868102,0.8166883,-73.56,22.694,0.0,3.04,1.253,0.202,0.818,31.0
1069,1069,31_19,31_19,79219.31,156.4689,13.8762,0.0021,605.9418,111.0,117.0,1638.0,2305.0,1637.5898,2304.6966,1637.5898,2304.6966,42.93979092291995,-22.0272506019814,1.634,1.597,-74.92,0.00478,0.00473,-2.44,1637.5898,2304.6966,42.93979092291995,-22.0272506019814,0.81051030624,0.83701598035,0.81051030624,0.83701598035,0.917,0.898,-68.84,0.9174359,0.8976846,-68.84,22.6492,0.0,2.8,1.023,0.023,0.986,31.0
1070,1070,31_20,31_18,12627.85,88.32516,15.87,0.0076,605.3646,51.0,57.0,1747.0,2303.0,1746.6265,2302.9362,1746.6265,2302.9362,42.90671840845609,-22.02629004953573,1.482,1.42,-81.0,0.01446,0.01346,88.55,1746.6265,2302.9362,42.90671840845609,-22.02629004953573,0.78532031978,0.81061254399,0.78532031978,0.81061254399,0.902,0.884,-70.47,0.9023595,0.8841267,-70.47,22.6088,0.0,2.81,1.044,0.042,0.983,31.0
1071,1071,31_21,31_17,7598.958,78.22021,16.4214,0.0112,605.8425,40.0,49.0,1664.0,2302.0,1663.5038,2302.3104,1663.5038,2302.3104,42.931939944286064,-22.026469349928952,1.436,1.396,-45.16,0.01999,0.01919,-24.5,1663.5038,2302.3104,42.931939944286064,-22.026469349928952,0.79200334308,0.81764576459,0.79200334308,0.81764576459,0.909,0.885,-63.53,0.9088982,0.8851854,-63.53,22.6415,0.0,2.76,1.029,0.028,0.979,31.0
1072,1072,31_22,31_16,44749.23,128.1125,14.4963,0.0031,605.9063,83.0,91.0,1550.0,2300.0,1550.393,2299.9346,1550.393,2299.9346,42.966267266729794,-22.0262779718662,1.603,1.54,-66.05,0.00673,0.00622,-67.46,1550.393,2299.9346,42.966267266729794,-22.0262779718662,0.80154370715,0.82285508567,0.80154370715,0.82285508567,0.912,0.89,-61.58,0.9119679,0.8903445,-61.58,22.6551,0.0,2.79,1.041,0.04,0.99,31.0
1073,1073,31_23,31_15,106806.6,173.6489,13.5518,0.0018,606.8318,121.0,130.0,1820.0,2293.0,1819.7598,2293.3651,1819.7598,2293.3651,42.884575725766176,-22.023281386753528,1.652,1.611,-65.75,0.00404,0.00391,-31.43,1819.7598,2293.3651,42.884575725766176,-22.023281386753528,0.81638881812,0.84512412952,0.81638881812,0.84512412952,0.922,0.901,-69.19,0.921941,0.9008538,-69.19,22.6827,0.0,2.79,1.025,0.024,0.997,31.0
1074,1074,31_24,31_14,7624.234,77.24068,16.4178,0.011,606.1837,38.0,47.0,1621.0,2257.0,1621.1333,2256.5786,1621.1333,2256.5786,42.94500583815014,-22.013783199417595,1.44,1.367,83.45,0.01981,0.01777,81.02,1621.1333,2256.5786,42.94500583815014,-22.013783199417595,0.79656219192,0.82102117218,0.79656219192,0.82102117218,0.907,0.892,-77.71,0.9067739,0.8918208,-77.71,22.6583,0.0,2.8,1.053,0.05,0.982,31.0
1075,1075,31_25,31_13,1352.585,48.45788,18.2954,0.0389,607.0323,19.0,21.0,1709.0,2235.0,1709.12,2234.9568,1709.12,2234.9568,42.91841499276415,-22.007326314446765,1.121,1.12,61.96,0.04863,0.04841,-19.66,1709.12,2234.9568,42.91841499276415,-22.007326314446765,0.74412220261,0.75048053513,0.74412220261,0.75048053513,0.867,0.862,65.92,0.8672187,0.8617044,65.92,22.6786,0.0,3.12,1.001,0.001,0.847,31.0
1076,1076,31_26,31_12,478.5199,34.08916,19.4235,0.0774,606.3405,10.0,11.0,1896.0,2233.0,1895.6535,2232.8942,1895.6535,2232.8942,42.86183971857031,-22.005937966841028,0.998,0.74,16.62,0.08903,0.06301,15.12,1895.6535,2232.8942,42.86183971857031,-22.005937966841028,0.91457865201,0.89349812791,0.91457865201,0.89349812791,0.97,0.931,36.75,0.9701312,0.9310866,36.75,22.6605,0.0,3.22,1.348,0.258,0.544,31.0
1077,1077,31_27,31_11,132552.0,188.7406,13.3173,0.0015,606.6254,135.0,144.0,1810.0,2202.0,1809.6597,2202.1062,1809.6597,2202.1062,42.88807154676256,-21.99765150014412,1.678,1.635,-53.2,0.00369,0.00347,-13.77,1809.6597,2202.1062,42.88807154676256,-21.99765150014412,0.80853779958,0.83683073595,0.80853779958,0.83683073595,0.918,0.896,-67.06,0.9181544,0.8957461,-67.06,22.6732,0.0,2.82,1.027,0.026,0.985,31.0
1078,1078,31_28,31_10,861.0015,41.87529,18.7858,0.0528,607.2815,14.0,16.0,1708.0,2205.0,1708.5719,2205.2686,1708.5719,2205.2686,42.91871982975323,-21.998976420994644,1.073,0.98,81.3,0.06428,0.05564,75.4,1708.5719,2205.2686,42.91871982975323,-21.998976420994644,0.74644389827,0.7391939195,0.74644389827,0.7391939195,0.874,0.85,-39.97,0.8738366,0.8497337,-39.97,22.6943,0.0,3.37,1.094,0.086,0.652,31.0
1079,1079,31_29,31_9,4001.975,63.11074,17.1176,0.0171,606.0663,32.0,33.0,1602.0,2195.0,1602.4164,2195.2569,1602.4164,2195.2569,42.95096610916952,-21.99661035737812,1.322,1.268,82.0,0.0266,0.02479,80.9,1602.4164,2195.2569,42.95096610916952,-21.99661035737812,0.78137804277,0.81698373054,0.78137804277,0.81698373054,0.904,0.884,83.42,0.9041368,0.8836846,83.42,22.6614,0.0,2.84,1.042,0.04,0.973,31.0
1080,1080,31_30,31_8,2147.207,55.02247,17.7936,0.0278,605.0486,23.0,27.0,1555.0,2182.0,1554.5526,2182.1565,1554.5526,2182.1565,42.96554417341943,-21.99312574836205,1.256,1.171,-72.47,0.04079,0.03848,-59.07,1554.5526,2182.1565,42.96554417341943,-21.99312574836205,0.74904880205,0.80927071485,0.74904880205,0.80927071485,0.902,0.863,-75.38,0.9020361,0.8629313,-75.38,22.6308,0.0,2.95,1.073,0.068,0.853,31.0
1081,1081,31_31,31_7,195.8828,25.1164,20.3933,0.1392,605.8965,5.0,6.0,1695.0,2162.0,1695.1796,2161.8313,1695.1796,2161.8313,42.92298445864567,-21.98681322600481,0.766,0.57,-42.61,0.11844,0.0875,-44.89,1695.1796,2161.8313,42.92298445864567,-21.98681322600481,1.811802149,1.4178190571,1.811802149,1.4178190571,1.35,1.186,-9.16,1.349932,1.186298,-9.16,22.6458,0.0,3.88,1.344,0.256,0.416,31.0
1082,1082,31_32,31_6,3473.76,63.51662,17.2713,0.0199,606.5944,28.0,33.0,2010.0,2132.0,2009.7158,2132.3281,2009.7158,2132.3281,42.82772608274325,-21.977141514702243,1.307,1.262,-49.74,0.03012,0.02804,-44.5,2009.7158,2132.3281,42.82772608274325,-21.977141514702243,0.77879405097,0.78261899153,0.77879405097,0.78261899153,0.887,0.88,-54.18,0.8870065,0.8801321,-54.18,22.6276,16.0,2.76,1.036,0.034,0.976,31.0
1083,1083,31_33,31_5,338.719,30.74759,19.7987,0.0986,605.2092,9.0,9.0,1724.0,2125.0,1724.089,2124.3807,1724.089,2124.3807,42.91439109167548,-21.976153410329204,0.926,0.682,-67.87,0.10731,0.07719,-69.6,1724.089,2124.3807,42.91439109167548,-21.976153410329204,0.87778572175,0.98565934901,0.87778572175,0.98565934901,1.039,0.885,-55.69,1.039082,0.8852989,-55.69,22.629,0.0,3.55,1.356,0.263,0.185,31.0
1085,1085,31_35,31_3,3717.707,63.57393,17.1976,0.0186,606.5356,30.0,35.0,1907.0,2053.0,1907.2963,2053.3947,1907.2963,2053.3947,42.85916640913404,-21.95538786385576,1.353,1.284,28.68,0.03113,0.02677,25.21,1907.2963,2053.3947,42.85916640913404,-21.95538786385576,0.78855675884,0.81790794605,0.78855675884,0.81790794605,0.905,0.888,-81.21,0.9047805,0.8876018,-81.21,22.6757,0.0,2.84,1.054,0.051,0.958,31.0
1088,1088,32_2,32_1,390.025,29.58253,19.6456,0.0824,606.677,7.0,8.0,2174.0,2008.0,2174.0427,2008.3502,2174.0427,2008.3502,42.77849909388783,-21.941522599213144,1.168,0.477,-0.19,0.13402,0.0531,-0.05,2174.0427,2008.3502,42.77849909388783,-21.941522599213144,1.0730992813,0.31283313662,1.0730992813,0.31283313662,1.036,0.559,-0.26,1.035913,0.5593011,-0.26,22.6464,24.0,4.43,2.449,0.592,0.556,32.0
1089,1089,32_3,32_28,2274.432,54.61867,17.7311,0.0261,607.1321,22.0,26.0,2455.0,2469.0,2454.6135,2469.3055,2454.6135,2469.3055,42.69107356343627,-22.06988814001568,1.235,1.137,-56.55,0.03864,0.03415,-45.61,2454.6135,2469.3055,42.69107356343627,-22.06988814001568,0.69942101338,0.74720649235,0.69942101338,0.74720649235,0.865,0.836,-83.95,0.8647252,0.8359891,-83.95,22.6452,0.0,2.87,1.086,0.079,0.949,32.0
1090,1090,32_4,32_27,1785.888,53.99966,17.9937,0.0328,606.6959,25.0,26.0,2338.0,2424.0,2338.4581,2423.9781,2338.4581,2423.9781,42.72655231627762,-22.05768619430085,1.277,1.151,-9.92,0.04969,0.04191,-0.33,2338.4581,2423.9781,42.72655231627762,-22.05768619430085,0.8328942679,0.83136876351,0.8328942679,0.83136876351,0.934,0.89,-44.45,0.9339049,0.8899913,-44.45,22.6405,0.0,2.91,1.109,0.098,0.818,32.0
1091,1091,32_5,32_26,3357.628,62.48674,17.3082,0.0202,607.0823,30.0,33.0,2418.0,2412.0,2417.5736,2411.7843,2417.5736,2411.7843,42.70260648004415,-22.05388351548644,1.321,1.256,37.4,0.0326,0.0287,51.73,2417.5736,2411.7843,42.70260648004415,-22.05388351548644,0.7912901368,0.76909216969,0.7912901368,0.76909216969,0.892,0.874,-22.96,0.8922693,0.8742069,-22.96,22.6416,0.0,2.86,1.052,0.049,0.968,32.0
1092,1092,32_6,32_25,358.6555,32.87994,19.7366,0.0996,606.9742,8.0,10.0,2445.0,2360.0,2444.8442,2359.9652,2444.8442,2359.9652,42.694595468922735,-22.039177454242736,1.329,0.549,-26.15,0.14844,0.06093,-25.71,2444.8442,2359.9652,42.694595468922735,-22.039177454242736,2.3709539151,1.5938766572,2.3709539151,1.5938766572,1.633,1.139,-27.7,1.63296,1.139418,-27.7,22.6344,0.0,5.08,2.421,0.587,0.285,32.0
1093,1093,32_7,32_24,8100.688,77.66382,16.352,0.0104,606.8708,42.0,46.0,2346.0,2358.0,2346.0428,2358.0481,2346.0428,2358.0481,42.72458312134116,-22.03910430330808,1.408,1.378,-26.69,0.01792,0.01718,-1.83,2346.0428,2358.0481,42.72458312134116,-22.03910430330808,0.78135328663,0.78062671068,0.78135328663,0.78062671068,0.886,0.881,-42.84,0.8864632,0.8810012,-42.84,22.6383,0.0,2.8,1.022,0.021,0.982,32.0
1094,1094,32_8,32_23,657.6337,38.80027,19.0783,0.0641,607.0247,12.0,14.0,2110.0,2344.0,2110.2825,2344.447,2110.2825,2344.447,42.79618436903398,-22.036363643470224,0.975,0.943,85.98,0.07088,0.06927,89.51,2110.2825,2344.447,42.79618436903398,-22.036363643470224,0.82551071485,0.80713669127,0.82551071485,0.80713669127,0.918,0.888,-35.15,0.9184632,0.8882977,-35.15,22.687,0.0,3.24,1.034,0.033,0.389,32.0
1095,1095,32_9,32_22,18785.1,97.51867,15.4388,0.0056,606.658,56.0,65.0,2223.0,2319.0,2223.2456,2319.0603,2223.2456,2319.0603,42.76203601162265,-22.02870661811967,1.494,1.461,-62.28,0.0109,0.01068,-83.93,2223.2456,2319.0603,42.76203601162265,-22.02870661811967,0.77773029316,0.78431571619,0.77773029316,0.78431571619,0.891,0.876,-52.14,0.8912795,0.876166,-52.14,22.667,0.0,2.76,1.023,0.022,0.999,32.0
1097,1097,32_11,32_20,426.3514,31.16584,19.5489,0.0794,607.2477,8.0,9.0,2258.0,2312.0,2258.3496,2311.8694,2258.3496,2311.8694,42.75142142170494,-22.026521889184224,0.887,0.68,22.65,0.08564,0.06185,20.38,2258.3496,2311.8694,42.75142142170494,-22.026521889184224,0.56056031593,0.53168827033,0.56056031593,0.53168827033,0.782,0.694,38.55,0.7815418,0.6938595,38.55,22.6818,0.0,2.38,1.304,0.233,0.555,32.0
1098,1098,32_12,32_19,293.6056,27.2793,19.9539,0.1009,606.45,6.0,7.0,2205.0,2285.0,2205.0286,2285.2518,2205.0286,2285.2518,42.76773078563566,-22.019279507449507,0.729,0.686,10.27,0.08972,0.08317,-0.28,2205.0286,2285.2518,42.76773078563566,-22.019279507449507,0.94238690389,0.85535761775,0.94238690389,0.85535761775,0.984,0.911,25.62,0.9840664,0.9106909,25.62,22.6589,0.0,4.19,1.063,0.06,0.494,32.0
1099,1099,32_13,32_18,845.075,39.11787,18.8061,0.0503,605.123,13.0,14.0,2144.0,2283.0,2143.8319,2282.5518,2143.8319,2282.5518,42.78630995219526,-22.01879935125456,0.963,0.925,-87.66,0.05785,0.05681,81.94,2143.8319,2282.5518,42.78630995219526,-22.01879935125456,0.63259196355,0.63496833644,0.63259196355,0.63496833644,0.803,0.789,-48.2,0.8027793,0.7893705,-48.2,22.6066,0.0,2.83,1.041,0.039,0.775,32.0
1101,1101,32_15,32_16,1161.22,43.28558,18.461,0.0405,607.3578,16.0,17.0,2185.0,2244.0,2184.6333,2244.393,2184.6333,2244.393,42.77412054463636,-22.00787866970837,1.067,0.98,-17.95,0.05192,0.0457,-11.63,2184.6333,2244.393,42.77412054463636,-22.00787866970837,0.63727877879,0.66799797247,0.63727877879,0.66799797247,0.823,0.793,-64.96,0.8225382,0.7929109,-64.96,22.6993,0.0,2.97,1.089,0.082,0.92,32.0
1102,1102,32_16,32_15,604.5009,36.83658,19.1698,0.0662,607.1634,11.0,12.0,2402.0,2219.0,2402.2889,2219.0484,2402.2889,2219.0484,42.70822223159471,-21.99973857045169,0.988,0.848,-32.68,0.07685,0.06232,-34.52,2402.2889,2219.0484,42.70822223159471,-21.99973857045169,0.79083671129,0.82720617887,0.79083671129,0.82720617887,0.912,0.886,70.44,0.9123928,0.8863308,70.44,22.638,0.0,3.89,1.166,0.142,0.321,32.0
1103,1103,32_17,32_14,8479.584,80.1409,16.3024,0.0103,606.7366,43.0,50.0,2210.0,2149.0,2209.6832,2148.7075,2209.6832,2148.7075,42.7669963060092,-21.980845917169763,1.444,1.409,-57.89,0.0184,0.01784,-30.02,2209.6832,2148.7075,42.7669963060092,-21.980845917169763,0.79873865398,0.82511925789,0.79873865398,0.82511925789,0.91,0.892,-71.66,0.910151,0.8918986,-71.66,22.6524,0.0,2.83,1.025,0.025,0.978,32.0
1105,1105,32_19,32_12,294.8249,27.57634,19.9494,0.1016,606.2991,6.0,7.0,2230.0,2108.0,2229.9281,2107.6845,2229.9281,2107.6845,42.76105995339573,-21.96921238236973,0.735,0.665,6.77,0.08764,0.08077,1.73,2229.9281,2107.6845,42.76105995339573,-21.96921238236973,0.67754096569,0.65361109962,0.67754096569,0.65361109962,0.823,0.808,8.12,0.8234309,0.8081544,8.12,22.6282,0.0,3.86,1.105,0.095,0.496,32.0
1106,1106,32_20,32_11,16777.26,95.33007,15.5615,0.0062,608.3294,55.0,63.0,2375.0,2100.0,2374.8469,2099.8399,2374.8469,2099.8399,42.71714905517871,-21.96633292486965,1.508,1.448,-49.5,0.01194,0.0114,-45.7,2374.8469,2099.8399,42.71714905517871,-21.96633292486965,0.7960246814,0.80585456171,0.7960246814,0.80585456171,0.905,0.884,-52.53,0.9054623,0.8843175,-52.53,22.7047,0.0,2.79,1.042,0.04,0.988,32.0
1107,1107,32_21,32_10,387.4427,35.86646,19.6528,0.1005,607.0693,9.0,12.0,2178.0,2092.0,2178.4888,2091.6966,2178.4888,2091.6966,42.77673933525104,-21.96495003625622,1.089,0.825,52.7,0.1115,0.08517,52.81,2178.4888,2091.6966,42.77673933525104,-21.96495003625622,1.4552285273,1.7632572726,1.4552285273,1.7632572726,1.329,1.206,85.45,1.328616,1.205515,85.45,22.6606,0.0,5.65,1.319,0.242,0.043,32.0
1108,1108,32_22,32_9,675.3959,37.87284,19.0494,0.0609,606.0305,11.0,13.0,2083.0,2091.0,2082.5633,2090.8884,2082.5633,2090.8884,42.80583445814614,-21.965157155259025,0.971,0.855,-20.36,0.07231,0.06244,-13.95,2082.5633,2090.8884,42.80583445814614,-21.965157155259025,0.58397264122,0.6364962786,0.58397264122,0.6364962786,0.813,0.748,-60.55,0.8130639,0.7479278,-60.55,22.6171,0.0,2.68,1.135,0.119,0.639,32.0
1109,1109,32_23,32_8,1870.853,55.87959,17.9432,0.0324,608.2524,24.0,28.0,2330.0,2061.0,2329.7084,2061.4785,2329.7084,2061.4785,42.73103114769356,-21.955752127309427,1.244,1.239,-57.2,0.04621,0.04547,89.18,2329.7084,2061.4785,42.73103114769356,-21.955752127309427,0.80874721346,0.78231839503,0.80874721346,0.78231839503,0.899,0.884,4.33,0.8993884,0.8844016,4.33,22.7075,0.0,2.8,1.004,0.004,0.955,32.0
1110,1110,32_24,32_7,1944.715,55.13594,17.9012,0.0308,606.2585,21.0,27.0,2368.0,2056.0,2367.7375,2055.5906,2367.7375,2055.5906,42.719528530479565,-21.95391816024017,1.251,1.179,-33.87,0.04483,0.04273,-24.62,2367.7375,2055.5906,42.719528530479565,-21.95391816024017,0.77174207324,0.74861895317,0.77174207324,0.74861895317,0.893,0.85,-36.14,0.8934102,0.8498113,-36.14,22.616,0.0,2.74,1.061,0.057,0.92,32.0
1111,1111,32_25,32_6,520.383,40.17723,19.3325,0.0838,606.6928,10.0,15.0,2128.0,2048.0,2127.5393,2048.8802,2127.5393,2048.8802,42.79240093074688,-21.95313604245948,1.263,0.885,-61.91,0.11057,0.07768,-61.76,2127.5393,2048.8802,42.79240093074688,-21.95313604245948,1.8533735031,1.964075268,1.8533735031,1.964075268,1.446,1.314,-53.86,1.445903,1.314083,-53.86,22.6446,0.0,6.31,1.428,0.3,0.538,32.0
1112,1112,32_26,32_5,396.3569,31.33435,19.6281,0.0859,606.6275,8.0,9.0,2053.0,2050.0,2052.9521,2049.3558,2052.9521,2049.3558,42.81501667821284,-21.95360566403761,0.911,0.68,67.92,0.09491,0.06851,69.35,2052.9521,2049.3558,42.81501667821284,-21.95360566403761,0.59076404913,0.740492355,0.59076404913,0.740492355,0.872,0.756,71.21,0.8718303,0.7557567,71.21,22.6422,0.0,3.61,1.34,0.254,0.59,32.0
1113,1113,32_27,32_4,18209.48,98.31925,15.4726,0.0059,606.2994,56.0,66.0,2076.0,2041.0,2075.7468,2041.0094,2075.7468,2041.0094,42.80814505290849,-21.95115528742486,1.534,1.459,-51.02,0.01171,0.01087,-45.87,2075.7468,2041.0094,42.80814505290849,-21.95115528742486,0.79760616949,0.82531239718,0.79760616949,0.82531239718,0.911,0.89,-68.03,0.9114268,0.8900673,-68.03,22.6284,0.0,2.85,1.052,0.049,0.985,32.0
1114,1114,32_28,32_3,429.1329,32.80461,19.5418,0.083,607.4579,10.0,10.0,2341.0,2026.0,2341.2328,2026.4467,2341.2328,2026.4467,42.72771265418271,-21.94584323811412,0.968,0.708,-86.47,0.09256,0.06758,-89.63,2341.2328,2026.4467,42.72771265418271,-21.94584323811412,0.60628703797,0.80128329975,0.60628703797,0.80128329975,0.903,0.769,-75.37,0.9030791,0.7694274,-75.37,22.6716,0.0,3.35,1.367,0.269,0.589,32.0
1115,1115,32_29,32_29,377.6342,32.81889,19.6806,0.0944,606.6437,7.0,10.0,2129.0,2511.0,2129.4769,2510.8407,2129.4769,2510.8407,42.789541833543815,-22.083085265357568,0.977,0.735,-2.1,0.10476,0.07671,-0.19,2129.4769,2510.8407,42.789541833543815,-22.083085265357568,1.3199189541,1.0913812708,1.3199189541,1.0913812708,1.152,1.041,-10.18,1.152187,1.041041,-10.18,22.6457,0.0,5.04,1.329,0.247,0.2,32.0
1116,1116,33_1,33_6,93659.71,168.1992,13.6944,0.002,608.725,112.0,124.0,2938.0,2039.0,2937.7832,2039.3598,2937.7832,2039.3598,42.54675307013576,-21.946567905205274,1.631,1.608,-56.04,0.00446,0.00431,-1.46,2937.7832,2039.3598,42.54675307013576,-21.946567905205274,0.80647620383,0.82158298245,0.80647620383,0.82158298245,0.907,0.898,-77.15,0.9068696,0.8975782,-77.15,22.6396,0.0,2.78,1.014,0.014,0.987,33.0
1117,1117,33_2,33_1,178.7519,23.55462,20.4927,0.1431,608.3383,4.0,5.0,2963.0,2022.0,2963.211,2022.415,2963.211,2022.415,42.53913359332727,-21.94167176722502,0.753,0.449,19.63,0.12322,0.07125,18.5,2963.211,2022.415,42.53913359332727,-21.94167176722502,1.2145356675,1.0460133615,1.2145356675,1.0460133615,1.103,1.022,4.65,1.102569,1.022199,4.65,22.6271,0.0,3.17,1.677,0.404,0.493,33.0
1118,1118,33_3,33_24,948.9573,43.65336,18.6802,0.05,607.8112,16.0,17.0,2629.0,2472.0,2628.6799,2472.2054,2628.6799,2472.2054,42.638234745621176,-22.06986326521445,1.098,0.993,31.03,0.06486,0.05664,42.41,2628.6799,2472.2054,42.638234745621176,-22.06986326521445,0.83244123053,0.72927214379,0.83244123053,0.72927214379,0.913,0.853,5.35,0.9128829,0.8534391,5.35,22.6456,0.0,3.19,1.106,0.096,0.482,33.0
1119,1119,33_4,33_23,2913.782,59.30069,17.4622,0.0221,606.8005,25.0,30.0,2557.0,2464.0,2557.4489,2463.7336,2557.4489,2463.7336,42.65989472477158,-22.06782691533567,1.284,1.251,-73.57,0.03317,0.03296,-41.41,2557.4489,2463.7336,42.65989472477158,-22.06782691533567,0.81447496929,0.86469743766,0.81447496929,0.86469743766,0.932,0.9,-73.76,0.9323925,0.8998982,-73.76,22.6151,0.0,3.15,1.026,0.025,0.947,33.0
1120,1120,33_5,33_22,48575.47,132.1195,14.4073,0.003,609.2708,90.0,94.0,2924.0,2446.0,2924.228,2445.6139,2924.228,2445.6139,42.548691028798686,-22.060903738569536,1.591,1.543,-66.86,0.00646,0.00611,-74.6,2924.228,2445.6139,42.548691028798686,-22.060903738569536,0.79587364965,0.79858973778,0.79587364965,0.79858973778,0.897,0.888,-49.86,0.8973746,0.8883592,-49.86,22.6673,0.0,2.76,1.031,0.03,0.986,33.0
1121,1121,33_6,33_21,399.2527,33.24555,19.6202,0.0904,607.9908,8.0,10.0,2717.0,2412.0,2716.7697,2411.5542,2716.7697,2411.5542,42.61182049780192,-22.052369289237877,0.947,0.72,-89.57,0.09494,0.06943,-89.8,2716.7697,2411.5542,42.61182049780192,-22.052369289237877,0.781840208,0.84379979363,0.781840208,0.84379979363,0.933,0.87,61.54,0.9325156,0.869514,61.54,22.6302,0.0,2.85,1.314,0.239,0.493,33.0
1122,1122,33_7,33_20,373.1454,29.58109,19.6936,0.0861,607.5021,7.0,8.0,2919.0,2390.0,2918.5127,2389.9664,2918.5127,2389.9664,42.55072240719591,-22.04528144085118,0.803,0.689,1.14,0.08666,0.071,-0.05,2918.5127,2389.9664,42.55072240719591,-22.04528144085118,0.63167530769,0.54789587233,0.63167530769,0.54789587233,0.796,0.739,8.32,0.7959306,0.7389625,8.32,22.6034,0.0,2.55,1.165,0.142,0.506,33.0
1123,1123,33_8,33_19,72695.15,152.4855,13.9695,0.0023,608.1375,103.0,111.0,2647.0,2381.0,2646.7642,2381.1329,2646.7642,2381.1329,42.63322063936426,-22.04415732943598,1.627,1.568,-61.68,0.00521,0.00484,-60.03,2646.7642,2381.1329,42.63322063936426,-22.04415732943598,0.80426448518,0.82488784081,0.80426448518,0.82488784081,0.91,0.895,-71.9,0.9095911,0.8954308,-71.9,22.6441,0.0,2.81,1.037,0.036,0.989,33.0
1124,1124,33_9,33_18,857.1941,47.6104,18.7906,0.0603,608.4708,17.0,21.0,2947.0,2368.0,2946.9182,2367.9552,2946.9182,2367.9552,42.5422219376146,-22.038944905205625,1.193,1.174,42.39,0.07742,0.07717,31.74,2946.9182,2367.9552,42.5422219376146,-22.038944905205625,1.2171049457,1.2209037769,1.2171049457,1.2209037769,1.109,1.099,49.67,1.109371,1.098774,49.67,22.6468,0.0,4.69,1.016,0.015,0.025,33.0
1125,1125,33_10,33_17,11906.25,88.58022,15.9339,0.0081,608.3747,47.0,57.0,2754.0,2351.0,2753.6005,2351.1469,2753.6005,2351.1469,42.60096270528791,-22.035194987397333,1.503,1.412,-69.18,0.01584,0.01401,-70.1,2753.6005,2351.1469,42.60096270528791,-22.035194987397333,0.78971635248,0.81621598224,0.78971635248,0.81621598224,0.905,0.887,-74.9,0.9045982,0.8874876,-74.9,22.6456,0.0,2.77,1.064,0.061,0.982,33.0
1126,1126,33_11,33_16,22659.04,104.369,15.2352,0.005,608.3051,63.0,70.0,2989.0,2327.0,2989.1261,2327.2783,2989.1261,2327.2783,42.52963515770054,-22.027286639771194,1.555,1.48,-66.38,0.01029,0.00946,-73.92,2989.1261,2327.2783,42.52963515770054,-22.027286639771194,0.81258902694,0.8291436539,0.81258902694,0.8291436539,0.912,0.9,-69.45,0.9120579,0.8999351,-69.45,22.6298,0.0,2.82,1.051,0.048,0.996,33.0
1127,1127,33_12,33_15,3777.354,65.25748,17.1803,0.0188,608.4309,30.0,35.0,2697.0,2292.0,2697.2554,2292.207,2697.2554,2292.207,42.6183659978168,-22.01889554408601,1.338,1.294,-68.61,0.02941,0.02868,-58.2,2697.2554,2292.207,42.6183659978168,-22.01889554408601,0.78426872887,0.82301990198,0.78426872887,0.82301990198,0.907,0.886,-86.51,0.9072843,0.8855077,-86.51,22.6564,0.0,2.84,1.034,0.033,0.972,33.0
1128,1128,33_13,33_14,2003.232,54.23268,17.869,0.0294,607.5226,21.0,25.0,2663.0,2276.0,2662.9283,2276.142,2662.9283,2276.142,42.62886353022556,-22.014545533140915,1.196,1.185,43.55,0.04029,0.03961,25.1,2662.9283,2276.142,42.62886353022556,-22.014545533140915,0.79425414977,0.80862238022,0.79425414977,0.80862238022,0.899,0.891,81.62,0.8994117,0.8910303,81.62,22.6224,0.0,3.05,1.009,0.009,0.933,33.0
1129,1129,33_14,33_13,167.9353,23.29642,20.5604,0.1507,608.1311,3.0,5.0,2850.0,2244.0,2849.5983,2244.1713,2849.5983,2244.1713,42.57240564872932,-22.004623987974124,0.749,0.45,-71.0,0.12488,0.0722,-71.58,2849.5983,2244.1713,42.57240564872932,-22.004623987974124,0.8003147358,0.84862401106,0.8003147358,0.84862401106,0.941,0.874,-56.8,0.9406288,0.8741603,-56.8,22.6432,0.0,3.25,1.664,0.399,0.437,33.0
1130,1130,33_15,33_12,8826.879,80.99252,16.2588,0.01,607.0066,44.0,50.0,2546.0,2237.0,2545.8322,2237.2461,2545.8322,2237.2461,42.66458656146757,-22.004173582083045,1.489,1.377,-76.72,0.01902,0.01652,-75.39,2545.8322,2237.2461,42.66458656146757,-22.004173582083045,0.80633648666,0.83407423289,0.80633648666,0.83407423289,0.913,0.898,-83.94,0.9134498,0.8977863,-83.94,22.6211,0.0,2.86,1.081,0.075,0.983,33.0
1131,1131,33_16,33_11,1837.804,54.80858,17.9626,0.0324,608.0283,19.0,26.0,2783.0,2236.0,2782.7706,2235.6422,2782.7706,2235.6422,42.59272203486438,-22.00256043274265,1.239,1.164,-61.92,0.04678,0.04327,-58.04,2782.7706,2235.6422,42.59272203486438,-22.00256043274265,0.72356777438,0.78071396323,0.72356777438,0.78071396323,0.885,0.85,-80.13,0.8845881,0.8495798,-80.13,22.6385,0.0,2.99,1.064,0.061,0.933,33.0
1132,1132,33_17,33_10,1035.246,45.19147,18.5857,0.0474,607.1584,14.0,18.0,2627.0,2199.0,2627.2058,2198.8657,2627.2058,2198.8657,42.640101809104685,-21.99298307252828,1.115,1.008,60.99,0.0626,0.05513,64.0,2627.2058,2198.8657,42.640101809104685,-21.99298307252828,0.77815378855,0.77971774764,0.77815378855,0.77971774764,0.894,0.871,46.08,0.8942925,0.8706965,46.08,22.6185,0.0,3.42,1.106,0.096,0.352,33.0
1134,1134,33_19,33_8,3333.78,62.89401,17.316,0.0205,608.7653,27.0,32.0,2841.0,2077.0,2840.8414,2077.3042,2840.8414,2077.3042,42.5759474311108,-21.95773178694439,1.324,1.244,-43.9,0.03183,0.02891,-28.82,2840.8414,2077.3042,42.5759474311108,-21.95773178694439,0.79814996044,0.82752159476,0.79814996044,0.82752159476,0.917,0.886,-61.0,0.9168171,0.8860688,-61.0,22.6534,0.0,2.9,1.064,0.061,0.933,33.0
1135,1135,33_20,33_7,18397.52,98.92496,15.4614,0.0058,607.8077,57.0,64.0,2799.0,2043.0,2799.1681,2043.2216,2799.1681,2043.2216,42.58876502375362,-21.948353477651217,1.526,1.454,-68.15,0.01145,0.01063,-60.8,2799.1681,2043.2216,42.58876502375362,-21.948353477651217,0.79726619059,0.82393319187,0.79726619059,0.82393319187,0.91,0.891,-71.22,0.9096263,0.890943,-71.22,22.6256,0.0,2.8,1.049,0.047,0.985,33.0
1136,1136,33_21,33_25,5638.087,71.24343,16.7455,0.0137,609.0715,36.0,40.0,3009.0,2496.0,3009.456,2495.5798,3009.456,2495.5798,42.522561527681965,-22.074516966130783,1.394,1.301,-53.98,0.02393,0.02115,-55.82,3009.456,2495.5798,42.522561527681965,-22.074516966130783,0.75638126898,0.75755744795,0.75638126898,0.75755744795,0.875,0.865,-46.78,0.8754762,0.8645693,-46.78,22.6331,0.0,2.8,1.072,0.067,0.979,33.0
1137,1137,33_22,33_5,675.1342,41.01332,19.0498,0.066,608.9994,11.0,15.0,2967.0,2040.0,2966.8158,2040.2008,2966.8158,2040.2008,42.537945028992524,-21.94665606129721,0.89,0.857,83.37,0.07434,0.07169,46.64,2966.8158,2040.2008,42.537945028992524,-21.94665606129721,0.65196353637,0.78658137914,0.65196353637,0.78658137914,0.889,0.805,-79.9,0.8893757,0.8047085,-79.9,22.6579,0.0,2.88,1.038,0.037,0.51,33.0
1141,1141,34_2,34_5,29548.37,114.9274,14.947,0.0042,607.9562,72.0,82.0,3029.0,2034.0,3028.8821,2033.9074,3028.8821,2033.9074,42.51915876395807,-21.944566344985635,1.567,1.535,-55.77,0.00901,0.00863,-31.26,3028.8821,2033.9074,42.51915876395807,-21.944566344985635,0.79164597321,0.8070850533,0.79164597321,0.8070850533,0.899,0.889,-73.0,0.899265,0.8888496,-73.0,22.6329,0.0,2.78,1.021,0.02,0.987,34.0
1156,1156,34_17,34_10,16747.18,96.40376,15.5634,0.0063,608.0386,56.0,65.0,3049.0,2105.0,3049.0704,2104.8497,3049.0704,2104.8497,42.512653261795535,-21.964415478024293,1.528,1.458,-59.49,0.01279,0.01158,-53.14,3049.0704,2104.8497,42.512653261795535,-21.964415478024293,0.79899071722,0.81661654354,0.79899071722,0.81661654354,0.904,0.894,-79.53,0.9040132,0.8935141,-79.53,22.6193,0.0,2.84,1.048,0.046,0.998,34.0
1165,1165,35_2,35_1,1474.766,84.2853,18.2015,0.0621,630.6288,16.0,21.0,398.0,2535.0,397.9143,2535.0679,397.9143,2535.0679,43.31495573286079,-22.09685714251224,1.157,1.136,-40.74,0.0366,0.03641,-39.23,397.9143,2535.0679,43.31495573286079,-22.09685714251224,1.1601234849,1.1402145862,1.1601234849,1.1402145862,1.086,1.059,-35.2,1.086206,1.058534,-35.2,22.3908,0.0,2.96,1.019,0.019,0.936,35.0
1166,1166,35_3,35_37,4854.914,60.84688,16.9078,0.0136,603.4042,28.0,32.0,191.0,3020.0,191.2528,3019.4022,191.2528,3019.4022,43.37583510826843,-22.233778154845705,1.352,1.128,-6.36,0.02409,0.01808,-2.77,191.2528,3019.4022,43.37583510826843,-22.233778154845705,0.72448093985,0.68702383556,0.72448093985,0.68702383556,0.857,0.823,-24.0,0.8565885,0.8232624,-24.0,22.7043,24.0,2.82,1.198,0.166,0.98,35.0
1168,1168,35_5,35_34,37568.88,117.5187,14.6862,0.0034,603.431,78.0,85.0,97.0,2979.0,96.8282,2979.5142,96.8282,2979.5142,43.40465616380873,-22.222871888543988,1.578,1.501,-60.48,0.00715,0.00685,-57.79,96.8282,2979.5142,43.40465616380873,-22.222871888543988,0.78401571031,0.81332201842,0.78401571031,0.81332201842,0.909,0.879,-61.63,0.9085049,0.8786106,-61.63,22.6966,0.0,2.75,1.051,0.049,0.983,35.0
1169,1169,35_6,35_33,382.9044,31.31659,19.6656,0.0888,603.0476,8.0,10.0,198.0,2979.0,197.8236,2978.9402,197.8236,2978.9402,43.37399214250961,-22.22237792628729,0.926,0.754,-0.36,0.09185,0.0729,-0.23,197.8236,2978.9402,43.37399214250961,-22.22237792628729,1.2951559235,1.0345677166,1.2951559235,1.0345677166,1.14,1.014,8.12,1.140425,1.014473,8.12,22.6821,0.0,3.69,1.228,0.186,0.491,35.0
1170,1170,35_7,35_32,737.2723,37.88252,18.9542,0.0558,604.1633,6.0,14.0,294.0,2965.0,294.7066,2963.6188,294.7066,2963.6188,43.34463121779291,-22.217743626803173,1.544,0.62,-52.57,0.1001,0.04143,-53.2,294.7066,2963.6188,43.34463121779291,-22.217743626803173,0.48450139522,0.7457304312,0.48450139522,0.7457304312,1.085,0.229,-51.71,1.085354,0.2285569,-51.71,22.7142,0.0,5.83,2.491,0.598,0.831,35.0
1171,1171,35_8,35_31,689.4982,37.81442,19.027,0.0596,604.9142,13.0,14.0,283.0,2938.0,282.7386,2937.6129,282.7386,2937.6129,43.34836470700708,-22.21047065333177,0.977,0.947,80.98,0.0652,0.06347,86.86,282.7386,2937.6129,43.34836470700708,-22.21047065333177,0.80412637495,0.82131135517,0.80412637495,0.82131135517,0.908,0.895,-67.04,0.9083345,0.8946319,-67.04,22.7429,0.0,3.39,1.032,0.031,0.311,35.0
1172,1172,35_9,35_30,726.6786,39.01842,18.9699,0.0583,603.8291,13.0,15.0,368.0,2916.0,368.4146,2916.1168,368.4146,2916.1168,43.32243222036672,-22.204132353013435,1.047,0.935,-69.34,0.07276,0.06446,-75.34,368.4146,2916.1168,43.32243222036672,-22.204132353013435,0.74322365207,0.81995069579,0.74322365207,0.81995069579,0.93,0.836,-58.8,0.929741,0.8359163,-58.8,22.6794,0.0,3.35,1.12,0.107,0.377,35.0
1173,1173,35_10,35_29,1360.656,47.97471,18.2889,0.0383,603.2336,19.0,22.0,364.0,2887.0,364.0429,2886.8604,364.0429,2886.8604,43.32387280298643,-22.195919373312908,1.196,1.082,-49.26,0.05171,0.0468,-45.3,364.0429,2886.8604,43.32387280298643,-22.195919373312908,0.75931587908,0.80998843383,0.75931587908,0.80998843383,0.915,0.856,-59.68,0.9145106,0.8561394,-59.68,22.6441,0.0,3.02,1.105,0.095,0.838,35.0
1174,1174,35_11,35_28,172.1575,24.03089,20.5335,0.1516,604.56,5.0,6.0,157.0,2884.0,156.8452,2884.3175,156.8452,2884.3175,43.3867893572539,-22.195904485562902,1.074,0.412,12.63,0.17073,0.06484,12.91,156.8452,2884.3175,43.3867893572539,-22.195904485562902,1.6511276468,0.91202967306,1.6511276468,0.91202967306,1.286,0.954,-3.47,1.286025,0.9535707,-3.47,22.7508,0.0,3.93,2.608,0.617,0.025,35.0
1175,1175,35_12,35_27,11307.03,82.29044,15.9899,0.0079,603.7646,49.0,56.0,8.0,2870.0,7.778700000000001,2870.5612,7.778700000000001,2870.5612,43.43209168000476,-22.19252199778744,1.498,1.409,-72.17,0.01532,0.0143,-81.06,7.778700000000001,2870.5612,43.43209168000476,-22.19252199778744,0.78505293788,0.8193927961,0.78505293788,0.8193927961,0.916,0.875,-58.79,0.9161413,0.8747176,-58.79,22.7228,16.0,2.79,1.063,0.059,0.98,35.0
1176,1176,35_13,35_26,4556.028,80.29127,16.9768,0.0191,602.6837,60.0,62.0,130.0,2859.0,130.4563,2859.4862,130.4563,2859.4862,43.39489319768976,-22.189008617067174,2.428,1.317,-73.74,0.05944,0.02841,-74.21,130.4563,2859.4862,43.39489319768976,-22.189008617067174,1.3782955949,1.9714495305,1.3782955949,1.9714495305,1.429,1.144,-72.05,1.428625,1.144018,-72.05,22.6595,0.0,4.5,1.843,0.457,0.019,35.0
1177,1177,35_14,35_25,329.4651,28.43956,19.8288,0.0937,605.376,7.0,8.0,474.0,2856.0,474.1267,2856.1252,474.1267,2856.1252,43.290568010874125,-22.18689155169381,0.809,0.667,-44.71,0.08953,0.07093,-44.99,474.1267,2856.1252,43.290568010874125,-22.18689155169381,0.44697638805,0.45811538673,0.44697638805,0.45811538673,0.677,0.669,-87.35,0.6768599,0.6685451,-87.35,22.6958,0.0,2.07,1.213,0.176,0.42,35.0
1178,1178,35_15,35_24,239.9488,22.51128,20.173,0.1019,604.5232,2.0,5.0,236.0,2840.0,236.0457,2840.0069,236.0457,2840.0069,43.36291254217548,-22.183178732762627,0.581,0.576,-3.04,0.07776,0.07753,6.92,236.0457,2840.0069,43.36291254217548,-22.183178732762627,0.33801453038,0.3320461424,0.33801453038,0.3320461424,0.581,0.576,-3.04,0.5814046,0.5762199,-3.04,22.7197,0.0,0.0,1.009,0.009,0.855,35.0
1179,1179,35_16,35_23,5405.79,65.65073,16.7912,0.0132,603.3398,36.0,37.0,177.0,2833.0,177.5048,2833.543,177.5048,2833.543,43.38070812611044,-22.181556956699243,1.399,1.244,-65.27,0.0231,0.01877,-66.45,177.5048,2833.543,43.38070812611044,-22.181556956699243,0.75082700808,0.79190543265,0.75082700808,0.79190543265,0.896,0.86,-65.69,0.8957861,0.8604067,-65.69,22.6788,0.0,2.79,1.125,0.111,0.979,35.0
1180,1180,35_17,35_22,1323.689,46.16257,18.3188,0.0379,603.9892,19.0,21.0,38.0,2835.0,38.3055,2834.7785,38.3055,2834.7785,43.4229569032364,-22.18236129532108,1.141,1.072,-64.22,0.05024,0.0471,-67.07,38.3055,2834.7785,43.4229569032364,-22.18236129532108,0.65293306213,0.68225722876,0.65293306213,0.68225722876,0.829,0.805,-68.35,0.8293036,0.8046402,-68.35,22.7189,0.0,2.8,1.064,0.06,0.916,35.0
1181,1181,35_18,35_21,956.8944,41.76748,18.6711,0.0474,603.9918,16.0,17.0,246.0,2826.0,245.6405,2825.6195,245.6405,2825.6195,43.36005441391225,-22.179100164772944,1.101,0.978,82.04,0.06039,0.05317,78.98,245.6405,2825.6195,43.36005441391225,-22.179100164772944,0.72883567524,0.82270762632,0.72883567524,0.82270762632,0.907,0.854,-89.6,0.9070348,0.8537161,-89.6,22.6939,0.0,3.19,1.126,0.112,0.787,35.0
1182,1182,35_19,35_20,15245.81,91.21808,15.6654,0.0065,605.0753,57.0,62.0,481.0,2788.0,481.1541,2788.2188,481.1541,2788.2188,43.28870165754923,-22.16776766830486,1.507,1.434,-65.89,0.01264,0.01185,-70.35,481.1541,2788.2188,43.28870165754923,-22.16776766830486,0.7748491036,0.79806079739,0.7748491036,0.79806079739,0.902,0.872,-57.94,0.9016924,0.8716999,-57.94,22.6795,0.0,2.75,1.051,0.048,0.983,35.0
1183,1183,35_20,35_19,2579.186,55.34182,17.5946,0.0233,604.1067,25.0,28.0,377.0,2755.0,377.0158,2754.6668,377.0158,2754.6668,43.32044612856878,-22.158695487041097,1.309,1.16,-86.14,0.03622,0.0305,-89.74,377.0158,2754.6668,43.32044612856878,-22.158695487041097,0.76002756915,0.83017555994,0.76002756915,0.83017555994,0.912,0.87,-79.63,0.9124718,0.8704012,-79.63,22.658,0.0,2.94,1.128,0.114,0.912,35.0
1184,1184,35_21,35_18,1882.876,63.94723,17.9362,0.0369,605.0378,37.0,40.0,471.0,2727.0,470.938,2727.1065,470.938,2727.1065,43.29204340788184,-22.150615216981347,2.438,1.095,-40.3,0.09904,0.04245,-40.59,470.938,2727.1065,43.29204340788184,-22.150615216981347,2.8785181608,2.4945767232,2.8785181608,2.4945767232,1.877,1.361,-38.35,1.876551,1.360753,-38.35,22.6773,0.0,9.38,2.226,0.551,0.0,35.0
1185,1185,35_22,35_17,949.0104,41.85897,18.6801,0.0479,603.7173,16.0,17.0,124.0,2714.0,123.8093,2713.5765,123.8093,2713.5765,43.39745468547037,-22.1479968496574,1.124,0.943,-11.25,0.0638,0.04996,-14.82,123.8093,2713.5765,43.39745468547037,-22.1479968496574,0.73412604293,0.68115671121,0.73412604293,0.68115671121,0.859,0.824,12.84,0.8585043,0.8235613,12.84,22.6901,0.0,2.96,1.192,0.161,0.775,35.0
1186,1186,35_23,35_16,391.5398,30.19704,19.6414,0.0838,605.3661,9.0,9.0,285.0,2697.0,285.0357,2696.9538,285.0357,2696.9538,43.348586661809605,-22.142780104108034,0.794,0.77,-38.87,0.07384,0.07354,-46.77,285.0357,2696.9538,43.348586661809605,-22.142780104108034,0.75153995219,0.70676588409,0.75153995219,0.70676588409,0.873,0.835,-23.34,0.8728019,0.8345793,-23.34,22.7216,0.0,2.71,1.031,0.03,0.575,35.0
1187,1187,35_24,35_36,669290.9,396.0054,11.5593,0.0006,606.5642,333.0,356.0,501.0,3006.0,499.3951,3005.7684,499.3951,3005.7684,43.282305125378976,-22.22888961085816,2.178,2.145,-17.19,0.00185,0.00175,20.14,499.3951,3005.7684,43.282305125378976,-22.22888961085816,1.9900075188,1.8721454,1.9900075188,1.8721454,1.423,1.355,-25.61,1.423076,1.355363,-25.61,22.5181,24.0,11.41,1.015,0.015,0.995,35.0
1188,1188,35_25,35_15,61235.46,186.0854,14.1558,0.0033,620.7732,107.0,116.0,382.0,2563.0,382.5148,2562.8684,382.5148,2562.8684,43.3195205788968,-22.10473052561138,1.764,1.61,-49.23,0.00656,0.00542,-40.54,382.5148,2562.8684,43.3195205788968,-22.10473052561138,0.81990627265,0.85859067894,0.81990627265,0.85859067894,0.931,0.901,-68.11,0.9306107,0.9013661,-68.11,22.5235,2.0,2.82,1.096,0.087,0.983,35.0
1189,1189,35_26,35_13,1770.654,56.46968,18.003,0.0346,604.9945,27.0,31.0,50.0,2675.0,50.3042,2675.1753,50.3042,2675.1753,43.41990281056502,-22.137438369957,1.37,1.351,0.37,0.0515,0.04986,-46.35,50.3042,2675.1753,43.41990281056502,-22.137438369957,1.3107182085,1.2810907992,1.3107182085,1.2810907992,1.159,1.118,35.82,1.158849,1.117532,35.82,22.731,0.0,3.73,1.014,0.014,0.03,35.0
1191,1191,35_28,35_11,447.9142,36.03398,19.4953,0.0874,606.4046,12.0,13.0,426.0,2666.0,425.6285,2666.5822,425.6285,2666.5822,43.30603329505943,-22.133751300807457,1.047,0.876,44.25,0.09755,0.08309,45.04,425.6285,2666.5822,43.30603329505943,-22.133751300807457,1.7651636297,1.6914438042,1.7651636297,1.6914438042,1.399,1.224,40.39,1.399472,1.223963,40.39,22.7119,0.0,5.31,1.194,0.163,0.003,35.0
1193,1193,35_30,35_9,826.5953,40.38992,18.8301,0.0531,604.4859,13.0,16.0,157.0,2650.0,156.8598,2649.9218,156.8598,2649.9218,43.38766280560868,-22.129984850325226,1.069,0.97,-33.83,0.06601,0.05816,-30.23,156.8598,2649.9218,43.38766280560868,-22.129984850325226,0.72771324396,0.71996456744,0.72771324396,0.71996456744,0.859,0.843,-36.93,0.858936,0.8425596,-36.93,22.7253,0.0,3.35,1.103,0.093,0.566,35.0
1194,1194,35_31,35_8,518.7209,34.86709,19.336,0.073,606.9214,8.0,12.0,481.0,2635.0,481.5316,2634.939,481.5316,2634.939,43.28919055831363,-22.124653958928903,1.01,0.777,-3.53,0.08146,0.0598,-0.34,481.5316,2634.939,43.28919055831363,-22.124653958928903,0.7977468133,0.75527277858,0.7977468133,0.75527277858,0.912,0.849,-33.86,0.9124169,0.8488315,-33.86,22.7451,0.0,2.63,1.3,0.231,0.59,35.0
1195,1195,35_32,35_7,509.9762,33.26244,19.3544,0.0708,609.144,9.0,11.0,350.0,2624.0,350.1014,2624.3263,350.1014,2624.3263,43.32911894523911,-22.122129342179484,0.993,0.746,76.3,0.08275,0.0586,75.05,350.1014,2624.3263,43.32911894523911,-22.122129342179484,0.7637110006,0.84131833888,0.7637110006,0.84131833888,0.919,0.872,77.87,0.9192795,0.8717537,77.87,22.7191,0.0,3.49,1.332,0.249,0.393,35.0
1196,1196,35_33,35_6,1240.015,43.3944,18.3897,0.038,604.4556,16.0,18.0,15.0,2619.0,15.500800000000002,2619.213,15.500800000000002,2619.213,43.43066841343007,-22.121812863234933,1.118,0.986,85.25,0.05112,0.04176,89.78,15.500800000000002,2619.213,43.43066841343007,-22.121812863234933,0.69061810902,0.6872363526,0.69061810902,0.6872363526,0.836,0.824,39.87,0.8357155,0.8242779,39.87,22.6909,0.0,3.02,1.134,0.118,0.816,35.0
1197,1197,35_34,35_5,666.7138,49.0145,19.0635,0.0798,617.9987,12.0,14.0,375.0,2577.0,374.495,2576.7388,374.495,2576.7388,43.32190040420125,-22.10865982583992,0.971,0.964,18.49,0.0618,0.06058,0.24,374.495,2576.7388,43.32190040420125,-22.10865982583992,0.84494305197,0.90322765265,0.84494305197,0.90322765265,0.951,0.918,80.24,0.9513173,0.9182408,80.24,22.6007,0.0,3.26,1.007,0.007,0.395,35.0
1198,1198,35_35,35_4,161.0013,22.20705,20.6062,0.1498,604.3676,5.0,5.0,2.0,2566.0,2.3852,2565.7988,2.3852,2565.7988,43.43484285599037,-22.10683304804073,0.747,0.448,-71.51,0.11806,0.06832,-71.56,2.3852,2565.7988,43.43484285599037,-22.10683304804073,0.34354435168,0.52212470036,0.34354435168,0.52212470036,0.73,0.577,-76.38,0.730247,0.5765486,-76.38,22.6912,16.0,3.22,1.668,0.4,0.34,35.0
1199,1199,35_36,35_3,5129.626,67.27348,16.8481,0.0142,607.7761,34.0,39.0,249.0,2554.0,249.4871,2554.4127,249.4871,2554.4127,43.35991700377133,-22.10281040563997,1.403,1.286,-80.44,0.02504,0.0207,-82.36,249.4871,2554.4127,43.35991700377133,-22.10281040563997,0.77546859896,0.78580884478,0.77546859896,0.78580884478,0.891,0.876,-56.36,0.8910836,0.8759266,-56.36,22.6909,0.0,2.76,1.09,0.083,0.976,35.0
1200,1200,35_37,35_2,261.3785,24.55405,20.0801,0.102,604.2961,4.0,6.0,2.0,2549.0,2.2324,2549.4468,2.2324,2549.4468,43.43494894759978,-22.102234611564786,0.899,0.422,89.6,0.08705,0.04358,89.56,2.2324,2549.4468,43.43494894759978,-22.102234611564786,0.17838008904,0.80776047058,0.17838008904,0.80776047058,0.899,0.422,89.6,0.8987716,0.4223151,89.6,22.6911,16.0,2.65,2.128,0.53,0.518,35.0
1202,1202,36_2,36_1,1436.003,50.64126,18.2304,0.0383,604.8202,20.0,24.0,687.0,2510.0,687.0437,2510.7045,687.0437,2510.7045,43.22731919381503,-22.08896651013893,2.133,0.714,1.71,0.10086,0.0334,1.72,687.0437,2510.7045,43.22731919381503,-22.08896651013893,2.2273004205,0.76740971162,2.2273004205,0.76740971162,1.493,0.875,1.88,1.492944,0.8751163,1.88,22.6699,24.0,6.78,2.989,0.665,0.822,36.0
1203,1203,36_3,36_44,69188.47,171.2663,14.0232,0.0027,606.6933,150.0,157.0,502.0,3006.0,503.2912,3005.8387,503.2912,3005.8387,43.28112151261605,-22.228895650736856,2.788,1.738,89.45,0.01181,0.00851,87.73,503.2912,3005.8387,43.28112151261605,-22.228895650736856,0.43871853864,1.5398465177,0.43871853864,1.5398465177,1.241,0.662,-89.21,1.24099,0.6621994,-89.21,22.5848,24.0,4.97,1.604,0.377,0.983,36.0
1204,1204,36_4,36_48,1049.56,36.25858,18.5708,0.0375,604.8425,10.0,12.0,920.0,3021.0,920.4404,3020.4881,920.4404,3020.4881,43.154350100149045,-22.231490610062767,1.171,0.628,-2.09,0.06232,0.03418,-0.52,920.4404,3020.4881,43.154350100149045,-22.231490610062767,0.52721115178,0.19524469848,0.52721115178,0.19524469848,0.728,0.439,-5.25,0.7280356,0.438657,-5.25,22.6799,24.0,3.31,1.863,0.463,0.832,36.0
1205,1205,36_5,36_47,25184.82,103.4203,15.1205,0.0045,605.1888,64.0,67.0,577.0,3018.0,577.5622,3017.7691,577.5622,3017.7691,43.25851562360671,-22.23198749806837,1.506,1.439,-28.72,0.00888,0.00798,-12.01,577.5622,3017.7691,43.25851562360671,-22.23198749806837,0.76192994586,0.77960935296,0.76192994586,0.77960935296,0.891,0.865,-56.44,0.8907878,0.864891,-56.44,22.6638,24.0,2.7,1.047,0.045,0.984,36.0
1206,1206,36_6,36_46,1429.247,63.40843,18.2355,0.0482,606.6026,29.0,33.0,515.0,3020.0,514.2747,3020.3205,514.2747,3020.3205,43.277728303959535,-22.232929856534856,3.748,0.656,0.25,0.19606,0.03348,0.26,514.2747,3020.3205,43.277728303959535,-22.232929856534856,8.3347477285,3.5282904934,8.3347477285,3.5282904934,2.901,1.857,7.32,2.900911,1.856813,7.32,22.5878,24.0,9.38,5.717,0.825,0.004,36.0
1207,1207,36_7,36_43,335.363,30.24932,19.8095,0.098,604.551,7.0,9.0,614.0,3007.0,613.8941,3006.6716,613.8941,3006.6716,43.24752453677306,-22.228736043452816,0.922,0.685,-67.53,0.10096,0.07275,-69.61,613.8941,3006.6716,43.24752453677306,-22.228736043452816,1.0390983479,1.0353496234,1.0390983479,1.0353496234,1.076,0.957,-44.55,1.075983,0.9574494,-44.55,22.6786,0.0,4.08,1.345,0.257,0.492,36.0
1208,1208,36_8,36_42,10013.61,81.73528,16.1218,0.0089,603.9694,44.0,53.0,713.0,3002.0,712.9871,3002.5463,712.9871,3002.5463,43.21744209398169,-22.227216278910724,1.483,1.381,-47.18,0.01692,0.01513,-36.19,712.9871,3002.5463,43.21744209398169,-22.227216278910724,0.76365845542,0.78624524759,0.76365845542,0.78624524759,0.899,0.861,-54.74,0.8993474,0.8608589,-54.74,22.6799,0.0,2.7,1.074,0.069,0.984,36.0
1209,1209,36_9,36_41,1564.924,45.43891,18.1371,0.0315,605.4167,18.0,19.0,897.0,2991.0,897.5132,2990.8235,897.5132,2990.8235,43.16143909556588,-22.22323309361464,1.158,0.98,76.15,0.0441,0.0344,76.84,897.5132,2990.8235,43.16143909556588,-22.22323309361464,0.64300758646,0.67704577001,0.64300758646,0.67704577001,0.823,0.801,81.06,0.8233525,0.8013389,81.06,22.7034,0.0,2.84,1.182,0.154,0.93,36.0
1210,1210,36_10,36_40,5166.285,67.1377,16.8404,0.0141,603.7422,36.0,38.0,710.0,2974.0,709.6512,2974.5316000000003,709.6512,2974.5316000000003,43.218569428061066,-22.21934885256234,1.378,1.29,-25.3,0.02422,0.02094,-8.5,709.6512,2974.5316000000003,43.218569428061066,-22.21934885256234,0.75168275058,0.78345857865,0.75168275058,0.78345857865,0.896,0.856,-58.38,0.8960211,0.855738,-58.38,22.655,0.0,2.79,1.068,0.064,0.979,36.0
1211,1211,36_11,36_39,1782.838,51.92546,17.9955,0.0316,605.5629,18.0,23.0,545.0,2969.0,544.7842,2968.4788,544.7842,2968.4788,43.26866739437589,-22.218241262368306,1.182,1.103,-63.17,0.0428,0.03724,-73.32,544.7842,2968.4788,43.26866739437589,-22.218241262368306,0.71332449998,0.71190479117,0.71332449998,0.71190479117,0.855,0.833,-43.92,0.8552122,0.8329715,-43.92,22.6293,0.0,2.9,1.072,0.068,0.92,36.0
1212,1212,36_12,36_38,4537.815,67.05988,16.9812,0.016,605.0908,32.0,39.0,1005.0,2959.0,1005.1646,2959.274,1005.1646,2959.274,43.128871905486754,-22.213948606540843,1.352,1.333,-45.37,0.02624,0.02559,14.91,1005.1646,2959.274,43.128871905486754,-22.213948606540843,0.77012481429,0.79275891874,0.77012481429,0.79275891874,0.894,0.874,-64.6,0.8940609,0.8738071,-64.6,22.6741,16.0,2.74,1.014,0.014,0.98,36.0
1213,1213,36_13,36_37,2578.633,69.34984,17.5948,0.0292,604.9261,42.0,45.0,763.0,2950.0,763.3495,2950.0142,763.3495,2950.0142,43.20235986146695,-22.21225536542872,1.874,1.416,-87.22,0.06182,0.04336,-87.37,763.3495,2950.0142,43.20235986146695,-22.21225536542872,1.768283205,2.085851436,1.768283205,2.085851436,1.444,1.33,-89.51,1.444256,1.32976,-89.51,22.6859,0.0,4.84,1.323,0.244,0.009,36.0
1214,1214,36_14,36_36,207.7016,24.66902,20.3297,0.129,604.9908,6.0,6.0,933.0,2945.0,933.2074,2944.8288,933.2074,2944.8288,43.15078984041805,-22.21016028731557,0.769,0.564,-43.88,0.11052,0.08161,-44.79,933.2074,2944.8288,43.15078984041805,-22.21016028731557,1.0484602644,0.88425567972,1.0484602644,0.88425567972,1.032,0.931,-17.11,1.032299,0.931168,-17.11,22.675,0.0,3.89,1.364,0.267,0.273,36.0
1215,1215,36_15,36_35,884707.1,434.6382,11.2563,0.0005,605.3463,450.0,472.0,799.0,2882.0,796.967,2882.0637,796.967,2882.0637,43.192429625211325,-22.19301786192849,2.448,2.391,-48.53,0.00197,0.00172,-1.51,796.967,2882.0637,43.192429625211325,-22.19301786192849,2.6426019615,2.5743569116,2.6426019615,2.5743569116,1.634,1.595,-28.61,1.634472,1.59545,-28.61,22.6824,0.0,14.51,1.024,0.023,0.99,36.0
1216,1216,36_16,36_34,468.74,35.17382,19.446,0.0815,605.1698,10.0,12.0,680.0,2882.0,680.4784999999999,2882.5132,680.4784999999999,2882.5132,43.22780328653271,-22.19357356621046,0.917,0.899,14.26,0.07924,0.07916,4.59,680.4784999999999,2882.5132,43.22780328653271,-22.19357356621046,0.85869888664,0.80976040321,0.85869888664,0.80976040321,0.927,0.9,6.02,0.9269571,0.8995609,6.02,22.6933,0.0,3.27,1.019,0.019,0.552,36.0
1217,1217,36_17,36_33,17540.53,95.75349,15.5132,0.0059,605.701,58.0,65.0,858.0,2875.0,858.4495999999999,2874.8356,858.4495999999999,2874.8356,43.17378792167028,-22.19075478754564,1.519,1.458,-59.32,0.0116,0.01105,-51.24,858.4495999999999,2874.8356,43.17378792167028,-22.19075478754564,0.77252711154,0.79695253813,0.77252711154,0.79695253813,0.901,0.871,-58.54,0.9008685,0.8705834,-58.54,22.6971,0.0,2.74,1.042,0.04,0.983,36.0
1218,1218,36_18,36_32,310848.1,265.6816,12.3919,0.0009,604.9523,198.0,211.0,560.0,2871.0,559.8456,2871.5477,559.8456,2871.5477,43.264479211958445,-22.19092507938244,1.729,1.692,-39.64,0.00237,0.00217,-5.05,559.8456,2871.5477,43.264479211958445,-22.19092507938244,0.81363708349,0.83455093199,0.81363708349,0.83455093199,0.922,0.894,-57.22,0.9216145,0.8937644,-57.22,22.6697,0.0,2.79,1.022,0.022,0.999,36.0
1219,1219,36_19,36_31,100425.6,171.5604,13.6187,0.0019,604.2242,122.0,135.0,713.0,2872.0,713.5232,2871.7104,713.5232,2871.7104,43.217812393759246,-22.19041411484933,1.658,1.606,-54.24,0.00434,0.00422,-27.66,713.5232,2871.7104,43.217812393759246,-22.19041411484933,0.79124255319,0.81344104823,0.79124255319,0.81344104823,0.91,0.881,-57.56,0.9102173,0.8810154,-57.56,22.638,0.0,2.73,1.032,0.031,0.988,36.0
1220,1220,36_20,36_30,2812.915,71.64228,17.5004,0.0277,605.0949,41.0,49.0,523.0,2838.0,523.0494,2838.1943,523.0494,2838.1943,43.27578450034776,-22.181675282931323,1.863,1.572,75.96,0.05507,0.04876,79.13,523.0494,2838.1943,43.27578450034776,-22.181675282931323,2.0145652617,2.4534262413,2.0145652617,2.4534262413,1.576,1.409,75.88,1.575784,1.408864,75.88,22.6855,0.0,5.38,1.185,0.156,0.01,36.0
1221,1221,36_21,36_29,1103.065,44.04729,18.5168,0.0434,604.9062,15.0,18.0,766.0,2809.0,766.1347000000001,2808.5071,766.1347000000001,2808.5071,43.20209520461521,-22.172442445045863,1.143,0.99,-5.06,0.05769,0.04695,-0.3,766.1347000000001,2808.5071,43.20209520461521,-22.172442445045863,0.78521523776,0.75843918993,0.78521523776,0.75843918993,0.896,0.86,-32.4,0.8962552,0.860454,-32.4,22.6619,0.0,3.15,1.155,0.134,0.661,36.0
1222,1222,36_22,36_28,1028.14,44.63551,18.5932,0.0471,604.8511,14.0,19.0,929.0,2779.0,929.0534,2778.9992,929.0534,2778.9992,43.15274909294395,-22.16353007071133,1.158,1.005,-30.52,0.06417,0.054,-26.64,929.0534,2778.9992,43.15274909294395,-22.16353007071133,0.73945491401,0.7297624073,0.73945491401,0.7297624073,0.879,0.834,-41.36,0.8791465,0.8344572,-41.36,22.6706,0.0,3.38,1.152,0.132,0.54,36.0
1225,1225,36_25,36_25,435.219,33.7274,19.5265,0.0842,604.3391,10.0,11.0,767.0,2771.0,767.2832000000001,2770.4951,767.2832000000001,2770.4951,43.201902687263306,-22.16174613941889,0.931,0.841,-65.63,0.08907,0.07745,-70.45,767.2832000000001,2770.4951,43.201902687263306,-22.16174613941889,0.89745944065,0.90237272575,0.89745944065,0.90237272575,0.963,0.934,-47.52,0.9632539,0.9337955,-47.52,22.6437,0.0,3.75,1.107,0.097,0.509,36.0
1226,1226,36_26,36_24,286.8539,28.54428,19.9791,0.1081,604.6758,8.0,8.0,800.0,2742.0,799.9789000000001,2742.4978,799.9789000000001,2742.4978,43.19209122431173,-22.153749276657592,0.818,0.698,-88.32,0.10435,0.08541,-89.95,799.9789000000001,2742.4978,43.19209122431173,-22.153749276657592,0.73628996542,0.80932580065,0.73628996542,0.80932580065,0.936,0.818,-55.32,0.936147,0.8180737,-55.32,22.6666,0.0,4.48,1.171,0.146,0.016,36.0
1227,1227,36_27,36_23,8067.543,76.8418,16.3564,0.0103,604.7958,39.0,48.0,845.0,2740.0,844.5935999999999,2739.607,844.5935999999999,2739.607,43.17855787954006,-22.15276901095848,1.423,1.382,-67.36,0.01806,0.01793,-54.38,844.5935999999999,2739.607,43.17855787954006,-22.15276901095848,0.7647065474,0.7933303128,0.7647065474,0.7933303128,0.894,0.871,-66.41,0.894471,0.8706081,-66.41,22.6729,0.0,2.79,1.029,0.028,0.979,36.0
1228,1228,36_28,36_22,1542.09,48.706,18.153,0.0343,604.1252,17.0,22.0,679.0,2732.0,679.4831,2731.6875,679.4831,2731.6875,43.22871738014968,-22.15115389700524,1.178,1.087,-9.73,0.04868,0.04136,-0.28,679.4831,2731.6875,43.22871738014968,-22.15115389700524,0.74485415282,0.78571752592,0.74485415282,0.78571752592,0.896,0.853,-61.56,0.8959244,0.8531653,-61.56,22.6409,0.0,3.05,1.084,0.077,0.925,36.0
1230,1230,36_30,36_20,5792.299,71.15096,16.7162,0.0133,603.8748,37.0,43.0,864.0,2694.0,863.7429999999999,2693.7517,863.7429999999999,2693.7517,43.17293506939917,-22.139798237630337,1.42,1.325,-79.12,0.02343,0.02152,-73.85,863.7429999999999,2693.7517,43.17293506939917,-22.139798237630337,0.75691858619,0.82420808727,0.75691858619,0.82420808727,0.91,0.868,-77.33,0.909831,0.8679482,-77.33,22.6341,0.0,2.82,1.071,0.067,0.974,36.0
1231,1231,36_31,36_19,408.9859,33.467,19.594,0.0889,605.0995,10.0,11.0,816.0,2676.0,816.3533,2675.8876,816.3533,2675.8876,43.18739557055336,-22.134951398682464,1.033,0.743,-14.31,0.1036,0.07322,-15.03,816.3533,2675.8876,43.18739557055336,-22.134951398682464,1.2556749586,0.94657910865,1.2556749586,0.94657910865,1.13,0.962,-14.0,1.129671,0.9623392,-14.0,22.6893,0.0,4.79,1.391,0.281,0.386,36.0
1232,1232,36_32,36_18,935.66,40.98666,18.6955,0.0476,605.4621,14.0,16.0,563.0,2670.0,562.6615,2670.1741,562.6615,2670.1741,43.26442686261888,-22.13427519815553,1.038,0.972,-22.69,0.05785,0.05352,-29.27,562.6615,2670.1741,43.26442686261888,-22.13427519815553,0.61518098234,0.61604080445,0.61518098234,0.61604080445,0.787,0.782,48.3,0.7869867,0.7822235,48.3,22.6968,0.0,2.8,1.067,0.063,0.806,36.0
1233,1233,36_33,36_17,325291.2,269.9052,12.3426,0.0009,605.1762,198.0,212.0,819.0,2631.0,819.4597,2631.2285,819.4597,2631.2285,43.18663748418516,-22.122377506799328,1.735,1.686,-55.06,0.00225,0.00214,-14.87,819.4597,2631.2285,43.18663748418516,-22.122377506799328,0.8279890808,0.86016866014,0.8279890808,0.86016866014,0.932,0.906,-65.94,0.9317613,0.9055268,-65.94,22.6917,0.0,2.83,1.029,0.028,0.999,36.0
1234,1234,36_34,36_16,346.6568,30.29622,19.7736,0.0949,605.1393,8.0,9.0,896.0,2625.0,895.9732,2625.3056,895.9732,2625.3056,43.16343708455836,-22.120422712117485,1.023,0.631,-52.36,0.11007,0.06776,-54.15,895.9732,2625.3056,43.16343708455836,-22.120422712117485,1.315731248,1.3192573773,1.315731248,1.3192573773,1.235,1.054,-45.24,1.234672,1.053838,-45.24,22.6911,0.0,4.77,1.62,0.383,0.098,36.0
1235,1235,36_35,36_15,383.9621,28.41774,19.6626,0.0804,605.3704,3.0,8.0,519.0,2612.0,519.0391,2611.549,519.0391,2611.549,43.27789958386512,-22.11794153506961,0.79,0.634,-89.51,0.07739,0.06313,89.61,519.0391,2611.549,43.27789958386512,-22.11794153506961,0.4025043468,0.62400542653,0.4025043468,0.62400542653,0.79,0.634,-89.51,0.7899503,0.6344197,-89.51,22.6855,0.0,1.97,1.245,0.197,0.665,36.0
1236,1236,36_36,36_14,1818.907,57.60666,17.9738,0.0344,605.6361,28.0,31.0,756.0,2587.0,755.8328,2587.3437,755.8328,2587.3437,43.20613054326344,-22.11027048280745,1.546,1.239,-68.26,0.05962,0.04578,-64.14,755.8328,2587.3437,43.20613054326344,-22.11027048280745,1.2205678902,1.4924679096,1.2205678902,1.4924679096,1.224,1.103,-82.5,1.22363,1.102618,-82.5,22.704,0.0,4.63,1.247,0.198,0.02,36.0
1237,1237,36_37,36_13,1482.489,46.75045,18.1958,0.0342,605.4913,18.0,20.0,812.0,2584.0,812.2853,2584.3352,812.2853,2584.3352,43.18900912255524,-22.109213555406228,1.115,1.077,-38.64,0.04294,0.04137,-45.87,812.2853,2584.3352,43.18900912255524,-22.109213555406228,0.73051838776,0.72674609623,0.73051838776,0.72674609623,0.86,0.847,-40.27,0.8602929,0.8468534,-40.27,22.6985,0.0,2.87,1.035,0.034,0.853,36.0
1238,1238,36_38,36_12,284.0587,24.78152,19.9898,0.0947,605.0388,6.0,6.0,561.0,2585.0,561.4814,2584.8764,561.4814,2584.8764,43.265124898341085,-22.11028699405384,0.772,0.5,89.26,0.09319,0.05666,89.67,561.4814,2584.8764,43.265124898341085,-22.11028699405384,0.44439547101,0.55977105897,0.44439547101,0.55977105897,0.749,0.666,84.62,0.7488679,0.6658554,84.62,22.6706,0.0,2.45,1.544,0.352,0.559,36.0
1240,1240,36_40,36_10,474.4749,36.65994,19.4328,0.0839,606.4492,12.0,13.0,738.0,2575.0,738.2307000000001,2575.3762,738.2307000000001,2575.3762,43.21152181830616,-22.10696939949957,1.001,0.924,-24.84,0.09032,0.08214,-30.73,738.2307000000001,2575.3762,43.21152181830616,-22.10696939949957,1.1024251048,1.0547992456,1.1024251048,1.0547992456,1.052,1.025,15.21,1.051773,1.025182,15.21,22.7421,0.0,3.49,1.083,0.077,0.264,36.0
1241,1241,36_41,36_9,719.7815,44.30562,18.9803,0.0668,604.6224,16.0,19.0,920.0,2571.0,920.0918,2571.3438,920.0918,2571.3438,43.15634268247673,-22.10515149802635,1.362,0.982,-36.72,0.09533,0.06967,-34.47,920.0918,2571.3438,43.15634268247673,-22.10515149802635,2.2280414519,2.0914441609,2.2280414519,2.0914441609,1.562,1.371,-37.91,1.561645,1.371405,-37.91,22.6578,0.0,5.44,1.387,0.279,0.004,36.0
1242,1242,36_42,36_8,208.0424,24.86957,20.3279,0.1298,606.3748,5.0,6.0,739.0,2568.0,738.9971,2567.5229,738.9971,2567.5229,43.2113213398318,-22.10475747542256,0.794,0.499,0.88,0.10893,0.06686,0.03,738.9971,2567.5229,43.2113213398318,-22.10475747542256,0.86750439538,0.8906308929,0.86750439538,0.8906308929,0.954,0.921,56.21,0.9536213,0.9212718,56.21,22.7387,0.0,3.36,1.589,0.371,0.49,36.0
1243,1243,36_43,36_7,174.2961,22.69423,20.5201,0.1414,605.6492,4.0,5.0,700.0,2562.0,700.1783,2562.4056,700.1783,2562.4056,43.22312326438763,-22.103461407173416,0.765,0.445,19.46,0.12028,0.06948,18.45,700.1783,2562.4056,43.22312326438763,-22.103461407173416,1.2734465621,1.0661888131,1.2734465621,1.0661888131,1.173,0.981,29.97,1.173322,0.9813011,29.97,22.7058,0.0,3.43,1.717,0.418,0.482,36.0
1244,1244,36_44,36_6,922.6793,40.74907,18.7107,0.048,605.6381,15.0,16.0,592.0,2552.0,591.6984,2551.7249,591.6984,2551.7249,43.25608722279252,-22.10085297394653,1.052,0.964,-75.72,0.06084,0.05266,-74.74,591.6984,2551.7249,43.25608722279252,-22.10085297394653,0.72219642442,0.71491215986,0.72219642442,0.71491215986,0.852,0.843,29.73,0.8518937,0.8434369,29.73,22.7061,0.0,2.98,1.092,0.084,0.791,36.0
1245,1245,36_45,36_5,209.7903,24.89517,20.3188,0.1289,605.2138,5.0,6.0,749.0,2552.0,749.0378000000001,2551.5202,749.0378000000001,2551.5202,43.20833960661386,-22.100218756192696,0.794,0.499,1.73,0.11743,0.07198,0.17,749.0378000000001,2551.5202,43.20833960661386,-22.100218756192696,1.1904965371,0.86613185699,1.1904965371,0.86613185699,1.097,0.924,11.11,1.097047,0.9236431,11.11,22.6847,0.0,3.51,1.591,0.371,0.5,36.0
1246,1246,36_46,36_4,588.5634,39.71092,19.1988,0.0733,605.1473,11.0,15.0,829.0,2542.0,829.5803000000001,2542.0128,829.5803000000001,2542.0128,43.18393531676584,-22.09724339591377,1.139,0.881,-81.03,0.09166,0.06953,-80.68,829.5803000000001,2542.0128,43.18393531676584,-22.09724339591377,0.72935926537,0.90125419985,0.72935926537,0.90125419985,0.951,0.852,-82.28,0.9510396,0.8521369,-82.28,22.672,0.0,3.75,1.294,0.227,0.544,36.0
1247,1247,36_47,36_3,1013.233,43.76409,18.609,0.0469,605.1493,14.0,18.0,689.0,2541.0,689.2597000000001,2541.1396,689.2597000000001,2541.1396,43.22652321376073,-22.097519603948317,1.095,1.016,-68.27,0.05998,0.05288,-64.71,689.2597000000001,2541.1396,43.22652321376073,-22.097519603948317,0.76067789102,0.76740711794,0.76067789102,0.76740711794,0.882,0.867,52.38,0.8816197,0.8665054,52.38,22.6837,0.0,3.01,1.078,0.072,0.683,36.0
1250,1250,37_2,37_44,3634.133,62.72089,17.2223,0.0187,606.5357,30.0,34.0,1450.0,3016.0,1450.5713,3015.9185,1450.5713,3015.9185,42.99331590954858,-22.228111538123475,1.354,1.237,-61.72,0.03046,0.02669,-65.89,1450.5713,3015.9185,42.99331590954858,-22.228111538123475,0.7492147939,0.80832935717,0.7492147939,0.80832935717,0.906,0.858,-66.84,0.9064018,0.8578928,-66.84,22.6644,16.0,2.82,1.094,0.086,0.984,37.0
1251,1251,37_3,37_43,2490.786,66.22699,17.6325,0.0289,605.4817,39.0,42.0,1133.0,2966.0,1132.4655,2966.2049,1132.4655,2966.2049,43.09017299908725,-22.215404151982035,1.92,1.33,-68.3,0.06247,0.04212,-72.65,1132.4655,2966.2049,43.09017299908725,-22.215404151982035,1.7480135094,2.1732462059,1.7480135094,2.1732462059,1.528,1.26,-62.38,1.527613,1.260023,-62.38,22.7008,0.0,5.31,1.444,0.307,0.012,37.0
1253,1253,37_5,37_41,263.5954,26.65226,20.071,0.1098,606.7089,6.0,7.0,1472.0,2944.0,1472.0321,2944.2893,1472.0321,2944.2893,42.98712003847525,-22.207872596426768,0.744,0.673,-0.32,0.09856,0.09108,0.06,1472.0321,2944.2893,42.98712003847525,-22.207872596426768,0.85255029743,0.74436915619,0.85255029743,0.74436915619,0.929,0.857,-16.21,0.9287318,0.8569578,-16.21,22.6857,0.0,4.19,1.106,0.096,0.463,37.0
1254,1254,37_6,37_40,306.8477,30.01419,19.906,0.1062,605.9775,6.0,9.0,1209.0,2934.0,1209.0234,2934.0321,1209.0234,2934.0321,43.06705760158434,-22.206051916565027,0.798,0.783,19.4,0.08615,0.08601,38.75,1209.0234,2934.0321,43.06705760158434,-22.206051916565027,1.1327447921,1.0558841706,1.1327447921,1.0558841706,1.065,1.027,-5.65,1.064662,1.027193,-5.65,22.7176,0.0,2.85,1.019,0.019,0.498,37.0
1255,1255,37_7,37_39,1194.421,51.55714,18.4304,0.0469,605.7507,21.0,26.0,1085.0,2906.0,1085.1026,2905.6672,1085.1026,2905.6672,43.10482047841987,-22.19856004006583,1.382,1.238,79.7,0.0701,0.06087,82.6,1085.1026,2905.6672,43.10482047841987,-22.19856004006583,1.6551983226,1.6764482764,1.6551983226,1.6764482764,1.296,1.285,71.2,1.295852,1.285462,71.2,22.7007,0.0,4.66,1.117,0.104,0.007,37.0
1256,1256,37_8,37_38,2202.177,55.03738,17.7662,0.0271,605.9941,24.0,28.0,1286.0,2901.0,1286.4114,2901.1606,1286.4114,2901.1606,43.0436958424063,-22.19649597579544,1.233,1.214,-68.24,0.03862,0.03796,1.9,1286.4114,2901.1606,43.0436958424063,-22.19649597579544,0.70827493834,0.76664613824,0.70827493834,0.76664613824,0.879,0.838,-73.53,0.8787715,0.8382611,-73.53,22.6926,0.0,2.79,1.016,0.015,0.971,37.0
1257,1257,37_9,37_37,1923.907,53.78193,17.9128,0.0304,606.0136,25.0,27.0,1404.0,2899.0,1404.1424,2899.4214,1404.1424,2899.4214,43.00794409658601,-22.19552956799782,1.309,1.137,-75.63,0.04681,0.0386,-77.4,1404.1424,2899.4214,43.00794409658601,-22.19552956799782,0.75367111747,0.80540018724,0.75367111747,0.80540018724,0.905,0.861,-66.04,0.9045031,0.8607818,-66.04,22.6798,0.0,2.86,1.152,0.132,0.953,37.0
1258,1258,37_10,37_36,12649.68,86.75911,15.8681,0.0074,605.9003,51.0,57.0,1344.0,2852.0,1343.793,2852.145,1343.793,2852.145,43.026485183495446,-22.182475889818747,1.482,1.423,-45.96,0.0142,0.01325,-28.93,1343.793,2852.145,43.026485183495446,-22.182475889818747,0.78387040457,0.80010055151,0.78387040457,0.80010055151,0.901,0.878,-56.62,0.9014169,0.8783044,-56.62,22.6812,0.0,2.8,1.041,0.04,0.983,37.0
1260,1260,37_12,37_34,280.0776,26.72924,20.0051,0.1036,605.4327,7.0,7.0,1178.0,2848.0,1177.9869,2847.9978,1177.9869,2847.9978,43.07685971685059,-22.18197311361112,0.887,0.531,-45.24,0.11539,0.06674,-45.0,1177.9869,2847.9978,43.07685971685059,-22.18197311361112,0.65155059517,0.65591115706,0.65155059517,0.65591115706,0.873,0.738,-45.57,0.8734699,0.7379106,-45.57,22.6793,0.0,3.99,1.672,0.402,0.18,37.0
1261,1261,37_13,37_33,17220.11,93.0276,15.5332,0.0059,605.3192,58.0,61.0,1036.0,2829.0,1036.4209,2829.2208,1036.4209,2829.2208,43.1199329419124,-22.177244926249784,1.501,1.428,-51.41,0.01125,0.01064,-51.28,1036.4209,2829.2208,43.1199329419124,-22.177244926249784,0.78413876182,0.79883338259,0.78413876182,0.79883338259,0.906,0.873,-52.44,0.9055936,0.8734256,-52.44,22.6681,0.0,2.72,1.051,0.049,0.984,37.0
1262,1262,37_14,37_32,592.8988,36.66883,19.1908,0.0672,605.5602,13.0,13.0,1016.0,2831.0,1015.6618,2831.3573,1015.6618,2831.3573,43.12622794231144,-22.177926113502508,0.987,0.848,-42.33,0.07786,0.0663,-44.75,1015.6618,2831.3573,43.12622794231144,-22.177926113502508,0.65497992861,0.5904835695,0.65497992861,0.5904835695,0.828,0.748,-29.79,0.8284959,0.7477019,-29.79,22.6762,0.0,2.61,1.164,0.141,0.657,37.0
1263,1263,37_15,37_31,6250.254,71.94619,16.6336,0.0125,605.4546,38.0,43.0,1138.0,2820.0,1138.2271,2820.2279,1138.2271,2820.2279,43.08905506192774,-22.17431813943525,1.408,1.332,-57.31,0.02151,0.01988,-45.99,1138.2271,2820.2279,43.08905506192774,-22.17431813943525,0.73955967517,0.77827628986,0.73955967517,0.77827628986,0.886,0.856,-69.59,0.88572,0.8563504,-69.59,22.6735,0.0,2.76,1.057,0.054,0.979,37.0
1264,1264,37_16,37_30,259.3386,25.04293,20.0886,0.1049,604.1946,5.0,6.0,1125.0,2803.0,1124.6608,2802.8022,1124.6608,2802.8022,43.09325025733283,-22.169469553010327,0.723,0.638,-24.89,0.09492,0.08297,-26.6,1124.6608,2802.8022,43.09325025733283,-22.169469553010327,0.51723001818,0.42155621141,0.51723001818,0.42155621141,0.725,0.643,-15.79,0.7249489,0.6428338,-15.79,22.6158,0.0,2.67,1.133,0.117,0.49,37.0
1265,1265,37_17,37_29,334.8921,28.65343,19.811,0.0929,606.4177,8.0,8.0,1258.0,2793.0,1258.2079,2793.1961,1258.2079,2793.1961,43.0527378056719,-22.166237903759946,0.805,0.684,-44.35,0.09416,0.07558,-44.79,1258.2079,2793.1961,43.0527378056719,-22.166237903759946,0.65074671099,0.66824490112,0.65074671099,0.66824490112,0.82,0.804,66.87,0.8198469,0.8042653,66.87,22.7073,0.0,4.4,1.178,0.151,0.54,37.0
1266,1266,37_18,37_28,372.4728,30.42222,19.6956,0.0887,605.7637,9.0,9.0,1350.0,2784.0,1349.5172,2784.3578,1349.5172,2784.3578,43.02504899742444,-22.16338344851997,1.011,0.627,-7.41,0.10843,0.06699,-6.18,1349.5172,2784.3578,43.02504899742444,-22.16338344851997,1.1331604571,0.79696629355,1.1331604571,0.79696629355,1.096,0.854,-22.22,1.095674,0.8541816,-22.22,22.6756,0.0,3.6,1.614,0.38,0.453,37.0
1268,1268,37_20,37_26,846.5898,43.20128,18.8041,0.0554,605.6835,18.0,18.0,1328.0,2778.0,1327.5511,2778.7082,1327.5511,2778.7082,43.03174456498805,-22.16188319170695,1.186,1.028,-85.64,0.07267,0.05921,-89.49,1327.5511,2778.7082,43.03174456498805,-22.16188319170695,1.3324411317,1.3456215986,1.3324411317,1.3456215986,1.169,1.146,-52.23,1.168514,1.145704,-52.23,22.6724,0.0,3.8,1.154,0.133,0.106,37.0
1269,1269,37_21,37_25,880.2971,41.46262,18.7617,0.0512,604.3788,13.0,16.0,1046.0,2759.0,1046.012,2758.5787,1046.012,2758.5787,43.11732252037271,-22.157336345433443,1.042,0.949,1.75,0.06397,0.05273,0.16,1046.012,2758.5787,43.11732252037271,-22.157336345433443,0.6428071908,0.67738824305,0.6428071908,0.67738824305,0.824,0.801,79.8,0.8237388,0.8010305,79.8,22.6238,0.0,2.87,1.098,0.089,0.779,37.0
1270,1270,37_22,37_24,180.6565,22.80173,20.4812,0.1371,605.4798,5.0,5.0,1171.0,2754.0,1170.6315,2753.802,1170.6315,2753.802,43.07950358142874,-22.15550459362336,0.767,0.444,72.48,0.12752,0.07377,71.56,1170.6315,2753.802,43.07950358142874,-22.15550459362336,1.4040302376,1.8433196299,1.4040302376,1.8433196299,1.361,1.182,82.42,1.360604,1.181569,82.42,22.6566,0.0,3.43,1.728,0.421,0.435,37.0
1271,1271,37_23,37_23,47528.81,129.6845,14.4309,0.003,605.9542,88.0,93.0,1088.0,2744.0,1088.4702,2744.261,1088.4702,2744.261,43.10449216378258,-22.153143528093747,1.585,1.539,-67.28,0.00622,0.0061,-82.67,1088.4702,2744.261,43.10449216378258,-22.153143528093747,0.7933528005,0.81248676416,0.7933528005,0.81248676416,0.91,0.882,-56.39,0.9097365,0.8821673,-56.39,22.6856,0.0,2.74,1.03,0.029,0.983,37.0
1272,1272,37_24,37_22,356.5688,30.60736,19.7429,0.0932,605.6466,7.0,9.0,1417.0,2730.0,1417.0414,2729.9758,1417.0414,2729.9758,43.004788626361794,-22.147809616627384,0.81,0.776,-52.7,0.08037,0.08009,-43.34,1417.0414,2729.9758,43.004788626361794,-22.147809616627384,0.86760480257,1.0215539428,0.86760480257,1.0215539428,1.012,0.93,-82.63,1.012016,0.9300447,-82.63,22.6481,0.0,4.71,1.045,0.043,0.578,37.0
1273,1273,37_25,37_21,590.0801,36.77927,19.196,0.0677,606.8049,12.0,13.0,1209.0,2719.0,1209.3794,2719.3288,1209.3794,2719.3288,43.06788888824532,-22.145653424846856,0.981,0.881,44.5,0.0765,0.06536,45.25,1209.3794,2719.3288,43.06788888824532,-22.145653424846856,0.79040431068,0.84541132453,0.79040431068,0.84541132453,0.922,0.886,-73.14,0.9224824,0.8859131,-73.14,22.7212,0.0,3.36,1.112,0.101,0.272,37.0
1274,1274,37_26,37_20,1730.329,65.20708,18.028,0.0409,606.4254,35.0,40.0,1513.0,2707.0,1512.5528,2707.0214,1512.5528,2707.0214,42.975892081357806,-22.14095768978297,1.833,1.556,3.02,0.07949,0.06714,0.36,1512.5528,2707.0214,42.975892081357806,-22.14095768978297,2.6208069173,2.6880524413,2.6208069173,2.6880524413,1.641,1.617,75.92,1.640904,1.617496,75.92,22.6584,24.0,7.32,1.177,0.151,0.0,37.0
1275,1275,37_27,37_19,45969.71,127.8152,14.4671,0.003,606.1835,85.0,93.0,1303.0,2695.0,1303.4231,2694.5316,1303.4231,2694.5316,43.03944461306695,-22.13830097985635,1.592,1.53,-55.95,0.00642,0.00625,-30.34,1303.4231,2694.5316,43.03944461306695,-22.13830097985635,0.79899730858,0.82115031625,0.79899730858,0.82115031625,0.917,0.883,-55.41,0.9171852,0.8825638,-55.41,22.6907,0.0,2.74,1.04,0.039,0.983,37.0
1276,1276,37_28,37_18,216.3246,24.9526,20.2855,0.1253,605.6631,6.0,6.0,1065.0,2693.0,1065.1947,2693.1615,1065.1947,2693.1615,43.11177855412288,-22.13885992751557,0.767,0.568,46.1,0.10595,0.07831,44.98,1065.1947,2693.1615,43.11177855412288,-22.13885992751557,0.96585136038,0.95202702266,0.96585136038,0.95202702266,1.037,0.918,43.29,1.036705,0.9182168,43.29,22.6776,0.0,3.9,1.35,0.26,0.365,37.0
1277,1277,37_29,37_17,596.5855,36.86643,19.1841,0.0671,606.1871,10.0,13.0,1231.0,2664.0,1231.3555,2664.1821,1231.3555,2664.1821,43.06145850852118,-22.13005264045823,0.975,0.898,-60.79,0.07643,0.06956,-59.48,1231.3555,2664.1821,43.06145850852118,-22.13005264045823,0.63341780868,0.66923454878,0.63341780868,0.66923454878,0.821,0.793,-70.47,0.8212115,0.7926311,-70.47,22.6905,0.0,3.42,1.086,0.079,0.587,37.0
1278,1278,37_30,37_16,44635.93,133.2165,14.4991,0.0032,606.7933,98.0,107.0,1457.0,2639.0,1457.3813,2639.234,1457.3813,2639.234,42.992950522514086,-22.122116707581547,1.693,1.583,-5.55,0.00858,0.00674,0.58,1457.3813,2639.234,42.992950522514086,-22.122116707581547,0.79487387584,0.81970287488,0.79487387584,0.81970287488,0.911,0.885,-61.08,0.9113821,0.8854148,-61.08,22.6913,0.0,2.8,1.069,0.065,0.991,37.0
1279,1279,37_31,37_15,2459.381,57.0968,17.6462,0.0252,606.7292,25.0,29.0,1474.0,2635.0,1474.3096,2635.0937,1474.3096,2635.0937,42.98783009321433,-22.12088201676181,1.251,1.224,-26.37,0.03675,0.03543,-23.94,1474.3096,2635.0937,42.98783009321433,-22.12088201676181,0.74580478045,0.74568748689,0.74580478045,0.74568748689,0.868,0.859,-44.8,0.8684785,0.8586253,-44.8,22.6874,0.0,2.8,1.022,0.022,0.972,37.0
1280,1280,37_32,37_14,4596.65,66.269,16.9672,0.0157,605.8239,31.0,38.0,1322.0,2631.0,1321.7918,2631.4075,1321.7918,2631.4075,43.03414819096273,-22.12046922164866,1.355,1.322,-44.9,0.02584,0.02418,-13.77,1321.7918,2631.4075,43.03414819096273,-22.12046922164866,0.77463584142,0.81723599318,0.77463584142,0.81723599318,0.906,0.878,-75.24,0.9057658,0.878328,-75.24,22.675,0.0,2.83,1.025,0.025,0.979,37.0
1282,1282,37_34,37_12,253.3209,26.93237,20.1141,0.1155,606.8198,7.0,7.0,1415.0,2624.0,1415.3002,2623.9679,1415.3002,2623.9679,43.00579447973335,-22.11799530443936,0.737,0.682,89.62,0.09713,0.08986,-89.71,1415.3002,2623.9679,43.00579447973335,-22.11799530443936,0.81553476081,0.81443089104,0.81553476081,0.81443089104,0.926,0.879,44.62,0.9255105,0.8794294,44.62,22.7011,0.0,4.2,1.082,0.075,0.344,37.0
1283,1283,37_35,37_11,913.6996,44.72748,18.7213,0.0532,605.6887,18.0,19.0,1408.0,2616.0,1408.3451,2616.1891,1408.3451,2616.1891,43.007940864492014,-22.11583553592268,1.171,1.104,26.51,0.06902,0.06591,26.79,1408.3451,2616.1891,43.007940864492014,-22.11583553592268,1.511966796,1.4195419753,1.511966796,1.4195419753,1.26,1.159,33.82,1.25987,1.159412,33.82,22.6541,0.0,4.06,1.06,0.057,0.139,37.0
1284,1284,37_36,37_10,8275.66,77.80437,16.3288,0.0102,605.0793,41.0,48.0,1441.0,2613.0,1440.8889,2612.8284,1440.8889,2612.8284,42.99807665727426,-22.114756410601814,1.464,1.369,-81.57,0.01855,0.01662,-88.82,1440.8889,2612.8284,42.99807665727426,-22.114756410601814,0.79987950733,0.8399396739,0.79987950733,0.8399396739,0.922,0.889,-66.01,0.9218634,0.8888122,-66.01,22.6234,0.0,2.83,1.07,0.065,0.981,37.0
1285,1285,37_37,37_9,313.061,28.69797,19.8842,0.0996,605.8601,7.0,8.0,1381.0,2615.0,1381.1654,2615.1177,1381.1654,2615.1177,43.0161966331256,-22.11564532398589,0.842,0.661,-48.45,0.09841,0.07777,-45.01,1381.1654,2615.1177,43.0161966331256,-22.11564532398589,0.52955682099,0.63790357057,0.52955682099,0.63790357057,0.828,0.694,-61.04,0.8280915,0.694064,-61.04,22.6679,0.0,3.47,1.275,0.215,0.501,37.0
1286,1286,37_38,37_8,1239.824,47.56575,18.3899,0.0417,606.1757,18.0,21.0,1245.0,2603.0,1245.172,2603.153,1245.172,2603.153,43.05753236206155,-22.11282928781184,1.197,1.096,-27.22,0.05622,0.05117,-22.94,1245.172,2603.153,43.05753236206155,-22.11282928781184,0.87394994271,0.8529029998,0.87394994271,0.8529029998,0.95,0.908,-37.22,0.9500906,0.9078441,-37.22,22.6897,0.0,3.86,1.092,0.084,0.538,37.0
1287,1287,37_39,37_7,689.5598,43.25348,19.0269,0.0681,607.0456,15.0,18.0,1173.0,2597.0,1173.0739,2597.0623,1173.0739,2597.0623,43.07944458420313,-22.11140298333204,1.233,0.986,-50.97,0.08863,0.06956,-51.56,1173.0739,2597.0623,43.07944458420313,-22.11140298333204,1.4786055584,1.4633640776,1.4786055584,1.4633640776,1.252,1.173,-42.71,1.251507,1.172903,-42.71,22.7314,0.0,4.15,1.25,0.2,0.008,37.0
1288,1288,37_40,37_6,8013.156,74.75755,16.3638,0.0101,605.8866,42.0,45.0,1049.0,2591.0,1049.1499,2591.2409,1049.1499,2591.2409,43.11708594400215,-22.110251698547383,1.416,1.347,-73.5,0.01785,0.01617,-72.67,1049.1499,2591.2409,43.11708594400215,-22.110251698547383,0.76779110781,0.79056325726,0.76779110781,0.79056325726,0.893,0.872,-63.66,0.8932841,0.872008,-63.66,22.6955,0.0,2.77,1.051,0.049,0.982,37.0
1289,1289,37_41,37_5,1723.14,52.36993,18.0325,0.033,605.3912,20.0,25.0,1230.0,2587.0,1229.8994,2586.662,1229.8994,2586.662,43.06224083213025,-22.10825124347797,1.235,1.158,-24.06,0.04602,0.04393,-28.6,1229.8994,2586.662,43.06224083213025,-22.10825124347797,0.79429404476,0.75445742232,0.79429404476,0.75445742232,0.897,0.863,-24.39,0.8969947,0.8626425,-24.39,22.6573,0.0,2.86,1.066,0.062,0.972,37.0
1290,1290,37_42,37_4,1290.615,51.42971,18.3463,0.0433,605.4951,21.0,25.0,1427.0,2585.0,1427.4273,2584.9054,1427.4273,2584.9054,43.00228908692438,-22.106956621456085,1.363,1.132,-7.6,0.0649,0.0524,-8.48,1427.4273,2584.9054,43.00228908692438,-22.106956621456085,1.3775640781,1.2173775291,1.3775640781,1.2173775291,1.177,1.1,-11.7,1.176753,1.100088,-11.7,22.653,0.0,3.67,1.204,0.169,0.141,37.0
1292,1292,37_44,37_2,212125.6,226.9812,12.8068,0.0012,605.9207,164.0,173.0,1128.0,2557.0,1127.9354,2556.7217,1127.9354,2556.7217,43.09332079690829,-22.100232968653604,1.706,1.656,-50.41,0.00279,0.00262,-12.02,1127.9354,2556.7217,43.09332079690829,-22.100232968653604,0.80777932377,0.83461761539,0.80777932377,0.83461761539,0.92,0.892,-60.66,0.9203373,0.8918387,-60.66,22.6749,0.0,2.8,1.03,0.029,0.988,37.0
1294,1294,38_2,38_40,684.278,41.85809,19.0352,0.0664,610.0902,12.0,13.0,1578.0,3004.0,1578.3468,3004.3164,1578.3468,3004.3164,42.954549638668745,-22.22431697394912,0.971,0.864,50.15,0.06713,0.05723,45.49,1578.3468,3004.3164,42.954549638668745,-22.22431697394912,0.60354756735,0.6907815441,0.60354756735,0.6907815441,0.831,0.777,88.61,0.8311635,0.7768503,88.61,22.5373,0.0,2.58,1.124,0.11,0.597,38.0
1295,1295,38_3,38_39,1898569.0,657.2177,10.4272,0.0004,610.7383,836.0,884.0,1551.0,2977.0,1548.4217,2977.9643,1548.4217,2977.9643,42.96376138165329,-22.217028795276228,6.708,3.235,-87.62,0.00231,0.00187,-85.55,1548.4217,2977.9643,42.96376138165329,-22.217028795276228,5.8165427671,8.2234775557,5.8165427671,8.2234775557,2.873,2.405,-83.42,2.873306,2.405022,-83.42,22.5804,0.0,27.96,2.074,0.518,0.079,38.0
1298,1298,38_6,38_36,87777.26,163.0878,13.7648,0.002,607.0605,115.0,121.0,1696.0,2938.0,1695.7833,2938.0404,1695.7833,2938.0404,42.91918062121656,-22.20517516024948,1.638,1.576,-58.36,0.00458,0.00436,-48.66,1695.7833,2938.0404,42.91918062121656,-22.20517516024948,0.79037655753,0.81020266249,0.79037655753,0.81020266249,0.905,0.884,-61.42,0.9047469,0.8843145,-61.42,22.6305,0.0,2.78,1.039,0.038,0.987,38.0
1299,1299,38_7,38_35,1465.91,50.8213,18.208,0.0377,607.8737,20.0,24.0,1965.0,2925.0,1965.4469,2925.0321,1965.4469,2925.0321,42.83733005510818,-22.200340922944168,1.208,1.175,19.35,0.0523,0.04805,0.83,1965.4469,2925.0321,42.83733005510818,-22.200340922944168,0.80529997974,0.85363086315,0.80529997974,0.85363086315,0.93,0.891,66.67,0.929876,0.8912135,66.67,22.7143,0.0,3.2,1.028,0.027,0.407,38.0
1300,1300,38_8,38_34,552489.2,341.2377,11.7675,0.0007,608.6088,260.0,274.0,1754.0,2891.0,1753.7279,2890.4563,1753.7279,2890.4563,42.90180243048509,-22.191540270214723,1.805,1.749,-30.44,0.00181,0.00161,-9.39,1753.7279,2890.4563,42.90180243048509,-22.191540270214723,0.94156565429,0.96270626573,0.94156565429,0.96270626573,0.982,0.97,-79.35,0.9815705,0.9699439,-79.35,22.7331,0.0,3.02,1.032,0.031,1.0,38.0
1301,1301,38_9,38_33,1416052.0,550.3308,10.7456,0.0004,608.3784,699.0,743.0,1710.0,2865.0,1707.7395,2865.9618,1707.7395,2865.9618,42.91588510296868,-22.184846877186622,4.27,2.884,-87.65,0.00202,0.00193,87.54,1707.7395,2865.9618,42.91588510296868,-22.184846877186622,4.1866436403,5.0357978338,4.1866436403,5.0357978338,2.259,2.03,-74.9,2.258858,2.029778,-74.9,22.7034,0.0,21.06,1.48,0.325,0.584,38.0
1302,1302,38_10,38_32,366.3996,32.11401,19.7134,0.0952,607.032,8.0,10.0,1922.0,2869.0,1922.0467,2868.8212,1922.0467,2868.8212,42.85078198824963,-22.184719834916205,0.923,0.752,-89.03,0.09833,0.07796,89.89,1922.0467,2868.8212,42.85078198824963,-22.184719834916205,0.77724083251,0.88930118854,0.77724083251,0.88930118854,0.944,0.881,-83.41,0.9438319,0.8807516,-83.41,22.6907,0.0,3.12,1.228,0.186,0.351,38.0
1303,1303,38_11,38_31,2397.46,57.39006,17.6739,0.026,606.9573,22.0,28.0,1524.0,2859.0,1524.4014,2859.3481,1524.4014,2859.3481,42.97159924088075,-22.18376014223583,1.296,1.169,-31.68,0.03816,0.03326,-30.32,1524.4014,2859.3481,42.97159924088075,-22.18376014223583,0.79779130174,0.76188525724,0.79779130174,0.76188525724,0.907,0.858,-32.69,0.9071538,0.8583406,-32.69,22.6561,0.0,2.95,1.109,0.098,0.913,38.0
1304,1304,38_12,38_30,475.819,31.19466,19.4297,0.0712,608.5828,3.0,9.0,1736.0,2844.0,1735.9788,2844.0173,1735.9788,2844.0173,42.9074110146468,-22.17855240803937,0.746,0.705,-55.25,0.05438,0.05416,-53.24,1735.9788,2844.0173,42.9074110146468,-22.17855240803937,0.084169051967,0.091036647175,0.084169051967,0.091036647175,0.302,0.29,-85.93,0.3017808,0.2900587,-85.93,22.7261,0.0,0.0,1.058,0.055,0.853,38.0
1305,1305,38_13,38_29,1494.105,50.26556,18.1873,0.0365,605.7228,17.0,23.0,1850.0,2794.0,1849.8502,2793.4955,1849.8502,2793.4955,42.87306741602461,-22.163846365360868,1.253,1.06,-59.41,0.05441,0.04351,-60.38,1849.8502,2793.4955,42.87306741602461,-22.163846365360868,0.78047729536,0.80947423207,0.78047729536,0.80947423207,0.911,0.872,-57.56,0.910563,0.8722537,-57.56,22.6204,0.0,3.12,1.183,0.154,0.735,38.0
1306,1306,38_14,38_28,1096.119,50.58717,18.5237,0.0501,607.3144,22.0,24.0,1694.0,2792.0,1694.0761,2791.7375,1694.0761,2791.7375,42.92038103003476,-22.164024626477616,1.505,1.073,-14.54,0.08154,0.057,-14.32,1694.0761,2791.7375,42.92038103003476,-22.164024626477616,1.8905112034,1.3915091539,1.8905112034,1.3915091539,1.388,1.165,-14.41,1.387729,1.164572,-14.41,22.6908,0.0,5.39,1.404,0.288,0.002,38.0
1307,1307,38_15,38_27,577.8365,34.94471,19.2188,0.0657,606.4409,11.0,12.0,2004.0,2783.0,2003.9937,2782.5639,2003.9937,2782.5639,42.826310669392576,-22.160090050133096,1.013,0.78,89.97,0.08046,0.05884,-89.96,2003.9937,2782.5639,42.826310669392576,-22.160090050133096,0.64063030954,0.72906782802,0.64063030954,0.72906782802,0.854,0.8,85.96,0.8541142,0.800117,85.96,22.6883,0.0,2.87,1.298,0.23,0.524,38.0
1310,1310,38_18,38_24,927.1611,42.92394,18.7054,0.0503,606.7123,16.0,17.0,1834.0,2746.0,1833.689,2746.0053,1833.689,2746.0053,42.87820057013448,-22.150557061334272,1.045,1.023,-68.68,0.06125,0.05862,-89.55,1833.689,2746.0053,42.87820057013448,-22.150557061334272,0.76064589884,0.7276002605,0.76064589884,0.7276002605,0.879,0.846,-27.03,0.8787929,0.8461497,-27.03,22.6632,0.0,2.96,1.022,0.021,0.633,38.0
1311,1311,38_19,38_23,15199.22,95.78081,15.6687,0.0068,607.0775,58.0,69.0,1886.0,2741.0,1885.7072,2741.1859,1885.7072,2741.1859,42.8624282213825,-22.14897371742295,1.616,1.475,79.84,0.01531,0.01284,74.74,1885.7072,2741.1859,42.8624282213825,-22.14897371742295,0.80724768391,0.83135412866,0.80724768391,0.83135412866,0.916,0.894,-64.01,0.915899,0.8942767,-64.01,22.6905,0.0,2.85,1.095,0.087,0.983,38.0
1312,1312,38_20,38_22,252.7308,25.07872,20.1167,0.1078,607.3235,6.0,6.0,1876.0,2746.0,1876.249,2746.2295,1876.249,2746.2295,42.86527611980481,-22.150434072041,0.744,0.558,42.84,0.09805,0.0719,44.64,1876.249,2746.2295,42.86527611980481,-22.150434072041,0.6182287498,0.52907287751,0.6182287498,0.52907287751,0.792,0.722,16.41,0.7916448,0.7215263,16.41,22.6972,0.0,2.77,1.335,0.251,0.51,38.0
1313,1313,38_21,38_21,922.5389,41.72242,18.7108,0.0491,606.2008,14.0,16.0,1825.0,2735.0,1824.7273,2735.3348,1824.7273,2735.3348,42.88097239213134,-22.147594299865364,1.06,0.953,14.76,0.06173,0.05331,15.02,1824.7273,2735.3348,42.88097239213134,-22.147594299865364,0.70456286148,0.64494842035,0.70456286148,0.64494842035,0.839,0.803,1.88,0.8394207,0.8030468,1.88,22.6426,0.0,2.89,1.112,0.1,0.821,38.0
1315,1315,38_23,38_19,3089.885,59.77273,17.3984,0.021,605.5093,26.0,31.0,1616.0,2708.0,1616.2818,2707.5705,1616.2818,2707.5705,42.94439437919392,-22.14067740139005,1.285,1.264,-89.83,0.03168,0.03012,58.42,1616.2818,2707.5705,42.94439437919392,-22.14067740139005,0.81682440268,0.82037488726,0.81682440268,0.82037488726,0.916,0.894,-47.6,0.9155303,0.8938699,-47.6,22.6274,0.0,2.99,1.017,0.017,0.967,38.0
1318,1318,38_26,38_16,2407.384,54.73237,17.6694,0.0247,606.1467,25.0,26.0,1954.0,2689.0,1953.8755,2689.3302,1953.8755,2689.3302,42.84197888161012,-22.134085060551747,1.267,1.134,-83.59,0.03726,0.0314,88.79,1953.8755,2689.3302,42.84197888161012,-22.134085060551747,0.74285404735,0.79240040327,0.74285404735,0.79240040327,0.897,0.855,-66.16,0.8968977,0.8548853,-66.16,22.634,0.0,3.04,1.117,0.105,0.968,38.0
1319,1319,38_27,38_15,5094.098,70.84911,16.8556,0.0151,606.1998,35.0,42.0,1734.0,2684.0,1734.0896,2684.3769,1734.0896,2684.3769,42.90873312422126,-22.13365089686119,1.409,1.34,-42.87,0.02566,0.02442,-39.59,1734.0896,2684.3769,42.90873312422126,-22.13365089686119,0.79200982763,0.79814548359,0.79200982763,0.79814548359,0.904,0.879,-49.03,0.90385,0.8793239,-49.03,22.6466,0.0,2.78,1.051,0.049,0.974,38.0
1320,1320,38_28,38_14,7648.247,77.65615,16.4144,0.011,605.9988,40.0,48.0,1705.0,2674.0,1705.4692,2674.0273,1705.4692,2674.0273,42.91747112469142,-22.130862068940846,1.457,1.385,-43.76,0.0203,0.0181,-20.93,1705.4692,2674.0273,42.91747112469142,-22.130862068940846,0.79509547875,0.83982730817,0.79509547875,0.83982730817,0.924,0.884,-64.4,0.9236667,0.8841734,-64.4,22.6397,0.0,2.82,1.052,0.049,0.997,38.0
1321,1321,38_29,38_13,108702.5,174.3029,13.5327,0.0017,607.4952,123.0,129.0,1648.0,2652.0,1647.6813,2652.2808,1647.6813,2652.2808,42.93511704427716,-22.12499059969598,1.65,1.595,-56.89,0.00397,0.0038,-41.4,1647.6813,2652.2808,42.93511704427716,-22.12499059969598,0.8089346364,0.82294338493,0.8089346364,0.82294338493,0.915,0.891,-54.41,0.9152299,0.8911971,-54.41,22.7134,0.0,2.76,1.034,0.033,0.988,38.0
1322,1322,38_30,38_12,1640.539,49.61892,18.0858,0.0328,606.0029,21.0,22.0,1690.0,2650.0,1689.6469,2649.6394,1689.6469,2649.6394,42.92238869638228,-22.12406895368665,1.219,1.045,76.6,0.04854,0.03913,74.62,1689.6469,2649.6394,42.92238869638228,-22.12406895368665,0.68150625794,0.75470825529,0.68150625794,0.75470825529,0.87,0.824,80.42,0.8699749,0.8242319,80.42,22.6437,0.0,3.07,1.167,0.143,0.878,38.0
1323,1323,38_31,38_11,3356.827,61.83041,17.3085,0.02,607.1298,28.0,33.0,1632.0,2646.0,1631.6064,2646.0211,1631.6064,2646.0211,42.94002633123132,-22.12329776031417,1.325,1.254,88.44,0.03166,0.02818,79.05,1631.6064,2646.0211,42.94002633123132,-22.12329776031417,0.76289148689,0.76290494517,0.76289148689,0.76290494517,0.888,0.859,-45.01,0.887839,0.8588005,-45.01,22.7003,0.0,2.81,1.057,0.053,0.975,38.0
1324,1324,38_32,38_10,433.244,31.70009,19.5315,0.0795,606.7168,9.0,9.0,1949.0,2638.0,1948.9864,2638.0059,1948.9864,2638.0059,42.84371039694719,-22.11966844056532,0.799,0.763,-47.2,0.07042,0.07023,-45.99,1948.9864,2638.0059,42.84371039694719,-22.11966844056532,0.54312026994,0.55655106421,0.54312026994,0.55655106421,0.767,0.715,-50.05,0.7668729,0.7152463,-50.05,22.6315,0.0,2.81,1.048,0.046,0.598,38.0
1325,1325,38_33,38_9,2038.458,54.83669,17.85,0.0292,607.201,20.0,27.0,1839.0,2621.0,1838.5747,2621.6192,1838.5747,2621.6192,42.8773079235766,-22.115543907225376,1.251,1.195,25.85,0.04245,0.03958,27.18,1838.5747,2621.6192,42.8773079235766,-22.115543907225376,0.82111566713,0.82399554254,0.82111566713,0.82399554254,0.91,0.904,-52.84,0.9098796,0.9040079,-52.84,22.6865,0.0,2.97,1.047,0.045,0.945,38.0
1326,1326,38_34,38_8,515176.0,334.1567,11.8434,0.0007,606.92,265.0,282.0,1901.0,2594.0,1900.4249,2593.6053,1900.4249,2593.6053,42.8586656327732,-22.107392263918364,1.856,1.795,-32.79,0.00197,0.00177,-8.45,1900.4249,2593.6053,42.8586656327732,-22.107392263918364,1.0723859204,1.0913199316,1.0723859204,1.0913199316,1.056,1.024,-53.15,1.056215,1.023775,-53.15,22.6584,0.0,3.3,1.034,0.033,1.0,38.0
1327,1327,38_35,38_7,6943.301,75.41619,16.5194,0.0118,606.968,37.0,46.0,1673.0,2598.0,1672.564,2597.8092,1672.564,2597.8092,42.927816249027664,-22.10956105796664,1.438,1.351,-54.47,0.0209,0.0193,-55.48,1672.564,2597.8092,42.927816249027664,-22.10956105796664,0.78059380438,0.78514300669,0.78059380438,0.78514300669,0.899,0.87,-47.6,0.8988937,0.8704752,-47.6,22.6987,0.0,2.79,1.064,0.06,0.979,38.0
1328,1328,38_36,38_6,404.6159,30.89811,19.6057,0.0829,605.9901,9.0,9.0,1718.0,2579.0,1718.0677,2578.9635,1718.0677,2578.9635,42.91409110453872,-22.104065058609084,0.782,0.777,-39.65,0.07351,0.07318,-29.18,1718.0677,2578.9635,42.91409110453872,-22.104065058609084,0.70121368718,0.68515397103,0.70121368718,0.68515397103,0.852,0.813,-37.72,0.851537,0.8131742,-37.72,22.6604,0.0,2.29,1.007,0.006,0.514,38.0
1329,1329,38_37,38_5,49210.68,132.0838,14.3932,0.0029,607.246,88.0,94.0,1985.0,2568.0,1984.5876,2567.5815,1984.5876,2567.5815,42.8332429456158,-22.09969891577218,1.586,1.536,-56.55,0.00617,0.00604,-70.29,1984.5876,2567.5815,42.8332429456158,-22.09969891577218,0.79932710426,0.81546979823,0.79932710426,0.81546979823,0.909,0.888,-57.37,0.9092208,0.8877581,-57.37,22.6604,0.0,2.79,1.032,0.031,0.982,38.0
1330,1330,38_38,38_4,256.9014,27.43546,20.0989,0.116,607.8222,6.0,7.0,1954.0,2570.0,1954.0482,2570.314,1954.0482,2570.314,42.84249989021663,-22.10060327482914,0.739,0.669,0.28,0.09318,0.08608,0.9,1954.0482,2570.314,42.84249989021663,-22.10060327482914,0.8075730846,0.75777054562,0.8075730846,0.75777054562,0.909,0.86,-27.18,0.9085239,0.8601906,-27.18,22.6878,0.0,2.99,1.104,0.095,0.516,38.0
1331,1331,38_39,38_3,327.4223,30.82757,19.8355,0.1022,607.0242,8.0,9.0,1895.0,2555.0,1894.7422,2555.352,1894.7422,2555.352,42.86057372454756,-22.096655988805797,0.918,0.744,-78.38,0.10323,0.08542,-82.03,1894.7422,2555.352,42.86057372454756,-22.096655988805797,1.1446722698,1.2245092835,1.1446722698,1.2245092835,1.164,1.007,-51.77,1.164092,1.007011,-51.77,22.6763,0.0,4.91,1.234,0.19,0.178,38.0
1332,1332,38_40,38_2,2493.965,55.21776,17.6311,0.024,606.0316,22.0,27.0,1696.0,2544.0,1696.1098,2543.5514,1696.1098,2543.5514,42.920921855272745,-22.094196948773988,1.256,1.158,-72.2,0.03523,0.03217,-81.32,1696.1098,2543.5514,42.920921855272745,-22.094196948773988,0.73097014367,0.74704250217,0.73097014367,0.74704250217,0.883,0.836,-50.71,0.8829357,0.8357255,-50.71,22.6727,0.0,2.86,1.085,0.078,0.955,38.0
1334,1334,39_2,39_35,1553.127,50.07507,18.1453,0.035,608.6323,18.0,22.0,2439.0,2998.0,2438.7923,2998.002,2438.7923,2998.002,42.69319039536976,-22.21868756257527,1.182,1.086,-62.41,0.04644,0.04232,-45.6,2438.7923,2998.002,42.69319039536976,-22.21868756257527,0.70297197042,0.7814921674,0.70297197042,0.7814921674,0.887,0.836,-76.63,0.8866765,0.8356248,-76.63,22.6956,0.0,3.06,1.088,0.081,0.675,39.0
1335,1335,39_3,39_36,53596.21,120.6031,14.3005,0.0024,606.8115,55.0,61.0,2023.0,3021.0,2023.4715,3020.0372,2023.4715,3020.0372,42.819245604404514,-22.2268093386271,1.593,1.005,-2.38,0.00602,0.00386,-2.55,2023.4715,3020.0372,42.819245604404514,-22.2268093386271,0.68450898008,0.36521223754,0.68450898008,0.36521223754,0.828,0.603,-3.49,0.8280713,0.60334,-3.49,22.6729,24.0,4.15,1.585,0.369,0.998,39.0
1336,1336,39_4,39_34,6096.594,145.6335,16.6606,0.0259,609.017,155.0,194.0,2410.0,2980.0,2409.9827,2978.3965,2409.9827,2978.3965,42.70204018669137,-22.213309555552904,6.791,2.508,-0.13,0.16206,0.05997,-0.78,2409.9827,2978.3965,42.70204018669137,-22.213309555552904,49.464202102,22.101409599,49.464202102,22.101409599,7.033,4.701,-0.31,7.033137,4.701127,-0.31,22.6993,0.0,24.77,2.707,0.631,0.0,39.0
1337,1337,39_5,39_33,1377.998,47.9612,18.2752,0.0378,607.8657,17.0,20.0,2377.0,2958.0,2377.0233,2958.2457,2377.0233,2958.2457,42.71215272421646,-22.207797167600145,1.122,1.053,-38.37,0.04825,0.04453,-29.43,2377.0233,2958.2457,42.71215272421646,-22.207797167600145,0.6707003296,0.70711794784,0.6707003296,0.70711794784,0.846,0.814,-67.23,0.8455226,0.8141928,-67.23,22.6416,0.0,2.79,1.065,0.061,0.91,39.0
1338,1338,39_6,39_32,744.5103,38.64329,18.9436,0.0564,606.4957,12.0,14.0,2087.0,2953.0,2086.7417,2953.4989,2086.7417,2953.4989,42.80034855725235,-22.207805281815425,0.98,0.935,83.59,0.06208,0.06071,89.25,2086.7417,2953.4989,42.80034855725235,-22.207805281815425,0.76516680299,0.84762849083,0.76516680299,0.84762849083,0.922,0.874,81.49,0.9216924,0.8736581,81.49,22.6486,0.0,2.94,1.047,0.045,0.757,39.0
1339,1339,39_7,39_31,38246.57,120.9695,14.6668,0.0034,607.6276,77.0,85.0,2186.0,2949.0,2186.0918,2949.0157,2186.0918,2949.0157,42.77019268456132,-22.206090951474923,1.563,1.518,-49.89,0.00723,0.00699,-6.96,2186.0918,2949.0157,42.77019268456132,-22.206090951474923,0.78553720482,0.80971478955,0.78553720482,0.80971478955,0.907,0.879,-59.64,0.9068354,0.8791482,-59.64,22.6864,0.0,2.81,1.029,0.029,0.995,39.0
1340,1340,39_8,39_30,10482.63,83.20004,16.0721,0.0086,609.1749,47.0,53.0,2485.0,2947.0,2484.7366,2947.1027,2484.7366,2947.1027,42.67949348332288,-22.20414840856599,1.475,1.388,-62.32,0.01602,0.01508,-60.66,2484.7366,2947.1027,42.67949348332288,-22.20414840856599,0.76333865382,0.78953209123,0.76333865382,0.78953209123,0.896,0.866,-59.67,0.8961946,0.8658556,-59.67,22.7286,0.0,2.77,1.063,0.059,0.982,39.0
1341,1341,39_9,39_29,130740.7,188.0686,13.3323,0.0016,607.7703,134.0,142.0,2206.0,2944.0,2206.2369,2944.2621,2206.2369,2944.2621,42.76409714913016,-22.204660948162967,1.672,1.608,-56.59,0.00369,0.00349,-34.17,2206.2369,2944.2621,42.76409714913016,-22.204660948162967,0.80081994425,0.83179420769,0.80081994425,0.83179420769,0.918,0.889,-63.34,0.9177356,0.8890306,-63.34,22.685,0.0,2.8,1.04,0.039,0.995,39.0
1342,1342,39_10,39_28,191.1601,22.98983,20.4198,0.1306,609.4823,4.0,5.0,2486.0,2922.0,2485.5983,2922.1813,2485.5983,2922.1813,42.67935849638352,-22.197133587932733,0.753,0.446,-70.35,0.11082,0.06406,-71.53,2485.5983,2922.1813,42.67935849638352,-22.197133587932733,0.84683473232,0.88233423728,0.84683473232,0.88233423728,0.978,0.879,-50.55,0.9781763,0.8788288,-50.55,22.7298,0.0,2.91,1.689,0.408,0.487,39.0
1343,1343,39_11,39_27,33509.04,118.2963,14.8104,0.0038,608.5565,73.0,84.0,2449.0,2893.0,2448.9585,2892.8009,2448.9585,2892.8009,42.69063529138974,-22.189044381109248,1.58,1.517,-66.09,0.00814,0.00775,-78.64,2448.9585,2892.8009,42.69063529138974,-22.189044381109248,0.7830693664,0.80825074627,0.7830693664,0.80825074627,0.905,0.879,-61.19,0.9050773,0.8787236,-61.19,22.6561,0.0,2.79,1.041,0.04,0.998,39.0
1344,1344,39_12,39_26,1033.935,44.8639,18.5871,0.0471,607.295,16.0,18.0,2330.0,2895.0,2329.9659,2895.233,2329.9659,2895.233,42.72676134702974,-22.19029252625833,1.129,1.013,-62.88,0.06053,0.05504,-57.55,2329.9659,2895.233,42.72676134702974,-22.19029252625833,0.72295235152,0.80975200594,0.72295235152,0.80975200594,0.909,0.841,-68.66,0.9085062,0.8410236,-68.66,22.6217,0.0,3.11,1.114,0.102,0.84,39.0
1345,1345,39_13,39_25,31487.62,114.0214,14.878,0.0039,607.6498,71.0,80.0,2161.0,2873.0,2161.0864,2873.5314,2161.0864,2873.5314,42.778159318972925,-22.18497038320262,1.55,1.496,-60.27,0.00815,0.00787,-54.02,2161.0864,2873.5314,42.778159318972925,-22.18497038320262,0.78868950712,0.80865477839,0.78868950712,0.80865477839,0.904,0.883,-61.57,0.9038442,0.8834081,-61.57,22.682,0.0,2.78,1.036,0.035,0.984,39.0
1346,1346,39_14,39_24,3112.211,59.94948,17.3906,0.0209,607.5193,27.0,31.0,2191.0,2867.0,2190.7129,2867.0649,2190.7129,2867.0649,42.76919344361339,-22.183015367099085,1.293,1.232,-64.98,0.03172,0.03053,-66.56,2190.7129,2867.0649,42.76919344361339,-22.183015367099085,0.73675592605,0.80037402928,0.73675592605,0.80037402928,0.903,0.85,-66.74,0.902661,0.8499018,-66.74,22.6672,0.0,2.93,1.05,0.048,0.972,39.0
1347,1347,39_15,39_23,1385801.0,552.0966,10.769,0.0004,609.8799,732.0,784.0,2409.0,2824.0,2406.7648,2825.238,2406.7648,2825.238,42.703790833761,-22.1702394952216,4.462,2.889,89.48,0.00215,0.00207,81.03,2406.7648,2825.238,42.703790833761,-22.1702394952216,4.37665915,6.3835044539,4.37665915,6.3835044539,2.527,2.092,88.51,2.526828,2.091722,88.51,22.7067,0.0,21.55,1.544,0.352,0.508,39.0
1348,1348,39_16,39_22,4907.845,70.04657,16.8961,0.0155,607.6249,37.0,41.0,2065.0,2754.0,2065.4611,2754.1716,2065.4611,2754.1716,42.80778357120591,-22.15182694565232,1.404,1.339,-15.58,0.02641,0.02457,-11.13,2065.4611,2754.1716,42.80778357120591,-22.15182694565232,0.7919410889,0.80472334082,0.7919410889,0.80472334082,0.901,0.886,-58.84,0.9011607,0.8857617,-58.84,22.6894,0.0,2.84,1.049,0.046,0.974,39.0
1350,1350,39_18,39_20,645.7269,41.94879,19.0982,0.0706,607.5073,12.0,16.0,2374.0,2714.0,2373.7741,2714.5494,2373.7741,2714.5494,42.71436722743099,-22.13925846342174,1.162,0.942,-33.99,0.0873,0.06978,-28.26,2373.7741,2714.5494,42.71436722743099,-22.13925846342174,1.5352260745,1.5558390928,1.5352260745,1.5558390928,1.319,1.163,-46.53,1.318591,1.16292,-46.53,22.6251,0.0,5.22,1.234,0.189,0.076,39.0
1351,1351,39_19,39_19,62099.87,145.5314,14.1406,0.0025,608.2604,100.0,107.0,2466.0,2693.0,2465.6253,2692.6751,2465.6253,2692.6751,42.6865920961814,-22.13266863069162,1.61,1.596,59.5,0.0057,0.00542,31.16,2465.6253,2692.6751,42.6865920961814,-22.13266863069162,0.82795872839,0.84555523104,0.82795872839,0.84555523104,0.92,0.909,-76.33,0.9201424,0.909314,-76.33,22.6605,0.0,2.83,1.009,0.009,0.985,39.0
1352,1352,39_20,39_18,793.2085,41.3979,18.8748,0.0567,607.0828,13.0,16.0,2147.0,2676.0,2147.0259,2676.4162,2147.0259,2676.4162,42.783399556400106,-22.12958345833334,1.071,0.937,-2.09,0.06883,0.05659,-0.32,2147.0259,2676.4162,42.783399556400106,-22.12958345833334,0.69444297192,0.64807882772,0.69444297192,0.64807882772,0.834,0.804,-9.84,0.8341957,0.8041388,-9.84,22.6774,0.0,2.78,1.143,0.125,0.838,39.0
1353,1353,39_21,39_17,19802.62,99.73801,15.3815,0.0055,607.749,60.0,66.0,2346.0,2667.0,2345.5944,2667.277,2345.5944,2667.277,42.72316081931866,-22.12609329423136,1.501,1.483,-61.2,0.01058,0.01036,24.71,2345.5944,2667.277,42.72316081931866,-22.12609329423136,0.79934295421,0.81504241217,0.79934295421,0.81504241217,0.907,0.89,-61.05,0.9066217,0.8901811,-61.05,22.6462,0.0,2.79,1.012,0.012,0.982,39.0
1354,1354,39_22,39_16,2200.273,53.8798,17.7671,0.0266,607.3915,25.0,25.0,2281.0,2637.0,2281.1632,2636.6559,2281.1632,2636.6559,42.74287448634841,-22.11778065999785,1.332,1.085,-65.99,0.04157,0.03146,-65.12,2281.1632,2636.6559,42.74287448634841,-22.11778065999785,0.77858306978,0.86571444448,0.77858306978,0.86571444448,0.94,0.872,-67.15,0.9404938,0.8716473,-67.15,22.6431,0.0,3.15,1.227,0.185,0.928,39.0
1355,1355,39_23,39_15,743.1201,38.99126,18.9457,0.057,607.6073,14.0,14.0,2131.0,2620.0,2131.4309,2619.7053,2131.4309,2619.7053,42.788413141213,-22.11370112982828,0.969,0.959,13.66,0.06352,0.0621,1.05,2131.4309,2619.7053,42.788413141213,-22.11370112982828,0.73767754698,0.76180991029,0.73767754698,0.76180991029,0.874,0.858,73.67,0.8741152,0.8575606,73.67,22.6865,0.0,3.32,1.011,0.011,0.505,39.0
1356,1356,39_24,39_14,412.3879,31.60617,19.585,0.0832,608.2568,8.0,9.0,2464.0,2614.0,2464.6176,2613.9258,2464.6176,2613.9258,42.68729952763059,-22.110521506287693,0.888,0.693,-22.23,0.08956,0.06461,-20.5,2464.6176,2613.9258,42.68729952763059,-22.110521506287693,0.62180889382,0.63020629499,0.62180889382,0.63020629499,0.814,0.767,-48.24,0.8144058,0.767306,-48.24,22.6521,0.0,3.4,1.282,0.22,0.534,39.0
1357,1357,39_25,39_13,3947.378,66.57797,17.1325,0.0183,608.0273,29.0,37.0,2358.0,2611.0,2357.9217,2610.7184,2357.9217,2610.7184,42.719703625354434,-22.11012527250574,1.39,1.269,-48.35,0.03078,0.02636,-43.24,2357.9217,2610.7184,42.719703625354434,-22.11012527250574,0.76666633343,0.78595229409,0.76666633343,0.78595229409,0.889,0.874,-68.51,0.8885334,0.8735714,-68.51,22.6657,0.0,2.83,1.095,0.087,0.976,39.0
1358,1358,39_26,39_12,407.1135,31.52786,19.599,0.0841,608.546,7.0,9.0,2477.0,2601.0,2476.9464,2601.0048,2476.9464,2601.0048,42.68362311539832,-22.106827888058916,0.786,0.766,45.14,0.07355,0.07339,12.85,2476.9464,2601.0048,42.68362311539832,-22.106827888058916,0.64623151155,0.60737473559,0.64623151155,0.60737473559,0.822,0.76,33.27,0.8219542,0.7602615,33.27,22.6627,0.0,2.68,1.026,0.025,0.502,39.0
1359,1359,39_27,39_11,11902.63,86.20067,15.9342,0.0079,606.9848,46.0,54.0,2308.0,2586.0,2308.2268,2585.6989,2308.2268,2585.6989,42.73491436196974,-22.103320108677977,1.459,1.417,-83.3,0.01424,0.01396,-74.89,2308.2268,2585.6989,42.73491436196974,-22.103320108677977,0.78899843402,0.82348154276,0.78899843402,0.82348154276,0.909,0.887,-76.66,0.9085908,0.887098,-76.66,22.6293,0.0,2.78,1.03,0.029,0.983,39.0
1360,1360,39_28,39_10,234.2678,25.63604,20.199,0.1188,608.3655,5.0,6.0,2387.0,2587.0,2386.8296,2587.1117,2386.8296,2587.1117,42.71104795634655,-22.103348416311924,0.751,0.566,-46.27,0.10925,0.08087,-45.35,2386.8296,2587.1117,42.71104795634655,-22.103348416311924,0.71483962587,0.65689353278,0.71483962587,0.65689353278,0.887,0.765,-36.66,0.8869925,0.7648382,-36.66,22.6768,0.0,2.73,1.328,0.247,0.505,39.0
1361,1361,39_29,39_9,3140.624,61.01787,17.3808,0.0211,606.8764,28.0,32.0,2162.0,2584.0,2161.8043,2583.8369,2161.8043,2583.8369,42.77936974363014,-22.10347252202329,1.293,1.261,-32.41,0.03267,0.03152,-9.72,2161.8043,2583.8369,42.77936974363014,-22.10347252202329,0.77667203764,0.79297102677,0.77667203764,0.79297102677,0.896,0.876,-58.32,0.8961036,0.8755806,-58.32,22.6349,0.0,2.88,1.025,0.025,0.956,39.0
1362,1362,39_30,39_8,1758.992,49.97679,18.0101,0.0309,607.8477,22.0,22.0,2125.0,2575.0,2124.9156,2574.9895,2124.9156,2574.9895,42.790610815962026,-22.101151730360623,1.177,1.099,-51.41,0.04204,0.03809,-46.15,2124.9156,2574.9895,42.790610815962026,-22.101151730360623,0.72631146937,0.75992706702,0.72631146937,0.75992706702,0.872,0.852,-84.09,0.8719468,0.8520254,-84.09,22.6772,0.0,3.08,1.071,0.066,0.858,39.0
1363,1363,39_31,39_7,244.5101,25.6918,20.1526,0.1141,608.3038,5.0,6.0,2374.0,2562.0,2373.9305,2562.492,2373.9305,2562.492,42.71508778502135,-22.096483754018625,0.781,0.499,2.39,0.10484,0.06412,0.17,2373.9305,2562.492,42.71508778502135,-22.096483754018625,0.62583678985,0.58184065328,0.62583678985,0.58184065328,0.813,0.739,33.7,0.8130758,0.739314,33.7,22.6813,0.0,3.29,1.565,0.361,0.458,39.0
1364,1364,39_32,39_6,246.8019,25.16093,20.1424,0.1107,607.2131,6.0,6.0,2028.0,2562.0,2028.2082,2562.2293,2028.2082,2562.2293,42.82002814305355,-22.097998455435928,0.761,0.557,43.53,0.09974,0.07335,45.14,2028.2082,2562.2293,42.82002814305355,-22.097998455435928,0.82183277169,0.76888070261,0.82183277169,0.76888070261,0.928,0.854,33.19,0.9281477,0.8539644,33.19,22.6784,0.0,2.7,1.365,0.267,0.48,39.0
1365,1365,39_33,39_5,2246.94,66.38734,17.7443,0.0321,608.2374,35.0,39.0,2395.0,2558.0,2394.6588,2557.7791,2394.6588,2557.7791,42.70882004774426,-22.09506016650947,2.002,1.198,-30.69,0.06869,0.04055,-30.26,2394.6588,2557.7791,42.70882004774426,-22.09506016650947,1.9476161743,1.5311066646,1.9476161743,1.5311066646,1.472,1.145,-30.47,1.472428,1.144848,-30.47,22.6732,0.0,5.81,1.671,0.402,0.008,39.0
1366,1366,39_34,39_4,343.0341,29.71631,19.785,0.0941,607.1076,8.0,8.0,2422.0,2543.0,2421.8523,2542.834,2421.8523,2542.834,42.70064210303816,-22.090727312521494,0.817,0.664,-44.99,0.09258,0.07343,-45.11,2421.8523,2542.834,42.70064210303816,-22.090727312521494,0.69960045784,0.66367539266,0.69960045784,0.66367539266,0.868,0.781,-37.79,0.8681924,0.7807162,-37.79,22.6226,0.0,2.62,1.232,0.188,0.553,39.0
1367,1367,39_35,39_3,250.6561,27.35825,20.1256,0.1185,606.8666,7.0,7.0,2123.0,2542.0,2123.2997,2541.9796,2123.2997,2541.9796,42.79126358635299,-22.091873036142992,0.748,0.691,-82.97,0.09785,0.09058,-89.49,2123.2997,2541.9796,42.79126358635299,-22.091873036142992,1.5245620435,1.2704488132,1.5245620435,1.2704488132,1.235,1.127,-0.06,1.234732,1.127142,-0.06,22.6162,0.0,4.26,1.082,0.076,0.006,39.0
1369,1369,40_1,40_1,266.4209,25.51967,20.0594,0.104,608.332,6.0,6.0,2607.0,2529.0,2606.6396,2528.205,2606.6396,2528.205,42.64463316663682,-22.08572289290046,0.734,0.647,36.76,0.09804,0.08584,26.87,2606.6396,2528.205,42.64463316663682,-22.08572289290046,0.85905036823,0.95310990283,0.85905036823,0.95310990283,0.989,0.913,65.51,0.9888115,0.9134616,65.51,22.6811,0.0,4.08,1.136,0.119,0.525,40.0
1370,1370,40_2,40_27,63084.63,135.5481,14.1235,0.0023,607.6607,74.0,78.0,2595.0,3019.0,2594.9195,3018.836,2594.9195,3018.836,42.645661217570776,-22.223792809691023,1.561,1.372,-7.66,0.00504,0.00406,-7.54,2594.9195,3018.836,42.645661217570776,-22.223792809691023,0.77164686808,0.76523118214,0.77164686808,0.76523118214,0.884,0.87,-37.39,0.8835477,0.86961,-37.39,22.6301,24.0,2.96,1.138,0.121,0.998,40.0
1371,1371,40_3,40_26,1178.066,43.77541,18.4454,0.0404,608.4633,17.0,17.0,2856.0,3000.0,2855.968,2999.4338,2855.968,2999.4338,42.56647616958836,-22.217027779045843,1.044,1.012,3.62,0.05015,0.04803,-1.0,2855.968,2999.4338,42.56647616958836,-22.217027779045843,0.68438671146,0.68376589098,0.68438671146,0.68376589098,0.832,0.823,43.82,0.8316363,0.8225167,43.82,22.6527,0.0,2.93,1.032,0.031,0.903,40.0
1372,1372,40_4,40_25,19441.34,100.4938,15.4015,0.0056,607.3734,57.0,66.0,2622.0,2974.0,2622.1369,2973.9504,2622.1369,2973.9504,42.63762507459385,-22.211032309002423,1.513,1.464,-61.33,0.01088,0.01053,-64.21,2622.1369,2973.9504,42.63762507459385,-22.211032309002423,0.78301719428,0.79957629347,0.78301719428,0.79957629347,0.898,0.881,-61.65,0.8979835,0.8810329,-61.65,22.6038,0.0,2.78,1.034,0.033,0.99,40.0
1374,1374,40_6,40_23,86224.82,162.1353,13.7842,0.002,608.0021,105.0,119.0,2566.0,2923.0,2566.429,2922.8755,2566.429,2922.8755,42.65480640382926,-22.19693739617005,1.63,1.59,-57.2,0.0046,0.00448,1.62,2566.429,2922.8755,42.65480640382926,-22.19693739617005,0.80016155223,0.82402652696,0.80016155223,0.82402652696,0.913,0.889,-61.9,0.9129868,0.8891812,-61.9,22.6341,0.0,2.8,1.025,0.024,0.985,40.0
1375,1375,40_7,40_22,29476.1,114.8474,14.9496,0.0042,609.4251,70.0,81.0,2553.0,2920.0,2552.5805,2919.8438,2552.5805,2919.8438,42.65902771349739,-22.19615198512981,1.586,1.496,-58.18,0.00917,0.00828,-51.21,2552.5805,2919.8438,42.65902771349739,-22.19615198512981,0.78490725121,0.80290830167,0.78490725121,0.80290830167,0.902,0.879,-58.06,0.9024116,0.8794708,-58.06,22.6967,0.0,2.77,1.06,0.057,0.982,40.0
1376,1376,40_8,40_21,11936.81,88.06119,15.9311,0.008,608.9373,47.0,56.0,2721.0,2900.0,2721.4814,2899.8378,2721.4814,2899.8378,42.60783838881359,-22.18969174086242,1.485,1.404,-75.74,0.01527,0.01395,-82.59,2721.4814,2899.8378,42.60783838881359,-22.18969174086242,0.77759720091,0.80421419861,0.77759720091,0.80421419861,0.9,0.878,-66.94,0.9000601,0.8784664,-66.94,22.6635,0.0,2.8,1.058,0.055,0.983,40.0
1377,1377,40_9,40_20,1162.67,46.91978,18.4597,0.0438,609.5968,17.0,19.0,2963.0,2899.0,2963.2169,2898.9939,2963.2169,2898.9939,42.534438854731086,-22.18822232775856,1.121,1.031,-86.02,0.0572,0.05084,-89.82,2963.2169,2898.9939,42.534438854731086,-22.18822232775856,0.71558358461,0.71868745652,0.71558358461,0.71868745652,0.851,0.843,-51.69,0.8507875,0.8428711,-51.69,22.6228,0.0,2.93,1.087,0.08,0.892,40.0
1378,1378,40_10,40_19,254.9077,27.71457,20.1073,0.1181,607.7352,7.0,7.0,2559.0,2874.0,2558.9999,2874.0176,2558.9999,2874.0176,42.6573130597238,-22.183229631056516,0.899,0.533,-46.58,0.12586,0.07276,-45.08,2558.9999,2874.0176,42.6573130597238,-22.183229631056516,0.84675954145,1.049794181,0.84675954145,1.049794181,1.065,0.873,-61.58,1.064832,0.873319,-61.58,22.6208,0.0,4.09,1.688,0.408,0.015,40.0
1379,1379,40_11,40_18,611.692,38.20422,19.157,0.0678,610.2236,11.0,13.0,2913.0,2872.0,2913.3251,2871.6676,2913.3251,2871.6676,42.54973274322463,-22.180794363820148,0.993,0.86,-50.36,0.07735,0.0658,-45.18,2913.3251,2871.6676,42.54973274322463,-22.180794363820148,0.69634787548,0.77351210231,0.69634787548,0.77351210231,0.886,0.828,-70.34,0.8858891,0.8276839,-70.34,22.6776,0.0,3.44,1.154,0.134,0.309,40.0
1380,1380,40_12,40_17,1854908.0,636.0704,10.4525,0.0004,610.954,860.0,921.0,2962.0,2826.0,2960.1187,2826.5873,2960.1187,2826.5873,42.535764717354695,-22.16787241250641,5.411,3.132,-89.86,0.00212,0.00182,87.3,2960.1187,2826.5873,42.535764717354695,-22.16787241250641,5.2932033516,7.035077379,5.2932033516,7.035077379,2.654,2.298,85.63,2.654299,2.298473,85.63,22.6323,0.0,24.7,1.728,0.421,0.119,40.0
1381,1381,40_13,40_16,809.2914,46.00658,18.853,0.0617,616.1033,17.0,18.0,2945.0,2842.0,2945.068,2842.2945,2945.068,2842.2945,42.54025070848884,-22.17236843451117,1.175,1.016,-24.12,0.06892,0.06049,-25.3,2945.068,2842.2945,42.54025070848884,-22.17236843451117,1.2033413224,1.1236844755,1.2033413224,1.1236844755,1.108,1.049,-25.73,1.107902,1.048608,-25.73,22.8937,0.0,3.62,1.156,0.135,0.017,40.0
1382,1382,40_14,40_14,3553.724,65.8913,17.2466,0.0201,609.4007,29.0,36.0,2762.0,2825.0,2762.3491,2825.1197,2762.3491,2825.1197,42.59581887172129,-22.16846950861128,1.332,1.209,-50.3,0.0319,0.02643,-52.61,2762.3491,2825.1197,42.59581887172129,-22.16846950861128,0.75546078349,0.75628526285,0.75546078349,0.75628526285,0.875,0.864,-46.31,0.8745699,0.8642185,-46.31,22.6727,0.0,2.84,1.101,0.092,0.972,40.0
1384,1384,40_16,40_12,708.8452,38.57139,18.9969,0.0591,609.5791,12.0,13.0,2929.0,2767.0,2929.609,2766.7114,2929.609,2766.7114,42.54534589330516,-22.151189044939983,0.997,0.862,42.39,0.06822,0.05825,45.64,2929.609,2766.7114,42.54534589330516,-22.151189044939983,0.810340931,0.81474119289,0.810340931,0.81474119289,0.928,0.874,46.29,0.9280304,0.8739803,46.29,22.6295,0.0,3.26,1.156,0.135,0.6,40.0
1385,1385,40_17,40_11,729.7391,39.57467,18.9654,0.0589,609.5898,12.0,14.0,2979.0,2733.0,2978.5704,2733.6266,2978.5704,2733.6266,42.53065894459706,-22.141629877978488,0.964,0.934,-38.41,0.06648,0.06514,-10.07,2978.5704,2733.6266,42.53065894459706,-22.141629877978488,0.59962974684,0.58309309709,0.59962974684,0.58309309709,0.788,0.75,-36.87,0.7879665,0.7495543,-36.87,22.6379,0.0,2.98,1.032,0.031,0.727,40.0
1387,1387,40_19,40_9,20453.12,100.9526,15.3464,0.0054,609.1126,61.0,66.0,2777.0,2725.0,2777.2334,2724.6636,2777.2334,2724.6636,42.59182653119958,-22.1401381610827,1.507,1.47,-59.25,0.01034,0.01006,-47.33,2777.2334,2724.6636,42.59182653119958,-22.1401381610827,0.79841807675,0.81250545955,0.79841807675,0.81250545955,0.905,0.89,-61.54,0.9046359,0.8902569,-61.54,22.6641,0.0,2.8,1.026,0.025,0.983,40.0
1388,1388,40_20,40_8,1960.152,54.46478,17.8926,0.0302,607.5156,21.0,26.0,2688.0,2722.0,2687.8902,2722.4626,2687.8902,2722.4626,42.61896119498469,-22.13996510375376,1.264,1.139,-85.36,0.04582,0.03877,89.89,2687.8902,2722.4626,42.61896119498469,-22.13996510375376,0.76900732895,0.78743565687,0.76900732895,0.78743565687,0.888,0.877,-83.72,0.8875029,0.8768019,-83.72,22.6198,0.0,3.0,1.11,0.099,0.836,40.0
1390,1390,40_22,40_6,2640.29,59.01284,17.5692,0.0243,607.673,25.0,29.0,2798.0,2657.0,2797.7419,2657.2613,2797.7419,2657.2613,42.58595537063613,-22.12107620658281,1.275,1.215,81.31,0.03604,0.03346,63.41,2797.7419,2657.2613,42.58595537063613,-22.12107620658281,0.77333296102,0.82342204423,0.77333296102,0.82342204423,0.909,0.878,-77.47,0.9088585,0.8779129,-77.47,22.6008,0.0,2.96,1.05,0.047,0.936,40.0
1391,1391,40_23,40_5,559.2616,43.10775,19.2543,0.0837,608.5526,14.0,17.0,2758.0,2653.0,2757.7971,2651.4403,2757.7971,2651.4403,42.59811104867601,-22.119639557827757,1.556,0.929,80.81,0.13357,0.0811,80.88,2757.7971,2651.4403,42.59811104867601,-22.119639557827757,2.1136356588,3.0837836069,2.1136356588,3.0837836069,1.785,1.418,72.71,1.785452,1.417596,72.71,22.6515,0.0,7.18,1.675,0.403,0.0,40.0
1392,1392,40_24,40_4,1029.597,45.31128,18.5916,0.0478,608.332,15.0,18.0,2784.0,2587.0,2784.0645,2586.9406,2784.0645,2586.9406,42.59047716363044,-22.10136560453306,1.153,0.972,-78.8,0.06253,0.0518,-78.78,2784.0645,2586.9406,42.59047716363044,-22.10136560453306,0.70666382466,0.7873191678,0.70666382466,0.7873191678,0.889,0.839,-78.89,0.8891313,0.8387064,-78.89,22.6434,0.0,3.01,1.186,0.157,0.831,40.0
1393,1393,40_25,40_3,116800.4,180.1897,13.4547,0.0017,608.6435,124.0,131.0,2821.0,2575.0,2821.3047,2574.7741,2821.3047,2574.7741,42.57923865138324,-22.097755896933887,1.661,1.599,-63.12,0.00382,0.00369,-63.92,2821.3047,2574.7741,42.57923865138324,-22.097755896933887,0.8102595102,0.82310406379,0.8102595102,0.82310406379,0.912,0.895,-57.47,0.9120919,0.8952385,-57.47,22.6573,0.0,2.8,1.039,0.037,0.997,40.0
1394,1394,40_26,40_2,824.2679,46.11795,18.8331,0.0608,608.772,16.0,19.0,2766.0,2576.0,2765.6157,2575.7463,2765.6157,2575.7463,42.59613545662002,-22.098309455244603,1.294,1.036,-63.39,0.08437,0.06757,-65.64,2765.6157,2575.7463,42.59613545662002,-22.098309455244603,1.3427982256,1.5290366614,1.3427982256,1.5290366614,1.261,1.132,-63.64,1.260811,1.132338,-63.64,22.6672,0.0,4.65,1.248,0.199,0.055,40.0
1398,1398,41_4,41_27,516.3232,36.22372,19.341,0.0762,608.83,11.0,12.0,3058.0,2997.0,3057.6295,2997.2011,3057.6295,2997.2011,42.5052471367839,-22.215350391240147,1.047,0.786,-36.06,0.09189,0.06998,-32.38,3057.6295,2997.2011,42.5052471367839,-22.215350391240147,0.950301618,0.94392510826,0.950301618,0.94392510826,1.054,0.885,-44.44,1.053817,0.8852659,-44.44,22.6419,0.0,4.73,1.332,0.249,0.489,41.0
1399,1399,41_5,41_26,2625.315,58.94741,17.5753,0.0244,609.9321,27.0,30.0,3045.0,2994.0,3044.7996,2993.6962,3044.7996,2993.6962,42.50916183354405,-22.2144323804574,1.287,1.242,-74.74,0.03617,0.03469,82.11,3044.7996,2993.6962,42.50916183354405,-22.2144323804574,0.77718290399,0.79826725028,0.77718290399,0.79826725028,0.904,0.871,-55.35,0.9041788,0.8705807,-55.35,22.6957,0.0,2.9,1.036,0.035,0.938,41.0
1404,1404,41_10,41_21,489.3623,37.27671,19.3992,0.0827,610.3977,10.0,13.0,3042.0,2888.0,3042.2452,2887.8117,3042.2452,2887.8117,42.5105031804171,-22.184663412986588,1.122,0.809,44.42,0.10098,0.07186,45.04,3042.2452,2887.8117,42.5105031804171,-22.184663412986588,1.3248718999,1.2330098812,1.3248718999,1.2330098812,1.179,1.081,32.83,1.179131,1.080524,32.83,22.6931,0.0,4.17,1.387,0.279,0.474,41.0
1405,1405,41_11,41_20,668.8365,41.54316,19.06,0.0675,610.5513,15.0,16.0,3034.0,2888.0,3033.7447,2887.6964,3033.7447,2887.6964,42.51308473406248,-22.18467574232948,1.113,1.0,-16.87,0.08134,0.07032,-15.18,3033.7447,2887.6964,42.51308473406248,-22.18467574232948,1.3651405155,1.3660658953,1.3651405155,1.3660658953,1.174,1.163,-46.01,1.174212,1.162941,-46.01,22.696,0.0,4.42,1.113,0.102,0.011,41.0
1406,1406,41_12,41_19,275.0306,27.45664,20.0248,0.1084,610.1929,5.0,7.0,3026.0,2879.0,3025.9947,2878.6679,3025.9947,2878.6679,42.51548606752573,-22.182177059302266,0.74,0.661,4.84,0.08785,0.08137,0.5,3025.9947,2878.6679,42.51548606752573,-22.182177059302266,0.83792096876,0.75823897186,0.83792096876,0.75823897186,0.916,0.87,-8.53,0.9163805,0.8697164,-8.53,22.6719,0.0,2.76,1.12,0.107,0.489,41.0
1423,1423,42_1,42_13,1654956.0,576.3632,10.5763,0.0004,609.03,458.0,647.0,364.0,2587.0,363.3641,2619.8055,363.3641,2619.8055,43.32511156864343,-22.120811828209657,33.042,1.09,-89.4,0.01147,0.00043,-89.48,363.3641,2619.8055,43.32511156864343,-22.120811828209657,1.5255429828,467.7565391,1.5255429828,467.7565391,21.629,1.218,-89.45,21.62868,1.21752,-89.45,22.675,24.0,36.02,30.32,0.967,0.019,42.0
1425,1425,42_3,42_1,247.261,27.98945,20.1404,0.1229,612.7518,3.0,7.0,383.0,2568.0,383.0098,2568.2616,383.0098,2568.2616,43.31934947255928,-22.1062457625865,0.682,0.439,-0.54,0.13287,0.08156,-0.0,383.0098,2568.2616,43.31934947255928,-22.1062457625865,1.0932340744,0.51502719703,1.0932340744,0.51502719703,1.051,0.71,-7.94,1.05105,0.7096159,-7.94,22.6215,24.0,3.21,1.552,0.356,0.486,42.0
1426,1426,42_4,42_36,238.7105,24.4254,20.1786,0.1111,603.5117,5.0,6.0,84.0,3024.0,84.0308,3024.5018,84.0308,3024.5018,43.40837532474314,-22.23556393589961,0.766,0.5,-0.7,0.10582,0.06495,-0.02,84.0308,3024.5018,43.40837532474314,-22.23556393589961,0.47257000234,0.5296627527,0.47257000234,0.5296627527,0.728,0.687,85.15,0.7280641,0.6871356,85.15,22.6837,0.0,1.91,1.533,0.348,0.413,42.0
1449,1449,42_27,42_38,66429.17,166.1784,14.0674,0.0027,606.3424,128.0,139.0,511.0,3029.0,509.8351,3029.4281,509.8351,3029.4281,43.27904078025136,-22.23550700738734,2.549,1.587,86.55,0.01052,0.00799,79.51,509.8351,3029.4281,43.27904078025136,-22.23550700738734,0.36830801335,1.3234977614,0.36830801335,1.3234977614,1.15,0.607,89.69,1.150446,0.6068605,89.69,22.5582,24.0,4.5,1.606,0.377,0.983,42.0
1450,1450,42_28,42_12,167.478,22.57624,20.5634,0.1464,605.9175,5.0,5.0,374.0,2681.0,373.6095,2680.8316,373.6095,2680.8316,43.32176608507315,-22.137940654626647,0.768,0.443,70.9,0.12515,0.07219,71.54,373.6095,2680.8316,43.32176608507315,-22.137940654626647,1.1594291091,1.1585839265,1.1594291091,1.1585839265,1.126,1.024,44.89,1.126447,1.024271,44.89,22.6892,0.0,3.43,1.735,0.424,0.391,42.0
1459,1459,42_37,42_37,159.6602,23.05291,20.6153,0.1568,605.6172,4.0,5.0,439.0,3030.0,438.8197,3029.4099,438.8197,3029.4099,43.30061054617434,-22.23575076184247,0.768,0.447,-19.14,0.12411,0.07171,-18.43,438.8197,3029.4099,43.30061054617434,-22.23575076184247,1.2579707778,1.0315092421,1.2579707778,1.0315092421,1.149,0.984,-25.01,1.149344,0.9841179,-25.01,22.7038,0.0,3.45,1.717,0.418,0.345,42.0
1465,1465,43_6,43_41,785580.8,416.2547,11.3853,0.0006,606.2618,373.0,391.0,512.0,3029.0,513.9187,3029.1865,513.9187,3029.1865,43.27780138741217,-22.23542464822044,2.305,2.212,-52.6,0.00184,0.00165,-1.22,513.9187,3029.1865,43.27780138741217,-22.23542464822044,2.2678487601,2.3631864605,2.2678487601,2.3631864605,1.572,1.47,-53.92,1.571962,1.469684,-53.92,22.588,24.0,13.54,1.042,0.04,1.0,43.0
1466,1466,43_7,43_40,3182.645,59.45018,17.3663,0.0203,604.7449,27.0,32.0,920.0,3022.0,920.2938,3022.0813,920.2938,3022.0813,43.15438795009915,-22.23193930850965,1.346,1.21,-61.31,0.03321,0.0283,-69.47,920.2938,3022.0813,43.15438795009915,-22.23193930850965,0.78011947945,0.80454032887,0.78011947945,0.80454032887,0.911,0.869,-54.49,0.9109698,0.8687887,-54.49,22.6865,0.0,2.95,1.112,0.101,0.969,43.0
1500,1500,43_41,43_44,115881.5,179.2477,13.4633,0.0017,604.5452,126.0,132.0,712.0,3055.0,711.5974,3055.0051,711.5974,3055.0051,43.21765067445615,-22.24197627577481,1.652,1.598,-64.3,0.00373,0.00369,-74.45,711.5974,3055.0051,43.21765067445615,-22.24197627577481,0.79150140145,0.81806128748,0.79150140145,0.81806128748,0.911,0.883,-60.72,0.9111775,0.8827901,-60.72,22.6486,0.0,2.75,1.034,0.033,0.984,43.0
1502,1502,43_43,43_43,5375.284,70.46514,16.7973,0.0142,605.277,36.0,40.0,685.0,3056.0,684.6366,3055.8961,684.6366,3055.8961,43.22583723971815,-22.242325142267976,1.384,1.311,-76.57,0.02289,0.02167,-76.35,684.6366,3055.8961,43.22583723971815,-22.242325142267976,0.72390415869,0.77081736,0.72390415869,0.77081736,0.884,0.845,-67.33,0.883589,0.8449805,-67.33,22.6755,0.0,2.73,1.055,0.052,0.98,43.0
1503,1503,43_44,43_42,60855.79,142.4432,14.1625,0.0025,604.987,94.0,105.0,686.0,3038.0,685.9511,3038.4696,685.9511,3038.4696,43.22550857792445,-22.237418919996216,1.615,1.558,-55.38,0.00554,0.00538,-49.2,685.9511,3038.4696,43.22550857792445,-22.237418919996216,0.7733440682,0.79332686142,0.7733440682,0.79332686142,0.898,0.872,-57.6,0.8982226,0.8717036,-57.6,22.6798,0.0,2.72,1.036,0.035,0.989,43.0
1507,1507,44_4,44_43,37967.68,120.9179,14.6748,0.0035,605.8557,80.0,85.0,1366.0,3046.0,1365.9472,3045.7426,1365.9472,3045.7426,43.01889244309975,-22.23684731688848,1.597,1.497,-56.71,0.00754,0.00659,-49.97,1365.9472,3045.7426,43.01889244309975,-22.23684731688848,0.77633363397,0.81350061546,0.77633363397,0.81350061546,0.908,0.875,-64.32,0.9081178,0.8747321,-64.32,22.6641,0.0,2.79,1.067,0.063,0.989,44.0
1547,1547,44_44,44_45,5513.264,69.9292,16.7698,0.0138,604.6703,35.0,42.0,1078.0,3068.0,1077.9522,3068.167,1077.9522,3068.167,43.106294894515145,-22.244298561812982,1.385,1.325,-61.19,0.02345,0.02239,-53.65,1077.9522,3068.167,43.106294894515145,-22.244298561812982,0.73358960235,0.76986908737,0.73358960235,0.76986908737,0.884,0.85,-63.71,0.8840743,0.8496301,-63.71,22.6821,0.0,2.73,1.046,0.044,0.981,44.0
1548,1548,44_45,44_44,344.3571,27.03893,19.7808,0.0853,605.3895,1.0,7.0,1474.0,3059.0,1474.0032,3059.2013,1474.0032,3059.2013,42.98600133425382,-22.2401913007518,0.678,0.641,-2.42,0.06845,0.06388,-0.3,1474.0032,3059.2013,42.98600133425382,-22.2401913007518,0.45950745208,0.41129329079,0.45950745208,0.41129329079,0.678,0.641,-2.42,0.6779335,0.6412542,-2.42,22.6693,0.0,0.0,1.057,0.054,0.896,44.0
1551,1551,45_3,45_2,25503.65,95.02335,15.1068,0.004,606.8127,43.0,45.0,1984.0,2568.0,1984.5402,2568.9166,1984.5402,2568.9166,42.83325087612773,-22.100074709509787,1.525,0.976,1.16,0.00875,0.00604,3.6,1984.5402,2568.9166,42.83325087612773,-22.100074709509787,0.68331174164,0.34180260109,0.68331174164,0.34180260109,0.827,0.585,0.11,0.8266276,0.5846377,0.11,22.6078,24.0,3.91,1.562,0.36,0.994,45.0
1553,1553,45_5,45_38,432.7732,32.47627,19.5326,0.0815,606.9214,9.0,10.0,1801.0,3030.0,1801.2181,3030.003,1801.2181,3030.003,42.88671993324509,-22.230592952957924,0.914,0.741,-1.58,0.08752,0.06927,-0.06,1801.2181,3030.003,42.88671993324509,-22.230592952957924,0.61728551594,0.50588949598,0.61728551594,0.50588949598,0.787,0.71,-6.97,0.7867489,0.7100712,-6.97,22.6921,0.0,2.75,1.233,0.189,0.557,45.0
1554,1554,45_6,45_42,11514.49,72.21869,15.9702,0.0068,606.0726,32.0,34.0,1823.0,3079.0,1823.4887,3078.1086,1823.4887,3078.1086,42.87972676599433,-22.24402984270724,1.454,0.918,-2.51,0.01426,0.0093,-4.89,1823.4887,3078.1086,42.87972676599433,-22.24402984270724,0.648795778,0.34132881032,0.648795778,0.34132881032,0.806,0.583,-3.07,0.8060294,0.5834734,-3.07,22.6612,24.0,3.81,1.584,0.369,0.983,45.0
1587,1587,45_39,45_41,3144.123,60.06338,17.3796,0.0207,606.3635,27.0,30.0,1931.0,3061.0,1931.2519,3061.284,1931.2519,3061.284,42.84706470063203,-22.23882396357668,1.28,1.208,-48.68,0.03108,0.02801,-44.86,1931.2519,3061.284,42.84706470063203,-22.23882396357668,0.7659517928,0.76920884897,0.7659517928,0.76920884897,0.886,0.867,-47.79,0.8856137,0.8665155,-47.79,22.6375,0.0,2.86,1.06,0.056,0.968,45.0
1589,1589,45_41,45_40,2691.489,58.49125,17.5483,0.0236,605.9044,25.0,30.0,1885.0,3038.0,1885.3668,3037.8482,1885.3668,3037.8482,42.861117238326216,-22.232432893310754,1.304,1.214,40.73,0.03755,0.03207,48.55,1885.3668,3037.8482,42.861117238326216,-22.232432893310754,0.80853140089,0.7922102182,0.80853140089,0.7922102182,0.9,0.889,-15.43,0.8999322,0.8893052,-15.43,22.6397,0.0,2.94,1.074,0.069,0.936,45.0
1594,1594,46_4,46_30,2040.35,58.98989,17.849,0.0314,606.7766,30.0,32.0,2234.0,3028.0,2234.4321,3027.8925,2234.4321,3027.8925,42.755119080275584,-22.22805798731343,1.473,1.302,-62.9,0.05263,0.04774,-63.73,2234.4321,3027.8925,42.755119080275584,-22.22805798731343,1.2093331162,1.3640560862,1.2093331162,1.3640560862,1.186,1.08,-65.19,1.185796,1.080406,-65.19,22.6672,0.0,4.32,1.131,0.116,0.05,46.0
1620,1620,46_30,46_32,519.8113,32.55794,19.3337,0.068,607.7285,10.0,10.0,2194.0,3046.0,2194.1866,3046.4685,2194.1866,3046.4685,42.7672536997668,-22.233469769118653,0.924,0.727,-88.27,0.07864,0.05765,-89.97,2194.1866,3046.4685,42.7672536997668,-22.233469769118653,0.59134111127,0.61810658968,0.59134111127,0.61810658968,0.794,0.761,-60.81,0.7938862,0.7610468,-60.81,22.7091,0.0,2.83,1.272,0.214,0.546,46.0
1622,1622,46_32,46_31,2422.778,58.17132,17.6625,0.0261,607.013,26.0,29.0,2500.0,3036.0,2500.1597,3035.5408,2500.1597,3035.5408,42.67435946976961,-22.22895316313594,1.255,1.226,-88.34,0.03839,0.03644,82.92,2500.1597,3035.5408,42.67435946976961,-22.22895316313594,0.71642559129,0.70871271296,0.71642559129,0.70871271296,0.846,0.842,7.17,0.8464925,0.8417771,7.17,22.6381,0.0,2.61,1.023,0.023,0.971,46.0
1625,1625,47_3,47_27,31344.61,119.0293,14.8829,0.0041,607.1894,80.0,89.0,2529.0,3025.0,2529.1103,3025.7247,2529.1103,3025.7247,42.6656154290357,-22.22605159644317,1.921,1.55,24.28,0.0098,0.00845,21.46,2529.1103,3025.7247,42.6656154290357,-22.22605159644317,1.1854340114,1.0273816036,1.1854340114,1.0273816036,1.109,0.992,25.02,1.108815,0.9916376,25.02,22.6416,0.0,3.89,1.24,0.193,0.866,47.0
1649,1649,47_27,47_28,2615.241,57.8475,17.5795,0.024,607.5213,27.0,28.0,2903.0,3054.0,2903.3974,3054.08,2903.3974,3054.08,42.55178428649322,-22.232155921154384,1.285,1.19,-9.76,0.03648,0.03273,-12.83,2903.3974,3054.08,42.55178428649322,-22.232155921154384,0.82058024795,0.7988766408,0.82058024795,0.7988766408,0.907,0.893,-14.78,0.9067542,0.8928907,-14.78,22.6045,0.0,2.91,1.08,0.074,0.961,47.0
1652,1652,48_3,48_29,605.1423,34.89649,19.1687,0.0626,609.2311,9.0,11.0,3070.0,3032.0,3070.1949,3031.7208,3070.1949,3031.7208,42.50124712487551,-22.22499347029442,0.986,0.726,-77.15,0.0771,0.05513,-75.67,3070.1949,3031.7208,42.50124712487551,-22.22499347029442,0.42692301456,0.65002977321,0.42692301456,0.65002977321,0.812,0.646,-78.46,0.8122399,0.6459249,-78.46,22.6445,24.0,3.22,1.358,0.264,0.647,48.0
