,Unnamed: 0,NUMBER,ID_PARENT,FLUX_ISO,FLUXERR_ISO,MAG_ISO,MAGERR_ISO,BACKGROUND,ISOAREA_IMAGE,ISOAREAF_IMAGE,XPEAK_IMAGE,YPEAK_IMAGE,X_IMAGE,Y_IMAGE,X_IMAGE_DBL,Y_IMAGE_DBL,X_WORLD,Y_WORLD,A_IMAGE,B_IMAGE,THETA_IMAGE,ERRA_IMAGE,ERRB_IMAGE,ERRTHETA_IMAGE,XWIN_IMAGE,YWIN_IMAGE,XWIN_WORLD,YWIN_WORLD,X2WIN_IMAGE,Y2WIN_IMAGE,X2WIN_WORLD,Y2WIN_WORLD,AWIN_IMAGE,BWIN_IMAGE,THETAWIN_IMAGE,AWIN_WORLD,BWIN_WORLD,THETAWIN_WORLD,MU_THRESHOLD,FLAGS,FWHM_IMAGE,ELONGATION,ELLIPTICITY,CLASS_STAR,SUBDIV_NUMBER
0,0,0_1,0_5,3510.146,48.89236,17.5423,0.0151,187.9483,34.0,37.0,18.0,18.0,17.621,17.9969,17.621,17.9969,142.60122677524274,27.9820528681739,1.387,1.186,67.82,0.02554,0.0211,64.43,17.621,17.9969,142.60122677524274,27.9820528681739,0.5152462569,0.59052946697,0.5152462569,0.59052946697,0.774,0.712,72.79,0.7736368,0.7122231,72.79,23.3215,0.0,2.4,1.17,0.145,0.999,0.0
1,1,0_2,0_4,5903.955,57.05149,16.9777,0.0105,187.3441,43.0,49.0,193.0,14.0,192.6086,13.8692,192.6086,13.8692,142.54546493904255,27.982732583038576,1.466,1.306,69.8,0.01901,0.01717,66.29,192.6086,13.8692,142.54546493904255,27.982732583038576,0.55963466214,0.62148848294,0.55963466214,0.62148848294,0.797,0.739,67.41,0.7965108,0.7393874,67.41,23.3468,0.0,2.56,1.123,0.109,0.999,0.0
2,2,0_3,0_2,1596.335,39.04951,18.3978,0.0266,187.3506,23.0,27.0,179.0,7.0,178.9503,7.1557,178.9503,7.1557,142.54979360458918,27.984658337073807,1.309,1.112,-82.71,0.04146,0.03313,-79.5,178.9503,7.1557,142.54979360458918,27.984658337073807,0.58169886166,0.63113462889,0.58169886166,0.63113462889,0.799,0.758,69.76,0.7993202,0.7575756,69.76,23.3472,16.0,2.67,1.177,0.15,0.924,0.0
3,3,0_4,0_1,909.6412,30.51472,19.0084,0.0364,187.7151,15.0,17.0,331.0,0.0,330.7286,0.6888000000000001,330.7286,0.6888000000000001,142.50142238366098,27.98603869681129,1.407,0.717,2.3,0.06725,0.03412,3.7,330.7286,0.6888000000000001,142.50142238366098,27.98603869681129,0.85381088493,0.31161497272,0.85381088493,0.31161497272,0.924,0.558,-0.04,0.924019,0.5582246,-0.04,23.3567,24.0,3.57,1.964,0.491,0.964,0.0
4,4,0_5,0_73,2419.293,45.28973,17.9464,0.0203,188.2249,30.0,34.0,42.0,470.0,42.1189,470.0361,42.1189,470.0361,142.5948562666144,27.854898616901483,1.335,1.19,61.61,0.03239,0.02801,54.61,42.1189,470.0361,142.5948562666144,27.854898616901483,0.53477972894,0.57845046458,0.53477972894,0.57845046458,0.766,0.725,67.73,0.7663212,0.7252462,67.73,23.363,0.0,2.49,1.122,0.109,0.908,0.0
6,6,0_7,0_71,712.4085,30.05495,19.2738,0.0458,187.5044,14.0,17.0,282.0,437.0,282.3545,436.9972,282.3545,436.9972,142.51830103099743,27.86351825136465,1.107,0.919,-75.7,0.05828,0.04574,-75.6,282.3545,436.9972,142.51830103099743,27.86351825136465,0.59353016667,0.64950562018,0.59353016667,0.64950562018,0.813,0.763,-67.99,0.8126768,0.7632772,-67.99,23.3465,0.0,2.34,1.204,0.17,0.94,0.0
7,7,0_8,0_70,519.804,27.10692,19.616,0.0566,187.4177,11.0,14.0,276.0,434.0,276.5028,433.7666,276.5028,433.7666,142.52015232238242,27.86444351959248,0.945,0.925,2.37,0.06095,0.05974,0.39,276.5028,433.7666,142.52015232238242,27.86444351959248,0.50021233871,0.50540450096,0.50021233871,0.50540450096,0.712,0.706,-61.56,0.7124317,0.7057322,-61.56,23.3391,0.0,2.48,1.021,0.021,0.85,0.0
8,8,0_9,0_69,611.0221,28.56383,19.4404,0.0508,187.1843,14.0,15.0,73.0,428.0,72.6793,428.2952,72.6793,428.2952,142.58499870153847,27.866552668941765,1.005,0.934,41.63,0.05955,0.05261,45.24,72.6793,428.2952,142.58499870153847,27.866552668941765,0.68538396323,0.66218447622,0.68538396323,0.66218447622,0.828,0.813,11.26,0.8284577,0.8131583,11.26,23.3146,0.0,2.48,1.076,0.07,0.7,0.0
9,9,0_10,0_68,993.0733,37.10799,18.9131,0.0406,187.4589,25.0,25.0,47.0,427.0,46.9261,427.015,46.9261,427.015,142.59319118911188,27.866982018840964,1.339,1.216,29.86,0.06004,0.05322,21.32,46.9261,427.015,142.59319118911188,27.866982018840964,1.2244905794,1.2785404482,1.2244905794,1.2785404482,1.142,1.095,60.58,1.141819,1.095117,60.58,23.3184,0.0,4.4,1.101,0.092,0.024,0.0
10,10,0_11,0_67,946.9819,31.89951,18.9647,0.0366,187.8996,16.0,19.0,340.0,420.0,340.1134,420.4096,340.1134,420.4096,142.49986621377124,27.86801331035081,1.078,1.001,-67.09,0.04686,0.04217,-58.9,340.1134,420.4096,142.49986621377124,27.86801331035081,0.51307525271,0.58981536732,0.51307525271,0.58981536732,0.768,0.716,87.43,0.7680953,0.7161844,87.43,23.3725,0.0,2.2,1.077,0.072,0.934,0.0
11,11,0_12,0_66,351.6564,23.49757,20.0403,0.0726,187.9156,8.0,10.0,20.0,405.0,20.0358,405.1744,20.0358,405.1744,142.60168158921954,27.87319468211191,0.89,0.737,-87.26,0.07492,0.05949,-89.68,20.0358,405.1744,142.60168158921954,27.87319468211191,0.40124223877,0.45618058178,0.40124223877,0.45618058178,0.678,0.631,-77.14,0.6776422,0.6310498,-77.14,23.3313,0.0,2.38,1.207,0.172,0.699,0.0
12,12,0_13,0_65,677549.1,353.6128,11.8282,0.0006,188.0785,317.0,342.0,361.0,387.0,360.9497,386.6743,360.9497,386.6743,142.4931213924979,27.877436723598358,2.114,1.79,77.63,0.00144,0.00129,72.67,360.9497,386.6743,142.4931213924979,27.877436723598358,1.1951398167,1.6517434282,1.1951398167,1.6517434282,1.294,1.083,77.66,1.294097,1.08268,77.66,23.3773,4.0,11.66,1.181,0.153,1.0,0.0
14,14,0_15,0_63,3031.303,45.17818,17.7015,0.0162,187.692,30.0,33.0,270.0,383.0,269.6711,383.192,269.6711,383.192,142.52215803351513,27.87868291250115,1.305,1.194,65.63,0.02464,0.02311,59.24,269.6711,383.192,142.52215803351513,27.87868291250115,0.5690348437,0.5956152072,0.5690348437,0.5956152072,0.78,0.746,60.71,0.7796248,0.7462139,60.71,23.3463,0.0,2.42,1.093,0.085,0.979,0.0
15,15,0_16,0_62,204.9466,18.84225,20.6265,0.0998,189.1634,6.0,7.0,382.0,380.0,381.6941,379.958,381.6941,379.958,142.48649705022427,27.879263352972263,0.724,0.661,87.03,0.08588,0.07935,89.23,381.6941,379.958,142.48649705022427,27.879263352972263,0.41886806267,0.46578572143,0.41886806267,0.46578572143,0.683,0.647,83.53,0.6829321,0.6467283,83.53,23.4493,0.0,2.23,1.096,0.087,0.626,0.0
17,17,0_18,0_60,2102.468,43.77372,18.0987,0.0226,189.3613,31.0,34.0,370.0,370.0,370.4303,370.2726,370.4303,370.2726,142.4900484947299,27.88202001139125,1.338,1.25,71.17,0.03453,0.03359,75.89,370.4303,370.2726,142.4900484947299,27.88202001139125,0.56877476862,0.61980020249,0.56877476862,0.61980020249,0.797,0.744,64.54,0.7967169,0.744189,64.54,23.4582,0.0,2.77,1.07,0.065,0.904,0.0
18,18,0_19,0_59,7584.688,61.0727,16.7057,0.0087,187.7637,45.0,50.0,0.0,357.0,0.9267,356.982,0.9267,356.982,142.6076139719897,27.886795254490693,1.78,1.015,89.46,0.0244,0.01335,-87.1,0.9267,356.982,142.6076139719897,27.886795254490693,0.27496721916,0.64467693851,0.27496721916,0.64467693851,0.806,0.52,83.37,0.8060634,0.5195248,83.37,23.3123,24.0,8.04,1.753,0.43,0.981,0.0
19,19,0_20,0_58,588.4626,27.4941,19.4813,0.0507,187.5061,11.0,14.0,319.0,357.0,319.4221,357.1997,319.4221,357.1997,142.5062374500965,27.88584611633721,0.943,0.917,14.48,0.05424,0.05307,9.07,319.4221,357.1997,142.5062374500965,27.88584611633721,0.56329557406,0.55182464773,0.56329557406,0.55182464773,0.751,0.743,6.47,0.7506298,0.7427483,6.47,23.327,0.0,2.28,1.028,0.027,0.911,0.0
20,20,0_21,0_57,94574.19,146.6219,13.9661,0.0017,187.8226,125.0,135.0,186.0,349.0,186.271,349.8996,186.271,349.8996,142.54859226835887,27.88828101678247,1.73,1.499,76.26,0.00375,0.00327,85.12,186.271,349.8996,142.54859226835887,27.88828101678247,0.56662761647,0.65803051632,0.56662761647,0.65803051632,0.815,0.748,75.65,0.8151251,0.7484846,75.65,23.3704,0.0,2.76,1.154,0.134,0.985,0.0
21,21,0_22,0_56,263.7354,22.71468,20.3527,0.0935,188.082,10.0,10.0,311.0,346.0,311.0283,345.5576,311.0283,345.5576,142.50886966955477,27.88914390808615,1.044,0.659,63.67,0.10695,0.06553,63.45,311.0283,345.5576,142.50886966955477,27.88914390808615,0.78998824236,0.9920783162,0.78998824236,0.9920783162,1.022,0.858,65.45,1.022434,0.8583102,65.45,23.3628,0.0,3.74,1.585,0.369,0.002,0.0
22,22,0_23,0_55,942.8011,39.19268,18.9695,0.0451,187.743,27.0,30.0,156.0,339.0,155.7346,338.5127,155.7346,338.5127,142.5582751083194,27.891567992888252,1.498,1.325,68.62,0.07166,0.06432,67.31,155.7346,338.5127,142.5582751083194,27.891567992888252,1.6257150266,1.8815926217,1.6257150266,1.8815926217,1.381,1.265,73.28,1.380929,1.265047,73.28,23.3693,0.0,5.83,1.131,0.116,0.0,0.0
23,23,0_24,0_54,311.8103,23.60715,20.1708,0.0822,188.4236,8.0,11.0,151.0,319.0,150.5534,319.1519,150.5534,319.1519,142.55986157870018,27.89702578945109,1.02,0.726,41.42,0.09433,0.063,41.08,150.5534,319.1519,142.55986157870018,27.89702578945109,0.6977647268,0.75418638106,0.6977647268,0.75418638106,0.878,0.826,64.89,0.87753,0.8257677,64.89,23.4138,0.0,2.6,1.406,0.289,0.62,0.0
24,24,0_25,0_53,36571.8,102.7846,14.9977,0.0031,187.829,89.0,99.0,379.0,312.0,379.2248,312.9109,379.2248,312.9109,142.48705347561736,27.89812114511713,1.654,1.457,76.02,0.00659,0.00597,81.42,379.2248,312.9109,142.48705347561736,27.89812114511713,0.55202880563,0.63430516132,0.55202880563,0.63430516132,0.8,0.739,75.52,0.8001149,0.7390197,75.52,23.3506,0.0,2.73,1.135,0.119,0.983,0.0
26,26,0_27,0_51,204.5527,18.95006,20.6286,0.1006,187.2977,6.0,7.0,445.0,309.0,445.0251,308.6831,445.0251,308.6831,142.46609617384573,27.899111683696027,0.716,0.679,-9.99,0.08845,0.08207,-0.99,445.0251,308.6831,142.46609617384573,27.899111683696027,0.43461075099,0.58383104603,0.43461075099,0.58383104603,0.765,0.658,-83.69,0.7652981,0.6578455,-83.69,23.3291,0.0,2.56,1.054,0.051,0.589,0.0
27,27,0_28,0_50,214961.1,207.9264,13.0747,0.0011,187.9975,170.0,182.0,275.0,297.0,275.4883,297.1507,275.4883,297.1507,142.52001931674374,27.90285690437404,1.78,1.542,73.74,0.00233,0.00205,71.76,275.4883,297.1507,142.52001931674374,27.90285690437404,0.6002182861,0.68510422446,0.6002182861,0.68510422446,0.833,0.77,73.63,0.8325377,0.7695476,73.63,23.3655,0.0,2.92,1.155,0.134,0.985,0.0
29,29,0_30,0_48,364.896,22.95883,20.0002,0.0683,187.763,9.0,10.0,488.0,301.0,488.2948,301.2595,488.2948,301.2595,142.4522987222716,27.9010665493469,0.904,0.735,-50.43,0.07457,0.05892,-45.49,488.2948,301.2595,142.4522987222716,27.9010665493469,0.45605952955,0.5407277226,0.45605952955,0.5407277226,0.74,0.67,-74.9,0.7398499,0.67038,-74.9,23.3591,0.0,2.2,1.229,0.186,0.475,0.0
30,30,0_31,0_47,719.4344,33.28282,19.2631,0.0502,187.9857,20.0,20.0,0.0,297.0,0.8987,296.8325,0.8987,296.8325,142.60743495978372,27.90370680833781,1.597,0.891,-86.05,0.09687,0.05341,-85.09,0.8987,296.8325,142.60743495978372,27.90370680833781,1.060980486,1.8543757511,1.060980486,1.8543757511,1.362,1.03,89.2,1.361812,1.029963,89.2,23.3181,24.0,4.52,1.792,0.442,0.626,0.0
31,31,0_32,0_46,192.1035,19.34857,20.6967,0.1094,188.2037,6.0,7.0,22.0,296.0,21.9741,295.7386,21.9741,295.7386,142.600721276202,27.903958482383324,0.724,0.685,5.42,0.09087,0.08427,-0.16,21.9741,295.7386,142.600721276202,27.903958482383324,0.6483792192,0.73680481409,0.6483792192,0.73680481409,0.859,0.805,85.26,0.8587293,0.8048403,85.26,23.3414,0.0,3.36,1.056,0.053,0.03,0.0
33,33,0_34,0_44,348.5596,19.6341,20.0499,0.0612,187.676,6.0,7.0,511.0,282.0,510.5995,282.2106,510.5995,282.2106,142.4451325499579,27.90635322028783,0.893,0.486,85.23,0.08161,0.03808,82.08,510.5995,282.2106,142.4451325499579,27.90635322028783,0.15905921167,0.27175235993,0.15905921167,0.27175235993,0.527,0.391,-77.18,0.5271664,0.3910334,-77.18,23.3461,24.0,2.2,1.836,0.455,0.794,0.0
35,35,0_36,0_42,209.4213,19.01361,20.603,0.0986,188.2415,7.0,7.0,264.0,271.0,264.1543,270.689,264.1543,270.689,142.52353874929906,27.91032925080633,0.849,0.596,30.13,0.10041,0.06943,30.46,264.1543,270.689,142.52353874929906,27.91032925080633,0.87925889576,0.77898455719,0.87925889576,0.77898455719,0.973,0.843,32.47,0.9734054,0.8430454,32.47,23.3852,0.0,2.46,1.424,0.298,0.557,0.0
36,36,0_37,0_41,2305.998,53.3468,17.9984,0.0251,187.9736,45.0,51.0,18.0,267.0,17.6018,267.0271,17.6018,267.0271,142.60202306789276,27.91204238870076,1.729,1.607,17.04,0.04931,0.04359,14.39,17.6018,267.0271,142.60202306789276,27.91204238870076,1.8468626897,1.8764766106,1.8468626897,1.8764766106,1.381,1.348,54.73,1.380616,1.34805,54.73,23.3306,0.0,3.68,1.076,0.071,0.019,0.0
37,37,0_38,0_40,22316.58,86.08415,15.534,0.0042,187.6443,72.0,81.0,488.0,262.0,488.1158,262.391,488.1158,262.391,142.45221901032312,27.9119946269575,1.63,1.401,73.3,0.00897,0.00764,68.91,488.1158,262.391,142.45221901032312,27.9119946269575,0.56084995358,0.64606187157,0.56084995358,0.64606187157,0.808,0.744,74.59,0.8081251,0.744208,74.59,23.3432,0.0,2.57,1.164,0.141,0.982,0.0
38,38,0_39,0_39,279.3587,19.34251,20.2902,0.0752,187.844,7.0,7.0,452.0,263.0,451.6479,262.9566,451.6479,262.9566,142.46382886225538,27.911947199306034,0.739,0.648,89.4,0.06789,0.06271,88.13,451.6479,262.9566,142.46382886225538,27.911947199306034,0.41597754788,0.51831597301,0.41597754788,0.51831597301,0.721,0.644,-83.19,0.7209694,0.6438141,-83.19,23.3556,0.0,2.5,1.141,0.123,0.675,0.0
39,39,0_40,0_38,810.1311,33.70433,19.1342,0.0452,187.7667,19.0,21.0,44.0,261.0,44.104,261.6973,44.104,261.6973,142.5935676257528,27.913470076736484,1.231,1.079,70.14,0.06265,0.05265,78.43,44.104,261.6973,142.5935676257528,27.913470076736484,0.98563763531,1.0319465411,0.98563763531,1.0319465411,1.041,0.966,54.0,1.041014,0.9663716,54.0,23.3313,0.0,3.37,1.14,0.123,0.081,0.0
40,40,0_41,0_37,303.0909,21.63033,20.2016,0.0775,187.8012,9.0,9.0,110.0,260.0,110.0054,259.8957,110.0054,259.8957,142.57257888179817,27.913797709187534,0.78,0.771,29.4,0.07034,0.06985,89.98,110.0054,259.8957,142.57257888179817,27.913797709187534,0.63639042084,0.60790765321,0.63639042084,0.60790765321,0.803,0.774,26.31,0.8034946,0.7737535,26.31,23.3641,0.0,2.56,1.012,0.011,0.613,0.0
41,41,0_42,0_36,216.3037,19.03388,20.5679,0.0956,187.5491,7.0,7.0,261.0,259.0,261.2936,258.9983,261.2936,258.9983,142.52441036701194,27.91362426517175,0.729,0.664,86.15,0.08716,0.08061,89.69,261.2936,258.9983,142.52441036701194,27.91362426517175,0.41230166119,0.45701642312,0.41230166119,0.45701642312,0.685,0.632,65.04,0.6851165,0.632403,65.04,23.3423,0.0,2.6,1.099,0.09,0.617,0.0
42,42,0_43,0_35,472.5241,25.32495,19.7195,0.0582,187.3244,11.0,12.0,71.0,246.0,71.4382,246.4694,71.4382,246.4694,142.58481565970746,27.91767764891523,0.897,0.869,80.25,0.06095,0.06077,56.19,71.4382,246.4694,142.58481565970746,27.91767764891523,0.52052770864,0.57378838278,0.52052770864,0.57378838278,0.76,0.718,74.66,0.7603446,0.7184652,74.66,23.321,0.0,2.59,1.032,0.031,0.346,0.0
44,44,0_45,0_33,350.9329,24.94235,20.0425,0.0772,187.968,11.0,12.0,59.0,237.0,59.4634,237.4673,59.4634,237.4673,142.58859993392545,27.920240925924585,0.904,0.89,27.61,0.07888,0.0787,35.09,59.4634,237.4673,142.58859993392545,27.920240925924585,0.70641657929,0.69458095807,0.70641657929,0.69458095807,0.855,0.818,39.43,0.8550667,0.8184488,39.43,23.3579,0.0,3.03,1.016,0.015,0.023,0.0
45,45,0_46,0_32,5139.074,54.68908,17.1284,0.0116,187.6501,40.0,46.0,58.0,226.0,58.2951,226.7555,58.2951,226.7555,142.58893781529392,27.923255636927717,1.435,1.299,74.92,0.02021,0.01876,73.25,58.2951,226.7555,142.58893781529392,27.923255636927717,0.53421386923,0.59149818097,0.53421386923,0.59149818097,0.775,0.724,69.28,0.7752808,0.7243285,69.28,23.3398,0.0,2.41,1.105,0.095,0.964,0.0
46,46,0_47,0_31,1442.737,38.47783,18.5076,0.029,187.5112,23.0,27.0,198.0,225.0,198.1092,225.4542,198.1092,225.4542,142.54441510310238,27.923235245420976,1.222,1.135,86.26,0.04183,0.03822,82.42,198.1092,225.4542,142.54441510310238,27.923235245420976,0.55344491377,0.60137570186,0.55344491377,0.60137570186,0.776,0.744,86.97,0.775571,0.7438482,86.97,23.3514,0.0,2.18,1.077,0.072,0.895,0.0
47,47,0_48,0_30,213.0842,20.36512,20.5842,0.1038,188.0261,7.0,8.0,1.0,217.0,0.8736999999999999,217.813,0.8736999999999999,217.813,142.60719508717807,27.925923103257155,0.813,0.671,-48.1,0.10432,0.08276,-45.53,0.8736999999999999,217.813,142.60719508717807,27.925923103257155,0.4977569217,0.71994749422,0.4977569217,0.71994749422,0.85,0.703,-83.35,0.8502978,0.7033477,-83.35,23.3405,24.0,2.97,1.212,0.175,0.36,0.0
48,48,0_49,0_29,12357.97,86.22668,16.1757,0.0076,188.6483,110.0,116.0,478.0,210.0,477.5617,210.3294,477.5617,210.3294,142.45539535974945,27.926663359835278,2.317,1.892,33.65,0.02203,0.01759,29.15,477.5617,210.3294,142.45539535974945,27.926663359835278,1.6420327742,1.56757474,1.6420327742,1.56757474,1.325,1.206,37.85,1.324943,1.205875,37.85,23.415,0.0,3.79,1.225,0.183,0.029,0.0
49,49,0_50,0_28,39074.46,104.3265,14.9258,0.0029,187.8839,85.0,98.0,423.0,201.0,422.8473,201.3216,422.8473,201.3216,142.4727822633276,27.929362327056463,1.68,1.411,74.92,0.00638,0.00541,70.96,422.8473,201.3216,142.4727822633276,27.929362327056463,0.54403660167,0.63904779885,0.54403660167,0.63904779885,0.804,0.733,75.68,0.803534,0.7330876,75.68,23.3675,0.0,2.7,1.19,0.16,0.983,0.0
50,50,0_51,0_27,226.315,18.93052,20.5188,0.0908,187.7307,6.0,7.0,161.0,206.0,160.9162,206.3272,160.9162,206.3272,142.55619471426434,27.928717098096925,0.722,0.652,-4.94,0.08039,0.07398,-2.52,160.9162,206.3272,142.55619471426434,27.928717098096925,0.42939262518,0.44611636941,0.42939262518,0.44611636941,0.669,0.655,77.2,0.6686007,0.6545855,77.2,23.3693,0.0,1.9,1.107,0.096,0.534,0.0
51,51,0_52,0_26,386.683,26.59343,19.9372,0.0747,187.8512,12.0,14.0,168.0,201.0,168.012,200.5488,168.012,200.5488,142.5539163452894,27.93032178032329,1.059,0.914,46.36,0.08468,0.07435,42.04,168.012,200.5488,142.5539163452894,27.93032178032329,1.0593319401,1.1126694248,1.0593319401,1.1126694248,1.093,0.989,52.13,1.09284,0.988788,52.13,23.376,0.0,3.44,1.159,0.137,0.005,0.0
52,52,0_53,0_25,3617.052,49.03275,17.5097,0.0147,187.9925,33.0,39.0,98.0,192.0,98.1518,191.9157,98.1518,191.9157,142.57613412806884,27.932942236412305,1.372,1.239,66.62,0.02401,0.02192,50.18,98.1518,191.9157,142.57613412806884,27.932942236412305,0.53640356867,0.61411748716,0.53640356867,0.61411748716,0.787,0.728,75.1,0.787428,0.7283393,75.1,23.3838,0.0,2.36,1.107,0.097,0.911,0.0
53,53,0_54,0_24,1833.088,38.27454,18.2476,0.0227,188.0828,22.0,25.0,324.0,191.0,323.6364,191.5337,323.6364,191.5337,142.5043347894153,27.93240968360229,1.22,1.056,83.02,0.03293,0.02769,81.39,323.6364,191.5337,142.5043347894153,27.93240968360229,0.47676202697,0.52371668712,0.47676202697,0.52371668712,0.725,0.69,80.61,0.7245943,0.6895229,80.61,23.3841,0.0,2.24,1.155,0.134,0.968,0.0
54,54,0_55,0_23,878.8468,32.09045,19.0458,0.0397,187.2599,14.0,19.0,334.0,172.0,333.9522,172.3517,333.9522,172.3517,142.50098489358132,27.93777197535246,1.122,0.959,55.77,0.05319,0.0443,50.13,333.9522,172.3517,142.50098489358132,27.93777197535246,0.46244835719,0.5058693781,0.46244835719,0.5058693781,0.727,0.663,59.44,0.7274002,0.6627267,59.44,23.3334,0.0,2.24,1.17,0.145,0.967,0.0
56,56,0_57,0_21,182.7216,17.52312,20.7511,0.1041,187.4852,5.0,6.0,301.0,151.0,300.5252,151.0469,300.5252,151.0469,142.51155598325192,27.943859394358626,0.767,0.499,-89.88,0.10257,0.06305,89.86,300.5252,151.0469,142.51155598325192,27.943859394358626,0.46989543587,0.46111941633,0.46989543587,0.46111941633,0.686,0.679,-5.75,0.6855549,0.6789914,-5.75,23.3501,0.0,2.47,1.537,0.349,0.5,0.0
57,57,0_58,0_20,4882.988,54.17176,17.1839,0.012,187.7838,39.0,46.0,213.0,125.0,213.3055,125.0604,213.3055,125.0604,142.53924344065385,27.951416147269384,1.483,1.253,73.28,0.0228,0.01818,72.98,213.3055,125.0604,142.53924344065385,27.951416147269384,0.54497899763,0.62480673218,0.54497899763,0.62480673218,0.793,0.736,77.97,0.7928448,0.7356513,77.97,23.3682,0.0,2.57,1.184,0.155,0.912,0.0
58,58,0_59,0_19,312.3895,22.71574,20.1688,0.079,188.1045,9.0,10.0,232.0,122.0,231.534,122.5027,231.534,122.5027,142.5334297398533,27.95208321543606,0.966,0.707,-16.0,0.08969,0.06618,-18.21,231.534,122.5027,142.5334297398533,27.95208321543606,0.57729978046,0.45653974223,0.57729978046,0.45653974223,0.767,0.668,-15.95,0.7668371,0.6676828,-15.95,23.3901,0.0,2.47,1.366,0.268,0.743,0.0
60,60,0_61,0_17,438.4162,26.7997,19.8009,0.0664,188.7967,12.0,14.0,311.0,98.0,311.4404,98.3702,311.4404,98.3702,142.5079008425804,27.958636094584907,1.1,0.836,50.66,0.07978,0.05904,45.94,311.4404,98.3702,142.5079008425804,27.958636094584907,0.77484571494,0.92985592179,0.77484571494,0.92985592179,0.983,0.859,66.31,0.9832748,0.8589949,66.31,23.4422,0.0,3.34,1.317,0.24,0.032,0.0
61,61,0_62,0_16,337.6731,22.91038,20.0843,0.0737,187.1275,10.0,10.0,168.0,91.0,167.6953,91.2049,167.6953,91.2049,142.55365744387737,27.96106245602977,0.928,0.742,48.56,0.08306,0.06553,45.88,167.6953,91.2049,142.55365744387737,27.96106245602977,0.66145252414,0.75809957238,0.66145252414,0.75809957238,0.881,0.802,68.21,0.8811806,0.8019182,68.21,23.3282,0.0,3.49,1.249,0.2,0.415,0.0
62,62,0_63,0_15,633.4708,28.27103,19.4013,0.0485,186.2497,11.0,15.0,259.0,75.0,259.3635,75.0726,259.3635,75.0726,142.52440718814708,27.965336866441834,1.053,0.851,78.86,0.06336,0.04833,80.42,259.3635,75.0726,142.52440718814708,27.965336866441834,0.406551016,0.47779148614,0.406551016,0.47779148614,0.693,0.636,79.42,0.6930862,0.6355895,79.42,23.2803,0.0,2.48,1.238,0.192,0.938,0.0
63,63,0_64,0_14,2728.854,46.70173,17.8156,0.0186,187.6616,31.0,37.0,174.0,72.0,174.5201,72.4419,174.5201,72.4419,142.5514216163925,27.96631796270724,1.422,1.205,81.76,0.03195,0.02597,86.41,174.5201,72.4419,142.5514216163925,27.96631796270724,0.55990605146,0.58745553193,0.55990605146,0.58745553193,0.775,0.739,60.17,0.7752108,0.7391953,60.17,23.3626,0.0,2.34,1.18,0.152,0.921,0.0
64,64,0_65,0_13,446.5454,27.23937,19.7809,0.0662,187.6007,12.0,14.0,78.0,67.0,78.5245,67.4981,78.5245,67.4981,142.58198342190008,27.96797320506862,1.085,0.837,48.71,0.08051,0.05991,45.22,78.5245,67.4981,142.58198342190008,27.96797320506862,0.78088644126,0.92030299032,0.78088644126,0.92030299032,0.977,0.864,65.93,0.977267,0.8637932,65.93,23.3466,0.0,2.91,1.297,0.229,0.31,0.0
65,65,0_66,0_12,689.7668,30.50231,19.3088,0.048,187.938,14.0,18.0,461.0,63.0,461.0992,63.2019,461.0992,63.2019,142.46011798306526,27.96807428707402,1.11,0.991,-20.72,0.05968,0.05263,-25.27,461.0992,63.2019,142.46011798306526,27.96807428707402,0.72198535297,0.6598683118,0.72198535297,0.6598683118,0.851,0.811,-11.17,0.8511787,0.8107703,-11.17,23.3891,0.0,2.97,1.121,0.108,0.229,0.0
66,66,0_67,0_11,290.1635,20.73653,20.249,0.0776,187.5699,8.0,8.0,110.0,57.0,109.9211,57.1461,109.9211,57.1461,142.5719483534836,27.97079746417289,0.804,0.658,43.01,0.07749,0.06137,44.71,109.9211,57.1461,142.5719483534836,27.97079746417289,0.39411426445,0.38517817418,0.39411426445,0.38517817418,0.646,0.601,40.44,0.6463968,0.6012185,40.44,23.3464,0.0,1.83,1.223,0.182,0.477,0.0
67,67,0_68,0_10,589.4682,28.87808,19.4794,0.0532,187.2732,13.0,16.0,305.0,55.0,304.7311,54.9534,304.7311,54.9534,142.50988937589415,27.970860868596542,1.09,0.904,61.39,0.06865,0.05416,63.79,304.7311,54.9534,142.50988937589415,27.970860868596542,0.62415932779,0.64969140771,0.62415932779,0.64969140771,0.83,0.765,52.09,0.8301017,0.7647103,52.09,23.3436,0.0,2.8,1.207,0.171,0.8,0.0
68,68,0_69,0_9,240.0334,21.73069,20.4549,0.0983,187.58,9.0,9.0,96.0,55.0,96.022,55.0042,96.022,55.0042,142.5763689757923,27.971437728742664,0.82,0.774,-46.62,0.08564,0.08531,-44.27,96.022,55.0042,142.5763689757923,27.971437728742664,1.3633788671,1.3601941686,1.3633788671,1.3601941686,1.251,1.076,-44.78,1.251448,1.075849,-44.78,23.3435,0.0,4.73,1.06,0.056,0.002,0.0
69,69,0_70,0_8,648.8171,33.47057,19.3753,0.056,187.7943,18.0,21.0,2.0,48.0,2.0303,47.895,2.0303,47.895,142.60628941280103,27.97368941294611,1.191,1.12,86.87,0.07002,0.0695,-84.94,2.0303,47.895,142.60628941280103,27.97368941294611,1.0758532772,1.376445004,1.0758532772,1.376445004,1.174,1.037,87.06,1.173559,1.036849,87.06,23.3316,24.0,3.58,1.063,0.059,0.039,0.0
71,71,0_72,0_6,218.073,18.22297,20.5591,0.0908,187.4917,4.0,6.0,78.0,24.0,77.6249,23.7562,77.6249,23.7562,142.58212819751057,27.98027225541072,0.696,0.635,-28.0,0.08394,0.07409,-26.54,77.6249,23.7562,142.58212819751057,27.98027225541072,0.3655310684,0.38957944697,0.3655310684,0.38957944697,0.624,0.604,-83.32,0.6244308,0.604315,-83.32,23.315,0.0,2.44,1.096,0.087,0.504,0.0
72,72,0_73,0_76,174.8877,17.39495,20.7987,0.108,187.9746,4.0,6.0,464.0,505.0,464.221,504.7947,464.221,504.7947,142.46066917455383,27.843914870143117,0.729,0.562,-45.76,0.09796,0.07233,-44.9,464.221,504.7947,142.46066917455383,27.843914870143117,0.61874165611,0.62155483996,0.61874165611,0.62155483996,0.816,0.758,45.89,0.815717,0.7582231,45.89,23.3614,0.0,1.63,1.298,0.23,0.53,0.0
74,74,0_75,0_3,255.5781,21.45314,20.3868,0.0912,187.8731,9.0,9.0,391.0,13.0,391.3319,13.1325,391.3319,13.1325,142.48216194448366,27.982360440475347,0.922,0.681,-21.15,0.09443,0.06809,-20.38,391.3319,13.1325,142.48216194448366,27.982360440475347,1.2074465754,1.139319147,1.2074465754,1.139319147,1.118,1.047,-31.85,1.118154,1.047137,-31.85,23.3518,0.0,3.01,1.354,0.262,0.141,0.0
75,75,0_76,0_74,6279.243,54.84447,16.9108,0.0095,187.6721,34.0,39.0,3.0,474.0,2.6468,474.767,2.6468,474.767,142.60743296096072,27.85367334124605,1.387,1.08,-88.08,0.01658,0.01213,-86.32,2.6468,474.767,142.60743296096072,27.85367334124605,0.39841347211,0.51680118948,0.39841347211,0.51680118948,0.72,0.63,83.71,0.7198994,0.6300473,83.71,23.3023,24.0,2.42,1.284,0.221,0.983,0.0
76,76,1_1,1_1,1851.981,40.34149,18.2365,0.0237,187.0469,23.0,28.0,548.0,21.0,547.7435,21.3929,547.7435,21.3929,142.43237496320327,27.97955890445309,1.27,1.097,80.62,0.03518,0.02934,88.33,547.7435,21.3929,142.43237496320327,27.97955890445309,0.50807033882,0.55294197447,0.50807033882,0.55294197447,0.754,0.702,63.46,0.7535605,0.7022527,63.46,23.3137,0.0,2.15,1.158,0.136,0.976,1.0
77,77,1_2,1_72,890.7722,28.03386,19.0312,0.0342,187.2146,13.0,14.0,601.0,510.0,600.7985,510.1752,600.7985,510.1752,142.41724268418216,27.841977826971167,1.087,0.736,5.1,0.04886,0.029,6.76,600.7985,510.1752,142.41724268418216,27.841977826971167,0.43592270386,0.35263053405,0.43592270386,0.35263053405,0.663,0.59,12.24,0.6633548,0.5903505,12.24,23.3598,24.0,2.17,1.476,0.323,0.971,1.0
78,78,1_3,1_71,479.5544,25.62919,19.7035,0.058,187.7676,10.0,13.0,689.0,480.0,689.2507,480.2232,689.2507,480.2232,142.38899833482344,27.85011658364317,0.957,0.835,49.13,0.06526,0.0548,45.87,689.2507,480.2232,142.38899833482344,27.85011658364317,0.44631104507,0.47780298522,0.44631104507,0.47780298522,0.694,0.666,72.78,0.6936494,0.6655558,72.78,23.4064,0.0,2.06,1.146,0.127,0.737,1.0
79,79,1_4,1_70,168.4162,18.69474,20.8396,0.1205,188.3356,7.0,7.0,586.0,453.0,586.0253,452.978,586.0253,452.978,142.42173787767123,27.858106301295937,0.891,0.531,44.63,0.12531,0.07262,44.97,586.0253,452.978,142.42173787767123,27.858106301295937,0.66590049052,0.68203249511,0.66590049052,0.68203249511,0.905,0.727,46.59,0.9054307,0.7267244,46.59,23.427,0.0,4.01,1.68,0.405,0.004,1.0
80,80,1_5,1_69,290.0182,23.51951,20.2495,0.0881,187.5362,10.0,11.0,546.0,446.0,545.5299,446.6628,545.5299,446.6628,142.43459868676882,27.8600088101789,0.961,0.836,-27.28,0.093,0.0807,-19.13,545.5299,446.6628,142.43459868676882,27.8600088101789,1.203535741,1.1824921804,1.203535741,1.1824921804,1.112,1.072,-37.97,1.111903,1.07224,-37.97,23.3706,0.0,5.33,1.15,0.13,0.003,1.0
81,81,1_6,1_68,999.5634,32.25223,18.906,0.035,188.0437,16.0,20.0,684.0,441.0,683.7313,441.2316,683.7313,441.2316,142.39061190550328,27.86109731390201,1.078,1.022,50.63,0.04386,0.0421,45.75,683.7313,441.2316,142.39061190550328,27.86109731390201,0.48150851607,0.48844093791,0.48150851607,0.48844093791,0.718,0.674,48.18,0.7184886,0.67359,48.18,23.4299,0.0,2.02,1.054,0.052,0.969,1.0
82,82,1_7,1_67,1105.615,33.1967,18.7966,0.0326,188.0181,18.0,21.0,669.0,433.0,669.1542,432.8864,669.1542,432.8864,142.3952190104594,27.863490602236546,1.206,0.985,58.78,0.04433,0.03695,55.31,669.1542,432.8864,142.3952190104594,27.863490602236546,0.51298125094,0.62393781354,0.51298125094,0.62393781354,0.802,0.703,68.88,0.8021214,0.7025101,68.88,23.4277,0.0,2.54,1.224,0.183,0.889,1.0
83,83,1_8,1_66,622.3245,27.54854,19.4205,0.0481,188.2634,11.0,15.0,697.0,419.0,696.8614,419.3857,696.8614,419.3857,142.38635486162087,27.86719698328608,0.985,0.927,26.29,0.05563,0.04966,15.74,696.8614,419.3857,142.38635486162087,27.86719698328608,0.4681071492,0.45651930611,0.4681071492,0.45651930611,0.691,0.669,33.47,0.6907315,0.6689668,33.47,23.443,0.0,2.2,1.062,0.058,0.922,1.0
84,84,1_9,1_64,3302.341,47.18556,17.6085,0.0155,187.5748,34.0,37.0,956.0,407.0,956.0445,407.3229,956.0445,407.3229,142.3038531263184,27.869723389694613,1.364,1.217,69.09,0.02541,0.02306,65.88,956.0445,407.3229,142.3038531263184,27.869723389694613,0.53518667901,0.6102644674,0.53518667901,0.6102644674,0.786,0.727,73.77,0.7856334,0.7267953,73.77,23.3514,0.0,2.3,1.121,0.108,0.932,1.0
85,85,1_10,1_63,248.839,18.69871,20.4158,0.0816,187.0796,6.0,7.0,795.0,409.0,794.6979,409.0384,794.6979,409.0384,142.35519025651934,27.86978561000065,0.723,0.666,-78.45,0.07679,0.07103,-88.67,794.6979,409.0384,142.35519025651934,27.86978561000065,0.4742263838,0.42380425581,0.4742263838,0.42380425581,0.709,0.628,-31.18,0.7094895,0.628216,-31.18,23.3485,0.0,3.07,1.086,0.079,0.422,1.0
86,86,1_11,1_62,5333.145,56.3363,17.0881,0.0115,187.5289,39.0,52.0,814.0,402.0,813.6935,402.2879,813.6935,402.2879,142.34912157397497,27.871620428402395,1.45,1.291,73.51,0.02076,0.01835,71.55,813.6935,402.2879,142.34912157397497,27.871620428402395,0.54406206535,0.60199078955,0.54406206535,0.60199078955,0.783,0.73,68.06,0.7830776,0.7299605,68.06,23.3738,0.0,2.43,1.124,0.11,0.96,1.0
87,87,1_12,1_61,26323.74,90.15522,15.3547,0.0037,187.3702,78.0,85.0,900.0,399.0,900.4205999999999,398.9672,900.4205999999999,398.9672,142.3215171068995,27.87226251228278,1.611,1.426,72.29,0.00768,0.00697,64.99,900.4205999999999,398.9672,142.3215171068995,27.87226251228278,0.56629776842,0.6373166429,0.56629776842,0.6373166429,0.804,0.747,72.04,0.8035267,0.7469667,72.04,23.3423,0.0,2.73,1.13,0.115,0.983,1.0
88,88,1_13,1_60,401.7635,23.47998,19.8956,0.0635,187.7605,9.0,11.0,676.0,392.0,675.9225,392.5707,675.9225,392.5707,142.39291878019657,27.87480376073393,0.971,0.731,73.03,0.07614,0.054,74.96,675.9225,392.5707,142.39291878019657,27.87480376073393,0.46643177672,0.5090130289,0.46643177672,0.5090130289,0.736,0.659,56.67,0.7358329,0.6587828,56.67,23.3989,0.0,2.7,1.328,0.247,0.638,1.0
89,89,1_14,1_59,290.1891,20.37332,20.2489,0.0762,187.2416,8.0,8.0,543.0,393.0,542.8143,393.1079,542.8143,393.1079,142.4352730645321,27.87507467623783,0.803,0.663,48.51,0.07596,0.06022,44.92,542.8143,393.1079,142.4352730645321,27.87507467623783,0.44394335883,0.49258819353,0.44394335883,0.49258819353,0.707,0.661,70.39,0.7068654,0.6609637,70.39,23.3469,0.0,2.09,1.211,0.174,0.609,1.0
90,90,1_15,1_58,659.3398,27.34695,19.3578,0.045,188.2253,14.0,14.0,936.0,387.0,935.7187,387.4689,935.7187,387.4689,142.31024301547632,27.875374949075656,0.949,0.899,74.84,0.04802,0.04686,86.78,935.7187,387.4689,142.31024301547632,27.875374949075656,0.40448215812,0.41695193453,0.40448215812,0.41695193453,0.662,0.619,51.67,0.661632,0.6194168,51.67,23.3917,0.0,2.31,1.055,0.052,0.918,1.0
91,91,1_16,1_57,224.7636,18.89565,20.5263,0.0913,188.1867,7.0,7.0,947.0,387.0,947.3147,386.9318,947.3147,386.9318,142.30655168081037,27.87548623708763,0.727,0.656,-86.71,0.08014,0.07383,-88.49,947.3147,386.9318,142.30655168081037,27.87548623708763,0.49647382824,0.52100085318,0.49647382824,0.52100085318,0.732,0.694,58.27,0.7322448,0.6937522,58.27,23.3888,0.0,2.21,1.108,0.097,0.665,1.0
92,92,1_17,1_56,163.9913,17.16571,20.8685,0.1137,188.1226,6.0,6.0,810.0,381.0,809.8002,380.7614,809.8002,380.7614,142.35027944498356,27.87768553477675,0.749,0.561,45.42,0.10184,0.07504,45.41,809.8002,380.7614,142.35027944498356,27.87768553477675,0.60153907919,0.70901474625,0.60153907919,0.70901474625,0.847,0.77,74.61,0.8472492,0.7698848,74.61,23.4083,0.0,2.95,1.335,0.251,0.489,1.0
93,93,1_18,1_55,20816.07,83.00778,15.6096,0.0043,188.1364,70.0,79.0,672.0,370.0,671.8869,370.4773,671.8869,370.4773,142.39412223956114,27.88102833224733,1.63,1.393,73.22,0.00942,0.00772,74.84,671.8869,370.4773,142.39412223956114,27.88102833224733,0.56417927453,0.6420730807,0.56417927453,0.6420730807,0.806,0.746,73.2,0.8061524,0.7459025,73.2,23.4129,0.0,2.67,1.17,0.146,0.982,1.0
94,94,1_19,1_54,18122.48,80.02293,15.76,0.0048,187.9509,69.0,76.0,944.0,369.0,943.699,369.6849,943.699,369.6849,142.30763547148533,27.88034749323223,1.604,1.396,77.06,0.01014,0.00862,84.09,943.699,369.6849,142.30763547148533,27.88034749323223,0.55423193491,0.60855286549,0.55423193491,0.60855286549,0.784,0.74,72.34,0.7840166,0.7403396,72.34,23.3726,0.0,2.55,1.149,0.13,0.985,1.0
95,95,1_20,1_53,828.6016,31.41131,19.1097,0.0412,188.4101,15.0,19.0,692.0,366.0,692.0435,366.038,692.0435,366.038,142.38769239252142,27.882211371096982,1.093,0.969,48.62,0.05231,0.04567,45.3,692.0435,366.038,142.38769239252142,27.882211371096982,0.47334852703,0.49344319482,0.47334852703,0.49344319482,0.716,0.674,55.29,0.7155296,0.6743954,55.29,23.4269,0.0,1.97,1.128,0.113,0.879,1.0
96,96,1_21,1_52,167.5146,17.32639,20.8454,0.1123,186.7848,4.0,6.0,587.0,353.0,586.8273,353.1862,586.8273,353.1862,142.42112580578657,27.88616075598496,0.735,0.565,-44.85,0.10468,0.0775,-45.02,586.8273,353.1862,142.42112580578657,27.88616075598496,0.39669985812,0.48151765973,0.39669985812,0.48151765973,0.694,0.63,86.18,0.6941882,0.6295397,86.18,23.3151,0.0,1.77,1.302,0.232,0.407,1.0
97,97,1_22,1_51,3873.32,49.46226,17.4354,0.0139,187.8531,34.0,40.0,890.0,338.0,889.845,338.8132,889.845,338.8132,142.3246520273464,27.889210296161146,1.345,1.247,85.84,0.02253,0.02145,-74.21,889.845,338.8132,142.3246520273464,27.889210296161146,0.52219610445,0.56796158583,0.52219610445,0.56796158583,0.757,0.719,73.01,0.7567531,0.7193625,73.01,23.3708,0.0,2.32,1.079,0.073,0.975,1.0
98,98,1_23,1_50,1157.944,35.17516,18.7464,0.033,187.0359,19.0,23.0,982.0,325.0,982.0027,324.8337,982.0027,324.8337,142.2952741474625,27.89282508704922,1.21,1.03,56.25,0.04764,0.0395,47.0,982.0027,324.8337,142.2952741474625,27.89282508704922,0.51257062319,0.61093958099,0.51257062319,0.61093958099,0.791,0.706,70.19,0.7909509,0.7056252,70.19,23.3102,0.0,2.44,1.175,0.149,0.957,1.0
99,99,1_24,1_49,296.068,21.39872,20.2271,0.0785,187.8396,7.0,9.0,559.0,312.0,559.6266,312.1896,559.6266,312.1896,142.42963535736632,27.89777226771223,0.869,0.677,20.87,0.08864,0.0646,20.22,559.6266,312.1896,142.42963535736632,27.89777226771223,0.44895709208,0.41198238291,0.44895709208,0.41198238291,0.68,0.631,27.52,0.6802465,0.6310343,27.52,23.3815,0.0,3.13,1.282,0.22,0.461,1.0
100,100,1_25,1_48,1301.63,34.92502,18.6194,0.0291,187.4905,20.0,22.0,537.0,303.0,536.6514,302.8992,536.6514,302.8992,142.43691427291114,27.90045594767012,1.153,1.044,72.76,0.03878,0.03539,67.92,536.6514,302.8992,142.43691427291114,27.90045594767012,0.49943311976,0.55896935377,0.49943311976,0.55896935377,0.752,0.702,73.07,0.7516987,0.7023899,73.07,23.358,0.0,2.32,1.105,0.095,0.997,1.0
101,101,1_26,1_47,1365.681,35.86568,18.5672,0.0285,187.1125,20.0,23.0,807.0,300.0,807.3014000000001,300.6637,807.3014000000001,300.6637,142.35077354267688,27.90021266201201,1.188,1.038,73.39,0.04027,0.03409,77.9,807.3014000000001,300.6637,142.35077354267688,27.90021266201201,0.49619366829,0.5207365354,0.49619366829,0.5207365354,0.734,0.691,56.71,0.7343987,0.691078,56.71,23.3147,0.0,2.19,1.145,0.126,0.973,1.0
102,102,1_27,1_46,110736.2,155.3958,13.7948,0.0015,188.5046,131.0,139.0,706.0,294.0,705.6623,294.4131,705.6623,294.4131,142.38309550354154,27.90230405317912,1.766,1.551,70.55,0.00336,0.00311,53.95,705.6623,294.4131,142.38309550354154,27.90230405317912,0.57014313354,0.643784029,0.57014313354,0.643784029,0.806,0.751,74.29,0.8062957,0.7508758,74.29,23.4178,3.0,2.26,1.139,0.122,0.987,1.0
103,103,1_28,1_46,275483.1,228.9139,12.8053,0.0009,188.3815,168.0,176.0,704.0,285.0,704.4474,285.3378,704.4474,285.3378,142.38344870330317,27.904859402047773,1.706,1.552,69.59,0.00182,0.00172,-0.34,704.4474,285.3378,142.38344870330317,27.904859402047773,0.58588756296,0.66502911243,0.58588756296,0.66502911243,0.82,0.76,73.14,0.8203872,0.7601852,73.14,23.4089,3.0,2.79,1.099,0.09,0.998,1.0
104,104,1_29,1_45,1086.874,34.14764,18.8151,0.0341,187.9742,18.0,22.0,621.0,284.0,620.6308,284.4677,620.6308,284.4677,142.41012075030707,27.9053734509358,1.232,0.981,78.68,0.05004,0.03679,78.94,620.6308,284.4677,142.41012075030707,27.9053734509358,0.47634361832,0.54822389422,0.47634361832,0.54822389422,0.745,0.685,73.79,0.7448861,0.6853555,73.79,23.3887,0.0,2.37,1.257,0.204,0.955,1.0
105,105,1_30,1_44,516.9772,26.95255,19.6219,0.0566,187.9785,12.0,14.0,747.0,284.0,746.6967999999999,283.7542,746.6967999999999,283.7542,142.3699969861077,27.905166715599456,1.035,0.854,64.81,0.0691,0.05409,65.63,746.6967999999999,283.7542,142.3699969861077,27.905166715599456,0.52893577325,0.57282815141,0.52893577325,0.57282815141,0.761,0.723,69.88,0.761337,0.7225856,69.88,23.372,0.0,2.71,1.212,0.175,0.703,1.0
106,106,1_31,1_43,193.7581,18.74632,20.6874,0.1051,187.6563,6.0,7.0,959.0,283.0,959.3123,282.9371,959.3123,282.9371,142.3023315837699,27.904681830172184,0.737,0.662,-83.98,0.08816,0.08125,-88.43,959.3123,282.9371,142.3023315837699,27.904681830172184,0.65126582434,0.78044579461,0.65126582434,0.78044579461,0.885,0.806,-82.98,0.884554,0.8057766,-82.98,23.3416,0.0,2.38,1.113,0.102,0.578,1.0
108,108,1_33,1_41,243.4468,20.02556,20.4396,0.0893,187.0983,7.0,8.0,585.0,279.0,585.1728,279.1194,585.1728,279.1194,142.42138659253396,27.906989372991934,0.803,0.679,-44.32,0.08701,0.06913,-44.75,585.1728,279.1194,142.42138659253396,27.906989372991934,0.68867574758,0.65207928368,0.68867574758,0.65207928368,0.846,0.79,33.19,0.8462005,0.7903795,33.19,23.3332,0.0,2.35,1.182,0.154,0.567,1.0
109,109,1_34,1_40,379.2001,22.78629,19.9584,0.0653,188.1581,9.0,10.0,923.0,266.0,922.8042,266.4891,922.8042,266.4891,142.3138861545318,27.909430965808955,0.931,0.714,89.88,0.07255,0.05321,90.0,922.8042,266.4891,142.3138861545318,27.909430965808955,0.39713451854,0.45390066154,0.39713451854,0.45390066154,0.676,0.627,76.28,0.6763863,0.6273251,76.28,23.3709,0.0,2.27,1.304,0.233,0.58,1.0
110,110,1_35,1_39,711.9659,29.10439,19.2744,0.0444,188.1821,14.0,16.0,954.0,260.0,953.6197,260.3679,953.6197,260.3679,142.30405556562428,27.911046239736727,1.047,0.937,-86.82,0.05533,0.04741,84.13,953.6197,260.3679,142.30405556562428,27.911046239736727,0.52027707181,0.51051252368,0.52027707181,0.51051252368,0.725,0.711,-29.56,0.7245038,0.7112551,-29.56,23.3613,0.0,2.18,1.117,0.105,0.922,1.0
111,111,1_36,1_38,720.4253,29.08448,19.2616,0.0438,188.5199,12.0,16.0,698.0,255.0,697.6208,255.2674,697.6208,255.2674,142.3855105658725,27.913335376314198,1.038,0.916,75.63,0.051,0.04402,75.19,697.6208,255.2674,142.3855105658725,27.913335376314198,0.40231940833,0.46816017341,0.40231940833,0.46816017341,0.687,0.632,77.71,0.6866156,0.631695,77.71,23.4141,0.0,2.5,1.133,0.117,0.937,1.0
112,112,1_37,1_37,63984.96,125.5119,14.3904,0.0021,188.2458,109.0,117.0,785.0,249.0,784.9993,249.5154,784.9993,249.5154,142.3576789703948,27.914666124992618,1.703,1.473,76.13,0.00468,0.004,80.96,784.9993,249.5154,142.3576789703948,27.914666124992618,0.56340708727,0.64145589558,0.56340708727,0.64145589558,0.805,0.746,74.05,0.8052321,0.7459653,74.05,23.3824,0.0,2.62,1.156,0.135,0.988,1.0
113,113,1_38,1_36,148.1844,15.85352,20.9786,0.1162,187.5702,5.0,5.0,568.0,252.0,568.4105,252.2083,568.4105,252.2083,142.42662519385232,27.91460781800599,0.742,0.454,71.08,0.11392,0.06603,71.52,568.4105,252.2083,142.42662519385232,27.91460781800599,0.63767753317,0.7646919045,0.63767753317,0.7646919045,0.877,0.796,80.36,0.8766224,0.79618,80.36,23.3646,0.0,3.41,1.636,0.389,0.093,1.0
115,115,1_40,1_34,2938.679,47.06826,17.7352,0.0174,188.5865,32.0,38.0,906.0,238.0,905.8722,238.8102,905.8722,238.8102,142.3191682302224,27.917269935771607,1.417,1.196,71.6,0.02972,0.02487,71.19,905.8722,238.8102,142.3191682302224,27.917269935771607,0.54613225119,0.61316599995,0.54613225119,0.61316599995,0.791,0.73,68.28,0.7910858,0.7303982,68.28,23.3962,0.0,2.38,1.185,0.156,0.927,1.0
116,116,1_41,1_33,765.5026,29.38508,19.1957,0.0417,188.5596,13.0,16.0,777.0,235.0,776.5464999999999,235.4448,776.5464999999999,235.4448,142.36031651947948,27.91864972397649,0.993,0.963,63.54,0.04505,0.04494,80.66,776.5464999999999,235.4448,142.36031651947948,27.91864972397649,0.4737368483,0.50784824731,0.4737368483,0.50784824731,0.714,0.686,75.25,0.7144142,0.6864383,75.25,23.4041,0.0,2.16,1.031,0.03,0.96,1.0
117,117,1_42,1_32,68892.74,128.7814,14.3101,0.002,187.5615,112.0,119.0,716.0,227.0,715.9369,227.5812,715.9369,227.5812,142.37957855901567,27.92105926321586,1.713,1.473,74.86,0.00448,0.00381,77.69,715.9369,227.5812,142.37957855901567,27.92105926321586,0.57876392413,0.65192531609,0.57876392413,0.65192531609,0.813,0.755,72.24,0.8125849,0.755245,72.24,23.3452,0.0,2.59,1.163,0.14,0.983,1.0
118,118,1_43,1_31,5511.331,55.68651,17.0524,0.011,187.9184,42.0,48.0,789.0,225.0,788.6524999999999,225.3448,788.6524999999999,225.3448,142.3564254395756,27.921449039723367,1.481,1.265,68.32,0.02039,0.01679,66.91,788.6524999999999,225.3448,142.3564254395756,27.921449039723367,0.55311719624,0.59208562202,0.55311719624,0.59208562202,0.776,0.737,65.81,0.7758426,0.7370692,65.81,23.3634,0.0,2.4,1.171,0.146,0.961,1.0
119,119,1_44,1_30,433260.7,287.7202,12.3137,0.0007,188.4225,262.0,282.0,878.0,205.0,877.3542,206.2595,877.3542,206.2595,142.3281199865719,27.9265173898945,2.65,1.689,-63.75,0.00212,0.00154,-67.48,877.3542,206.2595,142.3281199865719,27.9265173898945,1.1210335342,1.5535838336,1.1210335342,1.5535838336,1.28,1.018,-68.03,1.279695,1.018331,-68.03,23.3904,0.0,6.23,1.569,0.363,0.975,1.0
120,120,1_45,1_29,6155.367,55.24258,16.9324,0.0097,189.1093,39.0,45.0,963.0,198.0,962.7194,198.6747,962.7194,198.6747,142.30091941559385,27.928358201303887,1.43,1.286,66.51,0.01703,0.01531,56.14,962.7194,198.6747,142.30091941559385,27.928358201303887,0.54803705497,0.59341921281,0.54803705497,0.59341921281,0.776,0.734,67.55,0.7763791,0.7339562,67.55,23.3934,0.0,2.48,1.112,0.101,0.986,1.0
121,121,1_46,1_28,2439.062,43.58306,17.9375,0.0194,188.2851,30.0,33.0,905.0,198.0,905.2742,198.1867,905.2742,198.1867,142.319202116695,27.928692095027,1.358,1.179,69.46,0.0318,0.02657,62.21,905.2742,198.1867,142.319202116695,27.928692095027,0.5481483003,0.63340511334,0.5481483003,0.63340511334,0.796,0.74,88.12,0.7959251,0.7403085,88.12,23.3759,0.0,2.55,1.152,0.132,0.918,1.0
122,122,1_47,1_27,4991.305,53.43756,17.16,0.0116,188.5404,39.0,45.0,908.0,189.0,908.0644,189.0835,908.0644,189.0835,142.3182788877669,27.931241663104867,1.445,1.273,76.33,0.02055,0.01797,79.77,908.0644,189.0835,142.3182788877669,27.931241663104867,0.55878987377,0.62407638364,0.55878987377,0.62407638364,0.794,0.743,72.88,0.7943051,0.7429304,72.88,23.3929,0.0,2.56,1.134,0.118,0.948,1.0
123,123,1_48,1_26,25717.87,88.57787,15.38,0.0037,188.2685,75.0,81.0,780.0,185.0,779.9875999999999,185.7995,779.9875999999999,185.7995,142.35903484083934,27.932594801770332,1.618,1.416,75.69,0.00772,0.00677,76.41,779.9875999999999,185.7995,142.35903484083934,27.932594801770332,0.55764592819,0.63221407122,0.55764592819,0.63221407122,0.799,0.743,74.88,0.7988023,0.7428156,74.88,23.3939,0.0,2.53,1.142,0.125,0.983,1.0
124,124,1_49,1_25,150.4574,17.2201,20.962,0.1243,187.2885,5.0,6.0,626.0,185.0,626.1448,185.1625,626.1448,185.1625,142.40800516817922,27.933273658295217,0.764,0.566,42.15,0.11134,0.08225,44.78,626.1448,185.1625,142.40800516817922,27.933273658295217,0.86110521822,0.72059775785,0.86110521822,0.72059775785,0.962,0.81,29.33,0.9622474,0.8098042,29.33,23.3458,0.0,3.33,1.349,0.259,0.505,1.0
125,125,1_50,1_24,161.9677,15.89952,20.882,0.1066,187.2837,4.0,5.0,732.0,182.0,731.5908,181.7932,731.5908,181.7932,142.3744257327325,27.933880264766746,0.73,0.45,69.78,0.1088,0.06311,71.45,731.5908,181.7932,142.3744257327325,27.933880264766746,0.36785569329,0.37559787561,0.36785569329,0.37559787561,0.67,0.542,46.43,0.6702052,0.5424744,46.43,23.3378,0.0,1.43,1.623,0.384,0.521,1.0
126,126,1_51,1_23,456.9963,31.5345,19.7558,0.0749,189.1415,16.0,20.0,1012.0,180.0,1010.5572,180.1471,1010.5572,180.1471,142.28562008491497,27.93340088046701,1.695,0.982,-12.01,0.13348,0.0797,-11.77,1010.5572,180.1471,142.28562008491497,27.93340088046701,4.2999152704,3.6732885808,4.2999152704,3.6732885808,2.08,1.909,-11.72,2.080411,1.909213,-11.72,23.358,24.0,7.71,1.727,0.421,0.002,1.0
127,127,1_52,1_22,130.9061,15.81987,21.1132,0.1312,187.6388,4.0,5.0,526.0,163.0,525.9902,162.9984,525.9902,162.9984,142.4398100614233,27.939819835935925,0.618,0.603,-89.95,0.09809,0.09795,89.3,525.9902,162.9984,142.4398100614233,27.939819835935925,0.42038884414,0.46843548959,0.42038884414,0.46843548959,0.718,0.611,-54.82,0.7182648,0.6106718,-54.82,23.3676,0.0,2.21,1.024,0.024,0.526,1.0
128,128,1_53,1_21,641.3708,28.1683,19.3878,0.0477,187.3417,12.0,15.0,578.0,160.0,577.808,159.6729,577.808,159.6729,142.42330094826292,27.940592548438712,1.027,0.892,76.88,0.057,0.04782,83.45,577.808,159.6729,142.42330094826292,27.940592548438712,0.44676566106,0.50895426494,0.44676566106,0.50895426494,0.722,0.659,67.56,0.7223205,0.6587663,67.56,23.3434,0.0,2.28,1.151,0.131,0.945,1.0
129,129,1_54,1_20,203.4183,20.0325,20.6346,0.1069,187.5169,8.0,8.0,557.0,153.0,557.3256,153.2853,557.3256,153.2853,142.42979893954995,27.94245259460656,0.985,0.585,-18.38,0.11671,0.06806,-19.34,557.3256,153.2853,142.42979893954995,27.94245259460656,1.183649041,0.93611602258,1.183649041,0.93611602258,1.098,0.956,-16.08,1.098214,0.9558724,-16.08,23.355,0.0,4.06,1.685,0.406,0.189,1.0
130,130,1_55,1_19,287.6094,20.29801,20.2586,0.0766,188.6712,7.0,8.0,1002.0,137.0,1001.8596,137.1387,1001.8596,137.1387,142.28821933008675,27.945521167784133,0.794,0.671,47.76,0.0745,0.05926,45.17,1001.8596,137.1387,142.28821933008675,27.945521167784133,0.41836470886,0.49175804732,0.41836470886,0.49175804732,0.701,0.647,-89.67,0.7012563,0.6468093,-89.67,23.3619,0.0,1.86,1.183,0.155,0.584,1.0
131,131,1_56,1_18,3343.198,46.62413,17.5952,0.0151,188.0412,33.0,36.0,961.0,131.0,961.2532,131.1317,961.2532,131.1317,142.30112248246436,27.94735032790553,1.322,1.23,67.21,0.02369,0.02283,65.74,961.2532,131.1317,142.30112248246436,27.94735032790553,0.53174354921,0.58087122093,0.53174354921,0.58087122093,0.768,0.723,68.5,0.7680434,0.7229966,68.5,23.3489,0.0,2.32,1.075,0.07,0.962,1.0
132,132,1_57,1_17,1785.873,39.84808,18.2759,0.0242,187.542,25.0,28.0,518.0,131.0,517.828,130.7311,517.828,130.7311,142.442293696413,27.948916179822945,1.231,1.138,69.19,0.03481,0.03249,73.88,517.828,130.7311,142.442293696413,27.948916179822945,0.51381886755,0.5703674122,0.51381886755,0.5703674122,0.761,0.71,69.33,0.7614109,0.7102392,69.33,23.3539,0.0,2.09,1.082,0.076,0.915,1.0
133,133,1_58,1_16,187.1705,18.72997,20.725,0.1087,187.3833,7.0,7.0,611.0,131.0,611.0017,130.7263,611.0017,130.7263,142.41262801916344,27.948624938280734,0.727,0.676,-6.39,0.09718,0.09002,-0.36,611.0017,130.7263,142.41262801916344,27.948624938280734,0.5990176008,0.56003986257,0.5990176008,0.56003986257,0.783,0.739,-27.36,0.783118,0.7387717,-27.36,23.3488,0.0,3.27,1.075,0.07,0.042,1.0
134,134,1_59,1_15,7883.857,61.81549,16.6637,0.0085,188.4464,49.0,56.0,994.0,126.0,994.0703,126.4219,994.0703,126.4219,142.29065680572393,27.948560764736705,1.539,1.322,80.05,0.01711,0.01387,80.38,994.0703,126.4219,142.29065680572393,27.948560764736705,0.55837678654,0.6250343142,0.55837678654,0.6250343142,0.792,0.745,78.68,0.7923495,0.7453814,78.68,23.3645,0.0,2.42,1.164,0.141,0.942,1.0
135,135,1_60,1_14,9410.919,57.79624,16.4715,0.0067,188.4992,38.0,40.0,1012.0,123.0,1011.9295,123.2529,1011.9295,123.2529,142.28495888068136,27.949389471137565,1.495,0.975,-85.65,0.01424,0.00868,-85.33,1011.9295,123.2529,142.28495888068136,27.949389471137565,0.40314411896,0.56595505593,0.40314411896,0.56595505593,0.752,0.635,89.32,0.7523149,0.6349185,89.32,23.3641,24.0,3.1,1.533,0.348,0.983,1.0
137,137,1_62,1_12,402.8219,23.71369,19.8928,0.0639,188.0629,10.0,11.0,997.0,100.0,996.6575,99.8889,996.6575,99.8889,142.28972865850236,27.956010240311223,0.945,0.741,15.57,0.07411,0.05279,15.07,996.6575,99.8889,142.28972865850236,27.956010240311223,0.44761835657,0.47319545091,0.44761835657,0.47319545091,0.702,0.654,56.41,0.70241,0.6537843,56.41,23.3677,0.0,2.41,1.276,0.216,0.668,1.0
139,139,1_64,1_10,732.8615,30.44634,19.243,0.0451,188.0445,15.0,18.0,692.0,67.0,692.1491,67.1859,692.1491,67.1859,142.38655684010973,27.966226188048186,1.065,0.991,-24.84,0.05662,0.05003,-26.1,692.1491,67.1859,142.38655684010973,27.966226188048186,0.55491625108,0.55333273528,0.55491625108,0.55333273528,0.751,0.738,42.69,0.7509582,0.7377742,42.69,23.4099,0.0,2.33,1.075,0.069,0.872,1.0
140,140,1_65,1_9,883.7051,30.94903,19.0398,0.038,187.2832,17.0,18.0,627.0,65.0,627.4976,65.6174,627.4976,65.6174,142.4071378223682,27.966875163812556,1.115,0.952,82.32,0.04965,0.04027,89.36,627.4976,65.6174,142.4071378223682,27.966875163812556,0.47649342293,0.55405850735,0.47649342293,0.55405850735,0.757,0.677,66.2,0.7568251,0.6765854,66.2,23.3587,0.0,2.35,1.172,0.147,0.953,1.0
141,141,1_66,1_8,416826.7,279.2504,12.3557,0.0007,188.1571,230.0,242.0,797.0,54.0,796.7438,54.1472,796.7438,54.1472,142.35320275046982,27.96954783041526,1.812,1.568,74.61,0.00162,0.00144,75.43,796.7438,54.1472,142.35320275046982,27.96954783041526,0.60430628655,0.68847071727,0.60430628655,0.68847071727,0.835,0.772,73.44,0.834646,0.772103,73.44,23.42,0.0,2.93,1.156,0.135,0.983,1.0
142,142,1_67,1_7,873.3065,32.37683,19.0527,0.0403,187.6453,17.0,19.0,535.0,50.0,534.4296,50.7684,534.4296,50.7684,142.43672090498413,27.971342979029668,1.221,0.96,-76.44,0.05481,0.04238,-77.27,534.4296,50.7684,142.43672090498413,27.971342979029668,0.58021323887,0.72766445479,0.58021323887,0.72766445479,0.855,0.76,-82.55,0.8545342,0.7600322,-82.55,23.3431,0.0,3.26,1.272,0.214,0.579,1.0
144,144,1_69,1_5,222.7777,19.9996,20.5359,0.0975,187.9576,7.0,8.0,731.0,48.0,731.1062,47.8336,731.1062,47.8336,142.3740796348772,27.971539166140698,0.815,0.679,45.76,0.09211,0.07304,45.17,731.1062,47.8336,142.3740796348772,27.971539166140698,0.68150894551,0.73481959441,0.68150894551,0.73481959441,0.857,0.826,89.84,0.8572164,0.8255353,89.84,23.3954,0.0,4.13,1.2,0.166,0.001,1.0
145,145,1_70,1_4,9139.022,63.61133,16.5033,0.0076,188.7976,56.0,58.0,800.0,37.0,800.3371,37.1244,800.3371,37.1244,142.351993848377,27.97432091767381,1.526,1.376,71.89,0.01424,0.01317,58.52,800.3371,37.1244,142.351993848377,27.97432091767381,0.57193266339,0.65477633367,0.57193266339,0.65477633367,0.812,0.753,76.81,0.812151,0.7530735,76.81,23.4702,0.0,2.85,1.109,0.098,0.96,1.0
146,146,1_71,1_3,3017.379,45.95218,17.7065,0.0165,187.7445,34.0,36.0,685.0,38.0,684.9134,38.2824,684.9134,38.2824,142.38875355730147,27.974374432328908,1.324,1.241,42.0,0.02722,0.02371,19.42,684.9134,38.2824,142.38875355730147,27.974374432328908,0.54589293408,0.60004675507,0.54589293408,0.60004675507,0.777,0.736,75.18,0.7772527,0.7360829,75.18,23.3941,0.0,2.25,1.067,0.063,0.911,1.0
147,147,1_72,1_2,181.181,17.13114,20.7603,0.1027,188.4282,4.0,6.0,944.0,24.0,944.1597,23.8393,944.1597,23.8393,142.30614505231048,27.977568678759415,0.738,0.564,-48.34,0.09487,0.07024,-45.21,944.1597,23.8393,142.30614505231048,27.977568678759415,0.32037421843,0.43817279984,0.32037421843,0.43817279984,0.672,0.555,-72.6,0.6715701,0.5545634,-72.6,23.4354,0.0,2.06,1.309,0.236,0.508,1.0
148,148,2_1,2_1,369.3701,23.34111,19.9869,0.0686,187.2104,8.0,11.0,1126.0,16.0,1126.0712,16.5828,1126.0712,16.5828,142.24819089773968,27.978970801972476,0.973,0.726,-74.13,0.07881,0.05587,-75.01,1126.0712,16.5828,142.24819089773968,27.978970801972476,0.4516501244,0.56935430824,0.4516501244,0.56935430824,0.763,0.662,-72.64,0.7629612,0.6624913,-72.64,23.3812,0.0,2.51,1.34,0.254,0.788,2.0
149,149,2_2,2_73,514.6858,27.07266,19.6267,0.0571,187.8753,14.0,15.0,1468.0,510.0,1467.9287,509.7909,1467.9287,509.7909,142.1414487375134,27.839062168941428,1.149,0.843,26.27,0.08129,0.0556,27.53,1467.9287,509.7909,142.1414487375134,27.839062168941428,0.76572027946,0.65326095064,0.76572027946,0.65326095064,0.885,0.798,19.94,0.8847379,0.797634,19.94,23.3908,24.0,3.46,1.363,0.266,0.139,2.0
150,150,2_3,2_72,182.1352,16.96517,20.7546,0.1012,187.647,4.0,6.0,1281.0,510.0,1281.2309,510.2111,1281.2309,510.2111,142.20082664079086,27.839641131596803,0.734,0.555,45.09,0.096,0.07072,44.8,1281.2309,510.2111,142.20082664079086,27.839641131596803,0.37679877393,0.29426883282,0.37679877393,0.29426883282,0.62,0.536,15.93,0.6197737,0.5356754,15.93,23.394,24.0,2.08,1.321,0.243,0.593,2.0
151,151,2_4,2_71,5605.188,54.00907,17.0341,0.0105,187.6574,41.0,47.0,1205.0,507.0,1204.7103,507.153,1204.7103,507.153,142.22515071924136,27.840779506640768,1.411,1.257,74.42,0.01869,0.01651,78.77,1204.7103,507.153,142.22515071924136,27.840779506640768,0.50873522718,0.56171110505,0.50873522718,0.56171110505,0.755,0.708,70.11,0.7547784,0.7076411,70.11,23.3973,24.0,2.39,1.123,0.11,0.979,2.0
152,152,2_5,2_70,31666.39,96.89777,15.1541,0.0033,187.6859,89.0,98.0,1386.0,492.0,1386.2638,492.8621,1386.2638,492.8621,142.1673498761454,27.844129653778083,1.675,1.435,75.44,0.00747,0.00629,75.54,1386.2638,492.8621,142.1673498761454,27.844129653778083,0.54915661177,0.64084310676,0.54915661177,0.64084310676,0.805,0.736,74.77,0.805095,0.7360854,74.77,23.3863,0.0,2.66,1.168,0.144,0.983,2.0
153,153,2_6,2_69,539.4268,27.90619,19.5757,0.0562,187.5108,14.0,16.0,1131.0,494.0,1130.5249,493.8766,1130.5249,493.8766,142.2486919225729,27.84477833199613,1.092,0.923,-88.07,0.06974,0.05686,-89.55,1130.5249,493.8766,142.2486919225729,27.84477833199613,0.58511774997,0.66776261919,0.58511774997,0.66776261919,0.819,0.763,-79.96,0.8188026,0.7631793,-79.96,23.3922,0.0,2.86,1.183,0.155,0.604,2.0
154,154,2_7,2_68,757.4456,30.17856,19.2072,0.0433,187.1486,13.0,17.0,1032.0,492.0,1031.7973,492.1814,1031.7973,492.1814,142.2800863945979,27.84560293294681,1.015,0.99,58.58,0.04969,0.04785,46.31,1031.7973,492.1814,142.2800863945979,27.84560293294681,0.52827572778,0.54592375074,0.52827572778,0.54592375074,0.74,0.726,76.21,0.739632,0.7260468,76.21,23.3397,0.0,2.23,1.025,0.024,0.932,2.0
155,155,2_8,2_67,143.8788,15.59124,21.0106,0.1177,188.146,5.0,5.0,1091.0,486.0,1091.408,486.2013,1091.408,486.2013,142.26110290291874,27.84707500668537,0.753,0.446,70.15,0.10902,0.06307,71.46,1091.408,486.2013,142.26110290291874,27.84707500668537,0.61289164884,0.72233959626,0.61289164884,0.72233959626,0.9,0.725,56.34,0.8997173,0.7250794,56.34,23.4308,0.0,3.41,1.689,0.408,0.078,2.0
156,156,2_9,2_66,773.4164,34.78138,19.1845,0.0488,188.3255,21.0,24.0,1057.0,464.0,1056.7488,463.8793,1056.7488,463.8793,142.27203890900515,27.85347293282336,1.371,1.148,16.41,0.07033,0.05714,19.25,1056.7488,463.8793,142.27203890900515,27.85347293282336,1.6661719116,1.4546557191,1.6661719116,1.4546557191,1.291,1.206,2.3,1.290936,1.205949,2.3,23.418,0.0,4.54,1.194,0.162,0.001,2.0
157,157,2_10,2_65,456.7305,24.40477,19.7564,0.058,186.9123,10.0,12.0,1337.0,460.0,1336.9634,460.3163,1336.9634,460.3163,142.1828945819437,27.853463481270104,0.998,0.773,87.62,0.07143,0.05185,89.25,1336.9634,460.3163,142.1828945819437,27.853463481270104,0.59469052154,0.6519619322,0.59469052154,0.6519619322,0.809,0.769,77.57,0.8092507,0.7692631,77.57,23.3424,0.0,2.58,1.291,0.225,0.477,2.0
158,158,2_11,2_64,154.1223,15.50068,20.9359,0.1092,187.014,4.0,5.0,1228.0,449.0,1227.8288,449.3868,1227.8288,449.3868,142.21756308995006,27.856936796609748,0.725,0.453,-18.37,0.11591,0.06722,-18.45,1227.8288,449.3868,142.21756308995006,27.856936796609748,0.32653480013,0.30650468511,0.32653480013,0.30650468511,0.587,0.537,-34.52,0.5869605,0.5371376,-34.52,23.3548,0.0,2.09,1.6,0.375,0.551,2.0
159,159,2_12,2_63,170.3956,17.44264,20.8269,0.1112,187.6242,6.0,6.0,1031.0,449.0,1030.8493,449.0269,1030.8493,449.0269,142.28021892902473,27.8577393291078,0.929,0.463,54.67,0.12962,0.06385,53.24,1030.8493,449.0269,142.28021892902473,27.8577393291078,0.60797437222,0.91483467922,0.60797437222,0.91483467922,0.987,0.74,68.0,0.9872664,0.7403473,68.0,23.3534,0.0,3.87,2.006,0.501,0.228,2.0
161,161,2_14,2_61,1476.214,36.35272,18.4827,0.0267,187.5868,20.0,24.0,1054.0,421.0,1053.8214,421.62,1053.8214,421.62,142.27280370921866,27.86536441361215,1.206,1.032,70.55,0.03786,0.03089,70.27,1053.8214,421.62,142.27280370921866,27.86536441361215,0.47000631625,0.54146584427,0.47000631625,0.54146584427,0.74,0.681,73.84,0.7402836,0.6807733,73.84,23.3513,0.0,2.17,1.17,0.145,0.976,2.0
163,163,2_16,2_59,769.9255,34.82983,19.1895,0.0491,187.648,21.0,25.0,1431.0,414.0,1430.6218,414.0775,1430.6218,414.0775,142.1529090238435,27.86611255822169,1.392,1.163,-13.09,0.0751,0.06066,-8.82,1430.6218,414.0775,142.1529090238435,27.86611255822169,1.4353521339,1.3331180637,1.4353521339,1.3331180637,1.211,1.141,-25.87,1.211116,1.140907,-25.87,23.3923,0.0,4.56,1.196,0.164,0.001,2.0
164,164,2_17,2_58,9195.212,63.31684,16.4967,0.0075,188.1945,48.0,58.0,1382.0,399.0,1382.1523,399.0999,1382.1523,399.0999,142.16826466140597,27.870505512488307,1.507,1.314,73.74,0.0143,0.01254,64.57,1382.1523,399.0999,142.16826466140597,27.870505512488307,0.5204153593,0.60572513312,0.5204153593,0.60572513312,0.782,0.717,75.09,0.7824544,0.7168722,75.09,23.4258,0.0,2.32,1.146,0.128,0.98,2.0
166,166,2_19,2_56,12719.55,70.51795,16.1444,0.006,188.5801,61.0,66.0,1080.0,361.0,1079.688,361.4446,1079.688,361.4446,142.26433673646002,27.882191325074743,1.562,1.373,72.94,0.01187,0.01059,65.2,1079.688,361.4446,142.26433673646002,27.882191325074743,0.56149541921,0.62244526523,0.56149541921,0.62244526523,0.794,0.744,70.87,0.7942193,0.7437449,70.87,23.4246,0.0,2.61,1.138,0.121,0.975,2.0
168,168,2_21,2_54,38397.89,104.5661,14.9448,0.003,187.9065,93.0,106.0,1020.0,354.0,1019.635,354.1394,1019.635,354.1394,142.28341471415865,27.884455593004105,1.689,1.462,73.61,0.00664,0.00575,70.23,1019.635,354.1394,142.28341471415865,27.884455593004105,0.57139601539,0.65406866753,0.57139601539,0.65406866753,0.813,0.752,74.76,0.8128345,0.7515084,74.76,23.3754,0.0,2.75,1.156,0.135,0.983,2.0
169,169,2_22,2_53,7292.617,59.13492,16.7484,0.0088,187.681,46.0,53.0,1411.0,350.0,1411.1263,350.1177,1411.1263,350.1177,142.15884084451815,27.88416715592516,1.472,1.317,64.51,0.01641,0.01468,51.89,1411.1263,350.1177,142.15884084451815,27.88416715592516,0.53197013129,0.60915881244,0.53197013129,0.60915881244,0.786,0.724,72.79,0.7857183,0.7237234,72.79,23.391,0.0,2.41,1.117,0.105,0.978,2.0
171,171,2_24,2_51,31730.21,96.7752,15.1519,0.0033,188.1059,88.0,96.0,1037.0,329.0,1036.7287,329.9001,1036.7287,329.9001,142.27788064515266,27.89121049175724,1.665,1.434,74.35,0.00735,0.00619,73.23,1036.7287,329.9001,142.27788064515266,27.89121049175724,0.55384883508,0.62744714125,0.55384883508,0.62744714125,0.798,0.738,71.65,0.7978355,0.7380749,71.65,23.386,0.0,2.72,1.161,0.138,0.979,2.0
172,172,2_25,2_50,2075.523,40.51857,18.1128,0.0212,187.4228,27.0,30.0,1184.0,331.0,1184.497,331.7223,1184.497,331.7223,142.2308705977998,27.890173608094376,1.277,1.142,84.82,0.03237,0.02851,89.35,1184.497,331.7223,142.2308705977998,27.890173608094376,0.49786566185,0.54334343558,0.49786566185,0.54334343558,0.738,0.705,80.71,0.7379669,0.7047085,80.71,23.3763,0.0,2.22,1.118,0.106,0.999,2.0
174,174,2_27,2_48,164.6965,18.19569,20.8639,0.12,188.2067,6.0,7.0,1261.0,317.0,1261.2901,316.9214,1261.2901,316.9214,142.2063760062559,27.89405569873963,0.741,0.671,-82.34,0.09424,0.0867,-89.19,1261.2901,316.9214,142.2063760062559,27.89405569873963,0.7518588075,0.86719086597,0.7518588075,0.86719086597,0.933,0.865,-80.14,0.9331588,0.8650228,-80.14,23.4277,0.0,2.89,1.104,0.094,0.553,2.0
175,175,2_28,2_47,7556.712,60.76165,16.7097,0.0087,187.5548,50.0,57.0,1355.0,309.0,1355.4789,309.8113,1355.4789,309.8113,142.17637686171744,27.895706696157266,1.491,1.325,70.29,0.01671,0.01505,72.14,1355.4789,309.8113,142.17637686171744,27.895706696157266,0.50978565505,0.57417476602,0.50978565505,0.57417476602,0.764,0.708,70.86,0.7635383,0.7077921,70.86,23.3845,0.0,2.46,1.125,0.111,1.0,2.0
176,176,2_29,2_46,1125.504,33.11523,18.7772,0.032,187.8261,14.0,21.0,1242.0,308.0,1242.1529,308.6443,1242.1529,308.6443,142.21243129874932,27.89645250090071,1.154,0.978,78.48,0.04304,0.03604,79.81,1242.1529,308.6443,142.21243129874932,27.89645250090071,0.41907559724,0.51104925232,0.41907559724,0.51104925232,0.723,0.638,71.62,0.7228164,0.6384836,71.62,23.402,0.0,2.34,1.18,0.153,0.972,2.0
177,177,2_30,2_45,1074.489,34.27413,18.8276,0.0346,188.069,21.0,23.0,1250.0,296.0,1249.8347,296.3256,1249.8347,296.3256,142.2099364479498,27.89988755934841,1.208,1.047,-83.85,0.0503,0.04061,-80.48,1249.8347,296.3256,142.2099364479498,27.89988755934841,0.56124000022,0.61193189675,0.56124000022,0.61193189675,0.788,0.743,68.29,0.7883406,0.7427591,68.29,23.4178,0.0,2.22,1.155,0.134,0.873,2.0
178,178,2_31,2_44,340.1467,23.99616,20.0764,0.0766,188.1434,5.0,12.0,1297.0,289.0,1297.4928,288.5601,1297.4928,288.5601,142.19473940709122,27.90189576761948,0.875,0.858,-80.88,0.07317,0.07293,-82.2,1297.4928,288.5601,142.19473940709122,27.90189576761948,0.40115013203,0.42593958154,0.40115013203,0.42593958154,0.661,0.625,-61.52,0.6605173,0.6251453,-61.52,23.4202,0.0,2.18,1.019,0.019,0.645,2.0
179,179,2_32,2_43,369.0654,22.28853,19.9878,0.0656,187.3216,9.0,10.0,1421.0,283.0,1420.9392,283.1859,1420.9392,283.1859,142.15543548991351,27.9029461019604,0.886,0.737,84.01,0.06887,0.05486,89.44,1420.9392,283.1859,142.15543548991351,27.9029461019604,0.54165600779,0.62713551732,0.54165600779,0.62713551732,0.802,0.725,67.96,0.8024238,0.724505,67.96,23.3686,0.0,2.17,1.203,0.169,0.704,2.0
180,180,2_33,2_42,181.2988,18.30132,20.7596,0.1096,187.5854,6.0,7.0,1500.0,263.0,1500.2764,263.006,1500.2764,263.006,142.1301032906956,27.9083172349832,0.723,0.684,-88.83,0.09303,0.08625,-89.9,1500.2764,263.006,142.1301032906956,27.9083172349832,0.84667408011,0.77195043664,0.84667408011,0.77195043664,0.92,0.879,2.59,0.9202321,0.87852,2.59,23.3864,0.0,2.73,1.058,0.054,0.57,2.0
184,184,2_37,2_38,245.1216,19.75922,20.4321,0.0875,187.8591,8.0,8.0,1396.0,226.0,1395.7948,225.8873,1395.7948,225.8873,142.16319469951864,27.919148072058373,0.81,0.673,-51.19,0.08334,0.06615,-44.79,1395.7948,225.8873,142.16319469951864,27.919148072058373,0.7295001444,0.99332116716,0.7295001444,0.99332116716,0.997,0.853,86.2,0.9972402,0.8534244,86.2,23.3982,0.0,2.49,1.202,0.168,0.18,2.0
185,185,2_38,2_37,702.2128,29.2214,19.2894,0.0452,188.0988,13.0,17.0,1226.0,224.0,1225.5705,224.0686,1225.5705,224.0686,142.21736179358973,27.9202887092674,1.113,0.898,68.72,0.05857,0.04581,74.31,1225.5705,224.0686,142.21736179358973,27.9202887092674,0.46088999853,0.53132374399,0.46088999853,0.53132374399,0.754,0.651,59.54,0.7540319,0.6508837,59.54,23.4087,0.0,2.73,1.24,0.193,0.918,2.0
186,186,2_39,2_36,5872.176,57.16061,16.9836,0.0106,187.1096,45.0,53.0,1451.0,204.0,1450.756,204.8647,1450.756,204.8647,142.1456135876243,27.92484995907709,1.582,1.326,62.38,0.02153,0.01728,62.99,1450.756,204.8647,142.1456135876243,27.92484995907709,0.58239406816,0.66435257774,0.58239406816,0.66435257774,0.824,0.753,68.67,0.8240731,0.7534256,68.67,23.3538,0.0,2.76,1.193,0.162,0.999,2.0
187,187,2_40,2_35,6470.839,58.29607,16.8782,0.0098,187.7701,47.0,54.0,1205.0,194.0,1205.4937,194.2405,1205.4937,194.2405,142.22362963929018,27.928746566163124,1.51,1.329,66.17,0.01917,0.01649,57.97,1205.4937,194.2405,142.22362963929018,27.928746566163124,0.53791341501,0.58724164519,0.53791341501,0.58724164519,0.772,0.728,69.05,0.7718285,0.7276234,69.05,23.3833,2.0,2.33,1.136,0.12,0.972,2.0
188,188,2_41,2_35,2391.768,42.22495,17.9588,0.0192,187.9997,27.0,32.0,1213.0,193.0,1212.7935,193.1988,1212.7935,193.1988,142.2213019795613,27.929012929870872,1.301,1.205,80.67,0.02913,0.02748,88.34,1212.7935,193.1988,142.2213019795613,27.929012929870872,0.52478964431,0.57383599207,0.52478964431,0.57383599207,0.761,0.72,72.12,0.7612701,0.7204814,72.12,23.3983,3.0,2.03,1.08,0.074,0.962,2.0
189,189,2_42,2_34,1508016.0,537.0378,10.9596,0.0004,189.7799,736.0,795.0,1032.0,182.0,1030.2003,181.3757,1030.2003,181.3757,142.27937246467917,27.93298697651951,3.711,2.577,89.6,0.00156,0.00132,87.08,1030.2003,181.3757,142.27937246467917,27.93298697651951,3.5577230698,5.1330000846,3.5577230698,5.1330000846,2.266,1.886,-87.87,2.266094,1.885615,-87.87,23.2894,6.0,18.55,1.44,0.306,0.929,2.0
190,190,2_43,2_34,52388.58,98.11785,14.6075,0.002,196.2712,19.0,21.0,1030.0,167.0,1029.9972,167.0478,1029.9972,167.0478,142.2793804585632,27.937015407859494,0.737,0.725,-53.62,0.00159,0.00149,-66.93,1029.9972,167.0478,142.2793804585632,27.937015407859494,0.08388512965,0.090917040846,0.08388512965,0.090917040846,0.302,0.29,-89.81,0.3015246,0.2896292,-89.81,23.7222,3.0,0.0,1.016,0.016,1.0,2.0
191,191,2_44,2_33,145263.4,174.9169,13.5002,0.0013,188.5082,148.0,163.0,1330.0,188.0,1330.1992,188.4347,1330.1992,188.4347,142.18391412425714,27.929921204154454,1.769,1.52,74.65,0.00293,0.00256,79.34,1330.1992,188.4347,142.18391412425714,27.929921204154454,0.57587820619,0.66199007158,0.57587820619,0.66199007158,0.821,0.751,70.89,0.8208126,0.7510892,70.89,23.429,0.0,2.7,1.164,0.141,0.996,2.0
192,192,2_45,2_32,166.5975,16.96312,20.8514,0.1106,188.4092,6.0,6.0,1191.0,192.0,1191.1557,191.8535,1191.1557,191.8535,142.22818345530143,27.92946944400332,0.738,0.57,-46.82,0.1012,0.07496,-45.14,1191.1557,191.8535,142.22818345530143,27.92946944400332,0.4898305658,0.56297612343,0.4898305658,0.56297612343,0.751,0.699,-82.13,0.7512655,0.6988611,-82.13,23.4258,0.0,2.07,1.294,0.227,0.595,2.0
193,193,2_46,2_31,11223.3,67.63202,16.2803,0.0065,187.5231,54.0,63.0,1279.0,186.0,1278.6295,185.9929,1278.6295,185.9929,142.20031774995078,27.930798113884038,1.547,1.357,74.55,0.01295,0.01138,81.3,1278.6295,185.9929,142.20031774995078,27.930798113884038,0.55899794627,0.6230417266,0.55899794627,0.6230417266,0.797,0.74,68.77,0.7965076,0.7400104,68.77,23.3627,0.0,2.64,1.14,0.123,0.974,2.0
194,194,2_47,2_30,728.7629,29.73922,19.2491,0.0443,188.5415,13.0,17.0,1082.0,161.0,1082.0028,161.5927,1082.0028,161.5927,142.26280467089896,27.93836605884909,1.019,0.994,77.78,0.05138,0.04944,0.66,1082.0028,161.5927,142.26280467089896,27.93836605884909,0.5393519576,0.6203593697,0.5393519576,0.6203593697,0.789,0.733,81.02,0.7889456,0.7329913,81.02,23.3676,0.0,2.21,1.025,0.024,0.941,2.0
196,196,2_49,2_28,8211.641,62.60197,16.6195,0.0083,188.8608,49.0,59.0,1332.0,153.0,1332.3819,153.6269,1332.3819,153.6269,142.18307372584258,27.939697560813315,1.544,1.331,68.15,0.0165,0.01394,64.61,1332.3819,153.6269,142.18307372584258,27.939697560813315,0.53463839534,0.59071438648,0.53463839534,0.59071438648,0.78,0.719,64.25,0.7795662,0.7194647,64.25,23.4507,0.0,2.49,1.16,0.138,0.972,2.0
197,197,2_50,2_34,75933.68,114.9393,14.2045,0.0016,197.4236,17.0,17.0,1029.0,171.0,1029.2498,171.0733,1029.2498,171.0733,142.2796342842221,27.935886414267426,0.918,0.836,73.59,0.00142,0.00131,75.28,1029.2498,171.0733,142.2796342842221,27.935886414267426,0.11209895182,0.1179061256,0.11209895182,0.1179061256,0.343,0.335,86.45,0.3434073,0.3347783,86.45,23.8184,3.0,5.21,1.099,0.09,0.978,2.0
198,198,2_51,2_26,732.3203,30.02136,19.2438,0.0445,187.282,12.0,18.0,1189.0,130.0,1189.28,129.8769,1189.28,129.8769,142.22852771515355,27.94689802507186,1.127,0.927,-89.41,0.06041,0.0478,89.53,1189.28,129.8769,142.22852771515355,27.94689802507186,0.4675175643,0.56914937926,0.4675175643,0.56914937926,0.755,0.683,84.26,0.7551067,0.6829941,84.26,23.3497,0.0,2.89,1.216,0.178,0.928,2.0
200,200,2_53,2_24,27317.85,91.68231,15.3145,0.0036,187.9828,81.0,91.0,1372.0,120.0,1372.6095,120.9262,1372.6095,120.9262,142.1701309555618,27.948739430480963,1.657,1.434,74.7,0.00798,0.0068,77.03,1372.6095,120.9262,142.1701309555618,27.948739430480963,0.56565957333,0.63882843758,0.56565957333,0.63882843758,0.806,0.744,69.71,0.806484,0.7443598,69.71,23.394,0.0,2.69,1.156,0.135,0.982,2.0
201,201,2_54,2_23,1140.843,34.77728,18.7625,0.0331,187.6371,19.0,23.0,1307.0,122.0,1306.8594,122.1335,1306.8594,122.1335,142.1910663836708,27.948644788150187,1.157,1.114,59.43,0.04303,0.04253,16.29,1306.8594,122.1335,142.1910663836708,27.948644788150187,0.58614859691,0.64855470906,0.58614859691,0.64855470906,0.815,0.755,65.62,0.8152766,0.7550015,65.62,23.3592,0.0,2.74,1.038,0.037,0.798,2.0
202,202,2_55,2_22,177.3758,17.18874,20.7833,0.1052,187.9969,4.0,6.0,1254.0,118.0,1253.52,118.1029,1253.52,118.1029,142.20802947131634,27.949974011758822,0.772,0.5,89.46,0.09717,0.05936,89.71,1253.52,118.1029,142.20802947131634,27.949974011758822,0.5666752253,0.65355856435,0.5666752253,0.65355856435,0.812,0.749,76.75,0.8115776,0.7493836,76.75,23.3855,0.0,1.91,1.546,0.353,0.529,2.0
203,203,2_56,2_21,3718.083,48.62062,17.4798,0.0142,187.6473,37.0,40.0,1345.0,113.0,1345.2855,113.3858,1345.2855,113.3858,142.17879734936793,27.95096103445346,1.445,1.196,79.47,0.02563,0.02031,79.41,1345.2855,113.3858,142.17879734936793,27.95096103445346,0.54335859642,0.617809055,0.54335859642,0.617809055,0.792,0.73,71.16,0.7922274,0.7304405,71.16,23.3688,0.0,2.42,1.208,0.172,0.914,2.0
204,204,2_57,2_20,2459.66,41.00462,17.9284,0.0181,187.5715,25.0,29.0,1468.0,108.0,1467.9044,108.2354,1467.9044,108.2354,142.13974127860203,27.95194644093037,1.286,1.1,67.02,0.02777,0.02277,63.32,1467.9044,108.2354,142.13974127860203,27.95194644093037,0.51331972755,0.57940371395,0.51331972755,0.57940371395,0.767,0.71,70.93,0.767054,0.7101772,70.93,23.3827,0.0,2.16,1.169,0.144,0.959,2.0
205,205,2_58,2_19,638.7471,32.05119,19.3923,0.0545,188.7501,18.0,21.0,1357.0,109.0,1357.1646,108.6598,1357.1646,108.6598,142.17499586941202,27.95224514212072,1.369,1.013,16.52,0.07935,0.05862,18.1,1357.1646,108.6598,142.17499586941202,27.95224514212072,1.5311447762,1.1658029365,1.5311447762,1.1658029365,1.245,1.071,12.36,1.244818,1.071157,12.36,23.4446,0.0,4.23,1.352,0.26,0.001,2.0
206,206,2_59,2_18,106627.7,152.7094,13.8359,0.0016,188.6222,135.0,142.0,1166.0,95.0,1166.4372,95.4734,1166.4372,95.4734,142.23565935031598,27.95665104511254,1.759,1.502,74.03,0.00355,0.00294,77.51,1166.4372,95.4734,142.23565935031598,27.95665104511254,0.59454358064,0.67108212028,0.59454358064,0.67108212028,0.827,0.763,69.63,0.8266292,0.7630923,69.63,23.4426,0.0,3.03,1.171,0.146,0.985,2.0
207,207,2_60,2_17,631.5153,28.47979,19.4046,0.049,187.6728,15.0,16.0,1490.0,97.0,1490.4388,97.1194,1490.4388,97.1194,142.13251978203516,27.954984808467007,1.158,0.856,66.43,0.06622,0.04737,69.18,1490.4388,97.1194,142.13251978203516,27.954984808467007,0.48766470263,0.5965926355,0.48766470263,0.5965926355,0.785,0.684,68.63,0.7850359,0.6840877,68.63,23.3968,0.0,2.87,1.354,0.261,0.666,2.0
208,208,2_61,2_16,262.1605,21.11143,20.3592,0.0875,188.5657,8.0,9.0,1324.0,87.0,1324.033,86.9656,1324.033,86.9656,142.18545211458456,27.95846645130186,0.783,0.771,61.4,0.07504,0.07498,-71.27,1324.033,86.9656,142.18545211458456,27.95846645130186,0.58981051562,0.6636782326,0.58981051562,0.6636782326,0.816,0.766,78.9,0.8164776,0.7660634,78.9,23.4205,0.0,2.4,1.016,0.016,0.217,2.0
209,209,2_62,2_15,279.9026,21.1032,20.2881,0.0819,187.5872,8.0,9.0,1241.0,85.0,1240.8138,85.3196,1240.8138,85.3196,142.2119390365563,27.95923554636825,0.887,0.671,67.84,0.09043,0.06552,69.28,1240.8138,85.3196,142.2119390365563,27.95923554636825,0.45407915524,0.47280392857,0.45407915524,0.47280392857,0.717,0.643,50.33,0.7169591,0.6425362,50.33,23.3638,0.0,2.61,1.322,0.243,0.63,2.0
210,210,2_63,2_14,49721.84,118.5123,14.6642,0.0026,188.2775,125.0,135.0,1340.0,75.0,1339.8382,75.3312,1339.8382,75.3312,142.18037146040206,27.961677928882573,2.16,1.626,-53.71,0.00746,0.0054,-53.66,1339.8382,75.3312,142.18037146040206,27.961677928882573,0.63050065475,0.73606555747,0.63050065475,0.73606555747,0.865,0.786,71.86,0.8653118,0.7860036,71.86,23.4087,0.0,3.8,1.328,0.247,0.979,2.0
211,211,2_64,2_13,48694.76,113.7328,14.6869,0.0025,188.5201,102.0,113.0,1323.0,74.0,1322.8649,74.7248,1322.8649,74.7248,142.1857726604632,27.961911479625424,1.709,1.479,75.89,0.00568,0.00489,80.72,1322.8649,74.7248,142.1857726604632,27.961911479625424,0.57218877864,0.64769706656,0.57218877864,0.64769706656,0.812,0.749,70.13,0.8118097,0.7488998,70.13,23.4196,0.0,2.72,1.155,0.134,0.983,2.0
212,212,2_65,2_12,1169.565,35.00413,18.7355,0.0325,188.4295,19.0,24.0,1112.0,72.0,1112.1483,72.3835,1112.1483,72.3835,142.2528497231649,27.963335707498352,1.201,1.054,87.84,0.04629,0.03911,88.88,1112.1483,72.3835,142.2528497231649,27.963335707498352,0.48859495042,0.53494780019,0.48859495042,0.53494780019,0.736,0.694,69.86,0.7363093,0.6938237,69.86,23.4405,0.0,2.35,1.14,0.123,0.913,2.0
213,213,2_66,2_11,9648.679,64.35638,16.4444,0.0072,188.1146,53.0,59.0,1200.0,67.0,1200.4997,67.2767,1200.4997,67.2767,142.2246996271661,27.96445383620941,1.528,1.349,78.99,0.01396,0.01229,83.37,1200.4997,67.2767,142.2246996271661,27.96445383620941,0.57083877644,0.64440096953,0.57083877644,0.64440096953,0.81,0.748,69.82,0.8098727,0.7478943,69.82,23.415,0.0,2.72,1.133,0.117,0.987,2.0
214,214,2_67,2_10,146.313,16.82163,20.9924,0.1249,187.8121,6.0,6.0,1146.0,70.0,1145.9867,69.5122,1145.9867,69.5122,142.2420646085953,27.96402193281457,0.795,0.5,1.38,0.11726,0.07194,0.06,1145.9867,69.5122,142.2420646085953,27.96402193281457,0.95913136136,0.89403677039,0.95913136136,0.89403677039,1.011,0.912,34.99,1.010759,0.9118853,34.99,23.3995,0.0,3.72,1.591,0.371,0.081,2.0
215,215,2_68,2_9,694.9403,31.93266,19.3007,0.0499,188.7054,15.0,20.0,1291.0,63.0,1290.8927,63.035700000000006,1290.8927,63.035700000000006,142.19590285384066,27.965315390137214,1.161,1.033,67.66,0.061,0.05594,63.92,1290.8927,63.035700000000006,142.19590285384066,27.965315390137214,0.659588073,0.77722718522,0.659588073,0.77722718522,0.89,0.803,71.51,0.8899651,0.8029803,71.51,23.4266,0.0,2.91,1.124,0.11,0.079,2.0
216,216,2_69,2_8,247125.4,220.3598,12.9233,0.001,188.2196,184.0,195.0,1382.0,51.0,1382.0419,51.3532,1382.0419,51.3532,142.16683354206364,27.968259829396327,1.793,1.543,74.26,0.00216,0.00186,72.78,1382.0419,51.3532,142.16683354206364,27.968259829396327,0.59249467929,0.6788867921,0.59249467929,0.6788867921,0.83,0.764,72.61,0.8296292,0.7636077,72.61,23.4083,0.0,2.76,1.162,0.139,0.994,2.0
217,217,2_70,2_7,344.4048,23.34831,20.0629,0.0736,187.6967,9.0,11.0,1492.0,56.0,1491.478,55.6819,1491.478,55.6819,142.13200989454094,27.966627925592345,0.895,0.796,27.19,0.07774,0.06758,19.26,1491.478,55.6819,142.13200989454094,27.966627925592345,0.4310737155,0.4790523976,0.4310737155,0.4790523976,0.706,0.641,61.67,0.7061951,0.641416,61.67,23.3804,0.0,2.17,1.124,0.111,0.726,2.0
218,218,2_71,2_6,252.5135,19.71376,20.3999,0.0848,187.708,7.0,8.0,1113.0,54.0,1112.8641,54.0428,1112.8641,54.0428,142.25254777932494,27.96848852059776,0.83,0.649,47.76,0.08458,0.0668,45.84,1112.8641,54.0428,142.25254777932494,27.96848852059776,0.50414368223,0.5814833674,0.50414368223,0.5814833674,0.799,0.668,56.88,0.7992377,0.6684656,56.88,23.3992,0.0,2.64,1.279,0.218,0.304,2.0
219,219,2_72,2_5,8014.774,63.11031,16.6458,0.0086,187.2354,53.0,59.0,1036.0,48.0,1036.595,48.6803,1036.595,48.6803,142.2768102654787,27.970265303651743,1.542,1.337,78.24,0.01681,0.01436,79.36,1036.595,48.6803,142.2768102654787,27.970265303651743,0.54141930791,0.60148788928,0.54141930791,0.60148788928,0.78,0.731,71.41,0.7804831,0.7305842,71.41,23.3466,0.0,2.45,1.153,0.133,0.997,2.0
221,221,2_74,2_3,418.7344,23.7533,19.8507,0.0616,187.5824,9.0,11.0,1050.0,47.0,1050.018,46.9686,1050.018,46.9686,142.27252950911586,27.97069932816283,0.98,0.725,-89.65,0.07137,0.04726,-89.94,1050.018,46.9686,142.27252950911586,27.97069932816283,0.46559283191,0.56415171859,0.46559283191,0.56415171859,0.751,0.682,-86.46,0.7513517,0.6820668,-86.46,23.3743,0.0,2.11,1.35,0.259,0.835,2.0
222,222,2_75,2_2,351.4721,23.49814,20.0408,0.0726,188.3035,11.0,11.0,1346.0,46.0,1345.9306,46.2704,1345.9306,46.2704,142.1783093699815,27.96982361995003,1.004,0.739,-74.21,0.08483,0.05986,-74.91,1345.9306,46.2704,142.1783093699815,27.96982361995003,0.69713454869,0.89461341557,0.69713454869,0.89461341557,0.953,0.827,-76.11,0.9526123,0.8272108,-76.11,23.4098,0.0,3.33,1.358,0.264,0.058,2.0
223,223,3_1,3_8,1360.47,37.04559,18.5714,0.0296,187.3613,21.0,26.0,1798.0,17.0,1797.8552,17.1175,1797.8552,17.1175,142.03429318585938,27.976258405763826,1.255,1.084,67.78,0.04351,0.03577,67.15,1797.8552,17.1175,142.03429318585938,27.976258405763826,0.54042286004,0.57636116398,0.54042286004,0.57636116398,0.765,0.729,66.16,0.7649076,0.7291779,66.16,23.3786,0.0,2.14,1.158,0.136,0.921,3.0
224,224,3_2,3_7,2465.714,43.52832,17.9257,0.0192,187.3303,28.0,35.0,1696.0,14.0,1695.7613,14.3726,1695.7613,14.3726,142.06678684654105,27.977440212897,1.386,1.169,87.61,0.03253,0.02639,-88.25,1695.7613,14.3726,142.06678684654105,27.977440212897,0.52044236123,0.60387273204,0.52044236123,0.60387273204,0.782,0.717,74.39,0.7816238,0.716505,74.39,23.3983,0.0,2.28,1.185,0.156,0.952,3.0
225,225,3_3,3_6,285698.4,235.9246,12.7658,0.0009,187.6908,200.0,214.0,1840.0,7.0,1840.2482,7.688000000000001,1840.2482,7.688000000000001,142.02075241108682,27.97873591180402,1.799,1.548,75.69,0.002,0.00178,85.09,1840.2482,7.688000000000001,142.02075241108682,27.97873591180402,0.57555767493,0.67286135317,0.57555767493,0.67286135317,0.827,0.751,72.22,0.8270551,0.7512649,72.22,23.3749,24.0,2.6,1.162,0.14,1.0,3.0
226,226,3_4,3_5,334.7354,22.72122,20.0938,0.0737,187.8876,9.0,11.0,1991.0,12.0,1990.5583,12.6183,1990.5583,12.6183,141.9729184042022,27.9767274546551,0.905,0.806,-27.03,0.08348,0.07256,-18.99,1990.5583,12.6183,141.9729184042022,27.9767274546551,0.47248475323,0.52770776126,0.47248475323,0.52770776126,0.735,0.678,-66.99,0.7347535,0.6784761,-66.99,23.4083,0.0,2.75,1.124,0.11,0.521,3.0
227,227,3_5,3_3,180.9706,18.63548,20.7616,0.1118,187.5608,6.0,7.0,1524.0,11.0,1524.0363,11.2999,1524.0363,11.2999,142.12145093910996,27.978977040297707,0.731,0.677,-1.5,0.09712,0.08984,0.24,1524.0363,11.2999,142.12145093910996,27.978977040297707,0.78146359318,0.73510109101,0.78146359318,0.73510109101,0.884,0.857,-2.6,0.8840585,0.8573245,-2.6,23.3653,0.0,4.17,1.079,0.073,0.024,3.0
228,228,3_6,3_2,849.0425,30.22404,19.0833,0.0387,187.289,15.0,18.0,1722.0,3.0,1722.3884,3.1408,1722.3884,3.1408,142.05825824947317,27.980490642472397,1.091,0.947,55.39,0.04891,0.04274,58.66,1722.3884,3.1408,142.05825824947317,27.980490642472397,0.48350063868,0.49556517109,0.48350063868,0.49556517109,0.725,0.674,49.86,0.7247441,0.6736556,49.86,23.3936,16.0,2.28,1.152,0.132,0.958,3.0
229,229,3_7,3_1,697.2955,31.52367,19.297,0.0491,187.9593,19.0,20.0,1948.0,1.0,1947.8464,1.3262999999999998,1947.8464,1.3262999999999998,141.9864643442489,27.980079644627565,1.421,0.921,21.59,0.08235,0.0494,20.58,1947.8464,1.3262999999999998,141.9864643442489,27.980079644627565,1.1379324998,0.96687366719,1.1379324998,0.96687366719,1.091,0.956,26.01,1.091498,0.9557398,26.01,23.383,24.0,4.46,1.542,0.352,0.017,3.0
230,230,3_8,3_57,1837.774,48.12203,18.2448,0.0284,187.5125,42.0,45.0,1823.0,469.0,1822.9896,468.934,1822.9896,468.934,142.02834583677404,27.84915458838155,1.676,1.592,45.58,0.05143,0.04897,26.55,1822.9896,468.934,142.02834583677404,27.84915458838155,1.7416750997,1.8736768849,1.7416750997,1.8736768849,1.376,1.312,70.46,1.375754,1.312498,70.46,23.357,0.0,4.68,1.053,0.05,0.009,3.0
231,231,3_9,3_65,295.8115,18.99488,20.228,0.0697,187.765,4.0,7.0,1781.0,511.0,1781.2599,510.6507,1781.2599,510.6507,142.04180535205836,27.83759511416164,0.901,0.473,4.53,0.08928,0.04201,8.0,1781.2599,510.6507,142.04180535205836,27.83759511416164,0.28157679917,0.036083723511,0.28157679917,0.036083723511,0.531,0.189,-2.39,0.5310409,0.1888282,-2.39,23.3737,24.0,1.74,1.905,0.475,0.695,3.0
232,232,3_10,3_56,16439.69,75.20145,15.8658,0.005,188.1383,64.0,70.0,2011.0,464.0,2011.5512,464.0903,2011.5512,464.0903,141.96835248904705,27.84973897442613,1.594,1.346,75.11,0.01025,0.00842,77.29,2011.5512,464.0903,141.96835248904705,27.84973897442613,0.55129214845,0.63392881507,0.55129214845,0.63392881507,0.803,0.735,71.18,0.8029858,0.7351427,71.18,23.3995,16.0,2.74,1.185,0.156,0.99,3.0
233,233,3_11,3_55,572.2593,26.79442,19.5116,0.0508,187.5331,12.0,14.0,1830.0,460.0,1830.1733,460.4357,1830.1733,460.4357,142.02602256400286,27.85151456596829,0.963,0.896,82.81,0.05486,0.05359,80.42,1830.1733,460.4357,142.02602256400286,27.85151456596829,0.42016001071,0.481196196,0.42016001071,0.481196196,0.694,0.647,82.5,0.6944594,0.6473656,82.5,23.3604,0.0,2.28,1.074,0.069,0.637,3.0
235,235,3_13,3_53,296.8486,23.83141,20.2242,0.0872,188.2173,10.0,12.0,1942.0,452.0,1942.2317,452.5434,1942.2317,452.5434,141.990345772533,27.8532738522781,1.208,0.699,47.04,0.11098,0.06363,45.26,1942.2317,452.5434,141.990345772533,27.8532738522781,1.4118771366,1.7483026205,1.4118771366,1.7483026205,1.441,1.041,54.88,1.441338,1.040541,54.88,23.4149,0.0,3.33,1.728,0.421,0.144,3.0
236,236,3_14,3_52,15203.76,75.80207,15.9507,0.0054,187.3565,68.0,74.0,1720.0,442.0,1719.874,442.519,1719.874,442.519,142.06102435492247,27.85699486189729,1.712,1.368,65.99,0.01213,0.00931,60.83,1719.874,442.519,142.06102435492247,27.85699486189729,0.57636506931,0.6574551203,0.57636506931,0.6574551203,0.818,0.752,70.9,0.8176209,0.7518752,70.9,23.353,0.0,2.92,1.252,0.201,0.976,3.0
237,237,3_15,3_51,1401.08,39.35033,18.5394,0.0305,187.5949,26.0,30.0,1849.0,439.0,1848.5258,440.1421,1848.5258,440.1421,142.020093212253,27.85714500143398,2.292,0.988,-80.97,0.08379,0.03314,-80.75,1848.5258,440.1421,142.020093212253,27.85714500143398,0.74157403913,0.85089102289,0.74157403913,0.85089102289,0.934,0.849,68.31,0.9335068,0.8491349,68.31,23.3726,0.0,7.93,2.319,0.569,0.88,3.0
238,238,3_16,3_50,19205.28,78.29334,15.697,0.0044,187.8445,68.0,74.0,2013.0,424.0,2013.3523,424.3037,2013.3523,424.3037,141.96759378296596,27.86091612764288,1.583,1.359,78.03,0.00917,0.00784,82.86,2013.3523,424.3037,141.96759378296596,27.86091612764288,0.54158151741,0.62901307402,0.54158151741,0.62901307402,0.798,0.73,73.66,0.7982722,0.7303123,73.66,23.4234,24.0,2.7,1.165,0.141,0.983,3.0
239,239,3_17,3_49,399.7314,25.32809,19.9012,0.0688,187.7787,9.0,13.0,1739.0,419.0,1738.4621,419.3564,1738.4621,419.3564,142.0550085836907,27.86343238140565,0.978,0.84,50.42,0.0746,0.06377,44.97,1738.4621,419.3564,142.0550085836907,27.86343238140565,0.46561414256,0.53852538559,0.46561414256,0.53852538559,0.749,0.666,64.08,0.7490485,0.6656319,64.08,23.3834,0.0,2.56,1.164,0.141,0.833,3.0
240,240,3_18,3_48,543.7291,25.62076,19.5671,0.0512,187.3945,11.0,13.0,1837.0,413.0,1836.8341,413.4175,1836.8341,413.4175,142.0236906736258,27.86470546315169,0.992,0.821,77.55,0.05807,0.04978,76.37,1836.8341,413.4175,142.0236906736258,27.86470546315169,0.37033526976,0.49651173048,0.37033526976,0.49651173048,0.709,0.604,78.12,0.7087696,0.6037323,78.12,23.3639,0.0,2.32,1.209,0.173,0.775,3.0
241,241,3_19,3_47,432.8222,25.16953,19.8148,0.0632,187.6377,9.0,13.0,1560.0,412.0,1559.8879,411.5867,1559.8879,411.5867,142.11177827928583,27.86631871447401,0.953,0.853,-78.53,0.06873,0.05943,-76.7,1559.8879,411.5867,142.11177827928583,27.86631871447401,0.49632741296,0.47131862548,0.49632741296,0.47131862548,0.705,0.686,12.19,0.7053735,0.6856342,12.19,23.3931,0.0,2.08,1.118,0.105,0.842,3.0
242,242,3_20,3_46,238.2794,19.65093,20.4629,0.0896,187.7647,7.0,8.0,1556.0,406.0,1555.8499,406.1575,1555.8499,406.1575,142.1130392893183,27.86786064252859,0.796,0.659,44.02,0.09226,0.07329,44.99,1555.8499,406.1575,142.1130392893183,27.86786064252859,0.41821316332,0.39250016717,0.41821316332,0.39250016717,0.667,0.605,35.45,0.6668318,0.6050196,35.45,23.3992,0.0,2.19,1.207,0.172,0.597,3.0
243,243,3_21,3_45,128.1949,17.95103,21.1359,0.1521,188.1198,6.0,7.0,1855.0,376.0,1854.7037,376.0018,1854.7037,376.0018,142.01783609276472,27.87515086451508,0.753,0.692,-88.63,0.11133,0.10304,-89.9,1854.7037,376.0018,142.01783609276472,27.87515086451508,1.4270988368,1.4662555937,1.4270988368,1.4662555937,1.218,1.188,-61.66,1.217505,1.18787,-61.66,23.4241,0.0,4.27,1.088,0.081,0.051,3.0
244,244,3_22,3_44,55671.62,118.2545,14.5415,0.0023,187.4538,108.0,116.0,1800.0,361.0,1800.1338,361.3483,1800.1338,361.3483,142.035129630516,27.879491776648752,1.708,1.461,73.92,0.00521,0.00437,75.99,1800.1338,361.3483,142.035129630516,27.879491776648752,0.57359578444,0.66046069067,0.57359578444,0.66046069067,0.819,0.75,71.88,0.8190734,0.75045,71.88,23.3818,0.0,2.62,1.169,0.144,0.983,3.0
245,245,3_23,3_43,182.2801,17.03605,20.7537,0.1015,187.9373,5.0,6.0,1694.0,367.0,1693.7796,366.7794,1693.7796,366.7794,142.0689885998614,27.878390776631264,0.743,0.558,45.07,0.09408,0.06926,45.01,1693.7796,366.7794,142.0689885998614,27.878390776631264,0.43542991604,0.38571421114,0.43542991604,0.38571421114,0.672,0.608,26.57,0.6723127,0.6075687,26.57,23.4086,0.0,2.44,1.333,0.25,0.543,3.0
246,246,3_24,3_42,26262.25,89.56178,15.3572,0.0037,187.4962,78.0,88.0,1741.0,351.0,1741.0781,351.3057,1741.0781,351.3057,142.0538722707183,27.882552332753782,1.644,1.419,70.71,0.00799,0.00688,66.98,1741.0781,351.3057,142.0538722707183,27.882552332753782,0.56197297266,0.64707539437,0.56197297266,0.64707539437,0.813,0.741,69.72,0.8127285,0.7406219,69.72,23.3864,0.0,2.58,1.159,0.137,0.983,3.0
248,248,3_26,3_40,6464.425,69.1373,16.8792,0.0116,187.4028,82.0,87.0,1905.0,336.0,1904.9493,335.934,1904.9493,335.934,142.00166796963416,27.886208291088344,2.139,1.808,-25.43,0.03062,0.02465,-23.17,1904.9493,335.934,142.00166796963416,27.886208291088344,1.6379034212,1.5807750369,1.6379034212,1.5807750369,1.301,1.235,-35.1,1.301407,1.234917,-35.1,23.376,0.0,3.51,1.183,0.155,0.028,3.0
249,249,3_27,3_39,793.9801,29.5013,19.156,0.0404,187.4036,14.0,17.0,1530.0,334.0,1530.0207,334.1902,1530.0207,334.1902,142.12094553073788,27.888192090759148,1.001,0.985,32.28,0.04888,0.04728,-0.7,1530.0207,334.1902,142.12094553073788,27.888192090759148,0.49148027309,0.50399492598,0.49148027309,0.50399492598,0.716,0.695,57.03,0.7163012,0.6945415,57.03,23.3549,0.0,2.08,1.016,0.016,0.873,3.0
251,251,3_29,3_37,350.0169,21.95605,20.0454,0.0681,187.3077,10.0,10.0,1940.0,314.0,1939.9533,313.771,1939.9533,313.771,141.99042913090872,27.892293699517587,0.888,0.739,-89.52,0.07533,0.05989,89.83,1939.9533,313.771,141.99042913090872,27.892293699517587,0.48843189054,0.59396307446,0.48843189054,0.59396307446,0.773,0.697,-80.26,0.7727673,0.6965814,-80.26,23.3705,0.0,2.36,1.2,0.167,0.493,3.0
252,252,3_30,3_36,462.485,26.12343,19.7428,0.0613,187.1333,12.0,14.0,1639.0,300.0,1638.8395,300.6429,1638.8395,300.6429,142.0861760447204,27.897199541381067,1.052,0.874,-55.1,0.07593,0.06076,-53.75,1638.8395,300.6429,142.0861760447204,27.897199541381067,0.6083146793,0.69849633632,0.6083146793,0.69849633632,0.836,0.779,-83.7,0.836427,0.779231,-83.7,23.355,0.0,2.87,1.203,0.169,0.728,3.0
253,253,3_31,3_35,660.2911,27.70233,19.3562,0.0456,187.9615,13.0,16.0,2003.0,288.0,2002.5922,288.2409,2002.5922,288.2409,141.9703807354505,27.899208910319444,1.074,0.899,61.05,0.05781,0.0464,61.92,2002.5922,288.2409,141.9703807354505,27.899208910319444,0.47282282759,0.52583865135,0.47282282759,0.52583865135,0.734,0.679,66.49,0.7336291,0.6785645,66.49,23.417,0.0,2.49,1.195,0.164,0.907,3.0
254,254,3_32,3_34,1631.968,37.25602,18.3738,0.0248,187.6461,23.0,26.0,1670.0,278.0,1670.1773,277.8758,1670.1773,277.8758,142.07610409390895,27.90347607080295,1.235,1.08,86.46,0.03675,0.03126,-85.98,1670.1773,277.8758,142.07610409390895,27.90347607080295,0.47696739246,0.56205306545,0.47696739246,0.56205306545,0.751,0.689,81.56,0.750977,0.6892416,81.56,23.3918,0.0,2.17,1.144,0.126,0.942,3.0
255,255,3_33,3_33,34513.69,99.8564,15.0606,0.0031,187.9109,88.0,99.0,1524.0,255.0,1524.571,255.42200000000005,1524.571,255.42200000000005,142.12233955813755,27.910355868412672,1.643,1.425,74.84,0.00657,0.0057,76.6,1524.571,255.42200000000005,142.12233955813755,27.910355868412672,0.56290653671,0.63512782851,0.56290653671,0.63512782851,0.804,0.743,69.91,0.8039132,0.7428041,69.91,23.3783,0.0,2.62,1.153,0.133,1.0,3.0
256,256,3_34,3_32,7764.18,59.70238,16.6803,0.0084,187.9553,52.0,56.0,1997.0,255.0,1996.8193,255.3721,1996.8193,255.3721,141.97206388412977,27.90847215683094,1.565,1.315,73.44,0.01701,0.01379,71.15,1996.8193,255.3721,141.97206388412977,27.90847215683094,0.55402797573,0.64343512194,0.55402797573,0.64343512194,0.807,0.739,74.72,0.8066266,0.7394705,74.72,23.4175,0.0,2.58,1.189,0.159,0.958,3.0
258,258,3_36,3_29,649.0869,27.44787,19.3748,0.0459,187.9803,14.0,15.0,1675.0,221.0,1674.877,220.5621,1674.877,220.5621,142.07435450265658,27.91956836239625,0.993,0.927,24.43,0.05347,0.04734,14.7,1674.877,220.5621,142.07435450265658,27.91956836239625,0.4923838263,0.52312591601,0.4923838263,0.52312591601,0.725,0.699,73.04,0.7254513,0.6994499,73.04,23.4098,0.0,2.41,1.072,0.067,0.922,3.0
259,259,3_37,3_28,236.2239,20.49487,20.4723,0.0942,188.4312,8.0,9.0,1854.0,204.0,1854.1146,204.3306,1854.1146,204.3306,142.0172397748575,27.92340985083707,0.942,0.673,-69.96,0.09712,0.06984,-69.72,1854.1146,204.3306,142.0172397748575,27.92340985083707,0.88727699189,1.1893132226,0.88727699189,1.1893132226,1.105,0.924,-72.66,1.10541,0.9244772,-72.66,23.4624,0.0,3.4,1.4,0.286,0.217,3.0
260,260,3_38,3_27,1006.271,36.1606,18.8988,0.039,187.6787,23.0,26.0,1589.0,184.0,1588.4293,184.0578,1588.4293,184.0578,142.10170638966758,27.930168994587923,1.449,1.09,33.26,0.06364,0.04548,29.62,1588.4293,184.0578,142.10170638966758,27.930168994587923,1.0263108621,1.0246299185,1.0263108621,1.0246299185,1.068,0.954,44.79,1.068487,0.9535602,44.79,23.3757,0.0,3.74,1.33,0.248,0.008,3.0
261,261,3_39,3_26,193.429,18.19431,20.6893,0.1022,187.9171,7.0,7.0,1778.0,166.0,1778.2581,165.9902,1778.2581,165.9902,142.0412077290566,27.934494727650065,0.724,0.694,82.37,0.09123,0.08473,89.51,1778.2581,165.9902,142.0412077290566,27.934494727650065,0.96546848567,0.73303961325,0.96546848567,0.73303961325,0.985,0.853,8.08,0.9850113,0.8533821,8.08,23.4118,0.0,4.2,1.043,0.041,0.002,3.0
262,262,3_40,3_25,166047.9,186.2226,13.355,0.0012,187.7958,170.0,178.0,1566.0,159.0,1566.5841,159.1796,1566.5841,159.1796,142.1085506386162,27.93724698897493,1.806,1.544,81.31,0.00285,0.00238,89.71,1566.5841,159.1796,142.1085506386162,27.93724698897493,0.59398528668,0.67749980838,0.59398528668,0.67749980838,0.83,0.764,71.14,0.8297803,0.7635114,71.14,23.378,0.0,2.85,1.169,0.145,0.982,3.0
264,264,3_42,3_23,1177.931,35.10558,18.7278,0.0324,187.6866,22.0,24.0,1615.0,145.0,1615.5195,145.0849,1615.5195,145.0849,142.09291276573285,27.94101794335109,1.471,0.961,-80.8,0.05677,0.03409,-82.68,1615.5195,145.0849,142.09291276573285,27.94101794335109,0.68281806577,0.96771748137,0.68281806577,0.96771748137,0.988,0.822,-80.92,0.9875113,0.821801,-80.92,23.3875,0.0,3.11,1.531,0.347,0.407,3.0
265,265,3_43,3_22,1154.409,33.63181,18.7497,0.0316,187.7861,18.0,22.0,1747.0,140.0,1746.6793,139.808,1746.6793,139.808,142.05114080536143,27.941981050043168,1.177,1.045,77.77,0.04305,0.03896,70.53,1746.6793,139.808,142.05114080536143,27.941981050043168,0.51984990024,0.63066672229,0.51984990024,0.63066672229,0.796,0.719,80.6,0.7961079,0.7188386,80.6,23.4026,0.0,2.52,1.127,0.112,0.939,3.0
266,266,3_44,3_21,533.8503,30.03641,19.587,0.0611,187.5226,15.0,19.0,1787.0,138.0,1786.9632,137.9558,1786.9632,137.9558,142.0383100351892,27.94233940629089,1.492,0.853,-44.77,0.09882,0.05712,-44.99,1786.9632,137.9558,142.0383100351892,27.94233940629089,1.501355567,1.5125002634,1.501355567,1.5125002634,1.43,0.984,-45.3,1.42996,0.9844133,-45.3,23.3846,0.0,5.46,1.748,0.428,0.009,3.0
267,267,3_45,3_20,3658.099,47.12875,17.4974,0.014,187.7539,33.0,38.0,1854.0,101.0,1854.4762,101.7002,1854.4762,101.7002,142.01665444334995,27.95225510445525,1.383,1.198,80.6,0.02337,0.01992,88.31,1854.4762,101.7002,142.01665444334995,27.95225510445525,0.52460893921,0.58225990887,0.52460893921,0.58225990887,0.77,0.717,68.31,0.770128,0.7167788,68.31,23.4031,0.0,2.32,1.155,0.134,1.0,3.0
268,268,3_46,3_19,318.4745,21.03324,20.1479,0.0717,187.5917,9.0,9.0,1694.0,92.0,1693.9536,91.9359,1693.9536,91.9359,142.06770968073175,27.95564727224008,0.768,0.764,-50.88,0.06493,0.06468,55.96,1693.9536,91.9359,142.06770968073175,27.95564727224008,0.46710988057,0.47279856794,0.46710988057,0.47279856794,0.694,0.677,-52.39,0.6936146,0.6773531,-52.39,23.3872,0.0,1.97,1.006,0.006,0.659,3.0
269,269,3_47,3_18,1340.328,35.75538,18.5875,0.029,187.3043,22.0,24.0,1550.0,74.0,1550.1077,74.1022,1550.1077,74.1022,142.1134241550566,27.961224527938533,1.233,1.044,68.0,0.04186,0.03384,71.03,1550.1077,74.1022,142.1134241550566,27.961224527938533,0.53255365319,0.57784831755,0.53255365319,0.57784831755,0.774,0.715,60.57,0.7739446,0.7151306,60.57,23.3564,0.0,2.27,1.181,0.153,0.969,3.0
270,270,3_48,3_17,5817.983,88.2815,16.9936,0.0165,187.9616,144.0,158.0,1734.0,68.0,1733.8169,67.9698,1733.8169,67.9698,142.05491174276676,27.96222420732633,3.167,3.057,81.28,0.0549,0.05252,79.05,1733.8169,67.9698,142.05491174276676,27.96222420732633,7.4635064487,7.6763045735,7.4635064487,7.6763045735,2.771,2.731,83.62,2.771101,2.731448,83.62,23.4188,0.0,9.91,1.036,0.034,0.0,3.0
271,271,3_49,3_16,1383.004,35.27937,18.5535,0.0277,187.665,19.0,24.0,1622.0,65.0,1622.2248,65.4159,1622.2248,65.4159,142.09042672020738,27.963384695613136,1.218,1.019,87.41,0.04044,0.03182,-89.96,1622.2248,65.4159,142.09042672020738,27.963384695613136,0.46352494307,0.51603540609,0.46352494307,0.51603540609,0.721,0.678,74.32,0.7214774,0.6775181,74.32,23.4072,0.0,2.07,1.195,0.163,0.974,3.0
272,272,3_50,3_15,785.3192,30.63728,19.168,0.0424,187.9436,15.0,19.0,2015.0,63.0,2014.7729,62.9771,2014.7729,62.9771,141.96544657449002,27.96247259114814,1.137,0.963,55.8,0.05517,0.04682,47.47,2014.7729,62.9771,141.96544657449002,27.96247259114814,0.49426913989,0.57076538433,0.49426913989,0.57076538433,0.771,0.686,63.99,0.771141,0.6858397,63.99,23.3991,24.0,2.64,1.18,0.153,0.955,3.0
273,273,3_51,3_14,781.1147,29.19686,19.1738,0.0406,187.5659,14.0,17.0,1641.0,60.0,1641.3659,59.8359,1641.3659,59.8359,142.08430816184344,27.96487775601449,1.095,0.901,75.75,0.05245,0.04112,74.76,1641.3659,59.8359,142.08430816184344,27.96487775601449,0.42742167534,0.50220111751,0.42742167534,0.50220111751,0.712,0.651,77.11,0.7115716,0.6506063,77.11,23.4008,0.0,2.32,1.215,0.177,0.979,3.0
274,274,3_52,3_13,23393.02,87.01479,15.4829,0.004,188.0878,77.0,87.0,1941.0,52.0,1941.4425,52.9267,1941.4425,52.9267,141.98874405281018,27.96560432653618,1.63,1.434,71.4,0.00854,0.0078,60.54,1941.4425,52.9267,141.98874405281018,27.96560432653618,0.54689568922,0.6324635248,0.54689568922,0.6324635248,0.801,0.733,72.41,0.8012639,0.7330316,72.41,23.4041,0.0,2.76,1.137,0.12,0.983,3.0
275,275,3_53,3_12,190.6225,17.20466,20.7051,0.098,188.4014,6.0,6.0,1899.0,43.0,1899.491,42.9979,1899.491,42.9979,142.0020535827047,27.968568711370384,0.783,0.5,89.69,0.09555,0.05872,89.98,1899.491,42.9979,142.0020535827047,27.968568711370384,0.47844875988,0.63058427921,0.47844875988,0.63058427921,0.794,0.692,88.15,0.7941929,0.6915857,88.15,23.4184,0.0,3.27,1.566,0.361,0.216,3.0
276,276,3_54,3_11,1092.083,34.99378,18.8099,0.0348,187.8498,18.0,24.0,1949.0,38.0,1949.1574,38.3321,1949.1574,38.3321,141.98621984744838,27.969673984379263,1.266,1.011,87.73,0.0515,0.04008,89.72,1949.1574,38.3321,141.98621984744838,27.969673984379263,0.47392425317,0.61060210469,0.47392425317,0.61060210469,0.782,0.687,84.3,0.7822898,0.687422,84.3,23.3849,0.0,2.21,1.252,0.201,0.917,3.0
277,277,3_55,3_10,201.3743,18.54481,20.6456,0.1,187.4842,7.0,7.0,1546.0,36.0,1546.292,35.9457,1546.292,35.9457,142.1144723183664,27.971963946863717,0.716,0.665,-89.94,0.08903,0.08225,-89.78,1546.292,35.9457,142.1144723183664,27.971963946863717,0.43525349882,0.38188342599,0.43525349882,0.38188342599,0.675,0.601,27.88,0.6752782,0.6009462,27.88,23.3695,0.0,2.18,1.077,0.071,0.663,3.0
278,278,3_56,3_9,571.1788,26.39436,19.5136,0.0502,187.5516,11.0,14.0,1967.0,29.0,1967.2514,29.3353,1967.2514,29.3353,141.98041722731674,27.97212696046088,0.96,0.91,73.97,0.05436,0.05251,83.86,1967.2514,29.3353,141.98041722731674,27.97212696046088,0.50133493292,0.53722451379,0.50133493292,0.53722451379,0.741,0.699,63.1,0.741393,0.6992109,63.1,23.3707,0.0,2.18,1.055,0.052,0.914,3.0
279,279,3_57,3_64,8229.198,62.5808,16.6172,0.0083,187.7605,48.0,57.0,1858.0,504.0,1858.5396,504.7928,1858.5396,504.7928,142.01720245358828,27.83892900538536,1.546,1.314,70.99,0.01627,0.01318,68.46,1858.5396,504.7928,142.01720245358828,27.83892900538536,0.54587358745,0.61208739848,0.54587358745,0.61208739848,0.79,0.73,68.32,0.7902591,0.7303777,68.32,23.3662,16.0,2.51,1.177,0.15,1.0,3.0
281,281,3_59,3_62,433.7558,23.5009,19.8125,0.0588,187.8417,9.0,11.0,1649.0,498.0,1649.09,498.2376,1649.09,498.2376,142.0837837123896,27.841610309621505,0.95,0.74,78.17,0.06811,0.04829,75.49,1649.09,498.2376,142.0837837123896,27.841610309621505,0.40385636076,0.44804173825,0.40385636076,0.44804173825,0.67,0.635,-85.71,0.6695457,0.6353005,-85.71,23.3846,0.0,2.21,1.284,0.221,0.726,3.0
282,282,3_60,3_60,851.075,35.78704,19.0807,0.0457,187.5533,16.0,26.0,1649.0,478.0,1649.2713,478.4697,1649.2713,478.4697,142.08363924281642,27.847167130902456,1.158,1.035,79.12,0.06483,0.05758,80.2,1649.2713,478.4697,142.08363924281642,27.847167130902456,0.98589251286,1.0973372292,0.98589251286,1.0973372292,1.06,0.979,66.32,1.060125,0.9794713,66.32,23.3674,0.0,3.2,1.118,0.106,0.093,3.0
283,283,3_61,3_4,192.2015,19.31549,20.6962,0.1091,187.4993,8.0,8.0,1601.0,13.0,1601.1756,12.9006,1601.1756,12.9006,142.09689640690618,27.978227361497044,0.85,0.658,45.96,0.10226,0.0806,44.89,1601.1756,12.9006,142.09689640690618,27.978227361497044,0.9748284964,0.96987529171,0.9748284964,0.96987529171,1.062,0.903,44.55,1.062279,0.9034756,44.55,23.3981,0.0,2.85,1.293,0.227,0.016,3.0
284,284,3_62,3_59,43798.77,108.0562,14.8019,0.0027,187.5196,95.0,107.0,1620.0,473.0,1620.3934,473.8725,1620.3934,473.8725,142.09280374217363,27.848572750010305,1.68,1.459,73.2,0.00601,0.0051,70.47,1620.3934,473.8725,142.09280374217363,27.848572750010305,0.55466897906,0.62975502399,0.55466897906,0.62975502399,0.8,0.738,71.37,0.7996137,0.7382696,71.37,23.3821,0.0,2.73,1.152,0.132,0.984,3.0
286,286,4_1,4_3,190.919,18.3431,20.7034,0.1043,188.1329,7.0,7.0,2465.0,8.0,2465.013,8.2924,2465.013,8.2924,141.8218512705938,27.97586302374425,0.725,0.671,1.21,0.09235,0.08548,0.14,2465.013,8.2924,141.8218512705938,27.97586302374425,0.52436010801,0.60765934496,0.52436010801,0.60765934496,0.78,0.724,85.95,0.779794,0.7238375,85.95,23.3865,0.0,2.57,1.082,0.075,0.261,4.0
287,287,4_2,4_2,688.9142,31.44395,19.3102,0.0496,187.8184,21.0,21.0,2129.0,1.0,2129.1153,1.5581999999999998,2129.1153,1.5581999999999998,141.92875216748678,27.979246484303616,1.23,1.104,33.31,0.07196,0.06247,39.88,2129.1153,1.5581999999999998,141.92875216748678,27.979246484303616,1.1306501873,0.96697392227,1.1306501873,0.96697392227,1.064,0.983,2.83,1.063509,0.9831446,2.83,23.4107,24.0,3.95,1.114,0.102,0.001,4.0
288,288,4_3,4_1,475.0923,25.36618,19.7136,0.058,187.7456,10.0,13.0,2418.0,0.0,2418.1439,0.3954999999999999,2418.1439,0.3954999999999999,141.8367314484894,27.978295655344425,1.73,0.486,1.75,0.13124,0.03475,2.2,2418.1439,0.3954999999999999,141.8367314484894,27.978295655344425,1.4903278018,0.31594661847,1.4903278018,0.31594661847,1.221,0.562,-0.3,1.220803,0.5620632,-0.3,23.3873,24.0,5.46,3.557,0.719,0.716,4.0
289,289,4_4,4_85,723.6971,34.01824,19.2567,0.051,188.1693,22.0,24.0,2165.0,497.0,2164.7289,496.9397,2164.7289,496.9397,141.91979384931128,27.83985368854612,1.542,1.04,-28.88,0.08211,0.05775,-28.04,2164.7289,496.9397,141.91979384931128,27.83985368854612,1.6927737487,1.3638791342,1.6927737487,1.3638791342,1.367,1.09,-30.55,1.366993,1.089946,-30.55,23.3907,0.0,5.25,1.483,0.326,0.0,4.0
290,290,4_5,4_88,3606.376,46.25042,17.5129,0.0139,187.7625,30.0,36.0,2225.0,508.0,2225.2022,508.2399,2225.2022,508.2399,141.90061792661905,27.836415301798965,1.302,1.207,77.48,0.02114,0.02065,87.86,2225.2022,508.2399,141.90061792661905,27.836415301798965,0.49015219818,0.58168753772,0.49015219818,0.58168753772,0.765,0.697,78.06,0.7654889,0.6970413,78.06,23.3916,24.0,2.16,1.079,0.073,0.971,4.0
291,291,4_6,4_84,11434.74,67.25205,16.26,0.0064,188.3531,55.0,62.0,2203.0,486.0,2203.0285,486.2443,2203.0285,486.2443,141.90756307062475,27.842694900204307,1.566,1.312,78.87,0.01303,0.01034,86.65,2203.0285,486.2443,141.90756307062475,27.842694900204307,0.5479471315,0.62950350137,0.5479471315,0.62950350137,0.801,0.732,69.99,0.8012359,0.7317593,69.99,23.4196,0.0,2.45,1.194,0.162,0.982,4.0
292,292,4_7,4_83,25329.68,93.59526,15.3965,0.004,188.8979,92.0,104.0,2519.0,481.0,2518.044,480.9242,2518.044,480.9242,141.80736557667598,27.84278583622872,2.678,1.207,-89.7,0.01651,0.00847,-89.14,2518.044,480.9242,141.80736557667598,27.84278583622872,0.35378608303,1.5908631603,0.35378608303,1.5908631603,1.261,0.595,-89.16,1.2614,0.594576,-89.16,23.3836,24.0,5.32,2.219,0.549,0.999,4.0
293,293,4_8,4_81,27036.89,91.77369,15.3257,0.0037,188.0601,80.0,94.0,2175.0,480.0,2175.4524,480.0294,2175.4524,480.0294,141.91630271828765,27.84456124468915,1.629,1.397,72.43,0.00773,0.00667,68.89,2175.4524,480.0294,141.91630271828765,27.84456124468915,0.55878151274,0.64265013249,0.55878151274,0.64265013249,0.808,0.74,71.36,0.8083408,0.7402816,71.36,23.3902,0.0,2.68,1.166,0.142,0.983,4.0
294,294,4_9,4_80,105909.2,152.1039,13.8432,0.0016,188.1724,134.0,140.0,2419.0,468.0,2419.5854,468.4891,2419.5854,468.4891,141.8386109905334,27.846728908252107,1.7,1.472,75.82,0.00337,0.00293,78.93,2419.5854,468.4891,141.8386109905334,27.846728908252107,0.55521933163,0.62184136401,0.55521933163,0.62184136401,0.796,0.737,68.41,0.7963725,0.7367846,68.41,23.3901,0.0,2.48,1.155,0.134,0.996,4.0
295,295,4_10,4_79,14438.09,71.31844,16.0068,0.0054,187.4384,58.0,64.0,2359.0,470.0,2359.5275,470.4506,2359.5275,470.4506,141.85771886334237,27.84644670755233,1.537,1.339,74.99,0.01033,0.0091,68.21,2359.5275,470.4506,141.85771886334237,27.84644670755233,0.53851894171,0.60343489689,0.53851894171,0.60343489689,0.784,0.726,69.07,0.7839395,0.7262181,69.07,23.3546,0.0,2.51,1.148,0.129,0.981,4.0
296,296,4_11,4_78,461.1387,26.86741,19.746,0.0633,187.7691,13.0,15.0,2167.0,469.0,2167.0057,469.2437,2167.0057,469.2437,141.91893727070712,27.847629672447024,1.083,0.934,88.1,0.07731,0.06751,89.86,2167.0057,469.2437,141.91893727070712,27.847629672447024,0.79286786452,0.89310009839,0.79286786452,0.89310009839,0.95,0.885,73.51,0.9501173,0.8850114,73.51,23.3705,0.0,3.65,1.159,0.137,0.026,4.0
298,298,4_13,4_76,1607.443,40.08368,18.3902,0.0271,188.8107,22.0,30.0,2051.0,454.0,2050.6835,454.2668,2050.6835,454.2668,141.95586071567556,27.852335946398565,1.293,1.059,70.94,0.04065,0.03138,71.64,2050.6835,454.2668,141.95586071567556,27.852335946398565,0.54611643374,0.60508685206,0.54611643374,0.60508685206,0.79,0.727,64.06,0.7895353,0.7265241,64.06,23.4186,0.0,2.38,1.221,0.181,0.923,4.0
299,299,4_14,4_74,296.4808,21.86771,20.2256,0.0801,188.4191,8.0,10.0,2177.0,445.0,2176.7871,445.4553,2176.7871,445.4553,141.91571249976516,27.854274685201872,0.938,0.716,87.91,0.08707,0.06376,89.8,2176.7871,445.4553,141.91571249976516,27.854274685201872,0.52294550847,0.5848337445,0.52294550847,0.5848337445,0.765,0.722,82.76,0.7654076,0.7224476,82.76,23.4196,0.0,2.74,1.31,0.236,0.655,4.0
300,300,4_15,4_75,305.356,23.69741,20.1936,0.0843,188.0717,10.0,12.0,2348.0,447.0,2347.4003,446.8219,2347.4003,446.8219,141.8614589832891,27.853142781449524,1.196,0.717,17.62,0.11284,0.06434,17.17,2347.4003,446.8219,141.8614589832891,27.853142781449524,1.5661360175,1.0080072208,1.5661360175,1.0080072208,1.254,1.001,5.66,1.253661,1.001238,5.66,23.4032,0.0,4.05,1.668,0.4,0.001,4.0
301,301,4_16,4_72,209.5754,18.25344,20.6022,0.0946,188.3196,6.0,7.0,2413.0,442.0,2413.2865,442.0637,2413.2865,442.0637,141.8404825762334,27.854185383931668,0.732,0.659,80.15,0.0804,0.07407,89.02,2413.2865,442.0637,141.8404825762334,27.854185383931668,0.5230386997,0.62774744781,0.5230386997,0.62774744781,0.809,0.705,65.86,0.8087412,0.7047863,65.86,23.4151,0.0,2.14,1.111,0.1,0.585,4.0
303,303,4_18,4_70,290.8098,19.72547,20.2465,0.0737,187.2122,7.0,8.0,2251.0,394.0,2250.5225,393.9422,2250.5225,393.9422,141.89201196626908,27.868434683674256,0.771,0.692,3.98,0.07556,0.06236,-0.1,2250.5225,393.9422,141.89201196626908,27.868434683674256,0.403186633,0.37533267275,0.403186633,0.37533267275,0.649,0.597,32.3,0.6494007,0.5973257,32.3,23.3465,0.0,2.17,1.114,0.102,0.644,4.0
304,304,4_19,4_69,172.2819,16.89893,20.815,0.1065,187.4795,6.0,6.0,2088.0,390.0,2087.8222,390.161,2087.8222,390.161,141.9437457704215,27.87019945435363,0.743,0.566,-48.41,0.10092,0.07472,-45.21,2087.8222,390.161,141.9437457704215,27.87019945435363,0.54000359605,0.63525325939,0.54000359605,0.63525325939,0.798,0.734,82.93,0.7979594,0.7338377,82.93,23.3633,0.0,2.69,1.313,0.238,0.593,4.0
305,305,4_20,4_68,348.7713,24.73239,20.0492,0.077,188.2545,10.0,13.0,2121.0,385.0,2121.0123,384.9654,2121.0123,384.9654,141.9331636416702,27.87151840855561,1.216,0.716,-74.45,0.10348,0.05704,-75.08,2121.0123,384.9654,141.9331636416702,27.87151840855561,0.96731012088,1.1617636315,0.96731012088,1.1617636315,1.112,0.945,-62.31,1.111626,0.9451775,-62.31,23.4159,0.0,4.34,1.699,0.411,0.002,4.0
306,306,4_21,4_67,1642.788,37.5658,18.3666,0.0248,187.7607,22.0,27.0,2291.0,382.0,2291.3545,382.6594,2291.3545,382.6594,141.87896946244803,27.871426851065024,1.188,1.13,84.61,0.03483,0.03305,-60.46,2291.3545,382.6594,141.87896946244803,27.871426851065024,0.51074902106,0.5601735936,0.51074902106,0.5601735936,0.752,0.711,73.03,0.7518293,0.7111086,73.03,23.3873,0.0,2.29,1.051,0.048,0.979,4.0
307,307,4_22,4_66,815.7683,30.04332,19.1267,0.04,187.9626,16.0,18.0,2091.0,381.0,2091.2755,381.0949,2091.2755,381.0949,141.94260437900382,27.87273328131406,1.061,0.969,-71.74,0.04899,0.04324,-65.14,2091.2755,381.0949,141.94260437900382,27.87273328131406,0.46558110182,0.51730655437,0.46558110182,0.51730655437,0.719,0.682,86.13,0.7194057,0.6821606,86.13,23.3964,0.0,1.99,1.095,0.087,0.957,4.0
308,308,4_23,4_65,369.5836,23.00441,19.9863,0.0676,188.0348,8.0,11.0,2174.0,375.0,2173.8554,374.8057,2173.8554,374.8057,141.91630608667072,27.87414718968538,0.856,0.841,-75.24,0.06873,0.0663,-45.53,2173.8554,374.8057,141.91630608667072,27.87414718968538,0.41789682941,0.46948675305,0.41789682941,0.46948675305,0.695,0.636,65.86,0.6945847,0.6363455,65.86,23.4007,0.0,2.14,1.019,0.018,0.769,4.0
309,309,4_24,4_64,227.5915,19.38197,20.5127,0.0925,188.5855,8.0,8.0,2309.0,374.0,2309.089,374.1692,2309.089,374.1692,141.873286990223,27.873735047628337,0.811,0.671,-43.31,0.08649,0.06848,-44.96,2309.089,374.1692,141.873286990223,27.873735047628337,0.60638377847,0.68993749474,0.60638377847,0.68993749474,0.831,0.778,-83.24,0.8313404,0.7779425,-83.24,23.4454,0.0,2.03,1.209,0.173,0.13,4.0
310,310,4_25,4_63,832.3102,30.34508,19.1049,0.0396,187.7769,14.0,20.0,2503.0,372.0,2502.8866,371.7311,2502.8866,371.7311,141.81163458584237,27.87354795390081,1.169,0.987,52.66,0.0571,0.04556,45.99,2502.8866,371.7311,141.81163458584237,27.87354795390081,0.51479046339,0.62432016748,0.51479046339,0.62432016748,0.798,0.709,72.4,0.797861,0.7088925,72.4,23.4447,0.0,2.53,1.184,0.155,0.916,4.0
311,311,4_26,4_62,2917.403,44.32626,17.7431,0.0165,188.5064,32.0,35.0,2190.0,368.0,2189.8235,368.0536,2189.8235,368.0536,141.911194261499,27.875976126166343,1.38,1.147,62.52,0.02814,0.02248,58.56,2189.8235,368.0536,141.911194261499,27.875976126166343,0.52365628723,0.57953197493,0.52365628723,0.57953197493,0.77,0.714,66.34,0.7699388,0.7144105,66.34,23.4326,0.0,2.45,1.203,0.169,0.971,4.0
312,312,4_27,4_61,14319.02,71.1063,16.0158,0.0054,187.7295,60.0,66.0,2449.0,365.0,2449.1817,365.6889,2449.1817,365.6889,141.8286854520533,27.87549112176648,1.548,1.35,74.51,0.01069,0.00925,71.72,2449.1817,365.6889,141.8286854520533,27.87549112176648,0.53618336356,0.6066844069,0.53618336356,0.6066844069,0.786,0.725,70.1,0.7856952,0.7249489,70.1,23.4057,0.0,2.31,1.147,0.128,0.982,4.0
313,313,4_28,4_60,176.186,15.50665,20.7906,0.0956,187.983,1.0,5.0,2381.0,369.0,2381.0223,369.0076,2381.0223,369.0076,141.8503813267069,27.87486563218599,0.585,0.576,-0.95,0.07067,0.07055,5.74,2381.0223,369.0076,141.8503813267069,27.87486563218599,0.34237941401,0.33215500669,0.34237941401,0.33215500669,0.585,0.576,-0.95,0.5851343,0.5763265,-0.95,23.4072,0.0,0.0,1.015,0.015,0.936,4.0
314,314,4_29,4_59,4366.614,49.45001,17.3052,0.0123,187.7497,32.0,41.0,2387.0,362.0,2386.7586,361.853,2386.7586,361.853,141.84852129331793,27.87685095083247,1.379,1.217,75.09,0.02042,0.01843,68.05,2386.7586,361.853,141.84852129331793,27.87685095083247,0.50980121276,0.58392502042,0.50980121276,0.58392502042,0.769,0.709,72.89,0.7692068,0.7085528,72.89,23.3914,0.0,2.34,1.134,0.118,1.0,4.0
315,315,4_30,4_58,8636.19,60.71187,16.5648,0.0076,187.7555,51.0,54.0,2307.0,352.0,2306.9804,352.6942,2306.9804,352.6942,141.87385248475246,27.87978073481296,1.513,1.274,76.02,0.01474,0.01194,78.23,2306.9804,352.6942,141.87385248475246,27.87978073481296,0.52726490958,0.61423236485,0.52726490958,0.61423236485,0.79,0.719,72.01,0.7902449,0.7190343,72.01,23.389,0.0,2.36,1.187,0.158,0.98,4.0
316,316,4_31,4_57,2124.525,39.72168,18.0874,0.0203,188.3139,27.0,29.0,2259.0,350.0,2259.3517,350.6062,2259.3517,350.6062,141.8889929285761,27.880577425482382,1.232,1.136,73.58,0.02915,0.02725,57.55,2259.3517,350.6062,141.8889929285761,27.880577425482382,0.48693372606,0.54559592041,0.48693372606,0.54559592041,0.74,0.697,81.48,0.7395552,0.6968412,81.48,23.4222,0.0,2.16,1.085,0.078,0.983,4.0
317,317,4_32,4_56,359.2806,22.95394,20.017,0.0694,187.5203,8.0,11.0,2155.0,350.0,2155.3059,350.5318,2155.3059,350.5318,141.92209043446687,27.88105046621525,0.924,0.795,74.99,0.07239,0.06282,71.53,2155.3059,350.5318,141.92209043446687,27.88105046621525,0.52467561265,0.63867336224,0.52467561265,0.63867336224,0.802,0.722,79.46,0.8017215,0.7215204,79.46,23.368,0.0,2.35,1.161,0.139,0.704,4.0
318,318,4_33,4_55,5166.897,54.06584,17.1225,0.0114,187.5979,42.0,49.0,2128.0,326.0,2128.3393,326.5985,2128.3393,326.5985,141.9305548406735,27.887893790042398,1.58,1.225,74.06,0.02327,0.01685,73.93,2128.3393,326.5985,141.9305548406735,27.887893790042398,0.52855462426,0.61467959258,0.52855462426,0.61467959258,0.79,0.72,72.18,0.7903233,0.7201551,72.18,23.3734,0.0,2.39,1.29,0.225,0.955,4.0
320,320,4_35,4_53,222.4233,17.07227,20.5376,0.0834,187.5664,5.0,6.0,2268.0,329.0,2268.4891,328.9696,2268.4891,328.9696,141.88598088960276,27.886619061262603,0.768,0.5,89.99,0.08467,0.05211,89.96,2268.4891,328.9696,141.88598088960276,27.886619061262603,0.35418459945,0.37437082663,0.35418459945,0.37437082663,0.614,0.593,-71.93,0.6138203,0.5931106,-71.93,23.3754,0.0,2.16,1.535,0.349,0.608,4.0
321,321,4_36,4_52,128.0934,15.2805,21.1368,0.1296,187.6865,5.0,5.0,2093.0,328.0,2093.3766,327.7817,2093.3766,327.7817,141.94168335921407,27.887710590461957,0.751,0.452,-73.14,0.12189,0.0707,-71.7,2093.3766,327.7817,141.94168335921407,27.887710590461957,0.7809169082,1.1485235631,0.7809169082,1.1485235631,1.072,0.883,-87.29,1.072077,0.8832279,-87.29,23.3809,0.0,2.41,1.659,0.397,0.48,4.0
322,322,4_37,4_51,296.9862,21.77906,20.2237,0.0796,187.458,10.0,10.0,2209.0,317.0,2209.0358,316.8391,2209.0358,316.8391,141.9048356752521,27.89028865430624,0.905,0.754,-89.39,0.08555,0.06792,89.83,2209.0358,316.8391,141.9048356752521,27.89028865430624,0.7678285499,0.83385063921,0.7678285499,0.83385063921,0.916,0.873,-75.14,0.9158895,0.8733988,-75.14,23.3694,0.0,3.06,1.2,0.167,0.115,4.0
324,324,4_39,4_49,2370.692,40.20614,17.9684,0.0184,188.157,26.0,29.0,2174.0,298.0,2173.7922,298.1541,2173.7922,298.1541,141.9159581662858,27.895693521173012,1.269,1.116,80.15,0.02773,0.02416,85.9,2173.7922,298.1541,141.9159581662858,27.895693521173012,0.51591313768,0.56885800732,0.51591313768,0.56885800732,0.762,0.71,67.17,0.7617454,0.7102922,67.17,23.4129,0.0,2.2,1.137,0.12,0.968,4.0
325,325,4_40,4_48,527.3997,26.11534,19.6002,0.0538,188.2491,10.0,14.0,2422.0,296.0,2421.8085,296.4678,2421.8085,296.4678,141.83704671833976,27.895071307464832,0.949,0.909,86.28,0.05593,0.05482,-87.13,2421.8085,296.4678,141.83704671833976,27.895071307464832,0.48275695543,0.49925466586,0.48275695543,0.49925466586,0.712,0.689,60.26,0.7122167,0.6890276,60.26,23.4235,0.0,1.9,1.044,0.042,0.902,4.0
326,326,4_41,4_47,7759.121,59.89857,16.681,0.0084,187.1843,46.0,55.0,2054.0,291.0,2053.6581,291.4975,2053.6581,291.4975,141.9541483369474,27.89807839715541,1.48,1.319,75.52,0.01546,0.01419,77.45,2053.6581,291.4975,141.9541483369474,27.89807839715541,0.53827352094,0.60142674697,0.53827352094,0.60142674697,0.782,0.726,69.14,0.7824013,0.7263253,69.14,23.3502,0.0,2.39,1.122,0.109,0.982,4.0
327,327,4_42,4_46,1438.835,40.94994,18.5105,0.0309,187.9919,29.0,34.0,2022.0,290.0,2021.3913,289.3829,2021.3913,289.3829,141.96440471627068,27.898808939289285,1.747,1.147,40.61,0.05883,0.0403,39.28,2021.3913,289.3829,141.96440471627068,27.898808939289285,1.3011449947,1.2379867403,1.3011449947,1.2379867403,1.261,0.975,42.16,1.260547,0.9747574,42.16,23.403,0.0,4.56,1.523,0.344,0.088,4.0
328,328,4_43,4_45,209.7839,19.33647,20.6011,0.1001,188.1378,7.0,8.0,2204.0,290.0,2203.8092,290.182,2203.8092,290.182,141.90636977294236,27.897804234607435,0.809,0.677,46.83,0.09739,0.07788,44.99,2203.8092,290.182,141.90636977294236,27.897804234607435,0.64304681024,0.72586124212,0.64304681024,0.72586124212,0.862,0.791,67.75,0.8616922,0.791451,67.75,23.4198,0.0,3.33,1.194,0.163,0.031,4.0
329,329,4_44,4_44,268.5222,19.63375,20.3331,0.0794,188.0771,7.0,8.0,2413.0,284.0,2413.152,284.161,2413.152,284.161,141.83973919495563,27.898569440849997,0.805,0.656,-44.67,0.0801,0.06361,-45.03,2413.152,284.161,141.83973919495563,27.898569440849997,0.37729663109,0.38235997751,0.37729663109,0.38235997751,0.659,0.571,-46.34,0.6586549,0.5708154,-46.34,23.4104,0.0,2.22,1.227,0.185,0.63,4.0
330,330,4_45,4_43,32484.5,97.27071,15.1264,0.0033,188.396,87.0,96.0,2059.0,248.0,2058.635,248.168,2058.635,248.168,141.95236029112516,27.910236606714857,1.651,1.434,74.59,0.00698,0.00612,74.61,2058.635,248.168,141.95236029112516,27.910236606714857,0.55637902453,0.64214097137,0.55637902453,0.64214097137,0.808,0.739,71.7,0.8078781,0.7388187,71.7,23.394,0.0,2.85,1.151,0.131,0.987,4.0
331,331,4_46,4_42,157.8476,16.82726,20.91,0.1158,188.4607,4.0,6.0,2324.0,238.0,2323.8484,237.8305,2323.8484,237.8305,141.86792207657072,27.91199124895104,0.742,0.565,50.56,0.10184,0.07542,45.32,2323.8484,237.8305,141.86792207657072,27.91199124895104,0.37203590854,0.53302141476,0.37203590854,0.53302141476,0.731,0.609,84.65,0.7310562,0.6087809,84.65,23.4396,0.0,2.24,1.312,0.238,0.497,4.0
332,332,4_47,4_41,2437.681,41.46391,17.9381,0.0185,187.3514,26.0,31.0,2379.0,231.0,2379.3583,231.2816,2379.3583,231.2816,141.85022772906314,27.913583963987406,1.265,1.172,78.47,0.02738,0.02554,65.11,2379.3583,231.2816,141.85022772906314,27.913583963987406,0.52092520166,0.59653430515,0.52092520166,0.59653430515,0.773,0.721,84.26,0.7728562,0.7212161,84.26,23.3698,0.0,2.36,1.079,0.074,0.979,4.0
333,333,4_48,4_40,16120.25,76.19946,15.8871,0.0051,187.159,69.0,75.0,2409.0,227.0,2408.738,227.2546,2408.738,227.2546,141.84085981930852,27.91458354215341,1.599,1.378,76.87,0.01077,0.00924,75.49,2408.738,227.2546,141.84085981930852,27.91458354215341,0.55043045728,0.63650081809,0.55043045728,0.63650081809,0.804,0.735,72.13,0.804041,0.7351526,72.13,23.3556,0.0,2.81,1.161,0.138,0.986,4.0
334,334,4_49,4_39,764.1188,29.13279,19.1977,0.0414,187.7456,14.0,17.0,2312.0,210.0,2312.2908,209.7588,2312.2908,209.7588,141.87146149207672,27.91993243012633,1.082,0.904,76.7,0.05351,0.0419,73.97,2312.2908,209.7588,141.87146149207672,27.91993243012633,0.43621068346,0.48866781912,0.43621068346,0.48866781912,0.699,0.66,84.55,0.6993924,0.6600975,84.55,23.3979,0.0,2.19,1.197,0.165,0.945,4.0
335,335,4_50,4_38,306.2035,21.5697,20.1905,0.0765,187.8823,8.0,10.0,2122.0,210.0,2122.2956,209.7199,2122.2956,209.7199,141.93192016447267,27.920772067291228,0.911,0.735,47.89,0.08291,0.06542,45.23,2122.2956,209.7199,141.93192016447267,27.920772067291228,0.49404767714,0.5514301486,0.49404767714,0.5514301486,0.761,0.683,60.32,0.7609421,0.6829677,60.32,23.4124,0.0,2.49,1.239,0.193,0.728,4.0
336,336,4_51,4_37,768.0751,28.97976,19.1921,0.041,187.2751,14.0,17.0,2464.0,207.0,2464.4927,207.5044,2464.4927,207.5044,141.82302107412855,27.91988142803552,1.062,0.958,72.67,0.0513,0.04476,78.06,2464.4927,207.5044,141.82302107412855,27.91988142803552,0.47693118897,0.47991966084,0.47693118897,0.47991966084,0.697,0.687,51.12,0.6967589,0.6865696,51.12,23.3683,0.0,2.29,1.109,0.098,0.945,4.0
337,337,4_52,4_36,13584.25,71.23922,16.073,0.0057,188.4878,61.0,68.0,2361.0,202.0,2360.9104,202.2403,2360.9104,202.2403,141.8559536129588,27.921828897346128,1.572,1.333,80.03,0.01161,0.00973,86.87,2360.9104,202.2403,141.8559536129588,27.921828897346128,0.5277007207,0.61679690477,0.5277007207,0.61679690477,0.79,0.721,74.74,0.7899124,0.7214818,74.74,23.4553,0.0,2.46,1.179,0.152,0.983,4.0
338,338,4_53,4_35,13209.98,107.0544,16.1033,0.0088,189.28,179.0,200.0,2047.0,190.0,2047.0733,190.6553,2047.0733,190.6553,141.95576789728116,27.926451014940135,3.138,2.537,-79.5,0.03236,0.02606,-78.98,2047.0733,190.6553,141.95576789728116,27.926451014940135,2.5923277613,3.0026678248,2.5923277613,3.0026678248,1.735,1.608,-82.96,1.734656,1.608094,-82.96,23.4042,0.0,3.5,1.237,0.191,0.029,4.0
340,340,4_55,4_32,1860.104,38.0263,18.2317,0.0222,188.3577,26.0,27.0,2095.0,179.0,2094.8433,179.3268,2094.8433,179.3268,141.94051159178247,27.929432056999676,1.267,1.082,-89.19,0.03314,0.0272,-80.7,2094.8433,179.3268,141.94051159178247,27.929432056999676,0.47733237971,0.5710555156,0.47733237971,0.5710555156,0.758,0.689,80.41,0.7575019,0.6888968,80.41,23.4343,0.0,2.2,1.171,0.146,0.96,4.0
341,341,4_56,4_31,1422.481,47.78814,18.523,0.0365,189.0896,42.0,44.0,2045.0,171.0,2045.2303,172.1155,2045.2303,172.1155,141.95626689758603,27.9316697823304,1.976,1.478,67.79,0.07284,0.05432,67.84,2045.2303,172.1155,141.95626689758603,27.9316697823304,2.8019827576,3.0992353639,2.8019827576,3.0992353639,1.794,1.638,61.96,1.793569,1.638392,61.96,23.3852,0.0,6.85,1.337,0.252,0.0,4.0
342,342,4_57,4_30,149.388,17.83216,20.9698,0.1296,188.3029,6.0,7.0,2327.0,165.0,2327.2591,165.0111,2327.2591,165.0111,141.86647797390583,27.93244242640728,0.73,0.693,88.39,0.10095,0.09366,-89.87,2327.2591,165.0111,141.86647797390583,27.93244242640728,0.91011476901,1.0130766401,0.91011476901,1.0130766401,1.009,0.951,-77.22,1.009288,0.9510676,-77.22,23.4489,0.0,3.3,1.055,0.052,0.052,4.0
343,343,4_58,4_29,184.0932,16.77982,20.743,0.099,187.6852,5.0,6.0,2194.0,156.0,2193.5144,155.9405,2193.5144,155.9405,141.90899714970718,27.935580015552027,0.775,0.499,87.25,0.09875,0.06059,89.92,2193.5144,155.9405,141.90899714970718,27.935580015552027,0.41007711801,0.51339045091,0.41007711801,0.51339045091,0.744,0.608,61.99,0.7444226,0.6077027,61.99,23.4075,0.0,2.57,1.553,0.356,0.528,4.0
345,345,4_60,4_27,1418.101,35.10112,18.5263,0.0269,187.7068,21.0,24.0,2352.0,126.0,2351.6359,126.7309,2351.6359,126.7309,141.85853094540178,27.943092072379724,1.155,1.101,61.41,0.03711,0.03437,27.96,2351.6359,126.7309,141.85853094540178,27.943092072379724,0.49128942283,0.54735563685,0.49128942283,0.54735563685,0.741,0.7,80.38,0.7409555,0.6997356,80.38,23.4105,0.0,2.32,1.049,0.047,0.97,4.0
346,346,4_61,4_26,542.8128,27.98984,19.5689,0.056,187.7576,11.0,16.0,2486.0,109.0,2486.4273,108.9886,2486.4273,108.9886,141.81554439140726,27.947467709715635,1.064,0.906,83.86,0.06636,0.05452,89.48,2486.4273,108.9886,141.81554439140726,27.947467709715635,0.53445668159,0.64648115682,0.53445668159,0.64648115682,0.813,0.721,71.13,0.8132029,0.7208598,71.13,23.3792,0.0,2.4,1.175,0.149,0.907,4.0
347,347,4_62,4_25,99843.2,148.4189,13.9073,0.0016,187.838,132.0,141.0,2235.0,104.0,2235.1773,104.2999,2235.1773,104.2999,141.89548638959312,27.94991173790011,1.745,1.495,74.93,0.0036,0.0031,77.5,2235.1773,104.2999,141.89548638959312,27.94991173790011,0.58589290441,0.68356926323,0.58589290441,0.68356926323,0.833,0.758,72.63,0.8331644,0.7584848,72.63,23.4149,0.0,2.73,1.167,0.143,0.986,4.0
348,348,4_63,4_24,147.9625,15.50112,20.9802,0.1138,187.9816,5.0,5.0,2466.0,109.0,2466.0032,109.0235,2466.0032,109.0235,141.82204453115534,27.947551392281007,0.622,0.597,-89.86,0.08861,0.0883,88.71,2466.0032,109.0235,141.82204453115534,27.947551392281007,0.45318345422,0.55981365061,0.45318345422,0.55981365061,0.748,0.673,-89.17,0.7482218,0.6731725,-89.17,23.3983,0.0,1.94,1.042,0.04,0.529,4.0
349,349,4_64,4_23,439.0165,25.80795,19.7994,0.0638,187.9007,13.0,14.0,2408.0,105.0,2407.853,104.6735,2407.853,104.6735,141.84052946543358,27.9490381551343,1.089,0.871,27.33,0.08098,0.06298,24.57,2407.853,104.6735,141.84052946543358,27.9490381551343,0.95258002223,0.87819944536,0.95258002223,0.87819944536,1.005,0.906,33.43,1.005015,0.9059385,33.43,23.4095,0.0,3.82,1.251,0.201,0.005,4.0
350,350,4_65,4_22,1392.648,36.28668,18.546,0.0283,187.8403,21.0,26.0,2193.0,97.0,2193.0382,97.2436,2193.0382,97.2436,141.90886474686647,27.9520788327058,1.248,1.086,84.45,0.04193,0.03493,-89.81,2193.0382,97.2436,141.90886474686647,27.9520788327058,0.5300869219,0.59965474159,0.5300869219,0.59965474159,0.778,0.724,74.59,0.7780592,0.7241309,74.59,23.4103,0.0,2.15,1.149,0.13,0.936,4.0
351,351,4_66,4_21,2378.204,48.39685,17.965,0.0221,188.2807,40.0,45.0,2454.0,91.0,2454.2421,90.7118,2454.2421,90.7118,141.8256953535993,27.952751140578968,1.668,1.435,-76.64,0.04123,0.03544,-70.89,2454.2421,90.7118,141.8256953535993,27.952751140578968,1.1455840509,1.3408066956,1.1455840509,1.3408066956,1.159,1.069,-83.89,1.158909,1.069262,-83.89,23.4168,0.0,3.5,1.163,0.14,0.016,4.0
352,352,4_67,4_20,20850.69,88.1029,15.6078,0.0046,188.0908,95.0,105.0,2204.0,84.0,2203.9121,84.3438,2203.9121,84.3438,141.90534103118284,27.955656871815755,2.313,1.387,66.78,0.01708,0.00779,65.63,2203.9121,84.3438,141.90534103118284,27.955656871815755,0.55852283132,0.65058809025,0.55852283132,0.65058809025,0.813,0.74,72.1,0.8132098,0.7401357,72.1,23.4294,0.0,2.05,1.667,0.4,0.967,4.0
353,353,4_68,4_19,161.4239,18.00223,20.8857,0.1211,187.714,5.0,7.0,2073.0,89.0,2073.2735,89.0023,2073.2735,89.0023,141.946947318196,27.95491042281306,0.727,0.7,-76.56,0.09906,0.09199,-89.55,2073.2735,89.0023,141.946947318196,27.95491042281306,1.1572446441,0.86250562461,1.1572446441,0.86250562461,1.076,0.929,-1.19,1.075812,0.9286439,-1.19,23.4037,0.0,4.23,1.038,0.037,0.108,4.0
354,354,4_69,4_18,9793.314,64.47044,16.4282,0.0071,188.0791,53.0,58.0,2516.0,81.0,2515.9459,81.0777,2515.9459,81.0777,141.80600846151887,27.955175509920466,1.527,1.32,82.67,0.01373,0.01168,87.45,2515.9459,81.0777,141.80600846151887,27.955175509920466,0.5530730894,0.64668412494,0.5530730894,0.64668412494,0.808,0.739,75.33,0.8084356,0.739046,75.33,23.3777,24.0,2.52,1.157,0.136,0.978,4.0
355,355,4_70,4_17,651.5939,31.9009,19.3706,0.0532,188.6947,19.0,21.0,2443.0,78.0,2442.4524,78.4979,2442.4524,78.4979,141.82938623877487,27.956237247458468,1.483,0.945,-3.36,0.08954,0.05474,-2.81,2442.4524,78.4979,141.82938623877487,27.956237247458468,1.568966123,1.0495448012,1.568966123,1.0495448012,1.255,1.022,-5.95,1.254859,1.021685,-5.95,23.4469,0.0,6.28,1.57,0.363,0.003,4.0
356,356,4_71,4_16,254.3838,21.60473,20.3918,0.0922,188.0887,10.0,10.0,2066.0,74.0,2066.4295,74.9243,2066.4295,74.9243,141.949059014822,27.958896143524424,1.064,0.655,27.43,0.11101,0.06785,26.87,2066.4295,74.9243,141.949059014822,27.958896143524424,1.3154478843,1.076270567,1.3154478843,1.076270567,1.177,1.004,25.29,1.176522,1.00375,25.29,23.4291,0.0,4.96,1.624,0.384,0.01,4.0
357,357,4_72,4_15,27342.34,90.37992,15.3135,0.0036,188.2013,81.0,90.0,2200.0,61.0,2199.8384,61.7309,2199.8384,61.7309,141.9065280513296,27.962029711361453,1.658,1.429,77.39,0.0078,0.0067,81.77,2199.8384,61.7309,141.9065280513296,27.962029711361453,0.56653587047,0.65156028639,0.56653587047,0.65156028639,0.813,0.746,72.08,0.8133228,0.7460577,72.08,23.4369,0.0,2.66,1.161,0.138,0.982,4.0
358,358,4_73,4_14,350.4201,22.74834,20.0441,0.0705,188.2583,9.0,11.0,2175.0,65.0,2174.6898,65.5456,2174.6898,65.5456,141.91455193984558,27.961066964451568,0.904,0.796,-74.03,0.07365,0.06404,-71.56,2174.6898,65.5456,141.91455193984558,27.961066964451568,0.47374415535,0.51299456257,0.47374415535,0.51299456257,0.716,0.688,84.65,0.7164791,0.6880381,84.65,23.4373,0.0,2.15,1.136,0.119,0.633,4.0
359,359,4_74,4_13,594.2839,27.23974,19.4706,0.0498,187.6096,10.0,15.0,2021.0,64.0,2020.9439,63.57299999999999,2020.9439,63.57299999999999,141.9634849023834,27.962279090363403,0.972,0.91,38.99,0.0553,0.04891,15.46,2020.9439,63.57299999999999,141.9634849023834,27.962279090363403,0.43370531897,0.50247367932,0.43370531897,0.50247367932,0.715,0.652,71.8,0.7147057,0.6522076,71.8,23.3942,0.0,1.94,1.068,0.064,0.953,4.0
361,361,4_76,4_11,668.3992,30.06997,19.343,0.0489,187.898,19.0,19.0,2146.0,53.0,2146.103,52.7646,2146.103,52.7646,141.92359036009273,27.964782590940477,1.171,1.03,51.01,0.06563,0.05607,45.59,2146.103,52.7646,141.92359036009273,27.964782590940477,0.86077525087,0.92475902871,0.86077525087,0.92475902871,0.966,0.923,70.91,0.9661592,0.9230767,70.91,23.4148,0.0,3.25,1.137,0.12,0.039,4.0
362,362,4_77,4_10,50125.38,113.2351,14.6554,0.0025,188.3611,98.0,108.0,2473.0,44.0,2472.7819,44.2931,2472.7819,44.2931,141.81956029273138,27.965710936092,1.673,1.455,74.66,0.00518,0.00466,71.01,2472.7819,44.2931,141.81956029273138,27.965710936092,0.5660812927,0.65339140089,0.5660812927,0.65339140089,0.815,0.745,71.67,0.8149558,0.7451978,71.67,23.4034,0.0,2.84,1.15,0.131,0.999,4.0
363,363,4_78,4_9,36216.2,100.2181,15.0083,0.003,187.8137,93.0,98.0,2380.0,41.0,2379.8736,41.7401,2379.8736,41.7401,141.84912080963932,27.96685025192989,1.679,1.434,75.03,0.0067,0.00556,70.68,2379.8736,41.7401,141.84912080963932,27.96685025192989,0.56489526996,0.65191680384,0.56489526996,0.65191680384,0.814,0.744,71.75,0.8139635,0.7444968,71.75,23.402,0.0,2.64,1.171,0.146,0.983,4.0
364,364,4_79,4_8,3263.349,34.12268,17.6214,0.0114,188.0586,6.0,15.0,2274.0,31.0,2274.3944,30.7136,2274.3944,30.7136,141.8826431195698,27.970419390794465,0.961,0.744,-43.29,0.01149,0.00952,-42.97,2274.3944,30.7136,141.8826431195698,27.970419390794465,0.18085141862,0.14805552842,0.18085141862,0.14805552842,0.463,0.339,-35.39,0.4628915,0.3385829,-35.39,23.4189,0.0,1.52,1.293,0.226,0.946,4.0
366,366,4_81,4_6,215.6761,19.39135,20.5711,0.0976,187.7491,6.0,8.0,2050.0,16.0,2049.8361,15.831499999999998,2049.8361,15.831499999999998,141.9540608920528,27.975574159679773,0.798,0.68,-49.27,0.09183,0.07325,-45.25,2049.8361,15.831499999999998,141.9540608920528,27.975574159679773,0.64593626817,0.75079683394,0.64593626817,0.75079683394,0.867,0.803,84.12,0.8671344,0.8030012,84.12,23.4054,0.0,2.77,1.173,0.148,0.604,4.0
368,368,4_83,4_4,159.3137,16.86216,20.8999,0.1149,187.7607,6.0,6.0,2313.0,12.0,2313.0268,12.4804,2313.0268,12.4804,141.8702549604212,27.975371997281307,0.803,0.499,1.07,0.10557,0.06474,0.01,2313.0268,12.4804,141.8702549604212,27.975371997281307,1.1238302632,0.77872141551,1.1238302632,0.77872141551,1.062,0.88,6.8,1.062454,0.8796263,6.8,23.3936,0.0,3.74,1.608,0.378,0.514,4.0
369,369,4_84,4_87,768.2964,28.72855,19.1918,0.0406,188.4036,14.0,16.0,2415.0,503.0,2414.5635,502.9059,2414.5635,502.9059,141.8403790556825,27.8370768873178,1.008,0.899,83.81,0.04862,0.04005,-89.76,2414.5635,502.9059,141.8403790556825,27.8370768873178,0.38867710318,0.40825502017,0.38867710318,0.40825502017,0.653,0.608,55.03,0.6534546,0.608218,55.03,23.3848,0.0,2.06,1.122,0.109,0.933,4.0
370,370,4_85,4_86,923.4361,31.24282,18.9921,0.0367,188.1147,17.0,19.0,2330.0,500.0,2330.3701,500.2274,2330.3701,500.2274,141.8671371381314,27.838205874087222,1.097,0.989,75.56,0.04546,0.0417,82.69,2330.3701,500.2274,141.8671371381314,27.838205874087222,0.45481095189,0.5200604899,0.45481095189,0.5200604899,0.726,0.67,73.35,0.725581,0.6696295,73.35,23.3885,0.0,2.2,1.108,0.098,0.952,4.0
371,371,5_1,5_3,1102.278,39.30304,18.7998,0.0387,187.3291,34.0,34.0,2705.0,11.0,2705.1205,11.5134,2705.1205,11.5134,141.74544159715825,27.973834521487337,1.656,1.326,29.8,0.07028,0.05478,28.01,2705.1205,11.5134,141.74544159715825,27.973834521487337,1.8693738835,1.7552666569,1.8693738835,1.7552666569,1.403,1.287,34.26,1.402916,1.287038,34.26,23.4314,0.0,5.22,1.248,0.199,0.0,5.0
372,372,5_2,5_2,308.2639,18.21774,20.1833,0.0642,187.1065,4.0,7.0,2561.0,8.0,2560.361,8.2056,2560.361,8.2056,141.79149997760007,27.975447279917383,0.813,0.569,-59.12,0.07347,0.05131,-59.68,2560.361,8.2056,141.79149997760007,27.975447279917383,0.25209681279,0.31051542161,0.25209681279,0.31051542161,0.664,0.35,-50.29,0.6635634,0.3497082,-50.29,23.4299,0.0,3.25,1.429,0.3,0.84,5.0
373,373,5_3,5_1,311.1736,20.30339,20.1731,0.0709,187.1891,7.0,9.0,2578.0,0.0,2578.1985,0.3859999999999999,2578.1985,0.3859999999999999,141.78578203615277,27.97756134718462,1.235,0.477,5.02,0.11915,0.04438,4.81,2578.1985,0.3859999999999999,141.78578203615277,27.97756134718462,1.0086742904,0.30013729639,1.0086742904,0.30013729639,1.007,0.542,5.32,1.007408,0.5421628,5.32,23.4311,24.0,4.07,2.591,0.614,0.772,5.0
374,374,5_4,5_59,529259.2,315.7654,12.0964,0.0006,189.1438,272.0,300.0,2522.0,481.0,2521.8381,480.5454,2521.8381,480.5454,141.80615727052697,27.84287490796952,1.952,1.708,74.0,0.00149,0.00139,78.15,2521.8381,480.5454,141.80615727052697,27.84287490796952,0.95351065087,1.1172740695,0.95351065087,1.1172740695,1.073,0.959,67.63,1.0727,0.9592183,67.63,23.3512,4.0,8.64,1.143,0.125,0.985,5.0
375,375,5_5,5_58,13940.95,72.70207,16.0448,0.0057,187.7509,63.0,75.0,2917.0,479.0,2916.9798,479.7413,2916.9798,479.7413,141.6805295909722,27.84121962803594,1.589,1.364,73.88,0.01169,0.00994,71.9,2916.9798,479.7413,141.6805295909722,27.84121962803594,0.53670307743,0.62451828124,0.53670307743,0.62451828124,0.795,0.727,74.0,0.7952262,0.7272116,74.0,23.4296,0.0,2.42,1.165,0.142,0.981,5.0
376,376,5_6,5_57,16615.76,120.5115,15.8543,0.0079,190.2547,248.0,285.0,2659.0,469.0,2659.5266,468.768,2659.5266,468.768,141.76231829305254,27.845545418257068,4.013,2.712,81.6,0.03893,0.02576,81.03,2659.5266,468.768,141.76231829305254,27.845545418257068,2.4842834474,2.9496636643,2.4842834474,2.9496636643,1.736,1.555,70.74,1.736207,1.555484,70.74,23.582,0.0,3.4,1.48,0.324,0.03,5.0
377,377,5_7,5_55,5594.304,54.39154,17.0362,0.0106,188.2607,37.0,42.0,2544.0,444.0,2544.5203,444.8213,2544.5203,444.8213,141.7987640037835,27.852812279493158,1.391,1.214,69.58,0.01689,0.01452,69.79,2544.5203,444.8213,141.7987640037835,27.852812279493158,0.51470366406,0.56281737094,0.51470366406,0.56281737094,0.76,0.707,64.1,0.7600353,0.707013,64.1,23.2814,0.0,2.42,1.146,0.127,1.0,5.0
378,378,5_8,5_54,349.4297,22.2022,20.0472,0.069,188.6418,8.0,11.0,2980.0,426.0,2979.596,425.9312,2979.596,425.9312,141.6603363183247,27.856031980308263,0.953,0.73,16.64,0.07965,0.05662,15.08,2979.596,425.9312,141.6603363183247,27.856031980308263,0.49053417827,0.4568854453,0.49053417827,0.4568854453,0.713,0.662,30.71,0.7133556,0.6622261,30.71,23.4979,0.0,2.24,1.306,0.234,0.76,5.0
379,379,5_9,5_53,1983.991,38.68395,18.1617,0.0212,187.5597,25.0,29.0,2729.0,416.0,2729.2044,416.4019,2729.2044,416.4019,141.7398923005764,27.85993398650982,1.284,1.118,61.89,0.03232,0.02752,56.87,2729.2044,416.4019,141.7398923005764,27.85993398650982,0.51365220477,0.55553386502,0.51365220477,0.55553386502,0.749,0.713,71.65,0.7488059,0.7130749,71.65,23.4052,0.0,2.1,1.149,0.13,0.97,5.0
380,380,5_10,5_52,422.0362,23.64913,19.8422,0.0609,188.8177,7.0,10.0,2530.0,406.0,2530.0737,406.1509,2530.0737,406.1509,141.8031621048187,27.86374845269647,0.89,0.724,-84.92,0.05892,0.04687,-88.99,2530.0737,406.1509,141.8031621048187,27.86374845269647,0.32591409792,0.41584874817,0.32591409792,0.41584874817,0.648,0.568,-78.64,0.6477904,0.5675654,-78.64,23.3167,0.0,2.03,1.229,0.186,0.805,5.0
381,381,5_11,5_51,7919.936,63.45796,16.6588,0.0087,187.9095,60.0,67.0,2687.0,402.0,2686.766,401.8737,2686.766,401.8737,141.75331130058134,27.864219181496463,1.73,1.45,7.57,0.01952,0.01565,7.24,2686.766,401.8737,141.75331130058134,27.864219181496463,0.62002050374,0.68223599616,0.62002050374,0.68223599616,0.838,0.774,63.47,0.8383854,0.7741876,63.47,23.4232,0.0,2.58,1.192,0.161,0.852,5.0
382,382,5_12,5_50,575361.2,326.4105,12.0057,0.0006,189.0304,286.0,302.0,2553.0,396.0,2552.366,396.74,2552.366,396.74,141.7960249605678,27.86629087157359,1.925,1.665,76.23,0.00141,0.00128,73.69,2552.366,396.74,141.7960249605678,27.86629087157359,0.87443901576,1.0766907892,0.87443901576,1.0766907892,1.046,0.926,74.27,1.046002,0.9257482,74.27,23.4021,4.0,3.61,1.157,0.135,1.0,5.0
383,383,5_13,5_49,2119.751,40.50418,18.0899,0.0208,187.9656,26.0,32.0,2779.0,397.0,2778.5668,397.1954,2778.5668,397.1954,141.7240961734264,27.86509553072856,1.265,1.179,78.57,0.03044,0.02972,-85.91,2778.5668,397.1954,141.7240961734264,27.86509553072856,0.51340549305,0.56944123509,0.51340549305,0.56944123509,0.764,0.707,66.16,0.7635661,0.7069749,66.16,23.4414,0.0,2.37,1.073,0.068,0.975,5.0
384,384,5_14,5_48,1366.276,34.71333,18.5667,0.0276,187.9722,22.0,24.0,2665.0,379.0,2664.7984,379.1037,2664.7984,379.1037,141.76017921017245,27.870722945480665,1.232,1.021,73.09,0.04079,0.03195,73.49,2664.7984,379.1037,141.76017921017245,27.870722945480665,0.48547428618,0.5471507286,0.48547428618,0.5471507286,0.748,0.688,67.53,0.7482507,0.6875652,67.53,23.4253,0.0,2.17,1.207,0.172,0.946,5.0
385,385,5_15,5_47,1327.483,34.74842,18.598,0.0284,187.3177,20.0,25.0,2892.0,368.0,2891.6555,368.5156,2891.6555,368.5156,141.68798637422785,27.872605142297992,1.261,1.046,72.27,0.04294,0.03507,72.44,2891.6555,368.5156,141.68798637422785,27.872605142297992,0.49210954893,0.55884796671,0.49210954893,0.55884796671,0.761,0.687,64.42,0.7607192,0.6872146,64.42,23.4083,0.0,2.29,1.206,0.171,0.973,5.0
386,386,5_16,5_46,13902.14,71.24992,16.0479,0.0056,188.3519,64.0,69.0,2637.0,365.0,2637.0336,365.6415,2637.0336,365.6415,141.768939548281,27.874637407771772,1.591,1.324,73.7,0.01169,0.00931,74.44,2637.0336,365.6415,141.768939548281,27.874637407771772,0.52681187487,0.60835290109,0.52681187487,0.60835290109,0.787,0.718,71.01,0.7869568,0.7182366,71.01,23.4429,0.0,2.42,1.202,0.168,0.982,5.0
387,387,5_17,5_45,212.621,17.93675,20.5866,0.0916,188.1042,7.0,7.0,2665.0,365.0,2664.67,365.7982,2664.67,365.7982,141.76015131238108,27.874463264904232,0.834,0.609,-63.98,0.09842,0.06856,-60.07,2664.67,365.7982,141.76015131238108,27.874463264904232,0.58164755283,0.75094253691,0.58164755283,0.75094253691,0.868,0.761,-83.34,0.8679176,0.7611236,-83.34,23.434,0.0,4.22,1.369,0.27,0.101,5.0
388,388,5_18,5_44,16977.61,76.19633,15.8309,0.0049,188.0125,67.0,75.0,2729.0,360.0,2728.8151,359.9871,2728.8151,359.9871,141.73972202523348,27.875791969872417,1.597,1.383,75.53,0.00999,0.00863,75.08,2728.8151,359.9871,141.73972202523348,27.875791969872417,0.5545476864,0.63911892062,0.5545476864,0.63911892062,0.805,0.738,72.56,0.8052195,0.7384363,72.56,23.4399,0.0,2.62,1.154,0.134,0.985,5.0
389,389,5_19,5_43,643.6018,27.41695,19.384,0.0463,188.6681,12.0,15.0,2531.0,361.0,2530.6491,361.2656,2530.6491,361.2656,141.8027517713131,27.876362029728597,1.0,0.917,52.39,0.05198,0.04584,46.9,2530.6491,361.2656,141.8027517713131,27.876362029728597,0.47511475549,0.49568157111,0.47511475549,0.49568157111,0.719,0.674,54.61,0.7187834,0.6739041,54.61,23.4115,0.0,2.33,1.091,0.084,0.877,5.0
390,390,5_20,5_42,207.1853,19.16043,20.6147,0.1004,188.1957,5.0,8.0,2597.0,351.0,2597.0973,351.1312,2597.0973,351.1312,141.78156632543306,27.87890261642461,0.818,0.665,-42.3,0.09393,0.07441,-44.76,2597.0973,351.1312,141.78156632543306,27.87890261642461,0.75877569208,0.6838000918,0.75877569208,0.6838000918,0.871,0.827,-4.62,0.8713606,0.8266236,-4.62,23.4139,0.0,2.6,1.23,0.187,0.257,5.0
391,391,5_21,5_41,1000.38,31.48689,18.9052,0.0342,188.0357,15.0,20.0,3011.0,334.0,3010.8117,333.9545,3010.8117,333.9545,141.6499148078275,27.88172418735732,1.129,1.008,65.5,0.04272,0.03901,62.94,3010.8117,333.9545,141.6499148078275,27.88172418735732,0.51493758041,0.56114622325,0.51493758041,0.56114622325,0.758,0.709,64.99,0.7576256,0.7085812,64.99,23.4145,0.0,2.58,1.12,0.107,0.967,5.0
392,392,5_22,5_40,61354.15,121.9402,14.436,0.0022,187.6569,112.0,120.0,2536.0,314.0,2536.5172,313.9954,2536.5172,313.9954,141.80064563850328,27.88962113824505,1.688,1.461,73.82,0.00467,0.00414,66.49,2536.5172,313.9954,141.80064563850328,27.88962113824505,0.5476432263,0.63052998391,0.5476432263,0.63052998391,0.801,0.733,71.42,0.8006772,0.7328637,71.42,23.3913,0.0,2.84,1.155,0.134,0.983,5.0
393,393,5_23,5_39,312.1926,20.53829,20.1695,0.0714,187.8039,9.0,9.0,2992.0,319.0,2991.9216,318.9668,2991.9216,318.9668,141.6558397292465,27.886031268204235,0.788,0.75,59.27,0.06624,0.06575,39.67,2991.9216,318.9668,141.6558397292465,27.886031268204235,0.4622029676,0.61149681231,0.4622029676,0.61149681231,0.787,0.674,77.39,0.7869917,0.6740503,77.39,23.4078,0.0,2.39,1.05,0.048,0.655,5.0
394,394,5_24,5_38,666.4612,28.32011,19.3461,0.0461,187.8167,13.0,17.0,2784.0,314.0,2783.694,314.0223,2783.694,314.0223,141.72202881703993,27.888446836082043,1.115,0.896,75.36,0.05842,0.04596,75.54,2783.694,314.0223,141.72202881703993,27.888446836082043,0.45228846507,0.55148156941,0.45228846507,0.55148156941,0.748,0.667,74.96,0.7477937,0.6667643,74.96,23.4317,0.0,2.64,1.245,0.196,0.919,5.0
395,395,5_25,5_37,173.525,17.66895,20.8072,0.1106,187.6624,5.0,7.0,2810.0,314.0,2809.967,314.3221,2809.967,314.3221,141.71367491937272,27.888235362030237,0.728,0.668,-8.8,0.09355,0.08661,-1.44,2809.967,314.3221,141.71367491937272,27.888235362030237,0.62540948643,0.71365569252,0.62540948643,0.71365569252,0.85,0.786,-73.59,0.8497249,0.7855143,-73.59,23.425,0.0,2.28,1.089,0.082,0.532,5.0
396,396,5_26,5_36,28759.42,91.38666,15.2586,0.0035,188.3534,77.0,90.0,2604.0,305.0,2604.4965,305.4019,2604.4965,305.4019,141.77897874238352,27.891720839309595,1.642,1.418,75.56,0.00724,0.00634,78.36,2604.4965,305.4019,141.77897874238352,27.891720839309595,0.57156462569,0.65358412255,0.57156462569,0.65358412255,0.817,0.747,69.59,0.816557,0.7472505,69.59,23.4487,0.0,2.65,1.158,0.136,0.988,5.0
397,397,5_27,5_35,455.7866,25.353,19.7587,0.0604,187.7245,13.0,14.0,2745.0,306.0,2745.5035,306.4471,2745.5035,306.4471,141.7341350894736,27.89075962530586,1.072,0.827,44.46,0.07359,0.0548,45.07,2745.5035,306.4471,141.7341350894736,27.89075962530586,0.67869164579,0.68359087836,0.67869164579,0.68359087836,0.879,0.768,45.77,0.8787997,0.7681104,45.77,23.4277,0.0,2.73,1.296,0.228,0.838,5.0
399,399,5_29,5_33,417.9998,23.67874,19.8526,0.0615,188.665,10.0,12.0,2610.0,293.0,2609.9313,293.6761,2609.9313,293.6761,141.77718989988523,27.894991036864308,1.077,0.709,77.87,0.07948,0.0483,80.72,2609.9313,293.6761,141.77718989988523,27.894991036864308,0.41207038019,0.49457737476,0.41207038019,0.49457737476,0.713,0.631,68.93,0.7134124,0.630627,68.93,23.4761,0.0,2.49,1.518,0.341,0.701,5.0
400,400,5_30,5_32,257.8703,21.33234,20.3771,0.0898,186.9074,7.0,10.0,2970.0,286.0,2970.6591,286.3039,2970.6591,286.3039,141.66242417269095,27.895317053465607,0.93,0.742,44.02,0.09635,0.07598,44.82,2970.6591,286.3039,141.66242417269095,27.895317053465607,0.63355949766,0.62183448944,0.63355949766,0.62183448944,0.822,0.761,41.51,0.8221872,0.7611848,41.51,23.3547,0.0,3.42,1.253,0.202,0.502,5.0
401,401,5_31,5_31,16989.72,76.29515,15.8301,0.0049,187.8777,65.0,75.0,2595.0,280.0,2594.668,280.2089,2594.668,280.2089,141.78197603908364,27.898847343115705,1.604,1.364,71.88,0.01024,0.00843,63.52,2594.668,280.2089,141.78197603908364,27.898847343115705,0.55495190114,0.63783348817,0.55495190114,0.63783348817,0.805,0.738,71.4,0.8052467,0.7378097,71.4,23.4257,1.0,2.73,1.176,0.15,0.993,5.0
403,403,5_33,5_29,10649.25,66.52005,16.3373,0.0068,188.0248,59.0,66.0,2593.0,269.0,2593.0479,269.3438,2593.0479,269.3438,141.78243577603885,27.90190855805864,1.588,1.354,74.58,0.01412,0.01179,71.68,2593.0479,269.3438,141.78243577603885,27.90190855805864,0.55943551657,0.65337600109,0.55943551657,0.65337600109,0.815,0.741,72.49,0.8147142,0.7409806,72.49,23.4386,0.0,2.62,1.173,0.148,0.98,5.0
404,404,5_34,5_28,181.5114,17.76691,20.7583,0.1063,187.1117,6.0,7.0,2674.0,266.0,2673.6801,266.0035,2673.6801,266.0035,141.75676940526867,27.9024683839212,0.733,0.669,82.07,0.09463,0.08764,89.44,2673.6801,266.0035,141.75676940526867,27.9024683839212,0.73599617839,0.72163310001,0.73599617839,0.72163310001,0.905,0.8,42.7,0.9045691,0.7996149,42.7,23.3766,0.0,2.71,1.095,0.087,0.507,5.0
405,405,5_35,5_27,364.7438,21.65062,20.0006,0.0645,187.8212,7.0,10.0,2621.0,248.0,2621.0331,248.1821,2621.0331,248.1821,141.77342474047742,27.90772510320784,0.87,0.741,84.14,0.06421,0.05118,89.69,2621.0331,248.1821,141.77342474047742,27.90772510320784,0.43667929649,0.45990036027,0.43667929649,0.45990036027,0.701,0.637,52.86,0.7008305,0.636723,52.86,23.4286,0.0,1.86,1.174,0.148,0.821,5.0
406,406,5_36,5_26,184.3912,15.27492,20.7412,0.09,188.0549,5.0,5.0,2696.0,243.0,2695.7126,243.5577,2695.7126,243.5577,141.74964444657215,27.90867200886089,0.701,0.465,19.44,0.08998,0.05224,18.66,2695.7126,243.5577,141.74964444657215,27.90867200886089,0.39897767337,0.36593551366,0.39897767337,0.36593551366,0.646,0.589,30.99,0.6462472,0.5893028,30.99,23.4489,0.0,2.52,1.508,0.337,0.513,5.0
407,407,5_37,5_25,734.2736,28.86425,19.2409,0.0427,187.5647,15.0,18.0,2863.0,229.0,2863.3859,228.701,2863.3859,228.701,141.69623157524444,27.912036777812947,1.103,0.968,86.87,0.0558,0.04581,88.99,2863.3859,228.701,141.69623157524444,27.912036777812947,0.5990404644,0.59372953877,0.5990404644,0.59372953877,0.78,0.764,39.0,0.7804857,0.763945,39.0,23.4327,0.0,2.43,1.14,0.122,0.918,5.0
408,408,5_38,5_24,296.3865,18.21231,20.2259,0.0667,188.506,3.0,7.0,2959.0,229.0,2958.8993,228.6227,2958.8993,228.6227,141.66585280386198,27.91158533751477,0.695,0.623,19.37,0.06047,0.05576,7.83,2958.8993,228.6227,141.66585280386198,27.91158533751477,0.054991906128,0.23164280774,0.054991906128,0.23164280774,0.485,0.228,82.43,0.48458,0.2276333,82.43,23.4692,0.0,1.6,1.115,0.103,0.947,5.0
409,409,5_39,5_23,455.7836,23.57323,19.7587,0.0562,187.8907,10.0,12.0,2948.0,222.0,2948.0635,222.0431,2948.0635,222.0431,141.6692635875821,27.91348843765897,1.032,0.734,80.4,0.07346,0.04504,80.58,2948.0635,222.0431,141.6692635875821,27.91348843765897,0.53767751454,0.56940625956,0.53767751454,0.56940625956,0.756,0.732,75.68,0.7560533,0.7317562,75.68,23.4329,0.0,2.41,1.405,0.288,0.855,5.0
410,410,5_40,5_22,595.4304,25.50891,19.4685,0.0465,188.1863,12.0,14.0,2873.0,214.0,2873.3604,214.1786,2873.3604,214.1786,141.69298161520277,27.91606880058831,0.951,0.907,26.27,0.05049,0.04901,16.46,2873.3604,214.1786,141.69298161520277,27.91606880058831,0.51938972325,0.50685174395,0.51938972325,0.50685174395,0.726,0.707,31.0,0.725586,0.7069416,31.0,23.4758,0.0,2.39,1.049,0.047,0.814,5.0
411,411,5_41,5_21,308.188,22.26491,20.1835,0.0785,187.2884,9.0,11.0,2969.0,194.0,2969.0814,194.3732,2969.0814,194.3732,141.6624295652293,27.921158703405677,0.985,0.744,73.18,0.09105,0.0646,74.83,2969.0814,194.3732,141.6624295652293,27.921158703405677,0.85518695473,0.83796700088,0.85518695473,0.83796700088,0.955,0.884,41.23,0.9550933,0.8837141,41.23,23.3882,0.0,3.04,1.324,0.245,0.153,5.0
412,412,5_42,5_20,133.9939,14.91949,21.0879,0.1209,187.6296,5.0,5.0,2788.0,193.0,2788.377,193.1615,2788.377,193.1615,141.71990316490118,27.92238997309521,0.757,0.441,70.92,0.124,0.07154,71.47,2788.377,193.1615,141.71990316490118,27.92238997309521,0.42828476109,0.62161718568,0.42828476109,0.62161718568,0.799,0.641,74.12,0.7991502,0.6412963,74.12,23.4295,0.0,3.4,1.716,0.417,0.548,5.0
413,413,5_43,5_19,168.8001,16.35049,20.8371,0.1052,187.0357,6.0,6.0,2545.0,192.0,2545.1642,192.173,2545.1642,192.173,141.79727564582845,27.923819544706618,0.752,0.561,44.41,0.10229,0.07561,44.96,2545.1642,192.173,141.79727564582845,27.923819544706618,0.53364986553,0.52704606972,0.53364986553,0.52704606972,0.783,0.669,43.85,0.7826054,0.6694959,43.85,23.3946,0.0,2.6,1.339,0.253,0.362,5.0
415,415,5_45,5_17,504.1299,26.18527,19.6492,0.0564,187.0715,12.0,15.0,2721.0,156.0,2721.3808,156.0799,2721.3808,156.0799,141.74102274727147,27.93313321520589,0.998,0.942,-79.39,0.06775,0.06062,-76.59,2721.3808,156.0799,141.74102274727147,27.93313321520589,0.55847444274,0.59345176777,0.55847444274,0.59345176777,0.772,0.746,76.25,0.7718019,0.7458203,76.25,23.3951,0.0,2.53,1.059,0.056,0.601,5.0
416,416,5_46,5_16,35921.57,99.53185,15.0172,0.003,187.6277,91.0,101.0,2994.0,149.0,2994.0608,149.8754,2994.0608,149.8754,141.65424349435037,27.93353681318818,1.669,1.433,75.85,0.0066,0.00564,78.98,2994.0608,149.8754,141.65424349435037,27.93353681318818,0.54970613982,0.64009199524,0.54970613982,0.64009199524,0.808,0.732,70.15,0.8084791,0.7322293,70.15,23.4128,0.0,2.6,1.164,0.141,0.983,5.0
417,417,5_47,5_15,104.9366,14.69349,21.3533,0.1521,187.9128,5.0,5.0,2906.0,127.0,2906.1789,127.3938,2906.1789,127.3938,141.6820780229865,27.940293651661435,0.754,0.447,18.89,0.12463,0.07206,18.46,2906.1789,127.3938,141.6820780229865,27.940293651661435,0.87077011829,0.82613574828,0.87077011829,0.82613574828,0.983,0.855,39.56,0.9831557,0.8545821,39.56,23.4529,0.0,2.06,1.685,0.406,0.222,5.0
418,418,5_48,5_14,4809.423,52.0074,17.2003,0.0117,187.9638,38.0,48.0,2743.0,122.0,2742.8207,122.2364,2742.8207,122.2364,141.73402406622833,27.942540807356348,1.466,1.255,71.58,0.02169,0.01836,72.05,2742.8207,122.2364,141.73402406622833,27.942540807356348,0.52491921082,0.60185942096,0.52491921082,0.60185942096,0.785,0.715,68.42,0.7849424,0.7145936,68.42,23.4633,0.0,2.5,1.168,0.144,0.982,5.0
419,419,5_49,5_13,723.9507,28.13665,19.2563,0.0422,188.3614,14.0,17.0,2874.0,120.0,2873.6672,120.0211,2873.6672,120.0211,141.69238175492313,27.94252615191628,1.052,0.918,72.49,0.05362,0.04243,75.3,2873.6672,120.0211,141.69238175492313,27.94252615191628,0.43782670324,0.44539466219,0.43782670324,0.44539466219,0.675,0.654,52.58,0.6753435,0.6535537,52.58,23.4897,0.0,2.13,1.147,0.128,0.955,5.0
420,420,5_50,5_12,248.9184,20.1246,20.4154,0.0878,187.3568,8.0,9.0,2570.0,112.0,2569.7939,112.2793,2569.7939,112.2793,141.78903065264382,27.946157690771845,0.917,0.657,70.12,0.09369,0.06746,69.05,2569.7939,112.2793,141.78903065264382,27.946157690771845,0.39923265011,0.48556553337,0.39923265011,0.48556553337,0.711,0.616,66.49,0.7111365,0.6156971,66.49,23.413,0.0,2.43,1.395,0.283,0.644,5.0
422,422,5_52,5_10,758.5672,29.04188,19.2056,0.0416,187.9127,15.0,18.0,3003.0,83.0,3002.6874,82.7926,3002.6874,82.7926,141.6511350813096,27.952342370682427,1.145,0.927,84.73,0.05565,0.04366,89.85,3002.6874,82.7926,141.6511350813096,27.952342370682427,0.48293414416,0.56524598508,0.48293414416,0.56524598508,0.762,0.684,68.53,0.7617803,0.684011,68.53,23.4417,0.0,3.17,1.235,0.19,0.943,5.0
423,423,5_53,5_9,249.0147,21.04608,20.415,0.0918,187.4753,10.0,10.0,2766.0,57.0,2765.5634,56.7901,2765.5634,56.7901,141.7264433932539,27.960821541803057,0.98,0.727,-0.22,0.10302,0.0752,-0.08,2765.5634,56.7901,141.7264433932539,27.960821541803057,1.0632761024,0.92855049386,1.0632761024,0.92855049386,1.039,0.955,18.13,1.038964,0.9551858,18.13,23.4389,0.0,4.74,1.348,0.258,0.0,5.0
424,424,5_54,5_8,13448.53,70.61872,16.0839,0.0057,187.7574,62.0,69.0,2886.0,43.0,2885.7125,43.7234,2885.7125,43.7234,141.6881413342683,27.96390529211888,1.575,1.369,73.26,0.01146,0.01012,73.61,2885.7125,43.7234,141.6881413342683,27.96390529211888,0.5225023553,0.58337809335,0.5225023553,0.58337809335,0.774,0.712,65.34,0.7743663,0.7115036,65.34,23.4382,0.0,2.52,1.151,0.131,0.982,5.0
425,425,5_55,5_7,151.1014,15.08583,20.9574,0.1084,187.4186,5.0,5.0,2846.0,45.0,2846.0264,45.0246,2846.0264,45.0246,141.70077649442467,27.963735357280758,0.61,0.601,-3.57,0.08543,0.08528,24.95,2846.0264,45.0246,141.70077649442467,27.963735357280758,0.37298835926,0.35590351703,0.37298835926,0.35590351703,0.626,0.58,-36.0,0.6261593,0.5803589,-36.0,23.4232,0.0,1.97,1.014,0.014,0.498,5.0
426,426,5_56,5_6,295.9228,20.4081,20.2276,0.0749,187.9047,6.0,9.0,2911.0,39.0,2910.3965,38.8472,2910.3965,38.8472,141.6802608659137,27.96515291130633,0.867,0.683,24.99,0.08101,0.05889,20.27,2910.3965,38.8472,141.6802608659137,27.96515291130633,0.46477871389,0.50432375687,0.46477871389,0.50432375687,0.738,0.651,54.52,0.7383346,0.6511256,54.52,23.4422,0.0,2.87,1.27,0.213,0.331,5.0
427,427,5_57,5_5,2723.902,44.92702,17.8176,0.0179,187.2537,33.0,39.0,2769.0,25.0,2768.7955,25.6284,2768.7955,25.6284,141.7252506181594,27.96956196019384,1.434,1.217,60.58,0.03128,0.02595,57.06,2768.7955,25.6284,141.7252506181594,27.96956196019384,0.56252363301,0.61034346491,0.56252363301,0.61034346491,0.796,0.735,60.5,0.7955307,0.7348456,60.5,23.4268,0.0,2.45,1.179,0.152,0.959,5.0
428,428,5_58,5_4,441.4573,27.67484,19.7934,0.0681,187.5179,14.0,17.0,2949.0,23.0,2948.9353,23.5219,2948.9353,23.5219,141.66791557746248,27.96926642762252,1.177,0.968,-16.9,0.08928,0.0699,-15.55,2948.9353,23.5219,141.66791557746248,27.96926642762252,1.3469442424,1.4025038855,1.3469442424,1.4025038855,1.186,1.158,-73.9,1.186405,1.1584,-73.9,23.4119,0.0,3.92,1.216,0.178,0.205,5.0
429,429,5_59,5_62,11703.48,70.09579,16.2348,0.0065,189.2308,55.0,63.0,2544.0,506.0,2543.5962,505.8669,2543.5962,505.8669,141.7993673579994,27.83565709918313,1.536,1.324,77.0,0.0121,0.01036,79.8,2543.5962,505.8669,141.7993673579994,27.83565709918313,0.52968864732,0.60953757464,0.52968864732,0.60953757464,0.787,0.721,71.72,0.7869667,0.7210475,71.72,23.3406,16.0,2.49,1.16,0.138,0.999,5.0
430,430,5_60,5_61,983.5914,31.68665,18.9235,0.035,187.7096,17.0,21.0,2927.0,495.0,2927.182,495.0537,2927.182,495.0537,141.67736869397788,27.83686539757805,1.159,1.018,-84.33,0.04786,0.04019,-78.37,2927.182,495.0537,141.67736869397788,27.83686539757805,0.51429866008,0.55495606512,0.51429866008,0.55495606512,0.755,0.707,62.53,0.7549906,0.7065719,62.53,23.4313,0.0,2.39,1.138,0.121,0.963,5.0
433,433,6_3,6_2,1477.158,32.0705,18.482,0.0236,188.0823,18.0,19.0,3058.0,1.0,3057.8187,1.0802,3057.8187,1.0802,141.63314904312082,27.975019767319957,1.101,0.948,-0.89,0.03248,0.02673,-11.52,3057.8187,1.0802,141.63314904312082,27.975019767319957,0.49934259762,0.45886192569,0.49934259762,0.45886192569,0.714,0.67,24.46,0.7140786,0.6695493,24.46,23.4129,24.0,3.67,1.161,0.139,0.982,6.0
436,436,6_6,6_60,411.9014,23.57803,19.8686,0.0622,188.5699,11.0,12.0,3031.0,425.0,3030.9301,425.4228,3030.9301,425.4228,141.6440157070521,27.855916652942003,1.003,0.768,86.49,0.07327,0.05381,89.24,3030.9301,425.4228,141.6440157070521,27.855916652942003,0.52024528628,0.6411643721,0.52024528628,0.6411643721,0.808,0.713,73.32,0.8081448,0.7129598,73.32,23.4572,0.0,2.59,1.306,0.234,0.796,6.0
441,441,6_11,6_55,460.6384,27.76018,19.7472,0.0654,187.6639,15.0,17.0,2561.0,396.0,2561.0525,396.3627,2561.0525,396.3627,141.79326055009568,27.866356751479064,1.284,0.967,88.35,0.09854,0.07167,88.95,2561.0525,396.3627,141.79326055009568,27.866356751479064,1.8588944265,2.5675442644,1.8588944265,2.5675442644,1.616,1.347,76.43,1.615986,1.34723,76.43,23.4217,24.0,5.81,1.328,0.247,0.006,6.0
457,457,6_27,6_39,265.1335,20.77766,20.3469,0.0851,189.6048,7.0,9.0,3042.0,285.0,3041.8195,285.6103,3041.8195,285.6103,141.63979294692993,27.895153037120306,0.898,0.667,-71.85,0.08708,0.06321,-70.15,3041.8195,285.6103,141.63979294692993,27.895153037120306,0.40349020643,0.50343428813,0.40349020643,0.50343428813,0.724,0.618,-67.35,0.7242244,0.6184039,-67.35,23.4792,0.0,3.25,1.346,0.257,0.403,6.0
459,459,6_29,6_37,4740.763,66.81783,17.216,0.0153,188.6032,79.0,87.0,3027.0,271.0,3026.7382,271.1643,3026.7382,271.1643,141.64450975591572,27.899289080764778,2.13,1.96,74.99,0.03732,0.03429,80.71,3026.7382,271.1643,141.64450975591572,27.899289080764778,1.9130773803,2.0955512935,1.9130773803,2.0955512935,1.452,1.378,75.48,1.452127,1.378389,75.48,23.4238,0.0,3.89,1.087,0.08,0.022,6.0
465,465,6_35,6_31,704.2397,29.82892,19.2863,0.046,188.7674,14.0,18.0,3036.0,239.0,3035.9619,239.1659,3035.9619,239.1659,141.6414025194063,27.908234187024863,1.08,0.975,65.15,0.05432,0.04937,59.05,3035.9619,239.1659,141.6414025194063,27.908234187024863,0.46884811999,0.53697452197,0.46884811999,0.53697452197,0.74,0.677,69.7,0.7401159,0.6767947,69.7,23.412,0.0,2.05,1.108,0.098,0.914,6.0
469,469,6_39,6_27,231.6146,19.43712,20.4937,0.0911,188.2363,6.0,8.0,3026.0,222.0,3025.884,222.1535,3025.884,222.1535,141.64451476541626,27.91306589541224,0.831,0.665,45.16,0.08474,0.06704,45.08,3025.884,222.1535,141.64451476541626,27.91306589541224,0.85549247879,0.864028409,0.85549247879,0.864028409,0.98,0.872,46.22,0.9797914,0.87151,46.22,23.3863,0.0,3.08,1.249,0.2,0.609,6.0
470,470,6_40,6_26,1125.237,34.03627,18.7775,0.0328,188.7553,16.0,22.0,3057.0,218.0,3056.8754,218.7013,3056.8754,218.7013,141.6346402646376,27.91387837231051,1.127,1.049,66.75,0.0414,0.03748,49.77,3056.8754,218.7013,141.6346402646376,27.91387837231051,0.4883506449,0.58091486495,0.4883506449,0.58091486495,0.762,0.699,87.25,0.7623176,0.6986682,87.25,23.3788,0.0,2.34,1.075,0.07,0.976,6.0
472,472,6_42,6_24,416.2286,27.15113,19.8572,0.0708,188.6742,15.0,15.0,3059.0,202.0,3058.452,201.9192,3058.452,201.9192,141.634047161183,27.918586069857,1.16,0.886,-78.35,0.08761,0.06653,-80.28,3058.452,201.9192,141.634047161183,27.918586069857,0.98281304628,1.2395057124,0.98281304628,1.2395057124,1.119,0.985,-78.06,1.118712,0.985293,-78.06,23.3752,0.0,3.56,1.309,0.236,0.054,6.0
475,475,6_45,6_21,1242.282,34.4127,18.67,0.0301,188.8685,20.0,23.0,3028.0,169.0,3028.2813,168.8566,3028.2813,168.8566,141.64346217648,27.92803006221003,1.191,1.033,82.43,0.04152,0.0351,84.46,3028.2813,168.8566,141.64346217648,27.92803006221003,0.47615861998,0.53601474067,0.47615861998,0.53601474067,0.736,0.686,73.34,0.7361421,0.685761,73.34,23.4391,0.0,2.17,1.153,0.133,0.955,6.0
479,479,6_49,6_17,459.2788,26.65586,19.7504,0.063,189.0948,11.0,15.0,3026.0,153.0,3025.5969,153.3142,3025.5969,153.3142,141.64423132732077,27.932410957463887,1.058,0.905,53.97,0.06975,0.06075,46.45,3025.5969,153.3142,141.64423132732077,27.932410957463887,0.51004114704,0.65025626257,0.51004114704,0.65025626257,0.816,0.704,72.7,0.81567,0.7035481,72.7,23.4644,0.0,3.05,1.169,0.145,0.176,6.0
480,480,6_50,6_16,363.3363,22.99489,20.0048,0.0687,189.0213,9.0,11.0,3032.0,150.0,3032.3238,150.4891,3032.3238,150.4891,141.64207632182865,27.93317060798288,0.901,0.787,77.47,0.07039,0.06099,71.76,3032.3238,150.4891,141.64207632182865,27.93317060798288,0.38010322513,0.43278923917,0.38010322513,0.43278923917,0.658,0.616,85.42,0.6581252,0.6162497,85.42,23.453,0.0,1.94,1.145,0.127,0.621,6.0
493,493,6_63,6_64,224.3925,20.04022,20.5281,0.097,188.3502,8.0,9.0,3034.0,486.0,3034.0242,485.9626,3034.0242,485.9626,141.643361327954,27.83888630540474,0.793,0.776,-14.67,0.08909,0.0889,-34.69,3034.0242,485.9626,141.643361327954,27.83888630540474,0.9706335286,0.80491036335,0.9706335286,0.80491036335,0.985,0.897,-1.64,0.9852761,0.8970925,-1.64,23.4397,0.0,3.53,1.022,0.022,0.005,6.0
497,497,7_3,7_61,189.9285,18.29419,20.7091,0.1046,187.4473,7.0,7.0,1.0,933.0,0.5966,933.6505,0.5966,933.6505,142.6094991564928,27.724641829027536,0.987,0.475,-81.8,0.14173,0.06509,-81.59,0.5966,933.6505,142.6094991564928,27.724641829027536,0.46010091393,0.91193052471,0.46010091393,0.91193052471,0.958,0.674,-83.46,0.9580939,0.6738601,-83.46,23.3896,24.0,4.05,2.079,0.519,0.005,7.0
498,498,7_4,7_63,47914.08,109.5685,14.7044,0.0025,187.4461,89.0,96.0,90.0,1008.0,89.8891,1008.7705,89.8891,1008.7705,142.5813513952847,27.70327781355151,1.573,1.428,66.52,0.00495,0.00464,27.07,89.8891,1008.7705,142.5813513952847,27.70327781355151,0.51684564188,0.59279468762,0.51684564188,0.59279468762,0.774,0.714,74.35,0.7741196,0.7144083,74.35,23.3768,24.0,2.36,1.102,0.092,0.986,7.0
499,499,7_5,7_60,492.5093,29.45617,19.6745,0.065,187.8379,14.0,17.0,108.0,929.0,108.0976,928.5179,108.0976,928.5179,142.57531195988346,27.72579682416289,1.25,0.906,31.46,0.08993,0.06378,31.02,108.0976,928.5179,142.57531195988346,27.72579682416289,0.94513990565,0.85378477528,0.94513990565,0.85378477528,1.004,0.889,32.63,1.004307,0.8889841,32.63,23.3733,0.0,3.6,1.38,0.275,0.006,7.0
500,500,7_6,7_59,582.4526,27.79124,19.4924,0.0518,187.5815,10.0,15.0,497.0,906.0,496.5878,905.9095,496.5878,905.9095,142.45176778132793,27.731025661476952,0.985,0.897,67.45,0.06016,0.05307,75.03,496.5878,905.9095,142.45176778132793,27.731025661476952,0.39699924185,0.43435539389,0.39699924185,0.43435539389,0.665,0.624,68.04,0.6645353,0.6242976,68.04,23.3678,0.0,2.06,1.097,0.089,0.881,7.0
501,501,7_7,7_58,81551.43,137.567,14.127,0.0018,187.3218,118.0,124.0,179.0,899.0,178.7035,899.8396,178.7035,899.8396,142.55277811663046,27.733666307456804,1.685,1.476,72.17,0.00392,0.00354,66.41,178.7035,899.8396,142.55277811663046,27.733666307456804,0.54363682151,0.61498484204,0.54363682151,0.61498484204,0.789,0.733,73.35,0.7886649,0.7325499,73.35,23.3306,0.0,2.66,1.142,0.124,0.984,7.0
502,502,7_8,7_57,2923.013,45.88893,17.741,0.017,187.6199,30.0,35.0,122.0,899.0,121.8907,899.6771,121.8907,899.6771,142.5708365098952,27.733869509031404,1.347,1.177,72.0,0.02741,0.02424,71.59,121.8907,899.6771,142.5708365098952,27.733869509031404,0.51902107805,0.58047169416,0.51902107805,0.58047169416,0.773,0.709,65.04,0.7729561,0.7085419,65.04,23.3506,0.0,2.32,1.145,0.126,0.999,7.0
503,503,7_9,7_56,156.5406,17.44165,20.919,0.121,188.3569,6.0,6.0,197.0,891.0,197.1789,891.1614999999999,197.1789,891.1614999999999,142.54687758424984,27.736054848918243,0.742,0.568,46.37,0.11126,0.08236,45.06,197.1789,891.1614999999999,142.54687758424984,27.736054848918243,0.53103891819,0.60568621316,0.53103891819,0.60568621316,0.778,0.728,86.01,0.7784929,0.7284737,86.01,23.3984,0.0,2.56,1.307,0.235,0.062,7.0
504,504,7_10,7_55,187.4765,16.23335,20.7232,0.094,188.718,4.0,5.0,356.0,887.0,355.5761,887.2832000000001,355.5761,887.2832000000001,142.49651907667868,27.73668848092351,0.721,0.458,-70.41,0.09137,0.05286,-71.53,355.5761,887.2832000000001,142.49651907667868,27.73668848092351,0.34570345701,0.41380830523,0.34570345701,0.41380830523,0.683,0.542,-56.65,0.6825346,0.5419024,-56.65,23.4165,0.0,2.33,1.575,0.365,0.468,7.0
505,505,7_11,7_54,10554.17,67.33454,16.347,0.0069,188.4043,54.0,61.0,233.0,881.0,233.3433,881.025,233.3433,881.025,142.5353494658999,27.738802963103613,1.491,1.349,74.0,0.01311,0.01207,75.43,233.3433,881.025,142.5353494658999,27.738802963103613,0.52832976569,0.60553339395,0.52832976569,0.60553339395,0.782,0.723,74.86,0.7820684,0.7226563,74.86,23.4033,0.0,2.6,1.106,0.095,0.981,7.0
506,506,7_12,7_53,1189.804,34.50821,18.7169,0.0315,187.3892,17.0,22.0,483.0,878.0,483.2333,878.1123,483.2333,878.1123,142.45591565834613,27.73888346033767,1.213,1.002,69.61,0.04485,0.03659,69.62,483.2333,878.1123,142.45591565834613,27.73888346033767,0.5171329321,0.59483229455,0.5171329321,0.59483229455,0.785,0.705,65.33,0.7846118,0.7045208,65.33,23.3529,0.0,2.37,1.21,0.174,0.915,7.0
507,507,7_13,7_52,379.2821,25.90274,19.9582,0.0742,187.3427,13.0,13.0,380.0,877.0,379.4142,877.1446000000001,379.4142,877.1446000000001,142.48890848215152,27.73946889964177,1.261,0.732,-51.45,0.10844,0.06056,-53.13,379.4142,877.1446000000001,142.48890848215152,27.73946889964177,1.5206478386,1.5143291451,1.5206478386,1.5143291451,1.327,1.128,-44.63,1.327452,1.128206,-44.63,23.3226,0.0,5.73,1.722,0.419,0.003,7.0
508,508,7_14,7_51,2455.711,42.96883,17.9301,0.019,187.8639,27.0,31.0,417.0,874.0,417.2715,874.3832,417.2715,874.3832,142.47686691667576,27.740132225295365,1.281,1.157,68.28,0.02807,0.02615,59.55,417.2715,874.3832,142.47686691667576,27.740132225295365,0.53968070692,0.60087571381,0.53968070692,0.60087571381,0.782,0.728,69.2,0.7817901,0.7275718,69.2,23.356,0.0,2.31,1.108,0.097,0.944,7.0
509,509,7_15,7_50,470.6418,25.16145,19.7238,0.0581,187.9234,11.0,12.0,297.0,872.0,296.6334,872.196,296.6334,872.196,142.51520327099286,27.74110378421705,0.92,0.824,-20.03,0.06403,0.05604,-19.65,296.6334,872.196,142.51520327099286,27.74110378421705,0.40915920349,0.39811523289,0.40915920349,0.39811523289,0.654,0.617,-38.19,0.6535105,0.6166024,-38.19,23.368,0.0,2.17,1.117,0.104,0.796,7.0
512,512,7_18,7_47,2181.498,41.48554,18.0587,0.0207,187.8109,26.0,29.0,399.0,841.0,399.0787,841.0701,399.0787,841.0701,142.4825362050874,27.749554682399303,1.308,1.099,76.4,0.03239,0.02617,79.82,399.0787,841.0701,142.4825362050874,27.749554682399303,0.51264195381,0.60109490796,0.51264195381,0.60109490796,0.777,0.714,79.83,0.7771968,0.7139341,79.83,23.3438,0.0,2.41,1.189,0.159,0.973,7.0
514,514,7_20,7_45,5852.541,56.79242,16.9872,0.0105,187.4898,40.0,49.0,182.0,821.0,182.3505,821.0757,182.3505,821.0757,142.55136559964714,27.75580530461384,1.451,1.289,76.93,0.01912,0.01702,76.55,182.3505,821.0757,142.55136559964714,27.75580530461384,0.53320351338,0.60820670178,0.53320351338,0.60820670178,0.782,0.728,79.42,0.7816132,0.7283481,79.42,23.3444,0.0,2.44,1.125,0.111,0.978,7.0
515,515,7_21,7_44,20055.6,82.51247,15.65,0.0045,188.3624,70.0,76.0,422.0,812.0,421.984,812.6765,421.984,812.6765,142.4751588024638,27.75747035987377,1.576,1.396,75.6,0.00917,0.00798,78.64,421.984,812.6765,142.4751588024638,27.75747035987377,0.55451057297,0.62810692018,0.55451057297,0.62810692018,0.796,0.741,75.66,0.7957718,0.7411914,75.66,23.3827,0.0,2.48,1.129,0.114,0.983,7.0
516,516,7_22,7_43,51264.36,115.6232,14.631,0.0024,187.9737,104.0,108.0,363.0,787.0,363.4708,787.298,363.4708,787.298,142.4936737252953,27.764781600198184,1.664,1.46,72.86,0.00528,0.00471,70.39,363.4708,787.298,142.4936737252953,27.764781600198184,0.55582868482,0.62704716697,0.55582868482,0.62704716697,0.796,0.741,73.19,0.7963649,0.7407286,73.19,23.3641,0.0,2.83,1.139,0.122,0.992,7.0
517,517,7_23,7_42,90063.38,145.5247,14.0192,0.0018,187.848,132.0,142.0,414.0,779.0,413.9286,779.2027,413.9286,779.2027,142.4776054598628,27.76690748353409,1.75,1.489,81.4,0.00429,0.00334,-88.65,413.9286,779.2027,142.4776054598628,27.76690748353409,0.56371364525,0.65245034277,0.56371364525,0.65245034277,0.811,0.748,77.34,0.8106582,0.7476612,77.34,23.3516,0.0,2.62,1.175,0.149,0.998,7.0
518,518,7_24,7_41,509771.5,309.7579,12.1371,0.0007,188.2068,274.0,290.0,68.0,771.0,67.906,771.6352999999999,67.906,771.6352999999999,142.5875971868377,27.770022934452424,1.982,1.711,76.15,0.00158,0.00144,73.01,67.906,771.6352999999999,142.5875971868377,27.770022934452424,0.96825681814,1.2655132577,0.96825681814,1.2655132577,1.126,0.983,85.51,1.125769,0.9830639,85.51,23.3693,4.0,6.94,1.158,0.137,0.983,7.0
519,519,7_25,7_40,171.5678,17.61123,20.8195,0.1115,187.7995,5.0,6.0,384.0,774.0,384.4753,774.0011999999999,384.4753,774.0011999999999,142.4869512967791,27.768458274187477,0.777,0.499,-87.68,0.1085,0.06674,-89.86,384.4753,774.0011999999999,142.4869512967791,27.768458274187477,0.50433620141,0.56343182982,0.50433620141,0.56343182982,0.78,0.678,-56.66,0.7800809,0.6776738,-56.66,23.3517,0.0,2.37,1.558,0.358,0.6,7.0
520,520,7_26,7_39,4455.999,66.84241,17.2832,0.0163,188.3141,69.0,79.0,1.0,759.0,1.2166,757.5078,1.2166,757.5078,142.60876123208874,27.7741734024446,4.396,1.119,87.7,0.08437,0.02223,88.03,1.2166,757.5078,142.60876123208874,27.7741734024446,2.0083684745,7.7886100923,2.0083684745,7.7886100923,2.792,1.415,88.34,2.791674,1.415463,88.34,23.3421,24.0,13.3,3.93,0.746,0.012,7.0
521,521,7_27,7_38,12372.85,71.12035,16.1744,0.0062,188.1069,55.0,65.0,362.0,756.0,362.2256,756.2426,362.2256,756.2426,142.49396508659953,27.773518072505745,1.56,1.36,77.39,0.01262,0.01068,77.08,362.2256,756.2426,142.49396508659953,27.773518072505745,0.54672228205,0.62782733966,0.54672228205,0.62782733966,0.796,0.736,76.23,0.7956207,0.7358922,76.23,23.3812,0.0,2.55,1.147,0.128,0.982,7.0
523,523,7_29,7_36,671.5742,28.35827,19.3378,0.0459,187.5401,12.0,15.0,159.0,750.0,159.2009,750.2195,159.2009,750.2195,142.55849860763348,27.775794964893127,1.033,0.87,79.44,0.05583,0.04643,82.95,159.2009,750.2195,142.55849860763348,27.775794964893127,0.47123972238,0.54412085307,0.47123972238,0.54412085307,0.74,0.684,77.74,0.7400903,0.6838326,77.74,23.352,0.0,2.33,1.188,0.158,0.911,7.0
524,524,7_30,7_35,5052.743,52.73405,17.1468,0.0113,188.068,37.0,43.0,446.0,743.0,446.1469,743.0514000000001,446.1469,743.0514000000001,142.46723910434704,27.776975931066037,1.407,1.241,75.41,0.01985,0.01703,69.65,446.1469,743.0514000000001,142.46723910434704,27.776975931066037,0.5345421751,0.60510431132,0.5345421751,0.60510431132,0.78,0.729,77.97,0.7800399,0.7288238,77.97,23.3868,0.0,2.29,1.134,0.118,0.975,7.0
525,525,7_31,7_34,3408.098,59.63903,17.5743,0.019,188.4164,57.0,65.0,188.0,730.0,188.5725,729.8197,188.5725,729.8197,142.5490931481724,27.78144926607792,1.885,1.726,-63.94,0.04075,0.03725,-67.55,188.5725,729.8197,142.5490931481724,27.78144926607792,1.5766263953,1.6649842245,1.5766263953,1.6649842245,1.297,1.249,-68.06,1.29696,1.248802,-68.06,23.4128,0.0,3.78,1.092,0.085,0.014,7.0
526,526,7_32,7_33,248.678,20.16173,20.4165,0.088,188.0364,7.0,8.0,410.0,715.0,409.8249,714.9236,409.8249,714.9236,142.47869121300712,27.784994911902604,0.818,0.659,-50.86,0.08618,0.06805,-45.37,409.8249,714.9236,142.47869121300712,27.784994911902604,0.48589385967,0.65153085047,0.48589385967,0.65153085047,0.813,0.691,-77.18,0.8127592,0.6905413,-77.18,23.3796,0.0,2.28,1.24,0.194,0.594,7.0
527,527,7_33,7_32,507.4655,25.03881,19.6421,0.0536,187.3685,9.0,12.0,445.0,713.0,444.9358,713.3424,444.9358,713.3424,142.4675221372816,27.785333623109643,0.982,0.763,83.28,0.06449,0.04709,88.62,444.9358,713.3424,142.4675221372816,27.785333623109643,0.40684028424,0.440309199,0.40684028424,0.440309199,0.688,0.612,54.92,0.6876582,0.6117808,54.92,23.3467,0.0,2.09,1.287,0.223,0.851,7.0
528,528,7_34,7_31,134.3216,16.05803,21.0852,0.1298,186.7067,5.0,5.0,311.0,713.0,311.4013,712.823,311.4013,712.823,142.5099796389231,27.7858769265942,0.754,0.447,-70.71,0.12683,0.07333,-71.54,311.4013,712.823,142.5099796389231,27.7858769265942,0.84973201863,0.9890210578,0.84973201863,0.9890210578,1.0,0.916,-74.56,1.000259,0.9155515,-74.56,23.3033,0.0,3.41,1.686,0.407,0.269,7.0
529,529,7_35,7_30,232.4976,19.17179,20.4895,0.0896,187.2897,6.0,7.0,348.0,712.0,348.3017,712.0291,348.3017,712.0291,142.49824358876512,27.78599190980589,0.717,0.665,77.57,0.07911,0.07325,88.82,348.3017,712.0291,142.49824358876512,27.78599190980589,0.47150431534,0.4003825583,0.47150431534,0.4003825583,0.704,0.614,26.58,0.703734,0.6137144,26.58,23.3405,0.0,2.06,1.079,0.073,0.611,7.0
530,530,7_36,7_29,2621.31,44.50655,17.8593,0.0184,188.4422,30.0,34.0,406.0,700.0,405.714,700.5217,405.714,700.5217,142.47994928362647,27.789056963860155,1.345,1.172,78.65,0.03015,0.02571,76.33,405.714,700.5217,142.47994928362647,27.789056963860155,0.52606145287,0.58658823058,0.52606145287,0.58658823058,0.769,0.722,74.97,0.7689525,0.7220538,74.97,23.4123,0.0,2.24,1.147,0.128,0.925,7.0
532,532,7_38,7_27,159.3303,17.39756,20.8998,0.1186,187.7353,5.0,6.0,390.0,688.0,389.8202,688.1401,389.8202,688.1401,142.48496104842968,27.792586125027107,0.743,0.573,-47.98,0.10485,0.07773,-45.22,389.8202,688.1401,142.48496104842968,27.792586125027107,0.64618928844,0.72193088461,0.64618928844,0.72193088461,0.853,0.8,-74.55,0.853345,0.7999516,-74.55,23.3707,0.0,3.35,1.298,0.23,0.518,7.0
533,533,7_39,7_26,466.2863,28.82132,19.7339,0.0671,187.296,12.0,16.0,295.0,684.0,294.4993,683.9382,294.4993,683.9382,142.51525836911452,27.79404834801276,1.096,0.949,-87.51,0.08104,0.06638,-89.87,294.4993,683.9382,142.51525836911452,27.79404834801276,1.0357323554,1.0081448915,1.0357323554,1.0081448915,1.022,1.0,-25.67,1.021771,0.9999306,-25.67,23.3436,0.0,3.14,1.155,0.135,0.057,7.0
534,534,7_40,7_25,211.1729,20.21311,20.594,0.104,187.3573,6.0,8.0,259.0,677.0,259.1223,676.8701,259.1223,676.8701,142.52648533308349,27.79613801496675,0.845,0.663,43.01,0.10515,0.08309,44.87,259.1223,676.8701,142.52648533308349,27.79613801496675,0.93430624408,0.81205509749,0.93430624408,0.81205509749,0.989,0.876,27.22,0.989079,0.876404,27.22,23.3501,0.0,4.05,1.274,0.215,0.079,7.0
536,536,7_42,7_23,651.9868,28.9012,19.37,0.0481,188.182,13.0,16.0,433.0,656.0,432.6201,656.5198,432.6201,656.5198,142.47124322992067,27.801348876856647,1.003,0.977,57.48,0.05321,0.05291,22.07,432.6201,656.5198,142.47124322992067,27.801348876856647,0.57861918281,0.61810484562,0.57861918281,0.61810484562,0.791,0.755,67.57,0.7913383,0.7553197,67.57,23.4067,0.0,2.38,1.027,0.026,0.862,7.0
537,537,7_43,7_22,270.5046,22.5322,20.3251,0.0905,188.1627,9.0,10.0,211.0,651.0,210.9808,650.8222000000001,210.9808,650.8222000000001,142.5417108192748,27.803599726261183,0.903,0.763,-89.55,0.08753,0.06954,-89.91,210.9808,650.8222000000001,142.5417108192748,27.803599726261183,0.83493393622,0.86202113776,0.83493393622,0.86202113776,0.93,0.912,72.13,0.9301423,0.9120254,72.13,23.4038,0.0,2.58,1.183,0.155,0.645,7.0
538,538,7_44,7_21,1268.941,35.49585,18.647,0.0304,187.5217,19.0,23.0,414.0,643.0,414.369,643.4206,414.369,643.4206,142.47700236528948,27.805087214643304,1.141,1.068,78.76,0.04104,0.03786,78.66,414.369,643.4206,142.47700236528948,27.805087214643304,0.48692893602,0.4968410098,0.48692893602,0.4968410098,0.705,0.698,-89.44,0.7048702,0.6978022,-89.44,23.3593,0.0,2.07,1.068,0.064,0.952,7.0
539,539,7_45,7_20,1843.724,39.56397,18.2413,0.0233,188.2579,25.0,27.0,89.0,630.0,89.1916,630.4279,89.1916,630.4279,142.58038364066817,27.80967236011932,1.245,1.075,85.9,0.0341,0.02823,79.57,89.1916,630.4279,142.58038364066817,27.80967236011932,0.45423047183,0.50946203459,0.45423047183,0.50946203459,0.714,0.673,83.47,0.7142798,0.6734218,83.47,23.3946,0.0,2.14,1.159,0.137,0.972,7.0
540,540,7_46,7_19,421.1628,23.96169,19.8444,0.0618,187.2964,9.0,11.0,408.0,629.0,408.4303,629.0712,408.4303,629.0712,142.47884200226747,27.809139903912723,0.946,0.732,16.03,0.0721,0.05127,14.94,408.4303,629.0712,142.47884200226747,27.809139903912723,0.44938983477,0.42239294408,0.44938983477,0.42239294408,0.675,0.645,23.58,0.6750873,0.6450115,23.58,23.3442,0.0,2.14,1.291,0.226,0.802,7.0
541,541,7_47,7_18,1343.335,36.16421,18.5851,0.0292,187.9122,19.0,24.0,465.0,623.0,465.1824,623.5186,465.1824,623.5186,142.4607744746084,27.810529502384934,1.195,1.055,-75.82,0.04223,0.03441,-70.71,465.1824,623.5186,142.4607744746084,27.810529502384934,0.49190177496,0.54097621144,0.49190177496,0.54097621144,0.739,0.698,73.37,0.7387735,0.6979195,73.37,23.391,0.0,2.04,1.132,0.117,0.926,7.0
542,542,7_48,7_17,17664.75,79.07109,15.7878,0.0049,187.7254,66.0,73.0,347.0,617.0,347.1037,617.1941,347.1037,617.1941,142.49830584706618,27.81266206840304,1.572,1.376,75.5,0.00989,0.00862,74.52,347.1037,617.1941,142.49830584706618,27.81266206840304,0.54795972911,0.64111283866,0.54795972911,0.64111283866,0.803,0.738,79.43,0.8027931,0.7379673,79.43,23.3798,0.0,2.48,1.142,0.125,0.981,7.0
543,543,7_49,7_16,1134.278,39.21385,18.7688,0.0375,188.0122,26.0,29.0,46.0,610.0,46.0263,610.5397,46.0263,610.5397,142.59405273174468,27.81538120270052,1.712,1.082,-78.57,0.06867,0.04381,-78.97,46.0263,610.5397,142.59405273174468,27.81538120270052,1.0173512893,1.6141242863,1.0173512893,1.6141242863,1.275,1.003,-82.22,1.274941,1.002996,-82.22,23.3807,0.0,5.12,1.583,0.368,0.033,7.0
544,544,7_50,7_15,195.9645,18.92333,20.6751,0.1049,187.1872,6.0,7.0,68.0,594.0,68.2795,593.9748,68.2795,593.9748,142.5869213414793,27.819979198262963,0.724,0.662,86.23,0.09311,0.0861,89.63,68.2795,593.9748,142.5869213414793,27.819979198262963,0.46067350063,0.51472333751,0.46067350063,0.51472333751,0.733,0.662,61.64,0.7327725,0.6621491,61.64,23.3298,0.0,1.84,1.093,0.085,0.409,7.0
545,545,7_51,7_14,405.3854,24.72875,19.8859,0.0662,186.5237,10.0,12.0,473.0,591.0,473.2234,590.7032,473.2234,590.7032,142.45810356670918,27.81973204999315,0.949,0.835,-75.09,0.07405,0.06453,-70.43,473.2234,590.7032,142.45810356670918,27.81973204999315,0.60367372674,0.70961035308,0.60367372674,0.70961035308,0.842,0.777,88.13,0.8424507,0.7768918,88.13,23.3009,0.0,2.43,1.137,0.12,0.667,7.0
547,547,7_53,7_12,368.7003,23.80606,19.9889,0.0701,187.3219,9.0,11.0,37.0,569.0,37.2012,568.8322000000001,37.2012,568.8322000000001,142.596730192289,27.827132386701727,0.879,0.834,49.55,0.07128,0.06854,45.4,37.2012,568.8322000000001,142.596730192289,27.827132386701727,0.52331415323,0.56102795181,0.52331415323,0.56102795181,0.758,0.714,62.48,0.7583417,0.7136245,62.48,23.3426,0.0,2.47,1.054,0.052,0.555,7.0
548,548,7_54,7_11,171.6295,17.40462,20.8191,0.1101,187.6219,6.0,6.0,458.0,568.0,457.8481,568.1544,457.8481,568.1544,142.4629156983086,27.82611919157954,0.74,0.563,-40.63,0.10806,0.07995,-44.75,457.8481,568.1544,142.4629156983086,27.82611919157954,0.50846895428,0.3881913631,0.50846895428,0.3881913631,0.726,0.608,-20.17,0.7261012,0.6078135,-20.17,23.364,0.0,2.24,1.313,0.239,0.578,7.0
549,549,7_55,7_10,1054.8,33.21377,18.8476,0.0342,186.8109,16.0,20.0,86.0,565.0,85.8615,564.8468,85.8615,564.8468,142.5812358989835,27.82812192770189,1.104,1.02,-67.33,0.04395,0.04045,-65.02,85.8615,564.8468,142.5812358989835,27.82812192770189,0.54715984827,0.59429084161,0.54715984827,0.59429084161,0.772,0.739,-80.33,0.7718152,0.7387503,-80.33,23.3077,0.0,2.21,1.083,0.076,0.952,7.0
550,550,7_56,7_9,608.8789,28.06162,19.4442,0.0501,187.139,13.0,15.0,453.0,564.0,452.9089,564.2969,452.9089,564.2969,142.46447336796112,27.827218858417822,0.995,0.917,-14.76,0.06152,0.05473,-16.47,452.9089,564.2969,142.46447336796112,27.827218858417822,0.52527725198,0.48297038612,0.52527725198,0.48297038612,0.725,0.695,5.01,0.7249861,0.694725,5.01,23.3324,0.0,2.25,1.085,0.078,0.65,7.0
551,551,7_57,7_8,1741.016,39.70164,18.3036,0.0248,187.6697,22.0,28.0,412.0,560.0,412.4901,560.6391,412.4901,560.6391,142.47731696846887,27.82836953925732,1.217,1.147,75.05,0.03412,0.03388,16.58,412.4901,560.6391,142.47731696846887,27.82836953925732,0.499653698,0.55611140461,0.499653698,0.55611140461,0.752,0.701,69.95,0.7515253,0.7006959,69.95,23.3627,0.0,2.31,1.061,0.057,0.999,7.0
552,552,7_58,7_7,2720.742,56.76805,17.8189,0.0227,188.674,52.0,60.0,381.0,559.0,380.8472,559.4362,380.8472,559.4362,142.48737792857196,27.828802471814356,1.807,1.768,7.13,0.04598,0.04333,-0.85,380.8472,559.4362,142.48737792857196,27.828802471814356,1.8609788845,1.9294252724,1.8609788845,1.9294252724,1.39,1.363,76.91,1.390445,1.362743,76.91,23.4369,0.0,3.94,1.022,0.022,0.014,7.0
553,553,7_59,7_6,421.1184,25.07472,19.8446,0.0647,187.6485,9.0,12.0,158.0,547.0,158.2816,546.8761,158.2816,546.8761,142.55813802320162,27.832975757842867,0.975,0.819,34.82,0.07382,0.05966,34.76,158.2816,546.8761,142.55813802320162,27.832975757842867,0.57127068974,0.56217302384,0.57127068974,0.56217302384,0.781,0.723,42.0,0.7812095,0.7232949,42.0,23.3602,0.0,2.56,1.191,0.16,0.825,7.0
554,554,7_60,7_5,302.3059,21.59034,20.2045,0.0776,188.1377,8.0,9.0,395.0,545.0,394.896,544.992,394.896,544.992,142.48285998765922,27.83282190401708,0.786,0.761,54.98,0.07198,0.07145,14.29,394.896,544.992,142.48285998765922,27.83282190401708,0.56964240738,0.63594780625,0.56964240738,0.63594780625,0.801,0.752,75.35,0.8005058,0.7515189,75.35,23.3967,0.0,2.88,1.034,0.033,0.28,7.0
555,555,7_61,7_4,7289.403,61.08831,16.7488,0.0091,187.767,49.0,55.0,369.0,534.0,369.1984,534.8108,369.1984,534.8108,142.49099982582095,27.83576121021865,1.502,1.321,81.71,0.01743,0.0152,85.14,369.1984,534.8108,142.49099982582095,27.83576121021865,0.52882855894,0.61546987739,0.52882855894,0.61546987739,0.786,0.725,80.16,0.7862296,0.7253561,80.16,23.3787,0.0,2.41,1.137,0.121,0.977,7.0
556,556,7_62,7_3,2010.267,39.75991,18.1474,0.0215,187.3317,24.0,27.0,323.0,532.0,323.0819,532.3809,323.0819,532.3809,142.5056619324512,27.83658049689133,1.264,1.091,78.83,0.03185,0.02614,78.28,323.0819,532.3809,142.5056619324512,27.83658049689133,0.51143190544,0.56897702776,0.51143190544,0.56897702776,0.757,0.712,75.41,0.7570714,0.7122162,75.41,23.3487,0.0,2.19,1.158,0.137,0.974,7.0
559,559,8_2,8_58,144.5975,15.77807,21.0052,0.1185,187.7876,4.0,5.0,783.0,997.0,783.2107,996.5943,783.2107,996.5943,142.3610222810681,27.704610854265148,0.717,0.46,-18.13,0.10883,0.06329,-18.42,783.2107,996.5943,142.3610222810681,27.704610854265148,0.40258481523,0.44589276175,0.40258481523,0.44589276175,0.683,0.619,60.67,0.6825432,0.6185566,60.67,23.3722,0.0,2.01,1.559,0.359,0.552,8.0
560,560,8_3,8_59,291.2883,19.11612,20.2448,0.0713,187.8235,6.0,7.0,575.0,1013.0,574.701,1012.5988,574.701,1012.5988,142.42732091650797,27.700780615150045,0.909,0.482,-6.55,0.09751,0.04531,-8.26,574.701,1012.5988,142.42732091650797,27.700780615150045,0.40270725907,0.17301720242,0.40270725907,0.17301720242,0.635,0.415,3.99,0.6354762,0.4146016,3.99,23.3642,24.0,2.61,1.885,0.469,0.613,8.0
561,561,8_4,8_57,138.0769,15.47453,21.0553,0.1217,187.6336,5.0,5.0,972.0,990.0,971.6327,989.7786,971.6327,989.7786,142.30113900273608,27.705893168104563,0.734,0.45,72.57,0.12086,0.07027,71.67,971.6327,989.7786,142.30113900273608,27.705893168104563,0.31407749184,0.34431378943,0.31407749184,0.34431378943,0.6,0.546,59.59,0.6001695,0.5460657,59.59,23.3759,0.0,2.67,1.631,0.387,0.577,8.0
562,562,8_5,8_56,223.2964,18.44614,20.5334,0.0897,187.9738,6.0,7.0,1006.0,976.0,1006.1993,975.6608,1006.1993,975.6608,142.2901034770257,27.709744052102938,0.814,0.6,28.31,0.09814,0.06846,30.14,1006.1993,975.6608,142.2901034770257,27.709744052102938,0.45017863422,0.43845231629,0.45017863422,0.43845231629,0.695,0.637,40.63,0.6948907,0.6369913,40.63,23.3891,0.0,2.35,1.357,0.263,0.547,8.0
563,563,8_6,8_55,67001.02,129.1799,14.3404,0.0021,187.5721,119.0,130.0,703.0,968.0,703.5283,967.9728,703.5283,967.9728,142.3862324615034,27.712919900601424,1.734,1.494,80.52,0.00498,0.00408,-87.97,703.5283,967.9728,142.3862324615034,27.712919900601424,0.58039136108,0.64464161274,0.58039136108,0.64464161274,0.809,0.755,70.06,0.8089403,0.7554128,70.06,23.3587,0.0,2.58,1.16,0.138,0.981,8.0
564,564,8_7,8_54,10263.81,65.83984,16.3773,0.007,188.0309,53.0,59.0,644.0,966.0,643.6099,966.5867,643.6099,966.5867,142.40526457463469,27.71350216400499,1.522,1.32,76.23,0.01347,0.01151,81.35,643.6099,966.5867,142.40526457463469,27.71350216400499,0.53059411211,0.5861655706,0.53059411211,0.5861655706,0.771,0.723,70.64,0.7707125,0.7230228,70.64,23.3801,0.0,2.41,1.153,0.132,0.988,8.0
566,566,8_9,8_52,27326.47,90.14919,15.3141,0.0036,187.9614,74.0,82.0,617.0,963.0,616.7843,963.0515,616.7843,963.0515,142.41377509497943,27.714581575234437,1.599,1.402,76.52,0.00722,0.00649,77.92,616.7843,963.0515,142.41377509497943,27.714581575234437,0.54351049342,0.6317916463,0.54351049342,0.6317916463,0.798,0.734,76.63,0.7981728,0.7336364,76.63,23.3768,0.0,2.69,1.14,0.123,0.987,8.0
567,567,8_10,8_51,366.6252,26.32916,19.995,0.078,187.783,13.0,14.0,531.0,964.0,530.7954,963.6474,530.7954,963.6474,142.44109868201855,27.714683443438908,1.112,0.883,25.63,0.09404,0.0732,24.44,530.7954,963.6474,142.44109868201855,27.714683443438908,1.5031091603,1.3364239769,1.5031091603,1.3364239769,1.264,1.115,31.01,1.263883,1.11451,31.01,23.3649,0.0,4.05,1.259,0.206,0.002,8.0
569,569,8_12,8_49,324.329,21.43721,20.1281,0.0718,186.9461,8.0,9.0,680.0,951.0,680.1032,951.3086,680.1032,951.3086,142.39361479170293,27.717681687875256,0.868,0.685,-66.46,0.08019,0.05814,-69.55,680.1032,951.3086,142.39361479170293,27.717681687875256,0.44662822211,0.45094281378,0.44662822211,0.45094281378,0.683,0.656,-48.46,0.6831385,0.6564243,-48.46,23.3175,0.0,2.23,1.267,0.211,0.583,8.0
572,572,8_15,8_45,411.3392,26.40965,19.8701,0.0697,187.7227,9.0,14.0,551.0,927.0,550.8625,926.9857,550.8625,926.9857,142.434594014799,27.724930879927424,0.922,0.75,-1.6,0.0848,0.06707,-0.24,550.8625,926.9857,142.434594014799,27.724930879927424,0.94752904244,0.95612288215,0.94752904244,0.95612288215,0.994,0.957,-48.41,0.9939615,0.9569182,-48.41,23.3645,0.0,3.64,1.229,0.186,0.078,8.0
573,573,8_16,8_44,41794.2,105.3587,14.8528,0.0027,187.446,93.0,98.0,716.0,917.0,716.279,917.3166,716.279,917.3166,142.38199701768926,27.727123725730397,1.649,1.431,74.59,0.00577,0.00516,74.63,716.279,917.3166,142.38199701768926,27.727123725730397,0.54878451757,0.63238543055,0.54878451757,0.63238543055,0.799,0.736,74.79,0.799411,0.7362825,74.79,23.3632,0.0,2.59,1.152,0.132,0.983,8.0
574,574,8_17,8_43,1098.597,34.05901,18.8035,0.0337,188.1368,18.0,22.0,899.0,894.0,899.0556,894.7075,899.0556,894.7075,142.32383523692494,27.732875590661035,1.17,1.038,84.4,0.04496,0.03996,-89.51,899.0556,894.7075,142.32383523692494,27.732875590661035,0.48251463074,0.60310782276,0.48251463074,0.60310782276,0.777,0.694,84.01,0.7774636,0.6936662,84.01,23.4155,0.0,2.27,1.127,0.113,0.937,8.0
575,575,8_18,8_42,2447.891,43.34332,17.9336,0.0192,187.3551,27.0,33.0,806.0,879.0,805.9054,879.7383,805.9054,879.7383,142.35337889661645,27.737397024164736,1.355,1.152,88.45,0.03152,0.02569,-85.09,805.9054,879.7383,142.35337889661645,27.737397024164736,0.52244378988,0.59081905935,0.52244378988,0.59081905935,0.775,0.716,71.02,0.7745929,0.7164277,71.02,23.3597,0.0,2.35,1.176,0.149,0.965,8.0
576,576,8_19,8_41,216.4832,17.38808,20.567,0.0872,187.7014,5.0,6.0,551.0,880.0,550.507,879.9352,550.507,879.9352,142.4345418769214,27.738163077435992,0.776,0.499,87.65,0.08638,0.05298,89.88,550.507,879.9352,142.4345418769214,27.738163077435992,0.50561067462,0.59377340131,0.50561067462,0.59377340131,0.786,0.694,65.36,0.7856627,0.6943473,65.36,23.3712,0.0,3.67,1.554,0.357,0.154,8.0
577,577,8_20,8_40,7818.367,61.36496,16.6728,0.0085,187.8749,49.0,56.0,900.0,876.0,899.5468000000001,876.2094999999999,899.5468000000001,876.2094999999999,142.32360910472494,27.73807565426207,1.48,1.345,80.61,0.01555,0.01502,88.99,899.5468000000001,876.2094999999999,142.32360910472494,27.73807565426207,0.54395693434,0.60741438812,0.54395693434,0.60741438812,0.782,0.735,77.1,0.7816166,0.7351509,77.1,23.3994,0.0,2.64,1.1,0.091,0.982,8.0
578,578,8_21,8_39,2896.475,45.61766,17.7509,0.0171,187.9159,32.0,36.0,629.0,865.0,629.1831999999999,865.602,629.1831999999999,865.602,142.4094875977243,27.741946067096787,1.402,1.185,70.84,0.02951,0.02381,71.87,629.1831999999999,865.602,142.4094875977243,27.741946067096787,0.53822933304,0.59353512662,0.53822933304,0.59353512662,0.775,0.728,70.78,0.7753595,0.7284107,70.78,23.3877,0.0,2.45,1.183,0.155,0.917,8.0
580,580,8_23,8_37,445.0996,24.64453,19.7844,0.0601,187.2117,10.0,12.0,711.0,836.0,711.2164,836.6155,711.2164,836.6155,142.38331208023143,27.749833802916832,0.944,0.83,-71.98,0.06691,0.0584,-70.7,711.2164,836.6155,142.38331208023143,27.749833802916832,0.47720844588,0.51746927403,0.47720844588,0.51746927403,0.719,0.691,-88.83,0.719365,0.6907906,-88.83,23.3479,0.0,2.57,1.136,0.12,0.845,8.0
581,581,8_24,8_36,661.6348,27.92859,19.354,0.0458,187.5015,14.0,15.0,641.0,836.0,641.3208999999999,836.3551,641.3208999999999,836.3551,142.40552539943195,27.75013179261344,0.983,0.919,-53.84,0.0546,0.04809,-45.07,641.3208999999999,836.3551,142.40552539943195,27.75013179261344,0.46683734555,0.51335063069,0.46683734555,0.51335063069,0.718,0.682,77.96,0.7180312,0.6816298,77.96,23.3607,0.0,2.27,1.07,0.065,0.92,8.0
582,582,8_25,8_35,512.6117,29.63011,19.6311,0.0628,188.108,14.0,18.0,526.0,813.0,526.0583,813.2169,526.0583,813.2169,142.4420788054496,27.75700056018583,1.46,0.819,43.08,0.10198,0.05577,41.51,526.0583,813.2169,142.4420788054496,27.75700056018583,0.94763062295,1.0720424086,0.94763062295,1.0720424086,1.124,0.869,52.08,1.124381,0.8691605,52.08,23.4063,0.0,5.59,1.784,0.439,0.02,8.0
583,583,8_26,8_34,362.1079,24.45636,20.0085,0.0733,187.7751,11.0,12.0,621.0,800.0,621.221,799.9964,621.221,799.9964,142.4117839172224,27.76041984871314,0.992,0.843,-84.08,0.08695,0.0725,-89.59,621.221,799.9964,142.4117839172224,27.76041984871314,0.75918578342,0.8942548511,0.75918578342,0.8942548511,0.958,0.857,-68.75,0.9582868,0.8573955,-68.75,23.3771,0.0,4.42,1.177,0.15,0.008,8.0
584,584,8_27,8_33,11253.89,68.00423,16.2773,0.0066,187.0947,55.0,63.0,989.0,781.0,988.6024,781.1022,988.6024,781.1022,142.29494318766768,27.764515263773006,1.528,1.347,77.83,0.01298,0.01142,87.32,988.6024,781.1022,142.29494318766768,27.764515263773006,0.55384126375,0.6166662772,0.55384126375,0.6166662772,0.792,0.737,69.67,0.791624,0.7374544,69.67,23.3553,0.0,2.54,1.135,0.119,0.987,8.0
585,585,8_28,8_32,5701.58,55.15602,17.0156,0.0105,187.7559,44.0,47.0,821.0,782.0,821.068,782.169,821.068,782.169,142.34819699734152,27.764783209324573,1.456,1.288,79.77,0.01893,0.01653,82.53,821.068,782.169,142.34819699734152,27.764783209324573,0.55808701907,0.64898513888,0.55808701907,0.64898513888,0.809,0.743,76.62,0.80897,0.7433975,76.62,23.3904,0.0,2.5,1.13,0.115,0.932,8.0
586,586,8_29,8_31,412.0453,22.73319,19.8682,0.0599,188.1167,9.0,10.0,828.0,763.0,827.8838000000001,762.9897000000001,827.8838000000001,762.9897000000001,142.3459589669948,27.770153625449865,0.868,0.75,1.49,0.06292,0.05001,-0.04,827.8838000000001,762.9897000000001,142.3459589669948,27.770153625449865,0.50525803474,0.48868175859,0.50525803474,0.48868175859,0.716,0.694,28.55,0.7156999,0.6940558,28.55,23.4141,0.0,2.0,1.158,0.136,0.559,8.0
588,588,8_31,8_29,231.6625,19.96336,20.4934,0.0936,187.8349,8.0,8.0,654.0,746.0,653.8875,746.0955,653.8875,746.0955,142.4012068323901,27.77547254060507,0.835,0.649,43.58,0.094,0.07429,44.96,653.8875,746.0955,142.4012068323901,27.77547254060507,0.47719667111,0.420096154,0.47719667111,0.420096154,0.724,0.611,33.79,0.7235475,0.6113689,33.79,23.376,0.0,2.51,1.286,0.223,0.276,8.0
590,590,8_33,8_27,518.8207,28.36236,19.618,0.0594,187.5527,13.0,16.0,880.0,718.0,880.501,718.0433,880.501,718.0433,142.32906414299458,27.78261571192396,1.123,0.95,87.07,0.07576,0.06201,89.8,880.501,718.0433,142.32906414299458,27.78261571192396,1.0527083431,1.1715083511,1.0527083431,1.1715083511,1.083,1.025,83.51,1.083081,1.025257,83.51,23.371,0.0,4.3,1.182,0.154,0.034,8.0
592,592,8_35,8_25,46340.03,110.9134,14.7407,0.0026,188.647,99.0,109.0,933.0,704.0,933.161,703.9589,933.161,703.9589,142.3122700519005,27.78639740036698,1.675,1.456,73.42,0.00574,0.005,76.91,933.161,703.9589,142.3122700519005,27.78639740036698,0.54767293645,0.62851398098,0.54767293645,0.62851398098,0.797,0.736,75.05,0.7966914,0.7358463,75.05,23.4531,0.0,2.68,1.151,0.131,0.984,8.0
593,593,8_36,8_24,1113.958,35.31037,18.7884,0.0344,188.5159,18.0,24.0,912.0,701.0,911.8496,701.4892,911.8496,701.4892,142.31903562325488,27.78716439661731,1.233,1.034,67.24,0.0493,0.0399,70.54,911.8496,701.4892,142.31903562325488,27.78716439661731,0.50531570181,0.55450553098,0.50531570181,0.55450553098,0.759,0.696,61.16,0.7588974,0.6956263,61.16,23.441,0.0,2.23,1.192,0.161,0.901,8.0
594,594,8_37,8_23,1613.778,38.52972,18.386,0.0259,187.7713,23.0,27.0,651.0,701.0,651.3572,701.0044,651.3572,701.0044,142.40184896720766,27.78815988051985,1.243,1.112,66.76,0.03693,0.03427,61.95,651.3572,701.0044,142.40184896720766,27.78815988051985,0.50471271647,0.57544599768,0.50471271647,0.57544599768,0.768,0.7,67.49,0.7681928,0.7000276,67.49,23.3707,0.0,2.42,1.118,0.105,0.975,8.0
595,595,8_38,8_22,7300.542,60.79231,16.7472,0.009,187.5298,53.0,56.0,743.0,693.0,742.7306,693.0154,742.7306,693.0154,142.37276964355496,27.79011082037892,1.547,1.414,72.46,0.01739,0.0159,64.52,742.7306,693.0154,142.37276964355496,27.79011082037892,0.60365544525,0.68157692575,0.60365544525,0.68157692575,0.829,0.774,75.98,0.8287091,0.7736108,75.98,23.3708,0.0,2.81,1.094,0.086,0.978,8.0
596,596,8_39,8_21,331.8203,24.47489,20.1033,0.0801,187.882,10.0,12.0,666.0,658.0,666.4721,658.525,666.4721,658.525,142.39689001202652,27.800056103909498,0.922,0.888,55.21,0.08082,0.08066,57.76,666.4721,658.525,142.39689001202652,27.800056103909498,1.0759649027,1.1565120123,1.0759649027,1.1565120123,1.1,1.011,57.69,1.100105,1.011062,57.69,23.3804,0.0,3.56,1.038,0.037,0.036,8.0
597,597,8_40,8_20,1205.121,33.95973,18.703,0.0306,188.3262,20.0,21.0,652.0,658.0,651.7551,658.0701,651.7551,658.0701,142.40156784983253,27.800231178874267,1.105,1.046,81.99,0.03847,0.03628,-73.32,651.7551,658.0701,142.40156784983253,27.800231178874267,0.49961698231,0.54383115632,0.49961698231,0.54383115632,0.742,0.702,70.19,0.7419072,0.7021551,70.19,23.4071,0.0,2.28,1.056,0.053,0.951,8.0
598,598,8_41,8_19,1460.107,40.27992,18.4946,0.03,187.4788,19.0,30.0,591.0,657.0,590.9769,657.3633,590.9769,657.3633,142.42089093046286,27.800622889571603,1.221,1.072,81.67,0.04394,0.03693,89.14,590.9769,657.3633,142.42089093046286,27.800622889571603,0.4744041588,0.52821193071,0.4744041588,0.52821193071,0.732,0.683,69.9,0.7324799,0.6827073,69.9,23.3453,0.0,2.07,1.139,0.122,0.957,8.0
600,600,8_43,8_18,348.4845,28.20784,20.0501,0.0879,188.9536,12.0,16.0,615.0,656.0,614.7286,654.883,614.7286,654.883,142.41332968850554,27.80124525020508,1.238,0.95,-87.28,0.10617,0.08083,-85.54,614.7286,654.883,142.41332968850554,27.80124525020508,1.8193446603,2.0521792375,1.8193446603,2.0521792375,1.433,1.349,-89.71,1.432545,1.348829,-89.71,23.4428,0.0,4.98,1.303,0.232,0.0,8.0
601,601,8_44,8_15,870.666,30.50392,19.0559,0.038,187.6367,12.0,18.0,978.0,646.0,978.4167,646.0901,978.4167,646.0901,142.29765990543933,27.802513846081396,1.131,0.901,64.01,0.05249,0.03841,67.0,978.4167,646.0901,142.29765990543933,27.802513846081396,0.45611526961,0.49020343102,0.45611526961,0.49020343102,0.717,0.657,57.16,0.7173156,0.6570974,57.16,23.3697,0.0,2.26,1.255,0.203,0.935,8.0
602,602,8_45,8_14,231.8425,18.77055,20.4926,0.0879,187.8015,7.0,7.0,800.0,647.0,800.0002999999999,646.7057,800.0002999999999,646.7057,142.35438997620335,27.802943880959184,0.71,0.676,6.45,0.07714,0.07159,0.33,800.0002999999999,646.7057,142.35438997620335,27.802943880959184,0.42172742087,0.54724721414,0.42172742087,0.54724721414,0.741,0.648,84.12,0.7406697,0.6483696,84.12,23.3866,0.0,2.08,1.051,0.048,0.568,8.0
603,603,8_46,8_13,588.5379,27.72514,19.4811,0.0512,187.4087,13.0,15.0,740.0,624.0,739.787,624.1671,739.787,624.1671,142.3734526723013,27.809479442021907,1.046,0.896,-78.04,0.06404,0.05304,-82.97,739.787,624.1671,142.3734526723013,27.809479442021907,0.53366928056,0.60366239792,0.53366928056,0.60366239792,0.787,0.72,-66.72,0.7871273,0.719557,-66.72,23.363,0.0,2.48,1.167,0.143,0.742,8.0
604,604,8_47,8_12,1006.273,33.0571,18.8988,0.0357,187.6659,17.0,21.0,874.0,621.0,873.9173000000001,620.8758,873.9173000000001,620.8758,142.3307900602944,27.80995969976448,1.1,1.055,73.01,0.0439,0.04346,63.25,873.9173000000001,620.8758,142.3307900602944,27.80995969976448,0.49010783104,0.54520769335,0.49010783104,0.54520769335,0.743,0.695,71.35,0.7431634,0.694999,71.35,23.3855,0.0,2.14,1.043,0.041,0.954,8.0
605,605,8_48,8_11,11196.72,68.74374,16.2828,0.0067,187.2271,55.0,64.0,672.0,613.0,671.8679,613.6592,671.8679,613.6592,142.39501192537435,27.81265422433372,1.53,1.354,76.8,0.01296,0.01175,69.52,671.8679,613.6592,142.39501192537435,27.81265422433372,0.53645727275,0.60526197019,0.53645727275,0.60526197019,0.782,0.728,74.01,0.781934,0.7282159,74.01,23.3396,0.0,2.45,1.13,0.115,0.983,8.0
606,606,8_49,8_10,239.5282,19.97285,20.4572,0.0906,187.3985,7.0,8.0,723.0,612.0,723.1036,611.8515,723.1036,611.8515,142.3787126093365,27.812996744496825,0.812,0.664,42.69,0.09058,0.07174,44.87,723.1036,611.8515,142.3787126093365,27.812996744496825,0.56798252465,0.52690311837,0.56798252465,0.52690311837,0.763,0.716,26.83,0.7629542,0.7160912,26.83,23.3608,0.0,2.83,1.222,0.181,0.295,8.0
608,608,8_51,8_8,2435.208,43.37748,17.9392,0.0193,187.9336,27.0,33.0,715.0,597.0,715.0135,596.8165,715.0135,596.8165,142.38123023383605,27.81725056100828,1.323,1.144,83.97,0.03099,0.02581,89.52,715.0135,596.8165,142.38123023383605,27.81725056100828,0.49282156577,0.55363053236,0.49282156577,0.55363053236,0.748,0.698,73.08,0.7482201,0.6975806,73.08,23.3946,0.0,2.21,1.156,0.135,0.971,8.0
609,609,8_52,8_7,2930.902,46.79484,17.7381,0.0173,186.9645,30.0,39.0,909.0,590.0,908.865,590.0137,908.865,590.0137,142.31956015096918,27.818519113966826,1.357,1.24,86.16,0.02859,0.02689,-84.7,908.865,590.0137,142.31956015096918,27.818519113966826,0.53240961849,0.60028864951,0.53240961849,0.60028864951,0.778,0.726,75.22,0.778055,0.726174,75.22,23.3419,0.0,2.24,1.094,0.086,0.95,8.0
610,610,8_53,8_6,1615.404,37.76567,18.3849,0.0254,187.6371,20.0,25.0,584.0,588.0,584.201,588.2579000000001,584.201,588.2579000000001,142.422800032704,27.820075404921287,1.201,1.069,80.51,0.0351,0.03072,81.19,584.201,588.2579000000001,142.422800032704,27.820075404921287,0.48982753439,0.53203484088,0.48982753439,0.53203484088,0.732,0.697,74.16,0.7319352,0.6972325,74.16,23.3552,0.0,2.16,1.123,0.109,0.973,8.0
611,611,8_54,8_5,328.1595,24.94021,20.1154,0.0825,187.8461,11.0,13.0,836.0,578.0,835.6952,577.6133,835.6952,577.6133,142.3427813684838,27.822252281630952,1.042,0.87,41.77,0.09308,0.07925,44.23,835.6952,577.6133,142.3427813684838,27.822252281630952,1.3120917743,1.1464549768,1.3120917743,1.1464549768,1.181,1.032,29.89,1.180581,1.031879,29.89,23.4053,0.0,3.8,1.197,0.165,0.0,8.0
612,612,8_55,8_4,870.707,32.84734,19.0559,0.041,188.019,15.0,21.0,925.0,545.0,925.4599,545.4539,925.4599,545.4539,142.3141126446659,27.830991506435307,1.076,0.947,71.55,0.05239,0.04535,77.27,925.4599,545.4539,142.3141126446659,27.830991506435307,0.488154262,0.51679930307,0.488154262,0.51679930307,0.728,0.689,60.8,0.7278784,0.6893088,60.8,23.3897,0.0,2.75,1.136,0.12,0.834,8.0
614,614,9_1,9_10,117298.3,159.1261,13.7323,0.0015,188.0014,134.0,141.0,1353.0,533.0,1353.4451,533.682,1353.4451,533.682,142.17795765364104,27.832775494613625,1.718,1.486,75.67,0.00318,0.00274,77.89,1353.4451,533.682,142.17795765364104,27.832775494613625,0.55204922749,0.62916671741,0.55204922749,0.62916671741,0.798,0.738,73.15,0.7980978,0.7377369,73.15,23.3682,0.0,2.61,1.156,0.135,0.984,9.0
615,615,9_2,9_6,7106.412,58.25541,16.7764,0.0089,187.8835,44.0,51.0,1485.0,518.0,1485.1815,518.5059,1485.1815,518.5059,142.13599898101788,27.836546297025933,1.472,1.274,79.84,0.01684,0.01379,82.8,1485.1815,518.5059,142.13599898101788,27.836546297025933,0.51175661111,0.58573555736,0.51175661111,0.58573555736,0.77,0.71,72.94,0.7703435,0.7099739,72.94,23.3817,0.0,2.33,1.155,0.134,0.974,9.0
619,619,9_6,9_71,567.7167,25.73055,19.5202,0.0492,187.9192,11.0,12.0,1027.0,962.0,1027.1442,961.9487,1027.1442,961.9487,142.28339634588448,27.71352738113884,0.923,0.813,85.02,0.05529,0.04619,89.48,1027.1442,961.9487,142.28339634588448,27.71352738113884,0.42537618688,0.48942861764,0.42537618688,0.48942861764,0.707,0.644,69.64,0.7068679,0.6443156,69.64,23.32,0.0,2.05,1.134,0.118,0.921,9.0
620,620,9_7,9_70,18095.58,78.47855,15.7616,0.0047,188.0528,67.0,75.0,1301.0,955.0,1301.1714,955.5359,1301.1714,955.5359,142.1963148319809,27.71435107715305,1.569,1.395,73.26,0.00944,0.00878,77.37,1301.1714,955.5359,142.1963148319809,27.71435107715305,0.53254753291,0.61636974914,0.53254753291,0.61636974914,0.79,0.725,74.44,0.7895672,0.7249144,74.44,23.4159,0.0,2.38,1.125,0.111,0.983,9.0
621,621,9_8,9_69,1049.993,33.34332,18.8526,0.0345,187.6451,16.0,22.0,1431.0,951.0,1430.7915,951.6857,1430.7915,951.6857,142.155120029383,27.71495194652862,1.13,1.05,58.96,0.04588,0.04109,48.33,1430.7915,951.6857,142.155120029383,27.71495194652862,0.4773864947,0.53196793743,0.4773864947,0.53196793743,0.73,0.691,84.47,0.7297147,0.6905584,84.47,23.3862,0.0,2.11,1.076,0.07,0.971,9.0
622,622,9_9,9_68,136.0858,15.36759,21.071,0.1226,187.6898,5.0,5.0,1450.0,952.0,1450.0248,951.9955,1450.0248,951.9955,142.14901114431677,27.714792337619198,0.622,0.61,89.54,0.10082,0.10076,-76.18,1450.0248,951.9955,142.14901114431677,27.714792337619198,0.80246046782,0.89457387977,0.80246046782,0.89457387977,0.967,0.873,-61.02,0.9671291,0.8727518,-61.02,23.3944,0.0,3.43,1.019,0.018,0.079,9.0
623,623,9_10,9_67,1793.934,37.82357,18.2711,0.0229,187.6583,19.0,26.0,1242.0,925.0,1241.5881,924.7843,1241.5881,924.7843,142.2151191192582,27.72321611217633,1.178,1.098,59.82,0.03196,0.02936,32.9,1241.5881,924.7843,142.2151191192582,27.72321611217633,0.50535530466,0.54542641609,0.50535530466,0.54542641609,0.742,0.708,71.99,0.7417281,0.7075459,71.99,23.3814,0.0,2.29,1.073,0.068,0.998,9.0
624,624,9_11,9_66,5926.251,55.07341,16.9736,0.0101,187.805,40.0,48.0,1399.0,921.0,1399.2239,921.8089,1399.2239,921.8089,142.1650238520263,27.723471771616428,1.462,1.255,74.26,0.01883,0.01561,70.54,1399.2239,921.8089,142.1650238520263,27.723471771616428,0.50723521309,0.58773803728,0.50723521309,0.58773803728,0.77,0.708,75.6,0.7703371,0.7082047,75.6,23.3903,0.0,2.33,1.165,0.141,0.975,9.0
625,625,9_12,9_65,243.6074,19.73011,20.4388,0.088,187.197,7.0,8.0,1304.0,922.0,1304.2019,921.833,1304.2019,921.833,142.19521374868918,27.723817322936892,0.8,0.668,49.14,0.08668,0.06927,44.84,1304.2019,921.833,142.19521374868918,27.723817322936892,0.52004776466,0.62768870068,0.52004776466,0.62768870068,0.797,0.716,75.54,0.7970912,0.7158087,75.54,23.3571,0.0,2.4,1.197,0.165,0.597,9.0
626,626,9_13,9_64,143.6509,15.65665,21.0123,0.1184,188.4757,5.0,5.0,1158.0,917.0,1157.5848,917.7179,1157.5848,917.7179,142.24178011641615,27.725505699232706,0.735,0.46,72.0,0.10329,0.0597,71.72,1157.5848,917.7179,142.24178011641615,27.725505699232706,0.80744958069,0.84067555357,0.80744958069,0.84067555357,0.93,0.885,56.9,0.9301708,0.8848206,56.9,23.44,0.0,3.42,1.6,0.375,0.55,9.0
627,627,9_14,9_63,3995.142,48.74056,17.4017,0.0132,186.8919,35.0,39.0,1206.0,909.0,1206.5176,909.8106,1206.5176,909.8106,142.2262012323933,27.727553656165018,1.39,1.2,77.61,0.02249,0.01897,79.08,1206.5176,909.8106,142.2262012323933,27.727553656165018,0.51042794167,0.5837792308,0.51042794167,0.5837792308,0.767,0.712,77.38,0.7665851,0.7117264,77.38,23.3293,0.0,2.35,1.158,0.137,1.0,9.0
628,628,9_15,9_62,517.8776,27.35895,19.62,0.0574,187.5152,13.0,15.0,1095.0,910.0,1095.132,910.3829,1095.132,910.3829,142.261593981005,27.7277899774165,1.057,0.933,19.35,0.06761,0.05965,14.8,1095.132,910.3829,142.261593981005,27.7277899774165,1.0241066075,0.95724306165,1.0241066075,0.95724306165,1.034,0.955,32.42,1.034081,0.9550007,32.42,23.3641,0.0,3.05,1.132,0.117,0.148,9.0
629,629,9_16,9_61,5380.174,60.32051,17.0786,0.0122,188.1174,56.0,63.0,1271.0,905.0,1270.2278,906.5854,1270.2278,906.5854,142.20594566512975,27.728229411865502,2.549,1.317,-39.54,0.03268,0.0192,-40.64,1270.2278,906.5854,142.20594566512975,27.728229411865502,1.4743460919,1.4601935745,1.4743460919,1.4601935745,1.351,1.054,-44.43,1.350625,1.053733,-44.43,23.4147,0.0,6.97,1.936,0.483,0.418,9.0
630,630,9_17,9_60,394.8012,24.16044,19.9146,0.0665,187.6402,8.0,12.0,1463.0,904.0,1463.4836,904.3901,1463.4836,904.3901,142.14453411798848,27.72812805988559,0.87,0.863,48.18,0.06707,0.06664,79.09,1463.4836,904.3901,142.14453411798848,27.72812805988559,0.43706879443,0.43280250995,0.43706879443,0.43280250995,0.668,0.651,39.42,0.6678025,0.6510845,39.42,23.3828,0.0,2.18,1.008,0.008,0.68,9.0
631,631,9_18,9_59,164.9322,17.14127,20.8623,0.1129,187.9219,6.0,6.0,1154.0,902.0,1153.5152,902.0177,1153.5152,902.0177,142.24301053241174,27.729935176469937,0.765,0.499,86.94,0.10926,0.06721,89.79,1153.5152,902.0177,142.24301053241174,27.729935176469937,0.47943282626,0.41828361376,0.47943282626,0.41828361376,0.724,0.611,33.08,0.724233,0.6109034,33.08,23.4003,0.0,1.99,1.534,0.348,0.418,9.0
632,632,9_19,9_58,818.9531,35.74946,19.1224,0.0474,187.9339,23.0,26.0,1098.0,887.0,1097.6967,886.7756999999999,1097.6967,886.7756999999999,142.26068601429162,27.734419350123066,1.506,1.131,32.77,0.07977,0.05594,31.8,1097.6967,886.7756999999999,142.26068601429162,27.734419350123066,1.7620495904,1.6528617649,1.7620495904,1.6528617649,1.349,1.263,30.46,1.349,1.262977,30.46,23.3994,0.0,4.65,1.332,0.249,0.078,9.0
633,633,9_20,9_57,8479.78,61.74311,16.5846,0.0079,188.3315,51.0,56.0,1448.0,880.0,1447.9436,880.4384,1447.9436,880.4384,142.14937054033766,27.734921933758027,1.507,1.282,69.06,0.01567,0.01256,67.09,1447.9436,880.4384,142.14937054033766,27.734921933758027,0.51588893225,0.58741216368,0.51588893225,0.58741216368,0.773,0.711,70.75,0.7728802,0.7113068,70.75,23.4161,0.0,2.32,1.175,0.149,0.974,9.0
634,634,9_21,9_56,149.455,16.98657,20.9693,0.1234,188.468,5.0,6.0,1084.0,881.0,1084.4971,881.3322000000001,1084.4971,881.3322000000001,142.26485877941062,27.735996591182325,0.9,0.471,-0.53,0.13275,0.06562,-0.03,1084.4971,881.3322000000001,142.26485877941062,27.735996591182325,1.1449220088,0.74385458255,1.1449220088,0.74385458255,1.074,0.857,8.42,1.074203,0.8572426,8.42,23.4323,0.0,3.85,1.912,0.477,0.1,9.0
635,635,9_22,9_55,1298.819,35.4734,18.6217,0.0297,187.4296,20.0,24.0,1350.0,876.0,1350.0589,876.4194,1350.0589,876.4194,142.18045626098274,27.736418325270527,1.168,1.091,72.5,0.04074,0.03735,88.27,1350.0589,876.4194,142.18045626098274,27.736418325270527,0.53516412869,0.55717715989,0.53516412869,0.55717715989,0.749,0.729,69.12,0.7489491,0.7289832,69.12,23.3628,0.0,2.11,1.07,0.066,0.91,9.0
637,637,9_24,9_53,174.1636,17.10027,20.8032,0.1066,187.5883,5.0,6.0,1243.0,857.0,1243.4865,857.0505,1243.4865,857.0505,142.21424112599797,27.74225595803245,0.772,0.5,89.09,0.10774,0.06614,-89.97,1243.4865,857.0505,142.21424112599797,27.74225595803245,0.48262662868,0.51154066023,0.48262662868,0.51154066023,0.725,0.684,59.96,0.7253009,0.6841826,59.96,23.3746,0.0,3.56,1.544,0.352,0.208,9.0
638,638,9_25,9_52,136.1754,16.88903,21.0703,0.1347,187.6083,6.0,6.0,1416.0,855.0,1416.1734,855.1859999999999,1416.1734,855.1859999999999,142.15935943962495,27.74214236796196,0.765,0.566,43.15,0.1117,0.08249,44.91,1416.1734,855.1859999999999,142.15935943962495,27.74214236796196,1.0434082069,0.93701285615,1.0434082069,0.93701285615,1.039,0.949,26.81,1.039174,0.9489673,26.81,23.3675,0.0,3.16,1.353,0.261,0.015,9.0
639,639,9_26,9_51,167.8093,17.00757,20.8435,0.1101,187.8503,6.0,6.0,1371.0,853.0,1370.9548,852.5288,1370.9548,852.5288,142.17371726808838,27.74305860678887,0.771,0.499,-1.24,0.11024,0.06777,-0.24,1370.9548,852.5288,142.17371726808838,27.74305860678887,0.36977362846,0.3675891431,0.36977362846,0.3675891431,0.629,0.585,-43.84,0.6290429,0.5845235,-43.84,23.387,0.0,2.29,1.545,0.353,0.637,9.0
642,642,9_29,9_48,707.2371,29.29726,19.2817,0.045,188.3359,14.0,17.0,1510.0,825.0,1510.0688,825.5408,1510.0688,825.5408,142.12939645315794,27.750122673336445,1.064,0.936,17.92,0.05803,0.04576,15.47,1510.0688,825.5408,142.12939645315794,27.750122673336445,0.45275444134,0.48490001753,0.45275444134,0.48490001753,0.696,0.673,86.29,0.6964452,0.6727693,86.29,23.3851,16.0,2.21,1.137,0.121,0.838,9.0
643,643,9_30,9_47,481.4067,27.92904,19.6993,0.063,188.0463,14.0,16.0,1473.0,823.0,1472.3915,822.8118,1472.3915,822.8118,142.1413581812995,27.75103349024437,1.089,1.027,7.41,0.07633,0.07201,17.69,1472.3915,822.8118,142.1413581812995,27.75103349024437,1.4443498776,1.3108839843,1.4443498776,1.3108839843,1.205,1.141,-13.8,1.205371,1.14119,-13.8,23.3778,0.0,4.12,1.06,0.057,0.001,9.0
644,644,9_31,9_46,202.495,18.57521,20.6395,0.0996,187.7752,6.0,7.0,1014.0,821.0,1014.3007,820.9765,1014.3007,820.9765,142.28693003089776,27.753213882848183,0.734,0.665,86.19,0.08725,0.08064,89.89,1014.3007,820.9765,142.28693003089776,27.753213882848183,0.64384951803,0.68489169628,0.64384951803,0.68489169628,0.841,0.789,59.52,0.8406237,0.7887287,59.52,23.3752,0.0,2.9,1.103,0.093,0.564,9.0
645,645,9_32,9_45,222.0518,19.67173,20.5394,0.0962,187.7665,7.0,8.0,1467.0,813.0,1467.1151,812.812,1467.1151,812.812,142.14299261510075,27.75386531852435,0.835,0.658,42.85,0.09305,0.07353,45.21,1467.1151,812.812,142.14299261510075,27.75386531852435,0.74529476415,0.73012486008,0.74529476415,0.73012486008,0.921,0.792,43.02,0.9205564,0.7924617,43.02,23.3614,0.0,3.2,1.269,0.212,0.563,9.0
646,646,9_33,9_44,125.1662,15.6549,21.1619,0.1358,188.328,5.0,5.0,1036.0,807.0,1035.6167,807.2357999999999,1035.6167,807.2357999999999,142.28010215238498,27.75700358032082,0.74,0.455,-72.91,0.11768,0.06831,-71.75,1035.6167,807.2357999999999,142.28010215238498,27.75700358032082,0.58895618347,0.75276289309,0.58895618347,0.75276289309,0.869,0.766,84.05,0.8686541,0.7662631,84.05,23.4099,0.0,3.41,1.627,0.385,0.004,9.0
647,647,9_34,9_43,404.2857,23.50825,19.8889,0.0631,187.1971,8.0,11.0,1159.0,802.0,1158.8572,802.4021,1158.8572,802.4021,142.2409154866996,27.75792775626113,0.956,0.726,-74.34,0.074,0.05256,-74.71,1158.8572,802.4021,142.2409154866996,27.75792775626113,0.39175427886,0.43181260605,0.39175427886,0.43181260605,0.66,0.622,-72.57,0.6604501,0.6223927,-72.57,23.3615,0.0,2.48,1.318,0.241,0.736,9.0
648,648,9_35,9_42,248.3463,19.8674,20.4179,0.0869,187.7385,7.0,8.0,1152.0,800.0,1151.9762,799.5325,1151.9762,799.5325,142.2430909165066,27.75875924204964,0.785,0.694,86.91,0.08198,0.06735,-89.98,1151.9762,799.5325,142.2430909165066,27.75875924204964,0.35645868458,0.43063641517,0.35645868458,0.43063641517,0.663,0.59,72.26,0.6626447,0.5899128,72.26,23.3952,0.0,1.95,1.132,0.116,0.581,9.0
649,649,9_36,9_41,341.5754,24.98566,20.0719,0.0794,187.3403,12.0,13.0,1315.0,781.0,1314.4842,780.8063,1314.4842,780.8063,142.19136666501868,27.763435416050324,1.034,0.883,9.51,0.09039,0.07789,13.36,1314.4842,780.8063,142.19136666501868,27.763435416050324,1.0038544486,0.81469452149,1.0038544486,0.81469452149,1.003,0.902,5.18,1.002708,0.9017343,5.18,23.3661,0.0,3.61,1.172,0.147,0.001,9.0
650,650,9_37,9_40,453.6458,25.33176,19.7638,0.0606,187.6021,11.0,13.0,1351.0,776.0,1350.4441,776.3619,1350.4441,776.3619,142.17991930598012,27.764552161302092,0.981,0.854,45.1,0.06902,0.05901,44.75,1350.4441,776.3619,142.17991930598012,27.764552161302092,0.55408766768,0.56824300896,0.55408766768,0.56824300896,0.778,0.719,49.65,0.777777,0.7193008,49.65,23.3756,0.0,2.57,1.148,0.129,0.79,9.0
651,651,9_38,9_39,2867.315,57.17519,17.7619,0.0217,188.0338,55.0,63.0,1515.0,762.0,1513.8459,762.9059,1513.8459,762.9059,142.1279286059246,27.76772013749851,3.41,1.185,-89.1,0.09721,0.03153,-89.21,1513.8459,762.9059,142.1279286059246,27.76772013749851,1.6952823788,3.9626628309,1.6952823788,3.9626628309,1.991,1.302,-89.77,1.990653,1.302016,-89.77,23.3786,24.0,9.99,2.878,0.653,0.079,9.0
652,652,9_39,9_38,314.5627,20.94288,20.1613,0.0723,187.937,8.0,9.0,1188.0,753.0,1188.095,753.3166,1188.095,753.3166,142.23142611512267,27.77162525449636,0.872,0.682,-68.88,0.07791,0.05647,-69.67,1188.095,753.3166,142.23142611512267,27.77162525449636,0.41341474947,0.51635928618,0.41341474947,0.51635928618,0.719,0.642,-84.56,0.7192371,0.6422399,-84.56,23.4201,0.0,2.19,1.279,0.218,0.746,9.0
653,653,9_40,9_37,421.1097,25.3648,19.8446,0.0654,187.4012,9.0,13.0,1459.0,746.0,1459.3303,745.6368,1459.3303,745.6368,142.1451824735916,27.772783343326505,0.946,0.846,-53.56,0.07161,0.06122,-45.26,1459.3303,745.6368,142.1451824735916,27.772783343326505,0.39777682887,0.46493107112,0.39777682887,0.46493107112,0.682,0.63,84.46,0.6823263,0.6301894,84.46,23.3573,0.0,2.27,1.118,0.105,0.778,9.0
654,654,9_41,9_36,286.8384,22.05914,20.2615,0.0835,187.0276,10.0,10.0,1053.0,740.0,1052.9402,740.1677999999999,1052.9402,740.1677999999999,142.27433410887065,27.775802009223597,0.934,0.747,89.27,0.09311,0.07384,89.66,1052.9402,740.1677999999999,142.27433410887065,27.775802009223597,0.6809050686,0.97524318272,0.6809050686,0.97524318272,0.988,0.825,-89.68,0.9875486,0.8251642,-89.68,23.3471,0.0,4.48,1.251,0.201,0.002,9.0
656,656,9_43,9_34,1832.307,39.11904,18.2481,0.0232,187.8494,23.0,28.0,1445.0,736.0,1445.3614,736.4191,1445.3614,736.4191,142.14958356942765,27.77542800165465,1.25,1.105,69.45,0.03404,0.02964,61.17,1445.3614,736.4191,142.14958356942765,27.77542800165465,0.5107677093,0.53463563348,0.5107677093,0.53463563348,0.739,0.706,60.13,0.7391818,0.7064089,60.13,23.394,0.0,2.2,1.131,0.115,0.97,9.0
657,657,9_44,9_33,5151.427,52.51786,17.1258,0.0111,187.44,38.0,44.0,1028.0,725.0,1028.4238,725.0575,1028.4238,725.0575,142.28206823147647,27.78013639780319,1.454,1.229,77.73,0.0201,0.01616,83.34,1028.4238,725.0575,142.28206823147647,27.78013639780319,0.55346343463,0.63347513256,0.55346343463,0.63347513256,0.803,0.736,70.08,0.803479,0.7357718,70.08,23.3833,0.0,2.55,1.183,0.155,0.976,9.0
658,658,9_45,9_32,6267.799,57.74941,16.9128,0.01,188.235,47.0,53.0,1431.0,718.0,1431.2804,717.8761,1431.2804,717.8761,142.15398124198748,27.780695003819844,1.535,1.318,86.45,0.01904,0.01632,85.35,1431.2804,717.8761,142.15398124198748,27.780695003819844,0.57502324885,0.69205691258,0.57502324885,0.69205691258,0.832,0.758,86.34,0.8321881,0.7579862,86.34,23.4273,0.0,2.37,1.165,0.142,0.948,9.0
659,659,9_46,9_31,6665.28,57.57978,16.846,0.0094,188.1918,42.0,51.0,1112.0,699.0,1112.3163,698.9281,1112.3163,698.9281,142.25529712584375,27.787188909150554,1.446,1.317,75.15,0.01662,0.01558,69.36,1112.3163,698.9281,142.25529712584375,27.787188909150554,0.54209443424,0.60826229123,0.54209443424,0.60826229123,0.787,0.729,69.48,0.7867944,0.728911,69.48,23.4208,0.0,2.54,1.098,0.089,1.0,9.0
660,660,9_47,9_30,12198.34,69.45917,16.1898,0.0062,188.1734,55.0,65.0,1125.0,690.0,1125.0716,690.342,1125.0716,690.342,142.25120815548718,27.789557907940026,1.541,1.36,71.43,0.0121,0.01081,66.51,1125.0716,690.342,142.25120815548718,27.789557907940026,0.55311903914,0.62808910247,0.55311903914,0.62808910247,0.796,0.74,74.93,0.7962096,0.7397692,74.93,23.4201,0.0,2.4,1.133,0.117,0.981,9.0
661,661,9_48,9_29,621.9139,28.43659,19.4212,0.0497,187.9159,12.0,16.0,1124.0,674.0,1124.4362,674.0282,1124.4362,674.0282,142.25134534129677,27.794147268503423,1.034,0.909,79.14,0.06001,0.04945,89.56,1124.4362,674.0282,142.25134534129677,27.794147268503423,0.48094999227,0.53930233457,0.48094999227,0.53930233457,0.763,0.661,56.84,0.7633776,0.6614431,56.84,23.3984,0.0,2.59,1.138,0.121,0.914,9.0
662,662,9_49,9_28,875.6846,30.8354,19.0497,0.0382,187.2341,15.0,18.0,1059.0,664.0,1059.1143,664.2677,1059.1143,664.2677,142.27207400108102,27.797122203454933,1.039,0.991,-34.44,0.04826,0.04279,-25.78,1059.1143,664.2677,142.27207400108102,27.797122203454933,0.528584357,0.5571573155,0.528584357,0.5571573155,0.748,0.726,77.01,0.7475045,0.725933,77.01,23.3513,0.0,2.24,1.049,0.046,0.709,9.0
663,663,9_50,9_27,193.7494,17.04303,20.6875,0.0955,188.181,5.0,6.0,1281.0,663.0,1280.5029,663.0297,1280.5029,663.0297,142.20168478125072,27.796676722752338,0.767,0.5,88.44,0.09519,0.05854,89.88,1280.5029,663.0297,142.20168478125072,27.796676722752338,0.42411667847,0.4104449281,0.42411667847,0.4104449281,0.68,0.61,40.7,0.6804726,0.6095234,40.7,23.4338,0.0,2.86,1.534,0.348,0.286,9.0
664,664,9_51,9_26,248.2148,19.96359,20.4185,0.0873,186.8206,6.0,8.0,1072.0,648.0,1071.8233,647.8172999999999,1071.8233,647.8172999999999,142.2679687790389,27.801703078296377,0.791,0.678,-43.94,0.0827,0.06617,-45.01,1071.8233,647.8172999999999,142.2679687790389,27.801703078296377,0.617625949,0.57040784937,0.617625949,0.57040784937,0.788,0.753,15.27,0.7883061,0.7527332,15.27,23.3235,0.0,2.06,1.168,0.144,0.558,9.0
665,665,9_52,9_25,492.0201,24.77813,19.6756,0.0547,187.5209,10.0,12.0,1122.0,637.0,1121.9306,637.5005,1121.9306,637.5005,142.2519968121335,27.80442688820389,0.988,0.761,87.31,0.06439,0.04742,89.79,1121.9306,637.5005,142.2519968121335,27.80442688820389,0.42521894886,0.52516934845,0.42521894886,0.52516934845,0.725,0.652,85.57,0.7251022,0.651625,85.57,23.3689,0.0,2.12,1.298,0.23,0.909,9.0
666,666,9_53,9_24,153.1423,15.55906,20.9428,0.1103,187.3467,5.0,5.0,1438.0,626.0,1438.2057,625.6323,1438.2057,625.6323,142.1513908472017,27.806605151368693,0.733,0.455,-16.19,0.10804,0.06286,-18.31,1438.2057,625.6323,142.1513908472017,27.806605151368693,0.43213335756,0.36710493036,0.43213335756,0.36710493036,0.669,0.593,23.95,0.6694102,0.5925608,23.95,23.369,0.0,3.01,1.612,0.38,0.303,9.0
667,667,9_54,9_23,352.172,24.3044,20.0387,0.0749,187.5357,10.0,12.0,1041.0,621.0,1041.2372,620.8439,1041.2372,620.8439,142.2775878206915,27.809394491862964,1.007,0.828,36.77,0.08357,0.06716,34.94,1041.2372,620.8439,142.2775878206915,27.809394491862964,0.88580474067,0.89082597588,0.88580474067,0.89082597588,0.977,0.907,46.08,0.9770727,0.9066199,46.08,23.3679,0.0,2.93,1.216,0.178,0.512,9.0
668,668,9_55,9_22,298.0908,21.14144,20.2197,0.077,187.203,8.0,9.0,1081.0,606.0,1081.3682,605.898,1081.3682,605.898,142.26476882550136,27.813456099589143,0.863,0.694,24.28,0.08735,0.06334,20.49,1081.3682,605.898,142.26476882550136,27.813456099589143,0.43801892817,0.47541367,0.43801892817,0.47541367,0.69,0.662,87.24,0.6895656,0.6617642,87.24,23.3491,0.0,2.49,1.245,0.197,0.723,9.0
669,669,9_56,9_21,218.9809,19.69709,20.5546,0.0977,187.3219,7.0,8.0,1062.0,599.0,1061.8981,599.1303,1061.8981,599.1303,142.27093316792866,27.81542742437803,0.823,0.67,43.48,0.09478,0.07509,44.86,1061.8981,599.1303,142.27093316792866,27.81542742437803,0.80661291477,0.80857987103,0.80661291477,0.80857987103,0.903,0.894,-48.51,0.9031268,0.8941782,-48.51,23.3561,0.0,2.7,1.228,0.186,0.298,9.0
670,670,9_57,9_20,421.6451,26.22103,19.8432,0.0675,186.924,12.0,14.0,1090.0,595.0,1089.8794,595.5264,1089.8794,595.5264,142.26202153767602,27.816342278910582,1.139,0.843,84.36,0.08694,0.06371,82.88,1089.8794,595.5264,142.26202153767602,27.816342278910582,0.76120552292,1.0870896946,0.76120552292,1.0870896946,1.046,0.869,82.19,1.045626,0.8688855,82.19,23.3329,0.0,3.36,1.352,0.26,0.298,9.0
671,671,9_58,9_19,278.5896,23.04888,20.2932,0.0898,187.6601,10.0,11.0,1161.0,593.0,1161.4311,593.3371,1161.4311,593.3371,142.23926099205732,27.816703508886757,0.932,0.825,-13.05,0.09184,0.07981,-18.02,1161.4311,593.3371,142.23926099205732,27.816703508886757,1.0019877085,0.94587183344,1.0019877085,0.94587183344,1.023,0.949,33.67,1.023115,0.9492606,33.67,23.3833,0.0,2.82,1.129,0.115,0.051,9.0
672,672,9_59,9_18,2048.335,41.51714,18.1271,0.022,186.9884,30.0,32.0,1415.0,582.0,1415.4316,582.8699,1415.4316,582.8699,142.15845194233117,27.81871414825609,1.401,1.163,52.49,0.03719,0.0301,54.44,1415.4316,582.8699,142.15845194233117,27.81871414825609,0.66150894247,0.68948496473,0.66150894247,0.68948496473,0.856,0.786,52.03,0.8561777,0.7861002,52.03,23.3404,0.0,2.69,1.205,0.17,0.902,9.0
673,673,9_60,9_17,6077.524,56.75286,16.9463,0.0101,188.2972,42.0,51.0,1301.0,575.0,1300.5662,575.0661,1300.5662,575.0661,142.19494444907613,27.8213356001076,1.488,1.282,70.15,0.01927,0.01612,64.19,1300.5662,575.0661,142.19494444907613,27.8213356001076,0.53591767815,0.60889341114,0.53591767815,0.60889341114,0.784,0.728,74.89,0.783986,0.7281326,74.89,23.4158,0.0,2.62,1.161,0.139,0.98,9.0
674,674,9_61,9_16,86558.85,141.2943,14.0623,0.0018,187.8541,124.0,136.0,1285.0,569.0,1284.957,569.784,1284.957,569.784,142.1998862728517,27.822878077893016,1.738,1.484,73.43,0.00404,0.00341,71.16,1284.957,569.784,142.1998862728517,27.822878077893016,0.55448195579,0.63749608837,0.55448195579,0.63749608837,0.803,0.739,73.79,0.8032183,0.7394717,73.79,23.3855,0.0,2.72,1.171,0.146,0.983,9.0
675,675,9_62,9_15,213.0067,19.69747,20.5846,0.1004,188.9287,6.0,8.0,1273.0,571.0,1273.171,570.8312,1273.171,570.8312,142.20363839704,27.8226268364404,0.802,0.669,50.6,0.09451,0.07531,45.29,1273.171,570.8312,142.20363839704,27.8226268364404,0.36493189953,0.51698929573,0.36493189953,0.51698929573,0.723,0.6,79.51,0.7227642,0.5996108,79.51,23.4595,0.0,2.6,1.2,0.167,0.638,9.0
676,676,9_63,9_14,1214.906,39.51381,18.6942,0.0353,187.983,28.0,31.0,1093.0,564.0,1093.2054,564.5421,1093.2054,564.5421,142.2608413989748,27.82504231820505,1.54,1.189,57.64,0.05988,0.04579,59.1,1093.2054,564.5421,142.2608413989748,27.82504231820505,1.2817893165,1.345607033,1.2817893165,1.345607033,1.215,1.072,50.62,1.215478,1.072385,50.62,23.4024,0.0,4.24,1.295,0.228,0.03,9.0
677,677,9_64,9_13,14233.6,73.51979,16.0223,0.0056,188.3903,61.0,70.0,1323.0,561.0,1322.967,561.1327,1322.967,561.1327,142.187763720215,27.8251705149644,1.568,1.363,75.72,0.01146,0.00985,75.23,1322.967,561.1327,142.187763720215,27.8251705149644,0.54318074122,0.62992882619,0.54318074122,0.62992882619,0.798,0.733,75.19,0.7977747,0.7325742,75.19,23.4125,0.0,2.43,1.15,0.131,0.98,9.0
679,679,9_66,9_11,1043.203,33.96555,18.8596,0.0354,188.3802,21.0,22.0,1376.0,539.0,1376.7272,539.1138,1376.7272,539.1138,142.17057628168195,27.831161557093903,1.141,1.087,-48.86,0.04758,0.04316,-42.71,1376.7272,539.1138,142.17057628168195,27.831161557093903,0.61478169367,0.62116111252,0.61478169367,0.62116111252,0.79,0.782,-61.89,0.7897528,0.7824534,-61.89,23.4029,0.0,2.55,1.05,0.047,0.819,9.0
680,680,9_67,9_75,453.681,23.13781,19.7637,0.0554,187.8928,10.0,11.0,1350.0,1010.0,1350.026,1010.284,1350.026,1010.284,142.1810209489835,27.69877530504736,0.973,0.725,73.09,0.06541,0.04631,74.43,1350.026,1010.284,142.1810209489835,27.69877530504736,0.37987558526,0.49237681482,0.37987558526,0.49237681482,0.712,0.604,71.1,0.7122618,0.604099,71.1,23.4077,16.0,2.28,1.343,0.255,0.838,9.0
681,681,9_68,9_9,264.5396,20.17571,20.3493,0.0828,187.6861,7.0,8.0,1298.0,532.0,1297.9131,532.1333,1297.9131,532.1333,142.19561138403418,27.83341631358933,0.81,0.651,44.95,0.08186,0.06478,44.87,1297.9131,532.1333,142.19561138403418,27.83341631358933,0.39594112779,0.44507194799,0.39594112779,0.44507194799,0.693,0.601,57.27,0.6925769,0.6011242,57.27,23.3431,0.0,1.98,1.245,0.197,0.566,9.0
682,682,9_69,9_8,3867.826,48.29891,17.4369,0.0136,187.9674,34.0,39.0,1045.0,529.0,1044.8617,529.4544,1044.8617,529.4544,142.27607733194657,27.835077625246207,1.358,1.22,69.69,0.02231,0.02025,55.94,1044.8617,529.4544,142.27607733194657,27.835077625246207,0.51752761077,0.5883245356,0.51752761077,0.5883245356,0.772,0.714,72.4,0.772171,0.7138656,72.4,23.3975,0.0,2.29,1.114,0.102,0.95,9.0
683,683,9_70,9_7,849.0795,30.56869,19.0832,0.0391,187.9357,15.0,18.0,1415.0,522.0,1415.0535,522.131,1415.0535,522.131,142.15831665687716,27.83579266914416,1.067,0.977,-74.43,0.04965,0.04519,-60.18,1415.0535,522.131,142.15831665687716,27.83579266914416,0.46073999039,0.54064077469,0.46073999039,0.54064077469,0.735,0.679,-87.22,0.7354112,0.6786391,-87.22,23.3821,0.0,2.4,1.093,0.085,0.902,9.0
684,684,9_71,9_74,172.8537,17.75432,20.8114,0.1115,187.8657,5.0,6.0,1024.0,996.0,1024.2109,996.0598,1024.2109,996.0598,142.28446069697256,27.70394513021034,0.91,0.473,54.71,0.11997,0.05915,53.24,1024.2109,996.0598,142.28446069697256,27.70394513021034,0.76953050221,0.98151261589,0.76953050221,0.98151261589,1.035,0.825,61.41,1.034936,0.8245909,61.41,23.311,0.0,3.88,1.922,0.48,0.552,9.0
685,685,9_72,9_5,320.3914,23.65424,20.1414,0.0802,188.1053,9.0,11.0,1342.0,519.0,1342.1461,519.1457,1342.1461,519.1457,142.1814905576584,27.83690440678602,0.876,0.869,12.2,0.07779,0.07525,-44.55,1342.1461,519.1457,142.1814905576584,27.83690440678602,1.0434827954,0.99403551554,1.0434827954,0.99403551554,1.042,0.976,34.05,1.041666,0.975936,34.05,23.3591,0.0,2.72,1.008,0.008,0.382,9.0
686,686,9_73,9_4,235.1148,19.69246,20.4774,0.091,186.8999,7.0,8.0,1178.0,519.0,1178.1357,519.1996,1178.1357,519.1996,142.23365107350185,27.83748829126013,0.818,0.673,-39.36,0.08872,0.07053,-45.17,1178.1357,519.1996,142.23365107350185,27.83748829126013,1.1212335792,0.91528611749,1.1212335792,0.91528611749,1.059,0.956,-3.26,1.059199,0.956356,-3.26,23.3519,0.0,3.1,1.216,0.177,0.402,9.0
688,688,9_75,9_72,2904.951,52.18163,17.7477,0.0195,188.1964,42.0,48.0,1054.0,968.0,1054.3924,968.5585,1054.3924,968.5585,142.27476560500872,27.71157362697698,1.613,1.443,47.46,0.03628,0.03154,47.22,1054.3924,968.5585,142.27476560500872,27.71157362697698,1.0595483599,1.0482719679,1.0595483599,1.0482719679,1.043,1.01,40.21,1.042966,1.009971,40.21,23.3555,0.0,3.07,1.118,0.106,0.039,9.0
689,689,10_1,10_3,1025.529,32.73028,18.8782,0.0347,187.7167,16.0,21.0,1781.0,512.0,1781.2541,512.0247,1781.2541,512.0247,142.0418133669794,27.83720885418133,1.142,1.015,54.73,0.04608,0.03895,53.82,1781.2541,512.0247,142.0418133669794,27.83720885418133,0.53389170425,0.5323830497,0.53389170425,0.5323830497,0.742,0.718,43.73,0.7417609,0.718377,43.73,23.3939,0.0,2.3,1.125,0.111,0.953,10.0
692,692,10_4,10_64,846.6775,25.70879,19.0863,0.033,187.2098,12.0,13.0,2017.0,992.0,2016.6034,992.0717,2016.6034,992.0717,141.9692076728249,27.70127189655875,1.543,0.486,-87.96,0.07526,0.02021,-87.72,2016.6034,992.0717,141.9692076728249,27.70127189655875,0.15940835913,0.76775791665,0.15940835913,0.76775791665,0.877,0.399,-88.32,0.876516,0.3986051,-88.32,23.4305,24.0,4.25,3.172,0.685,0.948,10.0
693,693,10_5,10_63,251.2348,19.47306,20.4054,0.0842,187.7885,7.0,8.0,1588.0,988.0,1587.8882,988.1498,1587.8882,988.1498,142.10537026413027,27.704098572817283,0.817,0.649,44.27,0.08501,0.06721,44.99,1587.8882,988.1498,142.10537026413027,27.704098572817283,0.47149690962,0.50759122294,0.47149690962,0.50759122294,0.751,0.644,51.94,0.7515,0.6436893,51.94,23.4125,0.0,2.4,1.259,0.206,0.644,10.0
694,694,10_6,10_62,277.2405,19.58758,20.2984,0.0767,187.5843,8.0,8.0,1849.0,979.0,1848.8706,979.1392,1848.8706,979.1392,142.02242780579436,27.705598332961493,0.829,0.657,42.79,0.07866,0.06221,44.83,1848.8706,979.1392,142.02242780579436,27.705598332961493,0.63613418795,0.53605541395,0.63613418795,0.53605541395,0.828,0.697,30.01,0.8283855,0.6971133,30.01,23.3917,0.0,3.01,1.262,0.208,0.374,10.0
695,695,10_7,10_61,738.7681,32.30103,19.2343,0.0475,188.1606,19.0,22.0,1636.0,946.0,1636.2561,945.7046,1636.2561,945.7046,142.089820719855,27.715846086197065,1.241,1.095,88.99,0.0666,0.05775,-85.54,1636.2561,945.7046,142.089820719855,27.715846086197065,0.870776176,0.96866133533,0.870776176,0.96866133533,0.987,0.931,77.64,0.9867119,0.9305037,77.64,23.4321,0.0,3.38,1.133,0.118,0.14,10.0
696,696,10_8,10_60,725453.0,365.2697,11.754,0.0005,188.628,364.0,388.0,1673.0,930.0,1671.9224,930.33,1671.9224,930.33,142.0784224644857,27.720029608458177,2.223,1.87,78.71,0.00147,0.00131,76.85,1671.9224,930.33,142.0784224644857,27.720029608458177,1.4744061661,1.9073193435,1.4744061661,1.9073193435,1.388,1.206,78.04,1.388396,1.205853,78.04,23.4512,4.0,10.82,1.188,0.159,1.0,10.0
698,698,10_10,10_58,83356.36,136.8597,14.1032,0.0018,188.2715,117.0,130.0,1985.0,925.0,1984.7074,925.4198,1984.7074,925.4198,141.9790301271187,27.720146307023533,1.689,1.466,76.23,0.00393,0.0034,78.52,1984.7074,925.4198,141.9790301271187,27.720146307023533,0.5480336144,0.62243543804,0.5480336144,0.62243543804,0.794,0.735,72.62,0.7940533,0.7348118,72.62,23.4516,0.0,2.63,1.152,0.132,0.991,10.0
699,699,10_11,10_56,2682.536,52.35465,17.8342,0.0212,187.7066,42.0,54.0,1909.0,913.0,1909.2471,913.5483,1909.2471,913.5483,142.002948884156,27.723795710343698,1.673,1.518,-89.47,0.04113,0.0362,89.95,1909.2471,913.5483,142.002948884156,27.723795710343698,1.3295275227,1.418794195,1.3295275227,1.418794195,1.191,1.153,-86.41,1.19128,1.152898,-86.41,23.3996,0.0,3.7,1.102,0.093,0.013,10.0
700,700,10_12,10_55,910.4307,31.63729,19.0075,0.0377,187.2979,16.0,20.0,1846.0,906.0,1845.867,905.9663,1845.867,905.9663,142.0230506789779,27.726186020463967,1.108,1.006,66.55,0.04838,0.04434,63.92,1845.867,905.9663,142.0230506789779,27.726186020463967,0.50297653963,0.54148972027,0.50297653963,0.54148972027,0.746,0.699,62.09,0.745992,0.6985429,62.09,23.3726,0.0,2.06,1.102,0.093,0.947,10.0
701,701,10_13,10_54,6375.311,55.99617,16.8943,0.0095,187.9018,43.0,49.0,1726.0,896.0,1725.9733,896.8000999999999,1725.9733,896.8000999999999,142.06110193035389,27.72924442565005,1.452,1.272,85.26,0.01756,0.0149,-85.07,1725.9733,896.8000999999999,142.06110193035389,27.72924442565005,0.51434542679,0.60186419829,0.51434542679,0.60186419829,0.779,0.714,77.01,0.7789628,0.7137412,77.01,23.3877,0.0,2.35,1.141,0.124,0.98,10.0
702,702,10_14,10_53,374.8487,23.99961,19.9709,0.0695,187.1107,9.0,12.0,1754.0,898.0,1754.4831,897.9702,1754.4831,897.9702,142.05204893277545,27.728801947447288,0.974,0.778,-0.66,0.08055,0.05927,0.01,1754.4831,897.9702,142.05204893277545,27.728801947447288,0.59497394202,0.68774662005,0.59497394202,0.68774662005,0.83,0.77,-82.17,0.8303826,0.7701852,-82.17,23.3438,0.0,2.23,1.251,0.201,0.687,10.0
703,703,10_15,10_52,25837.81,87.28036,15.3749,0.0037,188.086,80.0,84.0,2004.0,884.0,2004.2046,884.8532,2004.2046,884.8532,141.9726474790358,27.731471751372432,1.592,1.394,74.13,0.00764,0.00681,71.77,2004.2046,884.8532,141.9726474790358,27.731471751372432,0.52268381714,0.60824648615,0.52268381714,0.60824648615,0.785,0.718,74.41,0.7845175,0.7179572,74.41,23.4225,0.0,2.53,1.142,0.124,0.982,10.0
704,704,10_16,10_51,156.2273,15.44351,20.9212,0.1074,187.8404,5.0,5.0,1656.0,884.0,1655.8241,883.5841,1655.8241,883.5841,142.08333215894987,27.73323738237128,0.722,0.45,20.89,0.10918,0.06344,18.53,1655.8241,883.5841,142.08333215894987,27.73323738237128,0.36084694872,0.42301244656,0.36084694872,0.42301244656,0.676,0.572,59.4,0.6756037,0.5722054,59.4,23.3949,0.0,2.78,1.606,0.378,0.545,10.0
705,705,10_17,10_50,8252.003,63.07727,16.6142,0.0083,188.149,50.0,55.0,1522.0,847.0,1522.0027,847.4682,1522.0027,847.4682,142.12569781765382,27.743911305152064,1.498,1.305,72.51,0.01547,0.01295,72.94,1522.0027,847.4682,142.12569781765382,27.743911305152064,0.5227553621,0.59432402677,0.5227553621,0.59432402677,0.777,0.717,71.2,0.7769819,0.7165044,71.2,23.337,0.0,2.38,1.148,0.129,0.977,10.0
706,706,10_18,10_49,470.4574,27.52982,19.7243,0.0635,187.509,15.0,16.0,1932.0,829.0,1931.9749,828.7891999999999,1931.9749,828.7891999999999,141.9953388397274,27.74753488798861,1.114,1.013,22.35,0.08187,0.07228,21.09,1931.9749,828.7891999999999,141.9953388397274,27.74753488798861,1.3006679234,1.2979088887,1.3006679234,1.2979088887,1.151,1.129,43.38,1.150509,1.129117,43.38,23.3813,0.0,4.51,1.1,0.091,0.001,10.0
707,707,10_19,10_48,227.6829,18.33108,20.5122,0.0874,188.1341,6.0,7.0,1805.0,828.0,1805.3321,827.8991,1805.3321,827.8991,142.03557812360484,27.748300960633017,0.739,0.642,-85.89,0.07698,0.07045,-86.88,1805.3321,827.8991,142.03557812360484,27.748300960633017,0.39987343551,0.53667531112,0.39987343551,0.53667531112,0.734,0.631,83.1,0.7339674,0.6307461,83.1,23.4187,0.0,3.33,1.151,0.131,0.564,10.0
708,708,10_20,10_47,151.6116,16.29932,20.9537,0.1168,188.6211,5.0,5.0,1525.0,828.0,1524.608,827.8098,1524.608,827.8098,142.12478582691446,27.74942903761749,0.73,0.452,71.3,0.10423,0.06049,71.54,1524.608,827.8098,142.12478582691446,27.74942903761749,0.44749439659,0.46761653384,0.44749439659,0.46761653384,0.692,0.661,59.22,0.6918633,0.6606331,59.22,23.3584,0.0,1.82,1.614,0.38,0.479,10.0
710,710,10_22,10_45,352.6418,23.00628,20.0372,0.0709,188.0358,9.0,11.0,1748.0,825.0,1747.6527,825.0571,1747.6527,825.0571,142.0538945299686,27.74933121911207,0.947,0.752,-13.24,0.08211,0.05853,-15.04,1747.6527,825.0571,142.0538945299686,27.74933121911207,0.45493326049,0.4691373225,0.45493326049,0.4691373225,0.693,0.666,56.29,0.6932006,0.6659906,56.29,23.4019,0.0,2.65,1.259,0.206,0.721,10.0
711,711,10_23,10_44,130.9844,16.12568,21.1125,0.1337,189.4216,5.0,5.0,1529.0,809.0,1529.2159,808.6279,1529.2159,808.6279,142.12323936559144,27.75480505741159,0.729,0.455,-16.58,0.11368,0.06614,-18.3,1529.2159,808.6279,142.12323936559144,27.75480505741159,0.58877569385,0.50026669649,0.58877569385,0.50026669649,0.77,0.704,-12.82,0.7704604,0.7038701,-12.82,23.4132,0.0,2.65,1.602,0.376,0.485,10.0
712,712,10_24,10_43,573.1255,26.2359,19.5099,0.0497,187.0068,12.0,14.0,1926.0,805.0,1926.4628,804.7355,1926.4628,804.7355,141.996979987553,27.7543208346538,0.946,0.917,0.73,0.05394,0.05273,-0.73,1926.4628,804.7355,141.996979987553,27.7543208346538,0.47717997024,0.46944549314,0.47717997024,0.46944549314,0.694,0.682,31.22,0.6940238,0.6818771,31.22,23.3477,0.0,2.33,1.032,0.031,0.967,10.0
713,713,10_25,10_42,3864.083,47.85221,17.438,0.0134,187.3996,33.0,39.0,1649.0,795.0,1648.6875,795.5731000000001,1648.6875,795.5731000000001,142.08521465778313,27.75801271866296,1.378,1.207,73.79,0.02257,0.02004,70.02,1648.6875,795.5731000000001,142.08521465778313,27.75801271866296,0.50272913966,0.59143063553,0.50272913966,0.59143063553,0.772,0.706,77.65,0.7719448,0.7058761,77.65,23.3699,0.0,2.35,1.142,0.124,0.985,10.0
714,714,10_26,10_41,1206.641,35.63288,18.7016,0.0321,188.0249,22.0,25.0,1747.0,790.0,1747.1912,790.6562,1747.1912,790.6562,142.05388802942574,27.75900584847181,1.287,1.104,87.71,0.04742,0.04002,-84.83,1747.1912,790.6562,142.05388802942574,27.75900584847181,0.69081047405,0.82076336171,0.69081047405,0.82076336171,0.913,0.823,73.14,0.9131879,0.8232022,73.14,23.4013,0.0,2.86,1.167,0.143,0.239,10.0
715,715,10_27,10_40,2491.008,50.55055,17.9146,0.022,188.0629,45.0,50.0,1719.0,789.0,1718.9028,789.0237,1718.9028,789.0237,142.0628709984017,27.75957739831725,1.678,1.586,-54.91,0.04221,0.03913,-46.89,1718.9028,789.0237,142.0628709984017,27.75957739831725,1.5418524963,1.6003466175,1.5418524963,1.6003466175,1.267,1.24,-73.83,1.267169,1.239549,-73.83,23.4025,0.0,3.83,1.058,0.055,0.017,10.0
716,716,10_28,10_39,171.2634,17.56048,20.8214,0.1114,188.4779,6.0,6.0,1538.0,791.0,1538.1678,790.848,1538.1678,790.848,142.12031819602845,27.75977011856309,0.745,0.567,-49.03,0.1011,0.07484,-45.28,1538.1678,790.848,142.12031819602845,27.75977011856309,0.53516009887,0.68573520009,0.53516009887,0.68573520009,0.828,0.731,86.2,0.8284938,0.7310905,86.2,23.3625,0.0,3.5,1.314,0.239,0.55,10.0
717,717,10_29,10_38,123.3811,14.72786,21.1775,0.1296,188.0746,4.0,5.0,2006.0,781.0,2006.0,782.9048,2006.0,782.9048,141.97160283554624,27.760129330452404,1.45,0.289,90.0,0.24703,0.04929,90.0,2006.0,782.9048,141.97160283554624,27.760129330452404,0.79741131725,1.9589024345,0.79741131725,1.9589024345,1.403,0.887,-84.62,1.40332,0.8871337,-84.62,23.443,0.0,3.82,5.025,0.801,0.434,10.0
718,718,10_30,10_37,528.4349,29.26737,19.5981,0.0601,188.3266,17.0,18.0,1803.0,777.0,1802.6524,777.2663,1802.6524,777.2663,142.03620206345525,27.762548476508755,1.307,0.907,79.62,0.08896,0.06157,77.91,1802.6524,777.2663,142.03620206345525,27.762548476508755,0.87602517136,1.4507162484,0.87602517136,1.4507162484,1.206,0.934,85.59,1.205882,0.9341249,85.59,23.4291,0.0,4.45,1.441,0.306,0.0,10.0
719,719,10_31,10_36,1315.914,36.43136,18.6075,0.0301,188.2132,20.0,26.0,1852.0,771.0,1851.9696,771.4018,1851.9696,771.4018,142.02050188755234,27.76399790893869,1.214,1.062,83.28,0.04317,0.03634,89.24,1851.9696,771.4018,142.02050188755234,27.76399790893869,0.44996798003,0.54248970971,0.44996798003,0.54248970971,0.741,0.666,76.17,0.7405775,0.6663352,76.17,23.4189,0.0,2.02,1.143,0.125,0.965,10.0
720,720,10_32,10_35,502.1777,27.76034,19.6534,0.06,187.7856,15.0,16.0,1725.0,772.0,1724.9785,772.4195,1724.9785,772.4195,142.06086645049274,27.76422197730029,1.127,0.94,1.68,0.07635,0.06263,0.31,1724.9785,772.4195,142.06086645049274,27.76422197730029,1.0739063056,0.86252485109,1.0739063056,0.86252485109,1.04,0.924,10.95,1.040255,0.9242842,10.95,23.3852,0.0,3.54,1.199,0.166,0.141,10.0
721,721,10_33,10_34,563454.8,326.9331,12.0284,0.0006,188.4007,311.0,337.0,1521.0,761.0,1520.5925,762.6786,1520.5925,762.6786,142.1257833389439,27.76775822875061,2.102,1.806,78.24,0.00161,0.00143,79.78,1520.5925,762.6786,142.1257833389439,27.76775822875061,1.2359750398,1.6168627587,1.2359750398,1.6168627587,1.272,1.112,87.96,1.271749,1.111527,87.96,23.3495,4.0,11.43,1.164,0.141,0.991,10.0
722,722,10_34,10_32,14881.99,73.54989,15.9739,0.0054,187.9391,63.0,70.0,1777.0,764.0,1776.774,764.1899000000001,1776.774,764.1899000000001,142.04436803830544,27.76632919644127,1.557,1.373,71.65,0.01079,0.00947,68.48,1776.774,764.1899000000001,142.04436803830544,27.76632919644127,0.55392620072,0.62719906939,0.55392620072,0.62719906939,0.795,0.741,75.11,0.7954726,0.7405056,75.11,23.4006,0.0,2.58,1.134,0.118,0.986,10.0
723,723,10_35,10_33,565.1459,27.10492,19.5252,0.0521,188.7667,14.0,15.0,1799.0,770.0,1798.6385,770.3864,1798.6385,770.3864,142.037446824047,27.76449907652982,1.026,0.909,49.44,0.05966,0.05212,45.27,1798.6385,770.3864,142.037446824047,27.76449907652982,0.57077356642,0.59490452438,0.57077356642,0.59490452438,0.787,0.739,54.6,0.7870951,0.739026,54.6,23.459,0.0,2.33,1.129,0.114,0.668,10.0
726,726,10_38,10_28,362.486,22.86513,20.0073,0.0685,188.3846,9.0,11.0,1948.0,731.0,1947.7612,731.1125999999999,1947.7612,731.1125999999999,141.98987243964024,27.77493331682109,0.873,0.825,57.83,0.07133,0.06833,46.82,1947.7612,731.1125999999999,141.98987243964024,27.77493331682109,0.489256746,0.57650573273,0.489256746,0.57650573273,0.76,0.699,84.59,0.7598,0.6989037,84.59,23.4197,0.0,2.77,1.058,0.055,0.706,10.0
727,727,10_39,10_27,288.0293,19.75933,20.257,0.0745,187.4669,8.0,8.0,1657.0,728.0,1657.1565,727.859,1657.1565,727.859,142.082226342164,27.777019064380468,0.806,0.665,47.66,0.07427,0.059,45.12,1657.1565,727.859,142.082226342164,27.777019064380468,0.49192207818,0.56357430106,0.49192207818,0.56357430106,0.762,0.689,66.51,0.761745,0.6893772,66.51,23.3778,0.0,2.22,1.211,0.174,0.562,10.0
728,728,10_40,10_26,186.0601,18.23235,20.7314,0.1064,187.8759,6.0,7.0,1806.0,720.0,1806.6718,719.9797,1806.6718,719.9797,142.03466688494828,27.778639510287874,0.728,0.669,76.1,0.0918,0.08511,88.41,1806.6718,719.9797,142.03466688494828,27.778639510287874,0.47632547527,0.43904262689,0.47632547527,0.43904262689,0.726,0.623,37.23,0.7261459,0.6229609,37.23,23.3936,0.0,2.54,1.089,0.081,0.545,10.0
729,729,10_41,10_25,133.535,15.32653,21.0916,0.1246,188.8467,5.0,5.0,1947.0,718.0,1946.8373,718.407,1946.8373,718.407,141.99010754510982,27.778509454419,0.739,0.446,-20.53,0.11932,0.06909,-18.48,1946.8373,718.407,141.99010754510982,27.778509454419,0.46658329037,0.46135061001,0.46658329037,0.46135061001,0.718,0.642,-43.54,0.7179527,0.6422444,-43.54,23.4386,0.0,2.37,1.657,0.397,0.54,10.0
730,730,10_42,10_24,626.7311,27.35145,19.4129,0.0474,187.7485,12.0,15.0,1700.0,712.0,1700.3364,712.3491,1700.3364,712.3491,142.06843283719843,27.78120977270249,0.974,0.921,-50.44,0.05379,0.04741,-45.11,1700.3364,712.3491,142.06843283719843,27.78120977270249,0.45034554786,0.43435410573,0.45034554786,0.43435410573,0.673,0.657,22.05,0.6734113,0.6566711,22.05,23.3927,0.0,1.93,1.058,0.054,0.92,10.0
731,731,10_43,10_23,9721.526,64.05814,16.4362,0.0072,187.546,52.0,59.0,1848.0,708.0,1848.4679,708.0725,1848.4679,708.0725,142.0213277741633,27.781818216340252,1.517,1.33,71.96,0.01362,0.01218,67.19,1848.4679,708.0725,142.0213277741633,27.781818216340252,0.54565575264,0.62455942436,0.54565575264,0.62455942436,0.797,0.732,71.15,0.7968511,0.7316034,71.15,23.3699,0.0,2.53,1.141,0.124,0.987,10.0
732,732,10_44,10_22,2214.84,42.44937,18.0422,0.0208,187.6442,27.0,33.0,1582.0,707.0,1581.7443,707.6616,1581.7443,707.6616,142.106109294057,27.78299211809951,1.298,1.175,78.66,0.0327,0.02906,83.02,1581.7443,707.6616,142.106109294057,27.78299211809951,0.52400811113,0.56007438487,0.52400811113,0.56007438487,0.756,0.716,64.13,0.755754,0.7161832,64.13,23.3651,0.0,2.25,1.105,0.095,0.975,10.0
733,733,10_45,10_21,3590.1,47.09024,17.5178,0.0142,187.6592,33.0,38.0,1728.0,695.0,1728.4305,695.6064,1728.4305,695.6064,142.05942831852062,27.785805798782548,1.377,1.209,81.0,0.02387,0.02024,87.6,1728.4305,695.6064,142.05942831852062,27.785805798782548,0.53551563388,0.58332533589,0.53551563388,0.58332533589,0.772,0.723,65.72,0.7717109,0.723397,65.72,23.3864,0.0,2.3,1.139,0.122,0.97,10.0
734,734,10_46,10_20,1898.49,39.4245,18.2096,0.0226,188.0661,24.0,29.0,1698.0,685.0,1698.5525,685.5151,1698.5525,685.5151,142.06888133475405,27.78876165488029,1.224,1.159,-88.64,0.03272,0.03075,-60.7,1698.5525,685.5151,142.06888133475405,27.78876165488029,0.50311805647,0.54098580812,0.50311805647,0.54098580812,0.739,0.706,71.87,0.7386007,0.7060969,71.87,23.4174,0.0,2.25,1.056,0.053,0.959,10.0
735,735,10_47,10_19,1772.077,38.02834,18.2844,0.0233,187.3565,26.0,27.0,1820.0,647.0,1820.1979,647.7625,1820.1979,647.7625,142.03004167890933,27.79888952075236,1.267,1.097,61.63,0.03611,0.02982,59.59,1820.1979,647.7625,142.03004167890933,27.79888952075236,0.53582753272,0.59436673276,0.53582753272,0.59436673276,0.779,0.723,67.09,0.7791625,0.7232565,67.09,23.3637,0.0,2.26,1.155,0.134,0.93,10.0
736,736,10_48,10_18,1498374.0,524.6143,10.9665,0.0004,189.8111,599.0,639.0,1976.0,632.0,1974.2942,631.7981,1974.2942,631.7981,141.9809793118696,27.80274607449598,3.284,2.152,86.26,0.00135,0.00105,84.8,1974.2942,631.7981,141.9809793118696,27.80274607449598,2.5977583318,3.8193344898,2.5977583318,3.8193344898,1.961,1.604,81.93,1.960721,1.603953,81.93,23.3629,4.0,15.94,1.526,0.345,0.996,10.0
737,737,10_49,10_16,189.4942,18.20958,20.7116,0.1044,187.7135,6.0,7.0,1740.0,640.0,1739.9588,640.3041000000001,1739.9588,640.3041000000001,142.0555175742996,27.80130875480933,0.731,0.665,-4.34,0.09546,0.08819,-0.82,1739.9588,640.3041000000001,142.0555175742996,27.80130875480933,0.5108043278,0.48115184065,0.5108043278,0.48115184065,0.715,0.693,-9.58,0.7153139,0.693024,-9.58,23.3952,0.0,2.89,1.099,0.09,0.288,10.0
738,738,10_50,10_15,57397.21,119.2399,14.5083,0.0023,187.6753,99.0,112.0,1565.0,628.0,1565.4292,628.6317,1565.4292,628.6317,142.11095433801145,27.80527580991393,1.691,1.453,74.23,0.00491,0.00421,72.42,1565.4292,628.6317,142.11095433801145,27.80527580991393,0.56071402374,0.63565670981,0.56071402374,0.63565670981,0.803,0.743,71.73,0.8030123,0.7426588,71.73,23.3607,0.0,2.58,1.164,0.141,0.984,10.0
739,739,10_51,10_17,258.9386,20.44043,20.3726,0.0857,188.6628,6.0,9.0,1878.0,645.0,1877.8096,644.6632,1877.8096,644.6632,142.01171219227956,27.799526688967983,0.878,0.675,-70.87,0.09006,0.06545,-69.55,1877.8096,644.6632,142.01171219227956,27.799526688967983,0.462467381,0.50371329577,0.462467381,0.50371329577,0.71,0.68,-87.01,0.7098071,0.6799666,-87.01,23.4529,0.0,2.25,1.3,0.231,0.656,10.0
740,740,10_52,10_13,7315.579,55.83716,16.745,0.0083,189.9511,29.0,31.0,2017.0,615.0,2016.3591,615.5094,2016.3591,615.5094,141.96753030208845,27.807150056496774,1.639,0.758,-86.72,0.01738,0.00842,-85.49,2016.3591,615.5094,141.96753030208845,27.807150056496774,0.1625304817,0.6188097454,0.1625304817,0.6188097454,0.787,0.402,-87.68,0.7871233,0.4022153,-87.68,23.1968,24.0,3.18,2.164,0.538,1.0,10.0
741,741,10_53,10_12,279.975,19.97368,20.2878,0.0775,187.5805,7.0,8.0,1534.0,612.0,1533.8718,611.8050000000001,1533.8718,611.8050000000001,142.12091532712498,27.81012844591641,0.791,0.666,-42.25,0.07332,0.05836,-45.29,1533.8718,611.8050000000001,142.12091532712498,27.81012844591641,0.32589857537,0.3568512832,0.32589857537,0.3568512832,0.603,0.565,-66.79,0.6031811,0.5647322,-66.79,23.3456,0.0,1.67,1.188,0.158,0.54,10.0
743,743,10_55,10_10,675.0293,28.44688,19.3323,0.0458,188.5648,13.0,16.0,1927.0,583.0,1926.555,583.4506,1926.555,583.4506,141.99593418153827,27.816536379153167,0.982,0.961,-76.31,0.05123,0.05106,-59.25,1926.555,583.4506,141.99593418153827,27.816536379153167,0.46937025842,0.50576742852,0.46937025842,0.50576742852,0.711,0.685,-88.32,0.7111953,0.6850832,-88.32,23.4001,0.0,2.38,1.021,0.021,0.936,10.0
744,744,10_56,10_9,17105.86,77.43388,15.8227,0.0049,187.5208,67.0,75.0,1788.0,580.0,1787.7698,580.0387000000001,1787.7698,580.0387000000001,142.0400468949579,27.81806100080119,1.594,1.383,77.25,0.01022,0.00881,78.92,1787.7698,580.0387000000001,142.0400468949579,27.81806100080119,0.54983725519,0.63635965348,0.54983725519,0.63635965348,0.803,0.736,73.3,0.8030697,0.7357146,73.3,23.3801,0.0,2.64,1.152,0.132,0.985,10.0
745,745,10_57,10_8,620.2399,27.88625,19.4242,0.0488,188.2126,14.0,16.0,1712.0,577.0,1712.3649,576.938,1712.3649,576.938,142.06400940447142,27.819234165843675,1.057,0.908,85.79,0.06089,0.0503,88.78,1712.3649,576.938,142.06400940447142,27.819234165843675,0.50492018826,0.5506394699,0.50492018826,0.5506394699,0.744,0.708,75.27,0.7443359,0.7081833,75.27,23.4392,0.0,2.54,1.164,0.141,0.94,10.0
747,747,10_59,10_6,733.623,31.36224,19.2419,0.0464,187.56,18.0,20.0,1841.0,562.0,1841.3113,561.701,1841.3113,561.701,142.02293949492412,27.82300005899548,1.109,1.107,59.03,0.05863,0.05665,44.74,1841.3113,561.701,142.02293949492412,27.82300005899548,0.83880661771,0.84293738957,0.83880661771,0.84293738957,0.931,0.902,-47.23,0.9313428,0.9024104,-47.23,23.3778,0.0,3.02,1.002,0.002,0.052,10.0
748,748,10_60,10_5,167.2246,17.05328,20.8473,0.1107,187.7274,5.0,6.0,1572.0,531.0,1571.9744,531.4919,1571.9744,531.4919,142.1084531567796,27.83256182848859,0.762,0.5,1.41,0.10303,0.06338,0.11,1571.9744,531.4919,142.1084531567796,27.83256182848859,0.41128147365,0.52142148552,0.41128147365,0.52142148552,0.73,0.632,72.71,0.73023,0.6320341,72.71,23.3844,0.0,1.64,1.525,0.344,0.446,10.0
749,749,10_61,10_4,103.3966,14.72898,21.3693,0.1547,188.1435,4.0,5.0,1985.0,515.0,1984.6057,514.7999,1984.6057,514.7999,141.9771579421457,27.835595868148054,0.758,0.447,71.22,0.136,0.07863,71.54,1984.6057,514.7999,141.9771579421457,27.835595868148054,1.7698720454,1.7852725303,1.7698720454,1.7852725303,1.365,1.301,47.58,1.365047,1.300689,47.58,23.4355,0.0,2.64,1.695,0.41,0.13,10.0
750,750,10_62,10_66,241.3989,21.41246,20.4487,0.0963,187.5777,10.0,10.0,1657.0,1002.0,1657.1948,1002.018,1657.1948,1002.018,142.08341539901733,27.699928874420824,0.936,0.753,4.64,0.10021,0.07935,0.28,1657.1948,1002.018,142.08341539901733,27.699928874420824,1.4315801563,1.1887470821,1.4315801563,1.1887470821,1.206,1.08,16.38,1.206044,1.079715,16.38,23.4084,0.0,3.54,1.243,0.196,0.001,10.0
752,752,11_1,11_18,1092706.0,444.7333,11.3093,0.0004,189.2033,491.0,520.0,2363.0,573.0,2361.6022,573.3119,2361.6022,573.3119,141.85756632840548,27.81752198053637,2.589,1.954,83.47,0.00137,0.00112,83.83,2361.6022,573.3119,141.85756632840548,27.81752198053637,1.839411808,2.6063937731,1.839411808,2.6063937731,1.619,1.351,82.49,1.618629,1.351238,82.49,23.4866,4.0,11.71,1.325,0.245,0.999,11.0
753,753,11_2,11_13,630548.8,340.7234,11.9063,0.0006,189.6972,318.0,338.0,2215.0,561.0,2215.0186,562.2333,2215.0186,562.2333,141.90411641971127,27.82128085167039,2.046,1.75,77.5,0.00142,0.00132,88.21,2215.0186,562.2333,141.90411641971127,27.82128085167039,1.1017098149,1.4236563886,1.1017098149,1.4236563886,1.205,1.036,74.25,1.204773,1.036285,74.25,23.4983,4.0,11.34,1.169,0.145,1.0,11.0
757,757,11_6,11_69,539.0085,26.08414,19.5766,0.0526,187.6049,12.0,14.0,2282.0,982.0,2281.7368,981.8048,2281.7368,981.8048,141.88494479083914,27.703026459345804,1.03,0.846,68.55,0.06609,0.05174,65.43,2281.7368,981.8048,141.88494479083914,27.703026459345804,0.51750952832,0.58848299599,0.51750952832,0.58848299599,0.768,0.719,84.15,0.7676179,0.718857,84.15,23.4027,0.0,2.97,1.217,0.178,0.7,11.0
758,758,11_7,11_68,130783.9,165.6909,13.6142,0.0014,188.5514,138.0,150.0,2430.0,975.0,2430.175,975.116,2430.175,975.116,141.83776600137506,27.7042499506974,1.707,1.481,74.31,0.00295,0.0026,74.82,2430.175,975.116,141.83776600137506,27.7042499506974,0.55072023607,0.64232482152,0.55072023607,0.64232482152,0.806,0.737,74.61,0.8061227,0.7370287,74.61,23.4483,0.0,2.56,1.153,0.132,1.0,11.0
760,760,11_9,11_66,30861.75,93.99603,15.182,0.0033,187.8488,82.0,91.0,2200.0,968.0,2200.3127,968.1555,2200.3127,968.1555,141.9107415336349,27.707217699974944,1.6,1.404,74.16,0.00702,0.00607,74.46,2200.3127,968.1555,141.9107415336349,27.707217699974944,0.52811359756,0.60726212035,0.52811359756,0.60726212035,0.784,0.721,73.24,0.784317,0.7212646,73.24,23.4189,0.0,2.64,1.14,0.123,0.983,11.0
761,761,11_10,11_65,595.2798,27.05513,19.4688,0.0494,187.5636,15.0,15.0,2354.0,970.0,2353.621,970.5213,2353.621,970.5213,141.86205776091484,27.705882954971216,1.009,0.923,-56.92,0.05922,0.05185,-46.21,2353.621,970.5213,141.86205776091484,27.705882954971216,0.50265741033,0.57549089935,0.50265741033,0.57549089935,0.759,0.709,87.24,0.758723,0.7088637,87.24,23.3816,0.0,2.53,1.093,0.085,0.779,11.0
762,762,11_11,11_64,1115.734,33.33054,18.7867,0.0324,188.384,18.0,22.0,2455.0,968.0,2455.0131,968.5536,2455.0131,968.5536,141.8298445557283,27.70598342384438,1.182,0.994,66.22,0.045,0.03668,66.39,2455.0131,968.5536,141.8298445557283,27.70598342384438,0.44845016804,0.53015622089,0.44845016804,0.53015622089,0.737,0.66,70.01,0.7366212,0.6602997,70.01,23.4424,0.0,2.23,1.19,0.159,0.925,11.0
763,763,11_12,11_63,167.7368,16.77099,20.844,0.1086,187.703,5.0,6.0,2212.0,966.0,2211.507,965.9592,2211.507,965.9592,141.90717523029866,27.707786967905086,0.783,0.5,89.03,0.10158,0.06233,89.97,2211.507,965.9592,141.90717523029866,27.707786967905086,0.61141910314,0.71299802403,0.61141910314,0.71299802403,0.867,0.756,62.16,0.8673393,0.7563992,62.16,23.4076,0.0,3.15,1.566,0.362,0.253,11.0
764,764,11_13,11_62,58580.49,119.6895,14.4862,0.0022,187.928,106.0,115.0,2380.0,958.0,2379.5978,958.072,2379.5978,958.072,141.85374558606114,27.709268099925,1.666,1.445,74.77,0.00477,0.00418,75.45,2379.5978,958.072,141.85374558606114,27.709268099925,0.54755894809,0.62768792224,0.54755894809,0.62768792224,0.798,0.734,72.13,0.7981136,0.7336631,72.13,23.403,0.0,2.62,1.153,0.133,0.987,11.0
765,765,11_14,11_61,5086.914,52.25646,17.1394,0.0112,187.5123,32.0,45.0,2121.0,955.0,2120.7944,955.2213,2120.7944,955.2213,141.9359386460477,27.711194876672756,1.417,1.236,86.58,0.01991,0.01681,-83.49,2120.7944,955.2213,141.9359386460477,27.711194876672756,0.5155553252,0.58922165942,0.5155553252,0.58922165942,0.772,0.713,73.6,0.7721429,0.7131426,73.6,23.394,0.0,2.45,1.146,0.128,0.984,11.0
766,766,11_15,11_60,3102.053,45.31045,17.6764,0.0159,187.9017,32.0,37.0,2485.0,947.0,2484.8623,947.8037,2484.8623,947.8037,141.82026018873157,27.711682708991734,1.363,1.196,80.08,0.02649,0.02312,87.61,2484.8623,947.8037,141.82026018873157,27.711682708991734,0.54532488811,0.59984905633,0.54532488811,0.59984905633,0.779,0.733,70.59,0.7794729,0.7332094,70.59,23.4204,0.0,2.37,1.139,0.122,0.959,11.0
767,767,11_16,11_59,813.0639,31.2924,19.1303,0.0418,188.2466,19.0,20.0,2307.0,947.0,2306.7439,946.7498,2306.7439,946.7498,141.8768309158251,27.71277350587386,1.14,1.065,63.9,0.05524,0.05005,50.28,2306.7439,946.7498,141.8768309158251,27.71277350587386,0.72356296471,0.79410438511,0.72356296471,0.79410438511,0.891,0.851,88.59,0.8911495,0.8505998,88.59,23.4343,0.0,2.91,1.071,0.066,0.051,11.0
768,768,11_17,11_58,1279.55,33.60696,18.6379,0.0285,188.0233,17.0,22.0,2477.0,939.0,2477.115,938.959,2477.115,938.959,141.8226765274544,27.714204591647707,1.126,1.044,69.87,0.03706,0.03375,48.55,2477.115,938.959,141.8226765274544,27.714204591647707,0.47649464572,0.55849977346,0.47649464572,0.55849977346,0.748,0.69,83.52,0.7480459,0.6895083,83.52,23.4266,0.0,2.2,1.079,0.073,0.972,11.0
769,769,11_18,11_57,728.7935,33.03845,19.2491,0.0492,187.5018,22.0,23.0,2239.0,929.0,2239.3419,929.2682,2239.3419,929.2682,141.89815655945227,27.717983110879945,1.338,1.111,26.51,0.07557,0.05886,24.43,2239.3419,929.2682,141.89815655945227,27.717983110879945,1.2981502705,1.4069004066,1.2981502705,1.4069004066,1.204,1.12,62.02,1.204017,1.120444,62.02,23.3838,0.0,3.74,1.204,0.169,0.178,11.0
770,770,11_19,11_56,329.8441,21.83976,20.1098,0.0719,187.3591,8.0,10.0,2112.0,927.0,2111.7568,927.0134,2111.7568,927.0134,141.9386760091982,27.71916477404892,0.879,0.734,3.04,0.07446,0.05909,0.11,2111.7568,927.0134,141.9386760091982,27.71916477404892,0.51579234867,0.41444680696,0.51579234867,0.41444680696,0.718,0.644,0.19,0.7181876,0.6437745,0.19,23.3788,0.0,1.94,1.198,0.165,0.634,11.0
771,771,11_20,11_55,14359.96,72.87524,16.0127,0.0055,187.7307,61.0,70.0,2032.0,892.0,2031.8475,892.4494,2031.8475,892.4494,141.96390030527036,27.72922037019866,1.556,1.372,73.44,0.01109,0.00984,66.61,2031.8475,892.4494,141.96390030527036,27.72922037019866,0.53527849395,0.61192297795,0.53527849395,0.61192297795,0.787,0.726,72.94,0.7873285,0.7261648,72.94,23.4093,0.0,2.48,1.134,0.118,0.982,11.0
772,772,11_21,11_54,282.1085,20.84058,20.2795,0.0802,187.5496,8.0,9.0,2008.0,887.0,2008.3059,886.6276,2008.3059,886.6276,141.97135267362216,27.73095572738792,1.432,0.452,86.29,0.15533,0.04847,86.77,2008.3059,886.6276,141.97135267362216,27.73095572738792,0.3264442025,1.469973994,0.3264442025,1.469973994,1.214,0.568,86.69,1.21401,0.5679759,86.69,23.3934,24.0,4.78,3.166,0.684,0.657,11.0
773,773,11_22,11_53,76295.47,132.8046,14.1993,0.0019,187.7187,118.0,127.0,2374.0,872.0,2374.4555,872.2235000000001,2374.4555,872.2235000000001,141.85495530279562,27.733428582255986,1.684,1.459,73.36,0.00415,0.00357,70.54,2374.4555,872.2235000000001,141.85495530279562,27.733428582255986,0.55888846967,0.63682037371,0.55888846967,0.63682037371,0.803,0.742,72.84,0.8031375,0.7420774,72.84,23.3931,0.0,2.7,1.154,0.134,0.985,11.0
775,775,11_24,11_51,306562.2,241.6614,12.6893,0.0009,188.1961,197.0,211.0,2307.0,857.0,2307.1729,856.9555,2307.1729,856.9555,141.87625620608551,27.73801883126,1.737,1.516,75.16,0.00183,0.00164,78.09,2307.1729,856.9555,141.87625620608551,27.73801883126,0.55135785279,0.63389115264,0.55135785279,0.63389115264,0.8,0.738,74.51,0.800471,0.7378991,74.51,23.4188,0.0,2.57,1.146,0.127,0.999,11.0
776,776,11_25,11_50,587.7778,26.84636,19.4825,0.0496,188.0524,11.0,15.0,2395.0,863.0,2395.4871,863.2973999999999,2395.4871,863.2973999999999,141.84822957522383,27.735844525319603,1.033,0.889,49.4,0.05834,0.05041,45.26,2395.4871,863.2973999999999,141.84822957522383,27.735844525319603,0.43026004437,0.49074793262,0.43026004437,0.49074793262,0.715,0.641,63.59,0.7145222,0.6406762,63.59,23.4206,0.0,2.62,1.162,0.14,0.915,11.0
777,777,11_26,11_49,41662.57,104.962,14.8562,0.0027,188.729,88.0,101.0,2218.0,820.0,2217.8924,820.0375,2217.8924,820.0375,141.9044444822922,27.74878822912197,1.651,1.411,74.87,0.006,0.00492,74.35,2217.8924,820.0375,141.9044444822922,27.74878822912197,0.54439586541,0.63337979395,0.54439586541,0.63337979395,0.801,0.732,73.93,0.8008916,0.732358,73.93,23.4583,0.0,2.6,1.17,0.145,0.983,11.0
778,778,11_27,11_48,4492.279,49.7605,17.2744,0.012,187.7349,38.0,41.0,2316.0,819.0,2316.0359,818.8802000000001,2316.0359,818.8802000000001,141.8732541539917,27.74868505337609,1.39,1.24,80.22,0.02008,0.01833,84.8,2316.0359,818.8802000000001,141.8732541539917,27.74868505337609,0.52359007242,0.6126262537,0.52359007242,0.6126262537,0.787,0.719,75.27,0.786918,0.7190107,75.27,23.3823,0.0,2.35,1.121,0.108,0.972,11.0
779,779,11_28,11_47,286.0122,21.25079,20.2646,0.0807,187.3138,9.0,10.0,2468.0,817.0,2467.7948,817.4895,2467.7948,817.4895,141.82502882150723,27.74839859320171,0.955,0.718,88.25,0.09203,0.06736,89.87,2467.7948,817.4895,141.82502882150723,27.74839859320171,0.73646891173,0.92147342423,0.73646891173,0.92147342423,0.981,0.834,66.9,0.98112,0.833874,66.9,23.3913,0.0,2.86,1.33,0.248,0.597,11.0
780,780,11_29,11_46,937.4321,31.98344,18.9757,0.0371,187.8302,18.0,21.0,2414.0,803.0,2414.1111,803.3340000000001,2414.1111,803.3340000000001,141.8420151407738,27.75262014860888,1.158,1.026,-85.29,0.05084,0.04556,-77.23,2414.1111,803.3340000000001,141.8420151407738,27.75262014860888,0.51936430834,0.6696237866,0.51936430834,0.6696237866,0.818,0.721,87.97,0.8184204,0.7205388,87.97,23.4064,0.0,2.39,1.129,0.114,0.797,11.0
781,781,11_30,11_45,4379.103,50.18385,17.3021,0.0124,187.8745,36.0,43.0,2394.0,795.0,2394.5412,795.4358,2394.5412,795.4358,141.84819419475974,27.75492829195608,1.434,1.231,75.01,0.02262,0.01856,75.27,2394.5412,795.4358,141.84819419475974,27.75492829195608,0.5309846202,0.6040761975,0.5309846202,0.6040761975,0.782,0.724,73.74,0.7815858,0.7240058,73.74,23.4004,0.0,2.44,1.165,0.142,0.97,11.0
782,782,11_31,11_44,381.2706,23.0467,19.9525,0.0656,188.3075,9.0,11.0,2374.0,795.0,2374.3022,794.611,2374.3022,794.611,141.85462105393046,27.75525043377652,0.913,0.788,71.62,0.06997,0.06083,72.29,2374.3022,794.611,141.85462105393046,27.75525043377652,0.42715395558,0.51640715737,0.42715395558,0.51640715737,0.72,0.652,81.06,0.7201895,0.6518345,81.06,23.4207,0.0,2.57,1.159,0.138,0.679,11.0
783,783,11_32,11_43,321.782,19.75788,20.1367,0.0667,188.2215,2.0,8.0,2195.0,792.0,2194.9154,792.1636,2194.9154,792.1636,141.91161176820586,27.756724549697413,0.732,0.64,47.7,0.05689,0.04535,45.14,2194.9154,792.1636,141.91161176820586,27.756724549697413,0.46668936779,0.47849184163,0.46668936779,0.47849184163,0.732,0.64,47.7,0.7317184,0.6401324,47.7,23.4258,0.0,1.05,1.143,0.125,0.924,11.0
784,784,11_33,11_42,323.2617,20.74017,20.1317,0.0697,187.854,8.0,9.0,2043.0,790.0,2042.9436,790.0348,2042.9436,790.0348,141.95989566691523,27.75796994113875,0.782,0.755,50.74,0.06331,0.06326,15.22,2042.9436,790.0348,141.95989566691523,27.75796994113875,0.49893632182,0.53602781988,0.49893632182,0.53602781988,0.747,0.691,58.82,0.7466399,0.6910087,58.82,23.4131,0.0,2.13,1.036,0.034,0.729,11.0
785,785,11_34,11_41,155.5107,16.63486,20.9262,0.1162,187.5952,6.0,6.0,2041.0,784.0,2041.4951,783.9645,2041.4951,783.9645,141.96032757969593,27.7596827810791,0.786,0.499,87.56,0.11312,0.06939,89.83,2041.4951,783.9645,141.96032757969593,27.7596827810791,0.5960113079,0.72474315382,0.5960113079,0.72474315382,0.877,0.743,63.19,0.8768596,0.7428807,63.19,23.3962,0.0,3.69,1.574,0.365,0.196,11.0
786,786,11_35,11_40,1231.063,35.25356,18.6799,0.0311,188.1019,23.0,25.0,2401.0,755.0,2401.0349,755.2647,2401.0349,755.2647,141.8459317978598,27.76619322568533,1.279,1.05,75.71,0.04624,0.03714,80.71,2401.0349,755.2647,141.8459317978598,27.76619322568533,0.53774971868,0.62124257199,0.53774971868,0.62124257199,0.799,0.721,67.19,0.7994866,0.7209809,67.19,23.4182,0.0,2.25,1.218,0.179,0.853,11.0
787,787,11_36,11_39,259.3846,19.57892,20.3707,0.082,188.5567,8.0,8.0,2319.0,748.0,2318.8421,747.7912,2318.8421,747.7912,141.87201474164422,27.768659490009,0.797,0.674,-44.9,0.07835,0.06266,-45.57,2318.8421,747.7912,141.87201474164422,27.768659490009,0.49662234277,0.52850066274,0.49662234277,0.52850066274,0.728,0.704,-79.44,0.7277703,0.7038988,-79.44,23.4358,0.0,2.17,1.181,0.154,0.567,11.0
788,788,11_37,11_38,379.4746,21.40395,19.9576,0.0613,187.6945,10.0,10.0,2478.0,746.0,2478.0158,745.8305,2478.0158,745.8305,141.82142215754823,27.76849872166435,0.874,0.741,86.74,0.06752,0.05371,89.71,2478.0158,745.8305,141.82142215754823,27.76849872166435,0.45712162192,0.54328889466,0.45712162192,0.54328889466,0.739,0.675,81.12,0.7385429,0.674511,81.12,23.4244,0.0,2.1,1.18,0.152,0.545,11.0
790,790,11_39,11_36,4878.761,51.20261,17.1848,0.0114,187.6889,35.0,43.0,2294.0,719.0,2293.8048,718.9504,2293.8048,718.9504,141.8798309455748,27.776878156035643,1.427,1.198,71.9,0.02039,0.01645,70.3,2293.8048,718.9504,141.8798309455748,27.776878156035643,0.51783782824,0.59026458144,0.51783782824,0.59026458144,0.773,0.714,72.55,0.773437,0.7140712,72.55,23.378,0.0,2.38,1.191,0.16,0.997,11.0
791,791,11_40,11_35,159.4968,16.75984,20.8987,0.1141,187.8558,6.0,6.0,2314.0,720.0,2313.5092,720.0464,2313.5092,720.0464,141.8735738794257,27.776483323594224,0.789,0.5,-88.13,0.10591,0.06493,-89.93,2313.5092,720.0464,141.8735738794257,27.776483323594224,0.6234153501,0.83750856484,0.6234153501,0.83750856484,0.924,0.779,-75.05,0.9240932,0.7790865,-75.05,23.3902,0.0,2.67,1.58,0.367,0.264,11.0
792,792,11_41,11_34,462.4814,25.90929,19.7428,0.0608,188.1417,12.0,14.0,2269.0,706.0,2269.2658,706.4426,2269.2658,706.4426,141.88756923500767,27.78050221065336,0.976,0.928,70.6,0.06516,0.06361,85.69,2269.2658,706.4426,141.88756923500767,27.78050221065336,0.6340697708,0.67242718287,0.6340697708,0.67242718287,0.829,0.786,61.75,0.8294501,0.7864538,61.75,23.4112,0.0,2.78,1.051,0.048,0.187,11.0
793,793,11_42,11_33,429.3793,25.69897,19.8235,0.065,188.4725,9.0,14.0,2209.0,703.0,2208.6978,703.447,2208.6978,703.447,141.90680550254322,27.781607932879712,0.969,0.929,53.52,0.06769,0.06623,84.73,2208.6978,703.447,141.90680550254322,27.781607932879712,0.81764149655,0.81416285938,0.81764149655,0.81416285938,0.937,0.868,44.19,0.936842,0.8684074,44.19,23.4464,0.0,2.57,1.042,0.041,0.664,11.0
794,794,11_43,11_32,131.0097,15.30857,21.1123,0.1269,188.0056,5.0,5.0,2285.0,698.0,2284.5805,697.7624000000001,2284.5805,697.7624000000001,141.88265949613708,27.78287550731797,0.736,0.453,70.37,0.11051,0.06402,71.45,2284.5805,697.7624000000001,141.88265949613708,27.78287550731797,0.75532363726,0.73677901699,0.75532363726,0.73677901699,0.911,0.813,41.84,0.9112603,0.8134539,41.84,23.3997,0.0,2.45,1.625,0.385,0.378,11.0
795,795,11_44,11_31,281.1605,19.9301,20.2832,0.077,187.8918,7.0,9.0,2506.0,693.0,2505.8236,692.6494,2505.8236,692.6494,141.81231789953182,27.783323187312583,0.868,0.674,-70.6,0.0843,0.06127,-69.7,2505.8236,692.6494,141.81231789953182,27.783323187312583,0.37838539995,0.47205710995,0.37838539995,0.47205710995,0.689,0.613,79.95,0.6892689,0.6126589,79.95,23.447,0.0,2.15,1.287,0.223,0.595,11.0
796,796,11_45,11_30,82390.65,137.1335,14.1159,0.0018,187.9869,122.0,133.0,2442.0,664.0,2442.1297,664.8114,2442.1297,664.8114,141.83242184557193,27.79143826523172,1.696,1.469,73.6,0.00399,0.0035,72.27,2442.1297,664.8114,141.83242184557193,27.79143826523172,0.54082856957,0.62614790991,0.54082856957,0.62614790991,0.797,0.729,72.2,0.7974647,0.7287157,72.2,23.4121,0.0,2.51,1.154,0.134,0.998,11.0
797,797,11_46,11_29,9852.622,64.09666,16.4217,0.0071,188.5691,51.0,60.0,2357.0,663.0,2357.4563,662.9215,2357.4563,662.9215,141.8593256824683,27.79234880364826,1.512,1.34,72.67,0.01356,0.01213,75.11,2357.4563,662.9215,141.8593256824683,27.79234880364826,0.55226827656,0.62178526649,0.55226827656,0.62178526649,0.797,0.734,67.67,0.7974272,0.7335962,67.67,23.44,0.0,2.63,1.128,0.114,0.998,11.0
798,798,11_47,11_28,3579.42,46.58433,17.521,0.0141,188.7665,34.0,38.0,2034.0,657.0,2033.9702,657.2087,2033.9702,657.2087,141.96212635493097,27.79535261853414,1.334,1.209,59.47,0.02298,0.0207,48.74,2033.9702,657.2087,141.96212635493097,27.79535261853414,0.5302102989,0.57882052175,0.5302102989,0.57882052175,0.768,0.721,67.34,0.7675194,0.721072,67.34,23.428,0.0,2.12,1.104,0.094,0.961,11.0
799,799,11_48,11_27,2949.57,44.1371,17.7312,0.0163,187.6341,29.0,35.0,2076.0,645.0,2075.8335,645.4916000000001,2075.8335,645.4916000000001,141.9487632343642,27.798470387785944,1.324,1.182,81.65,0.02657,0.02317,-85.4,2075.8335,645.4916000000001,141.9487632343642,27.798470387785944,0.50490974711,0.55764061318,0.50490974711,0.55764061318,0.754,0.703,68.02,0.7535923,0.7033128,68.02,23.3684,0.0,2.16,1.121,0.108,0.957,11.0
800,800,11_49,11_26,402.2508,24.00295,19.8943,0.0648,187.9885,8.0,12.0,2165.0,639.0,2164.7646,638.6418,2164.7646,638.6418,141.9204598503544,27.80001694424183,0.937,0.816,71.02,0.07092,0.0618,70.35,2164.7646,638.6418,141.9204598503544,27.80001694424183,0.38981422894,0.4528498925,0.38981422894,0.4528498925,0.68,0.617,70.49,0.6796321,0.617061,70.49,23.3928,0.0,2.18,1.149,0.13,0.766,11.0
801,801,11_50,11_25,144.4957,15.33618,21.0059,0.1153,188.0108,5.0,5.0,2423.0,631.0,2423.1761,631.3909,2423.1761,631.3909,141.83827986789063,27.80091906250828,0.737,0.448,19.33,0.12193,0.0706,18.49,2423.1761,631.3909,141.83827986789063,27.80091906250828,0.42042176112,0.31198355381,0.42042176112,0.31198355381,0.666,0.537,22.81,0.6661319,0.5372835,22.81,23.3954,0.0,2.43,1.646,0.393,0.536,11.0
802,802,11_51,11_24,781.1772,29.80272,19.1737,0.0414,187.9185,13.0,18.0,2408.0,628.0,2408.4559,628.2292,2408.4559,628.2292,141.84294327898968,27.801874039895655,1.089,0.94,88.14,0.05332,0.04359,89.89,2408.4559,628.2292,141.84294327898968,27.801874039895655,0.44123586874,0.48948010566,0.44123586874,0.48948010566,0.701,0.663,80.01,0.7007314,0.6630924,80.01,23.3894,0.0,2.22,1.158,0.137,0.954,11.0
803,803,11_52,11_23,27923.79,92.03558,15.2906,0.0036,188.5165,85.0,92.0,2018.0,615.0,2018.1529,615.4588,2018.1529,615.4588,141.9669597718858,27.807156768482876,1.632,1.42,75.62,0.00768,0.0067,77.68,2018.1529,615.4588,141.9669597718858,27.807156768482876,0.54524575004,0.62914353867,0.54524575004,0.62914353867,0.799,0.732,72.03,0.7993756,0.7317021,72.03,23.3953,0.0,2.46,1.149,0.13,0.983,11.0
804,804,11_53,11_22,747.019,29.89876,19.2222,0.0435,188.0003,16.0,18.0,2144.0,612.0,2143.8816,612.1878,2143.8816,612.1878,141.92697250475118,27.807543772954705,1.081,0.986,25.13,0.05571,0.04922,25.91,2143.8816,612.1878,141.92697250475118,27.807543772954705,0.62030704414,0.59884495266,0.62030704414,0.59884495266,0.789,0.772,18.44,0.7892984,0.772114,18.44,23.3781,0.0,2.65,1.097,0.088,0.718,11.0
805,805,11_54,11_21,12814.81,70.3056,16.1363,0.006,188.2915,63.0,67.0,2111.0,607.0,2110.9056,607.8559,2110.9056,607.8559,141.93743567303449,27.80890246913026,1.564,1.333,70.61,0.01223,0.01001,65.04,2110.9056,607.8559,141.93743567303449,27.80890246913026,0.52795727078,0.61826956284,0.52795727078,0.61826956284,0.79,0.723,76.39,0.7898703,0.7227252,76.39,23.3969,0.0,2.43,1.174,0.148,0.982,11.0
806,806,11_55,11_20,1870.942,39.24856,18.2254,0.0228,188.8552,24.0,29.0,2187.0,605.0,2187.4081,605.4895,2187.4081,605.4895,141.91310264671375,27.80923974589942,1.262,1.107,58.88,0.03388,0.02861,50.9,2187.4081,605.4895,141.91310264671375,27.80923974589942,0.48982664178,0.53932548385,0.48982664178,0.53932548385,0.745,0.688,63.67,0.7452345,0.688315,63.67,23.4386,0.0,2.13,1.14,0.123,0.967,11.0
807,807,11_56,11_19,16495.71,76.66449,15.8621,0.005,188.483,64.0,74.0,2021.0,602.0,2021.131,602.091,2021.131,602.091,141.96595054666722,27.810902539271684,1.586,1.372,80.16,0.01053,0.00891,86.38,2021.131,602.091,141.96595054666722,27.810902539271684,0.53052440075,0.62017081198,0.53052440075,0.62017081198,0.792,0.723,74.83,0.7920116,0.7234728,74.83,23.3904,0.0,2.56,1.156,0.135,0.98,11.0
809,809,11_58,11_17,283.766,22.91812,20.2732,0.0877,188.093,8.0,11.0,2038.0,587.0,2037.5311,586.6567,2037.5311,586.6567,141.96066412566998,27.81517287426531,0.935,0.818,-17.45,0.0916,0.07949,-18.43,2037.5311,586.6567,141.96066412566998,27.81517287426531,0.86143185553,0.80371526239,0.86143185553,0.80371526239,0.939,0.885,-26.82,0.9387433,0.8853859,-26.82,23.3689,0.0,3.54,1.142,0.125,0.136,11.0
810,810,11_59,11_16,825.6606,31.61263,19.1136,0.0416,188.5811,17.0,20.0,2078.0,585.0,2078.3773,584.6518,2078.3773,584.6518,141.9476678682398,27.815564146003123,1.3,0.911,78.87,0.06241,0.04001,77.87,2078.3773,584.6518,141.9476678682398,27.815564146003123,0.5216882598,0.68064805587,0.5216882598,0.68064805587,0.827,0.72,81.68,0.827116,0.7198718,81.68,23.4069,3.0,3.08,1.426,0.299,0.947,11.0
811,811,11_60,11_16,3189.658,51.77211,17.6462,0.0176,188.6542,47.0,50.0,2081.0,578.0,2081.3807,578.3686,2081.3807,578.3686,141.94668332419695,27.817317851460118,1.646,1.446,-77.55,0.03432,0.02902,-76.31,2081.3807,578.3686,141.94668332419695,27.817317851460118,0.95128772432,1.0193261804,0.95128772432,1.0193261804,1.01,0.975,-87.3,1.009692,0.975262,-87.3,23.4134,2.0,2.94,1.138,0.122,0.037,11.0
812,812,11_61,11_15,175650.8,189.5425,13.2939,0.0012,189.5959,160.0,175.0,2250.0,568.0,2250.3018,568.5433,2250.3018,568.5433,141.8929288341962,27.819353356898844,1.747,1.509,73.79,0.00257,0.00228,69.39,2250.3018,568.5433,141.8929288341962,27.819353356898844,0.56030545892,0.6453372629,0.56030545892,0.6453372629,0.809,0.742,72.67,0.8090148,0.7423865,72.67,23.4787,0.0,2.55,1.158,0.136,0.992,11.0
813,813,11_62,11_14,593.8499,29.52912,19.4714,0.054,187.805,16.0,18.0,2437.0,570.0,2436.5854,570.6591,2436.5854,570.6591,141.8337147490395,27.81793154061385,1.212,0.973,64.38,0.07222,0.05677,67.37,2436.5854,570.6591,141.8337147490395,27.81793154061385,1.1478536761,1.229762683,1.1478536761,1.229762683,1.15,1.027,53.96,1.149735,1.027486,53.96,23.3703,0.0,3.29,1.246,0.197,0.441,11.0
814,814,11_63,11_72,424.3843,25.77205,19.8362,0.066,187.4514,14.0,14.0,2152.0,1002.0,2151.5232,1001.4611,2151.5232,1001.4611,141.92639773916449,27.698062065980068,1.118,0.85,42.56,0.0825,0.06138,44.85,2151.5232,1001.4611,141.92639773916449,27.698062065980068,1.3503525598,1.0964935271,1.3503525598,1.0964935271,1.178,1.03,19.47,1.177536,1.029687,19.47,23.4005,0.0,3.88,1.316,0.24,0.006,11.0
815,815,11_64,11_11,198.2801,18.29217,20.6624,0.1002,188.7829,7.0,7.0,2100.0,565.0,2099.9422,564.6869,2099.9422,564.6869,141.94071701520738,27.82108543677661,0.715,0.674,8.25,0.09268,0.08574,1.44,2099.9422,564.6869,141.94071701520738,27.82108543677661,0.43314490999,0.55834843128,0.43314490999,0.55834843128,0.748,0.657,85.17,0.7478282,0.6574544,85.17,23.4249,0.0,3.79,1.062,0.058,0.077,11.0
816,816,11_65,11_10,249.8853,19.64563,20.4112,0.0854,187.746,7.0,8.0,2126.0,559.0,2126.1576,558.8877,2126.1576,558.8877,141.9323541141877,27.82260402895216,0.805,0.665,47.85,0.08318,0.06596,45.1,2126.1576,558.8877,141.9323541141877,27.82260402895216,0.42183768928,0.472078364,0.42183768928,0.472078364,0.689,0.647,76.31,0.6893823,0.6470457,76.31,23.3557,0.0,2.08,1.211,0.174,0.557,11.0
818,818,11_67,11_8,1167.187,34.38866,18.7377,0.032,190.4818,21.0,23.0,2238.0,548.0,2238.1639,547.8591,2238.1639,547.8591,141.89668792794023,27.825221126063404,1.164,1.087,63.62,0.03934,0.03863,78.77,2238.1639,547.8591,141.89668792794023,27.825221126063404,0.54874476933,0.60495275475,0.54874476933,0.60495275475,0.787,0.731,65.55,0.7871443,0.7308224,65.55,23.5428,0.0,2.31,1.07,0.066,0.864,11.0
819,819,11_68,11_7,357.2332,22.86461,20.0232,0.0695,188.0951,10.0,11.0,2513.0,545.0,2513.5239,545.2524,2513.5239,545.2524,141.80912740671695,27.824723868734388,0.878,0.815,34.9,0.07623,0.06679,20.37,2513.5239,545.2524,141.80912740671695,27.824723868734388,0.44120808088,0.50608453368,0.44120808088,0.50608453368,0.712,0.664,-86.56,0.7115611,0.6640583,-86.56,23.4043,16.0,2.28,1.078,0.073,0.647,11.0
820,820,11_69,11_12,191.4106,20.11675,20.7007,0.1141,191.8707,7.0,9.0,2381.0,568.0,2380.8874,567.6617,2380.8874,567.6617,141.85140724295272,27.81902431914548,0.92,0.688,-67.35,0.09818,0.07084,-69.55,2380.8874,567.6617,141.85140724295272,27.81902431914548,0.90313761479,1.0428508039,0.90313761479,1.0428508039,1.03,0.941,-71.11,1.030231,0.9405384,-71.11,23.6956,0.0,2.85,1.336,0.252,0.002,11.0
821,821,11_70,11_5,1472.717,36.48929,18.4853,0.0269,189.7911,18.0,25.0,2244.0,541.0,2244.3976,540.9706,2244.3976,540.9706,141.89467253503148,27.8271304481779,1.182,1.082,44.09,0.03615,0.03178,13.22,2244.3976,540.9706,141.89467253503148,27.8271304481779,0.47231660501,0.5610874313,0.47231660501,0.5610874313,0.759,0.676,69.17,0.7590228,0.6762311,69.17,23.4787,0.0,2.35,1.092,0.084,0.974,11.0
822,822,11_71,11_4,428.7125,26.1034,19.8252,0.0661,189.2633,8.0,13.0,2290.0,516.0,2290.3624,516.2765,2290.3624,516.2765,141.8799372178755,27.83387098093396,0.969,0.834,52.8,0.06873,0.05854,46.52,2290.3624,516.2765,141.8799372178755,27.83387098093396,0.40012282443,0.50532671035,0.40012282443,0.50532671035,0.721,0.621,70.95,0.7208074,0.6211975,70.95,23.3462,0.0,2.21,1.162,0.139,0.788,11.0
823,823,11_72,11_71,151.6056,16.72709,20.9538,0.1198,187.427,5.0,6.0,2501.0,995.0,2501.1778,995.2173,2501.1778,995.2173,141.81531671900848,27.698277624098758,0.761,0.562,47.56,0.1116,0.0824,45.4,2501.1778,995.2173,141.81531671900848,27.698277624098758,0.72996613098,0.94086141693,0.72996613098,0.94086141693,0.996,0.824,66.08,0.9962485,0.8235997,66.08,23.3837,0.0,3.87,1.354,0.261,0.344,11.0
824,824,11_73,11_70,6787.92,56.36411,16.8262,0.009,187.5696,44.0,52.0,2019.0,992.0,2018.6685,991.8643,2018.6685,991.8643,141.9685507572589,27.70132159578748,1.498,1.268,79.28,0.01772,0.01434,84.09,2018.6685,991.8643,141.9685507572589,27.70132159578748,0.51810174902,0.60002404792,0.51810174902,0.60002404792,0.779,0.715,74.34,0.7791079,0.7149243,74.34,23.4354,0.0,2.45,1.181,0.153,0.996,11.0
825,825,12_1,12_7,635851.6,340.8853,11.8972,0.0006,188.4769,301.0,332.0,2826.0,563.0,2826.422,563.1662,2826.422,563.1662,141.70975662013154,27.8182141426804,1.969,1.689,77.27,0.00137,0.00123,74.52,2826.422,563.1662,141.70975662013154,27.8182141426804,0.9344214769,1.2754455604,0.9344214769,1.2754455604,1.13,0.966,85.61,1.130252,0.9656076,85.61,23.435,4.0,10.93,1.166,0.142,1.0,12.0
826,826,12_2,12_2,13255.4,69.62654,16.0996,0.0057,188.0753,57.0,65.0,2579.0,518.0,2578.7994,518.5936,2578.7994,518.5936,141.7882397450489,27.83191700841594,1.545,1.342,73.98,0.01107,0.00971,67.01,2578.7994,518.5936,141.7882397450489,27.83191700841594,0.52798952881,0.60281793443,0.52798952881,0.60281793443,0.783,0.72,71.44,0.7825149,0.7200541,71.44,23.4116,0.0,2.49,1.151,0.131,0.983,12.0
829,829,12_5,12_59,630.0439,23.58192,19.4071,0.0406,188.3779,8.0,11.0,2854.0,1013.0,2854.3847,1012.3245,2854.3847,1012.3245,141.7032498547451,27.69181182179073,0.951,0.686,8.49,0.04839,0.0354,15.87,2854.3847,1012.3245,141.7032498547451,27.69181182179073,0.36028409835,0.2438105309,0.36028409835,0.2438105309,0.601,0.493,4.16,0.6007513,0.4931455,4.16,23.4168,24.0,2.35,1.386,0.278,0.945,12.0
830,830,12_6,12_55,429.7249,26.20752,19.8226,0.0662,187.2877,13.0,15.0,2594.0,954.0,2594.1494,953.9484,2594.1494,953.9484,141.785581170371,27.709455059591814,1.193,0.873,-5.52,0.09092,0.0637,-7.94,2594.1494,953.9484,141.785581170371,27.709455059591814,1.4398940452,1.1771060295,1.4398940452,1.1771060295,1.201,1.083,6.4,1.201349,1.083403,6.4,23.3743,0.0,4.12,1.368,0.269,0.019,12.0
831,831,12_7,12_54,805.9413,30.09028,19.1398,0.0405,188.5046,16.0,19.0,2884.0,949.0,2884.3928,948.7567,2884.3928,948.7567,141.6933844071661,27.709537702679143,1.065,1.016,-87.08,0.05035,0.04644,-83.78,2884.3928,948.7567,141.6933844071661,27.709537702679143,0.4833213738,0.48525175526,0.4833213738,0.48525175526,0.704,0.688,47.6,0.7035238,0.688206,47.6,23.4346,0.0,2.2,1.049,0.046,0.945,12.0
832,832,12_8,12_53,4799.394,51.02519,17.2026,0.0115,187.5644,41.0,45.0,2708.0,945.0,2708.133,945.6904,2708.133,945.6904,141.7493394124362,27.711244754128412,1.431,1.266,58.13,0.02063,0.01797,38.04,2708.133,945.6904,141.7493394124362,27.711244754128412,0.51788657708,0.60322220791,0.51788657708,0.60322220791,0.783,0.713,71.91,0.7832125,0.7125215,71.91,23.3911,0.0,2.31,1.13,0.115,0.973,12.0
833,833,12_9,12_52,12418.83,66.98022,16.1704,0.0059,188.2453,56.0,60.0,2635.0,920.0,2635.1413,920.1333,2635.1413,920.1333,141.77238902833724,27.718772208176887,1.498,1.337,71.96,0.01086,0.00986,66.02,2635.1413,920.1333,141.77238902833724,27.718772208176887,0.54069030552,0.61954808882,0.54069030552,0.61954808882,0.792,0.731,74.1,0.7915251,0.7305658,74.1,23.4402,0.0,2.43,1.121,0.108,0.981,12.0
834,834,12_10,12_51,150.6339,15.06987,20.9608,0.1086,188.4469,4.0,5.0,2746.0,923.0,2745.7556,923.4139,2745.7556,923.4139,141.73727540417366,27.71732963155286,0.709,0.46,-18.92,0.10273,0.05975,-18.46,2745.7556,923.4139,141.73727540417366,27.71732963155286,0.30879502081,0.3310488019,0.30879502081,0.3310488019,0.583,0.548,-62.42,0.5825779,0.5481303,-62.42,23.4475,0.0,1.95,1.541,0.351,0.515,12.0
835,835,12_11,12_50,941.1257,31.17265,18.9715,0.036,188.7357,17.0,21.0,2989.0,917.0,2988.9981,917.2272,2988.9981,917.2272,141.66000121531047,27.717886751653925,1.088,1.057,8.32,0.04637,0.04361,17.11,2988.9981,917.2272,141.66000121531047,27.717886751653925,0.49449440976,0.50492231057,0.49449440976,0.50492231057,0.718,0.696,-54.96,0.7176441,0.6959912,-54.96,23.475,0.0,1.95,1.03,0.029,0.926,12.0
836,836,12_12,12_49,8374.151,61.79797,16.5982,0.008,188.8353,52.0,60.0,2834.0,910.0,2833.9517,910.043,2833.9517,910.043,141.709196363766,27.72066626415383,1.482,1.471,-34.2,0.01485,0.01445,14.52,2833.9517,910.043,141.709196363766,27.72066626415383,0.69775279777,0.69591951452,0.69775279777,0.69591951452,0.844,0.826,-43.28,0.8438745,0.8255594,-43.28,23.4542,0.0,2.74,1.008,0.008,0.927,12.0
837,837,12_13,12_48,2367.37,40.06335,17.9699,0.0184,188.4331,27.0,31.0,2981.0,910.0,2981.2274,910.1298,2981.2274,910.1298,141.66243021383207,27.7199206257688,1.294,1.126,71.92,0.02831,0.02527,68.61,2981.2274,910.1298,141.66243021383207,27.7199206257688,0.49465058876,0.56748144006,0.49465058876,0.56748144006,0.76,0.696,70.51,0.7602029,0.6958617,70.51,23.4482,0.0,2.22,1.149,0.129,0.94,12.0
838,838,12_14,12_47,411265.5,277.6028,12.3703,0.0007,189.3996,240.0,262.0,2865.0,900.0,2865.2508,900.0182,2865.2508,900.0182,141.699203714993,27.723332961284008,1.779,1.542,73.02,0.00167,0.00145,66.56,2865.2508,900.0182,141.699203714993,27.723332961284008,0.55858037362,0.65101726533,0.55858037362,0.65101726533,0.813,0.741,72.63,0.8130468,0.7406433,72.63,23.4982,6.0,3.22,1.154,0.133,0.999,12.0
839,839,12_15,12_47,403659.9,275.2181,12.3905,0.0007,189.2763,245.0,259.0,2849.0,892.0,2848.9142,892.3031,2848.9142,892.3031,141.70435083635073,27.72558119227334,1.782,1.553,74.21,0.00166,0.00149,72.58,2848.9142,892.3031,141.70435083635073,27.72558119227334,0.56402559883,0.64862715258,0.56402559883,0.64862715258,0.811,0.745,72.99,0.8107752,0.745182,72.99,23.492,6.0,4.17,1.147,0.128,0.997,12.0
840,840,12_16,12_46,12003.21,66.82425,16.2073,0.006,187.9953,55.0,62.0,2707.0,895.0,2706.6737,894.8968,2706.6737,894.8968,141.7495393041539,27.725532084923056,1.498,1.317,75.26,0.01142,0.01015,78.26,2706.6737,894.8968,141.7495393041539,27.725532084923056,0.51518695271,0.5938511651,0.51518695271,0.5938511651,0.776,0.712,73.17,0.7757416,0.712224,73.17,23.4273,0.0,2.45,1.137,0.121,0.99,12.0
843,843,12_19,12_43,469.6534,24.70061,19.7261,0.0571,187.8208,10.0,13.0,2756.0,865.0,2756.3084,865.2594,2756.3084,865.2594,141.73362013730252,27.733629005893757,0.964,0.836,45.53,0.06427,0.05445,45.81,2756.3084,865.2594,141.73362013730252,27.733629005893757,0.42394637239,0.42623448629,0.42394637239,0.42623448629,0.667,0.637,46.69,0.6667381,0.6368997,46.69,23.4092,0.0,2.16,1.153,0.132,0.833,12.0
844,844,12_20,12_42,2014.15,49.37859,18.1453,0.0266,188.0701,42.0,51.0,2654.0,860.0,2653.4995,860.1238000000001,2653.4995,860.1238000000001,141.76624942464875,27.73555803472411,2.222,1.301,-22.09,0.06544,0.03735,-21.1,2653.4995,860.1238000000001,141.76624942464875,27.73555803472411,2.2302828707,1.5711812148,2.2302828707,1.5711812148,1.547,1.186,-24.06,1.547409,1.186166,-24.06,23.4344,0.0,5.59,1.708,0.415,0.01,12.0
845,845,12_21,12_41,184.702,15.39573,20.7394,0.0905,187.6216,5.0,5.0,2632.0,846.0,2631.5974,846.2293999999999,2631.5974,846.2293999999999,141.77313541836344,27.739566548192244,0.714,0.46,-71.96,0.09168,0.05341,-71.62,2631.5974,846.2293999999999,141.77313541836344,27.739566548192244,0.35333012094,0.38556662624,0.35333012094,0.38556662624,0.623,0.592,-74.4,0.6231305,0.5921192,-74.4,23.4069,0.0,2.14,1.55,0.355,0.563,12.0
846,846,12_22,12_40,594.1342,27.38492,19.4709,0.0501,187.5884,14.0,16.0,2558.0,833.0,2557.5665,832.8272,2557.5665,832.8272,141.79658512169965,27.74367704833136,1.06,0.916,86.9,0.06334,0.05163,-89.03,2557.5665,832.8272,141.79658512169965,27.74367704833136,0.53516681358,0.54007954546,0.53516681358,0.54007954546,0.751,0.715,47.73,0.7506016,0.7154325,47.73,23.4166,0.0,2.69,1.157,0.136,0.894,12.0
847,847,12_23,12_39,120.8864,14.96354,21.1996,0.1344,188.0881,5.0,5.0,2870.0,830.0,2870.2232,829.432,2870.2232,829.432,141.69724969283033,27.743152547653946,0.747,0.452,19.82,0.12246,0.07096,18.62,2870.2232,829.432,141.69724969283033,27.743152547653946,1.5378182915,1.0508208696,1.5378182915,1.0508208696,1.269,0.989,19.91,1.269407,0.988557,19.91,23.4246,0.0,2.91,1.652,0.395,0.03,12.0
848,848,12_24,12_38,376.3756,22.59468,19.9665,0.0652,187.8934,9.0,11.0,2692.0,826.0,2691.8579,826.2694,2691.8579,826.2694,141.75388976077508,27.744895810922326,0.953,0.737,-81.27,0.0785,0.05596,-75.85,2691.8579,826.2694,141.75388976077508,27.744895810922326,0.40822542837,0.45554033298,0.40822542837,0.45554033298,0.68,0.633,70.34,0.680044,0.6334871,70.34,23.4284,0.0,2.31,1.294,0.227,0.744,12.0
849,849,12_25,12_37,29002.9,94.6918,15.2495,0.0035,188.0763,93.0,104.0,2935.0,813.0,2934.7469,814.4178999999999,2934.7469,814.4178999999999,141.67667598355823,27.747057208703524,2.223,1.395,80.16,0.00969,0.00635,79.89,2934.7469,814.4178999999999,141.67667598355823,27.747057208703524,0.72087647979,0.96327333965,0.72087647979,0.96327333965,0.99,0.839,75.77,0.9899203,0.8391708,75.77,23.4196,0.0,4.78,1.594,0.372,0.904,12.0
850,850,12_26,12_36,396.8756,23.41471,19.9089,0.0641,188.094,11.0,12.0,3002.0,815.0,3002.4923,815.4757999999999,3002.4923,815.4757999999999,141.65516594801755,27.746423704139595,0.897,0.866,55.22,0.06552,0.06531,56.79,3002.4923,815.4757999999999,141.65516594801755,27.746423704139595,0.4978657302,0.51330349901,0.4978657302,0.51330349901,0.745,0.676,49.51,0.7448829,0.6755136,49.51,23.4336,0.0,2.38,1.036,0.034,0.639,12.0
851,851,12_27,12_35,164.3814,15.2958,20.8659,0.1011,187.5281,5.0,5.0,2651.0,812.0,2650.5885,811.7906,2650.5885,811.7906,141.76692543854452,27.749160013106064,0.713,0.458,70.86,0.1068,0.06216,71.51,2650.5885,811.7906,141.76692543854452,27.749160013106064,0.34101841252,0.31935733759,0.34101841252,0.31935733759,0.586,0.563,17.56,0.5860283,0.5629801,17.56,23.399,0.0,2.1,1.555,0.357,0.519,12.0
852,852,12_28,12_34,17612.26,76.83483,15.791,0.0047,187.6032,70.0,75.0,2965.0,807.0,2965.0417,807.0969,2965.0417,807.0969,141.6670148307649,27.748965469533022,1.574,1.374,73.06,0.0096,0.00849,71.77,2965.0417,807.0969,141.6670148307649,27.748965469533022,0.53362561031,0.62684989885,0.53362561031,0.62684989885,0.797,0.724,73.57,0.7973256,0.7243945,73.57,23.3977,0.0,2.41,1.145,0.127,0.982,12.0
853,853,12_29,12_33,4130.507,47.28485,17.3656,0.0124,188.1745,34.0,38.0,2671.0,803.0,2671.5369,803.0988,2671.5369,803.0988,141.76022556541938,27.75150543071087,1.364,1.187,70.95,0.0207,0.01733,71.99,2671.5369,803.0988,141.76022556541938,27.75150543071087,0.5263743043,0.58443578966,0.5263743043,0.58443578966,0.773,0.717,67.21,0.7725817,0.7168875,67.21,23.4445,0.0,2.37,1.149,0.13,0.983,12.0
854,854,12_30,12_32,178.2129,16.58534,20.7782,0.1011,188.3036,5.0,6.0,2931.0,799.0,2931.4889,798.9748999999999,2931.4889,798.9748999999999,141.67762801541716,27.75141452948391,0.787,0.498,85.74,0.09175,0.05635,89.63,2931.4889,798.9748999999999,141.67762801541716,27.75141452948391,0.55392454696,0.75817854327,0.55392454696,0.75817854327,0.908,0.698,63.57,0.9084196,0.6977656,63.57,23.4423,0.0,3.17,1.581,0.367,0.689,12.0
855,855,12_31,12_31,188.3064,18.69538,20.7184,0.1078,187.9265,6.0,8.0,2762.0,794.0,2762.1695,794.8156,2762.1695,794.8156,141.73139012592756,27.75340501758977,0.813,0.684,45.09,0.10293,0.08215,45.16,2762.1695,794.8156,141.73139012592756,27.75340501758977,0.86926097222,0.94383348956,0.86926097222,0.94383348956,0.972,0.932,-84.31,0.9718958,0.9319406,-84.31,23.4389,0.0,4.42,1.188,0.158,0.036,12.0
856,856,12_32,12_30,182.9563,17.66766,20.7497,0.1049,188.1319,6.0,7.0,2850.0,788.0,2850.2754,787.9843000000001,2850.2754,787.9843000000001,141.70336600965354,27.75490134223211,0.737,0.661,-85.13,0.0879,0.08119,-89.62,2850.2754,787.9843000000001,141.70336600965354,27.75490134223211,0.51167363868,0.67601984466,0.51167363868,0.67601984466,0.825,0.712,-81.15,0.8246821,0.7124556,-81.15,23.4422,0.0,2.18,1.115,0.103,0.574,12.0
857,857,12_33,12_29,179.6827,17.59649,20.7693,0.1064,187.9368,7.0,7.0,2722.0,775.0,2721.9908,774.6871,2721.9908,774.6871,141.74404943422715,27.75925480543254,0.714,0.678,-5.69,0.0941,0.08732,-0.1,2721.9908,774.6871,141.74404943422715,27.75925480543254,0.39862250868,0.5168190409,0.39862250868,0.5168190409,0.721,0.629,-80.95,0.7210379,0.6289243,-80.95,23.4426,0.0,2.07,1.054,0.051,0.465,12.0
858,858,12_34,12_28,856.6959,28.8919,19.0735,0.0366,188.0726,14.0,17.0,2684.0,760.0,2683.5772,760.3801000000001,2683.5772,760.3801000000001,141.75617964904774,27.7634583517712,1.034,0.949,89.05,0.04386,0.03866,-79.78,2683.5772,760.3801000000001,141.75617964904774,27.7634583517712,0.41618662825,0.46866593241,0.41618662825,0.46866593241,0.687,0.642,75.79,0.6872125,0.6423329,75.79,23.4416,0.0,2.03,1.09,0.082,0.975,12.0
859,859,12_35,12_27,1404.632,34.92615,18.5367,0.027,188.395,22.0,24.0,2643.0,745.0,2642.5942,745.3021,2642.5942,745.3021,141.76912348206668,27.76788943152604,1.186,1.062,-87.7,0.03708,0.033,-80.9,2642.5942,745.3021,141.76912348206668,27.76788943152604,0.49115304696,0.53155637645,0.49115304696,0.53155637645,0.734,0.696,69.54,0.7335445,0.6961479,69.54,23.4592,0.0,2.17,1.117,0.105,0.942,12.0
860,860,12_36,12_26,325.3897,21.31896,20.1246,0.0712,188.1903,9.0,10.0,2928.0,738.0,2927.9762,738.1685,2927.9762,738.1685,141.67841812669803,27.768525135564943,0.889,0.748,86.95,0.07475,0.05943,89.69,2927.9762,738.1685,141.67841812669803,27.768525135564943,0.60935406999,0.6539549957,0.60935406999,0.6539549957,0.815,0.774,67.04,0.8146877,0.7743339,67.04,23.4555,0.0,2.42,1.187,0.158,0.411,12.0
861,861,12_37,12_25,217.9069,16.7994,20.5599,0.0837,187.6513,6.0,6.0,2605.0,738.0,2604.9408,737.5086,2604.9408,737.5086,141.78104783148797,27.770255794783694,0.763,0.5,-0.34,0.08372,0.05146,-0.09,2604.9408,737.5086,141.78104783148797,27.770255794783694,0.33202952368,0.34292150997,0.33202952368,0.34292150997,0.586,0.575,-74.6,0.5863575,0.5754441,-74.6,23.4115,0.0,1.7,1.526,0.345,0.61,12.0
862,862,12_38,12_24,288.1065,20.1356,20.2567,0.0759,187.8385,7.0,9.0,2755.0,720.0,2755.0802,719.9101,2755.0802,719.9101,141.7332509212439,27.77449639615417,0.782,0.761,-40.37,0.06993,0.06909,-46.81,2755.0802,719.9101,141.7332509212439,27.77449639615417,0.6051945476,0.60277912472,0.6051945476,0.60277912472,0.789,0.766,-43.07,0.7886316,0.7655285,-43.07,23.4358,0.0,2.6,1.027,0.026,0.578,12.0
863,863,12_39,12_23,1806.314,37.32787,18.2636,0.0224,187.2788,27.0,28.0,2854.0,702.0,2853.9342,702.4759,2853.9342,702.4759,141.7017506952127,27.77892106646493,1.268,1.104,82.29,0.0348,0.02914,88.39,2853.9342,702.4759,141.7017506952127,27.77892106646493,0.50500850134,0.57306839742,0.50500850134,0.57306839742,0.764,0.703,69.61,0.7641888,0.7029171,69.61,23.4,0.0,2.09,1.149,0.13,0.968,12.0
864,864,12_40,12_22,464.8723,26.78689,19.7372,0.0626,187.8811,12.0,16.0,2996.0,695.0,2995.7441,694.8379,2995.7441,694.8379,141.65665694315186,27.780369024310083,1.142,0.906,-87.65,0.08211,0.06279,-85.42,2995.7441,694.8379,141.65665694315186,27.780369024310083,0.66415876281,0.7791263289,0.66415876281,0.7791263289,0.884,0.813,81.28,0.8842489,0.8132582,81.28,23.4378,0.0,3.34,1.261,0.207,0.103,12.0
865,865,12_41,12_21,181.4091,17.61717,20.7589,0.1055,188.2089,6.0,7.0,2770.0,688.0,2770.0392,687.9946,2770.0392,687.9946,141.7283308959137,27.783396750916587,0.888,0.531,45.11,0.11905,0.06898,44.94,2770.0392,687.9946,141.7283308959137,27.783396750916587,0.61730843194,0.64602232222,0.61730843194,0.64602232222,0.878,0.702,47.98,0.8775236,0.7023411,47.98,23.4537,0.0,4.06,1.674,0.403,0.424,12.0
866,866,12_42,12_20,594.8658,27.44655,19.4695,0.0501,188.4313,13.0,16.0,2674.0,684.0,2674.4289,683.912,2674.4289,683.912,141.75869145802844,27.784998262966603,1.039,0.915,84.81,0.05986,0.04923,89.01,2674.4289,683.912,141.75869145802844,27.784998262966603,0.45901105939,0.50623119034,0.45901105939,0.50623119034,0.713,0.676,77.01,0.7133634,0.6755404,77.01,23.4647,0.0,2.38,1.136,0.12,0.855,12.0
867,867,12_43,12_19,1436.652,34.66311,18.5122,0.0262,188.6241,18.0,24.0,2775.0,660.0,2775.2018,660.4747,2775.2018,660.4747,141.72654628108015,27.7911080793133,1.163,1.047,-78.87,0.03745,0.03055,-70.83,2775.2018,660.4747,141.72654628108015,27.7911080793133,0.4880648378,0.52203090262,0.4880648378,0.52203090262,0.729,0.691,64.53,0.7293805,0.6914477,64.53,23.4767,0.0,2.1,1.111,0.1,0.976,12.0
868,868,12_44,12_18,369.364,23.35376,19.9869,0.0687,187.6409,9.0,12.0,2745.0,657.0,2744.805,657.5395,2744.805,657.5395,141.73619036078668,27.792078539600023,0.984,0.787,57.7,0.07985,0.06137,57.98,2744.805,657.5395,141.73619036078668,27.792078539600023,0.59537599424,0.5794405474,0.59537599424,0.5794405474,0.783,0.75,35.79,0.7826983,0.7497999,35.79,23.4101,0.0,2.34,1.249,0.2,0.704,12.0
869,869,12_45,12_17,1734.804,36.79615,18.3074,0.023,188.0825,22.0,27.0,2972.0,651.0,2971.9036,651.4698,2971.9036,651.4698,141.6639970080247,27.792678326828703,1.249,1.087,76.07,0.03443,0.02847,76.04,2971.9036,651.4698,141.6639970080247,27.792678326828703,0.5092401135,0.56418402267,0.5092401135,0.56418402267,0.752,0.712,79.96,0.7523057,0.7123625,79.96,23.4575,0.0,2.17,1.149,0.13,0.966,12.0
870,870,12_46,12_16,18982.36,77.85612,15.7097,0.0045,188.0748,70.0,74.0,2809.0,625.0,2809.3027,625.5166,2809.3027,625.5166,141.71552604508074,27.800770773192514,1.572,1.365,78.09,0.00903,0.00772,81.38,2809.3027,625.5166,141.71552604508074,27.800770773192514,0.5242832367,0.60679989295,0.5242832367,0.60679989295,0.784,0.718,73.23,0.7842473,0.7183587,73.23,23.4305,0.0,2.35,1.151,0.131,0.983,12.0
871,871,12_47,12_15,249392.2,220.4294,12.9134,0.001,188.0383,195.0,202.0,2624.0,622.0,2624.1296,622.0294,2624.1296,622.0294,141.77435867744165,27.802629991091443,1.801,1.517,75.97,0.00217,0.00182,76.45,2624.1296,622.0294,141.77435867744165,27.802629991091443,0.55656180072,0.65192186468,0.55656180072,0.65192186468,0.813,0.74,73.21,0.8133087,0.7396031,73.21,23.4308,0.0,2.71,1.187,0.157,1.0,12.0
872,872,12_48,12_14,171.7446,17.70695,20.8184,0.112,187.8672,7.0,7.0,2710.0,620.0,2710.0118,620.2868,2710.0118,620.2868,141.7470538312598,27.802715923491743,0.729,0.683,5.04,0.0928,0.08599,0.31,2710.0118,620.2868,141.7470538312598,27.802715923491743,0.80138563422,1.0685196,0.80138563422,1.0685196,1.045,0.882,74.04,1.045132,0.8818188,74.04,23.4205,0.0,2.26,1.067,0.063,0.168,12.0
873,873,12_49,12_13,166.1701,16.25258,20.8542,0.1062,187.9828,5.0,6.0,2963.0,607.0,2963.4914,606.9388,2963.4914,606.9388,141.66643010633382,27.80523721109485,0.786,0.499,86.87,0.10326,0.06326,89.72,2963.4914,606.9388,141.66643010633382,27.80523721109485,0.61280465003,0.82912582601,0.61280465003,0.82912582601,0.938,0.75,66.43,0.9380774,0.7496274,66.43,23.4514,0.0,2.98,1.576,0.366,0.171,12.0
874,874,12_50,12_12,1158.252,34.15462,18.7461,0.032,187.7498,18.0,24.0,2816.0,599.0,2816.2564,599.6749,2816.2564,599.6749,141.71318003137014,27.8080011526477,1.184,1.082,87.17,0.04476,0.04024,89.39,2816.2564,599.6749,141.71318003137014,27.8080011526477,0.47453029007,0.53395324613,0.47453029007,0.53395324613,0.731,0.689,88.15,0.7307633,0.6888168,88.15,23.4001,0.0,2.16,1.094,0.086,0.969,12.0
875,875,12_51,12_11,3509.785,45.58556,17.5424,0.0141,188.494,32.0,37.0,2850.0,595.0,2850.5702,595.6631,2850.5702,595.6631,141.7022537875885,27.80896231817014,1.365,1.18,74.68,0.02339,0.01955,81.72,2850.5702,595.6631,141.7022537875885,27.80896231817014,0.51760954752,0.58086000896,0.51760954752,0.58086000896,0.769,0.712,68.89,0.7693748,0.7117106,68.89,23.4448,0.0,2.32,1.157,0.135,1.0,12.0
876,876,12_52,12_10,123679.1,162.2614,13.6748,0.0014,188.494,138.0,153.0,2556.0,583.0,2555.7271,583.734,2555.7271,583.734,141.79590574274474,27.813712494417214,1.709,1.483,74.83,0.00309,0.00271,75.23,2555.7271,583.734,141.79590574274474,27.813712494417214,0.54565085989,0.62347049892,0.54565085989,0.62347049892,0.795,0.732,71.96,0.795424,0.7324084,71.96,23.4453,0.0,2.63,1.152,0.132,0.983,12.0
877,877,12_53,12_9,625.2965,29.58006,19.4154,0.0514,187.5481,16.0,19.0,2782.0,586.0,2781.8508,586.1689,2781.8508,586.1689,141.7240436929945,27.81196350034953,1.159,1.013,45.94,0.06767,0.05789,45.07,2781.8508,586.1689,141.7240436929945,27.81196350034953,0.93443581487,0.94281475101,0.93443581487,0.94281475101,1.0,0.936,46.95,1.00013,0.9364777,46.95,23.3887,0.0,2.96,1.144,0.126,0.129,12.0
878,878,12_54,12_58,1489.769,37.30581,18.4728,0.0272,188.5686,21.0,28.0,2796.0,987.0,2796.4813,987.2333,2796.4813,987.2333,141.72150176047035,27.69914502092093,1.259,1.096,65.35,0.04007,0.03437,59.71,2796.4813,987.2333,141.72150176047035,27.69914502092093,0.47382612526,0.53333608705,0.47382612526,0.53333608705,0.735,0.683,71.64,0.735325,0.6829783,71.64,23.4353,0.0,2.41,1.149,0.129,0.973,12.0
880,880,12_56,12_5,56081.22,117.6183,14.5335,0.0023,187.8192,106.0,117.0,2910.0,538.0,2909.8474,538.8604,2909.8474,538.8604,141.68311260964828,27.824638211250345,1.699,1.446,76.92,0.00504,0.00429,80.83,2909.8474,538.8604,141.68311260964828,27.824638211250345,0.54652905273,0.63968934288,0.54652905273,0.63968934288,0.806,0.733,72.99,0.8057966,0.7327417,72.99,23.4039,0.0,2.61,1.175,0.149,0.983,12.0
882,882,12_58,12_3,190.8324,17.96552,20.7039,0.1022,188.7762,6.0,7.0,2585.0,538.0,2585.0685,538.2972,2585.0685,538.2972,141.78634711274876,27.82634928785944,0.724,0.669,17.6,0.08521,0.07867,1.71,2585.0685,538.2972,141.78634711274876,27.82634928785944,0.55748162562,0.65487571514,0.55748162562,0.65487571514,0.839,0.713,59.87,0.8392368,0.7127685,59.87,23.4625,0.0,2.14,1.082,0.076,0.406,12.0
883,883,12_59,12_57,281.1267,21.37852,20.2833,0.0826,188.4659,10.0,10.0,2567.0,984.0,2567.2578,984.0381,2567.2578,984.0381,141.79427473855617,27.701118940783704,0.91,0.757,-1.04,0.08988,0.07129,0.27,2567.2578,984.0381,141.79427473855617,27.701118940783704,0.90488712407,0.86108576331,0.90488712407,0.86108576331,0.951,0.928,-5.51,0.9514716,0.9277256,-5.51,23.4374,0.0,4.46,1.203,0.169,0.026,12.0
900,900,13_17,13_49,360.172,21.51651,20.0143,0.0649,188.3714,10.0,10.0,3023.0,904.0,3023.0167,903.7802,3023.0167,903.7802,141.64912708767085,27.72149729183669,0.883,0.739,84.07,0.07016,0.05578,89.63,3023.0167,903.7802,141.64912708767085,27.72149729183669,0.46113974308,0.54132698365,0.46113974308,0.54132698365,0.75,0.663,65.17,0.7504438,0.6627977,65.17,23.4221,0.0,2.21,1.195,0.163,0.705,13.0
902,902,13_19,13_47,13937.47,73.0313,16.0451,0.0057,188.6575,69.0,76.0,3039.0,891.0,3039.1908,891.0047,3039.1908,891.0047,141.64392217902906,27.725007633599127,1.55,1.448,78.12,0.01159,0.01098,-68.61,3039.1908,891.0047,141.64392217902906,27.725007633599127,0.52928913337,0.6211346526,0.52928913337,0.6211346526,0.794,0.721,72.95,0.7941435,0.7209437,72.95,23.4353,0.0,2.52,1.07,0.065,0.971,13.0
910,910,13_27,13_39,661.8247,30.27611,19.3537,0.0497,188.4363,20.0,20.0,3069.0,821.0,3068.3824,821.4698000000001,3068.3824,821.4698000000001,141.6342737861236,27.74440762751165,1.706,0.844,-73.05,0.10097,0.05152,-71.71,3068.3824,821.4698000000001,141.6342737861236,27.74440762751165,0.54157281869,1.840901319,0.54157281869,1.840901319,1.409,0.629,-72.38,1.409484,0.6291505,-72.38,23.428,16.0,7.11,2.02,0.505,0.004,13.0
920,920,13_37,13_29,332.2747,24.01948,20.1018,0.0785,188.1923,10.0,13.0,3061.0,764.0,3061.4655,763.6446000000001,3061.4655,763.6446000000001,141.63615481933292,27.76069740287915,1.179,0.773,-38.22,0.10487,0.06989,-39.08,3061.4655,763.6446000000001,141.63615481933292,27.76069740287915,1.2505573177,1.206226019,1.2505573177,1.206226019,1.205,1.002,-42.15,1.204965,1.002419,-42.15,23.4307,0.0,5.69,1.524,0.344,0.001,13.0
925,925,13_42,13_24,388.7575,25.12687,19.9314,0.0702,187.9656,11.0,14.0,3044.0,721.0,3043.5515,720.7224,3043.5515,720.7224,141.6416108385067,27.772853099547177,0.988,0.941,8.55,0.0771,0.07526,1.71,3043.5515,720.7224,141.6416108385067,27.772853099547177,1.1971033767,0.99616059541,1.1971033767,0.99616059541,1.098,0.994,11.68,1.098214,0.9935744,11.68,23.4126,0.0,3.32,1.05,0.047,0.1,13.0
933,933,13_50,13_16,1504.92,34.40112,18.4618,0.0248,188.1643,18.0,23.0,3069.0,654.0,3069.3085,654.354,3069.3085,654.354,141.63306707260827,27.79137816469219,1.367,0.885,76.67,0.04367,0.02673,76.79,3069.3085,654.354,141.63306707260827,27.79137816469219,0.32620074878,0.55325117437,0.32620074878,0.55325117437,0.756,0.555,74.59,0.7562582,0.5545497,74.59,23.4225,24.0,3.25,1.545,0.353,0.979,13.0
941,941,13_58,13_8,1198.941,34.94402,18.7086,0.0317,188.3811,18.0,24.0,2560.0,586.0,2560.5936,585.0809,2560.5936,585.0809,141.794365617815,27.81331141947945,2.195,0.671,-89.98,0.08821,0.0272,89.06,2560.5936,585.0809,141.794365617815,27.81331141947945,0.53121854951,2.0428343438,0.53121854951,2.0428343438,1.43,0.728,-88.71,1.429546,0.7283214,-88.71,23.3977,24.0,6.28,3.27,0.694,0.494,13.0
947,947,14_1,14_2,2092.554,42.08931,18.1039,0.0218,187.4944,24.0,31.0,444.0,1019.0,444.4374,1019.2438,444.4374,1019.2438,142.46872873085,27.699313261709865,1.272,1.169,66.15,0.03274,0.03057,66.61,444.4374,1019.2438,142.46872873085,27.699313261709865,0.52591442322,0.56280723545,0.52591442322,0.56280723545,0.76,0.715,62.12,0.759699,0.7152476,62.12,23.3552,0.0,2.33,1.088,0.081,0.975,14.0
949,949,14_3,14_75,1126.998,33.23487,18.7758,0.032,187.5762,18.0,20.0,316.0,1497.0,315.6057,1497.6216,315.6057,1497.6216,142.5112468742976,27.565158174446672,1.167,0.986,71.08,0.04449,0.0371,69.58,315.6057,1497.6216,142.5112468742976,27.565158174446672,0.52023546902,0.55628484318,0.52023546902,0.55628484318,0.755,0.712,62.49,0.7547903,0.7119073,62.49,23.3568,0.0,2.57,1.183,0.155,0.886,14.0
950,950,14_4,14_77,995.4612,31.24262,18.9105,0.0341,187.8274,15.0,18.0,258.0,1513.0,257.5164,1512.6234,257.5164,1512.6234,142.52973063174784,27.56110681497721,1.069,0.939,81.08,0.04456,0.03629,89.61,257.5164,1512.6234,142.52973063174784,27.56110681497721,0.42078846915,0.46811400882,0.42078846915,0.46811400882,0.688,0.645,73.4,0.6875532,0.6451148,73.4,23.3672,24.0,2.19,1.139,0.122,0.997,14.0
951,951,14_5,14_74,190.0112,17.49443,20.7086,0.1,187.7004,6.0,6.0,352.0,1487.0,352.4921,1486.9846,352.4921,1486.9846,142.49950568858216,27.568041692636037,0.791,0.5,-88.41,0.09764,0.05993,-89.9,352.4921,1486.9846,142.49950568858216,27.568041692636037,0.62635618774,0.96616438403,0.62635618774,0.96616438403,0.987,0.786,-81.35,0.98702,0.7863282,-81.35,23.3665,0.0,3.71,1.584,0.369,0.235,14.0
952,952,14_6,14_73,310.5092,22.63139,20.1754,0.0792,188.3893,8.0,10.0,113.0,1484.0,112.6727,1483.8757,112.6727,1483.8757,142.57560794640312,27.56959783422973,0.883,0.792,61.99,0.08193,0.07438,59.91,112.6727,1483.8757,142.57560794640312,27.56959783422973,0.5303500011,0.61319245092,0.5303500011,0.61319245092,0.791,0.72,70.27,0.7908366,0.7198055,70.27,23.3843,0.0,2.3,1.115,0.103,0.702,14.0
953,953,14_7,14_72,594.3419,30.4051,19.4705,0.0556,187.6888,16.0,18.0,344.0,1481.0,344.293,1481.3094,344.293,1481.3094,142.50208870580607,27.569661994817444,1.16,1.043,-74.0,0.07381,0.06514,-78.75,344.293,1481.3094,142.50208870580607,27.569661994817444,1.0863029909,1.0908840145,1.0863029909,1.0908840145,1.068,1.018,-46.25,1.068222,1.017885,-46.25,23.3623,0.0,4.17,1.112,0.101,0.121,14.0
954,954,14_8,14_71,260.4599,21.41019,20.3662,0.0893,188.2445,8.0,9.0,202.0,1481.0,201.9303,1480.9737,201.9303,1480.9737,142.5472689316865,27.57016628991782,0.785,0.763,65.46,0.0807,0.08035,33.79,201.9303,1480.9737,142.5472689316865,27.57016628991782,0.48027368578,0.56477663391,0.48027368578,0.56477663391,0.752,0.692,84.04,0.752135,0.6923462,84.04,23.3555,0.0,2.24,1.028,0.027,0.602,14.0
955,955,14_9,14_70,1260.525,34.2338,18.6542,0.0295,187.7651,20.0,21.0,8.0,1476.0,7.9663,1476.6702,7.9663,1476.6702,142.6088215832672,27.571905556537526,1.131,1.006,42.05,0.04,0.03391,37.41,7.9663,1476.6702,142.6088215832672,27.571905556537526,0.45354427978,0.48045465423,0.45354427978,0.48045465423,0.698,0.669,66.77,0.6975192,0.6689289,66.77,23.357,0.0,1.89,1.124,0.11,0.973,14.0
959,959,14_13,14_66,62089.61,124.0426,14.423,0.0022,188.2172,107.0,114.0,133.0,1443.0,132.7562,1443.1343,132.7562,1443.1343,142.56910438483985,27.58100129234091,1.677,1.45,74.19,0.00474,0.00412,69.71,132.7562,1443.1343,142.56910438483985,27.58100129234091,0.51901535542,0.59227410521,0.51901535542,0.59227410521,0.774,0.716,74.38,0.7736191,0.7161027,74.38,23.3518,3.0,2.21,1.157,0.136,0.999,14.0
960,960,14_14,14_66,19030.31,79.88032,15.707,0.0046,188.1685,61.0,70.0,136.0,1435.0,136.2068,1435.1131,136.2068,1435.1131,142.567983631669,27.583247747844904,1.535,1.346,66.18,0.00882,0.00744,49.71,136.2068,1435.1131,142.567983631669,27.583247747844904,0.50064563745,0.58075122793,0.50064563745,0.58075122793,0.766,0.704,76.04,0.7655228,0.7038264,76.04,23.3448,3.0,1.95,1.14,0.123,0.983,14.0
961,961,14_15,14_64,716552.6,364.779,11.7675,0.0006,188.44,348.0,365.0,237.0,1422.0,234.3985,1422.303,234.3985,1422.303,142.53677352669152,27.586575530192366,3.088,1.865,-8.19,0.0018,0.00129,-7.38,234.3985,1422.303,142.53677352669152,27.586575530192366,3.3830708934,1.7770247817,3.3830708934,1.7770247817,1.852,1.315,-9.64,1.852242,1.315027,-9.64,23.3503,0.0,14.39,1.656,0.396,0.966,14.0
962,962,14_16,14_65,2265.976,42.50563,18.0174,0.0204,188.7472,23.0,31.0,49.0,1435.0,48.7759,1434.7631,48.7759,1434.7631,142.59573738403478,27.583583621817866,1.29,1.123,87.09,0.03208,0.02602,-85.63,48.7759,1434.7631,142.59573738403478,27.583583621817866,0.49475886805,0.56027360585,0.49475886805,0.56027360585,0.754,0.698,71.94,0.7537048,0.6978263,71.94,23.4083,0.0,2.39,1.148,0.129,0.999,14.0
963,963,14_17,14_62,70366.34,130.1625,14.2872,0.002,187.7248,112.0,120.0,49.0,1419.0,49.5507,1419.7455,49.5507,1419.7455,142.59544487062425,27.58780524153877,1.665,1.458,73.53,0.00434,0.00384,72.8,49.5507,1419.7455,142.59544487062425,27.58780524153877,0.52617406578,0.59799940216,0.52617406578,0.59799940216,0.778,0.72,73.09,0.7780206,0.7203175,73.09,23.3392,0.0,2.46,1.142,0.124,0.983,14.0
964,964,14_18,14_61,141.28,17.19344,21.0304,0.1322,188.3618,4.0,6.0,433.0,1412.0,433.0696,1411.5064,433.0696,1411.5064,142.47367785333108,27.589029606250644,0.786,0.5,0.91,0.11481,0.07024,0.11,433.0696,1411.5064,142.47367785333108,27.589029606250644,0.76437683968,0.72239450783,0.76437683968,0.72239450783,0.903,0.82,36.49,0.9028222,0.819563,36.49,23.4046,0.0,2.66,1.572,0.364,0.514,14.0
965,965,14_19,14_60,12140.08,72.33349,16.195,0.0065,189.4822,60.0,68.0,231.0,1405.0,230.8067,1405.1054,230.8067,1405.1054,142.537857820739,27.59142253875491,1.559,1.38,71.71,0.01301,0.01167,71.51,230.8067,1405.1054,142.537857820739,27.59142253875491,0.53614220413,0.60258702561,0.53614220413,0.60258702561,0.781,0.727,71.96,0.7813278,0.7268123,71.96,23.415,0.0,2.68,1.13,0.115,0.989,14.0
967,967,14_21,14_58,33299.07,98.33551,15.0995,0.0032,188.4551,82.0,91.0,315.0,1382.0,314.6246,1382.3316,314.6246,1382.3316,142.51117610290953,27.597586275810805,1.616,1.395,72.41,0.00684,0.0058,73.99,314.6246,1382.3316,142.51117610290953,27.597586275810805,0.53395734665,0.59251357262,0.53395734665,0.59251357262,0.776,0.724,69.19,0.7761452,0.7239265,69.19,23.3751,0.0,2.52,1.159,0.137,1.0,14.0
968,968,14_22,14_57,2033.289,45.40736,18.1351,0.0243,188.7133,31.0,36.0,185.0,1381.0,185.1584,1380.7386,185.1584,1380.7386,142.5522703832032,27.598404441469533,1.4,1.275,-5.39,0.03963,0.0352,-12.2,185.1584,1380.7386,142.5522703832032,27.598404441469533,0.79947803361,0.75146289211,0.79947803361,0.75146289211,0.896,0.865,15.36,0.8963233,0.8646071,15.36,23.3646,0.0,2.52,1.099,0.09,0.544,14.0
969,969,14_23,14_56,601.8687,27.74123,19.4568,0.0501,187.4374,10.0,14.0,153.0,1381.0,152.9682,1380.8167,152.9682,1380.8167,142.56249014325667,27.59847217888496,1.006,0.878,67.03,0.05945,0.05161,63.9,152.9682,1380.8167,142.56249014325667,27.59847217888496,0.53703010298,0.60830000938,0.53703010298,0.60830000938,0.785,0.728,72.67,0.7848472,0.727561,72.67,23.2878,0.0,2.5,1.146,0.127,0.919,14.0
970,970,14_24,14_55,418.0795,24.45485,19.8524,0.0635,188.4179,9.0,11.0,232.0,1377.0,231.7919,1377.1586,231.7919,1377.1586,142.537454338214,27.599279691588457,0.89,0.831,64.23,0.06512,0.06258,47.52,231.7919,1377.1586,142.537454338214,27.599279691588457,0.49688981824,0.58695346825,0.49688981824,0.58695346825,0.772,0.698,73.08,0.7720993,0.6983595,73.08,23.3459,0.0,3.13,1.07,0.066,0.582,14.0
971,971,14_25,14_54,1248.493,44.87358,18.6646,0.039,187.923,35.0,39.0,353.0,1370.0,353.2626,1370.2984,353.2626,1370.2984,142.4988707958555,27.60085725835636,2.391,1.11,87.16,0.09991,0.04738,87.5,353.2626,1370.2984,142.4988707958555,27.60085725835636,1.5392280679,3.179650791,1.5392280679,3.179650791,1.784,1.24,88.32,1.783553,1.240087,88.32,23.3596,0.0,9.22,2.153,0.536,0.0,14.0
973,973,14_27,14_52,94186.15,146.9504,13.9706,0.0017,188.761,124.0,133.0,178.0,1351.0,178.4682,1351.3686,178.4682,1351.3686,142.55430022831774,27.60668335044994,1.675,1.456,73.13,0.00367,0.00321,75.99,178.4682,1351.3686,142.55430022831774,27.60668335044994,0.51958670153,0.58575332949,0.51958670153,0.58575332949,0.771,0.715,71.8,0.770569,0.7152366,71.8,23.3703,0.0,2.68,1.15,0.131,1.0,14.0
974,974,14_28,14_51,199.3768,20.33303,20.6564,0.1108,188.9305,7.0,8.0,468.0,1343.0,467.9208,1342.8605,467.9208,1342.8605,142.4623804232561,27.60823033029894,0.838,0.662,-45.03,0.09642,0.07617,-44.82,467.9208,1342.8605,142.4623804232561,27.60823033029894,0.81483312908,0.94875473073,0.81483312908,0.94875473073,0.996,0.878,-63.55,0.9964049,0.8779323,-63.55,23.4177,0.0,2.49,1.267,0.21,0.087,14.0
975,975,14_29,14_50,3209.982,46.3549,17.6393,0.0157,187.5309,30.0,34.0,278.0,1338.0,278.4825,1338.4522,278.4825,1338.4522,142.52250501680908,27.610031958875627,1.302,1.177,68.14,0.02447,0.02191,64.19,278.4825,1338.4522,142.52250501680908,27.610031958875627,0.5094397144,0.55390575537,0.5094397144,0.55390575537,0.75,0.708,68.16,0.7499413,0.7077665,68.16,23.3062,0.0,2.17,1.107,0.096,0.966,14.0
976,976,14_30,14_49,11130.94,67.84476,16.2892,0.0066,187.925,55.0,60.0,75.0,1331.0,75.5757,1331.6668,75.5757,1331.6668,142.58690790461674,27.612507132975,1.506,1.308,73.87,0.01297,0.01092,78.05,75.5757,1331.6668,142.58690790461674,27.612507132975,0.48742330855,0.53136984445,0.48742330855,0.53136984445,0.734,0.693,68.74,0.7343087,0.69252,68.74,23.3496,0.0,2.32,1.151,0.131,0.999,14.0
977,977,14_31,14_48,154.8992,17.47222,20.9305,0.1225,188.3014,6.0,6.0,430.0,1334.0,430.4928,1333.9245,430.4928,1333.9245,142.47423136403694,27.610856920950045,0.792,0.5,89.68,0.11366,0.06947,89.91,430.4928,1333.9245,142.47423136403694,27.610856920950045,0.68877283113,0.87365728293,0.68877283113,0.87365728293,0.936,0.828,83.07,0.9361767,0.8282532,83.07,23.382,0.0,3.71,1.585,0.369,0.023,14.0
978,978,14_32,14_47,12656.8,71.69204,16.1498,0.0062,188.3072,56.0,64.0,486.0,1329.0,486.2944,1328.9894,486.2944,1328.9894,142.45649998494503,27.61207538742911,1.535,1.336,73.47,0.0122,0.01036,75.8,486.2944,1328.9894,142.45649998494503,27.61207538742911,0.52721775202,0.60403431801,0.52721775202,0.60403431801,0.782,0.721,74.04,0.7815834,0.7213733,74.04,23.3704,0.0,2.58,1.149,0.13,0.981,14.0
979,979,14_33,14_46,872.7452,35.73594,19.0534,0.0445,187.9179,23.0,24.0,346.0,1320.0,345.9898,1320.6027,345.9898,1320.6027,142.5010135500334,27.61485530215147,1.391,1.078,56.39,0.06889,0.05089,56.82,345.9898,1320.6027,142.5010135500334,27.61485530215147,1.099074672,1.1839168209,1.099074672,1.1839168209,1.117,1.018,56.83,1.11677,1.017751,56.83,23.344,0.0,3.49,1.291,0.225,0.009,14.0
981,981,14_35,14_44,583.1854,26.60291,19.4911,0.0495,188.2022,10.0,13.0,128.0,1310.0,127.5928,1310.3914,127.5928,1310.3914,142.57032362317452,27.61834897150531,0.931,0.856,-42.24,0.05365,0.04606,-44.81,127.5928,1310.3914,142.57032362317452,27.61834897150531,0.41432112267,0.37948256721,0.41432112267,0.37948256721,0.646,0.613,16.64,0.6463258,0.6132427,16.64,23.358,0.0,2.06,1.087,0.08,0.902,14.0
982,982,14_36,14_43,607.3951,29.23579,19.4469,0.0523,187.775,14.0,16.0,393.0,1303.0,393.409,1303.0757,393.409,1303.0757,142.48589980000398,27.61964411463779,1.124,0.899,85.82,0.06477,0.0529,-89.69,393.409,1303.0757,142.48589980000398,27.61964411463779,0.58340261659,0.80443892368,0.58340261659,0.80443892368,0.902,0.758,79.03,0.901699,0.7581428,79.03,23.3347,0.0,3.1,1.25,0.2,0.049,14.0
983,983,14_37,14_42,441.0395,26.25087,19.7944,0.0646,188.1225,11.0,13.0,439.0,1301.0,439.1425,1301.368,439.1425,1301.368,142.4713743157894,27.61998707240413,0.961,0.89,-27.52,0.07407,0.06739,-29.69,439.1425,1301.368,142.4713743157894,27.61998707240413,0.70232492673,0.60991740476,0.70232492673,0.60991740476,0.838,0.781,-1.49,0.8380858,0.7809319,-1.49,23.3584,0.0,2.95,1.08,0.074,0.103,14.0
984,984,14_38,14_41,15813.65,75.53085,15.908,0.0052,187.5444,64.0,68.0,110.0,1288.0,110.0796,1288.6911,110.0796,1288.6911,142.57581650378316,27.624500011668005,1.537,1.335,71.44,0.01043,0.00888,68.95,110.0796,1288.6911,142.57581650378316,27.624500011668005,0.50535311104,0.58390307604,0.50535311104,0.58390307604,0.767,0.707,76.25,0.7674024,0.707354,76.25,23.3324,0.0,2.29,1.152,0.132,0.983,14.0
985,985,14_39,14_40,3335.016,47.50311,17.5978,0.0155,188.1567,30.0,36.0,455.0,1287.0,455.4306,1287.8193,455.4306,1287.8193,142.4661567342103,27.62374818880545,1.377,1.173,71.34,0.02607,0.02107,72.81,455.4306,1287.8193,142.4661567342103,27.62374818880545,0.5152010833,0.56601398446,0.5152010833,0.56601398446,0.76,0.709,66.45,0.760221,0.7094216,66.45,23.3607,0.0,2.6,1.174,0.148,1.0,14.0
986,986,14_40,14_39,154.9111,15.96299,20.9304,0.1119,188.758,5.0,5.0,67.0,1282.0,66.7496,1282.4084,66.7496,1282.4084,142.58955720602123,27.62638450074174,0.733,0.458,-18.17,0.10701,0.06202,-18.36,66.7496,1282.4084,142.58955720602123,27.62638450074174,0.60116033118,0.54763008157,0.60116033118,0.54763008157,0.775,0.74,0.77,0.7753515,0.7400138,0.77,23.4243,0.0,3.41,1.601,0.375,0.229,14.0
987,987,14_41,14_38,521.4365,27.04441,19.6126,0.0563,187.3476,11.0,14.0,19.0,1279.0,19.2993,1279.4882,19.2993,1279.4882,142.6046178332746,27.627332457103943,0.951,0.915,88.4,0.0594,0.05806,89.93,19.2993,1279.4882,142.6046178332746,27.627332457103943,0.42903899941,0.48549122878,0.42903899941,0.48549122878,0.699,0.652,76.69,0.6991704,0.65245,76.69,23.339,0.0,2.16,1.04,0.038,0.802,14.0
988,988,14_42,14_37,460.6996,25.30273,19.747,0.0596,188.6303,12.0,12.0,170.0,1274.0,169.9399,1273.7795,169.9399,1273.7795,142.55675990878726,27.628528526401592,1.076,0.728,79.37,0.07588,0.04649,80.58,169.9399,1273.7795,142.55675990878726,27.628528526401592,0.57598044147,0.70555366111,0.57598044147,0.70555366111,0.849,0.749,71.87,0.8491837,0.7486128,71.87,23.3936,0.0,2.82,1.479,0.324,0.24,14.0
990,990,14_44,14_35,329.1451,22.72359,20.1121,0.075,187.9666,7.0,10.0,134.0,1258.0,133.7367,1258.4922,133.7367,1258.4922,142.56820832012886,27.632928259008537,0.917,0.691,87.76,0.0837,0.06147,89.8,133.7367,1258.4922,142.56820832012886,27.632928259008537,0.34625705872,0.40830197781,0.34625705872,0.40830197781,0.647,0.58,69.56,0.6467665,0.5798725,69.56,23.365,0.0,2.14,1.326,0.246,0.56,14.0
991,991,14_45,14_34,254.027,20.53811,20.3934,0.0878,187.654,8.0,8.0,471.0,1251.0,470.8304,1250.8548,470.8304,1250.8548,142.4611403368018,27.634097202975912,0.814,0.671,-45.13,0.08425,0.06695,-44.86,470.8304,1250.8548,142.4611403368018,27.634097202975912,0.6618947226,0.62093170935,0.6618947226,0.62093170935,0.818,0.783,-21.71,0.8182966,0.7830818,-21.71,23.3336,0.0,2.5,1.212,0.175,0.472,14.0
992,992,14_46,14_33,313.5522,24.88154,20.1648,0.0862,188.4203,6.0,12.0,429.0,1246.0,429.1395,1245.8428,429.1395,1245.8428,142.47436097911233,27.63563312556371,0.796,0.688,43.87,0.09035,0.07195,45.03,429.1395,1245.8428,142.47436097911233,27.63563312556371,0.7578726933,0.75099930472,0.7578726933,0.75099930472,0.891,0.846,-42.5,0.8909785,0.845594,-42.5,23.3732,0.0,2.14,1.157,0.136,0.599,14.0
993,993,14_47,14_32,1883.747,39.03687,18.218,0.0225,188.1907,24.0,26.0,233.0,1244.0,232.8785,1244.0227,232.8785,1244.0227,142.5366770230362,27.63672005367285,1.234,1.066,67.46,0.03322,0.02717,68.03,232.8785,1244.0227,142.5366770230362,27.63672005367285,0.48749454872,0.54172600055,0.48749454872,0.54172600055,0.742,0.691,68.86,0.7424678,0.6913481,68.86,23.3773,0.0,2.17,1.158,0.136,0.977,14.0
994,994,14_48,14_30,868.486,33.95244,19.0587,0.0425,187.4939,16.0,22.0,151.0,1236.0,151.0394,1236.4106,151.0394,1236.4106,142.56264310479207,27.63909066089745,1.351,0.975,-64.89,0.06617,0.04784,-59.38,151.0394,1236.4106,142.56264310479207,27.63909066089745,0.65238488325,0.88812183954,0.65238488325,0.88812183954,0.95,0.799,-76.83,0.9496153,0.7992105,-76.83,23.3442,0.0,3.97,1.385,0.278,0.231,14.0
995,995,14_49,14_29,6053.668,56.12728,16.9505,0.0101,187.4592,41.0,46.0,444.0,1226.0,444.0715,1226.8089,444.0715,1226.8089,142.4695546149447,27.64094106795132,1.405,1.261,77.92,0.01736,0.01597,82.6,444.0715,1226.8089,142.4695546149447,27.64094106795132,0.5070796141,0.58219100325,0.5070796141,0.58219100325,0.767,0.708,75.53,0.7665164,0.7083242,75.53,23.3176,0.0,2.28,1.114,0.102,0.98,14.0
996,996,14_50,14_28,1664.812,44.92412,18.3522,0.0293,187.733,33.0,37.0,477.0,1204.0,476.7161,1204.0668,476.7161,1204.0668,142.45911038177837,27.64723772277864,1.533,1.353,-69.24,0.05001,0.04394,-66.14,476.7161,1204.0668,142.45911038177837,27.64723772277864,1.2262928373,1.3762991028,1.2262928373,1.3762991028,1.18,1.1,-72.85,1.179871,1.100226,-72.85,23.3441,0.0,3.56,1.134,0.118,0.021,14.0
997,997,14_51,14_27,1460.176,37.80064,18.4946,0.0281,188.2473,20.0,26.0,39.0,1184.0,38.401,1184.2938,38.401,1184.2938,142.59825711536254,27.65405404583769,1.198,1.114,49.03,0.04044,0.03583,45.25,38.401,1184.2938,142.59825711536254,27.65405404583769,0.55598963699,0.55062221026,0.55598963699,0.55062221026,0.752,0.736,38.43,0.7517333,0.7358729,38.43,23.4024,0.0,2.16,1.076,0.07,0.903,14.0
998,998,14_52,14_26,21228.52,83.54892,15.5883,0.0043,187.725,68.0,76.0,306.0,1165.0,305.9876,1165.436,305.9876,1165.436,142.5132006205332,27.658611091689707,1.571,1.378,70.43,0.00892,0.00756,69.41,305.9876,1165.436,142.5132006205332,27.658611091689707,0.53261457378,0.59908183863,0.53261457378,0.59908183863,0.779,0.725,72.53,0.778708,0.7247829,72.53,23.3348,0.0,2.39,1.14,0.123,0.983,14.0
999,999,14_53,14_25,1604.219,40.27126,18.3924,0.0273,187.9631,27.0,29.0,377.0,1167.0,376.8168,1167.5941,376.8168,1167.5941,142.49071191251934,27.657795944978805,1.302,1.198,64.37,0.04079,0.03754,55.24,376.8168,1167.5941,142.49071191251934,27.657795944978805,0.71700486057,0.78570655765,0.71700486057,0.78570655765,0.888,0.845,78.49,0.8880743,0.8450062,78.49,23.3438,0.0,2.79,1.087,0.08,0.251,14.0
1000,1000,14_54,14_24,229.8902,18.82159,20.5018,0.0889,187.3782,2.0,7.0,199.0,1160.0,198.9789,1159.9858,198.9789,1159.9858,142.54717196840176,27.66045015289723,0.806,0.527,-44.32,0.09343,0.05449,-44.95,198.9789,1159.9858,142.54717196840176,27.66045015289723,0.090111797785,0.089438573623,0.090111797785,0.089438573623,0.301,0.299,-29.02,0.3006841,0.2985623,-29.02,23.3447,0.0,0.0,1.53,0.346,0.937,14.0
1001,1001,14_55,14_23,221.8989,20.19943,20.5402,0.0989,189.0142,8.0,8.0,286.0,1153.0,286.1641,1153.2621,286.1641,1153.2621,142.51945685171916,27.66209228804994,1.039,0.527,54.24,0.12185,0.05725,54.58,286.1641,1153.2621,142.51945685171916,27.66209228804994,0.70575158117,0.81904041291,0.70575158117,0.81904041291,0.932,0.81,61.0,0.9323627,0.8096246,61.0,23.4236,0.0,4.03,1.973,0.493,0.002,14.0
1002,1002,14_56,14_22,13935.53,71.62057,16.0453,0.0056,187.2187,57.0,63.0,33.0,1146.0,33.5517,1146.6086,33.5517,1146.6086,142.59968127393387,27.6646653318202,1.521,1.333,74.84,0.01091,0.00944,82.18,33.5517,1146.6086,142.59968127393387,27.6646653318202,0.50168540827,0.55363563012,0.50168540827,0.55363563012,0.751,0.7,67.24,0.7514904,0.7004164,67.24,23.3398,0.0,2.33,1.141,0.123,0.992,14.0
1003,1003,14_57,14_21,1294.976,34.5306,18.6249,0.029,188.2153,20.0,21.0,392.0,1147.0,392.2716,1147.0344,392.2716,1147.0344,142.48573406493512,27.66353198380531,1.111,1.043,82.42,0.03663,0.03448,73.35,392.2716,1147.0344,142.48573406493512,27.66353198380531,0.48875695918,0.51407616292,0.48875695918,0.51407616292,0.717,0.699,-86.35,0.7170633,0.6990374,-86.35,23.3651,0.0,2.13,1.065,0.061,0.969,14.0
1004,1004,14_58,14_20,154.8473,16.06197,20.9308,0.1126,188.6705,5.0,5.0,291.0,1147.0,291.39,1147.2462,291.39,1147.2462,142.51777712846834,27.663769025112483,0.733,0.457,72.62,0.10223,0.05937,71.76,291.39,1147.2462,142.51777712846834,27.663769025112483,0.52805328811,0.66612012817,0.52805328811,0.66612012817,0.816,0.727,88.78,0.8162004,0.7266294,88.78,23.3988,0.0,3.4,1.604,0.377,0.077,14.0
1005,1005,14_59,14_19,134.6887,15.92622,21.0822,0.1284,188.6567,5.0,5.0,276.0,1142.0,275.9819,1141.9795,275.9819,1141.9795,142.52265399147916,27.665294715081327,0.633,0.592,-89.58,0.09014,0.08971,85.12,275.9819,1141.9795,142.52265399147916,27.665294715081327,0.45429220067,0.63644937838,0.45429220067,0.63644937838,0.798,0.674,-88.79,0.7978286,0.6739519,-88.79,23.4033,0.0,2.24,1.069,0.065,0.49,14.0
1006,1006,14_60,14_18,183.997,18.75015,20.7435,0.1107,187.6603,6.0,7.0,155.0,1131.0,155.0371,1130.7014,155.0371,1130.7014,142.5610367887116,27.668808679255115,0.725,0.68,-2.58,0.0946,0.08757,-0.45,155.0371,1130.7014,142.5610367887116,27.668808679255115,0.58278649425,0.61816177379,0.58278649425,0.61816177379,0.791,0.759,67.84,0.7906945,0.7587823,67.84,23.3569,0.0,2.24,1.066,0.062,0.536,14.0
1007,1007,14_61,14_17,336.5995,20.64982,20.0878,0.0666,187.7137,7.0,8.0,462.0,1128.0,461.805,1127.8258,461.805,1127.8258,142.46358377583783,27.668724562281525,0.78,0.674,-49.3,0.06784,0.05443,-45.01,461.805,1127.8258,142.46358377583783,27.668724562281525,0.37356706514,0.41579930293,0.37356706514,0.41579930293,0.646,0.61,79.29,0.6460385,0.6099185,79.29,23.3502,0.0,2.56,1.157,0.136,0.652,14.0
1008,1008,14_62,14_16,1822.648,45.07438,18.2538,0.0269,188.1074,34.0,38.0,94.0,1116.0,93.7211,1115.7294,93.7211,1115.7294,142.58046914397426,27.67318769123392,1.487,1.381,44.04,0.04538,0.04194,31.36,93.7211,1115.7294,142.58046914397426,27.67318769123392,1.053371065,1.1316633529,1.053371065,1.1316633529,1.074,1.016,65.08,1.073876,1.015787,65.08,23.3941,0.0,3.15,1.076,0.071,0.073,14.0
1009,1009,14_63,14_15,223.0486,21.35221,20.5346,0.104,187.8557,8.0,9.0,337.0,1109.0,336.6659,1108.8624,336.6659,1108.8624,142.5032682969799,27.67443166401606,0.92,0.677,-21.48,0.11053,0.07967,-20.39,336.6659,1108.8624,142.5032682969799,27.67443166401606,0.8215736884,0.71861648,0.8215736884,0.71861648,0.927,0.825,-27.46,0.927173,0.8249488,-27.46,23.3446,0.0,3.32,1.36,0.265,0.081,14.0
1010,1010,14_64,14_14,1962.254,41.39673,18.1737,0.0229,187.4769,26.0,30.0,164.0,1099.0,163.667,1099.7476,163.667,1099.7476,142.55819643550876,27.67748983837406,1.319,1.105,66.41,0.03705,0.02939,64.09,163.667,1099.7476,142.55819643550876,27.67748983837406,0.51288001504,0.54774805915,0.51288001504,0.54774805915,0.747,0.709,64.21,0.7472434,0.7086998,64.21,23.3375,0.0,2.28,1.194,0.162,0.998,14.0
1011,1011,14_65,14_13,169.7593,16.07431,20.831,0.1028,187.6588,5.0,5.0,505.0,1088.0,505.3904,1088.2798,505.3904,1088.2798,142.4496032933897,27.67971264705863,0.718,0.459,72.63,0.10221,0.05937,71.96,505.3904,1088.2798,142.4496032933897,27.67971264705863,0.44156296489,0.52551335866,0.44156296489,0.52551335866,0.727,0.663,80.3,0.7266647,0.662597,80.3,23.3559,0.0,2.25,1.565,0.361,0.497,14.0
1012,1012,14_66,14_12,232.5107,20.25506,20.4895,0.0946,188.2578,7.0,8.0,334.0,1083.0,333.8034,1082.9054,333.8034,1082.9054,142.50409113988098,27.68173989239392,0.82,0.684,-49.94,0.08819,0.06985,-44.89,333.8034,1082.9054,142.50409113988098,27.68173989239392,0.95588718504,1.0033851321,0.95588718504,1.0033851321,1.014,0.965,59.52,1.01418,0.964734,59.52,23.3719,0.0,3.58,1.198,0.165,0.185,14.0
1013,1013,14_67,14_11,325.4456,22.79677,20.1244,0.0761,188.2545,7.0,10.0,226.0,1072.0,226.005,1072.1863,226.005,1072.1863,142.53830262971826,27.68506559020289,0.877,0.747,-87.87,0.07584,0.06031,-89.87,226.005,1072.1863,142.53830262971826,27.68506559020289,0.55710075867,0.58346805674,0.55710075867,0.58346805674,0.771,0.739,-61.2,0.7712901,0.7387019,-61.2,23.3777,0.0,2.21,1.174,0.148,0.677,14.0
1014,1014,14_68,14_10,547.9504,28.68158,19.5587,0.0568,187.4388,14.0,16.0,40.0,1070.0,40.0178,1070.4421,40.0178,1070.4421,142.59739144851605,27.686068440657795,1.05,0.95,5.71,0.07029,0.05795,0.12,40.0178,1070.4421,142.59739144851605,27.686068440657795,0.78020897961,0.83983182383,0.78020897961,0.83983182383,0.923,0.877,68.23,0.9225732,0.8768691,68.23,23.3524,0.0,2.72,1.106,0.096,0.054,14.0
1015,1015,14_69,14_9,795.6698,31.66562,19.1537,0.0432,188.1066,14.0,19.0,56.0,1064.0,55.8809,1064.0873,55.8809,1064.0873,142.59233108487112,27.68781314216772,1.098,0.963,57.09,0.0555,0.04763,46.08,55.8809,1064.0873,142.59233108487112,27.68781314216772,0.42491749001,0.50886070064,0.42491749001,0.50886070064,0.716,0.649,79.3,0.7155213,0.649467,79.3,23.3942,0.0,1.95,1.141,0.124,0.939,14.0
1017,1017,14_71,14_7,43703.29,110.3373,14.8043,0.0027,187.9579,100.0,110.0,287.0,1047.0,287.5648,1046.8206,287.5648,1046.8206,142.51866143023378,27.692022594556384,1.654,1.647,79.41,0.00611,0.00566,67.88,287.5648,1046.8206,142.51866143023378,27.692022594556384,0.8538548091,0.77041326146,0.8538548091,0.77041326146,0.932,0.87,-20.86,0.9316773,0.8696238,-20.86,23.3528,0.0,2.89,1.004,0.004,0.934,14.0
1019,1019,14_73,14_5,380.7261,22.75905,19.954,0.0649,187.4316,7.0,10.0,16.0,1049.0,15.9731,1048.7377,15.9731,1048.7377,142.60496526692364,27.692236183545383,0.859,0.739,82.96,0.06776,0.05391,89.36,15.9731,1048.7377,142.60496526692364,27.692236183545383,0.31634074023,0.34257759061,0.31634074023,0.34257759061,0.593,0.555,63.58,0.5926029,0.5547433,63.58,23.3555,0.0,1.92,1.163,0.14,0.74,14.0
1020,1020,14_74,14_4,16195.31,76.36922,15.8821,0.0051,187.9441,62.0,69.0,233.0,1036.0,233.3192,1036.3201,233.3192,1036.3201,142.5358622819997,27.695131280608177,1.546,1.357,79.62,0.01035,0.00889,83.93,233.3192,1036.3201,142.5358622819997,27.695131280608177,0.52813412349,0.6062936108,0.52813412349,0.6062936108,0.782,0.723,76.21,0.7818587,0.7232735,76.21,23.3523,0.0,2.56,1.139,0.122,0.983,14.0
1021,1021,14_75,14_3,2276.119,42.45031,18.0126,0.0203,187.1245,23.0,31.0,414.0,1030.0,414.4332,1029.9475,414.4332,1029.9475,142.47829772133872,27.69639361673481,1.293,1.13,62.98,0.03199,0.02706,59.39,414.4332,1029.9475,142.47829772133872,27.69639361673481,0.50627807426,0.58023337571,0.50627807426,0.58023337571,0.768,0.705,71.25,0.7680246,0.7047338,71.25,23.329,0.0,2.48,1.144,0.126,0.983,14.0
1022,1022,14_76,14_76,566.2598,27.86148,19.523,0.0534,188.2427,15.0,15.0,198.0,1500.0,198.586,1500.3108,198.586,1500.3108,142.54839264332384,27.564737098945272,1.049,0.933,49.13,0.06465,0.05643,45.95,198.586,1500.3108,142.54839264332384,27.564737098945272,0.78500094077,0.85989640181,0.78500094077,0.85989640181,0.942,0.87,62.46,0.9422753,0.8700658,62.46,23.3628,0.0,3.04,1.124,0.11,0.123,14.0
1023,1023,15_1,15_7,11408.42,69.91664,16.2625,0.0067,187.5694,55.0,67.0,698.0,1064.0,697.7674,1064.7171,697.7674,1064.7171,142.38841332565843,27.685732216884315,1.511,1.345,76.72,0.01267,0.01147,74.98,697.7674,1064.7171,142.38841332565843,27.685732216884315,0.53404785277,0.60608619141,0.53404785277,0.60608619141,0.781,0.728,76.3,0.7814329,0.7276652,76.3,23.3453,0.0,2.45,1.123,0.11,0.983,15.0
1024,1024,15_2,15_1,861.9766,31.08829,19.0668,0.0392,188.1618,17.0,18.0,575.0,1014.0,574.6599,1013.9804,574.6599,1013.9804,142.42733884409617,27.70039221097316,1.137,0.952,85.26,0.05213,0.04147,89.61,574.6599,1013.9804,142.42733884409617,27.70039221097316,0.59096612602,0.63582937258,0.59096612602,0.63582937258,0.802,0.763,68.57,0.8024982,0.7634082,68.57,23.3589,0.0,2.67,1.193,0.162,0.561,15.0
1025,1025,15_3,15_88,11985.22,70.09306,16.209,0.0064,187.8296,55.0,62.0,635.0,1503.0,635.3221,1503.0334,635.3221,1503.0334,142.4098141519499,27.562660987631205,1.522,1.32,70.82,0.01226,0.01046,66.39,635.3221,1503.0334,142.4098141519499,27.562660987631205,0.50724159832,0.59137764323,0.50724159832,0.59137764323,0.772,0.708,76.32,0.7724501,0.7084773,76.32,23.3364,0.0,2.44,1.153,0.132,0.982,15.0
1026,1026,15_4,15_92,258.3964,20.00363,20.3749,0.0841,187.8156,7.0,8.0,900.0,1515.0,899.5814,1514.5308,899.5814,1514.5308,142.3260133087621,27.558560511697426,1.007,0.498,1.55,0.11187,0.05037,0.23,899.5814,1514.5308,142.3260133087621,27.558560511697426,0.49729068136,0.25570009155,0.49729068136,0.25570009155,0.707,0.503,6.34,0.7073246,0.5026756,6.34,23.3726,24.0,2.32,2.021,0.505,0.486,15.0
1027,1027,15_5,15_91,22430.12,80.2995,15.5285,0.0039,187.6506,56.0,63.0,867.0,1511.0,867.0645999999999,1511.6338,867.0645999999999,1511.6338,142.33631878432655,27.559484783817627,1.44,1.332,66.26,0.00681,0.00641,24.29,867.0645999999999,1511.6338,142.33631878432655,27.559484783817627,0.49726981011,0.57288137504,0.49726981011,0.57288137504,0.759,0.703,79.02,0.7588404,0.7030736,79.02,23.3712,24.0,2.12,1.081,0.075,0.983,15.0
1028,1028,15_6,15_90,158.2263,17.16012,20.9074,0.1178,187.6197,6.0,6.0,781.0,1514.0,781.6107,1514.1671,781.6107,1514.1671,142.36343999865787,27.55905628283411,0.733,0.646,25.41,0.10733,0.09361,26.01,781.6107,1514.1671,142.36343999865787,27.55905628283411,0.81004884732,0.67090083546,0.81004884732,0.67090083546,0.906,0.813,-14.58,0.9056194,0.812898,-14.58,23.3731,24.0,4.07,1.135,0.119,0.01,15.0
1029,1029,15_7,15_87,3394.167,42.48036,17.5787,0.0136,189.5188,23.0,28.0,1012.0,1498.0,1011.7729,1498.1595,1011.7729,1498.1595,142.29035615629854,27.562781261041224,1.317,0.973,-87.44,0.02359,0.01648,-85.85,1011.7729,1498.1595,142.29035615629854,27.562781261041224,0.42984869399,0.5345135708,0.42984869399,0.5345135708,0.732,0.655,84.65,0.7317369,0.6549224,84.65,23.3718,24.0,2.28,1.353,0.261,0.981,15.0
1030,1030,15_8,15_86,185.6198,17.63393,20.734,0.1032,187.9846,6.0,6.0,580.0,1498.0,579.5221,1498.0413,579.5221,1498.0413,142.42750164786295,27.56424119370259,0.774,0.5,89.7,0.1007,0.06188,89.86,579.5221,1498.0413,142.42750164786295,27.56424119370259,0.49713856201,0.54879390442,0.49713856201,0.54879390442,0.744,0.702,74.51,0.7436998,0.7020278,74.51,23.3542,0.0,2.06,1.549,0.354,0.397,15.0
1031,1031,15_9,15_85,293.645,21.62617,20.236,0.08,188.8263,8.0,9.0,753.0,1488.0,753.6084,1488.1106,753.6084,1488.1106,142.37222874171317,27.566476576389658,0.87,0.689,23.5,0.08309,0.06017,20.35,753.6084,1488.1106,142.37222874171317,27.566476576389658,0.5172563399,0.57280493344,0.5172563399,0.57280493344,0.769,0.706,63.11,0.7694389,0.7057089,63.11,23.4208,0.0,2.45,1.262,0.208,0.319,15.0
1032,1032,15_10,15_84,1490.421,48.91528,18.4723,0.0356,188.0299,41.0,45.0,690.0,1477.0,690.0712,1476.8504,690.0712,1476.8504,142.3923481134072,27.569849760195343,1.848,1.559,35.34,0.06938,0.05854,34.65,690.0712,1476.8504,142.3923481134072,27.569849760195343,2.6110873952,2.4827705564,2.6110873952,2.4827705564,1.673,1.514,37.66,1.673377,1.514486,37.66,23.3519,0.0,5.77,1.185,0.156,0.0,15.0
1034,1034,15_12,15_82,651.1688,29.1421,19.3713,0.0486,187.9327,13.0,16.0,600.0,1474.0,599.9209,1474.1329,599.9209,1474.1329,142.42094431916718,27.57090133907993,1.044,0.92,61.79,0.06019,0.05295,60.17,599.9209,1474.1329,142.42094431916718,27.57090133907993,0.50025183215,0.52712765269,0.50025183215,0.52712765269,0.747,0.686,53.98,0.7465079,0.6856424,53.98,23.3603,0.0,2.45,1.135,0.119,0.857,15.0
1035,1035,15_13,15_81,577.0589,30.68007,19.5025,0.0577,188.0788,15.0,18.0,707.0,1464.0,707.3099,1463.943,707.3099,1463.943,142.3868312873179,27.573424310699583,1.204,0.969,89.28,0.07449,0.05894,89.84,707.3099,1463.943,142.3868312873179,27.573424310699583,0.94163123094,1.080265345,0.94163123094,1.080265345,1.04,0.969,83.37,1.040272,0.9693969,83.37,23.3614,0.0,3.45,1.242,0.195,0.03,15.0
1036,1036,15_14,15_80,38779.18,103.8999,14.9341,0.0029,189.1488,95.0,102.0,981.0,1450.0,980.9817,1450.629,980.9817,1450.629,142.29994230830795,27.576255356016983,1.64,1.427,75.98,0.00639,0.00559,78.56,980.9817,1450.629,142.29994230830795,27.576255356016983,0.53487089359,0.61245597472,0.53487089359,0.61245597472,0.786,0.727,75.1,0.786361,0.7272986,75.1,23.3893,0.0,2.38,1.149,0.13,0.984,15.0
1037,1037,15_15,15_79,576.5625,28.9108,19.5035,0.0545,188.306,13.0,16.0,718.0,1450.0,717.5646,1449.9791,717.5646,1449.9791,142.3835264935317,27.57731842884281,1.063,0.913,83.13,0.0656,0.05391,89.7,717.5646,1449.9791,142.3835264935317,27.57731842884281,0.51741186656,0.60140771591,0.51741186656,0.60140771591,0.785,0.708,68.43,0.7854713,0.7084168,68.43,23.3833,0.0,2.43,1.164,0.141,0.88,15.0
1038,1038,15_16,15_78,739.1119,29.6562,19.2338,0.0436,187.3148,15.0,17.0,859.0,1442.0,858.4671000000001,1441.7715,858.4671000000001,1441.7715,142.33878437921493,27.57916233274998,1.118,0.924,71.77,0.0574,0.04506,75.21,858.4671000000001,1441.7715,142.33878437921493,27.57916233274998,0.54483407645,0.60264084119,0.54483407645,0.60264084119,0.784,0.73,67.39,0.7840698,0.7298695,67.39,23.3389,0.0,2.63,1.211,0.174,0.801,15.0
1039,1039,15_17,15_77,129.6741,15.84463,21.1234,0.1327,187.9015,5.0,5.0,650.0,1436.0,649.6087,1436.2192,649.6087,1436.2192,142.405041637614,27.581406981659647,0.743,0.453,-72.11,0.12262,0.07106,-71.63,649.6087,1436.2192,142.405041637614,27.581406981659647,0.78968303098,0.96128287614,0.78968303098,0.96128287614,0.981,0.888,-86.9,0.9807076,0.8883572,-86.9,23.3622,0.0,3.38,1.639,0.39,0.025,15.0
1040,1040,15_18,15_76,240.7745,20.16,20.4515,0.0909,187.9008,7.0,8.0,688.0,1435.0,687.8669,1434.8243,687.8669,1434.8243,142.3928956332121,27.58167666196973,0.802,0.674,-44.68,0.09051,0.07195,-45.22,687.8669,1434.8243,142.3928956332121,27.58167666196973,0.55416332418,0.5530149502,0.55416332418,0.5530149502,0.744,0.744,-13.43,0.7444681,0.7436031,-13.43,23.3617,0.0,2.48,1.19,0.16,0.664,15.0
1041,1041,15_19,15_75,239.4951,20.14339,20.4573,0.0913,187.8851,7.0,8.0,683.0,1432.0,683.0616,1432.4583,683.0616,1432.4583,142.39441201414377,27.58235755961456,0.792,0.683,88.18,0.08841,0.07264,-89.53,683.0616,1432.4583,142.39441201414377,27.58235755961456,0.33993993737,0.42281147828,0.33993993737,0.42281147828,0.653,0.58,77.97,0.6532639,0.5796531,77.97,23.3615,0.0,2.18,1.16,0.138,0.534,15.0
1042,1042,15_20,15_74,686.6371,32.97966,19.3138,0.0522,187.914,19.0,21.0,775.0,1429.0,774.4995,1428.6628,774.4995,1428.6628,142.365381129757,27.58312771472925,1.531,0.919,71.48,0.08553,0.0507,73.83,774.4995,1428.6628,142.365381129757,27.58312771472925,1.33442761,1.8343754431,1.33442761,1.8343754431,1.375,1.13,72.2,1.375437,1.130034,72.2,23.3552,3.0,5.05,1.666,0.4,0.094,15.0
1043,1043,15_21,15_74,567.1498,30.48601,19.5213,0.0584,188.056,16.0,18.0,773.0,1423.0,773.3281,1422.8115,773.3281,1422.8115,142.36573131011184,27.584777224426748,1.27,0.912,65.2,0.08065,0.05747,65.66,773.3281,1422.8115,142.36573131011184,27.584777224426748,0.7488751727,0.87220260436,0.7488751727,0.87220260436,0.967,0.828,59.72,0.9674532,0.827715,59.72,23.3629,3.0,3.39,1.393,0.282,0.414,15.0
1045,1045,15_23,15_72,41070.25,104.7422,14.8718,0.0028,188.8653,90.0,97.0,964.0,1411.0,964.332,1411.7856,964.332,1411.7856,142.30507641579547,27.58723706526437,1.622,1.416,76.62,0.00598,0.00504,82.19,964.332,1411.7856,142.30507641579547,27.58723706526437,0.52396211904,0.5994177317,0.52396211904,0.5994177317,0.777,0.721,76.84,0.7770317,0.720834,76.84,23.3881,0.0,2.49,1.146,0.127,0.984,15.0
1046,1046,15_24,15_71,243.3254,20.01541,20.4401,0.0893,188.481,6.0,8.0,841.0,1412.0,840.8757,1412.1059,840.8757,1412.1059,142.34425567146386,27.587564486144675,0.806,0.665,47.13,0.09282,0.0736,45.16,840.8757,1412.1059,142.34425567146386,27.587564486144675,0.39464967341,0.46306756692,0.39464967341,0.46306756692,0.687,0.621,71.04,0.6871875,0.6208789,71.04,23.4047,0.0,3.04,1.213,0.175,0.335,15.0
1047,1047,15_25,15_70,364.7928,23.8752,20.0005,0.0711,188.6571,11.0,11.0,802.0,1412.0,801.9144,1411.6603,801.9144,1411.6603,142.35661833432474,27.58781922846275,1.006,0.733,73.54,0.0822,0.05815,74.83,801.9144,1411.6603,142.35661833432474,27.58781922846275,0.68626065595,0.79848251788,0.68626065595,0.79848251788,0.912,0.808,64.31,0.9122893,0.8077571,64.31,23.4021,0.0,3.31,1.373,0.272,0.123,15.0
1048,1048,15_26,15_69,1470.859,37.36052,18.4866,0.0276,188.3951,20.0,26.0,893.0,1409.0,892.8987,1409.4129,892.8987,1409.4129,142.32773623419158,27.58814731420064,1.201,1.095,89.44,0.03942,0.03343,89.3,892.8987,1409.4129,142.32773623419158,27.58814731420064,0.51388453359,0.5244919803,0.51388453359,0.5244919803,0.724,0.717,-83.35,0.7243192,0.7167554,-83.35,23.4037,0.0,2.15,1.097,0.088,0.971,15.0
1049,1049,15_27,15_68,217.7624,18.83749,20.5606,0.0939,188.8354,7.0,7.0,826.0,1410.0,826.5573999999999,1410.2323,826.5573999999999,1410.2323,142.3487925710654,27.588139121757845,0.972,0.478,80.76,0.11255,0.05182,81.57,826.5573999999999,1410.2323,142.3487925710654,27.588139121757845,0.56344740319,0.79175160598,0.56344740319,0.79175160598,0.928,0.703,64.33,0.9275215,0.7034934,64.33,23.4227,0.0,4.03,2.036,0.509,0.018,15.0
1050,1050,15_28,15_67,679.33,28.17664,19.3254,0.045,187.9797,13.0,15.0,600.0,1409.0,600.5614,1409.3761,600.5614,1409.3761,142.42051152786345,27.58911208184382,0.992,0.906,52.05,0.05204,0.04556,45.4,600.5614,1409.3761,142.42051152786345,27.58911208184382,0.41381226208,0.44781877962,0.41381226208,0.44781877962,0.67,0.642,80.03,0.6700015,0.6424399,80.03,23.3766,0.0,2.1,1.095,0.087,0.918,15.0
1053,1053,15_31,15_64,173.5529,17.39723,20.807,0.1089,187.7687,6.0,6.0,826.0,1374.0,825.5225,1374.0033,825.5225,1374.0033,142.348986064265,27.598331777850262,0.784,0.499,-88.16,0.10456,0.06427,-89.89,825.5225,1374.0033,142.348986064265,27.598331777850262,0.51964571872,0.71583549369,0.51964571872,0.71583549369,0.852,0.713,-77.16,0.8523954,0.7133746,-77.16,23.3509,0.0,2.45,1.57,0.363,0.524,15.0
1054,1054,15_32,15_63,1071.695,35.95269,18.8304,0.0364,187.0404,20.0,25.0,912.0,1371.0,912.1529,1371.3113,912.1529,1371.3113,142.32148146392575,27.598798047894597,1.331,1.095,50.0,0.05575,0.04675,56.28,912.1529,1371.3113,142.32148146392575,27.598798047894597,0.88139489942,0.87510119674,0.88139489942,0.87510119674,1.001,0.869,44.27,1.000782,0.8688682,44.27,23.3134,0.0,3.23,1.216,0.177,0.417,15.0
1055,1055,15_33,15_62,983.6558,26.78659,18.9235,0.0296,186.8225,3.0,12.0,797.0,1372.0,797.4796,1371.9941,797.4796,1371.9941,142.35787887591368,27.59898980250404,0.879,0.709,1.34,0.02938,0.02181,0.17,797.4796,1371.9941,142.35787887591368,27.59898980250404,0.31886014221,0.086410809432,0.31886014221,0.086410809432,0.565,0.294,0.03,0.5646771,0.2939571,0.03,23.2851,0.0,2.13,1.239,0.193,0.996,15.0
1056,1056,15_34,15_61,268.8263,19.20064,20.3319,0.0776,188.9191,5.0,7.0,1013.0,1365.0,1012.6291,1365.2332,1012.6291,1365.2332,142.28956954781916,27.600163256434325,0.954,0.476,84.42,0.10475,0.04874,82.02,1012.6291,1365.2332,142.28956954781916,27.600163256434325,0.14784436706,0.56622575498,0.14784436706,0.56622575498,0.753,0.383,-86.68,0.7534202,0.3826592,-86.68,23.3531,24.0,3.52,2.003,0.501,0.621,15.0
1058,1058,15_36,15_59,3205.665,47.55788,17.6408,0.0161,187.5104,32.0,38.0,566.0,1360.0,566.5219,1360.7278,566.5219,1360.7278,142.43114368748786,27.60290103456681,1.355,1.195,79.66,0.02693,0.02304,89.21,566.5219,1360.7278,142.43114368748786,27.60290103456681,0.49589817125,0.55494265175,0.49589817125,0.55494265175,0.751,0.698,70.61,0.7505253,0.6982497,70.61,23.3425,0.0,2.28,1.134,0.118,1.0,15.0
1059,1059,15_37,15_58,179.1845,17.26666,20.7723,0.1046,187.6152,5.0,6.0,860.0,1358.0,860.1687999999999,1358.1811,860.1687999999999,1358.1811,142.33793074638166,27.602666011452136,0.739,0.565,47.24,0.09543,0.07065,45.16,860.1687999999999,1358.1811,142.33793074638166,27.602666011452136,0.4566706159,0.54938852107,0.4566706159,0.54938852107,0.756,0.659,66.24,0.7560997,0.6590693,66.24,23.3498,0.0,2.18,1.309,0.236,0.524,15.0
1060,1060,15_38,15_57,572.0676,28.48503,19.512,0.0541,187.9898,13.0,16.0,857.0,1352.0,856.9291000000001,1352.2212,856.9291000000001,1352.2212,142.3389366469989,27.604353039304648,1.054,0.965,-78.12,0.06464,0.05956,-62.16,856.9291000000001,1352.2212,142.3389366469989,27.604353039304648,0.72294599884,0.85021636746,0.72294599884,0.85021636746,0.922,0.85,87.96,0.9221597,0.8501669,87.96,23.3733,0.0,2.71,1.092,0.085,0.651,15.0
1061,1061,15_39,15_56,436.6271,22.94569,19.8053,0.0571,187.1415,10.0,10.0,690.0,1347.0,690.0011,1347.1334,690.0011,1347.1334,142.39190127068753,27.606332445143263,0.875,0.744,-89.9,0.0612,0.04863,-89.98,690.0011,1347.1334,142.39190127068753,27.606332445143263,0.38935120796,0.43055932758,0.38935120796,0.43055932758,0.657,0.623,-83.1,0.6566367,0.6234892,-83.1,23.3175,0.0,1.95,1.176,0.15,0.775,15.0
1062,1062,15_40,15_55,304.5865,23.51293,20.1963,0.0838,187.7231,10.0,11.0,638.0,1338.0,637.7932000000001,1337.8342,637.7932000000001,1337.8342,142.40843959072242,27.60911494775941,0.906,0.854,-43.51,0.08438,0.0811,-44.7,637.7932000000001,1337.8342,142.40843959072242,27.60911494775941,1.0144695583,0.94502814975,1.0144695583,0.94502814975,1.029,0.949,-31.85,1.028636,0.9494243,-31.85,23.3521,0.0,3.22,1.061,0.058,0.093,15.0
1063,1063,15_41,15_54,440.2379,24.89748,19.7964,0.0614,187.8598,10.0,12.0,632.0,1336.0,631.5106000000001,1336.4465,631.5106000000001,1336.4465,142.41042889464052,27.609525201737103,0.893,0.869,85.98,0.06051,0.06029,-88.28,631.5106000000001,1336.4465,142.41042889464052,27.609525201737103,0.55302104894,0.61315900442,0.55302104894,0.61315900442,0.784,0.742,79.47,0.7844165,0.7422068,79.47,23.3615,0.0,2.44,1.028,0.027,0.907,15.0
1064,1064,15_42,15_53,1401.186,36.71043,18.5393,0.0285,187.8518,21.0,25.0,868.0,1335.0,867.6211000000001,1334.8443,867.6211000000001,1334.8443,142.3354777802226,27.609204298417417,1.181,1.103,32.66,0.0405,0.03559,12.04,867.6211000000001,1334.8443,142.3354777802226,27.609204298417417,0.53527686047,0.57362107561,0.53527686047,0.57362107561,0.764,0.724,64.91,0.7644501,0.7242333,64.91,23.365,0.0,2.31,1.071,0.066,0.961,15.0
1065,1065,15_43,15_52,1028.701,33.64883,18.8749,0.0355,187.8485,18.0,21.0,749.0,1327.0,748.7673,1326.6941,748.7673,1326.6941,142.37317348197985,27.61189014158919,1.114,1.057,76.6,0.04543,0.0424,70.88,748.7673,1326.6941,142.37317348197985,27.61189014158919,0.52686638923,0.52101878228,0.52686638923,0.52101878228,0.728,0.719,31.12,0.7281625,0.719489,31.12,23.3584,0.0,2.21,1.054,0.052,0.962,15.0
1066,1066,15_44,15_51,321.0044,23.44699,20.1393,0.0793,187.5719,11.0,11.0,573.0,1314.0,572.6366,1313.9448,572.6366,1313.9448,142.42903804597177,27.61603928541761,1.002,0.738,16.98,0.09094,0.06445,15.22,572.6366,1313.9448,142.42903804597177,27.61603928541761,0.86899985556,0.76419313323,0.86899985556,0.76419313323,0.942,0.863,21.3,0.9422189,0.8633751,21.3,23.3487,0.0,2.65,1.358,0.264,0.451,15.0
1067,1067,15_45,15_50,1437.747,46.62952,18.5114,0.0352,187.9959,38.0,42.0,670.0,1309.0,670.146,1309.5217,670.146,1309.5217,142.3980681485118,27.616974247705173,1.657,1.571,81.8,0.06374,0.05978,82.47,670.146,1309.5217,142.3980681485118,27.616974247705173,1.8396683221,1.877254384,1.8396683221,1.877254384,1.37,1.356,89.49,1.37013,1.356343,89.49,23.3649,0.0,5.3,1.055,0.052,0.001,15.0
1068,1068,15_46,15_49,23733.47,91.25524,15.4672,0.0042,187.3026,87.0,97.0,786.0,1284.0,785.5386,1285.6101,785.5386,1285.6101,142.36134981880625,27.623323926541595,2.398,1.422,-76.26,0.01141,0.00768,-78.32,785.5386,1285.6101,142.36134981880625,27.623323926541595,0.91010418081,1.5273781594,0.91010418081,1.5273781594,1.246,0.94,-78.62,1.246362,0.9402465,-78.62,23.3159,0.0,5.72,1.687,0.407,0.797,15.0
1069,1069,15_47,15_48,325.2899,23.5074,20.1249,0.0785,188.2238,9.0,11.0,739.0,1291.0,738.6736,1290.4563,738.6736,1290.4563,142.3762450301983,27.62211460296872,0.921,0.818,64.32,0.08326,0.0724,71.03,738.6736,1290.4563,142.3762450301983,27.62211460296872,0.71056968546,0.66972288345,0.71056968546,0.66972288345,0.857,0.804,31.12,0.8567283,0.8039336,31.12,23.3937,0.0,2.94,1.125,0.111,0.297,15.0
1070,1070,15_48,15_47,256.0168,20.05741,20.3849,0.0851,187.9975,8.0,8.0,881.0,1289.0,880.8547,1289.1504,880.8547,1289.1504,142.3311051777547,27.62201073430992,0.792,0.666,47.0,0.08175,0.065,45.14,880.8547,1289.1504,142.3311051777547,27.62201073430992,0.38439953802,0.47390503758,0.38439953802,0.47390503758,0.689,0.62,86.02,0.6887241,0.619648,86.02,23.3712,0.0,1.72,1.19,0.16,0.441,15.0
1071,1071,15_49,15_46,237.5327,22.16474,20.4663,0.1013,187.1924,6.0,10.0,711.0,1279.0,710.7686,1279.4731,710.7686,1279.4731,142.38506369188096,27.6252941748616,0.993,0.726,88.38,0.11247,0.08219,89.81,710.7686,1279.4731,142.38506369188096,27.6252941748616,1.0606356004,1.3728155001,1.0606356004,1.3728155001,1.172,1.03,-89.49,1.171683,1.02986,-89.49,23.3282,0.0,5.05,1.367,0.268,0.151,15.0
1072,1072,15_50,15_45,325.2713,25.49537,20.125,0.0851,188.2926,10.0,13.0,546.0,1278.0,546.3895,1278.7337,546.3895,1278.7337,142.43724703739437,27.626023948913424,1.165,0.821,12.98,0.10577,0.0749,13.08,546.3895,1278.7337,142.43724703739437,27.626023948913424,1.8427901062,1.2625695788,1.8427901062,1.2625695788,1.383,1.093,18.05,1.382639,1.092551,18.05,23.3831,0.0,4.39,1.418,0.295,0.001,15.0
1073,1073,15_51,15_44,1260.029,35.9916,18.6546,0.031,187.565,18.0,24.0,695.0,1275.0,695.0382999999999,1275.2935,695.0382999999999,1275.2935,142.39004238144653,27.62652048798429,1.152,1.083,82.16,0.04212,0.0391,89.32,695.0382999999999,1275.2935,142.39004238144653,27.62652048798429,0.47884015567,0.54398292379,0.47884015567,0.54398292379,0.739,0.69,79.61,0.7390878,0.6903422,79.61,23.3479,0.0,1.85,1.064,0.06,0.942,15.0
1074,1074,15_52,15_43,587.8625,27.44671,19.4824,0.0507,187.453,10.0,14.0,521.0,1274.0,521.4258,1274.1877,521.4258,1274.1877,142.44515682708703,27.62737983338416,0.936,0.917,22.69,0.0542,0.05312,10.77,521.4258,1274.1877,142.44515682708703,27.62737983338416,0.48810990407,0.51475980507,0.48810990407,0.51475980507,0.718,0.698,81.38,0.7179046,0.6981997,81.38,23.3154,0.0,2.49,1.02,0.02,0.79,15.0
1075,1075,15_53,15_42,138.3024,15.75388,21.0535,0.1237,188.545,5.0,5.0,737.0,1270.0,737.4084,1270.1866,737.4084,1270.1866,142.37657262146556,27.62781934041385,0.734,0.451,70.37,0.11644,0.06753,71.51,737.4084,1270.1866,142.37657262146556,27.62781934041385,0.56533398413,0.53408161735,0.56533398413,0.53408161735,0.775,0.706,36.16,0.7753544,0.705862,36.16,23.4152,0.0,2.27,1.627,0.385,0.574,15.0
1076,1076,15_54,15_41,273.5984,20.22924,20.3128,0.0803,188.2862,6.0,8.0,926.0,1260.0,925.9342,1259.542,925.9342,1259.542,142.31668247059514,27.630185175832107,0.78,0.678,84.95,0.07914,0.06513,-89.67,925.9342,1259.542,142.31668247059514,27.630185175832107,0.29472517529,0.41008883804,0.29472517529,0.41008883804,0.647,0.535,75.16,0.6471456,0.5348052,75.16,23.3837,0.0,2.11,1.151,0.131,0.7,15.0
1077,1077,15_55,15_40,398.0555,24.60956,19.9057,0.0671,189.311,10.0,12.0,744.0,1260.0,744.0106000000001,1259.6168,744.0106000000001,1259.6168,142.37443796077375,27.63077042634195,0.99,0.776,89.7,0.07529,0.05504,89.87,744.0106000000001,1259.6168,142.37443796077375,27.63077042634195,0.5874139405,0.62244486067,0.5874139405,0.62244486067,0.789,0.766,-82.84,0.7893078,0.7660626,-82.84,23.4663,0.0,2.37,1.275,0.216,0.493,15.0
1078,1078,15_56,15_39,232155.3,214.0258,12.9911,0.001,188.4717,175.0,186.0,749.0,1243.0,748.7996,1243.6845,748.7996,1243.6845,142.3728592172884,27.63523552437185,1.74,1.513,74.82,0.0022,0.00192,75.55,748.7996,1243.6845,142.3728592172884,27.63523552437185,0.55586453988,0.62917918864,0.55586453988,0.62917918864,0.796,0.742,75.9,0.7963126,0.7422465,75.9,23.4089,0.0,2.58,1.149,0.13,0.984,15.0
1079,1079,15_57,15_38,2096.608,41.59018,18.1018,0.0215,188.0225,24.0,31.0,698.0,1249.0,698.373,1249.4083,698.373,1249.4083,142.38888996313875,27.63378960575147,1.339,1.128,58.59,0.03418,0.02836,47.64,698.373,1249.4083,142.38888996313875,27.63378960575147,0.52791240114,0.59900849691,0.52791240114,0.59900849691,0.784,0.716,67.18,0.78377,0.7159787,67.18,23.3816,0.0,2.4,1.186,0.157,0.975,15.0
1080,1080,15_58,15_37,17698.67,78.74818,15.7857,0.0048,188.0125,68.0,74.0,825.0,1237.0,824.6748,1237.0413,824.6748,1237.0413,142.34874518314356,27.6368536839454,1.571,1.363,76.78,0.01003,0.00851,73.31,824.6748,1237.0413,142.34874518314356,27.6368536839454,0.53453484405,0.60870655485,0.53453484405,0.60870655485,0.784,0.727,75.25,0.7837265,0.7273336,75.25,23.3708,0.0,2.49,1.152,0.132,0.985,15.0
1081,1081,15_59,15_36,1155.165,34.36053,18.749,0.0323,187.5744,19.0,22.0,859.0,1222.0,859.0815,1221.7568,859.0815,1221.7568,142.3377641891551,27.64103734648303,1.116,1.078,-49.42,0.04323,0.03939,-47.02,859.0815,1221.7568,142.3377641891551,27.64103734648303,0.51855730222,0.53614440067,0.51855730222,0.53614440067,0.734,0.718,69.18,0.7342451,0.718043,69.18,23.341,0.0,2.37,1.036,0.034,0.916,15.0
1082,1082,15_60,15_35,294.6543,22.39031,20.2323,0.0825,188.0598,10.0,10.0,813.0,1204.0,812.8357,1203.5337,812.8357,1203.5337,142.35237953673422,27.64631646170836,0.957,0.73,-89.04,0.0918,0.0673,89.93,812.8357,1203.5337,142.35237953673422,27.64631646170836,0.86899072621,1.0262037462,0.86899072621,1.0262037462,1.016,0.929,79.88,1.015568,0.9294168,79.88,23.3715,0.0,3.47,1.309,0.236,0.004,15.0
1083,1083,15_61,15_34,297.8924,21.50613,20.2204,0.0784,187.9154,7.0,9.0,1005.0,1202.0,1005.1389,1202.5881,1005.1389,1202.5881,142.29131784695184,27.645930880022405,0.882,0.673,70.3,0.0836,0.06045,70.14,1005.1389,1202.5881,142.29131784695184,27.645930880022405,0.3446175931,0.4794420596,0.3446175931,0.4794420596,0.697,0.581,77.62,0.6973287,0.581199,77.62,23.3581,0.0,2.46,1.312,0.238,0.592,15.0
1084,1084,15_62,15_33,341.5473,21.57014,20.0719,0.0686,188.0024,9.0,9.0,841.0,1191.0,841.3330000000001,1190.9038,841.3330000000001,1190.9038,142.34328404085267,27.649773567719286,0.871,0.691,24.39,0.0753,0.05466,20.56,841.3330000000001,1190.9038,142.34328404085267,27.649773567719286,0.44450574648,0.48693551928,0.44450574648,0.48693551928,0.705,0.659,66.06,0.7052327,0.6588537,66.06,23.3617,0.0,2.38,1.26,0.206,0.599,15.0
1085,1085,15_63,15_32,381.9997,24.69296,19.9504,0.0702,188.1371,10.0,12.0,818.0,1181.0,817.7154,1180.8124,817.7154,1180.8124,142.3507456954809,27.65269021322164,0.956,0.851,20.55,0.0762,0.06644,20.43,817.7154,1180.8124,142.3507456954809,27.65269021322164,0.75965307369,0.75213561215,0.75965307369,0.75213561215,0.872,0.867,11.75,0.8717758,0.8670615,11.75,23.3714,0.0,3.11,1.124,0.11,0.122,15.0
1086,1086,15_64,15_31,1299.002,36.76377,18.6215,0.0307,187.8547,18.0,25.0,809.0,1176.0,809.3430000000001,1176.7202,809.3430000000001,1176.7202,142.35338903089706,27.653868839738628,1.155,1.017,62.52,0.04095,0.03559,52.63,809.3430000000001,1176.7202,142.35338903089706,27.653868839738628,0.5176488787,0.58170427411,0.5176488787,0.58170427411,0.764,0.718,80.39,0.7639328,0.7181642,80.39,23.3542,0.0,2.26,1.135,0.119,0.944,15.0
1088,1088,15_66,15_28,189.3142,17.43749,20.7126,0.1,187.115,5.0,6.0,943.0,1168.0,943.2387,1168.2291,943.2387,1168.2291,142.31084037527214,27.65580633677939,0.745,0.557,46.18,0.09364,0.06876,44.96,943.2387,1168.2291,142.31084037527214,27.65580633677939,0.61811328009,0.66503665295,0.61811328009,0.66503665295,0.83,0.771,59.93,0.8298731,0.7710127,59.93,23.3118,0.0,2.95,1.337,0.252,0.446,15.0
1089,1089,15_67,15_27,5081.883,52.74636,17.1405,0.0113,187.8891,37.0,44.0,700.0,1161.0,700.1278,1161.4105,700.1278,1161.4105,142.38801398391126,27.65853184710931,1.398,1.248,69.03,0.01948,0.0175,65.59,700.1278,1161.4105,142.38801398391126,27.65853184710931,0.51555072061,0.56441256097,0.51555072061,0.56441256097,0.755,0.714,72.28,0.7549604,0.7141414,72.28,23.374,0.0,2.22,1.12,0.107,0.972,15.0
1091,1091,15_69,15_25,7669.298,60.89211,16.6937,0.0086,187.8291,48.0,54.0,911.0,1144.0,911.3941,1144.3854,911.3941,1144.3854,142.32086176612503,27.662620186853648,1.458,1.334,69.75,0.01563,0.01476,55.76,911.3941,1144.3854,142.32086176612503,27.662620186853648,0.52898335777,0.58989719434,0.52898335777,0.58989719434,0.772,0.723,73.51,0.771849,0.723277,73.51,23.3539,0.0,2.48,1.094,0.086,0.977,15.0
1092,1092,15_70,15_24,140.7366,17.24168,21.0346,0.133,187.8436,5.0,6.0,844.0,1147.0,844.5096,1147.0182,844.5096,1147.0182,142.34211132263084,27.6621048876434,0.79,0.5,89.44,0.11917,0.07312,89.94,844.5096,1147.0182,142.34211132263084,27.6621048876434,0.85585264507,0.96579087455,0.85585264507,0.96579087455,0.994,0.913,67.82,0.9938312,0.9132048,67.82,23.3476,0.0,2.24,1.58,0.367,0.447,15.0
1093,1093,15_71,15_23,654.0009,27.99265,19.3666,0.0465,187.6179,12.0,15.0,657.0,1146.0,657.2614,1146.0176,657.2614,1146.0176,142.40157146321152,27.66299858941264,1.076,0.847,79.56,0.05906,0.04523,79.71,657.2614,1146.0176,142.40157146321152,27.66299858941264,0.43896546792,0.59642308217,0.43896546792,0.59642308217,0.774,0.661,83.19,0.7737597,0.660821,83.19,23.3543,0.0,2.34,1.271,0.213,0.875,15.0
1094,1094,15_72,15_22,7659.484,58.96725,16.6951,0.0084,187.9108,42.0,49.0,890.0,1134.0,890.0400999999999,1134.4263,890.0400999999999,1134.4263,142.32760527264253,27.665493186181724,1.432,1.265,76.94,0.01493,0.013,79.06,890.0400999999999,1134.4263,142.32760527264253,27.665493186181724,0.50645210069,0.57798074412,0.50645210069,0.57798074412,0.764,0.708,74.93,0.7639192,0.7077149,74.93,23.3566,0.0,2.25,1.132,0.117,0.979,15.0
1095,1095,15_73,15_21,362.5659,24.52017,20.0071,0.0734,186.9523,10.0,12.0,608.0,1135.0,608.3382,1134.7995,608.3382,1134.7995,142.4170686264819,27.666308967532544,1.025,0.815,-30.46,0.08855,0.06757,-31.97,608.3382,1134.7995,142.4170686264819,27.666308967532544,1.4176570821,1.2942115613,1.4176570821,1.2942115613,1.241,1.083,-35.19,1.240868,1.082643,-35.19,23.3188,0.0,4.35,1.257,0.205,0.029,15.0
1096,1096,15_74,15_20,172.9536,15.99183,20.8107,0.1004,187.8006,5.0,5.0,835.0,1125.0,834.5858000000001,1125.276,834.5858000000001,1125.276,142.34518159392275,27.66825250229874,0.719,0.464,-72.46,0.10131,0.05873,-71.73,834.5858000000001,1125.276,142.34518159392275,27.66825250229874,0.39262352366,0.56331983684,0.39262352366,0.56331983684,0.752,0.624,82.71,0.7524354,0.6243271,82.71,23.3501,0.0,3.4,1.55,0.355,0.191,15.0
1097,1097,15_75,15_19,9868.22,65.02081,16.42,0.0072,187.2002,51.0,58.0,612.0,1118.0,612.4777,1118.7996,612.4777,1118.7996,142.4156971006798,27.67079550396753,1.495,1.306,79.59,0.01379,0.01181,78.87,612.4777,1118.7996,142.4156971006798,27.67079550396753,0.50408088152,0.56851457563,0.50408088152,0.56851457563,0.757,0.707,75.14,0.7572257,0.7065442,75.14,23.3292,0.0,2.43,1.145,0.126,1.0,15.0
1099,1099,15_77,15_17,248.3429,19.8037,20.4179,0.0866,188.4892,7.0,8.0,972.0,1110.0,972.1587,1110.0938,972.1587,1110.0938,142.30143403414368,27.67205647121317,0.808,0.665,-50.72,0.08607,0.06818,-45.34,972.1587,1110.0938,142.30143403414368,27.67205647121317,0.42449146188,0.56793049194,0.42449146188,0.56793049194,0.756,0.649,-80.97,0.7560707,0.6486748,-80.97,23.4205,0.0,2.3,1.215,0.177,0.636,15.0
1100,1100,15_78,15_16,166858.6,184.5475,13.3497,0.0012,188.4427,151.0,164.0,982.0,1099.0,981.8113,1099.7892,981.8113,1099.7892,142.2983289161977,27.674921170591183,1.721,1.501,75.52,0.0026,0.00232,78.59,981.8113,1099.7892,142.2983289161977,27.674921170591183,0.5368661543,0.61241142798,0.5368661543,0.61241142798,0.786,0.729,75.09,0.7862411,0.7287679,75.09,23.4255,0.0,2.63,1.147,0.128,0.984,15.0
1101,1101,15_79,15_15,20211.36,81.76163,15.6416,0.0044,187.6223,69.0,74.0,566.0,1092.0,566.1454,1092.1564,566.1454,1092.1564,142.43031883163232,27.678433988506207,1.585,1.368,70.95,0.00895,0.00762,71.88,566.1454,1092.1564,142.43031883163232,27.678433988506207,0.55383590529,0.63609711352,0.55383590529,0.63609711352,0.802,0.74,74.64,0.8017562,0.7396756,74.64,23.3477,0.0,2.5,1.159,0.137,0.982,15.0
1103,1103,15_81,15_13,4443.494,51.54448,17.2863,0.0126,187.5538,36.0,43.0,719.0,1089.0,718.8769,1089.5678,718.8769,1089.5678,142.381798629235,27.678675256208308,1.405,1.24,68.52,0.02215,0.01908,60.32,718.8769,1089.5678,142.381798629235,27.678675256208308,0.52549839718,0.59510117798,0.52549839718,0.59510117798,0.774,0.722,75.9,0.774458,0.7216747,75.9,23.3484,0.0,2.29,1.133,0.117,0.987,15.0
1104,1104,15_82,15_12,2216.086,40.78083,18.0416,0.02,187.6516,24.0,29.0,841.0,1088.0,840.8954,1088.7011,840.8954,1088.7011,142.34304116696333,27.67851722301275,1.269,1.102,-89.88,0.03158,0.02519,-85.08,840.8954,1088.7011,142.34304116696333,27.67851722301275,0.49499151839,0.54937341709,0.49499151839,0.54937341709,0.742,0.702,80.49,0.7422566,0.7024387,80.49,23.3483,0.0,2.14,1.152,0.132,0.979,15.0
1105,1105,15_83,15_11,561515.7,322.7632,12.0322,0.0006,188.2174,284.0,302.0,782.0,1079.0,782.5745999999999,1078.6731,782.5745999999999,1078.6731,142.3615272780414,27.681530772809538,1.901,1.647,76.31,0.00149,0.00132,78.8,782.5745999999999,1078.6731,142.3615272780414,27.681530772809538,0.80510094512,1.0643429055,0.80510094512,1.0643429055,1.033,0.895,83.28,1.033435,0.8952407,83.28,23.3898,4.0,10.6,1.155,0.134,0.993,15.0
1106,1106,15_84,15_10,65766.75,126.5994,14.3606,0.0021,188.4287,115.0,121.0,916.0,1082.0,915.9159,1082.1909,915.9159,1082.1909,142.31918976933486,27.68009547116751,1.677,1.463,73.23,0.00464,0.00401,68.53,915.9159,1082.1909,142.31918976933486,27.68009547116751,0.5524031975,0.6347272903,0.5524031975,0.6347272903,0.8,0.74,76.48,0.7998622,0.7398317,76.48,23.4116,0.0,2.61,1.146,0.128,0.984,15.0
1108,1108,15_86,15_8,1008.237,34.64049,18.8967,0.0373,187.4983,21.0,23.0,742.0,1077.0,741.7615000000001,1077.2827,741.7615000000001,1077.2827,142.37448523158562,27.682055629526342,1.249,1.074,84.55,0.0552,0.04517,82.11,741.7615000000001,1077.2827,142.37448523158562,27.682055629526342,0.69069176566,0.75713079379,0.69069176566,0.75713079379,0.872,0.829,-77.72,0.8720291,0.8290886,-77.72,23.3441,0.0,2.54,1.163,0.14,0.635,15.0
1109,1109,15_87,15_89,802.8177,30.64962,19.144,0.0415,189.4878,15.0,18.0,1009.0,1509.0,1008.5633,1509.6307,1008.5633,1509.6307,142.29141887644417,27.559566089616155,1.094,0.947,85.84,0.05374,0.04373,-89.46,1008.5633,1509.6307,142.29141887644417,27.559566089616155,0.43675644718,0.44381981514,0.43675644718,0.44381981514,0.676,0.651,51.15,0.6759242,0.6509246,51.15,23.3704,16.0,2.56,1.155,0.134,0.945,15.0
1110,1110,15_88,15_5,23048.12,85.90563,15.499,0.004,187.9252,68.0,77.0,520.0,1054.0,519.6289,1054.022,519.6289,1054.022,142.44496133876686,27.68930288420189,1.593,1.383,71.08,0.00833,0.00696,65.44,519.6289,1054.022,142.44496133876686,27.68930288420189,0.55620435756,0.62510152101,0.55620435756,0.62510152101,0.794,0.743,75.76,0.7936266,0.7426053,75.76,23.3414,0.0,2.6,1.152,0.132,0.983,15.0
1111,1111,15_89,15_4,125.2933,15.76964,21.1608,0.1367,187.8461,4.0,5.0,616.0,1057.0,615.816,1056.6023,615.816,1056.6023,142.41441562184957,27.6882763866354,0.746,0.449,19.13,0.11627,0.0673,18.47,615.816,1056.6023,142.41441562184957,27.6882763866354,0.62119542568,0.59255574008,0.62119542568,0.59255574008,0.81,0.747,36.53,0.8099453,0.7468197,36.53,23.3558,0.0,3.4,1.663,0.399,0.507,15.0
1113,1113,15_91,15_6,1443.508,36.24414,18.507,0.0273,187.5356,21.0,23.0,541.0,1057.0,541.0232,1056.9604,541.0232,1056.9604,142.4381753702283,27.68841026201513,1.18,1.048,74.43,0.0371,0.03218,70.61,541.0232,1056.9604,142.4381753702283,27.68841026201513,0.48593835671,0.57618044863,0.48593835671,0.57618044863,0.759,0.697,86.82,0.7592499,0.696892,86.82,23.3231,0.0,2.16,1.126,0.112,0.98,15.0
1114,1114,16_1,16_4,3789.164,51.03616,17.4592,0.0146,187.3608,34.0,46.0,1223.0,1017.0,1223.5187,1017.7678,1223.5187,1017.7678,142.22123573208617,27.69713388018653,1.362,1.224,79.74,0.02387,0.02157,87.13,1223.5187,1017.7678,142.22123573208617,27.69713388018653,0.50175020972,0.55485380395,0.50175020972,0.55485380395,0.75,0.703,70.22,0.7501605,0.7027541,70.22,23.3909,0.0,2.25,1.113,0.101,1.0,16.0
1117,1117,16_4,16_86,158.8627,16.99051,20.903,0.1161,188.7083,6.0,6.0,1310.0,1514.0,1309.9977,1514.4724,1309.9977,1514.4724,142.19580719744823,27.557129874616887,0.794,0.499,1.95,0.11217,0.06891,0.13,1309.9977,1514.4724,142.19580719744823,27.557129874616887,0.9282940674,0.61271278246,0.9282940674,0.61271278246,0.976,0.768,14.73,0.9755686,0.7676411,14.73,23.3856,24.0,3.53,1.592,0.372,0.021,16.0
1119,1119,16_6,16_82,1752.547,39.11284,18.2964,0.0242,188.6779,22.0,27.0,1332.0,1499.0,1331.7499,1499.0453,1331.7499,1499.0453,142.1888426827751,27.56138871420309,1.275,1.068,71.51,0.03603,0.02893,75.0,1331.7499,1499.0453,142.1888426827751,27.56138871420309,0.5010055006,0.55124524535,0.5010055006,0.55124524535,0.755,0.694,62.2,0.7553726,0.6940195,62.2,23.3581,0.0,2.33,1.194,0.162,0.971,16.0
1120,1120,16_7,16_81,78661.65,124.2868,14.1662,0.0017,191.6281,43.0,52.0,1090.0,1495.0,1089.9826,1494.9014,1089.9826,1494.9014,142.26552994029734,27.56342476761178,1.413,0.74,84.88,0.00305,0.00135,86.65,1089.9826,1494.9014,142.26552994029734,27.56342476761178,0.083780094513,0.09438638423,0.083780094513,0.09438638423,0.307,0.289,89.93,0.3072237,0.2894479,89.93,23.2854,6.0,0.0,1.908,0.476,1.0,16.0
1121,1121,16_8,16_81,137101.5,159.2699,13.563,0.0013,198.5219,61.0,63.0,1089.0,1475.0,1089.8226,1475.6493,1089.8226,1475.6493,142.2655049247369,27.56883995026476,1.699,0.961,62.93,0.00236,0.00122,61.31,1089.8226,1475.6493,142.2655049247369,27.56883995026476,0.52017898057,0.69648127067,0.52017898057,0.69648127067,0.976,0.514,52.42,0.9758849,0.51411,52.42,23.8782,3.0,7.64,1.769,0.435,0.982,16.0
1122,1122,16_9,16_81,2091300.0,645.2661,10.6045,0.0003,190.7377,1466.0,1574.0,1093.0,1460.0,1090.3625,1461.3626,1090.3625,1461.3626,142.26527738614783,27.57285614775888,4.292,3.518,83.13,0.00189,0.00184,79.24,1090.3625,1461.3626,142.26527738614783,27.57285614775888,5.2549522101,5.5206777523,5.2549522101,5.5206777523,2.397,2.242,55.85,2.397315,2.242435,55.85,23.3368,7.0,23.32,1.22,0.18,0.072,16.0
1123,1123,16_10,16_81,73257.98,119.0936,14.2434,0.0018,196.7028,40.0,49.0,1090.0,1436.0,1089.9071,1436.1178,1089.9071,1436.1178,142.26532252648107,27.579957752536764,0.909,0.761,-87.41,0.00215,0.00175,-89.6,1089.9071,1436.1178,142.26532252648107,27.579957752536764,0.083734156811,0.09372612913,0.083734156811,0.09372612913,0.306,0.289,-89.97,0.3061472,0.2893685,-89.97,23.8572,7.0,0.0,1.195,0.163,0.997,16.0
1125,1125,16_12,16_79,3050.509,45.75554,17.6946,0.0163,189.2412,27.0,33.0,1400.0,1490.0,1399.7113,1490.5221,1399.7113,1490.5221,142.16724569001897,27.563533813780733,1.279,1.171,78.23,0.02388,0.02166,80.58,1399.7113,1490.5221,142.16724569001897,27.563533813780733,0.47876608132,0.51528184093,0.47876608132,0.51528184093,0.723,0.687,67.92,0.7228249,0.6867111,67.92,23.3664,0.0,2.15,1.093,0.085,0.986,16.0
1126,1126,16_13,16_78,406.3029,26.05517,19.8834,0.0696,189.2845,12.0,13.0,1165.0,1481.0,1165.4177,1481.3281,1165.4177,1481.3281,142.24154260319455,27.56697496847727,1.001,0.871,43.93,0.07956,0.06804,45.1,1165.4177,1481.3281,142.24154260319455,27.56697496847727,0.75285839306,0.74539231355,0.75285839306,0.74539231355,0.898,0.831,43.15,0.8983083,0.8314402,43.15,23.3356,0.0,3.52,1.149,0.129,0.011,16.0
1128,1128,16_15,16_76,1128.911,42.08577,18.7739,0.0405,190.0219,28.0,33.0,1375.0,1474.0,1374.4535,1474.2067,1374.4535,1474.2067,142.17519121022912,27.568216470764025,1.883,1.115,-19.9,0.07714,0.04397,-20.25,1374.4535,1474.2067,142.17519121022912,27.568216470764025,2.2114303582,1.6096124975,2.2114303582,1.6096124975,1.515,1.235,-19.31,1.515132,1.235079,-19.31,23.4281,0.0,5.73,1.689,0.408,0.002,16.0
1129,1129,16_16,16_75,55777.82,118.8003,14.5394,0.0023,189.0914,98.0,107.0,1368.0,1460.0,1368.5332,1460.0134,1368.5332,1460.0134,142.17701059456263,27.57223023206318,1.638,1.426,75.25,0.00488,0.00416,74.78,1368.5332,1460.0134,142.17701059456263,27.57223023206318,0.53424614228,0.6097464036,0.53424614228,0.6097464036,0.785,0.726,73.54,0.7854729,0.7259648,73.54,23.3752,0.0,2.56,1.149,0.13,0.983,16.0
1131,1131,16_18,16_81,229892.9,205.1978,13.0018,0.001,197.5105,96.0,103.0,1090.0,1442.0,1090.0051,1441.8672,1090.0051,1441.8672,142.26531405720704,27.578340414486664,1.495,1.131,65.96,0.0016,0.00129,34.83,1090.0051,1441.8672,142.26531405720704,27.578340414486664,0.6916949567,0.49742985717,0.6916949567,0.49742985717,0.934,0.562,34.78,0.9341992,0.5624915,34.78,23.9178,7.0,4.12,1.322,0.243,0.975,16.0
1132,1132,16_19,16_72,4267.393,49.17781,17.3302,0.0125,187.9826,30.0,37.0,1296.0,1440.0,1296.225,1439.9809,1296.225,1439.9809,142.1998711589186,27.57813076150501,1.318,1.174,69.81,0.01961,0.01721,66.36,1296.225,1439.9809,142.1998711589186,27.57813076150501,0.49493858104,0.54816912139,0.49493858104,0.54816912139,0.744,0.699,72.41,0.7443889,0.6992803,72.41,23.3194,0.0,2.18,1.123,0.11,0.983,16.0
1133,1133,16_20,16_71,290.6758,21.69246,20.2471,0.081,187.6058,8.0,10.0,1506.0,1439.0,1506.0554,1438.5389,1506.0554,1438.5389,142.13328479718686,27.577752965659688,1.036,0.644,64.2,0.09978,0.06115,63.35,1506.0554,1438.5389,142.13328479718686,27.577752965659688,0.57656958008,0.84062994409,0.57656958008,0.84062994409,0.962,0.701,63.78,0.9618869,0.7014079,63.78,23.4043,0.0,3.39,1.61,0.379,0.462,16.0
1134,1134,16_21,16_70,93161.99,145.5515,13.9825,0.0017,187.893,127.0,139.0,1472.0,1424.0,1471.8293,1424.041,1471.8293,1424.041,142.14408345609422,27.581960196267676,1.686,1.472,75.71,0.00374,0.00332,79.6,1471.8293,1424.041,142.14408345609422,27.581960196267676,0.53602235012,0.6191391691,0.53602235012,0.6191391691,0.792,0.726,73.09,0.7922124,0.726334,73.09,23.3793,0.0,2.6,1.145,0.127,0.984,16.0
1135,1135,16_22,16_69,568.7083,28.24247,19.5183,0.0539,188.1452,15.0,15.0,1371.0,1423.0,1371.4397,1423.3052,1371.4397,1423.3052,142.17593573410963,27.58254335201586,1.142,0.84,57.44,0.07118,0.05009,58.07,1371.4397,1423.3052,142.17593573410963,27.58254335201586,0.65269528263,0.76303296404,0.65269528263,0.76303296404,0.902,0.776,60.83,0.90165,0.7763733,60.83,23.3342,0.0,3.22,1.36,0.265,0.046,16.0
1137,1137,16_24,16_66,1103.361,38.75773,18.7988,0.0381,188.9105,23.0,29.0,1413.0,1405.0,1412.9174,1405.5947,1412.9174,1405.5947,142.16269988001815,27.587369654057067,1.362,1.246,-53.19,0.05663,0.05041,-50.89,1412.9174,1405.5947,142.16269988001815,27.587369654057067,1.0976281754,1.108449504,1.0976281754,1.108449504,1.066,1.034,-49.57,1.06635,1.033912,-49.57,23.4084,0.0,3.18,1.093,0.085,0.032,16.0
1138,1138,16_25,16_65,4094.314,53.49834,17.3751,0.0142,190.5023,33.0,46.0,1047.0,1404.0,1046.9198,1403.8989,1046.9198,1403.8989,142.27883739686823,27.589169670240025,1.356,1.226,71.42,0.02187,0.02047,60.04,1046.9198,1403.8989,142.27883739686823,27.589169670240025,0.51935366364,0.58667577398,0.51935366364,0.58667577398,0.769,0.717,74.91,0.7693843,0.7169918,74.91,23.3758,0.0,2.25,1.106,0.096,0.962,16.0
1139,1139,16_26,16_64,1245.804,35.63021,18.6669,0.0311,190.0859,19.0,23.0,1145.0,1397.0,1145.2585,1397.6532,1145.2585,1397.6532,142.24760567204632,27.590579939590068,1.197,1.04,79.34,0.04255,0.0359,78.01,1145.2585,1397.6532,142.24760567204632,27.590579939590068,0.48668158126,0.56849216008,0.48668158126,0.56849216008,0.754,0.698,-89.73,0.7539854,0.6976243,-89.73,23.4176,0.0,2.19,1.151,0.131,0.963,16.0
1140,1140,16_27,16_63,591.2629,31.44997,19.4761,0.0578,188.3085,18.0,19.0,1325.0,1393.0,1324.795,1393.0659,1324.795,1393.0659,142.19061235468402,27.59122033424748,1.211,1.058,43.81,0.07654,0.06532,45.27,1324.795,1393.0659,142.19061235468402,27.59122033424748,1.2473384276,1.1601443293,1.2473384276,1.1601443293,1.127,1.067,24.33,1.126828,1.06665,24.33,23.3466,0.0,4.69,1.144,0.126,0.0,16.0
1141,1141,16_28,16_62,21074.94,84.54429,15.5962,0.0044,188.818,70.0,81.0,1153.0,1387.0,1153.0383,1387.6831,1153.0383,1387.6831,142.24509706799316,27.593356263835386,1.601,1.374,77.59,0.00929,0.00763,81.75,1153.0383,1387.6831,142.24509706799316,27.593356263835386,0.52288907965,0.60334657016,0.52288907965,0.60334657016,0.78,0.72,77.05,0.7796381,0.7200001,77.05,23.3423,0.0,2.3,1.165,0.142,0.983,16.0
1143,1143,16_30,16_60,1397.278,44.36412,18.5424,0.0345,189.1216,34.0,38.0,1235.0,1369.0,1235.0412,1369.137,1235.0412,1369.137,142.21899829284007,27.598277739034152,1.709,1.378,-87.78,0.06216,0.05024,88.44,1235.0412,1369.137,142.21899829284007,27.598277739034152,1.4818664826,1.7884461345,1.4818664826,1.7884461345,1.34,1.215,-81.65,1.339851,1.214541,-81.65,23.4019,0.0,4.95,1.241,0.194,0.002,16.0
1144,1144,16_31,16_59,2457.191,42.31318,17.9295,0.0187,188.3756,24.0,30.0,1015.0,1365.0,1014.5909,1365.1349,1014.5909,1365.1349,142.28894654122595,27.60018410901424,1.239,1.126,65.7,0.02707,0.02421,49.76,1014.5909,1365.1349,142.28894654122595,27.60018410901424,0.48221962287,0.53080124517,0.48221962287,0.53080124517,0.732,0.691,72.58,0.7321929,0.6905899,72.58,23.3541,0.0,2.2,1.1,0.091,0.981,16.0
1145,1145,16_32,16_58,1321.82,42.06236,18.6026,0.0346,189.3508,30.0,34.0,1192.0,1364.0,1192.0222,1364.041,1192.0222,1364.041,142.23263054107554,27.599865996559387,1.538,1.271,17.43,0.05854,0.04683,12.56,1192.0222,1364.041,142.23263054107554,27.599865996559387,1.5677756684,1.4614010431,1.5677756684,1.4614010431,1.274,1.185,30.44,1.274315,1.185453,30.44,23.402,0.0,3.53,1.21,0.173,0.042,16.0
1146,1146,16_33,16_57,1627.055,45.93552,18.3771,0.0307,190.4475,36.0,40.0,1294.0,1362.0,1293.3915,1361.7549,1293.3915,1361.7549,142.20044980125513,27.600141492569676,1.711,1.365,76.18,0.05458,0.04383,72.67,1293.3915,1361.7549,142.20044980125513,27.600141492569676,1.4612264721,1.9274942413,1.4612264721,1.9274942413,1.391,1.206,83.36,1.39065,1.206156,83.36,23.5128,0.0,4.48,1.254,0.202,0.009,16.0
1147,1147,16_34,16_56,2456.539,41.94174,17.9298,0.0185,188.1885,25.0,31.0,1430.0,1361.0,1430.0023,1360.8471,1430.0023,1360.8471,142.15709017686711,27.59989034659152,1.299,1.111,87.11,0.02964,0.02389,-85.39,1430.0023,1360.8471,142.15709017686711,27.59989034659152,0.46003306337,0.54108579559,0.46003306337,0.54108579559,0.738,0.675,78.06,0.7381599,0.6754545,78.06,23.3893,0.0,2.15,1.169,0.145,0.993,16.0
1148,1148,16_35,16_55,327.8918,21.57122,20.1162,0.0714,189.3459,2.0,9.0,1167.0,1363.0,1166.9393,1362.9833,1166.9393,1362.9833,142.2405868661867,27.600253276971376,0.712,0.707,4.0,0.05208,0.05191,13.28,1166.9393,1362.9833,142.2405868661867,27.600253276971376,0.086522807977,0.084063525093,0.086522807977,0.084063525093,0.294,0.29,-0.57,0.294148,0.2899367,-0.57,23.3896,0.0,0.0,1.007,0.007,0.987,16.0
1149,1149,16_36,16_54,1595.138,38.0987,18.3986,0.0259,189.4781,22.0,26.0,1255.0,1360.0,1254.7955,1360.5982,1254.7955,1360.5982,142.2126942768285,27.60060754908073,1.219,1.093,87.88,0.03572,0.03114,-84.39,1254.7955,1360.5982,142.2126942768285,27.60060754908073,0.48949028286,0.5586558336,0.48949028286,0.5586558336,0.748,0.699,83.4,0.7480608,0.6989644,83.4,23.4351,0.0,2.16,1.116,0.104,0.975,16.0
1150,1150,16_37,16_53,662.8758,32.72509,19.352,0.0536,188.1243,14.0,22.0,1445.0,1360.0,1444.8667,1360.4489,1444.8667,1360.4489,142.15237103268845,27.59994645307953,1.154,0.952,20.18,0.07776,0.06097,15.46,1444.8667,1360.4489,142.15237103268845,27.59994645307953,0.97277762643,0.97738177465,0.97277762643,0.97738177465,1.024,0.95,45.9,1.023953,0.9495683,45.9,23.3907,0.0,3.65,1.212,0.175,0.006,16.0
1151,1151,16_38,16_52,343.9016,24.58611,20.0645,0.0776,188.9048,10.0,12.0,1225.0,1360.0,1224.6875,1359.5441,1224.6875,1359.5441,142.22224541711213,27.6010130787728,1.057,0.784,36.91,0.08857,0.06747,37.31,1224.6875,1359.5441,142.22224541711213,27.6010130787728,0.83573278536,0.76389196087,0.83573278536,0.76389196087,0.978,0.802,38.37,0.9779204,0.8020576,38.37,23.3895,0.0,3.06,1.348,0.258,0.482,16.0
1153,1153,16_40,16_49,903386.2,407.9663,11.5159,0.0005,189.2635,431.0,450.0,1284.0,1343.0,1282.836,1342.7271,1282.836,1342.7271,142.20372201244572,27.60553142822793,2.38,1.925,83.38,0.0014,0.00123,78.01,1282.836,1342.7271,142.20372201244572,27.60553142822793,1.6496729066,2.0992866172,1.6496729066,2.0992866172,1.449,1.284,-88.95,1.448944,1.284337,-88.95,23.4298,4.0,12.83,1.236,0.191,1.0,16.0
1154,1154,16_41,16_48,594.3599,29.63482,19.4704,0.0541,189.5567,12.0,17.0,1094.0,1354.0,1094.1962,1353.6599,1094.1962,1353.6599,142.26363677371583,27.603133356770325,0.972,0.873,39.97,0.06421,0.0584,31.73,1094.1962,1353.6599,142.26363677371583,27.603133356770325,0.57264459276,0.57517139727,0.57264459276,0.57517139727,0.792,0.721,45.68,0.7920904,0.7213936,45.68,23.4075,0.0,2.56,1.113,0.102,0.582,16.0
1156,1156,16_43,16_45,350.3619,23.59022,20.0443,0.0731,188.5518,9.0,11.0,1073.0,1314.0,1072.8501,1314.2615,1072.8501,1314.2615,142.2702571457866,27.61428871750432,0.992,0.739,-78.23,0.08572,0.06093,-75.78,1072.8501,1314.2615,142.2702571457866,27.61428871750432,0.58826487916,0.77861533347,0.58826487916,0.77861533347,0.882,0.767,89.47,0.882401,0.7669737,89.47,23.3851,0.0,3.66,1.342,0.255,0.256,16.0
1157,1157,16_44,16_44,317.8488,21.01181,20.15,0.0718,187.5364,9.0,9.0,1508.0,1308.0,1508.0422,1307.8974,1508.0422,1307.8974,142.13209712729693,27.61448648572137,0.781,0.756,38.24,0.06544,0.06504,-74.51,1508.0422,1307.8974,142.13209712729693,27.61448648572137,0.53938598182,0.5116218022,0.53938598182,0.5116218022,0.755,0.694,35.76,0.7545153,0.6940566,35.76,23.3907,0.0,2.11,1.033,0.032,0.635,16.0
1158,1158,16_45,16_43,814.959,31.0523,19.1277,0.0414,188.894,12.0,18.0,1342.0,1307.0,1342.0791,1306.8874,1342.0791,1306.8874,142.18477108031686,27.61539318552894,1.121,0.906,82.05,0.05296,0.04336,79.15,1342.0791,1306.8874,142.18477108031686,27.61539318552894,0.39679040084,0.52518163408,0.39679040084,0.52518163408,0.726,0.628,83.13,0.7259973,0.6284106,83.13,23.4028,0.0,2.22,1.237,0.191,0.944,16.0
1159,1159,16_46,16_42,121.2436,15.82045,21.1964,0.1417,188.5578,4.0,5.0,1333.0,1291.0,1333.007,1290.9545,1333.007,1290.9545,142.187584918701,27.6199075415068,0.629,0.6,89.5,0.09471,0.09418,-86.49,1333.007,1290.9545,142.187584918701,27.6199075415068,0.60717775502,0.88280335171,0.60717775502,0.88280335171,0.941,0.777,83.56,0.9414643,0.7769338,83.56,23.3834,0.0,2.46,1.05,0.047,0.497,16.0
1160,1160,16_47,16_41,707.0499,29.10119,19.2819,0.0447,187.9991,15.0,16.0,1395.0,1286.0,1394.9037,1286.5487,1394.9037,1286.5487,142.16791907595348,27.62091696203604,1.033,0.938,76.87,0.05238,0.04834,65.06,1394.9037,1286.5487,142.16791907595348,27.62091696203604,0.45032267668,0.49381331043,0.45032267668,0.49381331043,0.704,0.67,79.4,0.7038398,0.6698847,79.4,23.3593,0.0,1.95,1.102,0.092,0.892,16.0
1161,1161,16_48,16_40,1105.461,32.76683,18.7967,0.0322,187.5365,17.0,20.0,1451.0,1281.0,1451.4252,1281.355,1451.4252,1281.355,142.14995579304906,27.622165586885828,1.165,0.934,85.98,0.04676,0.03248,89.25,1451.4252,1281.355,142.14995579304906,27.622165586885828,0.44375464201,0.45730697959,0.44375464201,0.45730697959,0.684,0.658,56.81,0.6836977,0.6584976,56.81,23.3585,0.0,1.97,1.248,0.199,0.972,16.0
1162,1162,16_49,16_39,3982.482,49.50973,17.4052,0.0135,188.8586,37.0,40.0,1173.0,1267.0,1173.1196,1267.7146,1173.1196,1267.7146,142.23824432390396,27.627024254282723,1.359,1.234,72.9,0.02177,0.02032,66.49,1173.1196,1267.7146,142.23824432390396,27.627024254282723,0.5052153642,0.56658375013,0.5052153642,0.56658375013,0.756,0.707,74.87,0.7559278,0.7073699,74.87,23.4306,0.0,2.18,1.102,0.092,0.975,16.0
1163,1163,16_50,16_38,236.8765,18.70654,20.4693,0.0858,187.5954,7.0,7.0,1269.0,1262.0,1269.3453,1262.016,1269.3453,1262.016,142.20767474778464,27.628279411151404,0.721,0.658,89.71,0.07698,0.07141,89.34,1269.3453,1262.016,142.20767474778464,27.628279411151404,0.43585869771,0.38499916729,0.43585869771,0.38499916729,0.661,0.619,-9.43,0.661288,0.619319,-9.43,23.349,0.0,1.82,1.096,0.087,0.522,16.0
1164,1164,16_51,16_37,1751.522,38.25235,18.297,0.0237,188.2945,23.0,26.0,1145.0,1260.0,1145.006,1260.4961,1145.006,1260.4961,142.24714017886814,27.62915463049134,1.226,1.078,79.72,0.03348,0.02829,88.97,1145.006,1260.4961,142.24714017886814,27.62915463049134,0.50230095704,0.55148065608,0.50230095704,0.55148065608,0.75,0.701,66.81,0.7500203,0.7008931,66.81,23.3895,0.0,2.04,1.138,0.121,0.944,16.0
1165,1165,16_52,16_36,238.7924,19.94802,20.4605,0.0907,188.4709,7.0,8.0,1311.0,1261.0,1310.8793,1261.1393,1310.8793,1261.1393,142.19448627758587,27.628373987075243,0.815,0.675,44.78,0.08516,0.06756,45.0,1310.8793,1261.1393,142.19448627758587,27.628373987075243,0.64022535251,0.68131457505,0.64022535251,0.68131457505,0.828,0.797,72.02,0.8283413,0.7971139,72.02,23.4024,0.0,3.0,1.208,0.172,0.225,16.0
1166,1166,16_53,16_35,142.0242,15.60315,21.0247,0.1193,187.9995,4.0,5.0,1229.0,1252.0,1228.7463,1251.6119,1228.7463,1251.6119,142.22052077090402,27.631352773882167,0.733,0.457,17.11,0.11294,0.06557,18.18,1228.7463,1251.6119,142.22052077090402,27.631352773882167,0.85664911185,0.65552779691,0.85664911185,0.65552779691,0.934,0.8,-14.68,0.9335278,0.8004391,-14.68,23.3793,0.0,3.4,1.602,0.376,0.486,16.0
1168,1168,16_55,16_33,145935.6,174.7116,13.4952,0.0013,188.3266,146.0,158.0,1336.0,1237.0,1336.2769,1237.1257,1336.2769,1237.1257,142.1863247290166,27.63503380563293,1.709,1.489,75.86,0.00281,0.00248,81.09,1336.2769,1237.1257,142.1863247290166,27.63503380563293,0.54302324849,0.63040477584,0.54302324849,0.63040477584,0.798,0.732,74.84,0.7983254,0.7321917,74.84,23.4081,0.0,2.66,1.148,0.129,0.985,16.0
1169,1169,16_56,16_32,218.4639,18.49516,20.5571,0.0919,187.5406,2.0,7.0,1506.0,1241.0,1505.6576,1240.9845,1505.6576,1240.9845,142.1325688132525,27.633313411117328,0.672,0.642,85.22,0.07425,0.0691,89.17,1505.6576,1240.9845,142.1325688132525,27.633313411117328,0.41207356045,0.4512190375,0.41207356045,0.4512190375,0.672,0.642,85.22,0.6719339,0.6417145,85.22,23.3846,0.0,1.24,1.047,0.045,0.736,16.0
1170,1170,16_57,16_31,539.955,26.60222,19.5747,0.0535,187.9716,11.0,14.0,1431.0,1239.0,1430.7885,1239.5119,1430.7885,1239.5119,142.1563306100987,27.634010752174657,0.957,0.893,72.78,0.05607,0.05481,84.45,1430.7885,1239.5119,142.1563306100987,27.634010752174657,0.46702150089,0.51882478924,0.46702150089,0.51882478924,0.732,0.67,63.21,0.7324957,0.6702957,63.21,23.3944,0.0,1.99,1.073,0.068,0.864,16.0
1171,1171,16_58,16_30,418.3566,26.40875,19.8517,0.0686,187.6373,12.0,14.0,1170.0,1230.0,1170.4628,1229.4878,1170.4628,1229.4878,142.23893490030017,27.63778436090353,1.121,0.856,43.88,0.08345,0.06202,44.87,1170.4628,1229.4878,142.23893490030017,27.63778436090353,1.4031937991,1.3584935985,1.4031937991,1.3584935985,1.237,1.109,40.73,1.237437,1.109251,40.73,23.3567,0.0,4.26,1.309,0.236,0.043,16.0
1172,1172,16_59,16_28,1431.494,43.67685,18.5161,0.0331,187.4909,34.0,37.0,1129.0,1219.0,1129.3038,1219.1002,1129.3038,1219.1002,142.2519607577075,27.640852255765733,1.659,1.327,-49.2,0.06173,0.0475,-48.33,1129.3038,1219.1002,142.2519607577075,27.640852255765733,1.6051055445,1.6375904993,1.6051055445,1.6375904993,1.326,1.218,-48.41,1.325995,1.218373,-48.41,23.3393,0.0,4.36,1.251,0.2,0.009,16.0
1173,1173,16_60,16_27,271.0435,23.0999,20.323,0.0926,188.354,7.0,11.0,1060.0,1219.0,1059.6957,1218.5544,1059.6957,1218.5544,142.27405831752068,27.64125092319943,0.871,0.648,-71.98,0.11722,0.08504,-71.62,1059.6957,1218.5544,142.27405831752068,27.64125092319943,1.1349637339,1.4263172923,1.1349637339,1.4263172923,1.205,1.053,-73.97,1.205207,1.052975,-73.97,23.3931,0.0,4.46,1.343,0.256,0.003,16.0
1174,1174,16_61,16_26,24107.22,86.09333,15.4502,0.0039,188.3687,75.0,80.0,1036.0,1201.0,1035.8741,1201.0786,1035.8741,1201.0786,142.2815534365664,27.64624876552016,1.599,1.381,75.13,0.00817,0.0068,71.61,1035.8741,1201.0786,142.2815534365664,27.64624876552016,0.54360912323,0.62333853257,0.54360912323,0.62333853257,0.792,0.735,78.65,0.7916361,0.7350237,78.65,23.3989,0.0,2.56,1.158,0.136,0.984,16.0
1176,1176,16_63,16_24,212.1739,18.50742,20.5888,0.0947,187.6158,7.0,7.0,1507.0,1198.0,1507.0143,1197.7023,1507.0143,1197.7023,142.131953611704,27.645480266907413,0.729,0.672,-3.17,0.08718,0.08069,-0.35,1507.0143,1197.7023,142.131953611704,27.645480266907413,0.6058017132,0.60080109532,0.6058017132,0.60080109532,0.784,0.77,-38.5,0.7838482,0.7695355,-38.5,23.3818,0.0,4.14,1.084,0.078,0.011,16.0
1177,1177,16_64,16_23,234.1885,19.9429,20.4817,0.0925,187.8361,8.0,8.0,1091.0,1184.0,1090.6162,1184.2716,1090.6162,1184.2716,142.26410653905268,27.650783779195045,0.935,0.628,-71.04,0.10846,0.07213,-72.59,1090.6162,1184.2716,142.26410653905268,27.650783779195045,0.6965567591,0.76790416576,0.6965567591,0.76790416576,0.91,0.798,-55.91,0.9100387,0.7976782,-55.91,23.3639,0.0,4.55,1.489,0.328,0.003,16.0
1179,1179,16_66,16_21,4615.483,51.25508,17.245,0.0121,188.1227,37.0,43.0,1020.0,1173.0,1019.7826,1173.0507,1019.7826,1173.0507,142.28655386898842,27.65418694368048,1.376,1.256,58.99,0.02069,0.01855,40.85,1019.7826,1173.0507,142.28655386898842,27.65418694368048,0.52171001087,0.59189126425,0.52171001087,0.59189126425,0.773,0.719,75.37,0.7726735,0.7187328,75.37,23.3858,0.0,2.38,1.095,0.087,0.98,16.0
1180,1180,16_67,16_20,190.6824,18.31071,20.7048,0.1043,187.4882,5.0,7.0,1223.0,1169.0,1223.066,1169.4208,1223.066,1169.4208,142.22199205451471,27.65448779430908,0.972,0.621,22.68,0.12622,0.08048,22.37,1223.066,1169.4208,142.22199205451471,27.65448779430908,0.4834364799,0.54242542296,0.4834364799,0.54242542296,0.798,0.624,51.93,0.7975407,0.6243322,51.93,23.3677,0.0,2.68,1.565,0.361,0.399,16.0
1181,1181,16_68,16_19,153.1673,17.12524,20.9427,0.1214,188.2709,5.0,6.0,1074.0,1169.0,1074.1831,1169.2092,1074.1831,1169.2092,142.26926524118738,27.65507749127308,0.745,0.559,47.74,0.10644,0.07863,45.32,1074.1831,1169.2092,142.26926524118738,27.65507749127308,0.51505617495,0.77611686603,0.51505617495,0.77611686603,0.888,0.709,78.27,0.8876284,0.7094285,78.27,23.3939,0.0,1.92,1.332,0.249,0.507,16.0
1182,1182,16_69,16_18,149.7581,15.50458,20.9671,0.1124,187.3448,5.0,5.0,1317.0,1166.0,1317.5587,1166.7182,1317.5587,1166.7182,142.19197750411996,27.65490324493789,0.738,0.461,71.32,0.11054,0.06381,71.39,1317.5587,1166.7182,142.19197750411996,27.65490324493789,0.51212379727,0.86033458702,0.51212379727,0.86033458702,0.94,0.699,-76.02,0.9398717,0.6993565,-76.02,23.3649,0.0,3.43,1.6,0.375,0.411,16.0
1183,1183,16_70,16_17,422.4143,25.31982,19.8412,0.0651,188.5491,11.0,13.0,1172.0,1144.0,1172.3443,1143.6479,1172.3443,1143.6479,142.2379943100813,27.661918166453376,0.945,0.84,-48.09,0.07113,0.06074,-45.13,1172.3443,1143.6479,142.2379943100813,27.661918166453376,0.39124424005,0.41971521153,0.39124424005,0.41971521153,0.65,0.623,-73.61,0.6499309,0.6233372,-73.61,23.4352,0.0,2.16,1.126,0.112,0.644,16.0
1184,1184,16_71,16_16,13230.72,71.03975,16.1016,0.0058,188.1509,58.0,66.0,1166.0,1127.0,1166.4866,1127.1359,1166.4866,1127.1359,142.23978843876722,27.666582676888407,1.54,1.337,74.32,0.01186,0.00978,74.93,1166.4866,1127.1359,142.23978843876722,27.666582676888407,0.52792045583,0.59885185979,0.52792045583,0.59885185979,0.777,0.723,74.91,0.7774374,0.7227471,74.91,23.4096,0.0,2.6,1.151,0.132,0.991,16.0
1185,1185,16_72,16_15,188.736,17.2543,20.7159,0.0993,187.0603,6.0,6.0,1108.0,1130.0,1107.7556,1130.7172,1107.7556,1130.7172,142.25845311063011,27.665784235714785,0.755,0.551,46.81,0.09692,0.07059,45.8,1107.7556,1130.7172,142.25845311063011,27.665784235714785,0.54888809961,0.54145155247,0.54888809961,0.54145155247,0.779,0.696,43.26,0.7786379,0.6957461,43.26,23.3268,0.0,3.81,1.369,0.27,0.565,16.0
1186,1186,16_73,16_14,1951.934,38.86845,18.1794,0.0216,188.1167,24.0,27.0,1067.0,1127.0,1066.9783,1127.2443,1066.9783,1127.2443,142.27138865664432,27.66690435903671,1.268,1.078,75.93,0.0327,0.02638,77.0,1066.9783,1127.2443,142.27138865664432,27.66690435903671,0.5141896772,0.57107538719,0.5141896772,0.57107538719,0.76,0.712,71.58,0.7603745,0.7121065,71.58,23.3883,0.0,2.42,1.176,0.149,0.973,16.0
1187,1187,16_74,16_13,720.5005,29.30379,19.2615,0.0442,187.4915,15.0,17.0,1307.0,1117.0,1306.6836,1117.0399,1306.6836,1117.0399,142.19522667228267,27.66891384865002,1.089,0.921,77.79,0.05795,0.04577,75.49,1306.6836,1117.0399,142.19522667228267,27.66891384865002,0.52129707652,0.58578660711,0.52129707652,0.58578660711,0.765,0.722,87.57,0.765443,0.7219285,87.57,23.3816,0.0,2.54,1.183,0.154,0.845,16.0
1188,1188,16_75,16_12,623.3655,26.79309,19.4187,0.0467,187.7385,12.0,14.0,1443.0,1109.0,1442.5062,1108.7102,1442.5062,1108.7102,142.1520597684013,27.67075102688009,0.946,0.915,12.24,0.05025,0.04915,1.8,1442.5062,1108.7102,142.1520597684013,27.67075102688009,0.45917673319,0.45878211766,0.45917673319,0.45878211766,0.68,0.675,-43.34,0.679983,0.6749682,-43.34,23.385,0.0,2.33,1.034,0.033,0.983,16.0
1189,1189,16_76,16_11,125.7718,15.48,21.1566,0.1337,188.0249,5.0,5.0,1289.0,1104.0,1289.2181,1104.3792,1289.2181,1104.3792,142.20072125209623,27.672538328567963,0.75,0.448,18.11,0.12348,0.07154,18.38,1289.2181,1104.3792,142.20072125209623,27.672538328567963,0.86610703745,0.84733330811,0.86610703745,0.84733330811,0.94,0.91,35.12,0.9404646,0.9104761,35.12,23.419,0.0,3.41,1.676,0.403,0.125,16.0
1190,1190,16_77,16_10,338.856,23.14048,20.0805,0.0742,187.7864,10.0,11.0,1265.0,1069.0,1265.1116,1068.6668,1265.1116,1068.6668,142.2082313838137,27.682669344710387,0.981,0.744,-77.9,0.08599,0.06105,-75.17,1265.1116,1068.6668,142.2082313838137,27.682669344710387,0.64683650298,0.73849422613,0.64683650298,0.73849422613,0.859,0.804,89.98,0.8593569,0.8042614,89.98,23.4064,0.0,2.87,1.32,0.242,0.154,16.0
1191,1191,16_78,16_9,2830.4,44.26302,17.776,0.017,187.2555,28.0,34.0,1157.0,1061.0,1157.1635,1061.5597,1157.1635,1061.5597,142.24248761419994,27.68505732191376,1.314,1.176,79.43,0.02705,0.02361,87.22,1157.1635,1061.5597,142.24248761419994,27.68505732191376,0.5019749203,0.55819221018,0.5019749203,0.55819221018,0.75,0.705,74.54,0.7502323,0.7052082,74.54,23.3599,0.0,2.09,1.117,0.105,0.981,16.0
1192,1192,16_79,16_8,1572.271,37.35482,18.4143,0.0258,188.1155,20.0,26.0,1410.0,1057.0,1410.2103,1057.522,1410.2103,1057.522,142.1621015429407,27.68526723213995,1.242,1.073,84.14,0.03816,0.0311,86.78,1410.2103,1057.522,142.1621015429407,27.68526723213995,0.49672182308,0.53986786303,0.49672182308,0.53986786303,0.737,0.703,76.27,0.7366191,0.7028385,76.27,23.4041,0.0,2.11,1.157,0.136,0.963,16.0
1193,1193,16_80,16_7,181.3044,17.11882,20.7596,0.1025,188.3641,6.0,6.0,1405.0,1051.0,1405.155,1051.1463,1405.155,1051.1463,142.16368047119877,27.687079087693903,0.736,0.566,45.23,0.09905,0.07333,45.04,1405.155,1051.1463,142.16368047119877,27.687079087693903,0.37487105592,0.3494739785,0.37487105592,0.3494739785,0.618,0.585,25.24,0.618163,0.5849953,25.24,23.4186,0.0,2.51,1.3,0.231,0.558,16.0
1194,1194,16_81,16_6,365.1206,22.14487,19.9995,0.0659,187.4281,10.0,10.0,1452.0,1049.0,1451.8426,1049.4623,1451.8426,1049.4623,142.14884489311586,27.68737715882628,0.902,0.719,88.0,0.07658,0.05638,-89.95,1451.8426,1049.4623,142.14884489311586,27.68737715882628,0.41988260824,0.4504350403,0.41988260824,0.4504350403,0.679,0.639,62.63,0.6794263,0.6392946,62.63,23.383,0.0,2.17,1.255,0.203,0.481,16.0
1195,1195,16_82,16_5,1083.606,33.10757,18.8184,0.0332,187.9252,16.0,21.0,1420.0,1037.0,1419.8818,1036.8456,1419.8818,1036.8456,142.1589431029936,27.6910454161435,1.102,1.042,87.39,0.04082,0.04027,65.13,1419.8818,1036.8456,142.1589431029936,27.6910454161435,0.49732537052,0.57100016234,0.49732537052,0.57100016234,0.756,0.705,85.93,0.7558937,0.7049469,85.93,23.3878,0.0,2.4,1.058,0.055,0.893,16.0
1196,1196,16_83,16_85,250.351,20.63451,20.4092,0.0895,189.9034,8.0,8.0,1157.0,1511.0,1156.9462,1510.5186,1156.9462,1510.5186,142.24434687448627,27.558795405025663,0.795,0.688,89.66,0.0843,0.0693,-89.8,1156.9462,1510.5186,142.24434687448627,27.558795405025663,0.47878242948,0.5225764572,0.47878242948,0.5225764572,0.724,0.691,80.87,0.7236971,0.6911016,80.87,23.3344,16.0,2.08,1.156,0.135,0.577,16.0
1197,1197,16_84,16_2,164.6895,17.05862,20.8639,0.1125,187.7595,4.0,6.0,1333.0,1014.0,1332.9325,1014.4914,1332.9325,1014.4914,142.18646796690797,27.697655370766583,0.771,0.499,3.22,0.10282,0.06304,0.28,1332.9325,1014.4914,142.18646796690797,27.697655370766583,0.55095236992,0.60981796804,0.55095236992,0.60981796804,0.812,0.708,55.92,0.8120796,0.7080234,55.92,23.3815,0.0,2.47,1.545,0.353,0.495,16.0
1198,1198,17_1,17_1,194.6686,18.00908,20.6823,0.1005,187.5223,5.0,7.0,1538.0,1036.0,1538.0653,1036.0152,1538.0653,1036.0152,142.1214020276518,27.690830532250462,0.872,0.531,45.99,0.11154,0.06466,44.87,1538.0653,1036.0152,142.1214020276518,27.690830532250462,0.51302794844,0.53640077995,0.51302794844,0.53640077995,0.77,0.676,49.95,0.7698537,0.6758358,49.95,23.4167,0.0,3.0,1.64,0.39,0.513,17.0
1199,1199,17_2,17_75,1593.775,37.17415,18.3995,0.0253,187.5074,23.0,26.0,1790.0,1508.0,1789.9089,1508.1081,1789.9089,1508.1081,142.04352992063144,27.557079876018705,1.219,1.062,65.09,0.03681,0.03035,67.62,1789.9089,1508.1081,142.04352992063144,27.557079876018705,0.47779254874,0.49941238584,0.47779254874,0.49941238584,0.72,0.678,55.91,0.719511,0.6778708,55.91,23.3917,16.0,2.04,1.147,0.129,0.972,17.0
1200,1200,17_3,17_74,403.514,23.88418,19.8909,0.0643,187.8887,9.0,12.0,1984.0,1501.0,1984.2929,1501.2169,1984.2929,1501.2169,141.98183157606906,27.55822768201836,0.926,0.817,78.34,0.07281,0.06349,72.3,1984.2929,1501.2169,141.98183157606906,27.55822768201836,0.42044346195,0.47888434314,0.42044346195,0.47888434314,0.694,0.646,77.63,0.6941432,0.646137,77.63,23.4063,0.0,2.38,1.134,0.118,0.775,17.0
1201,1201,17_4,17_73,21745.88,82.79625,15.5621,0.0041,187.5602,69.0,78.0,1820.0,1493.0,1820.0227,1493.2324,1820.0227,1493.2324,142.03390939592086,27.561142774110827,1.551,1.369,69.94,0.00837,0.00736,65.38,1820.0227,1493.2324,142.03390939592086,27.561142774110827,0.5092998836,0.58163490719,0.5092998836,0.58163490719,0.768,0.707,71.71,0.7684472,0.7074063,71.71,23.3966,0.0,2.28,1.133,0.118,0.983,17.0
1202,1202,17_5,17_72,234.5667,18.31327,20.4799,0.0848,187.5161,7.0,7.0,1926.0,1483.0,1926.0213,1483.3148,1926.0213,1483.3148,142.00023552449284,27.56350202709849,0.728,0.648,-0.42,0.07516,0.0694,0.34,1926.0213,1483.3148,142.00023552449284,27.56350202709849,0.48014848544,0.4176554461,0.48014848544,0.4176554461,0.694,0.646,-6.44,0.693509,0.6456385,-6.44,23.3954,0.0,1.78,1.123,0.11,0.535,17.0
1203,1203,17_6,17_71,440.7644,24.21667,19.7951,0.0597,188.1089,9.0,12.0,1819.0,1474.0,1819.4658,1474.5172,1819.4658,1474.5172,142.03400163003485,27.56640841107606,0.887,0.852,65.16,0.05872,0.05855,65.62,1819.4658,1474.5172,142.03400163003485,27.56640841107606,0.41920839381,0.46094825545,0.41920839381,0.46094825545,0.699,0.626,57.75,0.6989785,0.625768,57.75,23.4263,0.0,2.21,1.042,0.04,0.916,17.0
1204,1204,17_7,17_70,481.5308,21.37906,19.699,0.0482,187.3482,2.0,9.0,1958.0,1466.0,1957.9478,1466.0194,1957.9478,1466.0194,141.99002670506985,27.568235021192287,0.714,0.703,-40.41,0.03568,0.03553,-30.88,1957.9478,1466.0194,141.99002670506985,27.568235021192287,0.50330764052,0.50061629951,0.50330764052,0.50061629951,0.714,0.703,-40.41,0.7144219,0.7025136,-40.41,23.3757,0.0,0.0,1.017,0.017,0.991,17.0
1206,1206,17_9,17_68,916.5685,35.55267,19.0002,0.0421,188.1289,25.0,26.0,1832.0,1432.0,1832.5993,1432.0207,1832.5993,1432.0207,142.02964261987728,27.57830703820021,1.526,1.088,-31.77,0.07121,0.0507,-29.67,1832.5993,1432.0207,142.02964261987728,27.57830703820021,1.3534471118,1.2440924427,1.3534471118,1.2440924427,1.242,1.027,-38.52,1.242001,1.027119,-38.52,23.4137,0.0,4.51,1.402,0.287,0.011,17.0
1207,1207,17_10,17_67,441.4251,25.07449,19.7934,0.0617,187.6604,10.0,13.0,1893.0,1429.0,1893.3575,1429.2713,1893.3575,1429.2713,142.01035144290353,27.57883415568756,0.986,0.852,53.56,0.06984,0.05949,46.63,1893.3575,1429.2713,142.01035144290353,27.57883415568756,0.57052329027,0.70268707587,0.57052329027,0.70268707587,0.844,0.749,75.87,0.8435816,0.7493867,75.87,23.3834,0.0,2.87,1.157,0.135,0.39,17.0
1208,1208,17_11,17_66,133.4204,15.0928,21.0925,0.1229,187.9385,4.0,5.0,2011.0,1427.0,2011.5754,1427.2219,2011.5754,1427.2219,141.97283149653208,27.57892426321075,0.729,0.457,-70.66,0.11732,0.06811,-71.45,2011.5754,1427.2219,141.97283149653208,27.57892426321075,0.40301878135,0.56858198462,0.40301878135,0.56858198462,0.756,0.633,-83.22,0.7556164,0.6329649,-83.22,23.4176,0.0,2.3,1.596,0.373,0.498,17.0
1209,1209,17_12,17_65,436.6857,26.74753,19.8052,0.0665,189.0034,14.0,15.0,1823.0,1423.0,1823.32,1423.591,1823.32,1423.591,142.0325489073422,27.58071510698889,1.115,0.925,44.84,0.07736,0.06715,44.48,1823.32,1423.591,142.0325489073422,27.58071510698889,1.0832148844,1.1167435417,1.0832148844,1.1167435417,1.116,0.977,48.31,1.115921,0.977077,48.31,23.4697,0.0,4.44,1.205,0.17,0.001,17.0
1210,1210,17_13,17_64,24226.01,86.21324,15.4449,0.0039,188.5078,75.0,82.0,1837.0,1411.0,1836.8892,1411.4586,1836.8892,1411.4586,142.0281883919391,27.584072468882663,1.576,1.366,76.81,0.00809,0.00684,81.62,1836.8892,1411.4586,142.0281883919391,27.584072468882663,0.51346177338,0.58032775426,0.51346177338,0.58032775426,0.769,0.709,69.63,0.7687786,0.709062,69.63,23.4344,0.0,2.39,1.154,0.133,0.983,17.0
1211,1211,17_14,17_63,835.7348,29.44722,19.1004,0.0383,188.5529,14.0,17.0,1828.0,1395.0,1828.3986,1395.285,1828.3986,1395.285,142.0308095450398,27.588655204658355,1.038,0.942,66.43,0.04635,0.04072,77.04,1828.3986,1395.285,142.0308095450398,27.588655204658355,0.45742905943,0.4687269813,0.45742905943,0.4687269813,0.697,0.664,52.26,0.6968516,0.6637423,52.26,23.4345,0.0,2.14,1.102,0.093,0.949,17.0
1212,1212,17_15,17_62,132.9144,16.63554,21.0966,0.1359,187.7935,4.0,6.0,1532.0,1389.0,1531.851,1388.7999,1531.851,1388.7999,142.12488662438432,27.59164308907222,0.763,0.567,44.81,0.115,0.08511,45.07,1531.851,1388.7999,142.12488662438432,27.59164308907222,0.82957864123,0.91659858547,0.82957864123,0.91659858547,0.989,0.876,57.12,0.9894961,0.875828,57.12,23.3914,0.0,3.89,1.346,0.257,0.505,17.0
1213,1213,17_16,17_61,13199.18,69.50061,16.1042,0.0057,188.1547,60.0,63.0,1662.0,1377.0,1662.298,1377.6219,1662.298,1377.6219,142.08344129762187,27.59428209993463,1.517,1.321,75.3,0.01112,0.00959,77.96,1662.298,1377.6219,142.08344129762187,27.59428209993463,0.49656424789,0.55077771345,0.49656424789,0.55077771345,0.748,0.698,69.26,0.7482325,0.6982049,69.26,23.4264,0.0,2.22,1.149,0.13,0.983,17.0
1214,1214,17_17,17_60,179217.8,189.9438,13.2721,0.0012,188.0425,159.0,167.0,1678.0,1371.0,1678.6184,1371.8313,1678.6184,1371.8313,142.07823655694548,27.59584664746388,1.707,1.489,73.48,0.00245,0.00217,69.33,1678.6184,1371.8313,142.07823655694548,27.59584664746388,0.53381675603,0.60071941761,0.53381675603,0.60071941761,0.782,0.724,70.04,0.7815903,0.7236385,70.04,23.415,0.0,2.5,1.147,0.128,0.983,17.0
1215,1215,17_18,17_59,5072.868,52.32035,17.1424,0.0112,187.7905,40.0,44.0,1930.0,1369.0,1929.7619,1368.8071,1929.7619,1368.8071,141.99852235232788,27.595689691385147,1.381,1.255,68.44,0.01867,0.01779,62.56,1929.7619,1368.8071,141.99852235232788,27.595689691385147,0.49933623662,0.56852744836,0.49933623662,0.56852744836,0.76,0.701,71.73,0.7596004,0.7006218,71.73,23.3766,0.0,2.3,1.1,0.091,0.987,17.0
1216,1216,17_19,17_58,36906.42,99.57835,14.9878,0.0029,188.6799,84.0,91.0,1991.0,1360.0,1990.6567,1360.4741,1990.6567,1360.4741,141.97915895323885,27.59778222362641,1.607,1.382,75.38,0.00611,0.00515,76.81,1990.6567,1360.4741,141.97915895323885,27.59778222362641,0.51370525047,0.57702089093,0.51370525047,0.57702089093,0.766,0.71,69.63,0.7662567,0.7096314,69.63,23.4371,0.0,2.42,1.162,0.14,0.983,17.0
1217,1217,17_20,17_57,3374.733,45.03291,17.585,0.0145,187.6239,29.0,34.0,1945.0,1362.0,1944.8983,1362.2062,1944.8983,1362.2062,141.9936884459276,27.59748390801242,1.304,1.157,72.67,0.02287,0.02044,73.28,1944.8983,1362.2062,141.9936884459276,27.59748390801242,0.48934406654,0.54888647339,0.48934406654,0.54888647339,0.746,0.694,71.08,0.7461989,0.6938428,71.08,23.3651,0.0,2.16,1.127,0.113,0.974,17.0
1218,1218,17_21,17_56,217.8222,18.36104,20.5603,0.0915,187.5647,5.0,7.0,1722.0,1363.0,1722.2966,1362.9426,1722.2966,1362.9426,142.06433574221126,27.598174349151616,0.719,0.648,-84.74,0.08477,0.07814,-89.14,1722.2966,1362.9426,142.06433574221126,27.598174349151616,0.28269532464,0.33786883421,0.28269532464,0.33786883421,0.586,0.526,-72.76,0.5862992,0.5261344,-72.76,23.3702,0.0,1.67,1.109,0.099,0.513,17.0
1219,1219,17_22,17_55,5147.646,52.59998,17.1266,0.0111,188.0571,36.0,45.0,1560.0,1359.0,1560.521,1359.1404,1560.521,1359.1404,142.1156606689307,27.59987447302992,1.422,1.222,73.85,0.0201,0.01651,76.53,1560.521,1359.1404,142.1156606689307,27.59987447302992,0.5161936779,0.5805944102,0.5161936779,0.5805944102,0.767,0.713,71.65,0.7671725,0.7129056,71.65,23.4077,0.0,2.43,1.164,0.141,0.981,17.0
1220,1220,17_23,17_54,2132.565,40.06258,18.0833,0.0204,188.59,24.0,29.0,1966.0,1347.0,1965.5926,1347.2716,1965.5926,1347.2716,141.98705202863488,27.601598674103524,1.256,1.097,74.08,0.03006,0.02665,76.41,1965.5926,1347.2716,141.98705202863488,27.601598674103524,0.47973655032,0.54571568344,0.47973655032,0.54571568344,0.746,0.685,69.69,0.7457792,0.6850296,69.69,23.4312,0.0,2.31,1.145,0.127,0.979,17.0
1221,1221,17_24,17_53,6120.796,54.5915,16.9386,0.0097,188.1808,44.0,46.0,1654.0,1342.0,1653.6132,1341.8339,1653.6132,1341.8339,142.08604067044794,27.60438079801618,1.427,1.254,72.77,0.01752,0.01486,70.1,1653.6132,1341.8339,142.08604067044794,27.60438079801618,0.51200029591,0.55268205177,0.51200029591,0.55268205177,0.749,0.71,68.23,0.7485975,0.7101297,68.23,23.4171,0.0,2.39,1.137,0.121,1.0,17.0
1222,1222,17_25,17_52,300.3449,19.86336,20.2115,0.0718,188.0341,7.0,8.0,1892.0,1330.0,1891.8684,1330.518,1891.8684,1330.518,142.01037294265785,27.60661238195587,0.84,0.647,47.97,0.08155,0.06045,54.8,1891.8684,1330.518,142.01037294265785,27.60661238195587,0.38287343591,0.35976643356,0.38287343591,0.35976643356,0.678,0.532,41.23,0.6778262,0.5321574,41.23,23.3949,0.0,2.53,1.299,0.23,0.611,17.0
1223,1223,17_26,17_51,11980.43,68.50125,16.2094,0.0062,188.3675,56.0,64.0,1784.0,1317.0,1784.0577,1316.9229,1784.0577,1316.9229,142.04452908550786,27.61087078957737,1.509,1.321,75.94,0.01221,0.01059,77.61,1784.0577,1316.9229,142.04452908550786,27.61087078957737,0.50368059327,0.5813602496,0.50368059327,0.5813602496,0.767,0.705,74.31,0.7668236,0.7049981,74.31,23.4175,0.0,2.31,1.143,0.125,0.98,17.0
1224,1224,17_27,17_50,4919.383,51.47906,17.1758,0.0114,188.1363,37.0,43.0,1667.0,1312.0,1666.6868,1312.7087,1666.6868,1312.7087,142.08176355899266,27.612520513885,1.401,1.241,59.75,0.0193,0.01729,51.72,1666.6868,1312.7087,142.08176355899266,27.612520513885,0.498565573,0.54990110952,0.498565573,0.54990110952,0.752,0.695,64.45,0.7517349,0.695242,64.45,23.4114,0.0,2.43,1.129,0.115,1.0,17.0
1225,1225,17_28,17_49,512.4414,24.62403,19.6315,0.0522,188.0946,11.0,12.0,1547.0,1314.0,1546.6505,1313.8313,1546.6505,1313.8313,142.1198680761148,27.612670124775544,0.976,0.765,34.5,0.06179,0.04715,32.61,1546.6505,1313.8313,142.1198680761148,27.612670124775544,0.41169783608,0.3994277993,0.41169783608,0.3994277993,0.67,0.601,40.97,0.6703441,0.6014685,40.97,23.4048,0.0,2.35,1.275,0.216,0.924,17.0
1226,1226,17_29,17_48,224.8465,20.64095,20.5259,0.0997,187.9256,8.0,9.0,1865.0,1310.0,1865.1217,1309.6798,1865.1217,1309.6798,142.01876708885283,27.612581286490265,0.941,0.673,71.2,0.10081,0.07249,69.8,1865.1217,1309.6798,142.01876708885283,27.612581286490265,0.92438743763,1.3353303726,0.92438743763,1.3353303726,1.158,0.959,83.62,1.157811,0.9587452,83.62,23.3859,0.0,3.1,1.398,0.285,0.368,17.0
1227,1227,17_30,17_47,511.3481,25.95488,19.6338,0.0551,187.6091,13.0,14.0,1976.0,1307.0,1976.4924,1307.4957,1976.4924,1307.4957,141.98340860428118,27.612739506406356,1.085,0.843,46.54,0.06896,0.05136,45.12,1976.4924,1307.4957,141.98340860428118,27.612739506406356,0.81947471518,0.89626456471,0.81947471518,0.89626456471,0.972,0.878,57.99,0.9723833,0.8776161,57.99,23.3812,0.0,3.19,1.288,0.223,0.079,17.0
1228,1228,17_31,17_46,3659.561,46.2954,17.497,0.0137,187.472,31.0,36.0,1726.0,1306.0,1726.3886,1305.8706,1726.3886,1305.8706,142.0627839095096,27.614208446071576,1.322,1.16,67.61,0.02245,0.01885,73.27,1726.3886,1305.8706,142.0627839095096,27.614208446071576,0.48024575547,0.53444788665,0.48024575547,0.53444788665,0.74,0.684,66.31,0.7398424,0.6836131,66.31,23.3644,0.0,2.34,1.14,0.123,1.0,17.0
1231,1231,17_34,17_43,484.2396,27.38694,19.6929,0.0614,187.9477,15.0,16.0,2005.0,1277.0,2005.398,1277.164,2005.398,1277.164,141.97409304016657,27.621149535356547,1.235,0.935,66.53,0.08218,0.06422,68.83,2005.398,1277.164,141.97409304016657,27.621149535356547,1.4050298022,1.451250793,1.4050298022,1.451250793,1.276,1.108,48.32,1.276019,1.108177,48.32,23.4083,3.0,4.42,1.321,0.243,0.098,17.0
1232,1232,17_35,17_43,1437.596,45.21165,18.5115,0.0342,187.9485,39.0,43.0,2004.0,1271.0,2003.7264,1271.5591,2003.7264,1271.5591,141.974597555182,27.62273266976404,2.103,1.324,-24.04,0.0756,0.04946,-21.54,2003.7264,1271.5591,141.974597555182,27.62273266976404,2.9795297161,2.1147097264,2.9795297161,2.1147097264,1.815,1.341,-27.34,1.815263,1.341291,-27.34,23.4069,18.0,6.66,1.589,0.371,0.0,17.0
1233,1233,17_36,17_42,245.054,19.63389,20.4324,0.087,188.6018,7.0,8.0,1870.0,1277.0,1869.8728,1277.1342,1869.8728,1277.1342,142.01711108620748,27.621714548250345,0.797,0.667,43.22,0.08328,0.06613,44.9,1869.8728,1277.1342,142.01711108620748,27.621714548250345,0.40110126018,0.38061393744,0.40110126018,0.38061393744,0.634,0.616,-10.27,0.6338739,0.6163758,-10.27,23.4309,0.0,1.83,1.195,0.163,0.531,17.0
1234,1234,17_37,17_41,36652.59,100.0593,14.9953,0.003,188.0924,86.0,95.0,1882.0,1267.0,1882.4258,1267.201,1882.4258,1267.201,142.0130812254799,27.624456947406728,1.61,1.408,76.15,0.00626,0.00546,82.06,1882.4258,1267.201,142.0130812254799,27.624456947406728,0.5273189125,0.60238875031,0.5273189125,0.60238875031,0.784,0.718,69.91,0.7835728,0.7181374,69.91,23.3985,0.0,2.69,1.144,0.126,0.99,17.0
1235,1235,17_38,17_40,470.1751,29.2165,19.7249,0.0675,188.9344,14.0,18.0,1714.0,1271.0,1714.0666,1270.8668,1714.0666,1270.8668,142.06654003261056,27.624101142266102,1.232,0.977,53.79,0.08677,0.06815,51.7,1714.0666,1270.8668,142.06654003261056,27.624101142266102,1.1996101379,1.2189364827,1.1996101379,1.2189364827,1.158,1.038,47.12,1.15769,1.038412,47.12,23.4635,0.0,4.14,1.26,0.207,0.002,17.0
1236,1236,17_39,17_39,211.1637,18.37286,20.594,0.0945,187.7606,6.0,7.0,1858.0,1271.0,1858.0089,1271.3036,1858.0089,1271.3036,142.0208504841685,27.623402346834077,0.731,0.657,9.13,0.08138,0.07522,1.01,1858.0089,1271.3036,142.0208504841685,27.623402346834077,0.63743190586,0.6338142716,0.63743190586,0.6338142716,0.845,0.746,44.34,0.8450819,0.7463798,44.34,23.3733,0.0,2.14,1.112,0.101,0.589,17.0
1237,1237,17_40,17_38,242.905,20.82425,20.442,0.0931,188.2069,7.0,9.0,1591.0,1271.0,1591.5866,1271.1369,1591.5866,1271.1369,142.1054204278894,27.62450397772654,0.944,0.665,18.94,0.10186,0.0732,19.8,1591.5866,1271.1369,142.1054204278894,27.62450397772654,0.92100406528,0.63805734994,0.92100406528,0.63805734994,0.98,0.774,19.15,0.979683,0.7741334,19.15,23.41,0.0,4.71,1.419,0.295,0.551,17.0
1238,1238,17_41,17_37,2059.401,39.59552,18.1212,0.0209,188.6191,24.0,29.0,1988.0,1259.0,1988.038,1259.236,1988.038,1259.236,141.97952018380778,27.626263209411785,1.294,1.096,66.91,0.03226,0.02621,62.93,1988.038,1259.236,141.97952018380778,27.626263209411785,0.49205944847,0.57631850228,0.49205944847,0.57631850228,0.765,0.695,72.81,0.7650105,0.6950805,72.81,23.4456,0.0,2.14,1.181,0.153,0.956,17.0
1239,1239,17_42,17_36,121.2485,15.42104,21.1964,0.1381,188.3364,5.0,5.0,1615.0,1259.0,1615.3879,1259.1565,1615.3879,1259.1565,142.09781298593617,27.62778094426995,0.758,0.443,70.77,0.12286,0.07088,71.53,1615.3879,1259.1565,142.09781298593617,27.62778094426995,0.75730021925,0.94083697357,0.75730021925,0.94083697357,0.986,0.852,69.3,0.9856049,0.8524789,69.3,23.4185,0.0,3.41,1.71,0.415,0.009,17.0
1240,1240,17_43,17_35,3361.127,45.3926,17.5894,0.0147,188.0787,31.0,35.0,1845.0,1253.0,1845.1982,1253.2255,1845.1982,1253.2255,142.02483508042965,27.62853811748436,1.335,1.165,79.13,0.024,0.02031,81.66,1845.1982,1253.2255,142.02483508042965,27.62853811748436,0.5021163854,0.57226114854,0.5021163854,0.57226114854,0.759,0.705,76.13,0.7594837,0.7053807,76.13,23.3952,0.0,2.23,1.146,0.127,0.959,17.0
1241,1241,17_44,17_34,637.4848,27.4204,19.3944,0.0467,188.4969,12.0,15.0,1728.0,1255.0,1727.4986,1254.753,1727.4986,1254.753,142.06220480683095,27.62857958076212,0.997,0.911,-86.05,0.05256,0.04621,-76.6,1727.4986,1254.753,142.06220480683095,27.62857958076212,0.39499546042,0.44485074958,0.39499546042,0.44485074958,0.675,0.62,67.57,0.6746005,0.6202905,67.57,23.4332,0.0,2.27,1.095,0.087,0.983,17.0
1243,1243,17_46,17_32,166.4722,16.92552,20.8522,0.1104,188.0289,4.0,6.0,1764.0,1206.0,1763.4922,1205.9523,1763.4922,1205.9523,142.05056102733727,27.64216028171129,0.771,0.5,89.93,0.10175,0.06248,89.95,1763.4922,1205.9523,142.05056102733727,27.64216028171129,0.47032208456,0.46762152585,0.47032208456,0.46762152585,0.693,0.676,41.58,0.6930365,0.6764939,41.58,23.4031,0.0,1.79,1.542,0.351,0.579,17.0
1245,1245,17_48,17_30,508.3972,28.33489,19.6401,0.0605,187.3618,16.0,16.0,1535.0,1192.0,1534.3626,1192.1992,1534.3626,1192.1992,142.1232471269836,27.646923399708324,1.167,0.929,89.12,0.07833,0.05993,-85.59,1534.3626,1192.1992,142.1232471269836,27.646923399708324,0.88318655157,1.0468496457,0.88318655157,1.0468496457,1.037,0.924,68.69,1.037411,0.9240204,68.69,23.3373,0.0,3.59,1.257,0.204,0.061,17.0
1246,1246,17_49,17_29,1712.267,39.1776,18.3216,0.0248,188.3998,25.0,29.0,1961.0,1184.0,1961.3558,1184.1547,1961.3558,1184.1547,141.9876431737996,27.647487377662685,1.404,1.07,47.71,0.04088,0.02994,46.39,1961.3558,1184.1547,141.9876431737996,27.647487377662685,0.63463314213,0.69553402165,0.63463314213,0.69553402165,0.874,0.753,53.99,0.8738989,0.7526406,53.99,23.4223,0.0,3.02,1.312,0.238,0.666,17.0
1247,1247,17_50,17_28,11121.8,67.17593,16.2901,0.0066,187.4649,54.0,63.0,1882.0,1176.0,1882.5898,1176.8055,1882.5898,1176.8055,142.0126172391559,27.649876923675876,1.513,1.32,67.08,0.01287,0.01109,61.14,1882.5898,1176.8055,142.0126172391559,27.649876923675876,0.5015126877,0.56289034935,0.5015126877,0.56289034935,0.757,0.701,69.93,0.7565362,0.701467,69.93,23.361,0.0,2.4,1.146,0.127,0.999,17.0
1248,1248,17_51,17_27,732.1609,28.4697,19.2441,0.0422,187.8207,14.0,16.0,2015.0,1175.0,2014.5231,1174.9247,2014.5231,1174.9247,141.9707201814205,27.649862504787293,1.043,0.896,86.17,0.05199,0.04262,89.88,2014.5231,1174.9247,141.9707201814205,27.649862504787293,0.40992434582,0.4763388834,0.40992434582,0.4763388834,0.697,0.633,70.9,0.6967018,0.6331428,70.9,23.3916,16.0,2.3,1.164,0.141,0.929,17.0
1249,1249,17_52,17_26,617.2739,26.55069,19.4294,0.0467,188.3499,10.0,14.0,1762.0,1163.0,1762.1787,1163.5091,1762.1787,1163.5091,142.05078863860737,27.654101227535737,0.958,0.889,73.63,0.0496,0.04857,85.42,1762.1787,1163.5091,142.05078863860737,27.654101227535737,0.43342453421,0.47734036745,0.43342453421,0.47734036745,0.705,0.643,60.74,0.7052943,0.6429035,60.74,23.4256,0.0,2.23,1.077,0.071,0.943,17.0
1250,1250,17_53,17_25,18162.08,79.09804,15.7577,0.0047,187.7833,69.0,77.0,2013.0,1158.0,2013.3084,1158.4054,2013.3084,1158.4054,141.97102889466308,27.65451290444774,1.574,1.341,78.48,0.00987,0.00795,82.4,2013.3084,1158.4054,141.97102889466308,27.65451290444774,0.52254053806,0.59223231939,0.52254053806,0.59223231939,0.774,0.718,73.02,0.7742054,0.717899,73.02,23.3925,24.0,2.44,1.173,0.148,0.983,17.0
1251,1251,17_54,17_23,145.5214,15.69045,20.9983,0.1171,189.0016,4.0,5.0,1652.0,1158.0,1651.605,1157.7383,1651.605,1157.7383,142.08587229928534,27.656160739295,0.724,0.46,72.68,0.10477,0.06085,71.82,1651.605,1157.7383,142.08587229928534,27.656160739295,0.43149975858,0.47794138101,0.43149975858,0.47794138101,0.696,0.652,71.52,0.6955442,0.6524258,71.52,23.4327,0.0,3.39,1.574,0.365,0.366,17.0
1252,1252,17_55,17_24,260.0115,19.66175,20.3681,0.0821,188.2684,8.0,8.0,1908.0,1160.0,1908.1073,1160.1826,1908.1073,1160.1826,142.00443939716993,27.654447335926857,0.793,0.679,-43.97,0.08224,0.06536,-45.23,1908.1073,1160.1826,142.00443939716993,27.654447335926857,0.47125438836,0.5145821314,0.47125438836,0.5145821314,0.722,0.682,70.64,0.7215871,0.682018,70.64,23.4161,0.0,2.2,1.169,0.145,0.326,17.0
1253,1253,17_56,17_21,459669.2,294.9537,12.2495,0.0007,189.1497,255.0,279.0,1568.0,1126.0,1567.7568,1126.5152,1567.7568,1126.5152,142.11236145946933,27.66526670062465,1.916,1.651,77.17,0.00163,0.00144,79.8,1567.7568,1126.5152,142.11236145946933,27.66526670062465,0.83082756414,1.1144034424,0.83082756414,1.1144034424,1.059,0.908,81.55,1.058677,0.907984,81.55,23.4314,0.0,4.58,1.16,0.138,0.999,17.0
1254,1254,17_57,17_19,978797.6,421.8337,11.4288,0.0005,188.847,432.0,456.0,1657.0,1123.0,1655.7639,1122.9057,1655.7639,1122.9057,142.08439923103376,27.665939914643328,2.447,1.9,81.67,0.00133,0.00116,80.71,1655.7639,1122.9057,142.08439923103376,27.665939914643328,1.6831674057,2.4330976853,1.6831674057,2.4330976853,1.57,1.285,78.77,1.569683,1.285442,78.77,23.4335,4.0,12.92,1.288,0.224,1.0,17.0
1256,1256,17_59,17_16,16326.64,79.3326,15.8733,0.0053,189.6259,69.0,79.0,1550.0,1125.0,1549.9355,1124.9456,1549.9355,1124.9456,142.11801384545885,27.66577666439573,1.599,1.436,61.34,0.01082,0.00982,46.76,1549.9355,1124.9456,142.11801384545885,27.66577666439573,0.54375344178,0.62404046364,0.54375344178,0.62404046364,0.795,0.732,72.91,0.7952514,0.7316892,72.91,23.4643,0.0,2.54,1.113,0.102,0.984,17.0
1257,1257,17_60,17_15,996.4406,33.51244,18.9094,0.0365,189.4898,17.0,21.0,1585.0,1121.0,1584.5433,1121.6884,1584.5433,1121.6884,142.1070100701826,27.666559283395063,1.141,1.044,55.76,0.04567,0.0416,52.39,1584.5433,1121.6884,142.1070100701826,27.666559283395063,0.54496076139,0.54477385008,0.54496076139,0.54477385008,0.757,0.719,44.9,0.7569625,0.718848,44.9,23.4538,0.0,2.22,1.093,0.085,0.899,17.0
1259,1259,17_62,17_13,516.9721,26.17313,19.6219,0.055,188.2838,11.0,13.0,1525.0,1105.0,1525.234,1104.8923,1525.234,1104.8923,142.12577205622,27.67151064207347,0.963,0.867,-65.49,0.06214,0.05408,-61.41,1525.234,1104.8923,142.12577205622,27.67151064207347,0.45440227787,0.51793171107,0.45440227787,0.51793171107,0.72,0.674,88.22,0.7197176,0.6740479,88.22,23.3787,0.0,2.73,1.11,0.099,0.903,17.0
1260,1260,17_63,17_20,189.7369,19.43793,20.7102,0.1113,188.5099,3.0,8.0,1756.0,1130.0,1754.475,1134.5034,1754.475,1134.5034,142.0531054230399,27.66228871027748,0.501,0.498,-50.57,0.08565,0.08554,-17.65,1754.475,1134.5034,142.0531054230399,27.66228871027748,0.9831967313,1.0617738957,0.9831967313,1.0617738957,1.031,0.99,80.82,1.031446,0.9904997,80.82,23.4353,0.0,2.77,1.006,0.006,0.547,17.0
1262,1262,17_65,17_10,2139.906,41.26816,18.0796,0.0209,188.1515,25.0,31.0,1638.0,1088.0,1637.6609,1088.4738,1637.6609,1088.4738,142.08999754899713,27.67569334056305,1.289,1.146,65.28,0.03119,0.02816,64.85,1637.6609,1088.4738,142.08999754899713,27.67569334056305,0.50253417048,0.54799557466,0.50253417048,0.54799557466,0.753,0.696,61.82,0.7525209,0.6958751,61.82,23.3941,0.0,2.29,1.124,0.11,0.977,17.0
1263,1263,17_66,17_9,1910.363,39.58755,18.2028,0.0225,188.2511,24.0,28.0,1566.0,1080.0,1565.8155,1080.2496,1565.8155,1080.2496,142.1127785917718,27.67828470219365,1.25,1.103,69.13,0.03265,0.02837,68.87,1565.8155,1080.2496,142.1127785917718,27.67828470219365,0.50314029057,0.55619104983,0.50314029057,0.55619104983,0.752,0.703,69.52,0.7515237,0.7032378,69.52,23.3981,0.0,2.05,1.133,0.118,0.959,17.0
1264,1264,17_67,17_8,383.3912,25.82112,19.9465,0.0731,187.9614,13.0,14.0,1815.0,1073.0,1814.524,1073.44,1814.524,1073.44,142.03376275172243,27.679219764603378,1.085,0.849,42.8,0.08693,0.06486,44.99,1814.524,1073.44,142.03376275172243,27.679219764603378,0.69644106211,0.63100440195,0.69644106211,0.63100440195,0.844,0.784,23.77,0.8439075,0.7843886,23.77,23.4098,0.0,2.81,1.278,0.218,0.233,17.0
1266,1266,17_69,17_6,1332.166,34.03136,18.5942,0.0277,188.2765,18.0,22.0,1812.0,1047.0,1811.6449,1047.3001,1811.6449,1047.3001,142.0345594726105,27.686581983998774,1.154,1.022,83.69,0.03775,0.03183,88.08,1811.6449,1047.3001,142.0345594726105,27.686581983998774,0.50283677892,0.52858669482,0.50283677892,0.52858669482,0.731,0.705,66.83,0.7310005,0.705026,66.83,23.4416,0.0,2.18,1.129,0.114,0.972,17.0
1267,1267,17_70,17_5,1087.645,32.71892,18.8144,0.0327,187.5338,17.0,21.0,1750.0,1047.0,1749.6327,1047.1323,1749.6327,1047.1323,142.05425406588802,27.686877443308205,1.157,1.007,74.01,0.04426,0.03871,73.77,1749.6327,1047.1323,142.05425406588802,27.686877443308205,0.4774150413,0.52913111735,0.4774150413,0.52913111735,0.731,0.688,73.93,0.7306248,0.6875562,73.93,23.3884,0.0,2.68,1.149,0.13,0.971,17.0
1268,1268,17_71,17_4,241.432,19.55044,20.4486,0.0879,187.5013,6.0,8.0,1544.0,1049.0,1544.1606,1048.8376,1544.1606,1048.8376,142.11952106413744,27.68720137359806,0.804,0.674,43.69,0.08753,0.06969,44.94,1544.1606,1048.8376,142.11952106413744,27.68720137359806,0.63809154443,0.5780253015,0.63809154443,0.5780253015,0.801,0.758,13.13,0.8009672,0.7580029,13.13,23.394,0.0,3.44,1.192,0.161,0.434,17.0
1269,1269,17_72,17_3,188.0731,18.22555,20.7198,0.1052,187.912,4.0,7.0,1830.0,1041.0,1829.3365,1040.9732,1829.3365,1040.9732,142.0289120128544,27.688289791415905,0.734,0.665,83.85,0.09014,0.0835,-89.65,1829.3365,1040.9732,142.0289120128544,27.688289791415905,0.66564371916,0.64007792704,0.66564371916,0.64007792704,0.85,0.763,39.74,0.8501945,0.763473,39.74,23.4139,0.0,4.13,1.104,0.094,0.488,17.0
1270,1270,17_73,17_2,3089.748,44.56485,17.6808,0.0157,187.9157,29.0,35.0,1646.0,1035.0,1646.4451,1034.9442,1646.4451,1034.9442,142.08697390273096,27.69071198274088,1.329,1.166,74.47,0.02514,0.02197,77.54,1646.4451,1034.9442,142.08697390273096,27.69071198274088,0.49747115975,0.56633037874,0.49747115975,0.56633037874,0.757,0.701,74.0,0.756635,0.7009315,74.0,23.4294,0.0,2.39,1.14,0.123,0.999,17.0
1271,1271,18_1,18_3,1070.516,34.21444,18.8316,0.0347,188.1057,21.0,23.0,2518.0,1021.0,2517.948,1020.6454,2517.948,1020.6454,141.81011919485846,27.691051772431425,1.452,0.959,86.62,0.0626,0.03974,84.02,2517.948,1020.6454,141.81011919485846,27.691051772431425,0.64845882433,1.0189564833,0.64845882433,1.0189564833,1.01,0.805,-88.64,1.009538,0.8051391,-88.64,23.3901,24.0,4.24,1.515,0.34,0.13,18.0
1272,1272,18_2,18_2,474.6402,23.35865,19.7147,0.0534,187.8596,5.0,11.0,2390.0,1014.0,2390.454,1014.1834,2390.454,1014.1834,141.85057498648294,27.693442781168656,1.001,0.654,43.0,0.06205,0.04121,40.93,2390.454,1014.1834,141.85057498648294,27.693442781168656,0.27342289929,0.29074286971,0.27342289929,0.29074286971,0.697,0.281,46.22,0.6965293,0.281092,46.22,23.3993,0.0,4.59,1.531,0.347,0.976,18.0
1274,1274,18_4,18_64,15415.04,74.8993,15.9357,0.0053,187.6807,69.0,76.0,2332.0,1492.0,2332.5453,1492.7471,2332.5453,1492.7471,141.87131450909862,27.55912668802395,1.614,1.346,80.41,0.01209,0.00906,84.67,2332.5453,1492.7471,141.87131450909862,27.55912668802395,0.49911221437,0.56146326221,0.49911221437,0.56146326221,0.753,0.702,73.56,0.753265,0.7022588,73.56,23.4195,3.0,2.25,1.199,0.166,0.991,18.0
1275,1275,18_5,18_64,65337.98,124.3916,14.3677,0.0021,188.0171,104.0,120.0,2331.0,1480.0,2331.1413,1480.2326,2331.1413,1480.2326,141.8716984142077,27.562652169196152,1.651,1.429,74.18,0.00453,0.00388,75.21,2331.1413,1480.2326,141.8716984142077,27.562652169196152,0.51659505274,0.59504122,0.51659505274,0.59504122,0.777,0.713,73.07,0.7765669,0.7131481,73.07,23.4407,2.0,2.32,1.156,0.135,0.983,18.0
1276,1276,18_6,18_63,200178.3,200.5485,13.152,0.0011,187.4347,168.0,187.0,2106.0,1479.0,2106.0924,1479.6293,2106.0924,1479.6293,141.94308998558867,27.563790058214057,1.71,1.491,74.33,0.00233,0.00208,72.49,2106.0924,1479.6293,141.94308998558867,27.563790058214057,0.52354507545,0.59927623474,0.52354507545,0.59927623474,0.78,0.717,71.54,0.7802383,0.7169724,71.54,23.3847,0.0,2.38,1.147,0.128,0.984,18.0
1278,1278,18_8,18_60,801.033,29.53982,19.1464,0.04,187.3039,15.0,18.0,2224.0,1467.0,2224.0491,1467.2394,2224.0491,1467.2394,141.90560895983174,27.56677153327216,1.069,0.98,-74.73,0.05063,0.04613,-59.48,2224.0491,1467.2394,141.90560895983174,27.56677153327216,0.49687837239,0.59002799216,0.49687837239,0.59002799216,0.768,0.705,86.87,0.7683142,0.7046983,86.87,23.3906,0.0,2.39,1.09,0.083,0.748,18.0
1279,1279,18_9,18_59,337.2842,21.87625,20.0856,0.0704,187.6373,9.0,10.0,2039.0,1467.0,2039.1441,1467.493,2039.1441,1467.493,141.96427265008336,27.567484093214706,0.914,0.726,88.99,0.07787,0.05742,89.89,2039.1441,1467.493,141.96427265008336,27.567484093214706,0.45005491735,0.51073284991,0.45005491735,0.51073284991,0.715,0.671,85.68,0.7148992,0.6706018,85.68,23.3994,0.0,2.14,1.259,0.205,0.637,18.0
1280,1280,18_10,18_58,269.5793,20.43374,20.3289,0.0823,187.2791,6.0,9.0,2179.0,1449.0,2179.0246,1448.9988,2179.0246,1448.9988,141.91980564112907,27.572094378337862,0.775,0.764,-49.59,0.07246,0.07238,-38.79,2179.0246,1448.9988,141.91980564112907,27.572094378337862,0.47116805668,0.47709675495,0.47116805668,0.47709675495,0.702,0.675,-49.72,0.7015802,0.6753148,-49.72,23.3801,0.0,2.11,1.014,0.013,0.61,18.0
1282,1282,18_12,18_56,8531.833,60.74168,16.578,0.0077,188.0085,45.0,56.0,2310.0,1409.0,2309.6162,1409.6207,2309.6162,1409.6207,141.8781812212223,27.582603714326986,1.479,1.282,74.7,0.01469,0.01268,71.83,2309.6162,1409.6207,141.8781812212223,27.582603714326986,0.5019542644,0.57077393296,0.5019542644,0.57077393296,0.76,0.703,72.7,0.7603735,0.7032498,72.7,23.43,0.0,2.3,1.154,0.134,0.998,18.0
1283,1283,18_13,18_55,163.9045,15.2747,20.8691,0.1012,188.0497,5.0,5.0,2353.0,1406.0,2353.4181,1405.7913,2353.4181,1405.7913,141.86426476770671,27.58348835431115,0.724,0.455,-70.23,0.10278,0.05975,-71.45,2353.4181,1405.7913,141.86426476770671,27.58348835431115,0.4048509514,0.40633823689,0.4048509514,0.40633823689,0.674,0.598,-45.44,0.6735546,0.5979242,-45.44,23.4313,0.0,2.71,1.59,0.371,0.527,18.0
1284,1284,18_14,18_54,100270.1,148.1547,13.9026,0.0016,188.3402,127.0,138.0,2150.0,1398.0,2149.8142,1397.9077,2149.8142,1397.9077,141.92882954179225,27.586586887698804,1.675,1.468,76.23,0.00342,0.00306,84.09,2149.8142,1397.9077,141.92882954179225,27.586586887698804,0.52781664794,0.60322515834,0.52781664794,0.60322515834,0.781,0.722,73.85,0.7811068,0.7217437,73.85,23.4415,0.0,2.54,1.141,0.124,0.983,18.0
1285,1285,18_15,18_53,2304.81,42.46472,17.999,0.02,187.6667,26.0,34.0,2023.0,1396.0,2023.4667,1396.6443,2023.4667,1396.6443,141.96891561555196,27.587474024767808,1.364,1.13,65.64,0.03378,0.02623,63.92,2023.4667,1396.6443,141.96891561555196,27.587474024767808,0.47146004746,0.52179337434,0.47146004746,0.52179337434,0.73,0.679,67.07,0.729909,0.6785914,67.07,23.4067,0.0,2.38,1.207,0.172,0.979,18.0
1287,1287,18_17,18_51,799.6678,29.55881,19.1483,0.0401,188.0356,14.0,18.0,2187.0,1387.0,2186.6951,1386.9042,2186.6951,1386.9042,141.917074121153,27.589523863121443,1.112,0.918,85.17,0.05248,0.0416,89.81,2186.6951,1386.9042,141.917074121153,27.589523863121443,0.39587026215,0.4899921541,0.39587026215,0.4899921541,0.706,0.623,74.1,0.7059039,0.6225448,74.1,23.4274,0.0,2.21,1.211,0.175,0.943,18.0
1288,1288,18_18,18_50,32700.17,95.45905,15.1192,0.0032,188.0097,83.0,90.0,2078.0,1383.0,2077.8183,1383.1273,2077.8183,1383.1273,141.9516051412834,27.591047929896213,1.582,1.39,74.85,0.00643,0.00587,74.06,2077.8183,1383.1273,141.9516051412834,27.591047929896213,0.51380632465,0.5913474254,0.51380632465,0.5913474254,0.775,0.71,72.04,0.774888,0.7104241,72.04,23.4137,0.0,2.43,1.138,0.121,0.99,18.0
1289,1289,18_19,18_49,316.0388,22.48161,20.1562,0.0773,187.6956,9.0,11.0,2262.0,1368.0,2262.0605,1368.3635,2262.0605,1368.3635,141.89306973933964,27.594412970590653,0.991,0.739,71.8,0.0914,0.06482,74.71,2262.0605,1368.3635,141.89306973933964,27.594412970590653,0.66884267633,0.67256635473,0.66884267633,0.67256635473,0.848,0.789,46.11,0.8478746,0.7889978,46.11,23.4094,0.0,3.22,1.34,0.254,0.15,18.0
1291,1291,18_21,18_47,67904.85,126.0901,14.3258,0.002,188.4617,107.0,119.0,2396.0,1346.0,2395.8237,1346.6596,2395.8237,1346.6596,141.85051705383418,27.599929215351885,1.662,1.441,72.34,0.00438,0.00374,71.96,2395.8237,1346.6596,141.85051705383418,27.599929215351885,0.52884776503,0.59853334487,0.52884776503,0.59853334487,0.779,0.722,71.98,0.7789582,0.7215298,71.98,23.4534,0.0,2.51,1.153,0.133,0.985,18.0
1292,1292,18_22,18_46,192.0252,17.9064,20.6972,0.1013,189.3828,6.0,7.0,2417.0,1348.0,2417.3181,1348.0557,2417.3181,1348.0557,141.84370336151903,27.59944099776229,0.725,0.654,79.09,0.09002,0.08309,87.94,2417.3181,1348.0557,141.84370336151903,27.59944099776229,0.41295310843,0.44007850351,0.41295310843,0.44007850351,0.672,0.634,61.74,0.671644,0.6339763,61.74,23.5206,0.0,2.59,1.108,0.097,0.281,18.0
1293,1293,18_23,18_45,5708.093,53.81783,17.0143,0.0102,188.5149,43.0,48.0,2264.0,1289.0,2263.7068,1289.0737,2263.7068,1289.0737,141.89216232381708,27.61670299608532,1.456,1.253,76.44,0.01926,0.01571,79.32,2263.7068,1289.0737,141.89216232381708,27.61670299608532,0.5131110283,0.5648450414,0.5131110283,0.5648450414,0.76,0.707,65.67,0.7603524,0.7069797,65.67,23.4693,0.0,2.44,1.163,0.14,0.997,18.0
1294,1294,18_24,18_44,103488.6,150.0198,13.8683,0.0016,188.7894,132.0,142.0,2158.0,1281.0,2158.1249,1281.4803,2158.1249,1281.4803,141.92563666729512,27.619292754971436,1.687,1.461,73.02,0.00345,0.00299,72.35,2158.1249,1281.4803,141.92563666729512,27.619292754971436,0.53763714292,0.61811948597,0.53763714292,0.61811948597,0.793,0.726,71.62,0.7925339,0.7263929,71.62,23.4919,0.0,2.43,1.155,0.134,0.995,18.0
1295,1295,18_25,18_43,464.0976,25.64083,19.739,0.06,187.6487,12.0,14.0,2437.0,1284.0,2436.8701,1283.672,2436.8701,1283.672,141.83717791207758,27.617458546956907,1.069,0.851,29.49,0.07474,0.05807,24.67,2436.8701,1283.672,141.83717791207758,27.617458546956907,0.72286339403,0.70824233202,0.72286339403,0.70824233202,0.894,0.795,42.49,0.8938594,0.7950605,42.49,23.3985,0.0,2.79,1.256,0.204,0.147,18.0
1296,1296,18_26,18_42,420.4793,24.54483,19.8462,0.0634,188.3789,9.0,13.0,2170.0,1261.0,2170.3308,1261.5361,2170.3308,1261.5361,141.92166714646834,27.624849151867377,0.953,0.854,-58.25,0.06972,0.05998,-46.07,2170.3308,1261.5361,141.92166714646834,27.624849151867377,0.4249508665,0.50882654004,0.4249508665,0.50882654004,0.714,0.651,84.11,0.7139528,0.6511903,84.11,23.4587,0.0,2.69,1.116,0.104,0.824,18.0
1297,1297,18_27,18_41,280.2311,23.5137,20.2868,0.0911,187.8055,10.0,12.0,2343.0,1234.0,2343.0892,1233.8657,2343.0892,1233.8657,141.86669657874592,27.63188047666867,1.162,0.724,-79.03,0.11204,0.06808,-80.5,2343.0892,1233.8657,141.86669657874592,27.63188047666867,1.0729101077,1.4991856485,1.0729101077,1.4991856485,1.244,1.012,-72.25,1.24413,1.012045,-72.25,23.4025,0.0,4.34,1.606,0.377,0.012,18.0
1298,1298,18_28,18_40,10866.98,65.62215,16.3153,0.0066,187.3427,55.0,61.0,2167.0,1220.0,2167.4888,1220.0717,2167.4888,1220.0717,141.9223710784719,27.6365214078914,1.528,1.313,73.48,0.01327,0.01093,77.0,2167.4888,1220.0717,141.9223710784719,27.6365214078914,0.52612058735,0.60216349766,0.52612058735,0.60216349766,0.783,0.718,70.37,0.7831014,0.7176603,70.37,23.379,0.0,2.75,1.164,0.141,0.989,18.0
1299,1299,18_29,18_39,216.3861,18.13107,20.5675,0.091,187.7627,7.0,7.0,2456.0,1206.0,2456.3308,1206.0177,2456.3308,1206.0177,141.83061327287058,27.639207326763795,0.737,0.657,79.68,0.08393,0.07766,88.38,2456.3308,1206.0177,141.83061327287058,27.639207326763795,0.44130142653,0.4576765475,0.44130142653,0.4576765475,0.701,0.639,50.7,0.7006381,0.6388147,50.7,23.4018,0.0,2.98,1.121,0.108,0.199,18.0
1300,1300,18_30,18_38,1090.405,33.78594,18.8116,0.0336,187.7859,19.0,23.0,2474.0,1196.0,2473.9178,1196.494,2473.9178,1196.494,141.82498301234688,27.64180613350825,1.223,1.012,60.72,0.04877,0.03904,60.73,2473.9178,1196.494,141.82498301234688,27.64180613350825,0.50173037713,0.57073317701,0.50173037713,0.57073317701,0.763,0.7,68.98,0.7633365,0.6998435,68.98,23.4004,0.0,2.13,1.208,0.172,0.89,18.0
1301,1301,18_31,18_37,14520.18,72.24894,16.0006,0.0054,188.1321,62.0,68.0,2439.0,1187.0,2439.1121,1187.7407,2439.1121,1187.7407,141.8359877326613,27.644423942715648,1.55,1.335,74.16,0.0109,0.00921,72.17,2439.1121,1187.7407,141.8359877326613,27.644423942715648,0.51842982935,0.60262416506,0.51842982935,0.60262416506,0.779,0.717,77.14,0.7792637,0.7167999,77.14,23.427,0.0,2.31,1.161,0.139,0.981,18.0
1302,1302,18_32,18_36,54767.54,116.5326,14.5593,0.0023,187.8504,103.0,112.0,2130.0,1177.0,2130.5222,1177.2671,2130.5222,1177.2671,141.93390277767813,27.648715807562134,1.646,1.431,73.66,0.00491,0.00439,71.59,2130.5222,1177.2671,141.93390277767813,27.648715807562134,0.53306210106,0.60132893515,0.53306210106,0.60132893515,0.782,0.723,70.1,0.7820674,0.7230225,70.1,23.4075,0.0,2.71,1.15,0.131,0.999,18.0
1303,1303,18_33,18_35,60568.57,121.0901,14.45,0.0022,188.1877,105.0,115.0,2285.0,1172.0,2284.78,1172.6248,2284.78,1172.6248,141.8849069556453,27.649356974200728,1.65,1.434,73.36,0.00467,0.00404,72.28,2284.78,1172.6248,141.8849069556453,27.649356974200728,0.53187646548,0.60156731952,0.53187646548,0.60156731952,0.783,0.722,69.84,0.7825752,0.721817,69.84,23.4247,0.0,2.49,1.151,0.131,0.985,18.0
1304,1304,18_34,18_34,255.4342,18.32454,20.3874,0.0779,188.395,6.0,7.0,2150.0,1176.0,2149.6468,1175.9262,2149.6468,1175.9262,141.927824658255,27.649011477774472,0.738,0.637,85.83,0.06935,0.06378,86.45,2149.6468,1175.9262,141.927824658255,27.649011477774472,0.3762070888,0.50076279015,0.3762070888,0.50076279015,0.708,0.613,-89.3,0.7076592,0.6133419,-89.3,23.4475,0.0,2.21,1.157,0.136,0.784,18.0
1306,1306,18_36,18_32,1134.798,32.7872,18.7683,0.0314,187.7295,17.0,21.0,2437.0,1174.0,2437.0134,1173.8868,2437.0134,1173.8868,141.83658486089593,27.64832893123096,1.1,1.038,72.36,0.03823,0.03786,80.34,2437.0134,1173.8868,141.83658486089593,27.64832893123096,0.47494975308,0.53716717185,0.47494975308,0.53716717185,0.74,0.681,68.94,0.7402731,0.6812581,68.94,23.3997,0.0,2.17,1.06,0.056,0.962,18.0
1307,1307,18_37,18_31,383.9719,25.64108,19.9448,0.0725,188.1863,13.0,14.0,2381.0,1165.0,2381.3508,1165.2213,2381.3508,1165.2213,141.8542123934581,27.651013812067823,1.105,0.876,63.15,0.08655,0.06737,65.47,2381.3508,1165.2213,141.8542123934581,27.651013812067823,1.1344264655,1.3080857928,1.1344264655,1.3080857928,1.17,1.036,62.92,1.170291,1.035824,62.92,23.4357,0.0,3.35,1.262,0.208,0.015,18.0
1308,1308,18_38,18_30,280.3928,20.69045,20.2862,0.0801,188.1977,8.0,9.0,2314.0,1166.0,2314.3251,1165.8269,2314.3251,1165.8269,141.8754940100881,27.65113925106736,0.879,0.673,22.5,0.08596,0.0623,20.63,2314.3251,1165.8269,141.8754940100881,27.65113925106736,0.47895371769,0.45118186877,0.47895371769,0.45118186877,0.731,0.629,39.27,0.7314394,0.6285952,39.27,23.4278,0.0,2.22,1.306,0.235,0.556,18.0
1309,1309,18_39,18_29,6065.937,56.11287,16.9483,0.01,189.7712,44.0,51.0,2264.0,1162.0,2263.6316,1162.7221,2263.6316,1162.7221,141.89157295773524,27.65223370548663,1.426,1.314,78.16,0.01747,0.01664,83.59,2263.6316,1162.7221,141.89157295773524,27.65223370548663,0.49612609058,0.55399836525,0.49612609058,0.55399836525,0.749,0.7,72.19,0.7487732,0.6996164,72.19,23.539,0.0,2.3,1.085,0.079,1.0,18.0
1311,1311,18_41,18_27,165240.4,183.4043,13.3603,0.0012,188.8372,156.0,164.0,2253.0,1150.0,2253.1635,1150.6368,2253.1635,1150.6368,141.89483785835998,27.6556775292993,1.701,1.484,74.0,0.00255,0.00229,73.75,2253.1635,1150.6368,141.89483785835998,27.6556775292993,0.5308636171,0.60862172584,0.5308636171,0.60862172584,0.786,0.723,72.37,0.7857238,0.7225811,72.37,23.47,0.0,2.41,1.147,0.128,0.993,18.0
1312,1312,18_42,18_26,273.5039,19.71534,20.3132,0.0783,187.9025,7.0,8.0,2065.0,1156.0,2065.1423,1155.7782,2065.1423,1155.7782,141.95455902966464,27.655034838062264,0.786,0.676,42.84,0.07607,0.06084,45.76,2065.1423,1155.7782,141.95455902966464,27.655034838062264,0.46466237254,0.47510649022,0.46466237254,0.47510649022,0.704,0.666,-50.85,0.7040229,0.6664237,-50.85,23.4022,0.0,2.36,1.162,0.14,0.63,18.0
1313,1313,18_43,18_25,10446.32,66.04222,16.3582,0.0069,187.9217,53.0,62.0,2054.0,1148.0,2053.8519,1148.4982,2053.8519,1148.4982,141.95810965771494,27.657129403384847,1.525,1.337,68.07,0.01345,0.01163,61.64,2053.8519,1148.4982,141.95810965771494,27.657129403384847,0.53967880782,0.60880157337,0.53967880782,0.60880157337,0.788,0.727,69.36,0.7875463,0.7268089,69.36,23.4038,0.0,2.45,1.14,0.123,0.983,18.0
1314,1314,18_44,18_24,345.7676,22.88723,20.0586,0.0719,189.5285,10.0,11.0,2239.0,1148.0,2239.2465,1147.7201,2239.2465,1147.7201,141.89924231714957,27.656558035830894,1.073,0.702,78.82,0.09165,0.05506,79.91,2239.2465,1147.7201,141.89924231714957,27.656558035830894,0.43766965679,0.55468088278,0.43766965679,0.55468088278,0.747,0.659,81.3,0.7466487,0.6594439,81.3,23.5206,0.0,2.76,1.529,0.346,0.582,18.0
1315,1315,18_45,18_23,112582.6,155.757,13.7769,0.0015,187.9981,134.0,144.0,2216.0,1142.0,2215.9367,1142.6467,2215.9367,1142.6467,141.90661869397007,27.65808540506641,1.695,1.474,75.26,0.00324,0.00284,79.01,2215.9367,1142.6467,141.90661869397007,27.65808540506641,0.5387289563,0.61528271555,0.5387289563,0.61528271555,0.789,0.729,73.18,0.7892911,0.7287189,73.18,23.4161,0.0,2.46,1.15,0.13,0.983,18.0
1317,1317,18_47,18_21,836.967,30.05284,19.0988,0.039,189.2339,17.0,18.0,2248.0,1137.0,2248.4946,1137.1674,2248.4946,1137.1674,141.89625500807404,27.659485325988804,1.102,0.945,83.19,0.04894,0.03996,89.42,2248.4946,1137.1674,141.89625500807404,27.659485325988804,0.47223502741,0.52904202892,0.47223502741,0.52904202892,0.735,0.68,68.47,0.7345147,0.6795332,68.47,23.4958,0.0,2.29,1.166,0.142,0.909,18.0
1318,1318,18_48,18_20,2294.274,41.18824,18.004,0.0195,188.9986,27.0,31.0,2267.0,1129.0,2267.265,1129.219,2267.265,1129.219,141.89025677376046,27.661638808308734,1.275,1.159,68.98,0.02875,0.02643,62.17,2267.265,1129.219,141.89025677376046,27.661638808308734,0.50786042621,0.55203708437,0.50786042621,0.55203708437,0.744,0.711,79.14,0.7441269,0.7114581,79.14,23.476,0.0,2.32,1.1,0.091,0.919,18.0
1319,1319,18_49,18_19,143.7829,15.24929,21.0113,0.1152,188.1003,4.0,5.0,2151.0,1116.0,2151.1675,1115.5935,2151.1675,1115.5935,141.9270543940793,27.665970541642988,0.713,0.456,-19.45,0.11134,0.06475,-18.43,2151.1675,1115.5935,141.9270543940793,27.665970541642988,0.27814436785,0.35358485187,0.27814436785,0.35358485187,0.595,0.527,-88.09,0.5947008,0.5273141,-88.09,23.4335,0.0,1.98,1.562,0.36,0.556,18.0
1320,1320,18_50,18_18,303.605,20.74128,20.1998,0.0742,188.1309,8.0,9.0,2200.0,1112.0,2199.8612,1112.3172,2199.8612,1112.3172,141.91157707418682,27.66668318945714,0.874,0.68,66.09,0.07786,0.05641,69.4,2199.8612,1112.3172,141.91157707418682,27.66668318945714,0.50523773976,0.53218338414,0.50523773976,0.53218338414,0.749,0.69,54.23,0.7491692,0.6900483,54.23,23.4242,0.0,1.98,1.285,0.222,0.588,18.0
1321,1321,18_51,18_17,14471.98,73.02477,16.0043,0.0055,187.3223,60.0,70.0,2314.0,1108.0,2313.8019,1108.0245,2313.8019,1108.0245,141.8753774322051,27.667395125929595,1.541,1.353,71.98,0.01104,0.00964,66.05,2313.8019,1108.0245,141.8753774322051,27.667395125929595,0.52036422873,0.59609263802,0.52036422873,0.59609263802,0.777,0.716,73.71,0.7766352,0.7164459,73.71,23.3612,0.0,2.47,1.139,0.122,0.993,18.0
1322,1322,18_52,18_16,137.1444,16.7541,21.0626,0.1327,188.5686,5.0,6.0,2479.0,1099.0,2479.0106,1098.515,2479.0106,1098.515,141.82287473920024,27.66933339129177,0.786,0.5,0.78,0.11739,0.07209,0.07,2479.0106,1098.515,141.82287473920024,27.66933339129177,0.76544498374,0.73366841259,0.76544498374,0.73366841259,0.881,0.851,26.1,0.8806123,0.8506676,26.1,23.4313,0.0,3.7,1.573,0.364,0.531,18.0
1323,1323,18_53,18_15,917.0765,34.88724,18.9996,0.0413,187.5422,22.0,25.0,2434.0,1088.0,2433.7499,1088.6951,2433.7499,1088.6951,141.83719635504758,27.672298247113748,1.291,1.181,25.26,0.05971,0.05305,27.45,2433.7499,1088.6951,141.83719635504758,27.672298247113748,1.0099647785,0.97544501556,1.0099647785,0.97544501556,1.008,0.985,20.04,1.007601,0.9849618,20.04,23.3753,0.0,3.42,1.093,0.085,0.016,18.0
1324,1324,18_54,18_14,2416.273,42.01047,17.9477,0.0189,188.0829,28.0,32.0,2461.0,1080.0,2461.5503,1080.2165,2461.5503,1080.2165,141.82832689187623,27.674557331674155,1.319,1.143,58.46,0.0294,0.02557,55.11,2461.5503,1080.2165,141.82832689187623,27.674557331674155,0.5013542398,0.53970860671,0.5013542398,0.53970860671,0.743,0.7,64.02,0.7427291,0.6995829,64.02,23.4034,0.0,2.25,1.154,0.133,0.976,18.0
1325,1325,18_55,18_13,1330.848,34.19324,18.5953,0.0279,188.0861,19.0,22.0,2509.0,1051.0,2509.2434,1051.0346,2509.2434,1051.0346,141.81303653354303,27.68254678759264,1.12,1.051,51.85,0.03599,0.03285,44.02,2509.2434,1051.0346,141.81303653354303,27.68254678759264,0.51188597897,0.52150208909,0.51188597897,0.52150208909,0.728,0.71,56.2,0.7275345,0.709987,56.2,23.3902,0.0,2.22,1.066,0.062,0.97,18.0
1326,1326,18_56,18_12,277.6732,21.71727,20.2967,0.0849,188.1333,9.0,10.0,2342.0,1051.0,2342.0448,1050.853,2342.0448,1050.853,141.86612905059494,27.68334664407063,0.918,0.743,85.7,0.08728,0.06915,89.36,2342.0448,1050.853,141.86612905059494,27.68334664407063,0.78019877072,0.95505847477,0.78019877072,0.95505847477,1.002,0.855,64.97,1.001897,0.8552536,64.97,23.4178,0.0,3.05,1.235,0.19,0.351,18.0
1327,1327,18_57,18_11,375.9975,21.15644,19.9676,0.0611,188.0463,3.0,9.0,2465.0,1050.0,2465.5543,1050.1581,2465.5543,1050.1581,141.82690506852725,27.68299103119418,0.816,0.647,24.92,0.06182,0.04501,19.75,2465.5543,1050.1581,141.82690506852725,27.68299103119418,0.21653298765,0.056892199747,0.21653298765,0.056892199747,0.474,0.221,12.38,0.473927,0.2209488,12.38,23.4,0.0,1.83,1.262,0.208,0.841,18.0
1328,1328,18_58,18_10,19295.29,79.81535,15.6919,0.0045,187.9345,67.0,76.0,2451.0,1044.0,2451.1956,1044.2431,2451.1956,1044.2431,141.831435026784,27.684718862943612,1.56,1.36,71.58,0.00912,0.00791,69.45,2451.1956,1044.2431,141.831435026784,27.684718862943612,0.51483905814,0.58577603364,0.51483905814,0.58577603364,0.77,0.713,73.92,0.769549,0.7130284,73.92,23.397,0.0,2.32,1.147,0.128,0.983,18.0
1329,1329,18_59,18_9,1142.971,33.54091,18.7605,0.0319,187.6185,17.0,22.0,2239.0,1043.0,2238.8659,1042.7548,2238.8659,1042.7548,141.89885597907872,27.6860750191311,1.139,1.039,65.97,0.04205,0.038,48.56,2238.8659,1042.7548,141.89885597907872,27.6860750191311,0.46308138122,0.53653899356,0.46308138122,0.53653899356,0.733,0.68,84.91,0.7328897,0.6800685,84.91,23.3886,0.0,2.29,1.096,0.088,0.975,18.0
1330,1330,18_60,18_8,599.6308,29.41099,19.4609,0.0533,188.1904,14.0,18.0,2291.0,1037.0,2290.9381,1037.0652,2290.9381,1037.0652,141.88229145069377,27.68744808773131,1.166,0.967,-14.84,0.0698,0.05777,-11.51,2290.9381,1037.0652,141.88229145069377,27.68744808773131,0.85889366614,0.74414530553,0.85889366614,0.74414530553,0.94,0.848,-23.03,0.9403211,0.8478415,-23.03,23.4251,0.0,3.08,1.206,0.171,0.102,18.0
1331,1331,18_61,18_7,1214.453,37.5209,18.6946,0.0336,188.0627,23.0,28.0,2501.0,1034.0,2501.2021,1034.2603,2501.2021,1034.2603,141.81550549441047,27.687299790321497,1.431,1.109,-79.4,0.05372,0.04085,-76.67,2501.2021,1034.2603,141.81550549441047,27.687299790321497,0.74528930863,0.99693111816,0.74528930863,0.99693111816,1.001,0.86,-81.57,1.001292,0.8600208,-81.57,23.3915,0.0,3.11,1.29,0.225,0.057,18.0
1332,1332,18_62,18_6,1632.816,37.03084,18.3732,0.0246,188.0881,24.0,26.0,2297.0,1029.0,2297.2665,1029.4169,2297.2665,1029.4169,141.88024441067603,27.689570955825484,1.249,1.049,74.51,0.03724,0.02916,73.62,2297.2665,1029.4169,141.88024441067603,27.689570955825484,0.47611106481,0.51618914063,0.47611106481,0.51618914063,0.724,0.685,68.37,0.7236502,0.684566,68.37,23.4194,0.0,2.07,1.191,0.16,0.959,18.0
1333,1333,18_63,18_5,137.9026,15.35077,21.0566,0.1209,188.0381,5.0,5.0,2277.0,1029.0,2277.237,1028.6108,2277.237,1028.6108,141.88660151010413,27.68988518920377,0.736,0.454,-17.92,0.1088,0.06314,-18.31,2277.237,1028.6108,141.88660151010413,27.68988518920377,0.63657224256,0.59082582753,0.63657224256,0.59082582753,0.799,0.767,-11.64,0.799123,0.7673333,-11.64,23.4166,0.0,2.94,1.621,0.383,0.262,18.0
1334,1334,18_64,18_4,2018.506,38.44461,18.143,0.0207,187.9801,23.0,27.0,2417.0,1025.0,2416.9151,1025.4941,2416.9151,1025.4941,141.84222769148005,27.69014440149595,1.22,1.079,74.32,0.0302,0.02508,76.13,2416.9151,1025.4941,141.84222769148005,27.69014440149595,0.48525556066,0.5272501674,0.48525556066,0.5272501674,0.73,0.692,70.78,0.7301123,0.6924173,70.78,23.4069,0.0,2.1,1.131,0.116,0.98,18.0
1335,1335,18_65,18_66,11355.02,67.18731,16.2676,0.0064,187.6528,54.0,63.0,2081.0,1506.0,2080.7777,1506.7168,2080.7777,1506.7168,141.95124886533955,27.556278860381912,1.497,1.328,76.85,0.01222,0.01118,78.53,2080.7777,1506.7168,141.95124886533955,27.556278860381912,0.49151629133,0.5655616433,0.49151629133,0.5655616433,0.757,0.696,73.48,0.7567726,0.6959692,73.48,23.4002,16.0,2.36,1.127,0.113,0.994,18.0
1336,1336,18_66,18_65,1506.892,44.31211,18.4604,0.0319,188.0717,35.0,39.0,2478.0,1496.0,2478.0072,1496.7069,2478.0072,1496.7069,141.8251927067402,27.5573670935496,1.629,1.357,21.69,0.05683,0.04741,26.96,2478.0072,1496.7069,141.8251927067402,27.5573670935496,1.6597753773,1.3793356186,1.6597753773,1.3793356186,1.298,1.164,15.95,1.297962,1.163789,15.95,23.3829,0.0,3.48,1.201,0.167,0.06,18.0
1337,1337,19_1,19_39,1954216.0,627.334,10.6781,0.0003,190.6423,1682.0,1843.0,2880.0,1165.0,2876.8393,1165.7521,2876.8393,1165.7521,141.69693754832326,27.64856603284236,4.73,3.747,87.32,0.00223,0.00213,38.1,2876.8393,1165.7521,141.69693754832326,27.64856603284236,5.7717578678,6.7319629277,5.7717578678,6.7319629277,2.615,2.38,72.5,2.614953,2.380282,72.5,23.4796,6.0,25.26,1.262,0.208,0.025,19.0
1338,1338,19_2,19_7,129582.1,164.7872,13.6242,0.0014,188.5361,138.0,152.0,2677.0,1022.0,2676.8389,1022.2448,2676.8389,1022.2448,141.75967323738146,27.68986819675623,1.726,1.502,65.84,0.00299,0.00259,70.26,2676.8389,1022.2448,141.75967323738146,27.68986819675623,0.6435766305,0.67020619704,0.6435766305,0.67020619704,0.846,0.774,51.6,0.8457203,0.7736537,51.6,23.4197,0.0,2.75,1.149,0.13,0.999,19.0
1339,1339,19_3,19_6,17261.77,76.76917,15.8129,0.0048,188.5645,63.0,72.0,2545.0,1022.0,2544.6758,1022.5278,2544.6758,1022.5278,141.8016412370091,27.69040050565545,1.555,1.339,72.68,0.00959,0.00808,73.22,2544.6758,1022.5278,141.8016412370091,27.69040050565545,0.52626033787,0.59200400943,0.52626033787,0.59200400943,0.773,0.721,74.16,0.7731478,0.7214615,74.16,23.3928,0.0,2.36,1.161,0.139,0.983,19.0
1340,1340,19_4,19_4,2078.953,46.29148,18.111,0.0242,188.5746,36.0,42.0,2520.0,1021.0,2519.4187,1020.9947,2519.4187,1020.9947,141.80965392907643,27.69094686209897,1.702,1.347,34.52,0.04536,0.03536,33.29,2519.4187,1020.9947,141.80965392907643,27.69094686209897,1.3318522267,1.2279781165,1.3318522267,1.2279781165,1.202,1.056,35.87,1.202331,1.055571,35.87,23.3952,16.0,3.84,1.263,0.208,0.014,19.0
1341,1341,19_5,19_3,10660.88,65.36574,16.3361,0.0067,188.5485,54.0,59.0,2596.0,1018.0,2596.5588,1018.3777,2596.5588,1018.3777,141.78514490105263,27.69132889560384,1.487,1.32,77.44,0.01222,0.01088,83.75,2596.5588,1018.3777,141.78514490105263,27.69132889560384,0.52787127039,0.59054992539,0.52787127039,0.59054992539,0.774,0.721,70.88,0.7740234,0.720631,70.88,23.3929,0.0,2.41,1.126,0.112,0.979,19.0
1342,1342,19_6,19_2,3620.403,47.62297,17.5087,0.0143,188.3298,34.0,41.0,3011.0,1018.0,3011.2337,1018.353,3011.2337,1018.353,141.6534894622397,27.68934642324629,1.445,1.185,78.5,0.02585,0.02004,81.61,3011.2337,1018.353,141.6534894622397,27.68934642324629,0.51214884105,0.59578541569,0.51214884105,0.59578541569,0.776,0.711,74.59,0.7763105,0.7108279,74.59,23.4212,0.0,2.33,1.219,0.18,0.97,19.0
1344,1344,19_8,19_65,29070.19,91.429,15.247,0.0034,188.3588,81.0,90.0,2597.0,1457.0,2596.6126,1456.8818,2596.6126,1456.8818,141.78736913477627,27.56802722740085,1.596,1.392,75.35,0.0072,0.00618,75.37,2596.6126,1456.8818,141.78736913477627,27.56802722740085,0.51736008127,0.58799951698,0.51736008127,0.58799951698,0.771,0.715,74.03,0.770907,0.714886,74.03,23.4634,0.0,2.49,1.147,0.128,0.981,19.0
1345,1345,19_9,19_72,242.0621,20.04584,20.4458,0.0899,187.8596,8.0,9.0,2782.0,1514.0,2781.9636,1513.8949,2781.9636,1513.8949,141.7288787341527,27.551129815630883,0.794,0.764,3.3,0.08409,0.08352,62.4,2781.9636,1513.8949,141.7288787341527,27.551129815630883,0.87213591779,0.5416769231,0.87213591779,0.5416769231,0.936,0.733,6.46,0.9361766,0.7330663,6.46,23.4299,24.0,3.53,1.04,0.038,0.012,19.0
1346,1346,19_10,19_64,1385.986,34.81377,18.5512,0.0273,187.59,19.0,25.0,3010.0,1455.0,3009.6236,1454.7424,3009.6236,1454.7424,141.6563695900294,27.566659582138023,1.17,1.117,78.28,0.0368,0.03599,-81.3,3009.6236,1454.7424,141.6563695900294,27.566659582138023,0.53261195567,0.5797064525,0.53261195567,0.5797064525,0.764,0.727,74.4,0.7639931,0.7270714,74.4,23.4405,0.0,2.33,1.048,0.046,0.996,19.0
1347,1347,19_11,19_63,159.9991,15.06994,20.8953,0.1023,187.8035,5.0,5.0,2832.0,1449.0,2832.3964,1449.2629,2832.3964,1449.2629,141.71254336783986,27.569063511367336,0.716,0.462,72.86,0.10254,0.05964,71.83,2832.3964,1449.2629,141.71254336783986,27.569063511367336,0.45206585663,0.48674091156,0.45206585663,0.48674091156,0.708,0.661,-61.46,0.7080241,0.6614444,-61.46,23.4195,0.0,2.31,1.55,0.355,0.551,19.0
1348,1348,19_12,19_62,2040.139,39.36959,18.1314,0.021,187.6596,27.0,31.0,2963.0,1405.0,2963.4574,1404.9587,2963.4574,1404.9587,141.67074015780796,27.580885338449967,1.286,1.13,62.87,0.03294,0.02804,60.14,2963.4574,1404.9587,141.67074015780796,27.580885338449967,0.50590616089,0.54560516078,0.50590616089,0.54560516078,0.748,0.702,63.13,0.7478723,0.7015685,63.13,23.4217,0.0,2.17,1.138,0.121,0.98,19.0
1349,1349,19_13,19_61,510.878,27.672,19.6348,0.0588,188.3432,14.0,17.0,2769.0,1379.0,2768.3106,1378.8679,2768.3106,1378.8679,141.73249951319454,27.589163312753254,1.246,0.899,27.48,0.08113,0.0588,29.21,2768.3106,1378.8679,141.73249951319454,27.589163312753254,1.3519267172,1.0068723885,1.3519267172,1.0068723885,1.195,0.965,22.91,1.194559,0.9653118,22.91,23.4553,0.0,3.8,1.385,0.278,0.018,19.0
1350,1350,19_14,19_60,220.8032,17.91123,20.5456,0.0881,187.7387,6.0,7.0,2578.0,1373.0,2578.0582,1373.6309,2578.0582,1373.6309,141.79282998055396,27.591522706509597,0.726,0.656,-6.58,0.08105,0.07515,-3.86,2578.0582,1373.6309,141.79282998055396,27.591522706509597,0.44655279016,0.43469968906,0.44655279016,0.43469968906,0.676,0.651,-34.38,0.6760108,0.6513539,-34.38,23.4148,0.0,3.44,1.105,0.095,0.527,19.0
1351,1351,19_15,19_59,460.4027,24.3985,19.7477,0.0576,188.3401,12.0,13.0,2871.0,1371.0,2871.5682,1371.5652,2871.5682,1371.5652,141.69970608886487,27.590722552818686,0.977,0.847,55.53,0.06581,0.0561,45.86,2871.5682,1371.5652,141.69970608886487,27.590722552818686,0.48592932371,0.5932173512,0.48592932371,0.5932173512,0.783,0.683,68.63,0.7827029,0.6830248,68.63,23.4517,0.0,2.55,1.153,0.132,0.793,19.0
1353,1353,19_17,19_57,4633.475,50.11709,17.2408,0.0117,188.4905,38.0,45.0,2993.0,1340.0,2993.343,1340.3686,2993.343,1340.3686,141.66091201085626,27.59889914213612,1.409,1.197,78.09,0.02069,0.01687,83.38,2993.343,1340.3686,141.66091201085626,27.59889914213612,0.50285763418,0.56467244068,0.50285763418,0.56467244068,0.756,0.705,72.93,0.7557151,0.7045742,72.93,23.462,0.0,2.28,1.177,0.15,0.98,19.0
1354,1354,19_18,19_55,8211.728,58.82962,16.6195,0.0078,188.1973,48.0,54.0,2956.0,1331.0,2956.2536,1331.3158,2956.2536,1331.3158,141.6726277398515,27.601627283457887,1.454,1.301,74.17,0.01393,0.01314,83.41,2956.2536,1331.3158,141.6726277398515,27.601627283457887,0.50993148874,0.57722257508,0.50993148874,0.57722257508,0.767,0.707,69.62,0.7668099,0.7065102,69.62,23.4351,0.0,2.31,1.117,0.105,0.982,19.0
1356,1356,19_20,19_53,836.1179,34.92117,19.0999,0.0454,188.1003,26.0,27.0,2646.0,1316.0,2646.5035,1316.2882,2646.5035,1316.2882,141.77081918842856,27.607331526677683,1.445,1.225,65.69,0.07328,0.06064,63.34,2646.5035,1316.2882,141.77081918842856,27.607331526677683,1.4954643323,1.6834570159,1.4954643323,1.6834570159,1.299,1.221,80.78,1.299439,1.220811,80.78,23.4447,0.0,4.77,1.18,0.153,0.0,19.0
1357,1357,19_21,19_52,704.8336,30.24556,19.2854,0.0466,188.0016,18.0,20.0,2926.0,1302.0,2926.3183,1302.2218,2926.3183,1302.2218,141.68196741731373,27.60995433209226,1.206,1.069,-56.97,0.06049,0.0577,-47.12,2926.3183,1302.2218,141.68196741731373,27.60995433209226,0.878756672,1.0569024532,0.878756672,1.0569024532,1.063,0.898,-61.7,1.062864,0.8977639,-61.7,23.4103,0.0,3.57,1.128,0.114,0.014,19.0
1358,1358,19_22,19_51,861.9384,32.49696,19.0669,0.0409,188.853,19.0,23.0,2767.0,1278.0,2766.8748,1277.9743,2766.8748,1277.9743,141.73242579253844,27.617539884692068,1.295,1.079,50.46,0.05808,0.04792,44.95,2766.8748,1277.9743,141.73242579253844,27.617539884692068,0.9273847819,1.0471053388,0.9273847819,1.0471053388,1.041,0.944,64.12,1.041124,0.9436906,64.12,23.4729,0.0,3.37,1.199,0.166,0.025,19.0
1359,1359,19_23,19_50,526.3229,26.29676,19.6024,0.0543,189.0628,12.0,15.0,2836.0,1271.0,2836.5459,1271.3646,2836.5459,1271.3646,141.71028452188617,27.619065610697543,1.053,0.895,45.85,0.06182,0.0537,44.96,2836.5459,1271.3646,141.71028452188617,27.619065610697543,0.49037144663,0.48745227284,0.49037144663,0.48745227284,0.732,0.665,44.1,0.7318688,0.664975,44.1,23.4478,0.0,2.53,1.176,0.149,0.739,19.0
1360,1360,19_24,19_49,33922.99,97.18555,15.0793,0.0031,189.2635,88.0,98.0,2866.0,1264.0,2866.2435,1264.1972,2866.2435,1264.1972,141.70082376785393,27.62093774153977,1.628,1.419,75.37,0.00662,0.00583,82.62,2866.2435,1264.1972,141.70082376785393,27.62093774153977,0.53615112881,0.62111477035,0.53615112881,0.62111477035,0.794,0.726,72.23,0.7942515,0.7255553,72.23,23.4439,0.0,2.46,1.147,0.128,0.983,19.0
1361,1361,19_25,19_48,290.1205,22.18468,20.2491,0.083,189.5182,10.0,11.0,2824.0,1266.0,2823.8901,1266.3579,2823.8901,1266.3579,141.71427363282126,27.620534142553502,1.03,0.731,-71.33,0.09685,0.06842,-74.67,2823.8901,1266.3579,141.71427363282126,27.620534142553502,0.7708580593,0.94742920819,0.7708580593,0.94742920819,1.007,0.84,-62.48,1.006585,0.8396863,-62.48,23.4826,0.0,4.5,1.408,0.29,0.006,19.0
1363,1363,19_27,19_46,1121.844,32.84945,18.7807,0.0318,188.0094,17.0,22.0,2570.0,1263.0,2570.137,1263.0563,2570.137,1263.0563,141.7947800179844,27.622652077336863,1.14,1.046,51.62,0.04102,0.03718,45.61,2570.137,1263.0563,141.7947800179844,27.622652077336863,0.51631699803,0.54365097367,0.51631699803,0.54365097367,0.742,0.714,65.99,0.7418999,0.7138295,65.99,23.4229,0.0,2.11,1.089,0.082,0.972,19.0
1364,1364,19_28,19_45,752.4785,28.7258,19.2143,0.0415,188.1883,15.0,17.0,2551.0,1253.0,2550.6542,1252.7301,2550.6542,1252.7301,141.80091068153135,27.6256448427378,1.096,0.916,-75.72,0.0524,0.0409,-74.6,2550.6542,1252.7301,141.80091068153135,27.6256448427378,0.47086789889,0.54314257664,0.47086789889,0.54314257664,0.737,0.686,-88.41,0.73702,0.6861575,-88.41,23.4254,0.0,2.27,1.196,0.164,0.946,19.0
1366,1366,19_30,19_43,18538.6,77.78607,15.7354,0.0046,189.0879,67.0,75.0,2819.0,1239.0,2819.4557,1239.0725,2819.4557,1239.0725,141.71553650539283,27.628227374061783,1.565,1.355,74.48,0.00929,0.00787,75.87,2819.4557,1239.0725,141.71553650539283,27.628227374061783,0.53016802664,0.59916542453,0.53016802664,0.59916542453,0.779,0.722,71.9,0.7793726,0.7224346,71.9,23.432,0.0,2.56,1.155,0.134,0.986,19.0
1367,1367,19_31,19_42,306.2907,21.39391,20.1902,0.0759,188.3419,9.0,10.0,2595.0,1230.0,2595.2034,1229.9766,2595.2034,1229.9766,141.7866559796909,27.631838574355136,0.909,0.745,4.94,0.08302,0.06587,0.33,2595.2034,1229.9766,141.7866559796909,27.631838574355136,0.75417713417,0.64371425617,0.75417713417,0.64371425617,0.876,0.794,17.69,0.87561,0.79448,17.69,23.441,0.0,3.93,1.221,0.181,0.126,19.0
1368,1368,19_32,19_41,144.6781,15.00363,21.0046,0.1126,188.8248,4.0,5.0,2770.0,1217.0,2769.6394,1217.186,2769.6394,1217.186,141.7312297582134,27.634619076849315,0.738,0.449,-73.05,0.1159,0.06729,-71.55,2769.6394,1217.186,141.7312297582134,27.634619076849315,0.31012481912,0.49173009225,0.31012481912,0.49173009225,0.702,0.556,86.48,0.7017251,0.5562704,86.48,23.4325,0.0,3.38,1.645,0.392,0.475,19.0
1369,1369,19_33,19_40,8780.318,60.68222,16.5468,0.0075,188.7268,50.0,56.0,2781.0,1204.0,2780.7869,1204.4673,2780.7869,1204.4673,141.72762531607694,27.638142210236897,1.496,1.273,72.21,0.01443,0.01187,72.41,2780.7869,1204.4673,141.72762531607694,27.638142210236897,0.51587816987,0.58517709782,0.51587816987,0.58517709782,0.772,0.711,69.86,0.7719787,0.7107068,69.86,23.4162,0.0,2.32,1.175,0.149,0.983,19.0
1370,1370,19_34,19_39,65807.98,130.7117,14.3599,0.0022,193.1736,142.0,156.0,2853.0,1129.0,2853.2037,1129.4344,2853.2037,1129.4344,141.70424591426885,27.658891594400647,1.925,1.52,58.39,0.00688,0.00434,51.14,2853.2037,1129.4344,141.70424591426885,27.658891594400647,0.53832997732,0.62008101553,0.53832997732,0.62008101553,0.792,0.728,73.43,0.7924787,0.7282777,73.43,23.6971,2.0,2.37,1.266,0.21,0.985,19.0
1371,1371,19_35,19_39,27527.06,83.2955,15.3062,0.0033,196.069,49.0,59.0,2877.0,1190.0,2876.6353,1189.7475,2876.6353,1189.7475,141.69713005893547,27.6418203825,1.358,0.955,74.32,0.00617,0.00388,80.03,2876.6353,1189.7475,141.69713005893547,27.6418203825,0.17716348684,0.068420472526,0.17716348684,0.068420472526,0.421,0.261,2.78,0.4212136,0.2610806,2.78,23.9625,3.0,0.91,1.422,0.297,0.999,19.0
1372,1372,19_36,19_39,124544.7,156.2151,13.6673,0.0014,195.4995,89.0,102.0,2876.0,1137.0,2876.3758,1136.7298,2876.3758,1136.7298,141.6969301378478,27.6567282259032,2.251,0.9,-82.34,0.00349,0.00157,-81.39,2876.3758,1136.7298,141.6969301378478,27.6567282259032,0.09131448498,0.12320836884,0.09131448498,0.12320836884,0.351,0.302,84.61,0.3514176,0.3017094,84.61,23.9045,7.0,0.0,2.502,0.6,0.997,19.0
1374,1374,19_38,19_39,284254.6,221.9313,12.7713,0.0008,199.336,80.0,80.0,2878.0,1153.0,2876.7188,1153.8975,2876.7188,1153.8975,141.69691267332328,27.65189968114949,1.714,1.243,-47.29,0.0015,0.00103,-45.74,2876.7188,1153.8975,141.69691267332328,27.65189968114949,1.0751309472,0.8757357466,1.0751309472,0.8757357466,1.164,0.771,-37.41,1.164457,0.7713019,-37.41,24.389,7.0,8.74,1.379,0.275,0.984,19.0
1375,1375,19_39,19_35,2321.145,39.22145,17.9913,0.0184,188.793,26.0,29.0,2745.0,1191.0,2745.0696,1191.4187,2745.0696,1191.4187,141.73889243618805,27.641980704080847,1.286,1.096,64.13,0.028,0.02299,61.69,2745.0696,1191.4187,141.73889243618805,27.641980704080847,0.5142938553,0.56446863283,0.5142938553,0.56446863283,0.763,0.705,62.83,0.7631624,0.704518,62.83,23.4406,0.0,2.11,1.173,0.147,0.973,19.0
1376,1376,19_40,19_34,500539.7,304.0112,12.157,0.0007,188.2406,261.0,275.0,2535.0,1185.0,2535.1764,1185.1919,2535.1764,1185.1919,141.8054809432036,27.644706427090608,1.871,1.645,74.89,0.00147,0.00134,70.85,2535.1764,1185.1919,141.8054809432036,27.644706427090608,0.89550927472,1.0092355281,0.89550927472,1.0092355281,1.009,0.942,75.71,1.008529,0.9421329,75.71,23.4049,0.0,3.79,1.137,0.121,1.0,19.0
1377,1377,19_41,19_33,332.7227,26.19805,20.1004,0.0855,192.3544,13.0,15.0,2922.0,1188.0,2923.548,1187.9051,2923.548,1187.9051,141.68223319452528,27.642109949845963,1.744,0.728,5.02,0.14292,0.06227,4.14,2923.548,1187.9051,141.68223319452528,27.642109949845963,2.2747688923,1.3040903898,2.2747688923,1.3040903898,1.522,1.124,11.35,1.521673,1.123997,11.35,23.6304,0.0,6.73,2.396,0.583,0.005,19.0
1378,1378,19_42,19_32,298.7445,21.27813,20.2173,0.0774,188.1161,6.0,10.0,2646.0,1184.0,2645.8679,1183.8041,2645.8679,1183.8041,141.77033864373516,27.644587078741413,0.892,0.732,88.57,0.08303,0.06671,89.98,2645.8679,1183.8041,141.77033864373516,27.644587078741413,0.44552759726,0.58918162336,0.44552759726,0.58918162336,0.769,0.666,83.86,0.7686764,0.6662176,83.86,23.418,0.0,2.89,1.218,0.179,0.597,19.0
1379,1379,19_43,19_31,276.7121,20.46337,20.3005,0.0803,188.1363,9.0,9.0,2566.0,1183.0,2566.2392,1183.0927,2566.2392,1183.0927,141.7956102217924,27.64515470138893,0.978,0.645,60.5,0.09754,0.06053,60.5,2566.2392,1183.0927,141.7956102217924,27.64515470138893,0.4792333892,0.53149958567,0.4792333892,0.53149958567,0.757,0.661,56.32,0.7571347,0.6614227,56.32,23.4061,0.0,2.73,1.516,0.34,0.318,19.0
1380,1380,19_44,19_30,692.9222,27.92629,19.3039,0.0438,189.0867,14.0,17.0,2987.0,1178.0,2986.7306,1178.0547,2986.7306,1178.0547,141.6621309635448,27.644568588819464,1.088,0.91,71.74,0.0568,0.04507,74.89,2986.7306,1178.0547,141.6621309635448,27.644568588819464,0.4743980544,0.52539450345,0.4743980544,0.52539450345,0.734,0.679,65.62,0.7338721,0.6791349,65.62,23.4826,0.0,2.24,1.196,0.164,0.927,19.0
1381,1381,19_45,19_29,1039.385,31.00436,18.8636,0.0324,188.4281,17.0,20.0,2985.0,1157.0,2984.5899,1156.7599,2984.5899,1156.7599,141.66269509606357,27.65056632227433,1.139,0.98,66.55,0.04356,0.03692,67.96,2984.5899,1156.7599,141.66269509606357,27.65056632227433,0.49221454762,0.51217072494,0.49221454762,0.51217072494,0.731,0.686,54.05,0.7309599,0.6856259,54.05,23.4291,0.0,2.3,1.162,0.139,0.996,19.0
1382,1382,19_46,19_38,326.2254,21.89037,20.1218,0.0729,188.9645,10.0,11.0,2994.0,1199.0,2994.3775,1199.0695,2994.3775,1199.0695,141.6598183036986,27.63862226338133,0.977,0.739,16.97,0.08649,0.06142,15.18,2994.3775,1199.0695,141.6598183036986,27.63862226338133,0.67098323552,0.67079047402,0.67098323552,0.67079047402,0.847,0.79,44.94,0.847094,0.7900668,44.94,23.4878,0.0,2.89,1.321,0.243,0.229,19.0
1383,1383,19_47,19_27,247.8998,20.12799,20.4199,0.0882,188.4508,8.0,9.0,2689.0,1144.0,2689.0141,1144.0298,2689.0141,1144.0298,141.7564379921036,27.65556923612216,0.777,0.767,61.01,0.07905,0.07892,62.61,2689.0141,1144.0298,141.7564379921036,27.65556923612216,0.52403922828,0.5631672271,0.52403922828,0.5631672271,0.757,0.717,65.5,0.7572511,0.7167826,65.5,23.429,0.0,2.11,1.013,0.013,0.283,19.0
1384,1384,19_48,19_37,501.2137,26.56443,19.6555,0.0576,192.0173,10.0,15.0,2842.0,1197.0,2841.9105,1197.4981,2841.9105,1197.4981,141.70819090838714,27.639808982505446,1.044,0.914,48.18,0.06381,0.05372,36.95,2841.9105,1197.4981,141.70819090838714,27.639808982505446,0.54078887818,0.60631744068,0.54078887818,0.60631744068,0.784,0.73,71.55,0.7839143,0.729784,71.55,23.6015,0.0,2.09,1.142,0.124,0.849,19.0
1385,1385,19_49,19_25,6782.663,57.5715,16.8271,0.0092,188.7871,49.0,55.0,2980.0,1131.0,2980.4372,1131.5559,2980.4372,1131.5559,141.66387670022948,27.657673046069775,1.483,1.3,68.23,0.01764,0.0152,66.93,2980.4372,1131.5559,141.66387670022948,27.657673046069775,0.50999837822,0.55866321335,0.50999837822,0.55866321335,0.755,0.706,66.3,0.7551705,0.7059597,66.3,23.4448,0.0,2.31,1.141,0.124,0.979,19.0
1386,1386,19_50,19_24,7003.588,56.26225,16.7923,0.0087,188.687,42.0,50.0,2667.0,1128.0,2666.7317,1128.2565,2666.7317,1128.2565,141.7634296297475,27.66010851453612,1.419,1.252,74.52,0.01571,0.01341,73.77,2666.7317,1128.2565,141.7634296297475,27.66010851453612,0.49160482862,0.54622481376,0.49160482862,0.54622481376,0.742,0.698,74.32,0.7422264,0.6978035,74.32,23.4461,0.0,2.29,1.134,0.118,0.982,19.0
1387,1387,19_51,19_23,3017.219,46.13075,17.7066,0.0166,188.4113,36.0,39.0,2563.0,1121.0,2563.3294,1120.9951,2563.3294,1120.9951,141.79621819620334,27.66262869934924,1.529,1.163,71.75,0.03047,0.02222,71.6,2563.3294,1120.9951,141.79621819620334,27.66262869934924,0.5513268191,0.63219649686,0.5513268191,0.63219649686,0.8,0.737,73.1,0.8002602,0.7369579,73.1,23.4054,0.0,2.15,1.315,0.239,0.897,19.0
1388,1388,19_52,19_22,3025.858,42.22459,17.7035,0.0152,188.5266,29.0,32.0,2742.0,1120.0,2742.3711,1120.3423,2742.3711,1120.3423,141.7393777814127,27.661978070096463,1.302,1.137,63.42,0.02327,0.02029,53.87,2742.3711,1120.3423,141.7393777814127,27.661978070096463,0.48788110821,0.56759724108,0.48788110821,0.56759724108,0.761,0.691,70.89,0.7605765,0.6906531,70.89,23.4206,0.0,2.4,1.146,0.127,0.979,19.0
1389,1389,19_53,19_21,15851.25,73.26685,15.9054,0.005,188.5285,61.0,67.0,2570.0,1112.0,2569.7225,1112.575,2569.7225,1112.575,141.79414574655425,27.664966911116377,1.518,1.346,76.84,0.00942,0.00868,78.49,2569.7225,1112.575,141.79414574655425,27.664966911116377,0.51764127935,0.5840871504,0.51764127935,0.5840871504,0.769,0.715,73.24,0.7685778,0.7148543,73.24,23.4146,0.0,2.45,1.127,0.113,0.983,19.0
1390,1390,19_54,19_20,147.4655,16.39999,20.9838,0.1208,190.7479,6.0,6.0,2840.0,1115.0,2839.9797,1115.489,2839.9797,1115.489,141.70836932003843,27.66287630852364,0.782,0.499,2.23,0.10889,0.06688,0.17,2839.9797,1115.489,141.70836932003843,27.66287630852364,0.61024524933,0.57131685274,0.61024524933,0.57131685274,0.8,0.736,33.21,0.7996539,0.7362852,33.21,23.5201,0.0,2.75,1.566,0.362,0.042,19.0
1391,1391,19_55,19_19,7865.231,58.49663,16.6663,0.0081,190.8103,50.0,53.0,2859.0,1099.0,2858.7602,1099.592,2858.7602,1099.592,141.7023238808369,27.667255181833447,1.479,1.279,82.89,0.0152,0.01239,87.63,2858.7602,1099.592,141.7023238808369,27.667255181833447,0.51206749878,0.56790818103,0.51206749878,0.56790818103,0.757,0.712,73.65,0.7570771,0.7119058,73.65,23.5184,0.0,2.39,1.156,0.135,0.983,19.0
1392,1392,19_56,19_18,4103.246,47.60022,17.3728,0.0126,190.1981,35.0,38.0,2923.0,1100.0,2923.3986,1099.8504,2923.3986,1099.8504,141.68180867306515,27.66686788070676,1.379,1.178,74.01,0.02072,0.01693,73.47,2923.3986,1099.8504,141.68180867306515,27.66686788070676,0.5026463562,0.5722718144,0.5026463562,0.5722718144,0.764,0.701,69.92,0.7635521,0.7013604,69.92,23.5148,0.0,2.37,1.171,0.146,1.0,19.0
1393,1393,19_57,19_17,1299.185,33.848,18.6214,0.0283,187.4296,22.0,23.0,2709.0,1098.0,2709.1437,1097.818,2709.1437,1097.818,141.74980833215642,27.668468035852623,1.166,1.064,38.96,0.04024,0.03579,26.64,2709.1437,1097.818,141.74980833215642,27.668468035852623,0.5245874437,0.56608808571,0.5245874437,0.56608808571,0.76,0.716,64.94,0.7600628,0.7162263,64.94,23.3529,0.0,2.29,1.096,0.087,0.956,19.0
1394,1394,19_58,19_16,1838.362,38.87521,18.2445,0.023,189.3659,23.0,29.0,2928.0,1089.0,2928.1934,1088.8493,2928.1934,1088.8493,141.6802278454836,27.66993736392621,1.32,1.088,69.19,0.03596,0.02796,68.02,2928.1934,1088.8493,141.6802278454836,27.66993736392621,0.51799656562,0.59997474963,0.51799656562,0.59997474963,0.779,0.715,74.74,0.7788219,0.7151278,74.74,23.4657,0.0,2.45,1.214,0.176,0.956,19.0
1395,1395,19_59,19_15,128.1955,14.94318,21.1359,0.1266,190.931,5.0,5.0,2864.0,1092.0,2863.7501,1091.5875,2863.7501,1091.5875,141.7006974902069,27.66948154145036,0.733,0.458,18.44,0.11286,0.0654,18.41,2863.7501,1091.5875,141.7006974902069,27.66948154145036,0.64000103755,0.55257964008,0.64000103755,0.55257964008,0.809,0.733,20.81,0.8091742,0.7333606,20.81,23.5402,0.0,3.11,1.601,0.375,0.058,19.0
1396,1396,19_60,19_14,1654.651,37.50328,18.3588,0.0246,188.7749,22.0,28.0,2768.0,1068.0,2768.3017,1068.1193,2768.3017,1068.1193,141.73087307474214,27.676538155515537,1.261,1.108,73.1,0.0365,0.03212,73.59,2768.3017,1068.1193,141.73087307474214,27.676538155515537,0.48507389549,0.57065690041,0.48507389549,0.57065690041,0.759,0.693,76.18,0.7590594,0.6925024,76.18,23.4349,0.0,2.33,1.138,0.121,0.972,19.0
1397,1397,19_61,19_13,619.6185,27.38165,19.4253,0.048,187.6438,10.0,15.0,2540.0,1062.0,2540.2114,1062.2488,2540.2114,1062.2488,141.80326001873016,27.679252531798884,1.029,0.874,79.26,0.05686,0.04741,83.2,2540.2114,1062.2488,141.80326001873016,27.679252531798884,0.42904037246,0.49118231121,0.42904037246,0.49118231121,0.705,0.65,73.36,0.7051788,0.6503426,73.36,23.3319,0.0,2.2,1.177,0.151,0.92,19.0
1398,1398,19_62,19_12,731.9518,28.22426,19.2444,0.0419,188.2847,16.0,17.0,2895.0,1051.0,2894.6419,1050.765,2894.6419,1050.765,141.69067415480194,27.68080878155329,1.13,0.915,46.08,0.05914,0.04488,45.8,2894.6419,1050.765,141.69067415480194,27.68080878155329,0.58402097734,0.59568679772,0.58402097734,0.59568679772,0.797,0.737,48.64,0.7974561,0.7374086,48.64,23.424,0.0,2.88,1.235,0.19,0.796,19.0
1399,1399,19_63,19_11,541.9327,21.93154,19.5707,0.0439,188.5998,9.0,9.0,2510.0,1051.0,2510.4031,1051.1504,2510.4031,1051.1504,141.81266887355648,27.68250895653409,1.085,0.487,86.4,0.06762,0.0256,85.29,2510.4031,1051.1504,141.81266887355648,27.68250895653409,0.14275960529,0.39784525839,0.14275960529,0.39784525839,0.631,0.377,87.85,0.6310343,0.3773601,87.85,23.3862,24.0,2.58,2.23,0.552,0.893,19.0
1400,1400,19_64,19_10,1086.357,32.3371,18.8156,0.0323,188.2859,17.0,22.0,2886.0,1043.0,2886.1621,1042.7638,2886.1621,1042.7638,141.69332337816863,27.683099615614445,1.129,1.055,-74.21,0.04287,0.03883,-48.1,2886.1621,1042.7638,141.69332337816863,27.683099615614445,0.4846671483,0.58083549369,0.4846671483,0.58083549369,0.763,0.695,82.43,0.7632579,0.6949388,82.43,23.4357,0.0,2.3,1.071,0.066,0.969,19.0
1401,1401,19_65,19_9,1893.09,37.7921,18.2126,0.0217,188.2284,22.0,28.0,2964.0,1040.0,2964.0642,1040.5835,2964.0642,1040.5835,141.66858252041277,27.68333062386689,1.236,1.099,85.73,0.03237,0.02732,90.0,2964.0642,1040.5835,141.66858252041277,27.68333062386689,0.462077257,0.51652799405,0.462077257,0.51652799405,0.723,0.675,72.48,0.7228805,0.675314,72.48,23.4237,0.0,1.98,1.125,0.111,0.991,19.0
1402,1402,19_66,19_8,1440.635,34.24883,18.5092,0.0258,189.0343,21.0,23.0,2734.0,1041.0,2734.3228,1040.9139,2734.3228,1040.9139,141.74151851852938,27.68434850435999,1.157,1.072,66.36,0.03297,0.03262,85.71,2734.3228,1040.9139,141.74151851852938,27.68434850435999,0.52659214743,0.57590857582,0.52659214743,0.57590857582,0.769,0.715,64.27,0.768654,0.7153122,64.27,23.4574,0.0,2.12,1.079,0.073,0.956,19.0
1403,1403,19_67,19_70,716.9158,28.81783,19.2669,0.0437,187.9093,17.0,18.0,2905.0,1501.0,2904.6931,1500.8591,2904.6931,1500.8591,141.68989127361792,27.55420658047505,1.134,0.939,-89.95,0.05923,0.04682,-89.71,2904.6931,1500.8591,141.68989127361792,27.55420658047505,0.51605688198,0.58927024163,0.51605688198,0.58927024163,0.768,0.718,87.6,0.7677233,0.7182814,87.6,23.4383,0.0,2.48,1.208,0.172,0.864,19.0
1404,1404,19_68,19_69,1724.166,36.42654,18.3141,0.0229,188.3722,25.0,26.0,2861.0,1494.0,2860.7731,1494.5907,2860.7731,1494.5907,141.70378492565192,27.556181452568165,1.252,1.07,83.39,0.0354,0.02782,-89.24,2860.7731,1494.5907,141.70378492565192,27.556181452568165,0.50913492082,0.54876556484,0.50913492082,0.54876556484,0.749,0.704,63.6,0.7494867,0.7043934,63.6,23.4582,0.0,2.19,1.17,0.145,0.995,19.0
1405,1405,19_69,19_5,149.9133,16.41618,20.966,0.1189,188.5517,5.0,6.0,2746.0,1027.0,2745.515,1026.0889,2745.515,1026.0889,141.73788768587,27.6884636358156,0.794,0.499,88.0,0.1076,0.06569,89.7,2745.515,1026.0889,141.73788768587,27.6884636358156,0.627235774,0.87594683385,0.627235774,0.87594683385,0.937,0.791,85.14,0.9368876,0.7908378,85.14,23.426,0.0,3.71,1.591,0.371,0.37,19.0
1406,1406,19_70,19_68,692.7026,33.44713,19.3042,0.0524,187.5965,21.0,25.0,2782.0,1496.0,2781.9572,1495.9517,2781.9572,1495.9517,141.72878634734053,27.556175429871388,1.492,1.145,-24.51,0.08456,0.06416,-25.95,2781.9572,1495.9517,141.72878634734053,27.556175429871388,1.8410873765,1.5340749944,1.8410873765,1.5340749944,1.365,1.229,-14.63,1.365111,1.229485,-14.63,23.4117,0.0,6.15,1.304,0.233,0.0,19.0
1407,1407,19_71,19_67,263.4477,19.09053,20.3538,0.0787,187.6733,6.0,8.0,2856.0,1463.0,2855.9557,1463.4692,2855.9557,1463.4692,141.7051470628952,27.5649557176632,0.771,0.704,89.12,0.07471,0.06168,89.66,2855.9557,1463.4692,141.7051470628952,27.5649557176632,0.46251758533,0.41072810269,0.46251758533,0.41072810269,0.68,0.64,5.66,0.6804641,0.6404797,5.66,23.4103,0.0,2.18,1.095,0.087,0.651,19.0
1408,1408,19_72,19_66,250.647,19.91225,20.4079,0.0863,187.5167,8.0,9.0,3020.0,1461.0,3020.087,1461.6268,3020.087,1461.6268,141.65308921012286,27.56467198711085,0.898,0.678,70.72,0.096,0.06924,69.72,3020.087,1461.6268,141.65308921012286,27.56467198711085,0.46991638424,0.68504950679,0.46991638424,0.68504950679,0.828,0.685,86.27,0.828231,0.6848353,86.27,23.44,24.0,2.75,1.324,0.245,0.293,19.0
1410,1410,20_2,20_6,10012.69,65.58407,16.4042,0.0071,188.4432,53.0,57.0,3063.0,1027.0,3062.9425,1026.996,3062.9425,1026.996,141.63712335363164,27.68665751329738,1.497,1.323,80.58,0.01272,0.01128,-87.03,3062.9425,1026.996,141.63712335363164,27.68665751329738,0.53217031855,0.61740134948,0.53217031855,0.61740134948,0.79,0.725,74.37,0.7903442,0.724519,74.37,23.3524,16.0,2.39,1.131,0.116,0.981,20.0
1425,1425,20_17,20_58,1311.523,35.12544,18.6111,0.0291,188.8109,22.0,25.0,3054.0,1356.0,3053.6761,1356.2206,3053.6761,1356.2206,141.64186239990153,27.594142090187415,1.255,1.024,76.73,0.04403,0.03373,79.66,3053.6761,1356.2206,141.64186239990153,27.594142090187415,0.49193715407,0.52783619381,0.49193715407,0.52783619381,0.738,0.689,60.64,0.7378746,0.6894305,60.64,23.4222,0.0,2.15,1.225,0.184,0.885,20.0
1429,1429,20_21,20_53,2138.798,47.52176,18.0801,0.0241,188.5535,40.0,47.0,3037.0,1324.0,3037.3876,1324.0473,3037.3876,1324.0473,141.64685294595543,27.603269477291416,1.84,1.409,10.84,0.05195,0.03746,9.63,3037.3876,1324.0473,141.64685294595543,27.603269477291416,1.2293957974,1.2098657736,1.2293957974,1.2098657736,1.135,1.073,40.84,1.134532,1.073359,40.84,23.4152,0.0,3.74,1.306,0.234,0.028,20.0
1455,1455,20_47,20_29,452.1263,24.66489,19.7674,0.0592,188.6331,12.0,13.0,3057.0,1169.0,3057.3463,1169.2646,3057.3463,1169.2646,141.63967645030326,27.646688018099045,0.983,0.833,49.0,0.06863,0.05826,46.38,3057.3463,1169.2646,141.63967645030326,27.646688018099045,0.49457018342,0.56544800877,0.49457018342,0.56544800877,0.77,0.683,61.98,0.7703553,0.6830599,61.98,23.4182,0.0,2.55,1.18,0.152,0.603,20.0
1468,1468,20_60,20_15,7514.059,58.13417,16.7159,0.0084,188.1636,45.0,52.0,3025.0,1094.0,3025.4452,1094.2883,3025.4452,1094.2883,141.6493910614107,27.667927044054707,1.462,1.279,68.35,0.01529,0.01324,58.13,3025.4452,1094.2883,141.6493910614107,27.667927044054707,0.52256783126,0.58345387745,0.52256783126,0.58345387745,0.768,0.719,73.43,0.767705,0.7187842,73.43,23.3862,0.0,2.47,1.143,0.125,0.981,20.0
1476,1476,20_68,20_7,574.3136,27.73419,19.5077,0.0524,188.4291,12.0,15.0,3047.0,1031.0,3046.6387,1031.4125,3046.6387,1031.4125,141.6423223335162,27.685497834685272,1.032,0.908,52.67,0.05823,0.05082,45.6,3046.6387,1031.4125,141.6423223335162,27.685497834685272,0.5326572341,0.62143477879,0.5326572341,0.62143477879,0.795,0.722,71.7,0.7951961,0.7223263,71.7,23.3717,0.0,2.43,1.136,0.12,0.394,20.0
1482,1482,21_1,21_2,209.0818,16.39193,20.6048,0.0851,188.172,3.0,5.0,18.0,1516.0,17.9525,1516.0729,17.9525,1516.0729,142.60577271905476,27.560797062557576,0.593,0.573,81.17,0.0773,0.07658,-64.32,17.9525,1516.0729,142.60577271905476,27.560797062557576,0.099875399842,0.12074166833,0.099875399842,0.12074166833,0.347,0.316,89.94,0.347479,0.3160307,89.94,23.3466,0.0,1.37,1.034,0.033,0.7,21.0
1484,1484,21_3,21_79,601.272,28.24663,19.4579,0.051,187.6865,12.0,15.0,422.0,2009.0,421.6321,2009.5141,421.6321,2009.5141,142.47934375868226,27.420867631427612,1.002,0.918,-57.11,0.05894,0.05155,-46.22,421.6321,2009.5141,142.47934375868226,27.420867631427612,0.45732903548,0.5143697955,0.45732903548,0.5143697955,0.719,0.675,78.85,0.718802,0.6745536,78.85,23.3498,0.0,2.22,1.092,0.084,0.887,21.0
1485,1485,21_4,21_81,784.0371,30.59798,19.1697,0.0424,188.4574,14.0,18.0,27.0,2017.0,26.7998,2016.3668,26.7998,2016.3668,142.6045081606284,27.420058850067026,1.617,0.685,1.3,0.08948,0.03793,2.19,26.7998,2016.3668,142.6045081606284,27.420058850067026,1.1659174328,0.40488738983,1.1659174328,0.40488738983,1.08,0.636,-0.21,1.079781,0.6362999,-0.21,23.3706,24.0,4.61,2.362,0.577,0.943,21.0
1486,1486,21_5,21_78,1770.215,40.98754,18.2855,0.0251,187.7141,26.0,30.0,482.0,2003.0,482.327,2003.1685,482.327,2003.1685,142.46008705035766,27.42246851228857,1.282,1.218,-65.24,0.03772,0.03407,-48.06,482.327,2003.1685,142.46008705035766,27.42246851228857,0.70094931819,0.73772195651,0.70094931819,0.73772195651,0.859,0.837,88.51,0.8589219,0.8372123,88.51,23.3528,0.0,2.63,1.053,0.05,0.562,21.0
1487,1487,21_6,21_77,647.5142,27.9886,19.3774,0.0469,187.4437,14.0,15.0,330.0,1997.0,330.2987,1996.6476,330.2987,1996.6476,142.50824637729977,27.424757636192066,1.0,0.908,58.52,0.05665,0.04984,45.21,330.2987,1996.6476,142.50824637729977,27.424757636192066,0.40962676781,0.52343178346,0.40962676781,0.52343178346,0.724,0.639,84.29,0.7242788,0.6391234,84.29,23.333,0.0,2.39,1.102,0.092,0.866,21.0
1488,1488,21_7,21_76,1848.803,39.4232,18.2383,0.0232,187.9811,24.0,27.0,410.0,1994.0,409.9604,1994.0825,409.9604,1994.0825,142.48299026031827,27.425243137450188,1.259,1.076,76.17,0.03474,0.02825,79.18,409.9604,1994.0825,142.48299026031827,27.425243137450188,0.49745229924,0.57032166168,0.49745229924,0.57032166168,0.76,0.7,73.5,0.7598252,0.700314,73.5,23.3673,0.0,2.25,1.17,0.145,0.977,21.0
1490,1490,21_9,21_74,205.0998,18.65538,20.6257,0.0988,188.1331,6.0,7.0,225.0,1953.0,225.0119,1952.7292,225.0119,1952.7292,142.54147435569595,27.437414132017764,0.72,0.671,3.82,0.08695,0.08054,0.36,225.0119,1952.7292,142.54147435569595,27.437414132017764,0.47977012815,0.45184972099,0.47977012815,0.45184972099,0.695,0.669,18.87,0.6953146,0.6694456,18.87,23.3799,0.0,2.21,1.074,0.069,0.545,21.0
1491,1491,21_10,21_73,5509.977,76.62089,17.0527,0.0151,188.3959,98.0,107.0,472.0,1943.0,472.2473,1942.6332,472.2473,1942.6332,142.46307270836272,27.43952611439582,3.171,1.789,-48.37,0.05342,0.0299,-48.47,472.2473,1942.6332,142.46307270836272,27.43952611439582,3.1759987242,3.2695696977,3.1759987242,3.2695696977,1.996,1.569,-46.76,1.995697,1.569319,-46.76,23.3931,0.0,7.49,1.773,0.436,0.013,21.0
1492,1492,21_11,21_72,600.6546,27.3483,19.459,0.0494,189.0824,13.0,14.0,469.0,1928.0,469.3251,1928.3969,469.3251,1928.3969,142.46394988341507,27.44353926251955,0.939,0.912,68.63,0.05106,0.0498,-88.36,469.3251,1928.3969,142.46394988341507,27.44353926251955,0.45153337861,0.46362005155,0.45153337861,0.46362005155,0.69,0.663,54.56,0.6899486,0.6626646,54.56,23.4387,0.0,2.07,1.03,0.029,0.906,21.0
1495,1495,21_14,21_69,437.2439,27.5598,19.8038,0.0685,188.2406,11.0,15.0,150.0,1891.0,149.4741,1891.1898,149.4741,1891.1898,142.56522407870418,27.45493498400797,1.054,0.927,77.38,0.07756,0.06813,76.13,149.4741,1891.1898,142.56522407870418,27.45493498400797,0.93671413212,1.1904183633,0.93671413212,1.1904183633,1.092,0.967,85.64,1.091741,0.9670746,85.64,23.3748,0.0,2.68,1.137,0.121,0.382,21.0
1496,1496,21_15,21_68,709.8918,27.56315,19.2776,0.0422,188.2935,8.0,14.0,422.0,1891.0,422.3358,1890.3157,422.3358,1890.3157,142.47871458604197,27.45439252061717,1.387,0.642,-33.73,0.06974,0.03331,-32.93,422.3358,1890.3157,142.47871458604197,27.45439252061717,0.6786464205,0.36098125976,0.6786464205,0.36098125976,0.965,0.331,-33.62,0.9645064,0.3306886,-33.62,23.3772,0.0,5.62,2.163,0.538,0.959,21.0
1497,1497,21_16,21_67,404.7588,23.04911,19.8876,0.0618,188.6638,9.0,10.0,130.0,1857.0,130.0548,1856.7995,130.0548,1856.7995,142.57127223416782,27.46466146313992,0.872,0.731,84.65,0.06465,0.05152,89.63,130.0548,1856.7995,142.57127223416782,27.46466146313992,0.36121212367,0.42380950613,0.36121212367,0.42380950613,0.655,0.597,74.34,0.655093,0.5965524,74.34,23.3943,0.0,1.95,1.193,0.162,0.741,21.0
1498,1498,21_17,21_66,216.2926,19.00634,20.568,0.0954,188.885,7.0,7.0,168.0,1855.0,168.3162,1855.0178,168.3162,1855.0178,142.55913416101748,27.46505670468735,0.74,0.666,83.74,0.07967,0.07366,89.02,168.3162,1855.0178,142.55913416101748,27.46505670468735,0.5982900353,0.67166926483,0.5982900353,0.67166926483,0.831,0.762,65.91,0.8306652,0.7615475,65.91,23.4093,0.0,2.98,1.111,0.1,0.257,21.0
1499,1499,21_18,21_65,379.9665,22.62979,19.9562,0.0647,187.0565,9.0,10.0,301.0,1851.0,301.0509,1850.8229,301.0509,1850.8229,142.51703363412204,27.465859006674517,0.869,0.743,89.9,0.06935,0.05529,89.82,301.0509,1850.8229,142.51703363412204,27.465859006674517,0.45826028336,0.5011638547,0.45826028336,0.5011638547,0.708,0.677,87.11,0.7080068,0.6768681,87.11,23.3083,0.0,2.02,1.17,0.145,0.679,21.0
1500,1500,21_19,21_64,7370.954,59.73861,16.7368,0.0088,188.7967,47.0,51.0,148.0,1846.0,147.9134,1846.4972,147.9134,1846.4972,142.56557656388614,27.46750990721985,1.42,1.302,68.88,0.0154,0.01457,50.87,147.9134,1846.4972,142.56557656388614,27.46750990721985,0.48545930121,0.55057541035,0.48545930121,0.55057541035,0.747,0.692,72.89,0.7465849,0.6918423,72.89,23.4028,0.0,2.12,1.091,0.083,0.981,21.0
1501,1501,21_20,21_63,3236.848,46.82334,17.6303,0.0157,188.943,27.0,36.0,47.0,1842.0,46.6319,1842.6127,46.6319,1842.6127,142.59768223501945,27.46887791379737,1.34,1.157,75.46,0.02551,0.02138,74.3,46.6319,1842.6127,142.59768223501945,27.46887791379737,0.46721920309,0.53428102599,0.46721920309,0.53428102599,0.734,0.68,76.07,0.7339483,0.6803088,76.07,23.4095,0.0,2.24,1.158,0.137,0.985,21.0
1502,1502,21_21,21_62,3659.965,46.84055,17.4969,0.0139,187.7849,31.0,35.0,338.0,1838.0,338.5303,1838.261,338.5303,1838.261,142.50510849812397,27.46928283598602,1.306,1.174,74.86,0.02238,0.01942,79.11,338.5303,1838.261,142.50510849812397,27.46928283598602,0.490193189,0.51357230787,0.490193189,0.51357230787,0.724,0.692,60.44,0.7243373,0.6921712,60.44,23.3396,0.0,2.22,1.113,0.101,0.981,21.0
1503,1503,21_22,21_61,2205.249,40.9289,18.0469,0.0202,187.7399,25.0,29.0,270.0,1835.0,269.9889,1834.838,269.9889,1834.838,142.52682984810215,27.470444794256235,1.214,1.151,55.41,0.02949,0.02779,52.21,269.9889,1834.838,142.52682984810215,27.470444794256235,0.49341608058,0.52986027522,0.49341608058,0.52986027522,0.732,0.698,68.74,0.7323688,0.697791,68.74,23.3479,0.0,2.12,1.054,0.052,0.978,21.0
1504,1504,21_23,21_59,6772.059,59.87252,16.8288,0.0096,188.9923,39.0,54.0,406.0,1812.0,406.2654,1812.5685,406.2654,1812.5685,142.48354522931885,27.47630847466056,1.405,1.261,69.42,0.01633,0.01491,66.45,406.2654,1812.5685,142.48354522931885,27.47630847466056,0.46930163884,0.52752770931,0.46930163884,0.52752770931,0.731,0.68,72.29,0.7308474,0.6802143,72.29,23.4171,0.0,2.13,1.115,0.103,0.982,21.0
1505,1505,21_24,21_58,588.9283,27.11551,19.4804,0.05,188.5232,10.0,14.0,300.0,1809.0,299.7551,1808.5527,299.7551,1808.5527,142.5173046740455,27.477751965202813,0.955,0.897,86.76,0.05382,0.05246,87.25,299.7551,1808.5527,142.5173046740455,27.477751965202813,0.40699506839,0.50817595793,0.40699506839,0.50817595793,0.714,0.637,82.64,0.7140684,0.636614,82.64,23.3935,0.0,2.23,1.065,0.061,0.934,21.0
1506,1506,21_25,21_57,1001.244,32.43354,18.9042,0.0352,188.4209,15.0,19.0,89.0,1800.0,89.2749,1799.9378,89.2749,1799.9378,142.58402522405206,27.48076614341716,1.068,0.995,-86.45,0.04385,0.0391,-89.17,89.2749,1799.9378,142.58402522405206,27.48076614341716,0.50548781734,0.49457859588,0.50548781734,0.49457859588,0.717,0.697,-34.05,0.7174004,0.6967088,-34.05,23.3674,0.0,2.23,1.074,0.069,0.956,21.0
1507,1507,21_26,21_56,237.9112,19.16068,20.4645,0.0875,187.6331,7.0,7.0,142.0,1800.0,142.2591,1800.0189,142.2591,1800.0189,142.56722174423754,27.48059832592297,0.725,0.671,-88.0,0.08127,0.07527,-89.52,142.2591,1800.0189,142.56722174423754,27.48059832592297,0.57360418853,0.631454096,0.57360418853,0.631454096,0.795,0.757,-85.17,0.7949029,0.7570916,-85.17,23.3232,0.0,3.09,1.081,0.075,0.316,21.0
1508,1508,21_27,21_55,109712.3,155.4637,13.8049,0.0015,187.9389,126.0,138.0,62.0,1784.0,62.4477,1784.6872,62.4477,1784.6872,142.5924861511172,27.48512803025602,1.679,1.455,73.94,0.00335,0.00286,72.98,62.4477,1784.6872,142.5924861511172,27.48512803025602,0.50844764369,0.5778255908,0.50844764369,0.5778255908,0.764,0.708,73.56,0.764486,0.7084027,73.56,23.3282,0.0,2.46,1.153,0.133,0.984,21.0
1509,1509,21_28,21_54,1112.663,37.07949,18.7897,0.0362,188.8679,20.0,26.0,258.0,1782.0,258.4942,1781.8187,258.4942,1781.8187,142.5303010429882,27.485390317507264,1.297,1.159,63.93,0.05282,0.04693,64.59,258.4942,1781.8187,142.5303010429882,27.485390317507264,0.81569255863,0.86187568842,0.81569255863,0.86187568842,0.934,0.897,66.01,0.934494,0.8968217,66.01,23.4141,0.0,3.26,1.119,0.107,0.025,21.0
1510,1510,21_29,21_53,154696.8,180.3005,13.4319,0.0013,188.4927,155.0,164.0,306.0,1774.0,305.6324,1774.7086,305.6324,1774.7086,142.51532891682473,27.48725406222273,1.706,1.477,71.42,0.00281,0.00243,68.99,305.6324,1774.7086,142.51532891682473,27.48725406222273,0.51111920559,0.57480048174,0.51111920559,0.57480048174,0.763,0.709,71.57,0.7633814,0.7093438,71.57,23.3862,0.0,2.49,1.155,0.134,0.983,21.0
1511,1511,21_30,21_52,28444.37,92.35651,15.2706,0.0035,188.8111,80.0,86.0,274.0,1776.0,274.374,1776.0492,274.374,1776.0492,142.5252461910219,27.48696745120389,1.581,1.396,69.39,0.00736,0.00643,56.2,274.374,1776.0492,142.5252461910219,27.48696745120389,0.50277979375,0.58757664896,0.50277979375,0.58757664896,0.77,0.706,77.1,0.7695889,0.7057544,77.1,23.4112,0.0,2.63,1.133,0.117,0.984,21.0
1512,1512,21_31,21_51,5253.524,53.80926,17.1044,0.0111,187.4271,36.0,44.0,385.0,1772.0,384.8179,1772.2786,384.8179,1772.2786,142.49020972299655,27.4877046225988,1.378,1.23,74.27,0.01915,0.01709,75.62,384.8179,1772.2786,142.49020972299655,27.4877046225988,0.47729907785,0.53825871451,0.47729907785,0.53825871451,0.739,0.685,71.69,0.7387504,0.6854237,71.69,23.3103,0.0,2.15,1.12,0.107,0.98,21.0
1513,1513,21_32,21_50,717.1998,30.69327,19.2665,0.0465,189.4272,15.0,18.0,263.0,1768.0,263.3877,1767.7076,263.3877,1767.7076,142.52870293501076,27.489345235402386,1.148,0.971,86.22,0.05813,0.04755,88.99,263.3877,1767.7076,142.52870293501076,27.489345235402386,0.72154281481,0.82067047894,0.72154281481,0.82067047894,0.907,0.848,80.67,0.9074246,0.8478171,80.67,23.4523,0.0,2.69,1.183,0.155,0.396,21.0
1514,1514,21_33,21_49,531.3676,30.29655,19.5921,0.0619,188.9426,16.0,18.0,25.0,1763.0,24.5098,1762.9883,24.5098,1762.9883,142.6044523191637,27.491332415051545,1.261,0.933,66.72,0.08634,0.06233,66.88,24.5098,1762.9883,142.6044523191637,27.491332415051545,0.90077671895,1.1922268941,0.90077671895,1.1922268941,1.107,0.932,72.38,1.10676,0.9317113,72.38,23.3953,0.0,4.25,1.351,0.26,0.007,21.0
1515,1515,21_34,21_46,919.9592,34.80844,18.9962,0.0411,189.0022,14.0,23.0,29.0,1745.0,28.9604,1744.9701,28.9604,1744.9701,142.60298496160772,27.4963884820168,1.108,1.008,74.32,0.05144,0.04737,65.35,28.9604,1744.9701,142.60298496160772,27.4963884820168,0.4621678645,0.52658407262,0.4621678645,0.52658407262,0.726,0.68,87.22,0.7257658,0.6797175,87.22,23.4051,0.0,2.02,1.099,0.09,0.916,21.0
1516,1516,21_35,21_45,2624.438,45.79218,17.858,0.0189,187.5997,24.0,36.0,383.0,1742.0,383.4786,1742.3816,383.4786,1742.3816,142.49053355217185,27.496117551957283,1.274,1.134,58.22,0.0288,0.02539,53.11,383.4786,1742.3816,142.49053355217185,27.496117551957283,0.46659929607,0.49609087467,0.46659929607,0.49609087467,0.717,0.669,58.09,0.7174677,0.6692759,58.09,23.3207,0.0,2.2,1.124,0.11,0.982,21.0
1517,1517,21_36,21_44,297.9503,21.62731,20.2202,0.0788,188.4657,8.0,9.0,349.0,1739.0,348.983,1738.9518,348.983,1738.9518,142.50146195053006,27.497184313513674,0.777,0.76,-52.52,0.07041,0.07027,-82.18,348.983,1738.9518,142.50146195053006,27.497184313513674,0.42432551261,0.44327214012,0.42432551261,0.44327214012,0.67,0.647,-65.16,0.6696579,0.6474226,-65.16,23.3729,0.0,2.04,1.022,0.022,0.453,21.0
1519,1519,21_38,21_42,307.1932,25.03737,20.187,0.0885,188.332,10.0,12.0,85.0,1734.0,84.527,1735.4148,84.527,1735.4148,142.58532892578373,27.49892704281764,1.642,0.499,-89.95,0.16327,0.04793,-89.95,84.527,1735.4148,142.58532892578373,27.49892704281764,0.90298393389,2.0847825478,0.90298393389,2.0847825478,1.445,0.948,86.44,1.445469,0.9478327,86.44,23.3455,0.0,5.39,3.29,0.696,0.126,21.0
1520,1520,21_39,21_41,167.926,16.20553,20.8428,0.1048,188.945,5.0,5.0,51.0,1736.0,51.4336,1736.2565,51.4336,1736.2565,142.59582914499916,27.49877939412477,0.724,0.458,70.15,0.1049,0.06079,71.36,51.4336,1736.2565,142.59582914499916,27.49877939412477,0.27527669385,0.31043131956,0.27527669385,0.31043131956,0.584,0.494,55.6,0.5843542,0.4942047,55.6,23.3941,0.0,2.06,1.582,0.368,0.5,21.0
1521,1521,21_40,21_40,351.5152,25.95665,20.0407,0.0802,187.7316,11.0,13.0,160.0,1733.0,159.6349,1733.3863,159.6349,1733.3863,142.5614984525993,27.49929158745584,1.016,0.882,-50.07,0.08817,0.07523,-45.28,159.6349,1733.3863,142.5614984525993,27.49929158745584,1.2123993692,1.3264014199,1.2123993692,1.3264014199,1.164,1.088,-66.08,1.163754,1.088337,-66.08,23.3258,0.0,3.98,1.152,0.132,0.002,21.0
1522,1522,21_41,21_39,2793.619,44.85485,17.7902,0.0174,188.3161,27.0,33.0,55.0,1723.0,54.6046,1723.3595,54.6046,1723.3595,142.5947831785193,27.50239835332963,1.279,1.17,70.02,0.02611,0.02439,52.24,54.6046,1723.3595,142.5947831785193,27.50239835332963,0.4828215264,0.52339229208,0.4828215264,0.52339229208,0.73,0.688,66.24,0.7301675,0.6878003,66.24,23.3528,0.0,2.16,1.093,0.085,0.979,21.0
1524,1524,21_43,21_36,3387.659,61.10101,17.5808,0.0196,188.8103,58.0,69.0,23.0,1717.0,23.1547,1717.8337,23.1547,1717.8337,142.60474298718788,27.50403635196368,2.028,1.75,-46.6,0.04534,0.03757,-45.25,23.1547,1717.8337,142.60474298718788,27.50403635196368,1.8970090624,1.8272807525,1.8970090624,1.8272807525,1.387,1.341,-28.2,1.387491,1.341327,-28.2,23.3983,0.0,4.39,1.159,0.137,0.017,21.0
1525,1525,21_44,21_35,250.0599,21.421,20.4105,0.093,188.0398,9.0,9.0,510.0,1717.0,509.9441,1716.9882,509.9441,1716.9882,142.45033990463875,27.50287699448725,0.793,0.772,33.23,0.08772,0.08739,21.29,509.9441,1716.9882,142.45033990463875,27.50287699448725,0.72425177027,0.62873993782,0.72425177027,0.62873993782,0.862,0.781,21.96,0.8618589,0.7811472,21.96,23.3527,24.0,3.55,1.028,0.027,0.014,21.0
1526,1526,21_45,21_34,3577.554,58.62496,17.5216,0.0178,188.3681,52.0,62.0,327.0,1701.0,327.3393,1700.7998,327.3393,1700.7998,142.50819918312664,27.507978570729872,1.815,1.67,66.64,0.03682,0.03433,71.27,327.3393,1700.7998,142.50819918312664,27.507978570729872,1.3827252845,1.4643118356,1.3827252845,1.4643118356,1.224,1.162,61.74,1.223717,1.161703,61.74,23.3779,0.0,3.43,1.087,0.08,0.021,21.0
1527,1527,21_46,21_33,1942.379,43.95926,18.1847,0.0246,188.2024,33.0,35.0,15.0,1702.0,14.8506,1701.8881,14.8506,1701.8881,142.60732834834414,27.508543217763,1.555,1.232,85.2,0.04339,0.03443,86.88,14.8506,1701.8881,142.60732834834414,27.508543217763,0.90428443412,1.1748306596,0.90428443412,1.1748306596,1.086,0.948,81.96,1.086434,0.9480377,81.96,23.3568,0.0,3.4,1.262,0.208,0.023,21.0
1528,1528,21_47,21_32,970.751,32.09669,18.9378,0.0359,187.6124,16.0,19.0,420.0,1698.0,419.83,1698.6863,419.83,1698.6863,142.4788566592253,27.50829872999044,1.045,1.038,-35.91,0.04363,0.04335,27.42,419.83,1698.6863,142.4788566592253,27.50829872999044,0.51044536691,0.50566423981,0.51044536691,0.50566423981,0.717,0.709,33.32,0.7169952,0.7085389,33.32,23.332,0.0,2.53,1.007,0.007,0.99,21.0
1529,1529,21_48,21_31,244.4705,20.4158,20.435,0.0907,188.3957,7.0,8.0,490.0,1689.0,489.831,1689.152,489.831,1689.152,142.45662223590892,27.51076800472745,0.808,0.667,45.78,0.0881,0.07004,44.93,489.831,1689.152,142.45662223590892,27.51076800472745,0.56541865173,0.52478509446,0.56541865173,0.52478509446,0.763,0.712,28.61,0.7633013,0.7124429,28.61,23.3681,0.0,2.24,1.21,0.174,0.273,21.0
1530,1530,21_49,21_30,1257.258,39.30661,18.657,0.034,188.198,22.0,29.0,265.0,1684.0,264.6622,1684.1848,264.6622,1684.1848,142.52802497474931,27.51283342723198,1.341,1.19,39.57,0.05219,0.04489,36.02,264.6622,1684.1848,142.52802497474931,27.51283342723198,0.85283643933,0.86492485093,0.85283643933,0.86492485093,0.945,0.908,49.96,0.9454819,0.9076482,49.96,23.3686,0.0,3.06,1.126,0.112,0.121,21.0
1531,1531,21_50,21_29,353.4125,23.10275,20.0349,0.071,188.3417,8.0,10.0,71.0,1684.0,70.9827,1684.4413,70.9827,1684.4413,142.58946623200234,27.513300556462088,0.976,0.664,60.36,0.0835,0.05152,63.28,70.9827,1684.4413,142.58946623200234,27.513300556462088,0.47398883116,0.45301238552,0.47398883116,0.45301238552,0.718,0.641,39.23,0.7183037,0.6411247,39.23,23.3489,0.0,2.47,1.47,0.32,0.645,21.0
1532,1532,21_51,21_28,458.3683,24.96468,19.7525,0.0591,187.2647,9.0,12.0,398.0,1683.0,397.7693,1682.7059,397.7693,1682.7059,142.485799477851,27.51285947499203,0.936,0.824,77.33,0.06717,0.05854,70.7,397.7693,1682.7059,142.485799477851,27.51285947499203,0.47396056633,0.56033132123,0.47396056633,0.56033132123,0.749,0.687,-82.94,0.7494517,0.6874694,-82.94,23.3151,0.0,2.39,1.137,0.12,0.735,21.0
1533,1533,21_52,21_27,972.423,37.41345,18.9359,0.0418,188.5139,26.0,27.0,319.0,1670.0,318.6903,1669.5928,318.6903,1669.5928,142.51083883708304,27.51678115925304,1.359,1.281,34.69,0.06156,0.05801,33.38,318.6903,1669.5928,142.51083883708304,27.51678115925304,1.534702681,1.5302333506,1.534702681,1.5302333506,1.258,1.218,43.69,1.257593,1.217948,43.69,23.3937,0.0,4.4,1.061,0.057,0.001,21.0
1534,1534,21_53,21_26,88623.44,142.2653,14.0367,0.0017,188.3211,118.0,126.0,106.0,1661.0,105.8701,1661.8614,105.8701,1661.8614,142.57832721325414,27.519556802025352,1.672,1.443,74.01,0.0038,0.00317,73.88,105.8701,1661.8614,142.57832721325414,27.519556802025352,0.51978312307,0.59932076999,0.51978312307,0.59932076999,0.778,0.717,75.96,0.7775754,0.7172729,75.96,23.3558,0.0,2.42,1.159,0.137,0.983,21.0
1535,1535,21_54,21_25,182.4697,17.72813,20.7526,0.1055,188.1993,6.0,6.0,63.0,1668.0,63.476,1668.008,63.476,1668.008,142.59179658411415,27.51794280683995,0.775,0.499,89.09,0.10507,0.06463,89.97,63.476,1668.008,142.59179658411415,27.51794280683995,0.37021538921,0.45159564116,0.37021538921,0.45159564116,0.675,0.606,78.48,0.6746303,0.6055452,78.48,23.3415,0.0,2.33,1.552,0.356,0.546,21.0
1536,1536,21_55,21_24,18966.65,81.39809,15.7106,0.0047,188.1159,70.0,77.0,211.0,1661.0,210.9669,1661.7938,210.9669,1661.7938,142.54498529903336,27.51928404868993,1.567,1.368,73.17,0.00971,0.0084,72.53,210.9669,1661.7938,142.54498529903336,27.51928404868993,0.49972939851,0.57733188451,0.49972939851,0.57733188451,0.763,0.704,76.97,0.7627053,0.7038053,76.97,23.3644,0.0,2.39,1.146,0.127,0.983,21.0
1539,1539,21_58,21_21,306.7548,20.48064,20.1886,0.0725,188.2525,7.0,8.0,188.0,1653.0,187.7919,1653.1251,187.7919,1653.1251,142.5523094134028,27.52178741004945,0.779,0.674,50.92,0.07228,0.05767,44.65,187.7919,1653.1251,142.5523094134028,27.52178741004945,0.40845108651,0.43392245925,0.40845108651,0.43392245925,0.663,0.635,-67.94,0.6625181,0.6351719,-67.94,23.3722,0.0,2.29,1.155,0.134,0.653,21.0
1540,1540,21_59,21_20,615.9368,28.24755,19.4317,0.0498,188.8056,12.0,15.0,138.0,1652.0,138.4297,1652.519,138.4297,1652.519,142.5679678095027,27.522095137661385,1.021,0.888,55.31,0.05699,0.04982,46.43,138.4297,1652.519,142.5679678095027,27.522095137661385,0.38278565665,0.47864521162,0.38278565665,0.47864521162,0.703,0.607,69.86,0.7025258,0.6065381,69.86,23.3993,0.0,2.39,1.15,0.13,0.915,21.0
1541,1541,21_60,21_19,20801.67,87.28577,15.6103,0.0046,188.082,80.0,89.0,483.0,1632.0,483.2297,1632.5131,483.2297,1632.5131,142.45852032976657,27.526718444925955,1.643,1.504,-68.9,0.01088,0.00894,-49.58,483.2297,1632.5131,142.45852032976657,27.526718444925955,0.51733527745,0.58795571112,0.51733527745,0.58795571112,0.77,0.715,74.92,0.7703815,0.7154043,74.92,23.3427,0.0,2.47,1.093,0.085,0.982,21.0
1542,1542,21_61,21_17,9756.536,66.38589,16.4323,0.0074,188.3899,52.0,62.0,413.0,1624.0,413.0134,1624.8205,413.0134,1624.8205,142.48076774881693,27.52909467803318,1.483,1.306,77.96,0.01417,0.0122,80.2,413.0134,1624.8205,142.48076774881693,27.52909467803318,0.50695377153,0.58561189616,0.50695377153,0.58561189616,0.769,0.708,76.2,0.7685442,0.7084528,76.2,23.3909,0.0,2.31,1.135,0.119,0.98,21.0
1544,1544,21_63,21_15,644.1641,30.8585,19.3831,0.052,188.1777,16.0,18.0,17.0,1618.0,16.8236,1618.2288,16.8236,1618.2288,142.60644509592709,27.53206805215877,1.162,1.008,16.84,0.06687,0.05864,24.82,16.8236,1618.2288,142.60644509592709,27.53206805215877,1.201411487,1.0078182774,1.201411487,1.0078182774,1.096,1.004,2.94,1.096323,1.003646,2.94,23.3453,0.0,3.61,1.152,0.132,0.094,21.0
1545,1545,21_64,21_14,44829.21,111.273,14.7767,0.0027,187.5917,97.0,111.0,241.0,1605.0,241.1362,1604.9282,241.1362,1604.9282,142.53522941551074,27.53519240223869,1.644,1.425,74.12,0.00593,0.00506,76.08,241.1362,1604.9282,142.53522941551074,27.53519240223869,0.50676247816,0.59602391659,0.50676247816,0.59602391659,0.776,0.708,76.3,0.7756677,0.7079026,76.3,23.3306,0.0,2.48,1.154,0.133,0.983,21.0
1546,1546,21_65,21_12,397.0011,23.96198,19.9086,0.0655,188.2806,10.0,11.0,283.0,1606.0,283.3669,1606.1205,283.3669,1606.1205,142.52183482210145,27.534735875115636,0.942,0.731,16.26,0.07598,0.05407,15.17,283.3669,1606.1205,142.52183482210145,27.534735875115636,0.3828990236,0.38019427831,0.3828990236,0.38019427831,0.645,0.589,43.87,0.6448156,0.5893268,43.87,23.3747,0.0,2.01,1.289,0.224,0.772,21.0
1547,1547,21_66,21_13,331.1159,21.82882,20.1056,0.0716,187.8802,9.0,9.0,30.0,1607.0,30.0232,1606.627,30.0232,1606.627,142.60222080384236,27.53529617860725,0.876,0.681,63.75,0.07862,0.05706,68.77,30.0232,1606.627,142.60222080384236,27.53529617860725,0.49390755663,0.48789542629,0.49390755663,0.48789542629,0.744,0.654,43.63,0.7440428,0.6543725,43.63,23.3281,0.0,2.18,1.288,0.223,0.636,21.0
1548,1548,21_67,21_10,621.7491,32.01335,19.4215,0.0559,188.9317,15.0,20.0,304.0,1595.0,303.9584,1594.8925,303.9584,1594.8925,142.51526478033688,27.537834176962004,1.203,1.058,-27.47,0.06799,0.0623,-26.68,303.9584,1594.8925,142.51526478033688,27.537834176962004,1.1206405792,0.99396538749,1.1206405792,0.99396538749,1.085,0.968,-29.13,1.08522,0.9679375,-29.13,23.4197,0.0,3.18,1.136,0.12,0.104,21.0
1549,1549,21_68,21_9,1718.412,38.07203,18.3178,0.0241,188.172,21.0,25.0,2.0,1594.0,2.2534,1593.7974,2.2534,1593.7974,142.61099373446473,27.538977995587253,1.199,1.059,62.71,0.03363,0.02995,64.76,2.2534,1593.7974,142.61099373446473,27.538977995587253,0.48253740849,0.53174693695,0.48253740849,0.53174693695,0.737,0.686,66.5,0.7370327,0.6863434,66.5,23.3478,24.0,2.34,1.132,0.117,0.97,21.0
1550,1550,21_69,21_8,287.4974,21.44537,20.259,0.081,187.8694,7.0,9.0,350.0,1566.0,349.3927,1565.8823,349.3927,1565.8823,142.5007530662755,27.545860552562363,0.879,0.685,22.25,0.08811,0.06372,20.24,349.3927,1565.8823,142.5007530662755,27.545860552562363,0.62676779047,0.58938111494,0.62676779047,0.58938111494,0.808,0.751,32.46,0.8075818,0.750973,32.46,23.356,0.0,2.62,1.283,0.22,0.394,21.0
1551,1551,21_70,21_7,971.5646,33.67085,18.9369,0.0376,187.8109,16.0,21.0,290.0,1560.0,289.9877,1559.848,289.9877,1559.848,142.51958176082334,27.54773117839827,1.088,1.044,85.4,0.04657,0.04609,85.38,289.9877,1559.848,142.51958176082334,27.54773117839827,0.45709453379,0.53706733676,0.45709453379,0.53706733676,0.733,0.676,87.69,0.7329373,0.6759917,87.69,23.3395,0.0,2.18,1.042,0.04,0.961,21.0
1552,1552,21_71,21_6,184.4761,17.64911,20.7407,0.1039,188.0423,5.0,6.0,46.0,1558.0,46.3212,1558.6268,46.3212,1558.6268,142.59690031576054,27.548753152795804,0.861,0.513,44.1,0.11072,0.06406,45.01,46.3212,1558.6268,142.59690031576054,27.548753152795804,0.76275514211,0.75834601494,0.76275514211,0.75834601494,1.017,0.698,44.77,1.017061,0.6976299,44.77,23.3388,0.0,3.93,1.679,0.404,0.454,21.0
1553,1553,21_72,21_5,18985.05,80.37639,15.7095,0.0046,188.1259,64.0,74.0,444.0,1550.0,443.6576,1550.5105,443.6576,1550.5105,142.47079255159116,27.5499025552424,1.561,1.351,70.57,0.0096,0.00803,65.04,443.6576,1550.5105,142.47079255159116,27.5499025552424,0.51359726221,0.56731962275,0.51359726221,0.56731962275,0.759,0.711,69.9,0.7587027,0.7108355,69.9,23.3673,0.0,2.31,1.156,0.135,0.983,21.0
1554,1554,21_73,21_4,270.0781,19.163,20.3268,0.0771,187.7056,6.0,7.0,200.0,1537.0,200.3379,1537.7181,200.3379,1537.7181,142.54795720014135,27.554211227981117,0.797,0.602,61.22,0.08924,0.06262,61.02,200.3379,1537.7181,142.54795720014135,27.554211227981117,0.40249832059,0.38821673748,0.40249832059,0.38821673748,0.663,0.592,40.39,0.6632843,0.5922576,40.39,23.3322,0.0,3.18,1.325,0.245,0.581,21.0
1555,1555,21_74,21_3,1280.097,38.24136,18.6375,0.0324,187.9834,23.0,27.0,321.0,1532.0,321.5281,1532.575,321.5281,1532.575,142.50948350446268,27.555310130160898,1.274,1.161,66.32,0.04617,0.04314,58.93,321.5281,1532.575,142.50948350446268,27.555310130160898,0.67848149737,0.77227510578,0.67848149737,0.77227510578,0.886,0.816,71.18,0.8857733,0.8161876,71.18,23.3543,0.0,2.73,1.097,0.089,0.44,21.0
1556,1556,21_75,21_80,422.5363,26.86187,19.8409,0.069,187.7003,11.0,14.0,459.0,2011.0,458.8088,2011.483,458.8088,2011.483,142.4675688193098,27.42020151557661,0.972,0.951,86.04,0.07533,0.07402,-88.12,458.8088,2011.483,142.4675688193098,27.42020151557661,0.84583010815,0.82265146229,0.84583010815,0.82265146229,0.92,0.907,-5.66,0.9198152,0.9068747,-5.66,23.3505,16.0,3.43,1.022,0.022,0.104,21.0
1557,1557,22_1,22_5,657.9195,32.80267,19.3601,0.0541,188.0128,18.0,21.0,900.0,1516.0,899.9139,1515.7582,899.9139,1515.7582,142.3259124653052,27.558214180304592,1.251,1.057,36.73,0.07409,0.06215,36.28,899.9139,1515.7582,142.3259124653052,27.558214180304592,1.1151076054,1.0419299784,1.1151076054,1.0419299784,1.092,0.982,35.72,1.092487,0.9815859,35.72,23.356,0.0,3.38,1.183,0.155,0.026,22.0
1561,1561,22_5,22_1,632.8824,26.91299,19.4023,0.0462,187.941,13.0,14.0,636.0,1506.0,635.8392,1506.4594,635.8392,1506.4594,142.40966232377517,27.56169577457057,1.711,0.498,0.22,0.10969,0.02782,0.11,635.8392,1506.4594,142.40966232377517,27.56169577457057,1.1573837995,0.32954510019,1.1573837995,0.32954510019,1.076,0.574,-1.47,1.076071,0.5735856,-1.47,23.3771,24.0,4.7,3.434,0.709,0.873,22.0
1562,1562,22_6,22_61,331495.2,251.9072,12.6044,0.0008,188.7684,193.0,218.0,707.0,1948.0,707.4845,1947.9166,707.4845,1947.9166,142.38853453770523,27.437300977261703,1.717,1.499,73.41,0.00175,0.00158,73.7,707.4845,1947.9166,142.38853453770523,27.437300977261703,0.52810502402,0.61059687048,0.52810502402,0.61059687048,0.786,0.722,74.58,0.7857416,0.7220194,74.58,23.3815,0.0,2.58,1.145,0.127,0.983,22.0
1563,1563,22_7,22_60,1503.071,36.53094,18.4631,0.0264,188.2394,22.0,24.0,548.0,1950.0,547.9031,1950.1318,547.9031,1950.1318,142.4391195414369,27.437184076979356,1.174,1.077,65.8,0.03646,0.03315,66.65,547.9031,1950.1318,142.4391195414369,27.437184076979356,0.50133419524,0.56320488054,0.50133419524,0.56320488054,0.751,0.707,82.7,0.7511576,0.7073199,82.7,23.3652,0.0,2.12,1.09,0.083,0.953,22.0
1564,1564,22_8,22_58,262.0739,19.84769,20.3595,0.0822,187.7347,7.0,8.0,845.0,1937.0,844.7985,1937.1082,844.7985,1937.1082,142.3449759914949,27.43988989165969,0.8,0.666,46.92,0.08316,0.06594,44.59,844.7985,1937.1082,142.3449759914949,27.43988989165969,0.50698393814,0.45962174442,0.50698393814,0.45962174442,0.722,0.668,25.34,0.7215753,0.6677835,25.34,23.3654,0.0,2.05,1.201,0.167,0.591,22.0
1565,1565,22_9,22_57,303.2758,22.47631,20.201,0.0805,187.9735,8.0,10.0,597.0,1933.0,597.034,1933.2095,597.034,1933.2095,142.4234879097022,27.44179010627274,0.9,0.746,-89.45,0.08664,0.0688,89.98,597.034,1933.2095,142.4234879097022,27.44179010627274,0.58043493887,0.6238197106,0.58043493887,0.6238197106,0.791,0.761,78.16,0.7910845,0.7605524,78.16,23.3434,0.0,3.08,1.206,0.171,0.102,22.0
1566,1566,22_10,22_56,1181.243,43.17443,18.7247,0.0397,188.0017,27.0,37.0,574.0,1919.0,574.1898,1919.8842,574.1898,1919.8842,142.43068141943368,27.44560981773233,1.611,1.339,77.05,0.06919,0.0583,80.0,574.1898,1919.8842,142.43068141943368,27.44560981773233,2.0069990535,2.3643750888,2.0069990535,2.3643750888,1.55,1.403,72.71,1.550072,1.403087,72.71,23.3573,0.0,5.37,1.203,0.169,0.0,22.0
1567,1567,22_11,22_54,228.2708,19.80803,20.5094,0.0942,188.0024,5.0,8.0,943.0,1902.0,942.8149,1902.2043,942.8149,1902.2043,142.31377869254726,27.44937667077612,0.786,0.68,42.93,0.08883,0.07135,45.17,942.8149,1902.2043,142.31377869254726,27.44937667077612,0.42052100384,0.43453320643,0.42052100384,0.43453320643,0.667,0.64,-56.61,0.6673058,0.6401228,-56.61,23.382,0.0,2.37,1.155,0.134,0.556,22.0
1568,1568,22_12,22_53,979.3226,32.27654,18.9283,0.0358,187.5358,17.0,20.0,864.0,1899.0,863.826,1898.9528,863.826,1898.9528,142.33880216485878,27.45055818541983,1.094,1.014,60.43,0.04653,0.04267,62.66,863.826,1898.9528,142.33880216485878,27.45055818541983,0.51280648219,0.53254826227,0.51280648219,0.53254826227,0.739,0.706,57.24,0.7392512,0.7063019,57.24,23.3542,0.0,2.18,1.078,0.073,0.938,22.0
1569,1569,22_13,22_52,7974.568,60.67797,16.6513,0.0083,188.6943,45.0,52.0,664.0,1896.0,664.1301,1895.9635,664.1301,1895.9635,142.4020877904369,27.452053270813707,1.452,1.268,71.67,0.01485,0.01324,66.41,664.1301,1895.9635,142.4020877904369,27.452053270813707,0.49124953705,0.58508422119,0.49124953705,0.58508422119,0.767,0.698,79.0,0.7673136,0.6982576,79.0,23.3842,0.0,2.32,1.145,0.127,0.981,22.0
1570,1570,22_14,22_51,168.5043,17.12425,20.839,0.1104,188.4373,6.0,6.0,832.0,1894.0,832.4724,1894.0103,832.4724,1894.0103,142.34872146941026,27.4520530574866,0.771,0.499,-89.53,0.10691,0.0658,-89.93,832.4724,1894.0103,142.34872146941026,27.4520530574866,0.57113042978,0.54546413262,0.57113042978,0.54546413262,0.758,0.736,-19.45,0.7581468,0.7360761,-19.45,23.4086,0.0,2.03,1.545,0.353,0.562,22.0
1571,1571,22_15,22_50,642.4258,30.81661,19.386,0.0521,187.8044,17.0,19.0,991.0,1884.0,991.1403,1883.88,991.1403,1883.88,142.2983912283865,27.45436513738206,1.191,1.019,-88.02,0.07037,0.06208,89.02,991.1403,1883.88,142.2983912283865,27.45436513738206,0.90557969254,1.1563438537,0.90557969254,1.1563438537,1.081,0.946,-78.16,1.080678,0.9455464,-78.16,23.3638,0.0,3.53,1.169,0.144,0.197,22.0
1572,1572,22_16,22_49,5155.875,53.2529,17.1248,0.0112,187.9315,37.0,45.0,514.0,1844.0,513.9206,1843.7623,513.9206,1843.7623,142.44951992334902,27.467207682974717,1.403,1.233,73.51,0.01997,0.01714,74.74,513.9206,1843.7623,142.44951992334902,27.467207682974717,0.49876059484,0.57388387387,0.49876059484,0.57388387387,0.76,0.703,77.22,0.7602361,0.7033388,77.22,23.3762,0.0,2.18,1.138,0.121,0.978,22.0
1574,1574,22_18,22_47,682.0762,29.73678,19.321,0.0473,187.7898,15.0,17.0,708.0,1832.0,708.0085,1831.5984,708.0085,1831.5984,142.3879455074257,27.470015892791064,1.022,0.996,41.59,0.05686,0.05454,1.33,708.0085,1831.5984,142.3879455074257,27.470015892791064,0.51218707759,0.55315417445,0.51218707759,0.55315417445,0.752,0.706,63.83,0.7524627,0.7064992,63.83,23.3522,0.0,2.38,1.026,0.025,0.767,22.0
1575,1575,22_19,22_46,688.8589,28.26065,19.3102,0.0446,187.3289,12.0,15.0,652.0,1832.0,651.5777,1832.296,651.5777,1832.296,142.40583796827104,27.470000979325377,1.008,0.883,47.17,0.05335,0.04647,46.03,651.5777,1832.296,142.40583796827104,27.470000979325377,0.4467282583,0.4822016347,0.4467282583,0.4822016347,0.716,0.645,55.66,0.7164048,0.6447434,55.66,23.3164,0.0,2.34,1.142,0.124,0.944,22.0
1576,1576,22_20,22_45,1617.578,37.51467,18.3834,0.0252,188.1396,20.0,26.0,982.0,1825.0,981.8344,1825.2649,981.8344,1825.2649,142.30111491502478,27.47088358226883,1.227,1.066,77.85,0.03739,0.03141,86.15,981.8344,1825.2649,142.30111491502478,27.47088358226883,0.49054413122,0.56563402894,0.49054413122,0.56563402894,0.759,0.693,70.92,0.7588398,0.6930659,70.92,23.3926,0.0,2.26,1.151,0.131,0.974,22.0
1577,1577,22_21,22_44,3077.053,44.70279,17.6852,0.0158,187.6895,29.0,33.0,685.0,1811.0,684.583,1811.2885,684.583,1811.2885,142.39529847301458,27.475803932038858,1.288,1.172,65.46,0.02382,0.02215,54.12,684.583,1811.2885,142.39529847301458,27.475803932038858,0.49417793428,0.53868625838,0.49417793428,0.53868625838,0.743,0.694,64.55,0.7427761,0.6936482,64.55,23.3519,0.0,2.24,1.099,0.09,0.976,22.0
1578,1578,22_22,22_43,495.8167,26.47973,19.6673,0.058,188.1301,11.0,14.0,520.0,1810.0,520.2937,1810.0862,520.2937,1810.0862,142.44738207165096,27.47665997926633,1.039,0.836,63.3,0.07213,0.05585,65.42,520.2937,1810.0862,142.44738207165096,27.47665997926633,0.48582414657,0.51540299579,0.48582414657,0.51540299579,0.74,0.673,54.07,0.7403514,0.6731322,54.07,23.4027,0.0,2.58,1.242,0.195,0.591,22.0
1579,1579,22_23,22_42,519.1856,26.83751,19.6173,0.0561,188.3055,11.0,14.0,813.0,1809.0,812.5403,1809.1384,812.5403,1809.1384,142.35472353027117,27.475990870739817,0.955,0.914,10.24,0.05999,0.05911,-7.09,812.5403,1809.1384,142.35472353027117,27.475990870739817,0.50695977047,0.47922486332,0.50695977047,0.47922486332,0.719,0.685,27.68,0.7193705,0.6846099,27.68,23.3903,0.0,2.47,1.045,0.043,0.675,22.0
1582,1582,22_26,22_39,682.8777,30.47581,19.3197,0.0485,187.9636,14.0,18.0,861.0,1785.0,861.4229,1785.0707,861.4229,1785.0707,142.33913581878747,27.48259740302547,1.115,1.014,60.55,0.06091,0.05333,59.2,861.4229,1785.0707,142.33913581878747,27.48259740302547,0.78857531196,0.77192359251,0.78857531196,0.77192359251,0.888,0.878,6.17,0.8881286,0.8784797,6.17,23.368,0.0,2.94,1.1,0.091,0.023,22.0
1585,1585,22_29,22_36,459.4621,26.542,19.7499,0.0627,188.6682,12.0,14.0,936.0,1766.0,936.5141,1766.2307,936.5141,1766.2307,142.3152565423866,27.487642803910184,0.981,0.923,27.32,0.06762,0.0662,4.39,936.5141,1766.2307,142.3152565423866,27.487642803910184,0.7678390529,0.7285228841,0.7678390529,0.7285228841,0.908,0.82,37.53,0.9079564,0.8197421,37.53,23.4163,0.0,2.82,1.062,0.058,0.111,22.0
1586,1586,22_30,22_35,522.0084,26.37426,19.6114,0.0549,187.8748,11.0,14.0,980.0,1765.0,980.4675,1764.7372,980.4675,1764.7372,142.3013150202053,27.48791252632364,0.935,0.915,-31.48,0.05925,0.05805,-3.2,980.4675,1764.7372,142.3013150202053,27.48791252632364,0.42865340247,0.46789967251,0.42865340247,0.46789967251,0.687,0.652,-73.14,0.6869261,0.651679,-73.14,23.3785,0.0,2.28,1.022,0.022,0.911,22.0
1587,1587,22_31,22_34,197.2369,19.89738,20.6681,0.1096,188.7829,8.0,8.0,892.0,1746.0,892.1125999999999,1745.8865,892.1125999999999,1745.8865,142.32925753516642,27.493515321327703,0.84,0.677,43.83,0.09858,0.07806,44.92,892.1125999999999,1745.8865,142.32925753516642,27.493515321327703,1.3733881705,1.1728251594,1.3733881705,1.1728251594,1.172,1.083,-3.13,1.172173,1.082693,-3.13,23.4158,0.0,4.47,1.242,0.195,0.006,22.0
1588,1588,22_32,22_33,16075.56,76.88515,15.8902,0.0052,188.8244,64.0,73.0,905.0,1738.0,905.1898,1738.7642,905.1898,1738.7642,142.32508404420216,27.49547438962268,1.561,1.361,78.36,0.01073,0.00912,80.07,905.1898,1738.7642,142.32508404420216,27.49547438962268,0.50273535813,0.58620636629,0.50273535813,0.58620636629,0.768,0.706,77.93,0.7682481,0.7062129,77.93,23.4182,0.0,2.32,1.147,0.129,0.982,22.0
1589,1589,22_33,22_32,1371.072,35.43977,18.5629,0.0281,188.0994,19.0,24.0,995.0,1724.0,994.6741,1724.5384,994.6741,1724.5384,142.2966553866943,27.49917001492224,1.201,1.033,66.96,0.04159,0.03392,68.32,994.6741,1724.5384,142.2966553866943,27.49917001492224,0.50776064315,0.52006106537,0.50776064315,0.52006106537,0.732,0.701,52.95,0.7323614,0.7010481,52.95,23.3942,0.0,2.3,1.163,0.14,0.968,22.0
1590,1590,22_34,22_31,734.8031,31.32109,19.2401,0.0463,187.5873,18.0,19.0,590.0,1723.0,589.5815,1722.8431,589.5815,1722.8431,142.42510513884363,27.500982501539937,1.225,0.974,73.55,0.06426,0.04988,76.93,589.5815,1722.8431,142.42510513884363,27.500982501539937,0.7193191326,0.79013496983,0.7193191326,0.79013496983,0.906,0.83,61.28,0.9058266,0.8300194,61.28,23.3518,0.0,3.35,1.258,0.205,0.349,22.0
1592,1592,22_36,22_29,152.0837,15.96719,20.9504,0.114,187.4969,5.0,5.0,710.0,1716.0,710.018,1715.9686,710.018,1715.9686,142.38688793099163,27.502531884448736,0.641,0.583,89.54,0.09213,0.09148,-85.09,710.018,1715.9686,142.38688793099163,27.502531884448736,0.47169724817,0.73234920832,0.47169724817,0.73234920832,0.856,0.686,87.37,0.8560955,0.6864015,87.37,23.3414,0.0,3.6,1.099,0.09,0.169,22.0
1593,1593,22_37,22_28,185.1408,18.71006,20.7368,0.1097,188.3536,6.0,7.0,882.0,1711.0,881.9775,1711.6589,881.9775,1711.6589,142.33234198167278,27.503176370720865,0.736,0.673,-3.46,0.09152,0.08487,0.55,881.9775,1711.6589,142.33234198167278,27.503176370720865,0.7907111077,0.81314563736,0.7907111077,0.81314563736,0.951,0.836,-48.12,0.9513436,0.8359439,-48.12,23.3848,0.0,3.31,1.094,0.086,0.074,22.0
1594,1594,22_38,22_27,21588.0,84.28603,15.57,0.0042,188.0951,69.0,79.0,863.0,1706.0,863.2685,1705.9486,863.2685,1705.9486,142.33825325248645,27.50484528359787,1.578,1.365,72.45,0.00885,0.00753,64.47,863.2685,1705.9486,142.33825325248645,27.50484528359787,0.51101108675,0.59100890598,0.51101108675,0.59100890598,0.771,0.712,77.5,0.7714552,0.7119528,77.5,23.3703,0.0,2.47,1.156,0.135,0.984,22.0
1596,1596,22_40,22_25,9788.231,63.49316,16.4288,0.007,188.142,54.0,57.0,994.0,1699.0,994.0709,1698.9239,994.0709,1698.9239,142.29674770680518,27.506376434233324,1.474,1.311,71.01,0.01365,0.012,61.48,994.0709,1698.9239,142.29674770680518,27.506376434233324,0.51168845801,0.59379894211,0.51168845801,0.59379894211,0.773,0.713,79.24,0.7725773,0.7131702,79.24,23.3962,0.0,2.31,1.124,0.11,0.976,22.0
1597,1597,22_41,22_24,311.3819,21.6283,20.1723,0.0754,187.4981,7.0,9.0,792.0,1701.0,792.2183,1701.6223,792.2183,1701.6223,142.36076820214245,27.506298348424544,0.913,0.66,71.17,0.08569,0.06245,69.88,792.2183,1701.6223,142.36076820214245,27.506298348424544,0.44557612878,0.62543157747,0.44557612878,0.62543157747,0.801,0.655,73.88,0.801132,0.6551299,73.88,23.3328,0.0,4.06,1.383,0.277,0.324,22.0
1598,1598,22_42,22_23,191.728,18.86103,20.6989,0.1068,187.1945,7.0,7.0,792.0,1695.0,791.5890999999999,1695.1655,791.5890999999999,1695.1655,142.36094383581818,27.508116467254357,0.884,0.598,-9.89,0.11383,0.07816,-10.79,791.5890999999999,1695.1655,142.36094383581818,27.508116467254357,1.2598533689,0.77004352469,1.2598533689,0.77004352469,1.123,0.877,-2.66,1.122903,0.8769179,-2.66,23.3148,0.0,4.31,1.478,0.323,0.404,22.0
1599,1599,22_43,22_22,278.9668,20.23943,20.2917,0.0788,187.9191,5.0,8.0,696.0,1684.0,696.1998,1684.7307,696.1998,1684.7307,142.3911566590779,27.51136253366141,0.774,0.671,41.08,0.07962,0.06476,46.39,696.1998,1684.7307,142.3911566590779,27.51136253366141,0.37790362149,0.32661692744,0.37790362149,0.32661692744,0.616,0.57,-10.44,0.6162028,0.5699251,-10.44,23.3745,0.0,3.52,1.153,0.133,0.744,22.0
1600,1600,22_44,22_21,1951.819,58.51977,18.1795,0.0326,188.4164,59.0,68.0,743.0,1675.0,742.3213000000001,1675.0044,742.3213000000001,1675.0044,142.37649413292945,27.513948560869064,2.828,1.576,34.89,0.09326,0.05244,34.07,742.3213000000001,1675.0044,142.37649413292945,27.513948560869064,5.520182421,4.8471938838,5.520182421,4.8471938838,2.561,1.951,37.92,2.561261,1.951235,37.92,23.4065,0.0,8.8,1.794,0.443,0.0,22.0
1601,1601,22_45,22_20,550.0751,27.77467,19.5545,0.0548,187.6328,13.0,15.0,639.0,1675.0,638.6225,1674.9059,638.6225,1674.9059,142.4093817743443,27.51431030994225,1.078,0.889,78.85,0.07029,0.05369,80.49,638.6225,1674.9059,142.4093817743443,27.51431030994225,0.67341380255,0.71248924156,0.67341380255,0.71248924156,0.846,0.819,74.81,0.8459297,0.8187221,74.81,23.3566,0.0,2.89,1.212,0.175,0.225,22.0
1602,1602,22_46,22_19,3151.713,45.86218,17.6592,0.0158,187.7709,28.0,35.0,547.0,1665.0,547.2122,1665.1216,547.2122,1665.1216,142.43833913535002,27.517349743956757,1.303,1.168,77.07,0.02493,0.0221,74.37,547.2122,1665.1216,142.43833913535002,27.517349743956757,0.4860958652,0.55118778551,0.4860958652,0.55118778551,0.745,0.694,76.49,0.7450994,0.6943418,76.49,23.3554,0.0,2.07,1.116,0.104,0.97,22.0
1603,1603,22_47,22_18,23623.06,114.4104,15.4722,0.0053,188.154,189.0,202.0,766.0,1660.0,766.1612,1660.5307,766.1612,1660.5307,142.36888019380956,27.51794146622352,4.22,1.707,17.45,0.0293,0.01092,16.94,766.1612,1660.5307,142.36888019380956,27.51794146622352,3.4240211457,1.8690774095,3.4240211457,1.8690774095,1.907,1.287,19.11,1.906853,1.287249,19.11,23.3877,0.0,6.63,2.473,0.596,0.029,22.0
1604,1604,22_48,22_17,2163.192,41.89603,18.0678,0.021,187.9877,24.0,31.0,690.0,1663.0,690.5353,1663.5935,690.5353,1663.5935,142.39287658908503,27.51732583997569,1.258,1.178,-87.23,0.03049,0.02977,-51.31,690.5353,1663.5935,142.39287658908503,27.51732583997569,0.50334724096,0.5790581477,0.50334724096,0.5790581477,0.762,0.709,83.55,0.7616023,0.7087787,83.55,23.3814,0.0,2.25,1.068,0.064,0.977,22.0
1605,1605,22_49,22_16,139.1789,15.79217,21.0466,0.1232,188.2218,4.0,5.0,689.0,1640.0,688.7605,1639.6109,688.7605,1639.6109,142.3933527074285,27.52407687542712,0.729,0.456,17.58,0.11446,0.06646,18.28,688.7605,1639.6109,142.3933527074285,27.52407687542712,0.51990181752,0.40122171604,0.51990181752,0.40122171604,0.723,0.631,9.54,0.7234295,0.6306927,9.54,23.393,0.0,2.67,1.598,0.374,0.484,22.0
1606,1606,22_50,22_15,134.9837,15.89876,21.0799,0.1279,188.2581,4.0,5.0,802.0,1633.0,801.9963,1633.0288,801.9963,1633.0288,142.35741299377213,27.525558611636363,0.607,0.603,1.5,0.09494,0.09488,-79.68,801.9963,1633.0288,142.35741299377213,27.525558611636363,0.37918001211,0.34494701719,0.37918001211,0.34494701719,0.626,0.576,-27.61,0.6261501,0.5762492,-27.61,23.3856,0.0,1.64,1.006,0.005,0.386,22.0
1607,1607,22_51,22_14,562.7076,29.55192,19.5299,0.057,187.7017,13.0,17.0,795.0,1621.0,795.0018,1621.3338,795.0018,1621.3338,142.35958815873994,27.528871023648808,1.046,1.036,-17.02,0.06621,0.06343,-0.3,795.0018,1621.3338,142.35958815873994,27.528871023648808,0.79221631889,0.86447327019,0.79221631889,0.86447327019,0.93,0.889,-82.93,0.9303783,0.8894301,-82.93,23.3508,0.0,3.02,1.01,0.009,0.027,22.0
1609,1609,22_53,22_12,179.2016,17.13993,20.7722,0.1039,188.4545,6.0,6.0,988.0,1613.0,987.9885,1613.5149,987.9885,1613.5149,142.2983470380742,27.53041932933921,0.783,0.5,-1.49,0.10043,0.0617,-0.12,987.9885,1613.5149,142.2983470380742,27.53041932933921,0.66464059277,0.6643493285,0.66464059277,0.6643493285,0.852,0.777,-44.93,0.8515887,0.7770371,-44.93,23.3938,0.0,3.57,1.568,0.362,0.051,22.0
1610,1610,22_54,22_11,16195.89,76.444,15.8821,0.0051,188.0727,68.0,71.0,661.0,1608.0,661.4819,1608.2228,661.4819,1608.2228,142.4018920357934,27.5329925745802,1.549,1.353,71.99,0.01051,0.00884,72.27,661.4819,1608.2228,142.4018920357934,27.5329925745802,0.52678518959,0.58653550729,0.52678518959,0.58653550729,0.77,0.721,72.8,0.7699813,0.7214218,72.8,23.3754,0.0,2.51,1.145,0.126,0.983,22.0
1611,1611,22_55,22_10,442.2707,24.81628,19.7914,0.0609,187.6016,11.0,12.0,575.0,1585.0,575.2799,1584.7202,575.2799,1584.7202,142.42915331180626,27.539875703118334,0.903,0.844,-5.44,0.06673,0.05855,-18.83,575.2799,1584.7202,142.42915331180626,27.539875703118334,0.44249401339,0.46832386566,0.44249401339,0.46832386566,0.704,0.644,54.38,0.703977,0.6443867,54.38,23.3434,0.0,2.14,1.069,0.065,0.725,22.0
1612,1612,22_56,22_9,15371.96,75.18925,15.9388,0.0053,188.3078,63.0,71.0,996.0,1580.0,996.5019,1580.0078,996.5019,1580.0078,142.2955173237642,27.5398140305027,1.553,1.365,73.5,0.01101,0.00948,73.94,996.5019,1580.0078,142.2955173237642,27.5398140305027,0.52872550691,0.59999927917,0.52872550691,0.59999927917,0.78,0.721,71.98,0.780022,0.7213116,71.98,23.3754,0.0,2.67,1.137,0.121,0.991,22.0
1615,1615,22_59,22_6,233.2619,21.20738,20.486,0.0987,188.4298,7.0,9.0,781.0,1566.0,780.9104,1566.3576,780.9104,1566.3576,142.36385479250427,27.54437984304773,0.901,0.682,66.96,0.10048,0.07251,69.5,780.9104,1566.3576,142.36385479250427,27.54437984304773,0.68108085134,0.70696670784,0.68108085134,0.70696670784,0.879,0.784,49.71,0.8792212,0.7842306,49.71,23.3991,0.0,2.65,1.321,0.243,0.565,22.0
1616,1616,22_60,22_65,1021.037,32.44657,18.883,0.0345,188.5025,17.0,20.0,759.0,2008.0,759.023,2008.3049,759.023,2008.3049,142.37242267176686,27.42014782951613,1.086,1.026,-39.12,0.04493,0.04145,-42.3,759.023,2008.3049,142.37242267176686,27.42014782951613,0.45331420219,0.46701299542,0.45331420219,0.46701299542,0.687,0.669,-61.87,0.6873842,0.6692011,-61.87,23.3775,0.0,1.81,1.059,0.056,0.932,22.0
1617,1617,22_61,22_64,294007.2,238.5798,12.7347,0.0009,188.5342,189.0,202.0,596.0,2000.0,596.1102,2000.3489,596.1102,2000.3489,142.42401885503332,27.42290865233828,1.718,1.5,73.06,0.00187,0.00167,72.15,596.1102,2000.3489,142.42401885503332,27.42290865233828,0.53161889555,0.61019199228,0.53161889555,0.61019199228,0.785,0.724,74.28,0.7854622,0.7244722,74.28,23.3487,0.0,2.37,1.145,0.127,0.997,22.0
1619,1619,22_63,22_62,157.2166,15.65294,20.9143,0.1081,187.6858,5.0,5.0,947.0,2000.0,946.8043,1999.432,946.8043,1999.432,142.3128863492123,27.422015891586398,0.725,0.454,-20.55,0.11627,0.06765,-18.58,946.8043,1999.432,142.3128863492123,27.422015891586398,0.39779394326,0.45538606464,0.39779394326,0.45538606464,0.697,0.606,-59.67,0.6966832,0.6064755,-59.67,23.373,0.0,2.53,1.597,0.374,0.566,22.0
1620,1620,23_1,23_24,742867.7,381.5627,11.7283,0.0006,188.557,466.0,562.0,1343.0,1548.0,1342.9288,1547.0795,1342.9288,1547.0795,142.18549480890715,27.547837969728583,4.771,1.866,84.33,0.0052,0.00133,86.78,1342.9288,1547.0795,142.18549480890715,27.547837969728583,1.7574976339,2.8387904618,1.7574976339,2.8387904618,1.709,1.294,75.06,1.709293,1.294066,75.06,23.3794,4.0,17.9,2.556,0.609,0.89,23.0
1621,1621,23_2,23_8,19486.79,81.32098,15.6812,0.0045,189.6038,65.0,72.0,1186.0,1527.0,1186.2705,1527.0689,1186.2705,1527.0689,142.2351100515197,27.554035851941205,1.549,1.35,81.38,0.00898,0.0075,-89.84,1186.2705,1527.0689,142.2351100515197,27.554035851941205,0.51976028197,0.59745686559,0.51976028197,0.59745686559,0.776,0.718,76.8,0.7758758,0.717798,76.8,23.3716,0.0,2.5,1.147,0.128,0.983,23.0
1622,1622,23_3,23_5,662.7526,29.66994,19.3522,0.0486,189.7131,14.0,17.0,1087.0,1520.0,1087.6292,1520.7521,1087.6292,1520.7521,142.26637831459186,27.556162542813983,1.111,0.945,75.74,0.06164,0.05106,79.4,1087.6292,1520.7521,142.26637831459186,27.556162542813983,0.59191038943,0.65279938299,0.59191038943,0.65279938299,0.812,0.765,73.13,0.8117676,0.7653385,73.13,23.3645,0.0,2.78,1.176,0.15,0.892,23.0
1623,1623,23_4,23_3,334.702,26.54665,20.0939,0.0861,189.0176,12.0,13.0,1310.0,1515.0,1310.7082,1515.2633,1310.7082,1515.2633,142.1955850450765,27.55690482839242,1.452,0.719,25.11,0.13432,0.06762,24.81,1310.7082,1515.2633,142.1955850450765,27.55690482839242,2.0685957306,1.3957951311,2.0685957306,1.3957951311,1.496,1.108,24.08,1.495503,1.10809,24.08,23.3152,0.0,6.1,2.019,0.505,0.0,23.0
1626,1626,23_7,23_58,231.2829,20.98917,20.4952,0.0986,187.2804,9.0,9.0,1346.0,1951.0,1347.2428,1950.0466,1347.2428,1950.0466,142.18579603234886,27.43448415375541,1.534,0.48,-43.74,0.17782,0.05377,-44.85,1347.2428,1950.0466,142.18579603234886,27.43448415375541,2.0199139782,1.6220295995,2.0199139782,1.6220295995,1.568,1.088,-35.9,1.56773,1.088194,-35.9,23.3305,0.0,5.1,3.2,0.687,0.104,23.0
1627,1627,23_8,23_57,2798.164,52.78428,17.7884,0.0205,188.2042,48.0,53.0,1119.0,1949.0,1119.389,1948.2589,1119.389,1948.2589,142.25799668008608,27.43581002211457,2.188,1.329,-55.67,0.05043,0.03005,-54.11,1119.389,1948.2589,142.25799668008608,27.43581002211457,1.5612485389,1.9383763352,1.5612485389,1.9383763352,1.477,1.148,-57.96,1.476925,1.14818,-57.96,23.4088,0.0,5.44,1.646,0.392,0.012,23.0
1628,1628,23_9,23_56,1463.018,36.49752,18.4924,0.0271,187.0804,22.0,25.0,1487.0,1936.0,1486.9105,1936.4701,1486.9105,1936.4701,142.14147736078593,27.437780760606756,1.19,1.072,76.76,0.03875,0.03362,78.63,1486.9105,1936.4701,142.14147736078593,27.437780760606756,0.4874981676,0.53517506897,0.4874981676,0.53517506897,0.734,0.696,75.75,0.7337998,0.6958528,75.75,23.3479,0.0,2.08,1.11,0.099,0.974,23.0
1629,1629,23_10,23_55,343.8586,22.10255,20.0646,0.0698,188.4323,9.0,10.0,1301.0,1934.0,1300.9471,1934.1497,1300.9471,1934.1497,142.2004019446823,27.43912552593181,0.875,0.743,85.81,0.07317,0.05825,89.35,1300.9471,1934.1497,142.2004019446823,27.43912552593181,0.47469157691,0.5315822149,0.47469157691,0.5315822149,0.733,0.685,73.6,0.7327883,0.6850511,73.6,23.4276,0.0,2.18,1.178,0.151,0.478,23.0
1630,1630,23_11,23_54,335.4326,23.29846,20.0916,0.0754,187.7353,9.0,11.0,1338.0,1917.0,1338.3155,1916.9293,1338.3155,1916.9293,142.18848808166243,27.443831834042182,1.021,0.733,-17.78,0.08744,0.06173,-15.3,1338.3155,1916.9293,142.18848808166243,27.443831834042182,0.95932194088,0.78593040939,0.95932194088,0.78593040939,1.012,0.849,-27.6,1.012199,0.8489439,-27.6,23.3655,0.0,3.79,1.394,0.283,0.094,23.0
1632,1632,23_13,23_52,646.0363,29.93309,19.3799,0.0503,188.176,16.0,18.0,1478.0,1867.0,1477.6593,1866.8462,1477.6593,1866.8462,142.1441134203144,27.457398370409276,1.15,0.96,86.01,0.06672,0.05269,89.65,1477.6593,1866.8462,142.1441134203144,27.457398370409276,0.60218792497,0.63285933159,0.60218792497,0.63285933159,0.803,0.768,62.15,0.8029562,0.7683155,62.15,23.414,0.0,2.8,1.197,0.165,0.887,23.0
1634,1634,23_15,23_50,53447.97,115.9744,14.5857,0.0024,188.2885,100.0,109.0,1307.0,1853.0,1307.0174,1853.7258,1307.0174,1853.7258,142.19814739444584,27.4617237177812,1.628,1.428,74.44,0.00506,0.00439,75.89,1307.0174,1853.7258,142.19814739444584,27.4617237177812,0.52559303473,0.59927836405,0.52559303473,0.59927836405,0.777,0.722,76.26,0.7771512,0.7217392,76.26,23.4039,0.0,2.37,1.14,0.123,0.984,23.0
1635,1635,23_16,23_49,17068.21,76.03843,15.8251,0.0048,187.6886,64.0,69.0,1378.0,1838.0,1378.344,1838.6008,1378.344,1838.6008,142.17547534123543,27.465714754375924,1.531,1.343,73.63,0.00959,0.00836,73.11,1378.344,1838.6008,142.17547534123543,27.465714754375924,0.50451200147,0.5632807299,0.50451200147,0.5632807299,0.754,0.706,73.21,0.7544312,0.7061347,73.21,23.372,0.0,2.27,1.14,0.122,0.984,23.0
1636,1636,23_17,23_48,8589.341,62.14005,16.5707,0.0079,188.0727,48.0,56.0,1076.0,1837.0,1075.9923,1837.6543,1075.9923,1837.6543,142.27131479745418,27.467072101760987,1.466,1.305,63.98,0.01482,0.01312,54.16,1075.9923,1837.6543,142.27131479745418,27.467072101760987,0.50512610575,0.57658775175,0.50512610575,0.57658775175,0.763,0.706,74.36,0.7633228,0.7064363,74.36,23.3912,0.0,2.28,1.123,0.11,0.982,23.0
1637,1637,23_18,23_47,3945.439,48.14641,17.4153,0.0133,188.1213,31.0,38.0,1342.0,1833.0,1342.0115,1833.7773,1342.0115,1833.7773,142.18697241573432,27.46720585847981,1.327,1.179,85.28,0.02133,0.01926,-85.81,1342.0115,1833.7773,142.18697241573432,27.46720585847981,0.46509311007,0.53636828955,0.46509311007,0.53636828955,0.735,0.679,76.52,0.7353333,0.6787829,76.52,23.3946,0.0,2.16,1.126,0.112,0.981,23.0
1638,1638,23_19,23_46,1724.731,37.5786,18.3138,0.0237,187.4411,21.0,26.0,1174.0,1833.0,1174.3316,1833.0415,1174.3316,1833.0415,142.2401232353592,27.46802156034695,1.189,1.095,52.44,0.03344,0.0305,33.25,1174.3316,1833.0415,142.2401232353592,27.46802156034695,0.49918377891,0.53865968816,0.49918377891,0.53865968816,0.739,0.701,68.66,0.7387617,0.7014803,68.66,23.3637,0.0,2.12,1.086,0.079,0.976,23.0
1639,1639,23_20,23_45,485.4683,28.139,19.6902,0.0629,187.7865,15.0,16.0,1031.0,1829.0,1031.2408,1828.7416,1031.2408,1828.7416,142.2854661922945,27.46973502679572,1.114,0.968,75.6,0.07765,0.06733,74.37,1031.2408,1828.7416,142.2854661922945,27.46973502679572,1.1129959938,1.2812748467,1.1129959938,1.2812748467,1.133,1.054,83.18,1.133012,1.053829,83.18,23.3618,0.0,3.25,1.151,0.131,0.123,23.0
1640,1640,23_21,23_44,1355.618,35.14953,18.5752,0.0282,187.9192,18.0,23.0,1087.0,1820.0,1087.1738,1819.7578,1087.1738,1819.7578,142.2676998227961,27.472066527249464,1.134,1.061,69.91,0.0363,0.0353,84.75,1087.1738,1819.7578,142.2676998227961,27.472066527249464,0.44613149233,0.51437170438,0.44613149233,0.51437170438,0.718,0.667,82.87,0.717953,0.6671183,82.87,23.3777,0.0,2.2,1.069,0.064,0.973,23.0
1641,1641,23_22,23_43,492.5556,28.92641,19.6744,0.0638,188.0496,14.0,17.0,1018.0,1816.0,1018.0953,1816.5415,1018.0953,1816.5415,142.2895860090234,27.473212065892493,1.199,0.993,-85.86,0.08264,0.06874,-83.17,1018.0953,1816.5415,142.2895860090234,27.473212065892493,1.340901377,1.6323907985,1.340901377,1.6323907985,1.278,1.157,85.59,1.278332,1.15722,85.59,23.376,0.0,4.67,1.208,0.172,0.077,23.0
1642,1642,23_23,23_42,271.3626,21.0518,20.3217,0.0842,188.0092,6.0,9.0,1370.0,1812.0,1369.9605,1812.0801,1369.9605,1812.0801,142.17802243550892,27.473205109243214,0.785,0.755,-44.35,0.07464,0.07405,-57.05,1369.9605,1812.0801,142.17802243550892,27.473205109243214,0.47088956901,0.46148254076,0.47088956901,0.46148254076,0.717,0.647,-42.2,0.7171885,0.6465391,-42.2,23.3864,0.0,2.71,1.04,0.038,0.54,23.0
1643,1643,23_24,23_41,1150.441,36.67389,18.7534,0.0346,188.1161,20.0,26.0,1261.0,1801.0,1260.8171,1800.7816,1260.8171,1800.7816,142.21257612553845,27.476783492266613,1.506,1.017,59.62,0.05609,0.03971,60.76,1260.8171,1800.7816,142.21257612553845,27.476783492266613,0.83244726128,1.0413101848,0.83244726128,1.0413101848,1.08,0.841,58.48,1.080382,0.8405549,58.48,23.3927,0.0,4.12,1.48,0.324,0.057,23.0
1644,1644,23_25,23_40,388.6434,23.56854,19.9317,0.0659,187.6514,9.0,11.0,1293.0,1800.0,1292.6365,1800.3544,1292.6365,1800.3544,142.20248694726877,27.476787711078583,0.917,0.787,75.5,0.07286,0.06292,72.51,1292.6365,1800.3544,142.20248694726877,27.476787711078583,0.42884734059,0.47075359176,0.42884734059,0.47075359176,0.691,0.65,70.29,0.690594,0.6501391,70.29,23.3568,0.0,2.52,1.164,0.141,0.678,23.0
1645,1645,23_26,23_39,429.794,26.20828,19.8224,0.0662,187.1669,13.0,14.0,1204.0,1788.0,1204.4727,1788.2748,1204.4727,1788.2748,142.23038812374546,27.48050476787244,0.962,0.949,-55.89,0.07356,0.07214,-1.01,1204.4727,1788.2748,142.23038812374546,27.48050476787244,0.72107386445,0.80893642237,0.72107386445,0.80893642237,0.907,0.841,-69.34,0.9074677,0.840543,-69.34,23.3393,0.0,2.84,1.014,0.013,0.685,23.0
1646,1646,23_27,23_38,178.3882,18.43744,20.7772,0.1122,188.3854,5.0,7.0,1242.0,1787.0,1241.989,1787.3037,1241.989,1787.3037,142.21849030912324,27.480642584285796,0.718,0.673,3.71,0.09016,0.08356,0.08,1241.989,1787.3037,142.21849030912324,27.480642584285796,0.60047622594,0.65012107429,0.60047622594,0.65012107429,0.818,0.763,62.45,0.817729,0.7628345,62.45,23.4136,0.0,1.71,1.067,0.063,0.423,23.0
1647,1647,23_28,23_37,4926.896,50.21933,17.1741,0.0111,187.804,35.0,39.0,1048.0,1771.0,1047.5588,1771.5791,1047.5588,1771.5791,142.28007000375794,27.48575599909922,1.369,1.194,76.34,0.01881,0.01564,80.55,1047.5588,1771.5791,142.28007000375794,27.48575599909922,0.49301808885,0.53297666515,0.49301808885,0.53297666515,0.734,0.698,70.54,0.7339442,0.6980836,70.54,23.3604,0.0,2.25,1.146,0.128,0.987,23.0
1648,1648,23_29,23_36,6113.438,55.64504,16.9399,0.0099,187.5056,41.0,48.0,1427.0,1756.0,1426.6642,1756.7266,1426.6642,1756.7266,142.1598138830596,27.488562496937988,1.424,1.265,74.3,0.01813,0.01575,76.39,1426.6642,1756.7266,142.1598138830596,27.488562496937988,0.4872789338,0.54033403369,0.4872789338,0.54033403369,0.738,0.695,73.83,0.7383791,0.6945568,73.83,23.3656,0.0,2.25,1.126,0.112,1.0,23.0
1649,1649,23_30,23_35,212.3091,19.65102,20.5882,0.1005,187.6001,7.0,8.0,1502.0,1740.0,1501.9816,1740.4882,1501.9816,1740.4882,142.1358649462178,27.492845570803937,0.994,0.597,-42.79,0.12106,0.07013,-44.86,1501.9816,1740.4882,142.1358649462178,27.492845570803937,1.147765515,0.95785518687,1.147765515,0.95785518687,1.109,0.936,-28.69,1.108605,0.9362773,-28.69,23.3825,0.0,4.57,1.664,0.399,0.518,23.0
1650,1650,23_31,23_34,457.4472,27.93086,19.7547,0.0663,187.6889,13.0,16.0,1274.0,1718.0,1274.4058,1718.2007,1274.4058,1718.2007,142.2079307709889,27.49996077218158,1.134,0.928,-65.72,0.08175,0.06548,-62.4,1274.4058,1718.2007,142.2079307709889,27.49996077218158,0.86407727059,1.095088918,0.86407727059,1.095088918,1.054,0.921,-75.43,1.054438,0.9205041,-75.43,23.3654,0.0,3.32,1.221,0.181,0.144,23.0
1651,1651,23_32,23_33,178.9621,19.52036,20.7737,0.1185,187.4165,5.0,8.0,1490.0,1712.0,1490.0157,1711.5089,1490.0157,1711.5089,142.13953557870678,27.50104156318137,0.842,0.675,89.97,0.10649,0.08687,89.97,1490.0157,1711.5089,142.13953557870678,27.50104156318137,0.57390631427,0.96162539966,0.57390631427,0.96162539966,0.981,0.758,-89.98,0.980625,0.757566,-89.98,23.3693,0.0,3.18,1.247,0.198,0.416,23.0
1652,1652,23_33,23_32,473.7701,24.66232,19.7167,0.0565,188.3213,11.0,12.0,1046.0,1692.0,1046.1747,1691.6407,1046.1747,1691.6407,142.2801966977196,27.50824435544893,0.939,0.823,-75.14,0.06236,0.05456,-70.62,1046.1747,1691.6407,142.2801966977196,27.50824435544893,0.40358598457,0.47151238452,0.40358598457,0.47151238452,0.688,0.634,82.39,0.687565,0.6343128,82.39,23.3986,0.0,2.36,1.142,0.124,0.863,23.0
1653,1653,23_34,23_31,1991.03,40.75707,18.1579,0.0222,188.0511,25.0,30.0,1121.0,1688.0,1121.5009,1688.1249,1121.5009,1688.1249,142.25629589253907,27.50896878054729,1.269,1.149,61.89,0.03349,0.02968,48.4,1121.5009,1688.1249,142.25629589253907,27.50896878054729,0.52952588419,0.60311223863,0.52952588419,0.60311223863,0.778,0.727,82.01,0.7775554,0.7266675,82.01,23.3766,0.0,2.42,1.104,0.094,0.943,23.0
1654,1654,23_35,23_30,526.1782,27.44879,19.6027,0.0567,187.1838,12.0,15.0,1074.0,1681.0,1073.8629,1681.3732,1073.8629,1681.3732,142.27137609409763,27.511035448097832,1.053,0.932,-12.02,0.06642,0.05866,-14.18,1073.8629,1681.3732,142.27137609409763,27.511035448097832,0.86996039511,0.75847053633,0.86996039511,0.75847053633,0.933,0.871,-1.25,0.9327452,0.8708716,-1.25,23.3228,0.0,3.19,1.129,0.115,0.254,23.0
1655,1655,23_36,23_29,515.4291,28.00588,19.6252,0.059,188.5308,16.0,16.0,1258.0,1665.0,1258.1415,1665.0699,1258.1415,1665.0699,142.212871586904,27.514963351608955,1.25,0.855,56.96,0.08125,0.05463,52.89,1258.1415,1665.0699,142.212871586904,27.514963351608955,0.91788284064,1.2062704504,0.91788284064,1.2062704504,1.139,0.909,63.86,1.139181,0.9090762,63.86,23.4229,0.0,3.81,1.463,0.317,0.017,23.0
1656,1656,23_37,23_28,163.8683,15.80525,20.8693,0.1047,188.3126,5.0,5.0,1060.0,1649.0,1059.6033,1648.7317,1059.6033,1648.7317,142.2757703361922,27.5202660078202,0.717,0.461,72.66,0.09918,0.05764,71.84,1059.6033,1648.7317,142.2757703361922,27.5202660078202,0.44401232256,0.56340947598,0.44401232256,0.56340947598,0.751,0.666,-86.26,0.7509464,0.6659589,-86.26,23.3957,0.0,2.43,1.556,0.357,0.634,23.0
1657,1657,23_38,23_27,1668.009,43.54338,18.3501,0.0284,187.7847,32.0,37.0,1427.0,1644.0,1427.2012,1644.6663,1427.2012,1644.6663,142.15917224024713,27.520078075457796,1.589,1.28,-67.06,0.05153,0.04011,-67.76,1427.2012,1644.6663,142.15917224024713,27.520078075457796,1.1155079943,1.2669313076,1.1155079943,1.2669313076,1.14,1.041,-67.4,1.139598,1.041036,-67.4,23.378,0.0,3.19,1.242,0.195,0.033,23.0
1658,1658,23_39,23_26,770.6465,30.97499,19.1884,0.0437,188.0324,12.0,19.0,1437.0,1644.0,1437.2188,1643.7917,1437.2188,1643.7917,142.1559915466108,27.52028647704014,1.121,0.973,52.09,0.05591,0.04793,45.52,1437.2188,1643.7917,142.1559915466108,27.52028647704014,0.49445378099,0.54512598331,0.49445378099,0.54512598331,0.745,0.696,67.41,0.745472,0.6955943,67.41,23.3962,0.0,2.61,1.152,0.132,0.942,23.0
1659,1659,23_40,23_25,1026.713,33.63311,18.8769,0.0356,187.9187,16.0,22.0,1451.0,1632.0,1450.83,1632.0948,1450.83,1632.0948,142.15162543486244,27.52352508397157,1.113,1.048,-46.66,0.04692,0.04257,-44.62,1450.83,1632.0948,142.15162543486244,27.52352508397157,0.48389415537,0.50460543778,0.48389415537,0.50460543778,0.71,0.696,86.77,0.7104023,0.6955776,86.77,23.3912,0.0,1.96,1.062,0.059,0.973,23.0
1661,1661,23_42,23_23,575.7377,29.14358,19.505,0.055,188.2092,14.0,17.0,1244.0,1620.0,1243.8669,1620.3843,1243.8669,1620.3843,142.21721702838693,27.52758318206573,1.135,0.959,21.69,0.07231,0.0568,15.59,1243.8669,1620.3843,142.21721702838693,27.52758318206573,0.8333653587,0.88595615059,0.8333653587,0.88595615059,0.957,0.896,58.77,0.9573545,0.8959876,58.77,23.368,0.0,3.39,1.183,0.155,0.197,23.0
1662,1662,23_43,23_22,65517.05,126.3546,14.3647,0.0021,188.3594,109.0,119.0,1099.0,1597.0,1098.838,1597.4639,1098.838,1597.4639,142.26312492177405,27.53454774239611,1.654,1.452,75.61,0.00452,0.00396,77.86,1098.838,1597.4639,142.26312492177405,27.53454774239611,0.53457575892,0.60383288234,0.53457575892,0.60383288234,0.78,0.728,76.45,0.7798099,0.7282206,76.45,23.3798,0.0,2.49,1.14,0.123,0.988,23.0
1664,1664,23_45,23_20,471.6588,25.1221,19.7215,0.0578,188.1113,10.0,12.0,1163.0,1600.0,1162.7579,1600.2307,1162.7579,1600.2307,142.24286149340676,27.5335430254939,0.932,0.82,-78.61,0.06359,0.05527,-71.39,1162.7579,1600.2307,142.24286149340676,27.5335430254939,0.44195476088,0.5328126867,0.44195476088,0.5328126867,0.73,0.665,-89.53,0.7299443,0.6647922,-89.53,23.319,0.0,2.25,1.136,0.12,0.888,23.0
1665,1665,23_46,23_19,258.0893,20.28607,20.3761,0.0854,188.2871,6.0,8.0,1177.0,1597.0,1176.5469,1597.0541,1176.5469,1597.0541,142.23847513625924,27.534387209721118,0.776,0.698,-2.77,0.07993,0.06584,0.44,1176.5469,1597.0541,142.23847513625924,27.534387209721118,0.46911244296,0.51288471751,0.46911244296,0.51288471751,0.719,0.682,-74.7,0.7186292,0.6823263,-74.7,23.3308,0.0,2.11,1.112,0.101,0.564,23.0
1666,1666,23_47,23_18,34627.71,163.5686,15.057,0.0051,188.7119,439.0,466.0,1244.0,1581.0,1243.754,1581.5265,1243.754,1581.5265,142.21709507486543,27.538512465361222,4.596,3.895,65.25,0.029,0.02525,74.52,1243.754,1581.5265,142.21709507486543,27.538512465361222,4.1858571232,4.4393796805,4.1858571232,4.4393796805,2.207,1.938,51.59,2.206523,1.938167,51.59,23.3728,0.0,3.7,1.18,0.153,0.029,23.0
1667,1667,23_48,23_17,441.0649,25.97242,19.7943,0.0639,188.373,11.0,13.0,1186.0,1585.0,1185.6084,1585.3087,1185.6084,1585.3087,142.23555382409714,27.537658205446338,0.977,0.865,-50.09,0.07,0.05989,-45.81,1185.6084,1585.3087,142.23555382409714,27.537658205446338,0.68533720632,0.77895973096,0.68533720632,0.77895973096,0.884,0.826,-80.13,0.8842404,0.8260846,-80.13,23.3317,0.0,2.56,1.13,0.115,0.576,23.0
1668,1668,23_49,23_16,308.8084,21.38961,20.1814,0.0752,188.8679,6.0,9.0,1082.0,1573.0,1081.636,1572.9067,1081.636,1572.9067,142.26848463836603,27.541515021838958,0.844,0.692,-23.91,0.07844,0.05702,-20.51,1081.636,1572.9067,142.26848463836603,27.541515021838958,0.374534141,0.40730687506,0.374534141,0.40730687506,0.639,0.612,83.48,0.6385457,0.6116375,83.48,23.382,0.0,2.24,1.22,0.18,0.647,23.0
1669,1669,23_50,23_15,346.6052,22.57725,20.056,0.0707,188.5718,9.0,10.0,1015.0,1573.0,1014.7576,1572.5823,1014.7576,1572.5823,142.2896977475144,27.541839397076416,0.914,0.704,-88.29,0.07882,0.05772,-89.51,1014.7576,1572.5823,142.2896977475144,27.541839397076416,0.45299816222,0.50825789531,0.45299816222,0.50825789531,0.713,0.673,83.86,0.7133759,0.6725703,83.86,23.3658,0.0,2.22,1.299,0.23,0.646,23.0
1670,1670,23_51,23_14,324.0846,22.50724,20.1289,0.0754,190.2236,10.0,10.0,1091.0,1560.0,1091.0229,1560.1632,1091.0229,1560.1632,142.26545686449026,27.54506618859724,0.888,0.757,85.32,0.07599,0.06045,89.86,1091.0229,1560.1632,142.26545686449026,27.54506618859724,0.74835126811,0.71514232728,0.74835126811,0.71514232728,0.871,0.84,25.97,0.8710232,0.8395309,25.97,23.4534,0.0,2.7,1.173,0.147,0.129,23.0
1671,1671,23_52,23_13,4715.841,51.53071,17.2217,0.0119,188.2319,37.0,42.0,1392.0,1554.0,1391.6136,1554.7314,1391.6136,1554.7314,142.17008293658932,27.545505332485707,1.388,1.222,64.35,0.02032,0.01766,56.35,1391.6136,1554.7314,142.17008293658932,27.545505332485707,0.50019393259,0.54295139028,0.50019393259,0.54295139028,0.74,0.704,71.67,0.7404194,0.7035086,71.67,23.3664,0.0,2.32,1.136,0.12,1.0,23.0
1672,1672,23_53,23_12,6236.292,55.58765,16.9183,0.0097,188.0294,38.0,46.0,1417.0,1547.0,1417.3947,1547.0255,1417.3947,1547.0255,142.16187246807308,27.54757633797524,1.423,1.233,73.94,0.0172,0.01447,72.31,1417.3947,1547.0255,142.16187246807308,27.54757633797524,0.51700362617,0.58623882447,0.51700362617,0.58623882447,0.769,0.716,75.72,0.7687873,0.7156875,75.72,23.356,0.0,2.48,1.154,0.133,0.983,23.0
1673,1673,23_54,23_11,29248.28,94.49929,15.2403,0.0035,189.3805,79.0,89.0,1194.0,1538.0,1194.4409,1538.4277,1194.4409,1538.4277,142.23256373414182,27.550811886486603,1.595,1.395,77.11,0.00723,0.00635,76.72,1194.4409,1538.4277,142.23256373414182,27.550811886486603,0.5262098053,0.58017774999,0.5262098053,0.58017774999,0.765,0.722,73.82,0.7649441,0.7219751,73.82,23.3716,0.0,2.56,1.143,0.125,0.983,23.0
1674,1674,23_55,23_10,7485.542,59.49239,16.72,0.0086,188.3765,45.0,51.0,1390.0,1530.0,1390.0661,1529.9835,1390.0661,1529.9835,142.17047050457813,27.55247139818843,1.464,1.272,76.64,0.01581,0.01342,82.85,1390.0661,1529.9835,142.17047050457813,27.55247139818843,0.5206214961,0.60316623385,0.5206214961,0.60316623385,0.78,0.718,76.47,0.7798988,0.7180151,76.47,23.3617,0.0,2.35,1.151,0.131,0.977,23.0
1675,1675,23_56,23_9,375.5258,22.16219,19.969,0.0641,188.4428,9.0,9.0,1261.0,1531.0,1260.9122,1530.9764,1260.9122,1530.9764,142.21144668454536,27.552667439643024,0.778,0.765,-75.31,0.05698,0.05676,15.18,1260.9122,1530.9764,142.21144668454536,27.552667439643024,0.53896048803,0.63544683187,0.53896048803,0.63544683187,0.797,0.734,-86.7,0.797351,0.7339201,-86.7,23.3011,0.0,2.28,1.016,0.016,0.837,23.0
1676,1676,23_57,23_62,304.3485,21.1521,20.1971,0.0755,187.3334,8.0,9.0,1449.0,1996.0,1449.0553,1995.929,1449.0553,1995.929,142.1537253432389,27.42119980484958,0.782,0.76,-35.53,0.07136,0.07083,-47.42,1449.0553,1995.929,142.1537253432389,27.42119980484958,0.51641165338,0.4692039116,0.51641165338,0.4692039116,0.728,0.675,-25.3,0.728005,0.6749995,-25.3,23.3491,0.0,2.72,1.028,0.028,0.436,23.0
1677,1677,23_58,23_7,2307.571,41.79923,17.9977,0.0197,188.5001,23.0,29.0,1253.0,1527.0,1253.37,1527.2849,1253.37,1527.2849,142.2138243261871,27.553733071011347,1.237,1.112,70.89,0.02762,0.0258,63.91,1253.37,1527.2849,142.2138243261871,27.553733071011347,0.46531701221,0.51872699839,0.46531701221,0.51872699839,0.723,0.679,75.8,0.7227605,0.6794566,75.8,23.3092,0.0,2.17,1.113,0.101,0.982,23.0
1678,1678,23_59,23_6,425.9745,25.15778,19.8321,0.0641,189.0907,12.0,12.0,1246.0,1523.0,1246.2086,1522.6292,1246.2086,1522.6292,142.21607729235404,27.55506846249969,0.965,0.835,-72.4,0.07049,0.06147,-70.61,1246.2086,1522.6292,142.21607729235404,27.55506846249969,0.65595451942,0.78114004128,0.65595451942,0.78114004128,0.887,0.806,-77.87,0.8872457,0.8061574,-77.87,23.3478,0.0,2.86,1.155,0.134,0.168,23.0
1679,1679,23_60,23_61,1283.067,35.71696,18.635,0.0302,188.6175,20.0,24.0,1441.0,1968.0,1441.5487,1968.2223,1441.5487,1968.2223,142.155987021475,27.429020953406525,1.123,1.115,-86.06,0.04,0.03816,-28.12,1441.5487,1968.2223,142.155987021475,27.429020953406525,0.4804334779,0.49500608761,0.4804334779,0.49500608761,0.71,0.686,58.01,0.7101575,0.6863789,58.01,23.427,0.0,2.12,1.007,0.007,0.953,23.0
1681,1681,23_62,23_60,1087.084,32.57314,18.8149,0.0325,188.6491,17.0,20.0,1114.0,1960.0,1114.3051,1960.1267,1114.3051,1960.1267,142.2596548053735,27.432489938601773,1.066,1.048,-53.01,0.0403,0.0387,-47.77,1114.3051,1960.1267,142.2596548053735,27.432489938601773,0.53972755982,0.52334218964,0.53972755982,0.52334218964,0.735,0.723,-7.1,0.7348371,0.7232456,-7.1,23.4344,0.0,2.16,1.017,0.017,0.837,23.0
1683,1683,24_1,24_2,674.7092,28.50684,19.3328,0.0459,187.7545,14.0,17.0,1671.0,1520.0,1671.2025,1519.6961,1671.2025,1519.6961,142.0812398868927,27.55429060431017,1.023,0.976,77.81,0.05462,0.05245,48.64,1671.2025,1519.6961,142.0812398868927,27.55429060431017,0.48685923647,0.57104670514,0.48685923647,0.57104670514,0.756,0.698,-88.76,0.7557025,0.6977246,-88.76,23.4162,0.0,2.24,1.048,0.046,0.933,24.0
1685,1685,24_3,24_64,3932.113,58.52557,17.419,0.0162,188.5613,55.0,62.0,1831.0,2002.0,1831.2767,2002.6103,1831.2767,2002.6103,142.03264388041708,27.417835133386223,1.944,1.504,76.75,0.03656,0.02797,74.49,1831.2767,2002.6103,142.03264388041708,27.417835133386223,1.1011925115,1.3963649357,1.1011925115,1.3963649357,1.184,1.047,83.05,1.183564,1.047251,83.05,23.3742,0.0,3.3,1.292,0.226,0.054,24.0
1686,1686,24_4,24_63,813.3665,34.06845,19.1299,0.0455,187.7417,19.0,23.0,2001.0,2001.0,2001.5227,1999.8508,2001.5227,1999.8508,141.97868842159554,27.41791791940083,1.538,0.963,-80.21,0.07465,0.0481,-83.37,2001.5227,1999.8508,141.97868842159554,27.41791791940083,0.85337068897,1.4306056195,0.85337068897,1.4306056195,1.208,0.908,-77.77,1.207909,0.9082579,-77.77,23.3754,0.0,4.3,1.598,0.374,0.259,24.0
1687,1687,24_5,24_62,160.1531,15.6474,20.8942,0.1061,187.812,5.0,5.0,1617.0,1999.0,1616.6144,1998.7721,1616.6144,1998.7721,142.10064425289357,27.419760991439524,0.725,0.456,72.33,0.10312,0.05997,71.68,1616.6144,1998.7721,142.10064425289357,27.419760991439524,0.36711813846,0.44993625084,0.36711813846,0.44993625084,0.671,0.605,84.19,0.6714189,0.6051868,84.19,23.3939,0.0,2.17,1.592,0.372,0.546,24.0
1688,1688,24_6,24_61,885.1848,30.31413,19.038,0.0372,188.0562,14.0,18.0,1667.0,1996.0,1667.0757,1996.5943,1667.0757,1996.5943,142.0846454725032,27.42017735820473,1.044,0.977,40.06,0.04494,0.03986,27.55,1667.0757,1996.5943,142.0846454725032,27.42017735820473,0.42437416683,0.48124649417,0.42437416683,0.48124649417,0.694,0.651,89.16,0.6937281,0.6514307,89.16,23.4214,0.0,2.05,1.068,0.064,0.976,24.0
1689,1689,24_7,24_60,1485.226,38.29274,18.4761,0.028,188.4587,23.0,27.0,1922.0,1984.0,1921.5504,1983.741,1921.5504,1983.741,142.00395369873127,27.42277707428036,1.311,1.101,36.92,0.04243,0.03468,29.36,1921.5504,1983.741,142.00395369873127,27.42277707428036,0.68258326007,0.68021085123,0.68258326007,0.68021085123,0.867,0.782,44.52,0.8670731,0.781651,44.52,23.3646,0.0,2.88,1.19,0.16,0.643,24.0
1691,1691,24_9,24_58,3119.486,43.79896,17.6704,0.0152,188.2005,30.0,32.0,1968.0,1978.0,1968.301,1978.2868,1968.301,1978.2868,141.98911481218445,27.424119774147428,1.28,1.13,65.1,0.02284,0.02013,54.91,1968.301,1978.2868,141.98911481218445,27.424119774147428,0.46064832676,0.51136128701,0.46064832676,0.51136128701,0.722,0.671,67.74,0.7221932,0.6711532,67.74,23.3907,0.0,2.08,1.133,0.117,0.982,24.0
1692,1692,24_10,24_57,349.7574,22.77385,20.0462,0.0707,188.3905,8.0,11.0,1764.0,1979.0,1763.8832,1979.5976,1763.8832,1979.5976,142.05389489835937,27.42457674051289,1.002,0.724,74.71,0.08024,0.05671,74.85,1763.8832,1979.5976,142.05389489835937,27.42457674051289,0.48735871735,0.69294521305,0.48735871735,0.69294521305,0.841,0.687,75.32,0.8414828,0.6871759,75.32,23.4346,0.0,2.91,1.385,0.278,0.688,24.0
1694,1694,24_12,24_55,781624.8,378.3981,11.6731,0.0005,189.0688,362.0,384.0,1880.0,1959.0,1879.6601,1961.1696,1879.6601,1961.1696,142.0171243132705,27.429295620236417,2.136,1.879,75.13,0.00133,0.00125,72.97,1879.6601,1961.1696,142.0171243132705,27.429295620236417,1.227142809,2.0085561767,1.227142809,2.0085561767,1.42,1.105,84.61,1.419709,1.104593,84.61,23.4338,4.0,12.01,1.137,0.121,1.0,24.0
1695,1695,24_13,24_54,176.6976,18.45299,20.7875,0.1134,187.8832,6.0,7.0,1566.0,1916.0,1565.9973,1915.9493,1565.9973,1915.9493,142.1163252721464,27.44325108248393,0.896,0.528,47.78,0.11389,0.06592,45.31,1565.9973,1915.9493,142.1163252721464,27.44325108248393,0.66890560586,0.91747196942,0.66890560586,0.91747196942,0.996,0.771,64.37,0.9958685,0.7711184,64.37,23.379,0.0,2.82,1.699,0.411,0.52,24.0
1696,1696,24_14,24_53,6525.567,70.47167,16.869,0.0117,187.7124,82.0,90.0,1636.0,1910.0,1635.8535,1910.2824,1635.8535,1910.2824,142.094161212828,27.444575210873875,2.251,1.69,-51.88,0.03257,0.0238,-50.97,1635.8535,1910.2824,142.094161212828,27.444575210873875,1.3215617445,1.452729297,1.3215617445,1.452729297,1.241,1.111,-57.66,1.241179,1.11075,-57.66,23.386,0.0,3.52,1.332,0.249,0.032,24.0
1697,1697,24_15,24_52,131.1285,15.29752,21.1113,0.1267,187.5889,5.0,5.0,1697.0,1897.0,1697.369,1897.1815,1697.369,1897.1815,142.07460718473112,27.4480196986437,0.745,0.446,72.01,0.11625,0.06733,71.51,1697.369,1897.1815,142.07460718473112,27.4480196986437,0.40171194443,0.54374107535,0.40171194443,0.54374107535,0.743,0.627,76.66,0.7431064,0.6270933,76.66,23.3902,0.0,1.87,1.671,0.402,0.378,24.0
1698,1698,24_16,24_51,467.2725,25.01993,19.7316,0.0581,187.8168,8.0,13.0,1723.0,1891.0,1723.3079,1890.9919,1723.3079,1890.9919,142.06635863010936,27.44965849591065,1.005,0.812,48.18,0.07013,0.05342,51.81,1723.3079,1890.9919,142.06635863010936,27.44965849591065,0.46299582823,0.47946964072,0.46299582823,0.47946964072,0.704,0.668,54.84,0.7040516,0.6684138,54.84,23.4072,0.0,2.61,1.238,0.193,0.809,24.0
1699,1699,24_17,24_50,570.3444,26.38506,19.5152,0.0502,187.5525,12.0,14.0,1651.0,1891.0,1651.2692,1890.5443,1651.2692,1890.5443,142.089188962584,27.450066781260457,0.943,0.902,84.13,0.05359,0.05232,89.68,1651.2692,1890.5443,142.089188962584,27.450066781260457,0.3824253346,0.43247530644,0.3824253346,0.43247530644,0.66,0.616,75.51,0.6603478,0.6155009,75.51,23.3799,0.0,2.1,1.046,0.044,0.841,24.0
1700,1700,24_18,24_49,1157.219,37.92902,18.747,0.0356,187.8147,27.0,30.0,1966.0,1872.0,1966.3231,1871.6526,1966.3231,1871.6526,141.98924759948244,27.454119175113338,1.704,1.077,-52.6,0.06852,0.0429,-51.86,1966.3231,1871.6526,141.98924759948244,27.454119175113338,1.1853197241,1.3893166428,1.1853197241,1.3893166428,1.263,0.99,-54.67,1.263044,0.9896236,-54.67,23.4054,0.0,4.73,1.582,0.368,0.01,24.0
1701,1701,24_19,24_48,348.9015,24.71366,20.0488,0.0769,188.2013,10.0,13.0,1887.0,1864.0,1886.4371,1864.3718,1886.4371,1864.3718,142.0145344634077,27.456493081146032,0.993,0.858,42.1,0.08549,0.07297,44.59,1886.4371,1864.3718,142.0145344634077,27.456493081146032,0.7898446079,0.72962054756,0.7898446079,0.72962054756,0.911,0.831,32.23,0.9108217,0.8305835,32.23,23.4213,0.0,2.92,1.157,0.136,0.402,24.0
1702,1702,24_20,24_47,647.1246,27.96143,19.3781,0.0469,188.1899,13.0,16.0,1694.0,1853.0,1694.457,1853.0339,1694.457,1853.0339,142.07533503849564,27.46044801525924,1.042,0.904,86.91,0.05729,0.04708,89.94,1694.457,1853.0339,142.07533503849564,27.46044801525924,0.42585590307,0.49861815586,0.42585590307,0.49861815586,0.709,0.65,78.14,0.7085021,0.6499991,78.14,23.4317,0.0,2.39,1.152,0.132,0.884,24.0
1703,1703,24_21,24_46,171.7761,16.78677,20.8182,0.1061,188.125,6.0,6.0,1835.0,1852.0,1834.5093,1851.9954,1834.5093,1851.9954,142.0309375276652,27.460183679061327,0.779,0.5,-89.38,0.10651,0.06545,-89.95,1834.5093,1851.9954,142.0309375276652,27.460183679061327,0.38624150321,0.53432899716,0.38624150321,0.53432899716,0.732,0.62,-84.0,0.7321093,0.6201503,-84.0,23.4241,0.0,2.48,1.558,0.358,0.311,24.0
1704,1704,24_22,24_45,661.1053,28.43514,19.3549,0.0467,187.6301,13.0,15.0,1529.0,1826.0,1529.3034,1826.4683,1529.3034,1826.4683,142.12757082041728,27.46855899132765,1.005,0.886,50.27,0.0532,0.04605,46.06,1529.3034,1826.4683,142.12757082041728,27.46855899132765,0.3807237508,0.41797783742,0.3807237508,0.41797783742,0.659,0.603,60.81,0.6594506,0.6031803,60.81,23.341,0.0,2.12,1.134,0.118,0.922,24.0
1705,1705,24_23,24_44,660.7849,30.91133,19.3554,0.0508,188.6291,19.0,20.0,1672.0,1821.0,1671.9304,1820.9187,1671.9304,1820.9187,142.08233406960736,27.46956891338113,1.31,0.999,58.33,0.07281,0.05606,55.74,1671.9304,1820.9187,142.08233406960736,27.46956891338113,0.94672308829,1.1809746556,0.94672308829,1.1809746556,1.118,0.937,64.42,1.118317,0.9365172,64.42,23.46,0.0,4.25,1.311,0.237,0.018,24.0
1706,1706,24_24,24_43,285.5491,22.73222,20.2664,0.0865,188.1747,8.0,11.0,1638.0,1821.0,1638.1246,1821.1962,1638.1246,1821.1962,142.0930517413414,27.46962269357319,0.898,0.858,-11.97,0.08422,0.08112,-41.51,1638.1246,1821.1962,142.0930517413414,27.46962269357319,1.0067498089,0.8764747262,1.0067498089,0.8764747262,1.005,0.934,9.32,1.005164,0.9342747,9.32,23.4223,0.0,3.21,1.046,0.044,0.467,24.0
1707,1707,24_25,24_42,103311.6,150.0518,13.8702,0.0016,188.4498,130.0,138.0,1688.0,1813.0,1687.6708,1813.1354,1687.6708,1813.1354,142.07731001185053,27.47169637157997,1.671,1.461,75.47,0.00337,0.00298,78.77,1687.6708,1813.1354,142.07731001185053,27.47169637157997,0.53594528862,0.60926499193,0.53594528862,0.60926499193,0.786,0.726,71.89,0.7861561,0.726064,71.89,23.4458,0.0,2.53,1.144,0.126,0.993,24.0
1709,1709,24_27,24_40,511.1475,26.16502,19.6342,0.0556,187.781,12.0,14.0,1615.0,1800.0,1615.4731,1799.7261,1615.4731,1799.7261,142.10013875658618,27.475749219300347,0.931,0.921,15.48,0.06019,0.05897,0.33,1615.4731,1799.7261,142.10013875658618,27.475749219300347,0.42883256438,0.45084006982,0.42883256438,0.45084006982,0.672,0.654,80.83,0.671885,0.6544029,80.83,23.3905,0.0,2.24,1.011,0.011,0.83,24.0
1710,1710,24_28,24_39,143.4859,15.33909,21.0135,0.1161,188.0302,4.0,5.0,1861.0,1795.0,1861.3612,1794.7943,1861.3612,1794.7943,142.02216599017513,27.476163447053768,0.722,0.453,-73.43,0.11517,0.06709,-71.64,1861.3612,1794.7943,142.02216599017513,27.476163447053768,0.22856289782,0.30450421797,0.22856289782,0.30450421797,0.554,0.476,-80.04,0.5540023,0.4755508,-80.04,23.4128,0.0,1.37,1.596,0.373,0.413,24.0
1711,1711,24_29,24_38,564.7415,26.96621,19.5259,0.0519,187.7276,12.0,15.0,1735.0,1785.0,1734.5786,1784.9,1734.5786,1784.9,142.06231432824214,27.479453004218044,0.99,0.901,61.96,0.06023,0.05317,74.79,1734.5786,1784.9,142.06231432824214,27.479453004218044,0.43547375305,0.45982049885,0.43547375305,0.45982049885,0.689,0.649,58.45,0.688879,0.6486447,58.45,23.3885,0.0,2.15,1.099,0.09,0.9,24.0
1712,1712,24_30,24_37,3276.843,46.0461,17.6169,0.0153,187.3626,32.0,37.0,1911.0,1774.0,1911.3942,1773.7928,1911.3942,1773.7928,142.00620839879412,27.48186712086891,1.343,1.168,75.93,0.02546,0.02129,81.47,1911.3942,1773.7928,142.00620839879412,27.48186712086891,0.47593139702,0.54873582361,0.47593139702,0.54873582361,0.748,0.682,70.43,0.7478463,0.6821973,70.43,23.3643,0.0,2.33,1.149,0.13,1.0,24.0
1713,1713,24_31,24_36,403.2245,23.9229,19.8917,0.0644,187.9871,8.0,12.0,1782.0,1766.0,1782.2258,1766.4224,1782.2258,1766.4224,142.04712597439624,27.48446070758782,0.987,0.775,55.75,0.07535,0.05767,57.75,1782.2258,1766.4224,142.04712597439624,27.48446070758782,0.47993766526,0.47056473441,0.47993766526,0.47056473441,0.731,0.645,42.74,0.7312929,0.6447582,42.74,23.4135,0.0,2.58,1.274,0.215,0.818,24.0
1714,1714,24_32,24_35,169.7343,17.98048,20.8311,0.115,187.8526,5.0,7.0,1777.0,1767.0,1776.9896,1767.27,1776.9896,1767.27,142.04878986347555,27.48424318457769,0.735,0.668,-3.43,0.09515,0.088,-0.17,1776.9896,1767.27,142.04878986347555,27.48424318457769,0.81337836827,0.60566197779,0.81337836827,0.60566197779,0.902,0.778,-2.72,0.9021356,0.7779407,-2.72,23.4038,0.0,2.38,1.1,0.091,0.57,24.0
1715,1715,24_33,24_34,3950.799,49.38377,17.4139,0.0136,187.5825,33.0,42.0,1982.0,1747.0,1981.8113,1747.1574,1981.8113,1747.1574,141.98376043511104,27.489069589659582,1.366,1.228,79.21,0.02316,0.02059,85.73,1981.8113,1747.1574,141.98376043511104,27.489069589659582,0.50190149495,0.55085262309,0.50190149495,0.55085262309,0.749,0.701,67.53,0.7489728,0.7012802,67.53,23.3906,0.0,2.22,1.112,0.101,0.981,24.0
1716,1716,24_34,24_33,278.1459,21.88855,20.2949,0.0855,188.0312,8.0,10.0,1921.0,1747.0,1921.1859,1747.4555,1921.1859,1747.4555,142.0029830808662,27.489234517484743,0.951,0.732,-89.11,0.09182,0.06728,89.99,1921.1859,1747.4555,142.0029830808662,27.489234517484743,0.87727426997,0.87625913184,0.87727426997,0.87625913184,0.939,0.933,-42.45,0.9393989,0.9333076,-42.45,23.4034,0.0,3.17,1.299,0.23,0.384,24.0
1718,1718,24_36,24_31,174.5387,15.68455,20.8008,0.0976,188.0738,5.0,5.0,1912.0,1733.0,1911.5918,1732.7186,1911.5918,1732.7186,142.0059572828774,27.493418376424657,0.716,0.462,72.15,0.09688,0.0562,71.79,1911.5918,1732.7186,142.0059572828774,27.493418376424657,0.41130160057,0.47267247472,0.41130160057,0.47267247472,0.694,0.634,69.94,0.6943416,0.6339273,69.94,23.4031,0.0,3.13,1.549,0.354,0.315,24.0
1719,1719,24_37,24_30,214.6568,18.22133,20.5762,0.0922,188.2847,5.0,7.0,1813.0,1733.0,1813.3304,1733.0265,1813.3304,1733.0265,142.03711389970084,27.493728994867386,0.732,0.648,83.65,0.07813,0.07218,88.5,1813.3304,1733.0265,142.03711389970084,27.493728994867386,0.32414180912,0.36423366706,0.32414180912,0.36423366706,0.616,0.555,62.02,0.6164399,0.5553173,62.02,23.4302,0.0,1.97,1.131,0.116,0.592,24.0
1720,1720,24_38,24_29,146.6423,15.53693,20.9899,0.1151,187.9639,5.0,5.0,1646.0,1728.0,1646.3948,1728.1917,1646.3948,1728.1917,142.09002269838842,27.49574853151249,0.722,0.457,71.83,0.11748,0.06823,71.58,1646.3948,1728.1917,142.09002269838842,27.49574853151249,0.40593430982,0.44846613981,0.40593430982,0.44846613981,0.67,0.637,-86.55,0.6697921,0.6370079,-86.55,23.3921,0.0,3.37,1.581,0.368,0.119,24.0
1721,1721,24_39,24_28,1261.09,33.30975,18.6537,0.0287,187.8755,17.0,21.0,1862.0,1722.0,1862.4403,1722.0016,1862.4403,1722.0016,142.02149269046427,27.496632037767064,1.183,0.953,87.17,0.04221,0.0307,-87.31,1862.4403,1722.0016,142.02149269046427,27.496632037767064,0.43989621631,0.4826811971,0.43989621631,0.4826811971,0.704,0.653,64.32,0.7039567,0.6534695,64.32,23.3887,0.0,2.13,1.241,0.194,0.972,24.0
1722,1722,24_40,24_27,7893.965,59.41311,16.6623,0.0082,188.3751,44.0,52.0,1940.0,1709.0,1940.1878,1709.8004,1940.1878,1709.8004,141.99678490087138,27.499747192547368,1.446,1.256,75.1,0.01507,0.01273,76.13,1940.1878,1709.8004,141.99678490087138,27.499747192547368,0.48095229651,0.55523818655,0.48095229651,0.55523818655,0.75,0.688,72.81,0.7503965,0.6878195,72.81,23.4296,0.0,2.27,1.151,0.131,0.982,24.0
1723,1723,24_41,24_26,83819.04,137.7404,14.0972,0.0018,188.2129,117.0,124.0,1569.0,1687.0,1569.5679,1687.6618,1569.5679,1687.6618,142.11420748820478,27.507445002678985,1.65,1.433,75.06,0.00377,0.00325,74.14,1569.5679,1687.6618,142.11420748820478,27.507445002678985,0.50874032852,0.56873311024,0.50874032852,0.56873311024,0.758,0.709,73.09,0.7581843,0.7089641,73.09,23.4036,0.0,2.36,1.151,0.131,0.983,24.0
1724,1724,24_42,24_25,318.9068,21.87529,20.1464,0.0745,187.9489,8.0,10.0,1714.0,1690.0,1713.7009,1689.6838,1713.7009,1689.6838,142.0685110531036,27.50631519905305,0.899,0.742,-45.87,0.08227,0.06501,-45.07,1713.7009,1689.6838,142.0685110531036,27.50631519905305,0.54406499601,0.53104140074,0.54406499601,0.53104140074,0.74,0.726,-24.98,0.7400505,0.7262449,-24.98,23.3973,0.0,2.79,1.212,0.175,0.537,24.0
1725,1725,24_43,24_24,981.0729,31.75052,18.9263,0.0351,187.6007,17.0,20.0,2007.0,1684.0,2007.4202,1684.1231,2007.4202,1684.1231,141.97534724695845,27.50669177231315,1.184,0.942,81.55,0.05022,0.03634,84.56,2007.4202,1684.1231,141.97534724695845,27.50669177231315,0.47316620635,0.5090344049,0.47316620635,0.5090344049,0.73,0.67,57.66,0.7300875,0.6702036,57.66,23.4016,0.0,2.28,1.256,0.204,0.954,24.0
1726,1726,24_44,24_23,885748.6,402.9673,11.5373,0.0005,188.6331,433.0,452.0,1642.0,1672.0,1641.9986,1670.2158,1641.9986,1670.2158,142.09116291501056,27.512071495853323,2.499,1.921,83.16,0.00146,0.00123,81.93,1641.9986,1670.2158,142.09116291501056,27.512071495853323,1.6838020615,2.5064725892,1.6838020615,2.5064725892,1.585,1.296,85.64,1.584704,1.295758,85.64,23.4374,4.0,13.13,1.301,0.231,0.994,24.0
1727,1727,24_45,24_22,433.6484,24.2239,19.8127,0.0607,188.5625,10.0,12.0,1892.0,1680.0,1891.9905,1680.4624,1891.9905,1680.4624,142.0119331885507,27.508195039415448,0.986,0.764,84.5,0.07041,0.05169,89.57,1891.9905,1680.4624,142.0119331885507,27.508195039415448,0.45472036876,0.53138923778,0.45472036876,0.53138923778,0.74,0.663,67.56,0.7397038,0.6625314,67.56,23.4384,0.0,2.26,1.29,0.225,0.846,24.0
1728,1728,24_46,24_21,1647.53,36.50405,18.3635,0.0241,188.2869,21.0,25.0,1994.0,1675.0,1993.6826,1675.1601,1993.6826,1675.1601,141.97966170082637,27.50926941525195,1.233,1.018,65.02,0.03588,0.02755,63.99,1993.6826,1675.1601,141.97966170082637,27.50926941525195,0.45298392108,0.48945500334,0.45298392108,0.48945500334,0.707,0.665,64.28,0.7074432,0.664803,64.28,23.4432,0.0,2.08,1.212,0.175,0.974,24.0
1729,1729,24_47,24_20,777.4648,29.90225,19.1789,0.0418,186.8749,15.0,18.0,1866.0,1669.0,1865.5707,1669.2394,1865.5707,1669.2394,142.02025996413894,27.511458594832405,1.094,0.946,86.51,0.05406,0.04424,89.64,1865.5707,1669.2394,142.02025996413894,27.511458594832405,0.44738890106,0.49500368642,0.44738890106,0.49500368642,0.706,0.666,74.68,0.7063048,0.6659776,74.68,23.3295,0.0,2.22,1.157,0.136,0.939,24.0
1730,1730,24_48,24_19,15541.3,73.81672,15.9269,0.0052,187.5448,62.0,68.0,1540.0,1661.0,1539.9052,1661.5288,1539.9052,1661.5288,142.12350149381894,27.51490871215308,1.521,1.35,73.46,0.00993,0.00906,73.4,1539.9052,1661.5288,142.12350149381894,27.51490871215308,0.52420035904,0.5908066272,0.52420035904,0.5908066272,0.773,0.72,73.64,0.7727169,0.7196636,73.64,23.363,0.0,2.3,1.127,0.113,0.984,24.0
1731,1731,24_49,24_18,212.082,18.2952,20.5893,0.0937,187.9385,7.0,7.0,1968.0,1663.0,1967.9985,1663.3171,1967.9985,1663.3171,141.98775140134563,27.51270614308056,0.731,0.671,4.96,0.08156,0.07554,0.39,1967.9985,1663.3171,141.98775140134563,27.51270614308056,0.6808156931,0.714249571,0.6808156931,0.714249571,0.872,0.796,52.64,0.8723124,0.7963268,52.64,23.4097,0.0,2.61,1.09,0.082,0.642,24.0
1732,1732,24_50,24_17,1585.412,36.49169,18.4052,0.025,188.7135,24.0,25.0,1915.0,1654.0,1915.0668,1654.1359,1915.0668,1654.1359,142.00449475147045,27.51550525455246,1.205,1.08,73.86,0.03523,0.03035,80.25,1915.0668,1654.1359,142.00449475147045,27.51550525455246,0.51175205822,0.53583219755,0.51175205822,0.53583219755,0.742,0.705,58.32,0.7420601,0.7049333,58.32,23.4509,0.0,2.16,1.115,0.103,0.943,24.0
1734,1734,24_52,24_15,3895.023,47.4966,17.4293,0.0132,188.3441,34.0,38.0,1885.0,1644.0,1885.3571,1643.8706,1885.3571,1643.8706,142.01386956381972,27.51851324165432,1.326,1.199,67.68,0.0213,0.01916,68.65,1885.3571,1643.8706,142.01386956381972,27.51851324165432,0.48238235315,0.53989810903,0.48238235315,0.53989810903,0.741,0.688,69.6,0.7410302,0.6878624,69.6,23.4254,0.0,2.21,1.105,0.095,0.985,24.0
1736,1736,24_54,24_13,144.8339,15.37312,21.0034,0.1153,187.7871,5.0,5.0,1740.0,1631.0,1740.226,1631.4223,1740.226,1631.4223,142.05984045149256,27.522596348077627,0.736,0.453,19.75,0.10645,0.06174,18.58,1740.226,1631.4223,142.05984045149256,27.522596348077627,0.67676078238,0.6526666914,0.67676078238,0.6526666914,0.876,0.749,41.65,0.876285,0.7493678,41.65,23.3877,0.0,2.47,1.623,0.384,0.479,24.0
1737,1737,24_55,24_12,189.3525,17.0986,20.7124,0.0981,187.7298,6.0,6.0,1547.0,1630.0,1546.921,1629.5061,1546.921,1629.5061,142.121138879162,27.523888287048504,0.781,0.5,0.39,0.09677,0.05922,-0.03,1546.921,1629.5061,142.121138879162,27.523888287048504,0.57187461622,0.43530922061,0.57187461622,0.43530922061,0.756,0.66,2.5,0.7563958,0.6595827,2.5,23.3696,0.0,3.64,1.562,0.36,0.198,24.0
1739,1739,24_57,24_10,25901.63,87.85786,15.3723,0.0037,188.225,75.0,83.0,1732.0,1588.0,1731.9247,1588.5071,1731.9247,1588.5071,142.06228241253535,27.53469893073951,1.581,1.365,76.51,0.00776,0.00642,86.44,1731.9247,1588.5071,142.06228241253535,27.53469893073951,0.51123892231,0.57184175313,0.51123892231,0.57184175313,0.762,0.709,70.6,0.7618535,0.7089851,70.6,23.4196,0.0,2.37,1.158,0.136,0.983,24.0
1740,1740,24_58,24_9,246705.7,219.1421,12.9251,0.001,188.4021,176.0,192.0,1862.0,1576.0,1862.5336,1576.1889,1862.5336,1576.1889,142.02079985151468,27.537640726276337,1.712,1.495,72.73,0.00206,0.00183,67.39,1862.5336,1576.1889,142.02079985151468,27.537640726276337,0.53809086932,0.60495994167,0.53809086932,0.60495994167,0.786,0.725,68.55,0.7856013,0.7251768,68.55,23.4309,0.0,2.55,1.145,0.127,0.989,24.0
1741,1741,24_59,24_8,519.188,30.70653,19.6173,0.0642,188.9105,15.0,20.0,1828.0,1575.0,1827.1329,1573.279,1827.1329,1573.279,142.0320153866189,27.53860192469702,1.79,0.812,59.27,0.11679,0.05531,58.55,1827.1329,1573.279,142.0320153866189,27.53860192469702,1.3744680224,2.1167791419,1.3744680224,2.1167791419,1.599,0.967,58.62,1.598822,0.9669611,58.62,23.4656,0.0,7.18,2.204,0.546,0.081,24.0
1742,1742,24_60,24_7,398.4442,22.06721,19.9047,0.0601,187.8468,10.0,10.0,1636.0,1568.0,1635.9939,1568.1739,1635.9939,1568.1739,142.09262118284477,27.540793972705,0.873,0.747,89.19,0.06399,0.05097,89.92,1635.9939,1568.1739,142.09262118284477,27.540793972705,0.46025409873,0.45574236739,0.46025409873,0.45574236739,0.68,0.674,29.24,0.6799358,0.6735606,29.24,23.4051,0.0,2.07,1.169,0.144,0.667,24.0
1743,1743,24_61,24_6,824.3745,30.79858,19.1153,0.0406,187.8177,14.0,19.0,1747.0,1564.0,1747.5156,1563.8993,1747.5156,1563.8993,142.05722758137665,27.54155795195334,1.15,0.942,77.6,0.05343,0.04169,77.17,1747.5156,1563.8993,142.05722758137665,27.54155795195334,0.4122792557,0.48891104387,0.4122792557,0.48891104387,0.7,0.641,82.86,0.7000949,0.6411377,82.86,23.3937,0.0,2.31,1.22,0.181,0.935,24.0
1744,1744,24_62,24_5,3398.742,47.71071,17.5773,0.0152,187.7863,34.0,40.0,1996.0,1542.0,1996.2687,1542.1258,1996.2687,1542.1258,141.9782226458677,27.54667315725761,1.436,1.177,72.04,0.02771,0.02124,72.39,1996.2687,1542.1258,141.9782226458677,27.54667315725761,0.50267782112,0.5861793548,0.50267782112,0.5861793548,0.771,0.703,72.77,0.7714025,0.7027057,72.77,23.3869,0.0,2.33,1.22,0.18,0.973,24.0
1745,1745,24_63,24_4,1087.091,39.32582,18.8149,0.0393,188.8789,27.0,32.0,1867.0,1542.0,1867.3525,1542.2895,1867.3525,1542.2895,142.01911707965314,27.54715508211024,1.434,1.365,3.78,0.05913,0.05707,19.18,1867.3525,1542.2895,142.01911707965314,27.54715508211024,1.4611862828,1.3006928202,1.4611862828,1.3006928202,1.209,1.14,0.18,1.208796,1.140478,0.18,23.4697,0.0,4.03,1.05,0.048,0.008,24.0
1747,1747,24_65,24_65,209.3854,18.85157,20.6032,0.0978,188.4866,5.0,7.0,1940.0,2014.0,1939.6894,2014.0062,1939.6894,2014.0062,141.9983456277865,27.414190722285515,0.709,0.67,-81.68,0.08415,0.07808,-89.45,1939.6894,2014.0062,141.9983456277865,27.414190722285515,0.35942630185,0.26389491394,0.35942630185,0.26389491394,0.609,0.503,-17.8,0.60861,0.5029066,-17.8,23.3592,16.0,2.01,1.058,0.055,0.502,24.0
1748,1748,25_1,25_3,4434.957,48.79913,17.2883,0.0119,188.0598,37.0,41.0,2464.0,1523.0,2463.5326,1522.8622,2463.5326,1522.8622,141.8299151620026,27.550076836762464,1.359,1.219,69.16,0.01994,0.01803,63.93,2463.5326,1522.8622,141.8299151620026,27.550076836762464,0.49814674807,0.55328217437,0.49814674807,0.55328217437,0.75,0.699,68.98,0.7502255,0.6989926,68.98,23.4258,0.0,2.29,1.115,0.103,0.994,25.0
1750,1750,25_3,25_60,29275.36,90.52484,15.2393,0.0034,187.7966,80.0,84.0,2468.0,2004.0,2468.1314,2004.8133,2468.1314,2004.8133,141.8308772871368,27.414517832850965,1.578,1.36,75.89,0.00688,0.00584,77.8,2468.1314,2004.8133,141.8308772871368,27.414517832850965,0.50221957712,0.5819712607,0.50221957712,0.5819712607,0.767,0.704,75.29,0.766728,0.7044991,75.29,23.4165,0.0,2.31,1.161,0.138,0.983,25.0
1751,1751,25_4,25_59,628.1646,27.2209,19.4104,0.0471,187.612,13.0,15.0,2092.0,2008.0,2091.8473,2008.3542,2091.8473,2008.3542,141.9501095669247,27.415150380648008,0.982,0.93,32.18,0.05528,0.04954,16.93,2091.8473,2008.3542,141.9501095669247,27.415150380648008,0.47206361269,0.49699302656,0.47206361269,0.49699302656,0.708,0.684,68.37,0.7082693,0.6836748,68.37,23.3996,0.0,2.32,1.055,0.053,0.801,25.0
1752,1752,25_5,25_58,367.8708,22.96202,19.9913,0.0678,187.5479,8.0,11.0,2122.0,1993.0,2121.8057,1993.1173,2121.8057,1993.1173,141.94054522273342,27.419309849956917,0.871,0.813,53.19,0.06553,0.06289,47.61,2121.8057,1993.1173,141.94054522273342,27.419309849956917,0.48198863155,0.52616628591,0.48198863155,0.52616628591,0.736,0.683,63.12,0.7358325,0.6831585,63.12,23.3891,0.0,1.96,1.072,0.067,0.643,25.0
1754,1754,25_7,25_56,1111.509,32.49834,18.7908,0.0318,187.6048,16.0,21.0,2317.0,1989.0,2316.9503,1988.8273,2316.9503,1988.8273,141.87869470768575,27.419680416952744,1.114,1.032,74.99,0.03963,0.03894,74.47,2316.9503,1988.8273,141.87869470768575,27.419680416952744,0.47165912906,0.5606827595,0.47165912906,0.5606827595,0.755,0.68,72.7,0.7551454,0.6797774,72.7,23.3927,0.0,2.22,1.08,0.074,0.953,25.0
1755,1755,25_8,25_55,4584.023,49.60166,17.2525,0.0118,187.408,37.0,41.0,2233.0,1975.0,2232.6582,1974.81,2232.6582,1974.81,141.9053337598778,27.423987193243075,1.362,1.206,70.67,0.01943,0.01742,66.33,2232.6582,1974.81,141.9053337598778,27.423987193243075,0.47798378003,0.53741690629,0.47798378003,0.53741690629,0.742,0.682,67.15,0.741784,0.6820243,67.15,23.3784,0.0,2.26,1.129,0.114,1.0,25.0
1756,1756,25_9,25_54,440.8886,25.47721,19.7948,0.0628,187.5319,11.0,14.0,2371.0,1970.0,2371.2367,1969.5532,2371.2367,1969.5532,141.86139978123916,27.42486364307912,0.969,0.91,83.54,0.06795,0.0663,-88.76,2371.2367,1969.5532,141.86139978123916,27.42486364307912,0.53231926369,0.66219929789,0.53231926369,0.66219929789,0.816,0.727,80.57,0.8160173,0.7270725,80.57,23.3945,0.0,2.74,1.065,0.061,0.739,25.0
1758,1758,25_11,25_52,7154.958,57.72853,16.7691,0.0088,187.4851,47.0,52.0,2247.0,1943.0,2247.0814,1942.8714,2247.0814,1942.8714,141.9006087854411,27.432907789950868,1.446,1.276,73.88,0.01602,0.01419,66.81,2247.0814,1942.8714,141.9006087854411,27.432907789950868,0.48189292672,0.56665208332,0.48189292672,0.56665208332,0.758,0.689,73.97,0.7578117,0.6886701,73.97,23.3888,0.0,2.27,1.134,0.118,0.981,25.0
1760,1760,25_13,25_50,354.4905,23.65759,20.0316,0.0725,188.5461,9.0,12.0,2164.0,1935.0,2163.7952,1934.6439,2163.7952,1934.6439,141.92696113580112,27.435577850859307,0.997,0.775,57.64,0.08138,0.06207,57.86,2163.7952,1934.6439,141.92696113580112,27.435577850859307,0.50005229462,0.54316859809,0.50005229462,0.54316859809,0.772,0.668,53.34,0.7724656,0.6682199,53.34,23.46,0.0,2.18,1.286,0.223,0.643,25.0
1761,1761,25_14,25_49,236.0969,19.29685,20.4728,0.0888,187.8884,8.0,8.0,2338.0,1931.0,2338.1557000000003,1930.8951,2338.1557000000003,1930.8951,141.87169097931852,27.43588091253596,0.806,0.658,45.61,0.08875,0.07028,44.99,2338.1557000000003,1930.8951,141.87169097931852,27.43588091253596,0.50239833831,0.43134643483,0.50239833831,0.43134643483,0.721,0.644,23.81,0.7208232,0.6435516,23.81,23.4137,0.0,2.08,1.225,0.184,0.575,25.0
1762,1762,25_15,25_48,3272.959,45.08222,17.6182,0.015,187.9313,32.0,36.0,2472.0,1917.0,2472.5419,1916.9583,2472.5419,1916.9583,141.82903835711932,27.439206173801857,1.324,1.175,-87.71,0.02437,0.02066,-75.5,2472.5419,1916.9583,141.82903835711932,27.439206173801857,0.47510525491,0.54028440887,0.47510525491,0.54028440887,0.738,0.686,76.46,0.7377656,0.6863611,76.46,23.4093,0.0,2.27,1.127,0.112,1.0,25.0
1763,1763,25_16,25_47,195.6127,19.13706,20.6771,0.1062,188.4545,8.0,8.0,2478.0,1915.0,2478.1411,1914.8835,2478.1411,1914.8835,141.8272537100856,27.439764621634968,0.84,0.669,45.99,0.09617,0.07606,45.05,2478.1411,1914.8835,141.8272537100856,27.439764621634968,1.0101138234,0.97279335234,1.0101138234,0.97279335234,1.025,0.966,35.81,1.025016,0.9655303,35.81,23.4436,0.0,3.23,1.256,0.204,0.004,25.0
1764,1764,25_17,25_46,27113.03,88.29055,15.3226,0.0035,187.6537,75.0,82.0,2137.0,1902.0,2137.0571,1902.0244,2137.0571,1902.0244,141.9352787402347,27.44486531521741,1.555,1.368,74.99,0.00708,0.00627,78.44,2137.0571,1902.0244,141.9352787402347,27.44486531521741,0.50305529705,0.58872081547,0.50305529705,0.58872081547,0.773,0.703,72.98,0.7730282,0.7029961,72.98,23.399,0.0,2.3,1.137,0.121,0.983,25.0
1765,1765,25_18,25_45,315.0062,21.64915,20.1598,0.0746,188.154,8.0,10.0,2450.0,1897.0,2450.2636,1896.9688,2450.2636,1896.9688,141.83599752817244,27.44492740440167,0.873,0.75,0.69,0.08028,0.06382,-0.26,2450.2636,1896.9688,141.83599752817244,27.44492740440167,0.54981672212,0.61333744039,0.54981672212,0.61333744039,0.784,0.741,83.35,0.7837172,0.7409058,83.35,23.4278,0.0,2.77,1.163,0.14,0.54,25.0
1766,1766,25_19,25_44,3464.703,46.76056,17.5564,0.0147,187.934,37.0,39.0,2376.0,1885.0,2375.4465,1884.8894,2375.4465,1884.8894,141.8596466924793,27.44865596455983,1.421,1.198,57.6,0.02571,0.0208,53.48,2375.4465,1884.8894,141.8596466924793,27.44865596455983,0.50343928047,0.56643781789,0.50343928047,0.56643781789,0.76,0.702,69.17,0.7596715,0.7019803,69.17,23.42,0.0,2.21,1.186,0.157,0.999,25.0
1767,1767,25_20,25_43,353.2782,21.77828,20.0353,0.0669,187.9712,8.0,10.0,2125.0,1884.0,2124.9656,1883.7551,2124.9656,1883.7551,141.9390238576219,27.45005459340747,0.87,0.737,88.21,0.07118,0.05661,89.66,2124.9656,1883.7551,141.9390238576219,27.45005459340747,0.37637647833,0.41810764513,0.37637647833,0.41810764513,0.651,0.609,71.79,0.6505163,0.6093543,71.79,23.4189,0.0,2.04,1.18,0.153,0.825,25.0
1768,1768,25_21,25_42,6431.914,54.42466,16.8847,0.0092,188.4104,42.0,46.0,2448.0,1879.0,2448.037,1879.5443,2448.037,1879.5443,141.83661583715576,27.44983771064153,1.368,1.236,79.45,0.01535,0.01431,88.28,2448.037,1879.5443,141.83661583715576,27.44983771064153,0.45837978631,0.53198568684,0.45837978631,0.53198568684,0.734,0.672,73.57,0.734166,0.6718376,73.57,23.4461,0.0,2.02,1.107,0.096,0.983,25.0
1769,1769,25_22,25_41,506.5587,24.18663,19.644,0.0519,187.6209,11.0,12.0,2480.0,1878.0,2479.8462,1878.0469,2479.8462,1878.0469,141.82652800435457,27.45011669389798,0.945,0.802,-89.22,0.0604,0.05025,89.98,2479.8462,1878.0469,141.82652800435457,27.45011669389798,0.39273615246,0.53106260043,0.39273615246,0.53106260043,0.73,0.625,-82.63,0.7303553,0.6248038,-82.63,23.3862,0.0,2.27,1.178,0.151,0.92,25.0
1770,1770,25_23,25_40,481.658,26.52839,19.6987,0.0598,187.8883,11.0,15.0,2436.0,1844.0,2436.3517,1843.5458,2436.3517,1843.5458,141.84013895899574,27.460013761710336,1.066,0.89,82.18,0.07202,0.0592,82.45,2436.3517,1843.5458,141.84013895899574,27.460013761710336,0.44747692014,0.52668249966,0.44747692014,0.52668249966,0.728,0.666,78.02,0.7282985,0.6661386,78.02,23.4159,3.0,2.39,1.198,0.166,0.853,25.0
1771,1771,25_24,25_40,469.6036,25.68293,19.7262,0.0594,188.0253,8.0,14.0,2437.0,1839.0,2436.3988,1838.8439,2436.3988,1838.8439,141.84010052470936,27.4613358861074,0.933,0.917,82.96,0.06222,0.0611,-17.62,2436.3988,1838.8439,141.84010052470936,27.4613358861074,0.41262950337,0.48435260575,0.41262950337,0.48435260575,0.7,0.638,75.4,0.6996934,0.6382877,75.4,23.4257,3.0,2.21,1.018,0.018,0.83,25.0
1772,1772,25_25,25_39,161.7333,16.61089,20.8836,0.1115,187.872,5.0,6.0,2088.0,1843.0,2087.5123,1842.9879,2087.5123,1842.9879,141.95070137395268,27.461677862383837,0.772,0.499,86.73,0.1069,0.06574,89.81,2087.5123,1842.9879,141.95070137395268,27.461677862383837,0.48785762138,0.46849835586,0.48785762138,0.46849835586,0.742,0.637,41.18,0.7423109,0.6366557,41.18,23.4105,0.0,2.08,1.547,0.354,0.536,25.0
1773,1773,25_26,25_38,1983.27,40.14816,18.1621,0.022,187.6954,28.0,31.0,2459.0,1838.0,2458.662,1837.8753,2458.662,1837.8753,141.83303972428655,27.46150904438146,1.344,1.119,71.45,0.03595,0.0285,70.83,2458.662,1837.8753,141.83303972428655,27.46150904438146,0.53492895301,0.59335334686,0.53492895301,0.59335334686,0.772,0.73,78.2,0.7720245,0.7295619,78.2,23.4011,0.0,2.41,1.201,0.168,0.996,25.0
1774,1774,25_27,25_37,595.7433,26.60896,19.4679,0.0485,188.0925,12.0,15.0,2031.0,1837.0,2030.853,1837.4806,2030.853,1837.4806,141.96863482925374,27.463463363816885,0.986,0.908,-13.01,0.05656,0.04995,-14.0,2030.853,1837.4806,141.96863482925374,27.463463363816885,0.4180875783,0.40120923345,0.4180875783,0.40120923345,0.647,0.633,2.02,0.6466132,0.6333942,2.02,23.4308,0.0,2.03,1.087,0.08,0.922,25.0
1775,1775,25_28,25_36,1485.214,40.02188,18.4761,0.0293,188.1208,29.0,33.0,2062.0,1818.0,2061.7482,1818.0387,2061.7482,1818.0387,141.95875034030084,27.4688026203553,1.709,1.111,63.89,0.05493,0.03678,63.07,2061.7482,1818.0387,141.95875034030084,27.4688026203553,0.92110663988,1.2938438507,0.92110663988,1.2938438507,1.179,0.908,65.67,1.178824,0.908474,65.67,23.4325,0.0,4.26,1.538,0.35,0.018,25.0
1776,1776,25_29,25_35,226.945,19.29849,20.5158,0.0923,187.5686,6.0,8.0,2135.0,1806.0,2134.6062,1805.7107,2134.6062,1805.7107,141.93559664570466,27.47196353384319,0.906,0.624,72.17,0.10323,0.06873,72.64,2134.6062,1805.7107,141.93559664570466,27.47196353384319,0.57827044016,0.65448216869,0.57827044016,0.65448216869,0.833,0.734,59.63,0.8332729,0.7337635,59.63,23.3923,0.0,2.75,1.451,0.311,0.564,25.0
1777,1777,25_30,25_34,586.0943,25.85291,19.4857,0.0479,188.0959,13.0,14.0,2496.0,1803.0,2496.1441,1803.4227,2496.1441,1803.4227,141.82098671307838,27.471030219789235,0.96,0.898,81.46,0.05324,0.05207,75.28,2496.1441,1803.4227,141.82098671307838,27.471030219789235,0.49731996437,0.54397633537,0.49731996437,0.54397633537,0.738,0.705,82.86,0.7380511,0.7046821,82.86,23.44,0.0,2.07,1.068,0.064,0.67,25.0
1778,1778,25_31,25_33,872.8007,29.64945,19.0533,0.0369,188.2682,15.0,18.0,2488.0,1801.0,2488.2945,1801.6347,2488.2945,1801.6347,141.82346566120688,27.47156833163244,1.115,0.933,62.96,0.04845,0.03932,60.44,2488.2945,1801.6347,141.82346566120688,27.47156833163244,0.4711673786,0.50365874623,0.4711673786,0.50365874623,0.725,0.671,57.8,0.7245771,0.6706819,57.8,23.452,0.0,2.35,1.195,0.163,0.964,25.0
1780,1780,25_33,25_31,531.7963,27.2101,19.5912,0.0556,188.1462,9.0,16.0,2488.0,1794.0,2487.491,1794.0399,2487.491,1794.0399,141.82368206532902,27.473707823660494,1.055,0.885,84.07,0.06658,0.05448,89.61,2487.491,1794.0399,141.82368206532902,27.473707823660494,0.40782851044,0.51574214972,0.40782851044,0.51574214972,0.722,0.635,77.92,0.7217464,0.6345493,77.92,23.4464,0.0,1.99,1.193,0.161,0.898,25.0
1781,1781,25_34,25_30,289.0885,21.57039,20.253,0.081,187.7874,8.0,10.0,2100.0,1785.0,2100.0181,1785.1896,2100.0181,1785.1896,141.94646367893415,27.47788086563672,0.888,0.737,80.39,0.08393,0.06666,89.44,2100.0181,1785.1896,141.94646367893415,27.47788086563672,0.50533599474,0.55426113193,0.50533599474,0.55426113193,0.782,0.67,53.74,0.7818306,0.6695805,53.74,23.4083,0.0,2.32,1.206,0.171,0.335,25.0
1782,1782,25_35,25_29,336.9103,20.79122,20.0868,0.067,187.7986,7.0,9.0,2144.0,1785.0,2144.0906,1784.9939,2144.0906,1784.9939,141.93249131978763,27.477749850072016,0.768,0.758,32.76,0.05963,0.05927,1.89,2144.0906,1784.9939,141.93249131978763,27.477749850072016,0.45430002927,0.40569726316,0.45430002927,0.40569726316,0.684,0.626,25.29,0.6843002,0.6258838,25.29,23.4082,0.0,2.05,1.013,0.013,0.653,25.0
1783,1783,25_36,25_28,404.8007,26.31285,19.8875,0.0706,187.944,12.0,15.0,2251.0,1775.0,2251.0311,1775.3379,2251.0311,1775.3379,141.89854387509362,27.480008268512755,1.158,0.887,12.2,0.08929,0.06782,9.86,2251.0311,1775.3379,141.89854387509362,27.480008268512755,1.6479655307,1.3253550563,1.6479655307,1.3253550563,1.286,1.149,7.03,1.285672,1.149073,7.03,23.4232,0.0,4.12,1.305,0.234,0.001,25.0
1784,1784,25_37,25_27,376.5241,21.91599,19.9661,0.0632,187.588,8.0,10.0,2300.0,1764.0,2300.4792,1763.9856,2300.4792,1763.9856,141.88281307859378,27.48298671747805,0.938,0.672,27.85,0.07423,0.04612,26.65,2300.4792,1763.9856,141.88281307859378,27.48298671747805,0.37273485234,0.3506722861,0.37273485234,0.3506722861,0.615,0.587,24.21,0.6150826,0.5874355,24.21,23.3955,0.0,2.01,1.397,0.284,0.813,25.0
1785,1785,25_38,25_26,2465.123,41.08634,17.926,0.0181,187.8908,25.0,31.0,2223.0,1761.0,2223.3032,1761.1938,2223.3032,1761.1938,141.90726548764314,27.4841055001286,1.25,1.131,68.52,0.02671,0.02454,64.14,2223.3032,1761.1938,141.90726548764314,27.4841055001286,0.48827100906,0.54191852422,0.48827100906,0.54191852422,0.742,0.693,69.9,0.7417616,0.6928053,69.9,23.4214,0.0,2.19,1.105,0.095,0.981,25.0
1786,1786,25_39,25_25,6959.154,57.04908,16.7992,0.0089,187.6433,45.0,52.0,2408.0,1751.0,2408.2956,1751.0119,2408.2956,1751.0119,141.84857029795987,27.486161905498093,1.438,1.288,68.22,0.01618,0.01468,65.72,2408.2956,1751.0119,141.84857029795987,27.486161905498093,0.5228112765,0.58884169334,0.5228112765,0.58884169334,0.774,0.716,70.25,0.7736976,0.7162716,70.25,23.4115,0.0,2.34,1.116,0.104,0.983,25.0
1787,1787,25_40,25_24,10851.29,64.64071,16.3169,0.0065,188.1465,51.0,59.0,2369.0,1740.0,2369.3135,1740.83,2369.3135,1740.83,141.8608776351752,27.4891975834362,1.466,1.303,69.92,0.01223,0.01081,67.71,2369.3135,1740.83,141.8608776351752,27.4891975834362,0.4892797789,0.56264114155,0.4892797789,0.56264114155,0.755,0.694,73.11,0.7550424,0.6941411,73.11,23.4451,0.0,2.37,1.125,0.111,1.0,25.0
1788,1788,25_41,25_23,461.8873,24.8791,19.7442,0.0585,187.7179,10.0,13.0,2133.0,1734.0,2133.4224,1734.3753,2133.4224,1734.3753,141.9356321716616,27.492031103336732,0.964,0.837,46.99,0.065,0.05549,45.05,2133.4224,1734.3753,141.9356321716616,27.492031103336732,0.4811534143,0.50259827672,0.4811534143,0.50259827672,0.742,0.658,50.2,0.7424868,0.6576207,50.2,23.4043,0.0,2.65,1.152,0.132,0.895,25.0
1789,1789,25_42,25_22,665.7217,26.8402,19.3473,0.0438,187.57,13.0,15.0,2440.0,1730.0,2440.3,1730.3995,2440.3,1730.3995,141.83832165700537,27.49181648811129,0.976,0.928,-68.4,0.05135,0.04528,-45.02,2440.3,1730.3995,141.83832165700537,27.49181648811129,0.428730989,0.47700940678,0.428730989,0.47700940678,0.708,0.636,59.82,0.7082955,0.6356554,59.82,23.4075,0.0,2.15,1.052,0.049,0.791,25.0
1790,1790,25_43,25_21,305.7283,20.58045,20.1922,0.0731,187.5053,7.0,9.0,2213.0,1726.0,2213.1625,1725.6828,2213.1625,1725.6828,141.91030897852897,27.494136085351062,0.865,0.677,67.82,0.07621,0.05529,69.41,2213.1625,1725.6828,141.91030897852897,27.494136085351062,0.3585472591,0.42420543792,0.3585472591,0.42420543792,0.654,0.596,77.05,0.6541206,0.5957172,77.05,23.3941,0.0,2.09,1.279,0.218,0.582,25.0
1791,1791,25_44,25_20,488.43,25.8046,19.6836,0.0574,188.2614,12.0,14.0,2164.0,1722.0,2163.7078,1722.4046,2163.7078,1722.4046,141.92597296499906,27.49526926648077,0.959,0.886,77.94,0.06053,0.05876,86.74,2163.7078,1722.4046,141.92597296499906,27.49526926648077,0.36248673014,0.41549379807,0.36248673014,0.41549379807,0.645,0.602,85.72,0.6448197,0.6018206,85.72,23.4399,0.0,2.44,1.083,0.077,0.869,25.0
1793,1793,25_46,25_18,604.5389,27.55322,19.452,0.0495,188.4112,11.0,16.0,2342.0,1686.0,2342.0836,1686.2338,2342.0836,1686.2338,141.86924123749606,27.504671417081763,1.014,0.928,68.68,0.05683,0.05237,61.59,2342.0836,1686.2338,141.86924123749606,27.504671417081763,0.42888619282,0.48855872582,0.42888619282,0.48855872582,0.701,0.653,77.51,0.7011684,0.6525395,77.51,23.4568,0.0,2.08,1.093,0.085,0.908,25.0
1797,1797,25_50,25_14,240.1178,19.24331,20.4545,0.087,188.2766,6.0,8.0,2057.0,1635.0,2056.9154,1635.1228,2056.9154,1635.1228,141.95942220373468,27.520266645033537,0.795,0.657,44.88,0.08405,0.0667,44.84,2056.9154,1635.1228,141.95942220373468,27.520266645033537,0.31459292224,0.35487139438,0.31459292224,0.35487139438,0.601,0.555,69.87,0.6009328,0.5552874,69.87,23.4482,0.0,1.74,1.21,0.173,0.627,25.0
1799,1799,25_52,25_12,819.7652,30.49882,19.1213,0.0404,187.2856,14.0,19.0,2281.0,1621.0,2280.7933,1621.1079,2280.7933,1621.1079,141.88835697956205,27.523254251336677,1.128,0.97,45.33,0.05187,0.04426,45.04,2280.7933,1621.1079,141.88835697956205,27.523254251336677,0.54958635729,0.55131846726,0.54958635729,0.55131846726,0.778,0.704,45.45,0.7778666,0.7041509,45.45,23.371,0.0,2.32,1.163,0.14,0.944,25.0
1800,1800,25_53,25_11,6000.127,54.04736,16.9602,0.0098,188.2736,42.0,47.0,2146.0,1610.0,2146.2138,1610.591,2146.2138,1610.591,141.9309860781451,27.526789723120647,1.413,1.249,74.14,0.01704,0.01535,76.68,2146.2138,1610.591,141.9309860781451,27.526789723120647,0.48307030277,0.54926100128,0.48307030277,0.54926100128,0.746,0.69,72.79,0.7458441,0.6899623,72.79,23.4412,0.0,2.14,1.131,0.116,0.982,25.0
1801,1801,25_54,25_10,227.5367,20.28647,20.5129,0.0968,188.2206,7.0,9.0,2246.0,1598.0,2246.1721,1598.6459,2246.1721,1598.6459,141.89922735251974,27.52972114634478,0.921,0.682,69.76,0.10106,0.07314,69.69,2246.1721,1598.6459,141.89922735251974,27.52972114634478,0.91376562093,1.0962272158,0.91376562093,1.0962272158,1.07,0.931,65.54,1.069512,0.9306649,65.54,23.4378,0.0,4.71,1.351,0.26,0.075,25.0
1802,1802,25_55,25_9,3665.897,46.37777,17.4951,0.0137,187.7769,30.0,38.0,2452.0,1577.0,2451.9734,1576.9139,2451.9734,1576.9139,141.83385212735735,27.534928292749527,1.326,1.184,78.8,0.02233,0.02037,80.94,2451.9734,1576.9139,141.83385212735735,27.534928292749527,0.47656479595,0.54543326793,0.47656479595,0.54543326793,0.743,0.685,73.42,0.7430562,0.6854674,73.42,23.4003,0.0,2.12,1.121,0.108,0.982,25.0
1803,1803,25_56,25_8,1228.747,36.66249,18.6819,0.0324,187.5817,26.0,28.0,2352.0,1569.0,2352.4883,1569.4484,2352.4883,1569.4484,141.865366350469,27.53746900160972,1.354,1.137,46.15,0.05202,0.04109,45.15,2352.4883,1569.4484,141.865366350469,27.53746900160972,0.78142731166,0.81775723305,0.78142731166,0.81775723305,0.922,0.865,55.47,0.9221867,0.865307,55.47,23.4084,0.0,2.65,1.191,0.16,0.258,25.0
1804,1804,25_57,25_7,1366.51,35.2207,18.5665,0.028,188.0558,20.0,25.0,2374.0,1550.0,2373.8916,1550.4997,2373.8916,1550.4997,141.8584844652798,27.542703504456373,1.195,1.071,72.55,0.03965,0.03445,78.05,2373.8916,1550.4997,141.8584844652798,27.542703504456373,0.48595807725,0.53998446606,0.48595807725,0.53998446606,0.738,0.694,74.06,0.7380933,0.6936575,74.06,23.4405,0.0,2.14,1.116,0.104,0.952,25.0
1805,1805,25_58,25_6,1581.42,36.65182,18.408,0.0252,187.712,19.0,25.0,2025.0,1539.0,2025.2867,1539.4807,2025.2867,1539.4807,141.96900555617216,27.547296606515708,1.2,1.049,88.97,0.0361,0.03018,-83.42,2025.2867,1539.4807,141.96900555617216,27.547296606515708,0.45386180959,0.47349455652,0.45386180959,0.47349455652,0.701,0.661,55.5,0.7007713,0.6605119,55.5,23.3897,0.0,2.2,1.144,0.126,0.979,25.0
1806,1806,25_59,25_5,2385.908,40.88673,17.9614,0.0186,187.8448,27.0,31.0,2233.0,1531.0,2232.9811,1531.6888,2232.9811,1531.6888,141.90308694611244,27.54860828730655,1.314,1.098,73.6,0.02998,0.02367,78.18,2232.9811,1531.6888,141.90308694611244,27.54860828730655,0.45412818184,0.52729628005,0.45412818184,0.52729628005,0.732,0.667,71.52,0.7324557,0.6670331,71.52,23.4087,0.0,2.1,1.197,0.165,0.979,25.0
1807,1807,25_60,25_4,847.6021,29.63227,19.0851,0.038,187.2619,16.0,18.0,2328.0,1529.0,2327.7336,1528.8279,2327.7336,1528.8279,141.8730180149076,27.54900108925018,1.115,0.932,87.87,0.05078,0.04016,-89.3,2327.7336,1528.8279,141.8730180149076,27.54900108925018,0.45333352151,0.50571808383,0.45333352151,0.50571808383,0.719,0.665,66.82,0.7193639,0.6645052,66.82,23.3885,0.0,2.26,1.196,0.164,0.947,25.0
1808,1808,25_61,25_61,949.0012,30.18016,18.9624,0.0345,187.9373,16.0,18.0,2249.0,2011.0,2249.4915,2011.6571,2249.4915,2011.6571,141.90017892509803,27.41355167948208,1.079,0.934,86.54,0.04365,0.03558,89.62,2249.4915,2011.6571,141.90017892509803,27.41355167948208,0.39343301517,0.44564130949,0.39343301517,0.44564130949,0.67,0.625,76.9,0.6698004,0.6248534,76.9,23.4064,16.0,2.11,1.154,0.134,0.997,25.0
1809,1809,25_62,25_2,255.5396,18.03958,20.3869,0.0767,187.565,6.0,7.0,2449.0,1524.0,2448.6544,1523.8851,2448.6544,1523.8851,141.83463931139875,27.54985581778632,0.73,0.638,79.97,0.07217,0.06598,84.99,2448.6544,1523.8851,141.83463931139875,27.54985581778632,0.32712752107,0.3628468487,0.32712752107,0.3628468487,0.603,0.572,84.27,0.6026694,0.5716327,84.27,23.3951,0.0,2.49,1.145,0.127,0.566,25.0
1810,1810,26_1,26_3,9973.73,62.10494,16.4084,0.0068,188.1319,47.0,56.0,2852.0,1519.0,2852.172,1519.2647,2852.172,1519.2647,141.70664361393068,27.5492846611632,1.452,1.285,70.7,0.01214,0.01109,65.1,2852.172,1519.2647,141.70664361393068,27.5492846611632,0.50974524021,0.58243305587,0.50974524021,0.58243305587,0.768,0.709,73.21,0.7679289,0.7088466,73.21,23.4321,0.0,2.24,1.13,0.115,0.983,26.0
1813,1813,26_4,26_70,551.2504,26.03505,19.5522,0.0513,187.8466,10.0,14.0,2588.0,2002.0,2588.1826,2002.3634,2588.1826,2002.3634,141.7928336466735,27.414665183403766,0.946,0.88,73.4,0.05386,0.05217,75.6,2588.1826,2002.3634,141.7928336466735,27.414665183403766,0.35252387335,0.41649102867,0.35252387335,0.41649102867,0.646,0.593,83.27,0.6460606,0.592976,83.27,23.4069,0.0,1.87,1.074,0.069,0.91,26.0
1814,1814,26_5,26_69,143.1088,16.00081,21.0164,0.1214,187.8303,4.0,6.0,3017.0,1989.0,3017.1686,1989.1515,3017.1686,1989.1515,141.65688855929747,27.41634964305259,0.739,0.571,47.24,0.10832,0.08025,45.15,3017.1686,1989.1515,141.65688855929747,27.41634964305259,0.50744935429,0.56750117701,0.50744935429,0.56750117701,0.753,0.712,-88.71,0.7533471,0.7123333,-88.71,23.4504,16.0,3.05,1.296,0.228,0.6,26.0
1816,1816,26_7,26_67,2788.716,41.95662,17.7921,0.0163,187.5391,27.0,33.0,2820.0,1983.0,2819.8338,1983.3241,2819.8338,1983.3241,141.71935562090607,27.418941956707336,1.27,1.176,58.05,0.02506,0.02322,31.92,2819.8338,1983.3241,141.71935562090607,27.418941956707336,0.50427516712,0.56494419047,0.50427516712,0.56494419047,0.76,0.701,67.04,0.7604085,0.7007127,67.04,23.4112,0.0,2.17,1.08,0.074,0.981,26.0
1817,1817,26_8,26_66,48207.42,109.288,14.6978,0.0025,187.5669,100.0,105.0,2829.0,1977.0,2829.2072,1977.8482,2829.2072,1977.8482,141.7163576188879,27.4204373424117,1.612,1.408,76.81,0.00522,0.00447,80.84,2829.2072,1977.8482,141.7163576188879,27.4204373424117,0.5059057156,0.59073171961,0.5059057156,0.59073171961,0.773,0.707,75.13,0.7727647,0.7067333,75.13,23.4106,0.0,2.4,1.145,0.127,0.984,26.0
1818,1818,26_9,26_65,180.4049,15.07521,20.765,0.0907,187.787,1.0,5.0,2776.0,1981.0,2775.9753,1980.9858,2775.9753,1980.9858,141.73323548146914,27.41980694431812,0.593,0.576,-89.02,0.06817,0.06801,80.77,2775.9753,1980.9858,141.73323548146914,27.41980694431812,0.084271224154,0.089518025122,0.084271224154,0.089518025122,0.299,0.29,-89.24,0.2991972,0.2902935,-89.24,23.4362,0.0,3.44,1.031,0.03,0.931,26.0
1819,1819,26_10,26_64,527.4994,26.83819,19.6,0.0553,187.8912,15.0,16.0,2879.0,1970.0,2878.7784,1970.4428,2878.7784,1970.4428,141.70061693721632,27.422283061304157,1.125,0.896,28.04,0.0711,0.05676,27.97,2878.7784,1970.4428,141.70061693721632,27.422283061304157,0.73348153726,0.59208454138,0.73348153726,0.59208454138,0.88,0.742,25.37,0.880058,0.7423369,25.37,23.425,0.0,2.85,1.256,0.204,0.763,26.0
1820,1820,26_11,26_63,665.9901,28.58249,19.3469,0.0466,187.9111,16.0,18.0,2967.0,1965.0,2967.2193,1965.4429,2967.2193,1965.4429,141.6725785453287,27.423261300052243,1.139,0.993,-0.08,0.06204,0.05078,0.01,2967.2193,1965.4429,141.6725785453287,27.423261300052243,0.89361923834,0.88069915855,0.89361923834,0.88069915855,0.946,0.938,13.8,0.9457531,0.9380136,13.8,23.4389,0.0,3.24,1.147,0.128,0.01,26.0
1821,1821,26_12,26_62,142.3344,14.87935,21.0223,0.1135,187.6934,5.0,5.0,2876.0,1963.0,2875.9869,1963.2201,2875.9869,1963.2201,141.70146253512098,27.42432758213873,0.791,0.493,58.59,0.12085,0.07468,56.11,2875.9869,1963.2201,141.70146253512098,27.42432758213873,0.3835130975,0.56956882141,0.3835130975,0.56956882141,0.765,0.606,74.42,0.7650149,0.6064933,74.42,23.4118,0.0,3.31,1.603,0.376,0.518,26.0
1822,1822,26_13,26_61,680.2557,27.53222,19.3239,0.044,187.9095,14.0,16.0,2705.0,1958.0,2705.5168,1958.2572,2705.5168,1958.2572,141.75543594550567,27.42652866943602,1.054,0.899,64.59,0.05455,0.04391,62.14,2705.5168,1958.2572,141.75543594550567,27.42652866943602,0.40715025544,0.47957630249,0.40715025544,0.47957630249,0.693,0.638,-88.99,0.6925308,0.6380656,-88.99,23.4337,0.0,2.29,1.173,0.147,0.911,26.0
1824,1824,26_15,26_59,198.2691,17.73231,20.6624,0.0971,188.319,7.0,7.0,2709.0,1942.0,2708.9983,1942.3319,2708.9983,1942.3319,141.7542500430504,27.430991040882347,0.73,0.66,1.64,0.08466,0.07839,0.11,2708.9983,1942.3319,141.7542500430504,27.430991040882347,0.62196076533,0.62259076709,0.62196076533,0.62259076709,0.797,0.781,45.73,0.7966949,0.7809154,45.73,23.4638,0.0,2.56,1.107,0.096,0.196,26.0
1825,1825,26_16,26_58,27038.19,88.3621,15.3256,0.0035,187.9744,79.0,87.0,2850.0,1935.0,2850.1433,1934.9641,2850.1433,1934.9641,141.70949808065993,27.432397286610616,1.566,1.38,75.01,0.00737,0.00642,71.8,2850.1433,1934.9641,141.70949808065993,27.432397286610616,0.51103253967,0.59407571828,0.51103253967,0.59407571828,0.773,0.712,77.88,0.7733608,0.7120543,77.88,23.4329,0.0,2.4,1.135,0.119,0.983,26.0
1827,1827,26_18,26_56,1258.934,32.54126,18.6556,0.0281,187.9622,17.0,21.0,2659.0,1936.0,2659.4103,1936.1387,2659.4103,1936.1387,141.76992792943727,27.43296271746535,1.154,0.975,71.26,0.03865,0.0302,72.76,2659.4103,1936.1387,141.76992792943727,27.43296271746535,0.45764954119,0.47619133483,0.45764954119,0.47619133483,0.699,0.667,57.69,0.6989612,0.6673036,57.69,23.4329,0.0,2.14,1.184,0.155,0.974,26.0
1828,1828,26_19,26_55,379.4423,23.54074,19.9577,0.0674,188.0661,8.0,12.0,2638.0,1932.0,2638.448,1932.5105,2638.448,1932.5105,141.77655052541857,27.43407970022328,0.892,0.857,21.71,0.06542,0.06514,12.99,2638.448,1932.5105,141.77655052541857,27.43407970022328,0.45173021051,0.42777610399,0.45173021051,0.42777610399,0.696,0.629,37.16,0.6957642,0.6288232,37.16,23.4352,0.0,2.43,1.042,0.04,0.679,26.0
1829,1829,26_20,26_54,30191.9,91.25307,15.2058,0.0033,188.0949,82.0,87.0,2822.0,1920.0,2821.6541,1920.1691,2821.6541,1920.1691,141.7184444062006,27.436693612091144,1.564,1.393,72.31,0.00653,0.00596,66.62,2821.6541,1920.1691,141.7184444062006,27.436693612091144,0.5227565843,0.58852355879,0.5227565843,0.58852355879,0.771,0.718,73.14,0.7714786,0.7184016,73.14,23.4429,0.0,2.47,1.122,0.109,0.989,26.0
1832,1832,26_23,26_51,814.4017,29.59203,19.1285,0.0395,187.8382,14.0,19.0,2981.0,1917.0,2980.7113,1916.9564,2980.7113,1916.9564,141.66804257433978,27.43683016608603,1.08,0.99,88.32,0.05,0.04455,89.36,2980.7113,1916.9564,141.66804257433978,27.43683016608603,0.50177438978,0.50237082033,0.50177438978,0.50237082033,0.711,0.706,-47.3,0.7111927,0.7059392,-47.3,23.4407,0.0,2.34,1.091,0.084,0.93,26.0
1833,1833,26_24,26_50,6399.78,54.15465,16.8902,0.0092,188.6889,41.0,48.0,2853.0,1908.0,2852.8171,1908.3946,2852.8171,1908.3946,141.70850966077364,27.439856245556932,1.405,1.252,76.01,0.01618,0.01428,84.45,2852.8171,1908.3946,141.70850966077364,27.439856245556932,0.4963513253,0.55522716766,0.4963513253,0.55522716766,0.752,0.697,68.86,0.7520455,0.6971414,68.86,23.4844,0.0,2.27,1.122,0.109,0.982,26.0
1834,1834,26_25,26_49,1097.564,32.22572,18.8045,0.0319,187.4974,17.0,22.0,2965.0,1901.0,2965.0253,1900.8622,2965.0253,1900.8622,141.67292403153002,27.44143258124776,1.142,1.04,60.44,0.0433,0.03892,49.75,2965.0253,1900.8622,141.67292403153002,27.44143258124776,0.47203900324,0.53030565624,0.47203900324,0.53030565624,0.732,0.683,74.39,0.7316024,0.6834491,74.39,23.4177,0.0,2.15,1.097,0.089,0.976,26.0
1835,1835,26_26,26_48,1732.984,37.29902,18.3086,0.0234,189.1111,22.0,28.0,2840.0,1898.0,2839.6294,1897.7681,2839.6294,1897.7681,141.71263099669778,27.442907538866308,1.217,1.132,68.36,0.03318,0.03134,59.05,2839.6294,1897.7681,141.71263099669778,27.442907538866308,0.48103007958,0.53011535953,0.48103007958,0.53011535953,0.73,0.692,77.55,0.7298153,0.6917478,77.55,23.5159,0.0,2.26,1.075,0.07,0.997,26.0
1836,1836,26_27,26_47,233.9499,18.78869,20.4828,0.0872,188.2578,8.0,8.0,2887.0,1890.0,2887.1682,1890.1561,2887.1682,1890.1561,141.6975300743445,27.444820415039363,0.798,0.67,-46.26,0.08652,0.0689,-44.99,2887.1682,1890.1561,141.6975300743445,27.444820415039363,0.40239193277,0.45757100397,0.40239193277,0.45757100397,0.682,0.628,-70.59,0.6821939,0.6281515,-70.59,23.4602,0.0,2.31,1.191,0.161,0.574,26.0
1837,1837,26_28,26_46,117.554,14.84594,21.23,0.1372,187.8968,5.0,5.0,2797.0,1886.0,2796.6162,1885.808,2796.6162,1885.808,141.72619489457446,27.44647528946572,0.748,0.451,72.15,0.1246,0.07216,71.58,2796.6162,1885.808,141.72619489457446,27.44647528946572,0.7274924615,0.8930900024,0.7274924615,0.8930900024,0.945,0.853,-87.71,0.9451743,0.8527766,-87.71,23.4248,0.0,3.41,1.66,0.397,0.009,26.0
1838,1838,26_29,26_45,690.1147,28.97425,19.3083,0.0456,188.2539,15.0,18.0,2631.0,1877.0,2630.7493,1876.9877,2630.7493,1876.9877,141.77870369823813,27.44972960885413,1.13,0.924,59.94,0.05891,0.04776,59.94,2630.7493,1876.9877,141.77870369823813,27.44972960885413,0.45839055665,0.53435586178,0.45839055665,0.53435586178,0.749,0.657,63.07,0.7488407,0.6572549,63.07,23.4573,0.0,2.15,1.223,0.182,0.922,26.0
1839,1839,26_30,26_44,295.5775,23.0406,20.2289,0.0847,188.2762,11.0,12.0,2701.0,1855.0,2700.9593,1855.3289,2700.9593,1855.3289,141.75634395622484,27.45549569199644,1.407,0.668,12.1,0.13765,0.06448,11.29,2700.9593,1855.3289,141.75634395622484,27.45549569199644,2.2953727005,1.2867053972,2.2953727005,1.2867053972,1.531,1.113,11.97,1.530641,1.113201,11.97,23.4606,0.0,5.78,2.107,0.525,0.0,26.0
1840,1840,26_31,26_43,157.7618,16.30012,20.9106,0.1122,187.4675,4.0,6.0,2836.0,1846.0,2836.1805,1845.7863,2836.1805,1845.7863,141.7134475903696,27.457541983724536,0.739,0.559,-47.64,0.10219,0.07556,-45.36,2836.1805,1845.7863,141.7134475903696,27.457541983724536,0.39829860386,0.48665017533,0.39829860386,0.48665017533,0.703,0.625,-73.9,0.7033341,0.6247159,-73.9,23.3991,0.0,2.42,1.322,0.243,0.503,26.0
1841,1841,26_32,26_42,532.9624,25.0025,19.5888,0.0509,187.9203,12.0,14.0,2973.0,1841.0,2973.6527,1841.4858,2973.6527,1841.4858,141.66986956300337,27.458087382823624,0.967,0.906,57.44,0.05565,0.05447,81.06,2973.6527,1841.4858,141.66986956300337,27.458087382823624,0.48424279993,0.50376572792,0.48424279993,0.50376572792,0.735,0.669,51.08,0.7350867,0.669071,51.08,23.4567,0.0,2.47,1.067,0.063,0.781,26.0
1842,1842,26_33,26_41,176.3021,17.65712,20.7899,0.1088,188.549,7.0,7.0,2802.0,1831.0,2802.3131,1830.9492,2802.3131,1830.9492,141.724100103792,27.461875445780443,0.739,0.67,-85.49,0.09138,0.08436,-88.74,2802.3131,1830.9492,141.724100103792,27.461875445780443,0.82588350485,0.80204454115,0.82588350485,0.80204454115,0.909,0.895,-7.15,0.9089907,0.8953568,-7.15,23.4675,0.0,3.44,1.102,0.093,0.229,26.0
1843,1843,26_34,26_40,408.9711,23.48714,19.8763,0.0624,188.4905,12.0,12.0,2799.0,1824.0,2798.9805,1823.5574,2798.9805,1823.5574,141.72511705795722,27.46396992403914,1.015,0.775,86.86,0.07004,0.05133,89.84,2798.9805,1823.5574,141.72511705795722,27.46396992403914,0.57657799806,0.67547593611,0.57657799806,0.67547593611,0.827,0.753,73.75,0.827442,0.7532554,73.75,23.4634,0.0,2.43,1.309,0.236,0.48,26.0
1844,1844,26_35,26_39,4263.339,48.41252,17.3312,0.0123,188.0285,37.0,41.0,2807.0,1812.0,2806.975,1811.919,2806.975,1811.919,141.72252228577187,27.467204880425054,1.343,1.248,74.89,0.01964,0.01928,76.6,2806.975,1811.919,141.72252228577187,27.467204880425054,0.49708771985,0.57765671392,0.49708771985,0.57765671392,0.762,0.703,78.93,0.7621453,0.7027652,78.93,23.4323,0.0,2.21,1.076,0.071,0.971,26.0
1846,1846,26_37,26_37,445.071,24.00329,19.7845,0.0586,188.1288,9.0,13.0,2928.0,1807.0,2928.3115,1807.3694,2928.3115,1807.3694,141.68405073452544,27.467901934337,0.972,0.831,51.04,0.06559,0.05588,45.11,2928.3115,1807.3694,141.68405073452544,27.467901934337,0.41393363557,0.45254166248,0.41393363557,0.45254166248,0.692,0.622,57.38,0.6923248,0.6222231,57.38,23.4614,0.0,2.21,1.17,0.145,0.885,26.0
1847,1847,26_38,26_36,375.5567,21.54035,19.9689,0.0623,187.6911,8.0,10.0,2830.0,1793.0,2829.9821,1793.1469,2829.9821,1793.1469,141.7151322730685,27.47237436612784,0.874,0.736,80.65,0.06419,0.05105,89.18,2829.9821,1793.1469,141.7151322730685,27.47237436612784,0.3409010305,0.38999545044,0.3409010305,0.38999545044,0.642,0.564,60.68,0.6423618,0.5641522,60.68,23.4097,0.0,2.0,1.188,0.158,0.77,26.0
1848,1848,26_39,26_35,223.6907,17.84601,20.5315,0.0866,188.4258,7.0,7.0,2675.0,1783.0,2674.6667,1783.056,2674.6667,1783.056,141.7643007358271,27.475942505917214,0.724,0.652,-80.57,0.07422,0.06854,-87.33,2674.6667,1783.056,141.7643007358271,27.475942505917214,0.4612702656,0.43995401214,0.4612702656,0.43995401214,0.699,0.642,-36.93,0.6992486,0.642087,-36.93,23.4692,0.0,1.84,1.111,0.1,0.523,26.0
1850,1850,26_41,26_33,328.7252,20.99381,20.1135,0.0694,188.2818,8.0,10.0,2950.0,1777.0,2949.977,1776.779,2949.977,1776.779,141.67702100213393,27.476398709598044,0.862,0.739,-89.41,0.07502,0.05973,89.96,2949.977,1776.779,141.67702100213393,27.476398709598044,0.33919052702,0.39661998845,0.33919052702,0.39661998845,0.63,0.582,88.32,0.6298169,0.5823584,88.32,23.4725,0.0,1.99,1.167,0.143,0.783,26.0
1851,1851,26_42,26_32,4872.509,49.07374,17.1862,0.0109,187.8322,36.0,39.0,2535.0,1757.0,2535.4666,1756.7881,2535.4666,1756.7881,141.808286736597,27.483967699178223,1.357,1.182,73.46,0.01791,0.01513,77.78,2535.4666,1756.7881,141.808286736597,27.483967699178223,0.49004513469,0.54203530312,0.49004513469,0.54203530312,0.742,0.693,68.79,0.7424662,0.693415,68.79,23.4066,0.0,2.26,1.148,0.129,1.0,26.0
1852,1852,26_43,26_31,1114.859,33.29308,18.7875,0.0324,187.9997,19.0,24.0,2976.0,1746.0,2975.746,1746.4712,2975.746,1746.4712,141.66869161613488,27.484795369463157,1.222,1.03,67.36,0.04805,0.03877,69.35,2975.746,1746.4712,141.66869161613488,27.484795369463157,0.48895999967,0.5400368243,0.48895999967,0.5400368243,0.746,0.688,64.06,0.7455656,0.6878436,64.06,23.4537,0.0,2.38,1.187,0.157,0.969,26.0
1856,1856,26_47,26_27,482.1982,24.73594,19.6975,0.0557,187.9733,9.0,13.0,2538.0,1702.0,2538.0848,1701.732,2538.0848,1701.732,141.80717726360442,27.499438944410368,1.031,0.803,45.03,0.06958,0.04983,44.28,2538.0848,1701.732,141.80717726360442,27.499438944410368,0.42814848591,0.45039618958,0.42814848591,0.45039618958,0.679,0.646,59.87,0.6794783,0.6456422,59.87,23.4352,0.0,2.98,1.283,0.221,0.887,26.0
1857,1857,26_48,26_26,17318.55,75.77379,15.8093,0.0048,188.1736,65.0,74.0,2917.0,1674.0,2916.9357,1674.1896,2916.9357,1674.1896,141.68693977053093,27.50540759876821,1.544,1.373,79.8,0.00939,0.00849,85.53,2916.9357,1674.1896,141.68693977053093,27.50540759876821,0.5271727678,0.59586622892,0.5271727678,0.59586622892,0.778,0.719,70.7,0.7781178,0.7194245,70.7,23.4452,3.0,2.24,1.125,0.111,0.983,26.0
1858,1858,26_49,26_26,6514.644,54.40633,16.8708,0.0091,188.1539,44.0,48.0,2921.0,1667.0,2920.9303,1667.162,2920.9303,1667.162,141.68563590064818,27.507364365767163,1.468,1.258,72.83,0.01651,0.01351,66.39,2920.9303,1667.162,141.68563590064818,27.507364365767163,0.52404187547,0.58699758219,0.52404187547,0.58699758219,0.771,0.718,71.5,0.7713198,0.7184047,71.5,23.444,3.0,2.14,1.166,0.143,0.981,26.0
1859,1859,26_50,26_25,703.3046,26.85596,19.2877,0.0415,187.8445,14.0,15.0,2758.0,1670.0,2758.3381,1670.4447,2758.3381,1670.4447,141.73719211271933,27.50721914323178,1.017,0.899,48.52,0.04843,0.04203,46.89,2758.3381,1670.4447,141.73719211271933,27.50721914323178,0.45586210556,0.4648270761,0.45586210556,0.4648270761,0.704,0.652,48.64,0.7041039,0.6518642,48.64,23.4229,0.0,2.07,1.132,0.116,0.936,26.0
1860,1860,26_51,26_24,2596.477,41.76076,17.8696,0.0175,187.8908,29.0,33.0,2848.0,1657.0,2848.4935,1656.7998,2848.4935,1656.7998,141.7085411249968,27.510627637559622,1.305,1.139,63.25,0.02825,0.02318,62.83,2848.4935,1656.7998,141.7085411249968,27.510627637559622,0.4865382079,0.52683424565,0.4865382079,0.52683424565,0.729,0.694,71.41,0.7293676,0.6938266,71.41,23.4216,0.0,2.26,1.146,0.127,0.999,26.0
1861,1861,26_52,26_23,848.2292,33.07799,19.0843,0.0424,188.4859,22.0,24.0,2902.0,1628.0,2902.445,1628.1972,2902.445,1628.1972,141.69128624190196,27.51841081923695,1.337,1.09,43.81,0.06373,0.05164,42.21,2902.445,1628.1972,141.69128624190196,27.51841081923695,1.0051386228,1.0027626512,1.0051386228,1.0027626512,1.063,0.937,44.73,1.063142,0.9368192,44.73,23.4642,0.0,3.23,1.227,0.185,0.203,26.0
1862,1862,26_53,26_22,367.0149,22.37028,19.9939,0.0662,188.2199,8.0,11.0,2799.0,1628.0,2799.1563,1627.696,2799.1563,1627.696,141.72402718813103,27.51904716805685,0.959,0.734,-77.86,0.07682,0.05483,-75.42,2799.1563,1627.696,141.72402718813103,27.51904716805685,0.47308874074,0.53482168295,0.47308874074,0.53482168295,0.735,0.684,-74.19,0.7349854,0.683891,-74.19,23.4494,0.0,2.61,1.306,0.234,0.529,26.0
1863,1863,26_54,26_21,370.0114,24.19811,19.985,0.071,188.348,10.0,13.0,2755.0,1627.0,2755.3548,1627.2752,2755.3548,1627.2752,141.73791140965466,27.5193728189691,1.001,0.834,51.11,0.07944,0.06743,46.41,2755.3548,1627.2752,141.73791140965466,27.5193728189691,0.4899053769,0.57670369579,0.4899053769,0.57670369579,0.792,0.663,58.87,0.7915597,0.6633568,58.87,23.4599,0.0,2.74,1.201,0.167,0.466,26.0
1864,1864,26_55,26_20,2983.178,42.56144,17.7189,0.0155,188.2343,27.0,33.0,2769.0,1623.0,2769.0058,1623.3074,2769.0058,1623.3074,141.73356271323024,27.520424149775412,1.288,1.164,70.76,0.02354,0.02178,59.25,2769.0058,1623.3074,141.73356271323024,27.520424149775412,0.49566253244,0.56959093464,0.49566253244,0.56959093464,0.759,0.699,73.8,0.7592129,0.6991775,73.8,23.4521,0.0,2.15,1.106,0.096,0.974,26.0
1865,1865,26_56,26_19,343.6566,22.94904,20.0653,0.0725,188.1554,11.0,12.0,2963.0,1623.0,2962.9173,1623.1162,2962.9173,1623.1162,141.67208991936022,27.519545156752976,1.154,0.708,68.89,0.1025,0.06035,69.87,2962.9173,1623.1162,141.67208991936022,27.519545156752976,0.60405256824,0.84233891826,0.60405256824,0.84233891826,0.938,0.753,69.78,0.937956,0.7527483,69.78,23.4521,0.0,4.38,1.631,0.387,0.01,26.0
1866,1866,26_57,26_18,244.7065,19.08675,20.434,0.0847,188.0025,7.0,8.0,2719.0,1620.0,2718.9785,1620.4402,2718.9785,1620.4402,141.74940854488486,27.52146582820317,0.786,0.687,-85.5,0.07969,0.06533,89.97,2718.9785,1620.4402,141.74940854488486,27.52146582820317,0.33477490406,0.40312853818,0.33477490406,0.40312853818,0.653,0.558,-63.16,0.6531945,0.5578892,-63.16,23.4379,0.0,1.76,1.145,0.126,0.503,26.0
1867,1867,26_58,26_17,4473.755,49.18851,17.2789,0.0119,188.7324,38.0,42.0,2750.0,1614.0,2750.0313,1613.9359,2750.0313,1613.9359,141.7395292587534,27.523149007802967,1.357,1.235,69.16,0.01952,0.01832,53.14,2750.0313,1613.9359,141.7395292587534,27.523149007802967,0.48813483997,0.5688277841,0.48813483997,0.5688277841,0.758,0.694,75.24,0.7581869,0.6943452,75.24,23.4889,0.0,2.17,1.099,0.09,0.978,26.0
1868,1868,26_59,26_16,1387.638,34.5601,18.5499,0.027,188.0274,18.0,25.0,2986.0,1612.0,2986.1142,1612.6513,2986.1142,1612.6513,141.66468030864195,27.522373980791738,1.198,1.074,68.5,0.03828,0.03394,67.81,2986.1142,1612.6513,141.66468030864195,27.522373980791738,0.49804915089,0.5540035651,0.49804915089,0.5540035651,0.752,0.697,67.5,0.7520588,0.697467,67.5,23.4522,0.0,2.16,1.115,0.103,0.986,26.0
1869,1869,26_60,26_15,603.2338,28.56527,19.4544,0.0514,188.4016,15.0,18.0,2904.0,1605.0,2904.1768,1604.4842,2904.1768,1604.4842,141.69061018331504,27.525070453619183,1.135,1.012,34.23,0.06546,0.05716,31.16,2904.1768,1604.4842,141.69061018331504,27.525070453619183,0.91496454295,0.91311274526,0.91496454295,0.91311274526,0.984,0.927,44.51,0.9841188,0.9271395,44.51,23.4569,0.0,3.17,1.121,0.108,0.03,26.0
1870,1870,26_61,26_14,5265.221,52.07343,17.102,0.0107,187.6629,40.0,46.0,2668.0,1601.0,2668.0429,1601.7918,2668.0429,1601.7918,141.7654614918052,27.526947502814764,1.412,1.272,84.32,0.01872,0.01701,-84.97,2668.0429,1601.7918,141.7654614918052,27.526947502814764,0.4998721122,0.57827196129,0.4998721122,0.57827196129,0.763,0.704,77.24,0.7632229,0.7040134,77.24,23.42,0.0,2.31,1.11,0.099,0.981,26.0
1871,1871,26_62,26_13,1084.825,33.72183,18.8172,0.0338,188.198,22.0,24.0,2853.0,1602.0,2852.4029,1602.5808,2852.4029,1602.5808,141.70701346604605,27.52585533305406,1.305,1.057,-65.03,0.05158,0.04067,-61.59,2852.4029,1602.5808,141.70701346604605,27.52585533305406,0.68848668315,0.7898164668,0.68848668315,0.7898164668,0.898,0.819,-69.12,0.898376,0.8192824,-69.12,23.4412,0.0,2.95,1.234,0.19,0.438,26.0
1872,1872,26_63,26_12,268.4371,19.12803,20.3335,0.0774,188.0447,6.0,8.0,2751.0,1595.0,2750.9258,1595.1637,2750.9258,1595.1637,141.73914728384153,27.52842364557486,0.798,0.661,40.5,0.07408,0.05868,44.58,2750.9258,1595.1637,141.73914728384153,27.52842364557486,0.45458525731,0.39969810747,0.45458525731,0.39969810747,0.682,0.624,22.0,0.6821221,0.6236929,22.0,23.442,0.0,1.84,1.207,0.172,0.633,26.0
1873,1873,26_64,26_11,684.5559,31.50147,19.3171,0.05,188.5814,20.0,22.0,2857.0,1589.0,2856.7614,1588.8024,2856.7614,1588.8024,141.70555836248178,27.529708875337647,1.24,1.154,-29.61,0.06601,0.06174,-34.36,2856.7614,1588.8024,141.70555836248178,27.529708875337647,1.3328980608,1.2280929881,1.3328980608,1.2280929881,1.159,1.103,-17.13,1.159266,1.103219,-17.13,23.4665,0.0,3.62,1.074,0.069,0.008,26.0
1874,1874,26_65,26_10,162.0591,16.32725,20.8814,0.1094,188.0308,6.0,6.0,2812.0,1584.0,2811.7804,1584.1957,2811.7804,1584.1957,141.71979503841158,27.53121949257489,0.751,0.561,-45.12,0.10275,0.07578,-44.82,2811.7804,1584.1957,141.71979503841158,27.53121949257489,0.63641269885,0.64873376614,0.63641269885,0.64873376614,0.809,0.795,-61.77,0.8085321,0.7946209,-61.77,23.4369,0.0,2.83,1.339,0.253,0.545,26.0
1875,1875,26_66,26_9,5093.643,51.74214,17.138,0.011,187.8051,37.0,46.0,2710.0,1567.0,2710.1053,1567.4071,2710.1053,1567.4071,141.75194558265872,27.53642067272971,1.41,1.243,74.68,0.01935,0.01672,73.63,2710.1053,1567.4071,141.75194558265872,27.53642067272971,0.50030163247,0.57296143915,0.50030163247,0.57296143915,0.761,0.703,74.45,0.7609614,0.7029942,74.45,23.4274,0.0,2.14,1.134,0.118,0.977,26.0
1876,1876,26_67,26_8,209.9285,17.73774,20.6004,0.0918,188.4416,5.0,7.0,2866.0,1569.0,2866.4354,1569.2139,2866.4354,1569.2139,141.70238694521456,27.53517058902847,0.815,0.606,13.33,0.09667,0.06715,11.22,2866.4354,1569.2139,141.70238694521456,27.53517058902847,0.4778262285,0.41619858373,0.4778262285,0.41619858373,0.694,0.642,13.86,0.6941316,0.6420329,13.86,23.4538,0.0,1.85,1.344,0.256,0.529,26.0
1877,1877,26_68,26_7,119937.7,158.374,13.7082,0.0014,187.8776,129.0,143.0,2906.0,1560.0,2906.0246,1560.0699,2906.0246,1560.0699,141.68978634866218,27.53755056163641,1.658,1.445,73.82,0.003,0.00262,74.35,2906.0246,1560.0699,141.68978634866218,27.53755056163641,0.53141351874,0.61235776333,0.53141351874,0.61235776333,0.787,0.724,74.19,0.7870308,0.7241228,74.19,23.4151,0.0,2.38,1.147,0.129,0.995,26.0
1878,1878,26_69,26_6,875.0498,36.7612,19.0505,0.0456,188.3502,27.0,30.0,2692.0,1563.0,2692.1863,1562.5219,2692.1863,1562.5219,141.75760225534498,27.537878157294625,1.48,1.323,-15.65,0.0711,0.06295,-20.27,2692.1863,1562.5219,141.75760225534498,27.537878157294625,1.9653083377,1.7688378669,1.9653083377,1.7688378669,1.402,1.33,0.53,1.401901,1.32997,0.53,23.4644,0.0,4.7,1.119,0.106,0.0,26.0
1879,1879,26_70,26_5,920.179,32.8424,18.9959,0.0388,187.6745,19.0,24.0,2568.0,1550.0,2567.9764,1550.0146,2567.9764,1550.0146,141.79692735818588,27.541968594888544,1.342,1.044,55.81,0.05879,0.04558,54.88,2567.9764,1550.0146,141.79692735818588,27.541968594888544,0.75110469362,0.86043806126,0.75110469362,0.86043806126,0.959,0.832,59.31,0.9591178,0.8316464,59.31,23.4518,0.0,3.04,1.285,0.222,0.135,26.0
1880,1880,26_71,26_4,600.4258,25.69054,19.4594,0.0465,188.222,12.0,14.0,2699.0,1527.0,2698.8305,1527.4074,2698.8305,1527.4074,141.75531282220197,27.547721518465263,0.961,0.888,-82.43,0.05049,0.04914,-78.07,2698.8305,1527.4074,141.75531282220197,27.547721518465263,0.41020017181,0.50506341352,0.41020017181,0.50506341352,0.712,0.639,-81.24,0.7122991,0.6386655,-81.24,23.4546,0.0,2.37,1.082,0.076,0.907,26.0
1881,1881,26_72,26_72,724.3354,28.32565,19.2557,0.0425,187.8455,12.0,16.0,2625.0,2012.0,2624.7095,2011.7542,2624.7095,2011.7542,141.7813110290689,27.41185717812345,1.008,0.921,-86.0,0.04898,0.04259,-75.66,2624.7095,2011.7542,141.7813110290689,27.41185717812345,0.41645227436,0.4424833093,0.41645227436,0.4424833093,0.666,0.644,76.78,0.6663355,0.6441526,76.78,23.3974,16.0,2.01,1.094,0.086,0.959,26.0
1882,1882,26_73,26_71,463.4761,23.49043,19.7405,0.055,187.9565,10.0,12.0,2832.0,2005.0,2832.1042,2005.0974,2832.1042,2005.0974,141.71558460784422,27.41276058947751,1.028,0.724,78.57,0.07117,0.04379,80.56,2832.1042,2005.0974,141.71558460784422,27.41276058947751,0.4101577777,0.47360497055,0.4101577777,0.47360497055,0.698,0.63,67.26,0.6979474,0.6297874,67.26,23.4375,0.0,2.11,1.42,0.296,0.843,26.0
1896,1896,27_14,27_64,136.367,16.15286,21.0688,0.1286,187.8111,5.0,6.0,3037.0,1957.0,3036.9657,1957.4897,3036.9657,1957.4897,141.6504462715761,27.425155503269597,0.798,0.5,-0.95,0.11674,0.07155,-0.02,3036.9657,1957.4897,141.6504462715761,27.425155503269597,1.2570081268,1.2537904785,1.2570081268,1.2537904785,1.128,1.113,42.1,1.127537,1.11331,42.1,23.4163,0.0,2.64,1.597,0.374,0.233,27.0
1912,1912,27_30,27_48,7783.338,81.84604,16.6777,0.0114,188.4242,127.0,138.0,3054.0,1860.0,3053.8848,1860.071,3053.8848,1860.071,141.64455437313268,27.45246598167161,2.885,2.399,-23.15,0.03745,0.03167,-23.71,3053.8848,1860.071,141.64455437313268,27.45246598167161,4.0385876114,3.6212255962,4.0385876114,3.6212255962,2.043,1.867,-26.23,2.04263,1.867479,-26.23,23.4427,16.0,6.6,1.202,0.168,0.014,27.0
1925,1925,27_43,27_35,4555.485,49.18021,17.2592,0.0117,188.2597,39.0,41.0,3037.0,1770.0,3037.579,1770.6187,3037.579,1770.6187,141.6492305888912,27.47770055938146,1.397,1.239,82.31,0.01963,0.01744,83.64,3037.579,1770.6187,141.6492305888912,27.47770055938146,0.51421042455,0.59079797458,0.51421042455,0.59079797458,0.772,0.713,75.78,0.7720464,0.7134092,75.78,23.4091,0.0,2.36,1.128,0.113,0.974,27.0
1928,1928,27_46,27_32,3868.466,53.91232,17.4367,0.0151,188.5743,48.0,56.0,3065.0,1733.0,3065.1245,1733.6815,3065.1245,1733.6815,141.64030055577234,27.487950238682696,1.648,1.515,76.12,0.02957,0.02744,78.98,3065.1245,1733.6815,141.64030055577234,27.487950238682696,0.90905775163,0.98561545129,0.90905775163,0.98561545129,0.998,0.948,70.5,0.9982946,0.9476714,70.5,23.4249,16.0,2.8,1.088,0.081,0.085,27.0
1929,1929,27_47,27_31,155.7684,16.37333,20.9244,0.1142,189.6734,4.0,6.0,3035.0,1724.0,3035.135,1724.1904,3035.135,1724.1904,141.6497512990721,27.490768060598,0.743,0.565,40.72,0.10165,0.07541,44.68,3035.135,1724.1904,141.6497512990721,27.490768060598,0.50625192984,0.45393141721,0.50625192984,0.45393141721,0.723,0.661,26.24,0.7232128,0.6611706,26.24,23.5184,0.0,3.75,1.313,0.239,0.531,27.0
1955,1955,27_73,27_6,144.7069,14.90434,21.0043,0.1119,188.2371,5.0,5.0,3067.0,1536.0,3066.7783,1535.965,3066.7783,1535.965,141.63869199474405,27.543537151494867,0.793,0.498,-36.42,0.12492,0.07739,-34.26,3066.7783,1535.965,141.63869199474405,27.543537151494867,0.43744396559,0.48312781566,0.43744396559,0.48312781566,0.743,0.607,-52.16,0.7433611,0.6066186,-52.16,23.4375,16.0,3.71,1.593,0.372,0.554,27.0
1956,1956,27_74,27_5,253.5936,18.94835,20.3952,0.0811,189.0979,8.0,8.0,3053.0,1528.0,3052.9342,1528.1665,3052.9342,1528.1665,141.643038081778,27.54579904556951,0.821,0.656,41.94,0.082,0.06469,44.6,3052.9342,1528.1665,141.643038081778,27.54579904556951,0.54248146777,0.49748580747,0.54248146777,0.49748580747,0.77,0.669,35.97,0.7697592,0.6689081,35.97,23.5001,0.0,2.8,1.253,0.202,0.186,27.0
1960,1960,28_1,28_3,80304.89,136.3923,14.1437,0.0018,187.3969,117.0,125.0,27.0,2021.0,26.8009,2020.8796,26.8009,2020.8796,142.60452175033234,27.418789518075112,1.662,1.441,73.89,0.00406,0.00343,75.15,26.8009,2020.8796,142.60452175033234,27.418789518075112,0.50515411027,0.58375176486,0.50515411027,0.58375176486,0.767,0.707,76.15,0.7673592,0.7071533,76.15,23.3709,0.0,2.47,1.153,0.133,0.983,28.0
1963,1963,28_4,28_67,346318.0,257.8187,12.5569,0.0008,188.7083,202.0,222.0,261.0,2495.0,261.0685,2495.3353,261.0685,2495.3353,142.53182223649708,27.284688136431463,1.709,1.505,74.64,0.00174,0.00157,72.46,261.0685,2495.3353,142.53182223649708,27.284688136431463,0.51418915673,0.59974221226,0.51418915673,0.59974221226,0.777,0.715,78.7,0.7767256,0.7145829,78.7,23.3391,4.0,4.03,1.136,0.119,0.998,28.0
1964,1964,28_5,28_66,39024.61,105.1271,14.9272,0.0029,188.6754,92.0,103.0,101.0,2486.0,100.6843,2486.4188,100.6843,2486.4188,142.58256714024412,27.28764452154008,1.622,1.426,76.34,0.00637,0.00561,75.32,100.6843,2486.4188,142.58256714024412,27.28764452154008,0.5026392591,0.5696052563,0.5026392591,0.5696052563,0.757,0.707,78.52,0.7566285,0.7069355,78.52,23.3831,0.0,2.41,1.138,0.121,0.983,28.0
1965,1965,28_6,28_65,968.9658,30.99397,18.9398,0.0347,188.6755,15.0,17.0,338.0,2488.0,337.6511,2488.5452,337.6511,2488.5452,142.50755771015702,27.28637592609561,1.038,0.941,75.81,0.04212,0.03721,80.02,337.6511,2488.5452,142.50755771015702,27.28637592609561,0.42713529541,0.45348341256,0.42713529541,0.45348341256,0.675,0.652,73.78,0.6752187,0.6516889,73.78,23.3427,0.0,2.08,1.103,0.093,0.975,28.0
1966,1966,28_7,28_64,523.7664,26.07688,19.6077,0.0541,188.1382,11.0,13.0,500.0,2454.0,499.758,2453.7256,499.758,2453.7256,142.4561252659208,27.295683401460696,0.956,0.845,44.47,0.06168,0.05209,44.34,499.758,2453.7256,142.4561252659208,27.295683401460696,0.4477487137,0.48028697795,0.4477487137,0.48028697795,0.693,0.669,83.02,0.6933845,0.6687703,83.02,23.3606,0.0,2.31,1.131,0.116,0.843,28.0
1967,1967,28_8,28_63,3216.286,45.74816,17.6372,0.0154,188.1654,31.0,34.0,426.0,2451.0,426.4455,2451.2427,426.4455,2451.2427,142.47932408074973,27.296604617142457,1.299,1.154,81.79,0.02439,0.02128,87.54,426.4455,2451.2427,142.47932408074973,27.296604617142457,0.45947724845,0.51661017226,0.45947724845,0.51661017226,0.723,0.674,73.43,0.7226055,0.6737423,73.43,23.3499,0.0,2.14,1.125,0.111,0.979,28.0
1968,1968,28_9,28_62,1763.201,38.20284,18.2898,0.0235,187.9254,21.0,25.0,216.0,2450.0,215.6926,2450.6038,215.6926,2450.6038,142.5460416625092,27.29739957595529,1.198,1.036,84.2,0.03361,0.02835,82.8,215.6926,2450.6038,142.5460416625092,27.29739957595529,0.42729308277,0.49351078255,0.42729308277,0.49351078255,0.703,0.653,84.84,0.7028899,0.6532608,84.84,23.3158,0.0,2.12,1.157,0.135,0.982,28.0
1969,1969,28_10,28_61,225.1331,20.15998,20.5245,0.0972,187.8347,6.0,8.0,81.0,2447.0,81.1274,2447.1078,81.1274,2447.1078,142.58863591406745,27.29875512337878,0.811,0.66,-49.25,0.09404,0.0745,-45.28,81.1274,2447.1078,142.58863591406745,27.29875512337878,0.38257226829,0.52797493583,0.38257226829,0.52797493583,0.729,0.616,-82.2,0.7285305,0.6162714,-82.2,23.3419,0.0,2.42,1.229,0.186,0.462,28.0
1970,1970,28_11,28_60,16752.34,77.81443,15.8454,0.005,188.4803,62.0,71.0,355.0,2440.0,354.9924,2440.159,354.9924,2440.159,142.50190656379368,27.299935140286923,1.525,1.333,75.19,0.01013,0.00867,76.9,354.9924,2440.159,142.50190656379368,27.299935140286923,0.49026586157,0.57310909109,0.49026586157,0.57310909109,0.76,0.697,77.59,0.7598164,0.6971757,77.59,23.3528,0.0,2.22,1.144,0.126,0.983,28.0
1971,1971,28_12,28_59,325.0746,23.78816,20.1256,0.0795,188.0492,9.0,11.0,279.0,2416.0,278.9189,2416.365,278.9189,2416.365,142.52591222291153,27.30684982991273,0.993,0.742,-73.43,0.0946,0.06704,-74.84,278.9189,2416.365,142.52591222291153,27.30684982991273,0.72202454876,0.78598801996,0.72202454876,0.78598801996,0.893,0.843,-68.35,0.8932841,0.8426482,-68.35,23.3332,0.0,3.97,1.337,0.252,0.077,28.0
1972,1972,28_13,28_58,1314.808,35.16081,18.6084,0.029,187.9919,17.0,22.0,204.0,2405.0,204.5746,2405.2456,204.5746,2405.2456,142.54941524082452,27.310189436285448,1.191,0.981,-89.84,0.04237,0.03194,-85.97,204.5746,2405.2456,142.54941524082452,27.310189436285448,0.45226931787,0.49959508471,0.45226931787,0.49959508471,0.713,0.666,68.62,0.7128539,0.6661109,68.62,23.3391,0.0,2.28,1.214,0.176,0.97,28.0
1973,1973,28_14,28_57,1112.732,33.99553,18.7896,0.0332,188.2545,16.0,21.0,281.0,2386.0,280.9214,2385.8542,280.9214,2385.8542,142.52517785559098,27.31542619681446,1.09,1.027,66.23,0.04064,0.04008,63.75,280.9214,2385.8542,142.52517785559098,27.31542619681446,0.45908264559,0.50269515786,0.45908264559,0.50269515786,0.718,0.668,64.81,0.7176915,0.6683537,64.81,23.3562,0.0,2.11,1.061,0.058,0.96,28.0
1974,1974,28_15,28_56,1045.506,37.78609,18.8573,0.0392,188.8428,24.0,27.0,161.0,2374.0,160.7197,2373.7308,160.7197,2373.7308,142.5632009008857,27.319176668923504,1.418,1.135,-85.11,0.06204,0.047,-83.23,160.7197,2373.7308,142.5632009008857,27.319176668923504,1.0517181879,1.2430240953,1.0517181879,1.2430240953,1.115,1.025,86.07,1.115316,1.025092,86.07,23.4018,0.0,3.37,1.249,0.199,0.383,28.0
1975,1975,28_16,28_55,543.1199,27.10736,19.5683,0.0542,187.9468,12.0,14.0,309.0,2359.0,308.6579,2359.475,308.6579,2359.475,142.5163081642462,27.32276581851769,0.942,0.909,-84.27,0.05778,0.05657,89.23,308.6579,2359.475,142.5163081642462,27.32276581851769,0.44756710245,0.47861953253,0.44756710245,0.47861953253,0.694,0.667,-74.69,0.693638,0.667123,-74.69,23.3457,0.0,2.11,1.036,0.035,0.764,28.0
1976,1976,28_17,28_54,834.1736,31.16911,19.1024,0.0406,187.6766,12.0,18.0,442.0,2358.0,441.7119,2358.1918,441.7119,2358.1918,142.4741734063236,27.32273210781112,1.081,0.942,58.02,0.05209,0.04249,58.42,441.7119,2358.1918,142.4741734063236,27.32273210781112,0.45505641318,0.47350860311,0.45505641318,0.47350860311,0.695,0.667,59.31,0.6953688,0.6671036,59.31,23.3351,0.0,2.12,1.148,0.129,0.969,28.0
1977,1977,28_18,28_53,980.1874,31.61911,18.9273,0.035,187.2474,16.0,18.0,119.0,2349.0,119.026,2349.5627,119.026,2349.5627,142.57632795313606,27.32608971895569,1.05,0.974,45.2,0.04437,0.0392,28.86,119.026,2349.5627,142.57632795313606,27.32608971895569,0.44969826065,0.52615406288,0.44969826065,0.52615406288,0.729,0.667,75.93,0.728891,0.666761,75.93,23.3005,0.0,2.14,1.078,0.072,0.961,28.0
1978,1978,28_19,28_52,2736.688,36.53865,17.8125,0.0145,187.9443,19.0,20.0,511.0,2336.0,510.3654,2336.6417,510.3654,2336.6417,142.452361001535,27.328584328049697,1.339,0.712,-87.47,0.02813,0.01467,-87.08,510.3654,2336.6417,142.452361001535,27.328584328049697,0.18065567258,0.43668113775,0.18065567258,0.43668113775,0.661,0.424,-87.29,0.6612548,0.4243571,-87.29,23.375,24.0,2.8,1.879,0.468,0.999,28.0
1979,1979,28_20,28_51,8165.321,61.09569,16.6256,0.0081,188.0756,46.0,52.0,407.0,2333.0,406.7733,2333.7457,406.7733,2333.7457,142.4851532603316,27.329713401693848,1.444,1.263,80.03,0.01512,0.01272,89.15,406.7733,2333.7457,142.4851532603316,27.329713401693848,0.47622396351,0.54572734968,0.47622396351,0.54572734968,0.741,0.687,76.86,0.7414411,0.68718,76.86,23.3592,0.0,2.24,1.144,0.126,0.992,28.0
1980,1980,28_21,28_50,2359.672,47.11569,17.9734,0.0217,188.09,35.0,40.0,340.0,2335.0,339.695,2334.7256,339.695,2334.7256,142.50639766995988,27.32963663873326,1.499,1.356,-56.6,0.03773,0.03371,-53.1,339.695,2334.7256,142.50639766995988,27.32963663873326,0.95922497525,0.98559547667,0.95922497525,0.98559547667,0.994,0.978,-71.75,0.9943902,0.9777569,-71.75,23.3576,0.0,2.97,1.105,0.095,0.038,28.0
1981,1981,28_22,28_49,992.9188,33.7503,18.9133,0.0369,188.0791,15.0,21.0,89.0,2336.0,88.935,2335.9872,88.935,2335.9872,142.585815348745,27.32999025426835,1.084,1.05,72.15,0.04436,0.04424,61.14,88.935,2335.9872,142.585815348745,27.32999025426835,0.45879774103,0.50202114601,0.45879774103,0.50202114601,0.71,0.676,79.91,0.7095316,0.6763015,79.91,23.3515,0.0,1.83,1.033,0.032,0.964,28.0
1982,1982,28_23,28_48,10044.68,67.03555,16.4007,0.0072,188.0396,56.0,62.0,397.0,2325.0,397.3746,2325.5897,397.3746,2325.5897,142.48810182406478,27.33203561768997,1.512,1.319,75.87,0.0144,0.01238,73.61,397.3746,2325.5897,142.48810182406478,27.33203561768997,0.48358725101,0.54390894012,0.48358725101,0.54390894012,0.741,0.692,74.03,0.741143,0.6915224,74.03,23.3566,0.0,2.24,1.146,0.127,0.984,28.0
1983,1983,28_24,28_47,409.1855,23.98086,19.8758,0.0636,188.1044,9.0,11.0,309.0,2316.0,308.7096,2316.0132,308.7096,2316.0132,142.51614779807898,27.33499063621882,0.948,0.749,-14.5,0.07179,0.05114,-15.5,308.7096,2316.0132,142.51614779807898,27.33499063621882,0.4590976683,0.47527734339,0.4590976683,0.47527734339,0.689,0.678,-86.13,0.6894575,0.6775126,-86.13,23.3602,0.0,2.25,1.264,0.209,0.794,28.0
1985,1985,28_26,28_45,144.813,15.81225,21.0036,0.1186,188.0133,5.0,5.0,457.0,2303.0,457.1627,2303.3805,457.1627,2303.3805,142.46909310379343,27.33810265784293,0.733,0.448,18.75,0.11786,0.06821,18.49,457.1627,2303.3805,142.46909310379343,27.33810265784293,0.47956733775,0.51263763923,0.47956733775,0.51263763923,0.725,0.683,62.22,0.7248001,0.6832787,62.22,23.3699,0.0,2.34,1.637,0.389,0.517,28.0
1986,1986,28_27,28_44,3746.698,47.59123,17.4715,0.0138,187.4664,30.0,36.0,332.0,2296.0,331.7046,2295.8676,331.7046,2295.8676,142.50879849032734,27.34059005984356,1.288,1.177,67.74,0.0217,0.02019,57.73,331.7046,2295.8676,142.50879849032734,27.34059005984356,0.4586974511,0.52596712534,0.4586974511,0.52596712534,0.728,0.674,76.57,0.7280365,0.6742607,76.57,23.3207,0.0,2.13,1.094,0.086,1.0,28.0
1987,1987,28_28,28_43,229.5873,19.05398,20.5032,0.0901,188.2697,7.0,7.0,249.0,2296.0,248.9724,2296.2963,248.9724,2296.2963,142.53500175533966,27.34070885522453,0.728,0.662,-3.15,0.08302,0.07672,-0.46,248.9724,2296.2963,142.53500175533966,27.34070885522453,0.5482620534,0.54098878307,0.5482620534,0.54098878307,0.743,0.733,-29.35,0.742714,0.7332303,-29.35,23.367,0.0,3.24,1.1,0.091,0.234,28.0
1989,1989,28_30,28_41,207.9694,20.00069,20.6106,0.1044,188.9959,5.0,8.0,431.0,2292.0,430.9262,2292.1578,430.9262,2292.1578,142.4773632587055,27.34133871482736,0.823,0.655,42.06,0.094,0.0742,44.66,430.9262,2292.1578,142.4773632587055,27.34133871482736,0.62263035626,0.54989329935,0.62263035626,0.54989329935,0.8,0.73,23.87,0.8002118,0.7295098,23.87,23.4281,0.0,2.31,1.257,0.204,0.477,28.0
1990,1990,28_31,28_40,181.3127,18.75859,20.7595,0.1124,188.9242,5.0,7.0,408.0,2292.0,408.29,2291.9489,408.29,2291.9489,142.4845311549284,27.34146546747112,0.733,0.66,-85.58,0.0916,0.08447,-89.49,408.29,2291.9489,142.4845311549284,27.34146546747112,0.52548022776,0.65364498078,0.52548022776,0.65364498078,0.809,0.725,-88.27,0.8085552,0.7248197,-88.27,23.4183,0.0,2.33,1.111,0.1,0.537,28.0
1992,1992,28_33,28_38,240.2627,20.13149,20.4539,0.091,188.8196,8.0,8.0,428.0,2278.0,427.9341,2277.5055,427.9341,2277.5055,142.47826085448162,27.345469117293565,0.807,0.693,88.5,0.08806,0.07246,90.0,427.9341,2277.5055,142.47826085448162,27.345469117293565,0.75451374069,0.8128250883,0.75451374069,0.8128250883,0.912,0.858,63.85,0.9117857,0.8578961,63.85,23.4119,0.0,2.85,1.163,0.14,0.094,28.0
1993,1993,28_34,28_37,2416.318,52.86191,17.9477,0.0238,188.3027,41.0,51.0,54.0,2263.0,53.615,2263.0675,53.615,2263.0675,142.5967753390248,27.350596301013613,1.627,1.545,69.36,0.0436,0.04165,33.59,53.615,2263.0675,142.5967753390248,27.350596301013613,1.3306459666,1.5288151882,1.3306459666,1.5288151882,1.239,1.151,80.63,1.238691,1.151132,80.63,23.3479,0.0,2.97,1.053,0.051,0.056,28.0
1994,1994,28_35,28_35,399.7324,27.44402,19.9011,0.0746,187.7442,14.0,15.0,246.0,2257.0,245.9597,2256.8208,245.9597,2256.8208,142.53582706497073,27.351821108931457,1.472,0.754,36.06,0.12429,0.06266,35.8,245.9597,2256.8208,142.53582706497073,27.351821108931457,1.5153238203,1.4206225805,1.5153238203,1.4206225805,1.346,1.06,41.05,1.346343,1.059861,41.05,23.3442,0.0,6.28,1.953,0.488,0.0,28.0
1996,1996,28_37,28_33,689.7697,29.62616,19.3088,0.0466,188.0942,14.0,16.0,25.0,2242.0,25.0257,2242.4133,25.0257,2242.4133,142.6057684492401,27.356482064481792,1.022,0.934,-1.65,0.0568,0.04703,-0.32,25.0257,2242.4133,142.6057684492401,27.356482064481792,0.50150622544,0.52365846381,0.50150622544,0.52365846381,0.728,0.704,-64.89,0.72794,0.7037529,-64.89,23.32,0.0,2.02,1.093,0.085,0.683,28.0
1997,1997,28_38,28_32,811.6791,30.13292,19.1321,0.0403,188.6192,16.0,17.0,310.0,2237.0,309.6812,2237.5066,309.6812,2237.5066,142.51557983199484,27.357070100572763,1.034,0.966,22.83,0.04908,0.04326,11.8,309.6812,2237.5066,142.51557983199484,27.357070100572763,0.48242761042,0.53166124289,0.48242761042,0.53166124289,0.733,0.69,71.92,0.7331655,0.6903312,71.92,23.3993,0.0,2.21,1.07,0.066,0.944,28.0
1998,1998,28_39,28_31,660.2928,27.54501,19.3562,0.0453,187.9155,12.0,14.0,164.0,2228.0,164.0689,2228.1395,164.0689,2228.1395,142.561674704759,27.360119311431344,1.024,0.821,89.92,0.0566,0.0425,-87.63,164.0689,2228.1395,142.561674704759,27.360119311431344,0.38474603708,0.47038241195,0.38474603708,0.47038241195,0.691,0.615,75.21,0.6905072,0.6150839,75.21,23.3452,0.0,2.13,1.248,0.199,0.929,28.0
2000,2000,28_41,28_29,9453.51,63.52945,16.4666,0.0073,188.573,49.0,55.0,318.0,2225.0,318.5286,2225.1865,318.5286,2225.1865,142.51273648332742,27.360509694801703,1.437,1.304,69.78,0.0131,0.01233,67.88,318.5286,2225.1865,142.51273648332742,27.360509694801703,0.49893808948,0.55709318105,0.49893808948,0.55709318105,0.75,0.702,73.09,0.7503426,0.7021519,73.09,23.3942,0.0,2.39,1.102,0.093,0.982,28.0
2001,2001,28_42,28_28,168.9668,16.18926,20.8361,0.1041,187.7786,5.0,5.0,86.0,2222.0,85.9938,2222.0137,85.9938,2222.0137,142.5863895056854,27.36205667302058,0.624,0.601,89.83,0.08912,0.08888,-88.09,85.9938,2222.0137,142.5863895056854,27.36205667302058,0.50472743395,0.62342822272,0.50472743395,0.62342822272,0.798,0.701,72.16,0.798212,0.7007234,72.16,23.3227,0.0,3.61,1.038,0.037,0.199,28.0
2002,2002,28_43,28_27,172750.8,187.8885,13.312,0.0012,188.6852,149.0,164.0,391.0,2194.0,390.7774,2194.1983,390.7774,2194.1983,142.48974675783165,27.369012923249155,1.685,1.468,72.94,0.00255,0.00222,70.73,390.7774,2194.1983,142.48974675783165,27.369012923249155,0.51775153421,0.59024181207,0.51775153421,0.59024181207,0.772,0.715,74.72,0.7720675,0.7154755,74.72,23.3992,0.0,2.54,1.148,0.129,0.999,28.0
2003,2003,28_44,28_26,753.7441,29.82585,19.2125,0.043,188.3939,12.0,16.0,11.0,2181.0,11.058,2180.7224,11.058,2180.7224,142.61000386230626,27.373871305317824,1.008,0.933,-81.9,0.04953,0.04586,-61.98,11.058,2180.7224,142.61000386230626,27.373871305317824,0.43279801141,0.5103238772,0.43279801141,0.5103238772,0.718,0.654,76.74,0.7175528,0.6544004,76.74,23.3351,0.0,2.07,1.08,0.074,0.969,28.0
2004,2004,28_45,28_25,186.8406,18.53962,20.7269,0.1078,187.8169,6.0,7.0,401.0,2165.0,400.707,2164.9506,400.707,2164.9506,142.48650221910134,27.37721000064517,0.736,0.664,81.08,0.09455,0.08724,89.05,400.707,2164.9506,142.48650221910134,27.37721000064517,0.56732671358,0.65254259892,0.56732671358,0.65254259892,0.827,0.733,62.81,0.826505,0.7326382,62.81,23.3495,0.0,2.46,1.109,0.098,0.366,28.0
2005,2005,28_46,28_24,2025.103,41.0329,18.1395,0.022,187.7866,24.0,30.0,376.0,2156.0,376.3771,2156.3913,376.3771,2156.3913,142.4941809468172,27.379689983045047,1.229,1.126,57.02,0.03311,0.0297,48.96,376.3771,2156.3913,142.4941809468172,27.379689983045047,0.45669852576,0.48908541731,0.45669852576,0.48908541731,0.703,0.671,68.71,0.7034792,0.6714915,68.71,23.3482,0.0,2.12,1.091,0.084,0.975,28.0
2006,2006,28_47,28_23,195974.5,202.7187,13.1751,0.0011,188.4001,171.0,196.0,8.0,2136.0,8.244,2136.2883,8.244,2136.2883,142.6107589359359,27.38637701256784,1.826,1.493,89.34,0.00318,0.00216,-80.33,8.244,2136.2883,142.6107589359359,27.38637701256784,0.51018345067,0.60364706082,0.51018345067,0.60364706082,0.78,0.711,78.05,0.7797645,0.7111947,78.05,23.3332,16.0,2.54,1.223,0.182,0.989,28.0
2007,2007,28_48,28_22,3974.397,49.27677,17.4074,0.0135,187.3691,35.0,39.0,269.0,2149.0,269.1622,2148.8589,269.1622,2148.8589,142.52812326198813,27.38212191850144,1.337,1.222,63.41,0.02205,0.02016,50.79,269.1622,2148.8589,142.52812326198813,27.38212191850144,0.48780734984,0.54267621115,0.48780734984,0.54267621115,0.739,0.696,76.12,0.7390853,0.6958711,76.12,23.3254,0.0,2.18,1.094,0.086,0.973,28.0
2009,2009,28_50,28_20,10573.5,66.55883,16.345,0.0068,188.5103,50.0,59.0,216.0,2133.0,216.0382,2133.1589,216.0382,2133.1589,142.54490388401695,27.38668944802989,1.47,1.339,72.08,0.01267,0.01192,58.79,216.0382,2133.1589,142.54490388401695,27.38668944802989,0.51424149671,0.59432611859,0.51424149671,0.59432611859,0.774,0.714,77.34,0.7736821,0.7141314,77.34,23.3946,0.0,2.29,1.098,0.089,0.983,28.0
2010,2010,28_51,28_19,373.514,24.88729,19.9748,0.0724,188.4898,9.0,12.0,129.0,2136.0,128.9588,2135.5211,128.9588,2135.5211,142.5725035955377,27.38626784667864,1.032,0.775,89.84,0.08094,0.0593,-89.93,128.9588,2135.5211,142.5725035955377,27.38626784667864,0.70340280839,0.912496985,0.70340280839,0.912496985,0.955,0.839,-87.91,0.9553925,0.8385255,-87.91,23.376,0.0,3.17,1.332,0.249,0.294,28.0
2011,2011,28_52,28_18,72062.49,131.8431,14.2613,0.002,188.6198,115.0,124.0,95.0,2119.0,95.5624,2119.1709,95.5624,2119.1709,142.58303468221885,27.390958045153948,1.653,1.433,73.79,0.00438,0.00374,75.0,95.5624,2119.1709,142.58303468221885,27.390958045153948,0.51266256329,0.58545141071,0.51266256329,0.58545141071,0.77,0.711,73.47,0.7697277,0.7110789,73.47,23.3884,0.0,2.57,1.153,0.133,0.999,28.0
2012,2012,28_53,28_17,373.6648,23.49534,19.9744,0.0683,188.2627,9.0,11.0,503.0,2124.0,503.0588,2123.6583,503.0588,2123.6583,142.4539353625128,27.388514349659964,0.953,0.737,-74.8,0.0785,0.05581,-74.85,503.0588,2123.6583,142.4539353625128,27.388514349659964,0.34184891719,0.4137361074,0.34184891719,0.4137361074,0.645,0.583,-80.6,0.6447943,0.5829453,-80.6,23.3737,0.0,2.14,1.294,0.227,0.675,28.0
2013,2013,28_54,28_16,1002.35,31.75624,18.903,0.0344,188.3998,16.0,19.0,480.0,2117.0,480.1845,2117.5097,480.1845,2117.5097,142.4611609810491,27.390313871163222,1.055,1.021,-11.78,0.04292,0.03986,-6.18,480.1845,2117.5097,142.4611609810491,27.390313871163222,0.49415969551,0.5296270589,0.49415969551,0.5296270589,0.729,0.701,-76.3,0.7292926,0.7013694,-76.3,23.3866,0.0,2.24,1.034,0.033,0.964,28.0
2014,2014,28_55,28_15,3188.441,45.99586,17.6466,0.0157,188.4968,31.0,35.0,220.0,2108.0,220.2732,2108.5904,220.2732,2108.5904,142.54348228548767,27.393587985963,1.354,1.138,65.11,0.02622,0.02113,65.92,220.2732,2108.5904,142.54348228548767,27.393587985963,0.46627026983,0.51501602847,0.46627026983,0.51501602847,0.727,0.673,65.43,0.7265642,0.6733429,65.43,23.4015,0.0,2.24,1.19,0.159,0.98,28.0
2015,2015,28_56,28_14,223.1642,20.28732,20.534,0.0987,187.9143,8.0,8.0,56.0,2104.0,55.8585,2104.1032,55.8585,2104.1032,142.59556988313872,27.39530338029633,0.825,0.665,48.58,0.09573,0.07575,45.24,55.8585,2104.1032,142.59556988313872,27.39530338029633,0.65522397692,0.82549170632,0.65522397692,0.82549170632,0.927,0.789,68.04,0.9265878,0.7887653,68.04,23.3268,0.0,2.54,1.24,0.194,0.138,28.0
2016,2016,28_57,28_13,3237.603,46.03802,17.63,0.0154,187.9739,28.0,35.0,115.0,2100.0,115.3696,2099.9618,115.3696,2099.9618,142.57669725736022,27.39630708300481,1.296,1.172,72.09,0.02468,0.02163,75.98,115.3696,2099.9618,142.57669725736022,27.39630708300481,0.48479078999,0.53758889263,0.48479078999,0.53758889263,0.736,0.693,74.2,0.7363312,0.6929619,74.2,23.3545,0.0,2.27,1.106,0.096,0.986,28.0
2017,2017,28_58,28_12,390.9242,22.66474,19.9253,0.063,187.728,3.0,10.0,348.0,2088.0,348.2527,2087.9939,348.2527,2087.9939,142.50286191633174,27.399011632196565,0.823,0.701,-1.78,0.05979,0.04752,-0.16,348.2527,2087.9939,142.50286191633174,27.399011632196565,0.15970704021,0.094810177739,0.15970704021,0.094810177739,0.4,0.308,-0.47,0.3996392,0.3079054,-0.47,23.3571,0.0,1.36,1.174,0.148,0.667,28.0
2018,2018,28_59,28_11,6010.557,54.64257,16.9583,0.0099,188.0537,40.0,45.0,382.0,2084.0,382.2643,2084.4173,382.2643,2084.4173,142.4920729252548,27.399917024278288,1.386,1.255,76.34,0.01713,0.01547,73.9,382.2643,2084.4173,142.4920729252548,27.399917024278288,0.49370647127,0.56139540521,0.49370647127,0.56139540521,0.752,0.7,77.09,0.7517619,0.6999686,77.09,23.3768,0.0,2.19,1.104,0.095,0.982,28.0
2019,2019,28_60,28_10,2237.579,41.47112,18.0311,0.0201,188.8481,27.0,30.0,155.0,2082.0,154.6747,2082.187,154.6747,2082.187,142.5641847878309,27.40119842972369,1.247,1.125,81.98,0.03,0.0276,89.07,154.6747,2082.187,142.5641847878309,27.40119842972369,0.46652903118,0.51624871217,0.46652903118,0.51624871217,0.724,0.677,68.98,0.7244734,0.6766949,68.98,23.4165,0.0,2.09,1.109,0.098,0.973,28.0
2020,2020,28_61,28_9,119.7439,15.76515,21.2099,0.143,187.6035,4.0,5.0,82.0,2075.0,82.2053,2075.401,82.2053,2075.401,142.58713031121326,27.403305650151605,0.729,0.459,17.67,0.12116,0.07033,18.39,82.2053,2075.401,142.58713031121326,27.403305650151605,0.7470468756,0.8539133662,0.7470468756,0.8539133662,0.936,0.851,-67.19,0.9364233,0.850924,-67.19,23.3296,0.0,3.39,1.589,0.371,0.44,28.0
2021,2021,28_62,28_8,495.5133,28.41887,19.6679,0.0623,187.3375,12.0,16.0,105.0,2071.0,104.6155,2070.9663,104.6155,2070.9663,142.58001389231003,27.404492159934943,1.083,0.939,-86.41,0.07923,0.06535,-89.38,104.6155,2070.9663,142.58001389231003,27.404492159934943,0.63983562901,0.68673160819,0.63983562901,0.68673160819,0.829,0.8,-87.87,0.828732,0.7998565,-87.87,23.3163,0.0,2.94,1.153,0.133,0.413,28.0
2022,2022,28_63,28_7,180.8452,17.23014,20.7623,0.1035,188.4404,6.0,6.0,506.0,2071.0,506.1422,2070.876,506.1422,2070.876,142.4527750987579,27.403351203178836,0.736,0.565,-46.05,0.09704,0.07175,-45.18,506.1422,2070.876,142.4527750987579,27.403351203178836,0.42237981567,0.43492765113,0.42237981567,0.43492765113,0.687,0.621,-49.18,0.6869102,0.6208557,-49.18,23.3747,16.0,1.96,1.303,0.232,0.434,28.0
2023,2023,28_64,28_6,186.1827,17.33256,20.7307,0.1011,188.9423,6.0,6.0,149.0,2062.0,149.0189,2061.5068,149.0189,2061.5068,142.56591123705883,27.40703090761105,0.766,0.5,-0.27,0.10199,0.06272,0.0,149.0189,2061.5068,142.56591123705883,27.40703090761105,0.29182081776,0.29273469612,0.29182081776,0.29273469612,0.552,0.529,-46.05,0.5519871,0.5290235,-46.05,23.4255,0.0,1.86,1.533,0.348,0.552,28.0
2024,2024,28_65,28_5,36332.61,100.6803,15.0048,0.003,188.1861,86.0,94.0,103.0,2043.0,103.2465,2043.0421,103.2465,2043.0421,142.58035978807175,27.412350244961143,1.582,1.414,75.6,0.00623,0.00567,73.77,103.2465,2043.0421,142.58035978807175,27.412350244961143,0.49854497652,0.58235938091,0.49854497652,0.58235938091,0.766,0.703,77.28,0.7660692,0.7028815,77.28,23.3706,0.0,2.39,1.119,0.106,0.983,28.0
2025,2025,28_66,28_4,1612.173,40.33158,18.387,0.0272,187.9102,24.0,31.0,360.0,2036.0,359.5675,2036.4416,359.5675,2036.4416,142.49910360793174,27.41347859118881,1.385,1.177,0.19,0.04367,0.03817,-4.77,359.5675,2036.4416,142.49910360793174,27.41347859118881,0.84215356236,0.67811007941,0.84215356236,0.67811007941,0.919,0.823,5.47,0.9185151,0.8225531,5.47,23.39,0.0,2.54,1.176,0.15,0.465,28.0
2026,2026,28_67,28_69,369.3803,23.28793,19.9869,0.0685,188.826,8.0,10.0,199.0,2513.0,199.0292,2512.8287,199.0292,2512.8287,142.55151769148142,27.2799436980657,0.88,0.741,87.72,0.07105,0.05649,89.73,199.0292,2512.8287,142.55151769148142,27.2799436980657,0.40023459131,0.50601446875,0.40023459131,0.50601446875,0.712,0.632,84.39,0.7120708,0.6318261,84.39,23.3324,16.0,2.09,1.188,0.158,0.71,28.0
2028,2028,29_1,29_32,2238447.0,684.7546,10.5307,0.0003,192.19,1885.0,2060.0,686.0,2104.0,682.8025,2104.7449,682.8025,2104.7449,142.39692415911378,27.39326906807989,5.322,3.922,89.07,0.00224,0.00222,31.8,682.8025,2104.7449,142.39692415911378,27.39326906807989,6.1287755745,7.0799117772,6.1287755745,7.0799117772,2.693,2.441,68.65,2.692839,2.440759,68.65,23.4124,6.0,27.42,1.357,0.263,0.015,29.0
2030,2030,29_3,29_1,141.0317,16.03095,21.0323,0.1234,189.1432,5.0,5.0,598.0,2009.0,596.8088,2008.2146,596.8088,2008.2146,142.4238253750405,27.42069405171889,1.197,0.342,11.43,0.2275,0.06477,10.94,596.8088,2008.2146,142.4238253750405,27.42069405171889,2.6614437603,0.6115413414,2.6614437603,0.6115413414,1.636,0.773,4.84,1.635918,0.772501,4.84,23.3483,24.0,3.78,3.502,0.714,0.075,29.0
2031,2031,29_4,29_88,425.4068,24.61069,19.8336,0.0628,187.7728,11.0,12.0,865.0,2500.0,865.2039,2499.7868,865.2039,2499.7868,142.3406235455848,27.281553445153197,0.93,0.832,-11.98,0.07022,0.06087,-19.08,865.2039,2499.7868,142.3406235455848,27.281553445153197,0.50680298734,0.44815896625,0.50680298734,0.44815896625,0.718,0.663,19.92,0.7180982,0.6627948,19.92,23.3551,0.0,2.24,1.118,0.105,0.549,29.0
2032,2032,29_5,29_87,469.302,25.79582,19.7269,0.0597,188.0172,8.0,13.0,999.0,2498.0,999.3524,2498.3698,999.3524,2498.3698,142.29816319123606,27.281496224938643,0.969,0.839,50.62,0.06549,0.05587,45.36,999.3524,2498.3698,142.29816319123606,27.281496224938643,0.44544238987,0.45920428487,0.44544238987,0.45920428487,0.705,0.638,49.41,0.7050921,0.6383508,49.41,23.3658,0.0,2.37,1.154,0.133,0.859,29.0
2033,2033,29_6,29_86,167.7337,18.36432,20.844,0.1189,188.676,5.0,7.0,765.0,2492.0,765.3186000000001,2492.0022,765.3186000000001,2492.0022,142.37220693436694,27.284074003684204,0.735,0.672,-86.8,0.09143,0.08466,-89.79,765.3186000000001,2492.0022,142.37220693436694,27.284074003684204,0.85318316384,0.78684901041,0.85318316384,0.78684901041,0.925,0.886,-8.53,0.9245046,0.8861847,-8.53,23.4416,0.0,2.28,1.095,0.086,0.591,29.0
2034,2034,29_7,29_85,635.8443,31.0616,19.3972,0.0531,188.3067,15.0,19.0,926.0,2482.0,926.4123,2482.5971,926.4123,2482.5971,142.32118714967228,27.286182217770467,1.268,0.967,86.7,0.07497,0.05513,85.71,926.4123,2482.5971,142.32118714967228,27.286182217770467,0.89604310138,1.1581946133,0.89604310138,1.1581946133,1.077,0.946,-86.93,1.076547,0.9461949,-86.93,23.3819,0.0,3.55,1.312,0.238,0.174,29.0
2035,2035,29_8,29_84,355.2452,24.52379,20.0293,0.075,188.123,11.0,12.0,970.0,2477.0,970.476,2477.477,970.476,2477.477,142.3072218232675,27.28747216908113,0.923,0.856,84.01,0.07539,0.07497,81.19,970.476,2477.477,142.3072218232675,27.28747216908113,0.5719440684,0.78786235874,0.5719440684,0.78786235874,0.89,0.754,82.61,0.8896946,0.7538236,82.61,23.3719,0.0,2.54,1.078,0.073,0.569,29.0
2036,2036,29_9,29_83,543.3402,27.9724,19.5679,0.0559,188.4313,14.0,15.0,605.0,2465.0,604.7334,2465.3666,604.7334,2465.3666,142.42293746254734,27.292082378213763,1.07,0.929,-85.65,0.06675,0.05581,-84.24,604.7334,2465.3666,142.42293746254734,27.292082378213763,0.79019431948,0.8534542546,0.79019431948,0.8534542546,0.924,0.888,82.7,0.9243964,0.8883355,82.7,23.3796,0.0,3.15,1.151,0.131,0.119,29.0
2037,2037,29_10,29_82,330.5632,20.38951,20.1074,0.067,188.0127,8.0,8.0,909.0,2463.0,909.1861,2462.8057,909.1861,2462.8057,142.32656418878827,27.291807518200912,0.793,0.668,44.47,0.06759,0.05418,45.07,909.1861,2462.8057,142.32656418878827,27.291807518200912,0.42435812104,0.44481962833,0.42435812104,0.44481962833,0.681,0.636,55.04,0.6814691,0.6362213,55.04,23.3634,0.0,2.12,1.188,0.158,0.806,29.0
2038,2038,29_11,29_81,401.0201,28.37102,19.8977,0.0768,187.9622,13.0,16.0,610.0,2452.0,609.3065,2452.6794,609.3065,2452.6794,142.4214449437579,27.2956366358794,1.374,0.835,-44.39,0.10839,0.06439,-44.99,609.3065,2452.6794,142.4214449437579,27.2956366358794,1.5035104277,1.6000001045,1.5035104277,1.6000001045,1.346,1.136,-50.34,1.346192,1.136344,-50.34,23.3501,0.0,5.05,1.645,0.392,0.002,29.0
2039,2039,29_12,29_80,11328.74,66.97131,16.2701,0.0064,188.2658,51.0,57.0,589.0,2449.0,589.4369,2449.2181,589.4369,2449.2181,142.42772218004862,27.29667280266621,1.451,1.299,68.0,0.01161,0.01047,55.33,589.4369,2449.2181,142.42772218004862,27.29667280266621,0.49465036669,0.55713975559,0.49465036669,0.55713975559,0.751,0.699,73.13,0.750645,0.6988005,73.13,23.3603,0.0,2.39,1.117,0.105,0.983,29.0
2040,2040,29_13,29_79,551.0063,26.04816,19.5527,0.0513,187.4502,10.0,13.0,920.0,2435.0,920.3338,2435.2471,920.3338,2435.2471,142.32293129913867,27.299521479224705,0.949,0.84,45.72,0.05922,0.05038,46.35,920.3338,2435.2471,142.32293129913867,27.299521479224705,0.41761423847,0.42631842316,0.41761423847,0.42631842316,0.657,0.642,58.19,0.6570843,0.6420069,58.19,23.3273,0.0,2.22,1.13,0.115,0.929,29.0
2041,2041,29_14,29_78,19330.25,84.24291,15.69,0.0047,188.3979,76.0,85.0,570.0,2428.0,570.7019,2428.2109,570.7019,2428.2109,142.43357868158714,27.30264045869853,1.672,1.465,39.24,0.01085,0.00902,31.69,570.7019,2428.2109,142.43357868158714,27.30264045869853,0.52314200064,0.59702623579,0.52314200064,0.59702623579,0.777,0.719,74.05,0.7769129,0.7187312,74.05,23.3615,0.0,2.95,1.142,0.124,0.993,29.0
2042,2042,29_15,29_77,314867.4,245.4525,12.6603,0.0008,189.1859,198.0,211.0,801.0,2423.0,801.3063999999999,2423.2219,801.3063999999999,2423.2219,142.36056265230266,27.3033022571294,1.704,1.5,74.76,0.0018,0.00164,75.99,801.3063999999999,2423.2219,142.36056265230266,27.3033022571294,0.51412860617,0.59558953668,0.51412860617,0.59558953668,0.775,0.713,76.07,0.7751974,0.7132931,76.07,23.4463,0.0,2.48,1.136,0.12,0.992,29.0
2044,2044,29_17,29_75,232.8374,20.0642,20.4879,0.0936,187.5305,8.0,8.0,972.0,2389.0,971.8778,2389.1152,971.8778,2389.1152,142.30643921687914,27.312321782524,0.821,0.656,46.75,0.09339,0.07389,45.12,971.8778,2389.1152,142.30643921687914,27.312321782524,0.5225296411,0.65227441875,0.5225296411,0.65227441875,0.832,0.694,64.01,0.8323112,0.6943069,64.01,23.3278,0.0,2.22,1.252,0.201,0.354,29.0
2045,2045,29_18,29_74,3085.454,44.99115,17.6823,0.0158,188.3252,30.0,34.0,841.0,2387.0,841.2241,2387.0437,841.2241,2387.0437,142.34779190394693,27.313346046567517,1.301,1.146,75.12,0.02573,0.0216,72.77,841.2241,2387.0437,142.34779190394693,27.313346046567517,0.50011059428,0.54591225749,0.50011059428,0.54591225749,0.741,0.704,74.4,0.7414755,0.7044409,74.4,23.3835,0.0,2.13,1.135,0.119,0.977,29.0
2046,2046,29_19,29_73,257.9113,22.31089,20.3769,0.0939,188.0637,8.0,10.0,969.0,2379.0,969.0176,2379.4462,969.0176,2379.4462,142.30730755743622,27.31505127129259,1.039,0.658,64.16,0.10895,0.06694,63.6,969.0176,2379.4462,142.30730755743622,27.31505127129259,0.91434991646,1.4340519054,0.91434991646,1.4340519054,1.223,0.923,71.86,1.223346,0.9229439,71.86,23.3607,0.0,3.55,1.58,0.367,0.01,29.0
2048,2048,29_21,29_71,154.0672,17.27547,20.9363,0.1218,188.2033,5.0,6.0,612.0,2378.0,611.8197,2377.8398,611.8197,2377.8398,142.4203836018885,27.3166796970229,0.736,0.568,44.71,0.10808,0.08007,44.97,611.8197,2377.8398,142.4203836018885,27.3166796970229,0.55595310498,0.50587176672,0.55595310498,0.50587176672,0.748,0.709,-13.36,0.7476266,0.7091399,-13.36,23.37,0.0,2.14,1.296,0.228,0.508,29.0
2049,2049,29_22,29_70,283.7768,18.99754,20.2731,0.0727,188.4644,7.0,7.0,815.0,2377.0,815.345,2377.002,815.345,2377.002,142.35594716964764,27.31625657230193,0.734,0.644,-88.9,0.06731,0.06223,-89.91,815.345,2377.002,142.35594716964764,27.31625657230193,0.35955734615,0.46005682225,0.35955734615,0.46005682225,0.679,0.598,-82.89,0.6794463,0.5983033,-82.89,23.3896,0.0,2.33,1.14,0.123,0.44,29.0
2050,2050,29_23,29_69,8118.837,61.92002,16.6318,0.0083,188.4438,49.0,56.0,711.0,2372.0,710.5704000000001,2372.0553,710.5704000000001,2372.0553,142.38909906162957,27.31799105423792,1.437,1.339,-87.72,0.01549,0.0144,-54.55,710.5704000000001,2372.0553,142.38909906162957,27.31799105423792,0.49509756921,0.56860700985,0.49509756921,0.56860700985,0.756,0.701,77.81,0.7564425,0.7010701,77.81,23.3878,0.0,2.6,1.073,0.068,0.988,29.0
2052,2052,29_25,29_67,38603.58,103.29,14.939,0.0029,188.2342,89.0,98.0,899.0,2348.0,898.8343,2348.5919,898.8343,2348.5919,142.32940892333585,27.32396855530861,1.602,1.408,73.12,0.00618,0.00549,66.14,898.8343,2348.5919,142.32940892333585,27.32396855530861,0.5052117389,0.57855742068,0.5052117389,0.57855742068,0.764,0.707,75.17,0.7642558,0.706882,75.17,23.3712,0.0,2.37,1.138,0.122,0.983,29.0
2053,2053,29_26,29_66,532.6157,28.53523,19.5895,0.0582,188.3953,15.0,16.0,549.0,2347.0,548.5937,2347.471,548.5937,2347.471,142.44029445352643,27.32541999720305,1.143,0.94,69.33,0.07687,0.06146,66.54,548.5937,2347.471,142.44029445352643,27.32541999720305,1.0331360597,1.238948753,1.0331360597,1.238948753,1.113,1.016,89.75,1.113082,1.016431,89.75,23.3754,0.0,4.08,1.216,0.178,0.128,29.0
2056,2056,29_29,29_63,3089.077,46.04644,17.681,0.0162,188.0229,32.0,36.0,727.0,2321.0,726.9856,2320.9619,726.9856,2320.9619,142.3837158807565,27.332309396238767,1.334,1.168,60.13,0.02719,0.02293,53.36,726.9856,2320.9619,142.3837158807565,27.332309396238767,0.46640266883,0.54167327738,0.46640266883,0.54167327738,0.738,0.68,77.89,0.7384492,0.6802711,77.89,23.3553,0.0,2.08,1.142,0.125,0.979,29.0
2057,2057,29_30,29_62,269.9914,21.31274,20.3272,0.0857,188.1785,8.0,9.0,911.0,2322.0,910.7753,2321.656,910.7753,2321.656,142.32552628934295,27.331504707420983,0.855,0.75,75.06,0.08814,0.07328,82.01,910.7753,2321.656,142.32552628934295,27.331504707420983,0.65674451874,0.57061722282,0.65674451874,0.57061722282,0.834,0.73,29.0,0.8336269,0.7296765,29.0,23.3589,0.0,2.96,1.14,0.123,0.264,29.0
2058,2058,29_31,29_61,112.3426,15.61007,21.2792,0.1509,188.9618,4.0,5.0,738.0,2321.0,738.215,2320.6023,738.215,2320.6023,142.3801590056779,27.332374028110667,0.757,0.446,-19.27,0.12504,0.07228,-18.47,738.215,2320.6023,142.3801590056779,27.332374028110667,1.0954963971,1.0000072103,1.0954963971,1.0000072103,1.101,0.94,-36.58,1.101123,0.9396979,-36.58,23.416,0.0,2.47,1.697,0.411,0.492,29.0
2059,2059,29_32,29_60,1336.223,34.40395,18.5909,0.028,188.6478,18.0,22.0,968.0,2316.0,968.5416,2315.7965,968.5416,2315.7965,142.30721399846868,27.332956211128163,1.15,1.017,49.58,0.03825,0.03264,37.8,968.5416,2315.7965,142.30721399846868,27.332956211128163,0.4640488554,0.48469472301,0.4640488554,0.48469472301,0.705,0.672,58.81,0.7047207,0.6723929,58.81,23.4168,0.0,2.17,1.131,0.115,0.999,29.0
2060,2060,29_33,29_59,688869.1,356.4123,11.8102,0.0006,189.2159,326.0,352.0,859.0,2302.0,859.0853,2301.6824,859.0853,2301.6824,142.34181741267884,27.33729677567397,2.112,1.763,78.64,0.00143,0.00128,76.66,859.0853,2301.6824,142.34181741267884,27.33729677567397,1.20632941,1.7200734868,1.20632941,1.7200734868,1.317,1.091,80.32,1.317378,1.091292,80.32,23.4297,4.0,11.56,1.198,0.165,1.0,29.0
2061,2061,29_34,29_58,1767.789,39.41922,18.287,0.0242,187.9926,21.0,28.0,754.0,2308.0,754.4187,2308.1894,754.4187,2308.1894,142.37498290404176,27.335812659262427,1.173,1.141,70.87,0.03347,0.03296,5.28,754.4187,2308.1894,142.37498290404176,27.335812659262427,0.48018520741,0.50269538926,0.48018520741,0.50269538926,0.714,0.688,63.45,0.7142738,0.6875271,63.45,23.3489,0.0,2.01,1.028,0.027,0.98,29.0
2062,2062,29_35,29_57,3593.677,47.47615,17.5167,0.0143,188.2891,32.0,36.0,526.0,2306.0,526.3824,2306.3664,526.3824,2306.3664,142.4471838216336,27.337050757781373,1.408,1.183,-85.1,0.02403,0.01971,-77.59,526.3824,2306.3664,142.4471838216336,27.337050757781373,0.54419461282,0.62261371944,0.54419461282,0.62261371944,0.793,0.734,75.31,0.7927151,0.733765,75.31,23.3558,0.0,2.62,1.19,0.16,0.971,29.0
2063,2063,29_36,29_56,301.1577,23.37042,20.2086,0.0843,189.825,10.0,11.0,834.0,2305.0,834.3439000000001,2304.5933,834.3439000000001,2304.5933,142.34966233091345,27.33656056048964,0.937,0.804,75.5,0.08838,0.07659,72.14,834.3439000000001,2304.5933,142.34966233091345,27.33656056048964,0.62606509237,0.75323578596,0.62606509237,0.75323578596,0.87,0.789,81.47,0.8695749,0.7893924,81.47,23.4714,0.0,2.85,1.166,0.143,0.076,29.0
2064,2064,29_37,29_55,13210.66,70.57825,16.1033,0.0058,188.5652,59.0,64.0,951.0,2299.0,951.4799,2299.1049,951.4799,2299.1049,142.31255223742463,27.33770952427696,1.513,1.307,72.89,0.01182,0.00951,75.47,951.4799,2299.1049,142.31255223742463,27.33770952427696,0.51358856457,0.58076845722,0.51358856457,0.58076845722,0.766,0.712,73.47,0.7663293,0.712107,73.47,23.4013,0.0,2.44,1.158,0.136,0.992,29.0
2065,2065,29_38,29_54,252.8644,17.71363,20.3984,0.0761,188.0024,2.0,6.0,703.0,2280.0,702.8912,2280.1379,702.8912,2280.1379,142.3911967857231,27.34387036315649,0.685,0.55,-45.3,0.07033,0.0522,-44.78,702.8912,2280.1379,142.3911967857231,27.34387036315649,0.38539599631,0.38716862068,0.38539599631,0.38716862068,0.685,0.55,-45.3,0.6853861,0.5502822,-45.3,23.345,0.0,0.0,1.246,0.197,0.94,29.0
2066,2066,29_39,29_53,469.8492,25.9512,19.7257,0.06,187.4564,13.0,14.0,994.0,2274.0,993.745,2273.5044,993.745,2273.5044,142.2990708766918,27.344765490452478,0.966,0.939,75.78,0.0692,0.06775,88.38,993.745,2273.5044,142.2990708766918,27.344765490452478,0.69707763226,0.77090680018,0.69707763226,0.77090680018,0.883,0.83,72.24,0.8828093,0.8298386,72.24,23.3593,0.0,2.69,1.029,0.029,0.404,29.0
2067,2067,29_40,29_52,945.5942,30.41963,18.9663,0.0349,188.4915,15.0,17.0,892.0,2263.0,892.3861999999999,2263.5299,892.3861999999999,2263.5299,142.33112895932285,27.347916407806892,1.03,0.962,89.55,0.04248,0.03752,-80.99,892.3861999999999,2263.5299,142.33112895932285,27.347916407806892,0.47490630453,0.48674112812,0.47490630453,0.48674112812,0.704,0.683,56.94,0.7038736,0.6827953,56.94,23.3766,0.0,2.07,1.071,0.066,0.969,29.0
2069,2069,29_42,29_50,246.3,16.3305,20.4269,0.072,188.4458,2.0,5.0,896.0,2256.0,895.9558,2256.0301,895.9558,2256.0301,142.32997022006805,27.350013897610637,0.587,0.569,3.57,0.05946,0.05917,-16.57,895.9558,2256.0301,142.32997022006805,27.350013897610637,0.09190392556,0.086102416139,0.09190392556,0.086102416139,0.303,0.293,0.39,0.303157,0.2934317,0.39,23.3742,0.0,3.4,1.033,0.032,0.935,29.0
2070,2070,29_43,29_49,468.9161,25.32509,19.7278,0.0587,188.0382,12.0,13.0,1007.0,2251.0,1006.6519,2251.5819,1006.6519,2251.5819,142.29489901667176,27.350887287145014,0.952,0.848,50.72,0.06756,0.05786,45.33,1006.6519,2251.5819,142.29489901667176,27.350887287145014,0.3934577679,0.42961352784,0.3934577679,0.42961352784,0.655,0.627,88.52,0.6554676,0.6272428,88.52,23.3899,16.0,2.01,1.122,0.109,0.728,29.0
2071,2071,29_44,29_48,195.8081,17.52046,20.676,0.0972,187.8781,5.0,6.0,712.0,2249.0,712.2494,2248.7404,712.2494,2248.7404,142.38811919061516,27.35267154526716,0.734,0.557,-44.45,0.08961,0.06556,-45.13,712.2494,2248.7404,142.38811919061516,27.35267154526716,0.53369379283,0.55858943645,0.53369379283,0.55858943645,0.75,0.728,-70.27,0.7498415,0.7280254,-70.27,23.3283,0.0,2.66,1.318,0.242,0.468,29.0
2072,2072,29_45,29_47,355.3465,21.5356,20.0289,0.0658,187.2428,8.0,9.0,936.0,2236.0,936.0434,2236.099,936.0434,2236.099,142.31719963650377,27.355484262151208,0.773,0.748,-42.63,0.06297,0.0626,74.55,936.0434,2236.099,142.31719963650377,27.355484262151208,0.40992322997,0.44796336152,0.40992322997,0.44796336152,0.679,0.63,-63.61,0.678521,0.6304727,-63.61,23.3046,0.0,2.02,1.033,0.032,0.645,29.0
2073,2073,29_46,29_46,557.1634,27.01763,19.5406,0.0527,188.4913,12.0,14.0,652.0,2236.0,652.4528,2235.6682,652.4528,2235.6682,142.40700931859988,27.356540640104956,0.945,0.923,62.33,0.05581,0.0548,5.68,652.4528,2235.6682,142.40700931859988,27.356540640104956,0.50480988639,0.56507744264,0.50480988639,0.56507744264,0.759,0.703,68.39,0.7591408,0.7025614,68.39,23.3691,0.0,2.28,1.024,0.023,0.891,29.0
2074,2074,29_47,29_45,430.6987,23.94255,19.8201,0.0604,188.6439,9.0,11.0,660.0,2233.0,660.1173,2233.3608,660.1173,2233.3608,142.4045736438135,27.35716518214834,0.924,0.728,77.24,0.06869,0.04897,75.06,660.1173,2233.3608,142.4045736438135,27.35716518214834,0.280182418,0.31927508519,0.280182418,0.31927508519,0.566,0.528,-80.97,0.5659397,0.5283652,-80.97,23.3763,0.0,1.58,1.27,0.213,0.685,29.0
2075,2075,29_48,29_44,9477.242,62.95103,16.4639,0.0072,188.3331,48.0,54.0,886.0,2224.0,886.5482,2224.088,886.5482,2224.088,142.33282872344466,27.359030181391365,1.457,1.293,69.38,0.01305,0.01194,59.35,886.5482,2224.088,142.33282872344466,27.359030181391365,0.51266337965,0.59294029473,0.51266337965,0.59294029473,0.773,0.713,76.72,0.7730942,0.7126914,76.72,23.3714,0.0,2.47,1.126,0.112,0.988,29.0
2076,2076,29_49,29_43,512.116,26.05205,19.6322,0.0552,188.5504,11.0,13.0,815.0,2223.0,815.0482,2223.5568,815.0482,2223.5568,142.35547071012843,27.359418417811032,0.955,0.85,80.24,0.06221,0.05405,76.37,815.0482,2223.5568,142.35547071012843,27.359418417811032,0.42489804773,0.43139906697,0.42489804773,0.43139906697,0.666,0.642,-51.0,0.6661775,0.6422653,-51.0,23.3717,0.0,2.34,1.123,0.11,0.884,29.0
2077,2077,29_50,29_42,919.9555,33.07377,18.9962,0.039,188.1977,14.0,21.0,982.0,2211.0,981.967,2210.8958,981.967,2210.8958,142.3025592785703,27.362416336048824,1.113,1.037,89.74,0.04815,0.0477,84.0,981.967,2210.8958,142.3025592785703,27.362416336048824,0.45376787032,0.57039690462,0.45376787032,0.57039690462,0.756,0.673,83.6,0.7562292,0.6725193,83.6,23.3755,0.0,2.48,1.072,0.068,0.973,29.0
2078,2078,29_51,29_41,77107.34,138.6769,14.1878,0.002,188.5483,137.0,147.0,782.0,2192.0,782.5629,2191.314,782.5629,2191.314,142.36563977071128,27.368594832629512,2.41,1.599,-41.63,0.00536,0.00406,-42.34,782.5629,2191.314,142.36563977071128,27.368594832629512,1.0419995127,1.0733421472,1.0419995127,1.0733421472,1.088,0.965,-48.58,1.087902,0.9653037,-48.58,23.3597,0.0,5.78,1.507,0.336,0.911,29.0
2079,2079,29_52,29_40,311.187,22.40537,20.173,0.0782,187.9509,8.0,10.0,883.0,2194.0,882.2645,2194.4505,882.2645,2194.4505,142.33407352623666,27.36738092876614,0.935,0.707,-87.02,0.09073,0.06658,-89.46,882.2645,2194.4505,142.33407352623666,27.36738092876614,0.52317428795,0.61804413905,0.52317428795,0.61804413905,0.789,0.72,-77.88,0.7890717,0.720128,-77.88,23.3484,0.0,2.95,1.322,0.244,0.693,29.0
2080,2080,29_53,29_39,444.3531,22.82228,19.7863,0.0558,187.747,9.0,10.0,931.0,2191.0,931.0052,2190.8462,931.0052,2190.8462,142.3186226600242,27.368229938353423,0.863,0.742,88.55,0.0612,0.04873,89.87,931.0052,2190.8462,142.3186226600242,27.368229938353423,0.34163898867,0.44723567509,0.34163898867,0.44723567509,0.67,0.583,81.96,0.6703614,0.5826579,81.96,23.3442,0.0,2.16,1.163,0.14,0.839,29.0
2082,2082,29_55,29_37,250.9441,19.25683,20.4066,0.0833,190.3792,7.0,7.0,669.0,2185.0,669.3356,2185.0054,669.3356,2185.0054,142.40147989198945,27.370736955879742,0.741,0.645,85.76,0.07442,0.06872,89.24,669.3356,2185.0054,142.40147989198945,27.370736955879742,0.40779142499,0.54800759487,0.40779142499,0.54800759487,0.747,0.631,75.58,0.7469473,0.6307684,75.58,23.3962,0.0,2.45,1.149,0.13,0.576,29.0
2083,2083,29_56,29_36,44972.3,116.4215,14.7732,0.0028,193.9524,129.0,132.0,707.0,2162.0,707.5826999999999,2162.5664,707.5826999999999,2162.5664,142.38928388604174,27.37692541257917,1.804,1.502,80.05,0.00762,0.00558,83.56,707.5826999999999,2162.5664,142.38928388604174,27.37692541257917,0.51008695495,0.57210839669,0.51008695495,0.57210839669,0.761,0.71,73.14,0.7605107,0.7098019,73.14,23.6659,3.0,2.24,1.201,0.168,0.98,29.0
2084,2084,29_57,29_36,786003.8,382.1216,11.667,0.0005,192.4193,379.0,400.0,719.0,2155.0,719.1547,2153.7451,719.1547,2153.7451,142.38558622326,27.379369165088672,2.263,1.783,81.47,0.00146,0.00123,77.37,719.1547,2153.7451,142.38558622326,27.379369165088672,1.2713109611,2.0992338011,1.2713109611,2.0992338011,1.45,1.126,85.84,1.450395,1.125566,85.84,23.5424,6.0,12.04,1.269,0.212,1.0,29.0
2085,2085,29_58,29_35,156.6117,17.59161,20.9185,0.122,189.0485,4.0,6.0,617.0,2154.0,617.4699,2154.0059,617.4699,2154.0059,142.4177976635623,27.37962151873488,0.787,0.498,87.44,0.10768,0.06621,89.86,617.4699,2154.0059,142.4177976635623,27.37962151873488,0.89996759484,1.0242841687,0.89996759484,1.0242841687,1.03,0.93,64.69,1.029614,0.9295951,64.69,23.3299,0.0,3.22,1.58,0.367,0.487,29.0
2086,2086,29_59,29_34,177.7077,17.19848,20.7813,0.1051,187.965,5.0,6.0,986.0,2154.0,986.0545,2153.5049,986.0545,2153.5049,142.3010434414117,27.37854493937684,0.767,0.5,-0.09,0.1041,0.06389,0.03,986.0545,2153.5049,142.3010434414117,27.37854493937684,0.44923262024,0.51578337965,0.44923262024,0.51578337965,0.719,0.67,83.22,0.7188436,0.6695371,83.22,23.3664,0.0,2.53,1.533,0.348,0.232,29.0
2087,2087,29_60,29_33,353.0938,23.70375,20.0358,0.0729,188.1562,10.0,11.0,823.0,2151.0,823.1184000000001,2151.3517,823.1184000000001,2151.3517,142.3526457790288,27.37970123340949,0.992,0.734,74.3,0.08525,0.06043,74.9,823.1184000000001,2151.3517,142.3526457790288,27.37970123340949,0.60859229423,0.75779410986,0.60859229423,0.75779410986,0.877,0.772,74.74,0.8773813,0.7723914,74.74,23.3424,0.0,2.83,1.35,0.26,0.291,29.0
2088,2088,29_61,29_32,111135.9,150.4564,13.7909,0.0015,197.0145,79.0,92.0,682.0,2132.0,682.3468,2130.4213,682.3468,2130.4213,142.39716136316372,27.38604840250135,2.071,0.878,-81.7,0.00394,0.0015,-84.93,682.3468,2130.4213,142.39716136316372,27.38604840250135,0.11345276832,1.0863249022,0.11345276832,1.0863249022,1.067,0.247,-77.26,1.067128,0.2470149,-77.26,23.8391,3.0,8.06,2.359,0.576,1.0,29.0
2089,2089,29_62,29_32,209943.2,195.7281,13.1003,0.001,195.8986,75.0,86.0,683.0,2070.0,682.414,2068.874,682.414,2068.874,142.39691753266175,27.403359876760657,2.429,0.886,85.23,0.00274,0.00094,86.44,682.414,2068.874,142.39691753266175,27.403359876760657,0.23943365323,1.2248734417,0.23943365323,1.2248734417,1.135,0.421,76.3,1.13451,0.4209435,76.3,23.7019,6.0,8.78,2.742,0.635,0.978,29.0
2090,2090,29_63,29_90,1422.251,35.5925,18.5231,0.0272,188.6243,19.0,22.0,563.0,2506.0,562.6349,2505.7186,562.6349,2505.7186,142.43640445863704,27.280864087392583,1.164,0.997,69.56,0.03753,0.03074,67.84,562.6349,2505.7186,142.43640445863704,27.280864087392583,0.45009515211,0.50006932331,0.45009515211,0.50006932331,0.71,0.668,74.72,0.7100003,0.6678802,74.72,23.3454,0.0,2.26,1.168,0.144,0.998,29.0
2091,2091,29_64,29_32,245987.5,207.3442,12.9283,0.0009,202.8747,63.0,63.0,681.0,2090.0,682.2379,2090.8104,682.2379,2090.8104,142.39705264498957,27.397190302733925,1.594,1.155,38.51,0.00146,0.00103,38.19,682.2379,2090.8104,142.39705264498957,27.397190302733925,1.0756592223,0.74936828123,1.0756592223,0.74936828123,1.139,0.726,32.48,1.139255,0.7260346,32.48,24.55,7.0,8.11,1.38,0.275,0.984,29.0
2092,2092,29_65,29_31,181.8343,17.42285,20.7564,0.1041,188.3351,5.0,6.0,830.0,2139.0,829.8011,2138.7839,829.8011,2138.7839,142.35048206759302,27.38321404120611,0.742,0.561,43.0,0.09691,0.07153,45.01,829.8011,2138.7839,142.35048206759302,27.38321404120611,0.5510412037,0.49161843901,0.5510412037,0.49161843901,0.766,0.675,31.59,0.766279,0.6748897,31.59,23.3563,0.0,2.19,1.323,0.244,0.521,29.0
2094,2094,29_67,29_25,354.5773,21.45,20.0313,0.0657,188.1176,8.0,9.0,1013.0,2114.0,1012.3462,2113.7546,1012.3462,2113.7546,142.29256144573122,27.389635027269883,0.84,0.709,-89.93,0.07385,0.06187,-84.81,1012.3462,2113.7546,142.29256144573122,27.389635027269883,0.28082742064,0.40350522308,0.28082742064,0.40350522308,0.635,0.53,-88.51,0.6352863,0.5298528,-88.51,23.3732,24.0,2.31,1.184,0.156,0.648,29.0
2095,2095,29_68,29_24,2516.946,42.38108,17.9034,0.0183,188.6114,25.0,30.0,792.0,2107.0,791.9923,2107.6048,791.9923,2107.6048,142.36234326734802,27.39210912661013,1.305,1.082,83.41,0.02986,0.02233,85.36,791.9923,2107.6048,142.36234326734802,27.39210912661013,0.46977697257,0.5454628707,0.46977697257,0.5454628707,0.739,0.685,84.51,0.7390319,0.6848881,84.51,23.3381,0.0,2.12,1.206,0.171,0.981,29.0
2096,2096,29_69,29_23,179489.9,195.2872,13.2705,0.0012,192.4525,169.0,187.0,624.0,2099.0,623.6317,2099.7747,623.6317,2099.7747,142.41565224392852,27.39485591178524,1.712,1.502,71.3,0.00257,0.00232,59.09,623.6317,2099.7747,142.41565224392852,27.39485591178524,0.5138114277,0.58298231959,0.5138114277,0.58298231959,0.768,0.712,72.71,0.7683764,0.7116119,72.71,23.519,0.0,2.47,1.14,0.123,0.983,29.0
2097,2097,29_70,29_21,19153.28,79.24467,15.7,0.0045,187.9754,66.0,71.0,921.0,2093.0,921.4752,2093.1521,921.4752,2093.1521,142.32126922294492,27.39574118481437,1.551,1.327,75.16,0.00923,0.00754,78.43,921.4752,2093.1521,142.32126922294492,27.39574118481437,0.50933356712,0.5826090414,0.50933356712,0.5826090414,0.769,0.708,72.15,0.7688221,0.7077113,72.15,23.3615,0.0,2.51,1.169,0.144,0.995,29.0
2098,2098,29_71,29_20,444.325,25.02794,19.7863,0.0612,188.1693,8.0,12.0,529.0,2083.0,528.9005,2082.8588,528.9005,2082.8588,142.44560596736295,27.39991055480234,1.051,0.719,80.08,0.07829,0.04799,80.58,528.9005,2082.8588,142.44560596736295,27.39991055480234,0.44106701459,0.56537114675,0.44106701459,0.56537114675,0.76,0.655,73.68,0.7596213,0.6552966,73.68,23.3452,0.0,2.26,1.462,0.316,0.763,29.0
2099,2099,29_72,29_19,19442.77,80.61449,15.6837,0.0045,188.1445,66.0,74.0,1006.0,2079.0,1006.0874,2079.0404,1006.0874,2079.0404,142.29440963790603,27.399420827488427,1.535,1.356,74.76,0.00901,0.00798,83.93,1006.0874,2079.0404,142.29440963790603,27.399420827488427,0.51208690636,0.59974679674,0.51208690636,0.59974679674,0.778,0.712,76.17,0.7780746,0.7116415,76.17,23.3662,16.0,2.27,1.132,0.117,0.983,29.0
2100,2100,29_73,29_17,456.417,35.29832,19.7572,0.084,196.9796,12.0,23.0,657.0,2076.0,657.4674,2076.6332,657.4674,2076.6332,142.40484940920186,27.40125736189022,1.153,0.788,37.63,0.09081,0.06078,39.16,657.4674,2076.6332,142.40484940920186,27.40125736189022,1.1554107455,1.0592208293,1.1554107455,1.0592208293,1.123,0.976,35.92,1.123202,0.9762423,35.92,23.814,0.0,4.43,1.464,0.317,0.001,29.0
2101,2101,29_74,29_30,544.9249,27.4948,19.5647,0.0548,190.4641,12.0,14.0,758.0,2137.0,758.2792,2137.0637,758.2792,2137.0637,142.3731317441167,27.38393380718807,1.028,0.849,61.22,0.06172,0.04781,65.2,758.2792,2137.0637,142.3731317441167,27.38393380718807,0.5444209816,0.56421901018,0.5444209816,0.56421901018,0.763,0.726,55.53,0.762805,0.7257882,55.53,23.4183,0.0,2.35,1.211,0.174,0.937,29.0
2103,2103,29_76,29_16,24082.9,87.28141,15.4513,0.0039,188.465,77.0,83.0,904.0,2072.0,903.7306,2072.019,903.7306,2072.019,142.32681056150227,27.40174544395987,1.575,1.379,75.51,0.00825,0.00721,76.48,903.7306,2072.019,142.32681056150227,27.40174544395987,0.51567950643,0.59464156423,0.51567950643,0.59464156423,0.774,0.715,76.54,0.7742326,0.7147622,76.54,23.389,0.0,2.49,1.142,0.124,0.987,29.0
2104,2104,29_77,29_12,78159.0,134.1013,14.1731,0.0019,188.6636,113.0,120.0,836.0,2057.0,835.6357,2057.0978,835.6357,2057.0978,142.34832851601195,27.406170810226246,1.647,1.438,72.48,0.00394,0.00348,65.83,835.6357,2057.0978,142.34832851601195,27.406170810226246,0.51753439025,0.59339405375,0.51753439025,0.59339405375,0.774,0.716,75.49,0.773846,0.7156052,75.49,23.3882,0.0,2.6,1.145,0.127,0.996,29.0
2106,2106,29_79,29_10,180.9461,17.48137,20.7617,0.1049,188.1705,5.0,6.0,1002.0,2054.0,1001.8713,2053.849,1001.8713,2053.849,142.2956478253393,27.40652102720458,0.733,0.566,45.57,0.09599,0.07106,44.92,1001.8713,2053.849,142.2956478253393,27.40652102720458,0.37574906181,0.4167629504,0.37574906181,0.4167629504,0.646,0.612,-80.64,0.6464592,0.6120478,-80.64,23.3577,0.0,1.71,1.294,0.227,0.412,29.0
2107,2107,29_80,29_9,7713.993,59.66222,16.6874,0.0084,187.9574,45.0,51.0,946.0,2045.0,945.94,2044.8175,945.94,2044.8175,142.31333388035245,27.40925318923023,1.442,1.249,75.48,0.01583,0.01299,76.91,945.94,2044.8175,142.31333388035245,27.40925318923023,0.48631306272,0.55709178512,0.48631306272,0.55709178512,0.749,0.695,77.52,0.7488225,0.6947444,77.52,23.3518,0.0,2.18,1.155,0.134,0.98,29.0
2108,2108,29_81,29_8,3173.222,46.15421,17.6518,0.0158,187.7996,31.0,36.0,863.0,2045.0,863.4099,2045.7366,863.4099,2045.7366,142.33948604726228,27.4092736426551,1.382,1.169,69.5,0.02649,0.02215,73.34,863.4099,2045.7366,142.33948604726228,27.4092736426551,0.54682781019,0.62313341579,0.54682781019,0.62313341579,0.805,0.722,63.56,0.8051182,0.7223198,63.56,23.3375,0.0,2.41,1.183,0.154,0.999,29.0
2109,2109,29_82,29_7,126.8229,16.05362,21.1476,0.1375,189.0683,3.0,5.0,613.0,2047.0,613.4082,2047.2114,613.4082,2047.2114,142.4187040445075,27.409672955904245,0.731,0.455,71.11,0.11464,0.06652,71.53,613.4082,2047.2114,142.4187040445075,27.409672955904245,0.84973249181,0.78871164033,0.84973249181,0.78871164033,0.941,0.867,31.43,0.9413321,0.8673742,31.43,23.3192,0.0,3.36,1.606,0.377,0.486,29.0
2110,2110,29_83,29_6,730.84,29.28422,19.246,0.0435,188.4304,14.0,16.0,536.0,2045.0,535.6257,2045.6594,535.6257,2045.6594,142.4433450123419,27.41035295142523,1.043,0.94,-80.87,0.05262,0.04543,-75.81,535.6257,2045.6594,142.4433450123419,27.41035295142523,0.50212576095,0.54424472194,0.50212576095,0.54424472194,0.738,0.708,83.28,0.7381309,0.7081901,83.28,23.3565,0.0,2.77,1.109,0.099,0.927,29.0
2111,2111,29_84,29_5,195.5161,19.3236,20.6776,0.1073,191.1264,7.0,7.0,694.0,2040.0,694.2841,2040.0162,694.2841,2040.0162,142.39305205535962,27.4114385982843,0.745,0.658,79.96,0.08457,0.07805,88.91,694.2841,2040.0162,142.39305205535962,27.4114385982843,0.59810549324,0.85585298377,0.59810549324,0.85585298377,0.948,0.746,69.45,0.9476357,0.7456173,69.45,23.3787,0.0,2.26,1.132,0.117,0.283,29.0
2113,2113,29_86,29_3,191.4883,17.62729,20.7002,0.1,190.1309,6.0,6.0,731.0,2022.0,731.0074999999999,2022.4598,731.0074999999999,2022.4598,142.38135189462312,27.41625784108752,0.763,0.498,1.82,0.10156,0.06266,0.07,731.0074999999999,2022.4598,142.38135189462312,27.41625784108752,0.38960822343,0.35799449881,0.38960822343,0.35799449881,0.643,0.579,33.05,0.6425051,0.5786103,33.05,23.3516,0.0,1.81,1.532,0.347,0.416,29.0
2114,2114,29_87,29_89,114401.7,158.8911,13.7595,0.0015,189.1381,129.0,141.0,529.0,2501.0,528.8521,2501.3376,528.8521,2501.3376,142.4470814891978,27.282201322144637,1.662,1.439,73.0,0.00325,0.00277,67.28,528.8521,2501.3376,142.4470814891978,27.282201322144637,0.50758505737,0.58535068262,0.50758505737,0.58535068262,0.769,0.708,74.94,0.7690406,0.7081752,74.94,23.3351,0.0,2.42,1.155,0.134,0.987,29.0
2116,2116,30_2,30_67,760.6132,33.39348,19.2027,0.0477,188.9897,18.0,21.0,1464.0,2491.0,1463.9477,2490.9967,1463.9477,2490.9967,142.15110087671334,27.28189522302989,1.17,1.117,73.67,0.05654,0.05633,69.79,1463.9477,2490.9967,142.15110087671334,27.28189522302989,0.9505428843,1.0685269488,0.9505428843,1.0685269488,1.038,0.97,75.33,1.037883,0.970499,75.33,23.3794,0.0,3.24,1.047,0.045,0.012,30.0
2117,2117,30_3,30_68,539325.6,312.605,12.0759,0.0006,188.3447,218.0,227.0,1448.0,2516.0,1448.4272,2515.16,1448.4272,2515.16,142.1561143601826,27.27515696578572,1.74,1.637,67.08,0.00131,0.00124,8.58,1448.4272,2515.16,142.1561143601826,27.27515696578572,0.8775934916,1.1052757623,0.8775934916,1.1052757623,1.051,0.937,-89.02,1.051353,0.9367638,-89.02,23.348,28.0,5.1,1.063,0.06,0.994,30.0
2118,2118,30_4,30_66,11046.62,67.04437,16.2975,0.0066,187.9245,50.0,62.0,1220.0,2479.0,1219.82,2479.7788,1219.82,2479.7788,142.2283162843553,27.285948945552256,1.459,1.31,73.9,0.01259,0.01151,72.26,1219.82,2479.7788,142.2283162843553,27.285948945552256,0.48897329907,0.56045562012,0.48897329907,0.56045562012,0.752,0.696,76.41,0.7515953,0.6960844,76.41,23.3652,0.0,2.28,1.114,0.102,0.985,30.0
2121,2121,30_7,30_63,4353.931,50.38211,17.3084,0.0126,188.3447,37.0,41.0,1274.0,2470.0,1273.826,2469.951,1273.826,2469.951,142.21118416010358,27.288517984257364,1.372,1.244,78.95,0.02074,0.01919,76.88,1273.826,2469.951,142.21118416010358,27.288517984257364,0.50055279039,0.5609192235,0.50055279039,0.5609192235,0.754,0.702,71.66,0.753904,0.7022113,71.66,23.3817,3.0,1.98,1.103,0.094,0.979,30.0
2122,2122,30_8,30_63,3284.305,45.30461,17.6145,0.015,188.4636,30.0,34.0,1277.0,2465.0,1277.3968,2465.0531,1277.3968,2465.0531,142.2100340718309,27.289882671702216,1.334,1.171,79.46,0.02426,0.02006,69.57,1277.3968,2465.0531,142.2100340718309,27.289882671702216,0.49328198475,0.5454503781,0.49328198475,0.5454503781,0.739,0.702,83.14,0.7390648,0.7017945,83.14,23.3905,3.0,2.09,1.139,0.122,0.977,30.0
2123,2123,30_9,30_62,314.6681,22.78217,20.1609,0.0786,188.6544,10.0,10.0,1501.0,2471.0,1500.7799,2470.931,1500.7799,2470.931,142.13935914108018,27.28740021920411,0.894,0.744,2.75,0.0843,0.06713,0.38,1500.7799,2470.931,142.13935914108018,27.28740021920411,0.64104730817,0.57871534689,0.64104730817,0.57871534689,0.801,0.76,8.13,0.8014639,0.7598804,8.13,23.3494,0.0,2.86,1.202,0.168,0.58,30.0
2124,2124,30_10,30_61,322.0203,24.67235,20.1359,0.0832,188.0062,9.0,12.0,1489.0,2465.0,1489.5033,2465.3036,1489.5033,2465.3036,142.14290422349228,27.28902571456953,1.043,0.816,60.04,0.09748,0.07463,53.26,1489.5033,2465.3036,142.14290422349228,27.28902571456953,0.95843054685,1.1629103594,0.95843054685,1.1629103594,1.078,0.979,-88.28,1.078469,0.9789006,-88.28,23.3212,0.0,4.02,1.278,0.218,0.073,30.0
2125,2125,30_11,30_60,363.5242,22.26597,20.0042,0.0665,187.8985,7.0,10.0,1137.0,2461.0,1136.9927,2461.1913,1136.9927,2461.1913,142.25445631098196,27.291472905634404,0.86,0.741,89.49,0.07022,0.05592,89.96,1136.9927,2461.1913,142.25445631098196,27.291472905634404,0.41698266777,0.40065244871,0.41698266777,0.40065244871,0.648,0.631,21.11,0.6479519,0.6307086,21.11,23.3804,0.0,2.02,1.16,0.138,0.818,30.0
2126,2126,30_12,30_59,6704.276,56.92716,16.8397,0.0092,187.5661,45.0,49.0,1057.0,2444.0,1057.529,2444.0389,1057.529,2444.0389,142.27953981628735,27.29657678174324,1.428,1.264,69.85,0.01679,0.01477,61.38,1057.529,2444.0389,142.27953981628735,27.29657678174324,0.52375496282,0.57652695076,0.52375496282,0.57652695076,0.766,0.717,68.32,0.7657864,0.7168355,68.32,23.3543,0.0,2.4,1.13,0.115,0.985,30.0
2127,2127,30_13,30_58,7599.95,59.80545,16.7035,0.0085,187.7519,44.0,51.0,1382.0,2439.0,1381.831,2439.5473,1381.831,2439.5473,142.1768749845737,27.296673348051563,1.457,1.249,78.89,0.01609,0.01295,82.07,1381.831,2439.5473,142.1768749845737,27.296673348051563,0.4993400337,0.55214778006,0.4993400337,0.55214778006,0.747,0.703,72.91,0.7467666,0.7027286,72.91,23.3372,0.0,2.27,1.166,0.142,0.984,30.0
2128,2128,30_14,30_57,1344.25,34.94143,18.5844,0.0282,188.537,16.0,23.0,1234.0,2403.0,1233.9892,2403.1814,1233.9892,2403.1814,142.223522347016,27.307443056117847,1.151,1.043,66.36,0.03814,0.03366,68.43,1233.9892,2403.1814,142.223522347016,27.307443056117847,0.48098931041,0.52801833259,0.48098931041,0.52801833259,0.728,0.692,78.02,0.7281718,0.6919346,78.02,23.418,0.0,2.1,1.104,0.094,0.978,30.0
2129,2129,30_15,30_56,200.4397,18.74865,20.6506,0.1016,188.1861,6.0,7.0,1406.0,2390.0,1406.4323,2390.2932,1406.4323,2390.2932,142.16888245538644,27.31043591247653,0.971,0.481,-81.99,0.11979,0.05524,-81.67,1406.4323,2390.2932,142.16888245538644,27.31043591247653,0.61223849701,0.7857383922,0.61223849701,0.7857383922,0.893,0.775,-75.57,0.8933342,0.7745521,-75.57,23.3686,0.0,4.04,2.017,0.504,0.226,30.0
2130,2130,30_16,30_55,371.1969,24.12462,19.9816,0.0706,188.5504,11.0,12.0,1201.0,2376.0,1201.1698,2376.1189,1201.1698,2376.1189,142.233802434263,27.315173194116905,1.09,0.763,-85.56,0.09342,0.06173,-87.93,1201.1698,2376.1189,142.233802434263,27.315173194116905,0.735374792,0.91077426725,0.735374792,0.91077426725,0.971,0.838,-68.29,0.9714974,0.8380584,-68.29,23.4216,0.0,4.26,1.427,0.299,0.011,30.0
2131,2131,30_17,30_54,11811.9,67.0468,16.2248,0.0062,187.9757,51.0,59.0,1120.0,2373.0,1119.5513,2373.062,1119.5513,2373.062,142.25962815430458,27.316323471320658,1.47,1.308,75.0,0.0115,0.01049,72.52,1119.5513,2373.062,142.25962815430458,27.316323471320658,0.50827160108,0.58008227486,0.50827160108,0.58008227486,0.765,0.709,75.27,0.7651212,0.7091851,75.27,23.3756,0.0,2.39,1.124,0.11,0.99,30.0
2132,2132,30_18,30_53,229.4594,19.77755,20.5038,0.0936,188.4267,8.0,8.0,1078.0,2360.0,1078.1246,2359.8313,1078.1246,2359.8313,142.27269076623722,27.32019064002794,0.831,0.67,45.7,0.09462,0.07493,45.23,1078.1246,2359.8313,142.27269076623722,27.32019064002794,0.75029564161,0.76798984735,0.75029564161,0.76798984735,0.896,0.846,50.96,0.8955324,0.8463493,50.96,23.3976,0.0,4.42,1.24,0.194,0.007,30.0
2133,2133,30_19,30_52,16877.52,75.47294,15.8373,0.0049,188.2337,62.0,67.0,1043.0,2356.0,1043.4507,2356.5587,1043.4507,2356.5587,142.28365518101515,27.32123215288753,1.512,1.321,71.31,0.00959,0.00812,66.79,1043.4507,2356.5587,142.28365518101515,27.32123215288753,0.48822516643,0.54120510986,0.48822516643,0.54120510986,0.74,0.694,71.46,0.7402133,0.6939125,71.46,23.3822,0.0,2.28,1.145,0.127,0.995,30.0
2134,2134,30_20,30_51,37912.07,107.7387,14.9586,0.0031,188.297,110.0,122.0,1464.0,2353.0,1463.9072,2352.9723,1463.9072,2352.9723,142.15053078196414,27.320718155076875,2.019,1.564,-11.02,0.0096,0.00606,-12.45,1463.9072,2352.9723,142.15053078196414,27.320718155076875,0.53508291125,0.61432004989,0.53508291125,0.61432004989,0.786,0.729,77.57,0.7863634,0.7287218,77.57,23.3788,0.0,2.5,1.291,0.225,0.983,30.0
2136,2136,30_22,30_49,1553.23,36.86709,18.4275,0.0258,188.5534,21.0,25.0,1061.0,2355.0,1061.2434,2355.6168,1061.2434,2355.6168,142.27801858291662,27.32143510255015,1.194,1.056,87.81,0.03715,0.03141,-84.27,1061.2434,2355.6168,142.27801858291662,27.32143510255015,0.45336380939,0.51260531489,0.45336380939,0.51260531489,0.722,0.667,70.7,0.7217261,0.6671436,70.7,23.4045,0.0,2.08,1.131,0.116,0.98,30.0
2137,2137,30_23,30_48,220.9846,17.39052,20.5447,0.0855,187.7656,3.0,6.0,1282.0,2348.0,1282.4872,2348.0003,1282.4872,2348.0003,142.20794518432191,27.3227884049611,0.702,0.5,89.0,0.0902,0.05587,89.95,1282.4872,2348.0003,142.20794518432191,27.3227884049611,0.27918671203,0.089194142414,0.27918671203,0.089194142414,0.528,0.299,1.07,0.5284439,0.298543,1.07,23.3592,0.0,0.05,1.405,0.288,0.638,30.0
2138,2138,30_24,30_47,237.4467,18.69148,20.4667,0.0855,188.312,6.0,7.0,1039.0,2335.0,1038.657,2334.975,1038.657,2334.975,142.28508877741783,27.32731984152022,0.736,0.646,-87.79,0.07898,0.07302,89.37,1038.657,2334.975,142.28508877741783,27.32731984152022,0.41157117674,0.53223791457,0.41157117674,0.53223791457,0.737,0.633,-73.81,0.7371171,0.6328251,-73.81,23.3852,0.0,2.88,1.139,0.122,0.41,30.0
2139,2139,30_25,30_46,3535.197,46.81445,17.5345,0.0144,188.6195,32.0,36.0,1455.0,2303.0,1455.4444,2303.5614,1455.4444,2303.5614,142.15300136383368,27.334647963588825,1.398,1.126,67.29,0.02504,0.01879,65.28,1455.4444,2303.5614,142.15300136383368,27.334647963588825,0.46105594822,0.51436848274,0.46105594822,0.51436848274,0.726,0.67,66.75,0.7255548,0.6700706,66.75,23.4003,0.0,2.2,1.241,0.194,0.975,30.0
2140,2140,30_26,30_45,478.2235,24.71349,19.7065,0.0561,188.3815,11.0,12.0,1060.0,2296.0,1060.0712,2296.193,1060.0712,2296.193,142.27815730522877,27.338153788721065,0.955,0.812,-59.17,0.06387,0.05179,-56.79,1060.0712,2296.193,142.27815730522877,27.338153788721065,0.4841902228,0.50534592212,0.4841902228,0.50534592212,0.72,0.686,-58.24,0.7200636,0.6863269,-58.24,23.3897,0.0,2.31,1.176,0.15,0.599,30.0
2141,2141,30_27,30_44,9994.424,64.59733,16.4062,0.007,188.1916,50.0,57.0,1464.0,2292.0,1464.2904,2292.4601,1464.2904,2292.4601,142.15015356061852,27.33773718823063,1.476,1.297,74.61,0.0131,0.01163,71.45,1464.2904,2292.4601,142.15015356061852,27.33773718823063,0.50412023322,0.57408318835,0.50412023322,0.57408318835,0.76,0.707,77.21,0.7601888,0.7073305,77.21,23.3736,0.0,2.18,1.138,0.122,0.983,30.0
2142,2142,30_28,30_43,48741.41,111.5984,14.6858,0.0025,188.577,97.0,106.0,1207.0,2289.0,1207.4734,2289.3761,1207.4734,2289.3761,142.23145764773372,27.33954929941809,1.632,1.401,72.91,0.00553,0.00449,73.66,1207.4734,2289.3761,142.23145764773372,27.33954929941809,0.51636854851,0.58173126028,0.51636854851,0.58173126028,0.768,0.713,72.1,0.7676857,0.713273,72.1,23.4334,0.0,2.55,1.164,0.141,1.0,30.0
2143,2143,30_29,30_42,387434.6,270.6284,12.4351,0.0008,188.2187,224.0,238.0,1433.0,2279.0,1432.6039,2279.0343,1432.6039,2279.0343,142.16013003528255,27.34163245253879,1.727,1.511,73.29,0.00167,0.00146,67.74,1432.6039,2279.0343,142.16013003528255,27.34163245253879,0.54403103324,0.61739687837,0.54403103324,0.61739687837,0.79,0.733,73.49,0.7902297,0.732779,73.49,23.3765,0.0,2.51,1.143,0.125,0.988,30.0
2144,2144,30_30,30_41,30038.15,121.2628,15.2114,0.0044,188.4339,155.0,215.0,1343.0,2227.0,1344.0213,2233.2361,1344.0213,2233.2361,142.18798955789475,27.35484327173681,9.798,1.39,87.5,0.06783,0.0065,88.03,1344.0213,2233.2361,142.18798955789475,27.35484327173681,2.0517344903,6.7096508877,2.0517344903,6.7096508877,2.616,1.385,80.54,2.615832,1.385211,80.54,23.3873,0.0,22.14,7.051,0.858,0.347,30.0
2145,2145,30_31,30_40,1504.889,43.30696,18.4618,0.0313,187.2196,33.0,37.0,1120.0,2282.0,1120.3446,2282.5198,1120.3446,2282.5198,142.2590186494383,27.341788141581954,1.847,1.171,34.16,0.06651,0.04124,33.57,1120.3446,2282.5198,142.2590186494383,27.341788141581954,1.6912701277,1.424621948,1.6912701277,1.424621948,1.38,1.1,33.7,1.380166,1.100469,33.7,23.3304,0.0,4.72,1.577,0.366,0.011,30.0
2146,2146,30_32,30_39,3955.418,49.48565,17.4126,0.0136,188.4632,34.0,40.0,1419.0,2277.0,1418.6809,2276.9929,1418.6809,2276.9929,142.16453007863774,27.34225869918096,1.365,1.229,77.74,0.02206,0.02022,76.59,1418.6809,2276.9929,142.16453007863774,27.34225869918096,0.5200265707,0.59405753504,0.5200265707,0.59405753504,0.775,0.717,74.55,0.7747159,0.7168677,74.55,23.3913,0.0,2.29,1.111,0.1,0.994,30.0
2148,2148,30_34,30_37,22327.18,84.42682,15.5335,0.0041,187.8503,72.0,77.0,1294.0,2250.0,1293.7821,2250.8055,1293.7821,2250.8055,142.20397124764122,27.350085717136835,1.533,1.367,78.86,0.00813,0.00729,86.96,1293.7821,2250.8055,142.20397124764122,27.350085717136835,0.49979637407,0.56261322957,0.49979637407,0.56261322957,0.753,0.704,76.7,0.7525504,0.7043278,76.7,23.3503,0.0,2.37,1.122,0.109,0.984,30.0
2152,2152,30_38,30_33,1120.952,37.57671,18.7816,0.0364,187.9956,25.0,27.0,1378.0,2227.0,1378.0202,2227.0498,1378.0202,2227.0498,142.17719707312,27.356457647520287,1.515,1.068,50.85,0.06284,0.04263,52.74,1378.0202,2227.0498,142.17719707312,27.356457647520287,1.0391330316,1.0867161395,1.0391330316,1.0867161395,1.108,0.947,49.13,1.108418,0.9472371,49.13,23.3579,0.0,3.8,1.419,0.295,0.039,30.0
2153,2153,30_39,30_32,27011.41,89.55845,15.3267,0.0036,188.5968,76.0,82.0,1047.0,2213.0,1046.9803,2213.7933,1046.9803,2213.7933,142.28198074344206,27.361376517249763,1.567,1.359,73.98,0.00748,0.00626,78.27,1046.9803,2213.7933,142.28198074344206,27.361376517249763,0.49449417542,0.57206085889,0.49449417542,0.57206085889,0.76,0.7,76.02,0.7597296,0.699547,76.02,23.4027,0.0,2.3,1.153,0.133,0.983,30.0
2154,2154,30_40,30_31,330.7276,22.20633,20.1069,0.0729,187.3114,8.0,10.0,1144.0,2211.0,1143.7887,2210.5519,1143.7887,2210.5519,142.2513088606923,27.3619479753151,0.917,0.716,89.87,0.08227,0.06033,-89.94,1143.7887,2210.5519,142.2513088606923,27.3619479753151,0.41085409909,0.44969859977,0.41085409909,0.44969859977,0.674,0.637,72.05,0.6739814,0.637418,72.05,23.3484,0.0,2.31,1.281,0.219,0.705,30.0
2155,2155,30_41,30_30,10724.43,65.66087,16.3296,0.0066,188.0563,52.0,58.0,1449.0,2206.0,1449.2865,2206.6715,1449.2865,2206.6715,142.1545422235476,27.361923561916768,1.465,1.304,74.72,0.01248,0.01095,76.11,1449.2865,2206.6715,142.1545422235476,27.361923561916768,0.48632501599,0.54879940411,0.48632501599,0.54879940411,0.744,0.694,75.35,0.7438973,0.6940758,75.35,23.3798,0.0,2.26,1.123,0.11,0.983,30.0
2156,2156,30_42,30_29,1095.998,32.96219,18.806,0.0327,187.8418,17.0,20.0,1356.0,2207.0,1356.357,2207.4448,1356.357,2207.4448,142.18397612388034,27.36205216611721,1.123,0.981,75.97,0.04368,0.03557,78.05,1356.357,2207.4448,142.18397612388034,27.36205216611721,0.44565444064,0.46399714979,0.44565444064,0.46399714979,0.683,0.665,69.0,0.6834968,0.6651945,69.0,23.3512,0.0,2.11,1.144,0.126,0.974,30.0
2157,2157,30_43,30_28,439.375,26.57969,19.7985,0.0657,188.0914,11.0,14.0,1364.0,2206.0,1364.3155,2205.6854,1364.3155,2205.6854,142.18144836662702,27.362517623079587,1.062,0.857,38.23,0.07914,0.0629,35.7,1364.3155,2205.6854,142.18144836662702,27.362517623079587,0.63282592058,0.64883803325,0.63282592058,0.64883803325,0.844,0.754,48.19,0.8442557,0.7542521,48.19,23.3683,0.0,2.89,1.239,0.193,0.617,30.0
2158,2158,30_44,30_27,529.8029,26.67088,19.5953,0.0547,188.009,12.0,14.0,1082.0,2203.0,1082.3185,2203.4925,1082.3185,2203.4925,142.27074869479495,27.36415042782841,0.945,0.896,80.95,0.05816,0.05682,88.51,1082.3185,2203.4925,142.27074869479495,27.36415042782841,0.4109047622,0.48237915854,0.4109047622,0.48237915854,0.701,0.634,71.56,0.7009438,0.6340045,71.56,23.3711,0.0,2.01,1.054,0.051,0.763,30.0
2159,2159,30_45,30_26,2384.802,42.10836,17.9619,0.0192,188.1667,26.0,31.0,1068.0,2202.0,1068.3521,2202.4272,1068.3521,2202.4272,142.27516776229692,27.3644989664913,1.253,1.135,69.68,0.02783,0.02605,61.26,1068.3521,2202.4272,142.27516776229692,27.3644989664913,0.45563426496,0.51329068807,0.45563426496,0.51329068807,0.72,0.671,74.61,0.7197322,0.6714988,74.61,23.3773,0.0,2.08,1.104,0.094,0.981,30.0
2160,2160,30_46,30_25,1423.476,36.09996,18.5222,0.0275,187.2414,19.0,24.0,1427.0,2179.0,1427.1596,2179.2832,1427.1596,2179.2832,142.16143463285044,27.369710049651395,1.184,1.02,71.79,0.03942,0.03221,70.63,1427.1596,2179.2832,142.16143463285044,27.369710049651395,0.42848244213,0.50261906561,0.42848244213,0.50261906561,0.712,0.652,77.74,0.7115428,0.6517732,77.74,23.3252,0.0,1.79,1.16,0.138,0.973,30.0
2161,2161,30_47,30_24,447.8503,24.77992,19.7777,0.0601,187.8602,10.0,12.0,1310.0,2160.0,1309.7962,2159.7173,1309.7962,2159.7173,142.19852561486064,27.37564784835629,0.93,0.815,73.7,0.06475,0.05637,70.15,1309.7962,2159.7173,142.19852561486064,27.37564784835629,0.38800270235,0.5018131302,0.38800270235,0.5018131302,0.711,0.62,80.75,0.7105711,0.6204067,80.75,23.3648,0.0,2.29,1.142,0.124,0.765,30.0
2162,2162,30_48,30_23,2168.388,39.56742,18.0652,0.0198,188.0702,24.0,28.0,1227.0,2156.0,1227.1087,2156.0481,1227.1087,2156.0481,142.2247009810903,27.37698041036934,1.259,1.066,71.53,0.03064,0.02502,71.63,1227.1087,2156.0481,142.2247009810903,27.37698041036934,0.45009902627,0.53551659044,0.45009902627,0.53551659044,0.736,0.667,76.16,0.7355503,0.6667693,76.16,23.4052,0.0,2.06,1.181,0.153,0.98,30.0
2163,2163,30_49,30_22,153.4693,17.15851,20.9405,0.1214,187.4541,6.0,6.0,1082.0,2146.0,1082.1733,2145.8587,1082.1733,2145.8587,142.27056803173195,27.380361864465304,0.759,0.569,-46.0,0.10889,0.08054,-45.12,1082.1733,2145.8587,142.27056803173195,27.380361864465304,0.75256436234,0.75581562279,0.75256436234,0.75581562279,0.902,0.834,-45.79,0.9017988,0.8337499,-45.79,23.3337,0.0,3.88,1.335,0.251,0.048,30.0
2164,2164,30_50,30_21,232.8841,18.70058,20.4877,0.0872,188.6432,6.0,7.0,1274.0,2144.0,1274.242,2144.052,1274.242,2144.052,142.2097229556026,27.380183852652,0.727,0.649,79.82,0.0774,0.07147,-89.66,1274.242,2144.052,142.2097229556026,27.380183852652,0.26102491414,0.37014306129,0.26102491414,0.37014306129,0.613,0.505,77.34,0.6131415,0.5051985,77.34,23.4264,0.0,1.92,1.119,0.107,0.581,30.0
2165,2165,30_51,30_20,3716.331,56.32453,17.4803,0.0165,188.1575,52.0,57.0,1020.0,2125.0,1019.5069,2125.4903,1019.5069,2125.4903,142.29033866607807,27.38630930861796,2.038,1.362,-16.22,0.03914,0.02598,-15.45,1019.5069,2125.4903,142.29033866607807,27.38630930861796,1.4752188331,1.0812058119,1.4752188331,1.0812058119,1.233,1.018,-17.66,1.232744,1.018217,-17.66,23.3693,0.0,3.76,1.496,0.332,0.026,30.0
2166,2166,30_52,30_19,848.8121,29.31831,19.0835,0.0375,189.0067,14.0,16.0,1451.0,2126.0,1450.9507,2126.4376,1450.9507,2126.4376,142.15367626890315,27.38448476103212,1.005,0.928,2.55,0.04427,0.03671,0.46,1450.9507,2126.4376,142.15367626890315,27.38448476103212,0.44787533762,0.4504861867,0.44787533762,0.4504861867,0.677,0.664,49.28,0.6767241,0.6636308,49.28,23.4396,0.0,2.01,1.083,0.077,0.972,30.0
2167,2167,30_53,30_18,319.0034,23.3553,20.1461,0.0795,187.8667,10.0,11.0,1381.0,2123.0,1381.5211,2122.8451,1381.5211,2122.8451,142.17565396517458,27.38575451045,1.073,0.711,-40.11,0.09717,0.06451,-40.97,1381.5211,2122.8451,142.17565396517458,27.38575451045,0.90394208674,0.9981727471,0.90394208674,0.9981727471,1.065,0.877,-52.48,1.064652,0.8767164,-52.48,23.3651,0.0,3.89,1.51,0.338,0.002,30.0
2168,2168,30_54,30_17,734.5417,29.46393,19.2405,0.0436,187.9639,13.0,17.0,1177.0,2115.0,1176.9568,2115.3497,1176.9568,2115.3497,142.24042301570893,27.38860777055608,1.008,0.988,75.27,0.05045,0.04844,0.74,1176.9568,2115.3497,142.24042301570893,27.38860777055608,0.52023011382,0.57817205139,0.52023011382,0.57817205139,0.763,0.719,76.8,0.7625929,0.7189258,76.8,23.3899,0.0,2.03,1.02,0.02,0.938,30.0
2170,2170,30_56,30_15,255.7522,21.24533,20.386,0.0902,188.2761,8.0,9.0,1452.0,2111.0,1452.1151,2110.6376,1452.1151,2110.6376,142.15324066125,27.388924445692936,0.881,0.689,64.69,0.09089,0.0658,69.46,1452.1151,2110.6376,142.15324066125,27.388924445692936,0.70177718868,0.61106518308,0.70177718868,0.61106518308,0.856,0.762,26.6,0.8556587,0.7620305,26.6,23.3866,0.0,2.21,1.278,0.217,0.645,30.0
2172,2172,30_58,30_13,940.485,32.39856,18.9722,0.0374,188.2874,18.0,20.0,1282.0,2106.0,1281.7073,2106.1584,1281.7073,2106.1584,142.207203288676,27.39081507381353,1.086,1.023,62.64,0.04652,0.04457,48.55,1281.7073,2106.1584,142.207203288676,27.39081507381353,0.45103518178,0.48069927447,0.45103518178,0.48069927447,0.7,0.665,64.27,0.6997684,0.6648749,64.27,23.3982,0.0,1.94,1.062,0.058,0.925,30.0
2173,2173,30_59,30_12,70582.24,129.3421,14.2838,0.002,188.6267,110.0,120.0,1111.0,2100.0,1111.187,2100.61,1111.187,2100.61,142.26119888042328,27.392987093420256,1.653,1.444,74.66,0.0043,0.00374,70.27,1111.187,2100.61,142.26119888042328,27.392987093420256,0.52236488198,0.60564909156,0.52236488198,0.60564909156,0.782,0.719,76.18,0.7816722,0.7190289,76.18,23.4284,0.0,2.32,1.145,0.126,0.983,30.0
2174,2174,30_60,30_11,5671.538,54.47762,17.0213,0.0104,187.5605,39.0,46.0,1057.0,2085.0,1056.6798,2085.4747,1056.6798,2085.4747,142.27840684097688,27.397435436295552,1.414,1.249,68.75,0.01856,0.01631,64.55,1056.6798,2085.4747,142.27840684097688,27.397435436295552,0.4906286591,0.54088039637,0.4906286591,0.54088039637,0.742,0.693,68.07,0.7420234,0.693477,68.07,23.3501,0.0,2.3,1.132,0.116,0.982,30.0
2177,2177,30_63,30_8,16395.0,117.1384,15.8688,0.0078,187.8761,211.0,233.0,1484.0,2070.0,1483.8941,2070.1035,1483.8941,2070.1035,142.1430015594799,27.400205624345983,3.445,2.772,21.54,0.03284,0.02595,18.85,1483.8941,2070.1035,142.1430015594799,27.400205624345983,3.0043614634,2.9558553039,3.0043614634,2.9558553039,1.783,1.667,41.52,1.783286,1.667365,41.52,23.345,0.0,4.03,1.243,0.195,0.028,30.0
2178,2178,30_64,30_7,1511.796,38.19735,18.4568,0.0274,188.4061,23.0,26.0,1464.0,2072.0,1464.3442,2071.8534,1464.3442,2071.8534,142.14920250314196,27.399787215612296,1.181,1.137,17.3,0.03888,0.0332,2.24,1464.3442,2071.8534,142.14920250314196,27.399787215612296,0.50899254725,0.58999456805,0.50899254725,0.58999456805,0.769,0.712,81.65,0.7692714,0.7121857,81.65,23.3813,0.0,2.27,1.039,0.037,0.938,30.0
2179,2179,30_65,30_6,107430.5,155.7339,13.8278,0.0016,187.8685,139.0,151.0,1429.0,2056.0,1429.5704,2056.0541,1429.5704,2056.0541,142.16015251976162,27.40436166699757,1.758,1.465,80.71,0.0038,0.00293,85.52,1429.5704,2056.0541,142.16015251976162,27.40436166699757,0.5391762123,0.61055526859,0.5391762123,0.61055526859,0.785,0.731,75.04,0.7848818,0.7305423,75.04,23.3486,0.0,2.42,1.201,0.167,0.985,30.0
2180,2180,30_66,30_5,5467.693,62.73112,17.0611,0.0125,189.0695,67.0,70.0,1215.0,2049.0,1214.6782,2049.1176,1214.6782,2049.1176,142.22820636877236,27.407101729559237,1.965,1.608,1.46,0.02941,0.02343,2.45,1214.6782,2049.1176,142.22820636877236,27.407101729559237,1.4997828481,1.2404851979,1.4997828481,1.2404851979,1.225,1.114,-1.58,1.224737,1.113682,-1.58,23.4703,0.0,3.69,1.222,0.182,0.028,30.0
2181,2181,30_67,30_4,13851.58,72.28862,16.0518,0.0057,187.6037,55.0,65.0,1320.0,2038.0,1319.8015,2037.9262,1319.8015,2037.9262,142.19485456579633,27.4098674469834,1.508,1.337,74.55,0.01091,0.00979,65.26,1319.8015,2037.9262,142.19485456579633,27.4098674469834,0.51708800428,0.59702260818,0.51708800428,0.59702260818,0.775,0.717,78.39,0.7749484,0.7166349,78.39,23.3227,0.0,2.41,1.128,0.113,0.992,30.0
2182,2182,30_68,30_3,261.0349,21.0752,20.3638,0.0877,188.5721,9.0,9.0,1255.0,2039.0,1255.3052,2038.9761,1255.3052,2038.9761,142.2152934197377,27.409807460817785,0.989,0.642,-38.16,0.10062,0.06218,-35.92,1255.3052,2038.9761,142.2152934197377,27.409807460817785,0.81983561318,0.96864250201,0.81983561318,0.96864250201,1.021,0.864,-60.13,1.020746,0.8640351,-60.13,23.4133,0.0,3.32,1.539,0.35,0.029,30.0
2183,2183,30_69,30_2,240.4083,21.07434,20.4532,0.0952,188.203,7.0,9.0,1265.0,2035.0,1264.3592,2034.8416,1264.3592,2034.8416,142.21240795113368,27.41093750745872,0.907,0.688,21.83,0.09822,0.07112,20.34,1264.3592,2034.8416,142.21240795113368,27.41093750745872,0.88631164343,0.87425925571,0.88631164343,0.87425925571,0.987,0.887,43.16,0.9869977,0.8867955,43.16,23.3807,0.0,3.88,1.318,0.241,0.167,30.0
2185,2185,31_2,31_61,414.3279,23.54234,19.8622,0.0617,187.3939,10.0,11.0,1647.0,2501.0,1647.2139,2500.8493,1647.2139,2500.8493,142.0931446382688,27.27842359579325,0.871,0.839,62.09,0.06368,0.06129,46.38,1647.2139,2500.8493,142.0931446382688,27.27842359579325,0.51479698293,0.57225660421,0.51479698293,0.57225660421,0.757,0.717,87.05,0.7565776,0.7173869,87.05,23.3733,0.0,2.82,1.038,0.037,0.529,31.0
2186,2186,31_3,31_60,32238.41,96.81421,15.1346,0.0033,188.0264,83.0,91.0,1563.0,2493.0,1563.0698,2493.1362,1563.0698,2493.1362,142.11974035846927,27.280917381550363,1.596,1.392,70.84,0.00688,0.00578,69.35,1563.0698,2493.1362,142.11974035846927,27.280917381550363,0.5127822661,0.59831370324,0.5127822661,0.59831370324,0.778,0.711,74.73,0.7779442,0.7112656,74.73,23.3615,0.0,2.32,1.147,0.128,0.983,31.0
2187,2187,31_4,31_59,2766.886,44.68635,17.8006,0.0175,188.5965,26.0,32.0,1523.0,2496.0,1523.1606,2496.0939,1523.1606,2496.0939,142.13238318244797,27.280237643454985,1.276,1.119,73.46,0.02597,0.02223,73.6,1523.1606,2496.0939,142.13238318244797,27.280237643454985,0.46672597047,0.52822569242,0.46672597047,0.52822569242,0.732,0.678,72.38,0.7315231,0.6781045,72.38,23.332,0.0,2.09,1.14,0.123,0.98,31.0
2188,2188,31_5,31_58,255.7504,20.9106,20.386,0.0888,188.1305,8.0,9.0,1778.0,2496.0,1777.858,2496.2925,1777.858,2496.2925,142.05177985679123,27.27919255762607,0.909,0.666,69.5,0.09831,0.07074,69.6,1777.858,2496.2925,142.05177985679123,27.27919255762607,0.43802873504,0.573798912,0.43802873504,0.573798912,0.767,0.65,72.5,0.7673303,0.650409,72.5,23.3874,0.0,3.0,1.365,0.268,0.453,31.0
2189,2189,31_6,31_57,363.3296,23.06285,20.0048,0.0689,187.9874,8.0,10.0,1540.0,2494.0,1540.2541,2494.4007,1540.2541,2494.4007,142.12696633516092,27.280648842866963,0.918,0.701,-89.44,0.07624,0.05578,-89.38,1540.2541,2494.4007,142.12696633516092,27.280648842866963,0.39679021495,0.44053290576,0.39679021495,0.44053290576,0.675,0.618,63.01,0.6751646,0.6176374,63.01,23.3198,0.0,2.44,1.311,0.237,0.787,31.0
2190,2190,31_7,31_56,246.94,19.76572,20.4241,0.0869,189.0378,5.0,8.0,1733.0,2481.0,1732.8104,2481.0561,1732.8104,2481.0561,142.06596855362466,27.283656173616,0.806,0.653,51.26,0.08199,0.06461,45.48,1732.8104,2481.0561,142.06596855362466,27.283656173616,0.36468893413,0.43148094561,0.36468893413,0.43148094561,0.667,0.593,68.18,0.6665068,0.5932441,68.18,23.4521,0.0,2.16,1.234,0.19,0.646,31.0
2191,2191,31_8,31_55,10121.88,63.92776,16.3924,0.0069,188.0303,50.0,56.0,1716.0,2474.0,1715.7037,2474.145,1715.7037,2474.145,142.0713519861696,27.285667339930555,1.44,1.313,74.4,0.01209,0.01163,59.46,1715.7037,2474.145,142.0713519861696,27.285667339930555,0.50221016377,0.56505390848,0.50221016377,0.56505390848,0.755,0.705,74.79,0.7550308,0.7051188,74.79,23.3914,0.0,2.4,1.096,0.088,0.983,31.0
2192,2192,31_9,31_54,2103.772,40.33725,18.0981,0.0208,188.1954,24.0,28.0,1564.0,2470.0,1563.9007,2470.1026,1563.9007,2470.1026,142.11937841195308,27.287392948830085,1.269,1.08,71.3,0.03192,0.02468,70.44,1563.9007,2470.1026,142.11937841195308,27.287392948830085,0.46593865933,0.52767170231,0.46593865933,0.52767170231,0.729,0.68,76.43,0.7290336,0.6797944,76.43,23.368,0.0,2.15,1.176,0.15,0.956,31.0
2193,2193,31_10,31_53,429.8989,25.18655,19.8222,0.0636,187.5457,8.0,13.0,1871.0,2470.0,1870.6675,2469.6202,1870.6675,2469.6202,142.02228763220495,27.286323511559612,0.935,0.851,49.23,0.07037,0.06028,44.97,1870.6675,2469.6202,142.02228763220495,27.286323511559612,0.40324679812,0.42529928634,0.40324679812,0.42529928634,0.66,0.627,-61.0,0.659605,0.6272697,-61.0,23.3645,0.0,2.27,1.098,0.09,0.835,31.0
2194,2194,31_11,31_52,561.1584,26.50649,19.5329,0.0513,187.753,10.0,14.0,1789.0,2461.0,1788.755,2461.4757,1788.755,2461.4757,142.04817555248778,27.288942171472023,0.954,0.9,69.83,0.05357,0.05235,86.53,1788.755,2461.4757,142.04817555248778,27.288942171472023,0.41576716643,0.43648107604,0.41576716643,0.43648107604,0.672,0.633,57.01,0.6719847,0.6329967,57.01,23.3694,0.0,2.27,1.059,0.056,0.916,31.0
2195,2195,31_12,31_51,148.2114,16.7012,20.9784,0.1224,188.7253,6.0,6.0,1950.0,2460.0,1950.1608,2460.1749,1950.1608,2460.1749,141.99708565318974,27.288657699559835,0.75,0.564,45.73,0.10999,0.08133,45.05,1950.1608,2460.1749,141.99708565318974,27.288657699559835,0.547123594,0.59094147541,0.547123594,0.59094147541,0.806,0.699,52.87,0.8060695,0.6987968,52.87,23.4715,0.0,3.1,1.331,0.249,0.32,31.0
2196,2196,31_13,31_50,5739.67,55.36295,17.0084,0.0105,188.2409,39.0,45.0,1538.0,2454.0,1538.1507,2454.6545,1538.1507,2454.6545,142.12746197111795,27.291836436245774,1.378,1.269,74.75,0.01661,0.01621,-85.38,1538.1507,2454.6545,142.12746197111795,27.291836436245774,0.49381051863,0.56181146298,0.49381051863,0.56181146298,0.755,0.697,72.44,0.7545696,0.6973139,72.44,23.3329,0.0,2.17,1.086,0.079,0.982,31.0
2197,2197,31_14,31_49,1515.243,36.48119,18.4544,0.0261,188.0132,21.0,24.0,1580.0,2452.0,1580.1178,2452.1518,1580.1178,2452.1518,142.1141684383914,27.292379872405764,1.183,1.033,69.16,0.03624,0.02953,70.89,1580.1178,2452.1518,142.1141684383914,27.292379872405764,0.45494198087,0.49408105197,0.45494198087,0.49408105197,0.708,0.669,68.85,0.7077932,0.6693667,68.85,23.375,0.0,1.92,1.145,0.127,0.974,31.0
2198,2198,31_15,31_48,434.3568,25.20913,19.811,0.063,187.4429,10.0,13.0,1704.0,2452.0,1703.7229,2452.3505,1703.7229,2452.3505,142.07504768208926,27.291844502183583,0.966,0.842,-42.27,0.07219,0.06146,-43.96,1703.7229,2452.3505,142.07504768208926,27.291844502183583,0.49366828191,0.4677010954,0.49366828191,0.4677010954,0.716,0.669,-33.22,0.7163581,0.6694778,-33.22,23.3597,0.0,2.37,1.147,0.128,0.727,31.0
2199,2199,31_16,31_47,264.6978,20.75621,20.3487,0.0852,187.6105,8.0,9.0,1874.0,2452.0,1873.8096,2451.7195,1873.8096,2451.7195,142.0212119108054,27.29134571953218,0.918,0.672,-71.01,0.09294,0.06696,-69.29,1873.8096,2451.7195,142.0212119108054,27.29134571953218,0.65337453646,0.91916999085,0.65337453646,0.91916999085,0.961,0.806,-83.46,0.9605756,0.8061259,-83.46,23.3735,0.0,3.49,1.365,0.267,0.453,31.0
2200,2200,31_17,31_46,167.9424,16.97839,20.8427,0.1098,187.8119,5.0,6.0,1808.0,2445.0,1808.4851,2445.0781,1808.4851,2445.0781,142.04185742893827,27.293475728347875,0.78,0.5,-89.0,0.10608,0.06492,-89.79,1808.4851,2445.0781,142.04185742893827,27.293475728347875,0.54636128677,0.70378496734,0.54636128677,0.70378496734,0.848,0.729,-73.43,0.8479775,0.7287527,-73.43,23.3772,0.0,2.31,1.561,0.36,0.515,31.0
2202,2202,31_19,31_44,710.5244,29.96043,19.2766,0.0458,187.6393,14.0,18.0,1793.0,2432.0,1792.9857,2431.7446,1792.9857,2431.7446,142.04670338875792,27.297287773982426,1.08,0.98,64.95,0.05884,0.05347,58.09,1792.9857,2431.7446,142.04670338875792,27.297287773982426,0.52020529281,0.58676255164,0.52020529281,0.58676255164,0.769,0.718,76.39,0.768703,0.7183756,76.39,23.3673,0.0,2.9,1.102,0.092,0.897,31.0
2203,2203,31_20,31_43,903.9541,29.67109,19.0152,0.0356,187.9799,14.0,17.0,1826.0,2427.0,1826.191,2427.5314,1826.191,2427.5314,142.0361743124898,27.298340315317287,1.076,0.916,27.21,0.04546,0.03594,15.79,1826.191,2427.5314,142.0361743124898,27.298340315317287,0.44282246737,0.46329687765,0.44282246737,0.46329687765,0.704,0.641,51.98,0.7039328,0.6407793,51.98,23.3938,0.0,2.03,1.175,0.149,0.96,31.0
2204,2204,31_21,31_42,17126.43,75.40051,15.8214,0.0048,188.5754,62.0,68.0,1718.0,2410.0,1717.6611,2410.7943,1717.6611,2410.7943,142.07045245384327,27.303478326647294,1.534,1.304,72.88,0.00947,0.0079,71.08,1717.6611,2410.7943,142.07045245384327,27.303478326647294,0.49396381584,0.5646239997,0.49396381584,0.5646239997,0.756,0.698,73.88,0.7556897,0.6982269,73.88,23.4378,0.0,2.38,1.177,0.15,0.983,31.0
2206,2206,31_23,31_40,668.639,34.14994,19.3426,0.0555,187.463,22.0,24.0,1598.0,2406.0,1596.3012,2405.6764,1596.3012,2405.6764,142.1088452248661,27.305389926118806,1.975,0.902,9.01,0.11584,0.05451,7.83,1596.3012,2405.6764,142.1088452248661,27.305389926118806,3.1242850114,1.7485151058,3.1242850114,1.7485151058,1.787,1.296,12.42,1.787301,1.295514,12.42,23.3585,0.0,7.98,2.19,0.543,0.0,31.0
2207,2207,31_24,31_39,17704.35,78.89275,15.7854,0.0048,187.9373,63.0,73.0,1552.0,2382.0,1551.7537,2382.4432,1551.7537,2382.4432,142.12284661377043,27.31209565014673,1.54,1.349,70.79,0.00963,0.00826,64.33,1551.7537,2382.4432,142.12284661377043,27.31209565014673,0.50949494419,0.564332036,0.50949494419,0.564332036,0.756,0.708,70.59,0.7563733,0.7083265,70.59,23.3345,0.0,2.31,1.141,0.124,0.983,31.0
2208,2208,31_25,31_38,7879.25,51.36371,16.6644,0.0071,187.8583,31.0,32.0,2017.0,2335.0,2016.3443,2335.7971,2016.3443,2335.7971,141.97556003924666,27.32336878783242,1.518,0.766,-85.82,0.01599,0.00821,-83.62,2016.3443,2335.7971,141.97556003924666,27.32336878783242,0.15003764258,0.48755939118,0.15003764258,0.48755939118,0.699,0.387,-88.08,0.6985251,0.3868588,-88.08,23.3983,24.0,3.03,1.982,0.496,0.987,31.0
2210,2210,31_27,31_36,469.4346,24.18565,19.7266,0.056,187.9335,10.0,12.0,1894.0,2334.0,1894.0139,2334.4619,1894.0139,2334.4619,142.0142823763415,27.324244653777978,0.966,0.768,86.55,0.06572,0.04837,89.81,1894.0139,2334.4619,142.0142823763415,27.324244653777978,0.39204148042,0.3952791985,0.39204148042,0.3952791985,0.646,0.608,46.98,0.6458172,0.6084742,46.98,23.4079,0.0,2.11,1.257,0.205,0.885,31.0
2211,2211,31_28,31_35,270984.6,230.1922,12.8232,0.0009,188.4039,190.0,204.0,1551.0,2327.0,1550.6643,2326.9148,1550.6643,2326.9148,142.12295296867487,27.32771842755029,1.711,1.559,65.34,0.00194,0.00183,59.8,1550.6643,2326.9148,142.12295296867487,27.32771842755029,0.53255894116,0.60644406592,0.53255894116,0.60644406592,0.783,0.725,73.99,0.7829891,0.7252111,73.99,23.3701,0.0,2.45,1.098,0.089,0.986,31.0
2212,2212,31_29,31_34,579.7805,29.36947,19.4974,0.055,187.6803,17.0,18.0,1773.0,2324.0,1772.9569,2324.4879,1772.9569,2324.4879,142.05256368420945,27.327535270007324,1.24,0.918,26.3,0.07924,0.0572,23.33,1772.9569,2324.4879,142.05256368420945,27.327535270007324,0.99408681113,0.90753902868,0.99408681113,0.90753902868,1.052,0.892,36.9,1.051634,0.8920159,36.9,23.3841,0.0,3.42,1.352,0.26,0.45,31.0
2213,2213,31_30,31_33,157.7324,16.76357,20.9108,0.1154,187.7414,5.0,6.0,1828.0,2320.0,1827.8146,2319.7777,1827.8146,2319.7777,142.03517434077054,27.328641394591703,0.744,0.563,43.87,0.10216,0.0755,45.19,1827.8146,2319.7777,142.03517434077054,27.328641394591703,0.60875142354,0.6461128308,0.60875142354,0.6461128308,0.804,0.78,82.15,0.8042617,0.7797611,82.15,23.3924,0.0,2.57,1.32,0.243,0.496,31.0
2214,2214,31_31,31_32,1466.057,37.8033,18.4902,0.028,188.2558,21.0,28.0,1747.0,2318.0,1747.1025,2318.1198,1747.1025,2318.1198,142.06072092893976,27.329428793665752,1.201,1.038,69.97,0.04131,0.03349,71.03,1747.1025,2318.1198,142.06072092893976,27.329428793665752,0.48517334081,0.5235599458,0.48517334081,0.5235599458,0.73,0.69,66.65,0.729623,0.6902055,66.65,23.4215,0.0,2.01,1.157,0.136,0.959,31.0
2217,2217,31_34,31_28,235.4347,19.43952,20.4759,0.0897,187.7991,6.0,8.0,1880.0,2297.0,1880.1252,2296.8582,1880.1252,2296.8582,142.018508145394,27.33487743301447,0.803,0.655,46.95,0.08745,0.0693,45.15,1880.1252,2296.8582,142.018508145394,27.33487743301447,0.31225187788,0.36975394328,0.31225187788,0.36975394328,0.623,0.542,63.61,0.6233191,0.5417371,63.61,23.3963,0.0,1.95,1.227,0.185,0.494,31.0
2218,2218,31_35,31_27,162.4611,17.11888,20.8787,0.1144,189.1021,6.0,6.0,1562.0,2290.0,1562.489,2290.0104,1562.489,2290.0104,142.11905028689733,27.338053360574925,0.786,0.5,89.09,0.10994,0.06751,89.96,1562.489,2290.0104,142.11905028689733,27.338053360574925,0.410867093,0.59244772813,0.410867093,0.59244772813,0.772,0.638,81.71,0.7722619,0.6379078,81.71,23.4285,0.0,2.91,1.573,0.364,0.12,31.0
2219,2219,31_36,31_26,3970.802,47.53805,17.4084,0.013,188.5959,31.0,38.0,1972.0,2259.0,1972.4659,2258.8143,1972.4659,2258.8143,141.98909509498054,27.34520177645271,1.337,1.181,80.37,0.0212,0.01825,88.35,1972.4659,2258.8143,141.98909509498054,27.34520177645271,0.47640193318,0.53543101932,0.47640193318,0.53543101932,0.734,0.687,75.86,0.7344619,0.6873127,75.86,23.4463,0.0,2.28,1.132,0.116,1.0,31.0
2220,2220,31_37,31_25,749.3441,28.03718,19.2189,0.0406,188.3144,14.0,15.0,1564.0,2258.0,1564.238,2257.5974,1564.238,2257.5974,142.11835680923235,27.34716350227972,1.0,0.909,49.09,0.04767,0.04179,43.19,1564.238,2257.5974,142.11835680923235,27.34716350227972,0.41476927925,0.48209923219,0.41476927925,0.48209923219,0.695,0.644,85.54,0.6946304,0.6437057,85.54,23.3841,0.0,2.47,1.101,0.092,0.954,31.0
2221,2221,31_38,31_24,147.4323,16.69403,20.9841,0.123,188.0123,5.0,6.0,1834.0,2257.0,1834.1747,2257.1873,1834.1747,2257.1873,142.03287776193503,27.346220454302166,0.767,0.565,44.68,0.11048,0.08156,45.01,1834.1747,2257.1873,142.03287776193503,27.346220454302166,0.80318449303,0.90417299863,0.80318449303,0.90417299863,1.047,0.782,51.02,1.046863,0.7819428,51.02,23.4158,0.0,3.89,1.359,0.264,0.003,31.0
2222,2222,31_39,31_23,76209.0,131.9719,14.2006,0.0019,188.0636,114.0,120.0,1618.0,2242.0,1618.0648,2242.0202,1618.0648,2242.0202,142.1012443269078,27.35133770998888,1.643,1.431,75.3,0.00401,0.00341,78.65,1618.0648,2242.0202,142.1012443269078,27.35133770998888,0.52833972895,0.61057780562,0.52833972895,0.61057780562,0.786,0.722,74.6,0.7857021,0.7222117,74.6,23.3968,0.0,2.4,1.148,0.129,0.984,31.0
2223,2223,31_40,31_22,867.618,30.25644,19.0598,0.0379,188.3831,14.0,18.0,1715.0,2241.0,1715.0166,2241.3643,1715.0166,2241.3643,142.07053976622035,27.351144132997398,1.053,0.966,50.38,0.04717,0.04131,32.47,1715.0166,2241.3643,142.07053976622035,27.351144132997398,0.44051309462,0.50507654221,0.44051309462,0.50507654221,0.711,0.663,84.48,0.7111152,0.6632532,84.48,23.4282,0.0,2.02,1.09,0.083,0.957,31.0
2224,2224,31_41,31_21,174.8716,18.0763,20.7988,0.1123,187.9288,6.0,7.0,1790.0,2240.0,1790.0038,2239.9686,1790.0038,2239.9686,142.04678742013064,27.351240000095228,0.894,0.53,45.59,0.11405,0.06603,45.08,1790.0038,2239.9686,142.04678742013064,27.351240000095228,0.79362163211,0.79129833303,0.79362163211,0.79129833303,0.968,0.804,44.77,0.9684731,0.8043506,44.77,23.4095,0.0,3.93,1.685,0.406,0.546,31.0
2225,2225,31_42,31_20,1021.495,32.5118,18.8825,0.0346,188.4372,17.0,21.0,1953.0,2218.0,1952.9793,2217.9881,1952.9793,2217.9881,141.9950770670534,27.35676447649741,1.102,1.034,52.26,0.04195,0.04165,51.82,1952.9793,2217.9881,141.9950770670534,27.35676447649741,0.49702779979,0.54376023394,0.49702779979,0.54376023394,0.763,0.678,56.23,0.7626148,0.6776479,56.23,23.437,0.0,2.16,1.067,0.062,0.942,31.0
2226,2226,31_43,31_19,1312.679,38.58249,18.6102,0.0319,188.6167,27.0,30.0,1959.0,2212.0,1958.7463,2211.7845,1958.7463,2211.7845,141.9932221021077,27.35848570274098,1.404,1.237,73.81,0.05087,0.04415,77.91,1958.7463,2211.7845,141.9932221021077,27.35848570274098,1.0339811593,1.0808811445,1.0339811593,1.0808811445,1.05,1.006,60.71,1.049955,1.006209,60.71,23.4484,0.0,3.76,1.135,0.119,0.031,31.0
2227,2227,31_44,31_18,452.9622,26.82198,19.7654,0.0643,188.0578,12.0,15.0,1755.0,2212.0,1754.8816,2212.444,1754.8816,2212.444,142.05778675323177,27.359121185198823,1.045,0.958,-19.66,0.07615,0.0672,-14.41,1754.8816,2212.444,142.05778675323177,27.359121185198823,1.0000666483,0.97864744138,1.0000666483,0.97864744138,1.006,0.983,-31.18,1.006204,0.9829888,-31.18,23.4111,0.0,3.97,1.09,0.083,0.006,31.0
2228,2228,31_45,31_17,382.4424,25.04142,19.9492,0.0711,188.3001,10.0,13.0,1614.0,2205.0,1613.6208,2205.6146,1613.6208,2205.6146,142.10249323514128,27.36159467036353,0.971,0.873,57.91,0.0782,0.06696,45.65,1613.6208,2205.6146,142.10249323514128,27.36159467036353,0.5325592013,0.6456478032,0.5325592013,0.6456478032,0.813,0.719,-70.93,0.8130143,0.7191764,-70.93,23.3994,0.0,2.52,1.111,0.1,0.772,31.0
2229,2229,31_46,31_16,1737.951,37.83553,18.3055,0.0236,186.9616,24.0,27.0,1835.0,2202.0,1834.6787,2202.3743,1834.6787,2202.3743,142.03247023243915,27.36163540765765,1.23,1.09,87.41,0.03532,0.03071,87.18,1834.6787,2202.3743,142.03247023243915,27.36163540765765,0.47585264481,0.52015798852,0.47585264481,0.52015798852,0.723,0.687,75.45,0.723435,0.6874971,75.45,23.3472,0.0,2.17,1.129,0.114,0.973,31.0
2230,2230,31_47,31_15,539.6712,28.61578,19.5753,0.0576,188.668,15.0,17.0,1687.0,2180.0,1687.0393,2180.2152,1687.0393,2180.2152,142.07912975777637,27.368453141593555,1.147,0.969,13.81,0.07522,0.0625,10.38,1687.0393,2180.2152,142.07912975777637,27.368453141593555,0.92799402279,0.85220575398,0.92799402279,0.85220575398,0.97,0.916,20.46,0.9696662,0.9164864,20.46,23.4399,0.0,3.54,1.183,0.155,0.086,31.0
2231,2231,31_48,31_14,17019.23,75.94237,15.8282,0.0048,188.2873,63.0,70.0,1747.0,2175.0,1747.044,2175.5134,1747.044,2175.5134,142.06010429353813,27.3695395229753,1.525,1.338,76.58,0.0096,0.00833,79.06,1747.044,2175.5134,142.06010429353813,27.3695395229753,0.51016162458,0.57321025968,0.51016162458,0.57321025968,0.761,0.71,73.4,0.761155,0.7099401,73.4,23.4255,0.0,2.25,1.14,0.123,0.983,31.0
2232,2232,31_49,31_13,238.0935,20.64097,20.4637,0.0941,188.9924,9.0,9.0,1699.0,2180.0,1699.0245,2179.9313,1699.0245,2179.9313,142.07533258162223,27.36848603199094,0.812,0.763,-52.47,0.07925,0.07862,-60.26,1699.0245,2179.9313,142.07533258162223,27.36848603199094,0.79010913783,0.94092708298,0.79010913783,0.94092708298,1.001,0.853,-61.69,1.001301,0.8534828,-61.69,23.466,0.0,2.85,1.064,0.06,0.187,31.0
2233,2233,31_50,31_12,850.2404,29.67051,19.0817,0.0379,187.7278,13.0,16.0,1544.0,2173.0,1544.3641,2172.6667,1544.3641,2172.6667,142.12428517252445,27.37112800371765,1.044,0.9,65.18,0.04571,0.03674,62.01,1544.3641,2172.6667,142.12428517252445,27.37112800371765,0.4018265827,0.46106322146,0.4018265827,0.46106322146,0.679,0.634,-85.98,0.6792325,0.6336663,-85.98,23.3254,0.0,2.11,1.16,0.138,0.972,31.0
2234,2234,31_51,31_11,131.5051,15.31811,21.1082,0.1265,188.1856,5.0,5.0,1955.0,2171.0,1955.5748,2170.7678,1955.5748,2170.7678,141.99403700352192,27.37003509308028,0.736,0.456,70.6,0.11472,0.06651,71.44,1955.5748,2170.7678,141.99403700352192,27.37003509308028,0.68643444997,0.72814398905,0.68643444997,0.72814398905,0.887,0.792,52.57,0.8872271,0.7920899,52.57,23.4168,0.0,2.34,1.615,0.381,0.224,31.0
2235,2235,31_52,31_10,228.1557,19.43724,20.51,0.0925,187.7361,8.0,8.0,1955.0,2147.0,1955.1219,2146.8974,1955.1219,2146.8974,141.99407016546857,27.37675074849555,0.817,0.653,48.04,0.09339,0.07391,45.25,1955.1219,2146.8974,141.99407016546857,27.37675074849555,0.45839245799,0.5952994462,0.45839245799,0.5952994462,0.783,0.664,71.53,0.7826208,0.6642264,71.53,23.3889,0.0,2.1,1.252,0.201,0.414,31.0
2236,2236,31_53,31_9,271.7778,21.67024,20.32,0.0866,188.0022,6.0,10.0,1935.0,2141.0,1935.6381,2141.3037,1935.6381,2141.3037,142.00021564439783,27.37840369402298,0.922,0.737,41.37,0.09064,0.07151,44.49,1935.6381,2141.3037,142.00021564439783,27.37840369402298,0.71391251185,0.64432707739,0.71391251185,0.64432707739,0.875,0.77,33.11,0.8748688,0.7699638,33.11,23.4066,0.0,2.65,1.252,0.201,0.547,31.0
2238,2238,31_55,31_7,13097.72,71.0984,16.1126,0.0059,187.7419,58.0,65.0,1569.0,2128.0,1569.5464,2128.0229,1569.5464,2128.0229,142.1161165535436,27.383588510299827,1.516,1.335,75.56,0.01149,0.00987,79.5,1569.5464,2128.0229,142.1161165535436,27.383588510299827,0.51999330956,0.58943333058,0.51999330956,0.58943333058,0.771,0.717,75.13,0.7711682,0.7174443,75.13,23.3478,0.0,2.45,1.135,0.119,0.99,31.0
2239,2239,31_56,31_6,2722.381,47.5535,17.8182,0.019,188.273,37.0,42.0,1614.0,2111.0,1614.0032,2111.1813,1614.0032,2111.1813,142.10196111599308,27.38815426186351,1.472,1.338,77.49,0.03199,0.0303,74.01,1614.0032,2111.1813,142.10196111599308,27.38815426186351,0.69478419448,0.81150482348,0.69478419448,0.81150482348,0.907,0.827,73.53,0.9070165,0.8268072,73.53,23.4043,0.0,2.39,1.1,0.091,0.656,31.0
2241,2241,31_58,31_4,280.5053,20.84595,20.2857,0.0807,186.9208,8.0,9.0,1636.0,2049.0,1635.9419,2048.9698,1635.9419,2048.9698,142.0947395915406,27.405567235587323,0.786,0.771,81.67,0.07724,0.07702,41.35,1635.9419,2048.9698,142.0947395915406,27.405567235587323,0.66906934934,0.79063093308,0.66906934934,0.79063093308,0.89,0.817,84.36,0.8898473,0.8172345,84.36,23.343,0.0,3.32,1.019,0.018,0.034,31.0
2242,2242,31_59,31_3,5000.983,52.05275,17.1579,0.0113,188.0739,34.0,41.0,1530.0,2042.0,1530.1375,2042.7503,1530.1375,2042.7503,142.12823407190106,27.407723631609645,1.372,1.209,78.68,0.01822,0.01616,74.25,1530.1375,2042.7503,142.12823407190106,27.407723631609645,0.49267229162,0.57627468319,0.49267229162,0.57627468319,0.76,0.701,84.41,0.7596599,0.70133,84.41,23.3632,0.0,2.19,1.135,0.119,0.981,31.0
2243,2243,31_60,31_2,163.9492,15.60833,20.8688,0.1034,187.2756,4.0,5.0,1699.0,2043.0,1699.4103,2043.1619,1699.4103,2043.1619,142.07460579551395,27.406953015441943,0.734,0.448,69.52,0.10576,0.06134,71.53,1699.4103,2043.1619,142.07460579551395,27.406953015441943,0.39487900231,0.33924882729,0.39487900231,0.33924882729,0.667,0.538,34.58,0.6672466,0.5375034,34.58,23.3664,0.0,3.29,1.638,0.39,0.561,31.0
2244,2244,32_1,32_5,2415.104,43.3778,17.9482,0.0195,187.8195,30.0,37.0,2396.0,2024.0,2395.7567,2024.9069,2395.7567,2024.9069,141.85390582169848,27.409187917395258,1.756,1.159,-54.57,0.04512,0.02582,-54.02,2395.7567,2024.9069,141.85390582169848,27.409187917395258,0.50535349653,0.60746737141,0.50535349653,0.60746737141,0.784,0.706,76.27,0.7835495,0.7063081,76.27,23.4303,0.0,2.9,1.515,0.34,0.983,32.0
2246,2246,32_3,32_2,1404.769,34.50789,18.5366,0.0267,187.811,23.0,23.0,2468.0,2008.0,2468.4248,2008.6888,2468.4248,2008.6888,141.83080380748976,27.41342658367572,1.876,0.718,1.0,0.06749,0.02415,1.75,2468.4248,2008.6888,141.83080380748976,27.41342658367572,1.3051668274,0.44787055616,1.3051668274,0.44787055616,1.143,0.669,1.11,1.14258,0.6689913,1.11,23.4102,24.0,4.92,2.612,0.617,0.337,32.0
2248,2248,32_5,32_64,239.4066,19.3175,20.4577,0.0876,187.3861,7.0,8.0,2084.0,2476.0,2083.7813,2476.08,2083.7813,2476.08,141.95487103691923,27.283632638611525,0.828,0.663,52.22,0.08649,0.06816,44.89,2083.7813,2476.08,141.95487103691923,27.283632638611525,0.737837068,0.88764348078,0.737837068,0.88764348078,0.944,0.857,82.54,0.9435352,0.8574508,82.54,23.3828,0.0,3.21,1.248,0.199,0.304,32.0
2249,2249,32_6,32_69,13907.03,62.85543,16.0475,0.0049,187.3204,38.0,42.0,2238.0,2518.0,2237.8276,2517.6836,2237.8276,2517.6836,141.90632090127525,27.27128047584166,1.284,1.041,3.98,0.00883,0.00642,3.57,2237.8276,2517.6836,141.90632090127525,27.27128047584166,0.42697458035,0.43627385091,0.42697458035,0.43627385091,0.669,0.645,53.36,0.669172,0.6445598,53.36,23.4269,24.0,2.23,1.234,0.189,0.983,32.0
2250,2250,32_7,32_68,1588.537,39.81238,18.4031,0.0272,187.7531,29.0,32.0,2095.0,2516.0,2094.8591,2516.1675,2094.8591,2516.1675,141.95155402609646,27.27231134267455,1.316,1.284,38.03,0.04297,0.04028,44.33,2094.8591,2516.1675,141.95155402609646,27.27231134267455,0.82288480914,0.80530983219,0.82288480914,0.80530983219,0.911,0.893,-28.42,0.9111316,0.8933274,-28.42,23.4141,24.0,2.77,1.025,0.024,0.068,32.0
2251,2251,32_8,32_63,277.9626,21.28987,20.2956,0.0832,187.6442,9.0,10.0,2481.0,2470.0,2481.5001,2469.8244,2481.5001,2469.8244,141.82897923078843,27.283677300346483,0.929,0.729,-1.23,0.09357,0.06873,-0.07,2481.5001,2469.8244,141.82897923078843,27.283677300346483,0.7257616045,0.74016771232,0.7257616045,0.74016771232,0.871,0.841,-53.3,0.8707366,0.8412771,-53.3,23.4185,0.0,2.61,1.274,0.215,0.627,32.0
2252,2252,32_9,32_62,429.1487,24.22475,19.8241,0.0613,187.906,10.0,12.0,2327.0,2450.0,2327.4065,2450.1796,2327.4065,2450.1796,141.87764569437314,27.289880124704236,0.97,0.786,33.35,0.07263,0.05577,32.42,2327.4065,2450.1796,141.87764569437314,27.289880124704236,0.44916525432,0.47759065902,0.44916525432,0.47759065902,0.7,0.661,61.44,0.6996889,0.6612045,61.44,23.3728,0.0,2.38,1.234,0.19,0.846,32.0
2253,2253,32_10,32_61,3860.39,48.83363,17.439,0.0137,187.4695,34.0,41.0,2353.0,2441.0,2352.9119,2441.2085,2352.9119,2441.2085,141.86952987824463,27.292292244875565,1.401,1.187,80.73,0.02424,0.01967,84.98,2352.9119,2441.2085,141.86952987824463,27.292292244875565,0.49410600963,0.55817150831,0.49410600963,0.55817150831,0.753,0.696,70.26,0.7534214,0.6961563,70.26,23.3496,0.0,2.11,1.18,0.153,0.979,32.0
2254,2254,32_11,32_60,34376.84,98.48824,15.0649,0.0031,190.862,88.0,96.0,2219.0,2407.0,2219.0232,2407.7453,2219.0232,2407.7453,141.91174247146225,27.302281582971798,1.597,1.402,72.72,0.0065,0.00575,68.14,2219.0232,2407.7453,141.91174247146225,27.302281582971798,0.500603639,0.58242184957,0.500603639,0.58242184957,0.767,0.703,75.02,0.7672857,0.7030634,75.02,23.5565,0.0,2.27,1.139,0.122,0.983,32.0
2255,2255,32_12,32_59,1221004.0,502.454,11.1888,0.0004,190.2775,1154.0,1262.0,2262.0,2384.0,2260.4915,2383.3849,2260.4915,2383.3849,141.89849908517365,27.308955440052348,3.568,2.933,-87.7,0.00231,0.00222,-60.53,2260.4915,2383.3849,141.89849908517365,27.308955440052348,2.4699204767,3.214922432,2.4699204767,3.214922432,1.823,1.537,70.5,1.822572,1.53723,70.5,23.5028,4.0,19.41,1.217,0.178,0.151,32.0
2256,2256,32_13,32_55,520.3303,30.62707,19.6149,0.0639,187.6488,16.0,20.0,2421.0,2383.0,2421.1165,2382.9728,2421.1165,2382.9728,141.84765555974775,27.308371708492835,1.208,1.114,63.51,0.08356,0.07684,63.41,2421.1165,2382.9728,141.84765555974775,27.308371708492835,1.4624240857,1.4556751972,1.4624240857,1.4556751972,1.234,1.181,43.49,1.23407,1.181174,43.49,23.3801,0.0,4.43,1.085,0.078,0.0,32.0
2257,2257,32_14,32_58,301.1607,24.01439,20.2086,0.0866,191.8145,7.0,12.0,2286.0,2405.0,2286.0052,2405.4953,2286.0052,2405.4953,141.89053082546587,27.30262692831968,0.995,0.773,89.02,0.08567,0.06286,89.94,2286.0052,2405.4953,141.89053082546587,27.30262692831968,0.54347953023,0.58861128633,0.54347953023,0.58861128633,0.77,0.735,74.93,0.7695065,0.7348133,74.93,23.6067,0.0,1.67,1.287,0.223,0.572,32.0
2258,2258,32_15,32_53,207.1585,20.5425,20.6148,0.1077,190.1401,9.0,9.0,2209.0,2375.0,2208.8661,2375.5481,2208.8661,2375.5481,141.91480260189724,27.311380551420044,1.091,0.58,62.28,0.13163,0.06723,63.35,2208.8661,2375.5481,141.91480260189724,27.311380551420044,0.7402056132,0.88193500243,0.7402056132,0.88193500243,0.986,0.806,58.08,0.9857885,0.80645,58.08,23.5198,0.0,3.77,1.882,0.469,0.001,32.0
2259,2259,32_16,32_52,2266.317,40.33533,18.0173,0.0193,187.2523,28.0,30.0,2107.0,2372.0,2106.9097,2372.313,2106.9097,2372.313,141.94706122902085,27.312721420080777,1.268,1.121,60.2,0.02992,0.02608,56.29,2106.9097,2372.313,141.94706122902085,27.312721420080777,0.50165543427,0.53371049452,0.50165543427,0.53371049452,0.744,0.694,58.47,0.74368,0.6944825,58.47,23.3624,0.0,2.05,1.132,0.116,0.965,32.0
2261,2261,32_18,32_56,578.4373,25.34472,19.4999,0.0476,188.3219,10.0,13.0,2455.0,2386.0,2454.9174,2386.5374,2454.9174,2386.5374,141.8369750224178,27.307219571265687,0.949,0.827,-79.96,0.05422,0.04687,-76.36,2454.9174,2386.5374,141.8369750224178,27.307219571265687,0.38673803539,0.4250526488,0.38673803539,0.4250526488,0.652,0.621,-83.28,0.6523737,0.6214494,-83.28,23.4355,0.0,2.13,1.147,0.128,0.914,32.0
2262,2262,32_19,32_49,137.5816,15.60004,21.0592,0.1231,190.2277,5.0,5.0,2306.0,2367.0,2305.801,2366.6152,2305.801,2366.6152,141.88407541032254,27.313476469062604,0.726,0.454,17.98,0.11229,0.06522,18.42,2305.801,2366.6152,141.88407541032254,27.313476469062604,0.372565207,0.36672038525,0.372565207,0.36672038525,0.616,0.6,36.15,0.6158385,0.6000238,36.15,23.4915,0.0,1.91,1.6,0.375,0.565,32.0
2263,2263,32_20,32_48,235.6797,19.59696,20.4748,0.0903,188.9214,6.0,8.0,2388.0,2351.0,2387.6973,2351.3535,2387.6973,2351.3535,141.85807682403836,27.317411686301455,0.932,0.582,71.5,0.10096,0.05927,70.6,2387.6973,2351.3535,141.85807682403836,27.317411686301455,0.47500363109,0.55798681104,0.47500363109,0.55798681104,0.756,0.679,69.12,0.7563851,0.6788755,69.12,23.4456,0.0,2.52,1.602,0.376,0.595,32.0
2264,2264,32_21,32_47,18303.03,76.6821,15.7493,0.0045,187.7036,68.0,70.0,2018.0,2336.0,2017.6964,2335.8492,2017.6964,2335.8492,141.97513222606386,27.32334854765851,1.512,1.343,71.51,0.00884,0.00793,65.8,2017.6964,2335.8492,141.97513222606386,27.32334854765851,0.49626915826,0.55897182981,0.49626915826,0.55897182981,0.752,0.7,72.49,0.7522669,0.6995252,72.49,23.4109,0.0,2.42,1.126,0.112,0.985,32.0
2265,2265,32_22,32_46,553.9982,27.06657,19.5468,0.0531,187.9517,11.0,15.0,2166.0,2323.0,2165.9081,2323.3363,2165.9081,2323.3363,141.92815133901397,27.32624794524009,0.974,0.928,-23.77,0.05974,0.05314,-15.96,2165.9081,2323.3363,141.92815133901397,27.32624794524009,0.4446007056,0.4540591527,0.4446007056,0.4540591527,0.676,0.664,-62.38,0.6764799,0.6641045,-62.38,23.392,0.0,2.24,1.049,0.047,0.889,32.0
2266,2266,32_23,32_45,5826.181,54.30699,16.9921,0.0101,187.5459,42.0,47.0,2129.0,2292.0,2129.4321,2292.4207,2129.4321,2292.4207,141.93955234705643,27.33509718624801,1.429,1.226,67.32,0.0185,0.01537,63.38,2129.4321,2292.4207,141.93955234705643,27.33509718624801,0.48867911505,0.53844364742,0.48867911505,0.53844364742,0.74,0.692,67.94,0.7404205,0.6920262,67.94,23.3701,0.0,2.34,1.165,0.142,0.981,32.0
2268,2268,32_25,32_43,256.1618,20.72371,20.3843,0.0879,187.8379,7.0,9.0,2249.0,2285.0,2248.9618,2285.0212,2248.9618,2285.0212,141.9016723760836,27.33667011520771,0.789,0.767,-55.84,0.08036,0.08012,-45.54,2248.9618,2285.0212,141.9016723760836,27.33667011520771,0.65291206385,0.78724444035,0.65291206385,0.78724444035,0.893,0.802,-74.98,0.8931181,0.8015588,-74.98,23.3755,0.0,3.04,1.028,0.028,0.236,32.0
2269,2269,32_26,32_42,255.673,19.55319,20.3864,0.0831,187.7526,6.0,8.0,2106.0,2279.0,2105.8112,2278.8084,2105.8112,2278.8084,141.94696663181767,27.3390250102803,0.774,0.684,-43.37,0.08255,0.06638,-44.96,2105.8112,2278.8084,141.94696663181767,27.3390250102803,0.52751087379,0.46238543115,0.52751087379,0.46238543115,0.735,0.671,22.02,0.7350179,0.6705558,22.02,23.3885,0.0,2.73,1.132,0.116,0.539,32.0
2270,2270,32_27,32_41,541.9514,22.66691,19.5707,0.0454,187.6031,6.0,10.0,2120.0,2275.0,2120.4556,2275.0442,2120.4556,2275.0442,141.9423119901467,27.340022224893367,0.944,0.632,-29.19,0.05259,0.03254,-26.91,2120.4556,2275.0442,141.9423119901467,27.340022224893367,0.26320350395,0.088839257017,0.26320350395,0.088839257017,0.527,0.272,-15.62,0.5272371,0.2721467,-15.62,23.3775,0.0,2.16,1.494,0.33,0.977,32.0
2271,2271,32_28,32_40,761.4136,28.55029,19.2015,0.0407,188.4048,13.0,16.0,2336.0,2273.0,2335.9861,2273.5278,2335.9861,2273.5278,141.87406360709355,27.339526257147988,0.991,0.925,2.64,0.04888,0.04051,0.06,2335.9861,2273.5278,141.87406360709355,27.339526257147988,0.38041782207,0.44357397884,0.38041782207,0.44357397884,0.667,0.616,81.63,0.6670617,0.6156464,81.63,23.4064,0.0,2.04,1.07,0.066,0.97,32.0
2272,2272,32_29,32_39,222.09,19.40754,20.5392,0.0949,187.9954,7.0,8.0,2469.0,2255.0,2468.5418,2254.855,2468.5418,2254.855,141.83200272333528,27.344193967786783,0.88,0.663,35.34,0.09766,0.07229,34.64,2468.5418,2254.855,141.83200272333528,27.344193967786783,0.68579087171,0.60814791914,0.68579087171,0.60814791914,0.867,0.736,34.12,0.8670162,0.7363571,34.12,23.4038,0.0,2.91,1.327,0.246,0.561,32.0
2273,2273,32_30,32_38,290.0986,20.765,20.2492,0.0777,188.381,8.0,9.0,2183.0,2252.0,2182.9535,2252.0097,2182.9535,2252.0097,141.92241315979115,27.34623667743722,0.769,0.755,-78.81,0.06982,0.06974,-43.43,2182.9535,2252.0097,141.92241315979115,27.34623667743722,0.30688815157,0.36954183658,0.30688815157,0.36954183658,0.612,0.549,-74.29,0.612308,0.5490982,-74.29,23.4225,0.0,1.85,1.018,0.018,0.544,32.0
2274,2274,32_31,32_37,176.4346,18.0718,20.7891,0.1112,187.8445,7.0,7.0,2517.0,2245.0,2517.1564,2245.3097,2517.1564,2245.3097,141.81656298676725,27.346661052613705,0.848,0.607,-28.25,0.11004,0.07618,-30.34,2517.1564,2245.3097,141.81656298676725,27.346661052613705,0.83724076118,0.85326530792,0.83724076118,0.85326530792,0.946,0.892,-49.63,0.9460548,0.8919005,-49.63,23.4,16.0,3.77,1.398,0.285,0.1,32.0
2275,2275,32_32,32_36,191.1839,18.02493,20.7019,0.1024,188.2609,7.0,7.0,2086.0,2245.0,2086.1771,2244.7039,2086.1771,2244.7039,141.9530223762556,27.348699407680016,0.847,0.6,31.65,0.10623,0.07346,30.47,2086.1771,2244.7039,141.9530223762556,27.348699407680016,0.6729234898,0.68888756866,0.6729234898,0.68888756866,0.881,0.765,47.4,0.8810632,0.765205,47.4,23.4399,0.0,2.54,1.412,0.292,0.315,32.0
2276,2276,32_33,32_35,863.2276,28.76173,19.0653,0.0362,188.379,14.0,16.0,2265.0,2238.0,2265.1895,2238.52,2265.1895,2238.52,141.89630864494575,27.34967890901804,1.027,0.899,39.33,0.04462,0.03602,28.87,2265.1895,2238.52,141.89630864494575,27.34967890901804,0.38924811831,0.44211751837,0.38924811831,0.44211751837,0.672,0.616,68.61,0.6720818,0.6161751,68.61,23.416,0.0,2.0,1.142,0.125,0.974,32.0
2277,2277,32_34,32_34,270.8261,21.64167,20.3238,0.0868,188.6018,7.0,10.0,2466.0,2235.0,2465.7522,2235.447,2465.7522,2235.447,141.83278859970812,27.34966476732069,0.935,0.704,-89.22,0.08992,0.06586,89.78,2465.7522,2235.447,141.83278859970812,27.34966476732069,0.56740548657,0.63739008657,0.56740548657,0.63739008657,0.803,0.748,-72.51,0.8031815,0.7481277,-72.51,23.4483,0.0,2.19,1.328,0.247,0.585,32.0
2278,2278,32_35,32_33,2743.539,41.96709,17.8098,0.0166,187.8968,26.0,31.0,2510.0,2227.0,2510.1519,2227.514,2510.1519,2227.514,141.81869079164431,27.351697383047064,1.291,1.115,72.53,0.02585,0.02206,71.05,2510.1519,2227.514,141.81869079164431,27.351697383047064,0.46901728776,0.54406011522,0.46901728776,0.54406011522,0.743,0.68,73.46,0.7425117,0.6795247,73.46,23.401,0.0,2.09,1.158,0.136,0.962,32.0
2279,2279,32_36,32_32,35853.92,98.49751,15.0192,0.003,188.9247,86.0,91.0,2340.0,2218.0,2340.5629,2218.8214,2340.5629,2218.8214,141.87234553730116,27.354892433352624,1.578,1.378,74.03,0.00606,0.00532,73.88,2340.5629,2218.8214,141.87234553730116,27.354892433352624,0.49968848277,0.56513970215,0.49968848277,0.56513970215,0.756,0.702,73.23,0.7560919,0.7022487,73.23,23.4537,0.0,2.39,1.144,0.126,0.981,32.0
2280,2280,32_37,32_31,113461.8,156.1609,13.7684,0.0015,188.8171,130.0,144.0,2444.0,2213.0,2443.9343,2213.1906,2443.9343,2213.1906,141.83958539497266,27.35602124016248,1.653,1.442,75.87,0.00319,0.00281,78.97,2443.9343,2213.1906,141.83958539497266,27.35602124016248,0.50573026371,0.58734436005,0.50573026371,0.58734436005,0.771,0.706,74.57,0.7707617,0.7064,74.57,23.4636,0.0,2.33,1.146,0.127,0.987,32.0
2281,2281,32_38,32_30,6464.06,57.63678,16.8793,0.0097,188.6143,45.0,54.0,2454.0,2207.0,2454.5213,2207.6798,2454.5213,2207.6798,141.83620551826405,27.35752408799646,1.454,1.293,82.73,0.01809,0.01615,-89.29,2454.5213,2207.6798,141.83620551826405,27.35752408799646,0.47625802334,0.5306712991,0.47625802334,0.5306712991,0.736,0.682,67.74,0.7359523,0.6821316,67.74,23.4487,0.0,2.22,1.124,0.11,1.0,32.0
2282,2282,32_39,32_29,25840.95,87.84732,15.3748,0.0037,188.5758,71.0,83.0,2251.0,2184.0,2251.3036,2183.8844,2251.3036,2183.8844,141.90044058923007,27.36510502074156,1.564,1.379,73.23,0.00746,0.0067,66.63,2251.3036,2183.8844,141.90044058923007,27.36510502074156,0.49980097142,0.57526049432,0.49980097142,0.57526049432,0.763,0.702,74.33,0.7626949,0.7023944,74.33,23.432,0.0,2.49,1.134,0.118,0.983,32.0
2283,2283,32_40,32_28,88469.96,140.2898,14.0386,0.0017,187.6818,119.0,131.0,2025.0,2176.0,2025.5029,2176.2665,2025.5029,2176.2665,141.97191534434495,27.36820053843497,1.65,1.428,75.32,0.00373,0.00321,78.24,2025.5029,2176.2665,141.97191534434495,27.36820053843497,0.51820598794,0.59270288608,0.51820598794,0.59270288608,0.775,0.714,72.6,0.7751208,0.7142105,72.6,23.4169,0.0,2.57,1.155,0.134,1.0,32.0
2285,2285,32_42,32_26,48397.04,112.0132,14.6935,0.0025,188.3271,100.0,111.0,2223.0,2170.0,2223.5544,2170.3596,2223.5544,2170.3596,141.9091631456981,27.369027934184626,1.641,1.413,76.96,0.00557,0.00468,79.68,2223.5544,2170.3596,141.9091631456981,27.369027934184626,0.51087447012,0.5680791179,0.51087447012,0.5680791179,0.759,0.709,70.36,0.7592298,0.708889,70.36,23.4153,0.0,2.4,1.162,0.139,1.0,32.0
2286,2286,32_43,32_25,364.6656,23.52896,20.0008,0.0701,188.1271,12.0,12.0,2088.0,2167.0,2088.4348,2167.3286,2088.4348,2167.3286,141.95194206017297,27.37045234871075,0.91,0.868,-88.21,0.07432,0.0729,72.97,2088.4348,2167.3286,141.95194206017297,27.37045234871075,0.58118075123,0.69930343181,0.58118075123,0.69930343181,0.841,0.757,-75.77,0.8410858,0.7570065,-75.77,23.4362,0.0,2.53,1.049,0.046,0.468,32.0
2287,2287,32_44,32_24,409.0184,25.77448,19.8762,0.0684,188.3136,11.0,14.0,2213.0,2142.0,2212.7033,2141.9639,2212.7033,2141.9639,141.9124628015492,27.377060694915706,1.168,0.805,88.76,0.08929,0.06262,89.87,2212.7033,2141.9639,141.9124628015492,27.377060694915706,0.61471002088,1.0479113408,0.61471002088,1.0479113408,1.024,0.784,88.15,1.023897,0.7837445,88.15,23.4193,0.0,4.59,1.451,0.311,0.007,32.0
2288,2288,32_45,32_23,540.3574,26.11848,19.5739,0.0525,187.8239,12.0,14.0,2310.0,2140.0,2310.4901,2140.18,2310.4901,2140.18,141.88148309256255,27.37714111196432,0.944,0.907,35.35,0.05514,0.05425,7.83,2310.4901,2140.18,141.88148309256255,27.37714111196432,0.41895703867,0.42422726156,0.41895703867,0.42422726156,0.665,0.633,48.67,0.6650023,0.633211,48.67,23.3905,0.0,2.26,1.04,0.039,0.9,32.0
2289,2289,32_46,32_22,6477.62,55.53942,16.877,0.0093,188.0155,43.0,49.0,2478.0,2135.0,2478.2601,2135.6929,2478.2601,2135.6929,141.8283268779529,27.37766404903472,1.409,1.27,75.87,0.01663,0.01542,71.22,2478.2601,2135.6929,141.8283268779529,27.37766404903472,0.44791324834,0.51366110945,0.44791324834,0.51366110945,0.721,0.665,74.4,0.7205686,0.6650979,74.4,23.4146,2.0,2.07,1.109,0.099,0.981,32.0
2290,2290,32_47,32_22,600.4135,26.84459,19.4594,0.0486,188.3253,13.0,15.0,2471.0,2135.0,2471.1402,2135.2065,2471.1402,2135.2065,141.83057929059635,27.377832633547445,1.066,0.889,53.56,0.06252,0.05082,50.04,2471.1402,2135.2065,141.83057929059635,27.377832633547445,0.44578600018,0.50838950684,0.44578600018,0.50838950684,0.724,0.655,65.48,0.7244571,0.6552384,65.48,23.437,2.0,1.98,1.199,0.166,0.678,32.0
2291,2291,32_48,32_21,284.1342,22.48709,20.2718,0.0859,187.2996,9.0,11.0,2361.0,2108.0,2361.349,2108.1118,2361.349,2108.1118,141.86521707261875,27.385938317369423,1.013,0.739,16.66,0.09787,0.06927,15.16,2361.349,2108.1118,141.86521707261875,27.385938317369423,1.2429768234,0.98651872061,1.2429768234,0.98651872061,1.135,0.97,21.25,1.135201,0.9699559,21.25,23.3721,0.0,2.78,1.371,0.271,0.259,32.0
2292,2292,32_49,32_20,167.2871,16.744,20.8469,0.1087,187.8077,4.0,6.0,2519.0,2105.0,2518.6973,2105.5076,2518.6973,2105.5076,141.8153679054711,27.385972057857977,0.901,0.459,-89.99,0.14186,0.07013,89.98,2518.6973,2105.5076,141.8153679054711,27.385972057857977,0.13908007672,0.45435870768,0.13908007672,0.45435870768,0.674,0.373,-89.03,0.6741287,0.3728126,-89.03,23.4048,24.0,2.9,1.961,0.49,0.492,32.0
2293,2293,32_50,32_19,14311.53,72.13067,16.0164,0.0055,187.8084,59.0,68.0,2169.0,2102.0,2168.6938,2102.5517,2168.6938,2102.5517,141.9262130488871,27.388332893575,1.498,1.353,71.32,0.01063,0.00963,60.96,2168.6938,2102.5517,141.9262130488871,27.388332893575,0.49735594682,0.55127089045,0.49735594682,0.55127089045,0.749,0.699,69.01,0.7487133,0.6986096,69.01,23.3881,0.0,2.26,1.107,0.097,0.983,32.0
2294,2294,32_51,32_18,148.1489,16.74054,20.9788,0.1227,188.6711,4.0,6.0,2250.0,2092.0,2249.513,2092.0024,2249.513,2092.0024,141.90056198231068,27.390954587079147,0.796,0.499,87.52,0.10529,0.06462,89.82,2249.513,2092.0024,141.90056198231068,27.390954587079147,0.75179123411,1.1314466278,0.75179123411,1.1314466278,1.083,0.843,72.72,1.082638,0.8432875,72.72,23.4546,0.0,2.86,1.595,0.373,0.53,32.0
2295,2295,32_52,32_17,18860.51,78.63866,15.7167,0.0045,187.9477,68.0,75.0,2485.0,2075.0,2485.0154,2075.7289,2485.0154,2075.7289,141.82588559111474,27.39449813228188,1.529,1.349,77.66,0.00909,0.0081,90.0,2485.0154,2075.7289,141.82588559111474,27.39449813228188,0.47192895226,0.54311337033,0.47192895226,0.54311337033,0.742,0.682,73.57,0.7415506,0.6820154,73.57,23.4188,0.0,2.21,1.134,0.118,0.983,32.0
2296,2296,32_53,32_16,111.663,15.20202,21.2858,0.1479,188.2887,4.0,5.0,2162.0,2079.0,2162.3888,2078.7852,2162.3888,2078.7852,141.92809652118376,27.39504402838453,0.758,0.447,-71.48,0.12838,0.07425,-71.58,2162.3888,2078.7852,141.92809652118376,27.39504402838453,0.74277794649,0.96268800468,0.74277794649,0.96268800468,0.986,0.856,-78.47,0.9860219,0.8562866,-78.47,23.424,0.0,3.42,1.697,0.411,0.288,32.0
2297,2297,32_54,32_15,295.9621,19.35555,20.2275,0.071,188.3323,6.0,8.0,2412.0,2071.0,2412.1778,2071.156,2412.1778,2071.156,141.84893400321576,27.39610820310554,0.771,0.674,-49.66,0.0707,0.05659,-45.07,2412.1778,2071.156,141.84893400321576,27.39610820310554,0.31188058723,0.36042670945,0.31188058723,0.36042670945,0.604,0.554,73.88,0.604027,0.5544895,73.88,23.4559,0.0,2.0,1.144,0.126,0.731,32.0
2298,2298,32_55,32_14,509.7247,26.85302,19.6372,0.0572,187.8797,12.0,15.0,2227.0,2069.0,2226.5572,2068.8668,2226.5572,2068.8668,141.90772163971926,27.39756003528301,1.001,0.907,63.61,0.06537,0.05768,75.15,2226.5572,2068.8668,141.90772163971926,27.39756003528301,0.47873756995,0.46703026625,0.47873756995,0.46703026625,0.714,0.661,40.37,0.7136296,0.660682,40.37,23.4047,0.0,2.05,1.103,0.094,0.754,32.0
2299,2299,32_56,32_13,252.5621,19.53773,20.3997,0.084,187.9288,7.0,8.0,2211.0,2068.0,2210.7898,2067.524,2210.7898,2067.524,141.91270996980634,27.398005189036176,0.854,0.655,50.93,0.09397,0.07,54.67,2210.7898,2067.524,141.91270996980634,27.398005189036176,0.55185678441,0.50454487216,0.55185678441,0.50454487216,0.775,0.675,35.49,0.7750943,0.675004,35.49,23.4064,0.0,3.33,1.304,0.233,0.328,32.0
2300,2300,32_57,32_12,1442.912,35.49733,18.5075,0.0267,188.3486,21.0,24.0,2123.0,2058.0,2122.9011,2058.1847,2122.9011,2058.1847,141.94050747461148,27.40100487931059,1.149,1.063,70.59,0.03593,0.03332,85.89,2122.9011,2058.1847,141.94050747461148,27.40100487931059,0.46481076715,0.51278261543,0.46481076715,0.51278261543,0.73,0.667,61.3,0.7302774,0.6665496,61.3,23.4185,0.0,1.89,1.081,0.075,0.972,32.0
2301,2301,32_58,32_11,200.0475,18.22874,20.6527,0.099,187.5307,5.0,7.0,2102.0,2059.0,2101.6705,2058.9833,2101.6705,2058.9833,141.9472370531966,27.40086956183612,0.722,0.672,85.04,0.08534,0.07917,89.17,2101.6705,2058.9833,141.9472370531966,27.40086956183612,0.70416360681,0.61984581037,0.70416360681,0.61984581037,0.841,0.785,11.17,0.8411806,0.7851272,11.17,23.3581,0.0,2.55,1.074,0.068,0.568,32.0
2302,2302,32_59,32_10,1256.305,34.65601,18.6578,0.03,188.213,18.0,23.0,2046.0,2052.0,2046.2566,2052.3285,2046.2566,2052.3285,141.9647608924781,27.402972842805315,1.192,1.014,75.25,0.04224,0.03411,80.17,2046.2566,2052.3285,141.9647608924781,27.402972842805315,0.48591174316,0.51306944122,0.48591174316,0.51306944122,0.733,0.679,55.32,0.7334862,0.6789544,55.32,23.3922,0.0,1.97,1.175,0.149,0.969,32.0
2305,2305,32_62,32_7,938.6626,29.37788,18.9743,0.034,187.4187,16.0,17.0,2472.0,2035.0,2471.6426,2035.1461,2471.6426,2035.1461,141.829917393461,27.40597139692691,1.089,0.905,73.91,0.04368,0.03435,74.59,2471.6426,2035.1461,141.829917393461,27.40597139692691,0.44555956607,0.49383705466,0.44555956607,0.49383705466,0.709,0.661,68.56,0.7089728,0.6608738,68.56,23.3834,0.0,2.22,1.203,0.169,0.963,32.0
2306,2306,32_63,32_6,171.335,16.99416,20.821,0.1077,188.3094,5.0,6.0,2091.0,2034.0,2090.9192,2034.4878,2090.9192,2034.4878,141.95052720988542,27.40780411393335,0.768,0.5,1.25,0.10358,0.06344,0.2,2090.9192,2034.4878,141.95052720988542,27.40780411393335,0.45533871786,0.37951823575,0.45533871786,0.37951823575,0.677,0.613,11.93,0.6774068,0.6131696,11.93,23.3928,0.0,1.75,1.536,0.349,0.464,32.0
2307,2307,32_64,32_67,373.4226,24.90313,19.9751,0.0724,187.7238,12.0,13.0,2425.0,2507.0,2424.6647,2507.3444,2424.6647,2507.3444,141.8471506469936,27.273376860388,1.011,0.868,-39.91,0.08112,0.06905,-44.56,2424.6647,2507.3444,141.8471506469936,27.273376860388,1.0055740146,0.90881973417,1.0055740146,0.90881973417,1.012,0.944,-21.66,1.011772,0.9437751,-21.66,23.3943,0.0,3.21,1.166,0.142,0.028,32.0
2308,2308,32_65,32_4,591.7784,26.26588,19.4752,0.0482,187.7388,13.0,14.0,2210.0,2023.0,2210.4082,2022.7021,2210.4082,2022.7021,141.91261472151814,27.410612971397068,0.938,0.912,49.51,0.05086,0.04975,4.89,2210.4082,2022.7021,141.91261472151814,27.410612971397068,0.38854149299,0.42920475451,0.38854149299,0.42920475451,0.664,0.614,64.99,0.6637141,0.6141904,64.99,23.4018,0.0,2.04,1.029,0.028,0.958,32.0
2310,2310,32_67,32_65,254.4377,20.3593,20.3916,0.0869,188.6015,8.0,9.0,2105.0,2502.0,2105.0058,2501.956,2105.0058,2501.956,141.94827616107415,27.276266035365488,0.787,0.761,67.23,0.07684,0.07659,77.52,2105.0058,2501.956,141.94827616107415,27.276266035365488,0.48006395347,0.63389953298,0.48006395347,0.63389953298,0.798,0.69,81.51,0.7983785,0.6903297,81.51,23.4713,0.0,2.46,1.033,0.032,0.589,32.0
2311,2311,33_1,33_2,246.5344,19.13954,20.4259,0.0843,187.7688,7.0,8.0,2645.0,2019.0,2644.7745,2018.8165,2644.7745,2018.8165,141.77499157520617,27.409778860244277,0.79,0.677,-47.66,0.08714,0.07014,-44.47,2644.7745,2018.8165,141.77499157520617,27.409778860244277,0.51598732049,0.50432515939,0.51598732049,0.50432515939,0.719,0.709,19.21,0.719443,0.7090234,19.21,23.4231,0.0,3.46,1.167,0.143,0.336,33.0
2313,2313,33_3,33_75,186.2952,18.21637,20.7301,0.1062,189.7937,6.0,7.0,2814.0,2498.0,2813.6835,2497.9937,2813.6835,2497.9937,141.72402277156624,27.274233586037717,0.75,0.651,-89.06,0.08216,0.07575,-89.99,2813.6835,2497.9937,141.72402277156624,27.274233586037717,0.6807270038,0.90046799771,0.6807270038,0.90046799771,0.95,0.824,-84.35,0.9500724,0.823746,-84.35,23.4853,0.0,3.08,1.152,0.132,0.275,33.0
2314,2314,33_4,33_77,38816.35,102.5391,14.933,0.0029,188.2214,89.0,95.0,2721.0,2512.0,2720.7046,2512.6376,2720.7046,2512.6376,141.7535135172798,27.270549732228574,1.586,1.376,77.25,0.00584,0.00501,79.0,2720.7046,2512.6376,141.7535135172798,27.270549732228574,0.49273602159,0.55682595145,0.49273602159,0.55682595145,0.751,0.697,72.56,0.7508966,0.6969335,72.56,23.3785,24.0,2.34,1.153,0.133,0.984,33.0
2315,2315,33_5,33_74,526.0878,27.40004,19.6029,0.0566,188.9988,10.0,15.0,2788.0,2492.0,2788.1431,2492.1666,2788.1431,2492.1666,141.7320719111116,27.275992372713628,1.047,0.902,49.23,0.06502,0.05406,45.18,2788.1431,2492.1666,141.7320719111116,27.275992372713628,0.57342792219,0.62473104091,0.57342792219,0.62473104091,0.793,0.754,74.49,0.7931007,0.7544205,74.49,23.4177,0.0,2.67,1.161,0.138,0.439,33.0
2316,2316,33_6,33_73,2920.819,51.1468,17.7418,0.019,187.247,45.0,49.0,2740.0,2484.0,2739.8372,2483.995,2739.8372,2483.995,141.7473115887399,27.278516099123404,2.106,1.213,55.45,0.04515,0.02614,56.28,2739.8372,2483.995,141.7473115887399,27.278516099123404,1.2376363761,1.5194283464,1.2376363761,1.5194283464,1.344,0.975,54.62,1.343981,0.9750789,54.62,23.329,0.0,5.02,1.736,0.424,0.025,33.0
2317,2317,33_7,33_72,447.9536,23.76921,19.7775,0.0576,187.8483,8.0,12.0,2559.0,2482.0,2559.2069,2481.6896,2559.2069,2481.6896,141.80445056863235,27.27999194711938,0.916,0.814,-82.55,0.06168,0.05389,-70.92,2559.2069,2481.6896,141.80445056863235,27.27999194711938,0.35352093646,0.46285501303,0.35352093646,0.46285501303,0.684,0.591,78.88,0.683556,0.5908698,78.88,23.4167,0.0,1.9,1.125,0.111,0.817,33.0
2318,2318,33_8,33_71,2146.674,49.64777,18.0762,0.0251,188.4544,43.0,50.0,2811.0,2470.0,2810.4893,2470.2156,2810.4893,2470.2156,141.72488699063675,27.28206057340712,1.695,1.636,1.24,0.04584,0.04575,-33.6,2810.4893,2470.2156,141.72488699063675,27.28206057340712,1.6800330935,1.5231543121,1.6800330935,1.5231543121,1.296,1.234,2.66,1.296291,1.234024,2.66,23.4112,0.0,4.23,1.036,0.034,0.012,33.0
2320,2320,33_10,33_69,209.6299,17.84649,20.6019,0.0925,188.1238,6.0,7.0,2597.0,2464.0,2596.6784,2463.8107,2596.6784,2463.8107,141.79250293922718,27.28485059877037,0.826,0.598,-62.45,0.09669,0.06719,-59.87,2596.6784,2463.8107,141.79250293922718,27.28485059877037,0.45847389646,0.5417891417,0.45847389646,0.5417891417,0.756,0.655,-63.0,0.7556538,0.655172,-63.0,23.4406,0.0,2.59,1.381,0.276,0.25,33.0
2321,2321,33_11,33_68,418.2631,23.86881,19.8519,0.062,188.3137,10.0,12.0,2813.0,2457.0,2812.5563,2456.9536,2812.5563,2456.9536,141.72416318185034,27.2857804644351,0.98,0.768,-3.94,0.07274,0.05348,-0.51,2812.5563,2456.9536,141.72416318185034,27.2857804644351,0.53306354724,0.48504173365,0.53306354724,0.48504173365,0.738,0.688,-23.87,0.7380789,0.6880006,-23.87,23.4102,0.0,2.36,1.276,0.217,0.825,33.0
2322,2322,33_12,33_67,182.6361,17.61135,20.7516,0.1047,187.8356,7.0,7.0,3014.0,2451.0,3014.0007,2451.2647,3014.0007,2451.2647,141.66040545017137,27.28641404122973,0.72,0.672,0.89,0.09647,0.0894,0.04,3014.0007,2451.2647,141.66040545017137,27.28641404122973,0.4116177363,0.44337231385,0.4116177363,0.44337231385,0.667,0.64,-77.29,0.6671386,0.640247,-77.29,23.4331,0.0,2.73,1.071,0.066,0.373,33.0
2323,2323,33_13,33_66,1261.802,33.49086,18.6531,0.0288,187.8992,19.0,22.0,2521.0,2450.0,2521.1989,2449.82,2521.1989,2449.82,141.8163162784679,27.289125983203416,1.135,1.031,68.14,0.03777,0.03474,53.33,2521.1989,2449.82,141.8163162784679,27.289125983203416,0.45672170067,0.52929851624,0.45672170067,0.52929851624,0.732,0.671,74.01,0.7319781,0.6709906,74.01,23.4114,0.0,2.31,1.101,0.092,0.977,33.0
2324,2324,33_14,33_65,203.3402,17.99429,20.635,0.0961,188.9091,6.0,7.0,2531.0,2443.0,2530.7009,2443.0171,2530.7009,2443.0171,141.81327504200257,27.29099659903243,0.715,0.663,-80.97,0.08173,0.07569,-89.18,2530.7009,2443.0171,141.81327504200257,27.29099659903243,0.35776508231,0.32547339982,0.35776508231,0.32547339982,0.612,0.556,-30.12,0.6116787,0.5559565,-30.12,23.4837,0.0,1.85,1.08,0.074,0.529,33.0
2325,2325,33_15,33_64,571.8315,25.92156,19.5124,0.0492,187.9502,13.0,14.0,2541.0,2440.0,2540.5088,2439.5385,2540.5088,2439.5385,141.8101537363766,27.29193083173565,1.019,0.829,50.22,0.05965,0.04467,45.43,2540.5088,2439.5385,141.8101537363766,27.29193083173565,0.39582359568,0.4664099331,0.39582359568,0.4664099331,0.683,0.629,87.44,0.6830454,0.6290329,87.44,23.4191,0.0,2.29,1.228,0.186,0.976,33.0
2326,2326,33_16,33_63,1377.927,32.63263,18.5575,0.0257,187.7336,19.0,21.0,2869.0,2437.0,2868.6861,2436.8674,2868.6861,2436.8674,141.70629859108982,27.2911633786691,1.151,0.985,60.57,0.03498,0.02934,54.1,2868.6861,2436.8674,141.70629859108982,27.2911633786691,0.46324314534,0.5182185156,0.46324314534,0.5182185156,0.732,0.667,63.53,0.7323474,0.6671798,63.53,23.3996,0.0,2.2,1.169,0.144,0.98,33.0
2327,2327,33_17,33_62,12988.71,68.01293,16.1217,0.0057,188.2055,57.0,63.0,2885.0,2432.0,2885.2448,2431.9206,2885.2448,2431.9206,141.70103345106827,27.292475596687453,1.488,1.309,75.11,0.01096,0.00943,78.95,2885.2448,2431.9206,141.70103345106827,27.292475596687453,0.48788177165,0.56644886442,0.48788177165,0.56644886442,0.756,0.695,75.87,0.756153,0.6946677,75.87,23.4338,0.0,2.32,1.136,0.12,0.983,33.0
2328,2328,33_18,33_61,1771.82,36.69279,18.2845,0.0225,188.0897,23.0,26.0,2671.0,2429.0,2670.8041,2429.1517,2670.8041,2429.1517,141.7688695912757,27.294259192089427,1.211,1.067,76.78,0.03196,0.02765,81.22,2670.8041,2429.1517,141.7688695912757,27.294259192089427,0.45484338491,0.50549719869,0.45484338491,0.50549719869,0.72,0.665,65.67,0.7200816,0.6646978,65.67,23.4301,0.0,1.99,1.135,0.119,0.969,33.0
2329,2329,33_19,33_59,697.459,29.8534,19.2968,0.0465,188.2209,15.0,19.0,2817.0,2422.0,2816.6358,2422.4003,2816.6358,2422.4003,141.7226902816126,27.29547853215578,1.275,0.904,83.03,0.06845,0.04525,84.35,2816.6358,2422.4003,141.7226902816126,27.29547853215578,0.65626975956,0.90438234805,0.65626975956,0.90438234805,0.954,0.807,81.49,0.9539763,0.8065862,81.49,23.4238,0.0,2.99,1.411,0.291,0.171,33.0
2330,2330,33_20,33_58,595.8345,27.37834,19.4678,0.0499,187.6545,11.0,16.0,2651.0,2421.0,2650.5605,2420.9468,2650.5605,2420.9468,141.77523317338907,27.296659672897647,1.024,0.91,-82.28,0.06136,0.05055,-89.23,2650.5605,2420.9468,141.77523317338907,27.296659672897647,0.43575544935,0.48658627749,0.43575544935,0.48658627749,0.709,0.648,-63.88,0.7089912,0.6478219,-63.88,23.4028,0.0,2.18,1.124,0.111,0.942,33.0
2331,2331,33_21,33_57,1176.862,35.42731,18.7288,0.0327,188.204,16.0,26.0,2965.0,2419.0,2964.9018,2419.5982,2964.9018,2419.5982,141.67576627346685,27.29555788984234,1.162,1.038,71.94,0.04491,0.03929,70.55,2964.9018,2419.5982,141.67576627346685,27.29555788984234,0.47280759594,0.53449990402,0.47280759594,0.53449990402,0.732,0.687,82.15,0.7319121,0.6867403,82.15,23.432,0.0,2.17,1.12,0.107,0.974,33.0
2332,2332,33_22,33_56,4540.38,49.65541,17.2628,0.0119,187.7274,33.0,43.0,2857.0,2414.0,2857.0264,2413.9735,2857.0264,2413.9735,141.70986601013362,27.29765712759856,1.389,1.196,71.23,0.02087,0.0176,71.51,2857.0264,2413.9735,141.70986601013362,27.29765712759856,0.48238819084,0.54723257256,0.48238819084,0.54723257256,0.745,0.689,72.51,0.7445695,0.6893743,72.51,23.3992,0.0,2.08,1.162,0.139,0.982,33.0
2333,2333,33_23,33_55,254.3695,19.1719,20.3919,0.0819,187.639,8.0,8.0,2564.0,2401.0,2563.5291,2401.0613,2563.5291,2401.0613,141.80267352512575,27.3026483964133,0.787,0.694,-0.7,0.08247,0.06794,0.36,2563.5291,2401.0613,141.80267352512575,27.3026483964133,0.57861724045,0.58855995327,0.57861724045,0.58855995327,0.767,0.76,78.5,0.7674562,0.7603869,78.5,23.4085,0.0,2.36,1.135,0.119,0.432,33.0
2334,2334,33_24,33_54,173.9024,16.49239,20.8048,0.103,188.3485,5.0,6.0,2825.0,2400.0,2824.802,2399.8335,2824.802,2399.8335,141.71998725345964,27.301786344358025,0.741,0.563,43.41,0.09449,0.06996,44.8,2824.802,2399.8335,141.71998725345964,27.301786344358025,0.57878277456,0.45466305513,0.57878277456,0.45466305513,0.765,0.669,12.95,0.7653219,0.669125,12.95,23.4382,0.0,2.09,1.316,0.24,0.545,33.0
2335,2335,33_25,33_53,2643.386,42.78384,17.8502,0.0176,187.4804,28.0,34.0,2987.0,2394.0,2986.9374,2394.057,2986.9374,2394.057,141.66865697168896,27.302633534529768,1.293,1.187,62.7,0.02724,0.02524,55.56,2986.9374,2394.057,141.66865697168896,27.302633534529768,0.53101802219,0.59012150601,0.53101802219,0.59012150601,0.774,0.723,70.16,0.7739292,0.7226154,70.16,23.3845,0.0,2.07,1.089,0.082,0.975,33.0
2337,2337,33_27,33_51,465.6084,25.41452,19.7355,0.0593,187.6854,11.0,14.0,2804.0,2377.0,2804.3143,2376.7954,2804.3143,2376.7954,141.72634864470638,27.30836192501573,1.056,0.847,-68.01,0.07436,0.05797,-65.73,2804.3143,2376.7954,141.72634864470638,27.30836192501573,0.60544352328,0.76152352514,0.60544352328,0.76152352514,0.875,0.775,-80.4,0.8752831,0.7751429,-80.4,23.3955,0.0,2.83,1.248,0.198,0.127,33.0
2338,2338,33_28,33_49,146.9113,15.0531,20.9879,0.1113,187.8109,5.0,5.0,2524.0,2376.0,2523.7802,2375.5787,2523.7802,2375.5787,141.81512454863815,27.309994215006476,0.74,0.453,19.64,0.10932,0.06339,18.56,2523.7802,2375.5787,141.81512454863815,27.309994215006476,0.58468959634,0.5076697508,0.58468959634,0.5076697508,0.784,0.692,27.7,0.7835905,0.6916251,27.7,23.4263,0.0,3.4,1.633,0.388,0.368,33.0
2339,2339,33_29,33_48,1743.769,36.56354,18.3019,0.0228,188.0863,23.0,26.0,2531.0,2367.0,2531.17,2367.1158,2531.17,2367.1158,141.81274284695604,27.31234113397401,1.196,1.065,-89.54,0.03241,0.02801,-82.99,2531.17,2367.1158,141.81274284695604,27.31234113397401,0.44223615415,0.51023826232,0.44223615415,0.51023826232,0.716,0.663,80.11,0.7157989,0.6634051,80.11,23.4462,0.0,2.03,1.122,0.109,0.978,33.0
2340,2340,33_30,33_47,622279.9,340.7113,11.9206,0.0006,188.8412,358.0,390.0,2733.0,2350.0,2732.2314,2349.6294,2732.2314,2349.6294,141.74901777517562,27.316339271043,2.102,1.8,82.26,0.00156,0.00144,89.76,2732.2314,2349.6294,141.74901777517562,27.316339271043,1.1789108472,1.6295027306,1.1789108472,1.6295027306,1.28,1.081,81.92,1.280146,1.081499,81.92,23.4909,4.0,11.66,1.168,0.144,0.981,33.0
2341,2341,33_31,33_46,495.8833,26.23564,19.6671,0.0575,188.2151,14.0,15.0,2912.0,2349.0,2911.622,2349.434,2911.622,2349.434,141.69224697033343,27.315546260821527,1.03,0.929,46.43,0.06747,0.05896,45.15,2911.622,2349.434,141.69224697033343,27.315546260821527,0.7625221938,0.7894228429,0.7625221938,0.7894228429,0.896,0.865,60.0,0.8960356,0.8654855,60.0,23.4281,0.0,2.67,1.109,0.098,0.355,33.0
2342,2342,33_32,33_45,319.7065,22.27075,20.1437,0.0757,188.3764,7.0,11.0,2868.0,2341.0,2867.6388,2341.4019,2867.6388,2341.4019,141.70612229918842,27.318015445601777,0.913,0.778,71.58,0.07883,0.0682,71.76,2867.6388,2341.4019,141.70612229918842,27.318015445601777,0.37218030723,0.41075037832,0.37218030723,0.41075037832,0.654,0.596,61.1,0.6539593,0.5960435,61.1,23.4415,0.0,2.07,1.174,0.148,0.554,33.0
2343,2343,33_33,33_44,2409.411,41.04057,17.9508,0.0185,187.7331,26.0,32.0,2973.0,2334.0,2973.1037,2333.992,2973.1037,2333.992,141.6727092399969,27.31959195078032,1.294,1.128,72.47,0.02916,0.02472,72.82,2973.1037,2333.992,141.6727092399969,27.31959195078032,0.46807111056,0.55054148616,0.46807111056,0.55054148616,0.744,0.682,78.66,0.7443079,0.6816292,78.66,23.4119,0.0,2.13,1.147,0.128,0.981,33.0
2344,2344,33_34,33_43,1276.275,34.98252,18.6407,0.0298,187.8645,21.0,25.0,2582.0,2334.0,2582.2161,2334.4012,2582.2161,2334.4012,141.7964197080451,27.321311254406403,1.22,1.061,-82.38,0.04399,0.03567,-80.33,2582.2161,2334.4012,141.7964197080451,27.321311254406403,0.49728325355,0.53906613021,0.49728325355,0.53906613021,0.736,0.703,74.89,0.7364447,0.7028503,74.89,23.4272,0.0,2.0,1.15,0.13,0.952,33.0
2345,2345,33_35,33_42,326.8922,23.50898,20.1196,0.0781,187.4867,7.0,12.0,2534.0,2332.0,2533.5458,2331.5404,2533.5458,2331.5404,141.81181081409997,27.3223357319172,0.895,0.875,61.61,0.0784,0.07814,50.91,2533.5458,2331.5404,141.81181081409997,27.3223357319172,0.55253358924,0.60711969735,0.55253358924,0.60711969735,0.79,0.732,64.34,0.7896231,0.7322217,64.34,23.3939,0.0,3.09,1.023,0.023,0.455,33.0
2346,2346,33_36,33_41,304.5068,20.36519,20.1966,0.0726,188.5396,9.0,9.0,2878.0,2307.0,2878.0585,2307.049,2878.0585,2307.049,141.70264186129214,27.327626532606004,0.771,0.763,-77.0,0.0676,0.06736,46.23,2878.0585,2307.049,141.70264186129214,27.327626532606004,0.44018901627,0.5077770721,0.44018901627,0.5077770721,0.713,0.663,89.24,0.7125931,0.6634585,89.24,23.4494,0.0,2.28,1.011,0.011,0.554,33.0
2347,2347,33_37,33_40,1141.718,32.77026,18.7617,0.0312,188.1459,17.0,21.0,2538.0,2300.0,2537.9471,2299.9204,2537.9471,2299.9204,141.81025742098944,27.33120876158815,1.087,1.029,85.28,0.03685,0.03654,78.03,2537.9471,2299.9204,141.81025742098944,27.33120876158815,0.43405148846,0.50474540377,0.43405148846,0.50474540377,0.711,0.658,83.58,0.7110929,0.6581366,83.58,23.4293,0.0,1.98,1.056,0.053,0.985,33.0
2348,2348,33_38,33_39,1263.537,33.60489,18.6516,0.0289,188.2749,18.0,23.0,2926.0,2284.0,2925.7735,2284.3758,2925.7735,2284.3758,141.68741978509308,27.333773796007048,1.178,1.027,39.64,0.0402,0.03445,39.18,2925.7735,2284.3758,141.68741978509308,27.333773796007048,0.48564826011,0.50922905525,0.48564826011,0.50922905525,0.736,0.674,52.82,0.7356572,0.673562,52.82,23.4382,0.0,2.09,1.147,0.128,0.965,33.0
2349,2349,33_39,33_38,247.1469,22.00185,20.4232,0.0967,186.7001,10.0,11.0,2814.0,2252.0,2813.2757,2251.4577,2813.2757,2251.4577,141.72285102847724,27.34356786917698,1.425,0.61,36.19,0.15542,0.06855,36.23,2813.2757,2251.4577,141.72285102847724,27.34356786917698,2.287267742,1.4843078009,2.287267742,1.4843078009,1.665,1.0,31.54,1.665069,0.9995604,31.54,23.3476,0.0,5.55,2.335,0.572,0.001,33.0
2350,2350,33_40,33_37,43129.44,105.551,14.8186,0.0027,188.6319,94.0,104.0,2921.0,2241.0,2921.4253,2241.0137,2921.4253,2241.0137,141.68856316725748,27.345988952883,1.592,1.402,74.73,0.0055,0.00499,72.11,2921.4253,2241.0137,141.68856316725748,27.345988952883,0.50682046694,0.57976272587,0.50682046694,0.57976272587,0.766,0.707,73.34,0.7661197,0.7068549,73.34,23.4694,0.0,2.55,1.135,0.119,0.986,33.0
2352,2352,33_42,33_35,5030.446,50.43571,17.1516,0.0109,188.6711,36.0,43.0,2911.0,2227.0,2910.8879,2226.7785,2910.8879,2226.7785,141.69182211751723,27.350042870547675,1.38,1.205,72.62,0.01865,0.01604,63.66,2910.8879,2226.7785,141.69182211751723,27.350042870547675,0.48033258568,0.55311545416,0.48033258568,0.55311545416,0.747,0.689,75.8,0.747058,0.689458,75.8,23.4723,0.0,2.16,1.146,0.127,0.982,33.0
2355,2355,33_45,33_32,5446.605,67.46097,17.0653,0.0135,187.7245,83.0,92.0,2639.0,2207.0,2639.067,2207.1895,2639.067,2207.1895,141.77777038140223,27.35682850879863,2.265,2.082,-68.37,0.03433,0.03241,-73.07,2639.067,2207.1895,141.77777038140223,27.35682850879863,2.6535625719,2.8233750983,2.6535625719,2.8233750983,1.703,1.605,-60.67,1.703454,1.604737,-60.67,23.4191,0.0,5.73,1.088,0.081,0.014,33.0
2356,2356,33_46,33_31,289.0395,19.21286,20.2532,0.0722,186.8284,7.0,8.0,2817.0,2197.0,2816.9757,2196.5612,2816.9757,2196.5612,141.72138952828493,27.358988616800065,0.783,0.687,-88.2,0.07708,0.06321,-89.58,2816.9757,2196.5612,141.72138952828493,27.358988616800065,0.39673833567,0.46359124519,0.39673833567,0.46359124519,0.685,0.625,-74.57,0.6849098,0.6254823,-74.57,23.3595,0.0,2.45,1.14,0.123,0.707,33.0
2358,2358,33_48,33_29,3590.284,45.99778,17.5178,0.0139,187.4444,32.0,38.0,2870.0,2183.0,2869.9652,2182.7551,2869.9652,2182.7551,141.70454093490562,27.362619260344808,1.345,1.167,74.31,0.02321,0.01995,64.45,2869.9652,2182.7551,141.70454093490562,27.362619260344808,0.46410844408,0.54629419611,0.46410844408,0.54629419611,0.741,0.679,78.54,0.7414971,0.6786638,78.54,23.3847,0.0,2.11,1.153,0.132,0.98,33.0
2359,2359,33_49,33_28,20956.59,80.51726,15.6023,0.0042,188.1197,66.0,76.0,2600.0,2180.0,2599.9909,2180.3531,2599.9909,2180.3531,141.7900050920714,27.364554542474743,1.539,1.343,73.13,0.00826,0.00726,76.36,2599.9909,2180.3531,141.7900050920714,27.364554542474743,0.49878229351,0.57039723086,0.49878229351,0.57039723086,0.761,0.7,71.96,0.760851,0.7002037,71.96,23.4321,0.0,2.22,1.146,0.127,0.982,33.0
2360,2360,33_50,33_27,8704.622,61.06778,16.5562,0.0076,188.5325,49.0,58.0,2930.0,2161.0,2930.3357,2161.6158,2930.3357,2161.6158,141.68531597282902,27.3682740156607,1.465,1.315,61.59,0.01448,0.01267,56.84,2930.3357,2161.6158,141.68531597282902,27.3682740156607,0.4830074125,0.53637931979,0.4830074125,0.53637931979,0.737,0.69,71.4,0.7370199,0.690064,71.4,23.4669,3.0,2.17,1.114,0.102,0.993,33.0
2361,2361,33_51,33_27,12143.9,66.40777,16.1947,0.0059,188.5824,53.0,61.0,2922.0,2158.0,2922.5372,2158.0824,2922.5372,2158.0824,141.6877657965979,27.36930530966383,1.491,1.301,70.22,0.01154,0.00964,74.57,2922.5372,2158.0824,141.6877657965979,27.36930530966383,0.50894003152,0.56951231396,0.50894003152,0.56951231396,0.759,0.708,72.07,0.759336,0.7084216,72.07,23.4678,3.0,2.29,1.146,0.127,0.991,33.0
2362,2362,33_52,33_26,206.3306,18.16869,20.6192,0.0956,188.2753,6.0,7.0,2529.0,2164.0,2529.313,2164.0177,2529.313,2164.0177,141.8123023275611,27.369468950157696,0.734,0.654,88.2,0.08149,0.07525,89.5,2529.313,2164.0177,141.8123023275611,27.369468950157696,0.332133017,0.38269030157,0.332133017,0.38269030157,0.621,0.574,77.3,0.6208037,0.5739565,77.3,23.4184,0.0,2.05,1.123,0.109,0.531,33.0
2363,2363,33_53,33_25,243.1553,18.27269,20.4409,0.0816,188.1279,6.0,7.0,2546.0,2157.0,2546.0421,2157.3056,2546.0421,2157.3056,141.8069706981063,27.37128118170895,0.708,0.665,13.94,0.06832,0.0633,1.54,2546.0421,2157.3056,141.8069706981063,27.37128118170895,0.23056818499,0.36397847737,0.23056818499,0.36397847737,0.609,0.473,77.81,0.608691,0.4733307,77.81,23.4123,0.0,1.73,1.066,0.062,0.563,33.0
2364,2364,33_54,33_24,3101.411,44.07123,17.6767,0.0154,188.5863,27.0,36.0,2932.0,2143.0,2932.3939,2143.6914,2932.3939,2143.6914,141.68456795693874,27.37330469621814,1.286,1.167,82.98,0.02411,0.02186,87.66,2932.3939,2143.6914,141.68456795693874,27.37330469621814,0.45380303641,0.50958094859,0.45380303641,0.50958094859,0.717,0.671,75.15,0.7167986,0.6705101,75.15,23.4713,0.0,2.15,1.102,0.092,1.0,33.0
2365,2365,33_55,33_23,3216.513,43.87734,17.6371,0.0148,187.6997,31.0,35.0,2700.0,2134.0,2699.7532,2133.914,2699.7532,2133.914,141.7581757305105,27.377155952855617,1.309,1.159,67.48,0.02381,0.02058,62.91,2699.7532,2133.914,141.7581757305105,27.377155952855617,0.4659307044,0.53228587211,0.4659307044,0.53228587211,0.734,0.678,73.64,0.7338535,0.6779939,73.64,23.4204,0.0,2.04,1.13,0.115,0.98,33.0
2366,2366,33_56,33_22,7200.453,56.96999,16.7622,0.0086,187.8031,43.0,51.0,2625.0,2124.0,2625.205,2124.1665,2625.205,2124.1665,141.78173239028447,27.3802409476806,1.422,1.274,75.66,0.01525,0.01389,84.82,2625.205,2124.1665,141.78173239028447,27.3802409476806,0.49694080783,0.56838133329,0.49694080783,0.56838133329,0.758,0.7,73.96,0.7581683,0.7003592,73.96,23.4128,0.0,2.24,1.116,0.104,0.982,33.0
2367,2367,33_57,33_21,332.1255,23.46864,20.1023,0.0767,188.9192,12.0,12.0,2559.0,2114.0,2558.9703,2113.522,2558.9703,2113.522,141.80265382637722,27.38353628469964,1.075,0.782,-81.68,0.08798,0.06433,-89.26,2558.9703,2113.522,141.80265382637722,27.38353628469964,1.209054452,1.5357798149,1.209054452,1.5357798149,1.264,1.071,-68.34,1.263723,1.071372,-68.34,23.4747,0.0,5.46,1.375,0.273,0.011,33.0
2368,2368,33_58,33_20,1102.192,30.72692,18.7999,0.0303,188.4052,17.0,19.0,2906.0,2106.0,2905.6136,2106.4755,2905.6136,2106.4755,141.69284684898395,27.38389956857345,1.123,0.957,80.71,0.04245,0.03201,78.71,2905.6136,2106.4755,141.69284684898395,27.38389956857345,0.44107787712,0.47484642995,0.44107787712,0.47484642995,0.689,0.664,-89.97,0.689091,0.6641369,-89.97,23.4529,0.0,2.12,1.174,0.148,0.965,33.0
2369,2369,33_59,33_19,5536.897,53.01356,17.0474,0.0104,188.1552,39.0,46.0,2521.0,2105.0,2521.4517,2105.478,2521.4517,2105.478,141.81449539880364,27.38596798612132,1.398,1.228,67.69,0.0183,0.01574,62.05,2521.4517,2105.478,141.81449539880364,27.38596798612132,0.45795280758,0.51438015212,0.45795280758,0.51438015212,0.721,0.673,74.13,0.7206543,0.6730456,74.13,23.4125,0.0,2.18,1.138,0.121,0.984,33.0
2370,2370,33_60,33_18,1089.681,37.32671,18.8123,0.0372,188.0589,27.0,30.0,2809.0,2102.0,2809.1217,2102.5958,2809.1217,2102.5958,141.72337932619484,27.38545104428406,1.467,1.245,45.76,0.05977,0.05061,41.57,2809.1217,2102.5958,141.72337932619484,27.38545104428406,1.1648814853,1.2260654317,1.1648814853,1.2260654317,1.13,1.055,55.95,1.130268,1.055197,55.95,23.433,0.0,3.94,1.178,0.151,0.072,33.0
2371,2371,33_61,33_17,885.0472,33.41446,19.0382,0.041,187.9237,21.0,24.0,2756.0,2100.0,2755.6482,2100.2972,2755.6482,2100.2972,141.74030025099654,27.386349273917197,1.338,1.089,70.98,0.06199,0.04947,65.66,2755.6482,2100.2972,141.74030025099654,27.386349273917197,0.85960029737,1.0344994421,0.85960029737,1.0344994421,1.019,0.925,81.81,1.018919,0.9251508,81.81,23.4296,0.0,3.58,1.229,0.186,0.042,33.0
2372,2372,33_62,33_16,5257.982,51.94392,17.1035,0.0107,187.4958,39.0,45.0,2581.0,2098.0,2581.477,2098.7228,2581.477,2098.7228,141.79545035763118,27.387596191886622,1.412,1.243,78.9,0.01892,0.01688,78.86,2581.477,2098.7228,141.79545035763118,27.387596191886622,0.47847429391,0.5392194999,0.47847429391,0.5392194999,0.74,0.686,71.11,0.7397812,0.6858699,71.11,23.3848,0.0,2.37,1.136,0.12,1.0,33.0
2373,2373,33_63,33_15,9408.584,62.15346,16.4718,0.0072,188.2993,49.0,58.0,2889.0,2094.0,2889.5175,2093.9985,2889.5175,2093.9985,141.69787655688245,27.38748567322285,1.482,1.291,78.57,0.01378,0.01177,78.66,2889.5175,2093.9985,141.69787655688245,27.38748567322285,0.50243514424,0.56956512134,0.50243514424,0.56956512134,0.757,0.706,77.34,0.7570559,0.7063049,77.34,23.4444,0.0,2.46,1.147,0.129,0.988,33.0
2374,2374,33_64,33_14,613.8162,27.45983,19.4355,0.0486,188.2311,15.0,16.0,2668.0,2092.0,2668.1741,2092.1925,2668.1741,2092.1925,141.7679595849629,27.389035451979577,1.109,0.884,72.87,0.06344,0.04772,72.76,2668.1741,2092.1925,141.7679595849629,27.389035451979577,0.53876354679,0.61182593096,0.53876354679,0.61182593096,0.788,0.728,72.05,0.7876533,0.7281427,72.05,23.4487,0.0,2.04,1.255,0.203,0.652,33.0
2375,2375,33_65,33_13,487.4541,24.82728,19.6857,0.0553,188.4966,11.0,13.0,2546.0,2092.0,2546.2567,2092.0429,2546.2567,2092.0429,141.8065710821058,27.38963453478681,0.947,0.851,58.76,0.06259,0.05425,60.81,2546.2567,2092.0429,141.8065710821058,27.38963453478681,0.43910811131,0.44425058244,0.43910811131,0.44425058244,0.681,0.647,48.29,0.6812699,0.6474797,48.29,23.4432,0.0,2.04,1.112,0.101,0.864,33.0
2377,2377,33_67,33_11,335.6048,22.48941,20.091,0.0728,187.8432,7.0,11.0,2588.0,2087.0,2588.3121,2087.0889,2588.3121,2087.0889,141.7932261159297,27.390836943288885,0.958,0.74,17.7,0.08069,0.05733,15.18,2588.3121,2087.0889,141.7932261159297,27.390836943288885,0.57829890475,0.62482463835,0.57829890475,0.62482463835,0.811,0.739,57.23,0.8110112,0.7385014,57.23,23.4106,0.0,2.1,1.295,0.228,0.616,33.0
2378,2378,33_68,33_10,872.0783,30.87602,19.0542,0.0384,188.42,18.0,20.0,2832.0,2085.0,2832.3156,2085.0114,2832.3156,2085.0114,141.7159416682096,27.390286188718918,1.126,0.993,75.43,0.05018,0.04287,69.97,2832.3156,2085.0114,141.7159416682096,27.390286188718918,0.46901631666,0.51507396759,0.46901631666,0.51507396759,0.718,0.684,-83.23,0.7181451,0.6843668,-83.23,23.4555,0.0,1.84,1.134,0.118,0.919,33.0
2379,2379,33_69,33_9,349.4412,23.5022,20.0471,0.073,188.2683,10.0,12.0,2549.0,2085.0,2548.7365,2084.6432,2548.7365,2084.6432,141.8057480546129,27.39170438712152,0.968,0.83,74.25,0.08026,0.06983,70.52,2548.7365,2084.6432,141.8057480546129,27.39170438712152,0.51104599415,0.6284242633,0.51104599415,0.6284242633,0.793,0.715,89.52,0.7927374,0.714869,89.52,23.4285,0.0,3.03,1.167,0.143,0.646,33.0
2380,2380,33_70,33_8,450.0189,25.42065,19.7725,0.0613,187.2834,9.0,14.0,2611.0,2078.0,2610.5948,2078.2815,2610.5948,2078.2815,141.78612366431136,27.3932122064557,0.951,0.92,41.95,0.06564,0.06411,3.05,2610.5948,2078.2815,141.78612366431136,27.3932122064557,0.52642554156,0.55239449335,0.52642554156,0.55239449335,0.762,0.706,54.33,0.7615683,0.7062817,54.33,23.3794,0.0,2.23,1.035,0.033,0.784,33.0
2381,2381,33_71,33_7,93177.08,142.6692,13.9823,0.0017,188.261,124.0,131.0,2852.0,2064.0,2851.8048,2064.2685,2851.8048,2064.2685,141.70965987750589,27.396026727111305,1.649,1.434,75.32,0.00349,0.00305,74.86,2851.8048,2064.2685,141.70965987750589,27.396026727111305,0.52050873547,0.59529484856,0.52050873547,0.59529484856,0.775,0.717,74.73,0.7754493,0.7172739,74.73,23.4449,0.0,2.48,1.15,0.13,0.999,33.0
2382,2382,33_72,33_6,4384.701,60.00216,17.3007,0.0149,188.2826,65.0,71.0,2812.0,2065.0,2811.995,2065.264,2811.995,2065.264,141.7222720238507,27.39593597071212,2.29,1.535,-33.46,0.03958,0.02574,-33.37,2811.995,2065.264,141.7222720238507,27.39593597071212,1.9083184702,1.6670838974,1.9083184702,1.6670838974,1.457,1.205,-34.5,1.457444,1.204683,-34.5,23.447,0.0,4.62,1.492,0.33,0.022,33.0
2383,2383,33_73,33_5,506.6631,23.69288,19.6438,0.0508,187.4789,10.0,12.0,2943.0,2055.0,2942.8578,2054.9886,2942.8578,2054.9886,141.6807771037423,27.398198535766618,0.925,0.832,85.74,0.05914,0.04955,89.79,2942.8578,2054.9886,141.6807771037423,27.398198535766618,0.52870759763,0.51061839726,0.52870759763,0.51061839726,0.739,0.702,35.26,0.7394435,0.7018186,35.26,23.3892,0.0,2.65,1.112,0.101,0.661,33.0
2384,2384,33_74,33_4,2697.843,42.62313,17.828,0.0172,187.9895,27.0,34.0,2884.0,2031.0,2884.2187,2031.7425,2884.2187,2031.7425,141.69922155595094,27.405018534993893,1.302,1.175,81.21,0.02727,0.02346,88.43,2884.2187,2031.7425,141.69922155595094,27.405018534993893,0.50024291205,0.55878527784,0.50024291205,0.55878527784,0.753,0.702,71.08,0.7527122,0.7017496,71.08,23.4236,0.0,2.2,1.108,0.098,0.978,33.0
2385,2385,33_75,33_3,589.4953,27.67108,19.4794,0.051,188.4084,16.0,17.0,2974.0,2028.0,2974.1662,2027.8796,2974.1662,2027.8796,141.6707165703188,27.405669639152165,1.152,0.945,64.18,0.06843,0.05464,64.0,2974.1662,2027.8796,141.6707165703188,27.405669639152165,0.79157176438,0.86905419956,0.79157176438,0.86905419956,0.947,0.874,62.79,0.9470456,0.8739169,62.79,23.4541,0.0,2.97,1.219,0.18,0.219,33.0
2386,2386,33_76,33_76,3881.088,65.61027,17.4332,0.0184,188.5394,70.0,83.0,2807.0,2512.0,2806.0789,2512.7415,2806.0789,2512.7415,141.72650604104246,27.270121903709477,2.652,1.773,-41.69,0.04968,0.03531,-41.86,2806.0789,2512.7415,141.72650604104246,27.270121903709477,3.0303875949,2.9826466546,3.0303875949,2.9826466546,1.858,1.601,-43.46,1.857598,1.600739,-43.46,23.3846,16.0,6.86,1.496,0.331,0.013,33.0
2429,2429,34_43,34_25,278.5172,22.89067,20.2934,0.0893,189.0208,11.0,12.0,3048.0,2174.0,3048.342,2174.6633,3048.342,2174.6633,141.64803197072217,27.3640288227249,1.218,0.701,45.24,0.12349,0.07129,45.01,3048.342,2174.6633,141.64803197072217,27.3640288227249,1.1402433388,1.222302495,1.1402433388,1.222302495,1.208,0.95,49.24,1.20803,0.9503735,49.24,23.4629,0.0,5.5,1.737,0.424,0.0,34.0
2432,2432,34_46,34_23,260.4116,21.95233,20.3664,0.0915,188.6574,9.0,11.0,3056.0,2158.0,3055.9744,2157.9879,3055.9744,2157.9879,141.6455248363539,27.36868038441513,1.059,0.717,88.23,0.10807,0.07095,89.86,3055.9744,2157.9879,141.6455248363539,27.36868038441513,0.82264885832,1.2261904024,0.82264885832,1.2261904024,1.122,0.889,74.68,1.122027,0.8887602,74.68,23.4343,0.0,3.37,1.478,0.323,0.104,34.0
2435,2435,34_49,34_20,151.427,16.27978,20.9551,0.1168,189.0405,4.0,6.0,3049.0,2129.0,3048.9398,2128.7821,3048.9398,2128.7821,141.6475917422829,27.37692801477481,0.915,0.471,35.62,0.12413,0.06113,36.81,3048.9398,2128.7821,141.6475917422829,27.37692801477481,0.8967350663,0.75084416373,0.8967350663,0.75084416373,1.0,0.805,32.77,0.9999542,0.8047799,32.77,23.4633,0.0,3.88,1.944,0.485,0.101,34.0
2446,2446,34_60,34_9,807.3238,28.28649,19.138,0.0381,188.8045,14.0,17.0,3040.0,2077.0,3040.4618,2077.5071,3040.4618,2077.5071,141.64999527942675,27.391388742862645,1.028,0.94,-86.53,0.0467,0.04088,-79.96,3040.4618,2077.5071,141.64999527942675,27.391388742862645,0.39412973887,0.41111873586,0.39412973887,0.41111873586,0.649,0.62,58.56,0.6490434,0.6196702,58.56,23.4744,0.0,2.02,1.094,0.086,0.967,34.0
2454,2454,35_1,35_4,9685.806,67.91556,16.4402,0.0076,188.6607,57.0,66.0,398.0,2525.0,398.0363,2525.9716,398.0363,2525.9716,142.4885698373259,27.27566976322775,1.819,1.293,68.74,0.01668,0.01252,68.2,398.0363,2525.9716,142.4885698373259,27.27566976322775,0.63755996546,0.84548140975,0.63755996546,0.84548140975,0.934,0.781,71.27,0.9340759,0.7813728,71.27,23.3559,8.0,3.61,1.406,0.289,0.974,35.0
2456,2456,35_3,35_3,1236.132,34.22387,18.6754,0.0301,188.6816,16.0,21.0,388.0,2523.0,387.7409,2523.0829,387.7409,2523.0829,142.4918186570563,27.27651299722351,1.096,1.022,-88.89,0.03767,0.03546,-72.78,387.7409,2523.0829,142.4918186570563,27.27651299722351,0.43169532087,0.49856105844,0.43169532087,0.49856105844,0.706,0.657,-86.84,0.7062329,0.6568801,-86.84,23.355,0.0,2.0,1.073,0.068,0.976,35.0
2457,2457,35_4,35_54,888.7229,34.61628,19.0337,0.0423,188.39,20.0,22.0,358.0,3002.0,357.1006,3001.5894,357.1006,3001.5894,142.5031075338654,27.142005706172423,1.31,1.106,-10.16,0.06286,0.0532,-19.64,357.1006,3001.5894,142.5031075338654,27.142005706172423,1.3382329797,1.1256246332,1.3382329797,1.1256246332,1.159,1.059,8.04,1.158691,1.058912,8.04,23.3059,0.0,4.58,1.184,0.156,0.037,35.0
2458,2458,35_5,35_57,275731.2,241.6525,12.8044,0.001,189.4956,274.0,290.0,104.0,3019.0,103.2624,3018.7436,103.2624,3018.7436,142.58341433432813,27.137900253560392,1.976,1.883,48.4,0.00339,0.00263,14.89,103.2624,3018.7436,142.58341433432813,27.137900253560392,0.56961785371,0.57643466931,0.56961785371,0.57643466931,0.788,0.725,-47.03,0.7880816,0.724555,-47.03,23.3354,30.0,11.56,1.049,0.047,0.973,35.0
2459,2459,35_6,35_57,30423.9,100.4301,15.1975,0.0036,189.3419,101.0,108.0,114.0,3004.0,114.3668,3004.3346,114.3668,3004.3346,142.57985865959407,27.14192314607732,1.742,1.466,-87.68,0.00937,0.00707,-81.5,114.3668,3004.3346,142.57985865959407,27.14192314607732,0.504602775,0.57206172223,0.504602775,0.57206172223,0.759,0.708,77.88,0.758501,0.7080542,77.88,23.3357,2.0,2.26,1.188,0.158,0.983,35.0
2460,2460,35_7,35_53,104310.8,157.7958,13.8597,0.0016,190.6371,155.0,166.0,446.0,2975.0,446.5773,2975.7599,446.5773,2975.7599,142.4747342479103,27.149004174135715,2.671,1.463,84.96,0.00493,0.00315,83.86,446.5773,2975.7599,142.4747342479103,27.149004174135715,0.87601670978,2.090251374,0.87601670978,2.090251374,1.457,0.918,80.66,1.457391,0.9177578,80.66,23.4296,0.0,6.88,1.825,0.452,0.66,35.0
2461,2461,35_8,35_52,158.5027,17.5601,20.9055,0.1203,187.9708,5.0,6.0,259.0,2979.0,259.0069,2978.5156,259.0069,2978.5156,142.5340450348226,27.148781188298955,0.78,0.5,0.94,0.11647,0.07156,0.07,259.0069,2978.5156,142.5340450348226,27.148781188298955,0.74849853425,0.73105810672,0.74849853425,0.73105810672,0.873,0.848,33.03,0.8725033,0.8475226,33.03,23.2995,0.0,2.7,1.56,0.359,0.541,35.0
2462,2462,35_9,35_51,281.4101,22.86024,20.2822,0.0882,188.6163,9.0,10.0,328.0,2970.0,327.9892,2970.1615,327.9892,2970.1615,142.512207803968,27.15093155380514,0.916,0.756,-88.08,0.08838,0.07005,-89.95,327.9892,2970.1615,142.512207803968,27.15093155380514,0.95970081021,1.026815671,0.95970081021,1.026815671,1.031,0.962,-59.63,1.0305,0.9615539,-59.63,23.3267,0.0,3.01,1.212,0.175,0.5,35.0
2463,2463,35_10,35_50,7533.717,77.32854,16.713,0.0111,190.1992,91.0,98.0,391.0,2966.0,390.9173,2965.9332,390.9173,2965.9332,142.49229831877844,27.151935301243675,2.926,1.547,-23.55,0.03781,0.01915,-22.6,390.9173,2965.9332,142.49229831877844,27.151935301243675,2.6563522396,1.7746268258,2.6563522396,1.7746268258,1.702,1.239,-24.78,1.701528,1.239267,-24.78,23.4036,0.0,5.94,1.891,0.471,0.026,35.0
2464,2464,35_11,35_49,532.0785,26.59061,19.5906,0.0543,189.4125,10.0,13.0,76.0,2956.0,76.4008,2955.8336,76.4008,2955.8336,142.59171362136053,27.155669184067197,0.984,0.83,20.56,0.0583,0.05006,14.45,76.4008,2955.8336,142.59171362136053,27.155669184067197,0.46925384489,0.40467916035,0.46925384489,0.40467916035,0.709,0.609,30.38,0.7092693,0.608991,30.38,23.3836,0.0,2.33,1.185,0.156,0.879,35.0
2465,2465,35_12,35_48,1685989.0,571.6815,10.8384,0.0004,190.6796,1056.0,1135.0,432.0,2926.0,430.124,2923.2426,430.124,2923.2426,142.4797593241447,27.16382639131064,5.787,2.721,89.11,0.00227,0.00156,89.08,430.124,2923.2426,142.4797593241447,27.16382639131064,4.4843128865,7.7871569041,4.4843128865,7.7871569041,2.793,2.115,86.58,2.79267,2.11482,86.58,23.4317,6.0,23.81,2.126,0.53,0.121,35.0
2466,2466,35_13,35_48,75639.45,114.497,14.2087,0.0016,196.9928,19.0,19.0,430.0,2908.0,429.9942,2908.0318,429.9942,2908.0318,142.47974916139856,27.168105421667004,0.886,0.711,83.48,0.00139,0.00115,82.17,429.9942,2908.0318,142.47974916139856,27.168105421667004,0.083880688724,0.096754236687,0.083880688724,0.096754236687,0.311,0.29,-89.92,0.3110535,0.2896216,-89.92,23.9835,7.0,0.0,1.246,0.197,0.995,35.0
2467,2467,35_14,35_47,19771.54,82.34158,15.6655,0.0045,189.8886,65.0,74.0,374.0,2943.0,373.8709,2943.2416,373.8709,2943.2416,142.4976124483788,27.15836885261178,1.532,1.338,74.25,0.00906,0.00766,72.06,373.8709,2943.2416,142.4976124483788,27.15836885261178,0.49241020589,0.57128669178,0.49241020589,0.57128669178,0.758,0.7,79.25,0.7577835,0.6996149,79.25,23.3869,0.0,2.22,1.146,0.127,0.983,35.0
2468,2468,35_15,35_46,215.8913,18.8763,20.57,0.095,188.678,7.0,7.0,222.0,2922.0,222.0786,2922.0994,222.0786,2922.0994,142.54554039095828,27.164755716958314,0.887,0.531,44.01,0.10371,0.05956,45.1,222.0786,2922.0994,142.54554039095828,27.164755716958314,0.71004725668,0.66645053161,0.71004725668,0.66645053161,0.877,0.78,37.16,0.8768516,0.7795057,37.16,23.368,0.0,4.06,1.668,0.401,0.052,35.0
2469,2469,35_16,35_45,409.6714,24.06006,19.8745,0.0638,188.7442,9.0,11.0,323.0,2921.0,323.5893,2921.073,323.5893,2921.073,142.51343794031092,27.16475255296026,0.944,0.74,-14.83,0.07277,0.05183,-14.95,323.5893,2921.073,142.51343794031092,27.16475255296026,0.47402620197,0.48455186943,0.47402620197,0.48455186943,0.698,0.687,-66.17,0.6979283,0.6866398,-66.17,23.3504,0.0,2.03,1.275,0.215,0.713,35.0
2470,2470,35_17,35_44,1591.886,36.05272,18.4008,0.0246,187.9555,21.0,22.0,40.0,2904.0,40.0936,2903.8993,40.0936,2903.8993,142.6030363845364,27.170375193468477,1.131,1.022,62.63,0.03203,0.02901,49.96,40.0936,2903.8993,142.6030363845364,27.170375193468477,0.4198473314,0.5006345001,0.4198473314,0.5006345001,0.71,0.645,78.27,0.7101223,0.645142,78.27,23.315,0.0,1.99,1.106,0.096,0.989,35.0
2471,2471,35_18,35_43,12880.82,70.20889,16.1307,0.0059,188.2505,55.0,60.0,22.0,2884.0,21.9709,2884.0746,21.9709,2884.0746,142.60870785469885,27.175999812014023,1.463,1.297,76.71,0.01101,0.00972,74.09,21.9709,2884.0746,142.60870785469885,27.175999812014023,0.49561289414,0.56697597423,0.49561289414,0.56697597423,0.755,0.701,77.33,0.7554971,0.7012938,77.33,23.3329,0.0,2.12,1.128,0.114,0.983,35.0
2472,2472,35_19,35_42,406.3477,22.73352,19.8833,0.0608,188.1264,10.0,10.0,282.0,2885.0,282.1666,2885.0232,282.1666,2885.0232,142.5264189277226,27.175013219268063,0.882,0.744,0.84,0.06693,0.05322,-0.06,282.1666,2885.0232,142.5264189277226,27.175013219268063,0.52625691332,0.47469738876,0.52625691332,0.47469738876,0.726,0.689,4.66,0.7256734,0.6887325,4.66,23.3401,0.0,2.29,1.185,0.156,0.368,35.0
2473,2473,35_20,35_41,1393.151,35.68595,18.5456,0.0278,188.3985,18.0,22.0,17.0,2870.0,16.7175,2870.6405,16.7175,2870.6405,142.6103285902425,27.17979259838223,1.136,1.017,86.81,0.03674,0.03191,84.59,16.7175,2870.6405,142.6103285902425,27.17979259838223,0.44093973813,0.48731964895,0.44093973813,0.48731964895,0.698,0.664,-86.53,0.6982057,0.6639037,-86.53,23.3392,0.0,2.1,1.117,0.104,0.981,35.0
2474,2474,35_21,35_40,4396.317,50.44586,17.2978,0.0125,187.6566,31.0,39.0,54.0,2867.0,53.6436,2866.7948,53.6436,2866.7948,142.5986367129902,27.18077623950373,1.334,1.194,81.68,0.0202,0.01813,83.23,53.6436,2866.7948,142.5986367129902,27.18077623950373,0.48647655483,0.54504320898,0.48647655483,0.54504320898,0.74,0.696,79.59,0.7396557,0.6960094,79.59,23.296,0.0,2.24,1.117,0.105,1.0,35.0
2475,2475,35_22,35_39,211.6984,18.94796,20.5913,0.0972,188.7364,7.0,7.0,123.0,2868.0,123.0279,2867.9776,123.0279,2867.9776,142.57669431853816,27.180255640853144,0.864,0.533,-44.95,0.1086,0.06294,-44.98,123.0279,2867.9776,142.57669431853816,27.180255640853144,0.42229755256,0.42353202643,0.42229755256,0.42353202643,0.694,0.603,-45.3,0.6941085,0.6033597,-45.3,23.3654,0.0,2.26,1.621,0.383,0.605,35.0
2476,2476,35_23,35_38,417.5515,24.78774,19.8538,0.0645,189.433,12.0,12.0,406.0,2850.0,406.0822,2849.5283,406.0822,2849.5283,142.48711402997318,27.18463356068088,1.008,0.771,-88.99,0.07575,0.05577,89.86,406.0822,2849.5283,142.48711402997318,27.18463356068088,0.56810949157,0.70854460504,0.56810949157,0.70854460504,0.842,0.754,-87.16,0.8419566,0.7535006,-87.16,23.3991,0.0,2.56,1.308,0.236,0.761,35.0
2477,2477,35_24,35_37,1370.033,40.67459,18.5637,0.0322,188.0524,26.0,31.0,102.0,2839.0,101.4793,2839.542,101.4793,2839.542,142.58342134003192,27.18831315947538,1.448,1.271,-32.86,0.05271,0.04571,-28.49,101.4793,2839.542,142.58342134003192,27.18831315947538,1.2379080922,1.2354154749,1.2379080922,1.2354154749,1.149,1.074,-44.57,1.149099,1.07373,-44.57,23.3305,0.0,4.02,1.139,0.122,0.042,35.0
2478,2478,35_25,35_36,254.9906,21.80403,20.3893,0.0929,188.3324,7.0,9.0,6.0,2837.0,6.1103,2837.3801,6.1103,2837.3801,142.61358267598845,27.18917641996756,0.891,0.684,-69.3,0.09062,0.06545,-69.76,6.1103,2837.3801,142.61358267598845,27.18917641996756,0.7449392417,0.80745318216,0.7449392417,0.80745318216,0.917,0.844,-59.59,0.9166901,0.8438434,-59.59,23.3325,0.0,2.07,1.303,0.233,0.524,35.0
2479,2479,35_26,35_35,1250.888,34.60052,18.6625,0.03,188.3412,20.0,22.0,368.0,2811.0,368.1993,2811.6893,368.1993,2811.6893,142.4989685978848,27.19538992762697,1.117,1.061,-60.68,0.04047,0.03639,-48.33,368.1993,2811.6893,142.4989685978848,27.19538992762697,0.47945557897,0.52169262372,0.47945557897,0.52169262372,0.723,0.692,83.62,0.7226525,0.6920416,83.62,23.3675,0.0,2.19,1.053,0.05,0.975,35.0
2480,2480,35_27,35_34,1179.904,33.57467,18.726,0.0309,188.1577,19.0,21.0,481.0,2806.0,481.2761,2805.7289,481.2761,2805.7289,142.46318482797318,27.196726617623945,1.107,1.04,-79.9,0.04064,0.03798,-69.51,481.2761,2805.7289,142.46318482797318,27.196726617623945,0.48345765394,0.51833187213,0.48345765394,0.51833187213,0.72,0.695,81.96,0.7204461,0.6948,81.96,23.3683,0.0,2.07,1.065,0.061,0.927,35.0
2481,2481,35_28,35_33,14054.93,72.50672,16.036,0.0056,188.0977,60.0,66.0,343.0,2799.0,343.0661,2799.2147,343.0661,2799.2147,142.50687656367802,27.198972982024987,1.497,1.326,76.87,0.01109,0.00983,77.7,343.0661,2799.2147,142.50687656367802,27.198972982024987,0.4903314176,0.57626615435,0.4903314176,0.57626615435,0.761,0.698,78.81,0.7614253,0.6977314,78.81,23.3568,0.0,2.2,1.128,0.114,0.983,35.0
2482,2482,35_29,35_32,56203.48,118.9362,14.5312,0.0023,187.8815,100.0,110.0,110.0,2789.0,109.7956,2789.0064,109.7956,2789.0064,142.5806327709467,27.20250567880556,1.615,1.419,75.96,0.0049,0.0043,75.24,109.7956,2789.0064,142.5806327709467,27.20250567880556,0.51393099878,0.59310094897,0.51393099878,0.59310094897,0.773,0.714,77.52,0.7727758,0.7140374,77.52,23.3311,0.0,2.44,1.138,0.121,0.984,35.0
2483,2483,35_30,35_31,502.8983,25.61948,19.6519,0.0553,188.1208,9.0,13.0,496.0,2789.0,496.3157,2788.9164,496.3157,2788.9164,142.45837052903428,27.201409763332432,0.935,0.855,-61.83,0.06372,0.05532,-61.26,496.3157,2788.9164,142.45837052903428,27.201409763332432,0.36666934936,0.41085689954,0.36666934936,0.41085689954,0.641,0.605,85.43,0.6412028,0.6052976,85.43,23.3797,0.0,1.85,1.095,0.086,0.856,35.0
2484,2484,35_31,35_30,277.9361,21.16846,20.2957,0.0827,187.9411,7.0,9.0,444.0,2763.0,444.1427,2763.3101,444.1427,2763.3101,142.4747852547769,27.208771297613453,0.872,0.675,-69.32,0.08966,0.06484,-69.59,444.1427,2763.3101,142.4747852547769,27.208771297613453,0.36313508777,0.42272827041,0.36313508777,0.42272827041,0.652,0.601,-79.37,0.6518454,0.6008003,-79.37,23.3581,0.0,2.0,1.291,0.226,0.525,35.0
2485,2485,35_32,35_29,302.3658,24.45135,20.2042,0.0878,189.6289,10.0,12.0,230.0,2764.0,230.0659,2763.7466,230.0659,2763.7466,142.5425050306953,27.209276140666297,1.14,0.779,-29.15,0.10692,0.07404,-29.05,230.0659,2763.7466,142.5425050306953,27.209276140666297,1.4240467034,1.116850767,1.4240467034,1.116850767,1.236,1.007,-26.62,1.235736,1.006903,-26.62,23.4562,0.0,5.61,1.464,0.317,0.001,35.0
2486,2486,35_33,35_28,192.3953,17.57853,20.6951,0.0992,189.1105,5.0,6.0,62.0,2763.0,62.4971,2763.85,62.4971,2763.85,142.59551830631003,27.20970993361877,0.772,0.5,89.39,0.0964,0.05838,89.91,62.4971,2763.85,142.59551830631003,27.20970993361877,0.40394268889,0.47019143619,0.40394268889,0.47019143619,0.687,0.634,79.4,0.6874568,0.6336697,79.4,23.4109,0.0,3.66,1.545,0.353,0.443,35.0
2487,2487,35_34,35_27,321325.4,247.9026,12.6382,0.0008,188.7533,196.0,209.0,205.0,2753.0,204.6829,2753.1129,204.6829,2753.1129,142.55050082232634,27.2123390483784,1.698,1.498,74.99,0.00178,0.00161,73.0,204.6829,2753.1129,142.55050082232634,27.2123390483784,0.52528834621,0.60461597566,0.52528834621,0.60461597566,0.78,0.722,77.46,0.7802233,0.7219113,77.46,23.3929,0.0,2.46,1.133,0.118,0.991,35.0
2488,2488,35_35,35_26,775.5058,30.8462,19.1816,0.0432,189.3446,14.0,18.0,234.0,2748.0,233.8113,2748.1091,233.8113,2748.1091,142.5412696788264,27.213664152570423,1.06,0.972,69.88,0.05315,0.047,64.49,233.8113,2748.1091,142.5412696788264,27.213664152570423,0.50198065786,0.49774740444,0.50198065786,0.49774740444,0.713,0.701,38.03,0.7131951,0.7007715,38.03,23.4352,0.0,2.0,1.09,0.083,0.887,35.0
2489,2489,35_36,35_25,3522.675,47.06217,17.5384,0.0145,189.0901,26.0,36.0,250.0,2743.0,249.9327,2742.8944,249.9327,2742.8944,142.536152654286,27.21508505166474,1.296,1.169,87.91,0.02292,0.02041,-78.71,249.9327,2742.8944,142.536152654286,27.21508505166474,0.45988295912,0.53488762433,0.45988295912,0.53488762433,0.735,0.674,74.87,0.7353913,0.6737732,74.87,23.4202,0.0,2.06,1.108,0.098,0.982,35.0
2490,2490,35_37,35_24,277.161,21.42709,20.2987,0.084,188.8459,8.0,9.0,235.0,2734.0,235.0595,2734.3711,235.0595,2734.3711,142.54083039547032,27.217524943573142,0.878,0.697,-67.13,0.08691,0.06299,-69.34,235.0595,2734.3711,142.54083039547032,27.217524943573142,0.76590494404,0.69363317264,0.76590494404,0.69363317264,0.876,0.832,-8.5,0.8761017,0.8318558,-8.5,23.4002,0.0,2.55,1.259,0.206,0.273,35.0
2493,2493,35_40,35_21,2728.689,44.00875,17.8157,0.0175,188.6021,29.0,33.0,314.0,2710.0,314.4612,2709.8951,314.4612,2709.8951,142.51563010406855,27.22418119214674,1.325,1.136,66.13,0.02838,0.02329,62.13,314.4612,2709.8951,142.51563010406855,27.22418119214674,0.48321458917,0.54239014817,0.48321458917,0.54239014817,0.74,0.691,73.92,0.7401026,0.691269,73.92,23.3957,0.0,2.28,1.166,0.143,0.999,35.0
2494,2494,35_41,35_20,2679.843,42.88382,17.8353,0.0174,187.9966,26.0,30.0,480.0,2665.0,479.6072,2665.3095,479.6072,2665.3095,142.46323165216813,27.23622984878852,1.243,1.119,75.7,0.02507,0.02331,85.46,479.6072,2665.3095,142.46323165216813,27.23622984878852,0.45898365246,0.51689283528,0.45898365246,0.51689283528,0.724,0.672,71.96,0.7237186,0.6723896,71.96,23.3393,0.0,2.21,1.11,0.099,0.981,35.0
2495,2495,35_42,35_19,532.1428,26.19855,19.5905,0.0535,188.122,12.0,13.0,207.0,2662.0,206.6114,2662.3533,206.6114,2662.3533,142.54959914891472,27.23786319697917,0.954,0.853,-44.92,0.06092,0.05214,-45.08,206.6114,2662.3533,142.54959914891472,27.23786319697917,0.48155695063,0.46024304705,0.48155695063,0.46024304705,0.696,0.676,-20.33,0.6963835,0.6759068,-20.33,23.3498,0.0,2.45,1.118,0.105,0.883,35.0
2496,2496,35_43,35_18,405.9761,25.87828,19.8843,0.0692,188.1384,10.0,13.0,81.0,2660.0,80.5936,2660.3223,80.5936,2660.3223,142.58947065864774,27.23878237534691,0.994,0.855,-51.12,0.07386,0.06309,-45.75,80.5936,2660.3223,142.58947065864774,27.23878237534691,0.73149542339,0.89890171212,0.73149542339,0.89890171212,0.958,0.844,-72.04,0.9584197,0.8436995,-72.04,23.348,0.0,2.43,1.164,0.141,0.787,35.0
2497,2497,35_44,35_17,3495.165,50.55944,17.5469,0.0157,187.84,36.0,43.0,127.0,2633.0,127.4101,2633.7888,127.4101,2633.7888,142.5745715476191,27.246118383549955,1.717,1.221,21.05,0.03599,0.02251,18.25,127.4101,2633.7888,142.5745715476191,27.246118383549955,0.49348170997,0.5736150851,0.49348170997,0.5736150851,0.758,0.702,83.19,0.7581381,0.7016576,83.19,23.3302,0.0,2.66,1.406,0.289,0.964,35.0
2498,2498,35_45,35_16,1060.635,31.55854,18.8417,0.0323,188.6351,16.0,18.0,332.0,2625.0,331.5285,2625.6315,331.5285,2625.6315,142.50995119667846,27.24783357440545,1.086,0.939,85.88,0.04098,0.03336,-89.99,331.5285,2625.6315,142.50995119667846,27.24783357440545,0.4021618443,0.46064033195,0.4021618443,0.46064033195,0.681,0.632,78.3,0.6806332,0.6320922,78.3,23.3941,0.0,2.27,1.156,0.135,0.998,35.0
2499,2499,35_46,35_15,3725.349,49.0368,17.4777,0.0143,188.5209,33.0,39.0,28.0,2624.0,27.9346,2624.7122,27.9346,2624.7122,142.60602613461924,27.24894002262764,1.349,1.223,64.45,0.02344,0.02114,49.83,27.9346,2624.7122,142.60602613461924,27.24894002262764,0.50021862923,0.57279020687,0.50021862923,0.57279020687,0.758,0.706,79.71,0.7584631,0.7055087,79.71,23.3803,0.0,2.1,1.104,0.094,0.975,35.0
2500,2500,35_47,35_14,320.5509,22.68069,20.1408,0.0768,187.7459,8.0,10.0,400.0,2625.0,400.2056,2624.9251,400.2056,2624.9251,142.48821726013057,27.247829159205526,0.878,0.748,-0.35,0.07972,0.06365,-0.08,400.2056,2624.9251,142.48821726013057,27.247829159205526,0.56586363101,0.57164602174,0.56586363101,0.57164602174,0.764,0.744,-50.57,0.7640192,0.7441669,-50.57,23.3302,0.0,2.16,1.174,0.148,0.572,35.0
2501,2501,35_48,35_13,1131.151,32.45255,18.7718,0.0312,188.3935,16.0,19.0,209.0,2618.0,208.6011,2618.2718,208.6011,2618.2718,142.5488276344983,27.25025713093654,1.065,0.997,69.3,0.03964,0.03567,72.27,208.6011,2618.2718,142.5488276344983,27.25025713093654,0.50292594964,0.48156579681,0.50292594964,0.48156579681,0.716,0.687,29.13,0.7159238,0.6869825,29.13,23.3757,0.0,2.18,1.068,0.064,0.962,35.0
2502,2502,35_49,35_12,1198.761,38.05812,18.7087,0.0345,188.1314,23.0,27.0,109.0,2609.0,108.9768,2608.7506,108.9768,2608.7506,142.58032656506396,27.253211760262538,1.329,1.194,-74.05,0.05173,0.04507,-79.89,108.9768,2608.7506,142.58032656506396,27.253211760262538,1.0372445169,1.0725431843,1.0372445169,1.0725431843,1.049,1.004,-56.16,1.049466,1.004195,-56.16,23.3491,0.0,3.18,1.113,0.102,0.038,35.0
2503,2503,35_50,35_11,1437.757,35.23629,18.5114,0.0266,188.1368,19.0,22.0,292.0,2596.0,291.6076,2595.9195,291.6076,2595.9195,142.52248610475812,27.2563073528231,1.123,1.025,80.33,0.03508,0.0321,67.56,291.6076,2595.9195,142.52248610475812,27.2563073528231,0.44557998857,0.48476699592,0.44557998857,0.48476699592,0.697,0.667,82.28,0.6967787,0.6669681,82.28,23.3595,0.0,2.08,1.096,0.087,0.979,35.0
2504,2504,35_51,35_10,151.7593,15.96518,20.9527,0.1142,187.6774,5.0,5.0,364.0,2593.0,364.2271,2593.4035,364.2271,2593.4035,142.49949645803378,27.25680263889269,0.726,0.458,18.25,0.10926,0.06344,18.4,364.2271,2593.4035,142.49949645803378,27.25680263889269,0.57718476765,0.57220418779,0.57718476765,0.57220418779,0.769,0.747,-40.57,0.7686677,0.7473546,-40.57,23.3235,0.0,2.58,1.586,0.369,0.59,35.0
2505,2505,35_52,35_9,560.4656,27.23141,19.5342,0.0528,188.3585,10.0,14.0,461.0,2572.0,461.3196,2572.4759,461.3196,2572.4759,142.46869997961585,27.262398257909314,0.936,0.902,86.39,0.05524,0.05402,-89.65,461.3196,2572.4759,142.46869997961585,27.262398257909314,0.38345903511,0.40806456245,0.38345903511,0.40806456245,0.639,0.619,83.92,0.6390205,0.6190124,83.92,23.358,0.0,2.06,1.037,0.036,0.853,35.0
2506,2506,35_53,35_8,112904.1,157.0479,13.7738,0.0015,188.0909,132.0,139.0,411.0,2564.0,411.3955,2564.1734,411.3955,2564.1734,142.48447096313325,27.264884239954245,1.659,1.448,74.53,0.00325,0.00281,73.2,411.3955,2564.1734,142.48447096313325,27.264884239954245,0.50896277977,0.58734904818,0.50896277977,0.58734904818,0.769,0.71,77.33,0.7691032,0.7104872,77.33,23.333,0.0,2.53,1.146,0.128,1.0,35.0
2507,2507,35_54,35_7,635.1757,27.2814,19.3983,0.0466,188.0834,12.0,14.0,197.0,2569.0,197.4308,2569.4665,197.4308,2569.4665,142.55220583853364,27.26401682547931,1.034,0.82,49.47,0.05617,0.0419,45.21,197.4308,2569.4665,142.55220583853364,27.26401682547931,0.37294497277,0.43209309213,0.37294497277,0.43209309213,0.674,0.592,62.33,0.6741907,0.5920346,62.33,23.3642,0.0,2.24,1.261,0.207,0.94,35.0
2508,2508,35_55,35_6,11487.13,67.78183,16.255,0.0064,188.3622,52.0,59.0,97.0,2562.0,96.6067,2561.8928,96.6067,2561.8928,142.58409484460086,27.266425901263773,1.457,1.305,76.25,0.0119,0.0107,77.6,96.6067,2561.8928,142.58409484460086,27.266425901263773,0.47907356944,0.54465138506,0.47907356944,0.54465138506,0.74,0.69,77.87,0.7401541,0.6898528,77.87,23.3653,0.0,2.33,1.117,0.104,0.988,35.0
2509,2509,35_56,35_5,506.5285,25.31512,19.6441,0.0543,187.8266,10.0,12.0,141.0,2543.0,141.1766,2542.6805,141.1766,2542.6805,142.5699261339237,27.27170799447827,0.916,0.832,-75.3,0.05978,0.05239,-70.03,141.1766,2542.6805,142.5699261339237,27.27170799447827,0.42522975928,0.47058479775,0.42522975928,0.47058479775,0.687,0.651,-79.57,0.6871495,0.6508765,-79.57,23.3403,0.0,2.15,1.1,0.091,0.888,35.0
2510,2510,35_57,35_56,4425.705,50.89846,17.2906,0.0125,188.931,34.0,39.0,410.0,3017.0,410.126,3016.8591,410.126,3016.8591,142.48639543218542,27.13755298525509,1.335,1.193,65.12,0.01986,0.01806,51.61,410.126,3016.8591,142.48639543218542,27.13755298525509,0.48398060022,0.56987015163,0.48398060022,0.56987015163,0.759,0.691,75.84,0.758757,0.6914756,75.84,23.334,16.0,2.14,1.119,0.106,0.98,35.0
2511,2511,35_58,35_55,4395.872,52.23322,17.298,0.0129,188.8046,35.0,42.0,59.0,3014.0,58.9877,3014.6835,58.9877,3014.6835,142.59740068799996,27.139161870527747,1.384,1.246,75.0,0.02131,0.01991,71.41,58.9877,3014.6835,142.59740068799996,27.139161870527747,0.47742040512,0.55826726764,0.47742040512,0.55826726764,0.749,0.689,79.01,0.7492922,0.6886573,79.01,23.3344,16.0,2.18,1.111,0.1,0.98,35.0
2512,2512,36_1,36_1,637.5834,28.91713,19.3942,0.0493,188.7922,12.0,16.0,678.0,2538.0,677.5163,2537.9104,677.5163,2537.9104,142.40016113733122,27.27144552319117,1.088,0.876,87.62,0.05991,0.04875,89.92,677.5163,2537.9104,142.40016113733122,27.27144552319117,0.40929119394,0.60531822348,0.40929119394,0.60531822348,0.779,0.638,84.61,0.7791539,0.6383797,84.61,23.392,0.0,2.76,1.242,0.195,0.865,36.0
2513,2513,36_2,36_64,4773.504,46.41722,17.2085,0.0106,188.5798,29.0,33.0,998.0,3020.0,998.0785,3019.4097,998.0785,3019.4097,142.30056032229675,27.134940896453774,1.225,1.101,10.11,0.01757,0.01438,7.53,998.0785,3019.4097,142.30056032229675,27.134940896453774,0.42469293942,0.48869592339,0.42469293942,0.48869592339,0.702,0.649,77.17,0.7015672,0.6489933,77.17,23.41,24.0,2.11,1.112,0.101,0.982,36.0
2515,2515,36_4,36_62,260.8275,21.81814,20.3647,0.0908,187.094,10.0,10.0,745.0,2996.0,744.5053,2996.2037,744.5053,2996.2037,142.38062471619148,27.14231760777356,0.952,0.725,-0.63,0.10336,0.07569,-0.03,744.5053,2996.2037,142.38062471619148,27.14231760777356,0.66681410872,0.63326420678,0.66681410872,0.63326420678,0.817,0.796,-0.73,0.8165901,0.7957756,-0.73,23.3195,0.0,2.77,1.314,0.239,0.644,36.0
2516,2516,36_5,36_61,957.1624,31.51757,18.9531,0.0358,188.2267,17.0,19.0,938.0,2980.0,938.3768,2980.1158,938.3768,2980.1158,142.31928294190791,27.146197773265385,1.131,0.939,74.01,0.04857,0.03794,76.93,938.3768,2980.1158,142.31928294190791,27.146197773265385,0.43829195209,0.49182017428,0.43829195209,0.49182017428,0.712,0.651,65.2,0.7115839,0.6509689,65.2,23.3791,0.0,2.27,1.204,0.17,0.96,36.0
2517,2517,36_6,36_60,1384.089,35.32701,18.5527,0.0277,188.696,17.0,23.0,707.0,2963.0,706.8338,2963.0442,706.8338,2963.0442,142.39241419897968,27.15176711125576,1.126,1.065,62.39,0.03561,0.03501,34.49,706.8338,2963.0442,142.39241419897968,27.15176711125576,0.46320976798,0.51260206883,0.46320976798,0.51260206883,0.722,0.674,68.39,0.7223527,0.6738089,68.39,23.4094,0.0,2.13,1.058,0.055,0.979,36.0
2518,2518,36_7,36_59,1631.247,37.24214,18.3743,0.0248,188.8003,21.0,25.0,697.0,2953.0,697.3983000000001,2953.3819,697.3983000000001,2953.3819,142.39536253514925,27.154515425342108,1.239,1.035,65.3,0.03672,0.02942,64.98,697.3983000000001,2953.3819,142.39536253514925,27.154515425342108,0.49076417141,0.49966860996,0.49076417141,0.49966860996,0.728,0.678,48.6,0.7284932,0.6780342,48.6,23.4116,0.0,2.19,1.197,0.165,0.978,36.0
2519,2519,36_8,36_58,2692.927,44.45152,17.83,0.0179,188.106,29.0,34.0,646.0,2944.0,645.6688,2943.9071,645.6688,2943.9071,142.41168269784657,27.15734619119865,1.313,1.172,76.14,0.02882,0.02543,72.64,645.6688,2943.9071,142.41168269784657,27.15734619119865,0.49238731256,0.54983536524,0.49238731256,0.54983536524,0.745,0.698,73.66,0.7451435,0.6978423,73.66,23.3608,0.0,2.41,1.12,0.107,1.0,36.0
2520,2520,36_9,36_57,1618.686,36.75081,18.3827,0.0247,188.7057,20.0,24.0,757.0,2930.0,756.7012,2930.3105,756.7012,2930.3105,142.37653149312382,27.160812749123004,1.205,1.011,82.72,0.03618,0.02846,87.98,756.7012,2930.3105,142.37653149312382,27.160812749123004,0.44919084236,0.48493398051,0.44919084237,0.48493398051,0.699,0.667,72.93,0.699039,0.6674348,72.93,23.4003,0.0,2.09,1.192,0.161,0.979,36.0
2521,2521,36_10,36_56,274.7783,19.86233,20.3081,0.0785,188.0564,7.0,8.0,1000.0,2924.0,1000.1877,2923.8258,1000.1877,2923.8258,142.29953035309308,27.16181990179395,0.801,0.669,48.0,0.0778,0.06216,45.05,1000.1877,2923.8258,142.29953035309308,27.16181990179395,0.47141988295,0.51450246356,0.47141988295,0.51450246356,0.729,0.674,61.88,0.7291982,0.6739379,61.88,23.3855,0.0,2.2,1.198,0.165,0.635,36.0
2522,2522,36_11,36_55,591.2353,26.2585,19.4762,0.0482,188.244,10.0,13.0,692.0,2920.0,691.8935,2920.4677,691.8935,2920.4677,142.39698537553937,27.16379150241741,0.956,0.826,-84.45,0.05342,0.04596,-76.62,691.8935,2920.4677,142.39698537553937,27.16379150241741,0.34064060084,0.37767827483,0.34064060084,0.37767827483,0.616,0.582,78.56,0.6158417,0.5822868,78.56,23.3652,0.0,1.76,1.158,0.137,0.918,36.0
2523,2523,36_12,36_54,191586.4,197.7985,13.1997,0.0011,188.4483,167.0,179.0,670.0,2896.0,670.1465000000001,2896.2083,670.1465000000001,2896.2083,142.40377471243778,27.17068515877717,1.683,1.481,75.83,0.00239,0.00223,75.42,670.1465000000001,2896.2083,142.40377471243778,27.17068515877717,0.49856350882,0.59646235793,0.49856350882,0.59646235793,0.775,0.703,78.96,0.7748161,0.7033391,78.96,23.3776,0.0,2.32,1.136,0.12,1.0,36.0
2524,2524,36_13,36_53,307.234,23.46729,20.1869,0.083,188.7807,10.0,11.0,616.0,2900.0,616.3575,2899.748,616.3575,2899.748,142.4207943652854,27.16986055323141,1.014,0.78,-68.45,0.09553,0.07362,-66.92,616.3575,2899.748,142.4207943652854,27.16986055323141,0.69084732033,0.8058094712,0.69084732033,0.8058094712,0.906,0.822,-71.46,0.9057449,0.8223643,-71.46,23.4006,0.0,4.05,1.301,0.231,0.031,36.0
2525,2525,36_14,36_52,132.7723,15.76963,21.0978,0.129,189.1109,4.0,5.0,533.0,2896.0,532.6106,2895.7787,532.6106,2895.7787,142.44726041851268,27.171238916007116,0.746,0.454,72.49,0.11787,0.06832,71.66,532.6106,2895.7787,142.44726041851268,27.171238916007116,0.72461298332,0.76509354735,0.72461298332,0.76509354735,0.875,0.851,88.07,0.8747225,0.8512151,88.07,23.4202,0.0,3.42,1.644,0.392,0.214,36.0
2527,2527,36_16,36_50,1606.852,36.52923,18.3906,0.0247,187.9929,21.0,24.0,840.0,2888.0,839.9399000000001,2887.8589,839.9399000000001,2887.8589,142.3500593901961,27.172479350761066,1.201,1.029,61.4,0.035,0.02886,59.26,839.9399000000001,2887.8589,142.3500593901961,27.172479350761066,0.470476176,0.54545984895,0.470476176,0.54545984895,0.748,0.675,67.99,0.7484054,0.6751484,67.99,23.3666,0.0,2.01,1.167,0.143,0.978,36.0
2528,2528,36_17,36_49,1695.635,39.58759,18.3322,0.0254,187.8492,23.0,29.0,933.0,2882.0,933.4161,2882.1523,933.4161,2882.1523,142.3204830947395,27.173770286094395,1.21,1.167,-50.55,0.03785,0.03491,-34.66,933.4161,2882.1523,142.3204830947395,27.173770286094395,0.50500036233,0.54240008021,0.50500036233,0.54240008021,0.741,0.706,68.51,0.7411193,0.7057922,68.51,23.3615,0.0,2.15,1.037,0.036,0.978,36.0
2529,2529,36_18,36_48,1541.751,36.81262,18.4355,0.0259,188.0174,20.0,24.0,763.0,2879.0,763.149,2879.2131,763.149,2879.2131,142.37430767412874,27.17516468980406,1.167,1.033,72.07,0.0367,0.03005,70.96,763.149,2879.2131,142.37430767412874,27.17516468980406,0.44192958548,0.48732200151,0.44192958548,0.48732200151,0.698,0.664,84.34,0.6984072,0.6644388,84.34,23.3468,0.0,1.88,1.13,0.115,0.976,36.0
2530,2530,36_19,36_47,209.0313,21.18837,20.605,0.1101,188.2119,6.0,9.0,687.0,2877.0,687.6837,2877.1139,687.6837,2877.1139,142.39816159445684,27.175999912788004,0.956,0.671,19.59,0.11211,0.08051,20.25,687.6837,2877.1139,142.39816159445684,27.175999912788004,1.5206284638,1.0153136234,1.5206284638,1.0153136234,1.286,0.939,24.52,1.285832,0.9394566,24.52,23.3582,0.0,4.76,1.425,0.298,0.539,36.0
2531,2531,36_20,36_46,1660.578,40.07774,18.3549,0.0262,187.9124,23.0,29.0,730.0,2867.0,730.2538999999999,2867.548,730.2538999999999,2867.548,142.38466667934273,27.17855313770928,1.312,1.133,57.76,0.0396,0.0339,55.21,730.2538999999999,2867.548,142.38466667934273,27.17855313770928,0.60579752003,0.67047737909,0.60579752003,0.67047737909,0.828,0.769,66.76,0.8277036,0.7688834,66.76,23.3366,0.0,2.42,1.158,0.136,0.865,36.0
2532,2532,36_21,36_45,6241.699,55.89013,16.9173,0.0097,188.3565,40.0,47.0,832.0,2865.0,832.0926999999999,2865.2878,832.0926999999999,2865.2878,142.3524573181232,27.178854372450704,1.409,1.247,79.15,0.01734,0.0149,82.9,832.0926999999999,2865.2878,142.3524573181232,27.178854372450704,0.47597726361,0.55325862888,0.47597726361,0.55325862888,0.747,0.686,75.9,0.7473052,0.6861274,75.9,23.3873,0.0,2.15,1.131,0.116,0.977,36.0
2533,2533,36_22,36_44,129.1788,15.64233,21.1276,0.1315,189.3385,5.0,5.0,844.0,2865.0,844.3803,2865.1896,844.3803,2865.1896,142.34857168241464,27.17884111459902,0.741,0.451,72.16,0.11682,0.06771,71.57,844.3803,2865.1896,142.34857168241464,27.17884111459902,0.37291390756,0.48123731952,0.37291390756,0.48123731952,0.694,0.611,87.64,0.693845,0.6105164,87.64,23.4576,0.0,1.8,1.644,0.392,0.518,36.0
2534,2534,36_23,36_43,299.0638,20.35209,20.2162,0.0739,188.0691,7.0,8.0,807.0,2860.0,807.5724,2859.687,807.5724,2859.687,142.36018998465167,27.18051104580036,0.89,0.613,73.23,0.09033,0.06011,72.51,807.5724,2859.687,142.36018998465167,27.18051104580036,0.35645187034,0.42130137527,0.35645187034,0.42130137527,0.657,0.589,69.92,0.6567335,0.5886037,69.92,23.3576,0.0,3.19,1.45,0.31,0.537,36.0
2535,2535,36_24,36_42,443.8304,24.95717,19.7875,0.0611,188.7471,9.0,12.0,639.0,2825.0,639.2635,2825.207,639.2635,2825.207,142.41328826621867,27.190755416059982,0.922,0.823,19.1,0.06598,0.05746,20.02,639.2635,2825.207,142.41328826621867,27.190755416059982,0.42158850429,0.40863063278,0.42158850429,0.40863063278,0.657,0.632,33.25,0.656776,0.6315572,33.25,23.3985,0.0,2.21,1.12,0.107,0.685,36.0
2536,2536,36_25,36_41,570222.6,324.5912,12.0155,0.0006,189.2675,279.0,299.0,855.0,2808.0,855.15,2808.7564,855.15,2808.7564,142.34495709373363,27.194679020118635,1.861,1.628,75.76,0.00141,0.00132,69.3,855.15,2808.7564,142.34495709373363,27.194679020118635,0.83495901014,1.0714587447,0.83495901014,1.0714587447,1.038,0.91,81.06,1.038007,0.9104718,81.06,23.4493,4.0,4.0,1.143,0.125,0.999,36.0
2537,2537,36_26,36_40,11375.5,69.38824,16.2656,0.0066,189.9848,58.0,66.0,837.0,2810.0,837.1406999999999,2810.4178,837.1406999999999,2810.4178,142.35065846701133,27.194271722001627,1.503,1.357,62.28,0.01307,0.01181,46.2,837.1406999999999,2810.4178,142.35065846701133,27.194271722001627,0.48576116626,0.54966095541,0.48576116626,0.54966095541,0.746,0.692,72.49,0.7461411,0.6918783,72.49,23.4935,0.0,2.16,1.107,0.097,0.979,36.0
2538,2538,36_27,36_39,913.6976,34.02004,19.0036,0.0404,188.8288,20.0,22.0,648.0,2812.0,648.3809,2811.9029,648.3809,2811.9029,142.4103577677675,27.19446867760671,1.229,1.105,-81.69,0.05417,0.04945,-67.88,648.3809,2811.9029,142.4103577677675,27.19446867760671,0.94848021544,1.1511604106,0.94848021544,1.1511604106,1.073,0.974,87.54,1.073096,0.973707,87.54,23.405,0.0,3.37,1.112,0.101,0.028,36.0
2539,2539,36_28,36_38,156.7359,15.93736,20.9177,0.1104,188.9431,5.0,5.0,641.0,2795.0,640.7829,2795.406,640.7829,2795.406,142.41270215073052,27.19913321374584,0.741,0.453,-18.81,0.10688,0.06194,-18.46,640.7829,2795.406,142.41270215073052,27.19913321374584,0.6229943342,0.44690158314,0.6229943342,0.44690158314,0.793,0.664,-10.68,0.7934012,0.6636343,-10.68,23.4162,0.0,3.38,1.636,0.389,0.527,36.0
2541,2541,36_30,36_36,482.304,25.08382,19.6973,0.0565,187.9138,9.0,12.0,532.0,2792.0,531.9579,2791.5808,531.9579,2791.5808,142.44710679452524,27.20055054670261,0.986,0.762,89.5,0.06398,0.04692,-89.73,531.9579,2791.5808,142.44710679452524,27.20055054670261,0.46190978378,0.5991427346,0.46190978378,0.5991427346,0.774,0.68,-89.12,0.7740641,0.6796156,-89.12,23.3539,0.0,1.96,1.294,0.227,0.85,36.0
2542,2542,36_31,36_35,459.4588,23.82556,19.75,0.0563,187.9397,10.0,11.0,907.0,2787.0,906.8904,2787.5559,906.8904,2787.5559,142.32851530570787,27.200468621002507,0.949,0.735,75.69,0.06766,0.04804,75.0,906.8904,2787.5559,142.32851530570787,27.200468621002507,0.4418304533,0.45226980188,0.4418304533,0.45226980188,0.679,0.658,55.56,0.6793677,0.6576928,55.56,23.3532,0.0,2.32,1.291,0.225,0.836,36.0
2543,2543,36_32,36_34,2710.86,43.59402,17.8228,0.0175,188.6676,28.0,32.0,675.0,2786.0,675.438,2786.5214,675.438,2786.5214,142.40171033367184,27.201521689073875,1.261,1.144,62.78,0.02631,0.02329,51.57,675.438,2786.5214,142.40171033367184,27.201521689073875,0.46701640497,0.50218974073,0.46701640497,0.50218974073,0.711,0.681,73.66,0.7109819,0.6809632,73.66,23.3981,0.0,2.11,1.103,0.093,0.985,36.0
2544,2544,36_33,36_33,201.4909,18.60982,20.6449,0.1003,188.5631,5.0,7.0,891.0,2786.0,891.3063,2786.172,891.3063,2786.172,142.33343863503495,27.20091043623701,0.851,0.598,-60.51,0.1036,0.07165,-59.65,891.3063,2786.172,142.33343863503495,27.20091043623701,0.42404692774,0.56995153448,0.42404692774,0.56995153448,0.764,0.64,-73.45,0.7642513,0.6402488,-73.45,23.396,0.0,2.5,1.423,0.297,0.587,36.0
2545,2545,36_34,36_32,641.1228,31.82276,19.3882,0.0539,187.8272,17.0,20.0,707.0,2780.0,707.2130999999999,2780.3136,707.2130999999999,2780.3136,142.391638621253,27.203165600171943,1.203,1.091,47.68,0.07224,0.06512,42.03,707.2130999999999,2780.3136,142.391638621253,27.203165600171943,1.1188253157,1.2257024307,1.1188253157,1.2257024307,1.113,1.052,72.32,1.112561,1.052015,72.32,23.3453,0.0,3.85,1.103,0.093,0.009,36.0
2546,2546,36_35,36_31,120.2033,15.73616,21.2058,0.1422,188.3674,3.0,5.0,775.0,2773.0,775.0174,2773.0123,775.0174,2773.0123,142.3701677043188,27.204998593937223,0.629,0.6,-0.34,0.09692,0.09661,4.13,775.0174,2773.0123,142.3701677043188,27.204998593937223,0.80401478121,0.6354705381,0.80401478121,0.6354705381,0.908,0.784,18.47,0.9083966,0.7837735,18.47,23.3721,0.0,2.94,1.048,0.046,0.492,36.0
2547,2547,36_36,36_30,828.4326,30.67823,19.1099,0.0402,188.2464,11.0,18.0,855.0,2746.0,855.156,2746.4646,855.156,2746.4646,142.34472374540476,27.212200734301828,1.063,0.959,2.25,0.05038,0.04131,0.33,855.156,2746.4646,142.34472374540476,27.212200734301828,0.40682088769,0.45560695533,0.40682088769,0.45560695533,0.675,0.637,-83.76,0.6754236,0.6373624,-83.76,23.3808,0.0,2.0,1.108,0.098,0.977,36.0
2548,2548,36_37,36_29,266.5704,20.12345,20.341,0.082,187.3763,6.0,8.0,674.0,2740.0,673.7646,2739.8092,673.7646,2739.8092,142.4020725650182,27.214666542213045,0.785,0.678,-51.92,0.07838,0.06332,-44.57,673.7646,2739.8092,142.4020725650182,27.214666542213045,0.41348182709,0.45070121396,0.41348182709,0.45070121396,0.672,0.643,-85.27,0.6715335,0.6428264,-85.27,23.3289,0.0,2.49,1.158,0.136,0.557,36.0
2549,2549,36_38,36_28,1709.77,44.33202,18.3232,0.0282,188.2833,36.0,38.0,741.0,2735.0,741.1039000000001,2735.4765,741.1039000000001,2735.4765,142.3807573525635,27.215667716470826,1.564,1.382,37.22,0.04904,0.04378,38.72,741.1039000000001,2735.4765,142.3807573525635,27.215667716470826,1.383116193,1.3543245455,1.383116193,1.3543245455,1.216,1.122,41.21,1.215697,1.122284,41.21,23.3845,0.0,4.06,1.132,0.117,0.012,36.0
2551,2551,36_40,36_26,3212.894,45.01321,17.6383,0.0152,188.1928,28.0,34.0,951.0,2697.0,951.0788,2697.3822,951.0788,2697.3822,142.31419850813677,27.22568306821084,1.237,1.197,86.04,0.02322,0.02184,-1.99,951.0788,2697.3822,142.31419850813677,27.22568306821084,0.46338697156,0.52633702035,0.46338697156,0.52633702035,0.728,0.679,77.97,0.7275531,0.6785208,77.97,23.3882,0.0,2.02,1.033,0.032,0.981,36.0
2552,2552,36_41,36_25,273.5075,22.29098,20.3132,0.0885,187.8463,8.0,10.0,780.0,2691.0,780.0545,2691.4843,780.0545,2691.4843,142.3682760818254,27.22791465599601,1.031,0.652,64.81,0.1061,0.06532,63.48,780.0545,2691.4843,142.3682760818254,27.22791465599601,0.61669623301,1.0315891069,0.61669623301,1.0315891069,1.033,0.762,74.28,1.03309,0.7622402,74.28,23.3499,0.0,3.22,1.582,0.368,0.169,36.0
2553,2553,36_42,36_24,2170.258,39.43272,18.0643,0.0197,187.7409,24.0,27.0,870.0,2682.0,869.7642000000001,2681.7454,869.7642000000001,2681.7454,142.33986171625293,27.230356341463764,1.234,1.06,61.54,0.0294,0.02484,59.38,869.7642000000001,2681.7454,142.33986171625293,27.230356341463764,0.45449301723,0.52375260474,0.45449301723,0.52375260474,0.733,0.664,68.07,0.7329013,0.6641546,68.07,23.3573,0.0,2.11,1.164,0.141,0.978,36.0
2554,2554,36_43,36_23,6317.487,55.9549,16.9042,0.0096,188.5172,40.0,46.0,524.0,2652.0,523.8798,2651.9992,523.8798,2651.9992,142.4491785384224,27.23983792664342,1.393,1.214,76.16,0.01679,0.01437,74.72,523.8798,2651.9992,142.4491785384224,27.23983792664342,0.47310521492,0.55825347622,0.47310521492,0.55825347622,0.75,0.685,78.12,0.7497954,0.6849567,78.12,23.3935,0.0,2.08,1.147,0.128,0.982,36.0
2557,2557,36_46,36_20,15146.27,74.23869,15.9548,0.0053,187.8293,61.0,70.0,980.0,2624.0,980.0092,2624.5615,980.0092,2624.5615,142.30476865595767,27.246067328317285,1.501,1.349,72.6,0.01048,0.00973,67.09,980.0092,2624.5615,142.30476865595767,27.246067328317285,0.48759192245,0.55926131955,0.48759192245,0.55926131955,0.752,0.694,74.45,0.7518466,0.6939597,74.45,23.376,0.0,2.21,1.113,0.102,0.983,36.0
2560,2560,36_49,36_17,1132.808,33.31725,18.7702,0.0319,187.6122,20.0,21.0,932.0,2619.0,931.9646,2618.9015,931.9646,2618.9015,142.3199474396653,27.24782340320033,1.091,1.055,70.37,0.0396,0.03933,70.32,931.9646,2618.9015,142.3199474396653,27.24782340320033,0.50690537133,0.52712559586,0.50690537133,0.52712559586,0.728,0.709,68.91,0.7284627,0.7094879,68.91,23.3562,0.0,2.12,1.034,0.033,0.949,36.0
2561,2561,36_50,36_16,123056.4,163.0348,13.6803,0.0014,188.2141,135.0,147.0,663.0,2605.0,663.0563,2605.6497,663.0563,2605.6497,142.40497994462015,27.25243788107274,1.657,1.451,74.35,0.00307,0.00273,75.53,663.0563,2605.6497,142.40497994462015,27.25243788107274,0.49280195153,0.57469918103,0.49280195153,0.57469918103,0.761,0.698,76.48,0.7613944,0.6984122,76.48,23.3658,0.0,2.23,1.142,0.124,0.983,36.0
2562,2562,36_51,36_15,24595.62,87.68392,15.4284,0.0039,187.7094,72.0,81.0,780.0,2602.0,780.4446,2602.1532,780.4446,2602.1532,142.36782481491164,27.253040786679097,1.541,1.369,75.71,0.00772,0.00704,71.76,780.4446,2602.1532,142.36782481491164,27.253040786679097,0.49009645948,0.55060932475,0.49009645948,0.55060932475,0.747,0.695,71.64,0.7470621,0.694697,71.64,23.3319,0.0,2.44,1.126,0.112,0.983,36.0
2563,2563,36_52,36_14,5385.236,52.608,17.0776,0.0106,188.0979,38.0,42.0,879.0,2598.0,879.0217,2597.8599,879.0217,2597.8599,142.33661880849837,27.25392087300076,1.355,1.222,70.25,0.01737,0.01605,71.15,879.0217,2597.8599,142.33661880849837,27.25392087300076,0.47868767307,0.55577601222,0.47868767307,0.55577601222,0.751,0.686,72.6,0.7511105,0.6857818,72.6,23.369,0.0,2.16,1.109,0.098,0.979,36.0
2564,2564,36_53,36_13,224.5179,20.07126,20.5274,0.0971,188.6486,6.0,8.0,637.0,2599.0,636.5195,2598.9357,636.5195,2598.9357,142.41335257838242,27.254411006832555,0.799,0.693,3.14,0.09054,0.07451,-0.12,636.5195,2598.9357,142.41335257838242,27.254411006832555,0.4552726137,0.42386450249,0.4552726137,0.42386450249,0.685,0.64,29.2,0.6852278,0.64,29.2,23.392,0.0,2.33,1.153,0.133,0.505,36.0
2565,2565,36_54,36_12,12624.85,70.09565,16.1525,0.006,188.3693,57.0,62.0,518.0,2580.0,518.1894,2580.0002,518.1894,2580.0002,142.4507293575414,27.26010772777158,1.482,1.312,72.27,0.01138,0.01013,66.77,518.1894,2580.0002,142.4507293575414,27.26010772777158,0.48854411933,0.56984488507,0.48854411933,0.56984488507,0.759,0.695,75.63,0.7586516,0.6948646,75.63,23.3545,0.0,2.24,1.13,0.115,0.983,36.0
2566,2566,36_55,36_11,138.7174,15.90919,21.0502,0.1246,187.442,5.0,5.0,625.0,2580.0,625.0,2580.0012,625.0,2580.0012,142.41693029470363,27.259773529951204,0.631,0.587,90.0,0.09824,0.0978,-90.0,625.0,2580.0012,142.41693029470363,27.259773529951204,0.41239901053,0.59412714229,0.41239901053,0.59412714229,0.775,0.637,-79.42,0.775048,0.6370454,-79.42,23.3073,0.0,1.94,1.075,0.069,0.379,36.0
2567,2567,36_56,36_10,2282.001,40.73429,18.0098,0.0194,188.0727,24.0,28.0,726.0,2577.0,726.2173,2577.1019,726.2173,2577.1019,142.3848916514302,27.26026442223969,1.225,1.095,88.12,0.02821,0.02477,-79.62,726.2173,2577.1019,142.3848916514302,27.26026442223969,0.44777313047,0.530287118,0.44777313047,0.530287118,0.729,0.668,83.54,0.7289425,0.6683584,83.54,23.3428,0.0,2.21,1.119,0.106,0.98,36.0
2568,2568,36_57,36_9,1287.285,35.62215,18.6314,0.0301,187.8645,18.0,23.0,746.0,2572.0,745.6757,2572.5567,745.6757,2572.5567,142.3787179108721,27.2614796085612,1.159,1.041,76.16,0.04109,0.03587,73.36,745.6757,2572.5567,142.3787179108721,27.2614796085612,0.46064375853,0.52936314127,0.46064375853,0.52936314127,0.73,0.676,78.44,0.7296308,0.6764953,78.44,23.3313,0.0,2.23,1.113,0.102,0.972,36.0
2569,2569,36_58,36_8,486.183,27.80661,19.6886,0.0621,187.6524,13.0,15.0,622.0,2572.0,622.5249,2571.9076,622.5249,2571.9076,142.41768475631136,27.26205796966396,1.206,0.847,-58.55,0.08537,0.06002,-61.46,622.5249,2571.9076,142.41768475631136,27.26205796966396,0.74123095025,0.86211499575,0.74123095025,0.86211499575,0.979,0.803,-56.28,0.9793842,0.8025911,-56.28,23.3167,0.0,3.94,1.424,0.298,0.089,36.0
2570,2570,36_59,36_7,245.2785,20.15695,20.4314,0.0892,188.5062,7.0,8.0,797.0,2563.0,796.9766,2562.5315,796.9766,2562.5315,142.36244788950611,27.264131272044107,0.804,0.694,-88.8,0.08516,0.06982,-89.77,796.9766,2562.5315,142.36244788950611,27.264131272044107,0.61245669185,0.68111538215,0.61245669185,0.68111538215,0.826,0.782,-84.3,0.8257152,0.782155,-84.3,23.378,0.0,2.68,1.158,0.136,0.537,36.0
2571,2571,36_60,36_6,589.4469,31.19181,19.4795,0.0575,188.3412,18.0,19.0,742.0,2558.0,742.1632,2558.179,742.1632,2558.179,142.3797769410274,27.26553526323004,1.482,0.889,-79.74,0.09326,0.05567,-79.24,742.1632,2558.179,142.3797769410274,27.26553526323004,0.96488311607,1.7668316317,0.96488311607,1.7668316317,1.334,0.975,-82.59,1.334399,0.97524,-82.59,23.3596,0.0,5.22,1.666,0.4,0.0,36.0
2572,2572,36_61,36_5,392.6101,23.69312,19.9207,0.0655,187.8961,9.0,11.0,830.0,2555.0,830.0152,2554.9547,830.0152,2554.9547,142.35196522536012,27.266153100438,0.991,0.723,86.74,0.08003,0.05286,89.85,830.0152,2554.9547,142.35196522536012,27.266153100438,0.53066389459,0.665459563,0.53066389459,0.665459563,0.831,0.711,68.34,0.8310894,0.7109246,68.34,23.3443,0.0,2.87,1.369,0.27,0.744,36.0
2573,2573,36_62,36_4,340.722,22.97675,20.0746,0.0732,188.4796,9.0,10.0,552.0,2555.0,552.0,2554.9729,552.0,2554.9729,142.43994271906385,27.26704279046252,0.977,0.728,-89.58,0.0745,0.05777,-89.96,552.0,2554.9729,142.43994271906385,27.26704279046252,0.60598908668,0.76729524404,0.60598908668,0.76729524404,0.876,0.778,88.5,0.876017,0.778382,88.5,23.3427,3.0,3.3,1.342,0.255,0.642,36.0
2574,2574,36_63,36_4,437.1064,24.33394,19.8041,0.0605,188.9346,10.0,11.0,552.0,2551.0,552.1289,2551.1599,552.1289,2551.1599,142.4398885920605,27.26811492526756,0.961,0.802,87.08,0.06637,0.05284,-87.04,552.1289,2551.1599,142.4398885920605,27.26811492526756,0.4126048645,0.39349822025,0.4126048645,0.39349822025,0.654,0.615,33.39,0.6536751,0.615477,33.39,23.3687,3.0,2.21,1.198,0.165,0.557,36.0
2575,2575,36_64,36_3,218.6115,20.07005,20.5564,0.0997,188.8044,8.0,8.0,788.0,2550.0,787.9005,2549.8825,787.9005,2549.8825,142.3652732898903,27.267719130112987,0.843,0.658,-43.25,0.09556,0.07552,-44.82,787.9005,2549.8825,142.3652732898903,27.267719130112987,0.91238885383,0.80399769349,0.91238885383,0.80399769349,0.978,0.872,-28.2,0.977817,0.8719292,-28.2,23.3937,0.0,4.41,1.282,0.22,0.0,36.0
2576,2576,36_65,36_2,2665.322,43.64837,17.8412,0.0178,188.9906,26.0,31.0,539.0,2544.0,538.9287,2544.3672,538.9287,2544.3672,142.44404230414918,27.27006659945973,1.275,1.128,74.63,0.02597,0.02372,70.28,538.9287,2544.3672,142.44404230414918,27.27006659945973,0.46033099304,0.54427090421,0.46033099304,0.54427090421,0.742,0.674,75.2,0.7420051,0.6738177,75.2,23.3646,0.0,1.99,1.13,0.115,0.981,36.0
2578,2578,37_2,37_1,268.4669,20.5965,20.3333,0.0833,188.2376,7.0,8.0,1023.0,2522.0,1023.1071,2521.7954,1023.1071,2521.7954,142.2907361147728,27.274825008578357,0.791,0.674,42.25,0.07921,0.06294,45.42,1023.1071,2521.7954,142.2907361147728,27.274825008578357,0.46074836282,0.47905681433,0.46074836282,0.47905681433,0.705,0.666,-55.13,0.704514,0.6659318,-55.13,23.3404,0.0,2.13,1.173,0.147,0.618,37.0
2579,2579,37_3,37_88,623.4584,24.30322,19.4186,0.0423,188.5081,9.0,11.0,1211.0,3021.0,1211.1122,3020.6019,1211.1122,3020.6019,142.23323207294504,27.13385724077516,1.321,0.488,1.5,0.08117,0.02549,2.69,1211.1122,3020.6019,142.23323207294504,27.13385724077516,0.64421771926,0.14853983148,0.64421771926,0.14853983148,0.803,0.385,0.02,0.8026318,0.3854086,0.02,23.3757,24.0,3.22,2.704,0.63,0.943,37.0
2580,2580,37_4,37_86,181.2957,16.57068,20.7596,0.0993,188.5193,5.0,5.0,1288.0,3014.0,1287.586,3014.2353,1287.586,3014.2353,142.2090358305225,27.135371931681547,0.733,0.458,-71.55,0.09602,0.05573,-71.55,1287.586,3014.2353,142.2090358305225,27.135371931681547,0.51465096685,0.56955907998,0.51465096685,0.56955907998,0.761,0.711,-69.28,0.7607452,0.710969,-69.28,23.3235,0.0,3.41,1.6,0.375,0.194,37.0
2581,2581,37_5,37_85,250.2314,19.91788,20.4097,0.0864,188.4463,8.0,8.0,1197.0,3010.0,1196.889,3009.8117,1196.889,3009.8117,142.2376849599939,27.136943247562744,0.804,0.674,-41.39,0.08625,0.06845,-45.16,1196.889,3009.8117,142.2376849599939,27.136943247562744,0.70611530369,0.64139638564,0.70611530369,0.64139638564,0.841,0.801,5.0,0.840604,0.8005602,5.0,23.3758,0.0,2.68,1.192,0.161,0.237,37.0
2582,2582,37_6,37_84,176.8973,17.19336,20.7863,0.1056,188.4572,5.0,6.0,1202.0,3008.0,1201.8402,3007.8073,1201.8402,3007.8073,142.236112099313,27.1374893366245,0.749,0.563,46.05,0.09597,0.07102,45.13,1201.8402,3007.8073,142.236112099313,27.1374893366245,0.47237684357,0.51869736839,0.47237684357,0.51869736839,0.748,0.657,55.73,0.7475747,0.657424,55.73,23.376,0.0,2.13,1.331,0.248,0.526,37.0
2584,2584,37_8,37_82,522.8079,31.93432,19.6097,0.0663,188.4796,20.0,21.0,1212.0,3004.0,1211.9255,3004.5339,1211.9255,3004.5339,142.23291143104294,27.13837395423483,2.02,0.733,83.63,0.14401,0.05065,83.39,1211.9255,3004.5339,142.23291143104294,27.13837395423483,1.7022247295,3.5581341153,1.7022247295,3.5581341153,1.888,1.303,87.13,1.887543,1.302897,87.13,23.3757,0.0,7.27,2.756,0.637,0.002,37.0
2585,2585,37_9,37_81,513.2024,26.61416,19.6299,0.0563,188.4973,14.0,14.0,1220.0,3003.0,1220.4477,3003.224,1220.4477,3003.224,142.2302125618547,27.138711821581445,0.979,0.929,-0.55,0.06261,0.06116,3.19,1220.4477,3003.224,142.2302125618547,27.138711821581445,0.80856424098,0.69389308864,0.80856424098,0.69389308864,0.899,0.833,-2.59,0.8993325,0.8328616,-2.59,23.3744,0.0,2.77,1.054,0.052,0.368,37.0
2588,2588,37_12,37_78,237.945,19.82315,20.4644,0.0905,188.2594,7.0,8.0,1171.0,2973.0,1170.8558,2973.0879,1170.8558,2973.0879,142.24576906038425,27.1473658485958,0.84,0.651,46.84,0.09153,0.0722,45.24,1170.8558,2973.0879,142.24576906038425,27.1473658485958,0.61050054861,0.71168218068,0.61050054861,0.71168218068,0.886,0.733,57.04,0.8860231,0.7329023,57.04,23.3736,0.0,3.05,1.29,0.225,0.189,37.0
2590,2590,37_14,37_76,1222.286,34.34161,18.6876,0.0305,188.0263,21.0,22.0,1215.0,2960.0,1215.1351,2959.8763,1215.1351,2959.8763,142.23171986992386,27.150923790362704,1.159,1.047,58.58,0.04071,0.037,50.0,1215.1351,2959.8763,142.23171986992386,27.150923790362704,0.52373813937,0.58223378291,0.52373813937,0.58223378291,0.774,0.712,64.36,0.7744256,0.7115033,64.36,23.3512,0.0,2.39,1.107,0.097,0.954,37.0
2591,2591,37_15,37_75,560.7313,28.59019,19.5337,0.0554,187.6363,12.0,16.0,1240.0,2955.0,1239.5983,2954.9357,1239.5983,2954.9357,142.22396705907877,27.152225496589125,1.066,0.907,-87.6,0.06905,0.05675,-89.16,1239.5983,2954.9357,142.22396705907877,27.152225496589125,0.48430033346,0.59170113302,0.48430033346,0.59170113302,0.769,0.696,-89.25,0.769233,0.6959037,-89.25,23.3168,0.0,2.6,1.175,0.149,0.9,37.0
2593,2593,37_17,37_73,291.9643,23.48947,20.2422,0.0874,188.3401,9.0,11.0,1261.0,2941.0,1260.8845,2940.5704,1260.8845,2940.5704,142.21718060684407,27.15618928579616,1.049,0.728,74.91,0.09868,0.06943,74.89,1260.8845,2940.5704,142.21718060684407,27.15618928579616,0.84107443376,1.2089486514,0.84107443376,1.2089486514,1.107,0.908,78.45,1.106793,0.9083126,78.45,23.3566,0.0,5.2,1.441,0.306,0.011,37.0
2594,2594,37_18,37_72,309.1028,22.60802,20.1803,0.0794,187.4377,10.0,10.0,1307.0,2938.0,1306.9806,2937.534,1306.9806,2937.534,142.2025961326611,27.156875810440336,0.997,0.667,-61.99,0.09581,0.05903,-63.34,1306.9806,2937.534,142.2025961326611,27.156875810440336,0.90972059433,0.96366423484,0.90972059433,0.96366423484,1.037,0.893,-50.6,1.037089,0.8932137,-50.6,23.2972,0.0,3.03,1.495,0.331,0.257,37.0
2596,2596,37_20,37_70,168.5505,16.96383,20.8387,0.1093,187.8224,5.0,6.0,1489.0,2935.0,1488.503,2935.4785,1488.503,2935.4785,142.14520309092566,27.156780545696574,0.909,0.43,-71.38,0.12744,0.05256,-71.56,1488.503,2935.4785,142.14520309092566,27.156780545696574,0.85037586181,0.91932614095,0.85037586181,0.91932614095,0.989,0.89,-55.81,0.9891714,0.8895178,-55.81,23.3569,0.0,3.05,2.117,0.528,0.556,37.0
2597,2597,37_21,37_69,539.5269,27.09947,19.5755,0.0545,188.3261,13.0,15.0,1503.0,2926.0,1502.8542,2926.465,1502.8542,2926.465,142.140628420646,27.159261666863035,1.015,0.97,-19.68,0.0648,0.05741,-14.22,1502.8542,2926.465,142.140628420646,27.159261666863035,0.85730022862,0.9741105402,0.85730022862,0.9741105402,0.988,0.925,83.6,0.9877235,0.9251017,83.6,23.3935,0.0,3.03,1.047,0.045,0.153,37.0
2598,2598,37_22,37_68,205.6647,21.03104,20.6227,0.1111,188.793,7.0,9.0,1369.0,2892.0,1369.1143,2891.3594,1369.1143,2891.3594,142.18276477337653,27.16963566423428,0.936,0.696,-68.8,0.11029,0.07951,-69.68,1369.1143,2891.3594,142.18276477337653,27.16963566423428,1.2237171459,1.1470997385,1.2237171459,1.1470997385,1.107,1.071,6.56,1.106682,1.070548,6.56,23.3935,0.0,4.79,1.345,0.257,0.001,37.0
2599,2599,37_23,37_67,12409.48,68.04377,16.1712,0.006,188.9234,56.0,60.0,1269.0,2886.0,1269.3314,2886.1648,1269.3314,2886.1648,142.2142916778222,27.17146191577621,1.465,1.301,73.96,0.01122,0.00995,72.1,1269.3314,2886.1648,142.2142916778222,27.17146191577621,0.48565458751,0.5564219803,0.48565458751,0.5564219803,0.748,0.695,78.3,0.7480609,0.6946088,78.3,23.4331,0.0,2.34,1.126,0.112,0.983,37.0
2600,2600,37_24,37_66,353.9161,24.12781,20.0333,0.074,188.5599,10.0,12.0,1250.0,2886.0,1250.2337,2886.3392,1250.2337,2886.3392,142.220330469469,27.17148198800892,1.043,0.781,57.64,0.08696,0.06617,58.12,1250.2337,2886.3392,142.220330469469,27.17148198800892,0.7264897118,0.81253417499,0.7264897118,0.81253417499,0.955,0.791,53.74,0.9553998,0.7913502,53.74,23.4085,0.0,3.57,1.336,0.251,0.1,37.0
2601,2601,37_25,37_65,1231.665,34.45031,18.6793,0.0304,188.1476,17.0,22.0,1421.0,2882.0,1420.8231,2882.3562,1420.8231,2882.3562,142.16637902180815,27.1719762750055,1.144,1.009,52.19,0.04105,0.03529,56.93,1420.8231,2882.3562,142.16637902180815,27.1719762750055,0.45301382633,0.50578764556,0.45301382633,0.50578764556,0.727,0.656,61.35,0.7267976,0.6561759,61.35,23.3523,0.0,2.19,1.134,0.118,0.977,37.0
2602,2602,37_26,37_64,7144.407,59.14703,16.7707,0.009,188.5602,47.0,54.0,1269.0,2873.0,1269.4289,2873.2847,1269.4289,2873.2847,142.21420902088414,27.17508448108592,1.456,1.282,69.45,0.01694,0.01497,65.51,1269.4289,2873.2847,142.21420902088414,27.17508448108592,0.48674092324,0.52948479961,0.48674092324,0.52948479961,0.734,0.691,67.16,0.7339636,0.6910305,67.16,23.4158,0.0,2.33,1.136,0.119,0.978,37.0
2603,2603,37_27,37_63,1371.221,36.71683,18.5628,0.0291,188.9616,24.0,26.0,1251.0,2871.0,1251.1141,2870.8093,1251.1141,2870.8093,142.219989838702,27.175847066493965,1.255,1.154,76.83,0.04297,0.0374,82.52,1251.1141,2870.8093,142.219989838702,27.175847066493965,0.73625624487,0.73497418909,0.73625624487,0.73497418909,0.866,0.849,43.7,0.8658994,0.8493813,43.7,23.4449,0.0,2.74,1.088,0.081,0.067,37.0
2604,2604,37_28,37_62,1478.904,35.18064,18.4807,0.0258,187.9418,20.0,22.0,1346.0,2869.0,1346.3162,2869.6134,1346.3162,2869.6134,142.18988392110356,27.175836359024103,1.242,0.909,87.98,0.03846,0.02642,89.01,1346.3162,2869.6134,142.18988392110356,27.175836359024103,0.27167017683,0.46540451278,0.27167017683,0.46540451278,0.683,0.521,87.13,0.6825638,0.5207508,87.13,23.3424,0.0,2.11,1.367,0.268,0.994,37.0
2605,2605,37_29,37_61,351.2029,24.33011,20.0417,0.0752,189.2211,10.0,12.0,1476.0,2867.0,1476.5081,2867.4565,1476.5081,2867.4565,142.1487106690713,27.17595870888499,0.908,0.865,84.94,0.07576,0.07543,88.26,1476.5081,2867.4565,142.1487106690713,27.17595870888499,0.49237796823,0.55509137662,0.49237796823,0.55509137662,0.746,0.7,79.65,0.7464952,0.700153,79.65,23.4106,0.0,2.58,1.05,0.048,0.727,37.0
2606,2606,37_30,37_60,151.765,16.84978,20.9526,0.1206,188.7869,6.0,6.0,1156.0,2868.0,1156.1869,2868.1602,1156.1869,2868.1602,142.24999356719073,27.176932262558967,0.755,0.563,47.33,0.11222,0.08297,45.11,1156.1869,2868.1602,142.24999356719073,27.176932262558967,0.83253878219,0.92427838373,0.83253878219,0.92427838373,0.981,0.892,61.66,0.9807708,0.8915749,61.66,23.4349,0.0,3.06,1.341,0.254,0.059,37.0
2607,2607,37_31,37_59,154.7607,16.96331,20.9314,0.119,188.9306,6.0,6.0,1298.0,2866.0,1297.7072,2866.647,1297.7072,2866.647,142.2052411659511,27.176848720096007,0.891,0.505,-43.9,0.12667,0.073,-44.87,1297.7072,2866.647,142.2052411659511,27.176848720096007,1.1599090434,1.0186266488,1.1599090434,1.0186266488,1.244,0.794,-40.57,1.244229,0.7939966,-40.57,23.4361,0.0,3.97,1.765,0.433,0.007,37.0
2608,2608,37_32,37_58,684.7716,27.5841,19.3167,0.0437,188.4271,13.0,15.0,1153.0,2861.0,1153.4339,2860.609,1153.4339,2860.609,142.25083429462373,27.179066050386982,1.014,0.909,53.56,0.05128,0.04485,45.63,1153.4339,2860.609,142.25083429462373,27.179066050386982,0.46307240277,0.55537064625,0.46307240277,0.55537064625,0.749,0.677,77.07,0.7486697,0.6767102,77.07,23.4101,0.0,2.47,1.115,0.103,0.983,37.0
2609,2609,37_33,37_57,30237.15,92.95799,15.2042,0.0033,188.4121,79.0,85.0,1053.0,2853.0,1053.1048,2852.8486,1053.1048,2852.8486,142.28252739074094,27.18160149248208,1.556,1.365,73.78,0.00684,0.0059,77.85,1053.1048,2852.8486,142.28252739074094,27.18160149248208,0.48864004969,0.565532387,0.48864004969,0.565532387,0.755,0.695,75.94,0.7554314,0.6953386,75.94,23.3962,0.0,2.26,1.14,0.123,0.983,37.0
2610,2610,37_34,37_56,1523.029,36.26529,18.4488,0.0259,187.7078,20.0,24.0,1311.0,2849.0,1311.1426,2849.3898,1311.1426,2849.3898,142.2009230558821,27.18165378381209,1.182,1.024,68.91,0.03677,0.03004,70.28,1311.1426,2849.3898,142.2009230558821,27.18165378381209,0.44712379633,0.48554658316,0.44712379633,0.48554658316,0.705,0.66,64.61,0.7047802,0.660269,64.61,23.3424,0.0,2.01,1.155,0.134,0.978,37.0
2611,2611,37_35,37_55,538.5379,26.74414,19.5775,0.0539,187.9284,14.0,14.0,1317.0,2846.0,1316.7064,2845.7349,1316.7064,2845.7349,142.1991489408076,27.18266148952344,1.058,0.845,66.25,0.06699,0.05235,65.84,1316.7064,2845.7349,142.1991489408076,27.18266148952344,0.57848840388,0.68705598712,0.57848840388,0.68705598712,0.84,0.748,68.8,0.8403995,0.7478456,68.8,23.3504,0.0,2.6,1.252,0.201,0.705,37.0
2612,2612,37_36,37_54,115.4878,15.60712,21.2492,0.1468,188.8148,5.0,5.0,1436.0,2843.0,1435.5921,2842.8027,1435.5921,2842.8027,142.1615451347514,27.183046680223374,0.759,0.448,70.83,0.12245,0.07081,71.52,1435.5921,2842.8027,142.1615451347514,27.183046680223374,0.91391345921,0.96294297283,0.91391345921,0.96294297283,1.027,0.906,51.06,1.027263,0.906414,51.06,23.3872,0.0,3.43,1.694,0.41,0.28,37.0
2615,2615,37_39,37_51,3011.802,43.21225,17.7085,0.0156,188.8519,26.0,31.0,1513.0,2829.0,1513.1453,2829.005,1513.1453,2829.005,142.1369644527812,27.18663589459926,1.294,1.068,78.37,0.02565,0.01907,80.16,1513.1453,2829.005,142.1369644527812,27.18663589459926,0.46012895602,0.52038708316,0.46012895602,0.52038708316,0.727,0.672,70.32,0.727477,0.6717837,70.32,23.3759,24.0,2.03,1.211,0.174,0.983,37.0
2617,2617,37_41,37_49,7357.174,81.95039,16.7388,0.0121,190.7158,114.0,122.0,1436.0,2812.0,1436.0255,2812.2266,1436.0255,2812.2266,142.16128087251056,27.191645428273635,2.474,2.212,36.76,0.03444,0.03093,38.86,1436.0255,2812.2266,142.16128087251056,27.191645428273635,2.2461315392,2.2467087047,2.2461315392,2.2467087047,1.53,1.467,45.09,1.530206,1.466734,45.09,23.5169,0.0,3.5,1.118,0.106,0.027,37.0
2618,2618,37_42,37_48,284.6248,20.39136,20.2699,0.0778,188.8758,8.0,8.0,1326.0,2815.0,1326.0697,2815.4558,1326.0697,2815.4558,142.19606487586125,27.191144093401213,0.779,0.687,87.92,0.0748,0.06165,-89.44,1326.0697,2815.4558,142.19606487586125,27.191144093401213,0.34211678159,0.40125537913,0.34211678159,0.40125537913,0.639,0.578,71.3,0.6394619,0.5783257,71.3,23.3868,0.0,1.95,1.135,0.119,0.571,37.0
2619,2619,37_43,37_47,1461.041,36.91919,18.4939,0.0274,188.0716,20.0,26.0,1212.0,2811.0,1212.0892,2811.3045,1212.0892,2811.3045,142.23209161178545,27.192725173564604,1.217,1.055,85.19,0.04065,0.03406,-89.19,1212.0892,2811.3045,142.23209161178545,27.192725173564604,0.45328654958,0.53831476093,0.45328654958,0.53831476093,0.739,0.668,73.97,0.7388947,0.6675597,73.97,23.3855,0.0,1.98,1.154,0.133,0.969,37.0
2620,2620,37_44,37_46,406212.0,277.6555,12.3837,0.0007,189.967,234.0,251.0,1402.0,2800.0,1402.3385,2800.236,1402.3385,2800.236,142.1718839489181,27.19514365013431,1.788,1.569,73.11,0.00165,0.0015,66.57,1402.3385,2800.236,142.1718839489181,27.19514365013431,0.69435703039,0.8387207114,0.69435703039,0.8387207114,0.922,0.827,75.21,0.9217028,0.8267658,75.21,23.458,0.0,3.16,1.139,0.122,1.0,37.0
2621,2621,37_45,37_45,648.1575,26.06868,19.3764,0.0437,188.8596,12.0,13.0,1515.0,2804.0,1514.5742,2804.1817,1514.5742,2804.1817,142.13640778411525,27.19361267929509,1.569,0.493,-88.75,0.09812,0.02619,-87.9,1514.5742,2804.1817,142.13640778411525,27.19361267929509,0.25395908131,0.89968143804,0.25395908131,0.89968143804,0.949,0.504,89.34,0.9485608,0.5038581,89.34,23.3801,24.0,4.78,3.18,0.686,0.974,37.0
2622,2622,37_46,37_44,353.2383,25.41313,20.0354,0.0781,190.9294,11.0,13.0,1443.0,2804.0,1442.5789,2804.4002,1442.5789,2804.4002,142.1591758949691,27.19382231039073,1.001,0.869,-52.99,0.08168,0.06969,-45.43,1442.5789,2804.4002,142.1591758949691,27.19382231039073,0.82963819587,0.9876674392,0.82963819587,0.9876674392,0.998,0.907,-78.01,0.9975647,0.9067361,-78.01,23.5299,0.0,3.3,1.152,0.132,0.005,37.0
2623,2623,37_47,37_43,125.5332,15.5271,21.1587,0.1343,188.6748,5.0,5.0,1511.0,2781.0,1511.2354,2781.3993,1511.2354,2781.3993,142.1373673872707,27.20003346878514,0.742,0.456,17.89,0.12033,0.06971,18.35,1511.2354,2781.3993,142.1373673872707,27.20003346878514,1.0011262644,0.83277596,1.0011262644,0.83277596,1.002,0.91,8.48,1.002472,0.9104677,8.48,23.3804,16.0,2.8,1.629,0.386,0.409,37.0
2624,2624,37_48,37_42,474.2438,25.66582,19.7156,0.0588,188.3616,9.0,13.0,1479.0,2775.0,1479.3352,2775.2304,1479.3352,2775.2304,142.14742988937982,27.201889115147207,0.969,0.844,52.91,0.06675,0.05669,47.26,1479.3352,2775.2304,142.14742988937982,27.201889115147207,0.43026386637,0.48592712236,0.43026386637,0.48592712236,0.701,0.652,73.47,0.7009286,0.6518359,73.47,23.3608,0.0,2.45,1.147,0.128,0.791,37.0
2626,2626,37_50,37_40,874.9646,30.40243,19.0506,0.0377,189.4617,15.0,17.0,1412.0,2772.0,1412.3256,2772.6819,1412.3256,2772.6819,142.16861138173468,27.202856868053217,1.091,0.912,72.44,0.04733,0.03677,74.14,1412.3256,2772.6819,142.16861138173468,27.202856868053217,0.4506246973,0.52248401956,0.4506246973,0.52248401956,0.725,0.669,78.0,0.7251772,0.6687502,78.0,23.4255,0.0,2.23,1.196,0.164,0.96,37.0
2627,2627,37_51,37_39,2128.161,44.85263,18.0856,0.0229,188.5252,34.0,36.0,1386.0,2756.0,1386.4139,2756.3662,1386.4139,2756.3662,142.1767387192998,27.207542355630785,1.477,1.251,-89.86,0.03936,0.03141,89.56,1386.4139,2756.3662,142.1767387192998,27.207542355630785,0.80421233857,0.8983897167,0.80421233857,0.8983897167,0.948,0.897,-89.14,0.9478454,0.8967671,-89.14,23.3616,0.0,2.67,1.18,0.153,0.231,37.0
2628,2628,37_52,37_38,2444.113,43.75978,17.9353,0.0194,188.8448,29.0,34.0,1072.0,2757.0,1072.2721,2756.9258,1072.2721,2756.9258,142.27609443240843,27.208516098697405,1.34,1.148,73.23,0.03188,0.02642,73.66,1072.2721,2756.9258,142.27609443240843,27.208516098697405,0.47877546962,0.55339595131,0.47877546962,0.55339595131,0.748,0.687,74.4,0.7481359,0.6873602,74.4,23.4265,0.0,2.34,1.167,0.143,0.972,37.0
2629,2629,37_53,37_37,284.0825,21.46739,20.272,0.0821,188.5593,6.0,9.0,1403.0,2746.0,1402.8187,2745.7222,1402.8187,2745.7222,142.1715062681244,27.210475397243385,0.883,0.67,-71.07,0.08315,0.06002,-69.37,1402.8187,2745.7222,142.1715062681244,27.210475397243385,0.35475092454,0.44864672987,0.35475092454,0.44864672987,0.67,0.595,87.55,0.6699398,0.5954648,87.55,23.3688,0.0,2.58,1.319,0.242,0.572,37.0
2630,2630,37_54,37_36,2994.72,52.39663,17.7147,0.019,188.4493,43.0,49.0,1385.0,2736.0,1385.0015,2736.618,1385.0015,2736.618,142.1771038161072,27.21310232739591,1.752,1.365,-40.21,0.03914,0.02996,-40.84,1385.0015,2736.618,142.1771038161072,27.21310232739591,0.99479871157,0.94405839425,0.99479871157,0.94405839425,1.04,0.926,-38.49,1.04025,0.9256006,-38.49,23.3612,0.0,2.96,1.284,0.221,0.091,37.0
2631,2631,37_55,37_35,2319.32,42.56571,17.9922,0.0199,188.5479,27.0,32.0,1027.0,2733.0,1026.8553,2733.3625,1026.8553,2733.3625,142.29036767574286,27.215302026914795,1.275,1.157,46.55,0.03068,0.02666,31.59,1026.8553,2733.3625,142.29036767574286,27.215302026914795,0.48440370178,0.52740311147,0.48440370178,0.52740311147,0.73,0.692,71.23,0.7300808,0.6919457,71.23,23.4099,0.0,1.99,1.102,0.092,0.954,37.0
2632,2632,37_56,37_34,107732.1,153.8745,13.8247,0.0016,188.3889,125.0,139.0,1445.0,2728.0,1445.1187,2727.9754,1445.1187,2727.9754,142.15805356429044,27.215309360452174,1.647,1.441,72.4,0.00329,0.00292,73.54,1445.1187,2727.9754,142.15805356429044,27.215309360452174,0.50971839602,0.58751217605,0.50971839602,0.58751217605,0.772,0.708,73.2,0.7715639,0.7084629,73.2,23.3747,0.0,2.36,1.144,0.126,0.994,37.0
2633,2633,37_57,37_33,85238.34,139.173,14.079,0.0018,188.2188,115.0,128.0,1274.0,2726.0,1274.425,2725.8442,1274.425,2725.8442,142.21203382314098,27.216538428970008,1.646,1.429,71.33,0.00379,0.00332,68.15,1274.425,2725.8442,142.21203382314098,27.216538428970008,0.50901202327,0.58079694304,0.50901202327,0.58079694304,0.768,0.707,71.77,0.7678117,0.7073007,71.77,23.386,0.0,2.48,1.152,0.132,0.984,37.0
2634,2634,37_58,37_32,24571.65,87.47179,15.4295,0.0039,188.5798,74.0,82.0,1037.0,2727.0,1037.3491,2726.9713,1037.3491,2726.9713,142.28702389706646,27.217063384780463,1.563,1.388,70.67,0.00787,0.00703,66.94,1037.3491,2726.9713,142.28702389706646,27.217063384780463,0.52371836063,0.58702271854,0.52371836063,0.58702271854,0.77,0.719,72.91,0.7704724,0.719106,72.91,23.4113,0.0,2.51,1.126,0.112,0.984,37.0
2635,2635,37_59,37_31,2050.0,43.76713,18.1262,0.0232,188.0109,32.0,37.0,1147.0,2717.0,1147.3433,2718.9052,1147.3433,2718.9052,142.25220152008146,27.21894634573489,2.17,1.038,68.01,0.05356,0.02831,69.09,1147.3433,2718.9052,142.25220152008146,27.21894634573489,1.013733361,1.9403750653,1.013733361,1.9403750653,1.46,0.908,67.59,1.459547,0.9076508,67.59,23.3925,0.0,7.16,2.09,0.522,0.26,37.0
2636,2636,37_60,37_30,1288.865,39.5972,18.6301,0.0334,188.364,28.0,30.0,1319.0,2717.0,1319.202,2716.7391,1319.202,2716.7391,142.1978339931172,27.218936211597168,1.578,1.147,-8.24,0.05883,0.0422,-7.78,1319.202,2716.7391,142.1978339931172,27.218936211597168,1.3432700249,0.97524595262,1.3432700249,0.97524595262,1.164,0.982,-9.53,1.163589,0.9821288,-9.53,23.3711,0.0,4.27,1.376,0.273,0.01,37.0
2638,2638,37_62,37_28,435.6296,24.93214,19.8078,0.0622,187.1388,10.0,13.0,1176.0,2713.0,1175.6191,2712.6695,1175.6191,2712.6695,142.24323313136296,27.220599788939968,0.975,0.835,48.06,0.07363,0.06276,45.47,1175.6191,2712.6695,142.24323313136296,27.220599788939968,0.46464867835,0.52035048972,0.46464867835,0.52035048972,0.737,0.664,61.56,0.7372036,0.6644773,61.56,23.3372,0.0,2.55,1.167,0.143,0.809,37.0
2639,2639,37_63,37_27,268.4564,21.40818,20.3334,0.0866,188.0496,9.0,9.0,1365.0,2708.0,1364.8695,2707.405,1364.8695,2707.405,142.1833509106286,27.22139377291592,0.894,0.68,68.86,0.09403,0.06791,69.96,1364.8695,2707.405,142.1833509106286,27.22139377291592,0.51816133857,0.56816243799,0.51816133857,0.56816243799,0.771,0.701,59.37,0.7714552,0.7008428,59.37,23.3375,0.0,2.65,1.315,0.24,0.409,37.0
2640,2640,37_64,37_26,71569.04,129.7307,14.2688,0.002,188.6323,111.0,118.0,1304.0,2698.0,1303.8927,2698.7284,1303.8927,2698.7284,142.20260295427553,27.22405823116752,1.624,1.43,73.43,0.00411,0.00369,73.22,1303.8927,2698.7284,142.20260295427553,27.22405823116752,0.5077952579,0.57941854047,0.5077952579,0.57941854047,0.766,0.708,73.75,0.7655528,0.7079143,73.75,23.3986,0.0,2.4,1.135,0.119,0.985,37.0
2641,2641,37_65,37_25,420.2484,26.95572,19.8468,0.0697,188.388,9.0,15.0,1261.0,2694.0,1261.1543,2694.1593,1261.1543,2694.1593,142.21610324349632,27.22549889327269,0.887,0.852,-46.77,0.07754,0.0747,-45.04,1261.1543,2694.1593,142.21610324349632,27.22549889327269,0.86802808502,0.84835433016,0.86802808502,0.84835433016,0.942,0.911,-34.96,0.941723,0.910791,-34.96,23.3951,0.0,2.8,1.042,0.04,0.537,37.0
2643,2643,37_67,37_22,257.1161,20.92569,20.3802,0.0884,188.7301,8.0,9.0,1187.0,2669.0,1187.0053,2669.015,1187.0053,2669.015,142.2394576968295,27.232838319461067,0.795,0.757,-46.52,0.07851,0.07824,-47.72,1187.0053,2669.015,142.2394576968295,27.232838319461067,0.65641293561,0.65638477622,0.65641293561,0.65638477622,0.856,0.762,-44.99,0.8557203,0.761932,-44.99,23.4167,0.0,2.33,1.05,0.047,0.159,37.0
2644,2644,37_68,37_21,368.0613,25.35781,19.9908,0.0748,188.2767,10.0,13.0,1095.0,2666.0,1094.6889,2665.6293,1094.6889,2665.6293,142.2686476783864,27.234117656270755,0.99,0.869,40.45,0.08351,0.07127,44.29,1094.6889,2665.6293,142.2686476783864,27.234117656270755,0.84576267431,0.74940248313,0.84576267431,0.74940248313,0.92,0.865,5.65,0.9201722,0.8651291,5.65,23.3886,0.0,3.33,1.139,0.122,0.04,37.0
2645,2645,37_69,37_20,169.6243,15.82821,20.8319,0.1013,188.598,5.0,5.0,1282.0,2646.0,1282.4206,2646.2221,1282.4206,2646.2221,142.20918166663358,27.23890543366461,0.723,0.452,69.47,0.10401,0.06039,71.39,1282.4206,2646.2221,142.20918166663358,27.23890543366461,0.41528988141,0.35315168263,0.41528988141,0.35315168263,0.692,0.538,35.46,0.6922778,0.5377667,35.46,23.4,0.0,2.69,1.598,0.374,0.524,37.0
2646,2646,37_70,37_19,209.5565,17.36456,20.6023,0.09,188.6176,6.0,6.0,1267.0,2639.0,1267.1897,2639.1875,1267.1897,2639.1875,142.21397153482718,27.240939458630717,0.733,0.562,44.31,0.08643,0.06397,44.94,1267.1897,2639.1875,142.21397153482718,27.240939458630717,0.42028138283,0.40112420825,0.42028138283,0.40112420825,0.656,0.626,30.24,0.6558536,0.6255091,30.24,23.4012,0.0,2.25,1.304,0.233,0.531,37.0
2647,2647,37_71,37_18,143.8782,16.71602,21.0106,0.1262,188.7328,4.0,6.0,1514.0,2627.0,1514.4779,2627.0507,1514.4779,2627.0507,142.13568788333905,27.243435714317588,0.781,0.499,89.27,0.1254,0.07692,-89.89,1514.4779,2627.0507,142.13568788333905,27.243435714317588,0.30421599017,0.43804953983,0.30421599017,0.43804953983,0.662,0.551,-87.8,0.6620021,0.5513789,-87.8,23.3988,24.0,1.79,1.564,0.361,0.411,37.0
2648,2648,37_72,37_17,1223.055,34.45536,18.687,0.0306,187.9951,20.0,22.0,1300.0,2625.0,1299.7418,2625.2772,1299.7418,2625.2772,142.20361660670363,27.24473367413402,1.183,1.004,71.67,0.04361,0.03534,70.52,1299.7418,2625.2772,142.20361660670363,27.24473367413402,0.45203346559,0.51248808407,0.45203346559,0.51248808407,0.717,0.671,82.24,0.7166812,0.6714832,82.24,23.3591,0.0,2.1,1.179,0.152,0.939,37.0
2649,2649,37_73,37_16,168.3324,15.95707,20.8402,0.1029,187.6955,5.0,5.0,1346.0,2623.0,1346.3686,2622.7826,1346.3686,2622.7826,142.1888549665466,27.24526443080173,0.719,0.455,-73.3,0.10191,0.05942,-71.7,1346.3686,2622.7826,142.1888549665466,27.24526443080173,0.2555647282,0.28176824802,0.2555647282,0.28176824802,0.532,0.504,-76.16,0.5324113,0.5038564,-76.16,23.3349,0.0,1.74,1.579,0.367,0.464,37.0
2650,2650,37_74,37_15,149.138,16.9867,20.9716,0.1237,188.6058,4.0,6.0,1184.0,2622.0,1184.0121,2621.5057,1184.0121,2621.5057,142.2402151565647,27.24621245250189,0.784,0.5,-1.96,0.1109,0.0681,-0.11,1184.0121,2621.5057,142.2402151565647,27.24621245250189,0.71582859609,0.69637394892,0.71582859609,0.69637394892,0.871,0.808,-39.7,0.8711857,0.8082314,-39.7,23.4097,0.0,3.69,1.569,0.363,0.32,37.0
2651,2651,37_75,37_14,2916.944,43.42132,17.7433,0.0162,188.8103,26.0,33.0,1509.0,2614.0,1509.185,2614.5718,1509.185,2614.5718,142.1373094490578,27.24696578733652,1.299,1.138,70.82,0.02582,0.02214,76.71,1509.185,2614.5718,142.1373094490578,27.24696578733652,0.47193965529,0.52962244618,0.47193965529,0.52962244618,0.734,0.681,70.16,0.7336558,0.6806697,70.16,23.3975,16.0,2.07,1.142,0.124,0.981,37.0
2652,2652,37_76,37_13,124.8451,15.69139,21.1646,0.1365,187.3994,5.0,5.0,1317.0,2615.0,1316.9842,2614.7871,1316.9842,2614.7871,142.19811867238542,27.2476212786703,0.819,0.508,-53.59,0.1352,0.0835,-55.76,1316.9842,2614.7871,142.19811867238542,27.2476212786703,1.2085210553,1.2200920468,1.2085210553,1.2200920468,1.137,1.066,-47.12,1.136832,1.06594,-47.12,23.3204,0.0,3.81,1.613,0.38,0.259,37.0
2654,2654,37_78,37_11,319.2774,20.2746,20.1452,0.069,189.0705,8.0,8.0,1080.0,2588.0,1080.2129,2587.9122,1080.2129,2587.9122,142.27292339273066,27.25602878105133,0.801,0.66,50.79,0.06758,0.05347,44.85,1080.2129,2587.9122,142.27292339273066,27.25602878105133,0.40300860155,0.46426027664,0.40300860155,0.46426027664,0.692,0.623,66.16,0.692189,0.6230114,66.16,23.439,0.0,2.23,1.212,0.175,0.779,37.0
2655,2655,37_79,37_10,151.237,15.79517,20.9564,0.1134,188.6921,5.0,5.0,1073.0,2580.0,1072.9839,2579.9817,1072.9839,2579.9817,142.27517970034353,27.258284773874937,0.622,0.594,-0.5,0.09258,0.0923,6.1,1072.9839,2579.9817,142.27517970034353,27.258284773874937,0.43650193007,0.32972143519,0.43650193007,0.32972143519,0.663,0.571,-9.63,0.6630741,0.5714509,-9.63,23.411,0.0,2.54,1.047,0.045,0.414,37.0
2656,2656,37_80,37_9,1180.081,33.22751,18.7258,0.0306,188.3344,17.0,20.0,1372.0,2576.0,1372.046,2575.7889,1372.046,2575.7889,142.1805368769054,27.258387967546614,1.09,1.007,48.0,0.03824,0.03533,30.0,1372.046,2575.7889,142.1805368769054,27.258387967546614,0.46870367181,0.50906749871,0.46870367181,0.50906749871,0.716,0.682,75.05,0.7156568,0.6823536,75.05,23.3755,0.0,2.11,1.083,0.077,0.967,37.0
2657,2657,37_81,37_8,910.5134,32.15813,19.0074,0.0384,188.3641,16.0,20.0,1106.0,2571.0,1105.8682,2570.8155,1105.8682,2570.8155,142.2647387698815,27.26074769914717,1.113,0.991,66.19,0.04884,0.04425,66.57,1105.8682,2570.8155,142.2647387698815,27.26074769914717,0.46368605211,0.53762776821,0.46368605211,0.53762776821,0.745,0.668,66.34,0.7451124,0.6679232,66.34,23.3967,0.0,2.11,1.123,0.109,0.966,37.0
2658,2658,37_82,37_7,1035.469,31.74559,18.8677,0.0333,188.0934,17.0,19.0,1189.0,2565.0,1188.5999,2565.145,1188.5999,2565.145,142.23853852927218,27.262049196357182,1.075,0.988,84.39,0.04134,0.03799,-85.53,1188.5999,2565.145,142.23853852927218,27.262049196357182,0.45384120156,0.48621169821,0.45384120156,0.48621169821,0.702,0.669,67.64,0.7019984,0.6687684,67.64,23.376,0.0,2.12,1.088,0.081,0.965,37.0
2659,2659,37_83,37_6,1098.151,33.24123,18.8039,0.0329,188.1203,17.0,20.0,1023.0,2565.0,1022.865,2564.7756,1022.865,2564.7756,142.2909790223528,27.26273632727473,1.096,0.996,63.93,0.04209,0.03805,67.26,1022.865,2564.7756,142.2909790223528,27.26273632727473,0.43368280269,0.48804742471,0.43368280269,0.48804742471,0.704,0.653,71.32,0.7036071,0.6531977,71.32,23.3543,0.0,2.01,1.1,0.091,0.978,37.0
2660,2660,37_84,37_5,326.8647,23.40307,20.1197,0.0778,188.5706,11.0,11.0,1234.0,2552.0,1234.2987,2552.0686,1234.2987,2552.0686,142.22402581786454,27.26556319103952,1.025,0.749,15.86,0.0901,0.06364,15.15,1234.2987,2552.0686,142.22402581786454,27.26556319103952,1.0336917683,0.87905189756,1.0336917683,0.87905189756,1.033,0.919,22.97,1.033234,0.9193315,22.97,23.398,0.0,4.18,1.369,0.27,0.009,37.0
2661,2661,37_85,37_4,225.0356,18.62713,20.5249,0.0899,188.3772,7.0,7.0,1179.0,2534.0,1179.3344,2533.9895,1179.3344,2533.9895,142.24134595760393,27.27084571087439,0.732,0.653,-87.86,0.08069,0.07466,-89.44,1179.3344,2533.9895,142.24134595760393,27.27084571087439,0.43209046894,0.46134087328,0.43209046894,0.46134087328,0.686,0.651,-64.29,0.6856874,0.6505876,-64.29,23.3941,0.0,2.43,1.121,0.108,0.594,37.0
2662,2662,37_86,37_3,189.7702,19.15127,20.71,0.1096,190.1834,7.0,7.0,1471.0,2526.0,1470.9962,2526.3109,1470.9962,2526.3109,142.14901932683762,27.27193567529415,0.732,0.669,-3.15,0.08513,0.07879,-0.33,1470.9962,2526.3109,142.14901932683762,27.27193567529415,0.61616860371,0.60771223368,0.61616860371,0.60771223368,0.785,0.779,-15.81,0.7854338,0.7790858,-15.81,23.4398,0.0,2.34,1.094,0.086,0.239,37.0
2663,2663,37_87,37_87,4065.372,49.7431,17.3828,0.0133,188.461,31.0,39.0,1335.0,3012.0,1334.9029,3012.0601,1334.9029,3012.0601,142.1940715817597,27.135810985276347,1.332,1.199,70.87,0.02121,0.01931,62.4,1334.9029,3012.0601,142.1940715817597,27.135810985276347,0.48302058181,0.55183281835,0.48302058181,0.55183281835,0.747,0.691,73.93,0.7470339,0.6905025,73.93,23.3534,16.0,2.07,1.111,0.1,0.982,37.0
2664,2664,38_1,38_1,354.2332,23.35996,20.0324,0.0716,187.9766,9.0,11.0,1614.0,2522.0,1613.6951,2522.3888,1613.6951,2522.3888,142.1038455908939,27.272494854082588,0.897,0.806,67.21,0.0745,0.06497,72.04,1613.6951,2522.3888,142.1038455908939,27.272494854082588,0.51234584323,0.45241278927,0.51234584323,0.45241278927,0.717,0.672,8.23,0.7166784,0.6716627,8.23,23.3773,0.0,2.15,1.112,0.101,0.626,38.0
2665,2665,38_2,38_84,968.4005,30.83783,18.9404,0.0346,188.2063,16.0,19.0,1916.0,3011.0,1916.4025,3011.0791,1916.4025,3011.0791,142.01027224972657,27.133844630602496,1.114,0.946,77.36,0.04735,0.03705,77.17,1916.4025,3011.0791,142.01027224972657,27.133844630602496,0.45881408849,0.47510895386,0.45881408849,0.47510895386,0.693,0.673,62.84,0.6934896,0.6730492,62.84,23.4105,0.0,1.9,1.177,0.15,0.941,38.0
2666,2666,38_3,38_83,147.5253,17.13691,20.9834,0.1262,188.4031,6.0,6.0,1604.0,3003.0,1603.5008,3003.0072,1603.5008,3003.0072,142.10913691418162,27.13734876026204,0.789,0.499,87.53,0.11234,0.06896,89.84,1603.5008,3003.0072,142.10913691418162,27.13734876026204,0.7835242692,0.90648456651,0.7835242692,0.90648456651,1.005,0.825,55.98,1.004707,0.8249682,55.98,23.416,0.0,3.4,1.579,0.367,0.009,38.0
2667,2667,38_4,38_82,199.6251,18.36425,20.655,0.0999,188.5806,6.0,7.0,1772.0,3001.0,1772.2995,3001.0361,1772.2995,3001.0361,142.05577473248272,27.137245435440853,0.726,0.671,80.01,0.08669,0.08021,88.97,1772.2995,3001.0361,142.05577473248272,27.137245435440853,0.63629841568,0.61161847578,0.63629841568,0.61161847578,0.81,0.769,33.86,0.8102424,0.7690411,33.86,23.4118,0.0,2.67,1.082,0.076,0.602,38.0
2668,2668,38_5,38_81,278.9754,19.48772,20.2917,0.0759,188.4427,8.0,8.0,1940.0,2994.0,1940.0259,2993.5169,1940.0259,2993.5169,142.00272631549083,27.138688525087808,0.787,0.691,-88.2,0.07513,0.06175,-89.99,1940.0259,2993.5169,142.00272631549083,27.138688525087808,0.44588297193,0.50378931607,0.44588297193,0.50378931607,0.712,0.665,-75.96,0.7124955,0.6648477,-75.96,23.4245,0.0,2.1,1.138,0.121,0.674,38.0
2669,2669,38_6,38_80,332.276,22.82521,20.1018,0.0746,188.6729,7.0,10.0,1533.0,2986.0,1533.0354,2986.4493,1533.0354,2986.4493,142.1313398339536,27.14227522263898,0.951,0.668,-61.27,0.08181,0.05063,-63.26,1533.0354,2986.4493,142.1313398339536,27.14227522263898,0.52967783325,0.50066287497,0.52967783325,0.50066287497,0.74,0.694,-31.93,0.7403336,0.6944399,-31.93,23.3613,0.0,1.82,1.423,0.297,0.628,38.0
2670,2670,38_7,38_79,556.9712,28.63937,19.541,0.0558,188.2691,14.0,16.0,1574.0,2975.0,1573.7152,2974.8009,1573.7152,2974.8009,142.1184319034434,27.145396620057923,1.264,0.827,57.36,0.07911,0.04932,57.85,1573.7152,2974.8009,142.1184319034434,27.145396620057923,0.88127536855,0.99881251809,0.88127536855,0.99881251809,1.05,0.882,55.62,1.049904,0.8819242,55.62,23.3742,0.0,4.23,1.528,0.346,0.163,38.0
2671,2671,38_8,38_78,112705.1,155.3378,13.7757,0.0015,188.1273,131.0,138.0,1813.0,2969.0,1812.6165,2968.8456,1812.6165,2968.8456,142.04288899367012,27.146139771265904,1.639,1.434,71.78,0.00314,0.00276,69.48,1812.6165,2968.8456,142.04288899367012,27.146139771265904,0.50442199259,0.5678792642,0.50442199259,0.5678792642,0.758,0.705,72.32,0.758323,0.7051578,72.32,23.3946,0.0,2.36,1.143,0.125,0.983,38.0
2672,2672,38_9,38_77,213.4493,17.34089,20.5823,0.0882,186.8754,6.0,6.0,1633.0,2975.0,1632.5308,2974.9752,1632.5308,2974.9752,142.09984104107346,27.145121589143383,0.77,0.499,88.59,0.08995,0.05541,90.0,1632.5308,2974.9752,142.09984104107346,27.145121589143383,0.39909313575,0.46371389829,0.39909313575,0.46371389829,0.69,0.622,67.86,0.6903139,0.6215093,67.86,23.3162,0.0,2.18,1.544,0.352,0.58,38.0
2673,2673,38_10,38_76,69332.03,127.4636,14.3032,0.002,187.8578,109.0,117.0,1731.0,2946.0,1731.1661,2945.829,1731.1661,2945.829,142.0685352161989,27.152935525323624,1.609,1.414,71.8,0.00417,0.0037,70.35,1731.1661,2945.829,142.0685352161989,27.152935525323624,0.50315666313,0.57640598616,0.50315666313,0.57640598616,0.765,0.703,72.1,0.7648107,0.7032974,72.1,23.3804,0.0,2.31,1.138,0.121,0.985,38.0
2674,2674,38_11,38_75,36112.44,105.4301,15.0114,0.0032,187.8179,103.0,114.0,1543.0,2936.0,1544.0036,2936.24,1544.0036,2936.24,142.1276608865614,27.15635615880736,2.318,1.455,32.65,0.00951,0.00582,31.65,1544.0036,2936.24,142.1276608865614,27.15635615880736,0.5873709579,0.67269569285,0.5873709579,0.67269569285,0.827,0.759,71.45,0.8267503,0.7593092,71.45,23.3307,0.0,3.97,1.593,0.372,0.979,38.0
2675,2675,38_12,38_74,16836.53,76.04269,15.8399,0.0049,188.4015,64.0,71.0,1723.0,2931.0,1722.6584,2931.3343,1722.6584,2931.3343,142.07116143090056,27.157045838158226,1.511,1.345,74.71,0.00966,0.00863,83.21,1722.6584,2931.3343,142.07116143090056,27.157045838158226,0.502695042,0.55272968759,0.502695042,0.55272968759,0.75,0.702,68.24,0.7498046,0.7022946,68.24,23.4206,0.0,2.26,1.123,0.11,0.983,38.0
2676,2676,38_13,38_73,32358.49,95.72472,15.1306,0.0032,188.1809,83.0,92.0,1932.0,2914.0,1932.5486,2914.4211,1932.5486,2914.4211,142.00473207489117,27.160965695249715,1.612,1.373,72.21,0.00678,0.00585,72.78,1932.5486,2914.4211,142.00473207489117,27.160965695249715,0.50330006589,0.56725654939,0.50330006589,0.56725654939,0.76,0.702,69.41,0.76011,0.7019897,69.41,23.3981,0.0,2.43,1.174,0.148,1.0,38.0
2677,2677,38_14,38_72,2322.772,44.14855,17.9906,0.0206,187.7653,35.0,36.0,1679.0,2916.0,1678.7749,2915.9531,1678.7749,2915.9531,142.0849678045953,27.161543578755754,1.483,1.212,75.62,0.03604,0.02916,73.9,1678.7749,2915.9531,142.0849678045953,27.161543578755754,0.69917762159,0.88157097885,0.69917762159,0.88157097885,0.942,0.833,80.44,0.9417501,0.8329798,80.44,23.3693,0.0,2.79,1.223,0.182,0.551,38.0
2678,2678,38_15,38_71,1118.908,32.86358,18.7836,0.0319,187.9758,18.0,21.0,1864.0,2915.0,1863.9579,2915.0049,1863.9579,2915.0049,142.0264191129352,27.1610782752793,1.102,1.051,84.52,0.03921,0.03901,84.64,1863.9579,2915.0049,142.0264191129352,27.1610782752793,0.49816732891,0.57555641871,0.49816732891,0.57555641871,0.761,0.703,78.39,0.7609001,0.703388,78.39,23.3977,0.0,2.13,1.048,0.046,0.949,38.0
2679,2679,38_16,38_70,2259.953,40.77594,18.0203,0.0196,187.7036,27.0,30.0,1706.0,2910.0,1705.806,2909.965,1705.806,2909.965,142.07639598334993,27.16312239322739,1.271,1.127,79.69,0.03013,0.02629,82.07,1705.806,2909.965,142.07639598334993,27.16312239322739,0.50310940995,0.57639072374,0.50310940995,0.57639072374,0.765,0.704,72.48,0.7645244,0.7035642,72.48,23.3726,0.0,2.33,1.127,0.113,0.972,38.0
2680,2680,38_17,38_69,1277.753,37.50641,18.6395,0.0319,188.2245,23.0,27.0,1634.0,2910.0,1634.364,2909.9758,1634.364,2909.9758,142.09898238423176,27.1633970833274,1.31,1.178,-15.87,0.04832,0.04013,-12.55,1634.364,2909.9758,142.09898238423176,27.1633970833274,0.9023053556,0.93906964339,0.9023053556,0.93906964339,0.973,0.946,-68.2,0.9726607,0.9462063,-68.2,23.3867,0.0,3.04,1.112,0.101,0.092,38.0
2681,2681,38_18,38_68,2738.088,42.56789,17.812,0.0169,187.9876,28.0,32.0,1867.0,2908.0,1866.8187,2908.2563,1866.8187,2908.2563,142.02548446163016,27.16296494960518,1.278,1.152,70.53,0.02584,0.02367,54.21,1866.8187,2908.2563,142.02548446163016,27.16296494960518,0.49221045903,0.55439861891,0.49221045903,0.55439861891,0.747,0.699,75.95,0.7473651,0.698609,75.95,23.3984,0.0,2.2,1.109,0.098,0.97,38.0
2682,2682,38_19,38_67,1614.366,36.50215,18.3856,0.0246,187.9687,23.0,25.0,1785.0,2894.0,1784.8546,2894.3152,1784.8546,2894.3152,142.05133572021197,27.167213055012976,1.18,1.084,86.94,0.03467,0.03039,-80.97,1784.8546,2894.3152,142.05133572021197,27.167213055012976,0.47606327535,0.53036565572,0.47606327535,0.53036565572,0.733,0.684,70.72,0.7334426,0.6844639,70.72,23.3973,0.0,1.98,1.088,0.081,0.952,38.0
2683,2683,38_20,38_66,873.5449,31.30258,19.0524,0.0389,187.606,16.0,19.0,1655.0,2895.0,1655.3472,2894.7291,1655.3472,2894.7291,142.09228271128097,27.167604333876707,1.089,1.005,84.41,0.04912,0.04516,-85.16,1655.3472,2894.7291,142.09228271128097,27.167604333876707,0.49975208433,0.55595371845,0.49975208433,0.55595371845,0.751,0.701,70.39,0.7510795,0.7011315,70.39,23.351,0.0,2.78,1.083,0.077,0.94,38.0
2684,2684,38_21,38_65,1289.87,34.77168,18.6292,0.0293,188.7495,20.0,22.0,1583.0,2892.0,1583.0735,2891.8882,1583.0735,2891.8882,142.11512076105953,27.168682014821343,1.137,1.046,64.91,0.03753,0.034,49.92,1583.0735,2891.8882,142.11512076105953,27.168682014821343,0.46335569906,0.55554170357,0.46335569906,0.55554170357,0.745,0.681,-88.7,0.7453784,0.6806676,-88.7,23.4043,0.0,2.16,1.087,0.08,0.98,38.0
2685,2685,38_22,38_64,157.252,16.02126,20.9141,0.1106,189.0365,5.0,5.0,1549.0,2887.0,1548.5736,2886.8272,1548.5736,2886.8272,142.12600693373096,27.17023735124764,0.74,0.443,68.29,0.10734,0.0623,71.42,1548.5736,2886.8272,142.12600693373096,27.17023735124764,0.40922459851,0.42628116784,0.40922459851,0.42628116784,0.723,0.56,47.35,0.7225083,0.5598995,47.35,23.4116,0.0,2.33,1.669,0.401,0.55,38.0
2686,2686,38_23,38_63,1540.856,35.72123,18.4362,0.0252,187.9117,18.0,24.0,1841.0,2885.0,1840.5176,2884.9641,1840.5176,2884.9641,142.03369558150575,27.16962166672274,1.171,1.053,46.24,0.03484,0.03052,27.59,1840.5176,2884.9641,142.03369558150575,27.16962166672274,0.48999290747,0.51680959441,0.48999290747,0.51680959441,0.737,0.681,54.99,0.7366317,0.6813048,54.99,23.3958,0.0,2.09,1.111,0.1,0.972,38.0
2687,2687,38_24,38_62,3932.966,58.74641,17.4188,0.0162,188.6566,56.0,62.0,1587.0,2880.0,1587.1308,2879.863,1587.1308,2879.863,142.11378665932742,27.172048843329307,2.053,1.434,-13.16,0.03914,0.02595,-12.64,1587.1308,2879.863,142.11378665932742,27.172048843329307,1.406603351,1.0892519647,1.406603351,1.0892519647,1.192,1.037,-11.8,1.192096,1.036708,-11.8,23.3993,0.0,3.45,1.431,0.301,0.033,38.0
2688,2688,38_25,38_61,3989.162,48.53525,17.4034,0.0132,187.9551,34.0,40.0,1857.0,2870.0,1856.8263,2870.5763,1856.8263,2870.5763,142.02847489683137,27.173603186782863,1.35,1.22,77.5,0.02197,0.02004,84.14,1856.8263,2870.5763,142.02847489683137,27.173603186782863,0.49225891748,0.53501152437,0.49225891748,0.53501152437,0.736,0.696,69.18,0.736367,0.6964439,69.18,23.3995,0.0,2.19,1.106,0.096,0.987,38.0
2689,2689,38_26,38_60,239.616,20.75263,20.4568,0.0941,187.8908,8.0,9.0,1690.0,2869.0,1690.1394,2869.3428,1690.1394,2869.3428,142.0811723713407,27.174609459428645,0.899,0.69,-66.93,0.09909,0.07168,-69.54,1690.1394,2869.3428,142.0811723713407,27.174609459428645,0.83540597579,0.73895173721,0.83540597579,0.73895173721,0.941,0.83,-30.3,0.9409826,0.8300057,-30.3,23.3784,0.0,3.21,1.303,0.233,0.028,38.0
2690,2690,38_27,38_59,3722.462,46.27168,17.4785,0.0135,188.0496,29.0,36.0,1893.0,2862.0,1893.1658,2861.864,1893.1658,2861.864,142.01694592210382,27.17590752537048,1.34,1.145,72.61,0.02217,0.01846,70.96,1893.1658,2861.864,142.01694592210382,27.17590752537048,0.47962258418,0.54516050816,0.47962258418,0.54516050816,0.745,0.686,70.54,0.7446513,0.6857678,70.54,23.4021,0.0,2.18,1.17,0.145,0.981,38.0
2691,2691,38_28,38_58,847.4301,32.89321,19.0853,0.0422,187.9763,19.0,22.0,1760.0,2857.0,1759.6468,2856.8286,1759.6468,2856.8286,142.05914037009424,27.177856585541736,1.303,1.035,44.27,0.06088,0.0488,40.61,1759.6468,2856.8286,142.05914037009424,27.177856585541736,0.84597270285,0.86777466598,0.84597270285,0.86777466598,0.987,0.86,47.67,0.9868263,0.8601867,47.67,23.3972,0.0,3.31,1.259,0.206,0.128,38.0
2692,2692,38_29,38_57,154.987,15.63623,20.9298,0.1096,187.4305,5.0,5.0,1673.0,2853.0,1673.2161,2853.4152,1673.2161,2853.4152,142.08645408469332,27.179155385668174,0.728,0.452,20.05,0.10844,0.06294,18.56,1673.2161,2853.4152,142.08645408469332,27.179155385668174,0.33954376089,0.34873709175,0.33954376089,0.34873709175,0.63,0.54,47.5,0.6300578,0.5397297,47.5,23.3426,0.0,2.06,1.61,0.379,0.446,38.0
2694,2694,38_31,38_55,172.7513,16.94677,20.812,0.1065,188.575,5.0,6.0,1944.0,2821.0,1943.9634,2821.4828,1943.9634,2821.4828,142.0007008642489,27.1870595979923,0.765,0.499,3.01,0.1024,0.06298,0.27,1943.9634,2821.4828,142.0007008642489,27.1870595979923,0.40061390849,0.41704914359,0.40061390849,0.41704914359,0.68,0.596,49.4,0.6801356,0.5958847,49.4,23.4281,0.0,1.92,1.533,0.348,0.513,38.0
2695,2695,38_32,38_54,3317.476,45.83718,17.6036,0.015,188.1687,31.0,36.0,1723.0,2809.0,1722.6027,2808.7553,1722.6027,2808.7553,142.07064270466324,27.191523983131937,1.312,1.172,73.27,0.02428,0.02054,73.12,1722.6027,2808.7553,142.07064270466324,27.191523983131937,0.49088079064,0.51890382724,0.49088079064,0.51890382724,0.727,0.694,63.55,0.7267221,0.6940171,63.55,23.4056,0.0,2.21,1.119,0.107,1.0,38.0
2696,2696,38_33,38_53,874.253,37.27119,19.0515,0.0463,187.8539,24.0,28.0,1620.0,2810.0,1619.4587,2809.6642,1619.4587,2809.6642,142.10326359468374,27.191669618146,2.049,0.91,-5.84,0.10523,0.0454,-6.27,1619.4587,2809.6642,142.10326359468374,27.191669618146,2.4799741155,1.1129842093,2.4799741155,1.1129842093,1.576,1.053,-3.44,1.576363,1.052633,-3.44,23.3598,0.0,8.17,2.252,0.556,0.0,38.0
2697,2697,38_34,38_52,22056.52,84.44512,15.5467,0.0042,188.211,71.0,77.0,1518.0,2804.0,1517.7049,2803.8450000000003,1517.7049,2803.8450000000003,142.13541633409594,27.19369551979096,1.547,1.356,73.67,0.00829,0.00718,79.06,1517.7049,2803.8450000000003,142.13541633409594,27.19369551979096,0.50178502339,0.57384795993,0.50178502339,0.57384795993,0.763,0.703,72.29,0.7629071,0.7025709,72.29,23.3544,0.0,2.45,1.141,0.124,0.986,38.0
2698,2698,38_35,38_51,36592.1,99.60738,14.9971,0.003,188.6376,84.0,92.0,1992.0,2791.0,1992.5455,2791.0141,1992.5455,2791.0141,141.98519867920228,27.195430915971563,1.569,1.377,73.6,0.00607,0.00529,78.29,1992.5455,2791.0141,141.98519867920228,27.195430915971563,0.51096490078,0.57458865589,0.51096490078,0.57458865589,0.763,0.709,71.76,0.7631152,0.7093721,71.76,23.4145,0.0,2.45,1.14,0.123,0.985,38.0
2699,2699,38_36,38_50,206.2719,17.29466,20.6195,0.0911,188.2658,6.0,6.0,1634.0,2792.0,1633.513,2791.9306,1633.513,2791.9306,142.0987426793568,27.19660333689217,0.768,0.5,88.48,0.08738,0.05362,-90.0,1633.513,2791.9306,142.0987426793568,27.19660333689217,0.3483913331,0.33085611221,0.3483913331,0.33085611221,0.591,0.574,13.32,0.5911287,0.5742946,13.32,23.3903,0.0,1.9,1.538,0.35,0.573,38.0
2701,2701,38_38,38_48,24842.66,86.81319,15.4176,0.0038,188.5141,74.0,80.0,1646.0,2779.0,1645.8042,2778.8508,1645.8042,2778.8508,142.09479907597702,27.200234760207294,1.549,1.351,73.65,0.00773,0.00657,74.73,1645.8042,2778.8508,142.09479907597702,27.200234760207294,0.50342156382,0.57799566282,0.50342156382,0.57799566282,0.765,0.705,73.94,0.7646815,0.7047548,73.94,23.4106,0.0,2.37,1.146,0.128,0.983,38.0
2703,2703,38_40,38_46,172.3414,15.61413,20.8146,0.0984,188.527,4.0,5.0,1979.0,2777.0,1978.639,2777.2079,1978.639,2777.2079,141.9895330706945,27.199371073408344,0.721,0.456,-74.45,0.0985,0.05749,-71.73,1978.639,2777.2079,141.9895330706945,27.199371073408344,0.30505105824,0.4271841606,0.30505105824,0.4271841606,0.661,0.543,74.56,0.6612608,0.5431108,74.56,23.416,0.0,2.19,1.581,0.367,0.53,38.0
2704,2704,38_41,38_45,624.1313,29.72816,19.4174,0.0517,187.7797,15.0,18.0,1749.0,2758.0,1748.3351,2757.8819,1748.3351,2757.8819,142.06228114082916,27.20573199120064,1.209,0.962,51.21,0.0697,0.05632,57.61,1748.3351,2757.8819,142.06228114082916,27.20573199120064,1.0278171329,0.94161925123,1.0278171329,0.94161925123,1.069,0.91,37.04,1.068548,0.9097481,37.04,23.3814,0.0,3.78,1.257,0.204,0.007,38.0
2705,2705,38_42,38_44,454.3462,24.39463,19.7621,0.0583,187.7328,10.0,12.0,1761.0,2756.0,1760.9873,2756.4673,1760.9873,2756.4673,142.0582734240864,27.20607994888752,0.957,0.763,85.27,0.06825,0.05023,89.66,1760.9873,2756.4673,142.0582734240864,27.20607994888752,0.35486227364,0.37537677275,0.35486227364,0.37537677275,0.619,0.589,61.88,0.6193357,0.5887805,61.88,23.3778,0.0,1.82,1.255,0.203,0.824,38.0
2706,2706,38_43,38_43,11418.64,68.28604,16.2615,0.0065,188.0823,50.0,64.0,1638.0,2746.0,1638.0265,2746.518,1638.0265,2746.518,142.09711890166415,27.20935923353644,1.442,1.279,72.52,0.0118,0.01026,72.59,1638.0265,2746.518,142.09711890166415,27.20935923353644,0.47616266037,0.53718468692,0.47616266037,0.53718468692,0.737,0.685,72.86,0.7372929,0.6853806,72.86,23.3839,0.0,2.09,1.128,0.113,0.983,38.0
2707,2707,38_44,38_41,194.8046,17.60182,20.6816,0.0981,188.1121,6.0,6.0,1533.0,2744.0,1533.0229,2744.4788,1533.0229,2744.4788,142.1303203825931,27.210335635940183,0.785,0.5,0.12,0.09677,0.05947,-0.05,1533.0229,2744.4788,142.1303203825931,27.210335635940183,0.82635479505,0.54950185898,0.82635479505,0.54950185898,0.91,0.741,3.64,0.9096603,0.7405233,3.64,23.341,0.0,3.21,1.572,0.364,0.116,38.0
2708,2708,38_45,38_40,1537.663,44.59852,18.4384,0.0315,187.7872,37.0,40.0,1715.0,2740.0,1715.194,2740.0973,1715.194,2740.0973,142.0726845196052,27.210864579620026,2.116,1.14,40.38,0.07383,0.0392,39.76,1715.194,2740.0973,142.0726845196052,27.210864579620026,1.9286498863,1.779497107,1.9286498863,1.779497107,1.569,1.116,41.48,1.569406,1.115846,41.48,23.3807,0.0,5.54,1.856,0.461,0.01,38.0
2709,2709,38_46,38_39,773.6494,32.78597,19.1842,0.046,188.2214,18.0,21.0,1578.0,2741.0,1578.0604,2740.8367,1578.0604,2740.8367,142.11606041926566,27.211188167153427,1.274,1.054,50.96,0.06171,0.05175,50.92,1578.0604,2740.8367,142.11606041926566,27.211188167153427,0.96219609439,1.0077453082,0.96219609439,1.0077453082,1.047,0.935,50.9,1.04709,0.9346355,50.9,23.3713,0.0,3.63,1.208,0.172,0.008,38.0
2710,2710,38_47,38_38,557.4903,26.44261,19.54,0.0515,187.5034,10.0,14.0,1707.0,2736.0,1706.7733,2735.5302,1706.7733,2735.5302,142.0753278049506,27.21218216955908,0.928,0.899,82.75,0.05526,0.05411,86.99,1706.7733,2735.5302,142.0753278049506,27.21218216955908,0.41176068782,0.43273192643,0.41176068782,0.43273192643,0.66,0.64,72.53,0.6595742,0.6398863,72.53,23.3612,0.0,1.89,1.032,0.031,0.89,38.0
2711,2711,38_48,38_37,5100.492,50.38428,17.1365,0.0107,187.9887,35.0,40.0,1856.0,2728.0,1856.3587,2727.8983,1856.3587,2727.8983,142.02798217298644,27.213735778252044,1.361,1.199,70.79,0.01765,0.01565,72.81,1856.3587,2727.8983,142.02798217298644,27.213735778252044,0.48542691144,0.55449886043,0.48542691144,0.55449886043,0.748,0.693,74.67,0.7484086,0.6926835,74.67,23.4022,0.0,2.29,1.135,0.119,0.986,38.0
2712,2712,38_49,38_36,193.1317,18.51388,20.6909,0.1041,187.7614,7.0,7.0,1613.0,2726.0,1613.3157,2726.0802,1613.3157,2726.0802,142.10484623769975,27.21520329784189,0.748,0.665,84.23,0.09334,0.08581,88.03,1613.3157,2726.0802,142.10484623769975,27.21520329784189,0.79540210599,0.85019669573,0.79540210599,0.85019669573,0.923,0.891,-79.92,0.9230301,0.8908504,-79.92,23.3562,0.0,4.17,1.124,0.11,0.002,38.0
2713,2713,38_50,38_35,2168.134,39.01229,18.0654,0.0195,187.5218,25.0,28.0,1998.0,2721.0,1997.9375,2721.2984,1997.9375,2721.2984,141.98317248246823,27.21501728198164,1.286,1.074,71.94,0.03077,0.02416,69.87,1997.9375,2721.2984,141.98317248246823,27.21501728198164,0.49382742756,0.57438420773,0.49382742756,0.57438420773,0.764,0.696,72.52,0.7637069,0.6963931,72.52,23.3647,0.0,2.11,1.198,0.165,0.972,38.0
2714,2714,38_51,38_34,719.0751,30.47433,19.2636,0.046,188.7525,18.0,19.0,1879.0,2719.0,1879.3725,2718.7517,1879.3725,2718.7517,142.0206618808676,27.21621588077416,1.144,1.051,80.5,0.05686,0.05229,-85.19,1879.3725,2718.7517,142.0206618808676,27.21621588077416,0.81132874645,0.85508363174,0.81132874645,0.85508363174,0.935,0.89,61.0,0.9351476,0.8898939,61.0,23.4539,0.0,2.89,1.089,0.081,0.036,38.0
2715,2715,38_52,38_33,1691.391,44.0277,18.335,0.0283,188.4609,32.0,37.0,1595.0,2715.0,1594.9122,2714.7036,1594.9122,2714.7036,142.1106182177201,27.218474075210697,1.547,1.312,40.94,0.04871,0.04133,43.01,1594.9122,2714.7036,142.1106182177201,27.218474075210697,1.0978523003,1.0609199442,1.0978523003,1.0609199442,1.085,0.991,39.53,1.084766,0.9909872,39.53,23.3945,0.0,3.71,1.179,0.152,0.014,38.0
2716,2716,38_53,38_32,1235.547,40.43392,18.6759,0.0355,187.4457,29.0,33.0,1722.0,2714.0,1721.5815,2714.2434,1721.5815,2714.2434,142.07055063545678,27.2181114858506,1.582,1.267,-4.84,0.06341,0.04958,-1.8,1721.5815,2714.2434,142.07055063545678,27.2181114858506,1.47290061,1.2308491548,1.47290061,1.2308491548,1.216,1.107,-8.97,1.216177,1.106645,-8.97,23.3591,0.0,4.35,1.248,0.199,0.011,38.0
2717,2717,38_54,38_31,3651.759,47.42579,17.4993,0.0141,187.9394,33.0,38.0,1661.0,2714.0,1661.1333,2714.0003,1661.1333,2714.0003,142.08966937793895,27.21841597156224,1.346,1.193,76.67,0.02295,0.02059,77.99,1661.1333,2714.0003,142.08966937793895,27.21841597156224,0.48595611699,0.56071419428,0.48595611699,0.56071419428,0.753,0.693,74.83,0.7527561,0.692841,74.83,23.3801,0.0,2.11,1.128,0.114,0.979,38.0
2718,2718,38_55,38_30,359.3465,23.72901,20.0168,0.0717,188.0283,10.0,12.0,2013.0,2684.0,2013.2583,2684.2539,2013.2583,2684.2539,141.97815539756112,27.225373539798998,0.963,0.823,77.17,0.08207,0.07132,71.25,2013.2583,2684.2539,141.97815539756112,27.225373539798998,0.55701496814,0.72390987806,0.55701496814,0.72390987806,0.852,0.745,85.06,0.8515675,0.7454916,85.06,23.4067,16.0,2.68,1.17,0.145,0.674,38.0
2719,2719,38_56,38_29,155.466,18.71365,20.9265,0.1307,189.0216,4.0,7.0,1549.0,2679.0,1548.9914,2679.6907,1548.9914,2679.6907,142.1249936656416,27.22849812436191,0.734,0.678,-3.73,0.09369,0.08677,-0.13,1548.9914,2679.6907,142.1249936656416,27.22849812436191,0.90841149532,0.95238201997,0.90841149532,0.95238201997,0.978,0.951,74.32,0.9778259,0.9511309,74.32,23.4125,0.0,2.19,1.083,0.076,0.381,38.0
2720,2720,38_57,38_28,907.252,35.42441,19.0113,0.0424,188.966,20.0,24.0,1563.0,2669.0,1563.0905,2669.022,1563.0905,2669.022,142.1204880709674,27.231445125175853,1.283,1.122,35.95,0.05781,0.0477,31.12,1563.0905,2669.022,142.1204880709674,27.231445125175853,0.91528829576,0.96801321701,0.91528829576,0.96801321701,0.993,0.947,63.36,0.9928484,0.9473931,63.36,23.4147,0.0,3.21,1.144,0.126,0.029,38.0
2721,2721,38_58,38_27,6081.479,54.45005,16.9455,0.0097,187.9751,44.0,47.0,2006.0,2665.0,2006.1966,2665.3977,2006.1966,2665.3977,141.98030196025567,27.230706168719557,1.424,1.226,75.03,0.01791,0.01498,79.96,2006.1966,2665.3977,141.98030196025567,27.230706168719557,0.48205487809,0.54759381107,0.48205487809,0.54759381107,0.746,0.688,70.64,0.7462046,0.6876245,70.64,23.4051,0.0,2.12,1.161,0.139,0.974,38.0
2722,2722,38_59,38_26,140.7535,17.37097,21.0344,0.134,188.7633,5.0,6.0,1550.0,2668.0,1550.1669,2668.1559,1550.1669,2668.1559,142.12457257939226,27.231738092713726,0.769,0.569,46.46,0.10934,0.08078,45.11,1550.1669,2668.1559,142.12457257939226,27.231738092713726,1.0980784307,1.0390243444,1.0980784307,1.0390243444,1.103,0.96,39.23,1.102797,0.9596571,39.23,23.3966,0.0,3.91,1.35,0.259,0.184,38.0
2723,2723,38_60,38_25,287.5227,20.92643,20.2589,0.079,188.01,8.0,9.0,1749.0,2664.0,1749.3845,2663.9294,1749.3845,2663.9294,142.0615340610373,27.23215394682106,0.868,0.687,24.65,0.08599,0.06224,20.69,1749.3845,2663.9294,142.0615340610373,27.23215394682106,0.52310105103,0.51849758102,0.52310105103,0.51849758102,0.751,0.691,43.46,0.7508032,0.6912982,43.46,23.3926,0.0,2.63,1.263,0.208,0.604,38.0
2724,2724,38_61,38_24,675.5128,30.02381,19.3315,0.0483,188.2847,16.0,17.0,1551.0,2650.0,1550.6035,2650.1183,1550.6035,2650.1183,142.12435742785544,27.23680995373772,1.132,0.927,70.97,0.06224,0.04878,74.53,1550.6035,2650.1183,142.12435742785544,27.23680995373772,0.65974507614,0.74684578449,0.65974507614,0.74684578449,0.879,0.797,64.68,0.8786181,0.7966311,64.68,23.3642,0.0,2.97,1.221,0.181,0.048,38.0
2725,2725,38_62,38_23,371.1779,23.16002,19.9816,0.0678,187.9598,10.0,11.0,1793.0,2650.0,1793.3664,2649.8655,1793.3664,2649.8655,142.04755816791325,27.23593555277332,0.969,0.739,-14.82,0.08248,0.05865,-15.11,1793.3664,2649.8655,142.04755816791325,27.23593555277332,0.6066716013,0.59453861428,0.6066716013,0.59453861428,0.782,0.768,-26.62,0.7815002,0.7684189,-26.62,23.3885,0.0,3.07,1.311,0.237,0.551,38.0
2726,2726,38_63,38_22,361.1191,24.92452,20.0114,0.075,187.9233,9.0,13.0,1683.0,2638.0,1683.2611,2638.367,1683.2611,2638.367,142.08233965762938,27.23960337118293,1.027,0.865,46.21,0.08297,0.07056,43.88,1683.2611,2638.367,142.08233965762938,27.23960337118293,0.89852072669,0.97817108177,0.89852072669,0.97817108177,1.006,0.93,61.41,1.005886,0.9299919,61.41,23.3847,0.0,3.81,1.187,0.158,0.116,38.0
2727,2727,38_64,38_21,355.3892,24.54988,20.0288,0.075,188.9204,12.0,13.0,1958.0,2638.0,1958.4003,2637.6519,1958.4003,2637.6519,141.99529412722737,27.23870598145912,1.012,0.863,-50.94,0.08524,0.07269,-45.52,1958.4003,2637.6519,141.99529412722737,27.23870598145912,0.75518045809,0.91223047909,0.75518045809,0.91223047909,0.97,0.853,-68.79,0.9695711,0.8528439,-68.79,23.4669,0.0,3.37,1.172,0.147,0.007,38.0
2728,2728,38_65,38_20,910.0132,30.61807,19.008,0.0365,188.2724,14.0,17.0,1557.0,2630.0,1556.6356,2630.022,1556.6356,2630.022,142.12236319891298,27.242439510754902,1.075,0.9,74.43,0.04487,0.0353,75.24,1556.6356,2630.022,142.12236319891298,27.242439510754902,0.40331059833,0.47227231955,0.40331059833,0.47227231955,0.691,0.631,74.72,0.6912564,0.6306723,74.72,23.3647,0.0,2.2,1.194,0.163,0.966,38.0
2730,2730,38_67,38_18,220.286,18.48978,20.5481,0.0912,188.1714,5.0,7.0,1649.0,2627.0,1648.7121,2627.0251,1648.7121,2627.0251,142.0932202301113,27.242927974796125,0.735,0.651,-84.9,0.07636,0.07043,-89.36,1648.7121,2627.0251,142.0932202301113,27.242927974796125,0.31078514137,0.41502889463,0.31078514137,0.41502889463,0.65,0.551,-75.33,0.650152,0.5505601,-75.33,23.394,0.0,2.07,1.128,0.114,0.604,38.0
2732,2732,38_69,38_16,1721.38,37.45817,18.3159,0.0236,188.282,22.0,26.0,1681.0,2624.0,1681.197,2624.0339,1681.197,2624.0339,142.08292994018035,27.24364292839149,1.223,1.075,-89.02,0.03422,0.02932,-82.42,1681.197,2624.0339,142.08292994018035,27.24364292839149,0.47210878929,0.53389844351,0.47210878929,0.53389844351,0.732,0.685,78.64,0.732459,0.6852088,78.64,23.4089,0.0,2.17,1.138,0.121,0.976,38.0
2733,2733,38_70,38_15,429.0833,23.02887,19.8242,0.0583,188.1709,11.0,11.0,1973.0,2624.0,1972.8807,2623.863,1972.8807,2623.863,141.99064974355628,27.242525113919616,0.854,0.844,67.14,0.06076,0.05893,-44.81,1972.8807,2623.863,141.99064974355628,27.242525113919616,0.48272298071,0.51593673696,0.48272298071,0.51593673696,0.737,0.675,56.02,0.7372811,0.6745934,56.02,23.4119,0.0,2.34,1.012,0.012,0.815,38.0
2734,2734,38_71,38_14,293.3876,20.92929,20.237,0.0775,188.0565,8.0,9.0,1666.0,2623.0,1666.0764,2622.9788,1666.0764,2622.9788,142.08770905106488,27.24399861517368,0.775,0.761,71.5,0.06964,0.06944,-14.12,1666.0764,2622.9788,142.08770905106488,27.24399861517368,0.46343010973,0.53207992284,0.46343010973,0.53207992284,0.731,0.679,79.69,0.7310453,0.6790308,79.69,23.3914,0.0,2.01,1.017,0.017,0.575,38.0
2736,2736,38_73,38_12,1596.266,36.57784,18.3978,0.0249,187.8022,21.0,25.0,1877.0,2591.0,1877.3268,2591.1896,1877.3268,2591.1896,142.0207317058682,27.252103184755825,1.212,1.05,67.35,0.03598,0.03054,59.62,1877.3268,2591.1896,142.0207317058682,27.252103184755825,0.48036969726,0.52542358671,0.48036969726,0.52542358671,0.732,0.686,67.11,0.7315746,0.685997,67.11,23.3779,0.0,2.25,1.155,0.134,0.977,38.0
2737,2737,38_74,38_11,8916.429,61.37038,16.5301,0.0075,188.7626,47.0,54.0,1897.0,2578.0,1897.2457,2577.944,1897.2457,2577.944,142.0143692733015,27.255748309129203,1.44,1.288,67.96,0.01344,0.01228,55.57,1897.2457,2577.944,142.0143692733015,27.255748309129203,0.50190172079,0.57044425551,0.50190172079,0.57044425551,0.759,0.704,74.15,0.759248,0.7041935,74.15,23.4408,0.0,2.31,1.118,0.105,0.982,38.0
2738,2738,38_75,38_10,1863.521,38.32375,18.2297,0.0223,188.1322,25.0,27.0,1725.0,2576.0,1725.1236,2576.1737,1725.1236,2576.1737,142.06882165864164,27.25693261942679,1.213,1.091,-86.06,0.03355,0.0276,-78.13,1725.1236,2576.1737,142.06882165864164,27.25693261942679,0.49869899653,0.52762455403,0.49869899653,0.52762455403,0.731,0.701,66.63,0.7309361,0.701467,66.63,23.4006,0.0,2.02,1.112,0.101,0.972,38.0
2739,2739,38_76,38_9,26161.33,105.7328,15.3614,0.0044,188.7079,156.0,162.0,1916.0,2566.0,1915.7114,2566.7315,1915.7114,2566.7315,142.0084755155994,27.258827209771862,2.868,1.738,-67.59,0.01654,0.00998,-66.31,1915.7114,2566.7315,142.0084755155994,27.258827209771862,1.1889416223,1.6720003957,1.1889416223,1.6720003957,1.321,1.056,-70.06,1.321061,1.056285,-70.06,23.4353,0.0,3.65,1.65,0.394,0.029,38.0
2740,2740,38_77,38_8,423.2282,28.7448,19.8391,0.0738,188.0725,14.0,17.0,1616.0,2565.0,1616.4662,2564.654,1616.4662,2564.654,142.10315183608046,27.26059608820969,1.488,0.804,-59.3,0.11994,0.06478,-58.73,1616.4662,2564.654,142.10315183608046,27.26059608820969,1.2161660771,1.7767135226,1.2161660771,1.7767135226,1.396,1.021,-64.09,1.396347,1.021321,-64.09,23.3792,0.0,6.53,1.851,0.46,0.0,38.0
2741,2741,38_78,38_7,158.1096,17.17334,20.9082,0.118,188.5091,5.0,6.0,1599.0,2563.0,1599.4685,2562.9635,1599.4685,2562.9635,142.1085229052329,27.261137101336377,0.787,0.499,89.27,0.10837,0.06659,89.81,1599.4685,2562.9635,142.1085229052329,27.261137101336377,0.62530027002,0.89421849929,0.62530027002,0.89421849929,0.946,0.79,86.1,0.9462943,0.7899657,86.1,23.404,0.0,3.69,1.576,0.366,0.488,38.0
2743,2743,38_80,38_5,789.4605,32.92174,19.1622,0.0453,187.5366,19.0,22.0,1694.0,2549.0,1694.0634,2548.8807,1694.0634,2548.8807,142.07852946153548,27.26473115605678,1.435,0.957,69.02,0.07503,0.0505,67.62,1694.0634,2548.8807,142.07852946153548,27.26473115605678,0.73797400255,1.1610661393,0.73797400255,1.1610661393,1.105,0.824,70.7,1.104637,0.8239033,70.7,23.3592,0.0,4.06,1.499,0.333,0.048,38.0
2744,2744,38_81,38_4,32113.27,95.05247,15.1389,0.0032,188.5749,83.0,91.0,1949.0,2543.0,1949.3188,2543.3648,1949.3188,2543.3648,141.9977345107694,27.26526272852038,1.588,1.384,74.53,0.00678,0.00589,73.31,1949.3188,2543.3648,141.9977345107694,27.26526272852038,0.51300286629,0.58000960334,0.51300286629,0.58000960334,0.766,0.712,73.99,0.7655178,0.7120358,73.99,23.4293,0.0,2.36,1.147,0.128,0.991,38.0
2745,2745,38_82,38_3,477.5981,26.5326,19.7079,0.0603,187.5286,10.0,14.0,1559.0,2544.0,1559.4771,2544.397,1559.4771,2544.397,142.12109732436764,27.26651278812838,1.051,0.818,47.1,0.07345,0.05465,45.56,1559.4771,2544.397,142.12109732436764,27.26651278812838,0.43509441404,0.40733505611,0.43509441404,0.40733505611,0.677,0.62,33.96,0.6768592,0.6199121,33.96,23.3498,0.0,2.23,1.286,0.222,0.784,38.0
2746,2746,38_83,38_2,146.7549,16.90423,20.9891,0.1251,188.3007,4.0,6.0,1681.0,2536.0,1681.4799,2536.0549,1681.4799,2536.0549,142.08245501409613,27.268387860530154,0.787,0.499,-88.28,0.11258,0.06901,-89.75,1681.4799,2536.0549,142.08245501409613,27.268387860530154,0.68794168423,0.80343768829,0.68794168423,0.80343768829,0.897,0.829,-85.44,0.8967586,0.8289773,-85.44,23.4068,0.0,3.7,1.577,0.366,0.542,38.0
2747,2747,39_1,39_5,4185.511,48.94266,17.3512,0.0127,188.1224,33.0,39.0,2267.0,2531.0,2266.9712,2531.0028,2266.9712,2531.0028,141.89716352529248,27.267409441565388,1.311,1.199,73.06,0.02005,0.01831,64.17,2266.9712,2531.0028,141.89716352529248,27.267409441565388,0.48114616976,0.5447205666,0.48114616976,0.5447205666,0.741,0.691,76.64,0.7406211,0.6909031,76.64,23.3789,0.0,2.01,1.093,0.085,0.983,39.0
2748,2748,39_2,39_3,457.8782,25.57005,19.7537,0.0606,188.132,9.0,14.0,2449.0,2523.0,2448.6921,2523.4053,2448.6921,2523.4053,141.8396280478754,27.26875359980285,0.973,0.902,80.72,0.06471,0.06285,86.26,2448.6921,2523.4053,141.8396280478754,27.26875359980285,0.50779200058,0.65979768097,0.50779200058,0.65979768097,0.814,0.711,83.13,0.8136554,0.7110236,83.13,23.4153,0.0,2.29,1.079,0.073,0.822,39.0
2751,2751,39_5,39_61,253.5282,20.60641,20.3955,0.0883,188.404,8.0,9.0,2089.0,2964.0,2088.9921,2963.9546,2088.9921,2963.9546,141.95550439280916,27.146391105591228,0.78,0.756,43.85,0.07765,0.0774,56.94,2088.9921,2963.9546,141.95550439280916,27.146391105591228,0.4827001658,0.48911893602,0.4827001658,0.48911893602,0.723,0.67,47.51,0.7228549,0.6702984,47.51,23.425,0.0,1.92,1.033,0.032,0.399,39.0
2753,2753,39_7,39_59,1269.348,34.06706,18.6466,0.0291,187.7688,17.0,23.0,2277.0,2938.0,2276.8042,2938.2875,2276.8042,2938.2875,141.89601605698792,27.152817054035904,1.169,1.021,77.01,0.04173,0.03421,81.93,2276.8042,2938.2875,141.89601605698792,27.152817054035904,0.48164875643,0.49960325086,0.48164875643,0.49960325086,0.711,0.69,63.87,0.7108403,0.6898972,63.87,23.3925,0.0,1.98,1.145,0.127,0.978,39.0
2754,2754,39_8,39_58,240.3588,19.28091,20.4534,0.0871,187.7344,7.0,8.0,2281.0,2924.0,2280.8429,2923.8412,2280.8429,2923.8412,141.8946701719572,27.15686277465249,0.779,0.684,-47.48,0.08551,0.0683,-45.12,2280.8429,2923.8412,141.8946701719572,27.15686277465249,0.3925129543,0.41241527917,0.3925129543,0.41241527917,0.673,0.594,50.74,0.6726628,0.5936775,50.74,23.3893,0.0,2.38,1.139,0.122,0.627,39.0
2755,2755,39_9,39_57,1213.818,33.69481,18.6952,0.0301,188.7088,18.0,22.0,2478.0,2921.0,2477.594,2921.0561,2477.594,2921.0561,141.8324631559206,27.156788413277887,1.192,0.989,83.41,0.04138,0.03317,85.95,2477.594,2921.0561,141.8324631559206,27.156788413277887,0.44251908752,0.5185441588,0.44251908752,0.5185441588,0.723,0.663,78.13,0.7225341,0.6625766,78.13,23.4321,0.0,2.19,1.205,0.17,0.973,39.0
2756,2756,39_10,39_56,134.3442,15.23506,21.085,0.1232,188.2111,4.0,5.0,2248.0,2906.0,2248.2332,2905.6099,2248.2332,2905.6099,141.90489155937223,27.16212992140837,0.719,0.459,-17.29,0.10872,0.06326,-18.29,2248.2332,2905.6099,141.90489155937223,27.16212992140837,0.52071861481,0.47204107129,0.52071861481,0.47204107129,0.722,0.687,1.45,0.72163,0.6870298,1.45,23.4213,0.0,1.33,1.565,0.361,0.497,39.0
2757,2757,39_11,39_55,1243.083,32.94833,18.6693,0.0288,188.1648,16.0,21.0,2258.0,2887.0,2258.3516,2887.1332,2258.3516,2887.1332,141.90160447163603,27.167283314580217,1.098,1.011,68.47,0.036,0.03392,67.66,2258.3516,2887.1332,141.90160447163603,27.167283314580217,0.42896720192,0.45146732531,0.42896720192,0.45146732531,0.677,0.649,63.56,0.6773934,0.6492862,63.56,23.417,0.0,1.92,1.087,0.08,0.987,39.0
2758,2758,39_12,39_54,242.0469,18.34032,20.4458,0.0823,187.966,5.0,7.0,2158.0,2884.0,2157.6488,2884.1045,2157.6488,2884.1045,141.93342709025487,27.168562349538128,0.728,0.641,-81.13,0.07089,0.06501,-85.04,2157.6488,2884.1045,141.93342709025487,27.168562349538128,0.40451455155,0.42886697964,0.40451455155,0.42886697964,0.661,0.63,-64.21,0.6605158,0.630159,-64.21,23.4064,0.0,2.25,1.135,0.119,0.656,39.0
2759,2759,39_13,39_53,278813.9,231.5337,12.7923,0.0009,188.6809,185.0,201.0,2485.0,2872.0,2484.9804,2872.5424,2484.9804,2872.5424,141.82988794500932,27.17039976426804,1.672,1.473,74.91,0.00187,0.0017,72.66,2484.9804,2872.5424,141.82988794500932,27.17039976426804,0.49336362068,0.57260423774,0.49336362068,0.57260423774,0.761,0.698,75.0,0.7607432,0.6980241,75.0,23.4179,0.0,2.24,1.135,0.119,0.984,39.0
2761,2761,39_15,39_51,1828.596,37.925,18.2503,0.0225,187.6315,24.0,27.0,2264.0,2861.0,2263.9473,2860.8168,2263.9473,2860.8168,141.89970934904886,27.174660931990413,1.237,1.083,72.06,0.03329,0.02849,78.57,2263.9473,2860.8168,141.89970934904886,27.174660931990413,0.46867149752,0.54613641141,0.46867149752,0.54613641141,0.745,0.678,72.56,0.7447303,0.6783691,72.56,23.3795,0.0,2.16,1.142,0.124,0.977,39.0
2762,2762,39_16,39_50,655.2095,30.48399,19.3646,0.0505,188.4934,18.0,19.0,2505.0,2858.0,2505.3641,2857.9647,2505.3641,2857.9647,141.82337158697422,27.174409025933844,1.209,0.979,59.98,0.06755,0.05373,57.71,2505.3641,2857.9647,141.82337158697422,27.174409025933844,0.80879799999,0.93625523421,0.80879799999,0.93625523421,0.982,0.883,66.84,0.9822484,0.8833126,66.84,23.3912,0.0,3.04,1.235,0.191,0.273,39.0
2764,2764,39_18,39_48,269.2157,20.64834,20.3303,0.0833,187.526,7.0,9.0,2160.0,2849.0,2160.1111,2849.0459,2160.1111,2849.0459,141.93248340518136,27.17841246354361,0.797,0.757,50.86,0.07803,0.07707,30.06,2160.1111,2849.0459,141.93248340518136,27.17841246354361,0.67170909524,0.69456998906,0.67170909524,0.69456998906,0.885,0.764,48.28,0.8849146,0.7636788,48.28,23.3761,0.0,4.02,1.053,0.05,0.406,39.0
2765,2765,39_19,39_47,176.7259,16.75693,20.7873,0.103,188.2592,5.0,6.0,2310.0,2848.0,2309.8094,2847.8146,2309.8094,2847.8146,141.8851467884653,27.17812072969761,0.728,0.566,45.86,0.09479,0.07022,45.03,2309.8094,2847.8146,141.8851467884653,27.17812072969761,0.41404153716,0.43583240037,0.41404153716,0.43583240037,0.678,0.624,-54.05,0.6782315,0.6244004,-54.05,23.4217,0.0,2.25,1.287,0.223,0.5,39.0
2766,2766,39_20,39_46,337.1499,22.99425,20.086,0.0741,188.536,11.0,11.0,2511.0,2838.0,2511.332,2838.3947,2511.332,2838.3947,141.8213873658059,27.179886331997302,0.938,0.795,-73.23,0.07929,0.06867,-72.2,2511.332,2838.3947,141.8213873658059,27.179886331997302,0.67437257223,0.79628788205,0.67437257223,0.79628788205,0.897,0.816,-75.62,0.8971396,0.8159662,-75.62,23.3938,0.0,2.83,1.181,0.153,0.344,39.0
2767,2767,39_21,39_45,284.7292,20.7744,20.2695,0.0792,188.702,9.0,9.0,2499.0,2837.0,2499.0172,2837.0045,2499.0172,2837.0045,141.82527376243078,27.180332155676503,0.784,0.781,72.15,0.07098,0.07097,48.03,2499.0172,2837.0045,141.82527376243078,27.180332155676503,0.70719343478,0.71617014811,0.70719343478,0.71617014811,0.848,0.84,-66.03,0.8475733,0.8396326,-66.03,23.4119,0.0,3.04,1.003,0.003,0.007,39.0
2768,2768,39_22,39_44,209.5782,17.99342,20.6022,0.0932,188.0019,5.0,7.0,2391.0,2838.0,2390.6569,2837.4518,2390.6569,2837.4518,141.85953507249582,27.180684196078698,0.919,0.486,7.75,0.11308,0.05246,8.21,2390.6569,2837.4518,141.85953507249582,27.180684196078698,0.56317461643,0.49552661026,0.56317461643,0.49552661026,0.751,0.704,5.03,0.7508012,0.7035615,5.03,23.41,0.0,2.93,1.889,0.471,0.326,39.0
2769,2769,39_23,39_43,25861.85,87.14877,15.3739,0.0037,187.9414,74.0,80.0,2219.0,2829.0,2219.0358,2829.1028,2219.0358,2829.1028,141.91375774852403,27.18377224295362,1.54,1.349,75.47,0.00737,0.00633,78.08,2219.0358,2829.1028,141.91375774852403,27.18377224295362,0.49839319333,0.58148949942,0.49839319333,0.58148949942,0.768,0.7,73.55,0.7677439,0.7003228,73.55,23.3973,0.0,2.21,1.141,0.124,0.983,39.0
2770,2770,39_24,39_42,2712.114,43.42645,17.8223,0.0174,188.1582,31.0,35.0,2087.0,2832.0,2086.7171,2831.8189,2086.7171,2831.8189,141.95560900062014,27.183564986869676,1.344,1.159,72.99,0.0286,0.02393,77.5,2086.7171,2831.8189,141.95560900062014,27.183564986869676,0.49377130784,0.54237843753,0.49377130784,0.54237843753,0.742,0.697,68.89,0.7422205,0.696605,68.89,23.4388,0.0,2.29,1.16,0.138,1.0,39.0
2771,2771,39_25,39_41,298.9344,19.64788,20.2166,0.0714,188.3807,7.0,8.0,2347.0,2813.0,2347.4131,2813.2035,2347.4131,2813.2035,141.87308948411723,27.18769237650314,0.896,0.612,75.67,0.08331,0.05563,73.1,2347.4131,2813.2035,141.87308948411723,27.18769237650314,0.37882040424,0.47880960521,0.37882040424,0.47880960521,0.696,0.611,77.43,0.6957326,0.611217,77.43,23.4311,0.0,2.84,1.464,0.317,0.651,39.0
2772,2772,39_26,39_40,464.9258,24.77993,19.7371,0.0579,187.8004,12.0,13.0,2048.0,2802.0,2048.2915,2801.7448,2048.2915,2801.7448,141.96761973996357,27.19218312605305,0.967,0.877,66.76,0.0657,0.05972,58.51,2048.2915,2801.7448,141.96761973996357,27.19218312605305,0.50138123533,0.62036292853,0.50138123533,0.62036292853,0.789,0.706,81.7,0.7892738,0.7062514,81.7,23.409,0.0,2.81,1.102,0.092,0.759,39.0
2773,2773,39_27,39_39,945.3589,30.80732,18.9666,0.0354,187.7493,17.0,19.0,2125.0,2789.0,2125.1636,2788.7354,2125.1636,2788.7354,141.94325005543834,27.19552207701954,1.096,0.969,57.57,0.04545,0.03903,46.73,2125.1636,2788.7354,141.94325005543834,27.19552207701954,0.45563347409,0.51788719402,0.45563347409,0.51788719402,0.724,0.671,73.66,0.723701,0.6706545,73.66,23.4009,0.0,2.11,1.131,0.116,0.955,39.0
2774,2774,39_28,39_38,536.5859,23.60182,19.5815,0.0478,187.6414,8.0,11.0,2345.0,2777.0,2345.1112,2776.8352,2345.1112,2776.8352,141.87364032210468,27.197930950247574,0.847,0.807,43.45,0.04773,0.04597,42.97,2345.1112,2776.8352,141.87364032210468,27.197930950247574,0.33391987365,0.35548891248,0.33391987365,0.35548891248,0.601,0.573,65.37,0.6010253,0.5728676,65.37,23.3748,0.0,1.84,1.049,0.047,0.929,39.0
2775,2775,39_29,39_37,594.9934,26.68105,19.4693,0.0487,188.0112,13.0,15.0,2498.0,2766.0,2497.8974,2766.5594,2497.8974,2766.5594,141.82527675248693,27.200149291470886,0.977,0.939,30.68,0.0581,0.05155,14.64,2497.8974,2766.5594,141.82527675248693,27.200149291470886,0.48089060923,0.5351049817,0.48089060923,0.5351049817,0.732,0.693,-81.42,0.7323714,0.6925517,-81.42,23.4029,0.0,2.37,1.04,0.038,0.769,39.0
2778,2778,39_32,39_34,463.8674,24.84374,19.7396,0.0582,188.7128,11.0,13.0,2054.0,2755.0,2054.5135,2755.2809,2054.5135,2755.2809,141.96543634180335,27.205225878416943,1.061,0.775,39.08,0.07287,0.04911,39.6,2054.5135,2755.2809,141.96543634180335,27.205225878416943,0.4587311547,0.46599646307,0.4587311547,0.46599646307,0.715,0.643,47.1,0.7154478,0.6425434,47.1,23.4675,0.0,2.59,1.369,0.269,0.844,39.0
2779,2779,39_33,39_33,2064.911,39.26191,18.1183,0.0206,188.9431,25.0,29.0,2066.0,2753.0,2065.6709,2752.7625,2065.6709,2752.7625,141.96189599053062,27.20588793374481,1.241,1.107,76.73,0.03066,0.02733,74.53,2065.6709,2752.7625,141.96189599053062,27.20588793374481,0.46357018501,0.53625385427,0.46357018501,0.53625385427,0.738,0.675,72.35,0.7378637,0.6748194,72.35,23.4849,0.0,2.31,1.122,0.108,0.999,39.0
2780,2780,39_34,39_32,221.6514,18.33354,20.5414,0.0898,187.2797,5.0,7.0,2342.0,2749.0,2341.6953,2748.9158,2341.6953,2748.9158,141.87458454510505,27.20579811825873,0.733,0.657,81.97,0.0793,0.07285,88.25,2341.6953,2748.9158,141.87458454510505,27.20579811825873,0.62855719359,0.82950986631,0.62855719359,0.82950986631,0.914,0.789,80.53,0.9139265,0.7891802,80.53,23.349,0.0,2.75,1.117,0.105,0.484,39.0
2781,2781,39_35,39_31,401.0006,24.03233,19.8977,0.0651,187.7634,9.0,12.0,2387.0,2741.0,2386.9686,2740.8039,2386.9686,2740.8039,141.86022762243255,27.207882345902227,0.952,0.823,0.26,0.0726,0.06053,0.15,2386.9686,2740.8039,141.86022762243255,27.207882345902227,0.6141297846,0.54655257642,0.6141297846,0.54655257642,0.784,0.739,3.3,0.7838083,0.7391393,3.3,23.3809,0.0,2.17,1.156,0.135,0.737,39.0
2782,2782,39_36,39_30,12385.97,68.08558,16.1732,0.006,188.1873,55.0,62.0,2416.0,2733.0,2415.907,2733.5359,2415.907,2733.5359,141.85104033173891,27.209799606878875,1.489,1.284,68.13,0.0117,0.00969,59.22,2415.907,2733.5359,141.85104033173891,27.209799606878875,0.4812719601,0.5512428205,0.4812719601,0.5512428205,0.747,0.689,73.53,0.7469581,0.6888893,73.53,23.4116,0.0,2.17,1.159,0.137,0.984,39.0
2783,2783,39_37,39_29,3936.707,47.16223,17.4177,0.013,187.6177,33.0,37.0,2328.0,2721.0,2328.3677,2721.3391,2328.3677,2721.3391,141.87866516819363,27.213611883144505,1.297,1.215,80.22,0.02015,0.01952,62.28,2328.3677,2721.3391,141.87866516819363,27.213611883144505,0.47961542812,0.5301913928,0.47961542812,0.5301913928,0.732,0.688,71.53,0.7324908,0.6879419,71.53,23.369,0.0,2.25,1.067,0.063,0.981,39.0
2784,2784,39_38,39_28,3059.537,43.71477,17.6914,0.0155,188.2239,26.0,33.0,2321.0,2719.0,2320.6183,2719.507,2320.6183,2719.507,141.8811071169134,27.21416071592992,1.25,1.149,68.35,0.02272,0.02122,49.37,2320.6183,2719.507,141.8811071169134,27.21416071592992,0.45049508228,0.50367776228,0.45049508228,0.50367776228,0.715,0.666,70.91,0.7147813,0.6657782,70.91,23.4095,0.0,2.12,1.088,0.081,0.986,39.0
2785,2785,39_39,39_27,1543.285,35.60967,18.4345,0.0251,188.0552,19.0,24.0,2428.0,2709.0,2428.4501,2708.7988,2428.4501,2708.7988,141.8469514180778,27.21670166482305,1.163,1.048,53.06,0.03471,0.03053,30.26,2428.4501,2708.7988,141.8469514180778,27.21670166482305,0.45282261244,0.51567641685,0.45282261244,0.51567641685,0.726,0.664,68.47,0.7261287,0.6642561,68.47,23.3983,0.0,2.2,1.11,0.099,0.999,39.0
2786,2786,39_40,39_26,5150.494,51.29351,17.1259,0.0108,188.095,35.0,42.0,2372.0,2698.0,2371.7873,2698.7482,2371.7873,2698.7482,141.86482256436963,27.21977678832003,1.373,1.213,68.68,0.01805,0.01593,59.38,2371.7873,2698.7482,141.86482256436963,27.21977678832003,0.47182930971,0.54562506231,0.47182930971,0.54562506231,0.742,0.683,75.55,0.7422092,0.6830665,75.55,23.3931,0.0,2.29,1.132,0.117,0.99,39.0
2787,2787,39_41,39_25,675.1966,28.20711,19.332,0.0454,188.0093,11.0,16.0,2332.0,2695.0,2332.5047,2694.9398,2332.5047,2694.9398,141.87722821973557,27.221018788524564,1.035,0.884,87.14,0.05504,0.04509,89.81,2332.5047,2694.9398,141.87722821973557,27.221018788524564,0.3504314547,0.43407150661,0.3504314547,0.43407150661,0.659,0.592,85.66,0.6592081,0.5915638,85.66,23.3911,0.0,2.23,1.171,0.146,0.918,39.0
2788,2788,39_42,39_24,1620.101,36.61611,18.3817,0.0245,187.8045,20.0,26.0,2165.0,2690.0,2165.0583,2690.2745,2165.0583,2690.2745,141.9301678930371,27.223047284891628,1.223,1.085,87.09,0.03592,0.03011,-89.35,2165.0583,2690.2745,141.9301678930371,27.223047284891628,0.52223335462,0.5829166404,0.52223335462,0.5829166404,0.767,0.719,74.92,0.7665933,0.719364,74.92,23.4075,0.0,2.19,1.128,0.113,0.971,39.0
2790,2790,39_44,39_22,1601.648,37.05604,18.3942,0.0251,188.7202,21.0,26.0,2315.0,2677.0,2314.6043,2676.6972,2314.6043,2676.6972,141.8828011785016,27.226227067779803,1.191,1.093,78.91,0.03444,0.03158,81.48,2314.6043,2676.6972,141.8828011785016,27.226227067779803,0.47261715736,0.49311978215,0.47261715736,0.49311978215,0.712,0.678,57.83,0.7117208,0.677636,57.83,23.4421,0.0,2.22,1.089,0.082,0.999,39.0
2791,2791,39_45,39_21,664.0928,25.56425,19.35,0.0418,188.1991,13.0,13.0,2008.0,2666.0,2008.408,2666.1103,2008.408,2666.1103,141.97960572324584,27.23049664034093,1.556,0.49,88.61,0.09579,0.02561,87.83,2008.408,2666.1103,141.97960572324584,27.23049664034093,0.15098026564,0.86947123117,0.15098026564,0.86947123117,0.933,0.388,-88.81,0.9326215,0.3881606,-88.81,23.4073,24.0,3.68,3.174,0.685,0.978,39.0
2792,2792,39_46,39_20,1781.329,37.3833,18.2787,0.0228,188.4751,23.0,26.0,2294.0,2662.0,2294.4319,2662.2634,2294.4319,2662.2634,141.88911176147343,27.23037371155815,1.226,1.034,81.04,0.03302,0.02785,82.16,2294.4319,2662.2634,141.88911176147343,27.23037371155815,0.43042434093,0.48200693253,0.43042434093,0.48200693253,0.702,0.648,67.31,0.7020966,0.6476817,67.31,23.4309,0.0,2.04,1.186,0.157,0.977,39.0
2793,2793,39_47,39_19,372329.7,264.8551,12.4783,0.0008,188.4997,222.0,237.0,2395.0,2646.0,2395.1221,2646.6067,2395.1221,2646.6067,141.85718567107935,27.23433948342075,1.772,1.567,74.17,0.00165,0.00157,63.05,2395.1221,2646.6067,141.85718567107935,27.23433948342075,0.71805074816,0.83750616682,0.71805074816,0.83750616682,0.921,0.841,73.94,0.9210346,0.8409828,73.94,23.4142,0.0,3.39,1.131,0.116,1.0,39.0
2794,2794,39_48,39_18,3139.017,52.26651,17.6636,0.0181,188.1499,48.0,53.0,2027.0,2648.0,2027.2187,2647.9623,2027.2187,2647.9623,141.97357112176434,27.23552346213029,1.727,1.473,43.0,0.03698,0.03079,45.76,2027.2187,2647.9623,141.97357112176434,27.23552346213029,1.132080639,1.1164305107,1.132080639,1.1164305107,1.1,1.019,42.38,1.099989,1.019085,42.38,23.4079,0.0,3.11,1.172,0.147,0.028,39.0
2795,2795,39_49,39_17,1151.522,32.86738,18.7524,0.031,188.4513,18.0,21.0,2286.0,2636.0,2285.9551,2635.9086,2285.9551,2635.9086,141.8916654696971,27.237822608366024,1.098,1.032,65.33,0.03761,0.03722,64.92,2285.9551,2635.9086,141.8916654696971,27.237822608366024,0.45990311878,0.52732082592,0.45990311878,0.52732082592,0.734,0.67,69.51,0.7336636,0.670046,69.51,23.4257,0.0,2.13,1.064,0.06,0.976,39.0
2798,2798,39_52,39_14,565.9392,26.32706,19.5236,0.0505,188.1831,11.0,14.0,2352.0,2617.0,2351.9855,2616.6055,2351.9855,2616.6055,141.87068357887955,27.24296574653811,0.946,0.9,80.51,0.05489,0.05424,2.66,2351.9855,2616.6055,141.87068357887955,27.24296574653811,0.43027602618,0.51199022153,0.43027602618,0.51199022153,0.719,0.652,77.07,0.7187036,0.6524809,77.07,23.383,0.0,2.1,1.05,0.048,0.935,39.0
2801,2801,39_55,39_11,239.3601,20.43771,20.4579,0.0927,187.9952,8.0,9.0,2035.0,2594.0,2035.1076,2594.6148,2035.1076,2594.6148,141.97082739429266,27.250495531522414,0.908,0.679,67.05,0.09764,0.07037,69.62,2035.1076,2594.6148,141.97082739429266,27.250495531522414,0.55914019025,0.6222490469,0.55914019025,0.6222490469,0.822,0.711,55.88,0.8220767,0.7110409,55.88,23.4035,0.0,2.9,1.337,0.252,0.235,39.0
2802,2802,39_56,39_10,481856.7,298.8228,12.1983,0.0007,188.6872,253.0,269.0,2354.0,2570.0,2353.6752,2569.8246,2353.6752,2569.8246,141.8699197886145,27.256115550775885,1.769,1.554,72.67,0.00147,0.00134,74.19,2353.6752,2569.8246,141.8699197886145,27.256115550775885,0.62506508553,0.7283501922,0.62506508553,0.7283501922,0.872,0.77,64.11,0.8718871,0.7702131,64.11,23.4199,4.0,3.08,1.138,0.122,0.997,39.0
2803,2803,39_57,39_9,890.447,29.67193,19.0316,0.0362,188.1118,16.0,17.0,2296.0,2576.0,2296.4886,2576.135,2296.4886,2576.135,141.8880431632362,27.254588721644176,1.06,0.908,73.54,0.04578,0.03625,74.65,2296.4886,2576.135,141.8880431632362,27.254588721644176,0.4231034747,0.45225113197,0.4231034747,0.45225113197,0.675,0.648,71.83,0.6751089,0.647752,71.83,23.3832,0.0,2.07,1.167,0.143,0.967,39.0
2804,2804,39_58,39_8,166.2521,16.69913,20.8537,0.1091,188.1271,6.0,6.0,2057.0,2572.0,2057.4743,2571.9659,2057.4743,2571.9659,141.96364511241296,27.25677313091468,0.79,0.499,88.11,0.10434,0.06407,89.76,2057.4743,2571.9659,141.96364511241296,27.25677313091468,0.56540934297,0.84725879616,0.56540934297,0.84725879616,0.935,0.734,73.77,0.9345366,0.734377,73.77,23.4299,0.0,3.64,1.584,0.369,0.604,39.0
2805,2805,39_59,39_7,322.4338,21.71141,20.1345,0.0731,188.2778,8.0,10.0,2061.0,2567.0,2060.904,2566.7913,2060.904,2566.7913,141.96253575423202,27.258214305375656,0.88,0.728,83.9,0.079,0.06314,89.47,2060.904,2566.7913,141.96253575423202,27.258214305375656,0.36346824416,0.47981857876,0.36346824416,0.47981857876,0.714,0.578,65.78,0.7136775,0.5778852,65.78,23.4443,0.0,2.5,1.209,0.173,0.7,39.0
2806,2806,39_60,39_6,350.1696,23.09178,20.0449,0.0716,187.9238,8.0,11.0,2276.0,2565.0,2276.0477,2565.3338,2276.0477,2565.3338,141.894457931899,27.25771467921793,0.959,0.73,74.09,0.07989,0.05675,74.75,2276.0477,2565.3338,141.894457931899,27.25771467921793,0.46176124686,0.56807800905,0.46176124686,0.56807800905,0.757,0.676,77.91,0.7570912,0.6757604,77.91,23.3755,0.0,1.99,1.314,0.239,0.55,39.0
2807,2807,39_61,39_64,14477.32,71.02901,16.0039,0.0053,188.3157,56.0,63.0,2059.0,3006.0,2058.9723,3006.508,2058.9723,3006.508,141.9651898507899,27.13454710659089,1.462,1.299,78.17,0.00983,0.00882,79.36,2058.9723,3006.508,141.9651898507899,27.13454710659089,0.48736315845,0.55409364431,0.48736315845,0.55409364431,0.748,0.694,74.17,0.7482817,0.6939245,74.17,23.3955,0.0,2.12,1.125,0.111,0.983,39.0
2808,2808,39_62,39_4,189.6388,17.09734,20.7108,0.0979,187.4467,5.0,6.0,2020.0,2527.0,2019.8475,2526.7569,2019.8475,2526.7569,141.97534019873603,27.269644493161625,0.744,0.558,45.59,0.09188,0.06822,45.59,2019.8475,2526.7569,141.97534019873603,27.269644493161625,0.41606014585,0.55041777581,0.41606014585,0.55041777581,0.775,0.605,62.38,0.7752721,0.6045089,62.38,23.3877,0.0,2.57,1.333,0.25,0.515,39.0
2809,2809,39_63,39_63,14374.73,71.53129,16.0116,0.0054,188.3553,61.0,65.0,2021.0,3001.0,2021.0348,3000.9626,2021.0348,3000.9626,141.97715522178575,27.136263303009777,1.471,1.311,74.48,0.01017,0.00915,70.69,2021.0348,3000.9626,141.97715522178575,27.136263303009777,0.49117658208,0.5702347177,0.49117658208,0.5702347177,0.758,0.698,78.14,0.7575492,0.6982338,78.14,23.3961,0.0,2.14,1.122,0.108,0.983,39.0
2810,2810,39_64,39_62,1949.251,39.45282,18.1809,0.022,188.1284,25.0,30.0,2376.0,2965.0,2376.4025,2965.3316,2376.4025,2965.3316,141.8646648843284,27.14478059210733,1.263,1.106,68.72,0.03284,0.02894,60.33,2376.4025,2965.3316,141.8646648843284,27.14478059210733,0.4327135935,0.49262124063,0.4327135935,0.49262124063,0.705,0.654,74.77,0.7052761,0.6541563,74.77,23.4234,0.0,2.08,1.142,0.124,0.979,39.0
2811,2811,40_1,40_4,22954.92,83.09502,15.5034,0.0039,187.3892,74.0,81.0,2997.0,2525.0,2997.0381,2525.5578,2997.0381,2525.5578,141.66617297117156,27.265604468651567,1.55,1.353,76.5,0.00821,0.00689,82.84,2997.0381,2525.5578,141.66617297117156,27.265604468651567,0.49238700054,0.56826988405,0.49238700054,0.56826988405,0.758,0.697,74.77,0.7578526,0.6973638,74.77,23.4421,0.0,2.18,1.146,0.127,0.983,40.0
2814,2814,40_4,40_83,135.1924,16.41875,21.0782,0.1319,188.1521,5.0,6.0,2938.0,3013.0,2937.8398,3013.154,2937.8398,3013.154,141.68749189132893,27.128771156078965,0.752,0.571,-47.01,0.10946,0.081,-45.13,2937.8398,3013.154,141.68749189132893,27.128771156078965,0.86289614635,0.89797938415,0.86289614635,0.89797938415,0.956,0.921,-61.25,0.9555517,0.9207586,-61.25,23.4174,0.0,2.74,1.315,0.24,0.451,40.0
2815,2815,40_5,40_87,477.4515,27.91132,19.7083,0.0635,188.1367,14.0,17.0,2940.0,3019.0,2939.7105,3019.1643,2939.7105,3019.1643,141.6869326264073,27.12707205550784,1.163,0.979,-81.04,0.08185,0.06798,-80.63,2939.7105,3019.1643,141.6869326264073,27.12707205550784,0.96698348995,1.0957057953,0.96698348995,1.0957057953,1.047,0.983,-86.58,1.04698,0.9831182,-86.58,23.4178,24.0,3.59,1.188,0.158,0.042,40.0
2816,2816,40_6,40_86,108447.0,139.4059,13.8175,0.0014,196.5528,33.0,40.0,2681.0,2976.0,2681.4492,2976.4348,2681.4492,2976.4348,141.76831222907316,27.14029614449537,1.247,0.891,-87.86,0.00177,0.00126,-88.71,2681.4492,2976.4348,141.76831222907316,27.14029614449537,0.23940466221,0.088094204637,0.23940466221,0.088094204637,0.489,0.297,1.61,0.4894118,0.2966058,1.61,23.79,3.0,0.84,1.4,0.286,0.998,40.0
2817,2817,40_7,40_86,162504.8,167.5181,13.3784,0.0011,191.7258,33.0,35.0,2681.0,3015.0,2681.3786,3015.6442,2681.3786,3015.6442,141.76853393815665,27.129269648651363,1.786,0.752,74.19,0.00192,0.00081,74.11,2681.3786,3015.6442,141.76853393815665,27.129269648651363,0.15951039532,0.35500614143,0.15951039532,0.35500614143,0.605,0.385,76.91,0.6051242,0.385151,76.91,23.2886,23.0,6.92,2.374,0.579,0.999,40.0
2818,2818,40_8,40_86,2504727.0,685.1283,10.4087,0.0003,191.3026,1212.0,1287.0,2680.0,2995.0,2681.4944,3000.5132,2681.4944,3000.5132,141.76842043911182,27.133524390497577,4.913,2.774,87.18,0.00156,0.00123,86.43,2681.4944,3000.5132,141.76842043911182,27.133524390497577,4.2686436873,8.7111289073,4.2686436873,8.7111289073,2.964,2.049,82.84,2.963517,2.048741,82.84,23.3401,22.0,22.15,1.771,0.435,0.847,40.0
2819,2819,40_9,40_82,476.1125,27.62805,19.7113,0.063,187.7595,16.0,18.0,3006.0,2996.0,3005.6998,2996.1406,3005.6998,2996.1406,141.66596386823403,27.133229323199615,1.239,0.991,58.32,0.08511,0.06883,58.39,3005.6998,2996.1406,141.66596386823403,27.133229323199615,1.5547695656,1.6209687108,1.5547695656,1.6209687108,1.325,1.192,50.68,1.32515,1.191518,50.68,23.4616,0.0,3.85,1.251,0.2,0.019,40.0
2820,2820,40_10,40_81,950.1088,29.781,18.9611,0.034,189.1938,12.0,16.0,2763.0,2996.0,2762.6106,2996.444,2762.6106,2996.444,141.7427680888721,27.13429509924168,0.982,0.944,71.82,0.0359,0.03584,-66.03,2762.6106,2996.444,141.7427680888721,27.13429509924168,0.37457153113,0.44173334817,0.37457153113,0.44173334817,0.666,0.611,81.56,0.6657678,0.6107848,81.56,23.3082,0.0,2.07,1.039,0.038,0.976,40.0
2821,2821,40_11,40_80,256.5942,18.97785,20.3825,0.0803,187.776,7.0,8.0,2968.0,2992.0,2967.7793,2992.1417,2967.7793,2992.1417,141.6779222514432,27.13453660540445,0.8,0.666,49.44,0.08164,0.0651,44.43,2967.7793,2992.1417,141.6779222514432,27.13453660540445,0.46472673794,0.51754316588,0.46472673794,0.51754316588,0.734,0.666,61.68,0.7342801,0.6656595,61.68,23.4222,0.0,2.23,1.201,0.167,0.633,40.0
2824,2824,40_14,40_77,451.1068,26.27369,19.7699,0.0633,188.6088,13.0,14.0,2767.0,2970.0,2766.7422,2970.4656,2766.7422,2970.4656,141.7413287219644,27.141581674899225,1.009,0.942,-89.91,0.07016,0.06841,-89.06,2766.7422,2970.4656,141.7413287219644,27.141581674899225,0.89976810966,1.1527927522,0.89976810966,1.1527927522,1.074,0.948,86.94,1.074019,0.9481789,86.94,23.3307,0.0,4.26,1.071,0.066,0.104,40.0
2825,2825,40_15,40_76,1285.183,33.98902,18.6332,0.0287,188.5633,18.0,22.0,2554.0,2969.0,2554.3169,2969.4139,2554.3169,2969.4139,141.8084540175238,27.14284645351215,1.143,1.015,88.01,0.0384,0.03256,-89.85,2554.3169,2969.4139,141.8084540175238,27.14284645351215,0.44877776422,0.48944171585,0.44877776422,0.48944171585,0.7,0.67,84.57,0.6998661,0.669632,84.57,23.3693,0.0,2.07,1.127,0.113,0.976,40.0
2826,2826,40_16,40_75,466.9564,28.0632,19.7324,0.0653,194.127,13.0,15.0,2677.0,2969.0,2676.604,2969.5547,2676.604,2969.5547,141.76980837017717,27.14225319922317,1.032,0.928,-54.6,0.06386,0.05586,-45.85,2676.604,2969.5547,141.76980837017717,27.14225319922317,0.55750150451,0.6350652471,0.55750150451,0.6350652471,0.8,0.743,-76.47,0.7998955,0.7434608,-76.47,23.6056,0.0,2.48,1.111,0.1,0.386,40.0
2827,2827,40_17,40_74,169.4222,16.91594,20.8331,0.1084,189.2917,6.0,6.0,2574.0,2961.0,2573.9929,2961.4694,2573.9929,2961.4694,141.80219582204123,27.14499239944404,0.78,0.497,4.63,0.10357,0.06374,0.34,2573.9929,2961.4694,141.80219582204123,27.14499239944404,0.4496909807,0.32863853406,0.4496909807,0.32863853406,0.697,0.541,25.48,0.6965973,0.5413702,25.48,23.4085,0.0,1.75,1.57,0.363,0.391,40.0
2829,2829,40_19,40_72,1090.986,34.12655,18.811,0.034,191.927,18.0,22.0,2672.0,2943.0,2671.8158,2942.8248,2671.8158,2942.8248,141.77118555313783,27.14979234820791,1.135,1.041,61.19,0.0413,0.0373,46.39,2671.8158,2942.8248,141.77118555313783,27.14979234820791,0.45013342238,0.52639153678,0.45013342238,0.52639153678,0.727,0.67,81.19,0.7268199,0.6695206,81.19,23.5283,0.0,1.95,1.09,0.083,0.966,40.0
2831,2831,40_21,40_70,135319.1,170.1103,13.5772,0.0014,191.0561,143.0,162.0,2655.0,2929.0,2655.3647,2928.8876,2655.3647,2928.8876,141.77631398626707,27.15378703320785,1.639,1.456,75.9,0.00281,0.00262,77.98,2655.3647,2928.8876,141.77631398626707,27.15378703320785,0.48735535966,0.56546897708,0.48735535966,0.56546897708,0.756,0.693,74.28,0.7564304,0.6932802,74.28,23.5117,0.0,2.42,1.126,0.112,0.984,40.0
2832,2832,40_22,40_68,713.9661,27.90733,19.2714,0.0424,188.2917,14.0,16.0,2788.0,2917.0,2787.6439,2917.2419,2787.6439,2917.2419,141.73444832613234,27.15645220247165,1.014,0.926,75.66,0.05127,0.04443,75.17,2787.6439,2917.2419,141.73444832613234,27.15645220247165,0.42001226165,0.45213205898,0.42001226165,0.45213205898,0.672,0.648,-87.46,0.6724546,0.6480348,-87.46,23.4102,0.0,2.11,1.094,0.086,0.956,40.0
2833,2833,40_23,40_67,327.0026,21.5494,20.1192,0.0716,187.8341,10.0,10.0,2854.0,2911.0,2854.1735,2911.0252,2854.1735,2911.0252,141.71339089903304,27.15788848742096,0.899,0.747,0.16,0.07746,0.0615,-0.09,2854.1735,2911.0252,141.71339089903304,27.15788848742096,0.80392383254,0.70015429337,0.80392383254,0.70015429337,0.897,0.836,4.72,0.8970143,0.8363273,4.72,23.3914,0.0,2.49,1.204,0.169,0.279,40.0
2835,2835,40_25,40_65,149864.0,177.3938,13.4663,0.0013,190.1893,154.0,172.0,2679.0,2890.0,2678.9595,2890.1448,2678.9595,2890.1448,141.76865916679282,27.164574903020576,1.928,1.424,75.82,0.00337,0.00235,80.2,2678.9595,2890.1448,141.76865916679282,27.164574903020576,0.50083189727,0.64076051255,0.50083189727,0.64076051255,0.809,0.698,73.15,0.8092517,0.6976418,73.15,23.4963,0.0,2.92,1.354,0.261,0.984,40.0
2837,2837,40_27,40_63,496.0197,25.74583,19.6668,0.0564,188.8249,11.0,14.0,2764.0,2887.0,2763.5287,2887.4700000000003,2763.5287,2887.4700000000003,141.74191569883624,27.16493703836435,1.041,0.83,-47.92,0.06652,0.04964,-45.21,2763.5287,2887.4700000000003,141.74191569883624,27.16493703836435,0.44909718962,0.49183406721,0.44909718962,0.49183406721,0.705,0.666,-71.58,0.7050991,0.666158,-71.58,23.4437,0.0,2.25,1.254,0.203,0.913,40.0
2838,2838,40_28,40_62,1836.956,37.94201,18.2453,0.0224,189.9988,23.0,27.0,2693.0,2886.0,2693.1437,2886.1872,2693.1437,2886.1872,141.76415562773943,27.165622858765055,1.233,1.075,-83.38,0.03263,0.02676,-77.79,2693.1437,2886.1872,141.76415562773943,27.165622858765055,0.48753811645,0.54206552303,0.48753811645,0.54206552303,0.738,0.697,78.53,0.7378401,0.6965599,78.53,23.49,0.0,2.09,1.147,0.128,0.974,40.0
2839,2839,40_29,40_61,161.2948,15.35405,20.8865,0.1034,189.6798,5.0,5.0,2667.0,2868.0,2667.5427,2868.7271,2667.5427,2868.7271,141.77215856088122,27.170650485087275,0.739,0.453,69.14,0.10489,0.06062,71.04,2667.5427,2868.7271,141.77215856088122,27.170650485087275,0.36653087131,0.46986688472,0.36653087131,0.46986688472,0.711,0.576,63.26,0.7106411,0.5756621,63.26,23.4739,0.0,3.4,1.632,0.387,0.234,40.0
2840,2840,40_30,40_60,2299.846,39.39115,18.0013,0.0186,188.1218,25.0,30.0,3015.0,2858.0,3015.3169,2857.7637,3015.3169,2857.7637,141.6621847598609,27.17209538200799,1.233,1.105,82.63,0.02827,0.02512,85.3,3015.3169,2857.7637,141.6621847598609,27.17209538200799,0.41503579917,0.50475602835,0.41503579917,0.50475602835,0.712,0.643,82.16,0.7116821,0.6428844,82.16,23.4434,16.0,2.1,1.116,0.104,0.981,40.0
2841,2841,40_31,40_59,151.858,16.44978,20.952,0.1176,188.8437,5.0,6.0,2773.0,2851.0,2772.4949,2850.9745,2772.4949,2850.9745,141.73889274526508,27.175158823469115,0.795,0.5,-88.96,0.10709,0.06569,-89.94,2772.4949,2850.9745,141.73889274526508,27.175158823469115,0.53857712367,0.85556165691,0.53857712367,0.85556165691,0.927,0.731,-83.47,0.9272349,0.7310091,-83.47,23.4655,0.0,3.72,1.59,0.371,0.175,40.0
2842,2842,40_32,40_58,4177.114,47.90056,17.3534,0.0125,187.4949,34.0,40.0,2906.0,2845.0,2906.0519,2845.209,2906.0519,2845.209,141.69664910241582,27.1761513197347,1.305,1.245,72.48,0.01987,0.01961,60.71,2906.0519,2845.209,141.69664910241582,27.1761513197347,0.4786749046,0.53117236989,0.4786749046,0.53117236989,0.732,0.689,74.31,0.7318963,0.6886038,74.31,23.3857,2.0,1.99,1.048,0.046,0.98,40.0
2843,2843,40_33,40_58,883.83,30.20054,19.0397,0.0371,187.6553,15.0,19.0,2911.0,2842.0,2911.0676,2842.193,2911.0676,2842.193,141.69504791195763,27.17697556820647,1.086,1.023,22.44,0.04632,0.04268,12.73,2911.0676,2842.193,141.69504791195763,27.17697556820647,0.4938998213,0.53139936711,0.4938998213,0.53139936711,0.739,0.692,61.76,0.7393233,0.6918817,61.76,23.3959,3.0,2.32,1.061,0.057,0.947,40.0
2844,2844,40_34,40_57,606.429,26.86026,19.4486,0.0481,188.6516,12.0,15.0,2615.0,2844.0,2614.6214,2843.7922,2614.6214,2843.7922,141.78876083310058,27.177903989101967,1.001,0.907,63.16,0.05454,0.04834,75.9,2614.6214,2843.7922,141.78876083310058,27.177903989101967,0.5205264878,0.53699268267,0.5205264878,0.53699268267,0.757,0.696,50.28,0.7574373,0.695563,50.28,23.4256,0.0,2.25,1.103,0.094,0.951,40.0
2847,2847,40_37,40_54,1416.488,33.70436,18.5275,0.0258,188.7456,19.0,22.0,2644.0,2827.0,2643.8775,2826.8299,2643.8775,2826.8299,141.779425970172,27.182541395946057,1.116,1.023,66.18,0.03301,0.02994,47.75,2643.8775,2826.8299,141.779425970172,27.182541395946057,0.41761065258,0.49034925102,0.41761065258,0.49034925102,0.7,0.646,88.14,0.7003041,0.6461688,88.14,23.4387,0.0,1.98,1.09,0.083,0.974,40.0
2848,2848,40_38,40_53,1776.74,43.96928,18.2815,0.0269,188.5724,37.0,41.0,2949.0,2819.0,2949.298,2818.8378,2949.298,2818.8378,141.68284088716226,27.183360510199325,1.925,1.203,-47.1,0.05857,0.03655,-47.59,2949.298,2818.8378,141.68284088716226,27.183360510199325,1.3115121665,1.3292230646,1.3115121665,1.3292230646,1.268,1.016,-45.88,1.268454,1.015756,-45.88,23.4628,0.0,4.75,1.6,0.375,0.015,40.0
2849,2849,40_39,40_52,640.6171,25.90078,19.3891,0.0439,187.3928,12.0,14.0,2930.0,2818.0,2929.8507,2818.4043,2929.8507,2818.4043,141.6889851754756,27.183575627263657,0.962,0.881,-86.68,0.049,0.04771,-77.04,2929.8507,2818.4043,141.6889851754756,27.183575627263657,0.38695806556,0.47554621437,0.38695806556,0.47554621437,0.69,0.622,89.45,0.6896044,0.6220531,89.45,23.3768,0.0,2.12,1.091,0.084,0.952,40.0
2850,2850,40_40,40_51,586.9077,25.83996,19.4841,0.0478,187.9636,12.0,14.0,2743.0,2817.0,2743.456,2816.731,2743.456,2816.731,141.74789474270773,27.18492390470997,0.935,0.905,-14.34,0.05135,0.0502,-2.77,2743.456,2816.731,141.74789474270773,27.18492390470997,0.41698215649,0.41757066565,0.41698215649,0.41757066565,0.656,0.636,-45.66,0.6557287,0.6360602,-45.66,23.4022,0.0,2.12,1.033,0.032,0.886,40.0
2851,2851,40_41,40_50,1622.466,36.57825,18.3801,0.0245,188.0411,23.0,26.0,2562.0,2811.0,2561.9528,2811.3975,2561.9528,2811.3975,141.8052481371451,27.187252396789425,1.196,1.06,77.54,0.0351,0.02966,88.55,2561.9528,2811.3975,141.8052481371451,27.187252396789425,0.43990637328,0.47464685909,0.43990637328,0.47464685909,0.698,0.654,62.73,0.6980093,0.6537096,62.73,23.4009,0.0,1.87,1.128,0.114,0.977,40.0
2852,2852,40_42,40_49,789.0551,30.69827,19.1628,0.0423,187.6481,17.0,20.0,2765.0,2807.0,2765.3145,2807.6469,2765.3145,2807.6469,141.74093779003104,27.187377109896985,1.289,0.93,89.3,0.06568,0.04327,-88.4,2765.3145,2807.6469,141.74093779003104,27.187377109896985,0.63254046526,0.83743458586,0.63254046526,0.83743458586,0.917,0.793,83.04,0.9168041,0.7933759,83.04,23.3865,0.0,2.91,1.387,0.279,0.617,40.0
2853,2853,40_43,40_48,276.7338,20.40747,20.3004,0.0801,187.5634,9.0,9.0,2858.0,2807.0,2857.8316,2806.6915,2857.8316,2806.6915,141.711687259458,27.187211970206302,0.891,0.69,-69.11,0.09103,0.06593,-69.43,2857.8316,2806.6915,141.711687259458,27.187211970206302,0.76550201483,0.81754881856,0.76550201483,0.81754881856,0.907,0.872,-72.2,0.907488,0.8715023,-72.2,23.372,0.0,3.34,1.29,0.225,0.148,40.0
2854,2854,40_44,40_47,153.1792,15.11446,20.9426,0.1072,188.2965,4.0,5.0,2801.0,2795.0,2800.5895,2794.7499,2800.5895,2794.7499,141.72971951079276,27.19083946922762,0.715,0.462,71.98,0.10452,0.06075,71.63,2800.5895,2794.7499,141.72971951079276,27.19083946922762,0.30039663631,0.34732126863,0.30039663631,0.34732126863,0.594,0.543,-71.54,0.5943115,0.5426893,-71.54,23.4338,0.0,1.9,1.546,0.353,0.501,40.0
2856,2856,40_46,40_45,146.8068,17.16693,20.9887,0.127,188.3253,6.0,7.0,3003.0,2783.0,3002.9898,2782.7311,3002.9898,2782.7311,141.6656775643436,27.193255108792357,0.722,0.705,-13.49,0.10229,0.09506,-0.4,3002.9898,2782.7311,141.6656775643436,27.193255108792357,0.75986532521,1.1348279428,0.75986532521,1.1348279428,1.071,0.864,-79.67,1.071308,0.8642868,-79.67,23.467,0.0,3.54,1.024,0.024,0.003,40.0
2857,2857,40_47,40_44,6680.255,55.77304,16.8436,0.0091,187.686,42.0,50.0,2922.0,2779.0,2922.4563,2778.9672,2922.4563,2778.9672,141.69111293090515,27.19470135786481,1.431,1.252,77.24,0.01637,0.01459,82.35,2922.4563,2778.9672,141.69111293090515,27.19470135786481,0.49854525206,0.56119443031,0.49854525206,0.56119443031,0.755,0.699,70.05,0.755451,0.6993093,70.05,23.3948,0.0,2.31,1.143,0.125,0.997,40.0
2858,2858,40_48,40_43,5710.264,51.08319,17.0139,0.0097,188.1069,39.0,44.0,3017.0,2778.0,3016.924,2778.7337,3016.924,2778.7337,141.66125187787745,27.194311563922152,1.344,1.236,73.33,0.01631,0.01542,66.23,3016.924,2778.7337,141.66125187787745,27.194311563922152,0.47954960046,0.54504933783,0.47954960046,0.54504933783,0.741,0.69,76.88,0.7408186,0.689773,76.88,23.4577,16.0,2.11,1.087,0.08,0.982,40.0
2859,2859,40_49,40_42,22865.49,82.7834,15.5076,0.0039,188.8759,69.0,77.0,2630.0,2775.0,2629.7685,2775.2241,2629.7685,2775.2241,141.78362392794747,27.197118991216925,1.53,1.329,74.33,0.00793,0.00668,77.59,2629.7685,2775.2241,141.78362392794747,27.197118991216925,0.49507993403,0.55536150875,0.49507993403,0.55536150875,0.75,0.698,71.56,0.7502704,0.6982376,71.56,23.4602,0.0,2.32,1.151,0.131,0.983,40.0
2860,2860,40_50,40_41,14505.01,71.5794,16.0018,0.0054,187.692,64.0,69.0,2782.0,2766.0,2781.9259,2765.8926,2781.9259,2765.8926,141.73546933801245,27.19904213102733,1.503,1.322,73.39,0.01082,0.00931,71.24,2781.9259,2765.8926,141.73546933801245,27.19904213102733,0.4884152575,0.56628620224,0.4884152575,0.56628620224,0.757,0.694,74.57,0.7567719,0.6942605,74.57,23.402,0.0,2.25,1.137,0.121,0.983,40.0
2861,2861,40_51,40_40,751.2714,27.86666,19.2161,0.0403,187.9806,12.0,16.0,2830.0,2756.0,2830.2655,2756.4201,2830.2655,2756.4201,141.7201374414364,27.20147943822847,1.054,0.882,72.23,0.05062,0.04082,66.27,2830.2655,2756.4201,141.7201374414364,27.20147943822847,0.32760953819,0.45803137,0.32760953819,0.45803137,0.677,0.572,89.0,0.6768094,0.5723372,89.0,23.4138,0.0,2.06,1.195,0.163,0.958,40.0
2862,2862,40_52,40_39,219.9474,18.93339,20.5498,0.0935,188.1174,7.0,8.0,2737.0,2751.0,2737.1512,2751.156,2737.1512,2751.156,141.74954881319692,27.203394713055776,0.8,0.686,-45.09,0.08659,0.069,-45.03,2737.1512,2751.156,141.74954881319692,27.203394713055776,0.73952140798,0.76276070129,0.73952140798,0.76276070129,0.895,0.837,51.67,0.8952588,0.8371342,51.67,23.4305,0.0,2.24,1.166,0.142,0.455,40.0
2863,2863,40_53,40_38,249.549,19.08469,20.4127,0.0831,188.833,8.0,8.0,2704.0,2751.0,2703.8284,2750.8312,2703.8284,2750.8312,141.76008297653334,27.203640025911493,0.791,0.674,-44.3,0.08156,0.06512,-44.93,2703.8284,2750.8312,141.76008297653334,27.203640025911493,0.52120424403,0.47816320178,0.52120424403,0.47816320178,0.724,0.689,14.85,0.7241966,0.6891348,14.85,23.4729,0.0,2.17,1.174,0.148,0.606,40.0
2865,2865,40_55,40_36,292.3177,21.48112,20.2409,0.0798,188.6468,9.0,10.0,2592.0,2737.0,2592.1435,2737.1349,2592.1435,2737.1349,141.79532733799456,27.20800175496553,0.936,0.742,65.46,0.08629,0.06566,63.89,2592.1435,2737.1349,141.79532733799456,27.20800175496553,0.61784210406,0.66841595952,0.61784210406,0.66841595952,0.819,0.785,78.23,0.8189693,0.7845682,78.23,23.4399,0.0,2.75,1.262,0.207,0.501,40.0
2866,2866,40_56,40_35,218.5623,18.02933,20.5566,0.0896,188.5678,7.0,7.0,2564.0,2731.0,2564.3313,2731.0553,2564.3313,2731.0553,141.80409129650843,27.20983708606315,0.736,0.65,78.99,0.07945,0.07327,87.16,2564.3313,2731.0553,141.80409129650843,27.20983708606315,0.50913526228,0.59310056867,0.50913526228,0.59310056867,0.795,0.686,60.78,0.7945594,0.6862297,60.78,23.437,0.0,2.18,1.132,0.117,0.625,40.0
2867,2867,40_57,40_34,11614.84,66.15223,16.243,0.0062,188.0407,56.0,61.0,2868.0,2716.0,2868.5601,2716.6849,2868.5601,2716.6849,141.707821316037,27.212472962699447,1.486,1.293,75.28,0.01183,0.01018,79.62,2868.5601,2716.6849,141.707821316037,27.212472962699447,0.47783469181,0.52949646994,0.47783469181,0.52949646994,0.733,0.685,69.87,0.7331519,0.6854338,69.87,23.4194,0.0,2.32,1.149,0.13,0.999,40.0
2868,2868,40_58,40_33,778.9476,30.42798,19.1768,0.0424,188.8134,14.0,20.0,2928.0,2714.0,2928.0385,2713.857,2928.0385,2713.857,141.68900186836976,27.21298475622905,1.075,1.013,37.66,0.05246,0.04838,27.5,2928.0385,2713.857,141.68900186836976,27.21298475622905,0.46364731198,0.485009004,0.46364731198,0.485009004,0.701,0.676,63.72,0.7013536,0.6758398,63.72,23.4839,0.0,2.03,1.061,0.057,0.937,40.0
2869,2869,40_59,40_32,20042.07,78.48894,15.6507,0.0043,188.0504,70.0,73.0,2926.0,2702.0,2926.2189,2702.487,2926.2189,2702.487,141.68951656501682,27.216190917867728,1.524,1.336,73.27,0.0085,0.00734,71.16,2926.2189,2702.487,141.68951656501682,27.216190917867728,0.49518345873,0.56238238365,0.49518345873,0.56238238365,0.754,0.699,73.34,0.7543173,0.6989787,73.34,23.4297,0.0,2.23,1.14,0.123,0.984,40.0
2870,2870,40_60,40_31,253.0457,19.09208,20.3976,0.0819,188.1949,7.0,8.0,2818.0,2701.0,2818.4778,2700.9889,2818.4778,2700.9889,141.72357355116108,27.217123497085566,0.775,0.696,-2.44,0.08152,0.06705,-0.05,2818.4778,2700.9889,141.72357355116108,27.217123497085566,0.44916063866,0.44220484062,0.44916063866,0.44220484062,0.683,0.652,-40.17,0.6829366,0.6518919,-40.17,23.4371,0.0,2.25,1.114,0.103,0.681,40.0
2871,2871,40_61,40_30,2504.716,41.5095,17.9087,0.018,188.0323,28.0,33.0,2943.0,2696.0,2943.1394,2695.7795,2943.1394,2695.7795,141.68413124297217,27.217996009094698,1.3,1.132,80.62,0.02942,0.02412,84.6,2943.1394,2695.7795,141.68413124297217,27.217996009094698,0.46290220352,0.53496587143,0.46290220352,0.53496587143,0.735,0.676,74.92,0.7352575,0.6762133,74.92,23.4331,0.0,2.1,1.148,0.129,0.972,40.0
2873,2873,40_63,40_28,392.185,22.48641,19.9218,0.0623,187.9495,9.0,11.0,2783.0,2674.0,2782.9356,2673.6204,2782.9356,2673.6204,141.73466892132433,27.22498686324717,0.948,0.732,73.92,0.0728,0.05183,74.88,2782.9356,2673.6204,141.73466892132433,27.22498686324717,0.43941584699,0.48102911407,0.43941584699,0.48102911407,0.706,0.65,61.43,0.7061002,0.6495133,61.43,23.4227,0.0,2.0,1.295,0.228,0.719,40.0
2874,2874,40_64,40_27,1890.297,38.72175,18.2142,0.0222,188.7118,24.0,29.0,2651.0,2656.0,2650.7828,2656.3841,2650.7828,2656.3841,141.77637201269977,27.23044520174369,1.281,1.102,61.76,0.03399,0.02788,60.87,2650.7828,2656.3841,141.77637201269977,27.23044520174369,0.48642727745,0.52936392216,0.48642727745,0.52936392216,0.73,0.695,74.16,0.7301544,0.6947415,74.16,23.4581,0.0,2.13,1.163,0.14,0.98,40.0
2875,2875,40_65,40_26,683.0322,26.05766,19.3195,0.0414,188.4568,12.0,14.0,2895.0,2656.0,2894.7329,2656.4649,2894.7329,2656.4649,141.69922701033974,27.229283668247533,0.946,0.896,64.82,0.04381,0.04279,84.61,2894.7329,2656.4649,141.69922701033974,27.229283668247533,0.40192771608,0.42006450907,0.40192771608,0.42006450907,0.659,0.623,56.61,0.6587791,0.6228983,56.61,23.4506,0.0,2.07,1.055,0.052,0.956,40.0
2876,2876,40_66,40_25,306.7369,23.07121,20.1887,0.0817,188.7359,11.0,12.0,2954.0,2655.0,2953.7232,2654.9267,2953.7232,2654.9267,141.6805664379864,27.229433578179037,1.015,0.87,-30.99,0.09483,0.07689,-34.31,2953.7232,2654.9267,141.6805664379864,27.229433578179037,1.1352650115,1.2068450516,1.1352650115,1.2068450516,1.099,1.065,82.85,1.099085,1.064951,82.85,23.4849,0.0,5.6,1.167,0.143,0.0,40.0
2877,2877,40_67,40_24,263.6575,19.08397,20.353,0.0786,188.4834,6.0,8.0,2961.0,2651.0,2960.7859,2650.8255,2960.7859,2650.8255,141.6783113363124,27.230552861829423,0.782,0.677,-50.92,0.08044,0.06465,-44.76,2960.7859,2650.8255,141.6783113363124,27.230552861829423,0.39023163549,0.45128525213,0.39023163549,0.45128525213,0.672,0.625,-86.49,0.6719489,0.624501,-86.49,23.4694,0.0,3.38,1.154,0.134,0.264,40.0
2878,2878,40_68,40_23,335.5394,22.38357,20.0912,0.0724,188.8224,9.0,11.0,2738.0,2650.0,2737.3924,2650.4173,2737.3924,2650.4173,141.74895044274905,27.231724355100532,0.939,0.786,-74.91,0.07448,0.06436,-71.76,2737.3924,2650.4173,141.74895044274905,27.231724355100532,0.4188691461,0.49116951602,0.4188691461,0.49116951602,0.713,0.634,-66.61,0.7126125,0.6342099,-66.61,23.4813,0.0,2.45,1.196,0.164,0.768,40.0
2879,2879,40_69,40_22,422.5199,26.19333,19.841,0.0673,188.4899,12.0,15.0,2640.0,2649.0,2640.5484,2649.6007,2640.5484,2649.6007,141.77957408810724,27.232399691947577,1.057,0.943,-50.94,0.0773,0.06754,-45.17,2640.5484,2649.6007,141.77957408810724,27.232399691947577,1.1948962734,1.3197718056,1.1948962734,1.3197718056,1.158,1.083,-69.02,1.158148,1.083218,-69.02,23.4438,0.0,2.91,1.12,0.107,0.157,40.0
2880,2880,40_70,40_21,123.655,14.97672,21.175,0.1315,187.928,4.0,5.0,2709.0,2647.0,2709.0055,2647.0163,2709.0055,2647.0163,141.75791027436478,27.23281222064828,0.615,0.604,-0.4,0.0937,0.09361,6.08,2709.0055,2647.0163,141.75791027436478,27.23281222064828,0.46686976876,0.42531562062,0.46686976876,0.42531562062,0.706,0.627,-33.32,0.706048,0.6274406,-33.32,23.4135,0.0,1.75,1.017,0.017,0.381,40.0
2881,2881,40_71,40_20,165534.5,182.5111,13.3584,0.0012,187.6998,153.0,165.0,3013.0,2633.0,3012.5765,2632.9502,3012.5765,2632.9502,141.66183973611038,27.23532868891088,1.652,1.456,74.58,0.00251,0.00226,72.46,3012.5765,2632.9502,141.66183973611038,27.23532868891088,0.51520609553,0.58049676954,0.51520609553,0.58049676954,0.768,0.711,70.72,0.7678515,0.711412,70.72,23.4334,16.0,2.41,1.134,0.118,0.985,40.0
2882,2882,40_72,40_19,21977.22,81.27361,15.5506,0.004,187.9231,65.0,75.0,2864.0,2632.0,2864.1458,2632.358,2864.1458,2632.358,141.70877137167474,27.236208492243637,1.524,1.339,73.66,0.00786,0.00691,72.82,2864.1458,2632.358,141.70877137167474,27.236208492243637,0.49010484302,0.55859315156,0.49010484302,0.55859315156,0.752,0.695,72.57,0.7523851,0.6947047,72.57,23.4118,0.0,2.17,1.139,0.122,0.983,40.0
2883,2883,40_73,40_18,6327.809,57.28086,16.9024,0.0098,187.5454,45.0,55.0,2679.0,2627.0,2678.7933,2627.4597,2678.7933,2627.4597,141.76736456760403,27.23845136145422,1.763,1.194,74.71,0.02381,0.01439,78.19,2678.7933,2627.4597,141.76736456760403,27.23845136145422,0.46768395751,0.60600237137,0.46768395751,0.60600237137,0.785,0.677,75.43,0.7848751,0.6765038,75.43,23.3849,0.0,3.25,1.476,0.323,0.983,40.0
2884,2884,40_74,40_17,421.0833,24.43322,19.8447,0.063,187.4614,10.0,13.0,2893.0,2604.0,2892.6982,2603.6183,2892.6982,2603.6183,141.69958966106745,27.244154930750163,0.959,0.843,45.7,0.07207,0.06158,44.47,2892.6982,2603.6183,141.69958966106745,27.244154930750163,0.51687407831,0.49614383376,0.51687407831,0.49614383376,0.734,0.689,35.69,0.7341481,0.6885089,35.69,23.3825,0.0,2.48,1.137,0.121,0.769,40.0
2885,2885,40_75,40_16,156.6355,15.18853,20.9183,0.1053,188.6478,5.0,5.0,2842.0,2601.0,2841.619,2600.7129,2841.619,2600.7129,141.71572817045055,27.245214504877552,0.722,0.457,72.83,0.10268,0.05972,72.11,2841.619,2600.7129,141.71572817045055,27.245214504877552,0.35517155358,0.49022486779,0.35517155358,0.49022486779,0.702,0.593,81.57,0.7023255,0.5934098,81.57,23.4571,0.0,2.09,1.58,0.367,0.56,40.0
2887,2887,40_77,40_14,493.5112,27.96729,19.6723,0.0615,187.9064,15.0,17.0,2684.0,2586.0,2683.8907,2586.4323,2683.8907,2586.4323,141.7655409036395,27.249966228400805,1.285,0.899,-31.16,0.08562,0.0605,-31.02,2683.8907,2586.4323,141.7655409036395,27.249966228400805,1.4138170555,1.1672565662,1.4138170555,1.1672565662,1.252,1.007,-31.76,1.251807,1.007002,-31.76,23.4048,0.0,4.3,1.429,0.3,0.208,40.0
2888,2888,40_78,40_13,392.1576,25.50868,19.9219,0.0706,188.1941,12.0,14.0,2767.0,2581.0,2766.6899,2580.6996,2766.6899,2580.6996,141.7393215414894,27.251194722007984,1.212,0.793,62.14,0.09385,0.05939,61.39,2766.6899,2580.6996,141.7393215414894,27.251194722007984,0.81575398451,1.0704837232,0.81575398451,1.0704837232,1.067,0.865,65.31,1.067132,0.8645622,65.31,23.4114,0.0,3.62,1.528,0.346,0.053,40.0
2889,2889,40_79,40_12,167.5288,16.51803,20.8453,0.1071,188.41,5.0,6.0,2878.0,2575.0,2877.5016,2575.0784,2877.5016,2575.0784,141.70424410091678,27.252253355733146,0.771,0.5,-88.44,0.10131,0.06204,-89.91,2877.5016,2575.0784,141.70424410091678,27.252253355733146,0.43465861668,0.46104266945,0.43465861668,0.46104266945,0.695,0.643,-56.16,0.6946877,0.6427366,-56.16,23.4409,0.0,2.35,1.544,0.352,0.545,40.0
2890,2890,40_80,40_11,151.9496,17.55952,20.9513,0.1255,188.6069,4.0,7.0,2934.0,2573.0,2933.993,2573.0059,2933.993,2573.0059,141.68636695632287,27.252566058456605,0.89,0.533,45.81,0.12082,0.06994,45.05,2933.993,2573.0059,141.68636695632287,27.252566058456605,0.87901394354,0.88265979987,0.87901394354,0.88265979987,0.984,0.89,45.59,0.9842262,0.8904901,45.59,23.4645,0.0,2.98,1.669,0.401,0.501,40.0
2891,2891,40_81,40_10,636.5145,27.4468,19.3961,0.0468,188.5378,13.0,16.0,2934.0,2560.0,2934.4308,2560.6063,2934.4308,2560.6063,141.68616213678038,27.256050950243655,1.067,0.901,61.6,0.05797,0.04641,62.71,2934.4308,2560.6063,141.68616213678038,27.256050950243655,0.4615991114,0.48142343132,0.4615991114,0.48142343132,0.703,0.67,57.99,0.7029459,0.6699923,57.99,23.4579,0.0,2.3,1.184,0.155,0.984,40.0
2893,2893,40_83,40_8,80298.73,134.4665,14.1438,0.0018,188.0666,112.0,122.0,2840.0,2550.0,2839.7349,2550.0961,2839.7349,2550.0961,141.71605687746262,27.25945810290714,1.62,1.422,77.74,0.00376,0.00333,84.43,2839.7349,2550.0961,141.71605687746262,27.25945810290714,0.50799989585,0.57921672971,0.50799989585,0.57921672971,0.765,0.709,74.57,0.7649117,0.708609,74.57,23.4003,0.0,2.43,1.139,0.122,0.985,40.0
2895,2895,40_85,40_6,2011.984,37.865,18.1465,0.0204,188.1954,24.0,26.0,2762.0,2540.0,2761.8515,2540.007,2761.8515,2540.007,141.74063950111815,27.262661260232065,1.24,1.073,67.52,0.02979,0.02434,67.72,2761.8515,2540.007,141.74063950111815,27.262661260232065,0.49700167684,0.57186880924,0.49700167684,0.57186880924,0.759,0.702,77.45,0.7587962,0.7022099,77.45,23.3942,0.0,2.24,1.155,0.134,0.978,40.0
2896,2896,40_86,40_5,1983.822,45.88601,18.1618,0.0251,187.9578,38.0,43.0,2701.0,2537.0,2700.7507,2536.6284,2700.7507,2536.6284,141.75995033900278,27.26389504587476,1.635,1.47,89.18,0.04645,0.04138,-86.21,2700.7507,2536.6284,141.75995033900278,27.26389504587476,1.3332176033,1.4883782373,1.3332176033,1.4883782373,1.221,1.154,83.4,1.220854,1.153738,83.4,23.3968,0.0,4.0,1.112,0.101,0.011,40.0
2897,2897,40_87,40_85,354.4679,25.17891,20.0316,0.0771,188.5819,12.0,14.0,2830.0,3018.0,2829.767,3018.4675,2829.767,3018.4675,141.7216631777155,27.12778843501235,1.002,0.955,66.29,0.08068,0.07898,88.39,2829.767,3018.4675,141.7216631777155,27.12778843501235,1.3469127863,1.3325994208,1.3469127863,1.3325994208,1.169,1.146,36.93,1.168546,1.146304,36.93,23.4183,16.0,3.6,1.05,0.047,0.007,40.0
2898,2898,40_88,40_3,151.6355,16.55319,20.9536,0.1186,188.2523,5.0,6.0,2695.0,2523.0,2695.3241,2522.7888,2695.3241,2522.7888,141.76159544316187,27.26781225404488,0.722,0.634,27.01,0.0989,0.08642,26.98,2695.3241,2522.7888,141.76159544316187,27.26781225404488,0.58506292175,0.54174875172,0.58506292175,0.54174875172,0.803,0.694,37.3,0.8030636,0.6941905,37.3,23.413,0.0,2.6,1.139,0.122,0.487,40.0
2899,2899,40_89,40_84,5302.01,53.57682,17.0945,0.011,190.6213,34.0,43.0,2632.0,3015.0,2631.9723,3014.9811,2631.9723,3014.9811,141.78414231879242,27.12968120638782,1.321,1.24,64.93,0.01665,0.01629,13.67,2631.9723,3014.9811,141.78414231879242,27.12968120638782,0.48385074804,0.55758988845,0.48385074804,0.55758988845,0.753,0.689,71.9,0.7525989,0.6892282,71.9,23.3538,16.0,2.04,1.065,0.061,0.982,40.0
2922,2922,41_23,41_69,136.6798,15.10113,21.0663,0.12,190.4934,4.0,5.0,2652.0,2906.0,2651.6001,2905.8318,2651.6001,2905.8318,141.7773866857609,27.16028822894477,0.732,0.447,69.75,0.11386,0.06596,71.49,2651.6001,2905.8318,141.7773866857609,27.16028822894477,0.34024441821,0.35195693815,0.34024441821,0.35195693815,0.622,0.553,49.15,0.6218476,0.5527267,49.15,23.5158,0.0,2.04,1.639,0.39,0.52,41.0
2927,2927,41_28,41_64,1461.751,33.90331,18.4934,0.0252,188.6182,20.0,23.0,3064.0,2877.0,3063.9461,2876.8819,3063.9461,2876.8819,141.64692122917134,27.1664821754128,1.163,1.033,53.63,0.03497,0.02908,46.16,3063.9461,2876.8819,141.64692122917134,27.1664821754128,0.45359481143,0.51293402644,0.45359481143,0.51293402644,0.72,0.67,74.36,0.7197106,0.6697353,74.36,23.4379,16.0,2.02,1.126,0.112,0.977,41.0
2986,2986,41_87,41_6,759.0431,29.25901,19.2049,0.0419,187.8466,14.0,18.0,3059.0,2529.0,3059.0343,2529.3489,3059.0343,2529.3489,141.64658674219703,27.264235206829994,1.084,0.96,0.12,0.05415,0.0433,0.05,3059.0343,2529.3489,141.64658674219703,27.264235206829994,0.54508975297,0.56426650808,0.54508975297,0.56426650808,0.753,0.736,69.01,0.7533756,0.7360581,69.01,23.424,0.0,2.13,1.129,0.114,0.936,41.0
2992,2992,42_2,42_2,3314.191,47.62408,17.6046,0.0156,188.0396,34.0,37.0,411.0,2568.0,411.848,2568.8083,411.848,2568.8083,142.48434345015178,27.26357915751157,2.254,0.854,0.96,0.04758,0.01772,1.37,411.848,2568.8083,142.48434345015178,27.26357915751157,1.6885423438,0.49105539692,1.6885423438,0.49105539692,1.3,0.701,0.68,1.299504,0.7006342,0.68,23.3487,24.0,6.11,2.641,0.621,0.139,42.0
2994,2994,42_4,42_60,172.088,18.13694,20.8162,0.1145,188.2805,6.0,7.0,445.0,3070.0,444.9859,3069.6822,444.9859,3069.6822,142.47555315223352,27.12258950356098,0.726,0.671,5.28,0.09827,0.09105,0.63,444.9859,3069.6822,142.47555315223352,27.12258950356098,0.60387720035,0.72020618333,0.60387720035,0.72020618333,0.852,0.774,78.57,0.8515638,0.7739009,78.57,23.3956,0.0,2.12,1.082,0.075,0.585,42.0
2995,2995,42_5,42_65,840.4455,36.00903,19.0943,0.0465,188.256,25.0,26.0,400.0,3077.0,399.9651,3076.6806,399.9651,3076.6806,142.4898062862247,27.12075606307557,1.83,0.988,-33.31,0.0999,0.05279,-33.37,399.9651,3076.6806,142.4898062862247,27.12075606307557,1.7502667463,1.2773792931,1.7502667463,1.2773792931,1.411,1.018,-30.17,1.411303,1.017777,-30.17,23.3756,24.0,6.62,1.852,0.46,0.0,42.0
2997,2997,42_7,42_63,320.7798,25.51507,20.1401,0.0864,189.2898,9.0,12.0,68.0,3077.0,67.7671,3077.3213,67.7671,3077.3213,142.59481672215344,27.121518622189956,1.024,0.81,-57.42,0.09473,0.07231,-58.24,67.7671,3077.3213,142.59481672215344,27.121518622189956,1.1496447165,1.0262756542,1.1496447165,1.0262756542,1.086,0.999,-23.51,1.085567,0.9987313,-23.51,23.3139,24.0,3.79,1.263,0.209,0.007,42.0
2998,2998,42_8,42_59,1375.514,37.4798,18.5594,0.0296,190.5897,21.0,24.0,80.0,3052.0,79.9608,3052.1715,79.9608,3052.1715,142.5908846016047,27.128560308340315,1.208,1.038,68.49,0.04118,0.03344,68.91,79.9608,3052.1715,142.5908846016047,27.128560308340315,0.50510357702,0.55466469231,0.50510357702,0.55466469231,0.745,0.71,83.9,0.7451427,0.7103032,83.9,23.4101,0.0,2.01,1.163,0.14,0.958,42.0
2999,2999,42_9,42_58,154.4233,17.23075,20.9338,0.1212,188.0971,5.0,6.0,287.0,3051.0,285.8807,3050.3391,285.8807,3050.3391,142.52578104723813,27.12850054413287,1.08,0.411,13.59,0.16808,0.06372,12.96,285.8807,3050.3391,142.52578104723813,27.12850054413287,1.3166941315,0.76299693474,1.3166941315,0.76299693474,1.17,0.843,16.33,1.169904,0.843218,16.33,23.3392,0.0,3.94,2.626,0.619,0.412,42.0
3001,3001,42_11,42_57,71540.99,110.1008,14.2692,0.0017,195.4429,12.0,12.0,103.0,3034.0,102.9953,3033.7822,102.9953,3033.7822,142.5835453339255,27.133670709836405,0.746,0.725,85.17,0.00118,0.00116,83.94,102.9953,3033.7822,142.5835453339255,27.133670709836405,0.08412958776,0.092863779601,0.08412958776,0.092863779601,0.305,0.29,89.93,0.3047356,0.290051,89.93,23.8097,7.0,0.0,1.029,0.028,0.997,42.0
3002,3002,42_12,42_57,1486133.0,528.2552,10.9754,0.0004,189.9445,763.0,813.0,101.0,3024.0,103.2731,3024.6497,103.2731,3024.6497,142.58342923777028,27.136238873498662,3.71,2.351,88.79,0.00167,0.00131,87.05,103.2731,3024.6497,142.58342923777028,27.136238873498662,3.0190632348,4.0936553997,3.0190632348,4.0936553997,2.027,1.733,83.1,2.02722,1.732945,83.1,23.3868,6.0,17.72,1.578,0.366,0.798,42.0
3003,3003,42_13,42_56,214.2679,20.17076,20.5782,0.1022,188.6065,6.0,8.0,220.0,3036.0,220.1507,3035.8158,220.1507,3035.8158,142.54651319473123,27.132773629951767,0.815,0.671,42.03,0.09777,0.07776,45.11,220.1507,3035.8158,142.54651319473123,27.132773629951767,0.78861486121,0.67834959847,0.78861486121,0.67834959847,0.888,0.823,2.89,0.8881989,0.8234484,2.89,23.3281,0.0,3.14,1.215,0.177,0.401,42.0
3004,3004,42_14,42_55,2996.284,44.52642,17.7141,0.0161,188.7277,28.0,32.0,199.0,3032.0,199.1709,3032.5537,199.1709,3032.5537,142.55313535357965,27.133750364829535,1.307,1.106,74.66,0.02584,0.02094,77.19,199.1709,3032.5537,142.55313535357965,27.133750364829535,0.45190761959,0.53982265703,0.45190761959,0.53982265703,0.74,0.667,74.31,0.7398301,0.6666197,74.31,23.3273,0.0,2.05,1.182,0.154,0.983,42.0
3005,3005,42_15,42_54,150.7155,17.44918,20.9602,0.1257,188.7707,6.0,6.0,340.0,3030.0,340.1582,3030.1503,340.1582,3030.1503,142.5085574071065,27.13402158034895,0.754,0.567,44.4,0.1074,0.07939,44.98,340.1582,3030.1503,142.5085574071065,27.13402158034895,0.60751683645,0.58838475969,0.60751683645,0.58838475969,0.781,0.765,20.63,0.7814579,0.7650001,20.63,23.3632,0.0,2.78,1.331,0.249,0.429,42.0
3006,3006,42_16,42_53,413.2071,26.61031,19.8652,0.0699,189.6059,11.0,14.0,278.0,3027.0,278.4863,3026.7568,278.4863,3026.7568,142.52804232532017,27.135155386306728,0.954,0.939,-26.12,0.07354,0.07211,-2.04,278.4863,3026.7568,142.52804232532017,27.135155386306728,0.6039426952,0.66278998044,0.6039426952,0.66278998044,0.817,0.774,-74.46,0.8171422,0.7739583,-74.46,23.4287,0.0,2.6,1.016,0.016,0.536,42.0
3007,3007,42_17,42_52,451.3095,25.87826,19.7694,0.0623,188.6743,12.0,13.0,264.0,3024.0,263.8384,3024.3769,263.8384,3024.3769,142.53266533255106,27.135866919717845,1.005,0.866,72.25,0.07336,0.06303,76.09,263.8384,3024.3769,142.53266533255106,27.135866919717845,0.78021974906,0.82187036363,0.78021974906,0.82187036363,0.928,0.861,55.21,0.9277673,0.8610099,55.21,23.361,0.0,3.14,1.16,0.138,0.164,42.0
3055,3055,42_65,42_62,2057.517,39.29603,18.1222,0.0207,188.5739,23.0,27.0,281.0,3073.0,281.0149,3072.82,281.0149,3072.82,142.52739176551083,27.122190856523986,1.212,1.09,84.46,0.03082,0.02645,89.69,281.0149,3072.82,142.52739176551083,27.122190856523986,0.46098151375,0.54169233085,0.46098151375,0.54169233085,0.737,0.678,81.51,0.7372468,0.6775995,81.51,23.372,16.0,2.11,1.112,0.101,0.973,42.0
3056,3056,42_66,42_61,342.2728,23.04077,20.0696,0.0731,189.4372,9.0,10.0,159.0,3073.0,158.7922,3073.5071,158.7922,3073.5071,142.5660293153937,27.122343095408844,0.913,0.721,-88.62,0.08396,0.06168,-89.92,158.7922,3073.5071,142.5660293153937,27.122343095408844,0.46533258743,0.4805436238,0.46533258743,0.4805436238,0.698,0.677,-60.79,0.6981817,0.6770661,-60.79,23.3404,16.0,2.62,1.267,0.211,0.512,42.0
3062,3062,43_6,43_60,123.2616,15.81788,21.1785,0.1394,188.5083,5.0,5.0,773.0,3048.0,772.8051,3048.4001,772.8051,3048.4001,142.3718679972227,27.127542962322806,0.75,0.449,-19.04,0.12586,0.07283,-18.47,772.8051,3048.4001,142.3718679972227,27.127542962322806,0.66101346619,0.52676637489,0.66101346619,0.52676637489,0.82,0.718,-15.78,0.8201652,0.7177109,-15.78,23.3935,0.0,2.34,1.669,0.401,0.413,43.0
3063,3063,43_7,43_59,40535.98,103.9466,14.886,0.0028,187.9082,86.0,93.0,745.0,3033.0,745.3224,3033.4157,745.3224,3033.4157,142.38050027057614,27.131847669306502,1.57,1.371,71.84,0.00575,0.00491,68.44,745.3224,3033.4157,142.38050027057614,27.131847669306502,0.47599927182,0.54018903709,0.47599927182,0.54018903709,0.739,0.686,74.47,0.7386231,0.6860206,74.47,23.3507,0.0,2.27,1.146,0.127,0.984,43.0
3064,3064,43_8,43_58,272.1847,19.94325,20.3184,0.0796,188.2135,8.0,8.0,884.0,3031.0,884.1415,3030.9173,884.1415,3030.9173,142.33661509414355,27.1320912498814,0.81,0.656,48.79,0.08118,0.06426,45.41,884.1415,3030.9173,142.33661509414355,27.1320912498814,0.39208354189,0.47611206115,0.39208354189,0.47611206115,0.699,0.616,70.45,0.6987367,0.616411,70.45,23.4028,0.0,2.19,1.234,0.19,0.323,43.0
3113,3113,43_57,43_64,19309.16,79.89767,15.6912,0.0045,188.5396,66.0,71.0,541.0,3065.0,541.4842,3065.7272,541.4842,3065.7272,142.4450398733423,27.123406721136057,1.512,1.346,73.24,0.00875,0.00783,59.17,541.4842,3065.7272,142.4450398733423,27.123406721136057,0.48672691979,0.55180878649,0.48672691979,0.55180878649,0.745,0.695,77.27,0.7451917,0.6951439,77.27,23.3586,0.0,2.37,1.123,0.11,1.0,43.0
3117,3117,43_61,43_63,148.865,15.92774,20.9736,0.1162,188.3902,5.0,5.0,719.0,3062.0,718.7739,3061.6196,718.7739,3061.6196,142.38899216577263,27.124000437466805,0.752,0.451,17.42,0.11009,0.06382,18.3,718.7739,3061.6196,142.38899216577263,27.124000437466805,0.76265115173,0.58527059689,0.76265115173,0.58527059689,0.875,0.764,6.49,0.8746282,0.7635098,6.49,23.3813,0.0,3.42,1.668,0.401,0.532,43.0
3119,3119,43_63,43_62,464.5781,26.30732,19.7379,0.0615,187.1931,12.0,14.0,910.0,3054.0,909.8936,3054.0647,909.8936,3054.0647,142.32856188012565,27.125493489785303,1.162,0.899,25.61,0.08885,0.06718,26.12,909.8936,3054.0647,142.32856188012565,27.125493489785303,0.78216601471,0.74915518168,0.78216601471,0.74915518168,0.908,0.841,36.73,0.9075553,0.841228,36.73,23.3379,0.0,4.34,1.293,0.227,0.799,43.0
3123,3123,44_3,44_89,5617.806,52.82067,17.0317,0.0102,188.1792,40.0,43.0,1412.0,3062.0,1411.5689,3062.5019,1411.5689,3062.5019,142.17004677562213,27.12133974916265,1.377,1.201,74.02,0.01792,0.01506,77.44,1411.5689,3062.5019,142.17004677562213,27.12133974916265,0.47312370431,0.51238578314,0.47312370431,0.51238578314,0.724,0.679,63.96,0.7243615,0.6788297,63.96,23.3876,0.0,2.13,1.146,0.127,0.988,44.0
3126,3126,44_6,44_88,169683.2,186.6736,13.3315,0.0012,188.3213,156.0,168.0,1149.0,3055.0,1148.94,3054.7628,1148.94,3054.7628,142.25301591518547,27.124469964083644,1.762,1.526,49.54,0.00262,0.00232,56.1,1148.94,3054.7628,142.25301591518547,27.124469964083644,0.56574222558,0.61993425905,0.56574222558,0.61993425905,0.8,0.738,62.34,0.8002931,0.7383816,62.34,23.3805,0.0,2.19,1.155,0.134,0.996,44.0
3127,3127,44_7,44_87,1773.748,44.2644,18.2833,0.0271,188.1489,35.0,38.0,1505.0,3051.0,1504.5709,3050.8494,1504.5709,3050.8494,142.14060647235462,27.1242688590649,1.661,1.335,70.43,0.05151,0.03957,70.23,1504.5709,3050.8494,142.14060647235462,27.1242688590649,1.3286360672,1.5204829695,1.3286360672,1.5204829695,1.245,1.14,70.03,1.244851,1.139941,70.03,23.3826,16.0,4.26,1.244,0.196,0.01,44.0
3128,3128,44_8,44_86,513.5901,26.2805,19.629,0.0556,188.7195,12.0,14.0,1125.0,3052.0,1124.559,3052.2686,1124.559,3052.2686,142.26071158837266,27.125257708198067,0.94,0.921,-13.87,0.05963,0.05832,-2.15,1124.559,3052.2686,142.26071158837266,27.125257708198067,0.5019039773,0.51353264775,0.5019039773,0.51353264775,0.72,0.705,60.71,0.7203284,0.7046728,60.71,23.4297,0.0,2.24,1.02,0.02,0.89,44.0
3129,3129,44_9,44_85,18577.42,78.98074,15.7331,0.0046,189.1516,62.0,71.0,1174.0,3043.0,1173.6926,3043.3325,1173.6926,3043.3325,142.24514830636753,27.127597208753105,1.505,1.34,70.84,0.00895,0.00792,71.45,1173.6926,3043.3325,142.24514830636753,27.127597208753105,0.50428454816,0.55953580272,0.50428454816,0.55953580272,0.755,0.703,68.66,0.7546477,0.703084,68.66,23.4098,0.0,2.32,1.123,0.11,0.984,44.0
3130,3130,44_10,44_84,597882.6,334.1054,11.964,0.0006,189.4281,300.0,317.0,1275.0,3030.0,1275.4453,3031.6199,1275.4453,3031.6199,142.21294275014844,27.13052608132287,1.983,1.675,78.09,0.00146,0.0013,78.96,1275.4453,3031.6199,142.21294275014844,27.13052608132287,0.96395670697,1.4871843692,0.96395670697,1.4871843692,1.221,0.98,85.85,1.220637,0.9804012,85.85,23.3964,4.0,10.92,1.183,0.155,0.998,44.0
3131,3131,44_11,44_83,263.3086,19.87814,20.3544,0.082,188.219,8.0,8.0,1497.0,3030.0,1496.8287,3030.071,1496.8287,3030.071,142.14296666677285,27.130142543311344,0.814,0.654,47.74,0.08372,0.06607,45.26,1496.8287,3030.071,142.14296666677285,27.130142543311344,0.48584968044,0.47057332209,0.48584968044,0.47057332209,0.73,0.651,40.99,0.7300533,0.6507267,40.99,23.3848,0.0,2.24,1.244,0.196,0.265,44.0
3132,3132,44_12,44_82,19171.01,79.47924,15.699,0.0045,188.96,62.0,70.0,1211.0,3023.0,1211.1703,3023.6272,1211.1703,3023.6272,142.23322567451706,27.133006071858887,1.481,1.331,74.67,0.00836,0.00783,71.01,1211.1703,3023.6272,142.23322567451706,27.133006071858887,0.46186586867,0.53056295134,0.46186586867,0.53056295134,0.732,0.676,75.07,0.7319961,0.6757296,75.07,23.3831,0.0,2.13,1.113,0.101,0.983,44.0
3210,3210,44_90,44_90,586.9359,28.56114,19.4841,0.0528,187.6978,12.0,17.0,1057.0,3076.0,1057.5022,3076.054,1057.5022,3076.054,142.28199541608214,27.1188021643294,1.147,0.917,72.51,0.07148,0.05586,74.21,1057.5022,3076.054,142.28199541608214,27.1188021643294,0.53986605171,0.65539156013,0.53986605171,0.65539156013,0.811,0.733,82.3,0.8108901,0.7332904,82.3,23.4027,16.0,3.32,1.25,0.2,0.553,44.0
3213,3213,45_3,45_1,9260.096,67.72093,16.489,0.0079,188.0246,73.0,74.0,1915.0,2568.0,1915.044,2569.703,1915.044,2569.703,142.00870024897395,27.25799413458031,2.108,1.562,-21.74,0.0233,0.01712,-21.53,1915.044,2569.703,142.00870024897395,27.25799413458031,1.4367974092,0.94548454391,1.4367974092,0.94548454391,1.214,0.953,-14.71,1.213734,0.9534836,-14.71,23.4136,24.0,10.87,1.35,0.259,0.065,45.0
3214,3214,45_4,45_83,396.5559,23.43839,19.9098,0.0642,188.573,10.0,11.0,1506.0,3051.0,1506.4938,3051.1552,1506.4938,3051.1552,142.14000003285412,27.12417558076468,1.463,0.496,87.44,0.12241,0.03789,86.86,1506.4938,3051.1552,142.14000003285412,27.12417558076468,0.48048610973,1.3501260268,0.48048610973,1.3501260268,1.162,0.693,88.92,1.162082,0.6929487,88.92,23.3837,24.0,4.53,2.948,0.661,0.645,45.0
3215,3215,45_5,45_87,168.5031,16.50711,20.8391,0.1064,189.665,5.0,5.0,1956.0,3079.0,1955.8255,3078.6224,1955.8255,3078.6224,141.9981173081567,27.114687291222676,0.719,0.452,18.29,0.1043,0.06057,18.48,1955.8255,3078.6224,141.9981173081567,27.114687291222676,0.21445908396,0.16586156916,0.21445908396,0.16586156916,0.464,0.406,9.07,0.4644672,0.405698,9.07,23.3259,24.0,1.34,1.59,0.371,0.477,45.0
3217,3217,45_7,45_82,2090.546,40.5516,18.1049,0.0211,188.9301,23.0,30.0,1681.0,3048.0,1680.6273,3048.0907,1680.6273,3048.0907,142.08495343406727,27.124369815578586,1.241,1.128,64.35,0.03104,0.02781,50.65,1680.6273,3048.0907,142.08495343406727,27.124369815578586,0.4797439638,0.53289427917,0.4797439638,0.53289427917,0.736,0.687,69.94,0.7355776,0.6867051,69.94,23.4259,0.0,2.16,1.101,0.091,0.978,45.0
3218,3218,45_8,45_81,749771.4,372.3689,11.7183,0.0005,189.8085,330.0,344.0,1997.0,3038.0,1996.361,3036.8627,1996.361,3036.8627,141.9851175440473,27.12626726312301,2.066,1.729,81.29,0.00131,0.00116,83.62,1996.361,3036.8627,141.9851175440473,27.12626726312301,1.1958930391,1.725536308,1.1958930391,1.725536308,1.317,1.09,83.02,1.316664,1.089874,83.02,23.3253,4.0,11.32,1.195,0.163,1.0,45.0
3219,3219,45_9,45_80,232.5473,19.49903,20.4893,0.0911,188.2492,7.0,8.0,1852.0,3045.0,1852.1237,3044.8636,1852.1237,3044.8636,142.03073895085055,27.124600791264186,0.823,0.652,44.21,0.09174,0.07253,44.96,1852.1237,3044.8636,142.03073895085055,27.124600791264186,0.40534422824,0.39128795535,0.40534422824,0.39128795535,0.679,0.579,41.79,0.6790555,0.5792373,41.79,23.4069,0.0,2.24,1.262,0.208,0.633,45.0
3220,3220,45_10,45_79,394.6861,26.57963,19.9149,0.0731,190.067,9.0,12.0,2013.0,3035.0,2013.0446,3035.4306,2013.0446,3035.4306,141.9798382389042,27.126601642044,1.005,0.772,-87.29,0.07662,0.05617,-89.53,2013.0446,3035.4306,141.9798382389042,27.126601642044,0.62623099834,0.7039488661,0.62623099834,0.7039488661,0.842,0.789,-76.86,0.8416827,0.7885113,-76.86,23.2811,16.0,2.37,1.302,0.232,0.778,45.0
3221,3221,45_11,45_78,716.9377,31.66482,19.2669,0.048,188.4546,18.0,20.0,1616.0,3033.0,1616.2826,3032.7754,1616.2826,3032.7754,142.105223884883,27.128926606180773,1.217,1.034,21.88,0.06603,0.05455,25.95,1616.2826,3032.7754,142.105223884883,27.128926606180773,0.99162728852,0.842761456,0.99162728852,0.842761456,0.996,0.918,3.27,0.9960499,0.9177545,3.27,23.3813,0.0,3.38,1.177,0.151,0.008,45.0
3222,3222,45_12,45_77,9195.183,60.22533,16.4967,0.0071,188.8865,45.0,48.0,1594.0,3029.0,1593.9771,3029.5643,1593.9771,3029.5643,142.11226002237788,27.129915511826937,1.387,1.244,70.08,0.01205,0.0107,70.56,1593.9771,3029.5643,142.11226002237788,27.129915511826937,0.47922269554,0.53574225973,0.47922269554,0.53574225973,0.736,0.688,72.84,0.7360037,0.6879415,72.84,23.4059,0.0,2.06,1.115,0.103,0.983,45.0
3295,3295,45_85,45_85,414.4224,25.92115,19.862,0.0679,188.0306,10.0,14.0,1753.0,3062.0,1752.6764,3061.5142,1752.6764,3061.5142,142.0622413872043,27.120312212438986,0.976,0.958,42.26,0.07118,0.06985,88.54,1752.6764,3061.5142,142.0622413872043,27.120312212438986,0.98376842729,0.94972532071,0.98376842729,0.94972532071,0.995,0.972,20.51,0.9946404,0.9716914,20.51,23.3924,0.0,3.24,1.018,0.018,0.394,45.0
3296,3296,45_86,45_84,637.3694,27.48261,19.3946,0.0468,187.7891,13.0,15.0,1720.0,3053.0,1720.3354,3052.9967,1720.3354,3052.9967,142.07242524726504,27.12283490708724,1.044,0.843,75.43,0.05957,0.04542,79.83,1720.3354,3052.9967,142.07242524726504,27.12283490708724,0.38726064908,0.44226920915,0.38726064908,0.44226920915,0.673,0.614,68.31,0.6727629,0.613938,68.31,23.3685,0.0,2.02,1.238,0.192,0.93,45.0
3300,3300,46_4,46_62,246.8243,18.96951,20.4246,0.0835,188.4033,6.0,8.0,2338.0,3063.0,2337.8407,3062.8125,2337.8407,3062.8125,141.8773230092622,27.11753175472378,0.778,0.68,-49.16,0.08444,0.06757,-45.46,2337.8407,3062.8125,141.8773230092622,27.11753175472378,0.37325674819,0.47076037797,0.37325674819,0.47076037797,0.689,0.607,78.03,0.6894583,0.6071774,78.03,23.4342,0.0,2.37,1.143,0.125,0.639,46.0
3302,3302,46_6,46_65,2597.904,34.15943,17.869,0.0143,188.5494,14.0,16.0,2133.0,3079.0,2133.2305,3078.3766,2133.2305,3078.3766,141.94205425417692,27.114024561229527,1.091,0.687,2.61,0.02154,0.01238,5.87,2133.2305,3078.3766,141.94205425417692,27.114024561229527,0.34256532034,0.18122070704,0.34256532034,0.18122070704,0.585,0.426,-0.2,0.5852925,0.4256979,-0.2,23.3504,24.0,2.08,1.587,0.37,1.0,46.0
3303,3303,46_7,46_61,1181.865,33.19068,18.7242,0.0305,188.9307,19.0,22.0,2032.0,3055.0,2032.3164,3054.7249,2032.3164,3054.7249,141.97383583987042,27.1210956732409,1.108,1.079,-53.99,0.04032,0.03836,-16.2,2032.3164,3054.7249,141.97383583987042,27.1210956732409,0.49634414354,0.54991636649,0.49634414354,0.54991636649,0.742,0.704,-82.71,0.7421643,0.7038841,-82.71,23.4095,0.0,2.21,1.027,0.026,0.958,46.0
3304,3304,46_8,46_60,740.384,29.06375,19.2319,0.0426,188.3672,15.0,18.0,2422.0,3044.0,2422.4248,3044.1122,2422.4248,3044.1122,141.85050366927084,27.12242290794002,1.096,0.945,84.36,0.05673,0.04628,88.87,2422.4248,3044.1122,141.85050366927084,27.12242290794002,0.46278426382,0.50294115683,0.46278426382,0.50294115683,0.715,0.674,67.71,0.7148767,0.6742973,67.71,23.432,0.0,2.19,1.159,0.137,0.943,46.0
3305,3305,46_9,46_59,25454.73,85.84357,15.3912,0.0037,187.9904,71.0,77.0,2054.0,3034.0,2053.7295,3034.1496,2053.7295,3034.1496,141.9669741062052,27.1267943301293,1.525,1.341,76.3,0.00719,0.00621,76.6,2053.7295,3034.1496,141.9669741062052,27.1267943301293,0.49996073566,0.5608699604,0.49996073566,0.5608699604,0.753,0.703,72.96,0.7531146,0.7026017,72.96,23.3573,0.0,2.36,1.137,0.12,0.989,46.0
3361,3361,46_65,46_64,5242.497,50.18402,17.1067,0.0104,188.4508,38.0,42.0,2338.0,3073.0,2338.5664,3073.683,2338.5664,3073.683,141.87714594930807,27.114471328071208,1.356,1.211,64.05,0.01806,0.01563,56.22,2338.5664,3073.683,141.87714594930807,27.114471328071208,0.47163528909,0.5182150115,0.47163528909,0.5182150115,0.725,0.682,70.31,0.7246095,0.6817561,70.31,23.437,16.0,2.23,1.12,0.107,1.0,46.0
3362,3362,46_66,46_63,385.6758,24.87248,19.94,0.07,188.3362,10.0,13.0,2194.0,3064.0,2193.9803,3063.6697,2193.9803,3063.6697,141.92278798983506,27.11790551893101,1.155,0.748,88.04,0.09096,0.05666,89.83,2193.9803,3063.6697,141.92278798983506,27.11790551893101,0.56727663644,0.87982844124,0.56727663644,0.87982844124,0.943,0.747,80.47,0.9428104,0.747137,80.47,23.3989,0.0,3.63,1.543,0.352,0.371,46.0
3366,3366,47_4,47_87,204.6436,18.45136,20.6281,0.0979,189.4161,6.0,7.0,2623.0,3066.0,2622.5785,3066.2898,2622.5785,3066.2898,141.78736879276977,27.11529416580566,0.959,0.482,82.53,0.12168,0.05618,81.7,2622.5785,3066.2898,141.78736879276977,27.11529416580566,0.38542202398,0.52200555377,0.38542202398,0.52200555377,0.723,0.621,-88.07,0.7226075,0.620698,-88.07,23.3834,0.0,4.02,1.99,0.497,0.251,47.0
3370,3370,47_8,47_86,2969.466,43.5901,17.7239,0.0159,189.1789,27.0,35.0,2877.0,3048.0,2876.6567,3048.5984,2876.6567,3048.5984,141.70700642453474,27.11909440971157,1.3,1.138,74.46,0.02481,0.02185,77.32,2876.6567,3048.5984,141.70700642453474,27.11909440971157,0.4338647732,0.49586071266,0.4338647732,0.49586071266,0.708,0.654,73.36,0.7084786,0.6540517,73.36,23.4869,0.0,2.11,1.142,0.124,0.987,47.0
3371,3371,47_9,47_85,17571.94,75.49537,15.7935,0.0047,188.0504,62.0,68.0,3009.0,3044.0,3008.764,3043.7683,3008.764,3043.7683,141.66524967576862,27.119821326937583,1.478,1.323,71.41,0.00862,0.0079,61.96,3008.764,3043.7683,141.66524967576862,27.119821326937583,0.47095838641,0.53622295428,0.47095838641,0.53622295428,0.736,0.682,74.74,0.7358457,0.6824313,74.74,23.4098,0.0,2.25,1.117,0.105,0.987,47.0
3372,3372,47_10,47_84,307.513,22.10544,20.1859,0.0781,190.2713,9.0,10.0,2744.0,3041.0,2743.7921,3041.451,2743.7921,3041.451,141.74894513630343,27.12172516863769,0.957,0.726,88.58,0.08342,0.06106,89.85,2743.7921,3041.451,141.74894513630343,27.12172516863769,0.74556607215,0.85569484586,0.74556607215,0.85569484586,0.927,0.861,79.91,0.9269834,0.8613726,79.91,23.3952,0.0,3.79,1.318,0.241,0.105,47.0
3374,3374,47_12,47_82,635.7339,26.67179,19.3974,0.0456,189.2443,14.0,15.0,2874.0,3033.0,2874.5491,3033.3141,2874.5491,3033.3141,141.70759241929312,27.123402541454148,1.003,0.908,39.9,0.0517,0.04513,44.98,2874.5491,3033.3141,141.70759241929312,27.123402541454148,0.43437499784,0.38885080384,0.43437499784,0.38885080384,0.659,0.623,4.82,0.6593188,0.6233174,4.82,23.4931,0.0,1.92,1.105,0.095,0.915,47.0
3375,3375,47_13,47_81,8744.877,60.9291,16.5512,0.0076,188.0504,47.0,56.0,3011.0,3029.0,3011.1363,3029.3252,3011.1363,3029.3252,141.66442340402966,27.123871327714262,1.432,1.29,69.48,0.01365,0.01255,63.14,3011.1363,3029.3252,141.66442340402966,27.123871327714262,0.48800907956,0.55060251445,0.48800907956,0.55060251445,0.746,0.694,73.27,0.7462047,0.694111,73.27,23.4226,0.0,2.09,1.11,0.099,0.982,47.0
3376,3376,47_14,47_80,210.6039,19.41514,20.5969,0.1001,189.2041,7.0,8.0,2581.0,3030.0,2581.7075,3030.5899,2581.7075,3030.5899,141.80010393454492,27.125518587575044,0.936,0.627,16.35,0.10642,0.07073,17.33,2581.7075,3030.5899,141.80010393454492,27.125518587575044,0.81598801177,0.66536771393,0.81598801177,0.66536771393,0.905,0.813,9.03,0.9054795,0.8133035,9.03,23.4248,0.0,3.73,1.492,0.33,0.603,47.0
3380,3380,47_18,47_78,243.8789,20.9924,20.4376,0.0935,194.445,8.0,9.0,2706.0,3022.0,2705.819,3021.7297,2705.819,3021.7297,141.76084232079734,27.127446219091524,0.895,0.676,-69.67,0.0842,0.06072,-69.28,2705.819,3021.7297,141.76084232079734,27.127446219091524,0.5257647285,0.59444731442,0.5257647285,0.59444731442,0.773,0.723,-77.69,0.7732282,0.7227241,-77.69,23.6818,0.0,2.38,1.324,0.244,0.408,47.0
3455,3455,47_93,47_89,1096.487,31.36795,18.8056,0.0311,188.5283,16.0,20.0,2853.0,3075.0,2852.6346,3074.8507,2852.6346,3074.8507,141.7147317839642,27.111825107381545,1.108,0.969,72.28,0.0409,0.03492,69.11,2852.6346,3074.8507,141.7147317839642,27.111825107381545,0.42523696647,0.48148526092,0.42523696647,0.48148526092,0.694,0.652,89.6,0.6938934,0.6520998,89.6,23.4293,16.0,2.11,1.143,0.125,0.978,47.0
3456,3456,47_94,47_88,161.6857,16.675,20.8839,0.112,188.0504,6.0,6.0,2930.0,3067.0,2930.2153,3067.2192,2930.2153,3067.2192,141.69018522104628,27.113603825948847,0.756,0.563,45.24,0.0956,0.07038,45.05,2930.2153,3067.2192,141.69018522104628,27.113603825948847,0.78286258089,0.76522237185,0.78286258089,0.76522237185,0.907,0.852,39.73,0.9067781,0.8519616,39.73,23.4081,0.0,3.78,1.343,0.256,0.563,47.0
