col1_1,Unnamed: 0_1,NUMBER_1,ID_PARENT_1,FLUX_ISO_1,FLUXERR_ISO_1,MAG_ISO_1,MAGERR_ISO_1,BACKGROUND_1,ISOAREA_IMAGE_1,ISOAREAF_IMAGE_1,XPEAK_IMAGE_1,YPEAK_IMAGE_1,X_IMAGE_1,Y_IMAGE_1,X_IMAGE_DBL_1,Y_IMAGE_DBL_1,X_WORLD_1,Y_WORLD_1,A_IMAGE_1,B_IMAGE_1,THETA_IMAGE_1,ERRA_IMAGE_1,ERRB_IMAGE_1,ERRTHETA_IMAGE_1,XWIN_IMAGE_1,YWIN_IMAGE_1,XWIN_WORLD_1,YWIN_WORLD_1,X2WIN_IMAGE_1,Y2WIN_IMAGE_1,X2WIN_WORLD_1,Y2WIN_WORLD_1,AWIN_IMAGE_1,BWIN_IMAGE_1,THETAWIN_IMAGE_1,AWIN_WORLD_1,BWIN_WORLD_1,THETAWIN_WORLD_1,MU_THRESHOLD_1,FLAGS_1,FWHM_IMAGE_1,ELONGATION_1,ELLIPTICITY_1,CLASS_STAR_1,SUBDIV_NUMBER_1,col1_2,Unnamed: 0_2,NUMBER_2,ID_PARENT_2,FLUX_ISO_2,FLUXERR_ISO_2,MAG_ISO_2,MAGERR_ISO_2,BACKGROUND_2,ISOAREA_IMAGE_2,ISOAREAF_IMAGE_2,XPEAK_IMAGE_2,YPEAK_IMAGE_2,X_IMAGE_2,Y_IMAGE_2,X_IMAGE_DBL_2,Y_IMAGE_DBL_2,X_WORLD_2,Y_WORLD_2,A_IMAGE_2,B_IMAGE_2,THETA_IMAGE_2,ERRA_IMAGE_2,ERRB_IMAGE_2,ERRTHETA_IMAGE_2,XWIN_IMAGE_2,YWIN_IMAGE_2,XWIN_WORLD_2,YWIN_WORLD_2,X2WIN_IMAGE_2,Y2WIN_IMAGE_2,X2WIN_WORLD_2,Y2WIN_WORLD_2,AWIN_IMAGE_2,BWIN_IMAGE_2,THETAWIN_IMAGE_2,AWIN_WORLD_2,BWIN_WORLD_2,THETAWIN_WORLD_2,MU_THRESHOLD_2,FLAGS_2,FWHM_IMAGE_2,ELONGATION_2,ELLIPTICITY_2,CLASS_STAR_2,SUBDIV_NUMBER_2,Separation
4,4,0_5,0_149,1112.557,13.50505,18.6881,0.0132,0.0,24.0,24.0,348.0,487.0,347.8503,486.4683,347.8503,486.4683,192.7686680555262,27.815090213260564,0.992,0.76,-8.93,0.01204,0.00923,-8.93,347.8503,486.4683,192.7686680555262,27.815090213260564,0.41863487832,0.36233285987,0.41863487832,0.36233285987,0.656,0.592,-22.96,0.6564654,0.5916257,-22.96,47.5647,0.0,2.38,1.305,0.234,1.0,0.0,29,29,0_30,0_29,1035.291,38.63292,18.7662,0.0405,191.63,27.0,31.0,348.0,487.0,347.9814,486.4523,347.9814,486.4523,192.7686262162344,27.81509373654905,1.481,1.313,-13.31,0.06428,0.0573,-16.74,347.9814,486.4523,192.7686262162344,27.81509373654905,1.6141319945,1.4093428344,1.6141319945,1.4093428344,1.272,1.185,-8.1,1.272149,1.185374,-8.1,23.3227,0.0,4.51,1.128,0.114,0.06,0.0,0.13207274510663264
5,5,0_6,0_148,1130.237,13.61193,18.6709,0.0131,-3.258241E-5,8.0,8.0,38.0,484.0,37.7413,484.0277,37.7413,484.0277,192.8672944402614,27.81805186592367,0.451,0.39,-27.33,0.00544,0.0047,-27.33,37.7413,484.0277,192.8672944402614,27.81805186592367,0.10768666445,0.09596925665,0.10768666445,0.09596925665,0.328,0.31,-0.79,0.3281599,0.3097854,-0.79,54.7905,0.0,0.92,1.157,0.136,1.0,0.0,3,3,0_4,0_28,1001.86,33.41445,18.8018,0.0362,191.8336,20.0,22.0,38.0,484.0,37.6975,484.0366,37.6975,484.0366,192.8673084471365,27.818049680506125,1.211,1.084,-38.69,0.05089,0.04377,-35.94,37.6975,484.0366,192.8673084471365,27.818049680506125,0.80722032727,0.79151808067,0.80722032727,0.79151808067,0.912,0.876,-37.81,0.9115779,0.8762215,-37.81,23.313,0.0,3.08,1.117,0.105,0.914,0.0,0.044695078028806484
6,6,0_7,0_147,777.5142,11.28988,19.0771,0.0158,-3.363348E-9,27.0,27.0,433.0,478.0,432.9873,478.2804,432.9873,478.2804,192.74151585283016,27.81675648872675,0.97,0.834,38.0,0.01408,0.01212,38.0,432.9873,478.2804,192.74151585283016,27.81675648872675,0.50228701407,0.49878195185,0.50228701407,0.49878195185,0.755,0.657,44.27,0.7547387,0.6568398,44.27,99.0,0.0,3.23,1.163,0.14,1.0,0.0,5,5,0_6,0_27,654.039,32.27585,19.2649,0.0536,191.7719,22.0,22.0,433.0,478.0,433.0179,478.2981,433.0179,478.2981,192.74150627132863,27.81675128282955,1.305,1.153,50.85,0.07577,0.06502,54.02,433.0179,478.2981,192.74150627132863,27.81675128282955,1.6556999285,1.5272576577,1.6556999285,1.5272576577,1.295,1.227,20.95,1.295285,1.226863,20.95,23.3341,0.0,4.8,1.132,0.117,0.048,0.0,0.03535038896531721
11,11,0_12,0_142,1418.235,15.24787,18.4245,0.0117,-1.867731E-8,6.0,6.0,381.0,462.0,380.9655,461.5228,380.9655,461.5228,192.75792050875512,27.8218571298275,0.523,0.499,-4.09,0.00563,0.00537,-4.09,380.9655,461.5228,192.75792050875512,27.8218571298275,0.091663149664,0.24831440614,0.091663149664,0.24831440614,0.498,0.303,-89.69,0.498316,0.3027518,-89.69,40.6663,0.0,1.15,1.048,0.046,1.0,0.0,6,6,0_7,0_26,1304.686,38.13474,18.5151,0.0317,190.8496,25.0,29.0,381.0,462.0,381.0456,461.5294,381.0456,461.5294,192.7578950841857,27.82185467642163,1.34,1.218,-5.83,0.04825,0.04524,-10.49,381.0456,461.5294,192.7578950841857,27.82185467642163,1.0013344804,0.83199198834,1.0013344804,0.83199198834,1.001,0.912,-1.56,1.00073,0.9120673,-1.56,23.2668,0.0,3.35,1.101,0.092,0.805,0.0,0.08037145015484863
15,15,0_16,0_138,377.1195,7.862752,19.8627,0.0226,-9.116819E-8,6.0,6.0,404.0,431.0,403.5992,430.6518,403.5992,430.6518,192.75045535553653,27.830367543851445,0.509,0.458,-36.46,0.0106,0.00956,-36.46,403.5992,430.6518,192.75045535553653,27.830367543851445,0.21684913058,0.17731921604,0.21684913058,0.17731921604,0.472,0.414,-19.51,0.471721,0.4143038,-19.51,40.8043,0.0,1.05,1.109,0.099,1.0,0.0,7,7,0_8,0_25,285.3053,21.78305,20.1656,0.0829,190.3022,8.0,10.0,403.0,431.0,403.5272,430.7658,403.5272,430.7658,192.7504792402588,27.83033603108866,0.952,0.72,-2.65,0.09485,0.0695,-0.28,403.5272,430.7658,192.7504792402588,27.83033603108866,0.83391910296,0.73611333008,0.83391910296,0.73611333008,0.917,0.854,-14.66,0.9171193,0.8537708,-14.66,23.2307,0.0,3.1,1.323,0.244,0.511,0.0,0.13483323032549452
20,20,0_21,0_133,8077.222,36.38866,16.5357,0.0049,0.0,6.0,6.0,183.0,415.0,182.85,415.0506,182.85,415.0506,192.820554427863,27.83638877050817,0.357,0.269,-2.58,0.00161,0.00121,-2.58,182.85,415.0506,192.820554427863,27.83638877050817,0.093917518883,0.088086113596,0.093917518883,0.088086113596,0.306,0.297,-0.05,0.3064597,0.296793,-0.05,99.0,0.0,1.73,1.329,0.248,1.0,0.0,8,8,0_9,0_24,7883.537,61.40064,16.5621,0.0085,191.0968,53.0,59.0,183.0,415.0,182.8978,415.1435,182.8978,415.1435,192.8205400008034,27.83636230022154,1.573,1.454,3.0,0.0166,0.01482,7.43,182.8978,415.1435,192.8205400008034,27.83636230022154,0.93398159747,0.85240190156,0.93398159747,0.85240190156,0.967,0.923,-4.96,0.9667478,0.9229205,-4.96,23.3078,0.0,3.0,1.082,0.076,0.982,0.0,0.10447607381600583
25,25,0_26,0_128,41009.65,81.99326,14.7717,0.0022,-8.282748E-7,1047.0,1047.0,482.0,388.0,481.4984,388.0036,481.4984,388.0036,192.7253039524149,27.841773141920644,5.614,5.283,-38.17,0.01122,0.01056,-38.17,481.4984,388.0036,192.7253039524149,27.841773141920644,3.9505791672,4.0106584007,3.9505791672,4.0106584007,2.005,1.985,-70.66,2.004768,1.985483,-70.66,38.7393,16.0,2.57,1.063,0.059,0.995,0.0,10,10,0_11,0_22,38963.63,186.0377,14.8272,0.0052,192.5885,469.0,517.0,482.0,388.0,481.5656,387.8917,481.5656,387.8917,192.72528160386443,27.841804095335853,4.519,4.324,-57.75,0.02736,0.02566,-56.76,481.5656,387.8917,192.72528160386443,27.841804095335853,5.7569987461,5.7167728285,5.7569987461,5.7167728285,2.401,2.39,-20.72,2.400774,2.389572,-20.72,23.195,0.0,5.61,1.045,0.043,0.028,0.0,0.1305275832918083
28,28,0_29,0_125,241114.0,198.8137,12.8483,9.0E-4,5.149169E-4,6.0,6.0,373.0,403.0,373.2565,402.8539,373.2565,402.8539,192.7598706175427,27.83840959150695,0.497,0.45,20.7,4.1E-4,3.7E-4,20.7,373.2565,402.8539,192.7598706175427,27.83840959150695,0.18011078945,0.14489251281,0.18011078945,0.14489251281,0.425,0.38,4.3,0.4246305,0.3803844,4.3,99.0,4.0,0.0,1.104,0.094,1.0,0.0,9,9,0_10,0_23,246713.3,221.3463,12.8234,0.001,191.7489,187.0,201.0,373.0,403.0,373.3173,402.9168,373.3173,402.9168,192.75985181170307,27.83839145364105,1.775,1.708,0.26,0.0021,0.00204,30.93,373.3173,402.9168,192.75985181170307,27.83839145364105,1.0008312433,0.89705803247,1.0008312433,0.89705803247,1.002,0.946,-9.06,1.001768,0.9457006,-9.06,23.3287,0.0,3.05,1.039,0.038,0.994,0.0,0.08748171237463441
33,33,0_34,0_120,481.0576,8.880423,19.5984,0.02,0.0,22.0,22.0,38.0,397.0,38.1007,397.0259,38.1007,397.0259,192.8664589513789,27.84251153109994,1.373,0.608,-18.25,0.02534,0.01122,-18.25,38.1007,397.0259,192.8664589513789,27.84251153109994,0.63896232643,0.34596448877,0.63896232643,0.34596448877,0.826,0.55,-19.85,0.8263515,0.549609,-19.85,52.2461,0.0,3.99,2.258,0.557,1.0,0.0,11,11,0_12,0_21,292.4477,24.54896,20.1387,0.0912,191.5231,9.0,13.0,38.0,397.0,38.0102,397.125,38.0102,397.125,192.8664885680604,27.842484323189662,1.23,0.761,-0.94,0.11574,0.0687,-0.07,38.0102,397.125,192.8664885680604,27.842484323189662,1.913450453,1.4698332684,1.913450453,1.4698332684,1.398,1.195,-16.43,1.398467,1.194811,-16.43,23.3108,0.0,4.29,1.616,0.381,0.495,0.0,0.1342052905067653
54,54,0_55,0_100,533.7421,9.354074,19.4855,0.019,0.001311696,6.0,6.0,486.0,356.0,485.844,356.1405,485.844,356.1405,192.72364567216988,27.85069835821537,0.672,0.472,-49.29,0.01177,0.00827,-49.29,485.844,356.1405,192.72364567216988,27.85069835821537,0.13848691589,0.15375281171,0.13848691589,0.15375281171,0.415,0.346,-53.43,0.4152401,0.3461436,-53.43,99.0,0.0,1.49,1.423,0.297,1.0,0.0,12,12,0_13,0_20,359.3793,25.55612,19.915,0.0772,193.6398,11.0,11.0,486.0,356.0,485.8002,356.169,485.8002,356.169,192.72365985559145,27.85069067604968,0.954,0.827,-38.06,0.078,0.06708,-39.1,485.8002,356.169,192.72365985559145,27.85069067604968,0.89861526807,0.84576779529,0.89861526807,0.84576779529,0.972,0.894,-34.37,0.9721299,0.8940619,-34.37,23.2321,0.0,5.04,1.154,0.133,0.29,0.0,0.05225600443966579
58,58,0_59,0_96,525.1879,9.278812,19.5031,0.0192,5.449717E-6,10.0,10.0,282.0,324.0,281.8927,323.6263,281.8927,323.6263,192.7882669553395,27.861363037638515,0.833,0.555,-79.09,0.01472,0.0098,-79.09,281.8927,323.6263,192.7882669553395,27.861363037638515,0.1927785382,0.35111690976,0.1927785382,0.35111690976,0.594,0.437,-83.8,0.5941461,0.4369049,-83.8,45.5103,0.0,1.89,1.501,0.334,1.0,0.0,13,13,0_14,0_19,399.5139,26.83852,19.8,0.073,191.2039,14.0,15.0,282.0,324.0,281.9026,323.5065,281.9026,323.5065,192.7882627879052,27.86139664512124,1.063,0.981,-24.85,0.08627,0.07623,-14.32,281.9026,323.5065,192.7882627879052,27.86139664512124,1.2842741643,1.4251606268,1.2842741643,1.4251606268,1.196,1.131,-80.3,1.195575,1.131386,-80.3,23.2797,0.0,4.4,1.084,0.077,0.007,0.0,0.1202083607741151
62,62,0_63,0_92,270.8111,6.662977,20.2222,0.0267,3.028686E-6,7.0,7.0,207.0,323.0,207.0494,323.1138,207.0494,323.1138,192.8120802961136,27.86205933444128,0.6,0.485,-66.41,0.01475,0.01194,-66.41,207.0494,323.1138,192.8120802961136,27.86205933444128,0.092409639397,0.1446843141,0.092409639397,0.1446843141,0.381,0.303,-85.53,0.3807966,0.3034599,-85.53,45.6638,0.0,1.46,1.236,0.191,1.0,0.0,14,14,0_15,0_18,184.8981,18.23228,20.6365,0.1071,190.8613,7.0,7.0,207.0,323.0,207.0143,322.988,207.0143,322.988,192.81209040594644,27.86209496063316,0.896,0.534,-45.31,0.12223,0.07071,-45.02,207.0143,322.988,192.81209040594644,27.86209496063316,0.8287197284,0.82474753401,0.8287197284,0.82474753401,0.967,0.848,-44.47,0.966674,0.8479438,-44.47,23.2715,0.0,4.09,1.678,0.404,0.497,0.0,0.13060493865090506
65,65,0_66,0_89,3434.52,23.72838,17.4642,0.0075,5.245296E-6,4.0,4.0,225.0,315.0,224.6207,314.8009,224.6207,314.8009,192.80641830644,27.86426713940431,0.492,0.391,-15.39,0.0034,0.0027,-15.39,224.6207,314.8009,192.80641830644,27.86426713940431,0.15327555328,0.05582826485,0.15327555328,0.05582826485,0.392,0.236,-2.67,0.3917751,0.2358307,-2.67,46.2645,0.0,1.03,1.256,0.204,1.0,0.0,15,15,0_16,0_17,3128.451,47.86925,17.5655,0.0166,192.1048,34.0,41.0,225.0,315.0,224.6486,314.846,224.6486,314.846,192.80640980824612,27.86425425434838,1.413,1.35,-0.35,0.02762,0.02572,14.19,224.6486,314.846,192.80640980824612,27.86425425434838,0.87717018476,0.81653603669,0.87717018476,0.81653603669,0.939,0.901,-14.24,0.9387995,0.9013111,-14.24,23.3497,0.0,2.91,1.047,0.045,0.974,0.0,0.0530322543363802
67,67,0_68,0_87,28165.16,67.95026,15.1796,0.0026,7.565495E-9,4.0,4.0,347.0,298.0,346.84,297.5643,346.84,297.5643,192.7673761667536,27.86820781210478,0.507,0.352,-73.42,0.00122,8.5E-4,-73.42,346.84,297.5643,192.7673761667536,27.86820781210478,0.044416848535,0.22767552342,0.044416848535,0.22767552342,0.478,0.209,-86.93,0.4777071,0.2094952,-86.93,41.4131,0.0,1.09,1.441,0.306,1.0,0.0,16,16,0_17,0_16,28068.43,93.24477,15.1833,0.0036,191.3339,85.0,94.0,347.0,298.0,346.8978,297.6216,346.8978,297.6216,192.76735826135743,27.868191272640843,1.665,1.585,-4.3,0.00749,0.00725,9.17,346.8978,297.6216,192.76735826135743,27.868191272640843,0.96928519284,0.86651129725,0.96928519284,0.86651129725,0.986,0.929,-10.52,0.9863869,0.9288904,-10.52,23.2933,0.0,3.03,1.051,0.048,0.983,0.0,0.08138875843754298
71,71,0_72,0_83,618.0583,10.06583,19.3263,0.0177,1.986334E-4,18.0,18.0,240.0,284.0,240.4578,283.8051,240.4578,283.8051,192.8011162054821,27.872864563322487,0.634,0.573,-67.72,0.01033,0.00933,-67.72,240.4578,283.8051,192.8011162054821,27.872864563322487,0.24589211907,0.14237222533,0.24589211907,0.14237222533,0.496,0.377,-2.07,0.4960112,0.3771435,-2.07,99.0,0.0,1.22,1.107,0.096,1.0,0.0,17,17,0_18,0_14,617.0736,30.43043,19.328,0.0536,190.9619,14.0,19.0,240.0,284.0,240.4712,283.7836,240.4712,283.7836,192.8011117589224,27.87287050891756,1.024,0.962,-66.49,0.06588,0.05817,-75.77,240.4712,283.7836,192.8011117589224,27.87287050891756,0.85280423809,0.76950143135,0.85280423809,0.76950143135,0.924,0.877,-5.22,0.9238541,0.876812,-5.22,23.2702,0.0,3.24,1.065,0.061,0.699,0.0,0.02533396929027571
74,74,0_75,0_80,15091.63,49.7397,15.857,0.0036,-6.768997E-8,6.0,6.0,298.0,266.0,297.8676,265.9996,297.8676,265.9996,192.78269330776672,27.87744564786776,0.446,0.367,-6.16,0.00147,0.00121,-6.16,297.8676,265.9996,192.78269330776672,27.87744564786776,0.09210594018,0.086608150546,0.09210594018,0.086608150546,0.303,0.294,-0.31,0.3034899,0.2942924,-0.31,41.4947,0.0,2.32,1.217,0.178,1.0,0.0,18,18,0_19,0_13,14957.98,75.8129,15.8667,0.0055,190.8306,67.0,76.0,298.0,266.0,297.9148,266.0739,297.9148,266.0739,192.78267891677348,27.87742440974065,1.604,1.554,0.52,0.01097,0.01075,58.14,297.9148,266.0739,192.78267891677348,27.87742440974065,0.94561342961,0.86049359265,0.94561342961,0.86049359265,0.974,0.926,-10.14,0.9738725,0.9261099,-10.14,23.2633,0.0,3.02,1.032,0.031,0.985,0.0,0.08802459883465594
79,79,0_80,0_75,1511.421,15.74083,18.3554,0.0113,-2.347319E-7,18.0,18.0,121.0,232.0,120.9247,231.9564,120.9247,231.9564,192.8387264958272,27.888318485024527,0.477,0.393,-76.29,0.00496,0.00409,-76.29,120.9247,231.9564,192.8387264958272,27.888318485024527,0.092074877707,0.096283149195,0.092074877707,0.096283149195,0.31,0.303,-89.48,0.3102958,0.3034379,-89.48,46.2214,0.0,2.5,1.213,0.176,1.0,0.0,19,19,0_20,0_12,1383.518,37.34236,18.4514,0.0293,191.5052,26.0,27.0,121.0,232.0,120.833,232.0074,120.833,232.0074,192.8387561114405,27.888304816815925,1.298,1.174,-32.16,0.04369,0.03868,-32.6,120.833,232.0074,192.8387561114405,27.888304816815925,0.85179270091,0.82225943396,0.85179270091,0.82225943396,0.93,0.899,-29.24,0.9301968,0.8993253,-29.24,23.3173,0.0,3.07,1.106,0.096,0.892,0.0,0.10492802294906398
89,89,0_90,0_65,8049.055,36.32516,16.5395,0.0049,-3.034979E-6,12.0,12.0,262.0,196.0,261.6491,196.2437,261.6491,196.2437,192.79362982882373,27.89732411727778,0.486,0.425,-20.82,0.00219,0.00192,-20.82,261.6491,196.2437,192.79362982882373,27.89732411727778,0.13164035653,0.074445575593,0.13164035653,0.074445575593,0.363,0.272,-4.62,0.3633415,0.272156,-4.62,44.1342,0.0,0.89,1.145,0.127,1.0,0.0,20,20,0_21,0_11,7866.6,62.65893,16.5644,0.0087,191.1519,56.0,61.0,262.0,196.0,261.7,196.3011,261.7,196.3011,192.79361411189467,27.89730760445975,1.6,1.482,8.9,0.01713,0.01528,21.12,261.7,196.3011,192.79361411189467,27.89730760445975,1.0180238159,0.91031521479,1.0180238159,0.91031521479,1.01,0.953,-7.97,1.01004,0.9529738,-7.97,23.2874,0.0,3.04,1.079,0.073,0.982,0.0,0.07671746867566373
109,109,0_110,0_45,595.6288,9.881502,19.3664,0.018,-8.201559E-8,24.0,24.0,46.0,133.0,44.7902,132.6821,44.7902,132.6821,192.86213768858656,27.91678167872941,1.402,0.652,22.91,0.02326,0.01082,22.91,44.7902,132.6821,192.86213768858656,27.91678167872941,0.79064094073,0.41412987965,0.79064094073,0.41412987965,0.945,0.559,24.8,0.94489,0.5585282,24.8,45.1893,0.0,5.1,2.149,0.535,1.0,0.0,22,22,0_23,0_9,453.3701,29.30706,19.6627,0.0702,190.7566,16.0,18.0,45.0,133.0,44.9877,132.6832,44.9877,132.6832,192.86207481408053,27.916779935554228,1.27,1.003,4.68,0.09587,0.0758,0.32,44.9877,132.6832,192.86207481408053,27.916779935554228,2.1641406201,1.7388371409,2.1641406201,1.7388371409,1.498,1.288,21.66,1.497912,1.288114,21.66,23.271,0.0,5.55,1.267,0.211,0.025,0.0,0.19750306326738132
111,111,0_112,0_43,81339.62,115.4745,14.0281,0.0015,1.277899E-6,7.0,7.0,311.0,131.0,310.9103,130.806,310.9103,130.806,192.77739115240385,27.915354327240525,0.416,0.346,-68.69,5.9E-4,4.9E-4,-68.69,310.9103,130.806,192.77739115240385,27.915354327240525,0.095634900252,0.10339518379,0.095634900252,0.10339518379,0.322,0.309,-88.76,0.3215569,0.309243,-88.76,44.0678,4.0,-0.18,1.203,0.169,1.0,0.0,21,21,0_22,0_10,82553.25,139.5118,14.012,0.0018,190.5961,124.0,137.0,311.0,131.0,310.9838,130.8653,310.9838,130.8653,192.77736825591592,27.915337111371866,1.727,1.666,-2.02,0.00392,0.00388,3.92,310.9838,130.8653,192.77736825591592,27.915337111371866,0.98266983874,0.88875008899,0.98266983874,0.88875008899,0.993,0.941,-9.68,0.9927157,0.9412415,-9.68,23.2601,0.0,3.07,1.037,0.035,0.985,0.0,0.09443908089341352
114,114,0_115,0_40,1603.474,16.2131,18.2912,0.011,-0.001757553,50.0,50.0,190.0,112.0,190.263,112.7823,190.263,112.7823,192.81565236031184,27.92131286626247,2.43,0.7,58.02,0.02457,0.00708,58.02,190.263,112.7823,192.81565236031184,27.92131286626247,0.86761586394,1.4218068601,0.86761586394,1.4218068601,1.371,0.639,56.06,1.371358,0.6393753,56.06,33.2218,0.0,7.28,3.469,0.712,1.0,0.0,23,23,0_24,0_8,1588.952,48.50362,18.3011,0.0332,190.6587,44.0,49.0,190.0,112.0,190.2858,112.8564,190.2858,112.8564,192.8156457242316,27.92129186838974,2.379,1.315,53.77,0.0863,0.04805,52.49,190.2858,112.8564,192.8156457242316,27.92129186838974,2.3849471255,3.0187915824,2.3849471255,3.0187915824,1.885,1.36,55.91,1.885376,1.359815,55.91,23.2721,0.0,7.93,1.81,0.447,0.002,0.0,0.07752838189977668
121,121,0_122,0_33,85013.8,118.0538,13.9801,0.0015,2.663494E-6,4.0,4.0,407.0,104.0,406.6225,104.3603,406.6225,104.3603,192.74669081062373,27.922073725108596,0.505,0.459,-42.09,7.0E-4,6.4E-4,-42.09,406.6225,104.3603,192.74669081062373,27.922073725108596,0.18046914573,0.16889649558,0.18046914573,0.16889649558,0.435,0.401,-33.0,0.4346388,0.4005681,-33.0,44.3796,0.0,0.91,1.1,0.091,1.0,0.0,24,24,0_25,0_7,85715.48,141.4166,13.9712,0.0018,191.0637,129.0,138.0,407.0,104.0,406.691,104.4366,406.691,104.4366,192.74666965576785,27.92205176389268,1.726,1.674,-1.93,0.00385,0.00376,29.06,406.691,104.4366,192.74666965576785,27.92205176389268,0.99490249554,0.90900244692,0.99490249554,0.90900244692,0.999,0.952,-11.09,0.999168,0.9516135,-11.09,23.2941,0.0,3.05,1.031,0.03,0.999,0.0,0.10253750533339814
139,139,0_140,0_15,11519.85,43.45688,16.1502,0.0041,0.001816817,12.0,12.0,472.0,46.0,471.8164,46.3527,471.8164,46.3527,192.7254317110509,27.937888525659357,0.479,0.391,-85.71,0.00181,0.00148,-85.71,471.8164,46.3527,192.7254317110509,27.937888525659357,0.12797610712,0.20319192416,0.12797610712,0.20319192416,0.451,0.358,-89.34,0.4507792,0.3577236,-89.34,44.0194,0.0,0.88,1.223,0.182,1.0,0.0,26,26,0_27,0_5,11234.42,68.06918,16.1775,0.0066,190.7352,61.0,64.0,472.0,46.0,471.8537,46.4095,471.8537,46.4095,192.7254203242585,27.937872278881,1.604,1.494,3.69,0.01287,0.01164,15.25,471.8537,46.4095,192.7254203242585,27.937872278881,0.98023214048,0.90457137389,0.98023214048,0.90457137389,0.991,0.951,-6.58,0.9905818,0.9505532,-6.58,23.2684,0.0,3.06,1.074,0.069,0.981,0.0,0.06795240981747078
146,146,0_147,0_8,330.8676,7.364821,20.0047,0.0242,-3.710509E-5,6.0,6.0,245.0,20.0,245.0727,19.6986,245.0727,19.6986,192.79741296248227,27.947074331917307,0.548,0.424,-37.98,0.01219,0.00944,-37.98,245.0727,19.6986,192.79741296248227,27.947074331917307,0.073031407116,0.11384401673,0.073031407116,0.11384401673,0.34,0.267,-78.8,0.339865,0.2671465,-78.8,37.2278,0.0,0.97,1.292,0.226,1.0,0.0,27,27,0_28,0_4,195.032,18.11617,20.5786,0.1009,190.8473,6.0,7.0,245.0,20.0,245.0479,19.7103,245.0479,19.7103,192.7974209598244,27.947071226602706,0.736,0.665,-11.3,0.08897,0.08212,-1.12,245.0479,19.7103,192.7974209598244,27.947071226602706,0.88628373062,0.82313278058,0.88628373062,0.82313278058,0.96,0.888,-30.91,0.9599882,0.8876031,-30.91,23.2865,0.0,4.14,1.107,0.096,0.501,0.0,0.02742134205322525
150,150,0_151,0_4,882.7855,12.02992,18.9392,0.0148,0.003590875,13.0,13.0,490.0,14.0,489.6228,14.1013,489.6228,14.1013,192.71948209936852,27.946819091012483,0.541,0.493,-67.49,0.00737,0.00671,-67.49,489.6228,14.1013,192.71948209936852,27.946819091012483,0.16269942479,0.082658146409,0.16269942479,0.082658146409,0.404,0.287,-2.44,0.40354,0.2872508,-2.44,43.3755,0.0,1.03,1.099,0.09,1.0,0.0,0,0,0_1,0_3,807.926,32.37965,19.0354,0.0435,190.9986,17.0,21.0,490.0,14.0,489.7084,14.1248,489.7084,14.1248,192.7194550421821,27.94681183866486,1.164,1.118,-73.82,0.05799,0.05472,-69.47,489.7084,14.1248,192.7194550421821,27.94681183866486,0.91304413603,0.90150443198,0.91304413603,0.90150443198,0.959,0.946,-30.44,0.9587147,0.9462635,-30.44,23.2855,0.0,3.43,1.041,0.04,0.549,0.0,0.08876716735370077
151,151,0_152,0_3,6369.403,32.31353,16.7936,0.0055,0.001793316,7.0,7.0,436.0,12.0,435.8218,12.0023,435.8218,12.0023,192.73659795224305,27.947814829506097,0.41,0.319,-8.69,0.00208,0.00162,-8.69,435.8218,12.0023,192.73659795224305,27.947814829506097,0.099201001186,0.090626114883,0.099201001186,0.090626114883,0.315,0.301,-0.38,0.3149625,0.3010411,-0.38,43.7609,0.0,0.88,1.284,0.221,1.0,0.0,1,1,0_2,0_2,6217.784,57.77778,16.8198,0.0101,190.987,46.0,53.0,436.0,12.0,435.8955,12.0549,435.8955,12.0549,192.7365749340821,27.947799490547133,1.557,1.433,-1.54,0.01908,0.01677,3.4,435.8955,12.0549,192.7365749340821,27.947799490547133,0.98072696263,0.89236473575,0.98072696263,0.89236473575,0.992,0.943,-11.31,0.9921751,0.9426984,-11.31,23.2842,0.0,3.09,1.087,0.08,0.981,0.0,0.09054529253365151
152,152,0_153,0_152,327.4477,7.32666,20.016,0.0243,-5.07324E-5,5.0,5.0,27.0,505.0,27.0458,505.2555,27.0458,505.2555,192.8708725171753,27.81216048441367,0.505,0.432,-13.56,0.01129,0.00966,-13.56,27.0458,505.2555,192.8708725171753,27.81216048441367,0.074941519872,0.096744853984,0.074941519872,0.096744853984,0.311,0.273,-83.82,0.3114542,0.2732813,-83.82,53.1518,0.0,1.24,1.169,0.145,1.0,0.0,28,28,0_29,0_30,217.2916,18.47768,20.4613,0.0923,191.5698,6.0,7.0,27.0,506.0,27.0789,505.3422,27.0789,505.3422,192.8708627062406,27.81213586694162,0.847,0.596,-25.41,0.09627,0.0663,-30.28,27.0789,505.3422,192.8708627062406,27.81213586694162,0.76712503652,0.55913027774,0.76712503652,0.55913027774,0.88,0.743,-10.5,0.880071,0.7427855,-10.5,23.2849,16.0,3.28,1.421,0.296,0.501,0.0,0.09280355596636033
156,156,1_4,1_151,19350.71,56.32271,15.5871,0.0032,1.160314E-6,7.0,7.0,829.0,499.0,829.0801,498.9895,829.0801,498.9895,192.6157093875048,27.807909588252095,0.341,0.31,-3.15,9.9E-4,9.0E-4,-3.15,829.0801,498.9895,192.6157093875048,27.807909588252095,0.09182381479,0.090037673376,0.09182381479,0.090037673376,0.303,0.3,-0.13,0.3030245,0.3000628,-0.13,41.7162,0.0,0.0,1.1,0.091,1.0,1.0,31,31,1_2,1_23,19237.36,80.90971,15.5935,0.0046,191.2121,71.0,81.0,829.0,499.0,829.1560999999999,499.0362,829.1560999999999,499.0362,192.6156856320493,27.80789586784553,1.646,1.55,10.07,0.00945,0.0087,27.81,829.1560999999999,499.0362,192.6156856320493,27.80789586784553,0.97936922885,0.88543483229,0.97936922885,0.88543483229,0.99,0.941,-5.36,0.990052,0.9405324,-5.36,23.3084,0.0,3.07,1.062,0.058,0.995,1.0,0.08920140133419896
160,160,1_8,1_147,33501.48,74.10835,14.9912,0.0024,-0.001095104,7.0,7.0,522.0,489.0,521.5103,489.1752,521.5103,489.1752,192.71345148227425,27.813026980664205,0.505,0.384,-11.96,0.00112,8.5E-4,-11.96,521.5103,489.1752,192.71345148227425,27.813026980664205,0.24159677663,0.052309130453,0.24159677663,0.052309130453,0.492,0.228,-2.22,0.4918137,0.2280903,-2.22,35.3316,0.0,0.95,1.315,0.239,1.0,1.0,33,33,1_4,1_21,33488.11,99.33164,14.9916,0.0032,191.3203,89.0,97.0,522.0,489.0,521.5823,489.2538,521.5823,489.2538,192.71342926216485,27.813004337755785,1.691,1.601,-0.62,0.00659,0.00636,18.84,521.5823,489.2538,192.71342926216485,27.813004337755785,1.0331358362,0.9194167466,1.0331358362,0.9194167466,1.018,0.958,-7.86,1.017519,0.9577093,-7.86,23.271,0.0,3.1,1.057,0.054,0.988,1.0,0.10659249504538076
170,170,1_18,1_137,691.4955,10.64706,19.2044,0.0167,3.520207E-6,7.0,7.0,928.0,432.0,928.1308,432.185,928.1308,432.185,192.58360588305428,27.82591650960548,0.563,0.491,8.66,0.00867,0.00757,8.66,928.1308,432.185,192.58360588305428,27.82591650960548,0.17195921354,0.15329212056,0.17195921354,0.15329212056,0.415,0.391,4.56,0.4148239,0.3913726,4.56,40.5996,0.0,1.11,1.146,0.127,1.0,1.0,34,34,1_5,1_20,550.1647,28.17536,19.4526,0.0556,191.4883,14.0,17.0,928.0,432.0,928.1408,432.3247,928.1408,432.3247,192.58360395876895,27.82587715759139,1.155,0.934,-13.69,0.07241,0.05677,-15.35,928.1408,432.3247,192.58360395876895,27.82587715759139,0.86241882206,0.74157897561,0.86241882206,0.74157897561,0.929,0.861,-3.45,0.9289023,0.8608939,-3.45,23.3354,0.0,3.17,1.237,0.191,0.768,1.0,0.14005745249718476
172,172,1_20,1_135,2355.048,19.64875,17.8739,0.0091,1.682692E-6,8.0,8.0,961.0,421.0,960.7856,420.9502,960.7856,420.9502,192.57311737049272,27.828818037928706,0.541,0.447,14.14,0.00451,0.00373,14.15,960.7856,420.9502,192.57311737049272,27.828818037928706,0.16245131212,0.12250962742,0.16245131212,0.12250962742,0.403,0.35,1.76,0.4030991,0.3499601,1.76,39.9207,0.0,1.07,1.211,0.174,1.0,1.0,35,35,1_6,1_19,2245.677,44.18248,17.9255,0.0214,190.9415,31.0,38.0,961.0,421.0,960.8174,420.9592,960.8174,420.9592,192.5731073361995,27.828815257280777,1.462,1.323,5.18,0.03598,0.03315,7.59,960.8174,420.9592,192.5731073361995,27.828815257280777,1.0343175572,0.89327290463,1.0343175572,0.89327290463,1.018,0.945,5.13,1.017578,0.9445245,5.13,23.2946,0.0,3.23,1.105,0.095,0.901,1.0,0.0330490544493895
191,191,1_39,1_116,834.7233,11.69786,19.0,0.0152,-0.001622004,8.0,8.0,704.0,380.0,704.0201999999999,379.7277,704.0201999999999,379.7277,192.6544335517476,27.84240568226287,0.554,0.515,9.2,0.00776,0.00722,9.2,704.0201999999999,379.7277,192.6544335517476,27.84240568226287,0.091483363332,0.11937350021,0.091483363332,0.11937350021,0.346,0.302,88.43,0.3455352,0.3024274,88.43,33.3063,0.0,1.1,1.076,0.07,1.0,1.0,36,36,1_7,1_18,746.67,31.21161,19.121,0.0454,190.1716,19.0,20.0,704.0,380.0,704.0442,379.8217,704.0442,379.8217,192.65442674532176,27.842379071431388,1.171,1.07,21.47,0.0607,0.05585,26.6,704.0442,379.8217,192.65442674532176,27.842379071431388,0.90155151501,0.81001579227,0.90155151501,0.81001579227,0.952,0.897,12.93,0.9521803,0.8971733,12.93,23.238,0.0,3.4,1.094,0.086,0.766,1.0,0.09701546268510185
192,192,1_40,1_115,588.1304,9.819105,19.3802,0.0181,-2.415486E-4,3.0,3.0,855.0,379.0,855.1424999999999,379.0006,855.1424999999999,379.0006,192.60634772206612,27.84143931448953,0.453,0.29,0.26,0.00757,0.00484,0.26,855.1424999999999,379.0006,192.60634772206612,27.84143931448953,0.093207610098,0.083335612497,0.093207610098,0.083335612497,0.305,0.289,0.01,0.3052992,0.2886791,0.01,35.3583,0.0,2.06,1.564,0.361,1.0,1.0,37,37,1_8,1_17,409.3054,19.8507,19.7737,0.0527,190.8054,3.0,8.0,855.0,379.0,855.3977,379.0844,855.3977,379.0844,192.6062672816569,27.84141376524961,0.728,0.664,13.35,0.05072,0.04198,-1.17,855.3977,379.0844,192.6062672816569,27.84141376524961,0.18197079462,0.10595777282,0.18197079462,0.10595777282,0.429,0.322,9.39,0.4290788,0.322211,9.39,23.3002,0.0,1.32,1.095,0.087,0.778,1.0,0.26860655241454834
204,204,1_52,1_103,1908.669,17.68888,18.102,0.0101,-1.934372E-6,6.0,6.0,751.0,357.0,750.516,356.6581,750.516,356.6581,192.63943636103212,27.84853269655536,0.517,0.49,52.74,0.00479,0.00454,52.74,750.516,356.6581,192.63943636103212,27.84853269655536,0.24422184449,0.17806922622,0.24422184449,0.17806922622,0.497,0.419,10.94,0.4967767,0.418932,10.94,46.3631,0.0,1.04,1.056,0.053,1.0,1.0,38,38,1_9,1_16,1760.342,40.4007,18.1899,0.0249,190.7236,29.0,32.0,751.0,357.0,750.5239,356.6066,750.5239,356.6066,192.63943339123216,27.848547113394943,1.33,1.29,1.2,0.03735,0.03727,15.03,750.5239,356.6066,192.63943339123216,27.848547113394943,0.97398780326,0.8838884075,0.97398780326,0.8838884075,0.987,0.94,3.01,0.9870351,0.9400202,3.01,23.2918,0.0,3.19,1.031,0.03,0.947,1.0,0.052102399176991054
216,216,1_64,1_91,394.9829,8.046819,19.8124,0.0221,0.0,1.0,1.0,835.0,304.0,835.0,304.0,835.0,304.0,192.6120864630385,27.86268028638957,0.289,0.289,45.0,0.00588,0.00588,45.0,835.0,304.0,192.6120864630385,27.86268028638957,0.0833333,0.0833333,0.0833333,0.0833333,0.289,0.289,45.0,0.2886751,0.2886751,45.0,39.3751,0.0,0.0,1.0,0.0,0.999,1.0,39,39,1_10,1_15,271.6473,17.07194,20.2189,0.0683,191.0243,1.0,6.0,835.0,304.0,835.0893,303.9069,835.0893,303.9069,192.612057216512,27.862705762045977,0.682,0.55,-42.98,0.06274,0.04637,-44.8,835.0893,303.9069,192.612057216512,27.862705762045977,0.086972247832,0.083578022004,0.086972247832,0.083578022004,0.295,0.289,-8.62,0.295046,0.2889605,-8.62,23.3172,0.0,3.61,1.24,0.193,0.923,1.0,0.1290042634954174
221,221,1_69,1_86,37942.7,78.8677,14.856,0.0023,-7.979725E-7,9.0,9.0,663.0,273.0,663.4799,272.7608,663.4799,272.7608,192.66639131425475,27.87278781913348,0.511,0.425,-12.02,0.00106,8.8E-4,-12.02,663.4799,272.7608,192.66639131425475,27.87278781913348,0.24116922486,0.085477739864,0.24116922486,0.085477739864,0.491,0.292,-2.66,0.4914321,0.2917901,-2.66,49.6727,0.0,0.9,1.203,0.169,1.0,1.0,40,40,1_11,1_14,38072.61,103.4007,14.8523,0.0029,190.9335,94.0,103.0,663.0,273.0,663.5427,272.8112,663.5427,272.8112,192.66637177172612,27.872773169389045,1.722,1.605,-0.62,0.00623,0.00586,2.32,663.5427,272.8112,192.66637177172612,27.872773169389045,1.0471606759,0.92014215111,1.0471606759,0.92014215111,1.024,0.959,-4.98,1.023783,0.9587344,-4.98,23.2755,0.0,3.15,1.072,0.068,0.997,1.0,0.0805232885567107
224,224,1_72,1_83,315.8935,7.196236,20.055,0.0247,-1.249677E-7,5.0,5.0,767.0,265.0,767.3721,265.2219,767.3721,265.2219,192.6332618848336,27.874106468402005,0.521,0.46,52.78,0.01187,0.01048,52.78,767.3721,265.2219,192.6332618848336,27.874106468402005,0.17061135966,0.10853399124,0.17061135966,0.10853399124,0.414,0.328,6.26,0.4139659,0.3282949,6.26,41.5547,0.0,1.02,1.133,0.117,1.0,1.0,41,41,1_12,1_13,189.5278,17.98521,20.6097,0.1031,191.0633,7.0,7.0,767.0,265.0,767.3007,265.0467,767.3007,265.0467,192.63328305219605,27.874156271326765,0.732,0.674,81.99,0.08995,0.08313,88.95,767.3007,265.0467,192.63328305219605,27.874156271326765,0.8552321145,0.80017715672,0.8552321145,0.80017715672,0.925,0.894,5.79,0.9250971,0.8942061,5.79,23.3148,0.0,3.41,1.086,0.079,0.514,1.0,0.1891903803051624
228,228,1_76,1_79,2218.709,19.07152,17.9386,0.0093,-1.849464E-6,8.0,8.0,642.0,238.0,641.6865,238.1329,641.6865,238.1329,192.67302303900945,27.882689096879798,0.554,0.469,-24.51,0.00476,0.00403,-24.51,641.6865,238.1329,192.67302303900945,27.882689096879798,0.150966449,0.073650033776,0.150966449,0.073650033776,0.389,0.27,-4.75,0.389236,0.270392,-4.75,48.7778,0.0,1.01,1.182,0.154,1.0,1.0,42,42,1_13,1_12,2056.731,43.05345,18.0209,0.0227,191.1685,30.0,35.0,642.0,238.0,641.7198,238.2585,641.7198,238.2585,192.6730135429013,27.882653534690565,1.434,1.283,-7.97,0.03674,0.03266,-12.83,641.7198,238.2585,192.6730135429013,27.882653534690565,1.0255224856,0.89822600558,1.0255224856,0.89822600558,1.015,0.946,-9.58,1.014523,0.9457759,-9.58,23.2878,0.0,3.23,1.117,0.105,0.959,1.0,0.12993940895661285
232,232,1_80,1_75,1227.128,14.18339,18.5816,0.0126,-5.212127E-7,7.0,7.0,608.0,222.0,608.0891,221.7135,608.0891,221.7135,192.68357256677848,27.88756152544832,0.556,0.514,-10.43,0.00643,0.00594,-10.43,608.0891,221.7135,192.68357256677848,27.88756152544832,0.10810407392,0.13738553409,0.10810407392,0.13738553409,0.371,0.329,-86.6,0.3707954,0.3286341,-86.6,51.5015,0.0,1.11,1.082,0.076,1.0,1.0,43,43,1_14,1_11,1052.1,34.7759,18.7487,0.0359,191.171,22.0,24.0,608.0,222.0,608.1174,221.7757,608.1174,221.7757,192.68356410348855,27.8875438245706,1.257,1.136,3.57,0.04953,0.04476,3.21,608.1174,221.7757,192.68356410348855,27.8875438245706,0.92298140867,0.80861450752,0.92298140867,0.80861450752,0.961,0.899,4.0,0.9610113,0.8989178,4.0,23.2881,0.0,3.22,1.107,0.097,0.924,1.0,0.06833542273225235
236,236,1_84,1_71,527.5386,9.299556,19.4982,0.0191,0.0,7.0,7.0,914.0,216.0,914.2958,215.8898,914.2958,215.8898,192.5860625874414,27.88682782873197,0.593,0.55,-51.69,0.01045,0.00969,-51.69,914.2958,215.8898,192.5860625874414,27.88682782873197,0.18434110781,0.13549434572,0.18434110781,0.13549434572,0.43,0.367,-7.05,0.4302334,0.3670622,-7.05,35.7615,0.0,1.3,1.078,0.072,1.0,1.0,44,44,1_15,1_10,388.3669,24.56098,19.8308,0.0687,191.4411,12.0,13.0,914.0,216.0,914.3955,215.8939,914.3955,215.8939,192.586030893598,27.88682589319216,1.011,0.879,5.21,0.07798,0.0673,12.56,914.3955,215.8939,192.586030893598,27.88682589319216,0.98967939523,0.89633249196,0.98967939523,0.89633249196,0.999,0.942,-16.52,0.9993442,0.9419782,-16.52,23.3496,0.0,4.01,1.15,0.131,0.233,1.0,0.09978426729698842
239,239,1_87,1_68,242909.0,199.5524,12.8403,9.0E-4,6.548793E-4,7.0,7.0,649.0,207.0,649.3903,206.9036,649.3903,206.9036,192.67029682669457,27.891408834100616,0.543,0.501,-27.03,4.5E-4,4.1E-4,-27.03,649.3903,206.9036,192.67029682669457,27.891408834100616,0.2158609796,0.085529935966,0.2158609796,0.085529935966,0.465,0.292,-1.34,0.464685,0.2923333,-1.34,99.0,4.0,0.0,1.084,0.077,1.0,1.0,45,45,1_16,1_9,248723.1,223.0858,12.8146,0.001,191.7361,193.0,209.0,649.0,207.0,649.4507,206.9709,649.4507,206.9709,192.67027819270064,27.891389453102835,1.8,1.734,-1.27,0.00211,0.00209,0.1,649.4507,206.9709,192.67027819270064,27.891389453102835,1.0396448776,0.93216294972,1.0396448776,0.93216294972,1.02,0.965,-7.21,1.020488,0.9645792,-7.21,23.3306,0.0,3.12,1.038,0.037,0.997,1.0,0.09042925411609623
257,257,1_105,1_50,23109.39,61.55019,15.3944,0.0029,7.782573E-6,6.0,6.0,572.0,167.0,572.1258,167.2993,572.1258,167.2993,192.694544714881,27.90313160550302,0.46,0.41,-78.42,0.00122,0.00109,-78.42,572.1258,167.2993,192.694544714881,27.90313160550302,0.11448357745,0.14846098013,0.11448357745,0.14846098013,0.385,0.338,-89.21,0.3853146,0.3383448,-89.21,51.6768,0.0,0.94,1.12,0.107,1.0,1.0,46,46,1_17,1_8,23195.0,87.65874,15.3904,0.0041,191.1665,85.0,91.0,572.0,167.0,572.1949999999999,167.3498,572.1949999999999,167.3498,192.69452312657296,27.90311688342449,1.697,1.59,-5.23,0.00867,0.00822,-9.04,572.1949999999999,167.3498,192.69452312657296,27.90311688342449,1.035607105,0.92245760727,1.035607105,0.92245760727,1.018,0.96,-6.29,1.018331,0.9597221,-6.29,23.3012,0.0,3.14,1.068,0.063,0.982,1.0,0.08566732165760446
258,258,1_106,1_49,8215.812,36.69952,16.5172,0.0049,-1.17905E-7,9.0,9.0,712.0,165.0,712.1618,165.0802,712.1618,165.0802,192.6499475533632,27.902682822688888,0.444,0.383,12.85,0.00198,0.00171,12.85,712.1618,165.0802,192.6499475533632,27.902682822688888,0.10038069359,0.093859633465,0.10038069359,0.093859633465,0.317,0.306,0.52,0.31683,0.3063643,0.52,44.5886,0.0,0.91,1.159,0.137,1.0,1.0,47,47,1_18,1_7,8092.769,62.6076,16.5336,0.0084,191.1131,54.0,62.0,712.0,165.0,712.2256,165.1367,712.2256,165.1367,192.6499277434576,27.90266644919108,1.596,1.494,-0.22,0.01619,0.01539,-11.48,712.2256,165.1367,192.6499277434576,27.90266644919108,1.0203917322,0.90753795037,1.0203917322,0.90753795037,1.01,0.953,-0.04,1.010144,0.9526479,-0.04,23.311,0.0,3.15,1.068,0.064,0.983,1.0,0.08522141749584933
269,269,1_117,1_38,903.0441,12.16717,18.9146,0.0146,-1.274464E-6,23.0,23.0,757.0,132.0,757.0516,131.7284,757.0516,131.7284,192.6353622962782,27.911710724677405,1.162,0.692,68.65,0.01565,0.00932,68.65,757.0516,131.7284,192.6353622962782,27.911710724677405,0.35313482362,0.41163049749,0.35313482362,0.41163049749,0.672,0.56,57.48,0.6720905,0.5595173,57.48,38.4666,0.0,2.68,1.678,0.404,1.0,1.0,48,48,1_19,1_6,765.1205,34.10995,19.0945,0.0484,191.8112,21.0,25.0,757.0,132.0,757.0654999999999,131.7384,757.0654999999999,131.7384,192.63535795998715,27.91170780622528,1.347,1.207,-85.74,0.07012,0.0608,-80.19,757.0654999999999,131.7384,192.63535795998715,27.91170780622528,1.461481057,1.5011404565,1.461481057,1.5011404565,1.245,1.188,53.36,1.245071,1.188453,53.36,23.3679,0.0,4.47,1.116,0.104,0.105,1.0,0.017123375835336966
290,290,1_138,1_17,3020.163,22.25105,17.6038,0.008,-2.329796E-4,9.0,9.0,930.0,59.0,930.0361,59.1291,930.0361,59.1291,192.57964095308012,27.930765346419378,0.446,0.438,-64.7,0.00328,0.00323,-64.7,930.0361,59.1291,192.57964095308012,27.930765346419378,0.097747206068,0.099824203611,0.097747206068,0.099824203611,0.316,0.313,-89.76,0.3159497,0.3126454,-89.76,30.4362,0.0,0.93,1.017,0.017,0.972,1.0,49,49,1_20,1_5,2877.433,47.02995,17.6564,0.0178,190.5339,32.0,42.0,930.0,59.0,930.0749,59.1678,930.0749,59.1678,192.5796289485429,27.930754164025235,1.452,1.383,-14.13,0.03014,0.02865,-29.99,930.0749,59.1678,192.5796289485429,27.930754164025235,0.99358017063,0.9057850148,0.99358017063,0.9057850148,0.997,0.952,-1.03,0.9967991,0.9517125,-1.03,23.2903,0.0,3.14,1.05,0.048,0.975,1.0,0.054800821161675846
293,293,1_141,1_14,398.3703,8.08125,19.8032,0.022,-3.472151E-5,10.0,10.0,777.0,45.0,777.0607,44.723,777.0607,44.723,192.62821911867647,27.93601034217998,0.729,0.559,-33.0,0.01479,0.01134,-33.0,777.0607,44.723,192.62821911867647,27.93601034217998,0.28753640021,0.27098003842,0.28753640021,0.27098003842,0.567,0.487,-39.33,0.5668854,0.4869881,-39.33,36.4207,0.0,2.03,1.305,0.234,1.0,1.0,50,50,1_21,1_4,275.9915,22.57577,20.2016,0.0888,191.4671,10.0,11.0,777.0,45.0,777.0839000000001,44.6709,777.0839000000001,44.6709,192.62821126829635,27.936024805372924,1.036,0.747,-72.65,0.10097,0.07135,-74.78,777.0839000000001,44.6709,192.62821126829635,27.936024805372924,1.1607025068,1.1022392994,1.1607025068,1.1022392994,1.096,1.03,-32.79,1.096436,1.029937,-32.79,23.3305,0.0,5.24,1.386,0.278,0.217,1.0,0.05703200855663115
296,296,1_144,1_12,1014.839,12.89874,18.7879,0.0138,-4.321049E-4,68.0,68.0,907.0,37.0,907.6009,36.6268,907.6009,36.6268,192.58658159135783,27.937266199098943,2.161,1.677,25.5,0.02747,0.02131,25.5,907.6009,36.6268,192.58658159135783,27.937266199098943,1.9427542903,1.8578110326,1.9427542903,1.8578110326,1.415,1.341,32.64,1.414873,1.341156,32.64,30.2635,2.0,7.96,1.289,0.224,1.0,1.0,52,52,1_23,1_2,773.036,38.3502,19.0834,0.0539,190.6725,27.0,32.0,907.0,37.0,907.5849,36.8485,907.5849,36.8485,192.58658868002465,27.937204015628957,1.588,1.52,-46.77,0.09058,0.08536,-49.11,907.5849,36.8485,192.58658868002465,27.937204015628957,4.9624259471,4.452874797,4.9624259471,4.452874797,2.229,2.108,-7.04,2.229422,2.108311,-7.04,23.2922,0.0,8.59,1.045,0.043,0.0,1.0,0.22227660695629164
299,299,1_147,1_10,1065.868,13.21864,18.7346,0.0135,-1.254741E-4,10.0,10.0,806.0,40.0,805.8116,40.1489,805.8116,40.1489,192.61902374002247,27.937072442940966,0.642,0.588,-6.38,0.00796,0.0073,-6.39,805.8116,40.1489,192.61902374002247,27.937072442940966,0.20970526034,0.16929985328,0.20970526034,0.16929985328,0.458,0.411,-6.26,0.458473,0.410862,-6.26,33.1836,0.0,1.4,1.091,0.083,1.0,1.0,51,51,1_22,1_3,972.5152,35.03149,18.8341,0.0391,191.0318,24.0,25.0,806.0,40.0,805.8015,40.187,805.8015,40.187,192.6190272956105,27.937061813228595,1.328,1.165,-7.87,0.05845,0.04948,-6.29,805.8015,40.187,192.6190272956105,27.937061813228595,1.1178455007,1.0156772545,1.1178455007,1.0156772545,1.058,1.007,-7.76,1.058197,1.006848,-7.76,23.2978,0.0,3.76,1.14,0.123,0.547,1.0,0.03941598660441358
306,306,1_154,1_3,2464.431,20.09988,17.8246,0.0089,-3.483042E-5,8.0,8.0,744.0,18.0,744.0817999999999,17.7892,744.0817999999999,17.7892,192.63848131422688,27.943835974701877,0.527,0.464,25.0,0.00429,0.00379,25.0,744.0817999999999,17.7892,192.63848131422688,27.943835974701877,0.13448858674,0.13743997441,0.13448858674,0.13743997441,0.371,0.366,72.65,0.3711591,0.3662916,72.65,35.8834,0.0,1.06,1.134,0.118,1.0,1.0,30,30,1_1,1_1,2261.548,42.95257,17.9179,0.0206,191.0866,28.0,35.0,744.0,18.0,744.1065,17.7547,744.1065,17.7547,192.63847314295435,27.94384547997105,1.437,1.26,-2.48,0.03432,0.02892,-7.8,744.1065,17.7547,192.63847314295435,27.94384547997105,0.98219349909,0.86389387895,0.98219349909,0.86389387895,0.992,0.928,8.32,0.9923592,0.9280683,8.32,23.3047,0.0,3.22,1.141,0.123,0.907,1.0,0.04243041362045257
308,308,2_1,2_1,1231.226,14.20705,18.578,0.0125,0.0,8.0,8.0,1399.0,11.0,1398.5181,11.0275,1398.5181,11.0275,192.43004555088123,27.940511299857405,0.605,0.573,-77.96,0.00718,0.0069,-73.96,1398.5181,11.0275,192.43004555088123,27.940511299857405,0.26203224019,0.1666104686,0.26203224019,0.1666104686,0.512,0.408,-2.13,0.5120201,0.4080174,-2.13,99.0,0.0,1.38,1.055,0.053,1.0,2.0,53,53,2_1,2_1,1167.958,36.11366,18.6353,0.0336,191.3369,24.0,27.0,1398.0,11.0,1398.5242,11.0852,1398.5242,11.0852,192.4300441506112,27.94049503493621,1.299,1.193,-9.74,0.04912,0.04486,-8.29,1398.5242,11.0852,192.4300441506112,27.94049503493621,0.88996361647,0.82859869306,0.88996361647,0.82859869306,0.945,0.908,-13.66,0.9454191,0.9081548,-13.66,23.3167,0.0,3.05,1.089,0.082,0.925,2.0,0.05802154772152151
310,310,2_3,2_90,497.346,9.029515,19.5622,0.0197,7.227987E-6,8.0,8.0,1265.0,474.0,1265.3741,474.1473,1265.3741,474.1473,192.47672662566583,27.81142913061348,0.69,0.6,39.49,0.01335,0.01179,33.6,1265.3741,474.1473,192.47672662566583,27.81142913061348,0.29138851265,0.25802249781,0.29138851265,0.25802249781,0.555,0.491,30.16,0.5553271,0.4909408,30.16,99.0,0.0,1.9,1.149,0.129,1.0,2.0,54,54,2_2,2_27,432.1879,26.3509,19.7147,0.0662,193.1696,14.0,15.0,1265.0,474.0,1265.3649,474.2237,1265.3649,474.2237,192.47673025839083,27.811407727825475,1.109,0.908,8.86,0.07799,0.06496,6.0,1265.3649,474.2237,192.47673025839083,27.811407727825475,0.95369326798,0.79167858124,0.95369326798,0.79167858124,0.987,0.878,18.67,0.9872056,0.8779504,18.67,23.387,0.0,3.52,1.221,0.181,0.604,2.0,0.07695193304917497
312,312,2_5,2_88,58748.07,98.1368,14.3814,0.0018,7.989556E-6,1918.0,1918.0,1219.0,436.0,1218.9953,436.7374,1218.9953,436.7374,192.49113121403815,27.82232078323759,10.695,7.857,75.9,0.02165,0.01587,76.53,1218.9953,436.7374,192.49113121403815,27.82232078323759,6.6795162354,7.3574654686,6.6795162354,7.3574654686,2.731,2.565,70.37,2.730621,2.565286,70.37,99.0,0.0,2.8,1.361,0.265,0.722,2.0,55,55,2_3,2_25,59695.6,263.0891,14.364,0.0048,194.2564,1156.0,1415.0,1219.0,436.0,1218.9959,436.4077,1218.9959,436.4077,192.4911279835653,27.82241346160797,8.681,6.797,80.88,0.04997,0.03803,81.69,1218.9959,436.4077,192.4911279835653,27.82241346160797,17.531982245,18.689163007,17.531982245,18.689163007,4.343,4.167,70.2,4.342972,4.166502,70.2,23.4748,0.0,4.62,1.277,0.217,0.029,2.0,0.3297005459504147
340,340,2_33,2_60,1178.762,13.90107,18.6253,0.0128,0.0,9.0,9.0,1068.0,441.0,1068.2455,440.9099,1068.2455,440.9099,192.53911708791887,27.82235604365304,0.579,0.551,54.31,0.00722,0.00678,40.74,1068.2455,440.9099,192.53911708791887,27.82235604365304,0.14559122527,0.11730286255,0.14559122527,0.11730286255,0.382,0.342,2.0,0.3816094,0.3424447,2.0,99.0,0.0,1.16,1.05,0.048,1.0,2.0,57,57,2_5,2_21,1143.801,35.90363,18.658,0.0341,190.9825,22.0,26.0,1068.0,441.0,1068.3576,440.9592,1068.3576,440.9592,192.5390818811906,27.82234129227864,1.305,1.133,2.0,0.05075,0.04259,0.59,1068.3576,440.9592,192.5390818811906,27.82234129227864,0.85585093918,0.75155810108,0.85585093918,0.75155810108,0.926,0.866,6.19,0.9257929,0.8662081,6.19,23.2797,0.0,3.14,1.152,0.132,0.937,2.0,0.12246183078826622
347,347,2_40,2_53,484.9992,8.91673,19.5895,0.02,-0.001071505,31.0,31.0,1076.0,426.0,1077.4876,425.2142,1077.4876,425.2142,192.5360344738942,27.826694843123608,1.501,1.27,-44.8,0.03393,0.0316,-36.41,1077.4876,425.2142,192.5360344738942,27.826694843123608,0.89514716443,0.92470013727,0.89514716443,0.92470013727,1.022,0.881,-48.17,1.021704,0.880891,-48.17,33.7548,0.0,6.05,1.181,0.154,0.132,2.0,56,56,2_4,2_19,426.5172,30.28376,19.729,0.0771,191.6819,16.0,20.0,1077.0,426.0,1077.2674,425.0101,1077.2674,425.0101,192.53610265558888,27.826753973477345,1.365,1.088,-62.44,0.10636,0.08488,-63.65,1077.2674,425.0101,192.53610265558888,27.826753973477345,3.6733455696,3.5017485098,3.6733455696,3.5017485098,1.923,1.864,-19.98,1.923405,1.864298,-19.98,23.3252,0.0,7.28,1.255,0.203,0.002,2.0,0.30024131960804934
372,372,2_65,2_28,531.049,9.330445,19.491,0.0191,0.0,8.0,8.0,1441.0,343.0,1440.9472,343.2099,1440.9472,343.2099,192.4196633277633,27.8468004384165,0.672,0.605,44.24,0.01269,0.01123,44.47,1440.9472,343.2099,192.4196633277633,27.8468004384165,0.23774461458,0.26143347128,0.23774461458,0.26143347128,0.518,0.481,64.73,0.517902,0.4805784,64.73,99.0,0.0,1.7,1.112,0.1,1.0,2.0,58,58,2_6,2_15,458.819,27.20979,19.6498,0.0644,191.5994,10.0,16.0,1441.0,343.0,1440.978,343.3757,1440.978,343.3757,192.41965508837328,27.846753580209324,1.073,0.956,6.28,0.07762,0.06427,0.61,1440.978,343.3757,192.41965508837328,27.846753580209324,0.82427435073,0.83742162332,0.82427435073,0.83742162332,0.931,0.891,50.17,0.9314004,0.891173,50.17,23.3163,0.0,3.61,1.123,0.11,0.34,2.0,0.16863653222240044
373,373,2_66,2_27,1098.007,13.41645,18.7024,0.0133,0.0,9.0,9.0,1124.0,341.0,1123.7826,340.9085,1123.7826,340.9085,192.5205378435387,27.8500244355534,0.649,0.627,76.47,0.00824,0.00799,73.66,1123.7826,340.9085,192.5205378435387,27.8500244355534,0.23222433699,0.22492117216,0.23222433699,0.22492117216,0.485,0.471,27.85,0.4848234,0.4712662,27.85,99.0,0.0,1.57,1.035,0.034,1.0,2.0,59,59,2_7,2_14,1128.483,35.87331,18.6726,0.0345,191.1344,26.0,26.0,1124.0,341.0,1123.9044,340.9132,1123.9044,340.9132,192.52049913717445,27.850022139407884,1.274,1.221,62.0,0.05064,0.04665,71.14,1123.9044,340.9132,192.52049913717445,27.850022139407884,0.99889760724,0.95576681098,0.99889760724,0.95576681098,1.0,0.977,6.2,0.9997067,0.9773694,6.2,23.2882,0.0,3.4,1.043,0.042,0.916,2.0,0.12189064771332644
377,377,2_70,2_23,228.4843,6.120167,20.4067,0.0291,0.0,5.0,5.0,1213.0,297.0,1213.0093,297.0534,1213.0093,297.0534,192.4917474440998,27.86163461423924,0.549,0.479,-0.4,0.01595,0.01426,-0.34,1213.0093,297.0534,192.4917474440998,27.86163461423924,0.17180096512,0.15252285284,0.17180096512,0.15252285284,0.414,0.391,-0.25,0.4144892,0.3905413,-0.25,99.0,0.0,1.37,1.145,0.127,0.999,2.0,60,60,2_8,2_13,202.0312,19.06641,20.5403,0.1025,190.8205,7.0,8.0,1213.0,297.0,1212.8677,297.1299,1212.8677,297.1299,192.49179320134056,27.86161425417876,0.809,0.674,43.22,0.09877,0.07838,44.9,1212.8677,297.1299,192.49179320134056,27.86161425417876,0.75629187788,0.62393650212,0.75629187788,0.62393650212,0.87,0.789,-4.14,0.870052,0.7894542,-4.14,23.2763,0.0,2.4,1.201,0.167,0.366,2.0,0.16094349940268018
379,379,2_72,2_21,936.0165,12.38731,18.8757,0.0144,0.0,7.0,7.0,1253.0,283.0,1252.613,283.2737,1252.613,283.2737,192.47901963545056,27.86518752820869,0.604,0.519,-35.19,0.00828,0.0072,-37.34,1252.613,283.2737,192.47901963545056,27.86518752820869,0.25874205833,0.19380048913,0.25874205833,0.19380048913,0.511,0.438,-9.7,0.5105832,0.4380039,-9.7,99.0,0.0,1.46,1.163,0.14,1.0,2.0,61,61,2_9,2_12,882.748,32.36266,18.9393,0.0398,191.1604,19.0,22.0,1253.0,283.0,1252.6467,283.2533,1252.6467,283.2533,192.47900872441696,27.86519298920092,1.221,1.084,-7.87,0.05651,0.04895,-5.49,1252.6467,283.2533,192.47900872441696,27.86519298920092,0.87933305166,0.80133567818,0.87933305166,0.80133567818,0.942,0.89,-17.45,0.9422762,0.8903843,-17.45,23.3049,0.0,3.13,1.127,0.112,0.909,2.0,0.0393935273870805
383,383,2_76,2_17,621.6299,10.09488,19.32,0.0176,0.0,7.0,7.0,1155.0,202.0,1155.4482,201.81,1155.4482,201.81,192.5091871341184,27.88886954747754,0.623,0.521,-73.17,0.01065,0.00899,-73.16,1155.4482,201.81,192.5091871341184,27.88886954747754,0.25122576701,0.20571225502,0.25122576701,0.20571225502,0.506,0.448,-17.37,0.5061251,0.4480797,-17.37,99.0,0.0,1.49,1.195,0.163,1.0,2.0,62,62,2_10,2_11,515.6617,26.22104,19.523,0.0552,191.0954,13.0,14.0,1155.0,202.0,1155.4686,201.7605,1155.4686,201.7605,192.50918018742465,27.88888329674801,0.977,0.932,-6.16,0.06128,0.05988,-2.66,1155.4686,201.7605,192.50918018742465,27.88888329674801,0.75539183176,0.69924967323,0.75539183176,0.69924967323,0.87,0.835,-11.14,0.8704355,0.8348554,-11.14,23.2888,0.0,3.0,1.048,0.045,0.706,2.0,0.05353886438835478
385,385,2_78,2_15,25798.42,65.03268,15.2749,0.0027,0.0,9.0,9.0,1094.0,140.0,1094.0937,140.1963,1094.0937,140.1963,192.5281501881659,27.906679018508022,0.52,0.5,8.75,0.00131,0.00126,8.88,1094.0937,140.1963,192.5281501881659,27.906679018508022,0.078626211574,0.088839139904,0.078626211574,0.088839139904,0.298,0.28,-87.81,0.2980841,0.280377,-87.81,99.0,0.0,1.2,1.04,0.038,1.0,2.0,63,63,2_11,2_10,27078.87,92.06853,15.2223,0.0037,190.9093,87.0,95.0,1094.0,140.0,1094.157,140.2566,1094.157,140.2566,192.52813059075677,27.906661564343157,1.69,1.611,10.96,0.00783,0.00744,33.13,1094.157,140.2566,192.52813059075677,27.906661564343157,1.0140069397,0.91586156501,1.0140069397,0.91586156501,1.007,0.957,0.06,1.006979,0.9570065,0.06,23.2914,0.0,3.12,1.049,0.047,0.985,2.0,0.08742413854309009
386,386,2_79,2_14,594.3464,9.870858,19.3688,0.018,0.0,7.0,7.0,1226.0,120.0,1226.2192,120.1238,1226.2192,120.1238,192.48591019247743,27.91125785344403,0.705,0.565,75.05,0.01219,0.00991,75.73,1226.2192,120.1238,192.48591019247743,27.91125785344403,0.22781424734,0.319240818,0.22781424734,0.319240818,0.569,0.472,77.56,0.5691398,0.4723716,77.56,99.0,0.0,2.01,1.247,0.198,1.0,2.0,64,64,2_12,2_9,503.0432,26.87047,19.5499,0.058,191.4906,13.0,15.0,1226.0,120.0,1226.3417,120.1472,1226.3417,120.1472,192.4858714170639,27.911250285262284,1.056,0.94,73.32,0.06741,0.05974,75.35,1226.3417,120.1472,192.4858714170639,27.911250285262284,0.84385497821,0.93750491209,0.84385497821,0.93750491209,0.972,0.915,75.86,0.9715185,0.9151567,75.86,23.3129,0.0,3.33,1.124,0.11,0.618,2.0,0.12471491490590211
388,388,2_81,2_12,108671.4,133.4728,13.7136,0.0013,0.0,8.0,8.0,1155.0,102.0,1154.5237,101.7842,1154.5237,101.7842,192.50856267834132,27.916990647590147,0.644,0.549,85.09,7.9E-4,6.7E-4,85.09,1154.5237,101.7842,192.50856267834132,27.916990647590147,0.25931857286,0.24907769619,0.25931857286,0.24907769619,0.51,0.498,16.44,0.5101919,0.4980969,16.44,99.0,0.0,1.64,1.174,0.148,1.0,2.0,65,65,2_13,2_8,110242.0,156.6582,13.698,0.0015,191.2137,140.0,153.0,1155.0,102.0,1154.5878,101.8745,1154.5878,101.8745,192.5085431034645,27.916964753085384,1.763,1.697,11.45,0.00336,0.00325,10.38,1154.5878,101.8745,192.5085431034645,27.916964753085384,1.0354794334,0.93559240301,1.0354794334,0.93559240301,1.018,0.967,-0.62,1.017591,0.9672543,-0.62,23.3105,0.0,3.15,1.039,0.037,0.992,2.0,0.11073797903161615
389,389,2_82,2_11,208.0889,5.840628,20.5082,0.0305,0.0,8.0,8.0,1242.0,98.0,1241.8419,98.1156,1241.8419,98.1156,192.4807337966576,27.91731671302435,0.922,0.532,27.98,0.02945,0.01734,25.5,1241.8419,98.1156,192.4807337966576,27.91731671302435,0.47503988097,0.28451080985,0.47503988097,0.28451080985,0.727,0.481,25.08,0.7269717,0.48069,25.08,99.0,0.0,3.66,1.734,0.423,1.0,2.0,66,66,2_14,2_7,135.485,17.77291,20.9741,0.1425,191.587,5.0,7.0,1242.0,98.0,1242.0112,98.0076,1242.0112,98.0076,192.48067890614223,27.91734569357971,0.912,0.535,44.34,0.12858,0.07431,44.95,1242.0112,98.0076,192.48067890614223,27.91734569357971,1.5298512359,1.2340973633,1.5298512359,1.2340973633,1.292,1.046,29.53,1.292154,1.046081,29.53,23.327,0.0,4.13,1.705,0.413,0.354,2.0,0.2008145662047652
391,391,2_84,2_9,2442.364,20.00969,17.8343,0.0089,-1.461119E-4,43.0,43.0,1271.0,89.0,1271.4358,89.0361,1271.4358,89.0361,192.4712293995911,27.919628198854213,2.31,0.862,-33.77,0.02095,0.00766,-34.22,1271.4358,89.0361,192.4712293995911,27.919628198854213,1.2333687612,0.9519045662,1.2333687612,0.9519045662,1.241,0.804,-35.82,1.240695,0.8037093,-35.82,35.9181,0.0,5.88,2.681,0.627,0.937,2.0,67,67,2_15,2_6,2748.634,57.08982,17.7061,0.0226,191.5446,60.0,68.0,1271.0,89.0,1271.4434,89.044,1271.4434,89.044,192.47122705368983,27.9196259168179,2.577,1.532,-34.26,0.06478,0.03712,-34.56,1271.4434,89.044,192.47122705368983,27.9196259168179,2.9162056973,2.4820099834,2.9162056973,2.4820099834,1.807,1.46,-33.75,1.807307,1.460088,-33.75,23.3308,0.0,7.18,1.683,0.406,0.009,2.0,0.010962207806914825
394,394,2_87,2_6,243.5374,6.318556,20.3375,0.0282,0.0,8.0,8.0,1069.0,72.0,1068.4348,71.9224,1068.4348,71.9224,192.53569486780992,27.92607284121346,0.739,0.535,74.95,0.02153,0.01656,68.45,1068.4348,71.9224,192.53569486780992,27.92607284121346,0.25655131011,0.30952145119,0.25655131011,0.30952145119,0.566,0.496,67.55,0.566062,0.4956275,67.55,99.0,0.0,2.06,1.38,0.275,1.0,2.0,68,68,2_16,2_5,156.4404,18.04912,20.818,0.1253,191.1025,5.0,7.0,1069.0,72.0,1068.3182,71.8551,1068.3182,71.8551,192.53573137442595,27.9260926860852,0.867,0.611,59.84,0.11453,0.07921,59.49,1068.3182,71.8551,192.53573137442595,27.9260926860852,1.3644806072,1.4901248254,1.3644806072,1.4901248254,1.255,1.131,57.52,1.255287,1.130867,57.52,23.3071,0.0,4.31,1.418,0.295,0.422,2.0,0.13462856309125085
395,395,2_88,2_5,610.4828,10.00396,19.3397,0.0178,0.0,8.0,8.0,1272.0,58.0,1271.9158,58.1436,1271.9158,58.1436,192.4707898426267,27.92830632527128,0.716,0.611,40.01,0.01241,0.01051,40.68,1271.9158,58.1436,192.4707898426267,27.92830632527128,0.28784789121,0.27825003747,0.28784789121,0.27825003747,0.551,0.512,38.36,0.5513117,0.5120091,38.36,99.0,0.0,1.77,1.172,0.147,1.0,2.0,69,69,2_17,2_4,594.7827,29.65677,19.368,0.0541,191.9517,18.0,19.0,1272.0,58.0,1271.8831,58.1449,1271.8831,58.1449,192.4708002645201,27.928306225856662,1.184,1.032,42.54,0.07196,0.06157,44.73,1271.8831,58.1449,192.4708002645201,27.928306225856662,0.89392218243,0.84385365199,0.89392218243,0.84385365199,0.959,0.905,30.16,0.9588801,0.9046131,30.16,23.3564,0.0,3.54,1.147,0.129,0.746,2.0,0.03272583077629203
397,397,2_90,2_3,933.2416,12.36893,18.8789,0.0144,0.0,9.0,9.0,1151.0,47.0,1151.0544,46.925,1151.0544,46.925,192.50916307657897,27.932436551725083,0.675,0.61,-14.15,0.00933,0.00851,-14.32,1151.0544,46.925,192.50916307657897,27.932436551725083,0.24762485415,0.19665634852,0.24762485415,0.19665634852,0.498,0.443,-6.32,0.4982538,0.4427464,-6.32,99.0,0.0,1.52,1.106,0.096,1.0,2.0,70,70,2_18,2_3,869.1199,32.10701,18.9562,0.0401,191.1596,20.0,21.0,1151.0,47.0,1151.0473,46.9639,1151.0473,46.9639,192.5091656944072,27.93242567634067,1.172,1.108,0.32,0.05063,0.05032,-4.09,1151.0473,46.9639,192.5091656944072,27.93242567634067,1.0306407512,0.86376985718,1.0306407512,0.86376985718,1.015,0.929,-1.89,1.015294,0.9292947,-1.89,23.3075,0.0,3.4,1.057,0.054,0.812,2.0,0.039542635218216445
398,398,2_91,2_2,934.2342,12.37551,18.8777,0.0144,0.0,9.0,9.0,1333.0,24.0,1333.1239,24.3316,1333.1239,24.3316,192.45098928250775,27.937309256445296,0.656,0.586,-20.76,0.0091,0.00822,-29.59,1333.1239,24.3316,192.45098928250775,27.937309256445296,0.22578988171,0.23593680428,0.22578988171,0.23593680428,0.488,0.472,-65.77,0.4883796,0.4724533,-65.77,99.0,0.0,1.54,1.119,0.107,1.0,2.0,71,71,2_19,2_2,869.5085,32.28434,18.9557,0.0403,191.6341,19.0,22.0,1333.0,24.0,1333.1006,24.3251,1333.1006,24.3251,192.4509966396813,27.93731127373118,1.214,1.108,-18.55,0.05553,0.05108,-21.57,1333.1006,24.3251,192.4509966396813,27.93731127373118,0.90584511328,0.8227901006,0.90584511328,0.8227901006,0.957,0.902,-17.85,0.9567924,0.901767,-17.85,23.3234,0.0,3.25,1.096,0.088,0.538,2.0,0.02418966721563087
399,399,3_1,3_1,6675.658,33.08127,16.7426,0.0054,-0.002885909,10.0,10.0,2000.0,4.0,1999.89,3.9788,1999.89,3.9788,192.2385399942011,27.937400624770905,0.462,0.344,-1.23,0.00229,0.0017,-1.23,1999.89,3.9788,192.2385399942011,27.937400624770905,0.093677780595,0.085822224372,0.093677780595,0.085822224372,0.306,0.293,-0.08,0.3060683,0.2929543,-0.08,46.2316,0.0,2.29,1.345,0.256,1.0,3.0,72,72,3_1,3_1,6713.293,59.75419,16.7365,0.0097,191.4753,51.0,58.0,2000.0,4.0,1999.9116,3.9705,1999.9116,3.9705,192.23853303670853,27.937402768976803,1.553,1.485,18.35,0.0184,0.01716,44.77,1999.9116,3.9705,192.23853303670853,27.937402768976803,0.96825198751,0.86432072555,0.96825198751,0.86432072555,0.984,0.93,-1.3,0.9840251,0.9296597,-1.3,23.2994,24.0,3.05,1.046,0.044,0.982,3.0,0.023139792565874253
400,400,3_2,3_179,6301.8,32.14159,16.8052,0.0055,-7.178156E-7,72.0,72.0,1880.0,506.0,1879.9785,505.8391,1879.9785,505.8391,192.2816046527545,27.79739367039028,1.64,1.505,-21.64,0.00836,0.00768,-21.64,1879.9785,505.8391,192.2816046527545,27.79739367039028,0.58640794162,0.74174064591,0.58640794162,0.74174064591,0.865,0.761,-78.15,0.8653876,0.7610866,-78.15,43.6063,16.0,2.94,1.089,0.082,1.0,3.0,74,74,3_3,3_23,6766.762,73.20631,16.7279,0.0117,192.1184,93.0,101.0,1880.0,506.0,1879.9363,506.1667,1879.9363,506.1667,192.28162125560223,27.797301947209363,2.213,2.078,-73.23,0.03096,0.02852,-68.61,1879.9363,506.1667,192.28162125560223,27.797301947209363,2.076275686,2.1472745637,2.076275686,2.1472745637,1.466,1.44,-81.56,1.465903,1.440374,-81.56,23.3072,24.0,4.39,1.065,0.061,0.035,3.0,0.3303068270563001
425,425,3_27,3_154,328.3608,7.336869,20.013,0.0243,4.809339E-6,5.0,5.0,1934.0,447.0,1933.6354,447.0326,1933.6354,447.0326,192.26397195601217,27.813461745400303,0.489,0.423,-20.9,0.01093,0.00945,-20.9,1933.6354,447.0326,192.26397195601217,27.813461745400303,0.15340739904,0.049243809068,0.15340739904,0.049243809068,0.392,0.222,-1.42,0.3917543,0.2217652,-1.42,44.778,0.0,1.26,1.157,0.136,1.0,3.0,76,76,3_5,3_20,258.4747,21.59469,20.2728,0.0907,192.1193,7.0,10.0,1934.0,447.0,1933.5168,447.1776,1933.5168,447.1776,192.2640110825646,27.813422011809333,0.97,0.728,-2.67,0.10406,0.07617,-0.21,1933.5168,447.1776,192.2640110825646,27.813422011809333,0.89368572699,0.7468667653,0.89368572699,0.7468667653,0.95,0.859,-13.12,0.949797,0.8593243,-13.12,23.3056,0.0,4.99,1.333,0.25,0.542,3.0,0.1873258124230196
426,426,3_28,3_153,372.2856,7.812197,19.8767,0.0228,0.0,1.0,1.0,1761.0,448.0,1761.0,448.0,1761.0,448.0,192.3188728065647,27.814666991577703,0.289,0.289,45.0,0.00606,0.00606,45.0,1761.0,448.0,192.3188728065647,27.814666991577703,0.0833333,0.0833333,0.0833333,0.0833333,0.289,0.289,45.0,0.2886751,0.2886751,45.0,40.441,0.0,0.0,1.0,0.0,0.999,3.0,75,75,3_4,3_21,238.019,16.98306,20.3623,0.0775,191.6194,1.0,6.0,1761.0,448.0,1760.884,447.8964,1760.884,447.8964,192.31890869273977,27.814697097050185,0.692,0.551,47.03,0.07063,0.05229,45.27,1760.884,447.8964,192.31890869273977,27.814697097050185,0.085286168322,0.089058393487,0.085286168322,0.089058393487,0.298,0.292,85.64,0.2984635,0.2920001,85.64,23.3124,0.0,3.64,1.254,0.203,0.884,3.0,0.15552800390923419
430,430,3_32,3_149,327369.0,231.6615,12.5163,8.0E-4,-2.295921E-4,6.0,6.0,1874.0,442.0,1874.4793,442.3212,1874.4793,442.3212,192.2827350861193,27.815294808932272,0.504,0.486,31.21,3.6E-4,3.4E-4,31.21,1874.4793,442.3212,192.2827350861193,27.815294808932272,0.24716920888,0.15559144362,0.24716920888,0.15559144362,0.497,0.394,1.96,0.4972689,0.3943149,1.96,35.4276,4.0,0.0,1.037,0.035,1.0,3.0,73,73,3_2,3_22,333639.6,253.7792,12.4957,8.0E-4,192.067,219.0,227.0,1874.0,442.0,1874.5524,442.3793,1874.5524,442.3793,192.28271240836943,27.81527785109713,1.8,1.737,13.24,0.00178,0.00173,8.23,1874.5524,442.3793,192.28271240836943,27.81527785109713,1.0227318422,0.93606758868,1.0227318422,0.93606758868,1.011,0.967,-1.27,1.011323,0.9674837,-1.27,23.3056,0.0,3.11,1.036,0.035,1.0,3.0,0.09337676370496428
432,432,3_34,3_147,308.7419,7.114312,20.0799,0.025,-4.240915E-5,8.0,8.0,1557.0,441.0,1556.7464,440.6712,1556.7464,440.6712,192.38375315462545,27.818444936656547,0.795,0.447,61.57,0.01833,0.01031,61.57,1556.7464,440.6712,192.38375315462545,27.818444936656547,0.15913016511,0.28261340367,0.15913016511,0.28261340367,0.541,0.387,74.94,0.5406027,0.3866423,74.94,35.2365,0.0,1.93,1.778,0.438,1.0,3.0,77,77,3_6,3_19,161.8298,16.62586,20.7812,0.1116,191.7585,6.0,6.0,1557.0,441.0,1556.7848,440.7981,1556.7848,440.7981,192.38374214628143,27.81840894547293,0.76,0.562,48.94,0.10355,0.07631,45.17,1556.7848,440.7981,192.38374214628143,27.81840894547293,0.82646221107,0.949495373,0.82646221107,0.949495373,1.0,0.881,61.77,0.9996688,0.8812604,61.77,23.3135,0.0,3.86,1.352,0.261,0.492,3.0,0.13258269117794938
445,445,3_47,3_134,473.314,8.808658,19.616,0.0202,0.0,5.0,5.0,1774.0,419.0,1774.4359,419.3563,1774.4359,419.3563,192.31432411981177,27.82260416195941,0.517,0.479,3.42,0.00963,0.00891,3.42,1774.4359,419.3563,192.31432411981177,27.82260416195941,0.24090726281,0.17851878414,0.24090726281,0.17851878414,0.491,0.422,-1.7,0.4908791,0.4224497,-1.7,42.5494,0.0,1.01,1.08,0.074,1.0,3.0,78,78,3_7,3_18,385.6145,24.48311,19.8385,0.069,191.3506,13.0,13.0,1774.0,419.0,1774.4031,419.3657,1774.4031,419.3657,192.31433464073032,27.822601798635347,1.002,0.871,32.97,0.08094,0.06916,44.18,1774.4031,419.3657,192.31433464073032,27.822601798635347,0.96286592262,0.71206844926,0.96286592262,0.71206844926,0.982,0.843,3.85,0.9818378,0.8431659,3.85,23.299,0.0,3.46,1.15,0.131,0.232,3.0,0.034120375144440794
457,457,3_59,3_122,39405.01,80.37312,14.815,0.0022,-1.625959E-4,9.0,9.0,1973.0,398.0,1972.9457,397.9417,1972.9457,397.9417,192.2509917073606,27.82692022545214,0.35,0.336,79.5,7.1E-4,6.9E-4,79.5,1972.9457,397.9417,192.2509917073606,27.82692022545214,0.092079886798,0.092845880894,0.092079886798,0.092845880894,0.305,0.303,89.72,0.3047062,0.3034467,89.72,44.7494,0.0,1.94,1.041,0.039,1.0,3.0,79,79,3_8,3_17,39992.91,106.4067,14.7989,0.0029,191.3996,101.0,110.0,1973.0,398.0,1973.0064,397.9906,1973.0064,397.9906,192.25097288548068,27.82690595577604,1.733,1.633,9.29,0.00634,0.00585,14.19,1973.0064,397.9906,192.25097288548068,27.82690595577604,0.98446737422,0.89628898136,0.98446737422,0.89628898136,0.992,0.947,-3.07,0.9923317,0.9465908,-3.07,23.2482,0.0,3.08,1.061,0.058,0.987,3.0,0.07794677671330873
464,464,3_66,3_115,4458.11,27.03401,17.181,0.0066,-7.250934E-4,156.0,156.0,1995.0,366.0,1995.7766,365.4553,1995.7766,365.4553,192.2434124062944,27.835853126962306,3.864,1.864,-12.39,0.02344,0.0113,-12.39,1995.7766,365.4553,192.2434124062944,27.835853126962306,5.2257514703,2.3057779602,5.2257514703,2.3057779602,2.308,1.484,-10.43,2.308296,1.484351,-10.43,47.5198,16.0,12.68,2.073,0.518,0.998,3.0,81,81,3_10,3_15,4207.434,73.67866,17.2438,0.019,192.0424,103.0,109.0,1995.0,366.0,1995.9195,365.4601,1995.9195,365.4601,192.24336701000297,27.835850538029195,3.47,1.924,-10.36,0.06852,0.03886,-10.02,1995.9195,365.4601,192.24336701000297,27.835850538029195,6.9663351188,4.2128719984,6.9663351188,4.2128719984,2.66,2.025,-11.15,2.660383,2.025233,-11.15,23.2883,16.0,10.78,1.804,0.446,0.0,3.0,0.14298059308876634
465,465,3_67,3_114,779.6407,11.30531,19.0741,0.0157,-9.222337E-7,8.0,8.0,1615.0,371.0,1615.0453,371.1894,1615.0453,371.1894,192.36455195541035,27.837488439879053,0.576,0.465,4.82,0.00836,0.00675,4.82,1615.0453,371.1894,192.36455195541035,27.837488439879053,0.16945014259,0.15085648838,0.16945014259,0.15085648838,0.412,0.388,1.78,0.411665,0.3883794,1.78,36.6215,0.0,1.26,1.238,0.192,1.0,3.0,80,80,3_9,3_16,652.8549,29.20025,19.2668,0.0486,191.9032,16.0,18.0,1615.0,371.0,1615.0892,371.258,1615.0892,371.258,192.3645386467552,27.83746878971426,1.148,1.001,-18.18,0.06238,0.05482,-24.65,1615.0892,371.258,192.3645386467552,27.83746878971426,0.96418511099,0.82844615191,0.96418511099,0.82844615191,0.982,0.91,-4.82,0.9824241,0.909656,-4.82,23.3331,0.0,3.46,1.147,0.128,0.642,3.0,0.0814442754279955
478,478,3_80,3_101,35498.5,76.28516,14.9283,0.0023,-0.001721578,6.0,6.0,1545.0,349.0,1544.7928,349.2961,1544.7928,349.2961,192.38668875818783,27.8442291313151,0.468,0.412,-62.27,0.00101,8.8E-4,-62.27,1544.7928,349.2961,192.38668875818783,27.8442291313151,0.1366921321,0.16779144114,0.1366921321,0.16779144114,0.41,0.369,-85.0,0.4099157,0.369395,-85.0,33.1422,0.0,0.83,1.137,0.12,1.0,3.0,82,82,3_11,3_14,35712.14,100.953,14.9218,0.0031,191.3588,93.0,103.0,1545.0,349.0,1544.8736,349.3714,1544.8736,349.3714,192.3866637711144,27.844207292979466,1.708,1.617,-3.5,0.00646,0.00629,-18.56,1544.8736,349.3714,192.3866637711144,27.844207292979466,1.0346578702,0.91015451854,1.0346578702,0.91015451854,1.018,0.953,-7.81,1.018353,0.952769,-7.81,23.2914,0.0,3.14,1.056,0.053,0.984,3.0,0.1104478610023211
484,484,3_86,3_95,911.9399,12.22695,18.904,0.0146,0.0,8.0,8.0,1831.0,324.0,1831.131,323.8541,1831.131,323.8541,192.29536910366227,27.84896380923192,0.616,0.469,-35.4,0.00826,0.00628,-35.4,1831.131,323.8541,192.29536910366227,27.84896380923192,0.17404809806,0.15709620259,0.17404809806,0.15709620259,0.421,0.393,-20.6,0.4205199,0.3928197,-20.6,39.6353,0.0,1.25,1.315,0.24,1.0,3.0,83,83,3_12,3_13,837.3674,32.90195,18.9966,0.0427,191.3474,18.0,23.0,1831.0,324.0,1831.1844,323.8416,1831.1844,323.8416,192.2953519978076,27.848966865896053,1.298,1.09,-27.18,0.06288,0.05281,-29.73,1831.1844,323.8416,192.2953519978076,27.848966865896053,1.0032057623,0.84925028436,1.0032057623,0.84925028436,1.011,0.911,-18.69,1.011481,0.9106931,-18.69,23.2951,0.0,3.85,1.191,0.16,0.301,3.0,0.054843504629088415
492,492,3_94,3_87,690.4265,10.63883,19.2061,0.0167,0.0,5.0,5.0,1818.0,299.0,1818.3202,298.7876,1818.3202,298.7876,192.2992006615795,27.85611849369698,0.512,0.449,-59.17,0.00789,0.00692,-59.18,1818.3202,298.7876,192.2992006615795,27.85611849369698,0.12253492686,0.094765059723,0.12253492686,0.094765059723,0.351,0.307,-9.12,0.3510987,0.3066426,-9.12,39.6033,0.0,0.96,1.141,0.123,1.0,3.0,84,84,3_13,3_12,543.1053,26.60331,19.4667,0.0532,191.9978,12.0,15.0,1818.0,299.0,1818.4247,298.841,1818.4247,298.841,192.2991679397369,27.856102592520667,1.025,0.96,-66.4,0.0635,0.05624,-75.61,1818.4247,298.841,192.2991679397369,27.856102592520667,0.79687129415,0.7619553073,0.79687129415,0.7619553073,0.894,0.872,-12.17,0.8936298,0.8719246,-12.17,23.3349,0.0,3.53,1.068,0.064,0.522,3.0,0.11735335529921434
511,511,3_113,3_68,1286.989,14.52522,18.5299,0.0123,0.0,7.0,7.0,1895.0,228.0,1895.2299,228.0069,1895.2299,228.0069,192.27404613389345,27.875351906649545,0.453,0.424,-10.39,0.00511,0.00478,-10.39,1895.2299,228.0069,192.27404613389345,27.875351906649545,0.12577317331,0.10821012863,0.12577317331,0.10821012863,0.355,0.329,-0.41,0.3546464,0.3289517,-0.41,38.6743,0.0,0.98,1.069,0.064,1.0,3.0,85,85,3_14,3_11,1106.21,34.28545,18.6943,0.0337,192.2265,22.0,24.0,1895.0,228.0,1895.2469,228.0195,1895.2469,228.0195,192.27404084873268,27.87534821924804,1.219,1.148,1.56,0.04592,0.0426,-0.02,1895.2469,228.0195,192.27404084873268,27.87534821924804,0.84695267245,0.78351278383,0.84695267245,0.78351278383,0.921,0.885,-4.5,0.9205152,0.8849391,-4.5,23.3431,0.0,3.06,1.061,0.058,0.92,3.0,0.02116034026195209
527,527,3_129,3_52,36417.45,77.26625,14.9006,0.0023,0.0,6.0,6.0,1657.0,184.0,1657.2473,183.5965,1657.2473,183.5965,192.3493339241633,27.889859427315866,0.493,0.432,78.55,0.00105,9.2E-4,78.55,1657.2473,183.5965,192.3493339241633,27.889859427315866,0.087661681864,0.1920187809,0.087661681864,0.1920187809,0.438,0.296,87.85,0.4383671,0.2958289,87.85,35.2155,0.0,0.95,1.14,0.123,1.0,3.0,86,86,3_15,3_10,36278.18,100.7932,14.9048,0.003,192.0074,92.0,101.0,1657.0,184.0,1657.3148,183.655,1657.3148,183.655,192.34931300644476,27.88984241769136,1.693,1.603,3.61,0.0063,0.00606,10.16,1657.3148,183.655,192.34931300644476,27.88984241769136,1.0248011903,0.9101311298,1.0248011903,0.9101311298,1.012,0.954,-1.73,1.012376,0.9539529,-1.73,23.3375,0.0,3.16,1.056,0.053,0.983,3.0,0.08932244958584501
532,532,3_134,3_47,27867.53,67.59029,15.1911,0.0026,-2.358295E-4,6.0,6.0,1938.0,166.0,1938.0241,166.3545,1938.0241,166.3545,192.25982738341244,27.89230911438076,0.478,0.321,-90.0,0.00116,7.8E-4,-90.0,1938.0241,166.3545,192.25982738341244,27.89230911438076,0.095169640563,0.15109109471,0.095169640563,0.15109109471,0.389,0.308,-89.99,0.3887044,0.3084958,-89.99,35.391,0.0,0.95,1.49,0.329,1.0,3.0,87,87,3_16,3_9,27914.17,91.56361,15.1893,0.0036,192.2263,85.0,93.0,1938.0,166.0,1938.0895,166.409,1938.0895,166.409,192.25980710928397,27.892293233344667,1.691,1.592,3.14,0.00756,0.00698,6.37,1938.0895,166.409,192.25980710928397,27.892293233344667,1.0225832727,0.92981172141,1.0225832727,0.92981172141,1.012,0.964,-4.58,1.011525,0.9639561,-4.58,23.3524,0.0,3.15,1.062,0.058,0.982,3.0,0.08513172146734106
536,536,3_138,3_43,6806.115,33.40294,16.7216,0.0053,-1.397701E-7,4.0,4.0,1808.0,144.0,1808.3918,143.5922,1808.3918,143.5922,192.3008534857377,27.899819825361835,0.498,0.482,-50.95,0.00244,0.00236,-50.95,1808.3918,143.5922,192.3008534857377,27.899819825361835,0.20186168609,0.21228924567,0.20186168609,0.21228924567,0.463,0.446,-66.19,0.4634751,0.446477,-66.19,39.6988,0.0,0.94,1.033,0.032,1.0,3.0,88,88,3_17,3_8,6531.535,57.75447,16.7663,0.0096,191.0108,49.0,54.0,1808.0,144.0,1808.4358,143.6237,1808.4358,143.6237,192.30083979026384,27.899810597137257,1.529,1.462,-17.12,0.01764,0.01655,-41.62,1808.4358,143.6237,192.30083979026384,27.899810597137257,0.98981113859,0.90525094627,0.98981113859,0.90525094627,0.995,0.951,-6.05,0.9953747,0.9509423,-6.05,23.2664,0.0,3.09,1.046,0.044,0.974,3.0,0.05411330705094536
545,545,3_147,3_34,309.8644,7.127233,20.0759,0.025,2.223932E-7,5.0,5.0,1935.0,118.0,1934.7465,118.3146,1934.7465,118.3146,192.26039890051337,27.905837535554063,0.472,0.458,-42.79,0.01086,0.01053,-42.77,1934.7465,118.3146,192.26039890051337,27.905837535554063,0.099365352058,0.12337872902,0.099365352058,0.12337872902,0.351,0.315,-87.79,0.3513039,0.3151661,-87.79,42.5587,0.0,0.95,1.031,0.03,1.0,3.0,89,89,3_18,3_7,170.3162,17.81501,20.7257,0.1136,191.957,6.0,7.0,1935.0,118.0,1934.9526,118.2723,1934.9526,118.2723,192.26033290062853,27.90584764104642,0.733,0.678,-9.7,0.09094,0.08408,-0.27,1934.9526,118.2723,192.26033290062853,27.90584764104642,0.87938125486,0.82576677068,0.87938125486,0.82576677068,0.949,0.897,-28.27,0.9493174,0.8966296,-28.27,23.3315,0.0,3.32,1.08,0.074,0.502,3.0,0.21039605509620046
554,554,3_156,3_25,597.4457,9.896562,19.3631,0.018,-1.107874E-6,5.0,5.0,1553.0,83.0,1553.2387,83.0255,1553.2387,83.0255,192.381474006599,27.918995601242354,0.524,0.413,-70.92,0.00869,0.00684,-70.92,1553.2387,83.0255,192.381474006599,27.918995601242354,0.15382531106,0.14900253051,0.15382531106,0.14900253051,0.394,0.384,-23.81,0.39369,0.3844945,-23.81,36.4121,0.0,1.18,1.269,0.212,1.0,3.0,90,90,3_19,3_6,443.6534,25.48664,19.6863,0.0624,191.8385,11.0,14.0,1553.0,83.0,1553.3215,83.0604,1553.3215,83.0604,192.38144798406475,27.9189851021891,1.03,0.912,-77.08,0.07382,0.06197,-85.93,1553.3215,83.0604,192.38144798406475,27.9189851021891,0.77291531574,0.75983897904,0.77291531574,0.75983897904,0.903,0.847,-41.22,0.903372,0.8465656,-41.22,23.329,0.0,3.23,1.13,0.115,0.617,3.0,0.08985460477897078
557,557,3_159,3_22,652.4875,10.3424,19.2674,0.0172,-8.445573E-4,5.0,5.0,1880.0,76.0,1879.5296,75.7036,1879.5296,75.7036,192.277553682313,27.918287749990935,0.552,0.448,-15.64,0.00876,0.00711,-15.64,1879.5296,75.7036,192.277553682313,27.918287749990935,0.23502005178,0.13533226623,0.23502005178,0.13533226623,0.486,0.367,-5.64,0.4857984,0.3665408,-5.64,34.6415,0.0,0.98,1.232,0.188,1.0,3.0,91,91,3_20,3_5,525.6558,26.63124,19.5021,0.055,191.8182,14.0,15.0,1879.0,76.0,1879.4147,75.739,1879.4147,75.739,192.27759059626544,27.91827879081814,1.097,0.929,-7.37,0.06776,0.05644,-5.88,1879.4147,75.739,192.27759059626544,27.91827879081814,0.91140956673,0.75382437942,0.91140956673,0.75382437942,0.959,0.864,-12.02,0.9585891,0.8639103,-12.02,23.3252,0.0,3.66,1.181,0.153,0.546,3.0,0.12022965524365674
573,573,3_175,3_6,356.9064,7.649134,19.9225,0.0233,-2.311086E-4,6.0,6.0,1701.0,41.0,1700.4965,41.2426,1700.4965,41.2426,192.33420239646316,27.92949936554536,0.582,0.482,65.71,0.01248,0.01032,65.71,1700.4965,41.2426,192.33420239646316,27.92949936554536,0.2487771519,0.17133809117,0.2487771519,0.17133809117,0.501,0.412,8.61,0.5005931,0.4117302,8.61,35.3885,0.0,1.28,1.209,0.173,1.0,3.0,92,92,3_21,3_4,212.856,19.20508,20.4837,0.098,191.0747,7.0,8.0,1701.0,41.0,1700.5083,41.0319,1700.5083,41.0319,192.33419661112575,27.929558473946155,0.803,0.705,3.08,0.09244,0.07596,0.21,1700.5083,41.0319,192.33419661112575,27.929558473946155,0.90679877046,0.90831317295,0.90679877046,0.90831317295,0.965,0.94,45.9,0.9652635,0.939882,45.9,23.2926,0.0,4.45,1.138,0.121,0.489,3.0,0.2110301637207369
575,575,3_177,3_4,5760.064,30.72902,16.9028,0.0058,-0.001486878,7.0,7.0,1934.0,25.0,1933.9024,25.3637,1933.9024,25.3637,192.259754712716,27.93196417544198,0.486,0.396,-79.14,0.0026,0.00211,-79.14,1933.9024,25.3637,192.259754712716,27.93196417544198,0.10819352095,0.17297280407,0.10819352095,0.17297280407,0.416,0.329,-89.1,0.4159192,0.3289036,-89.1,47.296,0.0,0.89,1.23,0.187,1.0,3.0,94,94,3_23,3_2,5614.837,56.70297,16.9305,0.011,191.5428,46.0,55.0,1934.0,25.0,1933.9388,25.4117,1933.9388,25.4117,192.25974359844048,27.93195037314924,1.56,1.458,12.86,0.02098,0.01893,22.75,1933.9388,25.4117,192.25974359844048,27.93195037314924,1.0153154764,0.92924424614,1.0153154764,0.92924424614,1.009,0.962,-10.87,1.009262,0.962263,-10.87,23.313,0.0,3.18,1.071,0.066,0.98,3.0,0.06024084992757623
578,578,4_1,4_3,361.3135,7.696215,19.9092,0.0231,1.814247E-6,14.0,14.0,2201.0,12.0,2200.184,12.3902,2200.184,12.3902,192.174871057832,27.933279085929826,0.955,0.604,-44.19,0.02483,0.01553,-43.37,2200.184,12.3902,192.174871057832,27.933279085929826,0.39582965922,0.23962983426,0.39582965922,0.23962983426,0.659,0.448,-24.03,0.6592152,0.4482129,-24.03,99.0,0.0,2.35,1.579,0.367,1.0,4.0,95,95,4_1,4_2,351.6026,24.28601,19.9387,0.075,192.1305,12.0,13.0,2200.0,12.0,2200.2097,12.2757,2200.2097,12.2757,192.1748617265617,27.93331102946048,1.154,0.808,-44.84,0.09802,0.06961,-45.04,2200.2097,12.2757,192.1748617265617,27.93331102946048,1.0801772474,0.99527240204,1.0801772474,0.99527240204,1.1,0.93,-37.85,1.099836,0.9304898,-37.85,23.32,0.0,4.65,1.429,0.3,0.484,4.0,0.11734879632950593
590,590,4_13,4_32,9210.451,38.85756,16.3932,0.0046,2.826009E-5,16.0,16.0,2234.0,477.0,2233.5835,477.05,2233.5835,477.05,192.1689092169136,27.80240360777243,0.538,0.505,4.09,0.00231,0.0022,4.91,2233.5835,477.05,192.1689092169136,27.80240360777243,0.20950448113,0.074095495269,0.20950448113,0.074095495269,0.458,0.272,0.28,0.4577202,0.2721989,0.28,99.0,0.0,1.06,1.065,0.061,1.0,4.0,112,112,4_18,4_17,9322.231,65.4339,16.3801,0.0076,191.8997,57.0,67.0,2234.0,477.0,2233.6743,477.0714,2233.6743,477.0714,192.16888056670572,27.80239678912239,1.613,1.531,-2.22,0.01503,0.01441,-2.49,2233.6743,477.0714,192.16888056670572,27.80239678912239,1.012167423,0.93021268229,1.012167423,0.93021268229,1.006,0.964,-2.41,1.006137,0.9644002,-2.41,23.3095,0.0,3.1,1.054,0.051,0.981,4.0,0.09328772695263153
591,591,4_14,4_31,417.3317,8.271338,19.7527,0.0215,2.362729E-5,11.0,11.0,2296.0,467.0,2296.2364,467.1738,2296.2364,467.1738,192.14889318567128,27.804623271576773,0.732,0.66,46.98,0.01677,0.01469,61.66,2296.2364,467.1738,192.14889318567128,27.804623271576773,0.29911460738,0.25433683469,0.29911460738,0.25433683469,0.553,0.498,19.27,0.5525814,0.4981016,19.27,99.0,0.0,1.68,1.11,0.099,1.0,4.0,97,97,4_3,4_16,381.3172,25.28485,19.8507,0.072,192.4653,12.0,14.0,2296.0,467.0,2296.3971,467.2407,2296.3971,467.2407,192.14884277385693,27.804603038192564,0.992,0.963,22.12,0.07788,0.07594,6.32,2296.3971,467.2407,192.14884277385693,27.804603038192564,1.0600987902,1.0711225155,1.0600987902,1.0711225155,1.036,1.029,71.5,1.035621,1.028936,71.5,23.3324,0.0,4.19,1.03,0.029,0.232,4.0,0.17406923909787367
593,593,4_16,4_29,509.0007,9.1347,19.5371,0.0195,-1.008686E-6,11.0,11.0,2321.0,423.0,2320.6938,422.7364,2320.6938,422.7364,192.1406699594217,27.81689471694197,0.664,0.626,15.81,0.01386,0.01235,15.25,2320.6938,422.7364,192.1406699594217,27.81689471694197,0.24269871272,0.24734123163,0.24269871272,0.24734123163,0.505,0.484,51.47,0.5053636,0.4844044,51.47,99.0,0.0,1.53,1.062,0.058,1.0,4.0,98,98,4_4,4_15,437.9213,25.59536,19.7004,0.0635,191.9291,11.0,14.0,2321.0,423.0,2320.5756,422.7365,2320.5756,422.7365,192.14070753942875,27.816895743468837,0.995,0.938,12.88,0.06708,0.06533,4.02,2320.5756,422.7365,192.14070753942875,27.816895743468837,1.0173199909,0.912240895,1.0173199909,0.912240895,1.012,0.951,14.21,1.012187,0.9513352,14.21,23.295,0.0,3.2,1.061,0.058,0.614,4.0,0.11820004230106479
596,596,4_19,4_26,142.9508,4.840926,20.9159,0.0368,0.0,9.0,9.0,2077.0,398.0,2077.0028,398.0795,2077.0028,398.0795,192.217905052318,27.82597651365645,0.704,0.614,-9.61,0.02935,0.02699,-9.77,2077.0028,398.0795,192.217905052318,27.82597651365645,0.36821688622,0.28136772742,0.36821688622,0.28136772742,0.608,0.529,-7.21,0.6079715,0.5291079,-7.21,99.0,0.0,3.88,1.147,0.128,1.0,4.0,100,100,4_6,4_13,151.4433,16.3312,20.8532,0.1171,191.6837,6.0,6.0,2077.0,398.0,2076.8341,398.1617,2076.8341,398.1617,192.21795950792207,27.825954884320023,0.755,0.568,-41.39,0.10967,0.08111,-44.77,2076.8341,398.1617,192.21795950792207,27.825954884320023,0.89403684795,0.67075333472,0.89403684795,0.67075333472,0.952,0.811,-12.98,0.952134,0.8113144,-12.98,23.3028,0.0,3.87,1.329,0.248,0.476,4.0,0.1876606778205226
597,597,4_20,4_25,57406.93,97.01017,14.4065,0.0018,6.213725E-9,13.0,13.0,2439.0,393.0,2438.7628,393.2757,2438.7628,393.2757,192.10283289424177,27.824115661234963,0.475,0.45,-85.84,8.0E-4,7.6E-4,-85.25,2438.7628,393.2757,192.10283289424177,27.824115661234963,0.077806190049,0.096500765947,0.077806190049,0.096500765947,0.311,0.279,-89.09,0.3106534,0.2789291,-89.09,99.0,0.0,0.94,1.056,0.053,1.0,4.0,99,99,4_5,4_14,58257.24,120.1964,14.3905,0.0022,192.3981,110.0,118.0,2439.0,393.0,2438.8128,393.3438,2438.8128,393.3438,192.10281769163453,27.82409607176448,1.689,1.652,14.02,0.00472,0.00453,53.35,2438.8128,393.3438,192.10281769163453,27.82409607176448,0.99820372195,0.91473629676,0.99820372195,0.91473629676,0.999,0.956,-4.99,0.9994227,0.9560828,-4.99,23.319,0.0,3.06,1.022,0.022,0.986,4.0,0.08448437725414258
605,605,4_28,4_17,298.5551,6.99596,20.1163,0.0254,0.0,11.0,11.0,2288.0,235.0,2287.8566,234.7359,2287.8566,234.7359,192.14921480709097,27.870022306968004,0.786,0.66,-13.12,0.02235,0.0179,-25.33,2287.8566,234.7359,192.14921480709097,27.870022306968004,0.2442763686,0.27944946145,0.2442763686,0.27944946145,0.536,0.486,66.49,0.5363347,0.4858713,66.49,99.0,0.0,1.69,1.192,0.161,1.0,4.0,101,101,4_7,4_12,284.8083,22.29937,20.1675,0.085,191.9721,10.0,11.0,2288.0,235.0,2287.8336,234.8004,2287.8336,234.8004,192.1492227741734,27.8700043862049,0.912,0.865,-26.93,0.08836,0.08503,-43.34,2287.8336,234.8004,192.1492227741734,27.8700043862049,1.0332172407,0.93174477167,1.0332172407,0.93174477167,1.03,0.951,-24.63,1.02967,0.9511788,-24.63,23.3316,0.0,5.28,1.055,0.052,0.141,4.0,0.06847809868861424
607,607,4_30,4_15,101.456,4.078251,21.2882,0.0437,0.0,8.0,8.0,2369.0,216.0,2369.1765,215.867,2369.1765,215.867,192.12315635730764,27.87459769476108,0.774,0.433,-53.68,0.03989,0.02611,-52.93,2369.1765,215.867,192.12315635730764,27.87459769476108,0.079820884408,0.1328998065,0.079820884408,0.1328998065,0.38,0.261,-67.12,0.3799993,0.2613834,-67.12,99.0,0.0,1.69,1.789,0.441,1.0,4.0,103,103,4_9,4_10,114.7704,14.98788,21.1543,0.1418,192.479,4.0,5.0,2369.0,216.0,2369.3874,215.811,2369.3874,215.811,192.12308870104164,27.874611539079574,0.752,0.444,-70.73,0.12606,0.07289,-71.5,2369.3874,215.811,192.12308870104164,27.874611539079574,0.66327159851,0.69238881431,0.66327159851,0.69238881431,0.882,0.76,-49.2,0.8818132,0.7603065,-49.2,23.3631,0.0,3.04,1.695,0.41,0.44,4.0,0.21820818041497453
609,609,4_32,4_13,731.1277,10.94792,19.1439,0.0163,0.0,14.0,14.0,2040.0,93.0,2040.1338,93.4045,2040.1338,93.4045,192.22661659943876,27.911922182942885,0.702,0.627,-21.69,0.01178,0.01084,-21.72,2040.1338,93.4045,192.22661659943876,27.911922182942885,0.16766777213,0.26988843379,0.16766777213,0.26988843379,0.52,0.409,-86.05,0.5199779,0.4088755,-86.05,99.0,0.0,1.32,1.12,0.107,1.0,4.0,105,105,4_11,4_8,736.1653,32.07468,19.1364,0.0473,191.6999,20.0,22.0,2040.0,93.0,2040.1645,93.3904,2040.1645,93.3904,192.226606690144,27.911925877152623,1.303,1.065,-4.21,0.06976,0.05583,-3.56,2040.1645,93.3904,192.226606690144,27.911925877152623,1.1199806022,0.90889558965,1.1199806022,0.90889558965,1.059,0.953,-4.02,1.058787,0.9528099,-4.02,23.3138,0.0,3.52,1.223,0.182,0.577,4.0,0.033783131885624096
610,610,4_33,4_12,2503.395,20.25815,17.8075,0.0088,7.268966E-9,16.0,16.0,2422.0,92.0,2422.076,91.7075,2422.076,91.7075,192.10505989691964,27.909009822489104,0.597,0.565,-18.21,0.00521,0.00487,-11.76,2422.076,91.7075,192.10505989691964,27.909009822489104,0.12008043829,0.16123297089,0.12008043829,0.16123297089,0.402,0.346,-87.67,0.4016232,0.3464277,-87.67,99.0,0.0,1.18,1.057,0.054,1.0,4.0,106,106,4_12,4_7,2409.596,42.77369,17.849,0.0193,191.9072,32.0,35.0,2422.0,92.0,2422.0747,91.7071,2422.0747,91.7071,192.1050603064902,27.90900994660553,1.423,1.262,-7.64,0.03163,0.02772,-11.35,2422.0747,91.7071,192.1050603064902,27.90900994660553,0.94634181863,0.82969125833,0.94634181863,0.82969125833,0.973,0.911,-3.09,0.9729766,0.9106864,-3.09,23.3229,0.0,3.11,1.127,0.113,0.975,4.0,0.001360147050778693
612,612,4_35,4_10,1021.921,12.94326,18.7803,0.0138,1.278178E-6,12.0,12.0,2215.0,63.0,2215.2111,63.055400000000006,2215.2111,63.055400000000006,192.1705980531252,27.91891022536253,0.683,0.578,5.88,0.00959,0.00775,7.05,2215.2111,63.055400000000006,192.1705980531252,27.91891022536253,0.20634539815,0.13653777079,0.20634539815,0.13653777079,0.454,0.369,0.77,0.4542665,0.3694931,0.77,99.0,0.0,1.38,1.181,0.153,1.0,4.0,107,107,4_13,4_6,982.1078,33.34973,18.8235,0.0369,191.1394,19.0,23.0,2215.0,63.0,2215.1821,63.0525,2215.1821,63.0525,192.17060725292652,27.918911297251626,1.2,1.156,6.12,0.04874,0.04853,82.85,2215.1821,63.0525,192.17060725292652,27.918911297251626,0.95526135185,0.81270436126,0.95526135185,0.81270436126,0.978,0.901,2.53,0.9775171,0.9013467,2.53,23.2649,0.0,3.29,1.038,0.037,0.831,4.0,0.02914463930124735
614,614,4_37,4_8,2128.594,18.6802,17.9836,0.0095,2.289724E-6,15.0,15.0,2382.0,36.0,2381.5611,36.4771,2381.5611,36.4771,192.11738833220411,27.92489286313627,0.654,0.612,-38.41,0.00611,0.00568,-39.97,2381.5611,36.4771,192.11738833220411,27.92489286313627,0.26404871074,0.26417802293,0.26404871074,0.26417802293,0.525,0.502,-45.16,0.5251404,0.5024483,-45.16,99.0,0.0,1.07,1.069,0.064,1.0,4.0,108,108,4_14,4_5,2137.569,42.82301,17.9791,0.0218,190.9379,34.0,36.0,2382.0,36.0,2381.6358,36.4964,2381.6358,36.4964,192.1173647556705,27.924886768769017,1.452,1.307,-31.33,0.03723,0.0323,-36.7,2381.6358,36.4964,192.1173647556705,27.924886768769017,1.0267618618,0.93759173712,1.0267618618,0.93759173712,1.016,0.966,-12.34,1.015502,0.9659762,-12.34,23.2652,0.0,3.26,1.111,0.1,0.947,4.0,0.07715296494638486
615,615,4_38,4_7,6268.731,32.05715,16.8109,0.0056,3.954317E-6,16.0,16.0,2253.0,28.0,2253.2459,27.7677,2253.2459,27.7677,192.15813764085152,27.928487538620494,0.55,0.535,51.86,0.00293,0.00281,54.78,2253.2459,27.7677,192.15813764085152,27.928487538620494,0.11405929669,0.11484263088,0.11405929669,0.11484263088,0.34,0.337,56.13,0.3398306,0.3367745,56.13,99.0,0.0,1.11,1.029,0.028,1.0,4.0,109,109,4_15,4_4,6288.957,59.26714,16.8074,0.0102,192.2263,49.0,58.0,2253.0,28.0,2253.2671,27.7978,2253.2671,27.7978,192.15813119752832,27.928478892817346,1.563,1.499,6.21,0.01881,0.01841,9.48,2253.2671,27.7978,192.15813119752832,27.928478892817346,1.0062295083,0.92213593833,1.0062295083,0.92213593833,1.003,0.96,2.19,1.003172,0.9602147,2.19,23.3193,2.0,3.1,1.043,0.041,0.981,4.0,0.03681643654681396
617,617,4_40,4_5,3752.332,24.80194,17.3681,0.0072,-0.009953156,16.0,16.0,2245.0,24.0,2245.1584,24.0071,2245.1584,24.0071,192.1606736878961,27.929616070645096,0.596,0.524,14.69,0.00414,0.00365,15.76,2245.1584,24.0071,192.1606736878961,27.929616070645096,0.15530490698,0.13383482195,0.15530490698,0.13383482195,0.394,0.366,2.14,0.3941255,0.3657934,2.14,31.3344,0.0,1.14,1.139,0.122,0.981,4.0,110,110,4_16,4_4,3689.425,49.6875,17.3865,0.0146,192.6658,39.0,44.0,2245.0,24.0,2245.2106,24.0498,2245.2106,24.0498,192.1606575050244,27.92960360919789,1.547,1.344,17.06,0.02636,0.02195,25.0,2245.2106,24.0498,192.1606575050244,27.92960360919789,1.0149458308,0.88515605381,1.0149458308,0.88515605381,1.008,0.94,5.26,1.007996,0.940237,5.26,23.3505,3.0,3.17,1.151,0.131,0.97,4.0,0.06743982502949432
621,621,5_1,5_1,32102.98,72.54505,15.0375,0.0025,-6.10337E-5,16.0,16.0,2646.0,6.0,2645.4963,5.6684,2645.4963,5.6684,192.0330690545926,27.93114871815847,0.548,0.518,54.11,0.00124,0.00117,54.12,2645.4963,5.6684,192.0330690545926,27.93114871815847,0.25264273411,0.18565806355,0.25264273411,0.18565806355,0.504,0.43,6.6,0.5035381,0.4298257,6.6,51.6642,0.0,1.11,1.058,0.055,1.0,5.0,113,113,5_1,5_1,32413.58,97.50919,15.0271,0.0033,194.7027,94.0,101.0,2646.0,6.0,2645.5526,5.723,2645.5526,5.723,192.0330517065016,27.93113286125201,1.694,1.643,22.27,0.00696,0.0067,19.03,2645.5526,5.723,192.0330517065016,27.93113286125201,1.0296449576,0.96160608313,1.0296449576,0.96160608313,1.015,0.981,0.22,1.014715,0.9806147,0.22,23.3162,16.0,3.13,1.031,0.03,0.999,5.0,0.07842735492174654
622,622,5_2,5_38,217.7921,5.975251,20.4588,0.0298,-7.931338E-5,11.0,11.0,2838.0,485.0,2838.0072,484.4926,2838.0072,484.4926,191.97686303882224,27.794823963819997,0.636,0.523,-25.4,0.01746,0.01435,-25.42,2838.0072,484.4926,191.97686303882224,27.794823963819997,0.13564527394,0.24417661768,0.13564527394,0.24417661768,0.496,0.365,-82.08,0.4963055,0.3653802,-82.08,36.3378,0.0,1.54,1.217,0.178,1.0,5.0,114,114,5_2,5_26,206.6616,18.94504,20.5157,0.0996,195.5251,7.0,8.0,2838.0,485.0,2838.0006,484.498,2838.0006,484.498,191.9768651934054,27.794822507654505,0.792,0.708,88.66,0.09484,0.07795,89.95,2838.0006,484.498,191.9768651934054,27.794822507654505,0.87925490162,0.87593412455,0.87925490162,0.87593412455,0.947,0.927,-42.45,0.9467085,0.9267859,-42.45,23.3138,0.0,2.76,1.118,0.106,0.487,5.0,0.008527602242262244
625,625,5_5,5_35,4907.4,28.36357,17.0767,0.0063,-3.940155E-5,16.0,16.0,2781.0,462.0,2781.0115,462.1403,2781.0115,462.1403,191.99474417826363,27.80163462265693,0.551,0.522,-56.73,0.00318,0.00302,-56.73,2781.0115,462.1403,191.99474417826363,27.80163462265693,0.13077485912,0.13862255236,0.13077485912,0.13862255236,0.372,0.362,-86.54,0.3723591,0.3615884,-86.54,35.9056,0.0,1.09,1.055,0.052,1.0,5.0,115,115,5_3,5_25,4802.48,53.52804,17.1002,0.0121,195.5404,45.0,51.0,2781.0,462.0,2781.0878,462.1752,2781.0878,462.1752,191.9947202914506,27.801624108055474,1.51,1.435,2.21,0.02218,0.02097,23.48,2781.0878,462.1752,191.9947202914506,27.801624108055474,0.9222657382,0.84779809501,0.9222657382,0.84779809501,0.962,0.919,-11.22,0.9619325,0.9191026,-11.22,23.3434,0.0,3.05,1.053,0.05,0.982,5.0,0.08390292009195313
627,627,5_7,5_33,508.5639,9.130779,19.538,0.0195,0.0,6.0,6.0,3019.0,417.0,3019.3013,416.6147,3019.3013,416.6147,191.9185152706026,27.812200442626924,0.62,0.454,-81.26,0.01113,0.00816,-81.26,3019.3013,416.6147,191.9185152706026,27.812200442626924,0.14788472453,0.24200800861,0.14788472453,0.24200800861,0.493,0.383,-83.98,0.4930163,0.383181,-83.98,99.0,16.0,1.11,1.364,0.267,1.0,5.0,116,116,5_4,5_24,999.576,30.34136,18.8043,0.033,198.747,16.0,18.0,3020.0,416.0,3020.0918,416.5442,3020.0918,416.5442,191.91826321998104,27.812212795680907,1.271,0.848,89.71,0.05224,0.03525,89.59,3020.0918,416.5442,191.91826321998104,27.812212795680907,0.47523445022,0.75948414013,0.47523445022,0.75948414013,0.872,0.689,-88.01,0.8716805,0.6891239,-88.01,23.3057,24.0,3.4,1.499,0.333,0.965,5.0,0.7936375117143273
628,628,5_8,5_32,466.6389,8.746324,19.6314,0.0204,0.0,11.0,11.0,2917.0,349.0,2916.6159,348.7828,2916.6159,348.7828,191.9504380294999,27.83222668803011,0.708,0.617,-69.4,0.01328,0.01156,-69.4,2916.6159,348.7828,191.9504380294999,27.83222668803011,0.23218403682,0.24838248256,0.23218403682,0.24838248256,0.499,0.481,-81.82,0.4987228,0.4814998,-81.82,46.8219,0.0,1.5,1.148,0.129,1.0,5.0,117,117,5_5,5_23,427.4384,25.3829,19.7267,0.0645,197.5968,13.0,14.0,2917.0,349.0,2916.5429,348.7308,2916.5429,348.7308,191.95046068778427,27.832241983812025,0.974,0.957,-19.7,0.07009,0.06862,-0.45,2916.5429,348.7308,191.95046068778427,27.832241983812025,0.82065536808,0.86735678568,0.82065536808,0.86735678568,0.938,0.899,-65.37,0.9379678,0.8990153,-65.37,23.3238,0.0,3.28,1.018,0.017,0.595,5.0,0.08962700485892923
630,630,5_10,5_30,4825.177,28.12495,17.0951,0.0063,0.0,16.0,16.0,2716.0,304.0,2715.7771,303.9192,2715.7771,303.9192,192.0138278672292,27.846700537323137,0.566,0.554,-29.0,0.0033,0.00323,-29.02,2715.7771,303.9192,192.0138278672292,27.846700537323137,0.11132369791,0.084549399949,0.11132369791,0.084549399949,0.334,0.291,-0.97,0.3336636,0.2907606,-0.97,40.3692,0.0,1.16,1.022,0.022,1.0,5.0,119,119,5_7,5_21,4656.009,52.67362,17.1338,0.0123,195.371,42.0,48.0,2716.0,304.0,2715.7942,303.9594,2715.7942,303.9594,192.013822849654,27.84668908316263,1.509,1.395,-4.54,0.02214,0.01982,-0.65,2715.7942,303.9594,192.013822849654,27.84668908316263,0.95408770962,0.87586618296,0.95408770962,0.87586618296,0.977,0.936,-4.92,0.977073,0.9355652,-4.92,23.3163,0.0,3.09,1.081,0.075,0.981,5.0,0.04368581005318689
631,631,5_11,5_29,5238.001,29.30339,17.006,0.0061,0.0,17.0,17.0,2763.0,303.0,2763.1145,303.2788,2763.1145,303.2788,191.9987677472592,27.84644298391842,0.584,0.537,-50.1,0.00327,0.003,-50.09,2763.1145,303.2788,191.9987677472592,27.84644298391842,0.10083099906,0.14316439113,0.10083099906,0.14316439113,0.379,0.317,-85.71,0.3786871,0.3171616,-85.71,41.2113,0.0,1.14,1.089,0.081,1.0,5.0,118,118,5_6,5_22,5129.987,53.62738,17.0286,0.0114,195.3401,42.0,49.0,2763.0,303.0,2763.1787,303.323,2763.1787,303.323,191.99874779550768,27.846429969161772,1.496,1.421,-24.86,0.01998,0.01932,-60.2,2763.1787,303.323,191.99874779550768,27.846429969161772,0.96674480494,0.88170175108,0.96674480494,0.88170175108,0.986,0.936,-14.19,0.9861832,0.9358896,-14.19,23.2845,0.0,3.15,1.053,0.05,0.981,5.0,0.07794408252057022
632,632,5_12,5_28,5500.209,30.02788,16.9529,0.0059,0.0,17.0,17.0,2739.0,288.0,2738.7952,287.528,2738.7952,287.528,192.00633632337656,27.85109396321884,0.586,0.564,-20.5,0.0032,0.00308,-20.48,2738.7952,287.528,192.00633632337656,27.85109396321884,0.1480408205,0.25406306179,0.1480408205,0.25406306179,0.504,0.385,-88.18,0.504153,0.3846215,-88.18,99.0,0.0,1.19,1.04,0.038,1.0,5.0,121,121,5_9,5_19,5429.476,55.89799,16.967,0.0112,195.2191,44.0,53.0,2739.0,288.0,2738.8417,287.5543,2738.8417,287.5543,192.00632181117425,27.851086143107928,1.555,1.429,8.4,0.02086,0.01907,21.23,2738.8417,287.5543,192.00632181117425,27.851086143107928,0.99298658703,0.87997863077,0.99298658703,0.87997863077,0.997,0.938,-4.9,0.9969075,0.9376251,-4.9,23.2805,0.0,3.1,1.088,0.081,0.98,5.0,0.05342227999620078
633,633,5_13,5_27,1572.233,16.05438,18.3126,0.0111,2.377105E-4,16.0,16.0,2543.0,287.0,2543.3149,286.9278,2543.3149,286.9278,192.06849691358272,27.853055391061343,0.66,0.625,6.5,0.00674,0.00639,6.51,2543.3149,286.9278,192.06849691358272,27.853055391061343,0.20918460283,0.14162691997,0.20918460283,0.14162691997,0.457,0.376,-0.43,0.4573713,0.3763284,-0.43,99.0,0.0,1.26,1.056,0.053,1.0,5.0,122,122,5_10,5_18,1493.459,38.22269,18.3684,0.0278,193.552,26.0,29.0,2543.0,287.0,2543.3386,286.9255,2543.3386,286.9255,192.06848935266916,27.85305582175236,1.348,1.216,-3.5,0.04212,0.03787,-7.44,2543.3386,286.9255,192.06848935266916,27.85305582175236,0.95635279951,0.86120104746,0.95635279951,0.86120104746,0.978,0.928,3.03,0.9780698,0.9278649,3.03,23.356,0.0,3.3,1.108,0.098,0.925,5.0,0.023811341835540484
634,634,5_14,5_26,297.3632,6.981982,20.1206,0.0255,0.001896137,3.0,3.0,2755.0,278.0,2755.0382,277.9043,2755.0382,277.9043,192.0010697848161,27.85364797948891,0.412,0.346,85.82,0.00969,0.00813,85.82,2755.0382,277.9043,192.0010697848161,27.85364797948891,0.085811193114,0.089569436546,0.085811193114,0.089569436546,0.299,0.293,89.76,0.2992817,0.2929354,89.76,99.0,0.0,2.16,1.192,0.161,1.0,5.0,123,123,5_11,5_17,273.472,18.40343,20.2116,0.0731,195.1844,3.0,7.0,2755.0,278.0,2755.043,277.7352,2755.043,277.7352,192.0010664835624,27.85369545174316,0.686,0.627,3.41,0.06279,0.058,0.9,2755.043,277.7352,192.0010664835624,27.85369545174316,0.11488929017,0.11176616629,0.11488929017,0.11176616629,0.34,0.333,21.45,0.3397927,0.3334612,21.45,23.2689,0.0,1.09,1.094,0.086,0.732,5.0,0.16916811165224727
635,635,5_15,5_25,496.221,9.019296,19.5647,0.0197,5.282455E-5,14.0,14.0,2592.0,272.0,2592.272,272.3915,2592.272,272.3915,192.0527769136715,27.856693876052883,0.683,0.642,31.26,0.01242,0.01168,31.27,2592.272,272.3915,192.0527769136715,27.856693876052883,0.20802291362,0.26261462682,0.20802291362,0.26261462682,0.528,0.438,64.26,0.5283461,0.4375934,64.26,40.7192,0.0,1.49,1.063,0.06,1.0,5.0,124,124,5_12,5_16,479.8647,26.49329,19.6011,0.06,193.8035,14.0,15.0,2592.0,272.0,2592.3661,272.3889,2592.3661,272.3889,192.05274695956868,27.85669374696451,1.039,0.956,-39.62,0.07244,0.06348,-44.63,2592.3661,272.3889,192.05274695956868,27.85669374696451,0.94437915235,0.87915895516,0.94437915235,0.87915895516,0.972,0.937,5.85,0.9721476,0.9372657,5.85,23.3303,0.0,3.58,1.086,0.079,0.401,5.0,0.09413591238229863
636,636,5_16,5_24,531.7142,9.336287,19.4897,0.0191,-5.292972E-4,9.0,9.0,2553.0,270.0,2552.9348,270.3932,2552.9348,270.3932,192.06526698352656,27.85761422837427,0.58,0.576,-57.28,0.01019,0.01012,-57.06,2552.9348,270.3932,192.06526698352656,27.85761422837427,0.13632525782,0.22676601043,0.13632525782,0.22676601043,0.476,0.369,89.28,0.4762147,0.3692029,89.28,34.1539,0.0,1.21,1.007,0.007,0.991,5.0,125,125,5_13,5_15,513.96,27.45484,19.5265,0.058,193.2084,13.0,16.0,2553.0,270.0,2552.953,270.452,2552.953,270.452,192.0652618018196,27.857597539294748,1.075,0.927,-4.67,0.07253,0.05952,-0.05,2552.953,270.452,192.0652618018196,27.857597539294748,0.68033974788,0.62328266724,0.68033974788,0.62328266724,0.832,0.782,-22.2,0.8317078,0.7822304,-22.2,23.3227,0.0,3.1,1.159,0.137,0.661,5.0,0.06155225422355788
639,639,5_19,5_21,1735.499,16.86736,18.2053,0.0106,0.0,16.0,16.0,2666.0,233.0,2666.1949,232.7821,2666.1949,232.7821,192.0288541459896,27.867146656626964,0.667,0.611,52.01,0.00648,0.00594,52.0,2666.1949,232.7821,192.0288541459896,27.867146656626964,0.19329029599,0.20093264926,0.19329029599,0.20093264926,0.456,0.432,55.32,0.4560219,0.4315865,55.32,45.7726,0.0,1.4,1.092,0.084,1.0,5.0,129,129,5_17,5_11,1626.726,39.40167,18.2756,0.0263,194.9514,26.0,31.0,2666.0,233.0,2666.2286,232.7768,2666.2286,232.7768,192.02884337183764,27.867147836080893,1.324,1.27,29.68,0.03915,0.03788,42.91,2666.2286,232.7768,192.02884337183764,27.867147836080893,0.90617338721,0.85010739992,0.90617338721,0.85010739992,0.958,0.916,22.08,0.9577109,0.9160079,22.08,23.3309,0.0,3.12,1.042,0.041,0.911,5.0,0.034114219908960526
640,640,5_20,5_20,45453.17,86.32114,14.66,0.0021,0.0,16.0,16.0,2646.0,232.0,2646.4741,231.8563,2646.4741,231.8563,192.0351170800776,27.86758795764014,0.518,0.45,-6.74,9.8E-4,8.6E-4,-6.74,2646.4741,231.8563,192.0351170800776,27.86758795764014,0.24170103872,0.064209859741,0.24170103872,0.064209859741,0.492,0.253,-0.72,0.4916594,0.2533415,-0.72,42.9248,0.0,0.96,1.151,0.131,1.0,5.0,127,127,5_15,5_13,46462.01,110.6664,14.6361,0.0026,195.2054,102.0,112.0,2646.0,232.0,2646.5343,231.9333,2646.5343,231.9333,192.0350987335978,27.867565768452728,1.705,1.642,0.41,0.00546,0.00536,3.35,2646.5343,231.9333,192.0350987335978,27.867565768452728,0.9928403372,0.89990150095,0.9928403372,0.89990150095,0.997,0.948,-6.84,0.9970942,0.9479162,-6.84,23.3649,0.0,3.05,1.039,0.037,0.991,5.0,0.09773965418389358
644,644,5_24,5_16,1839.671,17.36621,18.142,0.0103,1.315897E-4,18.0,18.0,2544.0,196.0,2544.3568,195.7029,2544.3568,195.7029,192.06722463074047,27.878680428804564,0.69,0.641,40.29,0.00652,0.00605,40.28,2544.3568,195.7029,192.06722463074047,27.878680428804564,0.25883574068,0.23022919125,0.25883574068,0.23022919125,0.51,0.478,13.22,0.5103979,0.4780783,13.22,41.6215,0.0,1.37,1.077,0.071,1.0,5.0,130,130,5_18,5_10,1774.334,40.54693,18.1813,0.0248,192.5498,29.0,33.0,2544.0,196.0,2544.3464,195.6956,2544.3464,195.6956,192.06722786368556,27.87868257475332,1.38,1.298,25.2,0.03901,0.0368,32.44,2544.3464,195.6956,192.06722786368556,27.87868257475332,0.99851310565,0.92028814379,0.99851310565,0.92028814379,1.002,0.957,13.15,1.001512,0.9569609,13.15,23.2987,0.0,3.28,1.064,0.06,0.933,5.0,0.012706297651253695
646,646,5_26,5_14,2359.99,19.66936,17.8716,0.0091,0.0,1.0,1.0,2683.0,191.0,2683.0,191.0,2683.0,191.0,192.0230726240156,27.878732344679023,0.289,0.289,45.0,0.00241,0.00241,45.0,2683.0,191.0,192.0230726240156,27.878732344679023,0.0833333,0.0833333,0.0833333,0.0833333,0.289,0.289,45.0,0.2886751,0.2886751,45.0,46.0215,0.0,0.0,1.0,0.0,1.0,5.0,131,131,5_19,5_9,1544.511,25.16907,18.3319,0.0177,195.37,5.0,9.0,2683.0,191.0,2682.9831,191.0174,2682.9831,191.0174,192.02307818179287,27.878727611181457,0.721,0.71,17.74,0.01308,0.01302,16.31,2682.9831,191.0174,192.02307818179287,27.878727611181457,0.092551611869,0.085367415195,0.092551611869,0.085367415195,0.304,0.292,0.56,0.3042241,0.2921759,0.56,23.3154,0.0,0.0,1.015,0.014,0.993,5.0,0.024256339377633863
647,647,5_27,5_13,674.3069,10.5139,19.2317,0.0169,0.0,25.0,25.0,2689.0,146.0,2689.0516,146.4893,2689.0516,146.4893,192.02068207894575,27.891183151852857,1.391,0.731,64.6,0.0217,0.0114,64.6,2689.0516,146.4893,192.02068207894575,27.891183151852857,0.4310215682,0.76169135142,0.4310215682,0.76169135142,0.901,0.617,70.0,0.901229,0.6168461,70.0,49.7397,0.0,3.31,1.904,0.475,1.0,5.0,132,132,5_20,5_8,735.6353,35.60751,19.1372,0.0526,195.5419,24.0,27.0,2689.0,146.0,2689.1264,146.4675,2689.1264,146.4675,192.02065805354312,27.891188587733488,1.676,1.105,64.26,0.09234,0.06106,64.66,2689.1264,146.4675,192.02065805354312,27.891188587733488,1.8784960267,2.2806744496,1.8784960267,2.2806744496,1.569,1.302,60.8,1.569484,1.302263,60.8,23.3037,0.0,6.29,1.516,0.341,0.004,5.0,0.077912001643185
649,649,5_29,5_11,502.8549,9.079385,19.5503,0.0196,0.0,14.0,14.0,2997.0,147.0,2996.8466,146.6027,2996.8466,146.6027,191.92275948927204,27.888280390421198,0.735,0.703,20.24,0.01327,0.01271,20.25,2996.8466,146.6027,191.92275948927204,27.888280390421198,0.32816341357,0.31196112753,0.32816341357,0.31196112753,0.574,0.557,15.7,0.574068,0.5572885,15.7,56.5187,0.0,1.94,1.045,0.043,1.0,5.0,133,133,5_21,5_7,476.3991,26.63458,19.6089,0.0607,200.8947,14.0,15.0,2997.0,147.0,2996.8325,146.5795,2996.8325,146.5795,191.92276372575543,27.88828704158921,1.053,0.958,17.0,0.07143,0.06307,14.02,2996.8325,146.5795,191.92276372575543,27.88828704158921,0.87099629522,0.82029606014,0.87099629522,0.82029606014,0.937,0.902,19.22,0.9370209,0.9018227,19.22,23.3175,0.0,3.4,1.099,0.09,0.607,5.0,0.027148664792149484
652,652,5_32,5_8,774.3004,11.26652,19.0816,0.0158,0.0,12.0,12.0,2623.0,117.0,2622.8744,116.9757,2622.8744,116.9757,192.0414290053438,27.90008396323145,0.683,0.594,-41.02,0.00994,0.00864,-41.02,2622.8744,116.9757,192.0414290053438,27.90008396323145,0.17288576587,0.15405449771,0.17288576587,0.15405449771,0.423,0.384,-26.73,0.4234167,0.3842637,-26.73,48.1668,0.0,1.36,1.15,0.13,1.0,5.0,135,135,5_23,5_5,749.6446,31.41985,19.1167,0.0455,193.6211,17.0,21.0,2623.0,117.0,2622.9336,117.0025,2622.9336,117.0025,192.0414104484132,27.900075890430795,1.142,1.116,-19.13,0.05795,0.05776,-12.96,2622.9336,117.0025,192.0414104484132,27.900075890430795,0.87713978678,0.82039632464,0.87713978678,0.82039632464,0.945,0.897,-24.65,0.9445994,0.8973672,-24.65,23.2675,0.0,3.17,1.024,0.023,0.866,5.0,0.06498369026119687
654,654,5_34,5_6,645.1469,10.28406,19.2797,0.0173,0.0,13.0,13.0,2875.0,77.0,2874.4318,76.877,2874.4318,76.877,191.9609633329978,27.9090199712347,0.683,0.618,-33.42,0.01088,0.00985,-33.45,2874.4318,76.877,191.9609633329978,27.9090199712347,0.28548571634,0.21578537791,0.28548571634,0.21578537791,0.534,0.464,-3.0,0.5344881,0.4643205,-3.0,57.2629,0.0,1.54,1.105,0.095,1.0,5.0,136,136,5_24,5_4,616.0435,28.4207,19.3298,0.0501,198.4352,15.0,17.0,2875.0,77.0,2874.3876,76.9457,2874.3876,76.9457,191.96097812972724,27.909001083860623,1.055,1.031,-63.78,0.06132,0.05868,-88.08,2874.3876,76.9457,191.96097812972724,27.909001083860623,0.79426666923,0.7484871089,0.79426666923,0.7484871089,0.898,0.858,-24.26,0.8977419,0.8583784,-24.26,23.32,0.0,3.16,1.023,0.023,0.737,5.0,0.08169045231840089
656,656,5_36,5_4,771.2601,11.24438,19.0859,0.0158,-8.506743E-5,13.0,13.0,2541.0,47.0,2540.5451,46.5957,2540.5451,46.5957,192.06689624457937,27.920610760710453,0.672,0.61,-38.57,0.0098,0.00889,-38.57,2540.5451,46.5957,192.06689624457937,27.920610760710453,0.27442269981,0.24998869574,0.27442269981,0.24998869574,0.526,0.498,-16.49,0.5260883,0.4976369,-16.49,49.052,0.0,1.13,1.102,0.093,1.0,5.0,137,137,5_25,5_3,742.1306,31.78719,19.1277,0.0465,193.3979,19.0,21.0,2540.0,47.0,2540.5496,46.5947,2540.5496,46.5947,192.0668948021524,27.920611000665488,1.26,1.03,-1.1,0.06694,0.05185,3.33,2540.5496,46.5947,192.0668948021524,27.920611000665488,1.0053986047,0.8885896389,1.0053986047,0.8885896389,1.007,0.938,-14.52,1.006874,0.9381864,-14.52,23.3175,0.0,3.41,1.223,0.183,0.837,5.0,0.004609772228653041
686,686,6_28,6_6,228.8239,6.124714,20.4051,0.0291,0.0,8.0,8.0,3044.0,87.0,3044.5121,87.1251,3044.5121,87.1251,191.9069520451824,27.90453954565195,0.575,0.535,-13.6,0.01873,0.01688,-6.24,3044.5121,87.1251,191.9069520451824,27.90453954565195,0.22718270667,0.1069517355,0.22718270667,0.1069517355,0.477,0.327,2.12,0.4768094,0.3267832,2.12,99.0,0.0,1.2,1.076,0.07,1.0,6.0,159,159,6_21,6_5,210.4954,19.70981,20.4958,0.1017,202.2259,7.0,8.0,3044.0,87.0,3044.4996,87.0506,3044.4996,87.0506,191.90695521722728,27.90456059375282,0.815,0.692,-0.1,0.09412,0.07725,-0.01,3044.4996,87.0506,191.90695521722728,27.90456059375282,0.89115885186,0.76180813598,0.89115885186,0.76180813598,0.946,0.871,9.21,0.9458609,0.8708124,9.21,23.2652,0.0,2.68,1.177,0.15,0.487,6.0,0.07554137938901778
691,691,7_1,7_6,15304.11,50.08863,15.8418,0.0036,0.0,197.0,197.0,334.0,523.0,333.9224,522.9523,333.9224,522.9523,192.7734096550537,27.80493575520742,2.654,2.044,72.41,0.00868,0.00669,72.41,333.9224,522.9523,192.7734096550537,27.80493575520742,1.6777738304,1.7090120762,1.6777738304,1.7090120762,1.339,1.263,49.57,1.338532,1.26298,49.57,57.9812,0.0,3.37,1.298,0.23,1.0,7.0,163,163,7_1,7_3,16757.02,103.6109,15.7434,0.0067,191.6358,183.0,188.0,334.0,523.0,333.9804,523.0446,333.9804,523.0446,192.7733919941965,27.80490937266949,3.073,2.581,71.65,0.02514,0.02036,72.45,333.9804,523.0446,192.7733919941965,27.80490937266949,3.3839643868,3.5678173995,3.3839643868,3.5678173995,1.907,1.821,62.53,1.9068,1.82096,62.53,23.3,0.0,5.62,1.191,0.16,0.028,7.0,0.10901050408094809
692,692,7_2,7_3,303.8532,7.057762,20.0972,0.0252,-3.975089E-4,14.0,14.0,484.0,512.0,484.2459,512.023,484.2459,512.023,192.7255023827103,27.806884319947244,0.736,0.716,-23.43,0.01709,0.01664,-23.43,484.2459,512.023,192.7255023827103,27.806884319947244,0.28574236353,0.25883379167,0.28574236353,0.25883379167,0.535,0.509,-1.24,0.5345606,0.5087447,-1.24,58.7076,0.0,1.76,1.027,0.026,1.0,7.0,164,164,7_2,7_2,275.0566,21.26251,20.2053,0.084,191.0846,9.0,10.0,484.0,512.0,484.2107,511.9993,484.2107,511.9993,192.72551337382595,27.80689124851077,0.918,0.754,4.06,0.08819,0.06994,0.26,484.2107,511.9993,192.72551337382595,27.80689124851077,0.87239015638,0.80789348131,0.87239015638,0.80789348131,0.944,0.889,25.12,0.9437009,0.8886576,25.12,23.3234,0.0,3.43,1.217,0.178,0.311,7.0,0.042435009131649146
694,694,7_4,7_43,3414.415,23.65883,17.4706,0.0075,0.0,21.0,21.0,218.0,996.0,217.7503,995.8758,217.7503,995.8758,192.8143487346177,27.67281101198766,0.663,0.63,-30.0,0.00459,0.00437,-30.0,217.7503,995.8758,192.8143487346177,27.67281101198766,0.19873361565,0.15796132247,0.19873361565,0.15796132247,0.446,0.397,-4.56,0.4460888,0.3971143,-4.56,48.3483,0.0,1.34,1.052,0.049,1.0,7.0,186,186,7_24,7_22,3235.044,47.66667,17.5292,0.016,191.9911,37.0,41.0,218.0,996.0,217.8037,995.9337,217.8037,995.9337,192.81433225791704,27.672794338218107,1.432,1.371,20.28,0.02707,0.02495,44.29,217.8037,995.9337,192.81433225791704,27.672794338218107,0.94531933454,0.85701756715,0.94531933454,0.85701756715,0.974,0.924,-10.45,0.9738716,0.924073,-10.45,23.3002,0.0,3.08,1.044,0.043,0.98,7.0,0.07876528423106309
695,695,7_5,7_42,311.4274,7.145185,20.0705,0.0249,0.0,9.0,9.0,251.0,989.0,251.2109,988.6852,251.2109,988.6852,192.8036577419214,27.674587307421465,0.733,0.558,68.53,0.01682,0.01281,68.53,251.2109,988.6852,192.8036577419214,27.674587307421465,0.18334096296,0.24276072925,0.18334096296,0.24276072925,0.494,0.427,82.24,0.4938457,0.4268702,82.24,48.219,0.0,1.5,1.313,0.238,1.0,7.0,166,166,7_4,7_21,267.0901,20.60562,20.2372,0.0838,193.2154,8.0,9.0,251.0,989.0,251.1399,988.6668,251.1399,988.6668,192.80368014292557,27.67459300397309,0.907,0.681,69.68,0.08781,0.06343,69.67,251.1399,988.6668,192.80368014292557,27.67459300397309,0.63460338449,0.69890995109,0.63460338449,0.69890995109,0.847,0.785,64.88,0.8467815,0.7851588,64.88,23.3868,0.0,3.36,1.332,0.249,0.448,7.0,0.0733454838418922
696,696,7_6,7_41,119.2585,4.421603,21.1126,0.0403,1.053239E-5,9.0,9.0,397.0,975.0,396.8581,974.7713,396.8581,974.7713,192.757266517934,27.677421513110968,0.697,0.446,-80.58,0.02585,0.01653,-80.58,396.8581,974.7713,192.757266517934,27.677421513110968,0.073644249379,0.25440729218,0.073644249379,0.25440729218,0.505,0.271,-88.02,0.5046034,0.270974,-88.02,51.4557,0.0,1.86,1.564,0.361,1.0,7.0,168,168,7_6,7_20,142.6883,16.58504,20.9179,0.1262,191.4309,5.0,6.0,397.0,975.0,396.8195,974.8131,396.8195,974.8131,192.7572791398535,27.67741004648692,0.747,0.57,45.85,0.11328,0.0838,45.07,396.8195,974.8131,192.7572791398535,27.67741004648692,0.61395505341,0.70734985068,0.61395505341,0.70734985068,0.843,0.781,-78.72,0.8433377,0.7810803,-78.72,23.2866,0.0,3.03,1.312,0.238,0.446,7.0,0.05689639707393777
697,697,7_7,7_40,337.5481,7.438801,19.983,0.0239,1.299587E-5,15.0,15.0,497.0,967.0,496.5363,966.4804,496.5363,966.4804,192.72552621038665,27.679006559871173,0.887,0.709,-19.65,0.01955,0.01562,-19.65,496.5363,966.4804,192.72552621038665,27.679006559871173,0.38858297324,0.32749690531,0.38858297324,0.32749690531,0.623,0.572,2.65,0.6234695,0.5721588,2.65,51.7123,0.0,2.4,1.252,0.201,1.0,7.0,169,169,7_7,7_19,348.8953,23.99336,19.9471,0.0747,191.6286,12.0,13.0,496.0,967.0,496.5698,966.4126,496.5698,966.4126,192.72551498044285,27.67902537326881,1.033,0.876,-37.67,0.08866,0.07546,-44.34,496.5698,966.4126,192.72551498044285,27.67902537326881,1.1136966437,0.9597366023,1.1136966437,0.9597366023,1.07,0.963,-22.49,1.070309,0.9632609,-22.49,23.3345,0.0,4.5,1.18,0.152,0.057,7.0,0.07562466528854744
698,698,7_8,7_39,2368.373,19.70426,17.8677,0.009,1.016341E-5,17.0,17.0,68.0,958.0,67.6787,958.5339,67.6787,958.5339,192.8617147745725,27.684405528997917,0.676,0.637,-47.41,0.00563,0.0053,-47.41,67.6787,958.5339,192.8617147745725,27.684405528997917,0.24182088477,0.27708858448,0.24182088477,0.27708858448,0.529,0.488,-73.92,0.5294201,0.4884914,-73.92,42.3098,0.0,1.39,1.062,0.058,1.0,7.0,170,170,7_8,7_18,2140.849,42.00565,17.9774,0.0213,192.4527,29.0,33.0,68.0,959.0,67.7213,958.5639,67.7213,958.5639,192.8617014890332,27.684396784181946,1.374,1.242,-13.17,0.03357,0.02887,-9.66,67.7213,958.5639,192.8617014890332,27.684396784181946,0.88726883069,0.81959232415,0.88726883069,0.81959232415,0.945,0.902,-15.08,0.9447596,0.9023804,-15.08,23.3326,0.0,3.06,1.107,0.096,0.965,7.0,0.05210335881685339
699,699,7_9,7_38,13620.92,47.25396,15.9684,0.0038,-7.225565E-6,15.0,15.0,8.0,924.0,7.675000000000001,924.388,7.675000000000001,924.388,192.8804969257526,27.69444113451455,0.569,0.509,-52.74,0.00197,0.00176,-52.74,7.675000000000001,924.388,192.8804969257526,27.69444113451455,0.16917953685,0.20175353872,0.16917953685,0.20175353872,0.455,0.405,-69.44,0.4550651,0.4047824,-69.44,41.5055,0.0,1.04,1.119,0.106,1.0,7.0,171,171,7_9,7_17,13493.04,72.82774,15.9786,0.0059,191.7327,65.0,71.0,8.0,924.0,7.733700000000001,924.447,7.733700000000001,924.447,192.8804787615268,27.6944241200739,1.584,1.523,-11.93,0.0112,0.01109,70.21,7.733700000000001,924.447,192.8804787615268,27.6944241200739,0.93917245163,0.86451850661,0.93917245163,0.86451850661,0.973,0.925,-17.51,0.9733548,0.9253494,-17.51,23.2872,16.0,2.97,1.04,0.039,0.982,7.0,0.0832267384918834
700,700,7_10,7_37,246.7134,6.359624,20.3234,0.028,0.0,9.0,9.0,349.0,916.0,349.218,915.3807,349.218,915.3807,192.77189531066404,27.69447671702009,0.629,0.573,-7.15,0.01621,0.01476,-7.15,349.218,915.3807,192.77189531066404,27.69447671702009,0.17496238137,0.2611613651,0.17496238137,0.2611613651,0.513,0.416,-81.19,0.5131105,0.415742,-81.19,54.2425,0.0,1.61,1.098,0.089,1.0,7.0,172,172,7_10,7_16,246.9883,19.43834,20.3222,0.0855,191.0625,7.0,8.0,349.0,915.0,349.1346,915.1789,349.1346,915.1789,192.77192008906417,27.694534082725585,0.803,0.672,-40.89,0.08643,0.06874,-45.02,349.1346,915.1789,192.77192008906417,27.694534082725585,0.57012502236,0.50770950005,0.57012502236,0.50770950005,0.756,0.712,-7.98,0.7558946,0.7116585,-7.98,23.2698,0.0,2.84,1.194,0.162,0.496,7.0,0.21835475721867434
701,701,7_11,7_36,576.1899,9.718919,19.4025,0.0183,-1.039837E-5,13.0,13.0,108.0,905.0,107.6096,905.2755,107.6096,905.2755,192.8485837462976,27.69909278401809,0.745,0.627,-23.22,0.01257,0.01058,-23.22,107.6096,905.2755,192.8485837462976,27.69909278401809,0.2691999714,0.25864110099,0.2691999714,0.25864110099,0.526,0.501,-32.51,0.5257586,0.501417,-32.51,43.9542,0.0,1.53,1.188,0.158,1.0,7.0,173,173,7_11,7_15,502.7955,25.89963,19.5504,0.0559,191.6514,13.0,14.0,108.0,905.0,107.5503,905.283,107.5503,905.283,192.84860265220743,27.699091105843795,0.99,0.929,-22.07,0.06222,0.0607,-4.9,107.5503,905.283,192.84860265220743,27.699091105843795,0.83539879863,0.75277825957,0.83539879863,0.75277825957,0.925,0.856,-24.19,0.925358,0.8555055,-24.19,23.297,0.0,3.19,1.066,0.062,0.664,7.0,0.0597724016583041
703,703,7_13,7_34,1149.254,13.72597,18.6528,0.013,-5.293287E-6,19.0,19.0,130.0,899.0,130.0506,899.1297999999999,130.0506,899.1297999999999,192.84140144038244,27.700657781921333,0.747,0.697,-30.98,0.00892,0.00833,-30.98,130.0506,899.1297999999999,192.84140144038244,27.700657781921333,0.26798694796,0.26186529137,0.26798694796,0.26186529137,0.522,0.508,-32.26,0.5215768,0.5077499,-32.26,43.2905,0.0,1.63,1.07,0.066,1.0,7.0,174,174,7_12,7_14,1048.423,34.31596,18.7525,0.0355,192.1421,21.0,24.0,130.0,899.0,130.0911,899.1422,130.0911,899.1422,192.84138867441345,27.700654000066084,1.248,1.142,-8.96,0.04977,0.04501,-3.51,130.0911,899.1422,192.84138867441345,27.700654000066084,0.90173881528,0.82899597401,0.90173881528,0.82899597401,0.954,0.906,-16.94,0.9535073,0.9063987,-16.94,23.3329,0.0,3.37,1.093,0.085,0.877,7.0,0.04235575521700032
710,710,7_20,7_27,7507.607,35.08212,16.6151,0.0051,0.0,19.0,19.0,173.0,863.0,173.1429,862.9628,173.1429,862.9628,192.82740440061983,27.71051380627356,0.58,0.531,-31.3,0.00271,0.00248,-31.3,173.1429,862.9628,192.82740440061983,27.71051380627356,0.14509069489,0.13367568063,0.14509069489,0.13367568063,0.381,0.366,-3.65,0.380969,0.365553,-3.65,44.7836,0.0,1.12,1.092,0.084,1.0,7.0,175,175,7_13,7_13,7332.485,60.18209,16.6407,0.0089,191.7934,51.0,58.0,173.0,863.0,173.1861,863.0225,173.1861,863.0225,192.82739117291865,27.710496702593232,1.578,1.431,-7.36,0.01736,0.01541,-2.8,173.1861,863.0225,192.82739117291865,27.710496702593232,0.92347709332,0.83621476977,0.92347709332,0.83621476977,0.964,0.912,-13.05,0.9635511,0.9117352,-13.05,23.3196,0.0,2.99,1.103,0.093,0.983,7.0,0.0736907728281065
712,712,7_22,7_25,780.8514,11.31408,19.0724,0.0157,-2.027274E-5,15.0,15.0,20.0,860.0,20.3026,859.9431999999999,20.3026,859.9431999999999,192.8759516325103,27.71247272478467,0.768,0.68,-46.74,0.01112,0.00986,-46.74,20.3026,859.9431999999999,192.8759516325103,27.71247272478467,0.28813291997,0.23770663605,0.28813291997,0.23770663605,0.548,0.474,-24.11,0.5484184,0.4744226,-24.11,40.0071,0.0,1.67,1.128,0.114,1.0,7.0,176,176,7_14,7_12,719.2844,32.06045,19.1616,0.0484,191.8576,18.0,21.0,20.0,860.0,20.2455,859.8894,20.2455,859.8894,192.87596933376253,27.71248826571906,1.179,1.113,-62.95,0.06187,0.0582,-69.31,20.2455,859.8894,192.87596933376253,27.71248826571906,1.0419273025,0.99750279416,1.0419273025,0.99750279416,1.031,0.988,-29.55,1.031004,0.9881602,-29.55,23.3063,0.0,3.11,1.06,0.056,0.825,7.0,0.07845285208321333
714,714,7_24,7_23,290.1449,6.896719,20.1473,0.0258,-1.028858E-5,14.0,14.0,55.0,846.0,54.5743,846.5116,54.5743,846.5116,192.8649486994809,27.716002219966622,0.78,0.589,-52.06,0.01855,0.014,-52.06,54.5743,846.5116,192.8649486994809,27.716002219966622,0.26983983394,0.29107301276,0.26983983394,0.29107301276,0.603,0.445,-48.68,0.6026994,0.4445968,-48.68,40.9547,0.0,1.51,1.325,0.245,1.0,7.0,177,177,7_15,7_11,264.3523,21.67668,20.2484,0.0891,191.8721,9.0,10.0,55.0,846.0,54.6598,846.6641,54.6598,846.6641,192.8649227923825,27.715958717264737,0.943,0.742,-47.03,0.09314,0.0735,-45.13,54.6598,846.6641,192.8649227923825,27.715958717264737,0.7723027301,0.80342019425,0.7723027301,0.80342019425,0.943,0.828,-49.4,0.9432091,0.8282992,-49.4,23.3164,0.0,3.28,1.27,0.212,0.517,7.0,0.17483277724721522
717,717,7_27,7_20,574.8303,9.707444,19.405,0.0183,0.0,13.0,13.0,76.0,720.0,75.6496,719.9641,75.6496,719.9641,192.85719825302985,27.751435015945187,0.74,0.66,7.02,0.0125,0.01115,7.02,75.6496,719.9641,192.85719825302985,27.751435015945187,0.28113482605,0.17864066266,0.28113482605,0.17864066266,0.53,0.423,0.02,0.5302215,0.422659,0.02,42.6454,0.0,1.33,1.121,0.108,1.0,7.0,178,178,7_16,7_10,528.2755,26.67748,19.4967,0.0548,191.945,14.0,15.0,76.0,720.0,75.4933,719.7665,75.4933,719.7665,192.8572462993896,27.75149171406607,1.057,0.931,36.71,0.06836,0.05908,45.81,75.4933,719.7665,192.8572462993896,27.75149171406607,0.81611315196,0.71585072948,0.81611315196,0.71585072948,0.905,0.844,10.42,0.9053307,0.8440025,10.42,23.3441,0.0,3.55,1.135,0.119,0.574,7.0,0.25194334680644365
719,719,7_29,7_18,418.0528,8.278481,19.7508,0.0215,-1.553655E-6,15.0,15.0,245.0,717.0,245.1063,717.4012,245.1063,717.4012,192.8033038262949,27.750917527554687,0.831,0.652,-43.28,0.01646,0.01292,-43.28,245.1063,717.4012,192.8033038262949,27.750917527554687,0.29517153104,0.27463996023,0.29517153104,0.27463996023,0.581,0.482,-39.4,0.5811923,0.4816919,-39.4,46.2965,0.0,1.91,1.274,0.215,1.0,7.0,179,179,7_17,7_9,426.0143,26.43003,19.7303,0.0674,191.8127,14.0,15.0,245.0,717.0,245.2958,717.4059,245.2958,717.4059,192.8032436208697,27.750914810938287,1.079,0.938,-46.05,0.08215,0.0716,-44.19,245.2958,717.4059,192.8032436208697,27.750914810938287,0.90578470008,0.88830445967,0.90578470008,0.88830445967,0.974,0.92,-40.1,0.9738572,0.9196148,-40.1,23.3255,0.0,4.39,1.151,0.131,0.578,7.0,0.18955827599976535
720,720,7_30,7_17,623.007,10.10605,19.3176,0.0176,0.0,15.0,15.0,395.0,706.0,394.8182,706.0233000000001,394.8182,706.0233000000001,192.75561062702488,27.75300726783355,0.898,0.663,-66.03,0.01457,0.01075,-66.03,394.8182,706.0233000000001,192.75561062702488,27.75300726783355,0.30273417281,0.38796450032,0.30273417281,0.38796450032,0.633,0.539,-70.34,0.6328028,0.5387571,-70.34,48.956,0.0,2.45,1.355,0.262,1.0,7.0,180,180,7_18,7_8,613.246,30.61702,19.3348,0.0542,191.0887,17.0,20.0,395.0,706.0,394.8561,705.9816,394.8561,705.9816,192.7555982202255,27.75301871039347,1.204,1.071,-62.42,0.07161,0.06564,-63.09,394.8561,705.9816,192.7555982202255,27.75301871039347,1.0852911964,1.157061768,1.0852911964,1.157061768,1.103,1.012,-55.92,1.10346,1.012289,-55.92,23.2899,0.0,3.87,1.124,0.11,0.323,7.0,0.056349800354673074
723,723,7_33,7_14,397.0465,8.067813,19.8068,0.0221,0.0,17.0,17.0,414.0,667.0,413.5776,667.3537,413.5776,667.3537,192.7493144497101,27.76374033460705,0.921,0.754,6.08,0.01872,0.01533,6.08,413.5776,667.3537,192.7493144497101,27.76374033460705,0.43247523407,0.33000449093,0.43247523407,0.33000449093,0.662,0.569,-13.22,0.6621642,0.569226,-13.22,55.1208,0.0,2.13,1.221,0.181,1.0,7.0,181,181,7_19,7_7,395.1521,26.4136,19.812,0.0726,191.2557,14.0,15.0,413.0,667.0,413.5854,667.3739,413.5854,667.3739,192.74931214320824,27.763734596469405,1.085,0.958,37.78,0.08754,0.07639,44.56,413.5854,667.3739,192.74931214320824,27.763734596469405,1.523264225,1.2630617632,1.523264225,1.2630617632,1.238,1.119,11.04,1.238372,1.119268,11.04,23.2999,0.0,4.56,1.132,0.117,0.013,7.0,0.02165363710791874
725,725,7_35,7_12,4444.381,26.99235,17.1843,0.0066,-4.274606E-7,17.0,17.0,225.0,650.0,224.5436,649.7663,224.5436,649.7663,192.8092702668444,27.770086905221422,0.627,0.585,-49.25,0.00381,0.00355,-49.25,224.5436,649.7663,192.8092702668444,27.770086905221422,0.2592596667,0.1809894339,0.2592596667,0.1809894339,0.51,0.424,-6.25,0.5101081,0.4243099,-6.25,52.7131,0.0,1.27,1.072,0.067,1.0,7.0,182,182,7_20,7_6,4176.542,50.94758,17.2518,0.0132,191.0218,39.0,46.0,225.0,650.0,224.5775,649.8216,224.5775,649.8216,192.80925995432915,27.770071106495863,1.489,1.365,-19.99,0.024,0.02096,-17.43,224.5775,649.8216,192.80925995432915,27.770071106495863,0.91590894283,0.84583146063,0.91590894283,0.84583146063,0.959,0.917,-14.07,0.9594808,0.9171352,-14.07,23.2779,0.0,3.03,1.091,0.083,0.978,7.0,0.06486370325534868
727,727,7_37,7_10,528.7844,9.310531,19.4957,0.0191,0.0,14.0,14.0,306.0,591.0,306.2847,590.8827,306.2847,590.8827,192.7827781970729,27.78604068059703,0.784,0.702,-32.21,0.0138,0.01236,-32.21,306.2847,590.8827,192.7827781970729,27.78604068059703,0.3534188848,0.3419518925,0.3534188848,0.3419518925,0.608,0.57,-37.62,0.6084373,0.570241,-37.62,54.8694,0.0,2.12,1.117,0.105,1.0,7.0,183,183,7_21,7_5,486.081,27.50475,19.5871,0.0615,192.1188,14.0,16.0,306.0,591.0,306.4273,590.9562,306.4273,590.9562,192.7827334731144,27.786018957937483,1.093,0.965,-84.83,0.07587,0.06247,89.93,306.4273,590.9562,192.7827334731144,27.786018957937483,1.0484079773,1.0141282219,1.0484079773,1.0141282219,1.033,0.997,-31.12,1.033471,0.9972336,-31.12,23.3393,0.0,3.81,1.133,0.118,0.45,7.0,0.16042758490982684
731,731,7_41,7_45,556.1931,9.54878,19.4408,0.0186,6.193843E-5,11.0,11.0,53.0,1011.0,53.4554,1010.4755,53.4554,1010.4755,192.8666646576665,27.669901662459537,0.834,0.624,-19.1,0.01433,0.01071,-19.1,53.4554,1010.4755,192.8666646576665,27.669901662459537,0.35367886168,0.25308964152,0.35367886168,0.25308964152,0.618,0.474,-25.11,0.6180531,0.4741085,-25.11,41.5404,16.0,2.14,1.337,0.252,1.0,7.0,167,167,7_5,7_24,942.6746,35.81119,18.868,0.0413,192.1148,24.0,26.0,53.0,1012.0,53.425,1011.3488,53.425,1011.3488,192.8666815591212,27.66965629571546,1.383,1.242,-12.59,0.06419,0.05688,-1.89,53.425,1011.3488,192.8666815591212,27.66965629571546,1.4265139007,1.2597736407,1.4265139007,1.2597736407,1.202,1.114,-17.21,1.201754,1.114484,-17.21,23.2887,24.0,5.02,1.114,0.102,0.07,7.0,0.8738289592362748
732,732,7_42,7_5,1273.744,14.45028,18.5412,0.0123,-3.437586E-4,20.0,20.0,493.0,529.0,492.5526,529.4016,492.5526,529.4016,192.72301066967628,27.80193557679145,0.776,0.676,-27.34,0.0088,0.00767,-27.34,492.5526,529.4016,192.72301066967628,27.80193557679145,0.31715450072,0.29624767897,0.31715450072,0.29624767897,0.583,0.523,-35.81,0.5829787,0.5230086,-35.81,59.4399,0.0,1.8,1.148,0.129,1.0,7.0,184,184,7_22,7_4,1196.334,35.56735,18.6092,0.0323,191.0267,24.0,26.0,493.0,529.0,492.5907,529.3769,492.5907,529.3769,192.72299833799264,27.80194223432862,1.306,1.168,-32.87,0.04842,0.04267,-43.7,492.5907,529.3769,192.72299833799264,27.80194223432862,1.0000601951,0.88234823453,1.0000601951,0.88234823453,1.007,0.932,-17.7,1.006681,0.9322024,-17.7,23.3186,0.0,3.3,1.119,0.106,0.778,7.0,0.045405946747159094
734,734,7_44,7_44,4709.495,27.78576,17.1214,0.0064,3.599435E-6,19.0,19.0,106.0,999.0,105.7753,998.8378,105.7753,998.8378,192.84994686143935,27.672795267345865,0.615,0.57,-27.08,0.00363,0.00336,-27.08,105.7753,998.8378,192.84994686143935,27.672795267345865,0.14978065619,0.1199616615,0.14978065619,0.1199616615,0.387,0.346,-6.09,0.3874585,0.3458587,-6.09,44.6751,0.0,1.24,1.079,0.073,1.0,7.0,185,185,7_23,7_23,4397.793,51.36403,17.1958,0.0127,191.9348,38.0,44.0,106.0,999.0,105.8393,998.8721,105.8393,998.8721,192.8499268155177,27.67278515689303,1.457,1.37,-18.91,0.02102,0.02023,-48.59,105.8393,998.8721,192.8499268155177,27.67278515689303,0.91485460744,0.82143367813,0.91485460744,0.82143367813,0.958,0.905,-9.23,0.9578041,0.9049307,-9.23,23.2868,0.0,2.96,1.063,0.06,0.981,7.0,0.07261191362304928
746,746,8_11,8_350,2645.494,20.82516,17.7476,0.0085,7.412881E-4,9.0,9.0,1004.0,996.0,1003.5798,995.7317,1003.5798,995.7317,192.56470396473256,27.666876291118825,0.609,0.522,-9.61,0.00479,0.00411,-9.61,1003.5798,995.7317,192.56470396473256,27.666876291118825,0.25802928802,0.15797571154,0.25802928802,0.15797571154,0.508,0.397,-0.66,0.5079789,0.3974449,-0.66,35.7063,0.0,1.2,1.166,0.142,1.0,8.0,188,188,8_2,8_21,2371.341,44.25381,17.8664,0.0203,191.5476,33.0,35.0,1004.0,996.0,1003.6653,995.688,1003.6653,995.688,192.56467641028024,27.66688790466617,1.426,1.288,3.98,0.03196,0.02838,11.68,1003.6653,995.688,192.56467641028024,27.66688790466617,1.0252809083,0.89560398367,1.0252809083,0.89560398367,1.013,0.946,-3.51,1.012804,0.9461046,-3.51,23.2737,16.0,3.32,1.108,0.097,0.954,8.0,0.09602051864059717
750,750,8_15,8_346,370.7852,7.796439,19.8811,0.0228,5.214703E-6,6.0,6.0,651.0,993.0,651.1267,993.0974,651.1267,993.0974,192.67664475895216,27.67035078849912,0.668,0.517,23.04,0.01405,0.01086,23.04,651.1267,993.0974,192.67664475895216,27.67035078849912,0.24718331202,0.16396901546,0.24718331202,0.16396901546,0.501,0.4,11.68,0.5008958,0.4003196,11.68,52.8127,0.0,1.72,1.293,0.227,1.0,8.0,189,189,8_3,8_20,246.7682,21.27146,20.3231,0.0936,192.4407,9.0,10.0,651.0,993.0,651.1931999999999,993.0199,651.1931999999999,993.0199,192.67662295314304,27.67037207389764,0.93,0.742,1.81,0.1008,0.07976,0.1,651.1931999999999,993.0199,192.67662295314304,27.67037207389764,0.77490497407,0.58836633152,0.77490497407,0.58836633152,0.884,0.763,9.8,0.8835365,0.7633051,9.8,23.362,0.0,4.94,1.253,0.202,0.472,8.0,0.10212002741864744
773,773,8_38,8_323,546.0475,9.461289,19.4608,0.0188,-4.058809E-6,8.0,8.0,850.0,947.0,850.4105999999999,947.0259,850.4105999999999,947.0259,192.6129253895572,27.681770916279195,0.72,0.604,6.19,0.01247,0.01047,6.19,850.4105999999999,947.0259,192.6129253895572,27.681770916279195,0.31979981538,0.22438528867,0.31979981538,0.22438528867,0.566,0.473,5.51,0.566301,0.4727455,5.51,43.5403,0.0,1.79,1.191,0.161,1.0,8.0,190,190,8_4,8_19,353.1918,23.37965,19.9338,0.0719,191.7865,10.0,12.0,850.0,947.0,850.47,946.9965,850.47,946.9965,192.6129062554569,27.68177872135863,1.034,0.778,0.9,0.08403,0.06149,0.08,850.47,946.9965,192.6129062554569,27.68177872135863,0.75841460335,0.61619375782,0.75841460335,0.61619375782,0.871,0.785,3.24,0.871132,0.7846894,3.24,23.3407,0.0,3.75,1.33,0.248,0.196,8.0,0.06627759802536583
775,775,8_40,8_321,2174.372,18.88,17.9605,0.0094,-4.587288E-6,8.0,8.0,812.0,945.0,812.1646000000001,944.6341,812.1646000000001,944.6341,192.6250551647433,27.682740270160583,0.598,0.519,-34.2,0.00519,0.0045,-34.2,812.1646000000001,944.6341,192.6250551647433,27.682740270160583,0.1439373814,0.1901087463,0.1439373814,0.1901087463,0.441,0.373,-73.24,0.4412643,0.3732719,-73.24,41.5271,0.0,1.24,1.153,0.133,1.0,8.0,191,191,8_5,8_18,1902.431,41.82127,18.1056,0.0239,191.4946,28.0,35.0,812.0,945.0,812.1952,944.6291,812.1952,944.6291,192.6250453983081,27.682741439049945,1.421,1.281,-14.71,0.03914,0.03462,-13.92,812.1952,944.6291,192.6250453983081,27.682741439049945,0.99460684238,0.89171388269,0.99460684238,0.89171388269,1.004,0.937,-18.79,1.004026,0.937151,-18.79,23.3116,0.0,3.25,1.11,0.099,0.963,8.0,0.031005805907862238
804,804,8_69,8_292,4054.923,25.78258,17.2839,0.0069,-0.003014093,7.0,7.0,613.0,894.0,612.9658,894.338,612.9658,894.338,192.687904611671,27.698412057725,0.554,0.488,-11.32,0.00352,0.0031,-11.32,612.9658,894.338,192.687904611671,27.698412057725,0.0982624523,0.14617519405,0.0982624523,0.14617519405,0.383,0.313,-86.63,0.3825467,0.3132023,-86.63,32.631,0.0,1.1,1.136,0.119,1.0,8.0,192,192,8_6,8_17,3691.002,49.16017,17.386,0.0145,192.2654,39.0,44.0,613.0,894.0,613.0589,894.3341,613.0589,894.3341,192.6878749937573,27.69841244625644,1.507,1.364,-1.85,0.02524,0.02338,-0.63,613.0589,894.3341,192.6878749937573,27.69841244625644,0.99460829935,0.85659378872,0.99460829935,0.85659378872,0.998,0.925,-6.61,0.998242,0.924508,-6.61,23.3609,0.0,3.13,1.105,0.095,0.983,8.0,0.09318165055421948
839,839,8_104,8_258,466.9859,8.749576,19.6306,0.0203,0.0,17.0,17.0,964.0,813.0,964.0798,814.1101,964.0798,814.1101,192.57561486126227,27.718255315258883,1.497,0.653,73.21,0.02805,0.01225,73.2,964.0798,814.1101,192.57561486126227,27.718255315258883,0.40883908675,0.78233498422,0.40883908675,0.78233498422,0.924,0.582,68.25,0.923582,0.5815242,68.25,33.328,2.0,4.4,2.29,0.563,1.0,8.0,193,193,8_7,8_16,213.7833,19.98278,20.4789,0.1015,191.6368,9.0,9.0,964.0,814.0,964.1248,814.0527,964.1248,814.0527,192.57560004312305,27.718271100640408,0.965,0.711,76.24,0.11057,0.07963,78.05,964.1248,814.0527,192.57560004312305,27.718271100640408,1.6448893979,2.263196999,1.6448893979,2.263196999,1.549,1.228,66.97,1.549063,1.228206,66.97,23.3251,0.0,4.92,1.358,0.263,0.438,8.0,0.07293668487126319
846,846,8_111,8_252,1068.002,13.23186,18.7324,0.0135,-4.303813E-7,2.0,2.0,830.0,812.0,830.0567,812.0,830.0567,812.0,192.6181889504909,27.719895867946747,0.37,0.289,0.0,0.00458,0.00358,0.0,830.0567,812.0,192.6181889504909,27.719895867946747,0.08665179845,0.0833333,0.08665179845,0.0833333,0.294,0.289,0.0,0.2943668,0.2886751,0.0,38.678,0.0,0.0,1.281,0.22,1.0,8.0,194,194,8_8,8_15,660.9545,22.69626,19.2534,0.0373,191.8231,3.0,10.0,830.0,812.0,830.2268,812.0129,830.2268,812.0129,192.61813500584643,27.719890919958782,0.796,0.703,2.37,0.03426,0.02755,0.26,830.2268,812.0129,192.61813500584643,27.719890919958782,0.11947713506,0.088662704144,0.11947713506,0.088662704144,0.346,0.298,0.64,0.3456602,0.2977564,0.64,23.349,0.0,1.0,1.133,0.117,0.876,8.0,0.170588452129723
850,850,8_115,8_248,18359.49,54.86121,15.6442,0.0032,-0.004883978,6.0,6.0,837.0,804.0,836.7966,804.5097000000001,836.7966,804.5097000000001,192.61598015706912,27.721949608931457,0.501,0.431,-82.23,0.0015,0.00129,-82.23,836.7966,804.5097000000001,192.61598015706912,27.721949608931457,0.076861506432,0.24990145042,0.076861506432,0.24990145042,0.5,0.277,-88.78,0.49998,0.2770973,-88.78,32.106,0.0,0.92,1.162,0.139,1.0,8.0,195,195,8_9,8_14,17510.06,78.26303,15.6956,0.0049,191.4291,68.0,80.0,837.0,805.0,836.8688999999999,804.5693,836.8688999999999,804.5693,192.61595771038856,27.72193228909019,1.659,1.548,-0.14,0.01001,0.00938,6.75,836.8688999999999,804.5693,192.61595771038856,27.72193228909019,1.0015009874,0.90207976296,1.0015009874,0.90207976296,1.001,0.949,-5.93,1.001292,0.9492075,-5.93,23.3212,0.0,3.1,1.071,0.067,0.982,8.0,0.09369871930811764
851,851,8_116,8_247,16619.45,52.19675,15.7523,0.0034,3.940497E-7,4.0,4.0,668.0,803.0,668.3813,803.2758,668.3813,803.2758,192.6694955697964,27.72359488585278,0.491,0.441,-19.43,0.00154,0.00139,-19.43,668.3813,803.2758,192.6694955697964,27.72359488585278,0.18759981975,0.11326378373,0.18759981975,0.11326378373,0.434,0.336,-4.81,0.4337388,0.3357593,-4.81,47.1271,0.0,0.98,1.113,0.101,1.0,8.0,196,196,8_10,8_13,16754.49,77.72691,15.7435,0.005,191.3333,70.0,80.0,668.0,803.0,668.4578,803.3538,668.4578,803.3538,192.66947194114223,27.723572368528995,1.655,1.56,5.57,0.01031,0.00984,29.23,668.4578,803.3538,192.66947194114223,27.723572368528995,1.0319135541,0.91543542488,1.0319135541,0.91543542488,1.017,0.956,-8.06,1.017005,0.9555359,-8.06,23.3093,0.0,3.15,1.061,0.057,0.981,8.0,0.10925314640776969
876,876,8_141,8_222,386.7233,7.96224,19.8354,0.0224,-5.722421E-6,7.0,7.0,844.0,762.0,843.6296,762.2942,843.6296,762.2942,192.61343189132597,27.733766373050987,0.612,0.486,-63.0,0.01259,0.01001,-63.0,843.6296,762.2942,192.61343189132597,27.733766373050987,0.19946459073,0.20778488193,0.19946459073,0.20778488193,0.479,0.421,-49.6,0.4792042,0.4214413,-49.6,38.0104,0.0,1.34,1.258,0.205,1.0,8.0,197,197,8_11,8_12,207.7187,17.88334,20.5102,0.0935,191.1808,7.0,7.0,844.0,762.0,843.6919,762.067,843.6919,762.067,192.61341006232692,27.733829770693426,0.736,0.671,-78.13,0.08095,0.07465,-88.02,843.6919,762.067,192.61341006232692,27.733829770693426,0.70527397669,0.7241561455,0.70527397669,0.7241561455,0.87,0.82,-51.44,0.8700969,0.8199765,-51.44,23.2972,0.0,2.87,1.097,0.088,0.472,8.0,0.23558677806707223
916,916,8_181,8_183,778615.6,357.2701,11.5756,5.0E-4,0.001270971,13.0,13.0,899.0,733.0,899.8751,733.6492000000001,899.8751,733.6492000000001,192.59529775097772,27.741381854370783,0.791,0.69,9.31,3.6E-4,3.2E-4,9.31,899.8751,733.6492000000001,192.59529775097772,27.741381854370783,0.47868661369,0.35533663166,0.47868661369,0.35533663166,0.699,0.588,15.23,0.6989668,0.5877659,15.23,99.0,4.0,0.0,1.146,0.128,1.0,8.0,198,198,8_12,8_11,795605.8,382.7617,11.5521,5.0E-4,192.3434,359.0,386.0,900.0,734.0,899.9308,733.7136,899.9308,733.7136,192.5952806233587,27.741363311733213,1.955,1.894,14.07,0.00125,0.00123,31.46,899.9308,733.7136,192.5952806233587,27.741363311733213,1.4135209563,1.2758566402,1.4135209563,1.2758566402,1.19,1.128,7.47,1.189928,1.128472,7.47,23.3559,4.0,4.16,1.032,0.031,1.0,8.0,0.08514605099473095
941,941,8_206,8_158,472.013,8.796544,19.619,0.0202,-1.525899E-5,6.0,6.0,947.0,718.0,946.6551,718.354,946.6551,718.354,192.5802905236291,27.74531571687836,0.651,0.522,-42.86,0.01213,0.00972,-42.86,946.6551,718.354,192.5802905236291,27.74531571687836,0.26591122633,0.26385982865,0.26591122633,0.26385982865,0.537,0.492,-43.74,0.5367996,0.4915458,-43.74,32.8012,0.0,1.81,1.249,0.199,1.0,8.0,199,199,8_13,8_10,320.648,23.42876,20.0388,0.0794,191.8207,10.0,12.0,947.0,718.0,946.6773,718.2805,946.6773,718.2805,192.580282805288,27.74533620796977,0.979,0.837,-16.92,0.09096,0.0792,-19.58,946.6773,718.2805,192.580282805288,27.74533620796977,0.7575219937,0.63680696963,0.7575219937,0.63680696963,0.88,0.787,-19.49,0.8802355,0.7870924,-19.49,23.3214,0.0,3.77,1.169,0.145,0.429,8.0,0.07677948944875715
955,955,8_220,8_144,482.3611,8.892447,19.5954,0.02,-0.004252971,14.0,14.0,887.0,709.0,886.6254,708.8695,886.6254,708.8695,192.5992874370289,27.748452589833068,1.179,0.646,-19.52,0.02174,0.01192,-19.52,886.6254,708.8695,192.5992874370289,27.748452589833068,0.59514810883,0.36276132501,0.59514810883,0.36276132501,0.787,0.582,-17.12,0.7870869,0.5817247,-17.12,31.8618,0.0,3.49,1.824,0.452,1.0,8.0,200,200,8_14,8_9,255.9182,22.35384,20.2836,0.0949,193.6787,10.0,11.0,886.0,709.0,886.384,708.9204,886.384,708.9204,192.599364630062,27.74844016400441,1.055,0.75,-15.46,0.09656,0.06819,-15.08,886.384,708.9204,192.599364630062,27.74844016400441,1.4003098106,1.0926097186,1.4003098106,1.0926097186,1.189,1.039,-11.8,1.18927,1.038536,-11.8,23.4537,0.0,5.29,1.406,0.289,0.347,8.0,0.24670786367684938
1020,1020,8_285,8_79,13488.98,47.02458,15.9789,0.0038,-2.79656E-4,4.0,4.0,989.0,636.0,988.5767,635.7106,988.5767,635.7106,192.5662183365636,27.768221520349663,0.494,0.453,-5.67,0.00172,0.00158,-5.67,988.5767,635.7106,192.5662183365636,27.768221520349663,0.21714934526,0.12146653218,0.21714934526,0.12146653218,0.466,0.348,-1.2,0.4660381,0.34846,-1.2,29.3221,0.0,0.94,1.091,0.084,1.0,8.0,204,204,8_18,8_5,13149.46,70.9985,16.0066,0.0059,191.0341,69.0,72.0,989.0,636.0,988.6388,635.7646,988.6388,635.7646,192.5661990811114,27.768205848239457,1.617,1.542,4.69,0.01185,0.01118,27.14,988.6388,635.7646,192.5661990811114,27.768205848239457,0.97278726504,0.88523016763,0.97278726504,0.88523016763,0.987,0.941,-4.52,0.9865792,0.9405736,-4.52,23.3109,0.0,3.01,1.048,0.046,0.979,8.0,0.0822946535322648
1039,1039,8_304,8_60,670.712,10.48584,19.2375,0.017,-7.946037E-5,18.0,18.0,523.0,610.0,522.2359,610.5837,522.2359,610.5837,192.71427415338,27.778886068212824,1.469,0.712,-34.69,0.02297,0.01113,-34.68,522.2359,610.5837,192.71427415338,27.778886068212824,0.49480409158,0.5568277733,0.49480409158,0.5568277733,0.869,0.544,-48.88,0.8691885,0.5441903,-48.88,51.3094,0.0,3.98,2.063,0.515,1.0,8.0,205,205,8_19,8_4,385.7047,26.19694,19.8382,0.0738,191.3953,13.0,14.0,523.0,610.0,522.5081,610.4927,522.5081,610.4927,192.71418680689447,27.77890959853182,1.161,0.837,-44.88,0.0857,0.0634,-44.99,522.5081,610.4927,192.71418680689447,27.77890959853182,1.7197783439,1.6759170042,1.7197783439,1.6759170042,1.408,1.189,-42.78,1.407705,1.189143,-42.78,23.2807,0.0,4.54,1.388,0.28,0.054,8.0,0.28700843193188663
1085,1085,8_350,8_14,7969.363,36.14489,16.5503,0.0049,-2.394377E-4,7.0,7.0,685.0,533.0,685.4189,532.6888,685.4189,532.6888,192.66169870941337,27.799544852455007,0.51,0.468,-31.58,0.00231,0.00212,-31.58,685.4189,532.6888,192.66169870941337,27.799544852455007,0.21275092198,0.14397549769,0.21275092198,0.14397549769,0.463,0.378,-7.38,0.4625179,0.3778936,-7.38,35.4205,0.0,0.96,1.089,0.082,1.0,8.0,207,207,8_21,8_2,7405.549,59.96046,16.63,0.0088,191.335,52.0,57.0,685.0,533.0,685.4467999999999,532.7373,685.4467999999999,532.7373,192.6616902631704,27.799531002506708,1.546,1.475,-12.28,0.0161,0.01569,-58.66,685.4467999999999,532.7373,192.6616902631704,27.799531002506708,0.99944868627,0.90279447906,0.99944868627,0.90279447906,1.001,0.949,-7.52,1.000582,0.9492513,-7.52,23.3234,0.0,3.09,1.048,0.046,0.981,8.0,0.05595230111438852
1098,1098,9_1,9_1,2781.095,21.35222,17.6933,0.0083,0.0,6.0,6.0,1253.0,527.0,1253.3025,526.5262,1253.3025,526.5262,192.48104975768007,27.79680207684886,0.502,0.483,66.93,0.00389,0.00378,57.2,1253.3025,526.5262,192.48104975768007,27.79680207684886,0.14370750315,0.24477454897,0.14370750315,0.24477454897,0.495,0.379,88.72,0.4947983,0.3790208,88.72,99.0,0.0,0.99,1.039,0.037,1.0,9.0,208,208,9_1,9_1,2595.039,44.48457,17.7685,0.0186,192.2656,33.0,37.0,1253.0,527.0,1253.3148,526.5241,1253.3148,526.5241,192.4810458271208,27.79680256765865,1.454,1.272,-2.75,0.03096,0.02656,-2.99,1253.3148,526.5241,192.4810458271208,27.79680256765865,0.97273722931,0.81702076594,0.97273722931,0.81702076594,0.986,0.904,0.76,0.9862884,0.9038767,0.76,23.343,0.0,3.12,1.143,0.125,0.966,9.0,0.012477980605952515
1103,1103,9_6,9_61,231.9188,6.165994,20.3905,0.0289,-1.469586E-6,4.0,4.0,1094.0,992.0,1094.0268,992.4816,1094.0268,992.4816,192.53594390701215,27.66707391246757,0.582,0.351,-49.9,0.01689,0.00988,-46.12,1094.0268,992.4816,192.53594390701215,27.66707391246757,0.059982692946,0.24841823545,0.059982692946,0.24841823545,0.503,0.235,-81.29,0.5029362,0.2354913,-81.29,99.0,0.0,1.29,1.658,0.397,0.998,9.0,212,212,9_5,9_29,151.2169,16.43113,20.8549,0.118,191.0735,5.0,6.0,1094.0,993.0,1094.012,992.5045,1094.012,992.5045,192.53594881673104,27.66706759114216,0.787,0.499,-3.04,0.11408,0.07003,-0.19,1094.012,992.5045,192.53594881673104,27.66706759114216,0.8173873828,0.64893824531,0.8173873828,0.64893824531,0.927,0.779,-24.17,0.9272807,0.7787658,-24.17,23.2877,0.0,2.81,1.578,0.366,0.485,9.0,0.027266279540977382
1105,1105,9_8,9_59,2135.224,18.70927,17.9803,0.0095,-2.372312E-4,46.0,46.0,1411.0,973.0,1411.9658,974.1637,1411.9658,974.1637,192.43478657326924,27.6696576576658,4.291,0.615,62.33,0.04106,0.00594,62.2,1411.9658,974.1637,192.43478657326924,27.6696576576658,1.0908117897,3.6765202705,1.0908117897,3.6765202705,2.102,0.591,64.72,2.102039,0.5905641,64.72,99.0,0.0,9.73,6.973,0.857,0.974,9.0,213,213,9_6,9_28,2035.77,56.30829,18.032,0.03,191.7167,61.0,67.0,1411.0,973.0,1411.8219,973.9111,1411.8219,973.9111,192.4348299183289,27.66972985916193,3.588,1.234,63.41,0.11302,0.03863,63.23,1411.8219,973.9111,192.4348299183289,27.66972985916193,3.9912972982,6.6339221763,3.9912972982,6.6339221763,2.796,1.675,60.91,2.79611,1.675406,60.91,23.2907,0.0,12.61,2.908,0.656,0.0,9.0,0.2907128652123367
1107,1107,9_10,9_57,1414.465,15.22759,18.4274,0.0117,-2.300783E-4,7.0,7.0,1372.0,972.0,1372.0198,971.8294,1372.0198,971.8294,192.44745259342537,27.670640704225264,0.529,0.466,-27.18,0.00586,0.00519,-26.39,1372.0198,971.8294,192.44745259342537,27.670640704225264,0.13815704832,0.13924921743,0.13815704832,0.13924921743,0.374,0.371,-56.31,0.3743292,0.3705184,-56.31,99.0,0.0,1.09,1.135,0.119,1.0,9.0,214,214,9_7,9_27,1346.712,37.20497,18.4807,0.03,191.9137,26.0,27.0,1372.0,972.0,1372.1254,971.8831,1372.1254,971.8831,192.4474195521954,27.67062474345437,1.337,1.186,-9.42,0.04506,0.03921,-9.06,1372.1254,971.8831,192.4474195521954,27.67062474345437,1.0185771883,0.90258017086,1.0185771883,0.90258017086,1.011,0.949,-8.6,1.010592,0.9486104,-8.6,23.2957,0.0,3.46,1.128,0.113,0.583,9.0,0.11846961635785476
1111,1111,9_14,9_53,215.4496,5.943029,20.4705,0.03,1.297983E-4,5.0,5.0,1509.0,959.0,1508.6753,958.8681,1508.6753,958.8681,192.40392631051213,27.67316213253605,0.504,0.321,-15.8,0.0158,0.01084,-9.08,1508.6753,958.8681,192.40392631051213,27.67316213253605,0.16985423574,0.10962026065,0.16985423574,0.10962026065,0.412,0.331,-2.25,0.4122466,0.330949,-2.25,99.0,0.0,1.14,1.566,0.362,0.999,9.0,215,215,9_8,9_26,104.1568,14.9986,21.2596,0.1564,192.1436,4.0,5.0,1509.0,959.0,1508.7917,958.6266,1508.7917,958.6266,192.40388706543075,27.67322907007744,0.756,0.45,16.94,0.12362,0.07165,18.34,1508.7917,958.6266,192.40388706543075,27.67322907007744,1.0139369696,0.83373159169,1.0139369696,0.83373159169,1.008,0.912,5.64,1.007826,0.9121159,5.64,23.3114,0.0,3.43,1.68,0.405,0.354,9.0,0.26808806388938783
1115,1115,9_18,9_49,2472.293,20.13191,17.8211,0.0088,0.0,7.0,7.0,1218.0,923.0,1217.9353,922.9468,1217.9353,922.9468,192.49594589418493,27.68563400581319,0.422,0.401,-17.59,0.00353,0.00336,-18.72,1217.9353,922.9468,192.49594589418493,27.68563400581319,0.098958420783,0.097503828186,0.098958420783,0.097503828186,0.315,0.312,-1.32,0.3145778,0.3122548,-1.32,99.0,0.0,0.0,1.053,0.051,1.0,9.0,216,216,9_9,9_25,2373.431,43.56523,17.8654,0.0199,192.0727,35.0,37.0,1218.0,923.0,1217.9908,922.9879,1217.9908,922.9879,192.4959286408765,27.685622003015837,1.404,1.346,2.38,0.03152,0.03133,2.55,1217.9908,922.9879,192.4959286408765,27.685622003015837,0.96454092498,0.87653798267,0.96454092498,0.87653798267,0.982,0.936,-3.21,0.9822519,0.9360877,-3.21,23.3396,0.0,3.1,1.043,0.042,0.949,9.0,0.06906127713839455
1119,1119,9_22,9_45,8392.309,37.09162,16.4942,0.0048,3.122057E-5,4.0,4.0,1513.0,884.0,1513.051,883.6283000000001,1513.051,883.6283000000001,192.4018275809489,27.694280096948415,0.484,0.218,86.28,0.00214,9.8E-4,86.32,1513.051,883.6283000000001,192.4018275809489,27.694280096948415,0.091085449152,0.17287299788,0.091085449152,0.17287299788,0.416,0.302,89.6,0.4157848,0.301797,89.6,99.0,16.0,1.03,2.219,0.549,1.0,9.0,217,217,9_10,9_24,8503.35,57.90359,16.4799,0.0074,192.1808,42.0,48.0,1514.0,884.0,1513.223,883.6791000000001,1513.223,883.6791000000001,192.40177341983883,27.69426439089561,1.51,1.282,-87.88,0.01466,0.01133,-86.63,1513.223,883.6791000000001,192.40177341983883,27.69426439089561,0.82597239411,0.84075705087,0.82597239411,0.84075705087,0.917,0.908,76.93,0.9173871,0.9083669,76.93,23.3226,24.0,3.36,1.178,0.151,0.982,9.0,0.17934503059746829
1120,1120,9_23,9_44,30990.2,71.27665,15.0758,0.0025,-2.110684E-6,7.0,7.0,1418.0,878.0,1418.1418,877.7273,1418.1418,877.7273,192.43192317468132,27.696721209534445,0.45,0.377,75.51,0.00104,8.7E-4,75.47,1418.1418,877.7273,192.43192317468132,27.696721209534445,0.11177616627,0.13946894896,0.11177616627,0.13946894896,0.373,0.334,88.46,0.3734823,0.3342994,88.46,99.0,0.0,0.96,1.192,0.161,1.0,9.0,218,218,9_11,9_23,31295.9,95.41377,15.0651,0.0033,191.6122,86.0,98.0,1418.0,878.0,1418.2164,877.7818,1418.2164,877.7818,192.4318999846236,27.6967052744932,1.679,1.612,11.06,0.00696,0.00671,52.07,1418.2164,877.7818,192.4318999846236,27.6967052744932,0.9968471284,0.89229191397,0.9968471284,0.89229191397,0.998,0.945,-1.41,0.9984541,0.9445785,-1.41,23.3007,0.0,3.06,1.041,0.04,0.984,9.0,0.0923872826745309
1123,1123,9_26,9_41,548.8995,9.485965,19.4551,0.0188,0.0,8.0,8.0,1227.0,861.0,1226.6017,861.2389000000001,1226.6017,861.2389000000001,192.49262447937227,27.70291444436839,0.734,0.494,-28.38,0.01377,0.00912,-26.54,1226.6017,861.2389000000001,192.49262447937227,27.70291444436839,0.2663733508,0.18001269638,0.2663733508,0.18001269638,0.528,0.41,-19.2,0.5275373,0.4099883,-19.2,99.0,0.0,1.51,1.484,0.326,1.0,9.0,219,219,9_12,9_22,466.4073,26.939,19.632,0.0627,191.5271,16.0,16.0,1227.0,861.0,1226.5397,861.3881,1226.5397,861.3881,192.49264555264136,27.702872994251784,1.077,1.027,-25.4,0.07406,0.07358,-52.07,1226.5397,861.3881,192.49264555264136,27.702872994251784,1.3132905121,1.1656162111,1.3132905121,1.1656162111,1.154,1.072,-18.02,1.153592,1.07151,-18.02,23.3058,0.0,4.41,1.048,0.046,0.087,9.0,0.1615693040152512
1125,1125,9_28,9_39,14489.4,48.73717,15.9012,0.0037,0.0,7.0,7.0,1137.0,849.0,1136.949,849.1287,1136.949,849.1287,192.52099957904707,27.70703883715907,0.344,0.325,64.82,0.00116,0.0011,64.44,1136.949,849.1287,192.52099957904707,27.70703883715907,0.091379607332,0.092842462399,0.091379607332,0.092842462399,0.305,0.302,88.88,0.3047015,0.3022897,88.88,99.0,0.0,0.0,1.057,0.054,1.0,9.0,220,220,9_13,9_21,14358.68,72.33713,15.9111,0.0055,191.9004,65.0,71.0,1137.0,849.0,1137.0171,849.1775,1137.0171,849.1775,192.5209783864362,27.70702457201704,1.615,1.511,3.62,0.01075,0.01014,13.74,1137.0171,849.1775,192.5209783864362,27.70702457201704,0.96488472994,0.85896586653,0.96488472994,0.85896586653,0.982,0.927,-2.33,0.9823745,0.9267097,-2.33,23.3419,0.0,3.05,1.069,0.064,0.984,9.0,0.08377977082802937
1126,1126,9_29,9_38,241.9932,6.298494,20.3444,0.0283,0.0,4.0,4.0,1340.0,844.0,1339.6967,844.2577,1339.6967,844.2577,192.4565338593497,27.706772659960645,0.515,0.371,40.5,0.01403,0.01081,40.62,1339.6967,844.2577,192.4565338593497,27.706772659960645,0.14409378391,0.1129467799,0.14409378391,0.1129467799,0.392,0.322,25.78,0.3918769,0.3216722,25.78,99.0,0.0,1.33,1.389,0.28,0.998,9.0,221,221,9_14,9_20,136.2361,14.96389,20.9681,0.1193,192.6006,5.0,5.0,1340.0,844.0,1339.6009,844.2617,1339.6009,844.2617,192.45656433481287,27.706772315609665,0.726,0.461,-72.81,0.11031,0.06403,-71.8,1339.6009,844.2617,192.45656433481287,27.706772315609665,0.53177644582,0.63140838413,0.53177644582,0.63140838413,0.799,0.725,76.05,0.7987216,0.7247266,76.05,23.3724,0.0,3.4,1.575,0.365,0.488,9.0,0.09588347094265241
1127,1127,9_30,9_37,5104.872,28.92861,17.0339,0.0062,0.0,6.0,6.0,1300.0,833.0,1300.2153,832.8269,1300.2153,832.8269,192.46897237469548,27.710307511432266,0.427,0.371,-30.75,0.00245,0.00212,-31.33,1300.2153,832.8269,192.46897237469548,27.710307511432266,0.11447363289,0.10650057341,0.11447363289,0.10650057341,0.338,0.326,-4.53,0.3384141,0.3262669,-4.53,99.0,0.0,0.82,1.15,0.131,1.0,9.0,222,222,9_15,9_19,4879.184,51.87422,17.083,0.0115,191.7325,44.0,47.0,1300.0,833.0,1300.2721,832.8562,1300.2721,832.8562,192.46895459847556,27.710298812535147,1.491,1.387,13.12,0.02094,0.01873,26.29,1300.2721,832.8562,192.46895459847556,27.710298812535147,0.94300698476,0.84960777471,0.94300698476,0.84960777471,0.972,0.92,-9.03,0.9723311,0.9204276,-9.03,23.3163,0.0,3.05,1.075,0.07,0.982,9.0,0.06391189247688654
1128,1128,9_31,9_36,4447.986,27.0033,17.1835,0.0066,0.0,5.0,5.0,1143.0,832.0,1142.6521,832.2924,1142.6521,832.2924,192.5190334231199,27.711727049318466,0.501,0.45,-18.13,0.00307,0.00274,-18.03,1142.6521,832.2924,192.5190334231199,27.711727049318466,0.16096817521,0.11584121365,0.16096817521,0.11584121365,0.402,0.34,-5.79,0.401792,0.3396653,-5.79,99.0,0.0,0.94,1.115,0.103,1.0,9.0,223,223,9_16,9_18,4297.221,52.65083,17.2209,0.0133,192.0176,42.0,51.0,1143.0,832.0,1142.7043,832.3799,1142.7043,832.3799,192.51901763632893,27.71170202995578,1.538,1.447,5.12,0.02412,0.02334,23.83,1142.7043,832.3799,192.51901763632893,27.71170202995578,1.0202475782,0.88167838808,1.0202475782,0.88167838808,1.01,0.939,-4.44,1.010489,0.93853,-4.44,23.3485,0.0,3.16,1.063,0.059,0.975,9.0,0.1018876341859248
1129,1129,9_32,9_35,5961.295,31.26118,16.8655,0.0057,0.0,4.0,4.0,1404.0,830.0,1403.7277,830.3236999999999,1403.7277,830.3236999999999,192.4360595477021,27.710167169012028,0.47,0.443,75.33,0.00247,0.00233,75.63,1403.7277,830.3236999999999,192.4360595477021,27.710167169012028,0.10378962689,0.13515452471,0.10378962689,0.13515452471,0.368,0.322,86.65,0.3677803,0.3219965,86.65,99.0,0.0,0.96,1.059,0.056,1.0,9.0,224,224,9_17,9_17,5767.134,55.84909,16.9015,0.0105,191.4301,47.0,54.0,1404.0,830.0,1403.7206,830.3933999999999,1403.7206,830.3933999999999,192.4360624548244,27.710147630787773,1.528,1.456,-4.96,0.01929,0.01876,-3.42,1403.7206,830.3933999999999,192.4360624548244,27.710147630787773,0.98376340434,0.89069431144,0.98376340434,0.89069431144,0.992,0.944,1.27,0.9918714,0.9437419,1.27,23.2916,0.0,3.08,1.049,0.047,0.982,9.0,0.07006068797834429
1131,1131,9_34,9_33,618.202,10.06701,19.326,0.0177,0.0,5.0,5.0,1443.0,734.0,1443.2368,734.3326,1443.2368,734.3326,192.42260652880384,27.736830425672363,0.55,0.466,13.28,0.00938,0.00777,14.21,1443.2368,734.3326,192.42260652880384,27.736830425672363,0.14973635122,0.16003988017,0.14973635122,0.16003988017,0.4,0.387,82.77,0.4002602,0.3867403,82.77,99.0,0.0,1.15,1.179,0.152,1.0,9.0,225,225,9_18,9_16,534.433,27.84219,19.4841,0.0566,191.6437,15.0,17.0,1443.0,734.0,1443.1453,734.3820000000001,1443.1453,734.3820000000001,192.42263607037185,27.736817290233382,1.155,0.955,-11.39,0.07609,0.05964,-14.98,1443.1453,734.3820000000001,192.42263607037185,27.736817290233382,1.0219013406,0.90456395633,1.0219013406,0.90456395633,1.012,0.95,5.95,1.011529,0.9504074,5.95,23.321,0.0,3.67,1.209,0.173,0.42,9.0,0.10398370064586912
1133,1133,9_36,9_31,5169.194,29.11029,17.0203,0.0061,0.0,6.0,6.0,1031.0,716.0,1030.5285,715.85,1030.5285,715.85,192.55360733499327,27.745358352889276,0.5,0.381,-5.81,0.00283,0.00218,-6.01,1030.5285,715.85,192.55360733499327,27.745358352889276,0.23386629093,0.039301655433,0.23386629093,0.039301655433,0.484,0.198,-0.74,0.483631,0.1981642,-0.74,99.0,0.0,0.91,1.313,0.238,1.0,9.0,226,226,9_19,9_15,4972.759,53.91523,17.0624,0.0118,191.1533,43.0,51.0,1031.0,716.0,1030.5884,715.8742,1030.5884,715.8742,192.5535885143809,27.74535107462348,1.501,1.435,-17.61,0.02123,0.02037,-23.52,1030.5884,715.8742,192.5535885143809,27.74535107462348,0.95507846313,0.86137746619,0.95507846313,0.86137746619,0.978,0.927,-7.06,0.9780277,0.9273175,-7.06,23.2901,0.0,3.07,1.046,0.044,0.981,9.0,0.06460379245850295
1134,1134,9_37,9_30,11448.24,43.32159,16.157,0.0041,0.0,21.0,21.0,1171.0,692.0,1170.9641,692.4687,1170.9641,692.4687,192.508754753152,27.75081282961971,0.501,0.349,88.56,0.00194,0.00147,89.08,1170.9641,692.4687,192.508754753152,27.75081282961971,0.097877917967,0.22603600898,0.097877917967,0.22603600898,0.475,0.313,89.9,0.4754329,0.3128538,89.9,99.0,0.0,0.89,1.434,0.303,1.0,9.0,227,227,9_20,9_14,11399.65,69.34471,16.1616,0.0066,192.0405,62.0,70.0,1171.0,692.0,1171.0509,692.5043000000001,1171.0509,692.5043000000001,192.5087274891123,27.75080212423411,1.631,1.522,1.38,0.01332,0.01217,9.33,1171.0509,692.5043000000001,192.5087274891123,27.75080212423411,1.0011848347,0.89617802647,1.0011848347,0.89617802647,1.001,0.947,-1.08,1.000611,0.9466472,-1.08,23.3187,0.0,3.1,1.071,0.067,0.981,9.0,0.09381684283757379
1135,1135,9_38,9_29,27829.38,67.54401,15.1926,0.0026,0.0,7.0,7.0,1223.0,690.0,1223.0225,690.133,1223.0225,690.133,192.4921859205469,27.751050789300848,0.375,0.373,-45.69,9.1E-4,9.1E-4,-43.79,1223.0225,690.133,192.4921859205469,27.751050789300848,0.094867473866,0.096374558125,0.094867473866,0.096374558125,0.31,0.308,-89.67,0.3104426,0.3080056,-89.67,99.0,0.0,0.0,1.005,0.005,1.0,9.0,228,228,9_21,9_13,27993.81,92.0825,15.1862,0.0036,192.4206,83.0,94.0,1223.0,690.0,1223.1005,690.1904999999999,1223.1005,690.1904999999999,192.49216165724232,27.751033994399872,1.673,1.6,7.08,0.00743,0.0071,36.17,1223.1005,690.1904999999999,192.49216165724232,27.751033994399872,0.99664237767,0.89265993429,0.99664237767,0.89265993429,0.998,0.945,-3.07,0.9984697,0.9446484,-3.07,23.3528,0.0,3.09,1.045,0.043,0.988,9.0,0.09690330231722485
1136,1136,9_39,9_28,1321.621,14.71935,18.5011,0.0121,0.0,6.0,6.0,1446.0,677.0,1445.9091,677.3005,1445.9091,677.3005,192.4212222927437,27.752842367686583,0.486,0.458,7.09,0.00562,0.0052,5.8,1445.9091,677.3005,192.4212222927437,27.752842367686583,0.12106775831,0.14199210533,0.12106775831,0.14199210533,0.377,0.348,89.93,0.3768184,0.3479479,89.93,99.0,0.0,0.93,1.06,0.057,1.0,9.0,229,229,9_22,9_12,1272.737,37.25607,18.542,0.0318,191.346,26.0,29.0,1446.0,677.0,1445.9088,677.3989,1445.9088,677.3989,192.42122331126475,27.75281470641807,1.323,1.237,6.71,0.04847,0.04574,11.02,1445.9088,677.3989,192.42122331126475,27.75281470641807,0.98415435481,0.88128532075,0.98415435481,0.88128532075,0.992,0.938,4.67,0.9923934,0.9384002,4.67,23.2996,0.0,3.36,1.069,0.065,0.812,9.0,0.09840045731598057
1140,1140,9_43,9_24,141823.0,152.4784,13.4245,0.0012,0.0,7.0,7.0,1234.0,665.0,1234.0429,664.7333,1234.0429,664.7333,192.48844878387808,27.758102897045607,0.554,0.472,-1.61,6.0E-4,5.1E-4,-1.61,1234.0429,664.7333,192.48844878387808,27.758102897045607,0.11860126786,0.14596956302,0.11860126786,0.14596956302,0.382,0.344,87.6,0.3821228,0.3443153,87.6,99.0,4.0,1.42,1.173,0.148,1.0,9.0,230,230,9_23,9_11,144761.0,175.1108,13.4022,0.0013,192.7831,153.0,167.0,1234.0,665.0,1234.116,664.792,1234.116,664.792,192.4884260883769,27.7580858037796,1.77,1.687,3.95,0.00283,0.00273,12.7,1234.116,664.792,192.4884260883769,27.7580858037796,1.0095827522,0.89572436904,1.0095827522,0.89572436904,1.005,0.946,-3.78,1.005028,0.9461633,-3.78,23.3741,0.0,3.1,1.049,0.047,0.991,9.0,0.0937512666581903
1142,1142,9_45,9_22,2012.025,18.1615,18.0448,0.0098,1.653024E-6,6.0,6.0,1145.0,656.0,1144.7835,656.4004,1144.7835,656.4004,192.51674651794167,27.76116320573744,0.519,0.457,-46.18,0.00476,0.00421,-42.24,1144.7835,656.4004,192.51674651794167,27.76116320573744,0.089394253951,0.16796771232,0.089394253951,0.16796771232,0.411,0.297,-83.18,0.4112287,0.297074,-83.18,99.0,0.0,0.98,1.136,0.119,1.0,9.0,231,231,9_24,9_10,1895.856,41.76686,18.1094,0.0239,191.5553,26.0,34.0,1145.0,656.0,1144.8533,656.4592,1144.8533,656.4592,192.5167248671568,27.761146115508964,1.439,1.24,-12.11,0.03938,0.03342,-17.18,1144.8533,656.4592,192.5167248671568,27.761146115508964,0.98779047195,0.84250722092,0.98779047195,0.84250722092,0.995,0.916,-7.51,0.9951674,0.9164822,-7.51,23.2858,0.0,3.1,1.16,0.138,0.949,9.0,0.09126598490127846
1145,1145,9_48,9_19,20737.48,58.30597,15.512,0.0031,0.0,4.0,4.0,1088.0,645.0,1087.656,644.6732,1087.656,644.6732,192.5348003964058,27.76491639161326,0.494,0.449,-41.11,0.00139,0.00126,-41.1,1087.656,644.6732,192.5348003964058,27.76491639161326,0.16789407167,0.15521860454,0.16789407167,0.15521860454,0.417,0.387,-29.19,0.4167031,0.386615,-29.19,99.0,0.0,1.02,1.099,0.09,1.0,9.0,232,232,9_25,9_9,20588.38,82.34919,15.5198,0.0043,191.6774,75.0,82.0,1088.0,645.0,1087.7033,644.7248999999999,1087.7033,644.7248999999999,192.534785830276,27.764901479599075,1.642,1.558,-2.29,0.00873,0.00839,13.96,1087.7033,644.7248999999999,192.534785830276,27.764901479599075,0.98933444811,0.88953847094,0.98933444811,0.88953847094,0.995,0.942,-6.33,0.9952781,0.9424937,-6.33,23.3132,0.0,3.05,1.054,0.051,0.984,9.0,0.07007267655793861
1148,1148,9_51,9_16,1065.163,13.21427,18.7353,0.0135,0.0,2.0,2.0,1514.0,633.0,1514.0,632.925,1514.0,632.925,192.3991620061024,27.764755180713237,0.391,0.289,90.0,0.00494,0.0036,90.0,1514.0,632.925,192.3991620061024,27.764755180713237,0.0833333,0.087810864207,0.0833333,0.087810864207,0.296,0.289,90.0,0.296329,0.2886751,90.0,99.0,16.0,1.89,1.354,0.261,0.998,9.0,233,233,9_26,9_8,1561.03,31.95961,18.3203,0.0222,191.6378,16.0,19.0,1515.0,633.0,1514.3847,632.8419,1514.3847,632.8419,192.39903893996856,27.7647753536215,1.414,0.684,89.72,0.0449,0.02028,-89.24,1514.3847,632.8419,192.39903893996856,27.7647753536215,0.21902597143,0.66196823951,0.21902597143,0.66196823951,0.814,0.467,88.01,0.8139441,0.4674283,88.01,23.329,24.0,3.03,2.067,0.516,0.97,9.0,0.39357299195961326
1150,1150,9_53,9_14,3166.593,22.78407,17.5524,0.0078,0.0,4.0,4.0,1257.0,613.0,1257.4268,613.3942,1257.4268,613.3942,192.4805412343637,27.77234739050305,0.498,0.485,-31.86,0.0036,0.0035,-31.84,1257.4268,613.3942,192.4805412343637,27.77234739050305,0.22892888199,0.20907064201,0.22892888199,0.20907064201,0.48,0.456,-12.95,0.4796215,0.4560294,-12.95,99.0,0.0,0.97,1.028,0.027,1.0,9.0,234,234,9_27,9_7,2965.396,46.33734,17.6237,0.017,191.8904,35.0,40.0,1257.0,613.0,1257.5163,613.4172,1257.5163,613.4172,192.48051299370616,27.77234020004912,1.498,1.296,-0.11,0.03043,0.02456,1.32,1257.5163,613.4172,192.48051299370616,27.77234020004912,0.96669659646,0.86881929334,0.96669659646,0.86881929334,0.983,0.932,-3.84,0.983432,0.9318677,-3.84,23.3156,0.0,3.1,1.155,0.134,0.971,9.0,0.09240806241886551
1157,1157,9_60,9_7,910.5605,12.2177,18.9056,0.0146,1.656991E-5,19.0,19.0,1204.0,581.0,1203.9576,580.6899,1203.9576,580.6899,192.49723905419876,27.78197341356449,0.977,0.87,41.45,0.01483,0.01298,42.01,1203.9576,580.6899,192.49723905419876,27.78197341356449,0.51481134326,0.50712419043,0.51481134326,0.50712419043,0.726,0.704,38.01,0.7258561,0.703611,38.01,99.0,0.0,2.89,1.122,0.109,1.0,9.0,236,236,9_29,9_5,840.6273,35.06902,18.9924,0.0453,192.0255,25.0,26.0,1204.0,581.0,1203.9766,580.6546,1203.9766,580.6546,192.4972326884272,27.781983184614617,1.331,1.3,-77.96,0.0656,0.06286,-80.92,1203.9766,580.6546,192.4972326884272,27.781983184614617,1.8458858888,1.7681993417,1.8458858888,1.7681993417,1.359,1.329,8.78,1.359333,1.329022,8.78,23.3244,0.0,4.92,1.024,0.023,0.026,9.0,0.04008852703705475
1159,1159,9_62,9_5,1050.193,13.12108,18.7507,0.0136,0.0,6.0,6.0,1318.0,564.0,1317.8907,563.5408,1317.8907,563.5408,192.4608561637418,27.78587199540587,0.499,0.402,84.98,0.00634,0.00537,84.08,1317.8907,563.5408,192.4608561637418,27.78587199540587,0.044366981378,0.23007016396,0.044366981378,0.23007016396,0.48,0.211,89.58,0.4796669,0.2106106,89.58,99.0,0.0,1.14,1.242,0.195,1.0,9.0,237,237,9_30,9_4,931.3749,33.32124,18.8811,0.0389,191.6713,20.0,23.0,1318.0,563.0,1317.9557,563.6846,1317.9557,563.6846,192.4608368332769,27.78583104009215,1.185,1.15,14.08,0.05145,0.05108,19.33,1317.9557,563.6846,192.4608368332769,27.78583104009215,0.85519090819,0.80457148764,0.85519090819,0.80457148764,0.925,0.897,3.7,0.9248804,0.8968604,3.7,23.3042,0.0,3.16,1.03,0.029,0.914,9.0,0.15780823806133537
1160,1160,9_63,9_4,591.876,9.850322,19.3733,0.0181,0.0,5.0,5.0,1098.0,562.0,1098.0526,561.836,1098.0526,561.836,192.53073972885983,27.78812265205835,0.489,0.47,51.85,0.00849,0.0082,54.21,1098.0526,561.836,192.53073972885983,27.78812265205835,0.14243674437,0.15625198534,0.14243674437,0.15625198534,0.395,0.377,85.99,0.3953736,0.3773174,85.99,99.0,0.0,1.25,1.039,0.038,1.0,9.0,238,238,9_31,9_3,488.4441,27.13928,19.5818,0.0603,192.0516,12.0,16.0,1098.0,562.0,1098.0393,561.7119,1098.0393,561.7119,192.53074282591248,27.78815764729442,1.132,0.925,26.2,0.0781,0.06118,26.39,1098.0393,561.7119,192.53074282591248,27.78815764729442,0.814394219,0.77297336993,0.814394219,0.77297336993,0.908,0.873,23.78,0.9079485,0.8734971,23.78,23.3512,0.0,3.94,1.223,0.183,0.336,9.0,0.12481065659630813
1162,1162,9_65,9_2,3587.503,24.25109,17.4169,0.0073,3.722498E-5,16.0,16.0,1124.0,532.0,1123.6841,531.5789,1123.6841,531.5789,192.52231305986456,27.796424319106148,0.499,0.481,-67.24,0.00359,0.0035,-36.81,1123.6841,531.5789,192.52231305986456,27.796424319106148,0.15320166163,0.21841126752,0.15320166163,0.21841126752,0.467,0.391,-87.73,0.4674543,0.3912792,-87.73,99.0,0.0,0.98,1.037,0.035,1.0,9.0,239,239,9_32,9_2,3505.759,47.42336,17.4419,0.0147,191.3048,37.0,41.0,1124.0,532.0,1123.8034,531.6215,1123.8034,531.6215,192.5222755128367,27.79641138903842,1.448,1.369,-2.63,0.02421,0.02372,8.42,1123.8034,531.6215,192.5222755128367,27.79641138903842,0.97456395684,0.85759786601,0.97456395684,0.85759786601,0.988,0.926,-4.41,0.9875547,0.9256876,-4.41,23.303,0.0,3.13,1.057,0.054,0.967,9.0,0.12667774074404428
1165,1165,10_3,10_48,1947.12,17.86617,18.0804,0.01,-7.191267E-5,14.0,14.0,1847.0,987.0,1847.1245,987.2541,1847.1245,987.2541,192.29671195876395,27.66233892168145,0.603,0.591,41.81,0.00591,0.00578,48.13,1847.1245,987.2541,192.29671195876395,27.66233892168145,0.1171913298,0.14000918323,0.1171913298,0.14000918323,0.374,0.342,88.23,0.3742071,0.3423004,88.23,99.0,0.0,1.18,1.02,0.02,1.0,10.0,241,241,10_2,10_23,1858.188,40.72346,18.1311,0.0238,192.4088,27.0,33.0,1847.0,987.0,1847.201,987.3084,1847.201,987.3084,192.2966881916961,27.662323003128638,1.384,1.281,7.18,0.03767,0.03432,10.47,1847.201,987.3084,192.2966881916961,27.662323003128638,0.98343722928,0.89291837599,0.98343722928,0.89291837599,0.992,0.944,5.8,0.9921592,0.9444446,5.8,23.3371,0.0,3.18,1.08,0.074,0.903,10.0,0.09381225932691435
1169,1169,10_7,10_44,355.2552,7.63142,19.9275,0.0233,-6.906421E-7,24.0,24.0,1577.0,933.0,1576.3064,932.9264,1576.3064,932.9264,192.3822001729088,27.67989478608777,1.303,0.618,10.42,0.03818,0.02085,11.15,1576.3064,932.9264,192.3822001729088,27.67989478608777,0.37579656122,0.21626029008,0.37579656122,0.21626029008,0.614,0.464,5.2,0.6141101,0.4636007,5.2,99.0,0.0,2.78,2.109,0.526,1.0,10.0,245,245,10_6,10_21,241.0236,21.15249,20.3487,0.0953,192.9611,9.0,10.0,1577.0,933.0,1576.5637,933.0205,1576.5637,933.0205,192.3821193384994,27.679866188139137,1.047,0.662,26.32,0.10907,0.06685,26.5,1576.5637,933.0205,192.3821193384994,27.679866188139137,1.5918324237,1.2543507615,1.5918324237,1.2543507615,1.264,1.118,7.04,1.263749,1.117641,7.04,23.3647,0.0,4.95,1.581,0.368,0.541,10.0,0.27396733381919447
1171,1171,10_9,10_42,181.8157,5.459474,20.6548,0.0326,-5.543715E-6,15.0,15.0,1818.0,915.0,1818.4438,915.2518,1818.4438,915.2518,192.3051245558376,27.68282618625916,1.09,0.623,32.01,0.04635,0.02619,31.94,1818.4438,915.2518,192.3051245558376,27.68282618625916,0.46400282412,0.29008629598,0.46400282412,0.29008629598,0.731,0.469,28.18,0.7307609,0.4691244,28.18,99.0,0.0,2.48,1.75,0.428,1.0,10.0,246,246,10_7,10_20,102.3998,14.91655,21.2781,0.1582,192.8941,4.0,5.0,1818.0,915.0,1818.177,915.0042,1818.177,915.0042,192.3052069026272,27.682898067029036,0.828,0.51,32.97,0.14353,0.08855,33.99,1818.177,915.0042,192.3052069026272,27.682898067029036,1.4517154141,1.2596340543,1.4517154141,1.2596340543,1.287,1.027,35.71,1.287281,1.02677,35.71,23.3699,0.0,3.83,1.624,0.384,0.482,10.0,0.3639890108232277
1173,1173,10_11,10_40,19369.71,56.35036,15.5861,0.0032,-2.300415E-7,13.0,13.0,1905.0,863.0,1904.4958,862.7105,1904.4958,862.7105,192.27728399397893,27.69686223211913,0.527,0.476,18.92,0.00155,0.0014,19.44,1904.4958,862.7105,192.27728399397893,27.69686223211913,0.25170243636,0.13245334633,0.25170243636,0.13245334633,0.502,0.363,3.82,0.5022317,0.3632066,3.82,99.0,0.0,0.98,1.107,0.097,1.0,10.0,248,248,10_9,10_18,19058.2,80.4137,15.6037,0.0046,192.7939,76.0,82.0,1905.0,863.0,1904.5715,862.7602999999999,1904.5715,862.7602999999999,192.2772604334425,27.696847582369337,1.655,1.561,14.86,0.00944,0.00885,34.17,1904.5715,862.7602999999999,192.2772604334425,27.696847582369337,1.006607295,0.89714267305,1.006607295,0.89714267305,1.003,0.947,2.33,1.003389,0.9470803,2.33,23.3731,0.0,3.08,1.06,0.057,0.984,10.0,0.09061197492607616
1177,1177,10_15,10_36,3341.761,23.40576,17.4939,0.0076,0.0,15.0,15.0,1709.0,824.0,1708.9237,824.1582000000001,1708.9237,824.1582000000001,192.3390375386518,27.709363800622477,0.548,0.523,6.96,0.0041,0.00383,9.36,1708.9237,824.1582000000001,192.3390375386518,27.709363800622477,0.13994021487,0.14226549779,0.13994021487,0.14226549779,0.377,0.374,89.33,0.3771814,0.3740854,89.33,99.0,0.0,1.09,1.047,0.045,1.0,10.0,249,249,10_10,10_17,3306.734,48.74842,17.5054,0.016,191.6069,40.0,45.0,1709.0,824.0,1709.0099,824.1605999999999,1709.0099,824.1605999999999,192.3390101767894,27.70936239924944,1.509,1.392,-3.2,0.02843,0.02634,-14.9,1709.0099,824.1605999999999,192.3390101767894,27.70936239924944,0.96872802871,0.86444371464,0.96872802871,0.86444371464,0.984,0.93,0.41,0.9842425,0.9297518,0.41,23.2997,0.0,3.06,1.084,0.077,0.979,10.0,0.08623340420041894
1178,1178,10_16,10_35,38043.93,78.97285,14.8532,0.0023,1.102853E-6,13.0,13.0,1989.0,816.0,1989.3958,816.2357999999999,1989.3958,816.2357999999999,192.24986279462,27.70919634821344,0.501,0.453,9.64,0.00104,9.5E-4,10.05,1989.3958,816.2357999999999,192.24986279462,27.70919634821344,0.17897683342,0.086358858371,0.17897683342,0.086358858371,0.423,0.294,1.46,0.4231274,0.2937667,1.46,99.0,0.0,0.94,1.105,0.095,1.0,10.0,250,250,10_11,10_16,38704.06,104.1532,14.8345,0.0029,192.451,98.0,109.0,1989.0,816.0,1989.4756,816.2918999999999,1989.4756,816.2918999999999,192.2498379950352,27.709179887256397,1.699,1.63,12.31,0.00629,0.00601,43.49,1989.4756,816.2918999999999,192.2498379950352,27.709179887256397,0.99523924144,0.90288450448,0.99523924144,0.90288450448,0.998,0.95,-1.34,0.9976422,0.9501756,-1.34,23.3524,0.0,3.05,1.042,0.041,0.998,10.0,0.09754614292732477
1179,1179,10_17,10_34,1074.811,13.27398,18.7255,0.0134,0.0,13.0,13.0,1910.0,806.0,1909.666,805.5991,1909.666,805.5991,192.2750862656586,27.712873526128057,0.647,0.594,9.69,0.00872,0.00802,18.02,1909.666,805.5991,192.2750862656586,27.712873526128057,0.23069150434,0.25320381789,0.23069150434,0.25320381789,0.503,0.48,88.7,0.5032052,0.4802914,88.7,99.0,0.0,1.32,1.089,0.082,1.0,10.0,251,251,10_12,10_15,985.2236,33.68864,18.82,0.0371,191.7486,20.0,24.0,1910.0,806.0,1909.6792,805.7345,1909.6792,805.7345,192.27508338963003,27.71283534834084,1.28,1.102,16.8,0.05489,0.04503,19.72,1909.6792,805.7345,192.27508338963003,27.71283534834084,0.92431913495,0.79863619348,0.92431913495,0.79863619348,0.962,0.893,3.84,0.9617109,0.8933463,3.84,23.3073,0.0,3.24,1.161,0.139,0.922,10.0,0.1360419053086353
1180,1180,10_18,10_33,974.5606,12.63978,18.8318,0.0141,0.0,7.0,7.0,1573.0,791.0,1573.4469,790.7152,1573.4469,790.7152,192.38176167443956,27.719901024907724,1.249,0.238,-18.22,0.01668,0.00327,-17.98,1573.4469,790.7152,192.38176167443956,27.719901024907724,0.53838026195,0.034274724841,0.53838026195,0.034274724841,0.74,0.158,-7.71,0.7401215,0.1577187,-7.71,99.0,0.0,3.2,5.249,0.809,1.0,10.0,252,252,10_13,10_14,818.7556,29.40279,19.021,0.039,191.5941,8.0,18.0,1573.0,791.0,1573.4852,790.7124,1573.4852,790.7124,192.3817494786708,27.719901493185937,1.554,0.714,-16.27,0.0665,0.03122,-16.64,1573.4852,790.7124,192.3817494786708,27.719901493185937,1.1062215226,0.13574493763,1.1062215226,0.13574493763,1.072,0.303,-11.77,1.072489,0.3028771,-11.77,23.3056,0.0,6.29,2.177,0.541,0.757,10.0,0.038402213478032333
1184,1184,10_22,10_29,3273.538,23.16561,17.5163,0.0077,0.0,17.0,17.0,1888.0,744.0,1888.0935,744.0674,1888.0935,744.0674,192.28134159270945,27.73035659310096,0.587,0.551,6.39,0.00444,0.00414,4.28,1888.0935,744.0674,192.28134159270945,27.73035659310096,0.15433761586,0.14211650403,0.15433761586,0.14211650403,0.393,0.377,0.85,0.3928617,0.3769798,0.85,99.0,0.0,1.14,1.065,0.061,1.0,10.0,253,253,10_14,10_13,3174.638,46.88575,17.5496,0.016,192.1103,34.0,42.0,1888.0,744.0,1888.1421,744.0958,1888.1421,744.0958,192.28132642724285,27.730348192665527,1.451,1.398,-15.64,0.02718,0.02598,-54.03,1888.1421,744.0958,192.28132642724285,27.730348192665527,0.99418340584,0.88830458315,0.99418340584,0.88830458315,0.997,0.942,-0.67,0.9970948,0.9424914,-0.67,23.3428,0.0,3.17,1.038,0.037,0.965,10.0,0.056289608277279114
1187,1187,10_25,10_26,744.4192,11.04699,19.1243,0.0161,0.0,12.0,12.0,1913.0,715.0,1912.8112,715.2578,1912.8112,715.2578,192.27320772107328,27.738243364707,0.671,0.646,61.18,0.01086,0.01073,34.33,1912.8112,715.2578,192.27320772107328,27.738243364707,0.21281235291,0.2746933502,0.21281235291,0.2746933502,0.53,0.454,72.87,0.5302755,0.4542175,72.87,99.0,0.0,1.65,1.038,0.037,1.0,10.0,254,254,10_15,10_12,707.7541,30.27256,19.1792,0.0465,191.8728,20.0,20.0,1913.0,715.0,1912.7829,715.2610999999999,1912.7829,715.2610999999999,192.2732167453376,27.73824268019866,1.158,1.114,29.04,0.06149,0.05914,43.42,1912.7829,715.2610999999999,192.2732167453376,27.73824268019866,0.96312036056,0.89599325975,0.96312036056,0.89599325975,0.982,0.945,9.8,0.9824388,0.9454775,9.8,23.3277,0.0,3.57,1.039,0.038,0.323,10.0,0.028491753192977167
1191,1191,10_29,10_22,203.3777,5.774133,20.5331,0.0308,0.0,9.0,9.0,1905.0,683.0,1905.8679,683.3129,1905.8679,683.3129,192.27510298750164,27.747283189205596,0.749,0.634,7.64,0.02449,0.02217,4.26,1905.8679,683.3129,192.27510298750164,27.747283189205596,0.40732358594,0.31398600512,0.40732358594,0.31398600512,0.644,0.554,14.58,0.6435019,0.5542697,14.58,99.0,0.0,2.57,1.183,0.154,1.0,10.0,255,255,10_16,10_11,143.1795,16.20895,20.9142,0.1229,192.911,6.0,6.0,1906.0,683.0,1905.9868,683.4782,1905.9868,683.4782,192.27506681386663,27.74723570000196,0.799,0.5,-0.02,0.11184,0.06864,0.04,1905.9868,683.4782,192.27506681386663,27.74723570000196,0.91951156462,0.71663653989,0.91951156462,0.71663653989,0.96,0.845,5.68,0.9599691,0.8453446,5.68,23.4091,0.0,3.73,1.6,0.375,0.418,10.0,0.20362048030585309
1194,1194,10_32,10_19,9963.364,40.41458,16.3079,0.0044,1.010127E-5,14.0,14.0,1517.0,633.0,1516.9031,632.7694,1516.9031,632.7694,192.39823774928428,27.764774857761648,0.503,0.474,-27.63,0.00208,0.00197,-27.72,1516.9031,632.7694,192.39823774928428,27.764774857761648,0.13542304709,0.15024818913,0.13542304709,0.15024818913,0.388,0.368,-87.22,0.3876638,0.3679512,-87.22,99.0,0.0,1.02,1.06,0.057,1.0,10.0,256,256,10_17,10_10,9787.078,65.85365,16.3272,0.0073,191.6619,61.0,67.0,1517.0,633.0,1516.9468,632.7984,1516.9468,632.7984,192.3982241323788,27.764766342770805,1.608,1.52,-4.76,0.01427,0.01394,-7.67,1516.9468,632.7984,192.3982241323788,27.764766342770805,0.99569744943,0.87759259729,0.99569744943,0.87759259729,0.999,0.936,-6.54,0.9986336,0.93596,-6.54,23.3241,0.0,3.09,1.058,0.055,0.984,10.0,0.052447020887700806
1196,1196,10_34,10_17,576.2383,9.719326,19.4024,0.0183,-8.415968E-11,11.0,11.0,1774.0,623.0,1773.9817,623.4722,1773.9817,623.4722,192.31643704146973,27.765231444446517,0.679,0.554,23.87,0.01326,0.01038,25.73,1773.9817,623.4722,192.31643704146973,27.765231444446517,0.18745470359,0.2622162085,0.18745470359,0.2622162085,0.518,0.426,75.02,0.5176708,0.4262486,75.02,99.0,0.0,1.52,1.225,0.184,1.0,10.0,257,257,10_18,10_9,501.2833,27.41943,19.5537,0.0594,192.2228,14.0,16.0,1774.0,623.0,1773.9896,623.4827,1773.9896,623.4827,192.3164346317628,27.76522842569257,1.127,0.922,3.76,0.07144,0.05835,0.35,1773.9896,623.4827,192.3164346317628,27.76522842569257,0.98186949233,0.78983040364,0.98186949233,0.78983040364,0.993,0.886,8.86,0.9933063,0.8860263,8.86,23.336,0.0,3.43,1.223,0.182,0.638,10.0,0.013140015220712679
1197,1197,10_35,10_16,1744.255,16.90986,18.1998,0.0105,-4.90441E-11,15.0,15.0,1755.0,622.0,1754.6008,622.0211,1754.6008,622.0211,192.322583014306,27.765803772387837,0.581,0.557,-58.07,0.00619,0.00586,-64.4,1754.6008,622.0211,192.322583014306,27.765803772387837,0.23807299492,0.11891111686,0.23807299492,0.11891111686,0.488,0.345,-1.62,0.4880249,0.3446967,-1.62,99.0,0.0,1.29,1.044,0.042,1.0,10.0,258,258,10_19,10_8,1630.995,39.65833,18.2727,0.0264,192.5729,27.0,31.0,1755.0,622.0,1754.6248,622.0066,1754.6248,622.0066,192.3225752466882,27.765807645120805,1.342,1.24,-52.64,0.04138,0.03552,-60.02,1754.6248,622.0066,192.3225752466882,27.765807645120805,0.86727448895,0.82707809708,0.86727448895,0.82707809708,0.932,0.908,-13.03,0.9324957,0.9081874,-13.03,23.3521,0.0,3.0,1.083,0.076,0.942,10.0,0.028040149785717047
1200,1200,10_38,10_13,484.0738,8.908218,19.5916,0.02,-1.205747E-5,12.0,12.0,1885.0,599.0,1885.059,598.7207,1885.059,598.7207,192.28089309435248,27.771241356285497,0.654,0.595,86.68,0.01376,0.01332,-78.03,1885.059,598.7207,192.28089309435248,27.771241356285497,0.063822141529,0.18625903282,0.063822141529,0.18625903282,0.432,0.252,-88.31,0.4317012,0.2524189,-88.31,99.0,0.0,1.39,1.1,0.091,1.0,10.0,259,259,10_20,10_7,465.4625,26.13051,19.6342,0.061,191.3859,14.0,15.0,1885.0,599.0,1885.1298,598.5979,1885.1298,598.5979,192.2808693972541,27.771275268467665,1.057,0.952,-11.26,0.07717,0.0681,-14.06,1885.1298,598.5979,192.2808693972541,27.771275268467665,0.89975438722,0.84185553288,0.89975438722,0.84185553288,0.949,0.918,1.32,0.94857,0.9175102,1.32,23.2993,0.0,3.93,1.11,0.099,0.439,10.0,0.1417479453113546
1202,1202,10_40,10_11,123.2182,4.494409,21.0772,0.0396,9.310378E-6,9.0,9.0,1570.0,591.0,1569.968,591.4091,1569.968,591.4091,192.3809784883457,27.775961077169903,0.705,0.49,-25.59,0.03391,0.02635,-43.85,1569.968,591.4091,192.3809784883457,27.775961077169903,0.23604113101,0.23727408226,0.23604113101,0.23727408226,0.533,0.434,-45.37,0.5334883,0.4344024,-45.37,99.0,0.0,1.99,1.44,0.305,1.0,10.0,260,260,10_21,10_6,127.993,15.14738,21.0359,0.1285,191.1887,5.0,5.0,1570.0,591.0,1569.8092,591.3964,1569.8092,591.3964,192.38102884843647,27.77596597081182,0.76,0.443,-19.57,0.12872,0.07437,-18.51,1569.8092,591.3964,192.38102884843647,27.77596597081182,0.74168726513,0.61447919724,0.74168726513,0.61447919724,0.897,0.743,-29.81,0.8965818,0.7431739,-29.81,23.2675,0.0,3.41,1.713,0.416,0.468,10.0,0.15930703060458232
1204,1204,10_42,10_9,1591.887,16.15441,18.2991,0.011,1.08102E-5,14.0,14.0,1592.0,561.0,1592.1283,560.8313,1592.1283,560.8313,192.3736435856342,27.78437209772388,0.645,0.547,-61.15,0.00705,0.00606,-61.83,1592.1283,560.8313,192.3736435856342,27.78437209772388,0.080959411518,0.097661860642,0.080959411518,0.097661860642,0.314,0.283,-76.67,0.3140936,0.2827834,-76.67,99.0,0.0,1.09,1.179,0.152,1.0,10.0,261,261,10_22,10_5,1510.141,39.2888,18.3563,0.0283,191.5983,25.0,31.0,1592.0,561.0,1592.1603,560.8183,1592.1603,560.8183,192.37363328908725,27.784375484911447,1.338,1.274,-69.63,0.04391,0.03962,-83.5,1592.1603,560.8183,192.37363328908725,27.784375484911447,0.93499186753,0.90150323867,0.93499186753,0.90150323867,0.979,0.937,-32.93,0.9793767,0.9366516,-32.93,23.2894,0.0,3.17,1.05,0.048,0.9,10.0,0.03453983207828466
1205,1205,10_43,10_8,5810.397,30.86299,16.8934,0.0058,-1.556515E-4,15.0,15.0,1939.0,556.0,1939.238,556.2119,1939.238,556.2119,192.26325790084755,27.782724608393792,0.545,0.506,-13.88,0.00299,0.00278,-16.37,1939.238,556.2119,192.26325790084755,27.782724608393792,0.10666592624,0.088739802292,0.10666592624,0.088739802292,0.327,0.298,-3.37,0.3266928,0.2977878,-3.37,99.0,0.0,1.08,1.076,0.071,1.0,10.0,262,262,10_23,10_4,5673.929,56.19316,16.9192,0.0108,192.218,48.0,54.0,1939.0,556.0,1939.2882,556.253,1939.2882,556.253,192.26324234565897,27.78271262259417,1.544,1.466,-3.47,0.01937,0.01919,30.03,1939.2882,556.253,192.26324234565897,27.78271262259417,0.99997122269,0.88593930321,0.99997122269,0.88593930321,1.001,0.941,-5.6,1.000539,0.9406556,-5.6,23.3317,0.0,3.14,1.053,0.051,0.979,10.0,0.06487873303319618
1207,1207,10_45,10_6,185.1425,5.509195,20.6351,0.0323,1.787494E-5,13.0,13.0,1524.0,553.0,1523.5747,553.201,1523.5747,553.201,192.39536554204687,27.78708789176234,0.792,0.744,65.1,0.03267,0.02854,80.63,1523.5747,553.201,192.39536554204687,27.78708789176234,0.33738471261,0.39513279325,0.33738471261,0.39513279325,0.632,0.577,-75.27,0.6319982,0.5771445,-75.27,99.0,0.0,2.72,1.064,0.06,1.0,10.0,263,263,10_24,10_3,113.9582,15.14922,21.162,0.1444,191.815,5.0,5.0,1524.0,553.0,1523.5958,553.2117,1523.5958,553.2117,192.3953589349606,27.78708470869025,0.745,0.455,-71.91,0.12209,0.07075,-71.59,1523.5958,553.2117,192.3953589349606,27.78708470869025,0.94492728016,1.0233022857,0.94492728016,1.0233022857,1.032,0.951,59.68,1.031514,0.9508985,59.68,23.3068,0.0,3.43,1.637,0.389,0.464,10.0,0.023657979626444187
1209,1209,10_47,10_4,1957.91,17.9156,18.0744,0.0099,2.555702E-6,15.0,15.0,1729.0,532.0,1729.2806,532.068,1729.2806,532.068,192.32976678100525,27.79130470804433,0.593,0.579,-52.05,0.00585,0.00572,-75.74,1729.2806,532.068,192.32976678100525,27.79130470804433,0.14678764041,0.11146629137,0.14678764041,0.11146629137,0.383,0.334,-1.35,0.3831545,0.3338362,-1.35,99.0,0.0,1.14,1.024,0.024,1.0,10.0,264,264,10_25,10_2,1829.267,39.64944,18.1482,0.0235,191.8678,27.0,31.0,1729.0,532.0,1729.3395,532.1374,1729.3395,532.1374,192.32974872285095,27.791284701222413,1.326,1.266,-44.37,0.03663,0.03298,-63.78,1729.3395,532.1374,192.32974872285095,27.791284701222413,0.9401976328,0.88317074648,0.9401976328,0.88317074648,0.97,0.939,-7.77,0.9701962,0.9391952,-7.77,23.3168,0.0,3.21,1.048,0.045,0.96,10.0,0.09102510642671946
1211,1211,10_49,10_49,269.0816,6.641667,20.2292,0.0268,-9.297105E-7,7.0,7.0,1567.0,1012.0,1566.5782,1011.5467,1566.5782,1011.5467,192.38603390644784,27.65787098778365,0.607,0.468,26.17,0.01804,0.01271,17.22,1566.5782,1011.5467,192.38603390644784,27.65787098778365,0.2334503326,0.21164801703,0.2334503326,0.21164801703,0.533,0.401,39.91,0.5330952,0.4011332,39.91,99.0,16.0,1.09,1.297,0.229,1.0,10.0,243,243,10_4,10_24,1014.901,28.59059,18.7878,0.0306,192.5912,14.0,16.0,1567.0,1013.0,1566.8016,1012.5053,1566.8016,1012.5053,192.3859720289119,27.65759961026623,1.566,0.585,0.65,0.06571,0.02458,0.99,1566.8016,1012.5053,192.3859720289119,27.65759961026623,0.83054364397,0.1890492439,0.83054364397,0.1890492439,0.912,0.434,1.69,0.911649,0.434153,1.69,23.3231,24.0,3.98,2.677,0.626,0.907,10.0,0.9842873157773226
1215,1215,11_4,11_36,1633513.0,517.4834,10.7711,3.0E-4,-0.1285063,70.0,70.0,2434.0,536.0,2431.1079,536.2449,2431.1079,536.2449,192.10672225068583,27.784002889615994,2.471,2.232,26.43,7.8E-4,7.1E-4,26.43,2431.1079,536.2449,192.10672225068583,27.784002889615994,4.1645095971,3.528905474,4.1645095971,3.528905474,2.075,1.84,23.13,2.075164,1.84041,23.13,28.5437,7.0,14.08,1.107,0.097,1.0,11.0,265,265,11_1,11_2,1982549.0,633.993,10.5608,3.0E-4,195.1673,1448.0,1559.0,2434.0,536.0,2431.156,537.2163,2431.156,537.2163,192.10671684343092,27.783729432181254,4.656,3.429,-89.87,0.00195,0.00178,87.42,2431.156,537.2163,192.10671684343092,27.783729432181254,5.4961696418,5.3474951904,5.4961696418,5.3474951904,2.39,2.266,37.53,2.389606,2.265712,37.53,23.2511,6.0,23.98,1.358,0.264,0.567,11.0,0.9725901346405024
1217,1217,11_6,11_11,747.9107,11.07287,19.1192,0.0161,-5.307877E-6,32.0,32.0,2117.0,514.0,2116.6082,512.7961,2116.6082,512.7961,192.2064499585246,27.79338658109468,1.921,1.346,-57.72,0.02845,0.01992,-57.72,2116.6082,512.7961,192.2064499585246,27.79338658109468,0.96668879431,0.92059657376,0.96668879431,0.92059657376,1.001,0.941,33.41,1.001107,0.9407815,33.41,32.9179,16.0,5.6,1.428,0.3,0.999,11.0,266,266,11_2,11_1,467.0278,29.46543,19.6305,0.0685,192.1561,18.0,20.0,2116.0,513.0,2116.5646,512.9644,2116.5646,512.9644,192.20646548679744,27.793339657621708,1.249,1.184,-33.79,0.09137,0.08505,-45.13,2116.5646,512.9644,192.20646548679744,27.793339657621708,3.2826065403,3.328632363,3.2826065403,3.328632363,1.867,1.768,-48.66,1.867127,1.767788,-48.66,23.3384,0.0,6.16,1.055,0.053,0.002,11.0,0.17385583107843733
1242,1242,11_31,11_218,253.4194,6.445477,20.2943,0.0276,-2.172278E-4,9.0,9.0,2150.0,920.0,2149.7425,919.9974,2149.7425,919.9974,192.19995823036933,27.678630786649443,0.75,0.473,-18.34,0.01907,0.01203,-18.34,2149.7425,919.9974,192.19995823036933,27.678630786649443,0.29233948868,0.10779340996,0.29233948868,0.10779340996,0.545,0.321,-9.16,0.5452225,0.3207264,-9.16,35.4007,0.0,1.88,1.585,0.369,1.0,11.0,267,267,11_3,11_27,117.247,16.0996,21.1311,0.1491,192.7274,4.0,6.0,2149.0,920.0,2149.6487,919.8306,2149.6487,919.8306,192.19998636415136,27.67867849995106,0.744,0.649,-26.34,0.11665,0.10181,-26.49,2149.6487,919.8306,192.19998636415136,27.67867849995106,1.1304985997,0.84491280859,1.1304985997,0.84491280859,1.064,0.918,-5.1,1.064326,0.9179441,-5.1,23.3814,0.0,4.11,1.147,0.128,0.538,11.0,0.1913653051102067
1244,1244,11_33,11_216,425.2752,8.349685,19.7322,0.0213,-1.270835E-5,7.0,7.0,2431.0,915.0,2430.946,914.6774,2430.946,914.6774,192.11061413117767,27.677632171160848,0.584,0.439,-80.58,0.01147,0.00862,-80.58,2430.946,914.6774,192.11061413117767,27.677632171160848,0.065608959612,0.22907592852,0.065608959612,0.22907592852,0.479,0.255,-87.07,0.4790678,0.2553017,-87.07,35.5883,0.0,1.64,1.331,0.249,1.0,11.0,268,268,11_4,11_26,310.8546,22.10033,20.0725,0.0772,192.0961,11.0,11.0,2431.0,915.0,2431.0444,914.6554,2431.0444,914.6554,192.1105826650774,27.6776374723145,0.998,0.753,-76.8,0.09054,0.0643,-74.94,2431.0444,914.6554,192.1105826650774,27.6776374723145,0.67335187066,0.74036085643,0.67335187066,0.74036085643,0.86,0.821,-88.43,0.8604714,0.8205497,-88.43,23.3616,0.0,3.62,1.325,0.245,0.402,11.0,0.10082936080360355
1254,1254,11_43,11_206,9492.557,39.44815,16.3604,0.0045,-2.120478E-6,9.0,9.0,2127.0,889.0,2126.7363,889.3564,2126.7363,889.3564,192.20696085199376,27.687446083111844,0.48,0.454,-80.66,0.00199,0.00189,-80.66,2126.7363,889.3564,192.20696085199376,27.687446083111844,0.10263627269,0.15526108098,0.10263627269,0.15526108098,0.394,0.32,-88.86,0.3940583,0.3203364,-88.86,34.4395,0.0,0.94,1.056,0.053,1.0,11.0,269,269,11_5,11_25,9163.581,64.92433,16.3987,0.0077,191.6892,62.0,68.0,2127.0,889.0,2126.7973,889.4291000000001,2126.7973,889.4291000000001,192.20694219886545,27.68742511197096,1.601,1.502,10.58,0.01524,0.01404,30.19,2126.7973,889.4291000000001,192.20694219886545,27.68742511197096,0.98157685874,0.8825484241,0.98157685874,0.8825484241,0.991,0.939,-3.87,0.9909753,0.9391981,-3.87,23.3137,0.0,3.09,1.066,0.062,0.98,11.0,0.09490147522576299
1257,1257,11_46,11_203,1941.056,17.83833,18.0838,0.01,-2.356838E-4,7.0,7.0,2270.0,881.0,2269.9344,881.3519,2269.9344,881.3519,192.1614059042457,27.688435860299,0.519,0.419,-80.19,0.00477,0.00385,-80.19,2269.9344,881.3519,192.1614059042457,27.688435860299,0.11653914997,0.19949052527,0.11653914997,0.19949052527,0.447,0.341,-89.0,0.4466717,0.3413416,-89.0,35.301,0.0,1.02,1.239,0.193,0.979,11.0,271,271,11_7,11_24,1756.896,39.46559,18.192,0.0244,191.7323,30.0,32.0,2270.0,881.0,2270.0252,881.3681,2270.0252,881.3681,192.16137723166537,27.68843050210108,1.369,1.229,-21.46,0.03997,0.03398,-20.01,2270.0252,881.3681,192.16137723166537,27.68843050210108,0.87309982333,0.83373212138,0.87309982333,0.83373212138,0.938,0.91,-19.82,0.9375389,0.9098642,-19.82,23.3203,0.0,3.02,1.114,0.102,0.96,11.0,0.09223383327169488
1260,1260,11_49,11_200,2603.235,20.65818,17.7651,0.0086,-4.940481E-5,8.0,8.0,2507.0,874.0,2507.2801,873.7332,2507.2801,873.7332,192.08596016818137,27.68845426078393,0.552,0.439,-55.39,0.00438,0.00348,-55.39,2507.2801,873.7332,192.08596016818137,27.68845426078393,0.1049746438,0.11664523043,0.1049746438,0.11664523043,0.351,0.313,-58.79,0.3512974,0.3133848,-58.79,30.7034,0.0,1.03,1.257,0.205,1.0,11.0,270,270,11_6,11_23,2438.115,43.44247,17.8362,0.0194,191.7364,35.0,38.0,2507.0,874.0,2507.2774,873.7752,2507.2774,873.7752,192.0859614536674,27.688442479094885,1.421,1.33,-44.86,0.03259,0.03021,-57.82,2507.2774,873.7752,192.0859614536674,27.688442479094885,0.93676467107,0.88497333882,0.93676467107,0.88497333882,0.981,0.927,-29.82,0.9808652,0.9271685,-29.82,23.3453,0.0,3.09,1.069,0.064,0.97,11.0,0.042086696235301535
1269,1269,11_58,11_191,572.9049,9.691174,19.4087,0.0184,0.0,4.0,4.0,2044.0,839.0,2044.2107,839.3705,2044.2107,839.3705,192.2326782911939,27.702217605949027,0.483,0.408,-88.95,0.00817,0.0069,-88.95,2044.2107,839.3705,192.2326782911939,27.702217605949027,0.061033988883,0.14752479842,0.061033988883,0.14752479842,0.384,0.247,-89.81,0.3840908,0.2470487,-89.81,35.3512,0.0,0.91,1.184,0.156,1.0,11.0,272,272,11_8,11_21,453.49,25.32531,19.6624,0.0606,191.657,12.0,14.0,2044.0,839.0,2044.2443,839.4494,2044.2443,839.4494,192.23266839450687,27.7021951335458,0.96,0.937,-87.99,0.06785,0.06639,87.87,2044.2443,839.4494,192.23266839450687,27.7021951335458,0.68427294442,0.66117385266,0.68427294442,0.66117385266,0.828,0.812,-15.6,0.8283882,0.8119235,-15.6,23.31,0.0,2.75,1.024,0.024,0.523,11.0,0.08575645748277368
1282,1282,11_71,11_178,614.017,10.03287,19.3334,0.0177,3.820245E-6,8.0,8.0,2341.0,781.0,2341.2105,781.3954,2341.2105,781.3954,192.13776567976868,27.715900830398084,0.573,0.516,-7.11,0.00936,0.00843,-7.11,2341.2105,781.3954,192.13776567976868,27.715900830398084,0.17141407345,0.20637285513,0.17141407345,0.20637285513,0.455,0.413,-80.13,0.4554818,0.4127024,-80.13,37.5545,0.0,1.3,1.11,0.099,1.0,11.0,273,273,11_9,11_20,498.5998,26.93616,19.5595,0.0587,191.9906,15.0,16.0,2341.0,781.0,2341.246,781.3691,2341.246,781.3691,192.13775413902124,27.715907906766585,1.098,0.963,-20.32,0.07419,0.064,-15.27,2341.246,781.3691,192.13775413902124,27.715907906766585,0.93629633981,0.88000082158,0.93629633981,0.88000082158,0.98,0.925,-28.63,0.9798986,0.9252545,-28.63,23.3321,0.0,3.78,1.14,0.123,0.415,11.0,0.044180765045395934
1288,1288,11_77,11_172,285.6805,6.843454,20.1642,0.026,1.053581E-5,11.0,11.0,2273.0,758.0,2273.2767,758.4611,2273.2767,758.4611,192.15911421164756,27.722951679873205,1.107,0.711,43.12,0.02653,0.01703,43.12,2273.2767,758.4611,192.15911421164756,27.722951679873205,0.30293559787,0.18979555677,0.30293559787,0.18979555677,0.567,0.413,-20.74,0.5673441,0.4133423,-20.74,37.2474,0.0,1.99,1.558,0.358,1.0,11.0,274,274,11_10,11_19,121.2209,14.92981,21.0949,0.1338,192.6531,5.0,5.0,2273.0,758.0,2272.784,758.3838000000001,2272.784,758.3838000000001,192.15926994801643,27.72297777731775,0.758,0.445,-18.58,0.12161,0.07036,-18.42,2272.784,758.3838000000001,192.15926994801643,27.72297777731775,0.9523156812,0.82773785811,0.9523156812,0.82773785811,0.99,0.895,-22.91,0.9896415,0.8947978,-22.91,23.3608,0.0,3.42,1.702,0.413,0.458,11.0,0.49872695936732486
1291,1291,11_80,11_169,232.5657,6.174587,20.3875,0.0288,4.687518E-6,4.0,4.0,2225.0,757.0,2224.6249,757.2622,2224.6249,757.2622,192.17455709343125,27.723719162185507,0.501,0.421,28.24,0.0133,0.01116,28.24,2224.6249,757.2622,192.17455709343125,27.723719162185507,0.18533199803,0.10425481613,0.18533199803,0.10425481613,0.432,0.32,8.2,0.4324933,0.320213,8.2,35.64,0.0,1.14,1.191,0.161,1.0,11.0,275,275,11_11,11_18,117.5671,14.75532,21.1282,0.1363,192.3904,5.0,5.0,2225.0,757.0,2224.4324,757.2013999999999,2224.4324,757.2013999999999,192.17461763757225,27.723737952932808,0.742,0.453,69.99,0.11973,0.06954,71.42,2224.4324,757.2013999999999,192.17461763757225,27.723737952932808,0.598825276,0.61972014621,0.598825276,0.61972014621,0.817,0.743,50.23,0.8166168,0.7427533,50.23,23.3576,0.0,3.41,1.639,0.39,0.387,11.0,0.20187345045814556
1296,1296,11_85,11_164,327.59,7.328252,20.0155,0.0243,-3.156804E-5,4.0,4.0,2508.0,741.0,2508.352,741.3974000000001,2508.352,741.3974000000001,192.0842697418909,27.725642959619883,0.51,0.455,-51.2,0.01141,0.01019,-51.2,2508.352,741.3974000000001,192.0842697418909,27.725642959619883,0.17881204667,0.21329746723,0.17881204667,0.21329746723,0.47,0.414,-67.4,0.4696055,0.4142224,-67.4,36.9914,0.0,1.06,1.12,0.107,1.0,11.0,277,277,11_13,11_16,189.4908,19.10058,20.6099,0.1095,192.0406,6.0,8.0,2508.0,741.0,2508.1774,741.1684,2508.1774,741.1684,192.0843228646198,27.72570890692989,0.815,0.666,-46.41,0.09712,0.07731,-45.0,2508.1774,741.1684,192.0843228646198,27.72570890692989,0.82257171031,0.85522976275,0.82257171031,0.85522976275,0.946,0.884,-53.35,0.9464139,0.8843654,-53.35,23.3098,0.0,2.35,1.223,0.182,0.427,11.0,0.2879690261121132
1297,1297,11_86,11_163,6645.521,33.00651,16.7475,0.0054,1.689928E-5,5.0,5.0,2372.0,741.0,2372.409,741.3611,2372.409,741.3611,192.1274519110333,27.72687572129113,0.529,0.455,-46.42,0.00263,0.00226,-46.42,2372.409,741.3611,192.1274519110333,27.72687572129113,0.22043304619,0.19554179975,0.22043304619,0.19554179975,0.484,0.426,-30.91,0.484089,0.4261839,-30.91,35.8192,0.0,1.13,1.161,0.139,1.0,11.0,276,276,11_12,11_17,6814.336,58.15239,16.7203,0.0093,191.6828,50.0,56.0,2372.0,741.0,2372.4895,741.4121,2372.4895,741.4121,192.1274268544169,27.726860665711857,1.548,1.464,-25.4,0.01733,0.01627,-42.05,2372.4895,741.4121,192.1274268544169,27.726860665711857,1.0111960479,0.93321564426,1.0111960479,0.93321564426,1.009,0.962,-16.15,1.009123,0.9623315,-16.15,23.3005,0.0,3.17,1.057,0.054,0.972,11.0,0.09529559276277802
1310,1310,11_99,11_150,479.8567,8.869331,19.6011,0.0201,-6.062233E-8,5.0,5.0,2468.0,709.0,2468.3564,708.5332,2468.3564,708.5332,192.09663968691748,27.7352417080308,0.565,0.459,-36.3,0.01045,0.00849,-36.3,2468.3564,708.5332,192.09663968691748,27.7352417080308,0.20341181292,0.241159765,0.20341181292,0.241159765,0.509,0.43,-60.29,0.5092884,0.4303451,-60.29,37.0953,0.0,1.19,1.231,0.188,1.0,11.0,278,278,11_14,11_15,362.5047,24.47451,19.9056,0.0733,192.0959,11.0,13.0,2468.0,709.0,2468.3498,708.5957,2468.3498,708.5957,192.09664241983415,27.735224199849995,0.998,0.869,-45.92,0.08116,0.06932,-44.99,2468.3498,708.5957,192.09664241983415,27.735224199849995,0.90603433703,0.84617833107,0.90603433703,0.84617833107,0.978,0.892,-34.17,0.9783707,0.8916297,-34.17,23.3058,0.0,3.68,1.149,0.13,0.332,11.0,0.06284751387288237
1311,1311,11_100,11_149,374.7286,7.837789,19.8696,0.0227,2.338086E-5,6.0,6.0,2305.0,705.0,2304.6103,705.1028,2304.6103,705.1028,192.14862490598597,27.737672280734657,0.656,0.396,57.07,0.01372,0.00829,57.07,2304.6103,705.1028,192.14862490598597,27.737672280734657,0.17794766655,0.14112274075,0.17794766655,0.14112274075,0.446,0.347,31.04,0.4459278,0.3467259,31.04,37.4596,0.0,1.68,1.655,0.396,1.0,11.0,279,279,11_15,11_14,267.5331,21.322,20.2354,0.0866,192.3571,10.0,10.0,2305.0,705.0,2304.5589,705.0398,2304.5589,705.0398,192.14864060267072,27.7376904466887,1.038,0.655,27.8,0.10224,0.06265,26.7,2304.5589,705.0398,192.14864060267072,27.7376904466887,0.90897440441,0.83388806192,0.90897440441,0.83388806192,1.005,0.857,37.09,1.004562,0.8565726,37.09,23.327,0.0,4.9,1.584,0.369,0.642,11.0,0.08130781020284018
1315,1315,11_104,11_145,8350.486,36.99908,16.4996,0.0048,3.08692E-5,17.0,17.0,2340.0,697.0,2340.1242,697.3941,2340.1242,697.3941,192.13726461998223,27.73952280693799,0.5,0.419,-69.98,0.00222,0.00186,-69.98,2340.1242,697.3941,192.13726461998223,27.73952280693799,0.046538169156,0.15162630555,0.046538169156,0.15162630555,0.39,0.215,-88.07,0.3895455,0.2154501,-88.07,34.6352,0.0,1.03,1.194,0.163,1.0,11.0,280,280,11_16,11_13,7891.393,61.46647,16.561,0.0085,192.1875,52.0,60.0,2340.0,697.0,2340.1697,697.4395,2340.1697,697.4395,192.13725062214095,27.73950963957935,1.576,1.481,-9.85,0.01587,0.01517,-2.3,2340.1697,697.4395,192.13725062214095,27.73950963957935,0.99661766536,0.89635659073,0.99661766536,0.89635659073,1.0,0.945,-10.01,0.9999222,0.9450555,-10.01,23.3093,0.0,3.12,1.064,0.06,0.983,11.0,0.06427604530439002
1332,1332,11_121,11_128,417.4239,8.272252,19.7524,0.0215,1.262208E-5,6.0,6.0,2215.0,667.0,2214.963,666.6655000000001,2214.963,666.6655000000001,192.17672266615156,27.74927105487513,0.613,0.46,15.22,0.01214,0.00911,15.22,2214.963,666.6655000000001,192.17672266615156,27.74927105487513,0.14862524967,0.16403734257,0.14862524967,0.16403734257,0.413,0.377,61.92,0.4125156,0.377483,61.92,35.4616,0.0,1.38,1.333,0.25,1.0,11.0,281,281,11_17,11_12,277.9115,20.21259,20.1941,0.079,192.1175,9.0,9.0,2215.0,667.0,2215.0098,666.905,2215.0098,666.905,192.1767101859664,27.74920331986935,0.786,0.772,13.93,0.07372,0.07337,-86.64,2215.0098,666.905,192.1767101859664,27.74920331986935,0.76844976331,0.63783087254,0.76844976331,0.63783087254,0.879,0.796,9.28,0.8786518,0.7963992,9.28,23.3204,0.0,3.12,1.019,0.018,0.532,11.0,0.24402969081634326
1333,1333,11_122,11_127,707.2953,10.76801,19.1799,0.0165,1.291977E-5,21.0,21.0,2195.0,663.0,2194.6968,662.9541,2194.6968,662.9541,192.183125098582,27.750493051554542,1.522,0.656,-82.77,0.02318,0.00999,-82.77,2194.6968,662.9541,192.183125098582,27.750493051554542,0.34380213266,0.73561436545,0.34380213266,0.73561436545,0.863,0.578,-81.19,0.8632845,0.5780626,-81.19,99.0,0.0,3.88,2.32,0.569,1.0,11.0,282,282,11_18,11_11,566.9633,31.33141,19.42,0.06,192.5152,21.0,22.0,2195.0,663.0,2194.8191,663.2704,2194.8191,663.2704,192.18308938976037,27.750403063726115,1.401,1.099,-87.68,0.0911,0.07211,-89.82,2194.8191,663.2704,192.18308938976037,27.750403063726115,1.731633001,2.269881963,1.731633001,2.269881963,1.508,1.314,-84.35,1.508374,1.313896,-84.35,23.3464,0.0,6.28,1.274,0.215,0.006,11.0,0.3391208928980502
1334,1334,11_123,11_126,1852.706,17.42763,18.1344,0.0102,4.090248E-5,7.0,7.0,2351.0,661.0,2350.7093,660.9737,2350.7093,660.9737,192.1335343563597,27.749665633740943,0.549,0.483,-85.77,0.00516,0.00454,-85.77,2350.7093,660.9737,192.1335343563597,27.749665633740943,0.11226614641,0.088133906387,0.11226614641,0.088133906387,0.335,0.297,-1.8,0.3350972,0.2968332,-1.8,99.0,0.0,1.11,1.137,0.12,1.0,11.0,283,283,11_19,11_10,1774.222,39.8545,18.1813,0.0244,192.0736,27.0,31.0,2351.0,661.0,2350.6817,660.9688,2350.6817,660.9688,192.1335430762116,27.749667257546065,1.307,1.283,-77.95,0.03752,0.03479,84.65,2350.6817,660.9688,192.1335430762116,27.749667257546065,0.90224068626,0.87999689268,0.90224068626,0.87999689268,0.955,0.932,-29.66,0.9554693,0.9323712,-29.66,23.2876,0.0,3.21,1.019,0.019,0.961,11.0,0.02803158932337404
1338,1338,11_127,11_122,291.0249,6.907171,20.144,0.0258,6.544532E-7,6.0,6.0,2443.0,641.0,2442.7139,640.8842999999999,2442.7139,640.8842999999999,192.10409819224645,27.75448745299789,0.621,0.433,-73.12,0.01473,0.01028,-73.12,2442.7139,640.8842999999999,192.10409819224645,27.75448745299789,0.13187224249,0.1605776043,0.13187224249,0.1605776043,0.41,0.353,-65.85,0.4096382,0.3530529,-65.85,35.1479,0.0,1.53,1.433,0.302,1.0,11.0,284,284,11_20,11_9,151.8353,16.67607,20.8504,0.1193,193.5122,6.0,6.0,2443.0,641.0,2442.5376,640.9839,2442.5376,640.9839,192.10415522136387,27.754461044689908,0.783,0.498,-88.57,0.10619,0.06538,-89.82,2442.5376,640.9839,192.10415522136387,27.754461044689908,0.6520754807,0.7784288787,0.6520754807,0.7784288787,0.885,0.804,-78.87,0.8851666,0.8043535,-78.87,23.3532,0.0,2.43,1.571,0.364,0.445,11.0,0.20248913551109635
1344,1344,11_133,11_116,305.8384,7.08078,20.0901,0.0251,5.13465E-6,8.0,8.0,2129.0,629.0,2128.5848,629.0489,2128.5848,629.0489,192.2037961008783,27.760604587375283,0.693,0.596,73.58,0.01605,0.0138,73.58,2128.5848,629.0489,192.2037961008783,27.760604587375283,0.26726197347,0.28577087801,0.26726197347,0.28577087801,0.545,0.506,58.39,0.5450257,0.5059445,58.39,35.3523,0.0,1.89,1.163,0.14,1.0,11.0,285,285,11_21,11_8,163.9738,17.62595,20.7669,0.1167,191.8265,7.0,7.0,2129.0,629.0,2128.7034,629.0338,2128.7034,629.0338,192.2037582623209,27.76060779251922,0.742,0.68,-82.46,0.09903,0.09156,-89.19,2128.7034,629.0338,192.2037582623209,27.76060779251922,1.2555498126,1.1495900767,1.2555498126,1.1495900767,1.133,1.059,24.56,1.132924,1.059067,24.56,23.3013,0.0,4.21,1.091,0.084,0.41,11.0,0.11955739207572418
1345,1345,11_134,11_115,5055.568,28.78857,17.0444,0.0062,-1.135598E-4,10.0,10.0,2069.0,626.0,2068.6921,626.4630999999999,2068.6921,626.4630999999999,192.2228035990226,27.76185494823552,0.503,0.471,-78.81,0.00286,0.00268,-78.81,2068.6921,626.4630999999999,192.2228035990226,27.76185494823552,0.13766840607,0.23882465686,0.13766840607,0.23882465686,0.489,0.371,-87.79,0.4888517,0.3708329,-87.79,38.6037,0.0,0.95,1.067,0.063,1.0,11.0,286,286,11_22,11_7,4786.482,53.47417,17.1038,0.0121,192.0732,42.0,51.0,2069.0,626.0,2068.727,626.5254,2068.727,626.5254,192.22279312280733,27.761837131655422,1.512,1.445,-9.12,0.0217,0.02119,-21.19,2068.727,626.5254,192.22279312280733,27.761837131655422,0.98224465198,0.9062152908,0.98224465198,0.9062152908,0.991,0.952,-4.97,0.9913743,0.9516497,-4.97,23.3197,0.0,3.05,1.047,0.044,0.969,11.0,0.07140938313682578
1347,1347,11_136,11_113,1761.311,16.99233,18.1893,0.0105,9.272444E-6,7.0,7.0,2149.0,613.0,2149.274,613.1247,2149.274,613.1247,192.1970633410742,27.76489926795653,0.509,0.482,42.12,0.00491,0.00465,42.12,2149.274,613.1247,192.1970633410742,27.76489926795653,0.11108591103,0.07507036191,0.11108591103,0.07507036191,0.333,0.274,2.46,0.3333957,0.2738678,2.46,35.374,0.0,1.04,1.055,0.053,1.0,11.0,287,287,11_23,11_6,1634.796,39.0233,18.2702,0.0259,192.4578,28.0,31.0,2149.0,613.0,2149.3695,613.244,2149.3695,613.244,192.19703417691144,27.76486489533615,1.344,1.268,-13.73,0.03942,0.0375,-29.44,2149.3695,613.244,192.19703417691144,27.76486489533615,0.95896889838,0.87221120369,0.95896889838,0.87221120369,0.979,0.934,-3.82,0.9794675,0.9337149,-3.82,23.3428,0.0,3.27,1.06,0.056,0.919,11.0,0.15281603319022885
1350,1350,11_139,11_110,431.3993,8.409589,19.7167,0.0212,6.427317E-6,6.0,6.0,2374.0,603.0,2373.9847,602.9092,2373.9847,602.9092,192.12555200984667,27.765778303105527,0.546,0.506,48.62,0.01065,0.00987,48.62,2373.9847,602.9092,192.12555200984667,27.765778303105527,0.089159429973,0.095942987232,0.089159429973,0.095942987232,0.31,0.298,76.52,0.3104137,0.2979023,76.52,33.9852,0.0,1.31,1.079,0.073,1.0,11.0,288,288,11_24,11_5,283.918,21.75213,20.1709,0.0832,193.2374,9.0,10.0,2374.0,603.0,2374.1267,602.9590000000001,2374.1267,602.9590000000001,192.12550738986872,27.765763034352457,0.909,0.756,-1.06,0.08355,0.06625,0.37,2374.1267,602.9590000000001,192.12550738986872,27.765763034352457,0.86459452647,0.77729303044,0.86459452647,0.77729303044,0.931,0.881,-7.17,0.9305903,0.8808458,-7.17,23.3326,0.0,3.14,1.202,0.168,0.569,11.0,0.15047936735629533
1362,1362,11_151,11_99,411.2216,8.210566,19.7687,0.0217,3.378757E-7,9.0,9.0,2107.0,585.0,2107.0386,585.2153,2107.0386,585.2153,192.21020920211217,27.77311450853013,1.113,0.54,56.34,0.02223,0.01079,56.34,2107.0386,585.2153,192.21020920211217,27.77311450853013,0.40782115132,0.38855233251,0.40782115132,0.38855233251,0.737,0.503,43.09,0.7369794,0.5032244,43.09,37.0049,0.0,3.49,2.061,0.515,1.0,11.0,289,289,11_25,11_4,210.1224,19.9538,20.4977,0.1031,192.9728,7.0,9.0,2107.0,585.0,2106.7259,585.0926,2106.7259,585.0926,192.21030736927568,27.773151734124475,0.946,0.682,24.22,0.10272,0.07393,20.37,2106.7259,585.0926,192.21030736927568,27.773151734124475,1.3150067844,1.3108030475,1.3150067844,1.3108030475,1.204,1.085,44.56,1.203549,1.085025,44.56,23.3828,0.0,4.77,1.388,0.28,0.5,11.0,0.33591156574308484
1375,1375,11_164,11_246,340.9044,7.475694,19.9723,0.0238,-7.592962E-6,9.0,9.0,2147.0,1006.0,2147.2766,1005.9572,2147.2766,1005.9572,192.2015924016532,27.65448680283888,0.845,0.489,-30.32,0.01852,0.01073,-30.32,2147.2766,1005.9572,192.2015924016532,27.65448680283888,0.30994329708,0.18582581591,0.30994329708,0.18582581591,0.578,0.402,-22.01,0.5780855,0.401978,-22.01,32.1094,0.0,1.78,1.727,0.421,1.0,11.0,291,291,11_27,11_28,228.0677,21.25348,20.4087,0.1012,192.0441,10.0,10.0,2147.0,1006.0,2147.4748,1005.9989,2147.4748,1005.9989,192.20152988922163,27.654473344229974,1.057,0.657,-26.95,0.11504,0.07052,-26.57,2147.4748,1005.9989,192.20152988922163,27.654473344229974,1.2978344484,0.98378606279,1.2978344484,0.98378606279,1.172,0.953,-23.69,1.171622,0.9533738,-23.69,23.3135,16.0,4.13,1.609,0.379,0.028,11.0,0.20253920608103393
1390,1390,11_179,11_74,265.4249,6.596384,20.244,0.027,0.0,7.0,7.0,2076.0,570.0,2076.4939,569.2517,2076.4939,569.2517,192.2197592662033,27.777868607889676,0.89,0.487,-81.4,0.02213,0.01211,-81.4,2076.4939,569.2517,192.2197592662033,27.777868607889676,0.24895245235,0.43550597838,0.24895245235,0.43550597838,0.665,0.493,-79.7,0.6647413,0.4925215,-79.7,36.8843,0.0,2.95,1.827,0.453,1.0,11.0,290,290,11_26,11_3,101.2337,14.7794,21.2906,0.1585,192.714,5.0,5.0,2077.0,569.0,2076.5928,569.2176,2076.5928,569.2176,192.2197274954109,27.777877329906303,0.762,0.45,-71.28,0.13223,0.07643,-71.54,2076.5928,569.2176,192.2197274954109,27.777877329906303,1.077567385,1.3134867635,1.077567385,1.3134867635,1.156,1.027,-73.17,1.156397,1.026548,-73.17,23.3639,0.0,3.44,1.694,0.41,0.36,11.0,0.10461367023480792
1454,1454,11_243,11_16,124712.6,142.9849,13.5641,0.0012,12.1119,4.0,4.0,2430.0,522.0,2430.0637,522.1094,2430.0637,522.1094,192.10691034868157,27.78798523702458,0.429,0.374,74.9,4.9E-4,4.3E-4,74.9,2430.0637,522.1094,192.10691034868157,27.78798523702458,0.086269636238,0.089368194575,0.086269636238,0.089368194575,0.299,0.294,89.43,0.2989456,0.2937164,89.43,99.0,4.0,0.0,1.145,0.127,1.0,11.0,292,292,11_28,11_2,112445.1,139.8471,13.6765,0.0014,206.014,22.0,22.0,2430.0,522.0,2430.3368,522.0785,2430.3368,522.0785,192.1068232339717,27.78799146411733,0.874,0.803,-59.19,0.00117,0.00105,-63.44,2430.3368,522.0785,192.1068232339717,27.78799146411733,0.23856125797,0.11418720219,0.23856125797,0.11418720219,0.488,0.338,0.93,0.488461,0.3378673,0.93,24.1589,7.0,0.0,1.088,0.081,0.998,11.0,0.2748425367368432
1471,1471,12_3,12_772,17718.36,53.8948,15.6828,0.0033,-9.024207E-4,4.0,4.0,2606.0,1008.0,2606.4487,1008.3216,2606.4487,1008.3216,192.055853108154,27.64972241923572,0.5,0.464,-15.8,0.00152,0.00141,-15.8,2606.4487,1008.3216,192.055853108154,27.64972241923572,0.23800211527,0.14954092506,0.23800211527,0.14954092506,0.488,0.386,-3.78,0.4882523,0.386203,-3.78,99.0,0.0,0.96,1.077,0.071,1.0,12.0,294,294,12_2,12_28,17183.36,77.67133,15.7161,0.0049,191.7676,70.0,80.0,2606.0,1008.0,2606.513,1008.3872,2606.513,1008.3872,192.0558333715708,27.6497033939738,1.615,1.567,5.18,0.00991,0.0096,50.5,2606.513,1008.3872,192.0558333715708,27.6497033939738,0.9896203823,0.91563250256,0.9896203823,0.91563250256,0.995,0.957,-5.34,0.9951245,0.9565459,-5.34,23.3308,24.0,3.03,1.03,0.03,0.982,12.0,0.09185777049331585
1495,1495,12_27,12_748,3605.625,24.31226,17.4114,0.0073,-7.430937E-4,4.0,4.0,2641.0,992.0,2641.1802,992.2493,2641.1802,992.2493,192.04466355702587,27.65392387404843,0.433,0.384,88.95,0.00293,0.00261,88.15,2641.1802,992.2493,192.04466355702587,27.65392387404843,0.11519590895,0.13366042642,0.11519590895,0.13366042642,0.366,0.339,89.87,0.3655961,0.3394051,89.87,99.0,0.0,0.88,1.126,0.112,1.0,12.0,295,295,12_3,12_27,3403.429,48.3294,17.4741,0.0154,191.8598,40.0,45.0,2641.0,992.0,2641.2518,992.2652,2641.2518,992.2652,192.04464099322828,27.653918751262907,1.486,1.397,-10.53,0.02749,0.02538,-19.46,2641.2518,992.2652,192.04464099322828,27.653918751262907,0.96159506443,0.88780103253,0.96159506443,0.88780103253,0.981,0.942,-2.38,0.9806746,0.9421642,-2.38,23.3405,0.0,3.02,1.064,0.06,0.978,12.0,0.07334418859074164
1498,1498,12_30,12_745,2227.82,19.11063,17.9342,0.0093,-6.7079E-6,5.0,5.0,2840.0,989.0,2839.6834,989.272,2839.6834,989.272,191.98162559538895,27.65293529326741,0.475,0.445,-6.75,0.00414,0.00386,-2.01,2839.6834,989.272,191.98162559538895,27.65293529326741,0.12661028281,0.095916247174,0.12661028281,0.095916247174,0.356,0.31,-3.27,0.3559646,0.3095412,-3.27,99.0,0.0,0.89,1.068,0.063,1.0,12.0,296,296,12_4,12_26,2042.703,41.12271,18.0284,0.0219,192.6937,33.0,35.0,2840.0,989.0,2839.7345,989.3947,2839.7345,989.3947,191.98161065909423,27.652900330805245,1.453,1.252,7.11,0.03723,0.03167,9.1,2839.7345,989.3947,191.98161065909423,27.652900330805245,0.98925068024,0.82766995223,0.98925068024,0.82766995223,0.995,0.91,-0.6,0.9946197,0.909754,-0.6,23.3726,0.0,3.16,1.161,0.139,0.95,12.0,0.13291538661866012
1508,1508,12_40,12_735,382.6672,7.920374,19.8468,0.0225,-6.546216E-4,7.0,7.0,2643.0,983.0,2642.958,983.0741,2642.958,983.0741,192.04400480802377,27.656486773794636,0.782,0.461,-54.18,0.0174,0.01026,-52.94,2642.958,983.0741,192.04400480802377,27.656486773794636,0.16242191276,0.25104351397,0.16242191276,0.25104351397,0.525,0.371,-64.9,0.5253171,0.3708199,-64.9,99.0,0.0,1.77,1.696,0.41,1.0,12.0,297,297,12_5,12_25,209.0405,18.73801,20.5033,0.0973,191.6227,8.0,8.0,2643.0,983.0,2643.0906,983.1169,2643.0906,983.1169,192.04396315744216,27.65647353264785,0.85,0.664,-44.93,0.09561,0.07557,-44.89,2643.0906,983.1169,192.04396315744216,27.65647353264785,1.0820384747,1.0742394115,1.0820384747,1.0742394115,1.089,0.985,-43.97,1.089376,0.9846508,-43.97,23.3201,0.0,4.46,1.281,0.219,0.263,12.0,0.1393362838602048
1519,1519,12_51,12_724,16113.54,51.39614,15.7859,0.0035,-0.002271594,4.0,4.0,2662.0,972.0,2661.8588,972.4182,2661.8588,972.4182,192.03789531078465,27.65930946514541,0.495,0.346,-83.03,0.00158,0.0011,-83.0,2661.8588,972.4182,192.03789531078465,27.65930946514541,0.1027825228,0.20165391383,0.1027825228,0.20165391383,0.449,0.321,-89.2,0.4490802,0.3205673,-89.2,33.238,0.0,0.83,1.433,0.302,1.0,12.0,298,298,12_6,12_24,15708.27,74.91269,15.8135,0.0052,191.5751,70.0,77.0,2662.0,972.0,2661.9048,972.4736,2661.9048,972.4736,192.03788127989947,27.65929347200342,1.602,1.568,-10.52,0.01056,0.00995,-82.56,2661.9048,972.4736,192.03788127989947,27.65929347200342,0.97760778232,0.89146220853,0.97760778232,0.89146220853,0.99,0.943,-8.48,0.9897308,0.9431346,-8.48,23.3142,0.0,3.06,1.022,0.022,0.982,12.0,0.07200805510491257
1564,1564,12_96,12_679,590.8277,9.841596,19.3752,0.0181,-1.753805E-4,4.0,4.0,2699.0,948.0,2699.0576,947.8985,2699.0576,947.8985,192.02583360281469,27.66586120189689,0.347,0.3,11.32,0.00626,0.00524,8.58,2699.0576,947.8985,192.02583360281469,27.66586120189689,0.093020939917,0.09087855413,0.093020939917,0.09087855413,0.305,0.301,0.89,0.3049942,0.3014598,0.89,99.0,0.0,1.81,1.157,0.135,1.0,12.0,300,300,12_8,12_22,450.4964,25.0742,19.6696,0.0604,192.4978,14.0,14.0,2699.0,948.0,2699.0331,947.8722,2699.0331,947.8722,192.0258411083527,27.66586881923053,1.132,0.813,-18.21,0.08314,0.05567,-18.85,2699.0331,947.8722,192.0258411083527,27.66586881923053,0.81074907411,0.70049894495,0.81074907411,0.70049894495,0.906,0.83,-16.71,0.9064585,0.8304101,-16.71,23.3606,0.0,3.02,1.393,0.282,0.49,12.0,0.03594356687919334
1573,1573,12_105,12_670,119783.9,140.131,13.6079,0.0013,-1.223987E-4,4.0,4.0,2957.0,943.0,2956.695,943.2819,2956.695,943.2819,191.9440012721136,27.664772735099024,0.483,0.425,-39.76,5.7E-4,5.0E-4,-39.77,2956.695,943.2819,191.9440012721136,27.664772735099024,0.10548388836,0.093100773214,0.10548388836,0.093100773214,0.329,0.3,-23.64,0.329268,0.3002786,-23.64,36.4024,4.0,1.35,1.136,0.12,1.0,12.0,299,299,12_7,12_23,119880.5,161.3251,13.607,0.0015,193.5585,143.0,157.0,2957.0,943.0,2956.7475,943.3468,2956.7475,943.3468,191.9439852925524,27.66475400258641,1.739,1.697,-9.27,0.00315,0.00305,-31.05,2956.7475,943.3468,191.9439852925524,27.66475400258641,1.0242742542,0.9411350236,1.0242742542,0.9411350236,1.014,0.969,-10.59,1.013552,0.9685667,-10.59,23.3436,0.0,3.1,1.024,0.024,0.992,12.0,0.08347610436518597
1709,1709,12_241,12_534,519.5548,9.228918,19.5148,0.0193,1.579159E-6,3.0,3.0,2627.0,853.0,2627.2376,853.2294999999999,2627.2376,853.2294999999999,192.0476592220012,27.693128553491142,0.483,0.353,-43.87,0.0088,0.00638,-43.95,2627.2376,853.2294999999999,192.0476592220012,27.693128553491142,0.16623577232,0.16258957407,0.16623577232,0.16258957407,0.415,0.395,-38.52,0.4153759,0.3953331,-38.52,99.0,0.0,1.15,1.37,0.27,0.998,12.0,301,301,12_9,12_21,348.8133,23.27792,19.9474,0.0725,192.8256,10.0,12.0,2627.0,853.0,2627.2574,853.3054,2627.2574,853.3054,192.04765371608212,27.69310703829677,0.945,0.862,77.68,0.07855,0.06871,70.69,2627.2574,853.3054,192.04765371608212,27.69310703829677,0.73030927416,0.7166321095,0.73030927416,0.7166321095,0.876,0.824,-40.52,0.8760243,0.8243318,-40.52,23.3622,0.0,3.15,1.097,0.088,0.548,12.0,0.07844010453848459
1723,1723,12_255,12_520,378115.8,248.9703,12.3598,7.0E-4,-0.002685854,5.0,5.0,2974.0,845.0,2973.7653,845.1609000000001,2973.7653,845.1609000000001,191.9375443785094,27.692191490081,0.439,0.373,29.84,2.9E-4,2.5E-4,29.85,2973.7653,845.1609000000001,191.9375443785094,27.692191490081,0.13673979157,0.12033641754,0.13673979157,0.12033641754,0.37,0.347,4.93,0.3699497,0.346718,4.93,32.7579,4.0,0.0,1.179,0.152,1.0,12.0,302,302,12_10,12_20,382469.8,269.465,12.3474,8.0E-4,195.4073,223.0,241.0,2974.0,845.0,2973.8094,845.222,2973.8094,845.222,191.93753102327767,27.692173903909357,1.778,1.744,-6.44,0.00163,0.0016,-17.9,2973.8094,845.222,191.93753102327767,27.692173903909357,1.0100344467,0.93587489838,1.0100344467,0.93587489838,1.006,0.967,-8.41,1.005828,0.9665502,-8.41,23.3384,0.0,3.11,1.019,0.019,0.995,12.0,0.07535263764456865
1727,1727,12_259,12_516,8895.371,38.18714,16.431,0.0047,2.409157E-6,5.0,5.0,2634.0,845.0,2633.898,844.9141,2633.898,844.9141,192.04545864483885,27.695405115332196,0.315,0.285,-41.31,0.00137,0.00123,-43.16,2633.898,844.9141,192.04545864483885,27.695405115332196,0.090624219567,0.090319743942,0.090624219567,0.090319743942,0.301,0.301,-8.35,0.3010497,0.3005213,-8.35,99.0,0.0,0.0,1.105,0.095,1.0,12.0,303,303,12_11,12_19,8719.973,63.37015,16.4526,0.0079,192.4298,58.0,64.0,2634.0,845.0,2633.9277,844.9643,2633.9277,844.9643,192.04544973087692,27.69539073365687,1.573,1.507,-17.73,0.01515,0.01468,-23.3,2633.9277,844.9643,192.04544973087692,27.69539073365687,0.95063917443,0.87874240472,0.95063917443,0.87874240472,0.977,0.935,-12.79,0.9770088,0.9353263,-12.79,23.3306,0.0,3.05,1.043,0.042,0.982,12.0,0.05832778068814774
1793,1793,12_325,12_450,1205.852,14.0599,18.6006,0.0127,-2.711183E-6,24.0,24.0,2576.0,800.0,2577.1865,800.8498,2577.1865,800.8498,192.06301528680487,27.7083076292889,1.692,0.955,60.31,0.02114,0.01206,60.96,2577.1865,800.8498,192.06301528680487,27.7083076292889,0.81107847091,1.1236768059,0.81107847091,1.1236768059,1.116,0.83,62.1,1.116017,0.830218,62.1,99.0,0.0,6.77,1.771,0.435,1.0,12.0,304,304,12_12,12_18,1056.61,39.68585,18.7441,0.0408,192.2109,32.0,35.0,2577.0,801.0,2577.2842,800.8438,2577.2842,800.8438,192.0629841970091,27.70830842762391,1.773,1.315,58.52,0.07773,0.05728,58.68,2577.2842,800.8438,192.0629841970091,27.70830842762391,1.9796711899,2.2511893954,1.9796711899,2.2511893954,1.545,1.358,59.95,1.545256,1.357588,59.95,23.3414,0.0,6.75,1.348,0.258,0.0,12.0,0.09788406407608072
1808,1808,12_340,12_435,922.3259,12.29638,18.8917,0.0145,0.003502062,4.0,4.0,2567.0,790.0,2566.5787,790.5441000000001,2566.5787,790.5441000000001,192.0662785500304,27.711300810057946,0.578,0.398,-45.69,0.00778,0.00541,-45.67,2566.5787,790.5441000000001,192.0662785500304,27.711300810057946,0.22801858393,0.24866123419,0.22801858393,0.24866123419,0.566,0.396,-48.63,0.5657795,0.3956935,-48.63,99.0,0.0,2.79,1.453,0.312,1.0,12.0,305,305,12_13,12_17,750.3049,29.72035,19.1158,0.043,191.9304,18.0,19.0,2567.0,791.0,2566.615,790.5419999999999,2566.615,790.5419999999999,192.06626699974456,27.71130107059785,1.227,0.975,-9.51,0.06248,0.04614,-4.65,2566.615,790.5419999999999,192.06626699974456,27.71130107059785,0.99790950512,0.86658162023,0.99790950512,0.86658162023,1.015,0.913,-23.98,1.015041,0.9133364,-23.98,23.3282,0.0,3.44,1.258,0.205,0.725,12.0,0.03636069306246654
1899,1899,12_431,12_344,671.0668,10.48861,19.237,0.017,-2.273605E-4,5.0,5.0,2616.0,730.0,2616.2533,729.7197,2616.2533,729.7197,192.0498759388623,27.727945139880426,0.609,0.385,-64.64,0.00986,0.00623,-65.18,2616.2533,729.7197,192.0498759388623,27.727945139880426,0.067464294737,0.13436191964,0.067464294737,0.13436191964,0.373,0.251,-76.02,0.3725335,0.2510877,-76.02,35.391,0.0,1.21,1.582,0.368,1.0,12.0,306,306,12_14,12_16,485.422,26.10337,19.5886,0.0584,193.0214,14.0,15.0,2616.0,730.0,2616.4005,729.6906,2616.4005,729.6906,192.04982888226215,27.727951976093838,1.148,0.859,-55.72,0.07622,0.05376,-57.81,2616.4005,729.6906,192.04982888226215,27.727951976093838,0.7474064932,0.78093222083,0.7474064932,0.78093222083,0.908,0.839,-53.11,0.9078361,0.8391497,-53.11,23.3608,0.0,3.15,1.337,0.252,0.602,12.0,0.1500488253872657
1916,1916,12_448,12_327,583.2055,9.777906,19.3893,0.0182,1.310908E-5,13.0,13.0,2582.0,712.0,2581.738,712.0849000000001,2581.738,712.0849000000001,192.0606583486368,27.73321636665244,0.911,0.646,-89.55,0.01688,0.01244,87.68,2581.738,712.0849000000001,192.0606583486368,27.73321636665244,0.30416675209,0.47811529048,0.30416675209,0.47811529048,0.691,0.551,-89.24,0.6914809,0.5514855,-89.24,99.0,0.0,2.55,1.41,0.291,1.0,12.0,308,308,12_16,12_14,469.7643,28.36975,19.6242,0.0656,192.4612,16.0,18.0,2582.0,712.0,2581.7303,712.13,2581.7303,712.13,192.0606612579552,27.7332037601886,1.172,1.064,66.48,0.08561,0.07542,64.71,2581.7303,712.13,192.0606612579552,27.7332037601886,1.3729923136,1.4375956191,1.3729923136,1.4375956191,1.199,1.171,83.26,1.199379,1.171357,83.26,23.3294,0.0,5.3,1.101,0.092,0.023,12.0,0.045752595554665404
1923,1923,12_455,12_320,5110.284,28.94394,17.0328,0.0062,-4.239117E-4,4.0,4.0,2591.0,710.0,2591.4899,710.3681,2591.4899,710.3681,192.0575429129219,27.733610139509505,0.5,0.482,-1.61,0.00284,0.00274,-1.59,2591.4899,710.3681,192.0575429129219,27.733610139509505,0.24947601034,0.18572016114,0.24947601034,0.18572016114,0.499,0.431,-0.35,0.4994781,0.4309499,-0.35,34.7292,0.0,0.95,1.037,0.035,1.0,12.0,307,307,12_15,12_15,4815.673,54.10063,17.0972,0.0122,192.7985,46.0,53.0,2592.0,710.0,2591.5203,710.4284,2591.5203,710.4284,192.05753387604352,27.7335929138062,1.519,1.48,15.28,0.0222,0.02137,34.62,2591.5203,710.4284,192.05753387604352,27.7335929138062,0.97026531011,0.92970068885,0.97026531011,0.92970068885,0.985,0.964,-6.14,0.9852616,0.9639635,-6.14,23.3487,0.0,3.05,1.026,0.025,0.969,12.0,0.06752962312943935
1943,1943,12_475,12_300,2730.304,21.15634,17.7133,0.0084,2.071711E-7,4.0,4.0,2864.0,689.0,2863.9013,689.0812,2863.9013,689.0812,191.9707881927342,27.73708502588953,0.308,0.279,35.9,0.00242,0.00221,40.42,2863.9013,689.0812,191.9707881927342,27.73708502588953,0.090279909037,0.089743972107,0.090279909037,0.089743972107,0.3,0.3,4.22,0.300471,0.2995681,4.22,99.0,0.0,1.62,1.103,0.093,1.0,12.0,309,309,12_17,12_13,2533.279,43.5876,17.7947,0.0187,195.1085,31.0,37.0,2864.0,689.0,2863.9484,689.1324,2863.9484,689.1324,191.97077376967133,27.73707019760862,1.402,1.304,9.25,0.0305,0.02846,9.57,2863.9484,689.1324,191.97077376967133,27.73707019760862,0.90355442605,0.8294745469,0.90355442605,0.8294745469,0.951,0.91,6.34,0.9510411,0.9102471,6.34,23.3364,0.0,3.05,1.075,0.069,0.976,12.0,0.06956903046629927
1964,1964,12_496,12_279,332.3517,7.38132,19.9999,0.0241,-0.003180193,4.0,4.0,2606.0,670.0,2606.2997,670.3143,2606.2997,670.3143,192.05242600634227,27.74473318390869,0.468,0.455,-59.34,0.01082,0.01066,-68.54,2606.2997,670.3143,192.05242600634227,27.74473318390869,0.12375391853,0.13310144975,0.12375391853,0.13310144975,0.365,0.351,-79.23,0.3653113,0.3512877,-79.23,32.5688,0.0,0.96,1.028,0.027,0.988,12.0,310,310,12_18,12_12,159.7751,15.12219,20.7951,0.1028,192.9826,5.0,5.0,2606.0,670.0,2606.278,670.4127,2606.278,670.4127,192.05243391374452,27.744705724575727,0.727,0.459,18.37,0.09807,0.0568,18.3,2606.278,670.4127,192.05243391374452,27.744705724575727,0.6106012272,0.50276645043,0.6106012272,0.50276645043,0.787,0.703,14.9,0.7866508,0.7032412,14.9,23.3341,0.0,3.4,1.584,0.369,0.484,12.0,0.10076432900587547
1965,1965,12_497,12_278,1263.579,14.3925,18.5499,0.0124,-1.756167E-5,6.0,6.0,2733.0,667.0,2732.7279,667.0499,2732.7279,667.0499,192.0122274736159,27.744491706484418,0.455,0.393,23.89,0.00531,0.00471,29.04,2732.7279,667.0499,192.0122274736159,27.744491706484418,0.11668338607,0.098670057002,0.11668338607,0.098670057002,0.342,0.314,1.02,0.3415978,0.3141089,1.02,99.0,0.0,0.87,1.157,0.136,1.0,12.0,311,311,12_19,12_11,1157.613,35.04718,18.645,0.0329,193.0231,22.0,26.0,2733.0,667.0,2732.6264,667.0309,2732.6264,667.0309,192.0122595208045,27.744497981781432,1.294,1.157,1.95,0.05086,0.04285,0.42,2732.6264,667.0309,192.0122595208045,27.744497981781432,0.90887073438,0.87754848317,0.90887073438,0.87754848317,0.955,0.935,18.57,0.9554356,0.9346454,18.57,23.2792,0.0,3.35,1.119,0.106,0.814,12.0,0.10326301370748127
2008,2008,12_540,12_235,6335.182,32.22661,16.7995,0.0055,-1.321532E-4,4.0,4.0,2878.0,642.0,2877.4703,642.3888,2877.4703,642.3888,191.9659861270457,27.750081622469235,0.524,0.461,-39.64,0.00267,0.00235,-39.66,2877.4703,642.3888,191.9659861270457,27.750081622469235,0.2486738037,0.20420943871,0.2486738037,0.20420943871,0.51,0.439,-24.64,0.5104184,0.4385845,-24.64,35.9453,0.0,1.04,1.136,0.12,1.0,12.0,312,312,12_20,12_10,5962.402,58.1671,16.8653,0.0106,198.0456,52.0,59.0,2877.0,642.0,2877.5597,642.4181,2877.5597,642.4181,191.9659580338356,27.75007255468611,1.602,1.485,-0.05,0.02019,0.01856,10.38,2877.5597,642.4181,191.9659580338356,27.75007255468611,1.0173232289,0.91188869791,1.0173232289,0.91188869791,1.01,0.954,-7.44,1.009531,0.9539706,-7.44,23.4946,0.0,3.13,1.079,0.073,0.922,12.0,0.09407895620155272
2019,2019,12_551,12_224,159700.0,161.8033,13.2956,0.0011,2.384542E-4,6.0,6.0,2894.0,635.0,2894.1137,634.9425,2894.1137,634.9425,191.96062003457655,27.752019186594755,0.333,0.316,75.28,3.4E-4,3.2E-4,75.34,2894.1137,634.9425,191.96062003457655,27.752019186594755,0.091564977714,0.091975972856,0.091564977714,0.091975972856,0.303,0.303,87.32,0.3032769,0.3025956,87.32,99.0,4.0,0.0,1.054,0.051,1.0,12.0,313,313,12_21,12_9,161605.4,184.2116,13.2827,0.0012,197.5327,168.0,181.0,2894.0,635.0,2894.1795,634.9947999999999,2894.1795,634.9947999999999,191.96059968178216,27.752003873930924,1.766,1.726,6.87,0.0027,0.00264,31.05,2894.1795,634.9947999999999,191.96059968178216,27.752003873930924,1.00421081,0.92201630269,1.00421081,0.92201630269,1.002,0.96,-5.38,1.002471,0.9598331,-5.38,23.4353,0.0,3.1,1.023,0.023,0.987,12.0,0.08405313795471832
2049,2049,12_581,12_194,9341.107,39.1322,16.3779,0.0045,-2.645485E-5,6.0,6.0,2755.0,625.0,2755.3926,624.9916000000001,2755.3926,624.9916000000001,192.0045886159219,27.75610347373116,0.489,0.278,-2.55,0.00205,0.00118,-2.57,2755.3926,624.9916000000001,192.0045886159219,27.75610347373116,0.18397755173,0.093430636492,0.18397755173,0.093430636492,0.429,0.306,-0.25,0.4289281,0.3056614,-0.25,99.0,0.0,0.94,1.758,0.431,1.0,12.0,315,315,12_23,12_7,8877.705,63.14509,16.4331,0.0077,196.1574,55.0,62.0,2755.0,625.0,2755.4348,625.0475,2755.4348,625.0475,192.00457579142116,27.756087373196035,1.553,1.513,-4.87,0.01437,0.014,70.66,2755.4348,625.0475,192.00457579142116,27.756087373196035,0.95621046765,0.88893018357,0.95621046765,0.88893018357,0.979,0.942,-9.24,0.9787946,0.9418608,-9.24,23.43,0.0,3.02,1.026,0.025,0.984,12.0,0.07004034551587586
2062,2062,12_594,12_181,727262.6,345.2874,11.6496,5.0E-4,-0.02132772,6.0,6.0,2876.0,621.0,2876.4242,621.0587,2876.4242,621.0587,191.9660936981545,27.756086122169883,0.497,0.413,-11.18,2.4E-4,2.0E-4,-11.18,2876.4242,621.0587,191.9660936981545,27.756086122169883,0.1933172656,0.040455278131,0.1933172656,0.040455278131,0.44,0.201,-1.05,0.4397371,0.201007,-1.05,30.5064,4.0,0.0,1.204,0.17,1.0,12.0,314,314,12_22,12_8,738842.6,368.1787,11.6325,5.0E-4,197.2157,323.0,350.0,2876.0,621.0,2876.4998,621.1169,2876.4998,621.1169,191.9660702923817,27.7560690607948,1.838,1.791,2.53,0.00123,0.00119,1.74,2876.4998,621.1169,191.9660702923817,27.7560690607948,1.0425121324,0.96236527452,1.0425121324,0.96236527452,1.022,0.98,-7.16,1.021664,0.9803473,-7.16,23.4134,4.0,3.22,1.026,0.026,1.0,12.0,0.09540754687136543
2092,2092,12_624,12_151,676181.3,332.9405,11.7287,5.0E-4,-0.001019293,4.0,4.0,2740.0,609.0,2740.3482,608.5046,2740.3482,608.5046,192.00919668864816,27.76087602719744,0.506,0.47,-65.81,2.5E-4,2.3E-4,-65.81,2740.3482,608.5046,192.00919668864816,27.76087602719744,0.16299714566,0.24892208232,0.16299714566,0.24892208232,0.5,0.402,-83.9,0.4999155,0.4024969,-83.9,33.8464,4.0,0.0,1.075,0.07,1.0,12.0,316,316,12_24,12_6,695242.9,359.9359,11.6985,6.0E-4,195.5599,358.0,378.0,2740.0,609.0,2740.5803,608.5889,2740.5803,608.5889,192.00912382129448,27.760850193820133,2.33,1.776,10.24,0.00172,0.0012,9.84,2740.5803,608.5889,192.00912382129448,27.760850193820133,1.0581960643,0.96814943688,1.0581960643,0.96814943688,1.03,0.983,-8.81,1.029764,0.9828178,-8.81,23.378,0.0,3.31,1.312,0.238,1.0,12.0,0.2469350116935179
2132,2132,12_664,12_111,420.2543,8.300249,19.7451,0.0214,7.545445E-6,4.0,4.0,2830.0,594.0,2829.6563,594.4415,2829.6563,594.4415,191.98067308027075,27.764001868310388,0.561,0.397,-48.85,0.01135,0.00821,-48.61,2829.6563,594.4415,191.98067308027075,27.764001868310388,0.13507096308,0.19472948467,0.13507096308,0.19472948467,0.466,0.335,-62.34,0.466169,0.3353907,-62.34,99.0,0.0,1.01,1.412,0.292,0.999,12.0,317,317,12_25,12_5,307.7524,23.47596,20.0834,0.0828,195.5112,10.0,12.0,2830.0,594.0,2829.7347,594.4038,2829.7347,594.4038,191.98064777349,27.764011735535323,1.035,0.79,-57.57,0.09765,0.07454,-57.91,2829.7347,594.4038,191.98064777349,27.764011735535323,0.76996344158,0.8393636306,0.76996344158,0.8393636306,0.951,0.84,-55.2,0.9509013,0.8397106,-55.2,23.299,0.0,3.91,1.31,0.237,0.607,12.0,0.08699339055341039
2162,2162,12_694,12_81,371.1483,7.800255,19.88,0.0228,2.025889E-6,4.0,4.0,2583.0,578.0,2582.714,577.6958999999999,2582.714,577.6958999999999,192.05896635597347,27.770979922166067,0.467,0.445,55.68,0.01029,0.00973,52.9,2582.714,577.6958999999999,192.05896635597347,27.770979922166067,0.10312562819,0.11336862937,0.10312562819,0.11336862937,0.338,0.32,76.2,0.3376777,0.3201063,76.2,99.0,0.0,0.87,1.05,0.048,0.999,12.0,319,319,12_27,12_3,218.8013,19.18287,20.4537,0.0952,192.4451,6.0,8.0,2583.0,578.0,2582.754,577.7102,2582.754,577.7102,192.05895379224276,27.77097553864113,0.905,0.633,-5.64,0.10177,0.06893,-6.96,2582.754,577.7102,192.05895379224276,27.77097553864113,0.8194442404,0.64462377506,0.8194442404,0.64462377506,0.906,0.802,5.51,0.9061379,0.8018617,5.51,23.2809,0.0,3.48,1.429,0.3,0.537,12.0,0.04247928907124592
2172,2172,12_704,12_71,2516.019,20.30916,17.8021,0.0088,-7.578925E-6,17.0,17.0,2687.0,568.0,2687.137,567.5954,2687.137,567.5954,192.02567915062372,27.77286343836772,0.506,0.375,-74.05,0.00441,0.00373,-74.67,2687.137,567.5954,192.02567915062372,27.77286343836772,0.10943225434,0.20630504462,0.10943225434,0.20630504462,0.454,0.331,-87.96,0.4543438,0.3306191,-87.96,99.0,0.0,0.78,1.352,0.26,1.0,12.0,320,320,12_28,12_2,2362.147,43.84629,17.8706,0.0202,193.2276,32.0,37.0,2687.0,568.0,2687.1354,567.564,2687.1354,567.564,192.02567933302743,27.772872278068355,1.428,1.31,5.21,0.03396,0.02992,9.34,2687.1354,567.564,192.02567933302743,27.772872278068355,0.99279105856,0.9149309801,0.99279105856,0.9149309801,1.0,0.953,-15.48,0.9996288,0.9531339,-15.48,23.2549,0.0,3.22,1.089,0.082,0.964,12.0,0.03144073790490524
2199,2199,12_731,12_44,338.9435,7.45416,19.9785,0.0239,-2.059405E-4,3.0,3.0,2602.0,549.0,2601.4804,548.9128,2601.4804,548.9128,192.05270614910197,27.778898504175352,0.509,0.264,13.12,0.01156,0.00627,15.35,2601.4804,548.9128,192.05270614910197,27.778898504175352,0.27302009565,0.08941017451,0.27302009565,0.08941017451,0.523,0.299,1.42,0.5226215,0.2988261,1.42,35.5616,0.0,2.09,1.927,0.481,0.815,12.0,293,293,12_1,12_1,205.6396,19.14294,20.5211,0.1011,192.8201,8.0,8.0,2602.0,549.0,2601.396,548.7452,2601.396,548.7452,192.05273124266583,27.77894637898099,0.971,0.585,18.22,0.11561,0.06757,19.24,2601.396,548.7452,192.05273124266583,27.77894637898099,0.91635364077,0.61645231741,0.91635364077,0.61645231741,0.96,0.782,7.62,0.9601111,0.7816602,7.62,23.2862,0.0,2.84,1.659,0.397,0.369,12.0,0.18765159205280538
2253,2253,13_12,13_743,1688.925,16.6395,18.2348,0.0107,-3.182976E-4,9.0,9.0,3031.0,1000.0,3030.69,1000.2739,3030.69,1000.2739,191.921118761042,27.64806023944384,0.626,0.472,20.82,0.00616,0.00465,20.82,3030.69,1000.2739,191.921118761042,27.64806023944384,0.21369671141,0.14162158314,0.21369671141,0.14162158314,0.467,0.37,13.7,0.467172,0.3702278,13.7,39.8776,0.0,1.33,1.326,0.246,1.0,13.0,323,323,13_3,13_31,1550.894,39.68085,18.3274,0.0278,193.1927,29.0,32.0,3031.0,1000.0,3030.7416,1000.2723,3030.7416,1000.2723,191.92110236768835,27.64806020419528,1.403,1.29,9.01,0.04325,0.04033,8.96,3030.7416,1000.2723,191.92110236768835,27.64806020419528,1.118297579,0.97380572873,1.118297579,0.97380572873,1.059,0.986,7.48,1.058694,0.9855306,7.48,23.3165,0.0,3.52,1.088,0.081,0.714,13.0,0.05162480024152629
2287,2287,13_46,13_709,605.6757,9.964492,19.3483,0.0179,-2.050614E-4,5.0,5.0,3033.0,971.0,3032.5678,970.6484,3032.5678,970.6484,191.9202081696878,27.656369381540998,0.564,0.439,49.43,0.00927,0.00722,49.43,3032.5678,970.6484,191.9202081696878,27.656369381540998,0.20997231877,0.17632868031,0.20997231877,0.17632868031,0.483,0.391,32.57,0.4828585,0.3913421,32.57,40.3253,0.0,1.07,1.285,0.222,1.0,13.0,328,328,13_8,13_26,433.6791,24.66404,19.7109,0.0618,193.2031,12.0,13.0,3033.0,971.0,3032.5818,970.6395,3032.5818,970.6395,191.9202036315916,27.656371751412465,1.004,0.875,40.75,0.0711,0.06076,44.62,3032.5818,970.6395,191.9202036315916,27.656371751412465,1.021357551,0.95756332775,1.021357551,0.95756332775,1.025,0.963,29.46,1.025306,0.963156,29.46,23.2869,0.0,3.52,1.147,0.128,0.599,13.0,0.016589454481813717
2733,2733,13_492,13_265,543.9676,9.443253,19.4649,0.0189,-0.001727152,4.0,4.0,3027.0,666.0,3026.8439,665.543,3026.8439,665.543,191.91877845943023,27.742174624482217,0.498,0.363,88.99,0.00865,0.0063,88.99,3026.8439,665.543,191.91877845943023,27.742174624482217,0.11079837397,0.25553769117,0.11079837397,0.25553769117,0.506,0.333,89.88,0.505508,0.3328629,89.88,33.12,0.0,0.93,1.373,0.271,1.0,13.0,342,342,13_22,13_12,364.1722,22.97278,19.9006,0.0685,197.4496,11.0,11.0,3027.0,666.0,3026.8856,665.6139000000001,3026.8856,665.6139000000001,191.91876596891933,27.7421543058882,0.988,0.747,78.01,0.07932,0.05633,75.11,3026.8856,665.6139000000001,191.91876596891933,27.7421543058882,0.72406977462,0.80433397193,0.72406977462,0.80433397193,0.897,0.851,-87.18,0.8969553,0.8508084,-87.18,23.31,0.0,3.22,1.322,0.244,0.553,13.0,0.08225387528880061
2793,2793,13_552,13_205,1927.421,17.77556,18.0914,0.01,-6.336446E-6,4.0,4.0,3035.0,634.0,3035.3857,633.524,3035.3857,633.524,191.91572316974225,27.75109265979516,0.5,0.486,-76.83,0.00461,0.00448,-76.83,3035.3857,633.524,191.91572316974225,27.75109265979516,0.19737424773,0.24653393152,0.19737424773,0.24653393152,0.497,0.444,-87.04,0.4966545,0.4441199,-87.04,32.5681,0.0,0.95,1.029,0.028,1.0,13.0,345,345,13_25,13_9,1693.467,40.59954,18.2319,0.026,198.438,27.0,32.0,3035.0,633.0,3035.4235,633.5363,3035.4235,633.5363,191.9157112922087,27.751088846625272,1.319,1.287,-2.27,0.03748,0.03733,-8.9,3035.4235,633.5363,191.9157112922087,27.751088846625272,0.91275454878,0.85549144429,0.91275454878,0.85549144429,0.955,0.925,-2.42,0.9554353,0.9248726,-2.42,23.3321,0.0,3.16,1.025,0.024,0.905,13.0,0.039750849047588625
3002,3002,14_3,14_76,955.1514,12.51328,18.8537,0.0142,-3.043455E-6,17.0,17.0,156.0,1495.0,155.7972,1494.4752,155.7972,1494.4752,192.83820540781733,27.533046716595532,1.414,0.685,46.2,0.02026,0.00966,45.85,155.7972,1494.4752,192.83820540781733,27.533046716595532,0.51560311654,0.43344886043,0.51560311654,0.43344886043,0.759,0.611,33.04,0.7588386,0.6109141,33.04,99.0,0.0,3.66,2.065,0.516,1.0,14.0,354,354,14_2,14_27,863.9672,37.6917,18.9626,0.0474,196.202,26.0,29.0,156.0,1495.0,155.896,1494.636,155.896,1494.636,192.83817540531,27.53300077536584,1.594,1.195,35.87,0.07922,0.05815,36.38,155.896,1494.636,192.83817540531,27.53300077536584,1.9346697199,1.7058464204,1.9346697199,1.7058464204,1.438,1.254,31.27,1.43816,1.253879,31.27,23.3143,0.0,4.71,1.334,0.25,0.143,14.0,0.18872752846354546
3012,3012,14_13,14_66,545.9398,9.460355,19.461,0.0188,0.0,7.0,7.0,269.0,1451.0,268.8132,1450.9327,268.8132,1450.9327,192.801978631439,27.544464937387108,0.642,0.522,34.9,0.01202,0.00943,37.05,268.8132,1450.9327,192.801978631439,27.544464937387108,0.21367025319,0.14990985669,0.21367025319,0.14990985669,0.463,0.386,5.81,0.4629651,0.3863204,5.81,99.0,0.0,1.57,1.23,0.187,1.0,14.0,355,355,14_3,14_26,432.977,24.78855,19.7127,0.0622,192.4634,13.0,13.0,269.0,1451.0,268.6381,1450.8859,268.6381,1450.8859,192.8020337994377,27.54447938678485,1.009,0.877,-5.7,0.07416,0.06388,-12.21,268.6381,1450.8859,192.8020337994377,27.54447938678485,0.9906026501,0.87945213506,0.9906026501,0.87945213506,1.002,0.931,17.76,1.001649,0.9309962,17.76,23.273,0.0,3.56,1.15,0.131,0.373,14.0,0.18124637927418652
3016,3016,14_17,14_62,8696.651,37.75819,16.4555,0.0047,-1.267769E-7,6.0,6.0,117.0,1421.0,116.7215,1420.9219,116.7215,1420.9219,192.84999041087207,27.554016164539,0.452,0.337,-10.96,0.00197,0.00148,-11.19,116.7215,1420.9219,192.84999041087207,27.554016164539,0.11422683831,0.093667075325,0.11422683831,0.093667075325,0.338,0.306,-0.59,0.3379778,0.3060472,-0.59,99.0,0.0,0.95,1.343,0.255,1.0,14.0,357,357,14_5,14_24,8500.881,64.06168,16.4802,0.0082,196.5122,53.0,61.0,117.0,1421.0,116.7642,1420.9509,116.7642,1420.9509,192.84997710218448,27.5540076989392,1.558,1.481,-14.61,0.01512,0.01471,-10.55,116.7642,1420.9509,192.84997710218448,27.5540076989392,0.94364537893,0.85366781509,0.94364537893,0.85366781509,0.974,0.922,-11.85,0.9735464,0.9216944,-11.85,23.292,0.0,2.99,1.052,0.05,0.982,14.0,0.051616760843736426
3021,3021,14_22,14_57,3053.021,22.37175,17.592,0.008,0.0,72.0,72.0,230.0,1388.0,229.7981,1387.916,229.7981,1387.916,192.81382799947752,27.5624733979136,4.285,0.915,73.56,0.03495,0.0079,73.73,229.7981,1387.916,192.81382799947752,27.5624733979136,0.96647229546,3.0602957655,0.96647229546,3.0602957655,1.81,0.865,72.95,1.810465,0.8654397,72.95,99.0,0.0,11.87,4.684,0.786,0.962,14.0,358,358,14_6,14_23,2951.293,64.34702,17.6288,0.0237,193.4104,80.0,86.0,230.0,1388.0,229.8311,1388.0385,229.8311,1388.0385,192.81381855866837,27.562438705812013,3.774,1.435,75.35,0.09889,0.03505,75.76,229.8311,1388.0385,192.81381855866837,27.562438705812013,3.2517016598,6.2626743937,3.2517016598,6.2626743937,2.543,1.746,75.88,2.542845,1.745942,75.88,23.3091,0.0,12.32,2.63,0.62,0.0,14.0,0.12686705640173687
3023,3023,14_24,14_55,280.6449,6.782872,20.1835,0.0262,0.0,4.0,4.0,377.0,1388.0,377.4358,1387.5626,377.4358,1387.5626,192.76696788153296,27.561483188015902,0.529,0.46,45.08,0.01328,0.01169,45.08,377.4358,1387.5626,192.76696788153296,27.561483188015902,0.23588374745,0.23672880524,0.23588374745,0.23672880524,0.517,0.453,45.39,0.5172991,0.452785,45.39,99.0,0.0,1.16,1.151,0.131,0.998,14.0,359,359,14_7,14_22,165.3226,16.65481,20.758,0.1094,192.3539,6.0,6.0,377.0,1387.0,377.6469,1387.3703,377.6469,1387.3703,192.76689923834917,27.561535698776257,0.855,0.526,44.01,0.1173,0.06821,44.98,377.6469,1387.3703,192.76689923834917,27.561535698776257,0.80561223205,0.72885031167,0.80561223205,0.72885031167,0.924,0.825,31.8,0.9238769,0.8251752,31.8,23.323,0.0,3.96,1.625,0.384,0.48,14.0,0.2855564742743414
3027,3027,14_28,14_51,867.5797,11.92586,18.9581,0.0149,0.0,7.0,7.0,258.0,1363.0,258.1801,1363.0292,258.1801,1363.0292,192.80460986941188,27.569263827407823,0.583,0.502,26.77,0.00831,0.00727,27.66,258.1801,1363.0292,192.80460986941188,27.569263827407823,0.11707493569,0.079743883491,0.11707493569,0.079743883491,0.343,0.282,5.93,0.3427565,0.281668,5.93,99.0,0.0,1.21,1.161,0.139,1.0,14.0,360,360,14_8,14_21,762.8704,31.82334,19.0977,0.0453,192.7285,19.0,21.0,258.0,1363.0,258.1013,1363.0202,258.1013,1363.0202,192.80463480422864,27.569266937673543,1.16,1.114,0.32,0.0583,0.05791,5.21,258.1013,1363.0202,192.80463480422864,27.569266937673543,0.97477959898,0.84851153711,0.97477959898,0.84851153711,0.988,0.92,7.54,0.9884483,0.9199246,7.54,23.2973,0.0,3.36,1.041,0.04,0.587,14.0,0.07931229412897117
3029,3029,14_30,14_49,196824.2,179.6281,13.0687,0.001,0.0,5.0,5.0,508.0,1347.0,507.5724,1346.5918,507.5724,1346.5918,192.72531025657625,27.572032426358472,0.501,0.492,-55.29,4.6E-4,4.5E-4,-55.49,507.5724,1346.5918,192.72531025657625,27.572032426358472,0.2297958419,0.22147350642,0.2297958419,0.22147350642,0.482,0.468,-25.64,0.4819607,0.4679565,-25.64,99.0,20.0,0.84,1.02,0.019,1.0,14.0,361,361,14_9,14_20,200705.9,197.6867,13.0475,0.0011,192.0691,141.0,149.0,508.0,1347.0,507.5711,1346.6657,507.5711,1346.6657,192.72531130861572,27.572011654143378,1.7,1.637,88.44,0.00225,0.00195,87.57,507.5711,1346.6657,192.72531130861572,27.572011654143378,0.99426102962,0.89896903457,0.99426102962,0.89896903457,0.997,0.948,-2.96,0.9972547,0.9480048,-2.96,23.3162,24.0,3.07,1.038,0.037,1.0,14.0,0.07391143348639617
3030,3030,14_31,14_48,540.6269,9.414211,19.4716,0.0189,0.0,18.0,18.0,210.0,1346.0,210.6818,1345.3183,210.6818,1345.3183,192.8195365994688,27.57459300049728,1.44,0.819,-61.16,0.02797,0.01655,-61.19,210.6818,1345.3183,192.8195365994688,27.57459300049728,0.57741846473,0.4659060114,0.57741846473,0.4659060114,0.766,0.675,-15.95,0.7663826,0.6752645,-15.95,99.0,0.0,5.62,1.757,0.431,1.0,14.0,362,362,14_10,14_19,381.7829,26.3966,19.8493,0.0751,192.9885,14.0,15.0,210.0,1346.0,210.6006,1345.7334,210.6006,1345.7334,192.8195658661307,27.57447685842014,1.137,0.953,4.03,0.09444,0.07863,5.7,210.6006,1345.7334,192.8195658661307,27.57447685842014,2.2347090295,2.3276042762,2.2347090295,2.3276042762,1.579,1.438,-51.31,1.579118,1.438297,-51.31,23.2863,0.0,6.21,1.193,0.162,0.003,14.0,0.4229674337347281
3039,3039,14_40,14_39,2606.608,20.67155,17.7637,0.0086,0.0,6.0,6.0,222.0,1245.0,222.2499,1244.8481,222.2499,1244.8481,192.81501821205623,27.6027628290417,0.499,0.421,-24.62,0.00402,0.00339,-25.56,222.2499,1244.8481,192.81501821205623,27.6027628290417,0.14843894683,0.12212812399,0.14843894683,0.12212812399,0.385,0.349,-3.06,0.3853756,0.3493604,-3.06,99.0,0.0,0.95,1.184,0.156,1.0,14.0,363,363,14_11,14_18,2463.473,44.72659,17.825,0.0197,192.7347,32.0,38.0,222.0,1245.0,222.2921,1244.8573,222.2921,1244.8573,192.81500489146168,27.60275993246241,1.399,1.339,8.03,0.03206,0.03132,25.33,222.2921,1244.8573,192.81500489146168,27.60275993246241,0.94918444996,0.84526515022,0.94918444996,0.84526515022,0.976,0.918,-9.5,0.9757958,0.9177539,-9.5,23.3171,0.0,3.07,1.045,0.043,0.972,14.0,0.04319120280797976
3041,3041,14_42,14_37,1277.85,14.47355,18.5377,0.0123,0.0,8.0,8.0,148.0,1235.0,148.0761,1235.0626,148.0761,1235.0626,192.83848572229076,27.606056685882184,0.528,0.43,-4.29,0.00623,0.00516,-7.42,148.0761,1235.0626,192.83848572229076,27.606056685882184,0.11627647822,0.10337060524,0.11627647822,0.10337060524,0.341,0.322,-0.23,0.3409937,0.3215127,-0.23,99.0,0.0,1.16,1.226,0.185,1.0,14.0,364,364,14_12,14_17,1108.268,35.91401,18.6923,0.0352,194.1343,23.0,26.0,148.0,1235.0,148.1739,1235.0869,148.1739,1235.0869,192.83845487458692,27.60604913988557,1.307,1.142,-7.92,0.05067,0.04384,-6.81,148.1739,1235.0869,192.83845487458692,27.60604913988557,0.92090404889,0.77885263234,0.92090404889,0.77885263234,0.961,0.881,-7.94,0.9611065,0.8809262,-7.94,23.3759,0.0,3.15,1.144,0.126,0.926,14.0,0.10077365727214226
3047,3047,14_48,14_31,295.8393,6.964068,20.1262,0.0256,-3.454427E-6,6.0,6.0,341.0,1214.0,341.5634,1213.9419,341.5634,1213.9419,192.7768735270528,27.610574949999155,0.726,0.494,-84.78,0.01838,0.01235,-85.51,341.5634,1213.9419,192.7768735270528,27.610574949999155,0.24740029786,0.31684812683,0.24740029786,0.31684812683,0.568,0.491,-73.9,0.5684681,0.4910117,-73.9,99.0,0.0,2.26,1.471,0.32,1.0,14.0,366,366,14_14,14_15,142.2711,16.43266,20.9211,0.1254,192.242,6.0,6.0,341.0,1214.0,341.5008,1214.0105,341.5008,1214.0105,192.77689398854437,27.610556122314375,0.801,0.5,-89.27,0.10866,0.06663,-89.95,341.5008,1214.0105,192.77689398854437,27.610556122314375,0.98133876487,1.1681047025,0.98133876487,1.1681047025,1.082,0.99,-84.57,1.081576,0.9897655,-84.57,23.3351,0.0,3.73,1.603,0.376,0.493,14.0,0.09286937062350074
3048,3048,14_49,14_30,1035.951,13.03181,18.7655,0.0137,-6.908854E-6,6.0,6.0,332.0,1214.0,332.3208,1213.9144,332.3208,1213.9144,192.7798079996032,27.610651138281003,0.59,0.453,-72.57,0.00766,0.00585,-74.2,332.3208,1213.9144,192.7798079996032,27.610651138281003,0.1395882634,0.1238895575,0.1395882634,0.1238895575,0.379,0.346,-24.16,0.3788704,0.3463164,-24.16,99.0,0.0,1.25,1.304,0.233,1.0,14.0,365,365,14_13,14_16,887.9981,32.45249,18.9328,0.0397,192.3082,18.0,22.0,332.0,1214.0,332.2222,1213.9213,332.2222,1213.9213,192.77983936579676,27.610649927847675,1.205,1.101,-48.39,0.05309,0.04809,-44.02,332.2222,1213.9213,192.77983936579676,27.610649927847675,0.844030519,0.84082617422,0.844030519,0.84082617422,0.936,0.899,-43.66,0.9363796,0.8989159,-43.66,23.3354,0.0,3.33,1.094,0.086,0.854,14.0,0.09884113516146872
3050,3050,14_51,14_28,35436.25,76.21825,14.9302,0.0023,0.0,6.0,6.0,6.0,1210.0,6.0965,1209.9501,6.0965,1209.9501,192.8833556538293,27.61414667302044,0.339,0.322,88.83,7.3E-4,6.9E-4,89.57,6.0965,1209.9501,192.8833556538293,27.61414667302044,0.091588021343,0.09231342384,0.091588021343,0.09231342384,0.304,0.303,89.5,0.3038313,0.302635,89.5,99.0,0.0,0.0,1.055,0.052,1.0,14.0,367,367,14_15,14_14,35765.58,100.5714,14.9202,0.0031,194.8335,91.0,99.0,6.0,1210.0,6.159,1210.0139,6.159,1210.0139,192.8833363361505,27.61412828114031,1.656,1.595,2.11,0.00627,0.00608,28.64,6.159,1210.0139,192.8833363361505,27.61412828114031,0.93375617429,0.85392215213,0.93375617429,0.85392215213,0.968,0.923,-10.08,0.967659,0.922667,-10.08,23.294,16.0,2.98,1.038,0.037,0.99,14.0,0.08931231717958824
3051,3051,14_52,14_27,2454.402,20.05894,17.829,0.0089,0.0,6.0,6.0,40.0,1198.0,39.5726,1197.9432,39.5726,1197.9432,192.8726273676013,27.61728210841388,0.529,0.476,-53.95,0.00438,0.00394,-56.95,39.5726,1197.9432,192.8726273676013,27.61728210841388,0.20373680802,0.079364913681,0.20373680802,0.079364913681,0.452,0.281,-2.87,0.45172,0.2811597,-2.87,99.0,0.0,1.11,1.112,0.101,1.0,14.0,368,368,14_16,14_13,2246.87,43.73265,17.9249,0.0211,193.8509,31.0,36.0,40.0,1198.0,39.5846,1198.0283,39.5846,1198.0283,192.87262426192095,27.61725808961909,1.411,1.303,-63.97,0.03544,0.03011,-72.71,39.5846,1198.0283,192.87262426192095,27.61725808961909,0.93090299154,0.89627726112,0.93090299154,0.89627726112,0.97,0.942,-24.71,0.9696415,0.9417938,-24.71,23.2919,0.0,3.11,1.083,0.077,0.971,14.0,0.08594189897833263
3055,3055,14_56,14_23,745.5103,11.05508,19.1227,0.0161,6.718164E-5,7.0,7.0,479.0,1168.0,479.4274,1167.8772,479.4274,1167.8772,192.73270121549243,27.62250102976809,0.566,0.457,-49.76,0.00881,0.00725,-50.76,479.4274,1167.8772,192.73270121549243,27.62250102976809,0.21379055625,0.093377315763,0.21379055625,0.093377315763,0.464,0.302,-7.18,0.4644704,0.3023824,-7.18,99.0,0.0,1.15,1.238,0.192,1.0,14.0,369,369,14_17,14_12,659.9611,30.11804,19.2551,0.0496,192.465,16.0,19.0,479.0,1168.0,479.3612,1167.9303,479.3612,1167.9303,192.7327226961829,27.62248659419184,1.198,1.006,-39.39,0.06817,0.05613,-41.81,479.3612,1167.9303,192.7327226961829,27.62248659419184,0.93444129554,0.84898300832,0.93444129554,0.84898300832,0.986,0.901,-28.99,0.9860613,0.900615,-28.99,23.3344,0.0,3.54,1.191,0.16,0.681,14.0,0.08486489262354938
3058,3058,14_59,14_20,2260.369,19.24974,17.9184,0.0092,-9.326953E-6,6.0,6.0,231.0,1154.0,230.5651,1154.469,230.5651,1154.469,192.81161582077888,27.628118249651592,0.539,0.476,-56.6,0.00466,0.00413,-56.91,230.5651,1154.469,192.81161582077888,27.628118249651592,0.23256176576,0.25082984955,0.23256176576,0.25082984955,0.516,0.467,-56.16,0.5155081,0.4665223,-56.16,99.0,0.0,1.09,1.134,0.118,1.0,14.0,370,370,14_18,14_11,2106.572,43.13297,17.9949,0.0222,192.5982,31.0,36.0,231.0,1154.0,230.6768,1154.4807,230.6768,1154.4807,192.81158044751544,27.62811413973672,1.411,1.325,0.02,0.03651,0.03315,0.28,230.6768,1154.4807,192.81158044751544,27.62811413973672,0.9791733726,0.93167437571,0.9791733726,0.93167437571,0.992,0.963,-16.26,0.9917604,0.962943,-16.26,23.3217,0.0,3.27,1.065,0.061,0.884,14.0,0.11231108582859062
3060,3060,14_61,14_18,70091.24,107.1931,14.1897,0.0017,0.0,5.0,5.0,214.0,1147.0,214.4914,1147.1614,214.4914,1147.1614,192.81665869865347,27.630291146815843,0.501,0.376,-5.3,7.7E-4,5.8E-4,-5.33,214.4914,1147.1614,192.81665869865347,27.630291146815843,0.24983924737,0.047277719375,0.24983924737,0.047277719375,0.5,0.217,-0.88,0.4998867,0.2173252,-0.88,99.0,0.0,0.89,1.332,0.249,1.0,14.0,371,371,14_19,14_10,70722.93,130.3222,14.18,0.002,192.8933,118.0,128.0,214.0,1147.0,214.5731,1147.2421,214.5731,1147.2421,192.81663343298464,27.630267853818697,1.709,1.644,0.82,0.00429,0.00411,13.61,214.5731,1147.2421,192.81663343298464,27.630267853818697,0.99096194988,0.89554692807,0.99096194988,0.89554692807,0.996,0.945,-7.92,0.9964163,0.9453377,-7.92,23.3381,0.0,3.04,1.039,0.038,0.999,14.0,0.11483631829695068
3061,3061,14_62,14_17,21016.7,58.69719,15.4975,0.003,4.777361E-5,6.0,6.0,458.0,1139.0,458.1795,1139.42,458.1795,1139.42,192.7392033806557,27.630662817447007,0.494,0.389,-86.22,0.00138,0.00109,-86.17,458.1795,1139.42,192.7392033806557,27.630662817447007,0.048687478464,0.18453048989,0.048687478464,0.18453048989,0.43,0.221,-89.41,0.4295869,0.2206198,-89.41,99.0,0.0,0.92,1.269,0.212,1.0,14.0,372,372,14_20,14_9,21094.33,84.47869,15.4935,0.0043,192.0003,77.0,87.0,458.0,1139.0,458.2526,1139.4758,458.2526,1139.4758,192.73918064654072,27.63064657832558,1.667,1.569,-1.1,0.00911,0.00857,-6.37,458.2526,1139.4758,192.73918064654072,27.63064657832558,0.98507325699,0.87984135606,0.98507325699,0.87984135606,0.993,0.938,-4.79,0.9928834,0.9376019,-4.79,23.3045,0.0,3.03,1.062,0.058,0.983,14.0,0.09196330790036843
3063,3063,14_64,14_15,16422.99,51.88732,15.7652,0.0034,0.0,6.0,6.0,114.0,1132.0,113.9765,1132.0462,113.9765,1132.0462,192.84845290479157,27.635275160189675,0.296,0.285,-53.32,9.4E-4,9.0E-4,-52.52,113.9765,1132.0462,192.84845290479157,27.635275160189675,0.089268133535,0.089394617016,0.089268133535,0.089394617016,0.299,0.299,-84.79,0.2989911,0.298776,-84.79,99.0,0.0,0.0,1.042,0.04,1.0,14.0,373,373,14_21,14_8,16363.93,76.47846,15.7691,0.0051,192.8973,68.0,74.0,114.0,1132.0,114.0212,1132.1112,114.0212,1132.1112,192.8484392513149,27.6352565561733,1.588,1.545,5.02,0.01004,0.0094,71.02,114.0212,1132.1112,192.8484392513149,27.6352565561733,0.93616505744,0.8443421903,0.93616505744,0.8443421903,0.968,0.918,-7.48,0.9683879,0.9180044,-7.48,23.3133,0.0,3.01,1.028,0.028,0.985,14.0,0.07888656412854064
3064,3064,14_65,14_14,4908.405,28.36647,17.0765,0.0063,0.0,7.0,7.0,406.0,1116.0,405.8179,1116.0252,405.8179,1116.0252,192.75563166825663,27.637632989484324,0.434,0.359,-15.28,0.00254,0.00212,-15.42,405.8179,1116.0252,192.75563166825663,27.637632989484324,0.1011196554,0.092932246378,0.1011196554,0.092932246378,0.318,0.305,-0.61,0.3179947,0.3048464,-0.61,99.0,0.0,0.91,1.207,0.172,1.0,14.0,374,374,14_22,14_7,4741.88,52.71627,17.114,0.0121,191.4931,43.0,48.0,406.0,1116.0,405.8564,1116.0372,405.8564,1116.0372,192.75561954367305,27.637629327911814,1.529,1.388,-9.43,0.02227,0.01964,-9.71,405.8564,1116.0372,192.75561954367305,27.637629327911814,0.93314243083,0.84488927372,0.93314243083,0.84488927372,0.97,0.915,-15.09,0.9695702,0.9154044,-15.09,23.2861,0.0,3.03,1.102,0.092,0.982,14.0,0.04032679010284078
3067,3067,14_68,14_11,294.6586,6.950157,20.1306,0.0256,3.785036E-5,10.0,10.0,72.0,1085.0,72.2839,1084.9204,72.2839,1084.9204,192.86130194749853,27.648830202336505,1.7,0.403,22.91,0.04538,0.01059,22.76,72.2839,1084.9204,192.86130194749853,27.648830202336505,0.53252315546,0.28629842882,0.53252315546,0.28629842882,0.8,0.423,28.83,0.7996814,0.4234751,28.83,99.0,0.0,4.92,4.219,0.763,1.0,14.0,375,375,14_23,14_6,117.8382,15.21921,21.1257,0.1403,192.9863,5.0,5.0,72.0,1085.0,71.7533,1084.6054,71.7533,1084.6054,192.86146785624732,27.64892262736836,0.757,0.45,18.22,0.12391,0.07165,18.31,71.7533,1084.6054,192.86146785624732,27.64892262736836,1.5614784195,1.1260683371,1.5614784195,1.1260683371,1.321,0.97,28.63,1.321483,0.9701695,28.63,23.3356,0.0,3.43,1.681,0.405,0.406,14.0,0.61705863578759
3069,3069,14_70,14_9,1606.273,16.22724,18.2893,0.011,0.0,7.0,7.0,233.0,1073.0,233.209,1073.3393,233.209,1073.3393,192.81009150884825,27.650913843405192,0.523,0.47,56.42,0.00542,0.00491,54.61,233.209,1073.3393,192.81009150884825,27.650913843405192,0.09132920822,0.15197175543,0.09132920822,0.15197175543,0.39,0.302,86.39,0.390147,0.301805,86.39,99.0,0.0,1.05,1.111,0.1,1.0,14.0,376,376,14_24,14_5,1545.076,39.76753,18.3315,0.028,192.2079,26.0,32.0,233.0,1073.0,233.3423,1073.409,233.3423,1073.409,192.8100497570507,27.650893264058357,1.354,1.282,14.15,0.04275,0.04227,22.01,233.3423,1073.409,192.8100497570507,27.650893264058357,0.97539231875,0.87247718004,0.97539231875,0.87247718004,0.988,0.934,5.08,0.9880347,0.9336256,5.08,23.3193,0.0,3.41,1.056,0.053,0.922,14.0,0.1504226711636225
3070,3070,14_71,14_8,1691.914,16.65422,18.2329,0.0107,3.172466E-5,6.0,6.0,467.0,1071.0,466.8835,1071.4687,466.8835,1071.4687,192.7358530563335,27.64970612337677,0.528,0.486,-33.46,0.00531,0.00486,-28.18,466.8835,1071.4687,192.7358530563335,27.64970612337677,0.09254805234,0.23806263988,0.09254805234,0.23806263988,0.488,0.304,-87.38,0.4882284,0.3037166,-87.38,99.0,0.0,1.09,1.087,0.08,1.0,14.0,377,377,14_25,14_4,1543.171,38.85618,18.3328,0.0273,191.4079,27.0,30.0,467.0,1071.0,466.9433,1071.4911,466.9433,1071.4911,192.73583425517143,27.64969937592685,1.34,1.219,-3.4,0.04256,0.038,-0.28,466.9433,1071.4911,192.73583425517143,27.64969937592685,0.92232790957,0.81774030573,0.92232790957,0.81774030573,0.962,0.902,-10.33,0.9622486,0.9023004,-10.33,23.2816,0.0,3.11,1.099,0.09,0.952,14.0,0.06385765420059081
3073,3073,14_74,14_5,3174.496,22.81248,17.5497,0.0078,0.0,6.0,6.0,251.0,1043.0,251.3164,1042.6488,251.3164,1042.6488,192.80408054891305,27.65941136759849,0.54,0.447,-46.24,0.00393,0.00325,-46.23,251.3164,1042.6488,192.80408054891305,27.65941136759849,0.13692158571,0.15595263032,0.13692158571,0.15595263032,0.407,0.357,-59.91,0.4069094,0.3567898,-59.91,99.0,0.0,1.0,1.207,0.171,1.0,14.0,378,378,14_26,14_3,2931.986,46.79135,17.636,0.0173,192.1938,36.0,41.0,251.0,1043.0,251.3966,1042.6968,251.3966,1042.6968,192.8040554788336,27.659397279547573,1.49,1.34,-27.92,0.03063,0.02672,-31.62,251.3966,1042.6968,192.8040554788336,27.659397279547573,0.97655056994,0.86909479409,0.97655056994,0.86909479409,0.993,0.927,-16.21,0.9932115,0.9269176,-16.21,23.3269,0.0,3.07,1.113,0.101,0.976,14.0,0.09346678554440205
3074,3074,14_75,14_4,396.8625,8.065943,19.8073,0.0221,7.214699E-4,3.0,3.0,2.0,1027.0,1.6608999999999998,1027.0474,1.6608999999999998,1027.0474,192.8832551105244,27.665614942216116,0.475,0.209,5.09,0.00989,0.00484,6.82,1.6608999999999998,1027.0474,192.8832551105244,27.665614942216116,0.14925957746,0.090202163482,0.14925957746,0.090202163482,0.386,0.3,0.48,0.3863465,0.30033,0.48,99.0,16.0,1.02,2.272,0.56,0.998,14.0,379,379,14_27,14_2,879.5135,26.90845,18.9433,0.0332,192.8872,13.0,13.0,0.0,1027.0,0.6893,1027.0664,0.6893,1027.0664,192.8835639030868,27.66561659116809,1.144,0.701,-88.59,0.04703,0.02841,-89.33,0.6893,1027.0664,192.8835639030868,27.66561659116809,0.32427208149,0.60194437344,0.32427208149,0.60194437344,0.777,0.568,-86.36,0.7765763,0.568459,-86.36,23.2738,24.0,3.14,1.631,0.387,0.925,14.0,0.9717857582821431
3098,3098,15_22,15_441,65131.53,103.331,14.2694,0.0017,-4.722409E-5,6.0,6.0,815.0,1484.0,814.9366,1483.9667,814.9366,1483.9667,192.62897013285684,27.53105722570901,0.382,0.362,-8.28,6.1E-4,5.8E-4,-7.96,814.9366,1483.9667,192.62897013285684,27.53105722570901,0.087523971912,0.086642159401,0.087523971912,0.086642159401,0.296,0.294,-0.54,0.2958446,0.2943503,-0.54,37.6124,4.0,0.0,1.055,0.052,1.0,15.0,402,402,15_23,15_22,65613.84,126.6998,14.2614,0.0021,192.2753,116.0,126.0,815.0,1484.0,815.0047999999999,1484.0315,815.0047999999999,1484.0315,192.6289490687749,27.53103847586961,1.715,1.641,10.12,0.00445,0.00434,9.14,815.0047999999999,1484.0315,192.6289490687749,27.53103847586961,0.95811792783,0.86492430135,0.95811792783,0.86492430135,0.979,0.93,-0.85,0.9788455,0.9300019,-0.85,23.3396,0.0,3.02,1.045,0.043,0.992,15.0,0.09407592678259671
3113,3113,15_37,15_426,1920.747,17.74476,18.0952,0.01,-3.052031E-7,6.0,6.0,608.0,1465.0,608.3047,1464.7049,608.3047,1464.7049,192.6943673381508,27.53805619471397,0.493,0.435,-43.48,0.00467,0.00409,-43.61,608.3047,1464.7049,192.6943673381508,27.53805619471397,0.11518044993,0.11006766701,0.11518044993,0.11006766701,0.348,0.323,-35.98,0.3476783,0.3230602,-35.98,99.0,0.0,0.91,1.134,0.118,1.0,15.0,382,382,15_3,15_21,1737.868,40.71607,18.2038,0.0254,191.2309,29.0,32.0,608.0,1465.0,608.3312,1464.6968,608.3312,1464.6968,192.69435885840764,27.538058271586827,1.373,1.263,2.87,0.03927,0.03568,8.24,608.3312,1464.6968,192.69435885840764,27.538058271586827,0.9747529832,0.88086037541,0.9747529832,0.88086037541,0.991,0.935,-14.95,0.9909377,0.9346957,-14.95,23.2737,0.0,3.08,1.087,0.08,0.947,15.0,0.027710286898499033
3153,3153,15_77,15_386,5471.793,29.95021,16.9585,0.0059,1.532602E-6,4.0,4.0,797.0,1407.0,797.4026,1406.7682,797.4026,1406.7682,192.6338486463141,27.55290185048576,0.49,0.422,-1.78,0.00269,0.00232,-1.89,797.4026,1406.7682,192.6338486463141,27.55290185048576,0.18217248858,0.075265182152,0.18217248858,0.075265182152,0.427,0.274,-0.34,0.426821,0.2743383,-0.34,99.0,0.0,0.9,1.163,0.14,1.0,15.0,383,383,15_4,15_20,5124.475,54.50742,17.0297,0.0116,191.5944,43.0,51.0,797.0,1407.0,797.4544000000001,1406.7954,797.4544000000001,1406.7954,192.63383244842805,27.55289380162548,1.516,1.418,-4.87,0.02081,0.01952,-4.08,797.4544000000001,1406.7954,192.63383244842805,27.55289380162548,0.95423151775,0.85452045805,0.95423151775,0.85452045805,0.977,0.924,-2.3,0.9769301,0.9243158,-2.3,23.3016,0.0,3.0,1.069,0.065,0.979,15.0,0.058507093587077216
3162,3162,15_86,15_377,2804.55,21.44207,17.6842,0.0083,-3.845063E-8,6.0,6.0,707.0,1392.0,707.0207,1392.2885,707.0207,1392.2885,192.6624049960671,27.55766859809037,0.482,0.398,52.81,0.00373,0.0031,50.99,707.0207,1392.2885,192.6624049960671,27.55766859809037,0.10034536491,0.11825252411,0.10034536491,0.11825252411,0.344,0.317,88.25,0.3439029,0.316747,88.25,99.0,0.0,0.89,1.213,0.176,1.0,15.0,384,384,15_5,15_19,2612.738,44.6109,17.7611,0.0185,191.3737,33.0,37.0,707.0,1392.0,707.064,1392.3637,707.064,1392.3637,192.6623919158964,27.557647119312016,1.453,1.295,8.57,0.03093,0.02716,9.37,707.064,1392.3637,192.6623919158964,27.557647119312016,1.0052565321,0.88175836064,1.0052565321,0.88175836064,1.004,0.938,6.78,1.003508,0.938076,6.78,23.2818,0.0,3.19,1.122,0.109,0.969,15.0,0.0867751692593758
3184,3184,15_108,15_355,4109.202,25.95457,17.2695,0.0069,-1.151841E-6,6.0,6.0,965.0,1361.0,965.4927,1361.0496,965.4927,1361.0496,192.5800927840546,27.56445023427911,0.502,0.352,7.75,0.00319,0.00227,7.97,965.4927,1361.0496,192.5800927840546,27.56445023427911,0.24038539617,0.097290632892,0.24038539617,0.097290632892,0.49,0.312,0.56,0.4903053,0.3118922,0.56,99.0,0.0,0.28,1.429,0.3,1.0,15.0,386,386,15_7,15_17,3924.063,50.22112,17.3195,0.0139,191.3215,40.0,47.0,965.0,1361.0,965.5759,1361.1062,965.5759,1361.1062,192.58006688730688,27.56443366551932,1.507,1.411,13.21,0.02548,0.02322,20.26,965.5759,1361.1062,192.58006688730688,27.56443366551932,0.98672779065,0.90968453804,0.98672779065,0.90968453804,0.993,0.954,1.11,0.9933563,0.9537586,1.11,23.2941,0.0,3.17,1.068,0.064,0.983,15.0,0.10062703414089601
3193,3193,15_117,15_346,869.637,11.93999,18.9555,0.0149,-1.399251E-5,19.0,19.0,1004.0,1354.0,1004.3521,1352.8378,1004.3521,1352.8378,192.56768534231907,27.5664540562274,1.134,0.945,44.37,0.0172,0.01411,42.43,1004.3521,1352.8378,192.56768534231907,27.5664540562274,0.67225784393,0.73575480908,0.67225784393,0.73575480908,0.866,0.811,66.41,0.8664377,0.8107393,66.41,99.0,0.0,3.66,1.199,0.166,1.0,15.0,387,387,15_8,15_16,712.7266,33.42373,19.1716,0.0509,192.0842,21.0,25.0,1004.0,1353.0,1004.3676,1352.9805,1004.3676,1352.9805,192.5676817117305,27.566413806604444,1.372,1.233,13.28,0.07608,0.06618,11.24,1004.3676,1352.9805,192.5676817117305,27.566413806604444,1.8762923195,1.7782961854,1.8762923195,1.7782961854,1.379,1.324,24.05,1.378642,1.324362,24.05,23.3323,16.0,5.34,1.112,0.101,0.002,15.0,0.14353933258855442
3209,3209,15_133,15_330,912.0288,12.22755,18.9038,0.0146,1.780411E-5,5.0,5.0,838.0,1345.0,837.8129,1344.889,837.8129,1344.889,192.6204729498259,27.569990270043963,0.436,0.339,-16.69,0.00606,0.00481,-16.09,837.8129,1344.889,192.6204729498259,27.569990270043963,0.10540257031,0.095877247708,0.10540257031,0.095877247708,0.325,0.31,-1.25,0.3246647,0.3096331,-1.25,99.0,0.0,1.02,1.287,0.223,1.0,15.0,389,389,15_10,15_14,776.8468,31.11853,19.078,0.0435,191.4594,16.0,20.0,838.0,1345.0,837.8877,1344.89,837.8877,1344.89,192.62044921681823,27.569989409032026,1.161,1.06,-17.59,0.05705,0.05243,-25.27,837.8877,1344.89,192.62044921681823,27.569989409032026,0.84630393842,0.73839409068,0.84630393842,0.73839409068,0.92,0.859,-1.49,0.9199874,0.8592561,-1.49,23.2967,0.0,3.7,1.095,0.087,0.586,15.0,0.07480668419331066
3236,3236,15_160,15_303,3004.008,22.19145,17.6096,0.008,5.506129E-6,4.0,4.0,857.0,1322.0,856.7157,1322.417,856.7157,1322.417,192.6142726324854,27.576162897863405,0.496,0.448,74.74,0.00368,0.00333,74.79,856.7157,1322.417,192.6142726324854,27.576162897863405,0.1204059395,0.21666988262,0.1204059395,0.21666988262,0.466,0.346,86.43,0.465881,0.3464545,86.43,99.0,0.0,0.96,1.109,0.098,1.0,15.0,390,390,15_11,15_13,2772.303,45.13246,17.6968,0.0177,191.0826,34.0,38.0,857.0,1322.0,856.8067,1322.4587,856.8067,1322.4587,192.61424411920257,27.57615046486847,1.454,1.291,1.42,0.03031,0.02606,0.59,856.8067,1322.4587,192.61424411920257,27.57615046486847,0.98603112229,0.85539161995,0.98603112229,0.85539161995,0.993,0.925,2.38,0.9931051,0.9247513,2.38,23.277,0.0,3.09,1.126,0.112,0.968,15.0,0.10009940059760994
3343,3343,15_267,15_196,618.6421,10.07059,19.3253,0.0177,4.263193E-6,5.0,5.0,952.0,1205.0,952.2138,1204.5728,952.2138,1204.5728,192.58289987587983,27.60855583016312,0.541,0.457,-40.81,0.00921,0.00765,-36.79,952.2138,1204.5728,192.58289987587983,27.60855583016312,0.11420460138,0.21679445334,0.11420460138,0.21679445334,0.467,0.335,-82.76,0.4674175,0.33544,-82.76,99.0,0.0,1.07,1.184,0.155,1.0,15.0,391,391,15_12,15_12,491.8945,27.27549,19.5742,0.0602,191.7499,13.0,16.0,952.0,1205.0,952.0866,1204.5344,952.0866,1204.5344,192.58293991674736,27.608567625348744,1.119,0.937,-4.02,0.07608,0.06215,0.02,952.0866,1204.5344,192.58293991674736,27.608567625348744,1.0201385307,0.85765605365,1.0201385307,0.85765605365,1.012,0.923,-9.81,1.012495,0.9233891,-9.81,23.3181,0.0,4.12,1.194,0.163,0.493,15.0,0.13286986114238716
3345,3345,15_269,15_194,2999.862,22.17613,17.6111,0.008,-1.081955E-6,4.0,4.0,891.0,1202.0,891.2431,1202.4339,891.2431,1202.4339,192.6022392379861,27.60963390828789,0.498,0.426,78.7,0.0037,0.00317,78.51,891.2431,1202.4339,192.6022392379861,27.60963390828789,0.080619771713,0.20495044667,0.080619771713,0.20495044667,0.453,0.284,87.76,0.4529247,0.2836008,87.76,99.0,0.0,0.89,1.169,0.145,1.0,15.0,392,392,15_13,15_11,2681.921,42.53769,17.7328,0.0172,191.6324,33.0,34.0,891.0,1202.0,891.2806,1202.4692,891.2806,1202.4692,192.602227647327,27.609623689614228,1.393,1.26,-0.9,0.02777,0.02465,-0.09,891.2806,1202.4692,192.602227647327,27.609623689614228,0.93564980442,0.82945233435,0.93564980442,0.82945233435,0.967,0.911,-0.17,0.9672904,0.9107422,-0.17,23.33,0.0,3.11,1.105,0.095,0.975,15.0,0.05150087377901629
3359,3359,15_283,15_180,506.4469,9.111755,19.5425,0.0195,2.407792E-7,6.0,6.0,582.0,1186.0,582.1187,1186.1848,582.1187,1186.1848,192.70025060986265,27.6165785307377,0.616,0.334,85.26,0.01166,0.00688,86.11,582.1187,1186.1848,192.70025060986265,27.6165785307377,0.10166665674,0.16707665123,0.10166665674,0.16707665123,0.409,0.319,89.43,0.408758,0.318842,89.43,99.0,0.0,1.4,1.843,0.458,1.0,15.0,393,393,15_14,15_10,409.5698,26.23889,19.773,0.0696,191.7044,11.0,15.0,582.0,1186.0,582.1556,1186.1604,582.1556,1186.1604,192.70023868003824,27.61658511274644,1.112,0.936,83.05,0.08649,0.07161,82.08,582.1556,1186.1604,192.70023868003824,27.61658511274644,0.95763020357,1.1798129566,0.95763020357,1.1798129566,1.087,0.978,84.92,1.087007,0.9776809,84.92,23.3094,3.0,4.23,1.188,0.158,0.458,15.0,0.044237653644888256
3367,3367,15_291,15_172,1731.788,16.84932,18.2076,0.0106,-1.800835E-4,6.0,6.0,580.0,1180.0,579.6782000000001,1180.1047,579.6782000000001,1180.1047,192.70097259464785,27.61830679538981,0.469,0.339,6.59,0.00462,0.0035,7.38,579.6782000000001,1180.1047,192.70097259464785,27.61830679538981,0.14109446718,0.099302219096,0.14109446718,0.099302219096,0.376,0.315,0.56,0.3756308,0.3151161,0.56,35.6902,0.0,0.98,1.382,0.276,1.0,15.0,394,394,15_15,15_10,1543.593,39.24675,18.3325,0.0276,192.0136,25.0,31.0,580.0,1180.0,579.7806,1180.1078,579.7806,1180.1078,192.70094010512852,27.61830514815952,1.36,1.252,56.97,0.04462,0.0379,61.17,579.7806,1180.1078,192.70094010512852,27.61830514815952,0.84866257508,0.80863030262,0.84866257508,0.80863030262,0.921,0.899,3.47,0.9213089,0.8991567,3.47,23.3299,2.0,3.11,1.087,0.08,0.968,15.0,0.10244691308183519
3369,3369,15_293,15_170,9704.194,39.88548,16.3365,0.0045,8.82065E-8,5.0,5.0,541.0,1179.0,540.9835,1178.9775,540.9835,1178.9775,192.7132501088064,27.618916290377097,0.396,0.351,-0.64,0.00163,0.00145,-0.64,540.9835,1178.9775,192.7132501088064,27.618916290377097,0.088500303992,0.086110389901,0.088500303992,0.086110389901,0.297,0.293,-0.03,0.29749,0.2934457,-0.03,99.0,0.0,0.0,1.126,0.112,1.0,15.0,395,395,15_16,15_9,9720.346,65.68574,16.3347,0.0073,192.3608,56.0,65.0,541.0,1179.0,541.0296,1179.0126,541.0296,1179.0126,192.7132357746683,27.618906072015733,1.6,1.49,-3.98,0.0141,0.01351,-1.49,541.0296,1179.0126,192.7132357746683,27.618906072015733,0.95763090403,0.85153122052,0.95763090403,0.85153122052,0.979,0.923,-3.65,0.9788082,0.922549,-3.65,23.3419,0.0,3.03,1.074,0.069,0.983,15.0,0.057941522244377694
3375,3375,15_299,15_164,522.1934,9.252322,19.5093,0.0192,4.046034E-7,7.0,7.0,722.0,1170.0,722.7848,1170.433,722.7848,1170.433,192.6554450108221,27.619935566730103,0.833,0.479,10.81,0.01567,0.00882,10.48,722.7848,1170.433,192.6554450108221,27.619935566730103,0.39834957841,0.23759748257,0.39834957841,0.23759748257,0.644,0.471,16.64,0.643528,0.4709764,16.64,99.0,0.0,3.07,1.74,0.425,1.0,15.0,397,397,15_18,15_7,435.91,26.95569,19.7054,0.0672,191.3696,14.0,16.0,723.0,1170.0,722.9291000000001,1170.4935,722.9291000000001,1170.4935,192.6553997228193,27.619917446450625,1.162,0.937,2.76,0.08909,0.07257,0.27,722.9291000000001,1170.4935,192.6553997228193,27.619917446450625,1.2738228891,0.921637266,1.2738228891,0.921637266,1.132,0.956,8.15,1.131898,0.9561728,8.15,23.3032,0.0,6.17,1.24,0.194,0.048,15.0,0.1564696136635429
3395,3395,15_319,15_144,312.6095,7.158732,20.0664,0.0249,6.295913E-6,6.0,6.0,749.0,1143.0,748.8618,1143.335,748.8618,1143.335,192.64692478398592,27.62735522930937,0.537,0.465,17.48,0.01387,0.01146,11.77,748.8618,1143.335,192.64692478398592,27.62735522930937,0.12493086592,0.19000433008,0.12493086592,0.19000433008,0.439,0.35,79.32,0.4386363,0.3500476,79.32,99.0,0.0,1.54,1.154,0.134,1.0,15.0,398,398,15_19,15_6,195.4589,17.86112,20.5762,0.0992,191.4003,7.0,7.0,749.0,1143.0,748.7641,1143.4318,748.7641,1143.4318,192.64695666601665,27.62732876064853,0.979,0.483,7.4,0.12486,0.05751,8.27,748.7641,1143.4318,192.64695666601665,27.62732876064853,0.91166779027,0.6260520573,0.91166779027,0.6260520573,0.956,0.79,4.76,0.9558559,0.7899743,4.76,23.3034,0.0,4.07,2.026,0.506,0.483,15.0,0.13753374131467533
3440,3440,15_364,15_99,31128.97,71.43606,15.071,0.0025,1.662325E-4,6.0,6.0,741.0,1091.0,740.8768,1090.9805,740.8768,1090.9805,192.64899786265775,27.64213877754596,0.452,0.346,-0.02,0.00104,8.0E-4,0.09,740.8768,1090.9805,192.64899786265775,27.64213877754596,0.092949756781,0.085844703481,0.092949756781,0.085844703481,0.305,0.293,-0.02,0.3048766,0.2929927,-0.02,99.0,0.0,2.27,1.306,0.235,1.0,15.0,399,399,15_20,15_5,31313.94,96.07561,15.0645,0.0033,192.535,90.0,99.0,741.0,1091.0,740.9587,1091.0372,740.9587,1091.0372,192.6489723519271,27.64212220371744,1.697,1.61,3.64,0.00698,0.0068,25.21,740.9587,1091.0372,192.6489723519271,27.64212220371744,0.99287437905,0.87970263003,0.99287437905,0.87970263003,0.997,0.938,-2.52,0.9965412,0.9378074,-2.52,23.3722,0.0,3.09,1.054,0.051,0.985,15.0,0.09961174629537153
3442,3442,15_366,15_97,477.4419,8.846986,19.6066,0.0201,-4.209852E-4,12.0,12.0,927.0,1089.0,927.4605,1088.2697,927.4605,1088.2697,192.5897149211957,27.64145361633309,1.262,0.477,-49.49,0.02565,0.01028,-50.01,927.4605,1088.2697,192.5897149211957,27.64145361633309,0.29853007616,0.23468321719,0.29853007616,0.23468321719,0.595,0.424,-34.26,0.5948277,0.4235485,-34.26,34.7647,0.0,3.99,2.644,0.622,1.0,15.0,400,400,15_21,15_4,284.3839,23.18913,20.1691,0.0886,192.3471,11.0,12.0,927.0,1089.0,927.5652,1088.5317,927.5652,1088.5317,192.58968402192752,27.64137912448878,1.078,0.812,-34.7,0.10261,0.07807,-36.69,927.5652,1088.5317,192.58968402192752,27.64137912448878,1.4962356747,1.4076738939,1.4962356747,1.4076738939,1.291,1.113,-39.03,1.290703,1.112652,-39.03,23.3693,0.0,5.57,1.328,0.247,0.394,15.0,0.28214551210318095
3480,3480,15_404,15_59,4695.039,27.74308,17.1248,0.0064,-9.924389E-4,6.0,6.0,635.0,1046.0,635.4813,1046.0536,635.4813,1046.0536,192.68207887878003,27.655578835680537,0.5,0.326,-2.6,0.00297,0.00197,-2.66,635.4813,1046.0536,192.68207887878003,27.655578835680537,0.23952220726,0.096583111475,0.23952220726,0.096583111475,0.489,0.311,-0.2,0.4894119,0.3107754,-0.2,33.2749,0.0,0.92,1.533,0.348,0.972,15.0,401,401,15_22,15_3,4490.975,52.60527,17.173,0.0127,191.3494,43.0,48.0,635.0,1046.0,635.5178,1046.1211,635.5178,1046.1211,192.6820678758648,27.655559576637213,1.494,1.436,-7.13,0.02197,0.02179,-7.99,635.5178,1046.1211,192.6820678758648,27.655559576637213,1.0047490689,0.90971150077,1.0047490689,0.90971150077,1.003,0.953,-5.24,1.002773,0.9533659,-5.24,23.2609,0.0,3.12,1.04,0.039,0.982,15.0,0.07673656234162317
3491,3491,15_415,15_48,426.9792,8.366396,19.7278,0.0213,8.987727E-4,11.0,11.0,750.0,1035.0,749.3873,1034.9202,749.3873,1034.9202,192.645799046999,27.65783733046998,1.052,0.43,-12.27,0.02407,0.0103,-15.43,749.3873,1034.9202,192.645799046999,27.65783733046998,0.37108953242,0.14287683214,0.37108953242,0.14287683214,0.613,0.372,-8.11,0.613039,0.3716848,-8.11,99.0,0.0,2.63,2.444,0.591,1.0,15.0,381,381,15_2,15_1,267.3215,22.46959,20.2363,0.0913,192.6469,10.0,11.0,750.0,1035.0,749.4199,1034.906,749.4199,1034.906,192.64578856609972,27.657841072495696,1.055,0.738,-14.41,0.10446,0.0736,-14.97,749.4199,1034.906,192.64578856609972,27.657841072495696,1.347348791,0.97844798262,1.347348791,0.97844798262,1.164,0.986,-7.87,1.163848,0.9855228,-7.87,23.3542,0.0,5.25,1.429,0.3,0.075,15.0,0.03555840266381814
3501,3501,15_425,15_38,387691.8,252.1032,12.3327,7.0E-4,-0.001254707,6.0,6.0,723.0,1031.0,722.7914000000001,1030.7148,722.7914000000001,1030.7148,192.6542100695746,27.65922435883695,0.504,0.41,-42.26,3.3E-4,2.7E-4,-42.26,722.7914000000001,1030.7148,192.6542100695746,27.65922435883695,0.094774210906,0.1207962552,0.094774210906,0.1207962552,0.353,0.302,-70.67,0.3527733,0.3018633,-70.67,32.7353,4.0,0.0,1.23,0.187,1.0,15.0,380,380,15_1,15_2,396305.4,275.0355,12.3088,8.0E-4,191.9817,241.0,254.0,723.0,1031.0,722.8764,1030.7758,722.8764,1030.7758,192.6541836074729,27.659206553109748,1.819,1.74,0.06,0.00169,0.00158,-1.97,722.8764,1030.7758,192.6541836074729,27.659206553109748,1.0149368706,0.91340627412,1.0149368706,0.91340627412,1.008,0.955,-6.32,1.008067,0.9550621,-6.32,23.3069,0.0,3.11,1.046,0.044,1.0,15.0,0.10462313319709611
3538,3538,16_1,16_2,292.6517,6.926448,20.138,0.0257,-3.081802E-5,20.0,20.0,1299.0,1013.0,1299.1214,1012.7083,1299.1214,1012.7083,192.4709860240523,27.659739826929016,0.937,0.794,3.8,0.03058,0.02612,31.59,1299.1214,1012.7083,192.4709860240523,27.659739826929016,0.40351341823,0.35613182398,0.40351341823,0.35613182398,0.636,0.596,-6.96,0.6357916,0.5961664,-6.96,99.0,0.0,2.29,1.181,0.153,1.0,16.0,209,209,9_2,9_32,141.4439,16.73689,20.9274,0.1285,191.8716,5.0,6.0,1299.0,1012.0,1299.0479,1012.4701,1299.0479,1012.4701,192.4710071625487,27.659807398182476,0.795,0.499,-1.47,0.11834,0.07259,-0.28,1299.0479,1012.4701,192.4710071625487,27.659807398182476,1.1153122826,0.73200935375,1.1153122826,0.73200935375,1.057,0.854,-4.63,1.057281,0.8540946,-4.63,23.2958,24.0,3.72,1.594,0.373,0.474,9.0,0.24928194880495888
3544,3544,16_7,16_66,39706.24,80.67973,14.8067,0.0022,0.0,12.0,12.0,1161.0,1430.0,1160.924,1429.9679,1160.924,1429.9679,192.5186983511017,27.5435235181357,0.458,0.41,12.78,9.4E-4,8.4E-4,12.57,1160.924,1429.9679,192.5186983511017,27.5435235181357,0.10024738027,0.096156435528,0.10024738027,0.096156435528,0.317,0.31,0.61,0.3166194,0.3100903,0.61,99.0,0.0,0.0,1.118,0.106,1.0,16.0,433,433,16_31,16_31,40275.17,105.3882,14.7913,0.0028,191.9458,103.0,111.0,1161.0,1430.0,1161.0038,1430.0306,1161.0038,1430.0306,192.5186736030537,27.54350524965757,1.71,1.627,4.01,0.00613,0.00595,-21.51,1161.0038,1430.0306,192.5186736030537,27.54350524965757,0.97737846039,0.87660292061,0.97737846039,0.87660292061,0.989,0.936,1.87,0.988679,0.9362133,1.87,23.3344,0.0,3.07,1.051,0.048,0.995,16.0,0.10148561474411093
3545,3545,16_8,16_65,336.4714,7.426928,19.9865,0.024,2.238713E-5,24.0,24.0,1243.0,1417.0,1242.3213,1417.2918,1242.3213,1417.2918,192.4927535484804,27.54643550045464,1.61,0.71,-77.6,0.04878,0.02061,-76.74,1242.3213,1417.2918,192.4927535484804,27.54643550045464,0.41793282509,0.36368219746,0.41793282509,0.36368219746,0.672,0.574,-31.74,0.671989,0.5744961,-31.74,99.0,0.0,6.38,2.268,0.559,1.0,16.0,405,405,16_3,16_30,185.2087,17.74583,20.6347,0.1041,192.4723,7.0,7.0,1242.0,1417.0,1242.067,1416.9376,1242.067,1416.9376,192.49283097982504,27.546537146408276,0.905,0.529,-43.78,0.10905,0.06274,-44.88,1242.067,1416.9376,192.49283097982504,27.546537146408276,1.1426850201,1.1193220473,1.1426850201,1.1193220473,1.134,0.988,-42.85,1.134315,0.987591,-42.85,23.3669,0.0,4.09,1.711,0.416,0.517,16.0,0.43603455138328584
3546,3546,16_9,16_64,244.9385,6.336707,20.3312,0.0281,-1.194326E-6,10.0,10.0,1040.0,1414.0,1040.2428,1414.1358,1040.2428,1414.1358,192.5568494492397,27.54893388598066,0.699,0.635,77.87,0.02204,0.01952,84.98,1040.2428,1414.1358,192.5568494492397,27.54893388598066,0.23062907891,0.26194341346,0.23062907891,0.26194341346,0.512,0.48,-84.3,0.5121115,0.4799107,-84.3,99.0,0.0,1.74,1.101,0.091,1.0,16.0,406,406,16_4,16_29,222.0043,19.85365,20.438,0.0971,191.3849,8.0,9.0,1040.0,1414.0,1040.0458,1414.0378,1040.0458,1414.0378,192.5569110770154,27.54896299958929,0.801,0.782,37.73,0.0902,0.08983,38.79,1040.0458,1414.0378,192.5569110770154,27.54896299958929,0.90429608732,0.86351841206,0.90429608732,0.86351841206,0.966,0.914,32.75,0.9659564,0.9136426,32.75,23.324,0.0,4.7,1.024,0.023,0.436,16.0,0.2200295434707524
3547,3547,16_10,16_63,172.6488,5.320065,20.711,0.0335,4.529497E-9,10.0,10.0,1508.0,1412.0,1507.9033,1411.5183,1507.9033,1411.5183,192.40843103452724,27.5458952210781,0.692,0.575,42.12,0.02754,0.02355,68.03,1507.9033,1411.5183,192.40843103452724,27.5458952210781,0.21366450871,0.26398846059,0.21366450871,0.26398846059,0.523,0.451,67.98,0.5232835,0.4514723,67.98,99.0,0.0,1.5,1.204,0.169,1.0,16.0,407,407,16_5,16_28,142.4425,16.28232,20.9198,0.1241,194.0536,6.0,6.0,1508.0,1411.0,1507.9699,1411.4983,1507.9699,1411.4983,192.4084097154366,27.545900295472475,0.788,0.5,1.93,0.11491,0.0705,0.13,1507.9699,1411.4983,192.4084097154366,27.545900295472475,0.87241237613,0.79769120671,0.87241237613,0.79769120671,0.936,0.891,13.36,0.936419,0.8906307,13.36,23.3285,0.0,3.27,1.578,0.366,0.481,16.0,0.06953819094579335
3550,3550,16_13,16_60,3466.47,23.8385,17.4541,0.0075,-0.001514594,16.0,16.0,1425.0,1401.0,1424.9825,1400.9637,1424.9825,1400.9637,192.43464221982697,27.549544343726232,0.602,0.562,-40.93,0.00441,0.00403,-44.35,1424.9825,1400.9637,192.43464221982697,27.549544343726232,0.1530523586,0.15240166489,0.1530523586,0.15240166489,0.392,0.39,-35.09,0.3920289,0.3895734,-35.09,33.379,0.0,1.19,1.071,0.066,0.999,16.0,408,408,16_6,16_27,3243.229,47.40929,17.5264,0.0159,193.7496,39.0,42.0,1425.0,1401.0,1425.0626,1400.99,1425.0626,1400.99,192.434617049675,27.54953629284328,1.461,1.359,-25.45,0.02707,0.0249,-37.37,1425.0626,1400.99,192.434617049675,27.54953629284328,0.94265403203,0.86217140065,0.94265403203,0.86217140065,0.973,0.927,-11.89,0.9728239,0.9265199,-11.89,23.3601,0.0,3.12,1.075,0.07,0.979,16.0,0.08430717644414325
3552,3552,16_15,16_58,650.9991,10.33059,19.2699,0.0172,-1.30223E-8,13.0,13.0,1379.0,1396.0,1378.6029,1395.8532,1378.6029,1395.8532,192.4493111307492,27.551360181076557,0.759,0.633,-9.67,0.01397,0.01101,-9.91,1378.6029,1395.8532,192.4493111307492,27.551360181076557,0.29216666979,0.22302691891,0.29216666979,0.22302691891,0.542,0.471,-8.34,0.5419286,0.4706453,-8.34,99.0,0.0,1.51,1.199,0.166,1.0,16.0,409,409,16_7,16_26,621.6602,30.31731,19.32,0.053,192.5953,16.0,20.0,1379.0,1396.0,1378.5617,1395.7581,1378.5617,1395.7581,192.4493233186868,27.55138725800356,1.297,0.978,-8.67,0.07917,0.05829,-10.61,1378.5617,1395.7581,192.4493233186868,27.55138725800356,1.0200782147,0.78683541556,1.0200782147,0.78683541556,1.011,0.886,-4.39,1.010673,0.8862586,-4.39,23.3261,0.0,3.9,1.326,0.246,0.599,16.0,0.10364096680372134
3553,3553,16_16,16_57,180.9227,5.44605,20.6601,0.0327,0.0,13.0,13.0,1242.0,1388.0,1241.7777,1387.3721,1241.7777,1387.3721,192.49265053592893,27.55485315835809,0.846,0.575,80.23,0.03304,0.02625,74.09,1241.7777,1387.3721,192.49265053592893,27.55485315835809,0.19927669774,0.30282566495,0.19927669774,0.30282566495,0.589,0.394,61.38,0.5888256,0.3941912,61.38,99.0,0.0,2.16,1.473,0.321,1.0,16.0,410,410,16_8,16_25,127.1696,14.9617,21.0429,0.1278,193.1392,4.0,5.0,1242.0,1387.0,1241.6009,1387.2368,1241.6009,1387.2368,192.4927053950088,27.554892626870203,0.739,0.458,-72.56,0.11901,0.06902,-71.68,1241.6009,1387.2368,192.4927053950088,27.554892626870203,0.65442655915,0.81201569498,0.65442655915,0.81201569498,0.916,0.792,69.06,0.9159989,0.7920784,69.06,23.4085,0.0,3.42,1.614,0.38,0.404,16.0,0.22263047859649415
3561,3561,16_24,16_49,1987.112,18.04872,18.0583,0.0099,-1.291987E-6,16.0,16.0,1033.0,1354.0,1033.4992,1353.6359,1033.4992,1353.6359,192.5584417140243,27.56599985308178,0.648,0.629,-18.4,0.0063,0.00615,-19.07,1033.4992,1353.6359,192.5584417140243,27.56599985308178,0.26835475325,0.22828699035,0.26835475325,0.22828699035,0.522,0.474,-16.71,0.5218486,0.4736199,-16.71,99.0,0.0,1.12,1.03,0.029,1.0,16.0,411,411,16_9,16_24,1824.243,39.62418,18.1512,0.0236,191.7813,28.0,32.0,1033.0,1354.0,1033.5235,1353.6037,1033.5235,1353.6037,192.55843371007344,27.56600871594424,1.331,1.279,-0.16,0.03522,0.0351,6.75,1033.5235,1353.6037,192.55843371007344,27.56600871594424,0.94934467103,0.86159628388,0.94934467103,0.86159628388,0.974,0.928,-3.24,0.9744877,0.9280704,-3.24,23.3603,0.0,3.22,1.041,0.039,0.933,16.0,0.040340178482606105
3562,3562,16_25,16_48,3203.322,22.91582,17.5399,0.0078,0.0,17.0,17.0,1354.0,1305.0,1353.6365,1304.6214,1353.6365,1304.6214,192.45638559309967,27.57721679702933,0.64,0.586,-31.74,0.00488,0.0044,-27.38,1353.6365,1304.6214,192.45638559309967,27.57721679702933,0.25640084059,0.23617707257,0.25640084059,0.23617707257,0.515,0.477,-28.68,0.5148205,0.4770092,-28.68,99.0,0.0,1.45,1.092,0.084,1.0,16.0,413,413,16_11,16_22,3080.576,47.18729,17.5823,0.0166,191.824,36.0,42.0,1354.0,1305.0,1353.7509,1304.6716,1353.7509,1304.6716,192.4563497510167,27.577201750742656,1.463,1.372,-15.63,0.0284,0.02707,-26.66,1353.7509,1304.6716,192.4563497510167,27.577201750742656,1.0045853141,0.90629098498,1.0045853141,0.90629098498,1.004,0.95,-11.31,1.004332,0.9498388,-11.31,23.2904,0.0,3.14,1.066,0.062,0.976,16.0,0.12492958016408649
3563,3563,16_26,16_47,995.9133,12.7775,18.8083,0.0139,0.0,14.0,14.0,1214.0,1303.0,1214.4994,1302.6875,1214.4994,1302.6875,192.50052878814745,27.57888523818698,0.676,0.652,66.95,0.0095,0.00925,64.17,1214.4994,1302.6875,192.50052878814745,27.57888523818698,0.27745414329,0.25501063579,0.27745414329,0.25501063579,0.528,0.504,13.04,0.5279448,0.5037252,13.04,99.0,0.0,1.44,1.036,0.035,1.0,16.0,414,414,16_12,16_21,909.5257,32.88915,18.9068,0.0393,191.8579,21.0,23.0,1214.0,1303.0,1214.5423,1302.7555,1214.5423,1302.7555,192.5005157965272,27.578865772573295,1.232,1.125,17.15,0.05627,0.04897,16.44,1214.5423,1302.7555,192.5005157965272,27.578865772573295,0.89664451838,0.86953258607,0.89664451838,0.86953258607,0.947,0.932,8.28,0.9472231,0.9321724,8.28,23.3106,0.0,3.15,1.095,0.087,0.903,16.0,0.08040155471139988
3567,3567,16_30,16_43,2180.045,18.90462,17.9577,0.0094,2.309358E-6,17.0,17.0,1318.0,1274.0,1318.2663,1274.3481,1318.2663,1274.3481,192.46733102370249,27.58601655894217,0.646,0.634,-51.63,0.00604,0.00591,-50.79,1318.2663,1274.3481,192.46733102370249,27.58601655894217,0.21028942709,0.23579436871,0.21028942709,0.23579436871,0.486,0.458,-80.01,0.4864263,0.4576825,-80.01,99.0,0.0,1.31,1.019,0.018,1.0,16.0,415,415,16_13,16_20,2012.352,41.05541,18.0446,0.0222,192.2631,28.0,33.0,1318.0,1274.0,1318.318,1274.4057,1318.318,1274.4057,192.46731514741816,27.58599994327753,1.36,1.291,1.87,0.03424,0.03199,8.3,1318.318,1274.4057,192.46731514741816,27.58599994327753,0.97177701728,0.89852914069,0.97177701728,0.89852914069,0.986,0.947,-6.09,0.9862149,0.9474632,-6.09,23.3227,0.0,3.29,1.053,0.05,0.843,16.0,0.07739928940248046
3569,3569,16_32,16_41,541.394,9.420888,19.4701,0.0189,3.221701E-7,46.0,46.0,1416.0,1251.0,1415.7712,1251.0333,1415.7712,1251.0333,192.4361648863164,27.59177790775892,2.039,0.9,-80.06,0.05072,0.02456,-75.28,1415.7712,1251.0333,192.4361648863164,27.59177790775892,0.45222691632,1.0552839317,0.45222691632,1.0552839317,1.036,0.659,-80.48,1.035723,0.6593853,-80.48,99.0,0.0,3.29,2.264,0.558,0.963,16.0,416,416,16_14,16_19,349.94,26.93715,19.9439,0.0836,193.2779,13.0,16.0,1416.0,1251.0,1415.8596,1250.9141,1415.8596,1250.9141,192.4361357135811,27.59181070108772,1.672,0.739,-83.22,0.14112,0.06137,-83.59,1415.8596,1250.9141,192.4361357135811,27.59181070108772,2.9330638477,4.1224749208,2.9330638477,4.1224749208,2.056,1.682,-74.26,2.055523,1.682369,-74.26,23.3474,0.0,6.62,2.263,0.558,0.02,16.0,0.14840215631869436
3575,3575,16_38,16_35,654.6581,10.35958,19.2638,0.0172,7.091988E-6,18.0,18.0,1359.0,1222.0,1359.4953,1221.7371,1359.4953,1221.7371,192.45375544028653,27.60047492660878,1.041,0.737,27.64,0.01867,0.0136,27.64,1359.4953,1221.7371,192.45375544028653,27.60047492660878,0.48883635783,0.3681394425,0.48883635783,0.3681394425,0.714,0.589,21.19,0.7142777,0.5888829,21.19,99.0,0.0,2.68,1.414,0.293,1.0,16.0,419,419,16_17,16_16,609.0193,31.28489,19.3423,0.0558,192.6647,19.0,21.0,1360.0,1222.0,1359.4756,1221.7435,1359.4756,1221.7435,192.45376175343452,27.600473287464023,1.34,1.067,25.21,0.07975,0.06393,26.65,1359.4756,1221.7435,192.45376175343452,27.600473287464023,1.5820777961,1.3518459809,1.5820777961,1.3518459809,1.285,1.132,25.81,1.285432,1.132073,25.81,23.3335,0.0,4.48,1.256,0.204,0.055,16.0,0.020713522153464375
3576,3576,16_39,16_34,63080.97,101.6914,14.3041,0.0018,0.0,13.0,13.0,1059.0,1221.0,1059.3035,1220.8564,1059.3035,1220.8564,192.54904696852623,27.60313321080416,0.476,0.421,-8.56,7.7E-4,6.8E-4,-8.82,1059.3035,1220.8564,192.54904696852623,27.60313321080416,0.15604138869,0.11795222431,0.15604138869,0.11795222431,0.395,0.343,-0.77,0.3950294,0.3434317,-0.77,99.0,0.0,0.92,1.133,0.117,1.0,16.0,418,418,16_16,16_17,64049.39,124.9688,14.2876,0.0021,191.2451,114.0,124.0,1059.0,1221.0,1059.3923,1220.9174,1059.3923,1220.9174,192.54901932994696,27.60311535479465,1.705,1.649,3.06,0.00447,0.00438,54.97,1059.3923,1220.9174,192.54901932994696,27.60311535479465,0.97814087422,0.8833877839,0.97814087422,0.8833877839,0.99,0.939,-6.71,0.9896813,0.9391803,-6.71,23.2949,0.0,2.99,1.034,0.033,0.99,16.0,0.10773318894387549
3578,3578,16_41,16_32,1787.373,17.11759,18.1733,0.0104,6.647099E-4,42.0,42.0,1349.0,1201.0,1349.111,1201.5844,1349.111,1201.5844,192.45686462214852,27.606226041813795,1.175,1.028,-80.63,0.01391,0.01148,-77.2,1349.111,1201.5844,192.45686462214852,27.606226041813795,0.48870540079,0.50789301381,0.48870540079,0.50789301381,0.735,0.676,51.64,0.7348707,0.6756948,51.64,99.0,0.0,2.18,1.142,0.125,0.999,16.0,421,421,16_19,16_14,1813.692,46.2548,18.1575,0.0277,193.1276,42.0,44.0,1349.0,1201.0,1349.0736,1201.7133,1349.0736,1201.7133,192.4568776928629,27.606190101720387,1.662,1.557,-33.62,0.05011,0.04564,-29.65,1349.0736,1201.7133,192.4568776928629,27.606190101720387,1.8119281887,1.7841397907,1.8119281887,1.7841397907,1.347,1.335,11.49,1.346524,1.335268,11.49,23.3676,0.0,4.48,1.067,0.063,0.017,16.0,0.13421613166826918
3583,3583,16_46,16_27,182.8672,5.475238,20.6485,0.0325,1.14161E-6,12.0,12.0,1183.0,1193.0,1183.9575,1193.2767,1183.9575,1193.2767,192.5092197800429,27.609895526729435,0.853,0.701,-23.86,0.03115,0.02897,-20.21,1183.9575,1193.2767,192.5092197800429,27.609895526729435,0.54611338624,0.35065685791,0.54611338624,0.35065685791,0.747,0.582,-13.64,0.747223,0.5817456,-13.64,99.0,0.0,3.41,1.217,0.178,1.0,16.0,422,422,16_20,16_13,162.2569,17.78104,20.7784,0.119,192.0144,7.0,7.0,1184.0,1193.0,1183.9829,1193.293,1183.9829,1193.293,192.50921186534345,27.609890739845294,0.744,0.676,-5.11,0.10023,0.09267,-0.5,1183.9829,1193.293,192.50921186534345,27.609890739845294,0.9873502452,0.86190815966,0.9873502452,0.86190815966,0.997,0.925,12.07,0.9966722,0.9251502,12.07,23.3156,0.0,4.2,1.101,0.091,0.492,16.0,0.030180291582414424
3587,3587,16_50,16_23,429.1923,8.388051,19.7222,0.0212,-3.910718E-8,10.0,10.0,1151.0,1172.0,1150.9471,1172.2499,1150.9471,1172.2499,192.51950791436,27.616072116452447,0.752,0.61,-77.92,0.0163,0.01369,-70.59,1150.9471,1172.2499,192.51950791436,27.616072116452447,0.23006432192,0.32561882256,0.23006432192,0.32561882256,0.573,0.477,-80.2,0.5732008,0.4765753,-80.2,99.0,0.0,1.89,1.233,0.189,1.0,16.0,423,423,16_21,16_12,362.917,22.6993,19.9043,0.0679,191.5408,10.0,11.0,1151.0,1172.0,1151.1014,1172.1967,1151.1014,1172.1967,192.5194584366145,27.616085843106323,0.898,0.85,-52.11,0.07341,0.07052,-43.48,1151.1014,1172.1967,192.5194584366145,27.616085843106323,0.72908748245,0.77221556535,0.72908748245,0.77221556535,0.898,0.834,-56.4,0.8979409,0.8336697,-56.4,23.2849,0.0,4.84,1.056,0.053,0.52,16.0,0.16321375554769305
3589,3589,16_52,16_21,607.757,9.981597,19.3445,0.0178,1.282976E-7,15.0,15.0,1263.0,1165.0,1262.7284,1164.8374,1262.7284,1164.8374,192.4839489935684,27.617258766094587,0.712,0.693,-6.02,0.01416,0.01299,2.93,1262.7284,1164.8374,192.4839489935684,27.617258766094587,0.26693202036,0.28147098842,0.26693202036,0.28147098842,0.532,0.515,73.38,0.5318775,0.5152761,73.38,99.0,0.0,1.64,1.027,0.026,1.0,16.0,424,424,16_22,16_11,584.0057,29.73535,19.3878,0.0553,192.2655,16.0,19.0,1263.0,1165.0,1262.7948,1164.8316,1262.7948,1164.8316,192.48392785816156,27.6172598609386,1.17,1.041,-38.87,0.07369,0.06317,-44.5,1262.7948,1164.8316,192.48392785816156,27.6172598609386,0.95275994531,0.88089132806,0.95275994531,0.88089132806,0.977,0.938,-8.39,0.9769115,0.9377074,-8.39,23.3199,0.0,3.82,1.123,0.11,0.087,16.0,0.06665283189774991
3590,3590,16_53,16_20,13417.6,46.89996,15.9847,0.0038,-3.419929E-7,15.0,15.0,1182.0,1162.0,1182.0106,1161.8714,1182.0106,1161.8714,192.5095499599433,27.618741915273223,0.499,0.469,2.62,0.00178,0.00166,1.26,1182.0106,1161.8714,192.5095499599433,27.618741915273223,0.10908692445,0.10834033641,0.10908692445,0.10834033641,0.33,0.329,0.95,0.3302834,0.3291506,0.95,99.0,0.0,0.97,1.064,0.06,1.0,16.0,425,425,16_23,16_10,13403.05,72.5526,15.9859,0.0059,191.6947,66.0,74.0,1182.0,1162.0,1182.1055,1161.9255,1182.1055,1161.9255,192.50952032424505,27.618725942714324,1.639,1.54,3.37,0.01189,0.01118,7.12,1182.1055,1161.9255,192.50952032424505,27.618725942714324,0.98196856707,0.87212414975,0.98196856707,0.87212414975,0.991,0.934,-0.77,0.9909533,0.9338653,-0.77,23.2907,0.0,3.06,1.064,0.06,0.988,16.0,0.10923744779137563
3593,3593,16_56,16_17,938.8663,12.40615,18.8724,0.0144,-1.842053E-7,61.0,61.0,1381.0,1078.0,1381.6911,1077.6862,1381.6911,1077.6862,192.44536739227124,27.640797932788995,1.738,1.125,77.28,0.03789,0.0202,74.92,1381.6911,1077.6862,192.44536739227124,27.640797932788995,0.54852442041,0.76103128957,0.54852442041,0.76103128957,0.883,0.728,74.19,0.8829291,0.7280055,74.19,99.0,0.0,2.83,1.544,0.352,0.963,16.0,427,427,16_25,16_8,936.2194,39.24656,18.8754,0.0455,191.9274,32.0,34.0,1381.0,1078.0,1381.6242,1077.7741,1381.6242,1077.7741,192.4453894553336,27.64077376395388,1.655,1.371,77.44,0.08139,0.06592,78.07,1381.6242,1077.7741,192.4453894553336,27.64077376395388,2.6608370364,3.2233156211,2.6608370364,3.2233156211,1.823,1.6,68.77,1.822988,1.600271,68.77,23.3041,0.0,5.17,1.207,0.171,0.124,16.0,0.1104627539037601
3594,3594,16_57,16_16,1064.374,13.20937,18.7361,0.0135,-3.231366E-5,15.0,15.0,1224.0,1080.0,1224.1188,1080.0297,1224.1188,1080.0297,192.4954272570596,27.64141638098816,0.688,0.585,69.21,0.00967,0.00814,71.06,1224.1188,1080.0297,192.4954272570596,27.64141638098816,0.14741870037,0.15600057695,0.14741870037,0.15600057695,0.4,0.379,60.4,0.4001093,0.3785919,60.4,99.0,0.0,1.29,1.177,0.15,1.0,16.0,426,426,16_24,16_9,965.9114,32.83307,18.8415,0.0369,191.5674,21.0,22.0,1224.0,1080.0,1224.1083,1080.061,1224.1083,1080.061,192.49543087952307,27.641407664526955,1.204,1.106,45.31,0.05021,0.04547,45.07,1224.1083,1080.061,192.49543087952307,27.641407664526955,0.81325971174,0.81918449406,0.81325971174,0.81918449406,0.92,0.887,47.83,0.9199216,0.8866727,47.83,23.2851,0.0,3.23,1.088,0.081,0.804,16.0,0.03301423935197161
3598,3598,16_61,16_12,62425.18,101.1614,14.3155,0.0018,-9.213621E-5,13.0,13.0,1237.0,1062.0,1237.1354,1061.744,1237.1354,1061.744,192.49112519169915,27.64645313742464,0.465,0.446,-80.71,7.6E-4,7.3E-4,-79.91,1237.1354,1061.744,192.49112519169915,27.64645313742464,0.11692005124,0.13486518638,0.11692005124,0.13486518638,0.367,0.342,-89.77,0.3672403,0.3419353,-89.77,36.9274,0.0,0.95,1.042,0.041,1.0,16.0,428,428,16_26,16_7,63485.05,124.99,14.2972,0.0021,192.1332,115.0,125.0,1237.0,1062.0,1237.2131,1061.8011,1237.2131,1061.8011,192.49110104188657,27.646436456030727,1.72,1.644,5.77,0.00457,0.00439,30.12,1237.2131,1061.8011,192.49110104188657,27.646436456030727,0.99699310215,0.89091422008,0.99699310215,0.89091422008,0.999,0.944,-3.66,0.9987131,0.9436522,-3.66,23.3236,0.0,3.06,1.046,0.044,0.985,16.0,0.096424581928089
3600,3600,16_63,16_10,1808.541,17.21865,18.1605,0.0103,0.0,16.0,16.0,1121.0,1057.0,1121.2766,1057.5205,1121.2766,1057.5205,192.5278816958003,27.648569199854343,0.63,0.62,-5.58,0.00659,0.00631,-21.65,1121.2766,1057.5205,192.5278816958003,27.648569199854343,0.21825179398,0.26818781771,0.21825179398,0.26818781771,0.518,0.467,85.89,0.5181183,0.4668972,85.89,99.0,0.0,1.32,1.016,0.016,1.0,16.0,429,429,16_27,16_6,1682.603,39.72355,18.2389,0.0256,191.2653,28.0,31.0,1121.0,1057.0,1121.3416,1057.5579,1121.3416,1057.5579,192.52786139340685,27.648558165505,1.329,1.252,7.56,0.03866,0.03648,27.63,1121.3416,1057.5579,192.52786139340685,27.648558165505,0.91682785439,0.82635575798,0.91682785439,0.82635575798,0.958,0.908,-6.28,0.9580906,0.9084305,-6.28,23.2842,0.0,3.22,1.062,0.058,0.959,16.0,0.07499173287771238
3601,3601,16_64,16_9,1380.962,15.04617,18.4534,0.0118,-3.44679E-5,17.0,17.0,1269.0,1053.0,1268.8484,1052.6614,1268.8484,1052.6614,192.4809700146968,27.64875104887553,0.669,0.615,-9.79,0.00826,0.00736,-12.14,1268.8484,1052.6614,192.4809700146968,27.64875104887553,0.19401937495,0.22036436663,0.19401937495,0.22036436663,0.47,0.44,-84.28,0.4697146,0.4401726,-84.28,99.0,0.0,1.4,1.088,0.081,1.0,16.0,430,430,16_28,16_5,1227.978,35.74551,18.5809,0.0316,192.067,21.0,26.0,1269.0,1053.0,1268.8948,1052.6512,1268.8948,1052.6512,192.48095518473767,27.64875354187869,1.255,1.18,-29.36,0.04485,0.04159,-57.52,1268.8948,1052.6512,192.48095518473767,27.64875354187869,0.92424637468,0.78532420973,0.92424637468,0.78532420973,0.962,0.886,-5.3,0.962005,0.8855038,-5.3,23.3204,0.0,3.17,1.063,0.06,0.95,16.0,0.04750789408081598
3603,3603,16_66,16_7,1836.652,17.35196,18.1438,0.0103,0.0,17.0,17.0,1072.0,1043.0,1072.0269,1042.8704,1072.0269,1042.8704,192.5433901523081,27.653080228547395,0.672,0.614,-32.99,0.00696,0.00629,-35.4,1072.0269,1042.8704,192.5433901523081,27.653080228547395,0.17592760646,0.17368796149,0.17592760646,0.17368796149,0.425,0.411,-39.7,0.4253201,0.4107535,-39.7,99.0,0.0,1.34,1.094,0.086,1.0,16.0,431,431,16_29,16_4,1709.773,40.28886,18.2215,0.0256,191.5088,26.0,32.0,1072.0,1043.0,1072.1174,1042.8675,1072.1174,1042.8675,192.5433613820825,27.653080325921017,1.332,1.288,-27.04,0.03923,0.0374,-76.48,1072.1174,1042.8675,192.5433613820825,27.653080325921017,0.9506107717,0.84945277407,0.9506107717,0.84945277407,0.978,0.918,-13.25,0.9780326,0.9184311,-13.25,23.3076,0.0,3.25,1.034,0.033,0.95,16.0,0.09054645216684835
3607,3607,16_70,16_3,3634.41,24.40911,17.4028,0.0073,-1.297687E-5,14.0,14.0,1333.0,1027.0,1333.293,1027.4258,1333.293,1027.4258,192.4602696204912,27.655324217930197,0.595,0.553,33.64,0.00414,0.00387,32.44,1333.293,1027.4258,192.4602696204912,27.655324217930197,0.18241224506,0.23692076742,0.18241224506,0.23692076742,0.488,0.426,81.43,0.4880436,0.425613,81.43,99.0,0.0,1.15,1.077,0.071,1.0,16.0,432,432,16_30,16_3,3386.745,47.2144,17.4794,0.0151,192.1032,35.0,41.0,1333.0,1027.0,1333.3673,1027.4217,1333.3673,1027.4217,192.46024598539896,27.655324766533997,1.473,1.3,11.3,0.02697,0.02239,13.72,1333.3673,1027.4217,192.46024598539896,27.655324766533997,0.93133370087,0.82625477928,0.93133370087,0.82625477928,0.966,0.908,7.21,0.9659426,0.9080437,7.21,23.3255,0.0,3.05,1.133,0.118,0.98,16.0,0.07441303649225786
3609,3609,17_1,17_439,8454242.0,1177.26,8.9862,2.0E-4,6.248365E-4,19289.0,19289.0,1774.0,1378.0,1779.412,1380.8257,1779.412,1380.8257,192.32199701297884,27.55225777603069,17.618,13.279,-89.99,0.00245,0.00185,-89.99,1779.412,1380.8257,192.32199701297884,27.55225777603069,17.557109783,13.210212399,17.557109783,13.210212399,4.19,3.635,0.4,4.190145,3.634557,0.4,99.0,4.0,91.83,1.327,0.246,0.997,17.0,445,445,17_12,17_35,7646724.0,1842.598,9.0952,3.0E-4,211.273,10060.0,10490.0,1785.0,1378.0,1779.8091,1379.6116,1779.8091,1379.6116,192.32185936613172,27.55259578689792,15.074,12.224,-85.41,0.00382,0.00336,-75.46,1779.8091,1379.6116,192.32185936613172,27.55259578689792,18.123618655,14.260644717,18.123618655,14.260644717,4.257,3.776,0.32,4.257198,3.776311,0.32,23.6911,7.0,81.49,1.233,0.189,0.596,17.0,1.2773907859383822
3610,3610,17_2,17_7,1356.548,14.91258,18.4728,0.0119,3.926863E-5,47.0,47.0,1949.0,1024.0,1948.1343,1024.1642,1948.1343,1024.1642,192.26499734326663,27.65109667520884,1.957,1.234,63.34,0.02152,0.01357,63.34,1948.1343,1024.1642,192.26499734326663,27.65109667520884,0.67538229232,0.89957173441,0.67538229232,0.89957173441,0.961,0.807,72.5,0.9614176,0.8066166,72.5,50.8256,0.0,4.11,1.586,0.369,1.0,17.0,434,434,17_1,17_3,1150.442,40.64013,18.6517,0.0384,192.3521,31.0,36.0,1949.0,1024.0,1948.4391,1024.4726,1948.4391,1024.4726,192.264903574466,27.651007348588887,1.642,1.395,73.32,0.06908,0.05719,77.71,1948.4391,1024.4726,192.264903574466,27.651007348588887,2.1788591978,2.4127338984,2.1788591978,2.4127338984,1.561,1.468,72.97,1.561075,1.467868,72.97,23.3144,0.0,5.28,1.177,0.151,0.008,17.0,0.43360535052065863
3611,3611,17_3,17_3,674.6795,10.51681,19.2311,0.0169,4.507463E-5,19.0,19.0,1947.0,1015.0,1947.4049,1014.6912,1947.4049,1014.6912,192.26513661457705,27.653766209345054,1.277,0.637,79.85,0.0199,0.00993,79.85,1947.4049,1014.6912,192.26513661457705,27.653766209345054,0.32507050452,0.67889858528,0.32507050452,0.67889858528,0.828,0.565,82.59,0.827639,0.5647855,82.59,49.8056,0.0,3.6,2.005,0.501,1.0,17.0,436,436,17_3,17_1,520.0531,29.99187,19.5137,0.0626,192.4559,17.0,20.0,1947.0,1015.0,1947.4035,1014.7745,1947.4035,1014.7745,192.26513787086424,27.653742802280345,1.371,1.007,-87.75,0.09214,0.06622,-84.83,1947.4035,1014.7745,192.26513787086424,27.653742802280345,1.7622683072,2.2814856444,1.7622683072,2.2814856444,1.51,1.328,89.95,1.510459,1.327504,89.95,23.323,0.0,5.07,1.362,0.266,0.069,17.0,0.08331176387522764
3612,3612,17_4,17_2,11225.88,42.8988,16.1783,0.0042,0.003028963,8.0,8.0,1567.0,1015.0,1566.7169,1015.1565,1566.7169,1015.1565,192.3860240048328,27.6568549000966,0.504,0.435,-1.08,0.00192,0.00166,-1.08,1566.7169,1015.1565,192.3860240048328,27.6568549000966,0.17345315603,0.12847249587,0.17345315603,0.12847249587,0.416,0.358,-0.39,0.4164796,0.3584277,-0.39,50.5792,0.0,0.97,1.158,0.137,1.0,17.0,435,435,17_2,17_2,10888.47,67.35553,16.2115,0.0067,192.1727,58.0,66.0,1567.0,1015.0,1566.7735,1015.2035,1566.7735,1015.2035,192.38600647510876,27.65684121512693,1.595,1.51,-0.0,0.01286,0.0126,-8.27,1566.7735,1015.2035,192.38600647510876,27.65684121512693,0.99183742543,0.87806301735,0.99183742543,0.87806301735,0.996,0.937,-3.25,0.9960957,0.9368532,-3.25,23.3099,0.0,3.11,1.056,0.053,0.983,17.0,0.07357010262331382
3710,3710,17_102,17_373,534.448,9.360258,19.4841,0.019,-9.318464E-5,8.0,8.0,1857.0,1439.0,1856.9444,1438.7425,1856.9444,1438.7425,192.2979589919217,27.535315610497637,0.74,0.591,-35.82,0.01295,0.01036,-35.82,1856.9444,1438.7425,192.2979589919217,27.535315610497637,0.2952692117,0.28603209516,0.2952692117,0.28603209516,0.566,0.511,-40.48,0.5657181,0.5111402,-40.48,33.9203,0.0,1.85,1.251,0.2,1.0,17.0,453,453,17_20,17_31,272.838,26.5122,20.2141,0.1055,208.7431,8.0,8.0,1857.0,1439.0,1856.8875,1438.8249,1856.8875,1438.8249,192.2979778370092,27.535292926537064,0.824,0.677,-41.85,0.06894,0.05469,-44.95,1856.8875,1438.8249,192.2979778370092,27.535292926537064,0.88914337079,0.79746212935,0.88914337079,0.79746212935,0.95,0.886,-19.5,0.949887,0.8856186,-19.5,23.0606,0.0,3.35,1.217,0.179,0.517,17.0,0.10013675648834378
3722,3722,17_114,17_361,630.7313,10.16851,19.3043,0.0175,-5.701474E-6,9.0,9.0,1645.0,1426.0,1645.3351,1425.5292,1645.3351,1425.5292,192.3649609550581,27.540815002071497,0.687,0.508,-8.26,0.01108,0.00819,-8.26,1645.3351,1425.5292,192.3649609550581,27.540815002071497,0.28261985213,0.24976294913,0.28261985213,0.24976294913,0.534,0.497,-15.71,0.5342669,0.4969322,-15.71,36.8645,0.0,1.79,1.353,0.261,1.0,17.0,448,448,17_15,17_30,489.5191,29.12346,19.5794,0.0646,201.1118,13.0,13.0,1645.0,1426.0,1645.3928,1425.6042,1645.3928,1425.6042,192.36494336256456,27.540793431808773,0.999,0.883,-35.74,0.06557,0.05609,-44.3,1645.3928,1425.6042,192.36494336256456,27.540793431808773,0.93984788453,0.78922679298,0.93984788453,0.78922679298,0.97,0.888,-3.31,0.9697179,0.8881001,-3.31,23.0376,0.0,3.67,1.131,0.116,0.52,17.0,0.09462711028037722
3724,3724,17_116,17_359,1338.414,14.81257,18.4874,0.012,8.157674E-4,8.0,8.0,1689.0,1423.0,1689.0735,1423.3524,1689.0735,1423.3524,192.35106429384004,27.541061065445845,0.661,0.579,-17.72,0.00731,0.00641,-17.72,1689.0735,1423.3524,192.35106429384004,27.541061065445845,0.22734831507,0.25628212784,0.22734831507,0.25628212784,0.508,0.475,-75.43,0.5083104,0.4746061,-75.43,38.6034,0.0,1.6,1.141,0.123,1.0,17.0,470,470,17_37,17_28,1010.438,42.95228,18.7926,0.0462,211.6232,19.0,23.0,1689.0,1423.0,1689.1302,1423.3244,1689.1302,1423.3244,192.35104603896303,27.54106846296886,1.285,1.096,-11.24,0.04724,0.04,-12.74,1689.1302,1423.3244,192.35104603896303,27.54106846296886,0.95371911729,0.82558051784,0.95371911729,0.82558051784,0.977,0.908,-5.5,0.977199,0.9079548,-5.5,23.2797,0.0,3.36,1.173,0.147,0.86,17.0,0.06323677727407934
3735,3735,17_127,17_349,4991.932,28.60681,17.0582,0.0062,0.001302214,9.0,9.0,1867.0,1408.0,1867.5176,1407.6908,1867.5176,1407.6908,192.29430487382783,27.54395629061711,0.55,0.513,-44.62,0.00315,0.00294,-44.62,1867.5176,1407.6908,192.29430487382783,27.54395629061711,0.25153376475,0.17435244375,0.25153376475,0.17435244375,0.503,0.416,-7.56,0.5029085,0.4158957,-7.56,99.0,0.0,1.15,1.072,0.067,1.0,17.0,446,446,17_13,17_26,4435.222,66.9224,17.1866,0.0164,210.7461,36.0,39.0,1867.0,1408.0,1867.5866,1407.73,1867.5866,1407.73,192.2942833641844,27.54394468093346,1.421,1.354,19.08,0.01908,0.01758,36.79,1867.5866,1407.73,192.2942833641844,27.54394468093346,0.9469900757,0.86662572278,0.9469900757,0.86662572278,0.974,0.93,-9.95,0.9744447,0.9295554,-9.95,23.0628,0.0,3.12,1.049,0.047,0.981,17.0,0.07935767133693454
3743,3743,17_135,17_341,90306.99,121.6734,13.9146,0.0015,0.0,5.0,5.0,2015.0,1399.0,2014.992,1399.1618,2014.992,1399.1618,192.24744043126523,27.545089404336206,0.48,0.302,89.86,6.5E-4,4.1E-4,89.86,2014.992,1399.1618,192.24744043126523,27.545089404336206,0.083856595926,0.096416738015,0.083856595926,0.096416738015,0.311,0.29,89.99,0.3105105,0.28958,89.99,36.8231,20.0,0.0,1.588,0.37,1.0,17.0,447,447,17_14,17_25,90165.45,137.5337,13.9163,0.0017,193.2712,92.0,95.0,2015.0,1399.0,2014.8522,1399.2318,2014.8522,1399.2318,192.24748546149584,27.5450709301981,1.619,1.426,-89.32,0.00334,0.00268,88.25,2014.8522,1399.2318,192.24748546149584,27.5450709301981,0.88478115374,0.8411693154,0.88478115374,0.8411693154,0.942,0.916,-13.1,0.9419553,0.9157897,-13.1,23.297,24.0,3.19,1.136,0.119,0.988,17.0,0.15634589857098755
3813,3813,17_205,17_274,4036.587,25.72422,17.2888,0.0069,-0.001619298,7.0,7.0,1937.0,1356.0,1937.0467,1355.6252,1937.0467,1355.6252,192.27174257453416,27.55800084876967,0.518,0.474,-64.86,0.0033,0.00302,-64.86,1937.0467,1355.6252,192.27174257453416,27.55800084876967,0.052574758366,0.1431313251,0.052574758366,0.1431313251,0.378,0.229,-88.57,0.3784012,0.2291694,-88.57,33.2725,0.0,1.01,1.092,0.084,1.0,17.0,450,450,17_17,17_22,3732.331,47.70147,17.3739,0.0139,198.3178,39.0,44.0,1937.0,1356.0,1937.1072,1355.686,1937.1072,1355.686,192.2717239718122,27.55798323530461,1.463,1.372,1.63,0.02484,0.02313,25.19,1937.1072,1355.686,192.2717239718122,27.55798323530461,0.93634227337,0.83978201879,0.93634227337,0.83978201879,0.969,0.915,-10.47,0.9694118,0.9145299,-10.47,23.4148,0.0,3.02,1.067,0.062,0.981,17.0,0.0857723148805884
3831,3831,17_223,17_260,111748.0,135.349,13.6833,0.0013,121.6951,14.0,14.0,1759.0,1343.0,1758.7787,1343.1306,1758.7787,1343.1306,192.3281816999585,27.56303082879325,0.488,0.465,25.07,5.9E-4,5.6E-4,25.07,1758.7787,1343.1306,192.3281816999585,27.56303082879325,0.13848369487,0.12335270048,0.13848369487,0.12335270048,0.372,0.351,1.63,0.3721505,0.3511986,1.63,99.0,4.0,0.91,1.049,0.047,1.0,17.0,441,441,17_8,17_35,162763.2,418.7515,13.275,0.0028,224.1265,722.0,766.0,1759.0,1343.0,1758.8405,1343.1725,1758.8405,1343.1725,192.3281624930884,27.563018526079517,5.048,4.46,39.2,0.01101,0.00903,49.8,1758.8405,1343.1725,192.3281624930884,27.563018526079517,1.4027251933,1.2795249738,1.4027251933,1.2795249738,1.184,1.131,0.97,1.184382,1.131145,0.97,23.2185,3.0,3.11,1.132,0.117,0.896,17.0,0.07466491813421285
3832,3832,17_224,17_259,1043.929,13.08189,18.7572,0.0136,-7.78926E-11,8.0,8.0,1578.0,1343.0,1578.5052,1343.2417,1578.5052,1343.2417,192.38538496991885,27.564509037850925,0.606,0.53,-68.66,0.00759,0.00664,-68.66,1578.5052,1343.2417,192.38538496991885,27.564509037850925,0.25016998787,0.20955617117,0.25016998787,0.20955617117,0.502,0.456,-10.92,0.5017371,0.4560549,-10.92,37.6143,0.0,1.49,1.143,0.125,1.0,17.0,452,452,17_19,17_20,867.4796,31.98634,18.9582,0.04,196.3881,21.0,22.0,1578.0,1343.0,1578.5152,1343.2782,1578.5152,1343.2782,192.3853821419141,27.56449869178947,1.234,1.078,-0.99,0.05654,0.04785,-0.07,1578.5152,1343.2782,192.3853821419141,27.56449869178947,0.94036997866,0.83530503191,0.94036997866,0.83530503191,0.972,0.912,-10.54,0.9716659,0.9118884,-10.54,23.3716,0.0,3.28,1.145,0.127,0.847,17.0,0.0378450789402652
3842,3842,17_234,17_249,864.722,11.9062,18.9617,0.015,7.096879E-5,27.0,27.0,1666.0,1330.0,1665.1173,1331.219,1665.1173,1331.219,192.35778714194927,27.567167388864693,2.962,0.568,-55.18,0.04078,0.00782,-55.18,1665.1173,1331.219,192.35778714194927,27.567167388864693,0.47005817677,0.56368368963,0.47005817677,0.56368368963,0.864,0.536,-50.87,0.8642498,0.5355504,-50.87,99.0,2.0,6.44,5.212,0.808,1.0,17.0,454,454,17_21,17_18,438.0445,30.54604,19.7001,0.0757,204.6949,12.0,14.0,1666.0,1330.0,1665.7738,1330.1849,1665.7738,1330.1849,192.3575689757101,27.567452655015224,1.148,0.853,-53.21,0.07619,0.05444,-54.18,1665.7738,1330.1849,192.3575689757101,27.567452655015224,1.3126610852,1.3650001822,1.3126610852,1.3650001822,1.25,1.056,-48.35,1.250161,1.055822,-48.35,23.2022,0.0,3.93,1.346,0.257,0.652,17.0,1.2248898154528973
3872,3872,17_264,17_222,14218.28,48.27903,15.9218,0.0037,-0.003173796,8.0,8.0,1672.0,1314.0,1671.8508,1314.2666,1671.8508,1314.2666,192.35548897689804,27.571877566213384,0.473,0.466,-79.77,0.00161,0.00158,-79.77,1671.8508,1314.2666,192.35548897689804,27.571877566213384,0.13136544951,0.15283938183,0.13136544951,0.15283938183,0.391,0.362,-89.56,0.3909484,0.362442,-89.56,32.5443,0.0,0.97,1.016,0.016,1.0,17.0,455,455,17_22,17_17,13774.96,79.65682,15.9561,0.0063,203.5425,64.0,69.0,1672.0,1314.0,1671.9136,1314.3306,1671.9136,1314.3306,192.3554696584154,27.57185904507713,1.61,1.528,10.99,0.01103,0.01031,42.87,1671.9136,1314.3306,192.3554696584154,27.57185904507713,1.0008645989,0.89956489789,1.0008645989,0.89956489789,1.001,0.948,-2.47,1.000527,0.9483542,-2.47,23.2595,0.0,3.11,1.053,0.051,0.983,17.0,0.08966515488208958
3962,3962,17_354,17_133,204097.6,182.917,13.0293,0.001,-5.819363E-5,8.0,8.0,1755.0,1259.0,1754.9885,1259.4504,1754.9885,1259.4504,192.32858185691487,27.58659102313897,0.502,0.399,80.36,4.5E-4,3.6E-4,80.36,1754.9885,1259.4504,192.32858185691487,27.58659102313897,0.10778011988,0.23198340194,0.10778011988,0.23198340194,0.482,0.328,89.39,0.4816612,0.3282774,89.39,35.0369,4.0,0.0,1.257,0.204,1.0,17.0,456,456,17_23,17_16,207691.0,211.2887,13.0103,0.0011,202.6911,160.0,166.0,1755.0,1259.0,1755.0661,1259.51,1755.0661,1259.51,192.32855780169928,27.58657361044264,1.753,1.682,11.27,0.00214,0.00209,10.31,1755.0661,1259.51,192.32855780169928,27.58657361044264,1.012680226,0.9081507881,1.012680226,0.9081507881,1.006,0.953,-0.79,1.00633,0.952959,-0.79,23.0804,0.0,3.12,1.042,0.041,0.986,17.0,0.09784641025616164
3974,3974,17_366,17_121,7268.499,34.51894,16.6503,0.0052,-7.522467E-5,8.0,8.0,1760.0,1236.0,1760.0093,1235.8146,1760.0093,1235.8146,192.32676169463056,27.593194191548697,0.472,0.434,56.34,0.00224,0.00206,56.34,1760.0093,1235.8146,192.32676169463056,27.593194191548697,0.10648593796,0.11568945747,0.10648593796,0.11568945747,0.34,0.326,88.53,0.3401405,0.3263125,88.53,36.1972,0.0,0.98,1.087,0.08,1.0,17.0,457,457,17_24,17_15,6900.117,62.77494,16.7067,0.0099,200.0448,44.0,55.0,1760.0,1236.0,1760.0712,1235.8565,1760.0712,1235.8565,192.3267424512997,27.59318188779932,1.536,1.446,5.98,0.01677,0.01617,-8.53,1760.0712,1235.8565,192.3267424512997,27.59318188779932,0.93738083959,0.84153100535,0.93738083959,0.84153100535,0.969,0.917,4.98,0.9685631,0.91695,4.98,23.2457,0.0,3.05,1.063,0.059,0.982,17.0,0.0747477089952113
3978,3978,17_370,17_117,1232.088,14.21203,18.5773,0.0125,-1.467211E-5,7.0,7.0,1942.0,1230.0,1941.8127,1229.5232,1941.8127,1229.5232,192.2690037437441,27.593414527113552,0.589,0.518,4.28,0.0068,0.00597,4.28,1941.8127,1229.5232,192.2690037437441,27.593414527113552,0.17738330753,0.25188361413,0.17738330753,0.25188361413,0.502,0.421,87.94,0.5019758,0.4210549,87.94,42.8671,0.0,1.35,1.138,0.121,1.0,17.0,458,458,17_25,17_14,1059.382,34.46484,18.7412,0.0353,194.6982,22.0,24.0,1942.0,1230.0,1941.8656,1229.492,1941.8656,1229.492,192.2689866524593,27.593422844881346,1.259,1.127,-13.9,0.05065,0.04538,-26.2,1941.8656,1229.492,192.2689866524593,27.593422844881346,0.91481531836,0.79493804796,0.91481531836,0.79493804796,0.957,0.891,2.63,0.956592,0.8914511,2.63,23.327,0.0,3.39,1.117,0.105,0.908,17.0,0.061415388951160055
3980,3980,17_372,17_115,112200.8,135.6229,13.6789,0.0013,-0.001942311,4.0,4.0,1778.0,1228.0,1778.2962,1228.0424,1778.2962,1228.0424,192.3208832743095,27.595224833585707,0.461,0.192,8.57,5.6E-4,2.3E-4,8.57,1778.2962,1228.0424,192.3208832743095,27.595224833585707,0.11577002157,0.083984459335,0.11577002157,0.083984459335,0.34,0.29,0.48,0.3402533,0.2897968,0.48,33.1318,4.0,1.64,2.406,0.584,1.0,17.0,438,438,17_5,17_35,137355.2,216.0271,13.4593,0.0017,198.8548,358.0,440.0,1778.0,1228.0,1778.4864,1228.2759,1778.4864,1228.2759,192.32082515324052,27.595157572317405,13.82,1.163,88.77,0.02775,0.00215,89.7,1778.4864,1228.2759,192.32082515324052,27.595157572317405,0.15212787447,0.14281303708,0.15212787447,0.14281303708,0.392,0.376,20.56,0.3919863,0.3758824,20.56,23.372,7.0,0.0,11.883,0.916,0.972,17.0,0.3011615679332683
3981,3981,17_373,17_114,1208.3,14.07416,18.5984,0.0126,-5.922957E-5,7.0,7.0,2001.0,1227.0,2001.3212,1226.5531,2001.3212,1226.5531,192.2500901420895,27.59373721392696,0.576,0.535,-19.37,0.0067,0.00623,-19.37,2001.3212,1226.5531,192.2500901420895,27.59373721392696,0.22188642349,0.25025641342,0.22188642349,0.25025641342,0.504,0.467,-70.44,0.5043378,0.4666757,-70.44,99.0,0.0,1.44,1.076,0.07,1.0,17.0,459,459,17_26,17_13,1041.247,34.2333,18.76,0.0357,193.6157,22.0,24.0,2001.0,1227.0,2001.3478,1226.6471,2001.3478,1226.6471,192.2500826197836,27.59371055605656,1.276,1.124,3.57,0.0518,0.04525,4.28,2001.3478,1226.6471,192.2500826197836,27.59371055605656,0.93670041377,0.83121201475,0.93670041377,0.83121201475,0.968,0.912,0.54,0.9678378,0.9117031,0.54,23.3099,0.0,3.24,1.135,0.119,0.94,17.0,0.09769114596503818
3993,3993,17_385,17_102,58371.48,97.82175,14.3884,0.0018,-3.083638E-5,6.0,6.0,1963.0,1199.0,1963.2865,1199.4433,1963.2865,1199.4433,192.26189591751512,27.601687005102317,0.497,0.461,83.44,8.3E-4,7.7E-4,83.44,1963.2865,1199.4433,192.26189591751512,27.601687005102317,0.12197285263,0.22749005129,0.12197285263,0.22749005129,0.477,0.349,88.9,0.4770003,0.34919,88.9,42.9184,0.0,0.94,1.08,0.074,1.0,17.0,460,460,17_27,17_12,58190.0,120.5961,14.3917,0.0023,194.1289,109.0,120.0,1963.0,1199.0,1963.3642,1199.5113,1963.3642,1199.5113,192.2618719210473,27.601667218120284,1.715,1.633,4.36,0.00472,0.00468,14.45,1963.3642,1199.5113,192.2618719210473,27.601667218120284,1.0081733804,0.90041511693,1.0081733804,0.90041511693,1.004,0.949,-2.31,1.004166,0.9488091,-2.31,23.3349,0.0,3.07,1.05,0.047,0.983,17.0,0.10325352294234576
4004,4004,17_396,17_91,9749.245,39.97795,16.3314,0.0045,-6.465737E-5,9.0,9.0,1610.0,1186.0,1609.625,1186.0459,1609.625,1186.0459,192.37401935234055,27.60844953573644,0.507,0.43,0.93,0.00208,0.00176,0.93,1609.625,1186.0459,192.37401935234055,27.60844953573644,0.19876897999,0.11592612371,0.19876897999,0.11592612371,0.446,0.34,0.04,0.4458352,0.3404792,0.04,99.0,0.0,1.01,1.18,0.153,1.0,17.0,461,461,17_28,17_11,9471.947,65.21274,16.3628,0.0075,194.7789,58.0,66.0,1610.0,1186.0,1609.6748,1186.1073,1609.6748,1186.1073,192.37400412655245,27.608431856803197,1.591,1.529,-3.5,0.01453,0.01421,-42.58,1609.6748,1186.1073,192.37400412655245,27.608431856803197,0.99419346809,0.89471436718,0.99419346809,0.89471436718,0.997,0.946,-1.08,0.9971101,0.9458748,-1.08,23.3548,0.0,3.02,1.04,0.038,0.985,17.0,0.07905694150407373
4007,4007,17_399,17_88,774.1199,11.26521,19.0818,0.0158,-1.190043E-5,25.0,25.0,1641.0,1165.0,1641.0803,1165.783,1641.0803,1165.783,192.36384178441435,27.613884228919044,2.012,0.654,87.65,0.02927,0.00952,87.65,1641.0803,1165.783,192.36384178441435,27.613884228919044,0.40745819596,1.1719866836,0.40745819596,1.1719866836,1.092,0.621,80.6,1.09248,0.6212353,80.6,99.0,0.0,6.01,3.075,0.675,1.0,17.0,462,462,17_29,17_10,570.8836,32.73616,19.4125,0.0623,194.7841,19.0,24.0,1641.0,1165.0,1641.0706,1165.7551,1641.0706,1165.7551,192.3638445983096,27.613892154578384,1.688,1.022,76.09,0.10888,0.06642,74.68,1641.0706,1165.7551,192.3638445983096,27.613892154578384,2.5504724315,3.3375405407,2.5504724315,3.3375405407,1.835,1.588,79.27,1.834906,1.587808,79.27,23.3494,0.0,6.43,1.652,0.395,0.003,17.0,0.029538110975333445
4013,4013,17_405,17_82,87506.12,119.7717,13.9488,0.0015,-0.002124795,1.0,1.0,1780.0,1164.0,1780.0,1164.0,1780.0,1164.0,192.3197269846652,27.613216688620444,0.289,0.289,45.0,4.0E-4,4.0E-4,45.0,1780.0,1164.0,192.3197269846652,27.613216688620444,0.0833333,0.0833333,0.0833333,0.0833333,0.289,0.289,45.0,0.2886751,0.2886751,45.0,33.0116,4.0,0.0,1.0,0.0,1.0,17.0,439,439,17_6,17_35,118859.9,163.4971,13.6163,0.0015,195.0421,144.0,181.0,1780.0,1164.0,1779.5443,1163.3718,1779.5443,1163.3718,192.31986559585656,27.61339717175285,5.486,0.915,-89.44,0.01478,0.00152,-88.92,1779.5443,1163.3718,192.31986559585656,27.61339717175285,0.13156101805,0.28451108924,0.13156101805,0.28451108924,0.54,0.352,77.93,0.54022,0.3524691,77.93,23.3345,6.0,0.0,5.998,0.833,1.0,17.0,0.7760784303149484
4021,4021,17_413,17_74,318.2365,7.222875,20.047,0.0246,-4.534356E-5,10.0,10.0,2011.0,1144.0,2010.4631,1143.5016,2010.4631,1143.5016,192.24637644367735,27.617008095288767,0.813,0.643,80.29,0.01844,0.0146,80.29,2010.4631,1143.5016,192.24637644367735,27.617008095288767,0.29182380288,0.36037804135,0.29182380288,0.36037804135,0.604,0.536,76.06,0.6040523,0.5360249,76.06,46.2795,0.0,2.52,1.264,0.209,1.0,17.0,463,463,17_30,17_9,143.1876,16.57086,20.9141,0.1257,192.7381,6.0,6.0,2011.0,1143.0,2010.0672,1143.4976,2010.0672,1143.4976,192.24650206343597,27.617012642087403,0.805,0.5,0.07,0.11502,0.07028,-0.02,2010.0672,1143.4976,192.24650206343597,27.617012642087403,1.1338946955,1.1004117724,1.1338946955,1.1004117724,1.074,1.04,31.18,1.07389,1.039744,31.18,23.3081,0.0,3.74,1.61,0.379,0.473,17.0,0.39592020660732613
4028,4028,17_420,17_67,5267.397,29.3855,16.9999,0.0061,-6.054714E-8,8.0,8.0,1899.0,1129.0,1899.0996,1129.5054,1899.0996,1129.5054,192.28158850354532,27.62190108718274,0.53,0.505,49.75,0.00296,0.00282,49.75,1899.0996,1129.5054,192.28158850354532,27.62190108718274,0.098729861384,0.25152596997,0.098729861384,0.25152596997,0.502,0.314,88.08,0.5016949,0.3139397,88.08,46.1648,0.0,1.1,1.049,0.047,1.0,17.0,464,464,17_31,17_8,5016.648,54.13968,17.0528,0.0117,193.7162,45.0,52.0,1899.0,1129.0,1899.1662,1129.5867,1899.1662,1129.5867,192.2815681516186,27.621877659436677,1.525,1.448,2.77,0.02127,0.02092,-29.67,1899.1662,1129.5867,192.2815681516186,27.621877659436677,0.99900425381,0.88517648313,0.99900425381,0.88517648313,1.0,0.941,2.47,0.9996083,0.9407253,2.47,23.3361,0.0,3.15,1.053,0.05,0.98,17.0,0.10509638433358737
4032,4032,17_424,17_63,328.7381,7.341083,20.0117,0.0243,-1.374931E-6,10.0,10.0,1627.0,1125.0,1627.1761,1124.4553,1627.1761,1124.4553,192.36786300255292,27.62562037035997,0.791,0.639,-79.2,0.01767,0.01428,-79.2,1627.1761,1124.4553,192.36786300255292,27.62562037035997,0.30098500425,0.36353038032,0.30098500425,0.36353038032,0.605,0.546,-78.95,0.6049863,0.5463579,-78.95,47.2578,0.0,2.05,1.237,0.192,1.0,17.0,465,465,17_32,17_7,188.3873,20.05662,20.6162,0.1156,193.3752,6.0,9.0,1627.0,1125.0,1627.1406,1124.3544,1627.1406,1124.3544,192.3678733143932,27.62564903644005,0.935,0.688,-69.67,0.11639,0.08395,-69.74,1627.1406,1124.3544,192.3678733143932,27.62564903644005,1.3221692541,1.3933503896,1.3221692541,1.3933503896,1.181,1.15,84.43,1.180692,1.149559,84.43,23.2821,0.0,4.61,1.358,0.264,0.498,17.0,0.10696289076135108
4049,4049,17_441,17_46,7154.697,34.24765,16.6674,0.0052,2.567146E-5,9.0,9.0,1927.0,1068.0,1927.094,1067.933,1927.094,1067.933,192.27210348775012,27.638972139523123,0.464,0.41,-12.36,0.00222,0.00196,-12.36,1927.094,1067.933,192.27210348775012,27.638972139523123,0.1008617756,0.096158679438,0.1008617756,0.096158679438,0.318,0.31,-0.6,0.3175882,0.3100938,-0.6,50.6683,0.0,2.52,1.134,0.118,1.0,17.0,466,466,17_33,17_6,6852.986,58.56467,16.7142,0.0093,193.137,49.0,57.0,1927.0,1068.0,1927.1709,1068.0039,1927.1709,1068.0039,192.2720797638665,27.638951546064074,1.57,1.438,-5.02,0.01795,0.01628,-6.62,1927.1709,1068.0039,192.2720797638665,27.638951546064074,0.95496640256,0.84198570052,0.95496640256,0.84198570052,0.978,0.916,-7.56,0.9782608,0.9164922,-7.56,23.3465,0.0,3.06,1.092,0.084,0.983,17.0,0.10459646265526747
4063,4063,17_455,17_32,14639.26,48.98855,15.8901,0.0036,0.00413751,8.0,8.0,1944.0,1058.0,1944.1471,1057.9479,1944.1471,1057.9479,192.2665923841708,27.64163289477404,0.438,0.382,5.45,0.00146,0.00128,5.45,1944.1471,1057.9479,192.2665923841708,27.64163289477404,0.10038000115,0.094141417608,0.10038000115,0.094141417608,0.317,0.307,0.25,0.3168282,0.3068245,0.25,99.0,0.0,0.93,1.145,0.127,1.0,17.0,467,467,17_34,17_5,14454.27,74.03925,15.9039,0.0056,192.7189,69.0,77.0,1944.0,1058.0,1944.2069,1057.9944,1944.2069,1057.9944,192.26657385203717,27.64161930735128,1.63,1.553,-0.5,0.01122,0.01115,-14.95,1944.2069,1057.9944,192.26657385203717,27.64161930735128,0.97562279812,0.87316514914,0.97562279812,0.87316514914,0.988,0.934,-0.76,0.9877453,0.9344234,-0.76,23.3303,0.0,3.06,1.05,0.047,0.985,17.0,0.07575150163537037
4067,4067,17_459,17_28,1768.48,17.02688,18.1849,0.0105,3.915986E-5,7.0,7.0,1883.0,1055.0,1882.8312,1055.3612,1882.8312,1055.3612,192.2860339418758,27.64288591797553,0.529,0.507,29.81,0.00509,0.00488,29.81,1882.8312,1055.3612,192.2860339418758,27.64288591797553,0.092920464924,0.15298053399,0.092920464924,0.15298053399,0.391,0.305,89.15,0.3911443,0.3048067,89.15,49.0693,0.0,1.07,1.042,0.041,1.0,17.0,468,468,17_35,17_4,1565.999,38.05025,18.3169,0.0264,192.2538,24.0,29.0,1883.0,1055.0,1882.8006,1055.3908,1882.8006,1055.3908,192.2860439439565,27.642877857670257,1.276,1.226,43.95,0.03972,0.03704,59.35,1882.8006,1055.3908,192.2860439439565,27.642877857670257,0.88818014891,0.81673574941,0.88818014891,0.81673574941,0.945,0.901,14.63,0.9452007,0.9008394,14.63,23.2776,0.0,3.12,1.041,0.039,0.921,17.0,0.04257370080218416
4088,4088,17_480,17_464,551.875,9.511641,19.4493,0.0187,-8.742193E-5,4.0,4.0,1601.0,1512.0,1600.6918,1511.9768,1600.6918,1511.9768,192.37994301774964,27.51687955361922,0.609,0.15,-1.18,0.0105,0.00259,-1.18,1600.6918,1511.9768,192.37994301774964,27.51687955361922,0.20677147084,0.08782961833,0.20677147084,0.08782961833,0.455,0.296,-0.26,0.454724,0.2963566,-0.26,35.5652,16.0,1.68,4.06,0.754,1.0,17.0,469,469,17_36,17_34,534.3179,27.55994,19.4844,0.056,195.3679,14.0,15.0,1601.0,1513.0,1600.6237,1512.4563,1600.6237,1512.4563,192.3799691597025,27.516745292217635,1.041,0.952,39.71,0.06537,0.0572,44.89,1600.6237,1512.4563,192.3799691597025,27.516745292217635,0.84598131375,0.74338964549,0.84598131375,0.74338964549,0.92,0.862,3.99,0.9200456,0.861909,3.99,23.2719,16.0,3.36,1.093,0.085,0.747,17.0,0.4843117384496603
4101,4101,18_8,18_73,167351.5,165.6341,13.2448,0.0011,5.046371E-6,4.0,4.0,2170.0,1481.0,2169.7376,1480.6359,2169.7376,1480.6359,192.19916209739893,27.520837965877924,0.504,0.413,-58.57,5.0E-4,4.1E-4,-58.57,2169.7376,1480.6359,192.19916209739893,27.520837965877924,0.10776510524,0.18121215614,0.10776510524,0.18121215614,0.429,0.324,-79.37,0.4288306,0.3241628,-79.37,99.0,4.0,0.0,1.219,0.18,1.0,18.0,472,472,18_2,18_35,170412.1,186.8284,13.2251,0.0012,192.6079,165.0,175.0,2170.0,1481.0,2169.81,1480.6949,2169.81,1480.6949,192.1991397216122,27.52082074482678,1.736,1.681,-0.18,0.00252,0.00247,-2.85,2169.81,1480.6949,192.1991397216122,27.52082074482678,0.95406466847,0.87203140004,0.95406466847,0.87203140004,0.977,0.933,-6.97,0.9774001,0.9331587,-6.97,23.3621,0.0,3.0,1.033,0.032,0.992,18.0,0.09339571724655617
4104,4104,18_11,18_70,773.9507,11.26398,19.0821,0.0158,0.0,4.0,4.0,2453.0,1472.0,2453.4147,1472.4282,2453.4147,1472.4282,192.10912716311643,27.52063490701009,0.518,0.468,-46.22,0.00755,0.00681,-46.22,2453.4147,1472.4282,192.10912716311643,27.52063490701009,0.22373219745,0.23199961081,0.22373219745,0.23199961081,0.5,0.454,-50.44,0.4997484,0.4538539,-50.44,38.1186,0.0,1.07,1.108,0.098,1.0,18.0,473,473,18_3,18_34,633.5588,27.64742,19.2994,0.0474,192.4439,16.0,17.0,2453.0,1472.0,2453.4596,1472.5459,2453.4596,1472.5459,192.1091141162092,27.520601415648876,1.099,0.997,-70.68,0.06038,0.05292,-78.54,2453.4596,1472.5459,192.1091141162092,27.520601415648876,0.84247541831,0.84175885193,0.84247541831,0.84175885193,0.935,0.9,-44.68,0.9349142,0.9000943,-44.68,23.4384,0.0,3.37,1.102,0.092,0.529,18.0,0.1259734098928515
4107,4107,18_14,18_67,10426.0,41.34224,16.2586,0.0043,0.0,4.0,4.0,2469.0,1446.0,2469.3701,1446.2894,2469.3701,1446.2894,192.10380362702767,27.5278403634052,0.488,0.448,-20.65,0.00193,0.00178,-20.65,2469.3701,1446.2894,192.10380362702767,27.5278403634052,0.17673159865,0.12006632296,0.17673159865,0.12006632296,0.421,0.346,-5.15,0.4209465,0.3458351,-5.15,36.5827,0.0,0.97,1.087,0.08,1.0,18.0,474,474,18_4,18_33,10210.54,64.50352,16.2812,0.0069,191.2554,59.0,63.0,2469.0,1446.0,2469.4255,1446.3825,2469.4255,1446.3825,192.1037870025209,27.527813693301,1.554,1.514,-3.04,0.01301,0.01272,81.89,2469.4255,1446.3825,192.1037870025209,27.527813693301,0.98034564882,0.8949934382,0.98034564882,0.8949934382,0.991,0.946,-5.74,0.9905639,0.9455804,-5.74,23.3425,0.0,3.0,1.027,0.026,0.982,18.0,0.10833637431620069
4111,4111,18_18,18_63,271.1826,6.667546,20.2207,0.0267,0.0,6.0,6.0,2385.0,1426.0,2385.2095,1425.8701,2385.2095,1425.8701,192.1302853995012,27.5343331526396,0.792,0.396,43.23,0.01946,0.00974,43.23,2385.2095,1425.8701,192.1302853995012,27.5343331526396,0.17957904654,0.1529867807,0.17957904654,0.1529867807,0.468,0.337,37.68,0.4678535,0.3371631,37.68,39.9109,0.0,1.93,1.999,0.5,1.0,18.0,475,475,18_5,18_32,175.9767,18.53707,20.6902,0.1144,191.1718,7.0,8.0,2385.0,1426.0,2385.0957,1425.8549,2385.0957,1425.8549,192.13032133499712,27.53433843963555,0.853,0.66,43.76,0.11056,0.08722,44.87,2385.0957,1425.8549,192.13032133499712,27.53433843963555,1.2914874235,1.0863653031,1.2914874235,1.0863653031,1.178,0.995,29.41,1.177744,0.9953758,29.41,23.3273,0.0,3.63,1.292,0.226,0.384,18.0,0.11481062668594921
4112,4112,18_19,18_62,340.1482,7.467396,19.9747,0.0238,0.0,7.0,7.0,2169.0,1425.0,2169.3937,1424.8144,2169.3937,1424.8144,192.19871891799755,27.536535220745783,0.635,0.483,-23.11,0.01394,0.01061,-23.11,2169.3937,1424.8144,192.19871891799755,27.536535220745783,0.27014503353,0.1392406444,0.27014503353,0.1392406444,0.523,0.369,-8.44,0.5225805,0.3691819,-8.44,46.5246,0.0,1.37,1.314,0.239,1.0,18.0,476,476,18_6,18_31,269.0976,21.97465,20.2291,0.0887,191.8323,9.0,11.0,2170.0,1425.0,2169.4077,1424.8906,2169.4077,1424.8906,192.19871523166236,27.536513674667788,1.048,0.742,-14.94,0.10434,0.07359,-15.09,2169.4077,1424.8906,192.19871523166236,27.536513674667788,1.2207575577,0.99393937616,1.2207575577,0.99393937616,1.115,0.985,-16.87,1.115225,0.9853786,-16.87,23.3155,0.0,5.25,1.412,0.292,0.473,18.0,0.07747541545547942
4114,4114,18_21,18_60,2466.313,20.10755,17.8237,0.0089,0.0,6.0,6.0,2239.0,1419.0,2239.1743,1418.9223,2239.1743,1418.9223,192.17652906164068,27.537579504343576,0.446,0.346,-33.49,0.00364,0.00282,-33.49,2239.1743,1418.9223,192.17652906164068,27.537579504343576,0.097374913505,0.092279175469,0.097374913505,0.092279175469,0.312,0.304,-2.17,0.3120613,0.3037628,-2.17,99.0,0.0,0.83,1.29,0.225,1.0,18.0,477,477,18_7,18_30,2344.646,42.88419,17.8787,0.0199,191.4663,30.0,37.0,2239.0,1419.0,2239.1812,1418.9576,2239.1812,1418.9576,192.1765272244076,27.53756951919712,1.417,1.301,-22.86,0.03308,0.02992,-27.34,2239.1812,1418.9576,192.1765272244076,27.53756951919712,0.93054095982,0.84247723505,0.93054095982,0.84247723505,0.971,0.911,-19.42,0.9710987,0.9110355,-19.42,23.3227,0.0,3.13,1.089,0.082,0.977,18.0,0.03596804137006246
4122,4122,18_29,18_52,427.6039,8.372515,19.7263,0.0213,0.0,4.0,4.0,2192.0,1395.0,2191.7295,1395.1786,2191.7295,1395.1786,192.1913411853035,27.544671683943942,0.464,0.358,27.25,0.00909,0.00702,27.25,2191.7295,1395.1786,192.1913411853035,27.544671683943942,0.16048590011,0.12860634109,0.16048590011,0.12860634109,0.401,0.358,5.75,0.4010147,0.3581612,5.75,41.2143,0.0,1.04,1.296,0.228,1.0,18.0,479,479,18_9,18_28,358.5227,23.1709,19.9176,0.0702,191.3689,11.0,12.0,2192.0,1395.0,2191.6839,1395.0913,2191.6839,1395.0913,192.1913547833721,27.54469662785422,1.021,0.816,32.16,0.08606,0.06938,34.5,2191.6839,1395.0913,192.1913547833721,27.54469662785422,0.96413159456,0.8041837712,0.96413159456,0.8041837712,0.988,0.89,14.91,0.9880965,0.8899329,14.91,23.2964,0.0,4.06,1.251,0.201,0.239,18.0,0.0984918778376057
4123,4123,18_30,18_51,274.8815,6.712864,20.206,0.0265,0.0,6.0,6.0,2407.0,1394.0,2406.7876,1394.2994,2406.7876,1394.2994,192.12312450528805,27.54301635594608,0.687,0.471,-11.09,0.01677,0.0115,-11.09,2406.7876,1394.2994,192.12312450528805,27.54301635594608,0.28755114516,0.19444443269,0.28755114516,0.19444443269,0.536,0.441,0.09,0.5362382,0.4409583,0.09,37.8736,0.0,2.25,1.458,0.314,1.0,18.0,480,480,18_10,18_27,169.0403,17.55375,20.7339,0.1128,191.0003,6.0,7.0,2407.0,1394.0,2406.7414,1394.021,2406.7414,1394.021,192.1231363521792,27.543095035860755,0.732,0.701,-82.39,0.10084,0.09362,89.91,2406.7414,1394.021,192.1231363521792,27.543095035860755,1.3454696897,1.1847196258,1.3454696897,1.1847196258,1.162,1.087,8.85,1.161665,1.086611,8.85,23.3073,0.0,4.24,1.045,0.043,0.502,18.0,0.2822073705630361
4128,4128,18_35,18_46,305.9234,7.081764,20.0898,0.0251,0.0,5.0,5.0,2435.0,1337.0,2435.4362,1337.1941,2435.4362,1337.1941,192.1134622097449,27.558814376381,0.543,0.445,45.34,0.01258,0.01029,45.34,2435.4362,1337.1941,192.1134622097449,27.558814376381,0.21566929533,0.098040921927,0.21566929533,0.098040921927,0.466,0.31,7.22,0.4664603,0.3100404,7.22,36.5562,0.0,1.06,1.223,0.182,1.0,18.0,481,481,18_11,18_26,213.081,18.88275,20.4825,0.0962,191.0378,8.0,8.0,2436.0,1337.0,2435.4854,1337.1568,2435.4854,1337.1568,192.11344622771975,27.558824422123024,0.879,0.671,36.45,0.10553,0.07817,34.86,2435.4854,1337.1568,192.11344622771975,27.558824422123024,0.89023707427,0.85536423855,0.89023707427,0.85536423855,0.956,0.912,32.37,0.9558544,0.9121094,32.37,23.3102,0.0,4.56,1.31,0.237,0.521,18.0,0.06174082927844323
4130,4130,18_37,18_44,242.1278,6.300244,20.3438,0.0283,0.0,5.0,5.0,2366.0,1305.0,2366.0795,1305.0594,2366.0795,1305.0594,192.1351383090239,27.56846755598715,0.428,0.368,-84.36,0.01115,0.00956,-84.36,2366.0795,1305.0594,192.1351383090239,27.56846755598715,0.096282322005,0.10043994589,0.096282322005,0.10043994589,0.317,0.31,-89.42,0.3169233,0.3102932,-89.42,37.936,0.0,0.0,1.165,0.142,1.0,18.0,483,483,18_13,18_24,197.4229,17.8466,20.5654,0.0982,190.7769,7.0,7.0,2366.0,1305.0,2366.0439,1305.0325,2366.0439,1305.0325,192.13514933163333,27.56847543537132,0.885,0.534,44.05,0.1118,0.06466,44.89,2366.0439,1305.0325,192.13514933163333,27.56847543537132,0.72531790481,0.63670717174,0.72531790481,0.63670717174,0.878,0.769,30.18,0.8778228,0.7690592,30.18,23.2788,0.0,4.07,1.659,0.397,0.519,18.0,0.04462028686575888
4132,4132,18_39,18_42,627.0802,10.13904,19.3106,0.0176,-1.012289E-6,5.0,5.0,2070.0,1294.0,2069.6357,1293.7575,2069.6357,1293.7575,192.22907197824244,27.57425124177152,0.486,0.434,-17.82,0.00786,0.00702,-17.82,2069.6357,1293.7575,192.22907197824244,27.57425124177152,0.1617267132,0.088502434083,0.1617267132,0.088502434083,0.403,0.297,-3.59,0.4025126,0.2970063,-3.59,39.4869,0.0,1.03,1.12,0.107,1.0,18.0,484,484,18_14,18_23,495.8531,26.23956,19.5655,0.0575,193.1805,15.0,15.0,2070.0,1294.0,2069.6152,1293.6684,2069.6152,1293.6684,192.22907760708583,27.57427647025247,1.046,0.937,-38.88,0.06746,0.05903,-44.91,2069.6152,1293.6684,192.22907760708583,27.57427647025247,0.9130479457,0.80886009707,0.9130479457,0.80886009707,0.957,0.897,-10.33,0.9574062,0.8973748,-10.33,23.3538,0.0,3.08,1.116,0.104,0.678,18.0,0.0914278950866197
4133,4133,18_40,18_41,254.925,6.464595,20.2878,0.0275,0.0,3.0,3.0,2463.0,1290.0,2463.1147,1289.6466,2463.1147,1289.6466,192.1042018534357,27.571933219396943,0.49,0.3,73.72,0.01243,0.0076,73.72,2463.1147,1289.6466,192.1042018534357,27.571933219396943,0.10715921928,0.18057919322,0.10715921928,0.18057919322,0.425,0.327,87.92,0.4250599,0.3272041,87.92,35.9893,0.0,1.08,1.637,0.389,1.0,18.0,485,485,18_15,18_22,148.887,16.12678,20.8717,0.1176,191.3327,5.0,6.0,2463.0,1290.0,2463.1835,1289.8062,2463.1835,1289.8062,192.1041816451862,27.571887734270963,0.743,0.567,-45.36,0.10722,0.07931,-45.07,2463.1835,1289.8062,192.1041816451862,27.571887734270963,0.75955822165,0.77094080255,0.75955822165,0.77094080255,0.889,0.86,51.56,0.8890014,0.8603346,51.56,23.3448,0.0,2.59,1.311,0.237,0.474,18.0,0.173797583412391
4134,4134,18_41,18_40,21734.93,59.69174,15.461,0.003,0.0,4.0,4.0,2276.0,1278.0,2276.1202,1277.663,2276.1202,1277.663,192.1634021999037,27.576967539479806,0.473,0.324,-86.14,0.0013,8.9E-4,-86.14,2276.1202,1277.663,192.1634021999037,27.576967539479806,0.096654910025,0.14640905299,0.096654910025,0.14640905299,0.383,0.311,-89.67,0.3826365,0.3108911,-89.67,41.3405,0.0,0.9,1.459,0.315,1.0,18.0,486,486,18_16,18_21,21278.17,82.55329,15.484,0.0042,191.9485,75.0,84.0,2276.0,1278.0,2276.1994,1277.7064,2276.1994,1277.7064,192.16337750661455,27.57695463823073,1.632,1.543,2.45,0.00877,0.00797,12.01,2276.1994,1277.7064,192.16337750661455,27.57695463823073,0.93138667665,0.85666920898,0.93138667665,0.85666920898,0.966,0.924,-9.12,0.9661061,0.9244971,-9.12,23.3619,0.0,2.97,1.057,0.054,0.985,18.0,0.09031168252237354
4135,4135,18_42,18_39,752.5385,11.10707,19.1125,0.016,0.0,6.0,6.0,2197.0,1265.0,2197.1685,1265.4157,2197.1685,1265.4157,192.18832894153047,27.58110612397085,0.495,0.48,-66.71,0.00731,0.00708,-66.7,2197.1685,1265.4157,192.18832894153047,27.58110612397085,0.076096993825,0.18367001065,0.076096993825,0.18367001065,0.429,0.276,-89.54,0.4285756,0.2758441,-89.54,38.3335,0.0,1.0,1.033,0.032,1.0,18.0,487,487,18_17,18_20,667.0605,28.76298,19.2435,0.0468,191.6374,18.0,18.0,2197.0,1265.0,2197.1718,1265.4704,2197.1718,1265.4704,192.18832843724832,27.581090716540697,1.171,0.974,-1.55,0.06307,0.0513,-0.0,2197.1718,1265.4704,192.18832843724832,27.581090716540697,0.89244510649,0.73884753166,0.89244510649,0.73884753166,0.945,0.859,-4.82,0.945275,0.8589225,-4.82,23.3181,0.0,3.2,1.202,0.168,0.756,18.0,0.05479945255191299
4136,4136,18_43,18_38,3164.773,22.77752,17.553,0.0078,0.0,7.0,7.0,2437.0,1257.0,2436.9116,1256.8038,2436.9116,1256.8038,192.1121819604737,27.58140112158169,0.44,0.39,-49.32,0.00316,0.00281,-49.32,2436.9116,1256.8038,192.1121819604737,27.58140112158169,0.099277037628,0.10426458805,0.099277037628,0.10426458805,0.323,0.315,-87.52,0.3229148,0.3150676,-87.52,34.4218,0.0,0.91,1.128,0.113,1.0,18.0,488,488,18_18,18_19,3091.039,47.138,17.5786,0.0166,191.6395,39.0,43.0,2437.0,1257.0,2436.9337,1256.8245,2436.9337,1256.8245,192.11217515862717,27.58139510430935,1.481,1.372,-26.26,0.02883,0.02652,-42.73,2436.9337,1256.8245,192.11217515862717,27.58139510430935,0.98549076445,0.88427531598,0.98549076445,0.88427531598,0.995,0.938,-12.15,0.9951928,0.9377405,-12.15,23.3564,0.0,3.11,1.079,0.073,0.979,18.0,0.03028035666909212
4138,4138,18_45,18_36,639.7899,10.24127,19.2888,0.0174,-0.01738589,4.0,4.0,2430.0,1254.0,2429.7896,1253.5648,2429.7896,1253.5648,192.11440864652545,27.582375466941134,0.496,0.408,-89.11,0.00794,0.00652,-89.11,2429.7896,1253.5648,192.11440864652545,27.582375466941134,0.066456206503,0.21214136126,0.066456206503,0.21214136126,0.461,0.258,-89.83,0.4605894,0.2577886,-89.83,30.7152,0.0,0.89,1.216,0.178,1.0,18.0,489,489,18_19,18_18,517.8767,26.92784,19.5183,0.0565,191.4754,15.0,16.0,2430.0,1254.0,2429.9088,1253.537,2429.9088,1253.537,192.1143705499822,27.58238221512624,1.094,0.944,-0.87,0.07018,0.05748,-0.41,2429.9088,1253.537,192.1143705499822,27.58238221512624,0.94044092836,0.89391991217,0.94044092836,0.89391991217,0.97,0.945,3.06,0.9698323,0.9454027,3.06,23.3427,0.0,3.06,1.159,0.137,0.701,18.0,0.12239885620391132
4147,4147,18_54,18_27,612.2741,10.01862,19.3365,0.0178,0.0,4.0,4.0,2423.0,1185.0,2422.6028,1184.6262,2422.6028,1184.6262,192.1159924961443,27.60182018260669,0.513,0.459,-42.1,0.00839,0.0075,-42.1,2422.6028,1184.6262,192.1159924961443,27.60182018260669,0.21464746684,0.19760790893,0.21464746684,0.19760790893,0.477,0.43,-33.09,0.4766733,0.4301604,-33.09,36.1129,0.0,1.07,1.119,0.106,1.0,18.0,490,490,18_20,18_17,494.5541,26.22556,19.5683,0.0576,190.8913,12.0,15.0,2423.0,1185.0,2422.5978,1184.6299,2422.5978,1184.6299,192.1159941200196,27.601819187206903,1.044,0.942,-36.8,0.06889,0.06026,-44.52,2422.5978,1184.6299,192.1159941200196,27.601819187206903,0.98476087041,0.86433269706,0.98476087041,0.86433269706,0.992,0.93,-2.28,0.9924472,0.9295924,-2.28,23.2967,0.0,3.44,1.108,0.098,0.605,18.0,0.006220128616109856
4150,4150,18_57,18_24,9419.817,39.29672,16.3688,0.0045,2.1387E-4,4.0,4.0,2121.0,1175.0,2120.4656,1175.4389,2120.4656,1175.4389,192.21177777905845,27.60707371170936,0.525,0.468,-43.7,0.00219,0.00195,-43.7,2120.4656,1175.4389,192.21177777905845,27.60707371170936,0.24646970808,0.23493903165,0.24646970808,0.23493903165,0.517,0.462,-38.86,0.5174918,0.4621807,-38.86,35.5675,0.0,1.09,1.121,0.108,1.0,18.0,491,491,18_21,18_16,9231.716,66.13583,16.3907,0.0078,192.0521,66.0,71.0,2120.0,1175.0,2120.4808,1175.6044,2120.4808,1175.6044,192.2117745884046,27.607027050063657,1.708,1.516,-40.2,0.01802,0.01401,-45.53,2120.4808,1175.6044,192.2117745884046,27.607027050063657,0.99850835236,0.90832880741,0.99850835236,0.90832880741,1.0,0.952,-9.01,1.000417,0.9518417,-9.01,23.3236,0.0,3.1,1.127,0.113,0.977,18.0,0.16619654027668873
4151,4151,18_58,18_23,438.8189,8.4816,19.6982,0.021,0.0,5.0,5.0,2284.0,1173.0,2283.6452,1173.3118,2283.6452,1173.3118,192.1599723872568,27.606237761129,0.596,0.459,-69.36,0.01152,0.00888,-69.36,2283.6452,1173.3118,192.1599723872568,27.606237761129,0.17896929272,0.21162929108,0.17896929272,0.21162929108,0.467,0.415,-67.54,0.4672938,0.4150121,-67.54,44.4594,0.0,1.23,1.297,0.229,1.0,18.0,492,492,18_22,18_15,367.6023,24.26454,19.8904,0.0717,191.5825,12.0,13.0,2284.0,1173.0,2283.6478,1173.3496,2283.6478,1173.3496,192.1599719399339,27.606227111328028,1.015,0.867,-44.62,0.08264,0.07036,-44.98,2283.6478,1173.3496,192.1599719399339,27.606227111328028,0.89116416114,0.88104292902,0.89116416114,0.88104292902,0.978,0.903,-42.95,0.9782778,0.902873,-42.95,23.3305,0.0,4.45,1.17,0.145,0.544,18.0,0.03788931247734585
4153,4153,18_60,18_21,231.3716,6.158716,20.3931,0.0289,0.0,5.0,5.0,2299.0,1165.0,2299.3535,1165.2805,2299.3535,1165.2805,192.15490729659447,27.608356512893284,0.533,0.397,-41.61,0.01419,0.01058,-41.62,2299.3535,1165.2805,192.15490729659447,27.608356512893284,0.19491819156,0.1393330136,0.19491819156,0.1393330136,0.457,0.354,-24.16,0.457082,0.3540158,-24.16,37.9293,0.0,1.59,1.341,0.254,1.0,18.0,493,493,18_23,18_14,139.944,16.36168,20.939,0.127,191.6335,5.0,6.0,2299.0,1165.0,2299.1745,1165.181,2299.1745,1165.181,192.15496310419445,27.608386071550008,0.757,0.571,44.16,0.11553,0.08543,44.96,2299.1745,1165.181,192.15496310419445,27.608386071550008,0.93328062119,0.85726359726,0.93328062119,0.85726359726,0.968,0.924,-11.26,0.9676883,0.9241881,-11.26,23.3353,0.0,3.88,1.327,0.247,0.511,18.0,0.20479562983627883
4154,4154,18_61,18_20,2044.554,18.30772,18.0274,0.0097,0.0,5.0,5.0,2126.0,1158.0,2125.737,1157.6335,2125.737,1157.6335,192.2099290732407,27.612033535693666,0.504,0.432,-55.37,0.00451,0.00387,-55.37,2125.737,1157.6335,192.2099290732407,27.612033535693666,0.11077525419,0.17356085252,0.11077525419,0.17356085252,0.419,0.33,-80.71,0.4186745,0.3302238,-80.71,35.0806,0.0,1.11,1.166,0.142,1.0,18.0,494,494,18_24,18_13,1962.645,41.6517,18.0718,0.023,192.3039,30.0,35.0,2126.0,1158.0,2125.8196,1157.6595,2125.8196,1157.6595,192.2099031151232,27.612025504848667,1.443,1.282,0.35,0.03872,0.03261,7.83,2125.8196,1157.6595,192.2099031151232,27.612025504848667,0.99287915359,0.91461062468,0.99287915359,0.91461062468,1.002,0.95,-19.98,1.002401,0.9500961,-19.98,23.3451,0.0,3.16,1.125,0.111,0.925,18.0,0.08659538093893222
4155,4155,18_62,18_19,6557.655,32.78758,16.762,0.0054,-5.240082E-6,4.0,4.0,2060.0,1156.0,2059.5987,1155.5449,2059.5987,1155.5449,192.23089928095263,27.613196531252857,0.498,0.49,-88.07,0.00249,0.00245,-88.07,2059.5987,1155.5449,192.23089928095263,27.613196531252857,0.21147571328,0.24067437303,0.21147571328,0.24067437303,0.491,0.46,-89.56,0.4905875,0.459863,-89.56,34.1806,0.0,0.96,1.016,0.016,1.0,18.0,495,495,18_25,18_12,6351.078,57.74956,16.7967,0.0099,192.2253,47.0,57.0,2060.0,1156.0,2059.6549,1155.562,2059.6549,1155.562,192.2308816119852,27.613191235810007,1.566,1.468,5.65,0.01881,0.01733,9.36,2059.6549,1155.562,192.2308816119852,27.613191235810007,0.98737757521,0.91656122984,0.98737757521,0.91656122984,0.994,0.957,-4.91,0.9939337,0.9570969,-4.91,23.3083,0.0,3.06,1.066,0.062,0.971,18.0,0.05874393585717614
4156,4156,18_63,18_18,302.331,7.040061,20.1027,0.0253,-1.110635E-6,9.0,9.0,2238.0,1151.0,2237.8249,1151.6378,2237.8249,1151.6378,192.1742969886314,27.61273574360268,1.14,0.393,-61.61,0.02656,0.00915,-61.61,2237.8249,1151.6378,192.1742969886314,27.61273574360268,0.16624765053,0.34944609765,0.16624765053,0.34944609765,0.633,0.339,-64.98,0.6328256,0.3394489,-64.98,38.8661,0.0,2.35,2.903,0.656,1.0,18.0,496,496,18_26,18_11,144.034,16.33716,20.9077,0.1232,191.5445,5.0,6.0,2238.0,1152.0,2237.9788,1151.5086,2237.9788,1151.5086,192.17424686069012,27.612770709298957,0.788,0.5,-1.58,0.11547,0.07087,-0.13,2237.9788,1151.5086,192.17424686069012,27.612770709298957,1.0145262526,1.0548077921,1.0145262526,1.0548077921,1.097,0.931,-48.43,1.097004,0.9305458,-48.43,23.3195,0.0,2.84,1.578,0.366,0.488,18.0,0.20094240468342653
4159,4159,18_66,18_15,2745.418,21.21482,17.7073,0.0084,-3.036866E-5,7.0,7.0,2044.0,1130.0,2043.6064,1130.0944,2043.6064,1130.0944,192.235725282468,27.620490535245693,0.507,0.385,-3.67,0.00391,0.00297,-3.67,2043.6064,1130.0944,192.235725282468,27.620490535245693,0.19555914965,0.10717603373,0.19555914965,0.10717603373,0.442,0.327,-0.26,0.4422227,0.3273748,-0.26,32.7115,0.0,1.06,1.317,0.24,1.0,18.0,498,498,18_28,18_9,2632.516,44.71677,17.7529,0.0184,192.4116,33.0,39.0,2044.0,1130.0,2043.6803,1130.1367,2043.6803,1130.1367,192.23570224127857,27.62047800212268,1.443,1.344,-4.01,0.03043,0.02882,-6.6,2043.6803,1130.1367,192.23570224127857,27.62047800212268,0.99590792632,0.88365299045,0.99590792632,0.88365299045,0.998,0.94,-2.89,0.9980952,0.939876,-2.89,23.33,0.0,3.15,1.074,0.069,0.956,18.0,0.08514986788022465
4161,4161,18_68,18_13,281.5417,6.793701,20.18,0.0262,-7.541141E-7,8.0,8.0,2321.0,1109.0,2321.2359,1108.7326,2321.2359,1108.7326,192.1473963958123,27.62405961380029,0.87,0.45,-40.47,0.02099,0.01086,-40.47,2321.2359,1108.7326,192.1473963958123,27.62405961380029,0.3091136223,0.26505893671,0.3091136223,0.26505893671,0.622,0.432,-38.66,0.6224706,0.4320914,-38.66,37.6372,0.0,2.79,1.933,0.483,1.0,18.0,499,499,18_29,18_8,169.22,18.77316,20.7327,0.1205,192.5984,8.0,8.0,2321.0,1109.0,2321.1592,1108.7382,2321.1592,1108.7382,192.1474207947256,27.624058720675453,1.082,0.526,-54.12,0.14096,0.06602,-54.58,2321.1592,1108.7382,192.1474207947256,27.624058720675453,1.0887630596,1.0661848001,1.0887630596,1.0661848001,1.11,0.96,-42.92,1.110399,0.9601886,-42.92,23.4088,0.0,4.47,2.057,0.514,0.057,18.0,0.07690416113586318
4163,4163,18_70,18_11,537.6019,9.387836,19.4777,0.019,-3.035286E-5,13.0,13.0,2203.0,1093.0,2203.4108,1092.7498,2203.4108,1092.7498,192.18463360839232,27.629594118970683,1.146,0.821,-22.14,0.02002,0.01434,-22.14,2203.4108,1092.7498,192.18463360839232,27.629594118970683,0.43494814335,0.50698276408,0.43494814335,0.50698276408,0.712,0.659,86.11,0.7122627,0.6592516,86.11,35.9304,0.0,4.04,1.396,0.284,1.0,18.0,500,500,18_30,18_7,493.7552,29.90805,19.5701,0.0658,191.8337,17.0,20.0,2203.0,1093.0,2203.5002,1092.7028,2203.5002,1092.7028,192.1846047651423,27.629606546044155,1.319,1.125,-21.71,0.09442,0.08116,-23.57,2203.5002,1092.7028,192.1846047651423,27.629606546044155,1.944115189,1.8508673008,1.944115189,1.8508673008,1.421,1.333,-33.64,1.420639,1.332954,-33.64,23.3326,0.0,6.42,1.172,0.147,0.008,18.0,0.101001782162366
4164,4164,18_71,18_10,491.7032,8.978145,19.5746,0.0198,-2.880265E-4,4.0,4.0,2184.0,1089.0,2184.1434,1088.5999,2184.1434,1088.5999,192.19070808437257,27.63093008376122,0.504,0.33,71.9,0.0092,0.00602,71.9,2184.1434,1088.5999,192.19070808437257,27.63093008376122,0.041357332732,0.1889975884,0.041357332732,0.1889975884,0.435,0.202,86.55,0.4353569,0.2020379,86.55,34.3491,0.0,1.13,1.528,0.346,1.0,18.0,501,501,18_31,18_6,416.4484,25.25653,19.755,0.0659,191.8141,14.0,14.0,2184.0,1088.0,2184.2369,1088.5405,2184.2369,1088.5405,192.19067781681605,27.63094596221299,0.983,0.951,63.45,0.07388,0.07237,89.32,2184.2369,1088.5405,192.19067781681605,27.63094596221299,0.86619272236,0.87590324919,0.86619272236,0.87590324919,0.955,0.911,48.33,0.955447,0.9106135,48.33,23.3288,0.0,3.61,1.034,0.033,0.476,18.0,0.11077278546635394
4167,4167,18_74,18_7,3671.388,24.53297,17.3918,0.0073,0.001392304,5.0,5.0,2515.0,1051.0,2515.2189,1050.9432,2515.2189,1050.9432,192.0852453770852,27.63856812065228,0.416,0.313,-8.84,0.00278,0.00209,-8.84,2515.2189,1050.9432,192.0852453770852,27.63856812065228,0.10163803895,0.090198703805,0.10163803895,0.090198703805,0.319,0.3,-0.3,0.3188077,0.3003305,-0.3,32.5007,0.0,0.88,1.328,0.247,1.0,18.0,503,503,18_33,18_4,3616.709,48.71667,17.4081,0.0146,191.303,38.0,43.0,2515.0,1051.0,2515.3701,1050.9565,2515.3701,1050.9565,192.0851975228376,27.63856301672945,1.45,1.368,-10.06,0.02472,0.02282,-8.56,2515.3701,1050.9565,192.0851975228376,27.63856301672945,0.93923083896,0.86432904336,0.93923083896,0.86432904336,0.971,0.927,-13.49,0.9714949,0.9272311,-13.49,23.3143,24.0,3.09,1.06,0.057,0.979,18.0,0.15178382654313285
4170,4170,18_77,18_4,582.1019,9.768651,19.3914,0.0182,-1.835527E-4,6.0,6.0,2251.0,1033.0,2251.3957,1032.6724,2251.3957,1032.6724,192.16880373134077,27.646060706671445,0.595,0.433,26.44,0.00998,0.00726,26.44,2251.3957,1032.6724,192.16880373134077,27.646060706671445,0.22727627938,0.15478673672,0.22727627938,0.15478673672,0.485,0.383,17.29,0.4848206,0.3834215,17.29,33.761,0.0,1.11,1.374,0.272,1.0,18.0,504,504,18_34,18_3,510.771,27.03272,19.5333,0.0575,191.2312,15.0,16.0,2251.0,1033.0,2251.3148,1032.6271,2251.3148,1032.6271,192.1688289607893,27.64607415628003,1.152,0.926,27.46,0.07555,0.06026,28.16,2251.3148,1032.6271,192.1688289607893,27.64607415628003,1.138296084,0.92915319977,1.138296084,0.92915319977,1.08,0.949,18.95,1.079932,0.9493132,18.95,23.302,0.0,3.99,1.244,0.196,0.179,18.0,0.09271946936856483
4171,4171,18_78,18_3,475.8139,8.832034,19.6103,0.0202,-7.097929E-5,5.0,5.0,2082.0,1020.0,2081.6305,1019.8759,2081.6305,1019.8759,192.2225713539064,27.651146952255456,0.495,0.438,28.67,0.00919,0.00813,28.67,2081.6305,1019.8759,192.2225713539064,27.651146952255456,0.13796156872,0.053411880068,0.13796156872,0.053411880068,0.372,0.231,1.68,0.3715302,0.2309518,1.68,29.4721,0.0,0.99,1.13,0.115,1.0,18.0,505,505,18_35,18_2,349.9008,22.56446,19.944,0.07,192.3755,11.0,11.0,2082.0,1020.0,2081.6471,1019.8938,2081.6471,1019.8938,192.2225662599534,27.65114177543397,0.989,0.749,13.61,0.08128,0.05774,14.96,2081.6471,1019.8938,192.2225662599534,27.65114177543397,0.78624384624,0.71105609379,0.78624384624,0.71105609379,0.889,0.84,13.91,0.8894682,0.8403251,13.91,23.3383,0.0,3.17,1.319,0.242,0.585,18.0,0.02441249679978426
4176,4176,19_4,19_71,5985.669,31.32503,16.8611,0.0057,-2.723459E-4,4.0,4.0,2593.0,1494.0,2593.1023,1494.3378,2593.1023,1494.3378,192.06506162264853,27.513217671278813,0.473,0.303,89.09,0.00248,0.00159,89.09,2593.1023,1494.3378,192.06506162264853,27.513217671278813,0.094303757177,0.14475367631,0.094303757177,0.14475367631,0.38,0.307,89.96,0.3804651,0.3070891,89.96,30.5284,0.0,0.93,1.561,0.359,1.0,19.0,536,536,19_31,19_30,5793.438,54.89732,16.8965,0.0103,190.9572,49.0,53.0,2593.0,1494.0,2593.1726,1494.3819,2593.1726,1494.3819,192.0650397858861,27.513204637246258,1.513,1.449,20.64,0.01917,0.01757,49.1,2593.1726,1494.3819,192.0650397858861,27.513204637246258,0.97654934024,0.87705725274,0.97654934024,0.87705725274,0.988,0.937,0.32,0.9882067,0.9365116,0.32,23.3475,0.0,3.13,1.045,0.043,0.981,19.0,0.08298734843328077
4181,4181,19_9,19_66,463.2173,8.714199,19.6394,0.0204,0.0,4.0,4.0,2880.0,1455.0,2880.1234,1454.6843,2880.1234,1454.6843,191.97366056319908,27.52173640373408,0.472,0.318,76.03,0.00889,0.00598,76.03,2880.1234,1454.6843,191.97366056319908,27.52173640373408,0.1023034554,0.14466469272,0.1023034554,0.14466469272,0.38,0.32,88.58,0.3803821,0.3198087,88.58,37.8473,0.0,1.08,1.486,0.327,1.0,19.0,508,508,19_3,19_29,369.0773,23.89642,19.8861,0.0703,190.5439,11.0,13.0,2880.0,1455.0,2880.307,1454.643,2880.307,1454.643,191.97360192855496,27.521746313200985,0.991,0.86,-49.15,0.0783,0.06672,-44.87,2880.307,1454.643,191.97360192855496,27.521746313200985,0.8066016972,0.79996036818,0.8066016972,0.79996036818,0.91,0.883,-41.05,0.9096523,0.8826634,-41.05,23.3608,0.0,3.16,1.153,0.132,0.612,19.0,0.18818780513075453
4184,4184,19_12,19_63,2438.127,19.99232,17.8362,0.0089,0.0,6.0,6.0,2846.0,1442.0,2845.7874,1441.8184,2845.7874,1441.8184,191.9844115348071,27.525670543918487,0.417,0.38,-28.19,0.00342,0.00312,-28.21,2845.7874,1441.8184,191.9844115348071,27.525670543918487,0.12672055013,0.11922263557,0.12672055013,0.11922263557,0.356,0.345,-5.08,0.3560621,0.3451999,-5.08,37.8541,0.0,0.91,1.096,0.088,1.0,19.0,511,511,19_6,19_27,2335.04,43.58283,17.8831,0.0203,190.6872,34.0,39.0,2846.0,1442.0,2845.7759,1441.8451,2845.7759,1441.8451,191.98441545877537,27.52566314471061,1.423,1.366,21.66,0.0344,0.03155,43.33,2845.7759,1441.8451,191.98441545877537,27.52566314471061,0.96079848656,0.8985013625,0.96079848656,0.8985013625,0.984,0.944,-18.64,0.9842728,0.9436668,-18.64,23.3687,0.0,3.04,1.042,0.04,0.973,19.0,0.02907129168089716
4185,4185,19_13,19_62,207372.5,184.3787,13.012,0.001,0.0,4.0,4.0,2900.0,1439.0,2899.7141,1438.5587,2899.7141,1438.5587,191.9672814306745,27.526087753688348,0.507,0.44,-65.62,4.5E-4,3.9E-4,-65.62,2899.7141,1438.5587,191.9672814306745,27.526087753688348,0.12342422984,0.23836328752,0.12342422984,0.23836328752,0.49,0.349,-83.29,0.4898741,0.3490142,-83.29,38.9555,4.0,0.41,1.154,0.134,1.0,19.0,510,510,19_5,19_28,211850.1,205.509,12.9888,0.0011,190.7145,182.0,192.0,2900.0,1439.0,2899.7357,1438.6073,2899.7357,1438.6073,191.96727509145188,27.526073892035686,1.753,1.71,-2.22,0.00225,0.00219,22.92,2899.7357,1438.6073,191.96727509145188,27.526073892035686,0.99219320503,0.91948233134,0.99219320503,0.91948233134,0.998,0.957,-12.37,0.9979317,0.9569785,-12.37,23.375,0.0,3.05,1.025,0.024,1.0,19.0,0.05318383212957718
4186,4186,19_14,19_61,831.7524,11.67702,19.0039,0.0152,0.0,5.0,5.0,2628.0,1437.0,2627.531,1436.766,2627.531,1436.766,192.0535570940868,27.52909008690329,0.577,0.455,54.68,0.0081,0.00638,54.68,2627.531,1436.766,192.0535570940868,27.52909008690329,0.2447580806,0.14974494797,0.2447580806,0.14974494797,0.501,0.379,13.62,0.5006863,0.3792312,13.62,33.1517,0.0,1.21,1.269,0.212,1.0,19.0,512,512,19_7,19_26,707.2468,28.66085,19.1799,0.044,191.107,18.0,18.0,2628.0,1437.0,2627.5107,1436.7816,2627.5107,1436.7816,192.05356369040084,27.5290858858354,1.159,0.997,85.64,0.05858,0.04786,89.65,2627.5107,1436.7816,192.05356369040084,27.5290858858354,0.84547851182,0.86908166814,0.84547851182,0.86908166814,0.946,0.906,54.38,0.9455061,0.9058578,54.38,23.3506,0.0,3.31,1.162,0.139,0.768,19.0,0.02560175775222978
4191,4191,19_19,19_56,337.9585,7.443321,19.9817,0.0239,0.0,17.0,17.0,2984.0,1425.0,2983.2407,1424.9308,2983.2407,1424.9308,191.9406587766236,27.529141452651107,1.188,0.837,-38.62,0.02617,0.01847,-38.64,2983.2407,1424.9308,191.9406587766236,27.529141452651107,0.7521112948,0.45423813046,0.7521112948,0.45423813046,0.869,0.672,-5.17,0.8686594,0.672146,-5.17,43.6276,0.0,4.34,1.418,0.295,1.0,19.0,513,513,19_8,19_25,143.1504,17.35365,20.9144,0.1317,190.3216,6.0,7.0,2984.0,1425.0,2983.3138,1424.8497,2983.3138,1424.8497,191.94063474845157,27.52916356693189,1.046,0.565,-17.76,0.14925,0.0798,-18.39,2983.3138,1424.8497,191.94063474845157,27.52916356693189,2.1956175854,2.0296131665,2.1956175854,2.0296131665,1.486,1.421,-14.32,1.485663,1.420576,-14.32,23.3386,0.0,4.55,1.853,0.46,0.355,19.0,0.10918250775663225
4196,4196,19_24,19_51,7492.898,35.04774,16.6172,0.0051,0.0,6.0,6.0,2664.0,1413.0,2664.2227,1413.4426,2664.2227,1413.4426,192.0416837872926,27.5353129088213,0.499,0.417,-79.97,0.00233,0.00195,-79.97,2664.2227,1413.4426,192.0416837872926,27.5353129088213,0.072929545711,0.22703244193,0.072929545711,0.22703244193,0.477,0.27,-88.18,0.476643,0.2697656,-88.18,37.1673,0.0,0.97,1.196,0.164,1.0,19.0,514,514,19_9,19_24,7225.949,58.42657,16.6566,0.0088,190.688,52.0,57.0,2664.0,1413.0,2664.3252,1413.4775,2664.3252,1413.4775,192.0416516450978,27.53530216400064,1.551,1.472,-17.33,0.01678,0.01534,-38.89,2664.3252,1413.4775,192.0416516450978,27.53530216400064,0.97138254275,0.89184091536,0.97138254275,0.89184091536,0.986,0.944,-6.83,0.9861747,0.94376,-6.83,23.3242,0.0,3.05,1.054,0.051,0.98,19.0,0.10827862208246539
4200,4200,19_28,19_47,1703.824,16.71273,18.2253,0.0107,0.0,6.0,6.0,2947.0,1376.0,2946.6335,1375.9516,2946.6335,1375.9516,191.95174963770057,27.543250303819555,0.504,0.469,52.96,0.00495,0.0046,52.99,2946.6335,1375.9516,191.95174963770057,27.543250303819555,0.136330393,0.06070645841,0.136330393,0.06070645841,0.369,0.246,1.91,0.3693438,0.2462154,1.91,41.0119,0.0,0.92,1.076,0.071,1.0,19.0,515,515,19_10,19_23,1632.959,39.28036,18.2714,0.0261,189.9532,28.0,32.0,2947.0,1376.0,2946.6164,1375.9846,2946.6164,1375.9846,191.95175540617723,27.54324118699114,1.348,1.299,-88.08,0.0414,0.03848,-89.97,2946.6164,1375.9846,191.95175540617723,27.54324118699114,0.9542747017,0.96740411414,0.9542747017,0.96740411414,0.985,0.976,69.06,0.9847119,0.9757158,69.06,23.2988,0.0,3.22,1.038,0.036,0.924,19.0,0.037167324358829794
4205,4205,19_33,19_42,9141.687,38.71223,16.4013,0.0046,8.631211E-4,4.0,4.0,3002.0,1297.0,3001.8697,1296.726,3001.8697,1296.726,191.93340023053037,27.56500422560613,0.449,0.333,-80.1,0.0019,0.00141,-80.1,3001.8697,1296.726,191.93340023053037,27.56500422560613,0.097171663424,0.11977755912,0.097171663424,0.11977755912,0.346,0.312,-89.21,0.3460951,0.3117169,-89.21,46.8167,0.0,0.98,1.35,0.259,1.0,19.0,516,516,19_11,19_22,9021.316,64.87481,16.4157,0.0078,190.8037,55.0,63.0,3002.0,1297.0,3001.8841,1296.7628,3001.8841,1296.7628,191.93339605249585,27.564993746949096,1.584,1.502,-23.41,0.01478,0.01379,-41.52,3001.8841,1296.7628,191.93339605249585,27.564993746949096,0.97806952629,0.90937094265,0.97806952629,0.90937094265,0.991,0.952,-12.8,0.9908624,0.9516472,-12.8,23.2931,0.0,3.09,1.055,0.052,0.982,19.0,0.03951708491260678
4209,4209,19_37,19_38,623.0818,10.10666,19.3175,0.0176,0.0,5.0,5.0,2543.0,1285.0,2542.9062,1285.1172,2542.9062,1285.1172,192.07884539947176,27.572488109700664,0.44,0.337,7.96,0.00714,0.00546,7.95,2542.9062,1285.1172,192.07884539947176,27.572488109700664,0.10193030608,0.094981512078,0.10193030608,0.094981512078,0.319,0.308,0.82,0.3192675,0.3081884,0.82,38.5628,0.0,1.01,1.307,0.235,1.0,19.0,517,517,19_12,19_21,542.6592,27.79971,19.4676,0.0556,191.6871,15.0,17.0,2543.0,1285.0,2542.9443,1285.1613,2542.9443,1285.1613,192.0788337633352,27.572475368142296,1.174,0.935,22.81,0.07306,0.05825,25.83,2542.9443,1285.1613,192.0788337633352,27.572475368142296,0.92359213352,0.76723875537,0.92359213352,0.76723875537,0.973,0.863,19.7,0.9729201,0.8627035,19.7,23.3597,0.0,3.3,1.256,0.204,0.688,19.0,0.05827881261678668
4212,4212,19_40,19_35,3920.55,25.35179,17.3205,0.007,4.311756E-4,103.0,103.0,2961.0,1263.0,2960.5309,1263.2548,2960.5309,1263.2548,191.94615753506773,27.57479873298425,2.808,1.909,51.36,0.01817,0.01235,51.35,2960.5309,1263.2548,191.94615753506773,27.57479873298425,2.6581603749,3.048239206,2.6581603749,3.048239206,1.865,1.493,54.11,1.864641,1.493155,54.11,47.5457,0.0,8.45,1.471,0.32,0.998,19.0,518,518,19_13,19_20,3955.618,70.28362,17.3108,0.0193,190.7423,99.0,105.0,2961.0,1263.0,2960.5234,1263.2855,2960.5234,1263.2855,191.94616023691125,27.57479017356082,2.921,2.158,49.4,0.06002,0.044,47.94,2960.5234,1263.2855,191.94616023691125,27.57479017356082,4.3660684502,4.6265926012,4.3660684502,4.6265926012,2.254,1.978,51.44,2.254063,1.977843,51.44,23.3202,0.0,8.26,1.354,0.261,0.001,19.0,0.03160284797299054
4215,4215,19_43,19_32,68804.8,106.2049,14.2098,0.0017,0.0,4.0,4.0,2584.0,1245.0,2583.9759,1244.7663,2583.9759,1244.7663,192.0654056860032,27.58345981392507,0.423,0.221,-87.53,6.5E-4,3.4E-4,-87.53,2583.9759,1244.7663,192.0654056860032,27.58345981392507,0.08747903891,0.10528948282,0.08747903891,0.10528948282,0.324,0.296,-89.87,0.3244836,0.2957684,-89.87,39.7189,0.0,0.93,1.92,0.479,1.0,19.0,519,519,19_14,19_19,70075.38,128.9856,14.19,0.002,191.7097,120.0,128.0,2584.0,1245.0,2584.0471,1244.8157,2584.0471,1244.8157,192.06538360441263,27.58344528133427,1.712,1.648,2.76,0.00422,0.00411,8.93,2584.0471,1244.8157,192.06538360441263,27.58344528133427,0.96503534349,0.88473008671,0.96503534349,0.88473008671,0.983,0.94,-5.67,0.9827694,0.9401754,-5.67,23.3597,0.0,3.05,1.039,0.038,0.988,19.0,0.08665910223393043
4216,4216,19_44,19_31,3066.264,22.42022,17.5873,0.0079,0.0,5.0,5.0,2551.0,1239.0,2551.1682,1238.9374,2551.1682,1238.9374,192.07575384140355,27.58539545575484,0.375,0.245,4.6,0.00274,0.00179,4.6,2551.1682,1238.9374,192.07575384140355,27.58539545575484,0.096634635462,0.087712022298,0.096634635462,0.087712022298,0.311,0.296,0.27,0.3108614,0.2961618,0.27,38.8965,0.0,0.86,1.528,0.346,1.0,19.0,520,520,19_15,19_18,2973.776,46.66835,17.6206,0.017,191.0172,39.0,42.0,2551.0,1239.0,2551.1871,1238.9487,2551.1871,1238.9487,192.07574796084575,27.585392108225832,1.452,1.366,9.48,0.02874,0.02744,31.96,2551.1871,1238.9487,192.07574796084575,27.585392108225832,0.9328180091,0.83854424927,0.9328180091,0.83854424927,0.966,0.916,-0.88,0.9658366,0.9157085,-0.88,23.3069,0.0,3.01,1.063,0.059,0.98,19.0,0.02202044504542797
4217,4217,19_45,19_30,8541.82,37.42056,16.475,0.0048,5.093262E-4,4.0,4.0,2968.0,1227.0,2967.7725,1226.861,2967.7725,1226.861,191.9434774254232,27.584960962044587,0.419,0.346,1.67,0.00184,0.00152,1.67,2967.7725,1226.861,191.9434774254232,27.584960962044587,0.1030631686,0.092906655277,0.1030631686,0.092906655277,0.321,0.305,-0.12,0.3210346,0.3048058,-0.12,53.6893,0.0,0.88,1.212,0.175,1.0,19.0,521,521,19_16,19_17,8305.531,61.88489,16.5054,0.0081,191.2624,53.0,60.0,2968.0,1227.0,2967.7978,1226.886,2967.7978,1226.886,191.9434696640349,27.58495369865813,1.55,1.497,-11.73,0.01484,0.01455,-43.78,2967.7978,1226.886,191.9434696640349,27.58495369865813,0.98504025581,0.90043835171,0.98504025581,0.90043835171,0.993,0.949,-3.59,0.99266,0.9487385,-3.59,23.3375,0.0,3.08,1.035,0.034,0.983,19.0,0.035568103688311314
4221,4221,19_49,19_26,3468.331,23.84489,17.4536,0.0075,0.0,5.0,5.0,2589.0,1160.0,2589.0867,1160.2906,2589.0867,1160.2906,192.06292020748,27.60716071904089,0.454,0.298,-88.72,0.00312,0.00205,-88.73,2589.0867,1160.2906,192.06292020748,27.60716071904089,0.091243073633,0.11798278496,0.091243073633,0.11798278496,0.343,0.302,-89.86,0.3434864,0.3020644,-89.86,47.9397,0.0,0.94,1.523,0.344,1.0,19.0,523,523,19_18,19_15,3314.254,47.61988,17.5029,0.0156,191.3235,35.0,43.0,2589.0,1160.0,2589.109,1160.3178,2589.109,1160.3178,192.06291341017464,27.60715287043285,1.438,1.384,-12.52,0.02628,0.02513,-56.36,2589.109,1160.3178,192.06291341017464,27.60715287043285,0.95678417192,0.85816656204,0.95678417192,0.85816656204,0.978,0.926,0.27,0.9781546,0.9263716,0.27,23.3295,0.0,3.12,1.039,0.037,0.979,19.0,0.03517285885457003
4222,4222,19_50,19_25,753.8169,11.1165,19.1107,0.016,0.0,8.0,8.0,2781.0,1146.0,2780.8505,1146.0309,2780.8505,1146.0309,192.00192929920792,27.609415525792556,0.689,0.521,-75.07,0.01016,0.00769,-75.06,2780.8505,1146.0309,192.00192929920792,27.609415525792556,0.1724290838,0.27240249685,0.1724290838,0.27240249685,0.524,0.413,-81.66,0.5240215,0.4125931,-81.66,50.9441,0.0,1.83,1.321,0.243,1.0,19.0,524,524,19_19,19_14,697.4039,31.42855,19.1952,0.0489,192.089,21.0,22.0,2781.0,1146.0,2780.9918,1145.9681,2780.9918,1145.9681,192.0018838153985,27.60943187675282,1.252,1.141,-47.49,0.06662,0.06008,-44.74,2780.9918,1145.9681,192.0018838153985,27.60943187675282,1.2247030171,1.284427817,1.2247030171,1.284427817,1.138,1.101,-67.94,1.138492,1.101347,-67.94,23.3987,0.0,4.16,1.098,0.089,0.193,19.0,0.15462706748796148
4224,4224,19_52,19_23,10749.25,41.97824,16.2254,0.0042,0.0,4.0,4.0,2581.0,1126.0,2580.7318,1126.2641,2580.7318,1126.2641,192.065223145011,27.616801741506745,0.471,0.411,-43.96,0.00184,0.00161,-43.96,2580.7318,1126.2641,192.065223145011,27.616801741506745,0.16100643053,0.15916029395,0.16100643053,0.15916029395,0.406,0.394,-39.49,0.4060917,0.3940257,-39.49,45.8665,0.0,0.8,1.144,0.126,1.0,19.0,525,525,19_20,19_13,10501.22,65.36987,16.2508,0.0068,190.7038,62.0,64.0,2581.0,1126.0,2580.755,1126.316,2580.755,1126.316,192.06521631404505,27.61678694143015,1.563,1.502,-7.25,0.01275,0.01246,13.22,2580.755,1126.316,192.06521631404505,27.61678694143015,0.98008831086,0.90159705679,0.98008831086,0.90159705679,0.992,0.948,-10.88,0.9915137,0.9479378,-10.88,23.2895,0.0,3.09,1.041,0.039,0.982,19.0,0.05684936235347817
4225,4225,19_53,19_22,221.7852,6.029779,20.439,0.0295,0.0,3.0,3.0,2611.0,1121.0,2610.861,1121.132,2610.861,1121.132,192.05560992075468,27.617970765533578,0.368,0.314,41.02,0.01002,0.00854,41.02,2610.861,1121.132,192.05560992075468,27.617970765533578,0.09494322511,0.094251964876,0.09494322511,0.094251964876,0.308,0.307,10.28,0.3081668,0.3069665,10.28,48.5887,0.0,0.0,1.173,0.147,1.0,19.0,526,526,19_21,19_12,142.7014,16.23336,20.9178,0.1235,190.9359,6.0,6.0,2611.0,1121.0,2610.8282,1121.1869,2610.8282,1121.1869,192.05562089186265,27.617955630994985,0.757,0.568,-43.82,0.10723,0.07927,-44.96,2610.8282,1121.1869,192.05562089186265,27.617955630994985,0.82019646033,0.72785707245,0.82019646033,0.72785707245,0.919,0.839,-24.69,0.9192127,0.8385115,-24.69,23.3008,0.0,3.87,1.334,0.251,0.476,19.0,0.06395193507613066
4226,4226,19_54,19_21,1354.881,14.90341,18.4741,0.0119,0.0,7.0,7.0,2584.0,1118.0,2583.9594,1117.7671,2583.9594,1117.7671,192.0641120112243,27.61916104707674,0.578,0.461,0.34,0.00636,0.00507,0.34,2583.9594,1117.7671,192.0641120112243,27.61916104707674,0.095062488241,0.07874972733,0.095062488241,0.07874972733,0.308,0.281,0.37,0.3083232,0.2806226,0.37,46.4702,0.0,1.18,1.255,0.203,1.0,19.0,527,527,19_22,19_11,1282.358,36.95782,18.5338,0.0313,191.2751,25.0,29.0,2584.0,1118.0,2583.9042,1117.7448,2583.9042,1117.7448,192.06412929957528,27.619167816730105,1.368,1.236,-11.96,0.04837,0.04329,-20.43,2583.9042,1117.7448,192.06412929957528,27.619167816730105,1.1422197589,1.0034985934,1.1422197589,1.0034985934,1.069,1.002,-2.35,1.068856,1.001631,-2.35,23.3272,0.0,3.71,1.107,0.096,0.426,19.0,0.05953427584199248
4227,4227,19_55,19_20,3241.285,23.05121,17.5271,0.0077,0.0,58.0,58.0,2814.0,1112.0,2814.1647,1112.4292,2814.1647,1112.4292,191.99100943672585,27.61855340238181,1.936,1.456,-35.83,0.01377,0.01036,-35.83,2814.1647,1112.4292,191.99100943672585,27.61855340238181,0.9325218972,0.76422990746,0.9325218972,0.76422990746,0.979,0.859,-19.95,0.9788126,0.8594636,-19.95,52.8228,0.0,4.29,1.33,0.248,1.0,19.0,528,528,19_23,19_10,3276.38,58.78663,17.5154,0.0195,191.439,71.0,73.0,2814.0,1112.0,2814.2341,1112.4635,2814.2341,1112.4635,191.9909877734692,27.618543119658195,2.182,1.87,-30.24,0.0471,0.04099,-31.66,2814.2341,1112.4635,191.9909877734692,27.618543119658195,2.5734339711,2.3371280921,2.5734339711,2.3371280921,1.63,1.501,-27.07,1.630014,1.501205,-27.07,23.3262,0.0,5.84,1.167,0.143,0.011,19.0,0.07741350011493925
4230,4230,19_58,19_17,7857.278,35.88981,16.5657,0.005,0.0,6.0,6.0,2897.0,1095.0,2897.2772,1094.8829,2897.2772,1094.8829,191.96445414010776,27.62271505183687,0.449,0.334,-7.11,0.00205,0.00153,-7.11,2897.2772,1094.8829,191.96445414010776,27.62271505183687,0.11666435478,0.093564841999,0.11666435478,0.093564841999,0.342,0.306,-0.35,0.3415629,0.3058823,-0.35,57.8238,0.0,0.88,1.344,0.256,1.0,19.0,529,529,19_24,19_9,7644.201,60.09146,16.5955,0.0085,192.406,51.0,59.0,2897.0,1095.0,2897.3361,1094.9174,2897.3361,1094.9174,191.96443581279647,27.622704806659065,1.547,1.501,4.33,0.01576,0.01544,69.28,2897.3361,1094.9174,191.96443581279647,27.622704806659065,0.98410464764,0.91145383331,0.98410464764,0.91145383331,0.993,0.954,-8.36,0.9928292,0.9538599,-8.36,23.377,0.0,3.09,1.031,0.03,0.982,19.0,0.06826023732743634
4231,4231,19_59,19_16,668.139,10.4657,19.2417,0.017,0.001785636,4.0,4.0,2887.0,1091.0,2886.9307,1091.4521,2886.9307,1091.4521,191.96770117840555,27.62377558026714,0.5,0.25,83.85,0.00783,0.00391,83.85,2886.9307,1091.4521,191.96770117840555,27.62377558026714,0.095476153961,0.25078885435,0.095476153961,0.25078885435,0.501,0.309,89.29,0.500812,0.3089536,89.29,99.0,0.0,1.43,2.002,0.5,1.0,19.0,530,530,19_25,19_8,571.8905,27.81023,19.4106,0.0528,192.0522,14.0,17.0,2887.0,1092.0,2886.8916,1091.4482,2886.8916,1091.4482,191.96771354431056,27.62377703983437,1.13,0.961,15.36,0.06783,0.05336,15.23,2886.8916,1091.4482,191.96771354431056,27.62377703983437,0.89256850848,0.88304811994,0.89256850848,0.88304811994,0.949,0.936,33.93,0.948916,0.935508,33.93,23.3513,0.0,3.16,1.176,0.15,0.778,19.0,0.0392940199012076
4232,4232,19_60,19_15,49272.78,89.87494,14.5723,0.002,8.812473E-5,2.0,2.0,3020.0,1071.0,3020.0,1071.1615,3020.0,1071.1615,191.925263073124,27.628236114696808,0.468,0.289,90.0,8.5E-4,5.3E-4,90.0,3020.0,1071.1615,191.925263073124,27.628236114696808,0.0833333,0.09517344288,0.0833333,0.09517344288,0.309,0.289,90.0,0.3085019,0.2886751,90.0,57.518,16.0,2.09,1.62,0.383,1.0,19.0,531,531,19_26,19_7,48187.56,104.1181,14.5965,0.0023,192.9209,66.0,70.0,3020.0,1071.0,3019.6573,1071.2415,3019.6573,1071.2415,191.92537266360475,27.62821684512082,1.626,1.195,-89.62,0.00489,0.00352,-87.86,3019.6573,1071.2415,191.92537266360475,27.62821684512082,0.64393042143,0.84104470055,0.64393042143,0.84104470055,0.917,0.802,-88.25,0.9171857,0.8023375,-88.25,23.3098,24.0,4.04,1.36,0.265,0.996,19.0,0.3519137536387679
4236,4236,19_64,19_11,836.7307,11.71192,18.9974,0.0152,1.221902E-5,4.0,4.0,2636.0,1053.0,2636.3995,1052.8532,2636.3995,1052.8532,192.04680429358024,27.636931731681525,0.492,0.35,-8.34,0.00689,0.0049,-8.34,2636.3995,1052.8532,192.04680429358024,27.636931731681525,0.19946720875,0.10583699629,0.19946720875,0.10583699629,0.447,0.325,-1.08,0.4466545,0.3252752,-1.08,51.1931,0.0,0.83,1.406,0.289,1.0,19.0,532,532,19_27,19_6,762.9907,31.65432,19.0976,0.0451,190.9604,16.0,21.0,2636.0,1053.0,2636.5446,1052.7855,2636.5446,1052.7855,192.04675754667767,27.63694943938757,1.205,1.064,-12.03,0.05959,0.053,-13.88,2636.5446,1052.7855,192.04675754667767,27.63694943938757,0.94597869964,0.78969641096,0.94597869964,0.78969641096,0.975,0.886,-10.02,0.9751973,0.8858134,-10.02,23.2695,0.0,3.22,1.132,0.117,0.748,19.0,0.16011652007229424
4239,4239,19_67,19_8,80070.38,114.57,14.0452,0.0016,1.629305E-4,4.0,4.0,3016.0,1044.0,3015.7037,1043.5554,3015.7037,1043.5554,191.92633381643452,27.6360357917792,0.503,0.45,-69.35,7.2E-4,6.4E-4,-69.35,3015.7037,1043.5554,191.92633381643452,27.6360357917792,0.12911609766,0.23744386731,0.12911609766,0.23744386731,0.488,0.358,-84.85,0.4881929,0.3580889,-84.85,58.995,0.0,0.97,1.119,0.107,1.0,19.0,534,534,19_29,19_4,80416.41,137.0511,14.0405,0.0019,193.174,114.0,128.0,3016.0,1044.0,3015.7365,1043.6044,3015.7365,1043.6044,191.9263239271337,27.63602171136376,1.702,1.666,-17.61,0.00377,0.00367,-77.78,3015.7365,1043.6044,191.9263239271337,27.63602171136376,1.0288702494,0.94842091146,1.0288702494,0.94842091146,1.015,0.973,-8.54,1.015248,0.9729148,-8.54,23.2898,24.0,3.12,1.022,0.021,0.997,19.0,0.058964735223646265
4242,4242,19_70,19_5,363.413,7.718543,19.9029,0.0231,-2.480185E-5,6.0,6.0,2782.0,1039.0,2781.4196,1038.4552,2781.4196,1038.4552,192.00063043172796,27.63964915518061,0.737,0.445,22.4,0.01566,0.00945,22.39,2781.4196,1038.4552,192.00063043172796,27.63964915518061,0.245371734,0.24898920919,0.245371734,0.24898920919,0.545,0.444,46.04,0.5450575,0.4441545,46.04,56.9765,0.0,2.61,1.657,0.396,1.0,19.0,535,535,19_30,19_3,322.2216,24.01252,20.0335,0.0809,191.3937,12.0,13.0,2782.0,1039.0,2781.4347,1038.4163,2781.4347,1038.4163,192.00062523489487,27.63965995035732,1.039,0.868,38.75,0.0941,0.07998,44.38,2781.4347,1038.4163,192.00062523489487,27.63965995035732,1.2539430453,0.91082787482,1.2539430453,0.91082787482,1.137,0.934,17.63,1.136879,0.9339578,17.63,23.3074,0.0,5.66,1.197,0.164,0.603,19.0,0.0417279282973585
4243,4243,19_71,19_4,14255.29,48.34184,15.9189,0.0037,-2.343925E-5,4.0,4.0,2720.0,1025.0,2720.192,1024.5613,2720.192,1024.5613,192.0199184191451,27.64411797175204,0.502,0.386,-76.06,0.0017,0.00131,-76.06,2720.192,1024.5613,192.0199184191451,27.64411797175204,0.049496661287,0.19025837272,0.049496661287,0.19025837272,0.437,0.222,-87.31,0.4365421,0.2217792,-87.31,53.9822,0.0,0.92,1.3,0.231,1.0,19.0,506,506,19_1,19_2,14032.75,72.49583,15.936,0.0056,191.825,65.0,71.0,2720.0,1025.0,2720.2456,1024.6179,2720.2456,1024.6179,192.01990199321585,27.64410156979546,1.616,1.529,-7.7,0.01085,0.01026,-9.17,2720.2456,1024.6179,192.01990199321585,27.64410156979546,0.99548494541,0.90639997011,0.99548494541,0.90639997011,0.999,0.951,-7.81,0.9985946,0.9511538,-7.81,23.3255,0.0,3.1,1.057,0.054,0.982,19.0,0.077952036535344
4245,4245,19_73,19_73,1190.869,13.97228,18.6142,0.0127,0.0,2.0,2.0,2987.0,1513.0,2987.2776,1513.0,2987.2776,1513.0,191.9403064471772,27.5043483424989,0.533,0.289,0.0,0.00625,0.00339,0.0,2987.2776,1513.0,191.9403064471772,27.5043483424989,0.11054659973,0.0833333,0.11054659973,0.0833333,0.332,0.289,0.0,0.3324855,0.2886751,0.0,40.6057,16.0,0.92,1.846,0.458,1.0,19.0,509,509,19_4,19_31,1490.048,34.89795,18.3709,0.0254,189.9459,22.0,25.0,2987.0,1514.0,2987.3708,1513.5935,2987.3708,1513.5935,191.9402831558797,27.504180645498057,1.32,1.072,2.38,0.04051,0.03228,7.21,2987.3708,1513.5935,191.9402831558797,27.504180645498057,0.86434228727,0.70277001762,0.86434228727,0.70277001762,0.93,0.838,-1.04,0.9297289,0.8382819,-1.04,23.3472,24.0,3.3,1.232,0.188,0.947,19.0,0.6007732434121766
4255,4255,20_10,20_98,1462.771,15.48543,18.3909,0.0115,1.644887E-4,26.0,26.0,3035.0,1476.0,3035.5059,1475.7168,3035.5059,1475.7168,191.924626831264,27.5143775738636,1.197,0.954,-39.95,0.01479,0.01141,-30.97,3035.5059,1475.7168,191.924626831264,27.5143775738636,0.42494929855,0.51491997588,0.42494929855,0.51491997588,0.73,0.638,-67.79,0.7300154,0.6379238,-67.79,99.0,0.0,2.34,1.254,0.203,1.0,20.0,539,539,20_3,20_30,1364.667,41.29974,18.4663,0.0329,190.7789,33.0,36.0,3035.0,1476.0,3035.5379,1475.7395,3035.5379,1475.7395,191.92461692819188,27.514370893606607,1.511,1.453,-88.95,0.05331,0.05047,75.67,3035.5379,1475.7395,191.92461692819188,27.514370893606607,1.6850449488,1.6865649387,1.6850449488,1.6865649387,1.318,1.278,-45.42,1.318184,1.27828,-45.42,23.34,0.0,4.44,1.04,0.039,0.05,20.0,0.03923378645988745
4266,4266,20_21,20_87,36950.72,77.82992,14.8848,0.0023,8.106943E-5,4.0,4.0,3068.0,1438.0,3067.6946,1438.4669,3067.6946,1438.4669,191.9140293022049,27.524546205296225,0.522,0.434,-57.85,0.0011,9.1E-4,-57.84,3067.6946,1438.4669,191.9140293022049,27.524546205296225,0.12052871869,0.22564660297,0.12052871869,0.22564660297,0.479,0.341,-79.15,0.4792259,0.3413471,-79.15,99.0,16.0,0.95,1.204,0.17,1.0,20.0,544,544,20_8,20_26,36581.72,97.87611,14.8957,0.0029,190.6596,81.0,86.0,3068.0,1438.0,3067.6719,1438.5204,3067.6719,1438.5204,191.9140370650873,27.524531380426463,1.616,1.55,-73.39,0.00581,0.0051,-84.71,3067.6719,1438.5204,191.9140370650873,27.524531380426463,0.97918207762,0.92528548562,0.97918207762,0.92528548562,0.993,0.958,-18.89,0.9931428,0.9581936,-18.89,23.3112,24.0,3.06,1.043,0.041,0.985,20.0,0.058116606921104264
4314,4314,20_69,20_39,286.1154,6.848661,20.1625,0.026,0.0,7.0,7.0,3022.0,1188.0,3021.5103,1188.1417,3021.5103,1188.1417,191.92602295423643,27.59534145402805,0.642,0.425,36.1,0.01815,0.0115,35.97,3021.5103,1188.1417,191.92602295423643,27.59534145402805,0.23055788806,0.11481562452,0.23055788806,0.11481562452,0.491,0.322,16.29,0.4912921,0.322499,16.29,99.0,0.0,1.61,1.51,0.338,1.0,20.0,553,553,20_17,20_17,235.739,20.17532,20.3728,0.0929,191.6099,9.0,9.0,3022.0,1188.0,3021.3567,1187.9405,3021.3567,1187.9405,191.9260695481105,27.595399447651342,0.942,0.676,21.72,0.10814,0.07784,20.59,3021.3567,1187.9405,191.9260695481105,27.595399447651342,0.91275228434,0.71643864386,0.91275228434,0.71643864386,0.981,0.817,24.17,0.9809483,0.8166586,24.17,23.3368,0.0,4.74,1.393,0.282,0.295,20.0,0.2531292160143082
4333,4333,20_88,20_20,465.8468,8.738897,19.6333,0.0204,-0.004495032,2.0,2.0,3070.0,1087.0,3069.8733,1087.0,3069.8733,1087.0,191.90960635355287,27.623315440597437,0.44,0.289,0.0,0.00852,0.00549,0.0,3069.8733,1087.0,191.90960635355287,27.623315440597437,0.091800504792,0.0833333,0.091800504792,0.0833333,0.303,0.289,0.0,0.302986,0.2886751,0.0,99.0,16.0,-3.32,1.526,0.345,0.997,20.0,562,562,20_26,20_8,917.2249,27.57028,18.8977,0.0326,193.4006,11.0,14.0,3071.0,1087.0,3070.3278,1086.8607,3070.3278,1086.8607,191.9094606619021,27.62335031327889,1.127,0.699,87.57,0.04743,0.02888,83.04,3070.3278,1086.8607,191.9094606619021,27.62335031327889,0.24729380715,0.5095095995,0.24729380715,0.5095095995,0.714,0.497,-86.89,0.7143432,0.4965049,-86.89,23.2874,24.0,2.77,1.612,0.38,0.917,20.0,0.47536800481296043
4339,4339,20_94,20_14,384.9053,7.943502,19.8405,0.0224,-0.004351573,6.0,6.0,3067.0,1054.0,3066.6887,1053.8765,3066.6887,1053.8765,191.91026441935676,27.63265547727284,0.541,0.459,78.22,0.0123,0.01011,82.98,3066.6887,1053.8765,191.91026441935676,27.63265547727284,0.14154766944,0.11130800444,0.14154766944,0.11130800444,0.376,0.333,3.39,0.3763694,0.3334692,3.39,99.0,0.0,1.16,1.177,0.15,1.0,20.0,564,564,20_28,20_6,287.7308,22.36833,20.1564,0.0844,194.0197,9.0,10.0,3067.0,1054.0,3066.8163,1053.9898,3066.8163,1053.9898,191.91022513470708,27.63262243024669,0.91,0.758,1.27,0.08184,0.06499,0.06,3066.8163,1053.9898,191.91022513470708,27.63262243024669,0.70454506032,0.68903765443,0.70454506032,0.68903765443,0.843,0.827,27.33,0.8427317,0.8266717,27.33,23.2659,16.0,3.09,1.2,0.167,0.536,20.0,0.17064187645459483
4352,4352,21_1,21_1,4605.186,27.47632,17.1458,0.0065,0.0,15.0,15.0,280.0,1532.0,280.4342,1531.5117,280.4342,1531.5117,192.79897320157943,27.521718409444222,0.589,0.564,-38.84,0.00352,0.00337,-38.84,280.4342,1531.5117,192.79897320157943,27.521718409444222,0.24140046778,0.25836662045,0.24140046778,0.25836662045,0.51,0.49,-74.6,0.5096666,0.4899051,-74.6,35.9681,0.0,1.0,1.044,0.042,0.997,21.0,569,569,21_1,21_1,4433.019,52.66765,17.1871,0.0129,192.2241,42.0,49.0,280.0,1532.0,280.4705,1531.5516,280.4705,1531.5516,192.79896202273304,27.52170692121261,1.515,1.42,-14.82,0.02304,0.0221,-20.27,280.4705,1531.5516,192.79896202273304,27.52170692121261,1.0042316965,0.91087219453,1.0042316965,0.91087219453,1.003,0.953,-8.14,1.003086,0.9533743,-8.14,23.3008,0.0,3.11,1.067,0.063,0.968,21.0,0.05394163512540184
4353,4353,21_2,21_71,521.6564,9.247565,19.5104,0.0193,-0.002362926,11.0,11.0,423.0,2015.0,423.1669,2014.5874,423.1669,2014.5874,192.7578284978388,27.38480530515856,0.681,0.53,10.48,0.01208,0.00939,10.48,423.1669,2014.5874,192.7578284978388,27.38480530515856,0.20912441383,0.2113059417,0.20912441383,0.2113059417,0.47,0.447,47.97,0.4698525,0.4468433,47.97,39.9013,16.0,1.53,1.286,0.222,1.0,21.0,570,570,21_2,21_34,747.8678,32.45236,19.1193,0.0471,191.7218,20.0,21.0,423.0,2016.0,423.0964,2015.2631,423.0964,2015.2631,192.75785661864936,27.38461579872896,1.25,1.071,25.88,0.06464,0.05432,35.53,423.0964,2015.2631,192.75785661864936,27.38461579872896,1.0835447986,0.8563505094,1.0835447986,0.8563505094,1.043,0.924,6.81,1.042513,0.9236141,6.81,23.2782,24.0,3.68,1.167,0.143,0.666,21.0,0.6793678973869797
4357,4357,21_6,21_67,316.6734,7.205115,20.0523,0.0247,1.30277E-5,11.0,11.0,64.0,1969.0,63.5992,1968.6791,63.5992,1968.6791,192.87138096787092,27.400352506681923,0.638,0.552,-46.02,0.01452,0.01257,-46.03,63.5992,1968.6791,192.87138096787092,27.400352506681923,0.25816707017,0.21302441787,0.25816707017,0.21302441787,0.511,0.458,-14.85,0.5114484,0.457834,-14.85,39.5839,0.0,1.34,1.155,0.134,0.999,21.0,572,572,21_4,21_32,257.2824,21.1622,20.2778,0.0893,192.4061,9.0,10.0,63.0,1969.0,63.6687,1968.6962,63.6687,1968.6962,192.87135908667423,27.400347195791984,0.932,0.747,-43.08,0.09674,0.07629,-44.81,63.6687,1968.6962,192.87135908667423,27.400347195791984,0.73415718833,0.67463749072,0.73415718833,0.67463749072,0.874,0.803,-29.95,0.8739116,0.8031645,-29.95,23.3538,0.0,3.11,1.248,0.199,0.504,21.0,0.07157276018151496
4358,4358,21_7,21_66,16135.78,51.43161,15.7844,0.0035,-0.001232298,26.0,26.0,358.0,1967.0,358.6462,1966.7311,358.6462,1966.7311,192.77786653706968,27.398743358600004,0.896,0.479,-44.43,0.00286,0.00153,-44.43,358.6462,1966.7311,192.77786653706968,27.398743358600004,0.2666454252,0.24251512135,0.2666454252,0.24251512135,0.587,0.405,-41.17,0.5874779,0.4050066,-41.17,38.0671,0.0,2.08,1.871,0.466,1.0,21.0,571,571,21_3,21_33,16337.34,79.10193,15.7709,0.0053,191.754,76.0,87.0,359.0,1967.0,358.7032,1966.8029,358.7032,1966.8029,192.7778490838147,27.398722743751037,1.815,1.604,-40.15,0.01175,0.01069,-55.48,358.7032,1966.8029,192.7778490838147,27.398722743751037,1.2054358973,1.1169138964,1.2054358973,1.1169138964,1.139,1.013,-35.46,1.138665,1.012814,-35.46,23.3249,0.0,3.65,1.132,0.116,0.974,21.0,0.09167464207722145
4359,4359,21_8,21_65,791.7288,11.39261,19.0574,0.0156,-5.932231E-4,13.0,13.0,468.0,1966.0,468.481,1966.4574,468.481,1966.4574,192.7430557312419,27.398003013195208,0.716,0.642,18.64,0.0103,0.00924,18.65,468.481,1966.4574,192.7430557312419,27.398003013195208,0.29136354753,0.28296201099,0.29136354753,0.28296201099,0.553,0.519,38.32,0.5525699,0.5186445,38.32,40.9491,0.0,1.08,1.115,0.103,1.0,21.0,573,573,21_5,21_31,685.4969,30.23757,19.2139,0.0479,191.466,15.0,19.0,468.0,1966.0,468.5736,1966.4666,468.5736,1966.4666,192.7430264634401,27.397999733389657,1.227,0.977,5.36,0.06733,0.04964,4.32,468.5736,1966.4666,192.7430264634401,27.397999733389657,0.9630581644,0.83778959598,0.9630581644,0.83778959598,0.983,0.913,9.73,0.9832875,0.9132325,9.73,23.2949,0.0,3.37,1.256,0.204,0.632,21.0,0.09305589718013668
4360,4360,21_9,21_64,385.3207,7.947788,19.8393,0.0224,-2.299775E-5,41.0,41.0,253.0,1963.0,253.3702,1962.8909,253.3702,1962.8909,192.81119679789475,27.40059935110484,1.884,0.971,58.67,0.03889,0.02004,58.67,253.3702,1962.8909,192.81119679789475,27.40059935110484,0.44187476882,0.84741685725,0.44187476882,0.84741685725,0.932,0.649,77.61,0.9316488,0.6490933,77.61,40.6279,0.0,2.94,1.94,0.485,0.997,21.0,574,574,21_6,21_30,187.0556,21.25777,20.6239,0.1234,192.7554,8.0,10.0,253.0,1962.0,253.1713,1962.4814,253.1713,1962.4814,192.81125638269265,27.400715977234476,0.999,0.741,-90.0,0.11921,0.08719,89.94,253.1713,1962.4814,192.81125638269265,27.400715977234476,2.2708768668,2.7065007787,2.2708768668,2.7065007787,1.693,1.453,62.66,1.692784,1.453224,62.66,23.3671,0.0,4.43,1.349,0.258,0.156,21.0,0.4552487891254335
4362,4362,21_11,21_62,739.451,11.01006,19.1316,0.0162,-9.608171E-5,14.0,14.0,266.0,1957.0,266.3587,1957.3685,266.3587,1957.3685,192.80703414307007,27.402057104703204,0.669,0.663,-4.87,0.00996,0.00987,-4.87,266.3587,1957.3685,192.80703414307007,27.402057104703204,0.26249882828,0.25214221796,0.26249882828,0.25214221796,0.517,0.498,28.72,0.5166634,0.4976947,28.72,36.8763,0.0,1.36,1.009,0.009,1.0,21.0,576,576,21_8,21_28,615.7766,29.41042,19.3303,0.0519,192.1915,15.0,18.0,266.0,1957.0,266.3396,1957.3375,266.3396,1957.3375,192.8070399347215,27.40206596335752,1.1,1.047,39.6,0.06283,0.05832,44.67,266.3396,1957.3375,192.8070399347215,27.40206596335752,0.84169404184,0.80392695245,0.84169404184,0.80392695245,0.918,0.896,10.27,0.9181369,0.895905,10.27,23.3218,0.0,3.23,1.051,0.049,0.783,21.0,0.03641167395212821
4364,4364,21_13,21_60,11536.55,43.48836,16.1487,0.0041,-6.47617E-4,14.0,14.0,447.0,1956.0,447.244,1955.6587,447.244,1955.6587,192.74969352772203,27.40119863609745,0.525,0.509,-12.81,0.00198,0.00192,-12.81,447.244,1955.6587,192.74969352772203,27.40119863609745,0.12544002477,0.16119610068,0.12544002477,0.16119610068,0.402,0.354,-88.37,0.4015285,0.3541341,-88.37,40.3882,0.0,1.05,1.031,0.03,1.0,21.0,575,575,21_7,21_29,11289.18,67.61711,16.1722,0.0065,191.3038,56.0,65.0,447.0,1956.0,447.2667,1955.713,447.2667,1955.713,192.74968679929003,27.40118319564352,1.581,1.505,2.2,0.0124,0.0119,49.27,447.2667,1955.713,192.74968679929003,27.40118319564352,0.99780920914,0.87843503691,0.99780920914,0.87843503691,0.999,0.937,-3.22,0.9990941,0.9370461,-3.22,23.2905,0.0,3.1,1.05,0.048,0.981,21.0,0.05885388687249701
4366,4366,21_15,21_58,3382.638,23.54848,17.4807,0.0076,-3.390839E-4,173.0,173.0,324.0,1939.0,324.2558,1938.9799,324.2558,1938.9799,192.7885299166399,27.406802283736063,2.605,1.987,-49.19,0.01815,0.01384,-49.18,324.2558,1938.9799,192.7885299166399,27.406802283736063,1.5420349434,1.6431795706,1.5420349434,1.6431795706,1.303,1.219,-59.18,1.303495,1.219063,-59.18,37.1815,0.0,4.18,1.312,0.238,0.788,21.0,578,578,21_10,21_26,3423.879,66.09203,17.4676,0.021,192.2711,77.0,91.0,324.0,1939.0,324.3521,1938.9393,324.3521,1938.9393,192.78849905192504,27.406812990917967,2.368,2.182,-68.4,0.05379,0.04908,-74.47,324.3521,1938.9393,192.78849905192504,27.406812990917967,4.0516303504,4.1669948745,4.0516303504,4.1669948745,2.075,1.979,-53.62,2.074569,1.978582,-53.62,23.3427,0.0,6.34,1.086,0.079,0.009,21.0,0.10450861208532253
4367,4367,21_16,21_57,1098.216,13.41773,18.7021,0.0133,3.952076E-6,50.0,50.0,93.0,1942.0,92.8579,1943.4512,92.8579,1943.4512,192.8619007822398,27.4072361185586,1.603,1.337,25.03,0.01959,0.01633,25.04,92.8579,1943.4512,192.8619007822398,27.4072361185586,1.3906693556,1.1799268982,1.3906693556,1.1799268982,1.183,1.082,11.53,1.183139,1.082025,11.53,44.2852,0.0,5.0,1.199,0.166,1.0,21.0,577,577,21_9,21_27,1131.377,41.7544,18.6698,0.0401,191.4862,37.0,38.0,93.0,1943.0,92.9182,1943.5051,92.9182,1943.5051,192.86188211990324,27.407220523403453,1.742,1.529,17.77,0.07645,0.06694,19.59,92.9182,1943.5051,192.86188211990324,27.407220523403453,3.2363307953,3.0128989134,3.2363307953,3.0128989134,1.82,1.713,26.85,1.820253,1.713449,26.85,23.2753,0.0,7.12,1.14,0.123,0.0,21.0,0.08087830364202676
4369,4369,21_18,21_55,715.3504,10.82915,19.1676,0.0164,-3.765702E-5,11.0,11.0,273.0,1910.0,272.7708,1909.8042,272.7708,1909.8042,192.8046008077132,27.415386814816163,0.679,0.644,-85.74,0.01029,0.00975,-85.74,272.7708,1909.8042,192.8046008077132,27.415386814816163,0.26527971004,0.27489403246,0.26527971004,0.27489403246,0.529,0.51,-59.74,0.5290152,0.5102124,-59.74,42.7984,0.0,1.73,1.055,0.052,1.0,21.0,579,579,21_11,21_25,663.3173,30.97707,19.2496,0.0507,191.4386,15.0,20.0,273.0,1910.0,272.8754,1909.8728,272.8754,1909.8728,192.80456823364017,27.415366753180862,1.152,1.086,-35.2,0.06635,0.06117,-26.44,272.8754,1909.8728,192.80456823364017,27.415366753180862,0.80076697554,0.83303342217,0.80076697554,0.83303342217,0.915,0.892,-70.46,0.9152493,0.892255,-70.46,23.2582,0.0,3.38,1.061,0.057,0.703,21.0,0.12508844870734193
4370,4370,21_19,21_54,29678.89,69.75236,15.1227,0.0026,0.0,728.0,728.0,101.0,1893.0,100.5472,1893.283,100.5472,1893.283,192.85904808057637,27.42128968114429,4.603,4.152,66.86,0.01082,0.00976,66.87,100.5472,1893.283,192.85904808057637,27.42128968114429,4.3074849399,5.6479369765,4.3074849399,5.6479369765,2.378,2.074,85.64,2.378187,2.07356,85.64,44.1597,0.0,2.9,1.109,0.098,0.326,21.0,581,581,21_13,21_23,31407.19,156.5241,15.0613,0.0054,192.682,421.0,457.0,101.0,1893.0,100.6589,1893.4552,100.6589,1893.4552,192.85901410660293,27.421240443052948,4.548,4.2,62.08,0.02938,0.02762,47.27,100.6589,1893.4552,192.85901410660293,27.421240443052948,6.7915667985,7.7927066042,6.7915667985,7.7927066042,2.795,2.603,82.44,2.794752,2.602621,82.44,23.3223,0.0,6.22,1.083,0.077,0.027,21.0,0.2052552800784174
4371,4371,21_20,21_53,511.6812,9.158721,19.5314,0.0194,-1.625696E-5,10.0,10.0,246.0,1908.0,245.7493,1907.7245,245.7493,1907.7245,192.81314771957628,27.41617008301055,0.585,0.552,-2.43,0.01048,0.00988,-2.43,245.7493,1907.7245,192.81314771957628,27.41617008301055,0.16191901973,0.17016842969,0.16191901973,0.17016842969,0.413,0.402,87.71,0.4125308,0.4023751,87.71,42.4407,0.0,1.24,1.06,0.057,1.0,21.0,580,580,21_12,21_24,421.7744,24.83543,19.7412,0.0639,191.4161,10.0,13.0,246.0,1908.0,245.6785,1907.6841,245.6785,1907.6841,192.81316981951773,27.416181964133305,0.961,0.864,40.39,0.07257,0.0619,44.8,245.6785,1907.6841,192.81316981951773,27.416181964133305,0.67489974415,0.60975964947,0.67489974415,0.60975964947,0.822,0.78,-6.23,0.8220015,0.7803672,-6.23,23.2614,0.0,2.79,1.113,0.102,0.625,21.0,0.08151564267063156
4373,4373,21_22,21_51,4039.055,25.73208,17.2882,0.0069,-3.483952E-6,16.0,16.0,393.0,1888.0,393.1785,1888.113,393.1785,1888.113,192.76625166779775,27.42059737911864,0.543,0.512,-61.66,0.00346,0.00326,-61.66,393.1785,1888.113,192.76625166779775,27.42059737911864,0.14813880252,0.14641257964,0.14813880252,0.14641257964,0.385,0.382,-20.92,0.3852714,0.3822529,-20.92,41.1726,0.0,1.09,1.059,0.056,1.0,21.0,582,582,21_14,21_22,3835.364,49.90768,17.3444,0.0141,191.8542,39.0,46.0,393.0,1888.0,393.2614,1888.1387,393.2614,1888.1387,192.76622560967272,27.42058953553401,1.513,1.369,-13.1,0.0259,0.02252,-16.79,393.2614,1888.1387,192.76622560967272,27.42058953553401,0.91307170204,0.85000523736,0.91307170204,0.85000523736,0.957,0.92,-11.46,0.9569617,0.9204897,-11.46,23.345,0.0,2.97,1.105,0.095,0.981,21.0,0.08679228076272007
4374,4374,21_23,21_50,775.1661,11.27282,19.0804,0.0158,0.0,13.0,13.0,167.0,1886.0,166.5892,1886.2682,166.5892,1886.2682,192.83805781456573,27.422782879905096,0.649,0.601,-30.82,0.00944,0.00874,-30.83,166.5892,1886.2682,192.83805781456573,27.422782879905096,0.25776175679,0.19609764929,0.25776175679,0.19609764929,0.508,0.443,-2.94,0.5078633,0.4426446,-2.94,42.0701,0.0,1.25,1.08,0.074,1.0,21.0,583,583,21_15,21_21,656.499,28.59767,19.2608,0.0473,192.8569,16.0,17.0,167.0,1886.0,166.6042,1886.3807,166.6042,1886.3807,192.8380539996789,27.422751131498263,1.095,0.987,-15.7,0.05949,0.05239,-11.3,166.6042,1886.3807,192.8380539996789,27.422751131498263,0.80836627701,0.73810376039,0.80836627701,0.73810376039,0.904,0.854,-18.05,0.9037206,0.8542594,-18.05,23.3452,0.0,3.13,1.109,0.099,0.828,21.0,0.11349559462811479
4379,4379,21_28,21_45,59838.84,99.04366,14.3614,0.0018,-1.58547E-5,11.0,11.0,22.0,1871.0,22.3317,1871.2829,22.3317,1871.2829,192.8836561831081,27.42804151200744,0.49,0.452,-37.41,8.1E-4,7.5E-4,-37.41,22.3317,1871.2829,192.8836561831081,27.42804151200744,0.14829088641,0.1202527759,0.14829088641,0.1202527759,0.386,0.345,-10.82,0.3864643,0.3452376,-10.82,37.0002,0.0,1.04,1.083,0.077,1.0,21.0,584,584,21_16,21_20,60568.13,123.4598,14.3483,0.0022,192.5127,115.0,123.0,22.0,1871.0,22.4158,1871.3531,22.4158,1871.3531,192.8836301056118,27.42802116403019,1.696,1.648,-11.19,0.00466,0.00461,-34.08,22.4158,1871.3531,192.8836301056118,27.42802116403019,0.98013221033,0.8952770474,0.98013221033,0.8952770474,0.992,0.944,-11.08,0.9917247,0.9444,-11.08,23.2929,0.0,3.03,1.03,0.029,0.998,21.0,0.10954839113385388
4381,4381,21_30,21_43,42999.34,83.95875,14.7202,0.0021,5.242907E-6,12.0,12.0,381.0,1853.0,381.4214,1852.7014,381.4214,1852.7014,192.7696763440819,27.43064360366441,0.507,0.469,-16.24,9.9E-4,9.2E-4,-16.24,381.4214,1852.7014,192.7696763440819,27.43064360366441,0.21313234428,0.133788546,0.21313234428,0.133788546,0.462,0.365,-3.76,0.4620361,0.3652993,-3.76,45.5326,0.0,0.94,1.082,0.075,1.0,21.0,585,585,21_17,21_19,43227.0,107.4656,14.7145,0.0027,191.927,101.0,110.0,381.0,1853.0,381.4938,1852.7462,381.4938,1852.7462,192.769653774969,27.43063046706946,1.687,1.618,-3.13,0.00571,0.0056,-30.23,381.4938,1852.7462,192.769653774969,27.43063046706946,0.99131311032,0.88450176393,0.99131311032,0.88450176393,0.996,0.94,-6.0,0.9962457,0.9398454,-6.0,23.3487,0.0,3.05,1.042,0.041,0.998,21.0,0.0851398848954668
4384,4384,21_33,21_40,13361.9,46.80251,15.9892,0.0038,0.0,335.0,335.0,153.0,1812.0,153.2114,1811.8127,153.2114,1811.8127,192.84167686701528,27.44381985173334,6.358,1.514,80.75,0.02228,0.00531,80.75,153.2114,1811.8127,192.84167686701528,27.44381985173334,1.4871841104,4.7275417885,1.4871841104,4.7275417885,2.189,1.194,82.17,2.188591,1.193647,82.17,99.0,0.0,7.3,4.199,0.762,0.997,21.0,586,586,21_18,21_18,14168.73,115.0325,15.9255,0.0088,192.7733,231.0,256.0,153.0,1812.0,153.3028,1811.952,153.3028,1811.952,192.84164905406868,27.44378001060853,6.015,2.054,80.94,0.06358,0.01991,80.62,153.3028,1811.952,192.84164905406868,27.44378001060853,3.8503107484,7.6866071858,3.8503107484,7.6866071858,2.788,1.94,81.49,2.78829,1.93968,81.49,23.3181,0.0,9.57,2.928,0.658,0.018,21.0,0.16660867324365863
4387,4387,21_36,21_37,193.1126,5.626527,20.5893,0.0316,3.606361E-4,10.0,10.0,438.0,1806.0,437.9146,1805.9134,437.9146,1805.9134,192.75136609952435,27.443381506374937,0.728,0.556,6.01,0.02121,0.01621,6.01,437.9146,1805.9134,192.75136609952435,27.443381506374937,0.2841298653,0.12909294669,0.2841298653,0.12909294669,0.534,0.358,4.64,0.5340004,0.3578636,4.64,46.3775,0.0,1.89,1.308,0.236,1.0,21.0,587,587,21_19,21_17,147.8236,16.56813,20.8795,0.1217,191.613,5.0,6.0,438.0,1806.0,437.8327,1805.8264,437.8327,1805.8264,192.75139131940108,27.44340658446976,0.753,0.565,41.37,0.11251,0.0832,44.78,437.8327,1805.8264,192.75139131940108,27.44340658446976,0.75837944007,0.67060411304,0.75837944007,0.67060411304,0.873,0.817,11.01,0.8728293,0.816794,11.01,23.3139,0.0,3.85,1.332,0.249,0.475,21.0,0.11948476890382795
4388,4388,21_37,21_36,3222.673,22.98493,17.5333,0.0077,0.001132387,15.0,15.0,503.0,1803.0,503.232,1802.7591,503.232,1802.7591,192.73062993897213,27.443779857933773,0.587,0.563,29.8,0.00419,0.00402,29.78,503.232,1802.7591,192.73062993897213,27.443779857933773,0.14366759595,0.14724065601,0.14366759595,0.14724065601,0.385,0.378,63.79,0.3852058,0.3775244,63.79,46.7572,0.0,1.21,1.042,0.04,1.0,21.0,588,588,21_20,21_16,3052.221,46.92717,17.5923,0.0167,191.5414,40.0,41.0,503.0,1803.0,503.2867,1802.828,503.2867,1802.828,192.7306131908536,27.44376007072669,1.458,1.349,6.31,0.02859,0.02648,11.78,503.2867,1802.828,192.7306131908536,27.44376007072669,0.95707438061,0.85835251125,0.95707438061,0.85835251125,0.979,0.926,4.42,0.9786056,0.9261522,4.42,23.313,16.0,3.08,1.081,0.075,0.978,21.0,0.08797329140139348
4389,4389,21_38,21_35,9037.305,38.49059,16.4138,0.0046,4.942749E-4,13.0,13.0,453.0,1796.0,452.6265,1795.6379,452.6265,1795.6379,192.74661341295635,27.446161460007357,0.531,0.518,5.52,0.00226,0.00221,5.53,452.6265,1795.6379,192.74661341295635,27.446161460007357,0.2035235075,0.19207122403,0.2035235075,0.19207122403,0.451,0.438,-1.48,0.4511443,0.4382506,-1.48,36.0361,0.0,1.05,1.026,0.025,1.0,21.0,589,589,21_21,21_15,8731.687,62.12855,16.4511,0.0077,191.6064,51.0,58.0,453.0,1796.0,452.6724,1795.6581,452.6724,1795.6581,192.7465990335509,27.44615543625694,1.547,1.458,7.21,0.01428,0.01362,8.82,452.6724,1795.6581,192.7465990335509,27.44615543625694,0.96818174761,0.85974969078,0.96818174761,0.85974969078,0.984,0.927,-2.33,0.9840533,0.9271303,-2.33,23.3115,0.0,3.02,1.061,0.057,0.981,21.0,0.050148280130058294
4392,4392,21_41,21_32,687.7305,10.61804,19.2103,0.0168,4.139455E-5,14.0,14.0,370.0,1774.0,369.8837,1774.5556,369.8837,1774.5556,192.77266774353,27.452706317709826,0.722,0.617,-15.02,0.01115,0.00953,-15.02,369.8837,1774.5556,192.77266774353,27.452706317709826,0.22422111223,0.27083028165,0.22422111223,0.27083028165,0.526,0.467,-70.94,0.5264484,0.4668014,-70.94,43.3045,0.0,1.56,1.17,0.145,1.0,21.0,590,590,21_22,21_14,602.4412,28.92146,19.3541,0.0521,191.6444,17.0,18.0,370.0,1774.0,369.8188,1774.5144,369.8188,1774.5144,192.77268797009447,27.4527183857322,1.171,0.978,-3.62,0.06947,0.05652,-0.22,369.8188,1774.5144,192.77268797009447,27.4527183857322,0.94968258196,0.81022403851,0.94968258196,0.81022403851,0.979,0.896,-13.26,0.9787136,0.8955592,-13.26,23.3116,0.0,3.18,1.197,0.165,0.8,21.0,0.07687294712697375
4394,4394,21_43,21_30,2085.14,18.48854,18.006,0.0096,0.0,17.0,17.0,139.0,1766.0,139.0994,1766.0758,139.0994,1766.0758,192.84576941750683,27.45678529963097,0.657,0.566,-41.39,0.00583,0.00502,-41.39,139.0994,1766.0758,192.84576941750683,27.45678529963097,0.13373850036,0.11783906562,0.13373850036,0.11783906562,0.368,0.34,-18.35,0.3683804,0.3404019,-18.35,37.6148,0.0,1.29,1.161,0.138,1.0,21.0,591,591,21_23,21_13,1914.812,42.3756,18.0986,0.024,193.382,28.0,35.0,139.0,1766.0,139.11,1766.1017,139.11,1766.1017,192.8457662726321,27.456777938609747,1.398,1.29,-32.04,0.03772,0.03527,-43.22,139.11,1766.1017,192.8457662726321,27.456777938609747,0.91753362119,0.83652009702,0.91753362119,0.83652009702,0.968,0.904,-23.96,0.9682302,0.9036504,-23.96,23.3344,0.0,3.06,1.084,0.077,0.955,21.0,0.027985174646466618
4399,4399,21_48,21_25,1297.633,14.58515,18.521,0.0122,4.152706E-4,45.0,45.0,437.0,1744.0,436.4777,1742.7758,436.4777,1742.7758,192.7512799308944,27.461148424704582,2.402,0.775,85.46,0.027,0.00871,85.46,436.4777,1742.7758,192.7512799308944,27.461148424704582,0.46289393201,1.175924481,0.46289393201,1.175924481,1.084,0.68,89.65,1.084413,0.6803437,89.65,44.7848,0.0,8.02,3.101,0.678,1.0,21.0,592,592,21_24,21_12,1139.595,40.31174,18.662,0.0384,191.8281,32.0,34.0,437.0,1744.0,436.5384,1743.0541,436.5384,1743.0541,192.7512630712564,27.461069705669598,1.905,1.195,84.45,0.07914,0.04942,83.59,436.5384,1743.0541,192.7512630712564,27.461069705669598,1.8108104708,2.9365571901,1.8108104708,2.9365571901,1.717,1.341,84.04,1.717258,1.341042,84.04,23.3125,0.0,6.67,1.594,0.373,0.015,21.0,0.28484272853646
4404,4404,21_53,21_20,8766.699,37.90995,16.4468,0.0047,0.001001305,15.0,15.0,486.0,1698.0,486.3921,1697.9103,486.3921,1697.9103,192.735065157037,27.473392620376845,0.529,0.459,4.96,0.00229,0.00199,4.96,486.3921,1697.9103,192.735065157037,27.473392620376845,0.15764524309,0.049737713941,0.15764524309,0.049737713941,0.397,0.223,0.35,0.3970506,0.2230107,0.35,44.0297,0.0,1.0,1.151,0.131,1.0,21.0,594,594,21_26,21_10,8493.074,62.69322,16.4812,0.008,192.2133,53.0,60.0,486.0,1698.0,486.4464,1697.9788,486.4464,1697.9788,192.73504852717969,27.473372949300337,1.544,1.49,21.23,0.01518,0.01408,68.33,486.4464,1697.9788,192.73504852717969,27.473372949300337,0.94409224357,0.84757384751,0.94409224357,0.84757384751,0.972,0.921,0.18,0.9716446,0.9206372,0.18,23.3346,0.0,2.96,1.037,0.035,0.985,21.0,0.08741132649723858
4405,4405,21_54,21_19,839.8697,11.73386,18.9933,0.0152,2.263442E-4,43.0,43.0,429.0,1690.0,428.6412,1691.1195,428.6412,1691.1195,192.75332184252463,27.47573412378867,1.781,1.02,-63.77,0.02489,0.01425,-63.77,428.6412,1691.1195,192.75332184252463,27.47573412378867,0.89536548983,1.0879558371,0.89536548983,1.0879558371,1.116,0.859,-56.12,1.116256,0.8586577,-56.12,42.7751,0.0,4.7,1.747,0.427,1.0,21.0,595,595,21_27,21_9,851.8931,39.22847,18.9779,0.05,191.8085,29.0,33.0,428.0,1691.0,428.6495,1691.061,428.6495,1691.061,192.75331870844903,27.475750513766872,1.847,1.242,-58.98,0.09715,0.06473,-58.66,428.6495,1691.061,192.75331870844903,27.475750513766872,2.197646036,2.9326562225,2.197646036,2.9326562225,1.761,1.424,-66.61,1.761208,1.424236,-66.61,23.3035,0.0,8.46,1.487,0.327,0.007,21.0,0.05908586971527499
4408,4408,21_57,21_16,674.4797,10.51525,19.2314,0.0169,-0.007673463,20.0,20.0,489.0,1681.0,488.8047,1681.6923,488.8047,1681.6923,192.73416013290205,27.47793547782312,0.926,0.718,-27.2,0.01444,0.0112,-27.2,488.8047,1681.6923,192.73416013290205,27.47793547782312,0.38797868253,0.36674086084,0.38797868253,0.36674086084,0.649,0.578,-37.95,0.6487923,0.5777439,-37.95,31.4847,0.0,2.09,1.29,0.225,1.0,21.0,596,596,21_28,21_8,578.8758,30.66711,19.3974,0.0575,192.383,19.0,20.0,489.0,1682.0,488.7822,1681.7286,488.7822,1681.7286,192.73416758193449,27.47792543797215,1.206,1.125,-34.16,0.07013,0.06724,-43.38,488.7822,1681.7286,192.73416758193449,27.47792543797215,1.4923364733,1.3366316784,1.4923364733,1.3366316784,1.232,1.145,-20.5,1.231925,1.145133,-20.5,23.3455,0.0,3.98,1.073,0.068,0.1,21.0,0.04270761056299446
4411,4411,21_60,21_13,227.8304,6.111403,20.4098,0.0291,3.154102E-4,11.0,11.0,463.0,1635.0,463.0623,1634.999,463.0623,1634.999,192.7419224665452,27.49125967135728,0.846,0.556,-18.52,0.02269,0.01493,-18.52,463.0623,1634.999,192.7419224665452,27.49125967135728,0.24298899085,0.17955024362,0.24298899085,0.17955024362,0.505,0.409,-21.69,0.5048843,0.4094278,-21.69,41.5905,0.0,1.8,1.52,0.342,1.0,21.0,597,597,21_29,21_7,204.3183,19.21444,20.5281,0.1021,191.5565,8.0,8.0,463.0,1635.0,462.8873,1634.8976,462.8873,1634.8976,192.74197710150355,27.491289496877737,0.842,0.659,-40.23,0.10342,0.08177,-44.7,462.8873,1634.8976,192.74197710150355,27.491289496877737,0.85542524137,0.55060540112,0.85542524137,0.55060540112,0.935,0.729,-13.49,0.9349048,0.7293722,-13.49,23.2911,0.0,4.22,1.278,0.217,0.54,21.0,0.2022546909221304
4413,4413,21_62,21_11,433.3476,8.428558,19.7118,0.0211,-6.998344E-8,14.0,14.0,86.0,1625.0,85.9789,1624.591,85.9789,1624.591,192.86143762843935,27.49696087588365,0.791,0.627,0.21,0.01539,0.01221,0.21,85.9789,1624.591,192.86143762843935,27.49696087588365,0.26452236271,0.27165514896,0.26452236271,0.27165514896,0.526,0.509,56.74,0.5263433,0.5090582,56.74,34.0918,0.0,1.7,1.261,0.207,1.0,21.0,598,598,21_30,21_6,395.1443,26.45897,19.812,0.0727,195.4668,12.0,15.0,86.0,1625.0,86.0425,1624.6149,86.0425,1624.6149,192.86141765503265,27.49695369417345,1.158,0.867,-7.54,0.09246,0.07002,-9.34,86.0425,1624.6149,192.86141765503265,27.49695369417345,0.96671700434,0.70315535678,0.96671700434,0.70315535678,0.983,0.839,0.59,0.9832319,0.8385269,0.59,23.2906,0.0,3.68,1.335,0.251,0.54,21.0,0.06794240207711019
4414,4414,21_63,21_10,982.98,12.69426,18.8225,0.014,0.0,33.0,33.0,338.0,1620.0,337.6977,1620.046,337.6977,1620.046,192.78155897468068,27.496397463942248,1.154,1.117,-14.01,0.01491,0.01443,-13.98,337.6977,1620.046,192.78155897468068,27.496397463942248,0.64713828722,0.68854402956,0.64713828722,0.68854402956,0.832,0.802,-74.04,0.8320065,0.8021518,-74.04,39.6535,0.0,3.02,1.033,0.032,1.0,21.0,599,599,21_31,21_5,1013.533,39.65611,18.7893,0.0425,192.1796,31.0,34.0,338.0,1620.0,337.7615,1620.1833,337.7615,1620.1833,192.7815399058493,27.49635837926141,1.609,1.403,-2.48,0.07443,0.06249,-2.24,337.7615,1620.1833,192.7815399058493,27.49635837926141,2.0735537025,1.9319473488,2.0735537025,1.9319473488,1.44,1.39,1.73,1.440029,1.389898,1.73,23.3212,0.0,5.92,1.147,0.128,0.002,21.0,0.15139924042070263
4415,4415,21_64,21_9,1268.324,14.41951,18.5458,0.0123,-7.926908E-5,59.0,59.0,69.0,1591.0,68.2741,1591.7058,68.2741,1591.7058,192.8667805017159,27.506337310088785,3.181,0.903,-5.89,0.03618,0.01027,-5.89,68.2741,1591.7058,192.8667805017159,27.506337310088785,2.4699567261,0.75414756179,2.4699567261,0.75414756179,1.573,0.867,-2.34,1.572519,0.8667693,-2.34,32.6012,0.0,9.58,3.521,0.716,1.0,21.0,600,600,21_32,21_4,1232.176,46.65373,18.5772,0.0411,196.8327,39.0,46.0,68.0,1592.0,68.6302,1591.7386,68.6302,1591.7386,192.86666782158284,27.506325512456364,2.778,1.153,-6.17,0.11811,0.04853,-6.57,68.6302,1591.7386,192.86666782158284,27.506325512456364,5.5821854449,2.5054382075,5.5821854449,2.5054382075,2.366,1.578,-4.04,2.36593,1.577973,-4.04,23.2827,0.0,10.72,2.409,0.585,0.0,21.0,0.3576073964559393
4419,4419,21_68,21_5,1212.993,14.10147,18.5942,0.0126,0.0,13.0,13.0,174.0,1570.0,174.2839,1570.1456,174.2839,1570.1456,192.83297384433413,27.511631187407627,0.677,0.579,-26.78,0.00787,0.00673,-26.78,174.2839,1570.1456,192.83297384433413,27.511631187407627,0.22256724152,0.15261161046,0.22256724152,0.15261161046,0.474,0.388,-9.82,0.4740565,0.3878779,-9.82,33.8366,0.0,1.5,1.169,0.144,0.988,21.0,601,601,21_33,21_3,1081.414,35.25911,18.7189,0.0354,193.6394,20.0,25.0,174.0,1570.0,174.2308,1570.1262,174.2308,1570.1262,192.83299052629667,27.51163703052667,1.269,1.128,-22.15,0.05041,0.04473,-23.38,174.2308,1570.1262,192.83299052629667,27.51163703052667,0.88513201767,0.7660524221,0.88513201767,0.7660524221,0.948,0.867,-17.94,0.9481931,0.8672453,-17.94,23.2557,0.0,3.15,1.124,0.111,0.908,21.0,0.05653291076890699
4420,4420,21_69,21_4,11169.96,42.79184,16.1837,0.0042,-4.954318E-5,14.0,14.0,91.0,1567.0,90.769,1567.0655,90.769,1567.0655,192.85944061500632,27.51310425869699,0.49,0.459,-25.38,0.00188,0.00176,-25.38,90.769,1567.0655,192.85944061500632,27.51310425869699,0.12400312342,0.10926657291,0.12400312342,0.10926657291,0.352,0.331,-0.8,0.3521449,0.3305506,-0.8,33.0739,0.0,0.98,1.069,0.064,1.0,21.0,602,602,21_34,21_2,10958.79,69.2412,16.2045,0.0069,196.9017,61.0,68.0,91.0,1567.0,90.8256,1567.104,90.8256,1567.104,192.85942298043943,27.51309302145783,1.592,1.52,-6.76,0.01304,0.01269,14.99,90.8256,1567.104,192.85942298043943,27.51309302145783,0.94838343076,0.87234926181,0.94838343076,0.87234926181,0.975,0.932,-10.96,0.9753686,0.9324102,-10.96,23.3051,0.0,3.03,1.047,0.045,0.991,21.0,0.06845297656061002
4424,4424,22_2,22_144,774847.1,356.4044,11.5808,5.0E-4,-0.003647347,6.0,6.0,914.0,2015.0,914.0455,2014.6133,914.0455,2014.6133,192.6022746066876,27.38106044308297,0.804,0.487,0.3,3.7E-4,2.2E-4,0.3,914.0455,2014.6133,192.6022746066876,27.38106044308297,0.45424649698,0.21930788734,0.45424649698,0.21930788734,0.674,0.468,0.34,0.6739843,0.4682943,0.34,37.23,20.0,0.0,1.65,0.394,1.0,22.0,604,604,22_2,22_30,780028.0,371.7926,11.5736,5.0E-4,191.7907,236.0,248.0,914.0,2015.0,914.1063,2014.5034,914.1063,2014.5034,192.6022543566509,27.381090876321963,1.9,1.559,-1.51,0.00119,9.3E-4,-2.88,914.1063,2014.5034,192.6022543566509,27.381090876321963,1.2949931355,1.0583623351,1.2949931355,1.0583623351,1.138,1.029,-0.91,1.138004,1.028739,-0.91,23.3113,28.0,4.01,1.219,0.18,1.0,22.0,0.1255971735350519
4431,4431,22_9,22_137,344.1271,7.510943,19.9621,0.0237,7.198916E-6,2.0,2.0,694.0,2005.0,694.0,2004.97,694.0,2004.97,192.67192071212443,27.38546847773068,0.335,0.289,90.0,0.00732,0.0063,90.0,694.0,2004.97,192.67192071212443,27.38546847773068,0.0833333,0.085096546063,0.0833333,0.085096546063,0.292,0.289,90.0,0.2917131,0.2886751,90.0,45.7428,0.0,0.0,1.162,0.139,1.0,22.0,605,605,22_3,22_29,254.0719,17.93454,20.2915,0.0767,191.4099,3.0,7.0,694.0,2005.0,693.7896000000001,2004.9668,693.7896000000001,2004.9668,192.67198735975327,27.385470983176656,0.676,0.636,-81.36,0.06676,0.06217,-87.66,693.7896000000001,2004.9668,192.67198735975327,27.385470983176656,0.095630150372,0.09888608634,0.095630150372,0.09888608634,0.315,0.309,-84.56,0.314509,0.309193,-84.56,23.3325,0.0,0.0,1.063,0.059,0.735,22.0,0.21042433319360607
4432,4432,22_10,22_136,484.479,8.911946,19.5907,0.02,-9.089568E-6,8.0,8.0,805.0,2001.0,805.5469,2001.1951,805.5469,2001.1951,192.6365380234946,27.385674548794203,0.633,0.623,26.06,0.01164,0.01146,26.06,805.5469,2001.1951,192.6365380234946,27.385674548794203,0.28241922693,0.25075677215,0.28241922693,0.25075677215,0.533,0.5,10.86,0.5325685,0.4995466,10.86,39.672,0.0,1.65,1.015,0.015,1.0,22.0,607,607,22_5,22_27,364.8405,23.51961,19.8986,0.07,191.3939,10.0,12.0,805.0,2001.0,805.6082,2001.2467,805.6082,2001.2467,192.6365190546005,27.3856595648962,0.98,0.832,-13.11,0.07838,0.0681,-18.93,805.6082,2001.2467,192.6365190546005,27.3856595648962,0.88616534114,0.72788285048,0.88616534114,0.72788285048,0.942,0.853,2.78,0.9415627,0.8529407,2.78,23.3175,0.0,3.38,1.179,0.152,0.516,22.0,0.08012646254512866
4434,4434,22_12,22_134,104287.2,130.7527,13.7583,0.0014,-0.003063986,5.0,5.0,1011.0,1996.0,1010.9412,1996.3173,1010.9412,1996.3173,192.5714044232181,27.385447922038733,0.466,0.234,86.76,5.8E-4,2.9E-4,86.76,1010.9412,1996.3173,192.5714044232181,27.385447922038733,0.089521710581,0.13280806922,0.089521710581,0.13280806922,0.364,0.299,89.73,0.3644297,0.2992002,89.73,32.74,20.0,0.0,1.991,0.498,1.0,22.0,606,606,22_4,22_28,105725.5,147.754,13.7434,0.0015,191.7966,97.0,107.0,1011.0,1996.0,1010.7682,1996.392,1010.7682,1996.392,192.5714599208125,27.38542827383909,1.635,1.465,89.54,0.00315,0.00254,89.47,1010.7682,1996.392,192.5714599208125,27.38542827383909,0.93079029888,0.85533421708,0.93079029888,0.85533421708,0.965,0.925,-1.16,0.9647908,0.9248261,-1.16,23.3089,24.0,3.25,1.116,0.104,0.984,22.0,0.18843855762560557
4439,4439,22_17,22_129,617.5292,10.06153,19.3272,0.0177,-6.706362E-6,9.0,9.0,806.0,1970.0,805.6562,1970.6034,805.6562,1970.6034,192.6362322659525,27.394276918911203,0.649,0.587,9.69,0.01058,0.00957,9.69,805.6562,1970.6034,192.6362322659525,27.394276918911203,0.27365996089,0.26952467879,0.27365996089,0.26952467879,0.524,0.518,20.69,0.5237822,0.5184948,20.69,40.3292,0.0,1.75,1.105,0.095,1.0,22.0,608,608,22_6,22_26,486.0898,26.37415,19.5871,0.0589,191.32,13.0,15.0,806.0,1971.0,805.6225,1970.6057,805.6225,1970.6057,192.6362429667768,27.394276531912165,1.027,0.95,-35.45,0.06987,0.06126,-44.48,805.6225,1970.6057,192.6362429667768,27.394276531912165,0.89615970185,0.78515789851,0.89615970185,0.78515789851,0.947,0.886,2.69,0.9467872,0.8859524,2.69,23.3116,0.0,3.07,1.08,0.074,0.603,22.0,0.03377839546226265
4443,4443,22_21,22_125,289.1818,6.885264,20.1509,0.0259,-0.00112173,17.0,17.0,913.0,1950.0,914.5096,1950.4788,914.5096,1950.4788,192.6015537318325,27.399092976559555,1.866,0.607,7.0,0.04443,0.01445,7.0,914.5096,1950.4788,192.6015537318325,27.399092976559555,1.5841735193,0.38363763913,1.5841735193,0.38363763913,1.281,0.572,11.95,1.280804,0.5721465,11.95,40.6808,0.0,6.35,3.074,0.675,1.0,22.0,609,609,22_7,22_25,129.2132,16.42086,21.0256,0.138,191.9591,5.0,6.0,913.0,1950.0,914.6536,1950.5042,914.6536,1950.5042,192.6015083197738,27.399084712046,1.119,0.471,9.56,0.17684,0.07455,9.46,914.6536,1950.5042,192.6015083197738,27.399084712046,2.5242226326,1.3614824472,2.5242226326,1.3614824472,1.596,1.157,7.74,1.595652,1.15741,7.74,23.3368,0.0,4.3,2.378,0.579,0.483,22.0,0.14622298041006104
4450,4450,22_28,22_118,2016.22,18.18043,18.0425,0.0098,-4.918632E-6,10.0,10.0,605.0,1923.0,605.0878,1923.2405,605.0878,1923.2405,192.6993853635947,27.40912911903733,0.572,0.555,19.28,0.00516,0.005,19.28,605.0878,1923.2405,192.6993853635947,27.40912911903733,0.11247250737,0.13899676478,0.11247250737,0.13899676478,0.373,0.335,86.85,0.3729309,0.3352489,86.85,99.0,0.0,1.16,1.031,0.03,1.0,22.0,610,610,22_8,22_24,1924.551,40.18878,18.093,0.0227,192.0189,30.0,32.0,605.0,1923.0,605.1351999999999,1923.2598,605.1351999999999,1923.2598,192.6993705076368,27.40912333241096,1.344,1.264,-1.76,0.03497,0.03273,-7.9,605.1351999999999,1923.2598,192.6993705076368,27.40912333241096,0.92234870848,0.82846839583,0.92234870848,0.82846839583,0.96,0.91,2.42,0.9604771,0.9101104,2.42,23.3602,0.0,3.1,1.063,0.059,0.964,22.0,0.05117860881257129
4452,4452,22_30,22_116,1089.754,13.36594,18.7105,0.0133,-2.92597E-6,10.0,10.0,856.0,1921.0,856.4035,1920.8954,856.4035,1920.8954,192.61970651737093,27.40786385733605,0.659,0.628,40.58,0.00808,0.0077,40.58,856.4035,1920.8954,192.61970651737093,27.40786385733605,0.25422670811,0.22043125769,0.25422670811,0.22043125769,0.505,0.469,7.52,0.5048026,0.4688628,7.52,99.0,0.0,1.5,1.05,0.047,1.0,22.0,611,611,22_9,22_23,1015.721,34.7034,18.7869,0.0371,191.2967,22.0,25.0,856.0,1921.0,856.5205000000001,1920.9139,856.5205000000001,1920.9139,192.6196695972602,27.40785774826616,1.297,1.149,10.72,0.05468,0.04744,11.1,856.5205000000001,1920.9139,192.6196695972602,27.40785774826616,0.94229470068,0.85940012785,0.94229470068,0.85940012785,0.971,0.926,6.53,0.9712859,0.926444,6.53,23.2957,0.0,3.49,1.129,0.115,0.651,22.0,0.11845357740488084
4454,4454,22_32,22_114,798.9812,11.44467,19.0475,0.0156,-0.00278399,9.0,9.0,913.0,1919.0,913.261,1919.1409,913.261,1919.1409,192.60166905752428,27.40791562037463,0.699,0.631,-16.03,0.01001,0.00904,-16.03,913.261,1919.1409,192.60166905752428,27.40791562037463,0.24250691357,0.24497429158,0.24250691357,0.24497429158,0.496,0.492,64.28,0.4957013,0.4916924,64.28,32.7206,0.0,1.54,1.107,0.097,1.0,22.0,612,612,22_10,22_22,713.2372,31.27444,19.1708,0.0476,191.2957,18.0,21.0,913.0,1919.0,913.3405,1919.1142,913.3405,1919.1142,192.60164361996283,27.40792250986307,1.257,1.035,-32.22,0.07028,0.05482,-35.09,913.3405,1919.1142,192.60164361996283,27.40792250986307,0.9510712037,0.82540719206,0.9510712037,0.82540719206,0.976,0.907,-7.19,0.9762697,0.9074005,-7.19,23.303,0.0,3.59,1.214,0.177,0.73,22.0,0.08386381818170897
4455,4455,22_33,22_113,1387.627,15.08243,18.4482,0.0118,-1.440264E-4,9.0,9.0,985.0,1916.0,984.8509,1916.3961,984.8509,1916.3961,192.57895303606915,27.408128138269465,0.67,0.595,38.81,0.00729,0.00647,38.81,984.8509,1916.3961,192.57895303606915,27.408128138269465,0.2298445228,0.26506762324,0.2298445228,0.26506762324,0.519,0.475,72.48,0.5186204,0.4753367,72.48,37.1511,0.0,1.56,1.127,0.112,1.0,22.0,613,613,22_11,22_21,1265.49,36.3704,18.5482,0.0312,190.9886,24.0,28.0,985.0,1916.0,984.8583,1916.4636,984.8583,1916.4636,192.57895129826076,27.408109097929906,1.284,1.238,35.36,0.04537,0.04471,84.7,984.8583,1916.4636,192.57895129826076,27.408109097929906,0.94094340194,0.85733109466,0.94094340194,0.85733109466,0.977,0.918,20.91,0.9773644,0.9181685,20.91,23.3126,0.0,3.33,1.037,0.036,0.858,22.0,0.0679044181185154
4458,4458,22_36,22_110,304.5519,7.065871,20.0947,0.0252,-8.808373E-5,7.0,7.0,1007.0,1885.0,1007.1709,1884.9807,1007.1709,1884.9807,192.57159505091693,27.416787573540304,0.789,0.502,-52.9,0.01831,0.01166,-52.9,1007.1709,1884.9807,192.57159505091693,27.416787573540304,0.24692351369,0.29481591309,0.24692351369,0.29481591309,0.579,0.454,-55.86,0.5792826,0.4540606,-55.86,35.6332,0.0,2.09,1.571,0.363,1.0,22.0,615,615,22_13,22_18,196.4524,18.67052,20.5707,0.1032,191.25,7.0,8.0,1007.0,1885.0,1007.1537,1885.0893,1007.1537,1885.0893,192.57160148276824,27.41675716839145,0.838,0.663,-46.65,0.09819,0.07753,-45.16,1007.1537,1885.0893,192.57160148276824,27.41675716839145,0.93109920044,0.97415824603,0.93109920044,0.97415824603,1.038,0.91,-49.94,1.038264,0.909541,-49.94,23.3387,16.0,3.11,1.265,0.209,0.494,22.0,0.10995362658869103
4460,4460,22_38,22_108,14555.5,48.84821,15.8963,0.0036,-2.637929E-7,647.0,647.0,739.0,1864.0,738.9630999999999,1863.6435,738.9630999999999,1863.6435,192.6564264284477,27.424869545260115,8.534,3.57,51.62,0.02864,0.01198,51.62,738.9630999999999,1863.6435,192.6564264284477,27.424869545260115,11.453483348,12.733680831,11.453483348,12.733680831,4.054,2.785,49.24,4.053596,2.784874,49.24,99.0,0.0,22.33,2.39,0.582,0.997,22.0,617,617,22_15,22_16,15657.35,142.4647,15.8171,0.0099,191.4824,385.0,434.0,740.0,1864.0,738.9355,1863.2076,738.9355,1863.2076,192.65643133513132,27.424992342993868,7.684,3.235,49.82,0.08447,0.03426,49.8,738.9355,1863.2076,192.65643133513132,27.424992342993868,16.532487459,18.334779869,16.532487459,18.334779869,4.752,3.505,50.04,4.752423,3.504532,50.04,23.3265,0.0,20.47,2.375,0.579,0.0,22.0,0.43677290437932137
4463,4463,22_41,22_105,13409.29,46.88544,15.9854,0.0038,-3.435235E-6,11.0,11.0,612.0,1880.0,612.0136,1879.9469,612.0136,1879.9469,192.69681286991064,27.42125210344783,0.445,0.384,0.11,0.00156,0.00134,0.11,612.0136,1879.9469,192.69681286991064,27.42125210344783,0.099392329407,0.094968950556,0.099392329407,0.094968950556,0.315,0.308,0.02,0.3152655,0.3081703,0.02,53.0144,0.0,0.0,1.159,0.137,1.0,22.0,616,616,22_14,22_17,13508.12,71.38884,15.9774,0.0057,192.0028,66.0,71.0,612.0,1880.0,612.0679,1880.0023,612.0679,1880.0023,192.69679613981023,27.421236111926277,1.623,1.523,1.62,0.01125,0.01089,6.42,612.0679,1880.0023,192.69679613981023,27.421236111926277,0.95394891877,0.84264992126,0.95394891877,0.84264992126,0.977,0.918,-2.76,0.9768358,0.9178184,-2.76,23.3626,0.0,3.02,1.066,0.062,0.982,22.0,0.07757351352119114
4479,4479,22_57,22_89,37108.24,77.99563,14.8802,0.0023,-8.200993E-6,1046.0,1046.0,862.0,1825.0,862.0255999999999,1824.7915,862.0255999999999,1824.7915,192.6170681561892,27.434846846417088,5.564,4.386,-12.62,0.01169,0.00922,-12.62,862.0255999999999,1824.7915,192.6170681561892,27.434846846417088,3.3989055411,2.9972472634,3.3989055411,2.9972472634,1.852,1.722,15.01,1.852034,1.722243,15.01,39.0409,0.0,3.0,1.268,0.212,0.856,22.0,618,618,22_16,22_14,37381.62,164.2796,14.8722,0.0048,193.3589,458.0,506.0,862.0,1825.0,862.2263,1824.8263,862.2263,1824.8263,192.61700483676563,27.434835503675977,4.638,4.067,-7.6,0.02814,0.02384,-17.68,862.2263,1824.8263,192.61700483676563,27.434835503675977,5.9634827614,5.4315149684,5.9634827614,5.4315149684,2.45,2.322,14.9,2.450304,2.321855,14.9,23.4366,0.0,5.27,1.14,0.123,0.028,22.0,0.2036946980164981
4509,4509,22_87,22_59,21101.18,58.81504,15.4931,0.003,3.796701E-9,7.0,7.0,976.0,1799.0,975.6883,1798.7825,975.6883,1798.7825,192.58079893649,27.441275041470007,0.481,0.424,14.87,0.00134,0.00118,14.87,975.6883,1798.7825,192.58079893649,27.441275041470007,0.11039803359,0.065043441208,0.11039803359,0.065043441208,0.332,0.255,2.41,0.3323827,0.2548788,2.41,41.466,0.0,0.9,1.134,0.118,1.0,22.0,620,620,22_18,22_12,21171.23,83.80954,15.4895,0.0043,191.4551,80.0,89.0,976.0,1799.0,975.767,1798.8363,975.767,1798.8363,192.58077446864544,27.44125929526193,1.678,1.564,10.41,0.00928,0.00853,16.33,975.767,1798.8363,192.58077446864544,27.44125929526193,0.9765177932,0.8704409238,0.9765177932,0.8704409238,0.988,0.933,-0.35,0.9881912,0.9329721,-0.35,23.3387,0.0,3.05,1.073,0.068,0.986,22.0,0.09533168413489009
4519,4519,22_97,22_49,273.8058,6.699717,20.2103,0.0266,0.0,10.0,10.0,828.0,1740.0,828.3183,1739.7067,828.3183,1739.7067,192.62699844509584,27.45903543020533,0.945,0.556,-73.07,0.02311,0.01359,-73.07,828.3183,1739.7067,192.62699844509584,27.45903543020533,0.26565630973,0.43777580809,0.26565630973,0.43777580809,0.673,0.5,-74.1,0.6730389,0.5004506,-74.1,49.8359,0.0,2.65,1.7,0.412,1.0,22.0,621,621,22_19,22_11,125.1956,16.35564,21.0599,0.1419,191.6945,5.0,6.0,828.0,1739.0,828.1924,1739.7935,828.1924,1739.7935,192.6270391401803,27.45901199383927,0.772,0.568,-46.66,0.11142,0.08215,-45.2,828.1924,1739.7935,192.6270391401803,27.45901199383927,1.0272179502,1.3836784881,1.0272179502,1.3836784881,1.19,0.997,-73.79,1.190207,0.9971482,-73.79,23.3133,0.0,3.91,1.359,0.264,0.456,22.0,0.15292171199671808
4525,4525,22_103,22_43,217.247,5.967769,20.4615,0.0298,0.0,8.0,8.0,898.0,1714.0,898.0551,1714.6978,898.0551,1714.6978,192.6046610127213,27.46552739010097,0.75,0.555,-31.48,0.02061,0.01525,-31.48,898.0551,1714.6978,192.6046610127213,27.46552739010097,0.30483518353,0.27945190035,0.30483518353,0.27945190035,0.573,0.506,-34.58,0.5725455,0.5064373,-34.58,48.8653,0.0,2.4,1.352,0.26,1.0,22.0,622,622,22_20,22_10,127.122,16.32515,21.0433,0.1395,191.4189,6.0,6.0,898.0,1714.0,897.9966,1714.4953,897.9966,1714.4953,192.60467775324332,27.46558479186948,0.796,0.5,0.54,0.12729,0.07808,0.03,897.9966,1714.4953,192.60467775324332,27.46558479186948,1.1196730378,1.0324460743,1.1196730378,1.0324460743,1.068,1.005,-24.02,1.06831,1.005402,-24.02,23.3071,0.0,3.72,1.592,0.372,0.3,22.0,0.21078069171525057
4528,4528,22_106,22_40,1821.081,17.27825,18.153,0.0103,-2.235235E-5,9.0,9.0,691.0,1699.0,691.1844,1698.6935,691.1844,1698.6935,192.67012423801597,27.471622999917223,0.575,0.561,16.01,0.00545,0.00533,16.01,691.1844,1698.6935,192.67012423801597,27.471622999917223,0.15530806492,0.19892448798,0.15530806492,0.19892448798,0.446,0.394,89.98,0.4460095,0.3940914,89.98,58.8026,0.0,1.29,1.024,0.023,1.0,22.0,623,623,22_21,22_9,1777.316,41.34809,18.1795,0.0253,192.0625,31.0,34.0,691.0,1699.0,691.1804999999999,1698.7153,691.1804999999999,1698.7153,192.6701256663713,27.47161689904853,1.406,1.263,-2.6,0.04105,0.03593,-2.05,691.1804999999999,1698.7153,192.6701256663713,27.47161689904853,0.95695563256,0.8562025599,0.95695563256,0.8562025599,0.978,0.925,-2.58,0.9783459,0.9252013,-2.58,23.3412,0.0,2.99,1.114,0.102,0.949,22.0,0.022146105752472115
4535,4535,22_113,22_33,8950.229,38.30471,16.4243,0.0046,0.0,274.0,274.0,740.0,1657.0,739.7478,1656.8465,739.7478,1656.8465,192.65435365022324,27.48301955671185,3.604,2.547,-89.74,0.01543,0.0109,-89.74,739.7478,1656.8465,192.65435365022324,27.48301955671185,0.99640573677,0.94903902081,0.99640573677,0.94903902081,1.0,0.972,15.88,1.000287,0.9720445,15.88,99.0,0.0,2.24,1.415,0.293,1.0,22.0,624,624,22_22,22_7,9438.962,97.53838,16.3666,0.0112,192.2685,166.0,191.0,740.0,1657.0,739.7858,1657.0499,739.7858,1657.0499,192.6543433925064,27.482962064994584,3.249,2.652,89.99,0.04313,0.03365,-89.82,739.7858,1657.0499,192.6543433925064,27.482962064994584,3.5800703698,3.683197922,3.5800703698,3.683197922,1.919,1.892,-85.38,1.919342,1.891929,-85.38,23.3543,0.0,4.51,1.225,0.184,0.021,22.0,0.2069192112877623
4540,4540,22_118,22_28,534.0357,9.356647,19.4849,0.019,5.230992E-4,7.0,7.0,805.0,1657.0,805.3861999999999,1657.2827,805.3861999999999,1657.2827,192.63353897423272,27.48239179126172,0.626,0.502,-85.57,0.01097,0.00879,-85.57,805.3861999999999,1657.2827,192.63353897423272,27.48239179126172,0.21331902568,0.24906990178,0.21331902568,0.24906990178,0.501,0.46,-77.55,0.5009006,0.4598777,-77.55,99.0,0.0,1.62,1.248,0.199,1.0,22.0,626,626,22_24,22_6,382.7556,24.5268,19.8466,0.0696,192.5133,10.0,13.0,805.0,1657.0,805.3672,1657.337,805.3672,1657.337,192.63354548231865,27.48237666775744,0.964,0.87,38.67,0.07424,0.06353,44.82,805.3672,1657.337,192.63354548231865,27.48237666775744,0.67432592379,0.64175723541,0.67432592379,0.64175723541,0.829,0.793,-27.65,0.8286434,0.7933683,-27.65,23.3724,0.0,2.63,1.108,0.097,0.576,22.0,0.05752816701405661
4543,4543,22_121,22_25,4039.454,25.73336,17.2881,0.0069,0.002087235,10.0,10.0,758.0,1656.0,758.4716000000001,1655.5418,758.4716000000001,1655.5418,192.64840347351944,27.483242693093736,0.54,0.513,11.34,0.00344,0.00327,11.34,758.4716000000001,1655.5418,192.64840347351944,27.483242693093736,0.2507576325,0.24723092883,0.2507576325,0.24723092883,0.503,0.495,31.35,0.5028318,0.495125,31.35,99.0,0.0,1.12,1.052,0.049,1.0,22.0,625,625,22_23,22_5,3877.499,49.61239,17.3325,0.0139,192.9164,39.0,44.0,758.0,1656.0,758.5563999999999,1655.6169,758.5563999999999,1655.6169,192.64837724112732,27.483220921794278,1.481,1.348,-0.51,0.02423,0.02168,-3.86,758.5563999999999,1655.6169,192.64837724112732,27.483220921794278,0.931721763,0.81676287005,0.931721763,0.81676287005,0.965,0.904,-0.15,0.9652578,0.9037489,-0.15,23.4017,0.0,3.04,1.098,0.089,0.967,22.0,0.11327422478207115
4551,4551,22_129,22_17,3914.343,25.33171,17.3222,0.007,-4.389709E-6,12.0,12.0,556.0,1634.0,555.7538,1634.4705,555.7538,1634.4705,192.71251720200524,27.490711960243804,0.577,0.534,-5.51,0.00374,0.00346,-5.51,555.7538,1634.4705,192.71251720200524,27.490711960243804,0.17837382719,0.2488464641,0.17837382719,0.2488464641,0.499,0.422,-86.77,0.4990705,0.422077,-86.77,69.193,0.0,1.26,1.082,0.075,1.0,22.0,628,628,22_26,22_2,3786.945,50.08634,17.3581,0.0144,191.9122,40.0,45.0,556.0,1634.0,555.7711,1634.5316,555.7711,1634.5316,192.71251224504604,27.490694646921344,1.495,1.392,-0.29,0.02446,0.02364,15.74,555.7711,1634.5316,192.71251224504604,27.490694646921344,1.0052041509,0.86677015253,1.0052041509,0.86677015253,1.003,0.931,-1.47,1.002644,0.9309556,-1.47,23.3352,0.0,3.09,1.074,0.069,0.974,22.0,0.06350196847357027
4560,4560,22_138,22_8,10590.96,41.66802,16.2415,0.0043,-3.537585E-6,7.0,7.0,654.0,1547.0,654.2473,1547.3816,654.2473,1547.3816,192.6805131675903,27.514456770904097,0.512,0.487,16.53,0.00202,0.00192,16.53,654.2473,1547.3816,192.6805131675903,27.514456770904097,0.12515807838,0.17905151194,0.12515807838,0.17905151194,0.423,0.354,87.63,0.4232544,0.3536457,87.63,70.8098,0.0,1.04,1.052,0.05,1.0,22.0,603,603,22_1,22_1,10476.54,66.94028,16.2533,0.0069,191.7686,61.0,65.0,654.0,1547.0,654.313,1547.431,654.313,1547.431,192.68049275656372,27.5144423783659,1.625,1.474,2.44,0.01384,0.01208,3.78,654.313,1547.431,192.68049275656372,27.5144423783659,1.0133032585,0.87925436562,1.0133032585,0.87925436562,1.007,0.938,-0.47,1.006634,0.9376808,-0.47,23.3098,0.0,3.11,1.102,0.093,0.981,22.0,0.08220006082728533
4568,4568,23_2,23_72,2608.273,20.67815,17.763,0.0086,-0.03980825,45.0,45.0,1024.0,2015.0,1024.4019,2013.3061,1024.4019,2013.3061,192.56729213775145,27.38056450739995,2.091,1.585,-59.27,0.0179,0.01459,-63.21,1024.4019,2013.3061,192.56729213775145,27.38056450739995,0.94945184072,0.44162278681,0.94945184072,0.44162278681,0.983,0.652,-10.06,0.9828218,0.6520245,-10.06,99.0,16.0,5.66,1.319,0.242,1.0,23.0,630,630,23_2,23_43,3203.682,63.42897,17.5397,0.0215,193.1551,62.0,69.0,1024.0,2015.0,1024.5071,2014.0213,1024.5071,2014.0213,192.5672652594913,27.380362550603003,2.411,1.784,-49.15,0.05423,0.03832,-49.96,1024.5071,2014.0213,192.5672652594913,27.380362550603003,2.8220478373,2.5090153594,2.8220478373,2.5090153594,1.706,1.555,-25.27,1.706388,1.555411,-25.27,23.2161,24.0,6.99,1.352,0.26,0.011,23.0,0.7228956217879104
4570,4570,23_4,23_70,299.0918,7.002246,20.1144,0.0254,-8.944001E-6,4.0,4.0,1125.0,1970.0,1124.7144,1970.0452,1124.7144,1970.0452,192.5351107650494,27.391937627373935,0.453,0.267,5.54,0.01101,0.00783,6.76,1124.7144,1970.0452,192.5351107650494,27.391937627373935,0.11973758091,0.091252145922,0.11973758091,0.091252145922,0.346,0.302,0.36,0.3460328,0.3020779,0.36,99.0,0.0,1.01,1.7,0.412,0.999,23.0,632,632,23_4,23_41,251.8053,20.18386,20.3012,0.0871,191.1826,9.0,9.0,1125.0,1970.0,1124.7011,1969.9032,1124.7011,1969.9032,192.53511368673887,27.391977665695062,0.925,0.681,-21.02,0.09528,0.06869,-20.27,1124.7011,1969.9032,192.53511368673887,27.391977665695062,0.72018442569,0.58016510513,0.72018442569,0.58016510513,0.854,0.756,-13.63,0.8537762,0.7559205,-13.63,23.3132,0.0,3.99,1.358,0.264,0.567,23.0,0.1426214920691019
4571,4571,23_5,23_69,692.2195,10.65263,19.2033,0.0167,-5.131774E-10,5.0,5.0,1295.0,1957.0,1294.5966,1956.8966,1294.5966,1956.8966,192.4811526877786,27.39427585359288,0.491,0.311,0.11,0.00772,0.00536,2.45,1294.5966,1956.8966,192.4811526877786,27.39427585359288,0.2150301841,0.10172328531,0.2150301841,0.10172328531,0.464,0.319,0.0,0.4637135,0.3189409,0.0,99.0,0.0,0.97,1.578,0.366,1.0,23.0,634,634,23_6,23_39,747.6154,32.29702,19.1197,0.0469,191.1501,14.0,23.0,1295.0,1957.0,1294.6232,1956.9596,1294.6232,1956.9596,192.48114483985543,27.394257922884407,1.044,1.03,19.64,0.05936,0.05696,89.01,1294.6232,1956.9596,192.48114483985543,27.394257922884407,0.8192324415,0.71751207837,0.8192324415,0.71751207837,0.906,0.846,6.2,0.9057853,0.8463436,6.2,23.3235,0.0,3.09,1.013,0.013,0.756,23.0,0.06838537855404292
4572,4572,23_6,23_68,2168.908,18.85626,17.9633,0.0094,-3.657126E-9,15.0,15.0,1312.0,1955.0,1312.3547,1955.3644,1312.3547,1955.3644,192.4755108608,27.39456339779255,0.76,0.708,39.49,0.00695,0.00645,40.0,1312.3547,1955.3644,192.4755108608,27.39456339779255,0.31456243853,0.31520924998,0.31456243853,0.31520924998,0.572,0.551,45.79,0.571517,0.5505816,45.79,99.0,0.0,1.74,1.074,0.069,1.0,23.0,633,633,23_5,23_40,2345.199,47.57547,17.8784,0.022,191.2285,44.0,47.0,1312.0,1955.0,1312.4767,1955.3685,1312.4767,1955.3685,192.4754722361093,27.394561259374186,1.646,1.534,13.94,0.04132,0.03842,16.57,1312.4767,1955.3685,192.4754722361093,27.394561259374186,1.4342186836,1.3379627668,1.4342186836,1.3379627668,1.199,1.156,9.11,1.198648,1.155606,9.11,23.3316,0.0,3.88,1.073,0.068,0.054,23.0,0.12206887400137151
4575,4575,23_9,23_65,996.4536,12.78096,18.8077,0.0139,-0.009066952,5.0,5.0,1037.0,1947.0,1036.82,1947.0624,1036.82,1947.0624,192.5627581308107,27.399095825322043,0.386,0.376,-26.73,0.00523,0.00498,-52.74,1036.82,1947.0624,192.5627581308107,27.399095825322043,0.098697345156,0.095185348067,0.098697345156,0.095185348067,0.314,0.309,-0.03,0.3141613,0.3085212,-0.03,99.0,0.0,0.89,1.027,0.026,1.0,23.0,635,635,23_7,23_37,904.447,33.26434,18.9129,0.0399,192.1874,20.0,23.0,1037.0,1947.0,1036.8141,1947.0364,1036.8141,1947.0364,192.56275976565271,27.39910318347992,1.181,1.158,-10.13,0.05072,0.05042,-85.54,1036.8141,1947.0364,192.56275976565271,27.39910318347992,0.85492412114,0.78545450609,0.85492412114,0.78545450609,0.926,0.885,-9.61,0.9257303,0.8850999,-9.61,23.34,0.0,2.92,1.02,0.02,0.921,23.0,0.026661020235582165
4576,4576,23_10,23_64,213.2608,5.912765,20.4816,0.0301,-0.01265079,4.0,4.0,1042.0,1941.0,1042.4103,1940.727,1042.4103,1940.727,192.56092905133332,27.400833416592725,0.492,0.445,-4.51,0.01447,0.01336,-8.36,1042.4103,1940.727,192.56092905133332,27.400833416592725,0.20132960488,0.10729078601,0.20132960488,0.10729078601,0.449,0.328,-0.95,0.4487267,0.3275129,-0.95,31.8303,0.0,0.92,1.105,0.095,0.929,23.0,636,636,23_8,23_36,123.68,15.02686,21.0731,0.1319,192.3992,5.0,5.0,1042.0,1941.0,1042.2548,1940.4246,1042.2548,1940.4246,192.560975600142,27.400919682428988,0.74,0.459,18.51,0.11286,0.06533,18.49,1042.2548,1940.4246,192.560975600142,27.400919682428988,0.97840999505,0.72885669993,0.97840999505,0.72885669993,0.989,0.853,-3.01,0.989495,0.8533266,-3.01,23.3706,0.0,3.43,1.614,0.38,0.477,23.0,0.34003824784874404
4578,4578,23_12,23_62,2222.392,19.08734,17.9368,0.0093,2.579794E-7,18.0,18.0,1494.0,1901.0,1493.4171,1901.9578,1493.4171,1901.9578,192.41763180888063,27.40810665379337,1.567,0.492,-80.69,0.01423,0.00445,-80.41,1493.4171,1901.9578,192.41763180888063,27.40810665379337,0.26462000668,0.37032671231,0.26462000668,0.37032671231,0.627,0.492,-67.22,0.626862,0.4919255,-67.22,99.0,0.0,4.27,3.184,0.686,1.0,23.0,637,637,23_9,23_35,2316.203,47.97189,17.8919,0.0225,191.6288,44.0,49.0,1494.0,1901.0,1493.4843,1902.0631,1493.4843,1902.0631,192.4176114997091,27.408076491509973,1.94,1.44,-76.25,0.05089,0.03674,-75.98,1493.4843,1902.0631,192.4176114997091,27.408076491509973,1.4457819014,1.6913735721,1.4457819014,1.6913735721,1.314,1.188,-70.42,1.314138,1.187517,-70.42,23.3559,0.0,4.79,1.348,0.258,0.016,23.0,0.12491569156859617
4579,4579,23_13,23_61,1491.709,15.63786,18.3697,0.0114,4.901609E-7,14.0,14.0,1502.0,1903.0,1502.292,1902.85,1502.292,1902.85,192.4148275258035,27.407782837725836,1.339,0.497,-75.54,0.0146,0.00551,-75.66,1502.292,1902.85,192.4148275258035,27.407782837725836,0.24942190673,0.70780757359,0.24942190673,0.70780757359,0.856,0.474,-77.35,0.8556486,0.4744417,-77.35,99.0,0.0,3.77,2.692,0.629,1.0,23.0,638,638,23_10,23_34,1583.719,43.21244,18.3047,0.0296,191.4996,38.0,41.0,1502.0,1903.0,1502.3546,1902.8327,1502.3546,1902.8327,192.41480752404547,27.40778718783774,1.823,1.337,-75.85,0.06099,0.04373,-77.1,1502.3546,1902.8327,192.41480752404547,27.40778718783774,1.4608195208,1.8980298664,1.4608195208,1.8980298664,1.386,1.199,-77.16,1.386356,1.198694,-77.16,23.3466,0.0,5.07,1.364,0.267,0.011,23.0,0.0649465164577445
4580,4580,23_14,23_60,233.3718,6.185278,20.3837,0.0288,-5.127353E-7,4.0,4.0,1299.0,1895.0,1298.8057,1895.1398,1298.8057,1895.1398,192.47924821996517,27.41160843637189,0.59,0.342,6.8,0.01685,0.00984,6.38,1298.8057,1895.1398,192.47924821996517,27.41160843637189,0.22236569301,0.13280032337,0.22236569301,0.13280032337,0.472,0.364,3.67,0.4719479,0.363911,3.67,99.0,0.0,1.47,1.724,0.42,0.998,23.0,639,639,23_11,23_33,185.6462,18.56403,20.6322,0.1086,191.4632,8.0,8.0,1298.0,1895.0,1298.8629,1895.147,1298.8629,1895.147,192.47923015678555,27.41160595007301,0.849,0.673,42.37,0.1037,0.08205,44.85,1298.8629,1895.147,192.47923015678555,27.41160595007301,1.0710948419,0.90216298893,1.0710948419,0.90216298893,1.048,0.935,20.68,1.048412,0.9349276,20.68,23.3457,0.0,4.48,1.261,0.207,0.218,23.0,0.05765136598574494
4582,4582,23_16,23_58,491.3181,8.974628,19.5755,0.0198,-3.478469E-6,15.0,15.0,1414.0,1887.0,1414.0578,1887.2598,1414.0578,1887.2598,192.44264601449444,27.412889305788017,1.768,0.385,-44.84,0.04,0.00782,-44.75,1414.0578,1887.2598,192.44264601449444,27.412889305788017,0.36968453979,0.36051330235,0.36968453979,0.36051330235,0.762,0.386,-44.39,0.7622432,0.3862423,-44.39,99.0,0.0,3.58,4.596,0.782,1.0,23.0,640,640,23_12,23_32,397.7309,27.04597,19.8049,0.0738,192.4156,15.0,17.0,1414.0,1887.0,1413.7407,1887.497,1413.7407,1887.497,192.44274872971937,27.41282519074528,1.449,0.836,-39.19,0.11389,0.0652,-39.38,1413.7407,1887.497,192.44274872971937,27.41282519074528,1.8282828163,1.784484101,1.8282828163,1.784484101,1.517,1.146,-43.73,1.516718,1.145571,-43.73,23.4062,0.0,6.57,1.733,0.423,0.004,23.0,0.39600031565644345
4583,4583,23_17,23_57,1490.649,15.6323,18.3704,0.0114,-4.818763E-6,4.0,4.0,1384.0,1887.0,1384.1654,1887.4316,1384.1654,1887.4316,192.45212191851903,27.41308446079412,0.497,0.37,-83.66,0.00525,0.00396,-83.76,1384.1654,1887.4316,192.45212191851903,27.41308446079412,0.042450885899,0.19767057509,0.042450885899,0.19767057509,0.445,0.206,-88.96,0.444659,0.2059122,-88.96,99.0,0.0,0.94,1.343,0.255,1.0,23.0,641,641,23_13,23_31,1412.807,36.99868,18.4287,0.0284,191.7949,24.0,29.0,1384.0,1887.0,1384.3096,1887.4536,1384.3096,1887.4536,192.452076419192,27.413077101435626,1.318,1.201,-11.16,0.04308,0.04019,-25.04,1384.3096,1887.4536,192.452076419192,27.413077101435626,0.8899715414,0.76321894409,0.8899715414,0.76321894409,0.943,0.874,-2.06,0.9434702,0.8735299,-2.06,23.3656,0.0,2.99,1.097,0.089,0.959,23.0,0.14586857098084638
4585,4585,23_19,23_55,2701.292,21.04364,17.7249,0.0085,-0.001105131,4.0,4.0,1411.0,1878.0,1410.718,1878.4407,1410.718,1878.4407,192.44362232768995,27.41539649344267,0.498,0.448,79.27,0.0039,0.00351,79.31,1410.718,1878.4407,192.44362232768995,27.41539649344267,0.11581459283,0.23040901305,0.11581459283,0.23040901305,0.48,0.34,87.72,0.4801982,0.340049,87.72,33.7257,0.0,0.94,1.112,0.1,1.0,23.0,643,643,23_15,23_29,2570.861,43.26086,17.7787,0.0183,191.9682,33.0,37.0,1411.0,1878.0,1410.7895,1878.5014,1410.7895,1878.5014,192.44360023153675,27.415378841463045,1.437,1.303,7.82,0.03078,0.027,9.26,1410.7895,1878.5014,192.44360023153675,27.415378841463045,0.95511755507,0.87863776145,0.95511755507,0.87863776145,0.977,0.937,2.05,0.9773511,0.9373047,2.05,23.373,0.0,3.07,1.103,0.093,0.966,23.0,0.09379093772855525
4586,4586,23_20,23_54,832.2681,11.68064,19.0032,0.0152,0.0,16.0,16.0,1180.0,1874.0,1180.9338,1873.6397,1180.9338,1873.6397,192.51641200726075,27.418600615865824,1.368,0.448,-12.6,0.02157,0.0072,-10.69,1180.9338,1873.6397,192.51641200726075,27.418600615865824,0.64987407656,0.25158159017,0.64987407656,0.25158159017,0.835,0.452,-17.99,0.8347667,0.4523495,-17.99,99.0,0.0,4.65,3.051,0.672,1.0,23.0,644,644,23_16,23_28,853.6351,36.28097,18.9757,0.0462,191.5537,26.0,29.0,1181.0,1874.0,1181.0345,1873.6722,1181.0345,1873.6722,192.5163803847514,27.418590672508817,1.773,1.073,-8.94,0.08781,0.05294,-8.22,1181.0345,1873.6722,192.5163803847514,27.418590672508817,2.1540202445,1.3685935689,2.1540202445,1.3685935689,1.476,1.159,-9.98,1.476185,1.159091,-9.98,23.3518,0.0,6.26,1.652,0.395,0.072,23.0,0.105814649269342
4587,4587,23_21,23_53,658.4234,10.38933,19.2576,0.0171,0.001749287,14.0,14.0,1176.0,1868.0,1177.1693,1867.0307,1177.1693,1867.0307,192.5175448115816,27.42048919389626,2.083,0.523,-44.97,0.03588,0.00914,-44.31,1177.1693,1867.0307,192.5175448115816,27.42048919389626,0.50676513296,0.86941929761,0.50676513296,0.86941929761,1.1,0.407,-55.16,1.100219,0.4070652,-55.16,99.0,0.0,6.23,3.983,0.749,1.0,23.0,645,645,23_17,23_27,542.4764,31.33893,19.4679,0.0627,191.8565,19.0,22.0,1176.0,1868.0,1176.902,1867.2934,1176.902,1867.2934,192.5176319455722,27.420417452997498,1.794,0.893,-52.02,0.11651,0.05874,-51.58,1176.902,1867.2934,192.5176319455722,27.420417452997498,2.7453228938,2.9620277969,2.7453228938,2.9620277969,1.866,1.491,-49.96,1.866337,1.491354,-49.96,23.3726,0.0,7.57,2.008,0.502,0.0,23.0,0.374780709215383
4588,4588,23_22,23_52,2082.552,18.47707,18.0074,0.0096,-4.695225E-6,14.0,14.0,1432.0,1859.0,1431.837,1858.6053,1431.837,1858.6053,192.43674340459893,27.420801865898955,0.494,0.417,85.87,0.00469,0.00433,83.03,1431.837,1858.6053,192.43674340459893,27.420801865898955,0.048423560953,0.15731940604,0.048423560953,0.15731940604,0.397,0.22,89.68,0.3966395,0.2200457,89.68,99.0,0.0,0.92,1.184,0.156,1.0,23.0,646,646,23_18,23_26,2065.774,42.03541,18.0162,0.0221,191.4433,33.0,36.0,1432.0,1859.0,1431.9152,1858.6213,1431.9152,1858.6213,192.4367187674448,27.420796727759228,1.467,1.246,-0.33,0.0384,0.03175,0.03,1431.9152,1858.6213,192.4367187674448,27.420796727759228,0.94780970177,0.80998147567,0.94780970177,0.80998147567,0.974,0.9,-0.19,0.973556,0.8999888,-0.19,23.3268,0.0,3.0,1.177,0.15,0.967,23.0,0.07982004760704299
4590,4590,23_24,23_50,16977.84,52.75654,15.7292,0.0034,0.0,5.0,5.0,1114.0,1855.0,1114.1207,1855.1941,1114.1207,1855.1941,192.5374227701202,27.424319562325326,0.396,0.354,89.6,0.00123,0.0011,89.13,1114.1207,1855.1941,192.5374227701202,27.424319562325326,0.093458731325,0.099226342064,0.093458731325,0.099226342064,0.315,0.306,-89.74,0.3150023,0.30571,-89.74,99.0,0.0,0.87,1.117,0.105,1.0,23.0,647,647,23_19,23_25,17062.97,77.29294,15.7237,0.0049,191.1152,70.0,79.0,1114.0,1855.0,1114.2018,1855.2636,1114.2018,1855.2636,192.5373976940414,27.424299374408008,1.638,1.535,-2.42,0.00995,0.0095,-12.85,1114.2018,1855.2636,192.5373976940414,27.424299374408008,0.97638617067,0.85748156761,0.97638617067,0.85748156761,0.988,0.926,-1.94,0.9881918,0.9259291,-1.94,23.3199,0.0,3.07,1.067,0.063,0.986,23.0,0.10680571145788866
4593,4593,23_27,23_47,438.8415,8.481817,19.6981,0.021,-9.532623E-6,5.0,5.0,1420.0,1813.0,1419.7914,1812.9012,1419.7914,1812.9012,192.4401349816728,27.43375226041652,0.518,0.306,-6.8,0.01057,0.00676,-6.26,1419.7914,1812.9012,192.4401349816728,27.43375226041652,0.1289575801,0.097664434099,0.1289575801,0.097664434099,0.359,0.313,-0.89,0.3591171,0.3125011,-0.89,99.0,0.0,1.23,1.696,0.41,1.0,23.0,648,648,23_20,23_24,408.7335,25.13089,19.7753,0.0668,191.3931,12.0,14.0,1420.0,1813.0,1419.841,1813.0118,1419.841,1813.0118,192.44012029054824,27.43372075476316,1.211,0.762,6.86,0.09646,0.0562,7.2,1419.841,1813.0118,192.44012029054824,27.43372075476316,0.82693151623,0.66651107325,0.82693151623,0.66651107325,0.91,0.816,5.25,0.910108,0.8155648,5.25,23.3106,0.0,4.63,1.588,0.37,0.574,23.0,0.12121270560456004
4594,4594,23_28,23_46,492.5412,8.985792,19.5728,0.0198,0.0,11.0,11.0,1021.0,1803.0,1021.1718,1802.4659,1021.1718,1802.4659,192.56641161137375,27.43988202534077,0.903,0.59,-14.85,0.01778,0.01256,-16.27,1021.1718,1802.4659,192.56641161137375,27.43988202534077,0.3930116589,0.27356227809,0.3930116589,0.27356227809,0.636,0.512,-16.75,0.6363251,0.5115313,-16.75,99.0,0.0,2.69,1.531,0.347,1.0,23.0,649,649,23_21,23_23,468.2411,27.90715,19.6277,0.0647,191.3339,17.0,18.0,1021.0,1803.0,1021.0633,1802.3766,1021.0633,1802.3766,192.56644520421892,27.43990799171408,1.245,1.016,-3.72,0.08955,0.07096,-0.03,1021.0633,1802.3766,192.56644520421892,27.43990799171408,1.7853233177,1.6874505074,1.7853233177,1.6874505074,1.358,1.276,-31.55,1.358149,1.276011,-31.55,23.3465,0.0,6.72,1.226,0.184,0.007,23.0,0.1405230941872621
4595,4595,23_29,23_45,617.8428,10.06408,19.3267,0.0177,0.0,4.0,4.0,1106.0,1801.0,1106.2182,1800.6045,1106.2182,1800.6045,192.5394312297936,27.43973356221186,0.489,0.413,-88.0,0.00814,0.00698,-86.91,1106.2182,1800.6045,192.5394312297936,27.43973356221186,0.066386751411,0.17118883394,0.066386751411,0.17118883394,0.414,0.258,-89.63,0.413755,0.2576478,-89.63,99.0,0.0,0.89,1.184,0.156,1.0,23.0,650,650,23_22,23_22,518.3091,26.25467,19.5174,0.055,191.133,14.0,15.0,1106.0,1801.0,1106.261,1800.6415,1106.261,1800.6415,192.5394179970369,27.43972281787601,1.054,0.939,-83.34,0.067,0.05618,-84.09,1106.261,1800.6415,192.5394179970369,27.43972281787601,0.80303685096,0.80471409087,0.80303685096,0.80471409087,0.902,0.891,-47.39,0.9021758,0.8909713,-47.39,23.3163,0.0,2.95,1.122,0.109,0.596,23.0,0.05657596662892883
4597,4597,23_31,23_43,3016.518,22.23761,17.6051,0.008,0.0,27.0,27.0,1165.0,1776.0,1164.5552,1775.5498,1164.5552,1775.5498,192.5207070339427,27.44631523278252,0.625,0.561,29.39,0.00538,0.00473,33.49,1164.5552,1775.5498,192.5207070339427,27.44631523278252,0.24105947658,0.24217908222,0.24105947658,0.24217908222,0.513,0.469,45.73,0.5133201,0.4687654,45.73,99.0,0.0,0.95,1.115,0.103,1.0,23.0,652,652,23_24,23_20,2883.7,44.85004,17.654,0.0169,191.0898,34.0,38.0,1165.0,1776.0,1164.6085,1775.553,1164.6085,1775.553,192.5206901641334,27.446313907817604,1.478,1.255,14.11,0.03006,0.02362,19.65,1164.6085,1775.553,192.5206901641334,27.446313907817604,0.94510401131,0.81311274708,0.94510401131,0.81311274708,0.972,0.902,2.85,0.9723338,0.9015452,2.85,23.3079,0.0,3.05,1.178,0.151,0.973,23.0,0.053395973631019035
4599,4599,23_33,23_41,595.4095,9.879682,19.3668,0.018,-8.903189E-6,6.0,6.0,1431.0,1775.0,1430.931,1775.2414,1430.931,1775.2414,192.43625200844016,27.44425118505387,0.627,0.422,-9.15,0.01092,0.00738,-8.06,1430.931,1775.2414,192.43625200844016,27.44425118505387,0.13559345904,0.086147458463,0.13559345904,0.086147458463,0.369,0.293,-5.43,0.3688424,0.2927392,-5.43,99.0,0.0,1.39,1.487,0.328,1.0,23.0,653,653,23_25,23_19,541.1367,27.98044,19.4706,0.0562,191.8919,14.0,17.0,1431.0,1775.0,1431.0513,1775.3712,1431.0513,1775.3712,192.43621508263985,27.444213702188925,1.185,0.929,-11.71,0.07344,0.05734,-14.63,1431.0513,1775.3712,192.43621508263985,27.444213702188925,1.0681165981,0.80233875051,1.0681165981,0.80233875051,1.034,0.895,-4.52,1.034307,0.8947988,-4.52,23.3343,0.0,3.72,1.276,0.216,0.694,23.0,0.17697494172902747
4600,4600,23_34,23_40,7342.943,34.69526,16.6392,0.0051,0.0,6.0,6.0,1280.0,1774.0,1279.8664,1774.0649,1279.8664,1774.0649,192.48413392574105,27.445808219442117,0.359,0.276,2.47,0.00171,0.00133,1.7,1279.8664,1774.0649,192.48413392574105,27.445808219442117,0.094270828236,0.088865295345,0.094270828236,0.088865295345,0.307,0.298,0.2,0.3070357,0.2981027,0.2,99.0,0.0,1.76,1.3,0.231,1.0,23.0,651,651,23_23,23_21,7361.581,59.93328,16.6364,0.0088,190.8999,49.0,60.0,1280.0,1774.0,1279.9163,1774.1289,1279.9163,1774.1289,192.4841186958321,27.445789820077422,1.569,1.476,0.73,0.01687,0.01623,-6.49,1279.9163,1774.1289,192.4841186958321,27.445789820077422,0.94858301618,0.8467018359,0.94858301618,0.8467018359,0.974,0.92,0.26,0.9739534,0.9201629,0.26,23.297,0.0,3.02,1.063,0.059,0.984,23.0,0.0811542358720657
4601,4601,23_35,23_39,683.3054,10.58382,19.2173,0.0168,-6.557119E-6,18.0,18.0,1466.0,1760.0,1466.0622,1760.4725,1466.0622,1760.4725,192.42497627390912,27.448116552941013,1.215,1.035,-4.83,0.02086,0.01784,-2.88,1466.0622,1760.4725,192.42497627390912,27.448116552941013,0.38192884541,0.68992566725,0.38192884541,0.68992566725,0.833,0.615,-83.5,0.8330529,0.6147174,-83.5,99.0,0.0,5.09,1.175,0.149,1.0,23.0,654,654,23_26,23_18,671.6641,34.26417,19.236,0.0554,191.808,23.0,26.0,1466.0,1760.0,1466.1361,1760.6194,1466.1361,1760.6194,192.42495422119995,27.44807463912109,1.376,1.337,-29.66,0.08016,0.07776,-30.13,1466.1361,1760.6194,192.42495422119995,27.44807463912109,2.2148357615,2.1578483972,2.2148357615,2.1578483972,1.494,1.463,-26.22,1.494352,1.462735,-26.22,23.3216,0.0,6.25,1.029,0.028,0.008,23.0,0.1644409316440662
4602,4602,23_36,23_38,664.98,10.44093,19.2468,0.0171,-7.640508E-6,4.0,4.0,1426.0,1754.0,1426.2682,1754.0891,1426.2682,1754.0891,192.43753273742809,27.450237287152508,0.449,0.289,-11.97,0.00717,0.00501,-13.22,1426.2682,1754.0891,192.43753273742809,27.450237287152508,0.12211165361,0.095170856644,0.12211165361,0.095170856644,0.349,0.308,-0.95,0.3494553,0.3084858,-0.95,99.0,0.0,1.02,1.552,0.355,1.0,23.0,655,655,23_27,23_17,571.3207,27.31723,19.4117,0.0519,192.0945,14.0,16.0,1426.0,1754.0,1426.2726,1754.2331,1426.2726,1754.2331,192.43753268700505,27.450196758627165,1.079,0.954,-12.91,0.0637,0.05533,-15.82,1426.2726,1754.2331,192.43753268700505,27.450196758627165,0.8152330055,0.71277475366,0.8152330055,0.71277475366,0.903,0.844,-4.47,0.9032519,0.8438861,-4.47,23.348,0.0,3.16,1.131,0.116,0.774,23.0,0.1440672065391769
4604,4604,23_38,23_36,896.8258,12.12521,18.9221,0.0147,-3.353954E-6,4.0,4.0,1354.0,1750.0,1353.7384,1750.2712,1353.7384,1750.2712,192.46049260882293,27.451901549697897,0.448,0.436,-57.57,0.0062,0.006,-54.61,1353.7384,1750.2712,192.46049260882293,27.451901549697897,0.084857487753,0.089568829991,0.084857487753,0.089568829991,0.3,0.291,-78.72,0.2996065,0.2909678,-78.72,99.0,0.0,0.89,1.027,0.027,1.0,23.0,656,656,23_28,23_16,805.2023,29.9988,19.0391,0.0405,191.6613,17.0,19.0,1354.0,1750.0,1353.7988,1750.3729,1353.7988,1750.3729,192.46047440293668,27.451872461253835,1.185,0.991,-9.3,0.05691,0.04447,-12.16,1353.7988,1750.3729,192.46047440293668,27.451872461253835,0.87195694826,0.77598806356,0.87195694826,0.77598806356,0.935,0.88,-7.21,0.9346223,0.8800148,-7.21,23.3269,0.0,3.27,1.196,0.164,0.739,23.0,0.11828376896278792
4607,4607,23_41,23_33,25501.13,64.65689,15.2875,0.0028,0.0,4.0,4.0,1146.0,1742.0,1145.7678,1742.4126,1145.7678,1742.4126,192.52636118881748,27.45578344890711,0.507,0.404,66.56,0.00129,0.00103,66.56,1145.7678,1742.4126,192.52636118881748,27.45578344890711,0.087494355799,0.21994516098,0.087494355799,0.21994516098,0.471,0.293,84.04,0.4705387,0.2933136,84.04,99.0,0.0,1.15,1.255,0.203,1.0,23.0,657,657,23_29,23_15,25613.75,88.74799,15.2827,0.0038,191.3724,83.0,92.0,1146.0,1742.0,1145.8402,1742.4673,1145.8402,1742.4673,192.52633873145675,27.45576749023852,1.664,1.573,8.98,0.00789,0.00748,14.89,1145.8402,1742.4673,192.52633873145675,27.45576749023852,0.97020240233,0.86787647681,0.97020240233,0.86787647681,0.985,0.931,2.91,0.9851227,0.931457,2.91,23.3263,0.0,3.01,1.058,0.055,0.983,23.0,0.09074056424770922
4608,4608,23_42,23_32,185.4668,5.514018,20.6332,0.0323,0.0,4.0,4.0,1186.0,1735.0,1186.2887,1735.0748,1186.2887,1735.0748,192.5134455990686,27.45752362787844,0.459,0.336,-13.14,0.01452,0.01248,-21.41,1186.2887,1735.0748,192.5134455990686,27.45752362787844,0.13034103696,0.10014016893,0.13034103696,0.10014016893,0.361,0.316,-0.99,0.3610403,0.316435,-0.99,99.0,0.0,1.09,1.365,0.267,0.998,23.0,658,658,23_30,23_14,121.1091,14.85288,21.0959,0.1332,191.3669,4.0,5.0,1186.0,1735.0,1186.3879,1735.1885,1186.3879,1735.1885,192.5134151858515,27.457490861647734,0.749,0.448,71.4,0.12003,0.06947,71.54,1186.3879,1735.1885,192.5134151858515,27.457490861647734,0.66522007323,0.79159751271,0.66522007323,0.79159751271,0.904,0.799,67.41,0.90446,0.7992307,67.41,23.3245,0.0,3.41,1.673,0.402,0.489,23.0,0.1508917824135879
4610,4610,23_44,23_30,238.5745,6.253844,20.3598,0.0285,-1.164051E-5,2.0,2.0,1488.0,1713.0,1488.0,1712.5811,1488.0,1712.5811,192.41757196385865,27.461403307042108,0.572,0.289,90.0,0.01538,0.00776,90.0,1488.0,1712.5811,192.41757196385865,27.461403307042108,0.0833333,0.19773129383,0.0833333,0.19773129383,0.445,0.289,90.0,0.4446699,0.2886751,90.0,99.0,0.0,0.96,1.98,0.495,0.996,23.0,659,659,23_31,23_13,174.5123,17.77198,20.6993,0.1106,191.5121,5.0,7.0,1488.0,1713.0,1487.9763,1712.6896,1487.9763,1712.6896,192.41758049637872,27.46137299221993,0.732,0.675,7.36,0.09414,0.08715,0.92,1487.9763,1712.6896,192.41758049637872,27.46137299221993,0.76603607981,0.85383423194,0.76603607981,0.85383423194,0.942,0.856,62.24,0.942056,0.8558041,62.24,23.2861,0.0,3.24,1.084,0.078,0.454,23.0,0.11105827299197274
4613,4613,23_47,23_27,283.9882,6.823154,20.1706,0.0261,0.0,1.0,1.0,1093.0,1695.0,1093.0,1695.0,1093.0,1695.0,192.5426620319514,27.469535537628868,0.289,0.289,45.0,0.00701,0.00701,45.0,1093.0,1695.0,192.5426620319514,27.469535537628868,0.0833333,0.0833333,0.0833333,0.0833333,0.289,0.289,45.0,0.2886751,0.2886751,45.0,99.0,0.0,0.0,1.0,0.0,0.997,23.0,661,661,23_33,23_11,237.992,17.87897,20.3625,0.0816,191.2473,2.0,7.0,1093.0,1695.0,1093.2007,1694.9776,1093.2007,1694.9776,192.54259818185625,27.469540246022117,0.659,0.649,35.5,0.06852,0.06427,87.95,1093.2007,1694.9776,192.54259818185625,27.469540246022117,0.43009023985,0.42544886727,0.43009023985,0.42544886727,0.659,0.649,35.5,0.6594691,0.6485673,35.5,23.3048,0.0,3.86,1.017,0.017,0.846,23.0,0.20194615619031164
4614,4614,23_48,23_26,4375.583,26.78262,17.2013,0.0066,-2.167027E-6,6.0,6.0,1412.0,1693.0,1411.9153,1692.8258,1411.9153,1692.8258,192.44151180014669,27.467581617813423,0.388,0.336,-89.16,0.00241,0.0021,89.07,1411.9153,1692.8258,192.44151180014669,27.467581617813423,0.09228547153,0.098158002954,0.09228547153,0.098158002954,0.313,0.304,-89.8,0.3133019,0.3037851,-89.8,99.0,0.0,0.88,1.154,0.133,1.0,23.0,660,660,23_32,23_12,4350.877,50.85597,17.2074,0.0127,191.6765,43.0,46.0,1412.0,1693.0,1411.9679,1692.8709,1411.9679,1692.8709,192.44149554196605,27.46756850644664,1.487,1.409,-2.61,0.02207,0.02105,1.57,1411.9679,1692.8709,192.44149554196605,27.46756850644664,0.953602672,0.87180816502,0.953602672,0.87180816502,0.977,0.933,-8.06,0.9773818,0.9328106,-8.06,23.3143,0.0,3.02,1.056,0.053,0.981,23.0,0.06928758907629869
4615,4615,23_49,23_25,1736.178,16.87066,18.2049,0.0106,-1.110745E-6,6.0,6.0,1387.0,1691.0,1387.0319,1691.1119,1387.0319,1691.1119,192.44938613245128,27.468266449469347,0.357,0.337,-89.35,0.00361,0.00341,78.32,1387.0319,1691.1119,192.44938613245128,27.468266449469347,0.092499324521,0.094440957365,0.092499324521,0.094440957365,0.307,0.304,-89.84,0.3073125,0.304137,-89.84,99.0,0.0,0.0,1.059,0.056,1.0,23.0,662,662,23_34,23_10,1645.721,39.69255,18.263,0.0262,192.2466,27.0,32.0,1387.0,1691.0,1387.1297,1691.2366,1387.1297,1691.2366,192.4493562816408,27.46823058751505,1.365,1.247,19.5,0.04079,0.03694,27.85,1387.1297,1691.2366,192.4493562816408,27.46823058751505,0.90084310119,0.7956905595,0.90084310119,0.7956905595,0.949,0.892,1.49,0.9491651,0.8919749,1.49,23.3534,0.0,3.15,1.095,0.087,0.966,23.0,0.15847690683491825
4616,4616,23_50,23_24,1923.472,17.75735,18.0937,0.01,0.0,29.0,29.0,1034.0,1687.0,1034.1142,1687.3397,1034.1142,1687.3397,192.5612668742089,27.472155148117597,1.345,0.871,20.62,0.01381,0.00958,28.12,1034.1142,1687.3397,192.5612668742089,27.472155148117597,0.66469845523,0.27726629736,0.66469845523,0.27726629736,0.815,0.527,-0.59,0.8153155,0.526522,-0.59,99.0,0.0,3.28,1.544,0.352,1.0,23.0,663,663,23_35,23_9,1932.607,46.64356,18.0885,0.0262,192.1047,39.0,45.0,1034.0,1687.0,1034.1211,1687.3701,1034.1211,1687.3701,192.56126496102644,27.47214654488385,1.869,1.385,3.29,0.05347,0.03797,3.22,1034.1211,1687.3701,192.56126496102644,27.47214654488385,2.0224807143,1.5837068774,2.0224807143,1.5837068774,1.422,1.258,1.16,1.422203,1.258382,1.16,23.349,0.0,4.93,1.349,0.259,0.014,23.0,0.031173225691404804
4620,4620,23_54,23_20,5755.448,30.71671,16.9037,0.0058,0.0,6.0,6.0,1240.0,1640.0,1240.4112,1639.9758,1240.4112,1639.9758,192.4954093552768,27.483832194166972,0.492,0.292,0.85,0.00264,0.0016,0.87,1240.4112,1639.9758,192.4954093552768,27.483832194166972,0.20097387316,0.095494361986,0.20097387316,0.095494361986,0.448,0.309,0.09,0.4483014,0.3090212,0.09,99.0,0.0,0.97,1.686,0.407,1.0,23.0,664,664,23_36,23_8,5668.996,55.6736,16.9201,0.0107,191.3652,46.0,53.0,1240.0,1640.0,1240.4855,1640.0368,1240.4855,1640.0368,192.4953863524662,27.48381444364179,1.525,1.441,-6.69,0.01944,0.01847,-16.54,1240.4855,1640.0368,192.4953863524662,27.48381444364179,0.9493391649,0.86732997482,0.9493391649,0.86732997482,0.974,0.931,-1.46,0.9743676,0.931277,-1.46,23.2963,0.0,2.99,1.059,0.056,0.985,23.0,0.09613266874490314
4621,4621,23_55,23_19,688.5885,10.62466,19.209,0.0168,0.0,6.0,6.0,1409.0,1628.0,1409.0518,1628.1972,1409.0518,1628.1972,192.4418170298298,27.485778336058853,0.527,0.432,44.96,0.00859,0.00698,44.79,1409.0518,1628.1972,192.4418170298298,27.485778336058853,0.13038195178,0.14426872944,0.13038195178,0.14426872944,0.38,0.36,80.24,0.380384,0.3604978,80.24,99.0,0.0,1.02,1.219,0.18,1.0,23.0,665,665,23_37,23_7,647.6418,30.37229,19.2755,0.0509,191.591,18.0,20.0,1409.0,1628.0,1408.9964,1628.1549,1408.9964,1628.1549,192.44183420467348,27.48579068289288,1.185,1.064,26.96,0.06607,0.06057,26.97,1408.9964,1628.1549,192.44183420467348,27.48579068289288,1.0199030985,0.94876813564,1.0199030985,0.94876813564,1.023,0.96,27.71,1.023232,0.960035,27.71,23.295,0.0,3.28,1.114,0.103,0.587,23.0,0.06970258244858446
4625,4625,23_59,23_15,1703.69,16.71207,18.2254,0.0107,0.0,79.0,79.0,1274.0,1605.0,1273.7188,1607.3461,1273.7188,1607.3461,192.4845448710431,27.49273960672513,3.988,1.814,-81.85,0.04603,0.0209,-83.0,1273.7188,1607.3461,192.4845448710431,27.49273960672513,2.3738159388,4.7245300994,2.3738159388,4.7245300994,2.196,1.508,-78.58,2.196491,1.507903,-78.58,99.0,0.0,16.13,2.198,0.545,0.962,23.0,667,667,23_39,23_5,1414.145,51.51135,18.4276,0.0396,191.9638,49.0,59.0,1274.0,1607.0,1273.8335,1608.0048,1273.8335,1608.0048,192.4845145700245,27.49255345492096,2.485,1.754,-74.04,0.09761,0.07044,-72.84,1273.8335,1608.0048,192.4845145700245,27.49255345492096,6.6666355049,10.439031685,6.6666355049,10.439031685,3.249,2.559,-80.1,3.249253,2.558911,-80.1,23.3305,0.0,12.51,1.417,0.294,0.0,23.0,0.6686118305862572
4626,4626,23_60,23_14,1058.396,13.17223,18.7422,0.0135,0.0,6.0,6.0,1331.0,1610.0,1331.082,1609.9931,1331.082,1609.9931,192.46637576916632,27.4915315281264,0.442,0.4,-73.29,0.00578,0.00518,-67.61,1331.082,1609.9931,192.46637576916632,27.4915315281264,0.098436632395,0.10056036573,0.098436632395,0.10056036573,0.317,0.314,-88.57,0.3171147,0.313744,-88.57,99.0,0.0,2.42,1.106,0.096,1.0,23.0,668,668,23_40,23_4,970.5428,32.5761,18.8363,0.0365,192.0149,19.0,22.0,1331.0,1610.0,1331.1091,1609.9586,1331.1091,1609.9586,192.46636685430917,27.49154100981102,1.206,1.1,-39.79,0.0487,0.04408,-44.61,1331.1091,1609.9586,192.46636685430917,27.49154100981102,0.8679574003,0.81766146431,0.8679574003,0.81766146431,0.944,0.891,-29.29,0.9439525,0.891388,-29.29,23.3323,0.0,3.29,1.096,0.088,0.837,23.0,0.04387094710611228
4633,4633,23_67,23_7,372.2189,7.811498,19.8769,0.0228,-1.897671E-5,4.0,4.0,1456.0,1589.0,1456.2351,1588.9812,1456.2351,1588.9812,192.42648647236555,27.49641959293162,0.572,0.319,1.12,0.01112,0.00387,1.86,1456.2351,1588.9812,192.42648647236555,27.49641959293162,0.11268050126,0.08491567431,0.11268050126,0.08491567431,0.336,0.291,0.08,0.3356793,0.2914028,0.08,99.0,0.0,1.05,1.794,0.443,0.999,23.0,669,669,23_41,23_3,326.4508,22.471,20.0193,0.0748,192.6083,10.0,11.0,1456.0,1589.0,1456.2981,1588.9115,1456.2981,1588.9115,192.4264658387601,27.49643867541349,0.999,0.738,-14.61,0.08778,0.06209,-14.95,1456.2981,1588.9115,192.4264658387601,27.49643867541349,0.81265986769,0.59100584594,0.81265986769,0.59100584594,0.906,0.764,-10.35,0.9057102,0.7637767,-10.35,23.3326,0.0,3.34,1.354,0.262,0.532,23.0,0.09395259442924293
4637,4637,23_71,23_3,488.6113,8.949872,19.5815,0.0199,-5.292587E-5,5.0,5.0,1477.0,1546.0,1476.7205,1546.1241,1476.7205,1546.1241,192.41958745080788,27.508302474071197,0.458,0.448,76.29,0.00908,0.00851,-78.21,1476.7205,1546.1241,192.41958745080788,27.508302474071197,0.1493817169,0.12665317585,0.1493817169,0.12665317585,0.387,0.356,1.24,0.386513,0.3558688,1.24,99.0,0.0,1.07,1.022,0.022,1.0,23.0,670,670,23_42,23_2,373.7998,25.13244,19.8723,0.073,194.3694,10.0,13.0,1477.0,1546.0,1476.6151,1546.1428,1476.6151,1546.1428,192.41962105778208,27.50829808198187,1.018,0.871,9.68,0.07502,0.06448,13.06,1476.6151,1546.1428,192.41962105778208,27.50829808198187,0.98161002147,0.8713049919,0.98161002147,0.8713049919,0.991,0.933,1.84,0.9908198,0.9333762,1.84,23.3595,0.0,3.28,1.17,0.145,0.65,23.0,0.10704601814166508
4638,4638,23_72,23_2,2613.195,20.69765,17.7609,0.0086,-6.036126E-5,48.0,48.0,1472.0,1532.0,1475.8602,1530.0496,1475.8602,1530.0496,192.4197095798368,27.51282953528644,3.236,0.934,-17.52,0.02718,0.00816,-17.41,1475.8602,1530.0496,192.4197095798368,27.51282953528644,4.5451938312,1.3072101817,4.5451938312,1.3072101817,2.242,0.908,-19.81,2.242359,0.9078706,-19.81,99.0,0.0,10.41,3.467,0.712,0.973,23.0,629,629,23_1,23_1,2826.47,63.75903,17.6758,0.0245,194.0911,71.0,80.0,1475.0,1530.0,1475.8895,1530.1371,1475.8895,1530.1371,192.41970110648063,27.51280469037814,3.35,1.51,-16.83,0.08021,0.03729,-16.27,1475.8895,1530.1371,192.41970110648063,27.51280469037814,5.937158493,3.0921362045,5.937158493,3.0921362045,2.499,1.669,-17.36,2.499055,1.668538,-17.36,23.3171,0.0,11.77,2.218,0.549,0.0,23.0,0.09227534882064387
4643,4643,24_5,24_47,4061.637,25.80392,17.2821,0.0069,-2.171023E-4,6.0,6.0,1811.0,2006.0,1810.7934,2006.5062,1810.7934,2006.5062,192.3180606531621,27.376064666317323,0.506,0.466,-66.83,0.00323,0.003,-64.47,1810.7934,2006.5062,192.3180606531621,27.376064666317323,0.092785076724,0.24999882474,0.092785076724,0.24999882474,0.5,0.304,-87.92,0.5002062,0.3042657,-87.92,99.0,0.0,1.0,1.087,0.08,1.0,24.0,690,690,24_20,24_28,3983.693,49.68338,17.3032,0.0135,191.6726,40.0,43.0,1811.0,2007.0,1810.8417,2006.5599,1810.8417,2006.5599,192.3180458681821,27.37604915874296,1.459,1.357,0.41,0.02234,0.02173,17.65,1810.8417,2006.5599,192.3180458681821,27.37604915874296,0.91253326141,0.79536200596,0.91253326141,0.79536200596,0.956,0.891,-7.4,0.9563178,0.8907028,-7.4,23.304,0.0,2.99,1.075,0.07,0.983,24.0,0.0722258956329788
4645,4645,24_7,24_45,510.5794,9.148854,19.5337,0.0195,1.035976E-4,6.0,6.0,1956.0,1992.0,1955.741,1992.3532,1955.741,1992.3532,192.2720059721652,27.37881223125168,0.505,0.472,77.64,0.00966,0.0091,-81.97,1955.741,1992.3532,192.2720059721652,27.37881223125168,0.11916762429,0.18361093812,0.11916762429,0.18361093812,0.429,0.344,84.55,0.429189,0.3443477,84.55,99.0,0.0,1.1,1.07,0.065,1.0,24.0,691,691,24_21,24_27,522.9335,27.44403,19.5078,0.057,191.6557,13.0,16.0,1956.0,1992.0,1955.7589,1992.3728,1955.7589,1992.3728,192.27200049232584,27.37880656708034,1.067,0.98,17.24,0.06764,0.05859,14.99,1955.7589,1992.3728,192.27200049232584,27.37880656708034,0.827796685,0.86716253703,0.827796685,0.86716253703,0.932,0.909,81.37,0.9317135,0.9093235,81.37,23.3391,0.0,3.26,1.089,0.082,0.553,24.0,0.026543737491264555
4646,4646,24_8,24_44,949.926,12.479,18.8596,0.0143,-1.058092E-4,85.0,85.0,1866.0,1975.0,1868.5282,1972.2351,1868.5282,1972.2351,192.29943975445028,27.385212244953664,3.599,1.251,-63.26,0.06567,0.02428,-67.07,1868.5282,1972.2351,192.29943975445028,27.385212244953664,2.5946958772,4.0943407079,2.5946958772,4.0943407079,2.287,1.208,-56.71,2.287025,1.207706,-56.71,99.0,0.0,12.72,2.877,0.652,0.962,24.0,674,674,24_4,24_26,1146.377,48.835,18.6555,0.0463,191.7962,44.0,53.0,1867.0,1975.0,1868.6884,1972.0292,1868.6884,1972.0292,192.29938701259323,27.385268780037794,3.138,1.325,-59.78,0.13983,0.06005,-60.39,1868.6884,1972.0292,192.29938701259323,27.385268780037794,9.34484783,11.892859692,9.34484783,11.892859692,3.591,2.888,-61.99,3.591376,2.887858,-61.99,23.3353,0.0,12.22,2.369,0.578,0.001,24.0,0.2608809115287556
4647,4647,24_9,24_43,130481.3,146.2545,13.515,0.0012,0.0,7.0,7.0,1552.0,1948.0,1551.5659,1947.549,1551.5659,1947.549,192.3996330539181,27.39480762836201,0.505,0.497,-35.93,5.7E-4,5.6E-4,-35.61,1551.5659,1947.549,192.3996330539181,27.39480762836201,0.23444849094,0.24044587795,0.23444849094,0.24044587795,0.493,0.482,-61.28,0.4929704,0.4815335,-61.28,99.0,0.0,1.02,1.016,0.016,1.0,24.0,677,677,24_7,24_25,135671.2,169.4043,13.4726,0.0014,192.0901,150.0,162.0,1552.0,1948.0,1551.6512,1947.6154,1551.6512,1947.6154,192.39960664974825,27.39478825264097,1.735,1.666,4.35,0.00288,0.00283,27.13,1551.6512,1947.6154,192.39960664974825,27.39478825264097,0.96569989339,0.86798738136,0.96569989339,0.86798738136,0.983,0.931,-4.75,0.983046,0.9312936,-4.75,23.381,0.0,2.99,1.041,0.04,1.0,24.0,0.10809740977462934
4648,4648,24_10,24_42,3723.945,24.70795,17.3764,0.0072,-0.01026236,4.0,4.0,1541.0,1939.0,1541.4213,1939.4379,1541.4213,1939.4379,192.402771310384,27.39717216419641,0.517,0.472,46.5,0.00344,0.00314,46.49,1541.4213,1939.4379,192.402771310384,27.39717216419641,0.21902082155,0.22805517008,0.21902082155,0.22805517008,0.493,0.452,51.74,0.4928606,0.4518456,51.74,31.3017,0.0,0.93,1.096,0.087,1.0,24.0,678,678,24_8,24_24,3695.618,48.19527,17.3846,0.0142,191.9342,37.0,43.0,1541.0,1939.0,1541.5037,1939.5242,1541.5037,1939.5242,192.40274601149812,27.39714721714912,1.487,1.337,10.65,0.02499,0.0222,8.67,1541.5037,1939.5242,192.40274601149812,27.39714721714912,0.97155437635,0.85784696219,0.97155437635,0.85784696219,0.987,0.925,8.84,0.9871048,0.9246758,8.84,23.3662,0.0,3.12,1.112,0.101,0.975,24.0,0.1193207861188887
4649,4649,24_11,24_41,1031.704,13.00507,18.77,0.0137,0.0,6.0,6.0,1728.0,1901.0,1728.1341,1900.7878,1728.1341,1900.7878,192.3432373119616,27.4064870442354,0.557,0.467,-59.35,0.00726,0.00605,-58.04,1728.1341,1900.7878,192.3432373119616,27.4064870442354,0.073737331151,0.10583666083,0.073737331151,0.10583666083,0.326,0.271,-83.21,0.3260335,0.2706957,-83.21,99.0,0.0,1.12,1.194,0.162,1.0,24.0,679,679,24_9,24_23,1007.925,33.06736,18.7953,0.0356,191.7341,18.0,23.0,1728.0,1901.0,1728.1751,1900.8555,1728.1751,1900.8555,192.3432249664739,27.406467663868284,1.231,1.105,-24.83,0.04893,0.04315,-20.95,1728.1751,1900.8555,192.3432249664739,27.406467663868284,0.82332481428,0.77984945017,0.82332481428,0.77984945017,0.922,0.868,-31.82,0.9222574,0.8675342,-31.82,23.3597,0.0,3.2,1.114,0.102,0.809,24.0,0.0791472677985303
4650,4650,24_12,24_40,122.1501,4.474885,21.0866,0.0398,0.0,3.0,3.0,1769.0,1888.0,1768.705,1887.9119,1768.705,1887.9119,192.33025755834424,27.409766565652536,0.462,0.274,-11.08,0.01848,0.01214,-17.37,1768.705,1887.9119,192.33025755834424,27.409766565652536,0.12367257673,0.093183139143,0.12367257673,0.093183139143,0.352,0.305,-0.79,0.3516793,0.3052497,-0.79,99.0,0.0,1.04,1.683,0.406,0.996,24.0,680,680,24_10,24_22,136.8746,16.25514,20.9631,0.129,191.41,5.0,6.0,1769.0,1888.0,1768.8198,1887.8445,1768.8198,1887.8445,192.33022053310287,27.40978455082273,0.753,0.569,46.07,0.11125,0.08233,45.06,1768.8198,1887.8445,192.33022053310287,27.40978455082273,0.92616583751,0.81658331475,0.92616583751,0.81658331475,0.963,0.903,-4.24,0.9626893,0.9033153,-4.24,23.333,0.0,3.84,1.322,0.243,0.495,24.0,0.13312325116234094
4651,4651,24_13,24_39,30769.01,71.02183,15.0836,0.0025,0.0,7.0,7.0,1992.0,1877.0,1992.2425,1877.0531,1992.2425,1877.0531,192.25931900990423,27.41091878606304,0.454,0.338,-6.65,0.00105,7.8E-4,-6.66,1992.2425,1877.0531,192.25931900990423,27.41091878606304,0.10990291609,0.093264492896,0.10990291609,0.093264492896,0.332,0.305,-0.37,0.3315172,0.3053912,-0.37,99.0,0.0,1.0,1.342,0.255,1.0,24.0,681,681,24_11,24_21,31750.8,95.29611,15.0495,0.0033,190.9683,92.0,99.0,1992.0,1877.0,1992.3118,1877.0999,1992.3118,1877.0999,192.2592975079016,27.41090503208477,1.668,1.59,4.76,0.00687,0.00664,20.19,1992.3118,1877.0999,192.2592975079016,27.41090503208477,0.95831625796,0.85300802464,0.95831625796,0.85300802464,0.98,0.923,-6.7,0.9796897,0.9227852,-6.7,23.3473,0.0,2.97,1.049,0.047,0.986,24.0,0.08362254480682717
4652,4652,24_14,24_38,1650.352,16.44839,18.2599,0.0108,0.0,7.0,7.0,1838.0,1875.0,1837.9119,1874.6925,1837.9119,1874.6925,192.3081995059496,27.41289905343133,0.513,0.483,47.38,0.00524,0.00496,45.11,1837.9119,1874.6925,192.3081995059496,27.41289905343133,0.077580359554,0.13706481929,0.077580359554,0.13706481929,0.37,0.278,88.27,0.3702958,0.2784353,88.27,99.0,0.0,1.09,1.06,0.057,1.0,24.0,682,682,24_12,24_20,1690.083,39.53268,18.2341,0.0254,191.8525,27.0,32.0,1838.0,1875.0,1837.8749,1874.6608,1837.8749,1874.6608,192.3082109253488,27.412908280365546,1.4,1.217,10.32,0.04223,0.03542,12.8,1837.8749,1874.6608,192.3082109253488,27.412908280365546,0.91519513258,0.81181686904,0.91519513258,0.81181686904,0.957,0.901,4.21,0.9569528,0.9006961,4.21,23.3594,0.0,3.12,1.15,0.13,0.962,24.0,0.04872258203341243
4653,4653,24_15,24_37,793.3245,11.40409,19.0552,0.0156,0.0,6.0,6.0,1601.0,1819.0,1600.7994,1818.6737,1600.7994,1818.6737,192.3828124753413,27.43063918910193,0.516,0.432,-89.15,0.00774,0.00656,86.15,1600.7994,1818.6737,192.3828124753413,27.43063918910193,0.072349053401,0.15195863277,0.072349053401,0.15195863277,0.39,0.269,-88.46,0.3898924,0.268871,-88.46,99.0,0.0,1.1,1.195,0.163,1.0,24.0,684,684,24_14,24_18,822.5607,31.24084,19.0159,0.0412,192.0581,20.0,21.0,1601.0,1819.0,1600.8176,1818.7734,1600.8176,1818.7734,192.38280765008784,27.430611003229195,1.146,1.107,79.43,0.05512,0.05185,70.93,1600.8176,1818.7734,192.38280765008784,27.430611003229195,0.79273606824,0.78966062417,0.79273606824,0.78966062417,0.899,0.88,-42.33,0.8987336,0.880156,-42.33,23.3668,0.0,3.18,1.035,0.034,0.872,24.0,0.10134757027179346
4654,4654,24_16,24_36,16131.71,51.42511,15.7847,0.0035,0.0,8.0,8.0,1581.0,1818.0,1580.9724,1817.8919,1580.9724,1817.8919,192.38908966858895,27.431023414004308,0.375,0.355,-69.88,0.0012,0.00114,-68.62,1580.9724,1817.8919,192.38908966858895,27.431023414004308,0.092888151195,0.094569696934,0.092888151195,0.094569696934,0.308,0.305,-89.12,0.3075225,0.3047749,-89.12,99.0,0.0,2.08,1.056,0.053,1.0,24.0,683,683,24_13,24_19,16519.26,75.61917,15.7589,0.005,191.5138,69.0,75.0,1581.0,1818.0,1581.0168,1817.9245,1581.0168,1817.9245,192.38907590305345,27.431013879316534,1.602,1.537,-11.58,0.00976,0.00955,-74.09,1581.0168,1817.9245,192.38907590305345,27.431013879316534,0.93627228847,0.84748579026,0.93627228847,0.84748579026,0.969,0.919,-8.76,0.9687273,0.9194158,-8.76,23.3291,0.0,3.02,1.042,0.041,0.989,24.0,0.05508284669477229
4656,4656,24_18,24_34,111.0288,4.266315,21.1903,0.0417,0.0,3.0,3.0,1855.0,1775.0,1854.9944,1774.675,1854.9944,1774.675,192.30182104791143,27.44087698967765,0.55,0.298,-89.52,0.01952,0.00925,-84.33,1854.9944,1774.675,192.30182104791143,27.44087698967765,0.083990797715,0.13101457285,0.083990797715,0.13101457285,0.362,0.29,-89.96,0.3619594,0.2898116,-89.96,99.0,0.0,0.94,1.846,0.458,0.996,24.0,685,685,24_15,24_17,168.9141,17.67471,20.7347,0.1136,191.5041,7.0,7.0,1855.0,1775.0,1854.9831,1774.694,1854.9831,1774.694,192.30182481293156,27.440871743258963,0.741,0.671,-3.68,0.09864,0.09121,-0.09,1854.9831,1774.694,192.30182481293156,27.440871743258963,0.70382089286,0.6424512684,0.70382089286,0.6424512684,0.845,0.796,-20.15,0.8446093,0.7955548,-20.15,23.3077,0.0,4.18,1.104,0.094,0.06,24.0,0.022106333934031306
4657,4657,24_19,24_33,978.0366,12.6623,18.828,0.0141,0.0,6.0,6.0,1677.0,1773.0,1677.0787,1772.5877,1677.0787,1772.5877,192.35819595924627,27.44296281012045,0.508,0.492,4.01,0.00689,0.0065,2.52,1677.0787,1772.5877,192.35819595924627,27.44296281012045,0.085293565597,0.20992161752,0.085293565597,0.20992161752,0.458,0.292,89.44,0.4581852,0.29203,89.44,99.0,0.0,1.16,1.033,0.032,1.0,24.0,686,686,24_16,24_16,971.8928,32.2793,18.8348,0.0361,191.9308,19.0,22.0,1677.0,1773.0,1677.0658,1772.6559,1677.0658,1772.6559,192.3582006977708,27.44294374098689,1.203,1.094,5.45,0.04885,0.04501,20.44,1677.0658,1772.6559,192.3582006977708,27.44294374098689,0.85978386715,0.73447284081,0.85978386715,0.73447284081,0.927,0.857,-1.77,0.9273102,0.8569437,-1.77,23.3228,0.0,3.0,1.1,0.091,0.944,24.0,0.06940929332581842
4658,4658,24_20,24_32,2222.429,19.0875,17.9368,0.0093,0.0,7.0,7.0,1678.0,1753.0,1677.6035,1752.7909,1677.6035,1752.7909,192.3578411035372,27.448525020929303,0.503,0.487,-3.67,0.0044,0.00428,-2.45,1677.6035,1752.7909,192.3578411035372,27.448525020929303,0.19533400343,0.10149001032,0.19533400343,0.10149001032,0.442,0.319,-0.25,0.4419681,0.3185721,-0.25,99.0,0.0,1.02,1.034,0.033,1.0,24.0,687,687,24_17,24_15,2253.304,43.67784,17.9218,0.0211,192.0428,30.0,38.0,1678.0,1753.0,1677.6473,1752.7992,1677.6473,1752.7992,192.35782729772444,27.44852232093477,1.411,1.336,-14.36,0.03394,0.03309,-25.89,1677.6473,1752.7992,192.35782729772444,27.44852232093477,0.9553172472,0.86321826132,0.9553172472,0.86321826132,0.978,0.928,-7.05,0.9781349,0.9283251,-7.05,23.3023,0.0,3.01,1.056,0.053,0.975,24.0,0.04457947958435839
4664,4664,24_26,24_26,833.6929,11.69064,19.0014,0.0152,2.121132E-5,7.0,7.0,1988.0,1722.0,1987.9041,1721.8708,1987.9041,1721.8708,192.25918084258004,27.45458869068682,0.525,0.473,18.17,0.00774,0.00703,16.43,1987.9041,1721.8708,192.25918084258004,27.45458869068682,0.15103531577,0.14300438291,0.15103531577,0.14300438291,0.389,0.378,4.24,0.3886896,0.3781006,4.24,99.0,0.0,1.15,1.109,0.098,1.0,24.0,692,692,24_22,24_13,865.8296,31.48118,18.9603,0.0395,191.5497,19.0,21.0,1988.0,1722.0,1987.9482,1721.9162,1987.9482,1721.9162,192.2591673066948,27.45457554663394,1.149,1.108,-5.88,0.05041,0.05026,16.08,1987.9482,1721.9162,192.2591673066948,27.45457554663394,0.86376062277,0.77175206095,0.86376062277,0.77175206095,0.93,0.878,-4.7,0.9297236,0.8781382,-4.7,23.3133,0.0,3.28,1.037,0.036,0.829,24.0,0.06329273260022653
4665,4665,24_27,24_25,1761.471,16.99311,18.1892,0.0105,2.892453E-6,7.0,7.0,1931.0,1718.0,1931.3028,1717.9196,1931.3028,1717.9196,192.2770839170889,27.456184893377056,0.495,0.487,-20.17,0.0049,0.00483,-25.8,1931.3028,1717.9196,192.2770839170889,27.456184893377056,0.16398961376,0.12791737499,0.16398961376,0.12791737499,0.405,0.358,-0.38,0.4049583,0.3576532,-0.38,99.0,0.0,0.99,1.018,0.018,1.0,24.0,693,693,24_23,24_12,1805.136,38.84698,18.1626,0.0234,191.2682,29.0,30.0,1931.0,1718.0,1931.3796,1717.9736,1931.3796,1717.9736,192.27706009673852,27.45616905330833,1.325,1.249,9.38,0.03595,0.03446,4.4,1931.3796,1717.9736,192.27706009673852,27.45616905330833,0.92632243121,0.84312676738,0.92632243121,0.84312676738,0.963,0.918,4.69,0.9627496,0.917912,4.69,23.2742,0.0,3.15,1.061,0.057,0.968,24.0,0.09388418397161932
4667,4667,24_29,24_23,674.68,10.51681,19.2311,0.0169,1.285535E-6,8.0,8.0,1927.0,1699.0,1926.4151,1699.2011,1926.4151,1699.2011,192.27845158844224,27.461489799796468,0.685,0.556,-69.4,0.01124,0.00925,-66.55,1926.4151,1699.2011,192.27845158844224,27.461489799796468,0.26234816377,0.26549389539,0.26234816377,0.26549389539,0.537,0.49,-46.86,0.5368669,0.4895059,-46.86,99.0,0.0,1.75,1.232,0.188,1.0,24.0,694,694,24_24,24_11,784.9479,32.57456,19.0668,0.0451,192.0342,21.0,23.0,1927.0,1699.0,1926.2885,1699.1521,1926.2885,1699.1521,192.27849124532725,27.46150465954939,1.256,1.165,11.08,0.06518,0.05749,20.55,1926.2885,1699.1521,192.27849124532725,27.46150465954939,1.1249932195,1.066010093,1.1249932195,1.066010093,1.072,1.021,-28.3,1.071944,1.020754,-28.3,23.3012,0.0,3.94,1.079,0.073,0.085,24.0,0.13575183239998545
4668,4668,24_30,24_22,33487.12,74.09246,14.9917,0.0024,0.0,1.0,1.0,1779.0,1695.0,1779.0,1695.0,1779.0,1695.0,192.3251440872371,27.463923205560555,0.289,0.289,45.0,6.4E-4,6.4E-4,45.0,1779.0,1695.0,192.3251440872371,27.463923205560555,0.0833333,0.0833333,0.0833333,0.0833333,0.289,0.289,45.0,0.2886751,0.2886751,45.0,99.0,0.0,0.0,1.0,0.0,1.0,24.0,688,688,24_18,24_14,33957.86,107.1163,14.9765,0.0034,193.4002,95.0,143.0,1779.0,1695.0,1778.9926,1694.8073,1778.9926,1694.8073,192.3251445838553,27.46397745134398,4.94,0.762,88.84,0.03198,0.00302,89.33,1778.9926,1694.8073,192.3251445838553,27.46397745134398,0.083517454171,0.087148283199,0.083517454171,0.087148283199,0.295,0.289,89.95,0.2952089,0.2889939,89.95,23.3251,3.0,0.0,6.487,0.846,1.0,24.0,0.19284203379974538
4670,4670,24_32,24_20,1867.533,17.49723,18.1257,0.0102,0.0,6.0,6.0,1690.0,1669.0,1689.7401,1669.2816,1689.7401,1669.2816,192.35319776940327,27.47190505546022,0.561,0.465,-33.23,0.00536,0.00442,-33.9,1689.7401,1669.2816,192.35319776940327,27.47190505546022,0.13531890257,0.12631707618,0.13531890257,0.12631707618,0.376,0.347,-32.3,0.3759185,0.3468735,-32.3,99.0,0.0,1.1,1.208,0.172,1.0,24.0,695,695,24_25,24_10,1902.174,40.97866,18.1057,0.0234,193.7062,29.0,33.0,1690.0,1669.0,1689.7017,1669.329,1689.7017,1669.329,192.35321039652897,27.47189204886936,1.369,1.27,-31.78,0.03656,0.03395,-42.9,1689.7017,1669.329,192.35321039652897,27.47189204886936,0.9490185193,0.84867466076,0.9490185193,0.84867466076,0.979,0.916,-16.89,0.9793919,0.9156881,-16.89,23.3157,0.0,3.23,1.078,0.073,0.965,24.0,0.06100262289431514
4672,4672,24_34,24_18,90563.98,121.8464,13.9115,0.0015,0.0,2.0,2.0,1780.0,1652.0,1780.0,1651.9854,1780.0,1651.9854,192.3244141786404,27.47600957490733,0.313,0.289,90.0,4.2E-4,3.9E-4,90.0,1780.0,1651.9854,192.3244141786404,27.47600957490733,0.0833333,0.084216866947,0.0833333,0.084216866947,0.29,0.289,90.0,0.2902014,0.2886751,90.0,99.0,4.0,0.0,1.083,0.077,1.0,24.0,689,689,24_19,24_14,94117.39,154.7617,13.8697,0.0018,193.9891,146.0,206.0,1780.0,1652.0,1779.7535,1651.8355,1779.7535,1651.8355,192.32449089568735,27.476053804467583,4.428,0.923,-88.54,0.01358,0.00197,-88.76,1779.7535,1651.8355,192.32449089568735,27.476053804467583,0.10694832722,0.10724517965,0.10694832722,0.10724517965,0.328,0.327,75.61,0.3275151,0.3269975,75.61,23.3259,6.0,0.0,4.798,0.792,1.0,24.0,0.2885000173310559
4674,4674,24_36,24_16,134.8089,4.701046,20.9796,0.0379,0.0,3.0,3.0,1644.0,1642.0,1644.0204,1641.5316,1644.0204,1641.5316,192.367430446346,27.48008997476417,0.577,0.321,87.62,0.01864,0.00849,82.22,1644.0204,1641.5316,192.367430446346,27.48008997476417,0.086883658559,0.24380709085,0.086883658559,0.24380709085,0.494,0.295,89.74,0.4937716,0.2947548,89.74,99.0,0.0,1.24,1.798,0.444,0.995,24.0,696,696,24_26,24_9,177.1962,16.66715,20.6827,0.1021,193.3247,5.0,6.0,1644.0,1641.0,1644.0417,1641.4949,1644.0417,1641.4949,192.3674233436445,27.48010011662615,0.787,0.499,2.67,0.10036,0.06157,0.17,1644.0417,1641.4949,192.3674233436445,27.48010011662615,0.75397687563,0.52628859807,0.75397687563,0.52628859807,0.879,0.712,15.44,0.8790793,0.7123798,15.44,23.27,0.0,3.7,1.577,0.366,0.489,24.0,0.042433241686242566
4675,4675,24_37,24_15,955.5942,12.51618,18.8532,0.0142,6.297112E-6,5.0,5.0,1959.0,1635.0,1959.5023,1634.7608,1959.5023,1634.7608,192.267335933936,27.47932512952874,0.501,0.429,-6.55,0.00666,0.0059,-3.75,1959.5023,1634.7608,192.267335933936,27.47932512952874,0.24977846994,0.087969598715,0.24977846994,0.087969598715,0.5,0.296,-1.37,0.4998711,0.2964405,-1.37,99.0,0.0,0.9,1.167,0.143,1.0,24.0,697,697,24_27,24_8,976.1996,33.72398,18.83,0.0375,193.0189,19.0,24.0,1959.0,1635.0,1959.5938,1634.8122,1959.5938,1634.8122,192.26730742466145,27.479309892603265,1.286,1.084,13.52,0.0546,0.04442,19.3,1959.5938,1634.8122,192.26730742466145,27.479309892603265,0.94196529846,0.7660800766,0.94196529846,0.7660800766,0.971,0.875,-0.09,0.9705492,0.8752598,-0.09,23.3241,0.0,3.25,1.186,0.157,0.86,24.0,0.10494860647004933
4677,4677,24_39,24_13,778.6739,11.29829,19.0755,0.0158,-0.001800264,11.0,11.0,1791.0,1613.0,1790.9473,1612.6227,1790.9473,1612.6227,192.3205650352277,27.486985019890096,0.841,0.651,61.73,0.01303,0.01003,63.71,1790.9473,1612.6227,192.3205650352277,27.486985019890096,0.35415053014,0.39198270592,0.35415053014,0.39198270592,0.647,0.572,57.15,0.6473225,0.5719325,57.15,33.1914,0.0,2.24,1.291,0.225,0.999,24.0,698,698,24_28,24_7,950.9658,36.78432,18.8585,0.042,194.8434,26.0,29.0,1791.0,1613.0,1790.9097,1612.5426,1790.9097,1612.5426,192.3205761882045,27.487007859966603,1.388,1.343,10.36,0.06382,0.06033,-10.27,1790.9097,1612.5426,192.3205761882045,27.487007859966603,1.6029737368,1.6121966059,1.6029737368,1.6121966059,1.292,1.243,47.11,1.292338,1.242993,47.11,23.3289,0.0,4.72,1.033,0.032,0.009,24.0,0.08848598759121522
4678,4678,24_40,24_12,76558.87,112.0296,14.0939,0.0016,-0.002742738,4.0,4.0,1778.0,1610.0,1778.2962,1609.9103,1778.2962,1609.9103,192.3245505449086,27.487854554894405,0.473,0.257,-18.3,6.9E-4,3.8E-4,-18.31,1778.2962,1609.9103,192.3245505449086,27.487854554894405,0.11101725289,0.085145296909,0.11101725289,0.085145296909,0.333,0.292,-0.92,0.3332026,0.2917851,-0.92,32.7343,4.0,0.0,1.841,0.457,1.0,24.0,671,671,24_1,24_14,86908.49,161.7237,13.9562,0.002,194.7293,235.0,287.0,1778.0,1610.0,1778.4899,1609.913,1778.4899,1609.913,192.32448914978332,27.48785216033713,6.489,1.081,89.01,0.02058,0.00255,89.21,1778.4899,1609.913,192.32448914978332,27.48785216033713,0.13093001586,0.12073096126,0.13093001586,0.12073096126,0.364,0.345,-21.54,0.3644347,0.3447439,-21.54,23.3173,3.0,0.0,6.005,0.833,0.972,24.0,0.19371881684548276
4679,4679,24_41,24_50,1286.578,14.5229,18.5303,0.0123,3.568561E-4,4.0,4.0,2009.0,2016.0,2008.64,2015.8497,2008.64,2015.8497,192.25547816610904,27.37175212175489,0.481,0.357,-4.17,0.00548,0.00414,-3.74,2008.64,2015.8497,192.25547816610904,27.37175212175489,0.19370399774,0.11397348183,0.19370399774,0.11397348183,0.44,0.338,-0.58,0.4401276,0.3375874,-0.58,99.0,16.0,0.99,1.348,0.258,1.0,24.0,675,675,24_5,24_30,1985.98,35.74461,18.0589,0.0195,191.3312,20.0,23.0,2009.0,2017.0,2008.6713,2016.1509,2008.6713,2016.1509,192.2554711914488,27.3716671633157,1.424,0.83,-1.0,0.0361,0.02128,0.49,2008.6713,2016.1509,192.2554711914488,27.3716671633157,0.74330628409,0.37776163089,0.74330628409,0.37776163089,0.862,0.614,-2.25,0.8624811,0.6141615,-2.25,23.3141,24.0,3.94,1.715,0.417,0.977,24.0,0.3028219443832583
4680,4680,24_42,24_10,306.0673,7.083429,20.0893,0.0251,-5.881656E-8,15.0,15.0,1542.0,1595.0,1541.6071,1595.068,1541.6071,1595.068,192.39946784788089,27.494005202251618,0.929,0.723,49.63,0.0271,0.02069,41.17,1541.6071,1595.068,192.39946784788089,27.494005202251618,0.41912585817,0.46095572716,0.41912585817,0.46095572716,0.714,0.608,53.7,0.7141034,0.6083896,53.7,99.0,0.0,2.72,1.285,0.222,1.0,24.0,699,699,24_29,24_6,353.2714,26.79133,19.9336,0.0824,194.1413,15.0,16.0,1541.0,1595.0,1541.7143,1594.9835,1541.7143,1594.9835,192.39943305377852,27.4940280767295,1.173,1.058,84.09,0.09946,0.08863,89.53,1541.7143,1594.9835,192.39943305377852,27.4940280767295,3.2477520161,2.712736667,3.2477520161,2.712736667,1.803,1.646,4.39,1.80303,1.646077,4.39,23.3806,0.0,6.65,1.108,0.098,0.001,24.0,0.13649941391823145
4681,4681,24_43,24_9,12238.51,44.79189,16.0845,0.004,-1.050296E-8,4.0,4.0,1597.0,1587.0,1597.4043,1586.5475,1597.4043,1586.5475,192.3816917669879,27.495938725328017,0.505,0.483,-54.04,0.00185,0.00177,-54.02,1597.4043,1586.5475,192.3816917669879,27.495938725328017,0.21242422577,0.2380620476,0.21242422577,0.2380620476,0.491,0.458,-72.43,0.4908332,0.4577871,-72.43,99.0,0.0,0.94,1.047,0.045,1.0,24.0,700,700,24_30,24_5,12375.99,70.5648,16.0724,0.0062,193.6253,65.0,71.0,1597.0,1587.0,1597.4809,1586.5964,1597.4809,1586.5964,192.3816679369569,27.495924338994616,1.607,1.515,1.2,0.01232,0.0116,15.04,1597.4809,1586.5964,192.3816679369569,27.495924338994616,0.98898457464,0.8848982741,0.98898457464,0.8848982741,0.995,0.94,-6.02,0.9950661,0.9400672,-6.02,23.2839,0.0,3.08,1.061,0.057,0.982,24.0,0.09087777506087737
4682,4682,24_44,24_8,115.6862,4.354877,21.1457,0.0409,0.0,3.0,3.0,1653.0,1568.0,1652.949,1567.6586,1652.949,1567.6586,192.36389696744743,27.500787373573885,0.476,0.216,-84.42,0.01946,0.01122,-78.34,1652.949,1567.6586,192.36389696744743,27.500787373573885,0.090779270097,0.15025820936,0.090779270097,0.15025820936,0.388,0.301,-89.48,0.3876379,0.3012878,-89.48,99.0,0.0,1.03,2.203,0.546,0.996,24.0,701,701,24_31,24_4,150.5248,16.64438,20.8598,0.1201,195.4199,5.0,6.0,1653.0,1568.0,1652.837,1567.8017,1652.837,1567.8017,192.3639338482437,27.500748071534662,0.757,0.567,44.43,0.10925,0.08081,45.06,1652.837,1567.8017,192.3639338482437,27.500748071534662,0.82111418477,0.76453423874,0.82111418477,0.76453423874,0.906,0.874,-0.47,0.9061556,0.8743743,-0.47,23.3204,0.0,3.57,1.334,0.251,0.493,24.0,0.18171849107897378
4683,4683,24_45,24_7,357.5395,7.655915,19.9206,0.0233,-0.01187383,13.0,13.0,1769.0,1563.0,1768.6693,1562.9728,1768.6693,1562.9728,192.3271529524769,27.501133562644466,1.395,0.439,-23.02,0.03635,0.01092,-24.82,1768.6693,1562.9728,192.3271529524769,27.501133562644466,0.40260426284,0.20338736746,0.40260426284,0.20338736746,0.659,0.415,-20.26,0.6588055,0.4146889,-20.26,31.1433,0.0,4.64,3.176,0.685,0.988,24.0,702,702,24_32,24_3,530.6395,32.27475,19.4919,0.0661,197.1661,18.0,22.0,1769.0,1563.0,1768.6675,1562.9351,1768.6675,1562.9351,192.32715316166824,27.50114417819633,2.129,0.771,-24.98,0.14988,0.05218,-24.98,1768.6675,1562.9351,192.32715316166824,27.50114417819633,3.0076552043,1.8693334805,3.0076552043,1.8693334805,1.821,1.249,-24.79,1.821054,1.249301,-24.79,23.3031,1.0,7.66,2.762,0.638,0.002,24.0,0.03774294636096275
4685,4685,24_47,24_5,127.6374,4.574294,21.0389,0.0389,-5.734614E-7,3.0,3.0,1537.0,1539.0,1537.344,1539.1484,1537.344,1539.1484,192.4002929476401,27.509764363545155,0.497,0.324,-22.9,0.01938,0.01283,-27.47,1537.344,1539.1484,192.4002929476401,27.509764363545155,0.21717976272,0.12694281345,0.21717976272,0.12694281345,0.467,0.355,-4.58,0.4666502,0.3554717,-4.58,99.0,0.0,1.16,1.536,0.349,0.995,24.0,703,703,24_33,24_2,112.3,15.15982,21.1779,0.1466,193.208,3.0,5.0,1537.0,1539.0,1537.2352,1539.3829,1537.2352,1539.3829,192.4003296670023,27.509699324222872,0.751,0.452,17.29,0.11683,0.06773,18.26,1537.2352,1539.3829,192.4003296670023,27.509699324222872,1.205120806,0.8938091102,1.205120806,0.8938091102,1.098,0.945,3.32,1.098259,0.9448586,3.32,23.3073,0.0,3.43,1.661,0.398,0.484,24.0,0.2585105220295805
4686,4686,24_48,24_4,96677.03,125.8916,13.8406,0.0014,0.01201186,3.0,3.0,1780.0,1535.0,1780.2967,1534.811,1780.2967,1534.811,192.32319517309935,27.50895381482848,0.493,0.344,31.86,6.4E-4,4.5E-4,31.86,1780.2967,1534.811,192.32319517309935,27.50895381482848,0.11548070457,0.063427385282,0.11548070457,0.063427385282,0.342,0.249,9.6,0.3420746,0.2487831,9.6,99.0,0.0,1.18,1.434,0.303,1.0,24.0,672,672,24_2,24_14,120073.5,206.055,13.6052,0.0019,198.5186,425.0,509.0,1781.0,1535.0,1780.1457,1534.2241,1780.1457,1534.2241,192.32323742727013,27.509120112293477,11.751,1.454,-88.38,0.03222,0.00319,-88.42,1780.1457,1534.2241,192.32323742727013,27.509120112293477,0.44124653392,0.42051737571,0.44124653392,0.42051737571,0.666,0.647,17.26,0.6659294,0.6467627,17.26,23.304,18.0,0.16,8.079,0.876,0.954,24.0,0.6060137044655318
4691,4691,25_3,25_53,6662.077,33.0476,16.7448,0.0054,0.002441387,416.0,416.0,2033.0,2001.0,2036.3418,2001.9934,2036.3418,2001.9934,192.24656807081865,27.375409845019675,8.056,2.613,33.02,0.0499,0.01772,32.73,2036.3418,2001.9934,192.24656807081865,27.375409845019675,12.85746891,7.8713681382,12.85746891,7.8713681382,3.991,2.192,31.68,3.990588,2.191814,31.68,99.0,16.0,25.66,3.084,0.676,0.845,25.0,706,706,25_3,25_30,5899.734,108.8479,16.8768,0.02,192.289,149.0,175.0,2033.0,2001.0,2037.1408,2002.9172,2037.1408,2002.9172,192.24632401673907,27.37514321697846,6.79,1.935,33.37,0.11502,0.03307,33.49,2037.1408,2002.9172,192.24632401673907,27.37514321697846,22.797776923,16.308060015,22.797776923,16.308060015,5.243,3.408,32.94,5.243228,3.40799,32.94,23.1312,16.0,21.75,3.509,0.715,0.0,25.0,1.2213956934589287
4692,4692,25_4,25_52,198.8805,5.709935,20.5574,0.0312,1.707352E-5,16.0,16.0,2457.0,1997.0,2457.7222,1995.9324,2457.7222,1995.9324,192.1130493162631,27.3734198427488,1.05,0.813,-28.97,0.03858,0.03249,-36.81,2457.7222,1995.9324,192.1130493162631,27.3734198427488,0.60167142285,0.59855878316,0.60167142285,0.59855878316,0.834,0.71,-44.53,0.8341441,0.7102351,-44.53,99.0,0.0,5.5,1.291,0.226,1.0,25.0,708,708,25_5,25_28,149.158,17.62559,20.8698,0.1283,190.8719,5.0,7.0,2457.0,1996.0,2457.8215,1995.7308,2457.8215,1995.7308,192.1130158355536,27.37347563514839,0.89,0.615,-30.48,0.12371,0.08528,-30.45,2457.8215,1995.7308,192.1130158355536,27.37347563514839,1.4654416594,1.3604733929,1.4654416594,1.3604733929,1.211,1.166,1.13,1.210571,1.166376,1.13,23.3531,0.0,4.38,1.449,0.31,0.471,25.0,0.22472883660073478
4693,4693,25_5,25_51,2993.392,22.1522,17.6135,0.008,2.33236E-4,10.0,10.0,2115.0,1996.0,2114.6668,1996.0746,2114.6668,1996.0746,192.22170033674635,27.376397171782013,0.54,0.487,-1.67,0.00413,0.0037,-1.66,2114.6668,1996.0746,192.22170033674635,27.376397171782013,0.15704462968,0.068313281841,0.15704462968,0.068313281841,0.396,0.261,-0.12,0.3962891,0.2613674,-0.12,99.0,0.0,1.07,1.108,0.097,1.0,25.0,707,707,25_4,25_29,2823.239,45.09632,17.677,0.0173,191.3655,34.0,40.0,2115.0,1996.0,2114.7214,1996.0954,2114.7214,1996.0954,192.22168324698583,27.376390850105658,1.421,1.331,-9.87,0.0286,0.02733,-30.7,2114.7214,1996.0954,192.22168324698583,27.376390850105658,0.90898512625,0.80976290836,0.90898512625,0.80976290836,0.954,0.9,-2.91,0.9535423,0.899725,-2.91,23.3599,0.0,3.01,1.067,0.063,0.978,25.0,0.05842773314097883
4695,4695,25_7,25_49,623.9413,10.11363,19.316,0.0176,-2.188942E-5,19.0,19.0,2272.0,1984.0,2272.2701,1984.0916,2272.2701,1984.0916,192.1716631749793,27.37839065597125,0.884,0.785,-43.16,0.01703,0.01514,-43.08,2272.2701,1984.0916,192.1716631749793,27.37839065597125,0.36662985559,0.38523289552,0.36662985559,0.38523289552,0.63,0.595,-57.87,0.6303571,0.5954096,-57.87,99.0,0.0,2.11,1.126,0.112,1.0,25.0,709,709,25_6,25_27,585.019,30.39544,19.3859,0.0564,190.7108,19.0,20.0,2272.0,1984.0,2272.1731,1984.0767,2272.1731,1984.0767,192.1716937488348,27.37839569746802,1.213,1.121,-59.69,0.0709,0.06535,-62.97,2272.1731,1984.0767,192.1716937488348,27.37839569746802,1.5740153503,1.5295890403,1.5740153503,1.5295890403,1.29,1.2,-39.24,1.289551,1.200276,-39.24,23.317,0.0,4.05,1.083,0.076,0.117,25.0,0.09813770936819945
4696,4696,25_8,25_48,167.5906,5.241552,20.7432,0.034,-1.906498E-5,13.0,13.0,2236.0,1976.0,2235.6884,1976.2113,2235.6884,1976.2113,192.18317136536837,27.38092720117124,0.904,0.615,35.64,0.04173,0.02658,37.26,2235.6884,1976.2113,192.18317136536837,27.38092720117124,0.18351349886,0.28370348668,0.18351349886,0.28370348668,0.533,0.428,-89.21,0.5326563,0.4283623,-89.21,99.0,0.0,2.59,1.468,0.319,1.0,25.0,710,710,25_7,25_26,109.7065,14.94351,21.2033,0.1479,190.898,5.0,5.0,2236.0,1977.0,2235.7963,1976.4067,2235.7963,1976.4067,192.18313912944384,27.380871317729152,0.75,0.454,-18.31,0.12464,0.07219,-18.43,2235.7963,1976.4067,192.18313912944384,27.380871317729152,1.1581522056,1.0659970593,1.1581522056,1.0659970593,1.091,1.016,27.24,1.091496,1.01626,27.24,23.3329,0.0,2.67,1.653,0.395,0.386,25.0,0.22321193964485583
4699,4699,25_11,25_45,271.9507,6.676981,20.2176,0.0267,3.764422E-4,11.0,11.0,2031.0,1964.0,2030.9182,1964.1718,2030.9182,1964.1718,192.2479162641868,27.386090904210292,0.644,0.541,-9.48,0.0208,0.01671,8.04,2030.9182,1964.1718,192.2479162641868,27.386090904210292,0.10620622246,0.087728588116,0.10620622246,0.087728588116,0.326,0.296,-2.16,0.3259334,0.2961456,-2.16,99.0,0.0,1.26,1.19,0.16,1.0,25.0,711,711,25_8,25_25,214.1787,21.16153,20.4769,0.1073,191.5993,7.0,8.0,2031.0,1964.0,2031.0829,1964.1431,2031.0829,1964.1431,192.2478638086928,27.38609755557073,0.828,0.671,-40.47,0.08983,0.07111,-44.54,2031.0829,1964.1431,192.2478638086928,27.38609755557073,0.89833117878,0.73596148034,0.89833117878,0.73596148034,0.948,0.858,-2.27,0.9479381,0.857733,-2.27,23.1847,0.0,3.07,1.234,0.19,0.499,25.0,0.16718187700829576
4701,4701,25_13,25_43,291.7123,6.915323,20.1415,0.0257,-6.313161E-4,11.0,11.0,2062.0,1938.0,2061.9971,1938.1555,2061.9971,1938.1555,192.23781598444,27.393137899209066,0.748,0.57,-9.39,0.0208,0.01717,-10.53,2061.9971,1938.1555,192.23781598444,27.393137899209066,0.19549363079,0.14636345208,0.19549363079,0.14636345208,0.444,0.381,-9.09,0.4436036,0.3808844,-9.09,99.0,0.0,1.51,1.311,0.237,1.0,25.0,712,712,25_9,25_24,273.1003,21.63857,20.2131,0.086,190.5176,9.0,10.0,2062.0,1938.0,2062.1201,1938.0524,2062.1201,1938.0524,192.2377760075285,27.39316582549625,0.932,0.746,-2.99,0.09314,0.07363,-0.83,2062.1201,1938.0524,192.2377760075285,27.39316582549625,0.93710235616,0.78336572314,0.93710235616,0.78336572314,0.971,0.882,-10.82,0.971047,0.8817799,-10.82,23.2475,0.0,4.96,1.25,0.2,0.555,25.0,0.16049489088447633
4706,4706,25_18,25_38,54841.32,94.81761,14.4561,0.0019,-0.002050948,7.0,7.0,2032.0,1909.0,2031.9215,1909.0031,2031.9215,1909.0031,192.2470589633664,27.401594075074435,0.361,0.302,-0.24,6.3E-4,5.2E-4,-0.24,2031.9215,1909.0031,192.2470589633664,27.401594075074435,0.093779332339,0.090335674198,0.093779332339,0.090335674198,0.306,0.301,-0.01,0.3062341,0.3005589,-0.01,99.0,0.0,1.86,1.194,0.163,1.0,25.0,713,713,25_10,25_23,56143.88,117.5937,14.4306,0.0023,191.1335,103.0,114.0,2032.0,1909.0,2031.985,1909.0586,2031.985,1909.0586,192.24703938753836,27.401577923070747,1.678,1.607,7.74,0.00469,0.00451,46.71,2031.985,1909.0586,192.24703938753836,27.401577923070747,0.94079712353,0.83967900853,0.94079712353,0.83967900853,0.97,0.916,-5.2,0.9703819,0.9158794,-5.2,23.32,0.0,3.04,1.044,0.042,0.995,25.0,0.08433563896725613
4708,4708,25_20,25_36,1948.484,17.87243,18.0796,0.01,-4.069405E-5,14.0,14.0,2441.0,1898.0,2440.482,1898.1675,2440.482,1898.1675,192.11752324293,27.401059300064414,0.613,0.557,-32.75,0.00597,0.00549,-32.16,2440.482,1898.1675,192.11752324293,27.401059300064414,0.25958317062,0.13173560276,0.25958317062,0.13173560276,0.51,0.362,-4.48,0.5102692,0.3618621,-4.48,99.0,0.0,1.18,1.1,0.091,1.0,25.0,715,715,25_12,25_21,1833.195,39.03236,18.1458,0.0231,190.4455,27.0,31.0,2440.0,1898.0,2440.4861,1898.2593,2440.4861,1898.2593,192.11752286985327,27.4010334547633,1.342,1.255,-18.79,0.03513,0.03315,-31.43,2440.4861,1898.2593,192.11752286985327,27.4010334547633,0.95725453051,0.86902896367,0.95725453051,0.86902896367,0.981,0.929,-14.15,0.9814488,0.9290004,-14.15,23.3349,0.0,3.32,1.069,0.065,0.947,25.0,0.09189151212155772
4712,4712,25_24,25_32,238.6018,6.254203,20.3597,0.0285,-1.578856E-4,12.0,12.0,2455.0,1886.0,2455.3661,1885.7695,2455.3661,1885.7695,192.11268354890143,27.40441211214505,0.826,0.538,25.82,0.02708,0.0191,30.24,2455.3661,1885.7695,192.11268354890143,27.40441211214505,0.21955453372,0.10230735653,0.21955453372,0.10230735653,0.47,0.318,5.75,0.4698485,0.3179691,5.75,36.3646,0.0,1.88,1.536,0.349,0.981,25.0,716,716,25_13,25_20,216.0665,19.78178,20.4674,0.0994,190.8686,8.0,9.0,2455.0,1886.0,2455.3342,1885.863,2455.3342,1885.863,192.11269459731096,27.4043861103104,0.929,0.678,21.92,0.10629,0.07659,20.43,2455.3342,1885.863,192.11269459731096,27.4043861103104,0.97673354082,0.89632260077,0.97673354082,0.89632260077,1.036,0.894,36.5,1.036345,0.8938936,36.5,23.3594,0.0,4.46,1.371,0.27,0.507,25.0,0.09879200372508057
4715,4715,25_27,25_29,803.512,11.47708,19.0414,0.0155,0.0,12.0,12.0,2274.0,1874.0,2274.1631,1873.8764,2274.1631,1873.8764,192.16996611654943,27.409361460579543,0.611,0.552,-45.26,0.00982,0.00884,-38.92,2274.1631,1873.8764,192.16996611654943,27.409361460579543,0.094914371329,0.086535925437,0.094914371329,0.086535925437,0.31,0.292,-18.19,0.309723,0.2924413,-18.19,99.0,0.0,1.12,1.107,0.097,1.0,25.0,717,717,25_14,25_19,747.2428,30.20287,19.1202,0.0439,190.3905,16.0,20.0,2274.0,1874.0,2274.163,1873.8883,2274.163,1873.8883,192.16996626674117,27.40935811573847,1.123,1.083,67.99,0.05759,0.05331,64.13,2274.163,1873.8883,192.16996626674117,27.40935811573847,0.77511330906,0.74065599128,0.77511330906,0.74065599128,0.89,0.851,-29.63,0.8897178,0.8509827,-29.63,23.3189,0.0,3.21,1.037,0.036,0.879,25.0,0.011900420160620206
4716,4716,25_28,25_28,5324.046,29.54309,16.9883,0.006,-8.986604E-5,12.0,12.0,2430.0,1869.0,2430.3826,1868.5862,2430.3826,1868.5862,192.1204242098136,27.40946582789336,0.528,0.517,-56.15,0.00299,0.00294,-55.68,2430.3826,1868.5862,192.1204242098136,27.40946582789336,0.21402912603,0.22629787179,0.21402912603,0.22629787179,0.477,0.461,-72.46,0.477137,0.4611586,-72.46,99.0,0.0,1.05,1.021,0.02,1.0,25.0,718,718,25_15,25_18,5057.532,52.54052,17.044,0.0113,190.5019,42.0,49.0,2430.0,1869.0,2430.4211,1868.5959,2430.4211,1868.5959,192.12041211165655,27.40946275781401,1.504,1.399,-4.44,0.02025,0.01866,-8.66,2430.4211,1868.5959,192.12041211165655,27.40946275781401,0.96150410255,0.87195377145,0.96150410255,0.87195377145,0.981,0.934,-3.67,0.9807516,0.9335868,-3.67,23.3317,0.0,3.02,1.075,0.07,0.979,25.0,0.039703148489886396
4718,4718,25_30,25_26,679.1603,10.55167,19.2239,0.0169,-2.865441E-5,13.0,13.0,2370.0,1860.0,2369.8595,1860.2882,2369.8595,1860.2882,192.13951365596196,27.412336674653552,0.613,0.597,-42.61,0.01119,0.0105,-41.57,2369.8595,1860.2882,192.13951365596196,27.412336674653552,0.14424636138,0.18395767684,0.14424636138,0.18395767684,0.429,0.38,-87.01,0.4290293,0.379655,-87.01,99.0,0.0,1.28,1.027,0.026,1.0,25.0,719,719,25_16,25_17,630.15,28.51191,19.3053,0.0491,191.1221,17.0,18.0,2370.0,1860.0,2369.926,1860.3215,2369.926,1860.3215,192.13949292309096,27.41232672288867,1.167,0.972,-3.19,0.06676,0.05297,-0.17,2369.926,1860.3215,192.13949292309096,27.41232672288867,0.84640523623,0.7740291136,0.84640523623,0.7740291136,0.923,0.877,-14.29,0.922726,0.8769327,-14.29,23.3741,0.0,3.33,1.201,0.167,0.742,25.0,0.07437163437757037
4719,4719,25_31,25_25,6703.143,33.1493,16.7382,0.0054,-0.001068495,9.0,9.0,2055.0,1843.0,2054.9462,1843.0875,2054.9462,1843.0875,192.23911840209067,27.419928855602123,0.434,0.416,-27.47,0.00218,0.00209,-27.61,2054.9462,1843.0875,192.23911840209067,27.419928855602123,0.098172259402,0.097805687734,0.098172259402,0.097805687734,0.313,0.313,-3.92,0.3133273,0.3127362,-3.92,99.0,0.0,0.0,1.043,0.041,1.0,25.0,720,720,25_17,25_16,6562.307,58.26657,16.7612,0.0096,191.2602,50.0,57.0,2055.0,1843.0,2054.9922,1843.1728,2054.9922,1843.1728,192.2391046616885,27.41990447476846,1.538,1.448,-2.35,0.01811,0.01676,8.79,2054.9922,1843.1728,192.2391046616885,27.41990447476846,0.91502458934,0.81784992421,0.91502458934,0.81784992421,0.957,0.904,-5.2,0.9569925,0.9039026,-5.2,23.3254,0.0,2.98,1.062,0.059,0.983,25.0,0.0969127958528635
4720,4720,25_32,25_24,327.4064,7.326198,20.0161,0.0243,-3.764876E-4,13.0,13.0,2086.0,1842.0,2085.711,1841.4617,2085.711,1841.4617,192.2293540281041,27.420119921717205,0.73,0.614,29.33,0.02016,0.01724,34.56,2085.711,1841.4617,192.2293540281041,27.420119921717205,0.25401633816,0.27039375613,0.25401633816,0.27039375613,0.556,0.463,49.97,0.5564768,0.4634044,49.97,99.0,0.0,1.64,1.189,0.159,1.0,25.0,721,721,25_18,25_15,285.6287,23.09655,20.1644,0.0878,191.4818,10.0,12.0,2086.0,1842.0,2085.5679,1841.5113,2085.5679,1841.5113,192.22939985885375,27.420107215085828,0.929,0.9,14.49,0.08477,0.08437,11.94,2085.5679,1841.5113,192.22939985885375,27.420107215085828,1.1678049895,1.0577261749,1.1678049895,1.0577261749,1.087,1.022,18.51,1.087059,1.021681,18.51,23.3497,0.0,3.56,1.032,0.031,0.287,25.0,0.15145220368129006
4723,4723,25_35,25_21,1545.515,15.91738,18.3312,0.0112,-9.168705E-5,11.0,11.0,2465.0,1826.0,2464.7924,1826.0494,2464.7924,1826.0494,192.10909439266183,27.421117570128587,0.565,0.545,-27.06,0.00614,0.00598,-25.14,2464.7924,1826.0494,192.10909439266183,27.421117570128587,0.11132683252,0.084335482178,0.11132683252,0.084335482178,0.334,0.29,-1.0,0.333669,0.2903916,-1.0,99.0,0.0,1.19,1.036,0.035,1.0,25.0,722,722,25_19,25_14,1442.026,37.26965,18.4064,0.0281,190.6048,23.0,29.0,2465.0,1826.0,2464.7982,1826.0861,2464.7982,1826.0861,192.1090929259962,27.421107200519813,1.277,1.242,-5.45,0.04075,0.04017,51.81,2464.7982,1826.0861,192.1090929259962,27.421107200519813,0.86883508422,0.76912454225,0.86883508422,0.76912454225,0.932,0.877,-4.47,0.9324417,0.8766483,-4.47,23.3263,0.0,3.34,1.028,0.027,0.961,25.0,0.03715548411736263
4725,4725,25_37,25_19,2888.002,21.75875,17.6524,0.0082,0.0,13.0,13.0,2292.0,1792.0,2292.255,1791.6842,2292.255,1791.6842,192.1634148116523,27.432310629358277,0.539,0.525,1.64,0.00426,0.00415,-14.5,2292.255,1791.6842,192.1634148116523,27.432310629358277,0.13415578787,0.1562174303,0.13415578787,0.1562174303,0.395,0.366,-86.69,0.3953372,0.3661717,-86.69,99.0,0.0,1.08,1.027,0.026,1.0,25.0,723,723,25_20,25_13,2723.779,44.55468,17.7159,0.0178,190.6909,33.0,39.0,2292.0,1792.0,2292.3157,1791.739,2292.3157,1791.739,192.16339612467928,27.43229468726379,1.409,1.333,17.32,0.02936,0.02765,51.18,2292.3157,1791.739,192.16339612467928,27.43229468726379,0.92085879339,0.80500780864,0.92085879339,0.80500780864,0.96,0.897,-0.68,0.9596224,0.8972132,-0.68,23.3383,0.0,3.01,1.057,0.054,0.979,25.0,0.08177731959420122
4727,4727,25_39,25_17,241.9477,6.297901,20.3446,0.0283,-1.915353E-5,8.0,8.0,2431.0,1777.0,2431.842,1776.461,2431.842,1776.461,192.11903344221105,27.43535296551208,0.866,0.532,-27.21,0.02511,0.01619,-30.42,2431.842,1776.461,192.11903344221105,27.43535296551208,0.40784319299,0.24634091898,0.40784319299,0.24634091898,0.663,0.463,-22.12,0.6631731,0.4630179,-22.12,99.0,0.0,4.01,1.627,0.386,1.0,25.0,724,724,25_21,25_12,224.2419,18.78028,20.4271,0.091,190.5964,8.0,8.0,2432.0,1776.0,2432.0795,1776.2049,2432.0795,1776.2049,192.11895560995603,27.43542284759376,0.847,0.662,-40.4,0.09434,0.07422,-45.04,2432.0795,1776.2049,192.11895560995603,27.43542284759376,0.90717203478,0.72135924171,0.90717203478,0.72135924171,0.99,0.805,-28.05,0.9903767,0.804789,-28.05,23.3288,0.0,4.44,1.279,0.218,0.549,25.0,0.349275621823083
4729,4729,25_41,25_15,58425.81,97.86726,14.3874,0.0018,-5.145889E-4,7.0,7.0,2481.0,1764.0,2480.7249,1763.9866,2480.7249,1763.9866,192.10341915436135,27.43842321038648,0.451,0.32,-2.23,7.6E-4,5.4E-4,-2.23,2480.7249,1763.9866,192.10341915436135,27.43842321038648,0.11266297092,0.091459622565,0.11266297092,0.091459622565,0.336,0.302,-0.11,0.3356532,0.3024228,-0.11,34.669,0.0,0.94,1.408,0.29,0.992,25.0,725,725,25_22,25_11,59516.51,120.8247,14.3673,0.0022,190.8329,110.0,121.0,2481.0,1764.0,2480.7738,1764.0482,2480.7738,1764.0482,192.10340428384544,27.43840545458065,1.69,1.63,0.55,0.00459,0.00454,26.8,2480.7738,1764.0482,192.10340428384544,27.43840545458065,0.95253332238,0.85663173752,0.95253332238,0.85663173752,0.977,0.925,-6.32,0.9765886,0.9248999,-6.32,23.3273,0.0,3.0,1.037,0.035,0.984,25.0,0.07864966624199941
4731,4731,25_43,25_13,365.1734,7.737215,19.8976,0.023,0.0,26.0,26.0,2134.0,1702.0,2134.4799,1703.1365,2134.4799,1703.1365,192.21253746118657,27.45858832163708,1.305,0.908,89.07,0.03749,0.02557,-86.07,2134.4799,1703.1365,192.21253746118657,27.45858832163708,0.58307059628,0.82126669718,0.58307059628,0.82126669718,0.934,0.73,67.28,0.9337679,0.7296675,67.28,99.0,0.0,6.5,1.437,0.304,0.999,25.0,726,726,25_23,25_10,299.4478,24.47527,20.1131,0.0888,191.6351,12.0,14.0,2134.0,1702.0,2134.4284,1703.1791,2134.4284,1703.1791,192.2125542046217,27.45857679253447,1.12,0.946,78.14,0.1037,0.08806,81.67,2134.4284,1703.1791,192.2125542046217,27.45857679253447,1.9882832801,2.5139502427,1.9882832801,2.5139502427,1.587,1.409,-85.07,1.586788,1.408665,-85.07,23.3734,0.0,6.14,1.183,0.155,0.021,25.0,0.06683569405641557
4732,4732,25_44,25_12,143.5118,4.850415,20.9116,0.0367,0.0,10.0,10.0,2316.0,1696.0,2316.6029,1696.6095,2316.6029,1696.6095,192.15474976992468,27.458825831394204,0.815,0.503,37.53,0.03882,0.02403,33.5,2316.6029,1696.6095,192.15474976992468,27.458825831394204,0.25446398931,0.26939467469,0.25446398931,0.26939467469,0.594,0.414,47.36,0.5937604,0.4138927,47.36,99.0,0.0,2.75,1.62,0.383,1.0,25.0,727,727,25_24,25_9,130.71,14.7302,21.0131,0.1224,190.6612,5.0,5.0,2317.0,1697.0,2316.754,1696.5905,2316.754,1696.5905,192.15470169203755,27.45882983757409,0.752,0.447,19.76,0.11811,0.06823,18.49,2316.754,1696.5905,192.15470169203755,27.45882983757409,0.66906223947,0.66902485714,0.66906223947,0.66902485714,0.922,0.699,45.0,0.9217798,0.6988627,45.0,23.3375,0.0,3.41,1.681,0.405,0.444,25.0,0.15228988804255178
4733,4733,25_45,25_11,2940.069,21.95401,17.633,0.0081,0.0,11.0,11.0,2283.0,1662.0,2282.9879,1661.9977,2282.9879,1661.9977,192.16505835585804,27.468853615661185,0.521,0.501,87.93,0.0041,0.00383,88.84,2282.9879,1661.9977,192.16505835585804,27.468853615661185,0.11558073763,0.11889810093,0.11558073763,0.11889810093,0.345,0.34,89.8,0.3448161,0.3399716,89.8,99.0,0.0,2.99,1.042,0.04,1.0,25.0,728,728,25_25,25_8,2799.693,44.93243,17.6861,0.0174,190.5708,35.0,40.0,2283.0,1662.0,2283.0229,1662.0391,2283.0229,1662.0391,192.16504767500064,27.46884166752008,1.4,1.36,-27.47,0.02907,0.02773,-53.63,2283.0229,1662.0391,192.16504767500064,27.46884166752008,0.88343847877,0.82174976999,0.88343847877,0.82174976999,0.94,0.907,0.08,0.9399142,0.9065041,0.08,23.3275,0.0,3.02,1.03,0.029,0.98,25.0,0.05421217575411778
4736,4736,25_48,25_8,414.7139,8.245356,19.7595,0.0216,0.0,10.0,10.0,2115.0,1608.0,2115.1016,1608.1241,2115.1016,1608.1241,192.2177441514086,27.48547048097041,0.619,0.578,81.8,0.01379,0.01362,33.92,2115.1016,1608.1241,192.2177441514086,27.48547048097041,0.095908442395,0.13392379918,0.095908442395,0.13392379918,0.366,0.31,88.04,0.366017,0.3096187,88.04,99.0,0.0,1.22,1.072,0.067,1.0,25.0,730,730,25_27,25_6,357.6036,22.25815,19.9204,0.0676,191.73,10.0,11.0,2115.0,1608.0,2115.1468,1608.1356,2115.1468,1608.1356,192.21772993470657,27.485466854591696,0.878,0.858,-36.9,0.07068,0.06827,-44.93,2115.1468,1608.1356,192.21772993470657,27.485466854591696,0.72432134326,0.68996073973,0.72432134326,0.68996073973,0.851,0.831,-0.89,0.8510756,0.8306337,-0.89,23.3449,0.0,3.3,1.023,0.023,0.542,25.0,0.04664000428820337
4737,4737,25_49,25_7,1341.366,14.8289,18.485,0.012,0.0,13.0,13.0,2258.0,1606.0,2257.8486,1606.2367,2257.8486,1606.2367,192.17247162144147,27.484752218464493,0.641,0.541,-62.78,0.00781,0.0064,-64.85,2257.8486,1606.2367,192.17247162144147,27.484752218464493,0.11789580393,0.15163452337,0.11789580393,0.15163452337,0.391,0.341,-77.94,0.3914711,0.3409995,-77.94,99.0,0.0,1.25,1.184,0.156,1.0,25.0,731,731,25_28,25_5,1241.326,34.58492,18.5692,0.0303,190.9026,22.0,25.0,2258.0,1606.0,2257.8958,1606.301,2257.8958,1606.301,192.17245729868532,27.48473372512248,1.26,1.147,-67.58,0.0442,0.0386,-78.84,2257.8958,1606.301,192.17245729868532,27.48473372512248,0.84954681856,0.8457900316,0.84954681856,0.8457900316,0.944,0.897,-43.74,0.9435176,0.89728,-43.74,23.3235,0.0,3.22,1.098,0.089,0.942,25.0,0.0797642150340492
4738,4738,25_50,25_6,11458.39,43.3408,16.1561,0.0041,1.196702E-4,7.0,7.0,2066.0,1584.0,2066.3175,1583.5935,2066.3175,1583.5935,192.2329699243605,27.492790863738584,0.517,0.452,-51.41,0.00197,0.00172,-51.1,2066.3175,1583.5935,192.2329699243605,27.492790863738584,0.14030209873,0.19472181218,0.14030209873,0.19472181218,0.446,0.369,-75.11,0.4459425,0.3689975,-75.11,99.0,0.0,0.94,1.144,0.126,1.0,25.0,732,732,25_29,25_4,11193.55,67.06628,16.1814,0.0065,192.8936,57.0,65.0,2066.0,1584.0,2066.369,1583.6334,2066.369,1583.6334,192.23295398718,27.49277919938754,1.572,1.475,-12.22,0.01218,0.01181,-20.5,2066.369,1583.6334,192.23295398718,27.49277919938754,0.94718482262,0.84483765081,0.94718482262,0.84483765081,0.976,0.917,-11.98,0.9757095,0.9165225,-11.98,23.3451,0.0,2.97,1.066,0.061,0.981,25.0,0.0651479853871359
4740,4740,25_52,25_4,2808.929,21.4588,17.6825,0.0083,1.039241E-4,57.0,57.0,2071.0,1548.0,2071.1013,1548.1126,2071.1013,1548.1126,192.23110489373377,27.50272522654771,1.679,1.174,78.58,0.01469,0.01014,76.92,2071.1013,1548.1126,192.23110489373377,27.50272522654771,0.88670880911,1.1668434089,0.88670880911,1.1668434089,1.094,0.926,72.71,1.094033,0.9255512,72.71,99.0,0.0,3.89,1.43,0.301,0.987,25.0,733,733,25_30,25_3,3133.863,58.35076,17.5637,0.0202,192.9191,67.0,71.0,2071.0,1548.0,2071.2168,1548.1872,2071.2168,1548.1872,192.23106900248723,27.502703251045688,2.18,1.803,74.13,0.04852,0.03946,72.6,2071.2168,1548.1872,192.23106900248723,27.502703251045688,2.238917221,2.5441415687,2.238917221,2.5441415687,1.604,1.487,73.94,1.60366,1.487055,73.94,23.3505,0.0,5.7,1.209,0.173,0.01,25.0,0.13749694542097987
4741,4741,25_53,25_3,5802.671,30.84246,16.8948,0.0058,-7.588568E-5,9.0,9.0,2210.0,1546.0,2210.3107,1546.2546,2210.3107,1546.2546,192.18694677215095,27.502033868482368,0.492,0.478,13.25,0.00266,0.00257,6.11,2210.3107,1546.2546,192.18694677215095,27.502033868482368,0.12957050228,0.10309394957,0.12957050228,0.10309394957,0.36,0.321,1.93,0.3600006,0.3210358,1.93,99.0,0.0,0.98,1.03,0.029,1.0,25.0,734,734,25_31,25_2,5596.685,54.37512,16.934,0.0106,191.3288,46.0,51.0,2210.0,1546.0,2210.3953,1546.3047,2210.3953,1546.3047,192.18692044568087,27.502019040823164,1.504,1.414,9.49,0.01878,0.01801,21.06,2210.3953,1546.3047,192.18692044568087,27.502019040823164,0.92956945667,0.84185499278,0.92956945667,0.84185499278,0.964,0.917,-2.31,0.964216,0.9174486,-2.31,23.316,0.0,2.98,1.064,0.06,0.982,25.0,0.09832176768150618
4742,4742,25_54,25_2,201.5827,5.748596,20.5427,0.031,0.0,7.0,7.0,2334.0,1538.0,2334.3364,1538.0573,2334.3364,1538.0573,192.14754225671552,27.50324497754476,0.624,0.476,-83.81,0.02037,0.01641,-84.6,2334.3364,1538.0573,192.14754225671552,27.50324497754476,0.11326055506,0.1285895352,0.11326055506,0.1285895352,0.359,0.336,-85.93,0.3587025,0.3364262,-85.93,99.0,0.0,1.29,1.31,0.237,1.0,25.0,704,704,25_1,25_1,182.6081,17.78888,20.6501,0.1058,191.4173,7.0,7.0,2334.0,1538.0,2334.2907,1538.0055,2334.2907,1538.0055,192.14755622695537,27.50325994575736,0.743,0.66,-88.83,0.09019,0.08325,-89.89,2334.2907,1538.0055,192.14755622695537,27.50325994575736,0.52265329992,0.7153919202,0.52265329992,0.7153919202,0.846,0.722,-85.84,0.846414,0.7222386,-85.84,23.334,0.0,2.86,1.126,0.112,0.495,25.0,0.06907770986365255
4753,4753,26_11,26_260,750.496,11.09198,19.1155,0.0161,-0.0143062,12.0,12.0,2949.0,1974.0,2949.5079,1974.6963,2949.5079,1974.6963,191.957117602368,27.374918894280366,1.166,0.535,75.47,0.0192,0.00841,75.42,2949.5079,1974.6963,191.957117602368,27.374918894280366,0.25815800237,0.28010680745,0.25815800237,0.28010680745,0.532,0.506,72.32,0.53159,0.505645,72.32,30.9419,0.0,4.69,2.182,0.542,0.982,26.0,737,737,26_3,26_32,618.4499,29.58555,19.3256,0.052,189.464,18.0,20.0,2949.0,1974.0,2949.4468,1974.6567,2949.4468,1974.6567,191.95713653084,27.374930591458043,1.311,1.044,64.5,0.07882,0.05968,62.32,2949.4468,1974.6567,191.95713653084,27.374930591458043,1.2258917138,1.3977131728,1.2258917138,1.3977131728,1.184,1.105,80.44,1.18437,1.104931,80.44,23.3315,0.0,5.03,1.255,0.203,0.353,26.0,0.0728105074834151
4759,4759,26_17,26_254,386.2522,7.957389,19.8367,0.0224,-3.423154E-4,7.0,7.0,2691.0,1957.0,2690.6016,1957.0761,2690.6016,1957.0761,192.03890917796295,27.382247039273643,0.558,0.427,47.81,0.01255,0.01015,49.69,2690.6016,1957.0761,192.03890917796295,27.382247039273643,0.18541215037,0.073417738699,0.18541215037,0.073417738699,0.432,0.268,6.71,0.4324139,0.2680449,6.71,35.0716,0.0,1.36,1.307,0.235,0.971,26.0,738,738,26_4,26_30,370.6103,24.51749,19.8816,0.0718,190.3417,9.0,14.0,2691.0,1957.0,2690.5525,1957.0478,2690.5525,1957.0478,192.03892443494436,27.38225544110717,1.012,0.659,27.18,0.09901,0.06084,26.7,2690.5525,1957.0478,192.03892443494436,27.38225544110717,0.78636706743,0.67299900905,0.78636706743,0.67299900905,0.899,0.807,21.93,0.8990517,0.8068904,21.93,23.3704,0.0,4.12,1.535,0.349,0.512,26.0,0.05667186250702009
4763,4763,26_21,26_250,359.9736,7.681931,19.9132,0.0232,8.779106E-6,17.0,17.0,2973.0,1926.0,2972.0539,1926.6459,2972.0539,1926.6459,191.94947587154164,27.388216710543198,1.519,1.171,-61.15,0.03751,0.02954,-52.16,2972.0539,1926.6459,191.94947587154164,27.388216710543198,0.8754600853,1.1312886377,0.8754600853,1.1312886377,1.087,0.908,-67.77,1.087463,0.9078397,-67.77,99.0,0.0,5.44,1.297,0.229,1.0,26.0,774,774,27_7,27_33,96.0243,14.59646,21.3479,0.1651,190.7929,4.0,5.0,2973.0,1926.0,2972.8079,1925.6053,2972.8079,1925.6053,191.94922622437733,27.38850222191573,0.764,0.445,19.06,0.13525,0.07812,18.48,2972.8079,1925.6053,191.94922622437733,27.38850222191573,1.4775730224,1.4105994837,1.4775730224,1.4105994837,1.219,1.184,19.34,1.219421,1.183717,19.34,23.3881,0.0,3.2,1.719,0.418,0.473,27.0,1.2850542245368253
4777,4777,26_35,26_236,758.6194,11.15185,19.1038,0.016,-4.067182E-6,6.0,6.0,2782.0,1901.0,2781.8353,1900.7161,2781.8353,1900.7161,192.0094377452619,27.39725879063379,0.517,0.441,-20.67,0.00805,0.00673,-17.48,2781.8353,1900.7161,192.0094377452619,27.39725879063379,0.082920636191,0.090357779845,0.082920636191,0.090357779845,0.302,0.286,-71.06,0.3022432,0.2862297,-71.06,99.0,0.0,1.04,1.174,0.148,1.0,26.0,740,740,26_6,26_28,632.1518,27.64403,19.3018,0.0475,190.1033,17.0,17.0,2782.0,1901.0,2781.87,1900.652,2781.87,1900.652,192.0094260935452,27.397276492343742,1.153,0.938,-16.21,0.06391,0.05012,-15.39,2781.87,1900.652,192.0094260935452,27.397276492343742,0.90743466622,0.79151152517,0.90743466622,0.79151152517,0.958,0.884,-15.97,0.958003,0.8838419,-15.97,23.348,0.0,3.29,1.23,0.187,0.695,26.0,0.07288964261118418
4807,4807,26_65,26_206,279.759,6.772159,20.1869,0.0263,6.078259E-6,4.0,4.0,2565.0,1855.0,2564.7702,1854.9943,2564.7702,1854.9943,192.07771695569133,27.41208318162924,0.521,0.421,-89.2,0.01358,0.01064,-89.37,2564.7702,1854.9943,192.07771695569133,27.41208318162924,0.16553234111,0.16084829027,0.16553234111,0.16084829027,0.407,0.401,-2.49,0.4068676,0.4010479,-2.49,99.0,0.0,1.27,1.238,0.192,0.999,26.0,742,742,26_8,26_26,176.4266,17.41712,20.6875,0.1072,190.5085,6.0,7.0,2565.0,1855.0,2564.7025,1854.848,2564.7025,1854.848,192.07773691118115,27.41212492077522,0.842,0.601,-61.61,0.1113,0.077,-59.66,2564.7025,1854.848,192.07773691118115,27.41212492077522,0.67251762474,0.68155434931,0.67251762474,0.68155434931,0.853,0.792,-47.58,0.8528107,0.7916982,-47.58,23.3404,0.0,3.76,1.401,0.286,0.491,26.0,0.1612047766042937
4826,4826,26_84,26_187,317.8714,7.218731,20.0482,0.0247,4.45654E-5,5.0,5.0,2563.0,1842.0,2563.028,1841.7271,2563.028,1841.7271,192.0781337925579,27.41582868996328,0.543,0.429,-21.15,0.01356,0.01025,-20.89,2563.028,1841.7271,192.0781337925579,27.41582868996328,0.084549731608,0.10230864458,0.084549731608,0.10230864458,0.322,0.289,-76.06,0.3216744,0.2887628,-76.06,99.0,0.0,1.2,1.266,0.21,1.0,26.0,743,743,26_9,26_25,193.6285,18.56628,20.5864,0.1041,190.6947,7.0,8.0,2563.0,1842.0,2563.1165,1841.8462,2563.1165,1841.8462,192.07810697062823,27.415794410260023,0.814,0.666,41.89,0.09932,0.07869,44.88,2563.1165,1841.8462,192.07810697062823,27.415794410260023,1.0314643902,0.89616367324,1.0314643902,0.89616367324,1.019,0.943,-12.85,1.01926,0.9427283,-12.85,23.3537,0.0,2.43,1.224,0.183,0.361,26.0,0.14838146784563702
4844,4844,26_102,26_169,796.3738,11.42598,19.0511,0.0156,-1.587639E-6,7.0,7.0,2691.0,1810.0,2691.0197,1809.8404,2691.0197,1809.8404,192.0372640834476,27.423634225495107,0.539,0.492,-46.19,0.00811,0.00747,-44.09,2691.0197,1809.8404,192.0372640834476,27.423634225495107,0.13138336362,0.13963281555,0.13138336362,0.13963281555,0.374,0.362,-82.96,0.3738455,0.3622923,-82.96,99.0,0.0,1.02,1.095,0.087,1.0,26.0,744,744,26_10,26_24,646.598,29.71981,19.2773,0.0499,190.964,16.0,20.0,2691.0,1810.0,2691.0368,1809.8523,2691.0368,1809.8523,192.0372587890317,27.42363072458396,1.155,1.073,12.51,0.06262,0.05769,25.69,2691.0368,1809.8523,192.0372587890317,27.42363072458396,0.87336589315,0.78160584847,0.87336589315,0.78160584847,0.936,0.882,-9.97,0.9361031,0.88243,-9.97,23.3945,0.0,3.13,1.076,0.071,0.888,26.0,0.020833146665835217
4859,4859,26_117,26_154,2518.335,20.31851,17.8011,0.0088,-8.475538E-7,6.0,6.0,2824.0,1775.0,2824.2294,1774.6991,2824.2294,1774.6991,191.9947047669768,27.432294595659176,0.488,0.427,-54.81,0.00401,0.00349,-54.22,2824.2294,1774.6991,191.9947047669768,27.432294595659176,0.071866252007,0.10077203397,0.071866252007,0.10077203397,0.319,0.267,-81.37,0.3185183,0.2668041,-81.37,99.0,0.0,0.85,1.144,0.126,1.0,26.0,745,745,26_11,26_23,2341.904,42.73886,17.8799,0.0198,189.8977,29.0,37.0,2824.0,1775.0,2824.318,1774.7591,2824.318,1774.7591,191.9946773243724,27.432276914632435,1.417,1.318,-8.8,0.03203,0.03021,-1.52,2824.318,1774.7591,191.9946773243724,27.432276914632435,0.93918428531,0.85720170007,0.93918428531,0.85720170007,0.972,0.923,-14.38,0.9720888,0.9227294,-14.38,23.3238,2.0,3.1,1.075,0.07,0.974,26.0,0.10700448588727919
4861,4861,26_119,26_152,1027.206,12.97669,18.7747,0.0137,0.002237524,6.0,6.0,2829.0,1770.0,2828.9203,1770.1704,2828.9203,1770.1704,191.99317181685555,27.433524515747045,0.479,0.41,-44.84,0.00634,0.00537,-44.75,2828.9203,1770.1704,191.99317181685555,27.433524515747045,0.10323435499,0.10688451686,0.10323435499,0.10688451686,0.327,0.321,-85.2,0.3269716,0.3212607,-85.2,99.0,0.0,0.94,1.168,0.144,1.0,26.0,746,746,26_12,26_23,964.8857,33.07162,18.8427,0.0372,189.8972,21.0,24.0,2829.0,1770.0,2828.8158,1770.3092,2828.8158,1770.3092,191.99320636072656,27.433486459068437,1.324,1.097,-20.71,0.05601,0.04613,-18.51,2828.8158,1770.3092,191.99320636072656,27.433486459068437,0.97151662558,0.87575575369,0.97151662558,0.87575575369,0.998,0.923,-24.35,0.9980955,0.9225388,-24.35,23.3244,3.0,3.48,1.208,0.172,0.777,26.0,0.1737402946931503
4867,4867,26_125,26_146,7483.312,35.02531,16.6186,0.0051,-1.472705E-6,4.0,4.0,2809.0,1756.0,2809.384,1755.7844,2809.384,1755.7844,191.99921116117727,27.43774810013077,0.491,0.406,-14.2,0.0023,0.0019,-14.31,2809.384,1755.7844,191.99921116117727,27.43774810013077,0.14417340252,0.056328167708,0.14417340252,0.056328167708,0.38,0.237,-2.66,0.3799511,0.2369362,-2.66,99.0,0.0,0.88,1.211,0.174,1.0,26.0,747,747,26_13,26_22,7158.338,57.91516,16.6668,0.0088,190.3517,54.0,56.0,2809.0,1756.0,2809.4273,1755.8347,2809.4273,1755.8347,191.9991979660696,27.43773356262486,1.532,1.451,-9.89,0.01599,0.01558,-41.88,2809.4273,1755.8347,191.9991979660696,27.43773356262486,0.95742692386,0.85815982174,0.95742692386,0.85815982174,0.979,0.925,-7.96,0.9794918,0.9253014,-7.96,23.3547,0.0,3.01,1.056,0.053,0.982,26.0,0.06637002335388249
4869,4869,26_127,26_144,333.1899,7.390623,19.9971,0.0241,6.909326E-5,14.0,14.0,2744.0,1752.0,2743.3515,1751.9754,2743.3515,1751.9754,192.0200903544712,27.43942386772778,1.286,0.496,-0.42,0.03303,0.01386,1.95,2743.3515,1751.9754,192.0200903544712,27.43942386772778,0.74831464975,0.189707099,0.74831464975,0.189707099,0.867,0.432,-4.23,0.8668253,0.4320135,-4.23,99.0,0.0,4.04,2.595,0.615,1.0,26.0,748,748,26_14,26_21,165.6416,18.52583,20.7559,0.1215,189.7654,6.0,8.0,2744.0,1752.0,2743.4811,1751.9936,2743.4811,1751.9936,192.0200494849286,27.439417566924565,0.864,0.681,-1.08,0.11263,0.09173,-0.06,2743.4811,1751.9936,192.0200494849286,27.439417566924565,2.088285073,1.5087317747,2.088285073,1.5087317747,1.445,1.228,-1.78,1.445285,1.228075,-1.78,23.2945,0.0,4.55,1.268,0.211,0.456,26.0,0.1308716928901574
4884,4884,26_142,26_129,729.7252,10.93742,19.146,0.0163,-6.779579E-6,6.0,6.0,2695.0,1714.0,2695.0724,1713.5128,2695.0724,1713.5128,192.0349899461759,27.45067687496396,0.572,0.471,30.9,0.00895,0.00733,26.33,2695.0724,1713.5128,192.0349899461759,27.45067687496396,0.10742230772,0.24199088317,0.10742230772,0.24199088317,0.494,0.325,83.88,0.4935151,0.3253553,83.88,99.0,0.0,1.25,1.215,0.177,1.0,26.0,751,751,26_17,26_18,622.7286,27.79296,19.3181,0.0485,190.5827,16.0,17.0,2695.0,1714.0,2694.9623,1713.4693,2694.9623,1713.4693,192.03502438296735,27.45069010655205,1.153,0.94,14.56,0.06619,0.05175,15.38,2694.9623,1713.4693,192.03502438296735,27.45069010655205,0.84278061055,0.7284853493,0.84278061055,0.7284853493,0.923,0.848,15.73,0.9233763,0.8477277,15.73,23.3345,0.0,3.61,1.227,0.185,0.55,26.0,0.11838183982339508
4889,4889,26_147,26_124,388.8295,7.983892,19.8295,0.0223,-4.324076E-6,13.0,13.0,2752.0,1700.0,2752.8442,1699.9656,2752.8442,1699.9656,192.016545923848,27.45395775520056,1.341,0.518,-26.73,0.03133,0.01243,-27.82,2752.8442,1699.9656,192.016545923848,27.45395775520056,0.76510518113,0.35029542905,0.76510518113,0.35029542905,0.942,0.478,-25.49,0.9418962,0.4777365,-25.49,99.0,0.0,4.76,2.588,0.614,1.0,26.0,752,752,26_18,26_17,245.313,21.7992,20.3296,0.0965,190.6483,10.0,11.0,2753.0,1700.0,2752.645,1700.0679,2752.645,1700.0679,192.01661009488376,27.453930820066034,1.056,0.754,-15.84,0.11298,0.07982,-15.15,2752.645,1700.0679,192.01661009488376,27.453930820066034,1.8306929008,1.3437071093,1.8306929008,1.3437071093,1.393,1.11,-23.31,1.39346,1.110257,-23.31,23.3487,0.0,5.31,1.401,0.286,0.106,26.0,0.22393286940511964
4890,4890,26_148,26_123,359.5013,7.67689,19.9146,0.0232,2.265439E-6,8.0,8.0,2524.0,1701.0,2523.7546,1700.1579,2523.7546,1700.1579,192.0891376898428,27.45598160249566,0.86,0.542,48.63,0.0196,0.0128,48.24,2523.7546,1700.1579,192.0891376898428,27.45598160249566,0.34599350111,0.38529773372,0.34599350111,0.38529773372,0.701,0.49,49.5,0.7008132,0.4900532,49.5,99.0,0.0,2.86,1.587,0.37,1.0,26.0,753,753,26_19,26_16,185.6444,18.4855,20.6322,0.1081,190.6447,7.0,8.0,2523.0,1700.0,2523.818,1700.1673,2523.818,1700.1673,192.08911769476973,27.455978389948445,0.839,0.679,44.79,0.09821,0.07815,44.84,2523.818,1700.1673,192.08911769476973,27.455978389948445,1.1883444165,1.2757595143,1.1883444165,1.2757595143,1.166,1.051,55.08,1.165688,1.051321,55.08,23.3475,0.0,3.22,1.236,0.191,0.439,26.0,0.06409305734635262
4912,4912,26_170,26_101,1677.284,16.58206,18.2424,0.0107,-2.173587E-5,21.0,21.0,2684.0,1647.0,2685.7154,1648.0102,2685.7154,1648.0102,192.03728143016656,27.469176102622452,2.05,0.545,25.8,0.02201,0.00566,25.84,2685.7154,1648.0102,192.03728143016656,27.469176102622452,0.97609509732,0.42036342334,0.97609509732,0.42036342334,1.059,0.525,24.47,1.058871,0.5246434,24.47,99.0,0.0,6.31,3.762,0.734,1.0,26.0,754,754,26_20,26_15,1488.916,42.45667,18.3717,0.031,191.0897,33.0,39.0,2685.0,1648.0,2685.4783,1647.9307,2685.4783,1647.9307,192.03735574835557,27.469200611044844,1.959,1.206,28.32,0.0653,0.03944,30.92,2685.4783,1647.9307,192.03735574835557,27.469200611044844,2.0027684687,1.4197537099,2.0027684687,1.4197537099,1.46,1.136,23.02,1.459848,1.136383,23.02,23.3535,0.0,5.69,1.625,0.384,0.016,26.0,0.25007330925136056
4917,4917,26_175,26_96,914.4299,12.24363,18.901,0.0145,-6.448111E-6,8.0,8.0,2595.0,1631.0,2594.6027,1630.9451,2594.6027,1630.9451,192.0659810088057,27.474800468595717,0.51,0.496,-27.91,0.00732,0.00702,-14.33,2594.6027,1630.9451,192.0659810088057,27.474800468595717,0.18019234436,0.072150960146,0.18019234436,0.072150960146,0.425,0.269,-0.62,0.4245057,0.2685857,-0.62,99.0,0.0,1.05,1.027,0.026,1.0,26.0,756,756,26_22,26_13,791.2202,32.17947,19.0581,0.0442,191.226,19.0,23.0,2595.0,1631.0,2594.6761,1630.9594,2594.6761,1630.9594,192.0659578925741,27.47479578460164,1.278,1.097,6.49,0.06254,0.05164,9.44,2594.6761,1630.9594,192.0659578925741,27.47479578460164,0.92656024534,0.8102190597,0.92656024534,0.8102190597,0.963,0.9,-5.18,0.9630803,0.8995864,-5.18,23.3744,0.0,3.21,1.165,0.142,0.852,26.0,0.07478001069827177
4934,4934,26_192,26_79,383865.3,250.856,12.3434,7.0E-4,-2.509114E-5,7.0,7.0,2678.0,1617.0,2677.6518,1616.7202,2677.6518,1616.7202,192.03951528220563,27.47804573547024,0.509,0.447,-39.59,3.3E-4,2.9E-4,-39.6,2677.6518,1616.7202,192.03951528220563,27.47804573547024,0.18043204955,0.13592711613,0.18043204955,0.13592711613,0.43,0.362,-16.97,0.4301198,0.3624308,-16.97,38.1925,4.0,0.0,1.138,0.122,1.0,26.0,757,757,26_23,26_12,392585.8,272.5523,12.319,8.0E-4,192.0475,229.0,248.0,2678.0,1617.0,2677.7281,1616.7786,2677.7281,1616.7786,192.03949170129715,27.47802862343355,1.784,1.726,1.71,0.0016,0.00158,11.1,2677.7281,1616.7786,192.03949170129715,27.47802862343355,0.98872434896,0.89331709681,0.98872434896,0.89331709681,0.995,0.944,-8.62,0.9954731,0.9439675,-8.62,23.4186,0.0,3.05,1.033,0.032,1.0,26.0,0.09608459814127923
4952,4952,26_210,26_61,6274.933,32.07301,16.8098,0.0056,8.502478E-6,4.0,4.0,2828.0,1606.0,2827.5743,1605.5824,2827.5743,1605.5824,191.99188838023565,27.479803761907004,0.504,0.484,-43.16,0.00258,0.00248,-43.16,2827.5743,1605.5824,191.99188838023565,27.479803761907004,0.22823312984,0.22353531731,0.22823312984,0.22353531731,0.484,0.466,-37.12,0.4842826,0.4660889,-37.12,99.0,0.0,0.99,1.041,0.039,1.0,26.0,758,758,26_24,26_11,5993.301,55.40025,16.8597,0.01,190.2084,48.0,53.0,2828.0,1606.0,2827.6017,1605.6007,2827.6017,1605.6007,191.9918798873756,27.47979836530201,1.544,1.437,-4.32,0.01822,0.01721,-12.15,2827.6017,1605.6007,191.9918798873756,27.47979836530201,1.0000515786,0.90691257587,1.0000515786,0.90691257587,1.001,0.952,-5.96,1.000538,0.951781,-5.96,23.3372,0.0,3.06,1.075,0.07,0.968,26.0,0.03294920332868761
4954,4954,26_212,26_59,441.9843,8.512136,19.6903,0.0209,-1.779488E-6,6.0,6.0,2639.0,1606.0,2638.8821,1605.597,2638.8821,1605.597,192.0516883326357,27.48152517094447,0.571,0.416,41.59,0.01168,0.00881,35.24,2638.8821,1605.597,192.0516883326357,27.48152517094447,0.070511756075,0.15739111255,0.070511756075,0.15739111255,0.4,0.26,80.14,0.4001223,0.260394,80.14,99.0,0.0,1.2,1.371,0.27,1.0,26.0,760,760,26_26,26_9,339.1316,23.09774,19.9779,0.074,190.3331,12.0,12.0,2639.0,1606.0,2638.8099,1605.62,2638.8099,1605.62,192.0517114509697,27.481519360602984,1.015,0.808,58.45,0.08852,0.06772,57.76,2638.8099,1605.62,192.0517114509697,27.481519360602984,0.89262227815,0.87833360861,0.89262227815,0.87833360861,0.964,0.917,40.4,0.9644582,0.9169386,40.4,23.301,0.0,3.39,1.257,0.205,0.31,26.0,0.07577492989069534
4959,4959,26_217,26_54,224765.1,191.955,12.9245,9.0E-4,-4.08783E-4,6.0,6.0,2735.0,1600.0,2735.2789,1600.3912,2735.2789,1600.3912,192.02108396807392,27.482110192255377,0.516,0.419,-55.97,4.4E-4,3.6E-4,-55.95,2735.2789,1600.3912,192.02108396807392,27.482110192255377,0.12300647472,0.21053205116,0.12300647472,0.21053205116,0.464,0.344,-77.45,0.4637869,0.3441514,-77.45,34.7694,4.0,2.7,1.231,0.188,1.0,26.0,759,759,26_25,26_10,228569.3,213.7149,12.9063,0.001,191.2981,183.0,206.0,2735.0,1600.0,2735.3521,1600.4546,2735.3521,1600.4546,192.02106142376223,27.482091700103425,1.776,1.707,-8.32,0.0022,0.00214,-4.61,2735.3521,1600.4546,192.02106142376223,27.482091700103425,1.0064446154,0.9061238069,1.0064446154,0.9061238069,1.005,0.95,-10.52,1.005002,0.9500207,-10.52,23.3822,0.0,3.08,1.04,0.039,1.0,26.0,0.09683904171376183
4969,4969,26_227,26_44,2275.581,19.3144,17.9111,0.0092,4.709458E-5,45.0,45.0,2883.0,1589.0,2882.2567,1587.9714,2882.2567,1587.9714,191.97437602558975,27.48424958101491,2.009,1.319,9.5,0.01846,0.01232,9.86,2882.2567,1587.9714,191.97437602558975,27.48424958101491,1.5065806075,1.0349457821,1.5065806075,1.0349457821,1.228,1.017,-3.03,1.22797,1.01667,-3.03,99.0,0.0,5.74,1.522,0.343,0.992,26.0,761,761,26_27,26_8,2179.403,51.24485,17.958,0.0255,190.0249,56.0,58.0,2883.0,1588.0,2882.3694,1588.009,2882.3694,1588.009,191.9743407030037,27.48423796921728,2.18,1.63,9.55,0.06025,0.04424,9.17,2882.3694,1588.009,191.9743407030037,27.48423796921728,2.9962089441,2.3487462266,2.9962089441,2.3487462266,1.733,1.53,6.37,1.733313,1.529896,6.37,23.3501,0.0,6.23,1.337,0.252,0.007,26.0,0.11880677590120041
4981,4981,26_239,26_32,357.9102,7.659883,19.9194,0.0232,-9.407535E-5,6.0,6.0,2938.0,1576.0,2938.1987,1575.7006,2938.1987,1575.7006,191.95651945201536,27.48718038144021,0.592,0.468,-32.4,0.01376,0.01081,-34.94,2938.1987,1575.7006,191.95651945201536,27.48718038144021,0.14161462325,0.15420310897,0.14161462325,0.15420310897,0.404,0.364,-56.89,0.4043691,0.3637353,-56.89,35.1221,0.0,1.2,1.266,0.21,0.985,26.0,762,762,26_28,26_7,230.4162,18.78773,20.3976,0.0886,189.3104,8.0,8.0,2938.0,1576.0,2937.9242,1575.8436,2937.9242,1575.8436,191.9566079411082,27.48714273421695,0.844,0.664,-41.62,0.08843,0.06976,-44.59,2937.9242,1575.8436,191.9566079411082,27.48714273421695,0.91142574426,0.81555221852,0.91142574426,0.81555221852,0.969,0.887,-25.43,0.9692436,0.8874372,-25.43,23.3048,0.0,4.44,1.271,0.213,0.472,26.0,0.30951453923846994
4985,4985,26_243,26_28,1026.775,12.97397,18.7752,0.0137,6.435662E-5,12.0,12.0,2854.0,1570.0,2854.3771,1569.7027,2854.3771,1569.7027,191.98302096170943,27.489642577386903,0.998,0.594,-65.95,0.01332,0.00794,-66.17,2854.3771,1569.7027,191.98302096170943,27.489642577386903,0.30836223446,0.42984540887,0.30836223446,0.42984540887,0.684,0.519,-63.84,0.6844526,0.5193576,-63.84,99.0,0.0,2.45,1.678,0.404,1.0,26.0,763,763,26_29,26_6,923.6776,35.34806,18.8901,0.0416,190.1794,24.0,28.0,2854.0,1570.0,2854.4266,1569.6749,2854.4266,1569.6749,191.98300498443868,27.48964993510058,1.418,1.232,-55.03,0.06349,0.05556,-58.05,2854.4266,1569.6749,191.98300498443868,27.48964993510058,1.5876224506,1.5993585289,1.5876224506,1.5993585289,1.295,1.229,-47.04,1.294612,1.229212,-47.04,23.346,0.0,4.24,1.151,0.131,0.043,26.0,0.05677226435476048
4995,4995,26_253,26_18,1450.106,15.41825,18.4004,0.0115,-1.104703E-4,8.0,8.0,2842.0,1540.0,2841.8519,1539.8055,2841.8519,1539.8055,191.9866793606907,27.4981623867226,0.566,0.515,-24.96,0.00624,0.00565,-27.77,2841.8519,1539.8055,191.9866793606907,27.4981623867226,0.10956771285,0.10158936337,0.10956771285,0.10158936337,0.332,0.317,-17.07,0.3322625,0.3174251,-17.07,35.4235,0.0,1.26,1.099,0.09,0.975,26.0,764,764,26_30,26_5,1291.281,36.16727,18.5263,0.0304,190.6509,25.0,28.0,2842.0,1540.0,2841.8074,1539.8442,2841.8074,1539.8442,191.9866938677266,27.49815191852449,1.395,1.147,-14.14,0.04905,0.03746,-13.6,2841.8074,1539.8442,191.9866938677266,27.49815191852449,0.97903233176,0.87263664177,0.97903233176,0.87263664177,0.993,0.931,-13.26,0.9926191,0.9307933,-13.26,23.3677,0.0,3.37,1.216,0.178,0.782,26.0,0.05897406209514699
4999,4999,26_257,26_14,510.13,9.144828,19.5347,0.0195,0.001379852,17.0,17.0,2981.0,1528.0,2981.9219,1527.8834,2981.9219,1527.8834,191.94216052962352,27.50021467938525,1.411,1.089,-62.33,0.02813,0.02162,-59.78,2981.9219,1527.8834,191.94216052962352,27.50021467938525,0.91441146835,0.57719270835,0.91441146835,0.57719270835,0.975,0.736,17.24,0.9748629,0.7356945,17.24,99.0,0.0,7.41,1.296,0.228,1.0,26.0,765,765,26_31,26_4,272.0413,24.0963,20.2173,0.0962,190.2629,10.0,13.0,2982.0,1528.0,2981.7758,1528.3864,2981.7758,1528.3864,191.9422121263184,27.50007465196557,1.046,0.927,26.25,0.09774,0.08866,30.54,2981.7758,1528.3864,191.9422121263184,27.50007465196557,2.8398557869,2.7705339195,2.8398557869,2.7705339195,1.695,1.654,-29.92,1.695342,1.654148,-29.92,23.3385,0.0,5.05,1.129,0.114,0.404,26.0,0.5237883255668627
5002,5002,26_260,26_11,324.478,7.293361,20.0259,0.0244,3.072083E-4,6.0,6.0,2907.0,1521.0,2907.4115,1521.0506,2907.4115,1521.0506,191.96570446236944,27.50282806678075,0.619,0.411,47.36,0.01513,0.01039,46.49,2907.4115,1521.0506,191.96570446236944,27.50282806678075,0.21455677588,0.097005821531,0.21455677588,0.097005821531,0.472,0.299,14.04,0.4715867,0.2986111,14.04,99.0,0.0,1.44,1.509,0.337,1.0,26.0,767,767,26_33,26_2,230.7043,19.69824,20.3962,0.0927,190.0544,8.0,9.0,2907.0,1521.0,2907.6187,1521.1206,2907.6187,1521.1206,191.96563952204627,27.50280646872253,0.918,0.682,21.17,0.1024,0.07383,20.23,2907.6187,1521.1206,191.96563952204627,27.50280646872253,0.80659065796,0.69520239364,0.80659065796,0.69520239364,0.936,0.792,31.69,0.9355327,0.7915627,31.69,23.3474,0.0,3.94,1.345,0.257,0.468,26.0,0.2187049153538176
5004,5004,26_262,26_9,10934.11,42.33765,16.2069,0.0042,2.229109E-5,4.0,4.0,2738.0,1520.0,2737.7926,1519.6602,2737.7926,1519.6602,192.01945384283857,27.50478173271314,0.477,0.402,78.03,0.00185,0.00156,77.93,2737.7926,1519.6602,192.01945384283857,27.50478173271314,0.13612570525,0.19753562321,0.13612570525,0.19753562321,0.445,0.369,87.8,0.4445522,0.3688287,87.8,99.0,0.0,0.84,1.186,0.157,1.0,26.0,735,735,26_1,26_3,10410.85,65.08485,16.2602,0.0068,190.6131,57.0,64.0,2738.0,1520.0,2737.8241,1519.7018,2737.8241,1519.7018,192.01944428742445,27.50476975006348,1.555,1.496,9.79,0.01267,0.01238,31.24,2737.8241,1519.7018,192.01944428742445,27.50476975006348,0.94620941537,0.86539016733,0.94620941537,0.86539016733,0.973,0.93,-0.58,0.9727372,0.930259,-0.58,23.3393,0.0,3.0,1.04,0.038,0.982,26.0,0.052180551932458054
5011,5011,26_269,26_268,6364.188,32.3003,16.7945,0.0055,-2.22801E-5,39.0,39.0,2943.0,1994.0,2942.6163,1994.2467,2942.6163,1994.2467,191.95950400005572,27.369487106901108,1.108,0.995,-8.72,0.00587,0.00542,-2.68,2942.6163,1994.2467,191.95950400005572,27.369487106901108,0.52691924579,0.45574134669,0.52691924579,0.45574134669,0.732,0.669,-18.3,0.7318902,0.6685786,-18.3,99.0,0.0,2.24,1.113,0.102,1.0,26.0,766,766,26_32,26_33,6514.91,63.20425,16.7691,0.0105,189.434,71.0,76.0,2943.0,1994.0,2942.6941,1994.2938,2942.6941,1994.2938,191.95947986400495,27.36947314733448,1.895,1.767,-5.2,0.02345,0.02225,-3.45,2942.6941,1994.2938,191.95947986400495,27.36947314733448,1.643047949,1.4774580318,1.643047949,1.4774580318,1.283,1.214,-7.61,1.282988,1.214268,-7.61,23.3464,0.0,4.04,1.073,0.068,0.034,26.0,0.09094641279349001
5020,5020,27_9,27_188,1832.865,17.33406,18.146,0.0103,2.729543E-4,2.0,2.0,3068.0,1968.0,3068.0,1968.3708,3068.0,1968.3708,191.9195397565032,27.375595199546485,0.563,0.289,90.0,0.00532,0.00273,90.0,3068.0,1968.3708,191.9195397565032,27.375595199546485,0.0833333,0.1666812456,0.0833333,0.1666812456,0.408,0.289,90.0,0.4082662,0.2886751,90.0,37.4313,16.0,0.95,1.949,0.487,1.0,27.0,771,771,27_4,27_37,1793.335,38.40577,18.1697,0.0233,189.8916,27.0,29.0,3068.0,1968.0,3067.9871,1968.4002,3067.9871,1968.4002,191.9195441508344,27.37558705607455,1.29,1.241,64.42,0.03485,0.03273,56.3,3067.9871,1968.4002,191.9195441508344,27.37558705607455,0.86411723447,0.86509512041,0.86411723447,0.86509512041,0.932,0.928,-48.51,0.9319901,0.927689,-48.51,23.3252,16.0,3.32,1.04,0.038,0.908,27.0,0.03210560698712455
5037,5037,27_26,27_171,101825.8,129.2005,13.7842,0.0014,-1.040704E-5,5.0,5.0,3055.0,1899.0,3055.2257,1899.0358,3055.2257,1899.0358,191.92285155461167,27.3952035783853,0.419,0.321,-7.16,5.3E-4,4.1E-4,-7.16,3055.2257,1899.0358,191.92285155461167,27.3952035783853,0.10588714214,0.0928016358,0.10588714214,0.0928016358,0.325,0.305,-0.35,0.3254038,0.3046328,-0.35,36.3765,4.0,0.0,1.308,0.235,1.0,27.0,775,775,27_8,27_32,103014.8,152.1413,13.7716,0.0016,191.0921,136.0,145.0,3055.0,1899.0,3055.2851,1899.0948,3055.2851,1899.0948,191.9228333704012,27.39518643972608,1.716,1.677,-5.15,0.00332,0.00327,55.79,3055.2851,1899.0948,191.9228333704012,27.39518643972608,0.96907046388,0.89640400497,0.96907046388,0.89640400497,0.986,0.945,-10.63,0.98576,0.9453844,-10.63,23.2951,0.0,3.03,1.023,0.023,0.992,27.0,0.08372192066602248
5106,5106,27_95,27_110,1205.403,14.05728,18.601,0.0127,-0.001184905,28.0,28.0,3048.0,1823.0,3048.2855,1822.849,3048.2855,1822.849,191.9242447280949,27.41668352178136,1.878,0.673,68.95,0.0219,0.00785,68.95,3048.2855,1822.849,191.9242447280949,27.41668352178136,0.58768866753,0.78422211951,0.58768866753,0.78422211951,1.029,0.56,52.65,1.028821,0.5598549,52.65,33.2346,0.0,6.3,2.788,0.641,1.0,27.0,781,781,27_14,27_24,1097.939,42.69621,18.7024,0.0422,193.9817,34.0,39.0,3048.0,1823.0,3048.4025,1823.0362,3048.4025,1823.0362,191.92420965262204,27.416629809565816,1.816,1.268,62.21,0.07478,0.05296,63.67,3048.4025,1823.0362,191.92420965262204,27.416629809565816,1.7725786117,2.0969156078,1.7725786117,2.0969156078,1.516,1.254,58.29,1.515641,1.253925,58.29,23.4744,0.0,5.54,1.432,0.302,0.004,27.0,0.22075515849028865
5153,5153,27_142,27_63,388.8604,7.98421,19.8294,0.0223,-1.858032E-5,4.0,4.0,3020.0,1634.0,3019.5543,1633.7595,3019.5543,1633.7595,191.9313505188944,27.47010276309313,0.51,0.412,-22.3,0.01047,0.00846,-22.3,3019.5543,1633.7595,191.9313505188944,27.47010276309313,0.24178739735,0.088311590632,0.24178739735,0.088311590632,0.493,0.295,-5.32,0.4930795,0.2949094,-5.32,40.4149,0.0,1.12,1.238,0.192,1.0,27.0,755,755,26_21,26_14,302.2757,21.8219,20.1029,0.0784,189.7646,10.0,11.0,3020.0,1634.0,3019.4028,1633.8761,3019.4028,1633.8761,191.93139975005948,27.470071402636812,1.02,0.723,-17.06,0.09336,0.06588,-15.31,3019.4028,1633.8761,191.93139975005948,27.470071402636812,0.82118038192,0.65811161265,0.82118038192,0.65811161265,0.925,0.79,-22.57,0.9247951,0.7899659,-22.57,23.3495,24.0,3.38,1.411,0.291,0.547,26.0,0.19117481528694324
5215,5215,28_1,28_66,25414.33,64.54675,15.2912,0.0028,1.576757E-5,1039.0,1039.0,402.0,2068.0,402.0702,2068.3629,402.0702,2068.3629,192.7649726042703,27.36983857288365,8.801,5.181,48.17,0.02857,0.01587,45.75,402.0702,2068.3629,192.7649726042703,27.36983857288365,20.078913886,25.861387053,20.078913886,25.861387053,5.288,4.24,62.68,5.288271,4.239633,62.68,99.0,0.0,15.49,1.699,0.411,0.835,28.0,805,805,28_1,28_3,24505.88,168.2926,15.3307,0.0075,192.3878,542.0,588.0,402.0,2068.0,402.1052,2068.3983,402.1052,2068.3983,192.7649618172716,27.36982835692668,7.445,4.776,52.37,0.05849,0.037,47.2,402.1052,2068.3983,192.7649618172716,27.36982835692668,22.669335488,27.428326213,22.669335488,27.428326213,5.441,4.527,60.75,5.440895,4.527066,60.75,23.3438,0.0,19.9,1.559,0.359,0.0,28.0,0.04978112091932382
5228,5228,28_14,28_408,640.0461,10.24332,19.2883,0.0174,-5.938336E-5,7.0,7.0,111.0,2502.0,110.7063,2502.0412,110.7063,2502.0412,192.86086458118945,27.25000451004227,0.605,0.477,-76.19,0.01017,0.00817,-76.7,110.7063,2502.0412,192.86086458118945,27.25000451004227,0.13888955198,0.13410344548,0.13888955198,0.13410344548,0.379,0.36,-35.22,0.3790063,0.3596488,-35.22,37.2837,0.0,1.34,1.268,0.211,0.999,28.0,831,831,28_27,28_27,531.9512,28.59684,19.4892,0.0584,191.9875,15.0,17.0,111.0,2502.0,110.6567,2502.0381,110.6567,2502.0381,192.86088024942347,27.2500057412351,1.079,1.034,-76.37,0.07067,0.06749,-89.13,110.6567,2502.0381,192.86088024942347,27.2500057412351,0.84377749645,0.85158429535,0.84377749645,0.85158429535,0.934,0.907,-49.55,0.9339947,0.9072021,-49.55,23.2942,0.0,3.73,1.044,0.042,0.55,28.0,0.049696780579824434
5241,5241,28_27,28_395,4619.034,27.5176,17.1425,0.0065,1.092364E-4,7.0,7.0,24.0,2490.0,24.0601,2490.3213,24.0601,2490.3213,192.8881834022568,27.25392625277058,0.473,0.327,-85.02,0.00284,0.002,-84.99,24.0601,2490.3213,192.8881834022568,27.25392625277058,0.095218140366,0.13641742577,0.095218140366,0.13641742577,0.369,0.309,-89.63,0.3693496,0.3085716,-89.63,99.0,0.0,0.95,1.444,0.307,1.0,28.0,807,807,28_3,28_26,4414.247,52.98683,17.1917,0.013,191.7702,40.0,48.0,24.0,2490.0,24.1554,2490.3989,24.1554,2490.3989,192.8881538830972,27.253903741522365,1.485,1.43,-10.54,0.02209,0.02205,10.42,24.1554,2490.3989,192.8881538830972,27.253903741522365,0.95650889405,0.88407506366,0.95650889405,0.88407506366,0.981,0.938,-14.33,0.9805965,0.9375577,-14.33,23.2881,0.0,3.09,1.038,0.037,0.986,28.0,0.122897721703911
5249,5249,28_35,28_387,2578.871,20.56127,17.7753,0.0087,-2.373567E-6,8.0,8.0,337.0,2483.0,336.5063,2483.2795,336.5063,2483.2795,192.7892558178276,27.253630142675945,0.504,0.477,-23.77,0.00411,0.00395,-47.81,336.5063,2483.2795,192.7892558178276,27.253630142675945,0.24874124145,0.12585318879,0.24874124145,0.12585318879,0.499,0.354,-2.49,0.4989726,0.3544303,-2.49,40.3768,0.0,0.98,1.057,0.054,1.0,28.0,809,809,28_5,28_25,2326.059,42.52068,17.8873,0.0199,191.6826,31.0,35.0,337.0,2483.0,336.4784,2483.3374,336.4784,2483.3374,192.7892651360494,27.25361406383208,1.381,1.31,-1.68,0.03153,0.02957,4.47,336.4784,2483.3374,192.7892651360494,27.25361406383208,0.91828076266,0.86737382748,0.91828076266,0.86737382748,0.959,0.931,-7.36,0.95872,0.9308655,-7.36,23.3415,0.0,3.04,1.054,0.051,0.961,28.0,0.06427145556135383
5259,5259,28_45,28_377,433.7616,8.432583,19.7107,0.0211,-1.365719E-6,12.0,12.0,439.0,2466.0,438.7326,2466.2637,438.7326,2466.2637,192.75675810538115,27.25765777778432,0.653,0.45,38.02,0.01888,0.01006,43.42,438.7326,2466.2637,192.75675810538115,27.25765777778432,0.17767172525,0.14993115437,0.17767172525,0.14993115437,0.439,0.368,30.47,0.4385784,0.367766,30.47,99.0,0.0,1.42,1.45,0.311,1.0,28.0,810,810,28_6,28_24,260.7078,20.32495,20.2635,0.0847,191.685,8.0,9.0,439.0,2466.0,438.7061,2466.143,438.7061,2466.143,192.7567654631713,27.25769192277128,0.909,0.681,22.19,0.08763,0.0632,20.53,438.7061,2466.143,192.7567654631713,27.25769192277128,0.97837579637,0.83886084757,0.97837579637,0.83886084757,1.009,0.894,25.27,1.00915,0.893786,25.27,23.3341,0.0,2.95,1.335,0.251,0.541,28.0,0.12357483562597221
5295,5295,28_81,28_341,279.658,6.770936,20.1873,0.0263,-4.388927E-6,19.0,19.0,147.0,2422.0,147.3911,2421.9162,147.3911,2421.9162,192.84859401382863,27.27227421651573,1.158,0.536,28.2,0.0379,0.02353,22.1,147.3911,2421.9162,192.84859401382863,27.27227421651573,0.25888703315,0.24397378212,0.25888703315,0.24397378212,0.552,0.445,41.0,0.5522881,0.4447905,41.0,99.0,0.0,2.94,2.16,0.537,1.0,28.0,812,812,28_8,28_22,121.3316,14.89663,21.0939,0.1333,191.5643,5.0,5.0,147.0,2422.0,146.7964,2421.593,146.7964,2421.593,192.84877955269084,27.272369439673756,0.749,0.45,19.15,0.12387,0.07172,18.48,146.7964,2421.593,192.84877955269084,27.272369439673756,1.2220753617,0.96879612172,1.2220753617,0.96879612172,1.129,0.957,22.5,1.128941,0.957269,22.5,23.3268,0.0,3.42,1.664,0.399,0.489,28.0,0.6768503010268676
5296,5296,28_82,28_340,378.3638,7.875712,19.8591,0.0226,-3.332192E-7,8.0,8.0,104.0,2422.0,103.8634,2422.2268,103.8634,2422.2268,192.86237232655824,27.27250256745011,0.634,0.427,11.35,0.01544,0.01019,13.37,103.8634,2422.2268,192.86237232655824,27.27250256745011,0.15357215867,0.080532588045,0.15357215867,0.080532588045,0.393,0.283,5.21,0.3926639,0.2827009,5.21,99.0,0.0,1.43,1.484,0.326,1.0,28.0,811,811,28_7,28_23,244.8393,20.20114,20.3317,0.0896,190.7548,9.0,9.0,104.0,2422.0,103.7247,2422.1465,103.7247,2422.1465,192.86241556010103,27.272526156507723,0.929,0.677,20.02,0.0958,0.06884,20.38,103.7247,2422.1465,192.86241556010103,27.272526156507723,0.92187268799,0.72794514465,0.92187268799,0.72794514465,0.964,0.849,10.85,0.9639874,0.8488499,10.85,23.267,0.0,3.37,1.374,0.272,0.573,28.0,0.16026783832077085
5307,5307,28_93,28_329,312178.3,226.2229,12.5679,8.0E-4,0.001542529,7.0,7.0,452.0,2412.0,451.9984,2411.5378,451.9984,2411.5378,192.75209186851396,27.27295076315894,0.499,0.281,89.2,3.6E-4,2.0E-4,89.2,451.9984,2411.5378,192.75209186851396,27.27295076315894,0.095764479235,0.257340773,0.095764479235,0.257340773,0.507,0.309,89.92,0.507288,0.3094578,89.92,99.0,4.0,0.0,1.773,0.436,1.0,28.0,813,813,28_9,28_21,317765.1,249.4304,12.5486,9.0E-4,191.9239,226.0,242.0,452.0,2412.0,452.0622,2411.597,452.0622,2411.597,192.75207217853475,27.272933637120435,1.796,1.721,16.43,0.00199,0.00179,34.37,452.0622,2411.597,192.75207217853475,27.272933637120435,0.971435568,0.88015937121,0.971435568,0.88015937121,0.986,0.938,-2.79,0.9857249,0.9380519,-2.79,23.3362,0.0,3.04,1.044,0.042,0.998,28.0,0.0870349355145346
5313,5313,28_99,28_323,14323.72,48.45773,15.9137,0.0037,1.591014E-5,7.0,7.0,498.0,2403.0,498.1735,2403.5008,498.1735,2403.5008,192.73740596756707,27.274866044688345,0.512,0.364,72.16,0.00174,0.00124,71.57,498.1735,2403.5008,192.73740596756707,27.274866044688345,0.040498105484,0.23133251931,0.040498105484,0.23133251931,0.482,0.2,86.73,0.4816194,0.1996833,86.73,99.0,0.0,1.02,1.408,0.29,1.0,28.0,814,814,28_10,28_20,13868.71,72.74908,15.9488,0.0057,191.7067,63.0,70.0,498.0,2403.0,498.233,2403.5681,498.233,2403.5681,192.737387709915,27.27484667085008,1.591,1.516,19.84,0.01098,0.01041,50.06,498.233,2403.5681,192.737387709915,27.27484667085008,0.96118959371,0.87349407292,0.96118959371,0.87349407292,0.981,0.934,4.22,0.9806475,0.9343523,4.22,23.2931,0.0,3.01,1.049,0.047,0.983,28.0,0.089830618388293
5328,5328,28_114,28_308,571.5302,9.679539,19.4113,0.0184,9.876951E-6,14.0,14.0,469.0,2382.0,469.3274,2382.4656,469.3274,2382.4656,192.74635740705503,27.280997991431235,0.513,0.494,51.64,0.01228,0.01041,4.59,469.3274,2382.4656,192.74635740705503,27.280997991431235,0.13851811208,0.23908133178,0.13851811208,0.23908133178,0.489,0.372,86.86,0.4892705,0.3717712,86.86,99.0,0.0,0.87,1.038,0.036,1.0,28.0,815,815,28_11,28_19,457.9971,25.85336,19.6517,0.0613,191.9925,13.0,14.0,469.0,2382.0,469.3078,2382.4829,469.3078,2382.4829,192.74636376013035,27.280993272235136,0.965,0.959,-4.85,0.06542,0.06422,-89.36,469.3078,2382.4829,192.74636376013035,27.280993272235136,0.76142325523,0.69102391526,0.76142325523,0.69102391526,0.873,0.831,-7.31,0.8732706,0.8305694,-7.31,23.3275,0.0,3.2,1.007,0.007,0.636,28.0,0.02614287665885708
5337,5337,28_123,28_299,262.8801,6.564686,20.2545,0.0271,-3.622764E-5,5.0,5.0,237.0,2370.0,236.8215,2369.7673,236.8215,2369.7673,192.81985340873644,27.2862890172661,0.455,0.345,-55.89,0.01325,0.00993,-56.8,236.8215,2369.7673,192.81985340873644,27.2862890172661,0.13000989204,0.14800531862,0.13000989204,0.14800531862,0.386,0.36,-79.71,0.3855105,0.3597177,-79.71,37.4559,0.0,1.04,1.321,0.243,0.999,28.0,816,816,28_12,28_18,177.5641,17.65097,20.6805,0.108,191.7332,7.0,7.0,237.0,2370.0,236.7017,2369.8373,236.7017,2369.8373,192.8198919173172,27.286270206752903,0.85,0.6,-60.25,0.11353,0.07849,-59.6,236.7017,2369.8373,192.8198919173172,27.286270206752903,0.54527704871,0.5940613803,0.54527704871,0.5940613803,0.793,0.714,-57.14,0.7930805,0.7143961,-57.14,23.3408,0.0,3.23,1.417,0.294,0.505,28.0,0.1387517207101318
5341,5341,28_127,28_295,478.3681,8.855563,19.6045,0.0201,-2.478395E-5,8.0,8.0,232.0,2360.0,232.1771,2359.9348,232.1771,2359.9348,192.82124137613337,27.28908843132517,0.61,0.425,-48.61,0.01312,0.00852,-51.04,232.1771,2359.9348,192.82124137613337,27.28908843132517,0.14562503782,0.14097216554,0.14562503782,0.14097216554,0.386,0.371,-33.25,0.3861798,0.3707592,-33.25,37.8601,0.0,0.99,1.436,0.304,0.999,28.0,817,817,28_13,28_17,345.5428,23.27552,19.9576,0.0732,191.7697,10.0,12.0,232.0,2360.0,232.3214,2359.8467,232.3214,2359.8467,192.8211949597201,27.289112153475603,1.026,0.797,-32.8,0.08603,0.06536,-32.54,232.3214,2359.8467,192.8211949597201,27.289112153475603,0.84948286792,0.80330015024,0.84948286792,0.80330015024,0.96,0.855,-37.96,0.9598687,0.8552397,-37.96,23.3416,0.0,3.98,1.287,0.223,0.37,28.0,0.1690683293819216
5353,5353,28_139,28_283,700.2812,10.71449,19.1907,0.0166,1.713405E-5,9.0,9.0,474.0,2339.0,474.46,2339.1092,474.46,2339.1092,192.74436095930903,27.293153584269422,0.596,0.477,4.29,0.01002,0.00797,8.59,474.46,2339.1092,192.74436095930903,27.293153584269422,0.25437488921,0.084327318034,0.25437488921,0.084327318034,0.504,0.29,0.83,0.5043916,0.2903297,0.83,99.0,0.0,1.06,1.249,0.199,1.0,28.0,818,818,28_14,28_16,547.9949,25.94092,19.4569,0.0514,191.0275,13.0,14.0,474.0,2339.0,474.4924,2339.209,474.4924,2339.209,192.74435155652807,27.29312527352388,1.008,0.951,-6.68,0.05825,0.05696,-1.17,474.4924,2339.209,192.74435155652807,27.29312527352388,0.96902063619,0.82626489445,0.96902063619,0.82626489445,0.985,0.908,-4.93,0.9849324,0.9084017,-4.93,23.2753,0.0,4.73,1.06,0.057,0.364,28.0,0.10492759408273677
5354,5354,28_140,28_282,356.7053,7.646978,19.9231,0.0233,2.946403E-5,13.0,13.0,498.0,2338.0,497.6805,2337.8817,497.6805,2337.8817,192.73699843752752,27.293325058371103,0.743,0.541,-34.31,0.0221,0.01439,-13.84,497.6805,2337.8817,192.73699843752752,27.293325058371103,0.26917822678,0.17851952068,0.26917822678,0.17851952068,0.528,0.41,-17.52,0.5284041,0.4104714,-17.52,99.0,0.0,1.63,1.375,0.273,1.0,28.0,819,819,28_15,28_15,196.7384,19.18874,20.5691,0.1059,191.6235,7.0,8.0,498.0,2338.0,497.8421,2337.8828,497.8421,2337.8828,192.73694728150724,27.293323538505213,0.843,0.672,-45.68,0.09664,0.07643,-44.95,497.8421,2337.8828,192.73694728150724,27.293323538505213,1.2328887581,1.065241374,1.2328887581,1.065241374,1.123,1.019,-20.6,1.12271,1.018652,-20.6,23.3066,0.0,3.71,1.254,0.203,0.504,28.0,0.16160374376853642
5360,5360,28_146,28_276,13638.43,47.28434,15.967,0.0038,-1.187387E-5,6.0,6.0,410.0,2332.0,410.2245,2332.4306,410.2245,2332.4306,192.7646417053595,27.295510754381752,0.5,0.412,-76.16,0.00174,0.00144,-75.79,410.2245,2332.4306,192.7646417053595,27.295510754381752,0.079017863351,0.22351046039,0.079017863351,0.22351046039,0.473,0.28,-87.09,0.4731648,0.2804343,-87.09,99.0,0.0,1.02,1.213,0.176,1.0,28.0,820,820,28_16,28_14,13142.81,70.76598,16.0071,0.0058,191.4997,61.0,70.0,410.0,2332.0,410.3056,2332.484,410.3056,2332.484,192.7646164830295,27.295495132865295,1.601,1.495,1.96,0.01153,0.01086,10.39,410.3056,2332.484,192.7646164830295,27.295495132865295,0.96599899479,0.86585708002,0.96599899479,0.86585708002,0.984,0.93,-6.98,0.9836276,0.9296951,-6.98,23.3271,0.0,3.01,1.071,0.066,0.982,28.0,0.0971018537412381
5367,5367,28_153,28_269,10532.07,41.55201,16.2476,0.0043,-7.863434E-7,6.0,6.0,218.0,2319.0,217.6083,2318.8609,217.6083,2318.8609,192.8255101718976,27.30074708385713,0.488,0.357,1.85,0.00193,0.00142,1.84,217.6083,2318.8609,192.8255101718976,27.30074708385713,0.18843733966,0.10583547824,0.18843733966,0.10583547824,0.434,0.325,0.19,0.4340948,0.3253222,0.19,99.0,0.0,0.93,1.368,0.269,1.0,28.0,821,821,28_17,28_13,10098.49,66.17471,16.2932,0.0071,192.1795,55.0,67.0,218.0,2319.0,217.6669,2318.8896,217.6669,2318.8896,192.82549185933956,27.300738583579744,1.557,1.52,-4.01,0.01369,0.01342,86.05,217.6669,2318.8896,192.82549185933956,27.300738583579744,0.93915468538,0.851051863,0.93915468538,0.851051863,0.969,0.922,-4.72,0.9694118,0.922197,-4.72,23.3611,0.0,2.99,1.025,0.024,0.986,28.0,0.06525067049455671
5380,5380,28_166,28_256,292.1937,6.921027,20.1397,0.0257,5.761724E-8,7.0,7.0,434.0,2300.0,433.6913,2299.9519,433.6913,2299.9519,192.7569344175628,27.30447069288938,0.549,0.452,-29.93,0.01453,0.01265,-33.2,433.6913,2299.9519,192.7569344175628,27.30447069288938,0.16514819615,0.074480506332,0.16514819615,0.074480506332,0.407,0.271,-5.52,0.4074336,0.2713422,-5.52,99.0,0.0,1.33,1.215,0.177,1.0,28.0,822,822,28_18,28_12,186.4125,18.78749,20.6277,0.1095,191.573,8.0,8.0,434.0,2300.0,433.8462,2299.9009,433.8462,2299.9009,192.7568849340034,27.30448388260051,0.846,0.666,-46.25,0.10702,0.08451,-45.07,433.8462,2299.9009,192.7568849340034,27.30448388260051,0.82681749251,0.78099237671,0.82681749251,0.78099237671,0.938,0.853,-36.33,0.9384838,0.8526769,-36.33,23.3362,0.0,4.45,1.27,0.212,0.012,28.0,0.1630797657589447
5409,5409,28_195,28_227,1036.047,13.03241,18.7654,0.0137,-6.905568E-6,2.0,2.0,351.0,2269.0,350.9999,2269.0,350.9999,2269.0,192.782855320384,27.31378957449496,0.289,0.289,0.0,0.00378,0.00365,0.0,350.9999,2269.0,192.782855320384,27.31378957449496,0.083338322638,0.0833333,0.083338322638,0.0833333,0.289,0.289,0.0,0.2886838,0.2886751,0.0,99.0,0.0,1.59,1.0,0.0,0.999,28.0,823,823,28_19,28_11,627.6332,22.58593,19.3096,0.0391,191.3863,2.0,10.0,351.0,2269.0,350.812,2269.0205,350.812,2269.0205,192.78291499411696,27.313785198590374,0.783,0.698,5.87,0.03523,0.02837,0.49,350.812,2269.0205,192.78291499411696,27.313785198590374,0.61128639967,0.48841521979,0.61128639967,0.48841521979,0.783,0.698,5.87,0.7826864,0.6979281,5.87,23.3136,0.0,1.01,1.121,0.108,0.932,28.0,0.18901497295190248
5422,5422,28_208,28_214,1805.796,17.20558,18.1622,0.0103,1.297917E-5,80.0,80.0,355.0,2245.0,354.2132,2245.3734,354.2132,2245.3734,192.7816374798348,27.32041069193512,2.165,1.176,2.72,0.02656,0.01508,4.88,354.2132,2245.3734,192.7816374798348,27.32041069193512,0.88650735123,0.71804453684,0.88650735123,0.71804453684,0.942,0.847,-1.34,0.9415939,0.8473209,-1.34,99.0,0.0,5.47,1.841,0.457,0.963,28.0,824,824,28_20,28_10,1617.411,47.65648,18.2818,0.032,192.0532,47.0,49.0,355.0,2245.0,354.3387,2245.3721,354.3387,2245.3721,192.7815977256868,27.320410129082763,2.094,1.454,0.17,0.07282,0.04872,-0.72,354.3387,2245.3721,192.7815977256868,27.320410129082763,2.574886496,1.996893609,2.574886496,1.996893609,1.605,1.412,3.78,1.605437,1.412216,3.78,23.3541,0.0,5.97,1.44,0.306,0.027,28.0,0.1255067328871684
5424,5424,28_210,28_212,672.465,10.49953,19.2347,0.017,9.232434E-6,8.0,8.0,463.0,2241.0,463.1861,2240.6671,463.1861,2240.6671,192.74708704512216,27.320924244935853,0.479,0.467,-39.54,0.00918,0.00772,-28.3,463.1861,2240.6671,192.74708704512216,27.320924244935853,0.066640126526,0.10983206793,0.066640126526,0.10983206793,0.331,0.258,-88.97,0.3314304,0.2581203,-88.97,40.4938,0.0,0.92,1.025,0.025,0.998,28.0,825,825,28_21,28_9,561.7883,27.8487,19.4299,0.0538,191.5995,16.0,17.0,463.0,2241.0,463.1619,2240.5162,463.1619,2240.5162,192.74709341569945,27.32096686535342,1.142,0.945,-12.67,0.0715,0.05637,-14.85,463.1619,2240.5162,192.74709341569945,27.32096686535342,0.8037996562,0.69082464723,0.8037996562,0.69082464723,0.897,0.831,3.86,0.8968369,0.8308477,3.86,23.3509,0.0,3.2,1.209,0.173,0.778,28.0,0.15282817148689654
5450,5450,28_236,28_186,21261.9,59.03861,15.4849,0.003,-1.901964E-5,1471.0,1471.0,251.0,2173.0,242.8229,2174.238,242.8229,2174.238,192.8163147539068,27.341237297219987,10.444,9.588,-0.15,0.03786,0.03664,-4.99,242.8229,2174.238,192.8163147539068,27.341237297219987,75.973428793,57.405518727,75.973428793,57.405518727,8.722,7.57,4.3,8.722323,7.569677,4.3,42.4142,0.0,13.14,1.089,0.082,0.029,28.0,827,827,28_23,28_7,1223659.0,478.9122,11.0847,4.0E-4,193.6467,656.0,689.0,245.0,2174.0,242.4461,2174.5279,242.4461,2174.5279,192.81643652750537,27.34115852563041,2.924,2.521,-87.54,0.00149,0.00139,-79.45,242.4461,2174.5279,192.81643652750537,27.34115852563041,3.4309390562,4.3386451092,3.4309390562,4.3386451092,2.086,1.849,-83.55,2.085757,1.849109,-83.55,23.4124,4.0,16.28,1.16,0.138,0.941,28.0,0.47541587058082896
5542,5542,28_328,28_94,485.2953,8.919451,19.5889,0.02,-3.109944E-5,9.0,9.0,443.0,2128.0,443.0348,2128.1795,443.0348,2128.1795,192.7525060205717,27.352710833386745,0.576,0.413,30.89,0.01235,0.00881,38.66,443.0348,2128.1795,192.7525060205717,27.352710833386745,0.13487072234,0.12572242843,0.13487072234,0.12572242843,0.368,0.353,15.89,0.3683447,0.3534336,15.89,37.3953,0.0,1.12,1.395,0.283,0.995,28.0,828,828,28_24,28_6,402.0428,25.19227,19.7932,0.068,191.7364,11.0,14.0,443.0,2128.0,443.1616,2128.2844,443.1616,2128.2844,192.7524667504006,27.35268038566836,1.079,0.862,24.52,0.08515,0.06626,24.7,443.1616,2128.2844,192.7524667504006,27.35268038566836,0.84324206006,0.71520765225,0.84324206006,0.71520765225,0.929,0.834,20.09,0.9289857,0.8339276,20.09,23.351,0.0,3.91,1.251,0.201,0.325,28.0,0.16456685571512303
5551,5551,28_337,28_85,11392.68,43.21634,16.1623,0.0041,-0.001349333,20.0,20.0,281.0,2119.0,280.7493,2119.116,280.7493,2119.116,192.80383802127764,27.356461581299865,0.45,0.355,-13.98,0.00176,0.00147,-17.6,280.7493,2119.116,192.80383802127764,27.356461581299865,0.10914693797,0.092189796766,0.10914693797,0.092189796766,0.33,0.304,-0.53,0.3303761,0.3036253,-0.53,33.5159,0.0,0.85,1.266,0.21,0.994,28.0,829,829,28_25,28_5,10924.21,67.22531,16.2079,0.0067,192.2593,57.0,66.0,281.0,2119.0,280.7991,2119.1677,280.7991,2119.1677,192.80382268165985,27.356446674946515,1.57,1.498,-11.25,0.01273,0.01232,-21.38,280.7991,2119.1677,192.80382268165985,27.356446674946515,0.92430823698,0.85079399208,0.92430823698,0.85079399208,0.963,0.921,-9.79,0.9625821,0.9211612,-9.79,23.3247,0.0,2.96,1.048,0.046,0.984,28.0,0.07178391184658764
5559,5559,28_345,28_77,33981.61,74.6375,14.9758,0.0024,-7.172569E-6,4.0,4.0,178.0,2111.0,177.456,2111.3665,177.456,2111.3665,192.8364933075548,27.359397156513108,0.532,0.444,-39.62,0.00117,9.8E-4,-39.62,177.456,2111.3665,192.8364933075548,27.359397156513108,0.24731818298,0.18670659711,0.24731818298,0.18670659711,0.512,0.415,-23.7,0.511648,0.4150194,-23.7,99.0,0.0,1.13,1.196,0.164,1.0,28.0,830,830,28_26,28_4,32838.17,97.96149,15.0129,0.0032,192.1975,92.0,99.0,177.0,2111.0,177.5307,2111.4354,177.5307,2111.4354,192.8364702198953,27.359377234528825,1.659,1.598,-8.13,0.00669,0.00651,-9.21,177.5307,2111.4354,192.8364702198953,27.359377234528825,0.95842004412,0.87921726824,0.95842004412,0.87921726824,0.981,0.936,-12.2,0.9809714,0.9355921,-12.2,23.3205,0.0,2.95,1.038,0.037,0.997,28.0,0.10162332409426328
5629,5629,28_415,28_7,390.7848,8.003942,19.824,0.0222,-6.448733E-5,4.0,4.0,106.0,2025.0,105.6436,2024.6582,105.6436,2024.6582,192.85852231057044,27.38430489805085,0.505,0.447,-42.72,0.01065,0.00956,-42.75,105.6436,2024.6582,192.85852231057044,27.38430489805085,0.18318103562,0.17204382141,0.18318103562,0.17204382141,0.441,0.401,-35.34,0.4409592,0.4009736,-35.34,99.0,0.0,1.07,1.13,0.115,0.999,28.0,832,832,28_28,28_2,268.4301,21.60707,20.2318,0.0874,191.7811,9.0,10.0,106.0,2025.0,105.6724,2024.6954,105.6724,2024.6954,192.85851349421876,27.384294227272093,0.925,0.749,-43.03,0.09366,0.07392,-44.82,105.6724,2024.6954,192.85851349421876,27.384294227272093,0.76784202719,0.71775461943,0.76784202719,0.71775461943,0.882,0.841,-21.91,0.881767,0.841477,-21.91,23.3023,0.0,3.03,1.236,0.191,0.54,28.0,0.04704550988137172
5648,5648,29_14,29_312,281.7481,6.796191,20.1792,0.0262,1.944968E-5,5.0,5.0,530.0,2494.0,530.043,2493.9058,530.043,2493.9058,192.72809545963864,27.24920032071736,0.565,0.389,1.38,0.01364,0.00939,1.38,530.043,2493.9058,192.72809545963864,27.24920032071736,0.14935025606,0.1175658727,0.14935025606,0.1175658727,0.386,0.343,0.49,0.3864616,0.3428754,0.49,38.0778,0.0,1.31,1.452,0.311,1.0,29.0,836,836,29_4,29_32,171.2057,17.31511,20.7201,0.1098,190.5971,6.0,7.0,530.0,2494.0,530.0278,2493.7219,530.0278,2493.7219,192.7280986880021,27.249252157836278,0.739,0.664,-3.74,0.09681,0.0894,-0.21,530.0278,2493.7219,192.7280986880021,27.249252157836278,0.5391657208,0.43581653219,0.5391657208,0.43581653219,0.739,0.655,-13.83,0.7388037,0.6550964,-13.83,23.3166,0.0,2.38,1.113,0.101,0.419,29.0,0.1845270982809825
5649,5649,29_15,29_311,84841.34,117.934,13.9823,0.0015,-0.003531418,5.0,5.0,837.0,2489.0,836.7109,2488.9183,836.7109,2488.9183,192.6309895551228,27.248268571694823,0.453,0.274,-0.38,6.3E-4,3.8E-4,-0.38,836.7109,2488.9183,192.6309895551228,27.248268571694823,0.11521182531,0.088973729491,0.11521182531,0.088973729491,0.339,0.298,-0.08,0.3394288,0.2982846,-0.08,31.2449,4.0,2.0,1.655,0.396,1.0,29.0,835,835,29_3,29_33,85420.12,139.2958,13.975,0.0018,191.0077,126.0,140.0,837.0,2489.0,836.7589,2488.9503,836.7589,2488.9503,192.63097464571024,27.248259201313346,1.742,1.656,9.45,0.00384,0.0037,24.17,836.7589,2488.9503,192.63097464571024,27.248259201313346,0.98632352455,0.87689933636,0.98632352455,0.87689933636,0.993,0.936,-2.3,0.9932274,0.9363345,-2.3,23.3594,0.0,3.04,1.052,0.049,0.994,29.0,0.0576888204075101
5668,5668,29_34,29_292,5892.917,31.08138,16.878,0.0057,-4.563039E-5,5.0,5.0,895.0,2443.0,894.908,2443.3834,894.908,2443.3834,192.61216360699257,27.26062475386104,0.486,0.296,89.14,0.00256,0.00156,89.14,894.908,2443.3834,192.61216360699257,27.26062475386104,0.095339729967,0.17346085795,0.095339729967,0.17346085795,0.416,0.309,89.92,0.4164865,0.308771,89.92,34.5303,0.0,0.95,1.641,0.391,1.0,29.0,837,837,29_5,29_31,5605.271,54.63313,16.9324,0.0106,191.0982,44.0,52.0,895.0,2443.0,894.9386999999999,2443.4458,894.9386999999999,2443.4458,192.6121544445452,27.2606069660343,1.521,1.407,2.8,0.01959,0.01794,0.66,894.9386999999999,2443.4458,192.6121544445452,27.2606069660343,0.92097225208,0.82344667959,0.92097225208,0.82344667959,0.96,0.907,-2.48,0.9597683,0.9073389,-2.48,23.3552,0.0,2.99,1.081,0.075,0.982,29.0,0.0695431520709931
5680,5680,29_46,29_280,28436.84,68.27721,15.1692,0.0026,-5.476812E-5,4.0,4.0,541.0,2424.0,541.3783,2424.3816,541.3783,2424.3816,192.7239088370391,27.268669088330643,0.503,0.467,45.67,0.00121,0.00112,45.67,541.3783,2424.3816,192.7239088370391,27.268669088330643,0.18393619367,0.18621472342,0.18393619367,0.18621472342,0.443,0.417,48.0,0.4426758,0.4173596,48.0,99.0,0.0,0.92,1.075,0.07,1.0,29.0,838,838,29_6,29_30,28056.21,91.11706,15.1838,0.0035,191.3049,87.0,94.0,541.0,2424.0,541.4752,2424.4678,541.4752,2424.4678,192.72387890638672,27.268644115951943,1.67,1.58,8.15,0.00745,0.007,21.82,541.4752,2424.4678,192.72387890638672,27.268644115951943,0.96356362676,0.87511485524,0.96356362676,0.87511485524,0.982,0.935,-0.93,0.9816247,0.9354632,-0.93,23.3579,0.0,3.0,1.057,0.054,0.983,29.0,0.12969213545915315
5682,5682,29_48,29_278,735.0271,10.97708,19.1381,0.0162,-1.719699E-6,7.0,7.0,796.0,2422.0,796.1317,2421.8615,796.1317,2421.8615,192.64324165081612,27.267440722095472,0.596,0.514,-35.31,0.0089,0.00768,-35.32,796.1317,2421.8615,192.64324165081612,27.267440722095472,0.14624569506,0.13349787062,0.14624569506,0.13349787062,0.385,0.363,-18.91,0.3846308,0.3630464,-18.91,35.2084,0.0,1.39,1.159,0.137,1.0,29.0,839,839,29_7,29_29,609.4519,30.08494,19.3415,0.0536,190.8769,13.0,20.0,796.0,2422.0,796.02,2421.8956,796.02,2421.8956,192.64327731278183,27.267431990707216,1.173,1.06,-20.12,0.07009,0.06432,-25.61,796.02,2421.8956,192.64327731278183,27.267431990707216,0.85199005232,0.74885284194,0.85199005232,0.74885284194,0.925,0.863,-10.58,0.9250496,0.8632069,-10.58,23.3222,0.0,3.78,1.106,0.096,0.411,29.0,0.11678912620616391
5684,5684,29_50,29_276,271.265,6.668558,20.2204,0.0267,-4.033798E-7,5.0,5.0,926.0,2418.0,925.9958,2418.2691,925.9958,2418.2691,192.60209826478152,27.26744640487919,0.52,0.441,-9.09,0.01279,0.01085,-9.09,925.9958,2418.2691,192.60209826478152,27.26744640487919,0.084819867977,0.1116273719,0.084819867977,0.1116273719,0.334,0.291,-86.73,0.3342386,0.2910873,-86.73,37.9133,0.0,1.28,1.179,0.152,1.0,29.0,840,840,29_8,29_28,156.4022,16.32613,20.8183,0.1134,189.8102,6.0,6.0,926.0,2418.0,926.0063,2418.4603,926.0063,2418.4603,192.60209664879747,27.26739254979477,0.786,0.498,0.46,0.11331,0.06976,-0.0,926.0063,2418.4603,192.60209664879747,27.26739254979477,0.71376265362,0.58005607561,0.71376265362,0.58005607561,0.845,0.762,-2.01,0.8449425,0.7615057,-2.01,23.2608,0.0,3.1,1.578,0.366,0.484,29.0,0.1914880936248495
5686,5686,29_52,29_274,318.569,7.226647,20.0459,0.0246,-2.345911E-4,6.0,6.0,627.0,2414.0,626.7732,2413.9316,626.7732,2413.9316,192.69678586037625,27.27096370393892,0.619,0.497,-33.22,0.01405,0.01127,-33.22,626.7732,2413.9316,192.69678586037625,27.27096370393892,0.21043675929,0.13951096415,0.21043675929,0.13951096415,0.466,0.364,-16.76,0.4663794,0.3639203,-16.76,34.6958,0.0,1.71,1.246,0.198,1.0,29.0,841,841,29_9,29_27,169.984,17.52771,20.7278,0.112,191.5053,6.0,7.0,627.0,2414.0,626.6885,2413.9915,626.6885,2413.9915,192.6968131942582,27.27094749875725,0.737,0.669,-87.76,0.09369,0.08667,-89.94,626.6885,2413.9915,192.6968131942582,27.27094749875725,0.79074757186,0.75651911137,0.79074757186,0.75651911137,0.9,0.859,-30.75,0.8997168,0.8589391,-30.75,23.3558,0.0,3.32,1.102,0.092,0.504,29.0,0.10374054173766094
5695,5695,29_61,29_265,41303.46,82.28645,14.7639,0.0022,-3.179883E-5,4.0,4.0,689.0,2396.0,689.4259999999999,2395.7556,689.4259999999999,2395.7556,192.6767929708517,27.27559969877519,0.498,0.426,12.76,9.9E-4,8.5E-4,12.76,689.4259999999999,2395.7556,192.6767929708517,27.27559969877519,0.21815748369,0.089457256501,0.21815748369,0.089457256501,0.467,0.299,2.65,0.467368,0.2986333,2.65,33.2451,0.0,0.95,1.169,0.144,1.0,29.0,843,843,29_11,29_25,40958.78,104.6829,14.773,0.0028,191.296,92.0,105.0,689.0,2396.0,689.5018,2395.7895,689.5018,2395.7895,192.67676927007184,27.27558958703573,1.696,1.602,7.29,0.00582,0.00551,11.58,689.5018,2395.7895,192.67676927007184,27.27558958703573,0.99305178315,0.88803171522,0.99305178315,0.88803171522,0.997,0.942,-0.53,0.9965243,0.9423497,-0.53,23.3373,0.0,3.01,1.059,0.055,0.998,29.0,0.08303523348557743
5696,5696,29_62,29_264,307.1629,7.096097,20.0854,0.0251,5.403155E-6,6.0,6.0,779.0,2394.0,779.2302,2394.1234,779.2302,2394.1234,192.64834759347323,27.275371819428607,0.664,0.467,18.09,0.01535,0.01078,18.09,779.2302,2394.1234,192.64834759347323,27.275371819428607,0.24580836406,0.11329808533,0.24580836406,0.11329808533,0.498,0.333,7.3,0.4980136,0.3333,7.3,32.2787,0.0,1.64,1.424,0.298,1.0,29.0,844,844,29_12,29_24,209.1964,19.98925,20.5025,0.1038,191.9106,8.0,9.0,779.0,2394.0,779.3149000000001,2394.0787,779.3149000000001,2394.0787,192.64832038397876,27.27538374054564,0.931,0.68,-18.14,0.11165,0.08052,-20.14,779.3149000000001,2394.0787,192.64832038397876,27.27538374054564,0.91114793893,0.64149557209,0.91114793893,0.64149557209,0.955,0.801,1.53,0.9546413,0.8008143,1.53,23.3862,0.0,4.73,1.368,0.269,0.183,29.0,0.09577149889195548
5729,5729,29_95,29_231,1573.448,16.06058,18.3117,0.0111,-0.001873016,40.0,40.0,991.0,2335.0,991.3845,2335.431,991.3845,2335.431,192.58065332800052,27.290233216612165,1.806,1.278,-88.54,0.01843,0.01305,-88.54,991.3845,2335.431,192.58065332800052,27.290233216612165,0.59600828487,0.89783007117,0.59600828487,0.89783007117,0.974,0.738,69.1,0.9743518,0.7378868,69.1,33.1503,0.0,4.12,1.412,0.292,1.0,29.0,846,846,29_14,29_22,1215.957,41.5682,18.5916,0.0371,191.6022,34.0,37.0,991.0,2335.0,991.6575,2335.3065,991.6575,2335.3065,192.5805657660966,27.290266092612487,1.758,1.352,77.36,0.07038,0.05223,78.8,991.6575,2335.3065,192.5805657660966,27.290266092612487,1.9371207859,2.232986591,1.9371207859,2.232986591,1.496,1.39,82.01,1.496307,1.389667,82.01,23.3456,0.0,5.62,1.3,0.231,0.029,29.0,0.3000487460396861
5733,5733,29_99,29_227,559.9225,9.58074,19.4335,0.0186,3.626164E-6,11.0,11.0,881.0,2335.0,881.3642,2335.0474,881.3642,2335.0474,192.61548679364896,27.291198331772147,1.141,0.485,46.28,0.01952,0.0083,46.28,881.3642,2335.0474,192.61548679364896,27.291198331772147,0.32220647501,0.36328765604,0.32220647501,0.36328765604,0.705,0.434,48.83,0.7049072,0.434281,48.83,38.3511,0.0,2.73,2.352,0.575,1.0,29.0,847,847,29_15,29_21,378.7591,25.04913,19.858,0.0718,190.9746,13.0,14.0,881.0,2335.0,881.435,2335.1519,881.435,2335.1519,192.6154653058687,27.29116839345952,1.219,0.818,48.68,0.09709,0.06404,50.95,881.435,2335.1519,192.6154653058687,27.29116839345952,1.3176819086,1.3664565163,1.3176819086,1.3664565163,1.27,1.035,47.58,1.270076,1.034913,47.58,23.328,0.0,5.95,1.49,0.329,0.135,29.0,0.12622555208822522
5734,5734,29_100,29_226,1904.205,17.66819,18.1046,0.0101,2.430968E-5,8.0,8.0,741.0,2333.0,740.7135000000001,2333.3489,740.7135000000001,2333.3489,192.66000748806803,27.29275956530197,0.555,0.516,-32.35,0.00515,0.00478,-32.35,740.7135000000001,2333.3489,192.66000748806803,27.29275956530197,0.17120586181,0.19651012583,0.17120586181,0.19651012583,0.445,0.412,-75.95,0.4451971,0.4117226,-75.95,35.5924,0.0,1.18,1.076,0.071,1.0,29.0,848,848,29_16,29_20,1628.029,38.58706,18.2747,0.0257,191.0663,27.0,30.0,741.0,2333.0,740.7322,2333.2966,740.7322,2333.2966,192.66000110712773,27.29277413111473,1.356,1.233,4.72,0.03992,0.0354,10.67,740.7322,2333.2966,192.66000110712773,27.29277413111473,1.0164312096,0.91080971236,1.0164312096,0.91080971236,1.009,0.953,-7.14,1.009016,0.9534819,-7.14,23.3165,0.0,3.35,1.1,0.091,0.763,29.0,0.05554259626611983
5743,5743,29_109,29_217,368.2856,7.770115,19.8884,0.0229,-1.730842E-5,8.0,8.0,544.0,2316.0,543.8281,2315.6179,543.8281,2315.6179,192.72219500439945,27.299240283853614,0.968,0.371,85.64,0.02042,0.00783,85.64,543.8281,2315.6179,192.72219500439945,27.299240283853614,0.081479910573,0.30515573872,0.081479910573,0.30515573872,0.553,0.284,86.67,0.5530963,0.2841129,86.67,43.1116,0.0,2.53,2.608,0.617,1.0,29.0,849,849,29_17,29_19,164.8824,17.70703,20.7609,0.1166,190.9678,5.0,7.0,544.0,2316.0,543.8421,2315.6222,543.8421,2315.6222,192.72219060854303,27.299238969193272,0.88,0.601,79.49,0.11339,0.0778,79.27,543.8421,2315.6222,192.72219060854303,27.299238969193272,1.1850033392,1.559066224,1.1850033392,1.559066224,1.252,1.085,81.73,1.251858,1.08486,81.73,23.3075,0.0,2.54,1.465,0.317,0.388,29.0,0.014645477117419686
5754,5754,29_120,29_206,667.7072,10.46232,19.2424,0.017,3.73262E-5,12.0,12.0,730.0,2298.0,729.9458,2297.5053,729.9458,2297.5053,192.66310211726096,27.302922660742272,0.848,0.681,-75.15,0.01329,0.01067,-75.15,729.9458,2297.5053,192.66310211726096,27.302922660742272,0.34148884223,0.36119357233,0.34148884223,0.36119357233,0.619,0.566,-54.18,0.6185693,0.5657336,-54.18,99.0,0.0,2.22,1.245,0.197,1.0,29.0,850,850,29_18,29_18,512.3624,29.19685,19.5299,0.0619,191.6181,18.0,19.0,730.0,2298.0,729.9835,2297.5691,729.9835,2297.5691,192.66309073938064,27.30290442923938,1.198,1.1,-4.36,0.08007,0.07326,-0.46,729.9835,2297.5691,192.66309073938064,27.30290442923938,1.3605377079,1.3237601632,1.3605377079,1.3237601632,1.172,1.145,-27.58,1.172319,1.144537,-27.58,23.3571,0.0,4.27,1.089,0.082,0.037,29.0,0.07410620756759788
5773,5773,29_139,29_187,6603.94,32.90309,16.7544,0.0054,3.557414E-5,141.0,141.0,827.0,2255.0,827.0412,2254.8564,827.0412,2254.8564,192.6319769541581,27.31417121204573,5.892,1.293,44.46,0.02936,0.00644,44.46,827.0412,2254.8564,192.6319769541581,27.31417121204573,5.4747639897,5.1764928371,5.4747639897,5.1764928371,3.084,1.068,43.98,3.083914,1.06805,43.98,41.2406,0.0,13.87,4.556,0.781,1.0,29.0,851,851,29_19,29_16,6146.328,85.06581,16.8323,0.015,191.9932,139.0,153.0,827.0,2255.0,826.9603999999999,2254.7995,826.9603999999999,2254.7995,192.632002039415,27.314187837919835,5.253,1.667,44.27,0.08488,0.02684,44.52,826.9603999999999,2254.7995,192.632002039415,27.314187837919835,7.3312032035,7.0407299889,7.3312032035,7.0407299889,3.331,1.81,43.94,3.330794,1.810454,43.94,23.3791,0.0,15.36,3.15,0.683,0.001,29.0,0.09882433910740626
5784,5784,29_150,29_176,380.5615,7.898553,19.8528,0.0225,2.192492E-6,5.0,5.0,609.0,2253.0,609.0609,2253.0272,609.0609,2253.0272,192.70099564235883,27.316351374450104,0.546,0.539,-76.04,0.01133,0.01119,-76.04,609.0609,2253.0272,192.70099564235883,27.316351374450104,0.13624730578,0.13583880475,0.13624730578,0.13583880475,0.37,0.368,-38.37,0.3700453,0.3676311,-38.37,42.8695,0.0,1.51,1.012,0.012,1.0,29.0,852,852,29_20,29_15,221.9115,20.06421,20.4384,0.0982,192.2101,8.0,9.0,609.0,2253.0,608.9981,2253.0317,608.9981,2253.0317,192.701015570066,27.316350584064843,0.789,0.78,20.51,0.08412,0.08408,45.09,608.9981,2253.0317,192.701015570066,27.316350584064843,0.79326673175,0.69926043877,0.79326673175,0.69926043877,0.892,0.835,7.16,0.8915017,0.8353154,7.16,23.3867,0.0,3.29,1.012,0.012,0.468,29.0,0.06296101968671257
5793,5793,29_159,29_167,2137.751,18.72034,17.979,0.0095,-0.001877854,63.0,63.0,809.0,2232.0,809.7387,2233.0512,809.7387,2233.0512,192.6372636993906,27.32043704233589,2.015,1.93,37.35,0.01764,0.0169,37.35,809.7387,2233.0512,192.6372636993906,27.32043704233589,1.4042776462,0.97739653109,1.4042776462,0.97739653109,1.192,0.98,11.13,1.192258,0.9798954,11.13,33.1224,0.0,6.53,1.044,0.042,0.999,29.0,853,853,29_21,29_14,1706.285,50.90032,18.2237,0.0324,192.3066,48.0,57.0,809.0,2233.0,809.6324999999999,2232.8568,809.6324999999999,2232.8568,192.6372956141837,27.32049253287725,1.993,1.773,9.81,0.06597,0.06026,15.99,809.6324999999999,2232.8568,192.6372956141837,27.32049253287725,3.400559735,3.0213645246,3.400559735,3.0213645246,1.847,1.735,8.88,1.84663,1.735477,8.88,23.404,0.0,6.06,1.124,0.11,0.002,29.0,0.22151704223367946
5799,5799,29_165,29_161,37520.88,78.42808,14.8682,0.0023,8.085392E-7,477.0,477.0,980.0,2216.0,980.3988,2215.8202,980.3988,2215.8202,192.58305720836415,27.32395763990095,7.185,2.226,-26.09,0.01502,0.00465,-26.09,980.3988,2215.8202,192.58305720836415,27.32395763990095,4.5102195499,2.0780500434,4.5102195499,2.0780500434,2.266,1.206,-24.3,2.265578,1.206411,-24.3,99.0,16.0,5.47,3.228,0.69,0.997,29.0,855,855,29_23,29_12,36876.98,148.7196,14.887,0.0044,191.1501,368.0,398.0,981.0,2216.0,980.6443,2215.7523,980.6443,2215.7523,192.58297884013376,27.3239748139589,6.425,2.318,-25.9,0.03611,0.0131,-27.1,980.6443,2215.7523,192.58297884013376,27.3239748139589,6.460179304,3.7806138087,6.460179304,3.7806138087,2.67,1.763,-24.11,2.670396,1.763457,-24.11,23.3294,16.0,9.24,2.772,0.639,0.029,29.0,0.2547168231585767
5806,5806,29_172,29_154,8465.867,37.25382,16.4847,0.0048,4.195073E-5,4.0,4.0,726.0,2227.0,726.4603999999999,2227.4164,726.4603999999999,2227.4164,192.66359011984812,27.3226610550274,0.516,0.474,41.25,0.00227,0.00209,41.25,726.4603999999999,2227.4164,192.66359011984812,27.3226610550274,0.23917965492,0.21702705805,0.23917965492,0.21702705805,0.499,0.455,29.08,0.4990982,0.4550909,29.08,43.7879,0.0,0.93,1.088,0.081,1.0,29.0,854,854,29_22,29_13,8192.208,61.69817,16.5204,0.0082,191.5166,53.0,61.0,726.0,2227.0,726.5647,2227.4715,726.5647,2227.4715,192.66355756972607,27.3226447611607,1.634,1.454,7.5,0.01637,0.01412,5.89,726.5647,2227.4715,192.66355756972607,27.3226447611607,1.016684876,0.88216922002,1.016684876,0.88216922002,1.008,0.939,2.15,1.008402,0.9391372,2.15,23.3396,0.0,3.07,1.124,0.11,0.977,29.0,0.11795973889434049
5807,5807,29_173,29_153,619.8577,10.08048,19.3231,0.0177,1.231873E-5,10.0,10.0,638.0,2227.0,637.6239,2226.8243,637.6239,2226.8243,192.69172143691932,27.323504272018752,0.865,0.589,48.54,0.01406,0.00958,48.54,637.6239,2226.8243,192.69172143691932,27.323504272018752,0.31630001301,0.35552390312,0.31630001301,0.35552390312,0.627,0.527,54.94,0.6273689,0.5274771,54.94,46.2722,0.0,2.24,1.468,0.319,1.0,29.0,856,856,29_24,29_11,456.2048,27.66269,19.656,0.0659,191.2727,15.0,17.0,638.0,2227.0,637.4861,2226.8399,637.4861,2226.8399,192.69176521695596,27.323500930148644,1.191,0.964,69.27,0.08619,0.06764,74.6,637.4861,2226.8399,192.69176521695596,27.323500930148644,1.1548521326,1.1622346444,1.1548521326,1.1622346444,1.124,1.027,46.02,1.123568,1.026977,46.02,23.3197,0.0,4.5,1.235,0.19,0.054,29.0,0.13868020767223577
5822,5822,29_188,29_138,370.4259,7.792661,19.8821,0.0228,4.893955E-4,5.0,5.0,664.0,2216.0,663.9802999999999,2216.4749,663.9802999999999,2216.4749,192.683283382945,27.326214724557246,0.562,0.346,54.33,0.01183,0.00729,54.33,663.9802999999999,2216.4749,192.683283382945,27.326214724557246,0.048358420104,0.24262323156,0.048358420104,0.24262323156,0.495,0.214,83.31,0.4953142,0.2136479,83.31,99.0,0.0,1.19,1.623,0.384,1.0,29.0,857,857,29_25,29_10,193.3595,18.84426,20.588,0.1058,192.2064,7.0,8.0,664.0,2216.0,664.0008,2216.4876,664.0008,2216.4876,192.68327700094557,27.326210996921475,0.809,0.691,89.74,0.09639,0.07895,89.99,664.0008,2216.4876,192.68327700094557,27.326210996921475,0.60291908897,0.69438417147,0.60291908897,0.69438417147,0.847,0.762,65.96,0.8468218,0.7617061,65.96,23.3862,0.0,2.39,1.17,0.145,0.382,29.0,0.024115140472274577
5828,5828,29_194,29_132,1033.312,13.0152,18.7683,0.0137,1.212809E-6,8.0,8.0,934.0,2208.0,934.0607,2208.4712,934.0607,2208.4712,192.5976682593429,27.326386312779142,0.631,0.547,-4.08,0.00795,0.00689,-4.08,934.0607,2208.4712,192.5976682593429,27.326386312779142,0.19137447524,0.25462776933,0.19137447524,0.25462776933,0.505,0.437,-87.16,0.5047612,0.4372852,-87.16,46.4149,0.0,1.46,1.153,0.133,1.0,29.0,858,858,29_26,29_9,851.9973,32.10557,18.9778,0.0409,191.7202,19.0,22.0,934.0,2208.0,934.0294,2208.4991,934.0294,2208.4991,192.59767842305789,27.32637871038109,1.21,1.129,-9.02,0.05349,0.0516,-1.76,934.0294,2208.4991,192.59767842305789,27.32637871038109,1.0164838313,0.92941147962,1.0164838313,0.92941147962,1.01,0.962,-10.41,1.009714,0.9624828,-10.41,23.3601,0.0,3.48,1.072,0.067,0.66,29.0,0.04192970307552549
5886,5886,29_252,29_74,1424.65,15.28232,18.4196,0.0116,0.0,8.0,8.0,857.0,2095.0,857.3442,2095.2538,857.3442,2095.2538,192.6209604260717,27.3588224040729,0.569,0.463,32.2,0.0061,0.00497,32.2,857.3442,2095.2538,192.6209604260717,27.3588224040729,0.18507470873,0.11986562033,0.18507470873,0.11986562033,0.433,0.342,11.16,0.4332628,0.3423794,11.16,54.0948,0.0,1.12,1.227,0.185,1.0,29.0,862,862,29_30,29_5,1347.49,37.67237,18.4801,0.0304,190.952,24.0,30.0,857.0,2095.0,857.5011999999999,2095.3025,857.5011999999999,2095.3025,192.62091111719425,27.358807492576048,1.37,1.236,31.06,0.04774,0.04259,43.05,857.5011999999999,2095.3025,192.62091111719425,27.358807492576048,1.0560284029,0.92163536941,1.0560284029,0.92163536941,1.031,0.956,12.73,1.03114,0.9562498,12.73,23.3093,0.0,3.49,1.109,0.098,0.614,29.0,0.16437971286007177
5893,5893,29_259,29_67,349.6084,7.570525,19.9449,0.0235,-5.88431E-6,9.0,9.0,561.0,2088.0,560.8171,2087.7878,560.8171,2087.7878,192.71484374287988,27.36318741623257,0.849,0.642,24.39,0.01839,0.01391,24.39,560.8171,2087.7878,192.71484374287988,27.36318741623257,0.3874789531,0.33029251956,0.3874789531,0.33029251956,0.634,0.562,24.05,0.6337941,0.5622069,24.05,55.451,0.0,2.53,1.322,0.244,1.0,29.0,863,863,29_31,29_4,164.1522,18.69223,20.7658,0.1237,192.4872,7.0,8.0,561.0,2088.0,560.8714,2087.871,560.8714,2087.871,192.7148272598428,27.363163608098336,0.84,0.677,-43.61,0.10969,0.08683,-44.91,560.8714,2087.871,192.7148272598428,27.363163608098336,1.2424407415,1.1255426072,1.2424407415,1.1255426072,1.126,1.049,22.54,1.125502,1.049394,22.54,23.4119,0.0,4.47,1.241,0.194,0.457,29.0,0.0993515475471161
5911,5911,29_277,29_49,693.8207,10.66495,19.2007,0.0167,-1.856956E-5,7.0,7.0,549.0,2063.0,548.9118,2063.268,548.9118,2063.268,192.71840348308163,27.370172953957617,0.575,0.551,47.51,0.00883,0.00848,47.51,548.9118,2063.268,192.71840348308163,27.370172953957617,0.12841029155,0.17511925213,0.12841029155,0.17511925213,0.419,0.358,85.05,0.4188939,0.3578511,85.05,55.9948,0.0,1.33,1.042,0.04,1.0,29.0,864,864,29_32,29_3,525.8464,27.77757,19.5017,0.0574,190.979,13.0,17.0,549.0,2063.0,548.9679,2063.311,548.9679,2063.311,192.71838608008548,27.370160438392904,1.081,1.021,6.74,0.068,0.06489,1.26,548.9679,2063.311,192.71838608008548,27.370160438392904,0.84556244772,0.79709285824,0.84556244772,0.79709285824,0.93,0.881,28.49,0.9304854,0.8813923,28.49,23.3107,0.0,3.31,1.059,0.055,0.611,29.0,0.07068387369133074
5914,5914,29_280,29_46,569.5775,9.662989,19.415,0.0184,-8.635099E-6,10.0,10.0,578.0,2057.0,577.6624,2056.949,577.6624,2056.949,192.7092390621144,27.37173330252553,0.873,0.547,83.34,0.0148,0.00928,83.34,577.6624,2056.949,192.7092390621144,27.37173330252553,0.25223377814,0.40040531708,0.25223377814,0.40040531708,0.639,0.494,77.3,0.6390066,0.494277,77.3,55.8127,0.0,2.48,1.594,0.373,1.0,29.0,865,865,29_33,29_2,452.9807,27.56436,19.6637,0.0661,190.9203,15.0,17.0,578.0,2057.0,577.6371,2057.0998,577.6371,2057.0998,192.7092483872233,27.371691083338288,1.197,0.964,72.81,0.08896,0.06964,74.71,577.6371,2057.0998,192.7092483872233,27.371691083338288,1.0450650288,1.1512957644,1.0450650288,1.1512957644,1.082,1.013,68.72,1.081804,1.012946,68.72,23.29,0.0,4.45,1.241,0.194,0.057,29.0,0.1529075864696309
5958,5958,29_324,29_317,780.394,11.31077,19.0731,0.0157,-4.805287E-4,22.0,22.0,859.0,2502.0,859.1076,2502.2377,859.1076,2502.2377,192.62401880455965,27.24434949813958,1.088,0.811,-33.93,0.01577,0.01175,-33.93,859.1076,2502.2377,192.62401880455965,27.24434949813958,0.39278896327,0.38703882073,0.39278896327,0.38703882073,0.65,0.598,-42.49,0.650163,0.5975917,-42.49,33.8234,2.0,2.35,1.342,0.255,1.0,29.0,834,834,29_2,29_34,629.5233,31.37711,19.3063,0.0541,190.8692,20.0,23.0,859.0,2502.0,859.1734,2502.163,859.1734,2502.163,192.62399731547788,27.24436999862839,1.328,1.156,-36.91,0.08065,0.06895,-37.76,859.1734,2502.163,192.62399731547788,27.24436999862839,1.8076293222,1.6226308627,1.8076293222,1.6226308627,1.346,1.272,-9.54,1.346477,1.271715,-9.54,23.3567,0.0,4.49,1.149,0.13,0.11,29.0,0.09954762679247436
5959,5959,30_1,30_21,3644.726,24.44374,17.3997,0.0073,-7.570841E-4,68.0,68.0,1424.0,2043.0,1423.4384,2042.7357,1423.4384,2042.7357,192.44112356309992,27.369092291604407,1.983,1.004,36.79,0.0133,0.00673,36.79,1423.4384,2042.7357,192.44112356309992,27.369092291604407,0.73603915988,0.53261506193,0.73603915988,0.53261506193,0.927,0.64,31.58,0.9271752,0.6395314,31.58,34.9144,2.0,2.88,1.976,0.494,1.0,30.0,887,887,30_22,30_3,3685.417,59.41279,17.3877,0.0175,192.142,67.0,75.0,1424.0,2043.0,1423.6312,2042.7627,1423.6312,2042.7627,192.44106273038676,27.369083126568004,2.349,1.641,28.16,0.04671,0.0324,28.32,1423.6312,2042.7627,192.44106273038676,27.369083126568004,2.3820077723,1.9506030997,2.3820077723,1.9506030997,1.594,1.339,27.4,1.593902,1.338689,27.4,23.3968,0.0,5.2,1.431,0.301,0.015,30.0,0.19468138072249078
5968,5968,30_10,30_291,288.3063,6.874833,20.1542,0.0259,-9.171211E-5,4.0,4.0,1360.0,2504.0,1359.7732,2503.8048,1359.7732,2503.8048,192.46557079977683,27.23994900041297,0.472,0.366,-46.97,0.01126,0.00873,-46.97,1359.7732,2503.8048,192.46557079977683,27.23994900041297,0.15528070129,0.1498496987,0.15528070129,0.1498496987,0.398,0.383,-31.07,0.3979638,0.3830865,-31.07,43.794,0.0,1.12,1.289,0.224,1.0,30.0,867,867,30_2,30_23,205.5664,19.0136,20.5215,0.1004,190.6018,8.0,8.0,1360.0,2504.0,1359.8469,2503.8895,1359.8469,2503.8895,192.46554825932,27.239924584176286,0.832,0.654,-45.3,0.10297,0.08132,-44.97,1359.8469,2503.8895,192.46554825932,27.239924584176286,0.63707642026,0.61160951668,0.63707642026,0.61160951668,0.841,0.735,-40.62,0.8413548,0.7353964,-40.62,23.3194,0.0,4.03,1.274,0.215,0.497,30.0,0.11227546481776511
5972,5972,30_14,30_287,29539.12,69.58791,15.1279,0.0026,4.859055E-7,4.0,4.0,1122.0,2499.0,1121.8544,2498.7638,1121.8544,2498.7638,192.54082580105535,27.24327064955529,0.425,0.352,-85.39,0.001,8.3E-4,-85.39,1121.8544,2498.7638,192.54082580105535,27.24327064955529,0.10279456193,0.12067855209,0.10279456193,0.12067855209,0.347,0.321,-89.47,0.3473904,0.3206135,-89.47,41.7329,0.0,0.91,1.207,0.172,1.0,30.0,868,868,30_3,30_22,29277.68,92.82208,15.1375,0.0034,190.856,86.0,97.0,1122.0,2499.0,1121.9031,2498.8084,1121.9031,2498.8084,192.54081079216652,27.2432577206904,1.662,1.581,9.96,0.00728,0.00688,32.18,1121.9031,2498.8084,192.54081079216652,27.2432577206904,0.93632387784,0.84950416382,0.93632387784,0.84950416382,0.968,0.921,-6.92,0.9683083,0.9209816,-6.92,23.342,0.0,2.99,1.052,0.049,0.988,30.0,0.0660367322024651
5975,5975,30_17,30_284,1143.948,13.69425,18.6579,0.013,0.0,12.0,12.0,1284.0,2496.0,1283.6231,2496.5722,1283.6231,2496.5722,192.48960513171244,27.24259685314521,0.561,0.434,-48.88,0.00672,0.00519,-48.88,1283.6231,2496.5722,192.48960513171244,27.24259685314521,0.19987463907,0.24265527805,0.19987463907,0.24265527805,0.526,0.407,-56.39,0.5258596,0.407433,-56.39,43.7477,0.0,1.51,1.295,0.228,1.0,30.0,869,869,30_4,30_21,986.6067,33.34538,18.8185,0.0367,191.1472,21.0,24.0,1284.0,2497.0,1283.5575,2496.5479,1283.5575,2496.5479,192.489625670432,27.242604214088622,1.203,1.165,-18.67,0.04908,0.04894,-7.27,1283.5575,2496.5479,192.489625670432,27.242604214088622,0.86092099285,0.81685419681,0.86092099285,0.81685419681,0.94,0.891,-30.41,0.9402601,0.8908907,-30.41,23.3733,0.0,3.02,1.033,0.032,0.909,30.0,0.06995605763634155
5981,5981,30_23,30_278,99523.9,127.7317,13.809,0.0014,-0.001778592,4.0,4.0,1449.0,2488.0,1448.6623,2487.8095,1448.6623,2487.8095,192.43728945041863,27.243725488038635,0.479,0.386,-15.2,6.1E-4,4.9E-4,-15.2,1448.6623,2487.8095,192.43728945041863,27.243725488038635,0.19912670165,0.13331996169,0.19912670165,0.13331996169,0.446,0.365,-2.6,0.4463879,0.3649445,-2.6,33.2284,4.0,0.85,1.242,0.195,1.0,30.0,870,870,30_5,30_20,99591.2,148.3624,13.8083,0.0016,191.5602,128.0,140.0,1449.0,2488.0,1448.7322,2487.85,1448.7322,2487.85,192.43726770561256,27.243713528552963,1.709,1.628,7.7,0.00336,0.00324,25.72,1448.7322,2487.85,192.43726770561256,27.243713528552963,0.92355223389,0.8337176653,0.92355223389,0.8337176653,0.962,0.913,-6.12,0.9615605,0.9125082,-6.12,23.3738,0.0,2.94,1.05,0.047,0.998,30.0,0.0807852709347435
6008,6008,30_50,30_251,437418.7,267.7835,12.2016,7.0E-4,0.001852172,5.0,5.0,1431.0,2449.0,1431.0928,2448.5438,1431.0928,2448.5438,192.4424840773717,27.25491108024133,0.498,0.334,88.16,3.1E-4,2.0E-4,88.16,1431.0928,2448.5438,192.4424840773717,27.25491108024133,0.10083509416,0.2266754165,0.10083509416,0.2266754165,0.476,0.318,89.79,0.4761062,0.3175427,89.79,99.0,4.0,0.0,1.492,0.33,1.0,30.0,871,871,30_6,30_19,448797.9,290.1097,12.1737,7.0E-4,191.7135,237.0,261.0,1431.0,2449.0,1431.1761,2448.609,1431.1761,2448.609,192.4424583187095,27.254892066253117,1.774,1.711,4.41,0.00149,0.00147,5.59,1431.1761,2448.609,192.4424583187095,27.254892066253117,0.93315139312,0.85209969248,0.93315139312,0.85209969248,0.967,0.922,-7.96,0.9668334,0.9222171,-7.96,23.3848,0.0,2.97,1.037,0.036,1.0,30.0,0.10578246546569978
6042,6042,30_84,30_217,2746.074,21.21735,17.7071,0.0084,2.125314E-6,7.0,7.0,1493.0,2400.0,1492.9172,2400.2177,1492.9172,2400.2177,192.42246258161563,27.26799649150393,0.423,0.352,-82.29,0.00326,0.00272,-82.29,1492.9172,2400.2177,192.42246258161563,27.26799649150393,0.092704882728,0.10268881478,0.092704882728,0.10268881478,0.32,0.304,-89.84,0.3204511,0.3044747,-89.84,37.3843,0.0,0.9,1.201,0.167,1.0,30.0,872,872,30_7,30_18,2558.306,43.0342,17.784,0.0183,190.6771,34.0,37.0,1493.0,2400.0,1492.9756,2400.2408,1492.9756,2400.2408,192.4224443113444,27.267989517107186,1.393,1.322,1.96,0.02965,0.0288,19.0,1492.9756,2400.2408,192.4224443113444,27.267989517107186,0.9241385684,0.82459116938,0.9241385684,0.82459116938,0.962,0.907,-7.07,0.9621305,0.9072125,-7.07,23.3352,0.0,3.05,1.053,0.05,0.979,30.0,0.06280262733343363
6077,6077,30_119,30_182,616.5811,10.0538,19.3289,0.0177,-1.165853E-6,13.0,13.0,1217.0,2336.0,1216.9071,2335.6726,1216.9071,2335.6726,192.5092471061677,27.288381149903497,0.601,0.483,35.58,0.00979,0.00788,35.58,1216.9071,2335.6726,192.5092471061677,27.288381149903497,0.10536250839,0.14708378399,0.10536250839,0.14708378399,0.388,0.319,74.71,0.3878859,0.31936,74.71,37.2194,2.0,1.2,1.243,0.195,1.0,30.0,875,875,30_10,30_15,486.5538,26.70444,19.586,0.0596,190.9498,15.0,16.0,1217.0,2336.0,1216.9891,2335.5904,1216.9891,2335.5904,192.50922038932003,27.2884036113752,1.108,0.951,3.92,0.07381,0.06076,0.16,1216.9891,2335.5904,192.50922038932003,27.2884036113752,1.0901394819,1.0028139324,1.0901394819,1.0028139324,1.047,0.998,14.03,1.046879,0.9984975,14.03,23.3417,0.0,3.28,1.165,0.141,0.356,30.0,0.11610701959825517
6100,6100,30_142,30_160,1087.389,13.35142,18.7129,0.0133,-1.442543E-4,5.0,5.0,1020.0,2300.0,1020.3829,2299.5054,1020.3829,2299.5054,192.57114748301245,27.30010931362865,0.5,0.495,-73.36,0.00614,0.00608,-73.34,1020.3829,2299.5054,192.57114748301245,27.30010931362865,0.20155698463,0.24995890713,0.20155698463,0.24995890713,0.5,0.449,89.04,0.4999726,0.4489358,89.04,41.5077,0.0,0.99,1.011,0.011,1.0,30.0,876,876,30_11,30_14,864.4671,30.76919,18.962,0.0387,191.1407,18.0,20.0,1020.0,2299.0,1020.4165,2299.5001,1020.4165,2299.5001,192.57113679522723,27.30011054032118,1.263,0.956,-0.27,0.0567,0.03913,-0.02,1020.4165,2299.5001,192.57113679522723,27.30011054032118,0.85242510628,0.70200315499,0.85242510628,0.70200315499,0.923,0.838,-1.8,0.9233488,0.837768,-1.8,23.3292,0.0,3.08,1.321,0.243,0.801,30.0,0.034015437671800514
6108,6108,30_150,30_152,3226.266,22.99774,17.5321,0.0077,5.77851E-9,4.0,4.0,1229.0,2282.0,1228.7556,2281.8101,1228.7556,2281.8101,192.50500139872472,27.303433878463306,0.434,0.387,-18.77,0.0031,0.00276,-18.77,1228.7556,2281.8101,192.50500139872472,27.303433878463306,0.13821032289,0.1223784236,0.13821032289,0.1223784236,0.372,0.35,-2.91,0.3718216,0.3497677,-2.91,36.4752,0.0,0.93,1.122,0.109,1.0,30.0,877,877,30_12,30_13,2949.13,45.51738,17.6296,0.0168,190.9747,34.0,40.0,1229.0,2282.0,1228.7921,2281.7991,1228.7921,2281.7991,192.5049897393744,27.30343667981722,1.39,1.35,5.75,0.02747,0.02645,49.25,1228.7921,2281.7991,192.5049897393744,27.30343667981722,0.88006711652,0.8158035283,0.88006711652,0.8158035283,0.94,0.901,-14.0,0.9403876,0.9008561,-14.0,23.3405,0.0,2.95,1.03,0.029,0.979,30.0,0.038121516234199904
6109,6109,30_151,30_151,806.0571,11.49524,19.038,0.0155,-6.075375E-5,12.0,12.0,1113.0,2281.0,1113.1465,2280.6578,1113.1465,2280.6578,192.54160122544224,27.3046783105258,0.504,0.429,-55.9,0.00719,0.00612,-55.9,1113.1465,2280.6578,192.54160122544224,27.3046783105258,0.12985016276,0.18536176329,0.12985016276,0.18536176329,0.431,0.36,-86.58,0.4307671,0.3600717,-86.58,38.2857,0.0,0.88,1.175,0.149,1.0,30.0,878,878,30_13,30_12,657.0613,28.8447,19.2599,0.0477,190.9281,15.0,18.0,1113.0,2281.0,1113.1864,2280.5687,1113.1864,2280.5687,192.5415877803704,27.30470305195997,1.145,0.976,-0.97,0.06157,0.05029,-0.3,1113.1864,2280.5687,192.5415877803704,27.30470305195997,0.82338269685,0.73146420841,0.82338269685,0.73146420841,0.909,0.853,-10.47,0.9091926,0.8533556,-10.47,23.3318,0.0,2.99,1.174,0.148,0.731,30.0,0.09762591868978632
6112,6112,30_154,30_148,1104.192,13.45419,18.6963,0.0132,-4.416794E-5,10.0,10.0,1159.0,2261.0,1159.0486,2261.4914,1159.0486,2261.4914,192.52689027602935,27.309704121852292,0.506,0.481,-82.24,0.00616,0.00586,-82.25,1159.0486,2261.4914,192.52689027602935,27.309704121852292,0.064703097901,0.23288440928,0.064703097901,0.23288440928,0.483,0.254,-89.78,0.4825836,0.2543631,-89.78,35.6461,0.0,-0.05,1.052,0.049,1.0,30.0,879,879,30_14,30_11,1004.726,34.18889,18.7987,0.037,190.5088,21.0,25.0,1159.0,2261.0,1159.106,2261.5598,1159.106,2261.5598,192.52687272205208,27.30968442951269,1.257,1.186,58.34,0.05494,0.04818,68.89,1159.106,2261.5598,192.52687272205208,27.30968442951269,0.94209693009,0.85698644358,0.94209693009,0.85698644358,0.972,0.925,-8.1,0.9715226,0.924785,-8.1,23.3006,0.0,3.33,1.06,0.057,0.896,30.0,0.08929344880787998
6146,6146,30_188,30_114,419.3185,8.291004,19.7475,0.0215,5.280946E-7,15.0,15.0,1404.0,2207.0,1404.0493,2207.1738,1404.0493,2207.1738,192.44879788198543,27.32300864822062,1.064,0.538,53.93,0.02104,0.01064,53.93,1404.0493,2207.1738,192.44879788198543,27.32300864822062,0.36065967068,0.43293142534,0.36065967068,0.43293142534,0.745,0.489,51.63,0.7445944,0.4890504,51.63,36.1003,0.0,4.12,1.977,0.494,1.0,30.0,880,880,30_15,30_10,251.8713,21.80789,20.3009,0.094,190.7918,9.0,11.0,1404.0,2207.0,1403.8821,2207.0901,1403.8821,2207.0901,192.44885005645065,27.323033545746178,1.02,0.819,50.4,0.10477,0.08379,52.69,1403.8821,2207.0901,192.44885005645065,27.323033545746178,1.3758894382,1.5654950441,1.3758894382,1.5654950441,1.302,1.117,57.55,1.301616,1.116772,57.55,23.3252,0.0,4.53,1.246,0.197,0.541,30.0,0.1869800256711339
6156,6156,30_198,30_104,9878.808,40.24273,16.3171,0.0044,-1.350148E-5,4.0,4.0,1214.0,2194.0,1213.7066,2193.6736,1213.7066,2193.6736,192.50895915660692,27.32834018534003,0.475,0.449,-60.56,0.00194,0.00183,-60.56,1213.7066,2193.6736,192.50895915660692,27.32834018534003,0.12070784009,0.14226533106,0.12070784009,0.14226533106,0.378,0.347,-80.36,0.3780285,0.3465077,-80.36,33.9804,0.0,0.99,1.059,0.055,1.0,30.0,881,881,30_16,30_9,9442.263,64.15859,16.3662,0.0074,191.5528,57.0,64.0,1214.0,2194.0,1213.7346,2193.7002,1213.7346,2193.7002,192.5089505318097,27.32833248099893,1.566,1.498,-4.83,0.01395,0.01357,-35.62,1213.7346,2193.7002,192.5089505318097,27.32833248099893,0.954083547,0.86534445814,0.954083547,0.86534445814,0.978,0.929,-7.67,0.9776103,0.9293579,-7.67,23.3615,0.0,3.02,1.045,0.043,0.982,30.0,0.03862071982768815
6157,6157,30_199,30_103,21992.16,60.04391,15.4482,0.003,1.06768E-6,4.0,4.0,1302.0,2187.0,1301.7951,2187.1157,1301.7951,2187.1157,192.48099802740444,27.329477238019365,0.404,0.319,-5.93,0.0011,8.7E-4,-5.93,1301.7951,2187.1157,192.48099802740444,27.329477238019365,0.099385821519,0.090238763246,0.099385821519,0.090238763246,0.315,0.3,-0.11,0.3152552,0.3003976,-0.11,37.2481,0.0,0.85,1.268,0.212,1.0,30.0,882,882,30_17,30_8,21765.89,83.90849,15.4594,0.0042,191.0075,75.0,88.0,1302.0,2187.0,1301.8349,2187.2006,1301.8349,2187.2006,192.48098620532423,27.3294530419338,1.655,1.563,1.02,0.00873,0.0083,5.44,1301.8349,2187.2006,192.48098620532423,27.3294530419338,0.96019385431,0.86828624966,0.96019385431,0.86828624966,0.981,0.931,-7.08,0.9806299,0.9310452,-7.08,23.3323,0.0,3.02,1.059,0.055,0.983,30.0,0.09376593197985156
6166,6166,30_208,30_94,238.7307,6.255891,20.3591,0.0285,-1.811406E-5,5.0,5.0,1097.0,2176.0,1097.1539,2175.5717,1097.1539,2175.5717,192.54571187809375,27.33435785546779,0.635,0.383,38.16,0.01665,0.01004,38.16,1097.1539,2175.5717,192.54571187809375,27.33435785546779,0.13165014006,0.22357601066,0.13165014006,0.22357601066,0.491,0.338,68.16,0.4910787,0.3377393,68.16,40.0078,0.0,1.66,1.658,0.397,1.0,30.0,883,883,30_18,30_7,136.0404,14.95377,20.9697,0.1194,190.5091,4.0,5.0,1097.0,2175.0,1097.2091,2175.4149,1097.2091,2175.4149,192.5456929693875,27.334401514702723,0.75,0.448,19.91,0.12187,0.07054,18.55,1097.2091,2175.4149,192.5456929693875,27.334401514702723,0.74032523595,0.58150541403,0.74032523595,0.58150541403,0.898,0.718,28.42,0.8978368,0.7181363,28.42,23.2945,0.0,3.41,1.674,0.403,0.477,30.0,0.16623260811261592
6186,6186,30_228,30_74,2547.26,20.43486,17.7887,0.0087,-4.090005E-5,22.0,22.0,1186.0,2147.0,1186.2322,2146.698,1186.2322,2146.698,192.51723165957395,27.34177009547681,0.54,0.488,-25.19,0.00433,0.00392,-25.19,1186.2322,2146.698,192.51723165957395,27.34177009547681,0.087004393475,0.1054981245,0.087004393475,0.1054981245,0.326,0.294,-80.41,0.3256399,0.2940428,-80.41,33.0002,0.0,0.9,1.105,0.095,1.0,30.0,884,884,30_19,30_6,2374.675,42.87786,17.8649,0.0196,190.896,32.0,36.0,1186.0,2147.0,1186.2775,2146.69,1186.2775,2146.69,192.517217236486,27.34177198386068,1.434,1.296,-1.22,0.03229,0.0289,1.81,1186.2775,2146.69,192.517217236486,27.34177198386068,1.0027803671,0.88602147307,1.0027803671,0.88602147307,1.004,0.939,-10.97,1.003664,0.9388615,-10.97,23.3095,0.0,3.27,1.107,0.096,0.939,30.0,0.04600097825043226
6237,6237,30_279,30_24,1205.692,14.05896,18.6008,0.0127,-3.959052E-6,63.0,63.0,1092.0,2050.0,1091.6816,2049.6126,1091.6816,2049.6126,192.54630189622063,27.36982363291969,1.679,1.088,26.57,0.01957,0.01269,26.57,1091.6816,2049.6126,192.54630189622063,27.36982363291969,1.16015172,0.75990453613,1.16015172,0.75990453613,1.086,0.861,11.87,1.085658,0.8610474,11.87,34.6216,2.0,4.66,1.543,0.352,1.0,30.0,886,886,30_21,30_4,1063.446,40.45749,18.7371,0.0413,190.9305,30.0,35.0,1092.0,2050.0,1091.7349,2049.6273,1091.7349,2049.6273,192.5462851413106,27.369819077260825,1.661,1.378,22.47,0.07123,0.06051,24.83,1091.7349,2049.6273,192.5462851413106,27.369819077260825,2.6267749364,2.2022153958,2.6267749364,2.2022153958,1.64,1.463,19.7,1.639876,1.462805,19.7,23.2921,0.0,6.05,1.206,0.171,0.004,30.0,0.0552899629228394
6252,6252,30_294,30_13,1720.99,16.79671,18.2144,0.0106,-1.378089E-4,6.0,6.0,1299.0,2037.0,1299.1055,2036.6247,1299.1055,2036.6247,192.48046026719683,27.37181910972215,0.485,0.31,86.28,0.00473,0.00303,86.28,1299.1055,2036.6247,192.48046026719683,27.37181910972215,0.09827831937,0.17034797966,0.09827831937,0.17034797966,0.413,0.313,89.62,0.4127363,0.3134886,89.62,33.1939,0.0,1.01,1.562,0.36,1.0,30.0,888,888,30_23,30_2,1518.972,37.24262,18.35,0.0266,191.5487,26.0,29.0,1299.0,2037.0,1299.1807,2036.6126,1299.1807,2036.6126,192.48043632850744,27.371821905940195,1.276,1.224,36.67,0.03937,0.03676,58.7,1299.1807,2036.6126,192.48043632850744,27.371821905940195,0.82556486041,0.76561939857,0.82556486041,0.76561939857,0.909,0.874,7.42,0.9091747,0.8744059,7.42,23.3642,0.0,2.89,1.043,0.041,0.967,30.0,0.07616725018013201
6266,6266,31_1,31_7,20762.66,58.34136,15.5107,0.0031,0.0,202.0,202.0,1910.0,2029.0,1909.9965,2029.1023,1909.9965,2029.1023,192.2868531738836,27.36886963770959,4.057,1.376,86.11,0.01227,0.00431,86.47,1909.9965,2029.1023,192.2868531738836,27.36886963770959,0.39617905463,0.74523080645,0.39617905463,0.74523080645,0.864,0.629,87.34,0.8637061,0.6288255,87.34,99.0,16.0,2.15,2.949,0.661,0.994,31.0,889,889,31_1,31_4,21556.1,115.9118,15.4699,0.0058,191.3039,210.0,223.0,1910.0,2029.0,1910.062,2029.1629,1910.062,2029.1629,192.2868330129837,27.368852040284324,4.183,2.044,86.29,0.03035,0.0137,86.1,1910.062,2029.1629,192.2868330129837,27.368852040284324,2.1183370919,2.877509546,2.1183370919,2.877509546,1.696,1.455,88.63,1.69645,1.455302,88.63,23.2847,16.0,4.61,2.046,0.511,0.03,31.0,0.08923345785070416
6271,6271,31_6,31_92,889.9653,12.07874,18.9304,0.0147,0.0,4.0,4.0,1987.0,2491.0,1986.5839,2491.3689,1986.5839,2491.3689,192.26709615390675,27.23823385709388,0.496,0.48,-24.34,0.00683,0.00661,-25.45,1986.5839,2491.3689,192.26709615390675,27.23823385709388,0.21722992266,0.18577136611,0.21722992266,0.18577136611,0.467,0.43,-7.39,0.4666558,0.4303878,-7.39,99.0,0.0,0.94,1.033,0.032,1.0,31.0,892,892,31_4,31_31,797.272,31.63958,19.0499,0.0431,190.3239,20.0,22.0,1987.0,2491.0,1986.5517,2491.3304,1986.5517,2491.3304,192.26710596736845,27.23824495805573,1.239,1.076,0.23,0.06164,0.05215,0.28,1986.5517,2491.3304,192.26710596736845,27.23824495805573,0.96886337994,0.85957902667,0.96886337994,0.85957902667,0.985,0.926,-6.57,0.9850534,0.9263434,-6.57,23.3273,0.0,3.26,1.151,0.131,0.819,31.0,0.05019053695683371
6274,6274,31_9,31_89,45634.25,86.49292,14.6556,0.0021,9.705198E-4,6.0,6.0,1567.0,2474.0,1567.2064,2473.9077,1567.2064,2473.9077,192.3996409382616,27.24666332298141,0.422,0.309,11.02,8.0E-4,5.9E-4,10.95,1567.2064,2473.9077,192.3996409382616,27.24666332298141,0.10419444427,0.092363418618,0.10419444427,0.092363418618,0.323,0.304,0.67,0.3227942,0.3039108,0.67,99.0,0.0,0.96,1.365,0.267,1.0,31.0,893,893,31_5,31_30,45932.82,109.581,14.6486,0.0026,191.2605,98.0,110.0,1567.0,2474.0,1567.2801,2473.9541,1567.2801,2473.9541,192.3996180502987,27.24664966722018,1.684,1.588,0.17,0.00542,0.00514,0.96,1567.2801,2473.9541,192.3996180502987,27.24664966722018,0.93339967769,0.82792375468,0.93339967769,0.82792375468,0.967,0.909,-5.34,0.9666065,0.9093928,-5.34,23.3552,0.0,2.94,1.061,0.057,0.993,31.0,0.08708989608422962
6275,6275,31_10,31_88,15961.37,51.1529,15.7962,0.0035,0.0,5.0,5.0,1923.0,2458.0,1923.4622,2457.9208,1923.4622,2457.9208,192.28674458357185,27.248177114477027,0.499,0.27,1.5,0.0016,8.7E-4,1.57,1923.4622,2457.9208,192.28674458357185,27.248177114477027,0.23879707655,0.094089555959,0.23879707655,0.094089555959,0.489,0.307,0.16,0.4886698,0.3067385,0.16,99.0,0.0,1.06,1.844,0.458,1.0,31.0,894,894,31_6,31_29,15801.83,75.17992,15.8071,0.0052,190.1816,72.0,77.0,1923.0,2458.0,1923.5419,2457.9505,1923.5419,2457.9505,192.2867196507903,27.248168085571592,1.649,1.512,4.7,0.01057,0.00972,8.93,1923.5419,2457.9505,192.2867196507903,27.248168085571592,0.97646314225,0.85675379554,0.97646314225,0.85675379554,0.988,0.926,0.27,0.9881629,0.9256085,0.27,23.3096,0.0,3.04,1.09,0.083,0.985,31.0,0.08505398285796649
6282,6282,31_17,31_81,3630.034,24.39441,17.4041,0.0073,0.0,5.0,5.0,1901.0,2432.0,1901.2472,2431.541,1901.2472,2431.541,192.2935192389044,27.25578363210525,0.51,0.426,66.87,0.00345,0.00289,65.67,1901.2472,2431.541,192.2935192389044,27.25578363210525,0.096642788241,0.24564077085,0.096642788241,0.24564077085,0.497,0.309,84.93,0.4968116,0.3089689,84.93,99.0,0.0,0.99,1.198,0.166,1.0,31.0,895,895,31_7,31_28,3448.032,48.52119,17.4599,0.0153,190.7341,39.0,45.0,1901.0,2432.0,1901.2805,2431.568,1901.2805,2431.568,192.29350896173315,27.255775757285274,1.48,1.391,-3.03,0.02685,0.02488,-18.74,1901.2805,2431.568,192.29350896173315,27.255775757285274,0.95917303065,0.86165045918,0.95917303065,0.86165045918,0.981,0.926,10.2,0.9810393,0.9264909,10.2,23.344,0.0,3.08,1.064,0.06,0.977,31.0,0.04287061930980171
6284,6284,31_19,31_79,4682.244,27.70525,17.1277,0.0064,9.279968E-4,5.0,5.0,1897.0,2422.0,1896.6764,2422.0462,1896.6764,2422.0462,192.29487392957884,27.258492297111356,0.468,0.248,-0.97,0.00278,0.00151,-1.3,1896.6764,2422.0462,192.29487392957884,27.258492297111356,0.13092632681,0.089184027261,0.13092632681,0.089184027261,0.362,0.299,-0.05,0.3618375,0.2986369,-0.05,99.0,0.0,0.95,1.887,0.47,1.0,31.0,896,896,31_8,31_27,4468.686,50.59629,17.1784,0.0123,190.5248,40.0,46.0,1897.0,2422.0,1896.719,2422.0978,1896.719,2422.0978,192.29486094673888,27.258477426110783,1.506,1.341,1.05,0.02234,0.01919,1.61,1896.719,2422.0978,192.29486094673888,27.258477426110783,0.93119095497,0.80384737538,0.93119095497,0.80384737538,0.965,0.896,-2.14,0.9650746,0.896476,-2.14,23.329,0.0,3.01,1.123,0.11,0.98,31.0,0.06691277904837561
6286,6286,31_21,31_77,69641.09,106.8484,14.1967,0.0017,8.92149E-5,6.0,6.0,1535.0,2413.0,1534.8486,2413.211,1534.8486,2413.211,192.40931131414283,27.263998529489022,0.465,0.391,33.56,7.1E-4,6.0E-4,33.53,1534.8486,2413.211,192.40931131414283,27.263998529489022,0.13530513862,0.13874529524,0.13530513862,0.13874529524,0.374,0.366,63.75,0.3739657,0.3663332,63.75,99.0,0.0,1.1,1.19,0.16,1.0,31.0,897,897,31_9,31_26,70569.23,128.6037,14.1823,0.002,191.1571,120.0,125.0,1535.0,2413.0,1534.9389,2413.2704,1534.9389,2413.2704,192.40928328915552,27.263981083045493,1.708,1.617,3.01,0.00417,0.00396,14.02,1534.9389,2413.2704,192.40928328915552,27.263981083045493,0.95293201346,0.84631699513,0.95293201346,0.84631699513,0.977,0.92,-4.39,0.9765066,0.9196107,-4.39,23.3563,0.0,3.0,1.056,0.053,0.986,31.0,0.1080853829156565
6287,6287,31_22,31_76,1807.926,17.21573,18.1609,0.0103,0.0,5.0,5.0,1823.0,2411.0,1823.3578,2411.4361,1823.3578,2411.4361,192.31797591583617,27.262095837650588,0.517,0.477,42.82,0.00501,0.00459,39.27,1823.3578,2411.4361,192.31797591583617,27.262095837650588,0.18681000706,0.22802054236,0.18681000706,0.22802054236,0.481,0.429,75.58,0.4805578,0.4288295,75.58,99.0,0.0,0.99,1.083,0.076,1.0,31.0,898,898,31_10,31_25,1682.901,38.88417,18.2387,0.0251,191.2413,29.0,31.0,1823.0,2411.0,1823.4054,2411.5127,1823.4054,2411.5127,192.31796158724305,27.26207389655065,1.36,1.246,12.63,0.03805,0.03581,28.24,1823.4054,2411.5127,192.31796158724305,27.26207389655065,1.0077541762,0.84161138475,1.0077541762,0.84161138475,1.004,0.917,4.54,1.004395,0.9168185,4.54,23.3755,0.0,3.29,1.091,0.083,0.933,31.0,0.09018492113463132
6290,6290,31_25,31_73,7125.479,34.17764,16.6718,0.0052,0.0,161.0,161.0,1673.0,2396.0,1672.3793,2396.1907,1672.3793,2396.1907,192.36561704889124,27.267647421413216,2.858,2.656,-76.88,0.01567,0.01453,-76.12,1672.3793,2396.1907,192.36561704889124,27.267647421413216,1.170807574,1.3778648013,1.170807574,1.3778648013,1.2,1.053,-64.49,1.199535,1.053465,-64.49,99.0,0.0,2.49,1.076,0.071,0.962,31.0,899,899,31_11,31_24,6919.399,83.00797,16.7037,0.013,191.9718,130.0,143.0,1673.0,2396.0,1672.7149,2396.1853,1672.7149,2396.1853,192.3655107693797,27.26764614738769,2.758,2.552,-67.61,0.04044,0.03769,-75.6,1672.7149,2396.1853,192.3655107693797,27.26764614738769,3.8859071664,4.0390437565,3.8859071664,4.0390437565,2.033,1.947,-58.17,2.033484,1.946764,-58.17,23.4072,0.0,5.19,1.081,0.075,0.015,31.0,0.335643441765102
6300,6300,31_35,31_63,6102.211,31.62851,16.8401,0.0056,5.225767E-6,5.0,5.0,1594.0,2386.0,1594.0238,2386.0662,1594.0238,2386.0662,192.39032389488915,27.271144294141266,0.407,0.392,-82.49,0.00213,0.00205,-82.54,1594.0238,2386.0662,192.39032389488915,27.271144294141266,0.088537683777,0.089367531477,0.088537683777,0.089367531477,0.299,0.298,-89.53,0.2989441,0.2975527,-89.53,99.0,0.0,2.29,1.039,0.037,1.0,31.0,900,900,31_12,31_23,5884.238,55.97506,16.8796,0.0103,191.556,47.0,54.0,1594.0,2386.0,1594.094,2386.1173,1594.094,2386.1173,192.390302155726,27.27112934410081,1.542,1.419,1.29,0.01951,0.01714,12.34,1594.094,2386.1173,192.390302155726,27.27112934410081,0.90827239121,0.81065687658,0.90827239121,0.81065687658,0.955,0.898,-11.07,0.9550691,0.898205,-11.07,23.3711,0.0,2.97,1.087,0.08,0.983,31.0,0.08682885465087668
6306,6306,31_41,31_57,3442.987,23.75761,17.4615,0.0075,0.0,4.0,4.0,1542.0,2349.0,1542.2949,2349.1918,1542.2949,2349.1918,192.4063519850161,27.281940378348697,0.459,0.39,-12.19,0.00318,0.00272,-11.86,1542.2949,2349.1918,192.4063519850161,27.281940378348697,0.16286910517,0.12645148878,0.16286910517,0.12645148878,0.404,0.356,-1.83,0.4036165,0.3555478,-1.83,99.0,0.0,0.95,1.175,0.149,1.0,31.0,901,901,31_13,31_22,3154.178,46.41794,17.5567,0.016,191.1519,33.0,41.0,1542.0,2349.0,1542.3749,2349.2258,1542.3749,2349.2258,192.40632697807644,27.28193015886158,1.457,1.309,-1.63,0.02763,0.02405,5.06,1542.3749,2349.2258,192.40632697807644,27.28193015886158,0.89936413582,0.79710859536,0.89936413582,0.79710859536,0.949,0.892,-7.04,0.9491825,0.8919224,-7.04,23.3493,0.0,2.88,1.113,0.102,0.981,31.0,0.08692525524837723
6311,6311,31_46,31_52,15539.95,50.47309,15.8252,0.0035,2.046303E-7,4.0,4.0,1931.0,2337.0,1930.6665,2337.0763,1930.6665,2337.0763,192.2832930756396,27.28209625933507,0.472,0.265,2.33,0.00153,8.6E-4,2.3,1930.6665,2337.0763,192.2832930756396,27.28209625933507,0.14632906529,0.092347428511,0.14632906529,0.092347428511,0.383,0.304,0.23,0.382531,0.3038857,0.23,99.0,0.0,0.97,1.78,0.438,1.0,31.0,902,902,31_14,31_21,15193.11,72.95628,15.8498,0.0052,191.0848,64.0,73.0,1931.0,2337.0,1930.7447,2337.1551,1930.7447,2337.1551,192.28326908700015,27.282073435948966,1.599,1.505,2.24,0.01015,0.00991,29.62,1930.7447,2337.1551,192.28326908700015,27.282073435948966,0.93726663908,0.82323386136,0.93726663908,0.82323386136,0.968,0.907,-2.13,0.9682068,0.9072354,-2.13,23.3833,0.0,3.0,1.063,0.059,0.989,31.0,0.1110165753387867
6312,6312,31_47,31_51,461.9785,8.702539,19.6423,0.0205,0.0,5.0,5.0,1719.0,2337.0,1718.9676,2336.5302,1718.9676,2336.5302,192.350301353463,27.28403568790536,0.504,0.342,79.51,0.00986,0.00733,74.46,1718.9676,2336.5302,192.350301353463,27.28403568790536,0.10200960329,0.25897541168,0.10200960329,0.25897541168,0.509,0.319,89.2,0.5089266,0.3193412,89.2,99.0,0.0,1.94,1.473,0.321,1.0,31.0,904,904,31_16,31_19,372.9476,23.36797,19.8747,0.068,190.3846,12.0,12.0,1719.0,2336.0,1719.0321,2336.622,1719.0321,2336.622,192.3502818105932,27.284009334461043,0.997,0.825,56.69,0.08051,0.06499,55.24,1719.0321,2336.622,192.3502818105932,27.284009334461043,0.75880205478,0.75544619644,0.75880205478,0.75544619644,0.893,0.847,43.79,0.8927211,0.846934,43.79,23.2956,0.0,3.26,1.21,0.173,0.526,31.0,0.11219398379564591
6317,6317,31_52,31_46,577.702,9.731662,19.3996,0.0183,-2.972337E-7,3.0,3.0,1769.0,2317.0,1769.2886,2316.9232,1769.2886,2316.9232,192.33418367413012,27.289127609841803,0.457,0.26,9.13,0.00785,0.00463,10.47,1769.2886,2316.9232,192.33418367413012,27.289127609841803,0.12633201089,0.092640213942,0.12633201089,0.092640213942,0.355,0.304,0.72,0.3554396,0.3043598,0.72,99.0,0.0,1.01,1.761,0.432,0.999,31.0,906,906,31_18,31_17,444.3866,23.51033,19.6845,0.0575,190.4686,12.0,12.0,1769.0,2317.0,1769.422,2316.968,1769.422,2316.968,192.3341418720688,27.28911389207432,1.024,0.768,2.52,0.07028,0.05138,0.45,1769.422,2316.968,192.3341418720688,27.28911389207432,0.73763829572,0.55127976066,0.73763829572,0.55127976066,0.861,0.74,7.36,0.8606992,0.7403479,7.36,23.3119,0.0,2.91,1.333,0.25,0.656,31.0,0.14072171118897636
6319,6319,31_54,31_44,364.6848,7.732037,19.8991,0.023,0.0,6.0,6.0,1669.0,2307.0,1668.7469,2306.9219,1668.7469,2306.9219,192.3659184888888,27.292780505627167,0.58,0.466,13.56,0.01327,0.01077,18.61,1668.7469,2306.9219,192.3659184888888,27.292780505627167,0.18587508406,0.086302438435,0.18587508406,0.086302438435,0.431,0.294,2.2,0.4313026,0.2935227,2.2,99.0,0.0,1.41,1.245,0.197,1.0,31.0,907,907,31_19,31_16,292.5261,22.16735,20.1385,0.0823,190.6956,11.0,11.0,1669.0,2307.0,1668.6605,2306.8928,1668.6605,2306.8928,192.3659455664789,27.292789407781857,1.012,0.745,13.38,0.09742,0.06899,14.92,1668.6605,2306.8928,192.3659455664789,27.292789407781857,0.93371768895,0.75659973354,0.93371768895,0.75659973354,0.971,0.864,12.67,0.9711527,0.8643957,12.67,23.3147,0.0,3.77,1.36,0.264,0.436,31.0,0.09116890917417644
6322,6322,31_57,31_41,225.2758,6.077043,20.4221,0.0293,0.0,4.0,4.0,1613.0,2289.0,1612.5755,2288.7305,1612.5755,2288.7305,192.38353039844156,27.29836241609535,0.512,0.424,-27.42,0.0145,0.01244,-28.18,1612.5755,2288.7305,192.38353039844156,27.29836241609535,0.23119994729,0.11172030556,0.23119994729,0.11172030556,0.483,0.331,-7.98,0.4833136,0.3306482,-7.98,99.0,0.0,1.06,1.208,0.172,0.998,31.0,908,908,31_20,31_15,122.6797,14.8684,21.0819,0.1316,191.1386,5.0,5.0,1613.0,2289.0,1612.7683,2288.6098,1612.7683,2288.6098,192.3834682117321,27.29839476062305,0.749,0.455,17.26,0.11796,0.06837,18.29,1612.7683,2288.6098,192.3834682117321,27.29839476062305,0.88881209912,0.63907201679,0.88881209912,0.63907201679,0.943,0.799,-1.76,0.942894,0.7992715,-1.76,23.346,0.0,3.43,1.648,0.393,0.482,31.0,0.22746500829797792
6324,6324,31_59,31_39,11900.36,44.16875,16.115,0.004,0.0,6.0,6.0,1687.0,2266.0,1687.0851,2265.5772,1687.0851,2265.5772,192.35971912647491,27.304253938668246,0.494,0.326,-89.35,0.00184,0.00122,-89.35,1687.0851,2265.5772,192.35971912647491,27.304253938668246,0.099197724868,0.20706588091,0.099197724868,0.20706588091,0.455,0.315,-89.93,0.4550451,0.3149564,-89.93,99.0,0.0,0.93,1.514,0.34,1.0,31.0,909,909,31_21,31_14,11815.65,69.11332,16.1227,0.0064,190.7818,62.0,71.0,1687.0,2266.0,1687.1664,2265.6279,1687.1664,2265.6279,192.3596938673136,27.30423900381693,1.617,1.52,3.21,0.01258,0.01208,0.98,1687.1664,2265.6279,192.3596938673136,27.30423900381693,0.97485419772,0.86420790995,0.97485419772,0.86420790995,0.988,0.929,-4.28,0.9876631,0.9292921,-4.28,23.3269,0.0,3.04,1.064,0.06,0.982,31.0,0.09581325586779015
6325,6325,31_60,31_38,665.392,10.44417,19.2462,0.017,-3.07691E-7,6.0,6.0,1786.0,2263.0,1786.0863,2263.2443,1786.0863,2263.2443,192.32835109620845,27.30408074902692,0.563,0.444,10.37,0.00924,0.00737,13.49,1786.0863,2263.2443,192.32835109620845,27.30408074902692,0.11018430912,0.10515992707,0.11018430912,0.10515992707,0.333,0.323,17.68,0.3327945,0.323407,17.68,99.0,0.0,1.3,1.267,0.211,1.0,31.0,910,910,31_22,31_13,565.3499,28.38672,19.4231,0.0545,191.4171,15.0,18.0,1786.0,2263.0,1786.0383,2263.2941,1786.0383,2263.2941,192.32836677128645,27.30406714930178,1.189,0.966,0.1,0.07279,0.0577,-0.11,1786.0383,2263.2941,192.32836677128645,27.30406714930178,0.93535960338,0.79244866014,0.93535960338,0.79244866014,0.967,0.89,-0.05,0.96714,0.8901958,-0.05,23.3778,0.0,3.52,1.231,0.188,0.661,31.0,0.06916675502019226
6329,6329,31_64,31_34,609.1454,9.992993,19.3421,0.0178,0.0,4.0,4.0,1602.0,2185.0,1601.6984,2184.6833,1601.6984,2184.6833,192.3859904379408,27.32771098744675,0.489,0.434,-48.26,0.00818,0.00736,-48.33,1601.6984,2184.6833,192.3859904379408,27.32771098744675,0.131744507,0.14202564884,0.131744507,0.14202564884,0.384,0.355,-59.31,0.3842067,0.3551835,-59.31,99.0,0.0,1.09,1.126,0.112,1.0,31.0,911,911,31_23,31_12,515.3301,26.05764,19.5237,0.0549,190.7989,14.0,15.0,1602.0,2185.0,1601.6379,2184.6493,1601.6379,2184.6493,192.38600927672076,27.327721049306543,1.056,0.931,-40.1,0.06794,0.0594,-44.66,1601.6379,2184.6493,192.38600927672076,27.327721049306543,0.88793840215,0.7855021116,0.88793840215,0.7855021116,0.955,0.872,-23.64,0.9551027,0.8724788,-23.64,23.3308,0.0,3.37,1.134,0.118,0.512,31.0,0.06939920748836327
6333,6333,31_68,31_30,336.7757,7.430285,19.9855,0.024,0.0,8.0,8.0,1823.0,2149.0,1822.5726,2148.6283,1822.5726,2148.6283,192.31569658766787,27.33600228255817,0.862,0.571,-26.45,0.02212,0.01369,-26.23,1822.5726,2148.6283,192.31569658766787,27.33600228255817,0.20062791596,0.26927101129,0.20062791596,0.26927101129,0.52,0.446,81.71,0.5203445,0.4462517,81.71,99.0,0.0,1.38,1.51,0.338,1.0,31.0,913,913,31_25,31_10,198.8121,18.89766,20.5578,0.1032,190.8227,8.0,8.0,1823.0,2149.0,1822.9786,2148.5166,1822.9786,2148.5166,192.3155669365877,27.336030262300017,0.831,0.698,89.97,0.09959,0.08151,-89.93,1822.9786,2148.5166,192.3155669365877,27.336030262300017,1.5404752408,1.3956883078,1.5404752408,1.3956883078,1.255,1.167,-23.4,1.254518,1.167196,-23.4,23.3146,0.0,4.52,1.19,0.16,0.483,31.0,0.4210853713915298
6339,6339,31_74,31_24,123047.8,142.0274,13.5787,0.0013,6.208243E-5,6.0,6.0,1877.0,2122.0,1876.9422,2121.6316,1876.9422,2121.6316,192.2982176859334,27.343133069141825,0.494,0.481,19.65,5.7E-4,5.6E-4,19.47,1876.9422,2121.6316,192.2982176859334,27.343133069141825,0.076225771029,0.18092017492,0.076225771029,0.18092017492,0.425,0.276,-89.81,0.4253485,0.276088,-89.81,99.0,4.0,1.11,1.028,0.027,1.0,31.0,914,914,31_26,31_9,125827.1,164.6236,13.5544,0.0014,191.7973,150.0,160.0,1877.0,2122.0,1877.0311,2121.6829,1877.0311,2121.6829,192.2981900268752,27.34311788982353,1.753,1.667,9.17,0.00306,0.00293,30.23,1877.0311,2121.6829,192.2981900268752,27.34311788982353,0.9599358668,0.85634246424,0.9599358668,0.85634246424,0.98,0.925,-1.63,0.9798059,0.9253424,-1.63,23.3825,0.0,3.01,1.052,0.049,0.984,31.0,0.10263966095012184
6351,6351,31_86,31_12,723.3129,10.88926,19.1556,0.0163,1.309032E-4,6.0,6.0,1552.0,2065.0,1551.4476,2064.7598,1551.4476,2064.7598,192.40077516079936,27.361849006508287,0.534,0.475,52.93,0.00845,0.00745,62.28,1551.4476,2064.7598,192.40077516079936,27.361849006508287,0.24567143747,0.1340218902,0.24567143747,0.1340218902,0.499,0.362,8.96,0.4985144,0.3621833,8.96,99.0,0.0,1.2,1.123,0.11,1.0,31.0,916,916,31_28,31_7,620.6776,28.44196,19.3217,0.0498,191.114,17.0,18.0,1552.0,2065.0,1551.3597,2064.8259,1551.3597,2064.8259,192.4008036299808,27.361831144259515,1.12,1.024,56.69,0.06461,0.05721,64.39,1551.3597,2064.8259,192.4008036299808,27.361831144259515,0.9477720407,0.86561426795,0.9477720407,0.86561426795,0.976,0.928,12.34,0.9756534,0.9281631,12.34,23.3376,0.0,3.17,1.094,0.086,0.667,31.0,0.10998008910707022
6352,6352,31_87,31_11,6039.367,31.46522,16.8514,0.0057,1.362546E-4,5.0,5.0,1606.0,2059.0,1606.1599,2058.6551,1606.1599,2058.6551,192.38338499294017,27.36311317102547,0.479,0.368,-78.48,0.00251,0.00194,-77.93,1606.1599,2058.6551,192.38338499294017,27.36311317102547,0.10663500215,0.15986143901,0.10663500215,0.15986143901,0.4,0.327,-88.69,0.3998615,0.3265076,-88.69,99.0,0.0,0.85,1.302,0.232,1.0,31.0,917,917,31_29,31_6,5750.927,54.29184,16.9045,0.0103,191.0321,45.0,51.0,1606.0,2059.0,1606.2378,2058.6932,1606.2378,2058.6932,192.38336067539728,27.363101811545118,1.501,1.414,-9.96,0.0184,0.01745,-24.48,1606.2378,2058.6932,192.38336067539728,27.363101811545118,0.9364460759,0.83559215798,0.9364460759,0.83559215798,0.969,0.913,-9.53,0.9692121,0.9125054,-9.53,23.3299,0.0,3.03,1.062,0.058,0.989,31.0,0.08671804887113287
6353,6353,31_88,31_10,669.0118,10.47254,19.2403,0.017,-0.003157429,4.0,4.0,1998.0,2054.0,1997.8057,2054.214,1997.8057,2054.214,192.25928410167617,27.361058081554724,0.429,0.375,52.81,0.00688,0.00619,53.83,1997.8057,2054.214,192.25928410167617,27.361058081554724,0.12837268916,0.13425564469,0.12837268916,0.13425564469,0.367,0.358,76.4,0.366908,0.3577805,76.4,35.2503,0.0,0.95,1.143,0.125,0.999,31.0,918,918,31_30,31_5,534.2484,27.07207,19.4845,0.055,191.7041,13.0,15.0,1998.0,2054.0,1997.6872,2054.3207,1997.6872,2054.3207,192.25932267436752,27.3610290969706,1.015,0.937,35.49,0.06292,0.05551,44.32,1997.6872,2054.3207,192.25932267436752,27.3610290969706,0.69366094291,0.61771998094,0.69366094291,0.61771998094,0.833,0.786,4.58,0.8331578,0.7856392,4.58,23.3278,0.0,3.07,1.084,0.077,0.701,31.0,0.1594588975253936
6357,6357,31_92,31_6,1350.735,14.88059,18.4774,0.012,-0.004915663,5.0,5.0,1994.0,2038.0,1994.3772,2037.8536,1994.3772,2037.8536,192.26021050482348,27.365687638184784,0.485,0.355,4.87,0.00541,0.00411,3.69,1994.3772,2037.8536,192.26021050482348,27.365687638184784,0.21097660626,0.11519017304,0.21097660626,0.11519017304,0.459,0.339,0.71,0.459338,0.3393749,0.71,33.5406,0.0,1.02,1.369,0.269,1.0,31.0,920,920,31_32,31_3,1183.821,36.02114,18.6207,0.033,191.1798,21.0,25.0,1994.0,2038.0,1994.3907,2037.8985,1994.3907,2037.8985,192.2602066665688,27.36567489759793,1.274,1.118,-3.81,0.04548,0.03954,-10.12,1994.3907,2037.8985,192.2602066665688,27.36567489759793,0.86636727894,0.71830652885,0.86636727894,0.71830652885,0.931,0.847,2.9,0.9309938,0.8473042,2.9,23.2756,0.0,3.13,1.14,0.123,0.923,31.0,0.04688560546702343
6359,6359,31_94,31_95,214.3673,5.928085,20.476,0.03,0.0,3.0,3.0,1801.0,2510.0,1800.544,2509.9774,1800.544,2509.9774,192.32614229681383,27.23457789223405,0.576,0.324,-2.61,0.01439,0.00599,-5.94,1800.544,2509.9774,192.32614229681383,27.23457789223405,0.23605610088,0.087387680418,0.23605610088,0.087387680418,0.486,0.296,-0.3,0.4858601,0.2956074,-0.3,99.0,0.0,1.16,1.778,0.438,0.997,31.0,919,919,31_31,31_33,118.6592,14.63642,21.1181,0.134,190.5077,4.0,5.0,1801.0,2510.0,1800.5953,2509.7946,1800.5953,2509.7946,192.32612430970516,27.23462886527672,0.729,0.456,71.41,0.12048,0.06994,71.55,1800.5953,2509.7946,192.32612430970516,27.23462886527672,0.58820038508,0.51482189015,0.58820038508,0.51482189015,0.767,0.717,-2.11,0.767007,0.7174417,-2.11,23.347,0.0,3.39,1.598,0.374,0.486,31.0,0.18986187084299175
6361,6361,31_96,31_94,95477.52,125.1082,13.8541,0.0014,0.0,6.0,6.0,1896.0,2500.0,1896.4278,2499.9235,1896.4278,2499.9235,192.29570566450784,27.2365955897649,0.496,0.35,6.33,6.5E-4,4.6E-4,6.33,1896.4278,2499.9235,192.29570566450784,27.2365955897649,0.22947280651,0.10637673225,0.22947280651,0.10637673225,0.479,0.326,0.65,0.4790496,0.3261304,0.65,99.0,0.0,1.28,1.417,0.294,1.0,31.0,921,921,31_33,31_32,96948.16,146.7306,13.8375,0.0016,190.523,132.0,143.0,1896.0,2500.0,1896.5126,2499.9819,1896.5126,2499.9819,192.2956793969695,27.236578448899483,1.727,1.633,7.62,0.00351,0.00336,22.04,1896.5126,2499.9819,192.2956793969695,27.236578448899483,0.96328018179,0.85526564187,0.96328018179,0.85526564187,0.982,0.925,-2.58,0.9815806,0.9246867,-2.58,23.3411,0.0,2.99,1.057,0.054,0.987,31.0,0.10296407140384078
6362,6362,32_1,32_13,1419.949,15.25708,18.4232,0.0117,1.215917E-4,67.0,67.0,2331.0,2025.0,2329.5695,2024.9723,2329.5695,2024.9723,192.15392416066763,27.36639234890224,2.315,1.897,-12.04,0.02978,0.0253,-23.71,2329.5695,2024.9723,192.15392416066763,27.36639234890224,2.1093879867,1.4092479673,2.1093879867,1.4092479673,1.452,1.187,-0.87,1.452428,1.18705,-0.87,99.0,0.0,9.02,1.22,0.181,0.962,32.0,922,922,32_1,32_3,1104.266,42.86357,18.6962,0.0422,190.6221,38.0,42.0,2331.0,2025.0,2329.5524,2024.8205,2329.5524,2024.8205,192.1539280583319,27.366435178611837,1.889,1.52,-2.22,0.08016,0.06652,-3.47,2329.5524,2024.8205,192.1539280583319,27.366435178611837,4.2235829526,3.4899216825,4.2235829526,3.4899216825,2.059,1.864,-7.91,2.058643,1.864268,-7.91,23.3401,0.0,7.52,1.243,0.195,0.0,32.0,0.15276010604853746
6389,6389,32_28,32_250,255702.3,204.7399,12.7845,9.0E-4,-1.789881E-4,4.0,4.0,2180.0,2450.0,2179.8663,2449.6142,2179.8663,2449.6142,192.20553148615576,27.248309658249845,0.495,0.328,-75.88,4.0E-4,2.6E-4,-75.88,2179.8663,2449.6142,192.20553148615576,27.248309658249845,0.11184745675,0.20914463152,0.11184745675,0.20914463152,0.457,0.334,-88.12,0.4574382,0.3342789,-88.12,35.7347,4.0,2.32,1.509,0.337,1.0,32.0,955,955,32_34,32_35,260348.9,226.2699,12.765,9.0E-4,190.2121,203.0,214.0,2180.0,2450.0,2179.9142,2449.6483,2179.9142,2449.6483,192.20551666760463,27.24829965417839,1.767,1.695,4.93,0.00205,0.00196,48.69,2179.9142,2449.6483,192.20551666760463,27.24829965417839,0.9770671921,0.86721330464,0.9770671921,0.86721330464,0.989,0.931,-6.25,0.9891415,0.9305265,-6.25,23.3403,0.0,3.04,1.043,0.041,0.999,32.0,0.05879812922187708
6391,6391,32_30,32_248,2299.719,19.41657,17.8997,0.0092,0.0,4.0,4.0,2326.0,2448.0,2325.9179,2447.7551,2325.9179,2447.7551,192.15930481275612,27.24755636820344,0.43,0.274,87.62,0.00367,0.00238,87.0,2325.9179,2447.7551,192.15930481275612,27.24755636820344,0.088268906256,0.10642781657,0.088268906256,0.10642781657,0.326,0.297,89.96,0.3262328,0.2971008,89.96,99.0,0.0,0.88,1.569,0.363,1.0,32.0,956,956,32_35,32_34,2067.646,40.76341,18.0152,0.0214,190.1802,28.0,34.0,2326.0,2448.0,2325.9252,2447.7583,2325.9252,2447.7583,192.1593025352429,27.24755540432602,1.343,1.294,3.02,0.03322,0.03151,-1.69,2325.9252,2447.7583,192.1593025352429,27.24755540432602,0.87506277185,0.81758425928,0.87506277185,0.81758425928,0.935,0.904,2.09,0.9354889,0.9041613,2.09,23.3779,0.0,3.01,1.038,0.036,0.975,32.0,0.007970570870634236
6406,6406,32_45,32_233,3682.216,24.56913,17.3886,0.0072,0.0,4.0,4.0,2405.0,2433.0,2405.1083,2432.8239,2405.1083,2432.8239,192.1341022848732,27.251056201403408,0.385,0.306,-76.88,0.00259,0.00207,-76.01,2405.1083,2432.8239,192.1341022848732,27.251056201403408,0.089073471131,0.095314637816,0.089073471131,0.095314637816,0.309,0.298,-89.6,0.3087312,0.2984513,-89.6,99.0,0.0,0.0,1.256,0.204,1.0,32.0,925,925,32_4,32_33,3480.67,47.39033,17.4497,0.0148,189.6678,39.0,43.0,2405.0,2433.0,2405.1942,2432.8563,2405.1942,2432.8563,192.13407543515623,27.251046332149137,1.462,1.348,-17.79,0.02559,0.02351,-24.13,2405.1942,2432.8563,192.13407543515623,27.251046332149137,0.902598657,0.8024212351,0.902598657,0.8024212351,0.951,0.895,-7.6,0.9510064,0.8947663,-7.6,23.3417,0.0,2.96,1.085,0.078,0.982,32.0,0.09180724372297588
6458,6458,32_97,32_181,468006.5,276.9881,12.1282,6.0E-4,2.382086E-4,4.0,4.0,2029.0,2365.0,2028.5715,2364.7921,2028.5715,2364.7921,192.25257469980343,27.273466098874398,0.5,0.399,-14.05,3.0E-4,2.4E-4,-14.05,2028.5715,2364.7921,192.25257469980343,27.273466098874398,0.21932248093,0.068132967985,0.21932248093,0.068132967985,0.469,0.26,-2.82,0.4687106,0.2603187,-2.82,99.0,4.0,0.0,1.253,0.202,1.0,32.0,927,927,32_6,32_31,475791.8,298.2785,12.1103,7.0E-4,190.4389,257.0,279.0,2029.0,2365.0,2028.6535,2364.8095,2028.6535,2364.8095,192.25254891740263,27.273460502536345,1.81,1.711,1.56,0.00152,0.00143,-1.05,2028.6535,2364.8095,192.25254891740263,27.273460502536345,0.99346383651,0.88477874322,0.99346383651,0.88477874322,0.997,0.94,-2.78,0.9968557,0.9404899,-2.78,23.3434,0.0,3.04,1.057,0.054,0.994,32.0,0.08382577169326114
6461,6461,32_100,32_178,19455.17,56.47452,15.5813,0.0032,-8.760779E-7,4.0,4.0,2076.0,2361.0,2076.4833,2361.1508,2076.4833,2361.1508,192.2373754998628,27.274077930838438,0.5,0.357,-2.55,0.00145,0.00104,-2.55,2076.4833,2361.1508,192.2373754998628,27.274077930838438,0.30824685762,0.11081007632,0.30824685762,0.11081007632,0.555,0.333,-0.3,0.5552046,0.3328735,-0.3,99.0,0.0,1.33,1.399,0.285,1.0,32.0,928,928,32_7,32_30,18803.31,79.9829,15.6183,0.0046,190.8494,74.0,84.0,2076.0,2361.0,2076.5519,2361.2303,2076.5519,2361.2303,192.2373545684472,27.27405498593823,1.637,1.55,7.11,0.00938,0.00902,43.09,2076.5519,2361.2303,192.2373545684472,27.27405498593823,0.95912290899,0.84736382965,0.95912290899,0.84736382965,0.98,0.92,-4.48,0.9797012,0.920148,-4.48,23.3709,0.0,3.04,1.056,0.053,0.99,32.0,0.10500576174692904
6466,6466,32_105,32_173,4749.982,27.90494,17.1121,0.0064,-1.237465E-6,6.0,6.0,2118.0,2356.0,2118.0299,2355.6268,2118.0299,2355.6268,192.22417244580663,27.275272507163287,0.484,0.21,88.18,0.00285,0.0013,88.15,2118.0299,2355.6268,192.22417244580663,27.275272507163287,0.089087553342,0.16910188528,0.089087553342,0.16910188528,0.411,0.298,89.81,0.4112211,0.2984739,89.81,99.0,0.0,0.97,2.307,0.566,1.0,32.0,929,929,32_8,32_29,4510.104,50.8589,17.1684,0.0122,190.7037,43.0,47.0,2118.0,2356.0,2118.1418,2355.6933,2118.1418,2355.6933,192.2241376856584,27.27525284128244,1.507,1.373,6.04,0.02203,0.01953,10.1,2118.1418,2355.6933,192.2241376856584,27.27525284128244,0.9179746751,0.80274136367,0.9179746751,0.80274136367,0.958,0.896,2.16,0.9581954,0.895867,2.16,23.3673,0.0,3.06,1.097,0.089,0.995,32.0,0.13016858299897124
6482,6482,32_121,32_157,315.9109,7.196434,20.055,0.0247,1.524803E-5,4.0,4.0,2407.0,2334.0,2406.7217,2334.3517,2406.7217,2334.3517,192.13260221551965,27.27872776501392,0.503,0.42,-55.42,0.01198,0.01009,-54.08,2406.7217,2334.3517,192.13260221551965,27.27872776501392,0.089374403592,0.13077626643,0.089374403592,0.13077626643,0.365,0.295,-76.38,0.3651825,0.2946055,-76.38,99.0,0.0,0.9,1.197,0.165,0.999,32.0,930,930,32_9,32_28,188.2938,17.3881,20.6168,0.1003,189.6695,6.0,7.0,2407.0,2334.0,2406.9173,2334.3144,2406.9173,2334.3144,192.13253994636443,27.27873651995225,0.735,0.662,-10.65,0.08728,0.08028,-2.4,2406.9173,2334.3144,192.13253994636443,27.27873651995225,0.61967149844,0.6137445241,0.61967149844,0.6137445241,0.813,0.757,-43.06,0.8127251,0.7568976,-43.06,23.3401,0.0,2.79,1.11,0.099,0.499,32.0,0.19912470966708798
6487,6487,32_126,32_152,12985.08,46.13786,16.0203,0.0039,-2.797684E-6,4.0,4.0,2069.0,2324.0,2068.9152,2323.8886,2068.9152,2323.8886,192.2394055465064,27.28462048002008,0.315,0.278,84.62,0.00112,9.9E-4,83.83,2068.9152,2323.8886,192.2394055465064,27.28462048002008,0.088300738278,0.090306440564,0.088300738278,0.090306440564,0.301,0.297,-89.99,0.3005103,0.2971544,-89.99,99.0,0.0,0.0,1.132,0.117,1.0,32.0,931,931,32_10,32_27,12781.01,69.60809,16.0375,0.0059,191.0493,64.0,70.0,2069.0,2324.0,2068.9681,2323.917,2068.9681,2323.917,192.23938908119655,27.284612038844816,1.601,1.511,4.63,0.01138,0.011,26.28,2068.9681,2323.917,192.23938908119655,27.284612038844816,0.93401390287,0.83532335452,0.93401390287,0.83532335452,0.966,0.914,-1.74,0.966491,0.9139104,-1.74,23.3886,0.0,2.99,1.06,0.056,0.984,32.0,0.06004140238199732
6498,6498,32_137,32_141,394.0617,8.03743,19.815,0.0222,4.669557E-5,6.0,6.0,2217.0,2301.0,2217.2417,2301.387,2217.2417,2301.387,192.19223733946984,27.28966149450009,0.54,0.43,-44.46,0.01197,0.00965,-34.08,2217.2417,2301.387,192.19223733946984,27.28966149450009,0.12058110586,0.19203505674,0.12058110586,0.19203505674,0.443,0.341,-76.54,0.4431446,0.3409385,-76.54,99.0,0.0,1.27,1.257,0.204,1.0,32.0,932,932,32_11,32_26,268.9683,20.54255,20.2296,0.0829,190.1672,9.0,10.0,2217.0,2301.0,2217.4063,2301.2616,2217.4063,2301.2616,192.1921840008393,27.289695316972665,0.973,0.706,-3.01,0.09579,0.06987,-0.85,2217.4063,2301.2616,192.1921840008393,27.289695316972665,0.9182170084,0.71933800527,0.9182170084,0.71933800527,0.962,0.843,-11.09,0.9623712,0.8434434,-11.09,23.3614,0.0,3.54,1.378,0.274,0.527,32.0,0.20692588045024707
6508,6508,32_147,32_131,6244.54,31.99523,16.8151,0.0056,-6.939697E-6,4.0,4.0,2188.0,2291.0,2187.5099,2290.9669,2187.5099,2290.9669,192.20154451887683,27.29285033607876,0.5,0.179,0.07,0.00257,9.4E-4,0.07,2187.5099,2290.9669,192.20154451887683,27.29285033607876,0.24301283344,0.086680009013,0.24301283344,0.086680009013,0.493,0.294,0.0,0.4929633,0.2944147,0.0,99.0,0.0,0.95,2.793,0.642,1.0,32.0,933,933,32_12,32_25,5938.824,54.44748,16.8696,0.01,190.855,46.0,52.0,2188.0,2291.0,2187.5577,2291.0022,2187.5577,2291.0022,192.2015297385454,27.29283999484704,1.517,1.413,-4.48,0.01797,0.01709,-3.41,2187.5577,2291.0022,192.2015297385454,27.29283999484704,0.93179876444,0.83688958734,0.93179876444,0.83688958734,0.966,0.915,-4.45,0.9655968,0.9145005,-4.45,23.4026,0.0,2.94,1.074,0.069,0.983,32.0,0.059421629058649166
6517,6517,32_156,32_122,277.348,6.742914,20.1963,0.0264,4.953964E-6,5.0,5.0,2303.0,2268.0,2303.2448,2267.7585,2303.2448,2267.7585,192.1646827536724,27.29836360797501,0.54,0.424,9.77,0.01439,0.0112,2.58,2303.2448,2267.7585,192.1646827536724,27.29836360797501,0.14581910192,0.10002064985,0.14581910192,0.10002064985,0.384,0.314,9.94,0.3837567,0.3139595,9.94,99.0,0.0,1.3,1.272,0.214,0.999,32.0,934,934,32_13,32_24,146.8388,15.94245,20.8868,0.1179,190.8048,5.0,6.0,2303.0,2268.0,2303.1963,2267.8247,2303.1963,2267.8247,192.16469876450645,27.298345421432064,0.751,0.563,-40.76,0.10613,0.07846,-44.64,2303.1963,2267.8247,192.16469876450645,27.298345421432064,0.72413469397,0.59890615544,0.72413469397,0.59890615544,0.851,0.774,-2.59,0.8511115,0.7737249,-2.59,23.4112,0.0,3.11,1.334,0.25,0.497,32.0,0.08206515704009561
6527,6527,32_166,32_112,395.04,8.0474,19.8123,0.0221,-2.069864E-6,5.0,5.0,2136.0,2247.0,2136.3739,2246.4729,2136.3739,2246.4729,192.2172917821192,27.305804859556204,0.535,0.462,-44.63,0.01172,0.00985,-37.06,2136.3739,2246.4729,192.2172917821192,27.305804859556204,0.20020463707,0.24864474107,0.20020463707,0.24864474107,0.51,0.434,-66.39,0.5099828,0.4344732,-66.39,99.0,0.0,1.11,1.156,0.135,0.999,32.0,935,935,32_14,32_23,287.0179,22.52631,20.1591,0.0852,190.7341,8.0,12.0,2136.0,2246.0,2136.4356,2246.4804,2136.4356,2246.4804,192.2172723243736,27.30580221590069,0.936,0.892,-9.53,0.0848,0.08436,0.54,2136.4356,2246.4804,192.2172723243736,27.30580221590069,1.0953620489,0.89548379433,1.0953620489,0.89548379433,1.053,0.939,-13.83,1.05274,0.9394593,-13.83,23.3827,0.0,5.44,1.049,0.047,0.124,32.0,0.06215416317483729
6539,6539,32_178,32_100,305.9316,7.081859,20.0898,0.0251,-1.517641E-6,8.0,8.0,2337.0,2225.0,2337.0903,2224.7701,2337.0903,2224.7701,192.1535407071898,27.310152224259436,0.673,0.564,6.6,0.01727,0.01497,-4.44,2337.0903,2224.7701,192.1535407071898,27.310152224259436,0.28452477649,0.23358341006,0.28452477649,0.23358341006,0.548,0.467,25.91,0.5479543,0.4667487,25.91,99.0,0.0,2.57,1.193,0.162,1.0,32.0,936,936,32_15,32_22,160.2122,17.19155,20.7921,0.1165,190.1259,6.0,7.0,2337.0,2225.0,2337.0381,2224.7001,2337.0381,2224.7001,192.1535565300937,27.31017236524493,0.744,0.675,0.28,0.09935,0.09176,-0.32,2337.0381,2224.7001,192.1535565300937,27.31017236524493,1.5232507103,1.3671018367,1.5232507103,1.3671018367,1.234,1.169,-1.24,1.23423,1.1692,-1.24,23.3644,0.0,4.19,1.103,0.093,0.43,32.0,0.08732032982063372
6543,6543,32_182,32_96,9259.794,38.96151,16.3874,0.0046,-1.493114E-5,4.0,4.0,2284.0,2218.0,2283.5756,2217.9095,2283.5756,2217.9095,192.17041172927256,27.312551842007377,0.494,0.287,0.42,0.00208,0.00121,0.45,2283.5756,2217.9095,192.17041172927256,27.312551842007377,0.21106216248,0.09579016177,0.21106216248,0.09579016177,0.459,0.309,0.05,0.4594151,0.3094997,0.05,99.0,0.0,0.95,1.723,0.42,1.0,32.0,937,937,32_16,32_21,9094.846,62.86046,16.4069,0.0075,189.7015,59.0,64.0,2284.0,2218.0,2283.6185,2217.914,2283.6185,2217.914,192.17039819420583,27.31255020025461,1.616,1.467,-5.23,0.01504,0.01347,-12.17,2283.6185,2217.914,192.17039819420583,27.31255020025461,0.97289379513,0.86248556987,0.97289379513,0.86248556987,0.986,0.929,-2.91,0.9864988,0.928547,-2.91,23.3282,0.0,3.05,1.102,0.093,0.982,32.0,0.043135368318735975
6545,6545,32_184,32_94,637.6987,10.22452,19.2923,0.0174,1.020052E-4,4.0,4.0,2103.0,2215.0,2103.1659,2214.8713,2103.1659,2214.8713,192.22749362270324,27.31497785212505,0.487,0.329,9.72,0.00813,0.00547,9.17,2103.1659,2214.8713,192.22749362270324,27.31497785212505,0.1106748656,0.096237686102,0.1106748656,0.096237686102,0.333,0.31,1.0,0.3326849,0.3102149,1.0,99.0,0.0,1.06,1.478,0.323,1.0,32.0,938,938,32_17,32_20,505.089,26.47685,19.5454,0.0569,190.8909,12.0,16.0,2103.0,2215.0,2103.2254,2214.7513,2103.2254,2214.7513,192.22747360650015,27.31501107831786,1.094,0.946,10.56,0.06968,0.06045,14.64,2103.2254,2214.7513,192.22747360650015,27.31501107831786,0.85975077772,0.70206575291,0.85975077772,0.70206575291,0.93,0.835,9.91,0.9299028,0.8349235,9.91,23.3783,0.0,3.36,1.156,0.135,0.735,32.0,0.1339412184503157
6548,6548,32_187,32_91,44359.65,85.27645,14.6864,0.0021,-2.262323E-6,10.0,10.0,2350.0,2208.0,2350.1264,2207.58,2350.1264,2207.58,192.1492423350471,27.31487031649588,0.494,0.488,80.63,9.5E-4,9.5E-4,57.84,2350.1264,2207.58,192.1492423350471,27.31487031649588,0.063243661157,0.16969523539,0.063243661157,0.16969523539,0.412,0.251,-89.38,0.4119561,0.2514578,-89.38,99.0,0.0,0.9,1.011,0.011,1.0,32.0,939,939,32_18,32_19,44784.67,107.0388,14.676,0.0026,189.6728,100.0,106.0,2350.0,2208.0,2350.1768,2207.6179,2350.1768,2207.6179,192.14922676078476,27.31485921597188,1.73,1.605,2.2,0.00537,0.00518,27.63,2350.1768,2207.6179,192.14922676078476,27.31485921597188,1.0700034923,0.90286856362,1.0700034923,0.90286856362,1.035,0.95,-2.14,1.034523,0.9500706,-2.14,23.3309,0.0,3.15,1.078,0.072,0.983,32.0,0.06306005074552493
6552,6552,32_191,32_87,391.3433,8.009659,19.8225,0.0222,2.379986E-5,4.0,4.0,2497.0,2197.0,2497.5481,2196.5835,2497.5481,2196.5835,192.1024685922128,27.3166531340024,0.537,0.45,-43.44,0.01128,0.00957,-43.53,2497.5481,2196.5835,192.1024685922128,27.3166531340024,0.24453143973,0.22467576529,0.24453143973,0.22467576529,0.524,0.442,-37.75,0.5236799,0.4415503,-37.75,99.0,0.0,1.22,1.192,0.161,0.999,32.0,940,940,32_19,32_18,257.5664,20.52445,20.2766,0.0865,190.3517,8.0,10.0,2498.0,2197.0,2497.5335,2196.7639,2497.5335,2196.7639,192.1024750390254,27.31660254651909,0.957,0.709,-3.8,0.09627,0.07043,-0.4,2497.5335,2196.7639,192.1024750390254,27.31660254651909,0.81039609403,0.68229280131,0.81039609403,0.68229280131,0.912,0.813,-20.89,0.9122706,0.8126815,-20.89,23.3809,0.0,3.31,1.351,0.26,0.544,32.0,0.18098983396838597
6557,6557,32_196,32_82,80985.33,115.2228,14.0329,0.0015,5.082256E-7,4.0,4.0,2035.0,2188.0,2034.5295,2188.207,2034.5295,2188.207,192.24896290012364,27.323067028074146,0.503,0.4,11.99,7.2E-4,5.7E-4,11.99,2034.5295,2188.207,192.24896290012364,27.323067028074146,0.24761986414,0.066316543971,0.24761986414,0.066316543971,0.498,0.257,2.35,0.4979227,0.256923,2.35,99.0,0.0,0.99,1.257,0.205,1.0,32.0,941,941,32_20,32_17,81442.97,137.8591,14.0267,0.0018,190.7948,132.0,144.0,2035.0,2188.0,2034.6219,2188.276,2034.6219,2188.276,192.2489343188533,27.323046832353,1.755,1.641,-3.36,0.00429,0.00376,-15.99,2034.6219,2188.276,192.2489343188533,27.323046832353,0.96703950379,0.86913219535,0.96703950379,0.86913219535,0.983,0.932,-0.51,0.9833856,0.9322684,-0.51,23.3601,0.0,2.97,1.07,0.065,1.0,32.0,0.1153202497395582
6570,6570,32_209,32_69,481.827,8.887522,19.5966,0.02,-3.185257E-5,17.0,17.0,2284.0,2152.0,2283.7728,2151.9438,2283.7728,2151.9438,192.16969223783693,27.33109691684564,1.642,0.515,-10.4,0.03629,0.01106,-10.15,2283.7728,2151.9438,192.16969223783693,27.33109691684564,0.53464813387,0.17783207183,0.53464813387,0.17783207183,0.732,0.42,3.81,0.7322841,0.4198097,3.81,99.0,0.0,4.76,3.189,0.686,1.0,32.0,942,942,32_21,32_16,301.2416,23.63949,20.1066,0.0852,190.2895,11.0,13.0,2284.0,2152.0,2283.9401,2151.8643,2283.9401,2151.8643,192.16963847932848,27.331117799582525,1.24,0.748,-0.83,0.1177,0.06965,-0.11,2283.9401,2151.8643,192.16963847932848,27.331117799582525,2.1386949198,1.3400544994,2.1386949198,1.3400544994,1.463,1.156,-3.25,1.463312,1.156489,-3.25,23.3514,0.0,5.74,1.658,0.397,0.043,32.0,0.18522834556255952
6573,6573,32_212,32_66,151.3108,4.980467,20.8542,0.0357,1.76648E-5,2.0,2.0,2517.0,2143.0,2517.0,2142.814,2517.0,2142.814,192.0957668487942,27.331595990729493,0.484,0.289,90.0,0.01709,0.00988,90.0,2517.0,2142.814,192.0957668487942,27.331595990729493,0.0833333,0.097851347481,0.0833333,0.097851347481,0.313,0.289,90.0,0.312812,0.2886751,90.0,99.0,16.0,0.86,1.678,0.404,0.996,32.0,943,943,32_22,32_15,404.2379,24.45859,19.7873,0.0657,190.2074,12.0,14.0,2518.0,2143.0,2518.1129,2142.82,2518.1129,2142.82,192.09541462016995,27.331584344460836,1.232,0.754,84.54,0.09959,0.05784,83.02,2518.1129,2142.82,192.09541462016995,27.331584344460836,0.6573019084,1.1006320126,0.6573019084,1.1006320126,1.049,0.811,-89.11,1.049161,0.8106753,-89.11,23.3608,24.0,3.94,1.634,0.388,0.546,32.0,1.11291617384248
6577,6577,32_216,32_62,257.8082,6.501049,20.2756,0.0274,-3.069399E-5,5.0,5.0,2218.0,2140.0,2217.7937,2140.0037,2217.7937,2140.0037,192.19046310322585,27.335031903865307,0.478,0.387,65.25,0.01397,0.01056,66.26,2217.7937,2140.0037,192.19046310322585,27.335031903865307,0.11678960516,0.11464511995,0.11678960516,0.11464511995,0.342,0.338,17.46,0.3420892,0.338245,17.46,99.0,0.0,0.93,1.233,0.189,1.0,32.0,944,944,32_23,32_14,127.565,14.65311,21.0395,0.1247,190.077,5.0,5.0,2218.0,2140.0,2217.9764,2140.0362,2217.9764,2140.0362,192.19040557900104,27.33502117008447,0.629,0.597,1.27,0.09361,0.0933,-16.46,2217.9764,2140.0362,192.19040557900104,27.33502117008447,0.72862894465,0.58727342065,0.72862894465,0.58727342065,0.876,0.74,24.93,0.8761316,0.74047,24.93,23.3241,0.0,2.68,1.053,0.05,0.486,32.0,0.1855681545953636
6581,6581,32_220,32_58,2192.103,18.95682,17.9517,0.0094,1.072778E-5,5.0,5.0,2419.0,2128.0,2418.9847,2128.174,2418.9847,2128.174,192.1266474726853,27.336585704520186,0.383,0.344,-70.43,0.00339,0.00305,-64.29,2418.9847,2128.174,192.1266474726853,27.336585704520186,0.092865347613,0.09765518598,0.092865347613,0.09765518598,0.312,0.305,-89.41,0.3124991,0.3047373,-89.41,99.0,0.0,0.88,1.115,0.103,1.0,32.0,945,945,32_24,32_13,2009.384,40.19698,18.0462,0.0217,189.9788,27.0,33.0,2419.0,2128.0,2418.9719,2128.223,2418.9719,2128.223,192.1266520180168,27.33657204201944,1.373,1.253,-12.67,0.03467,0.03112,-7.58,2418.9719,2128.223,192.1266520180168,27.33657204201944,0.93721494241,0.83508095246,0.93721494241,0.83508095246,0.97,0.912,-10.97,0.9701567,0.9116424,-10.97,23.3377,0.0,3.23,1.095,0.087,0.966,32.0,0.05064424942673252
6585,6585,32_224,32_54,3877.498,25.21221,17.3325,0.0071,-1.751604E-5,4.0,4.0,2233.0,2123.0,2232.7174,2122.6701,2232.7174,2122.6701,192.1855659800326,27.3397749867041,0.485,0.435,-56.79,0.00316,0.00284,-56.84,2232.7174,2122.6701,192.1855659800326,27.3397749867041,0.11922042828,0.15090468316,0.11922042828,0.15090468316,0.391,0.343,-76.88,0.3908004,0.342637,-76.88,99.0,0.0,1.06,1.115,0.103,1.0,32.0,946,946,32_25,32_12,3605.628,47.16142,17.4114,0.0142,189.9725,38.0,42.0,2233.0,2123.0,2232.7741,2122.6984,2232.7741,2122.6984,192.1855483080017,27.33976653386059,1.443,1.344,-10.82,0.02392,0.02275,-25.67,2232.7741,2122.6984,192.1855483080017,27.33976653386059,0.9277576767,0.81915749989,0.9277576767,0.81915749989,0.964,0.905,-5.06,0.9636463,0.9045999,-5.06,23.3142,0.0,3.01,1.074,0.069,0.978,32.0,0.06337018226289873
6586,6586,32_225,32_53,543.6827,9.44078,19.4655,0.0189,-2.439114E-6,5.0,5.0,2345.0,2121.0,2345.0113,2121.1963,2345.0113,2121.1963,192.14999706794,27.339202493300128,0.418,0.38,-41.72,0.00797,0.0069,-32.89,2345.0113,2121.1963,192.14999706794,27.339202493300128,0.097295512881,0.10164972698,0.097295512881,0.10164972698,0.319,0.312,-88.59,0.3188297,0.3119181,-88.59,99.0,0.0,0.93,1.098,0.089,1.0,32.0,947,947,32_26,32_11,408.8536,24.91092,19.7749,0.0662,190.2009,11.0,14.0,2345.0,2121.0,2344.8565,2121.3024,2344.8565,2121.3024,192.15004714028584,27.339174029710943,1.075,0.851,-23.81,0.07892,0.0613,-24.48,2344.8565,2121.3024,192.15004714028584,27.339174029710943,0.7431012968,0.6425081826,0.7431012968,0.6425081826,0.877,0.785,-24.61,0.8773963,0.7847198,-24.61,23.3423,0.0,2.68,1.263,0.208,0.527,32.0,0.18767058906517825
6589,6589,32_228,32_50,1036.695,13.03649,18.7647,0.0137,2.833014E-6,5.0,5.0,2461.0,2110.0,2461.4901,2110.1843,2461.4901,2110.1843,192.11300954342173,27.34126525820902,0.553,0.44,-44.73,0.00712,0.00565,-46.92,2461.4901,2110.1843,192.11300954342173,27.34126525820902,0.24931653566,0.10238612463,0.24931653566,0.10238612463,0.502,0.316,-7.38,0.501823,0.3160322,-7.38,99.0,0.0,1.12,1.257,0.204,1.0,32.0,948,948,32_27,32_10,874.3248,32.61605,18.9497,0.0405,190.8284,20.0,24.0,2461.0,2110.0,2461.588,2110.1694,2461.588,2110.1694,192.1129783990356,27.341268574712053,1.288,1.099,-24.89,0.06016,0.04897,-20.09,2461.588,2110.1694,192.1129783990356,27.341268574712053,0.88361900287,0.84060175771,0.88361900287,0.84060175771,0.956,0.9,-32.71,0.9559486,0.9002128,-32.71,23.4008,0.0,3.43,1.172,0.147,0.679,32.0,0.09902736995412463
6600,6600,32_239,32_39,7172.037,34.28912,16.6648,0.0052,1.416633E-6,4.0,4.0,2174.0,2093.0,2173.9637,2092.6084,2173.9637,2092.6084,192.20387245791028,27.348739983397312,0.488,0.187,-88.31,0.00234,9.1E-4,-88.35,2173.9637,2092.6084,192.20387245791028,27.348739983397312,0.088374835719,0.18133969786,0.088374835719,0.18133969786,0.426,0.297,-89.82,0.4258411,0.2972775,-89.82,99.0,0.0,1.0,2.617,0.618,1.0,32.0,950,950,32_29,32_8,6964.813,57.92986,16.6966,0.009,190.6594,49.0,57.0,2174.0,2093.0,2174.0098,2092.65,2174.0098,2092.65,192.203858270747,27.348727885556624,1.536,1.452,-8.49,0.01693,0.01594,-3.37,2174.0098,2092.65,192.203858270747,27.348727885556624,0.92742728625,0.84376455968,0.92742728625,0.84376455968,0.964,0.918,-6.3,0.9635668,0.9180037,-6.3,23.3456,0.0,3.03,1.058,0.055,0.985,32.0,0.062094846807151445
6608,6608,32_247,32_31,1094.846,13.39713,18.7055,0.0133,0.0,4.0,4.0,2457.0,2073.0,2457.2401,2073.3651,2457.2401,2073.3651,192.1139834813938,27.35165457719893,0.49,0.418,-69.43,0.00606,0.00522,-69.63,2457.2401,2073.3651,192.1139834813938,27.35165457719893,0.083893424005,0.1626160312,0.083893424005,0.1626160312,0.404,0.289,-85.42,0.4038873,0.2887638,-85.42,99.0,0.0,1.05,1.173,0.147,1.0,32.0,951,951,32_30,32_7,928.9492,31.57719,18.8839,0.0369,190.3844,19.0,22.0,2457.0,2073.0,2457.2843,2073.2993,2457.2843,2073.2993,192.1139688228864,27.35167268243947,1.206,1.094,-0.54,0.05141,0.04485,4.51,2457.2843,2073.2993,192.1139688228864,27.35167268243947,0.87244440197,0.80955503221,0.87244440197,0.80955503221,0.936,0.897,-14.33,0.9363933,0.897311,-14.33,23.3671,0.0,3.25,1.103,0.093,0.836,32.0,0.07926714325598432
6613,6613,32_252,32_26,1063.463,13.20372,18.7371,0.0135,1.586119E-5,8.0,8.0,2185.0,2065.0,2184.7406,2064.7113,2184.7406,2064.7113,192.2001839440759,27.356489742961926,0.47,0.446,-54.58,0.0063,0.00589,-62.02,2184.7406,2064.7113,192.2001839440759,27.356489742961926,0.098796802848,0.10944853372,0.098796802848,0.10944853372,0.332,0.313,-77.41,0.3316736,0.3134293,-77.41,99.0,0.0,0.98,1.056,0.053,1.0,32.0,952,952,32_31,32_6,872.4017,31.67512,18.9521,0.0394,190.7068,20.0,22.0,2185.0,2065.0,2184.8286,2064.8023,2184.8286,2064.8023,192.20015697595716,27.356463390029223,1.184,1.113,29.44,0.05347,0.04837,44.4,2184.8286,2064.8023,192.20015697595716,27.356463390029223,0.85511287461,0.7893901025,0.85511287461,0.7893901025,0.926,0.887,-10.7,0.9260392,0.8871046,-10.7,23.3438,0.0,3.25,1.064,0.06,0.85,32.0,0.1265898890114637
6614,6614,32_253,32_25,307.9622,7.105323,20.0826,0.0251,0.00400399,5.0,5.0,2062.0,2060.0,2061.8645,2060.1192,2061.8645,2060.1192,192.23905317559752,27.358846520195662,0.644,0.32,-5.31,0.01588,0.00836,-7.19,2061.8645,2060.1192,192.23905317559752,27.358846520195662,0.17403762119,0.10207114667,0.17403762119,0.10207114667,0.417,0.319,-0.68,0.4171902,0.3194701,-0.68,99.0,0.0,1.54,2.013,0.503,1.0,32.0,953,953,32_32,32_5,188.063,18.08153,20.6181,0.1044,191.6589,7.0,7.0,2062.0,2060.0,2061.9507,2060.0465,2061.9507,2060.0465,192.23902516278287,27.35886621764876,0.904,0.528,-43.58,0.10894,0.0628,-44.88,2061.9507,2060.0465,192.23902516278287,27.35886621764876,0.89614811039,0.7041591778,0.89614811039,0.7041591778,0.977,0.804,-25.66,0.9766109,0.8040761,-25.66,23.3189,0.0,4.09,1.712,0.416,0.489,32.0,0.1127640456882369
6620,6620,32_259,32_19,29169.69,69.15141,15.1415,0.0026,-0.008095231,4.0,4.0,2036.0,2053.0,2036.2073,2053.3439,2036.2073,2053.3439,192.24711288961385,27.360972668660853,0.483,0.396,-71.77,0.00115,9.4E-4,-71.78,2036.2073,2053.3439,192.24711288961385,27.360972668660853,0.060527267952,0.12960079834,0.060527267952,0.12960079834,0.36,0.246,-86.53,0.3603551,0.2455041,-86.53,30.8788,0.0,1.03,1.219,0.18,1.0,32.0,954,954,32_33,32_4,32875.88,101.8411,15.0117,0.0034,191.4475,106.0,112.0,2036.0,2053.0,2035.8939,2053.7943,2035.8939,2053.7943,192.24721655458237,27.360848726485223,2.14,1.606,-40.04,0.00836,0.00653,-39.39,2035.8939,2053.7943,192.24721655458237,27.360848726485223,1.1570543211,1.0507491906,1.1570543211,1.0507491906,1.09,1.01,-25.39,1.089944,1.009864,-25.39,23.2604,0.0,3.74,1.332,0.249,0.983,32.0,0.548707317246778
6638,6638,33_1,33_5,674.0795,10.51213,19.2321,0.0169,-6.620921E-5,30.0,30.0,2564.0,2021.0,2563.9602,2021.2519,2563.9602,2021.2519,192.0796652521645,27.36535017856199,1.15,0.929,-0.05,0.01794,0.01449,-0.05,2563.9602,2021.2519,192.0796652521645,27.36535017856199,0.56608664305,0.52146738772,0.56608664305,0.52146738772,0.752,0.722,2.63,0.7524502,0.7220615,2.63,37.3844,0.0,2.69,1.237,0.192,1.0,33.0,957,957,33_1,33_1,597.4485,30.79375,19.3631,0.056,190.429,19.0,21.0,2564.0,2021.0,2564.018,2021.2134,2564.018,2021.2134,192.07964655914915,27.365360482440654,1.279,1.108,27.73,0.07587,0.06389,35.5,2564.018,2021.2134,192.07964655914915,27.365360482440654,1.6578371114,1.4379513974,1.6578371114,1.4379513974,1.289,1.197,7.88,1.289235,1.197356,7.88,23.3276,0.0,4.21,1.155,0.134,0.083,33.0,0.0694484701055116
6647,6647,33_10,33_227,358.4717,7.665889,19.9177,0.0232,-1.518581E-6,17.0,17.0,2740.0,2499.0,2739.4119,2498.5745,2739.4119,2498.5745,192.029033029351,27.2295765821198,0.933,0.792,-24.2,0.01995,0.01694,-24.2,2739.4119,2498.5745,192.029033029351,27.2295765821198,0.38223963749,0.36286999034,0.38223963749,0.36286999034,0.635,0.585,35.63,0.6345829,0.5851616,35.63,38.9179,0.0,2.2,1.177,0.151,1.0,33.0,958,958,33_2,33_37,322.8042,22.57739,20.0315,0.076,189.4832,12.0,12.0,2739.0,2499.0,2739.4748,2498.5102,2739.4748,2498.5102,192.0290124763465,27.22959408819388,0.928,0.904,-26.75,0.07787,0.07767,-26.07,2739.4748,2498.5102,192.0290124763465,27.22959408819388,1.1998156955,1.041707234,1.1998156955,1.041707234,1.099,1.016,-13.11,1.09949,1.016192,-13.11,23.3681,0.0,3.72,1.027,0.026,0.596,33.0,0.08994943023714905
6670,6670,33_33,33_204,311.7276,7.148629,20.0694,0.0249,-1.64824E-6,15.0,15.0,2716.0,2469.0,2716.212,2468.7687,2716.212,2468.7687,192.03606303701093,27.238165990797714,0.898,0.672,-10.59,0.02059,0.01542,-10.59,2716.212,2468.7687,192.03606303701093,27.238165990797714,0.30710387081,0.25035601563,0.30710387081,0.25035601563,0.568,0.485,-24.62,0.5676196,0.4850442,-24.62,36.3705,0.0,1.75,1.335,0.251,1.0,33.0,960,960,33_4,33_36,283.156,21.65977,20.1738,0.0831,189.4118,9.0,11.0,2716.0,2469.0,2716.2972,2468.8679,2716.2972,2468.8679,192.03603711212435,27.23813733152507,1.026,0.739,-15.67,0.09403,0.06656,-14.84,2716.2972,2468.8679,192.03603711212435,27.23813733152507,1.0042673767,0.7611173286,1.0042673767,0.7611173286,1.011,0.863,-14.29,1.010516,0.8626947,-14.29,23.3581,0.0,3.29,1.389,0.28,0.533,33.0,0.13076574474998964
6678,6678,33_41,33_198,5302.185,29.48238,16.9927,0.006,-2.751316E-4,24.0,24.0,2572.0,2453.0,2571.8537,2453.0958,2571.8537,2453.0958,192.08156035629432,27.243872387968143,0.705,0.669,-27.91,0.00392,0.00372,-27.91,2571.8537,2453.0958,192.08156035629432,27.243872387968143,0.184355277,0.17237857981,0.184355277,0.17237857981,0.43,0.415,-7.87,0.4296379,0.4149037,-7.87,31.9039,0.0,1.35,1.054,0.051,1.0,33.0,961,961,33_5,33_35,4918.559,51.89133,17.0743,0.0115,189.2787,44.0,49.0,2572.0,2453.0,2571.8784,2453.1312,2571.8784,2453.1312,192.08155290373355,27.24386221429669,1.494,1.408,-5.48,0.02037,0.01938,13.67,2571.8784,2453.1312,192.08155290373355,27.24386221429669,0.9398699511,0.84535347869,0.9398699511,0.84535347869,0.97,0.919,-6.83,0.9701783,0.9186825,-6.83,23.3365,0.0,3.01,1.061,0.058,0.982,33.0,0.04316537964595665
6682,6682,33_45,33_194,6138.514,31.72245,16.8337,0.0056,0.001729358,26.0,26.0,2834.0,2444.0,2833.9339,2444.2841,2833.9339,2444.2841,191.9985806195847,27.24397845313835,0.703,0.68,-49.5,0.00363,0.00351,-49.5,2833.9339,2444.2841,191.9985806195847,27.24397845313835,0.18721568047,0.22289494873,0.18721568047,0.22289494873,0.472,0.432,-85.05,0.4724033,0.4323723,-85.05,38.3342,0.0,1.39,1.035,0.034,1.0,33.0,962,962,33_6,33_34,5703.236,54.71368,16.9136,0.0104,189.9065,45.0,51.0,2834.0,2444.0,2833.9823,2444.331,2833.9823,2444.331,191.99856579989435,27.243964826749853,1.484,1.454,46.29,0.01874,0.01702,67.32,2833.9823,2444.331,191.99856579989435,27.243964826749853,0.95844916134,0.87779281154,0.95844916134,0.87779281154,0.98,0.936,-9.22,0.9801185,0.9357403,-9.22,23.35,0.0,3.11,1.02,0.02,0.982,33.0,0.06739562300356408
6687,6687,33_50,33_190,163.1098,5.171006,20.7727,0.0344,-1.64824E-6,23.0,23.0,2691.0,2438.0,2691.5508,2437.2177,2691.5508,2437.2177,192.04353850544877,27.247258993882497,1.014,0.908,0.33,0.03214,0.0288,0.33,2691.5508,2437.2177,192.04353850544877,27.247258993882497,0.55619594803,0.56955005355,0.55619594803,0.56955005355,0.774,0.726,-50.3,0.7740483,0.7256688,-50.3,35.5919,0.0,3.27,1.116,0.104,1.0,33.0,963,963,33_7,33_33,127.3913,15.885,21.041,0.1354,189.3525,5.0,6.0,2691.0,2437.0,2691.6293,2437.1817,2691.6293,2437.1817,192.04351330747744,27.24726840477645,0.741,0.66,26.56,0.11004,0.09622,26.25,2691.6293,2437.1817,192.04351330747744,27.24726840477645,1.2918728588,1.1821139978,1.2918728588,1.1821139978,1.14,1.084,-13.43,1.139524,1.084192,-13.43,23.3515,0.0,4.14,1.123,0.109,0.484,33.0,0.08636116025167902
6690,6690,33_53,33_187,711.7911,10.80218,19.173,0.0165,0.001383513,3.0,3.0,2875.0,2433.0,2874.5286,2432.9954,2874.5286,2432.9954,191.9856255400784,27.246780447885584,0.577,0.296,-0.51,0.00875,0.0045,-0.51,2874.5286,2432.9954,191.9856255400784,27.246780447885584,0.23952806008,0.084145250876,0.23952806008,0.084145250876,0.489,0.29,-0.06,0.4894162,0.2900777,-0.06,39.8466,0.0,1.02,1.945,0.486,1.0,33.0,965,965,33_9,33_31,499.3042,22.81937,19.558,0.0496,189.1362,3.0,11.0,2875.0,2433.0,2874.5664,2432.9254,2874.5664,2432.9254,191.9856128577636,27.24679977920677,0.867,0.693,11.27,0.05075,0.03631,14.59,2874.5664,2432.9254,191.9856128577636,27.24679977920677,0.32234188851,0.089459818894,0.32234188851,0.089459818894,0.568,0.299,-1.14,0.5678331,0.2989436,-1.14,23.3074,0.0,2.35,1.252,0.201,0.978,33.0,0.07955400681275504
6691,6691,33_54,33_186,1618.442,16.2886,18.2811,0.0109,-2.247584E-4,21.0,21.0,2589.0,2430.0,2589.1125,2430.5582,2589.1125,2430.5582,192.07587178242125,27.250053869333524,0.811,0.719,-35.46,0.00816,0.00724,-35.46,2589.1125,2430.5582,192.07587178242125,27.250053869333524,0.29341874245,0.32022655408,0.29341874245,0.32022655408,0.571,0.536,-67.03,0.5710498,0.5362345,-67.03,34.0753,0.0,1.72,1.127,0.112,1.0,33.0,966,966,33_10,33_30,1418.285,36.75119,18.4245,0.0281,189.7936,27.0,29.0,2589.0,2431.0,2589.1784,2430.5238,2589.1784,2430.5238,192.07585058672385,27.25006294920772,1.303,1.209,-43.61,0.04192,0.03877,-58.19,2589.1784,2430.5238,192.07585058672385,27.25006294920772,0.85498927665,0.79497503048,0.85498927665,0.79497503048,0.936,0.88,-26.7,0.9355836,0.8801407,-26.7,23.3714,0.0,3.0,1.078,0.072,0.96,33.0,0.07433821359131385
6699,6699,33_62,33_178,158.3895,5.095635,20.8046,0.0349,4.038075E-8,14.0,14.0,2838.0,2395.0,2837.7494,2395.0173,2837.7494,2395.0173,191.99686276383676,27.25779314316188,0.78,0.647,-1.99,0.02509,0.02083,-2.01,2837.7494,2395.0173,191.99686276383676,27.25779314316188,0.3163848441,0.190912345,0.3163848441,0.190912345,0.573,0.424,16.1,0.57253,0.4236821,16.1,37.1232,0.0,2.01,1.205,0.17,1.0,33.0,967,967,33_11,33_29,192.0937,18.33053,20.5951,0.1036,188.9637,6.0,8.0,2838.0,2395.0,2837.8548,2395.121,2837.8548,2395.121,191.99683050390576,27.257763028134303,0.821,0.674,42.02,0.10301,0.08165,44.78,2837.8548,2395.121,191.99683050390576,27.257763028134303,0.78827394294,0.60361940996,0.78827394294,0.60361940996,0.889,0.776,-4.93,0.8886267,0.7760386,-4.93,23.3412,0.0,4.41,1.219,0.179,0.49,33.0,0.14786091437566237
6702,6702,33_65,33_175,1602.04,16.20585,18.2922,0.011,5.814472E-7,21.0,21.0,2811.0,2384.0,2810.907,2383.9638,2810.907,2383.9638,192.00523812650465,27.26114562708596,0.802,0.753,-2.54,0.00812,0.00762,-2.54,2810.907,2383.9638,192.00523812650465,27.26114562708596,0.28963632925,0.28404428209,0.28963632925,0.28404428209,0.538,0.533,6.03,0.5382373,0.5328989,6.03,36.6144,0.0,1.65,1.065,0.061,1.0,33.0,968,968,33_12,33_28,1376.128,36.64168,18.4572,0.0289,189.8365,23.0,29.0,2811.0,2384.0,2811.0038,2384.004,2811.0038,2384.004,192.00520792533652,27.26113344283443,1.328,1.198,-9.94,0.04384,0.03853,-9.8,2811.0038,2384.004,192.00520792533652,27.26113344283443,0.85679412023,0.77065653892,0.85679412023,0.77065653892,0.926,0.878,-2.77,0.9257407,0.8777556,-2.77,23.3976,0.0,3.07,1.108,0.098,0.967,33.0,0.10481545687519023
6714,6714,33_77,33_163,135.3441,4.710565,20.9753,0.0378,-3.752782E-4,14.0,14.0,2582.0,2367.0,2582.0788,2367.2547,2582.0788,2367.2547,192.0774521243488,27.267914006833088,0.79,0.641,-69.05,0.0275,0.02232,-69.03,2582.0788,2367.2547,192.0774521243488,27.267914006833088,0.26410332528,0.323615791,0.26410332528,0.323615791,0.571,0.511,-77.66,0.5714973,0.5109892,-77.66,30.3311,0.0,2.17,1.232,0.189,0.999,33.0,969,969,33_13,33_27,141.284,15.93357,20.9286,0.1225,189.4582,5.0,6.0,2582.0,2367.0,2581.861,2367.1831,2581.861,2367.1831,192.0775202999068,27.267936090751597,0.753,0.569,-43.72,0.11099,0.08222,-44.87,2581.861,2367.1831,192.0775202999068,27.267936090751597,0.66939861209,0.68789129126,0.66939861209,0.68789129126,0.862,0.784,-49.11,0.8622001,0.7835183,-49.11,23.3387,0.0,3.72,1.322,0.244,0.491,33.0,0.2292670931466643
6718,6718,33_81,33_159,1502.152,15.69249,18.3621,0.0113,4.222508E-6,42.0,42.0,2926.0,2360.0,2926.5545,2360.1585,2926.5545,2360.1585,191.96841226073528,27.266777560328837,1.254,1.071,-36.39,0.0131,0.01119,-36.4,2926.5545,2360.1585,191.96841226073528,27.266777560328837,0.66668871047,0.58619926089,0.66668871047,0.58619926089,0.827,0.755,-22.52,0.8266749,0.75465,-22.52,99.0,0.0,2.75,1.171,0.146,1.0,33.0,970,970,33_14,33_26,1473.938,42.32045,18.3827,0.0312,189.2838,38.0,40.0,2926.0,2360.0,2926.6958,2360.1837,2926.6958,2360.1837,191.96836783283385,27.266769175977725,1.629,1.465,-44.15,0.05577,0.04942,-56.03,2926.6958,2360.1837,191.96836783283385,27.266769175977725,1.8893299578,1.7718731607,1.8893299578,1.7718731607,1.396,1.308,-30.27,1.396422,1.308132,-30.27,23.3792,0.0,4.68,1.112,0.101,0.013,33.0,0.14352954399683052
6730,6730,33_93,33_147,5896.052,31.08964,16.8775,0.0057,-7.190511E-4,217.0,217.0,2790.0,2323.0,2789.7924,2322.7726,2789.7924,2322.7726,192.01128391359697,27.27854005201217,4.281,1.349,-76.88,0.02258,0.00711,-76.88,2789.7924,2322.7726,192.01128391359697,27.27854005201217,1.7192264375,5.2728206122,1.7192264375,5.2728206122,2.351,1.211,-75.56,2.350611,1.211064,-75.56,34.2087,0.0,12.8,3.174,0.685,0.999,33.0,972,972,33_16,33_24,6287.491,80.02799,16.8077,0.0138,188.9744,129.0,139.0,2790.0,2323.0,2789.9057000000003,2322.8162,2789.9057000000003,2322.8162,192.0112485221344,27.278526762215535,4.249,1.862,-77.15,0.06272,0.02878,-77.87,2789.9057000000003,2322.8162,192.0112485221344,27.278526762215535,3.9803929587,8.1211198856,3.9803929587,8.1211198856,2.896,1.927,-76.14,2.896451,1.926677,-76.14,23.3326,0.0,12.59,2.281,0.562,0.006,33.0,0.12139954695193779
6732,6732,33_95,33_145,4201.498,26.24443,17.2454,0.0068,-3.603099E-5,27.0,27.0,2849.0,2327.0,2849.4279,2327.2245,2849.4279,2327.2245,191.99246497514272,27.276743613796185,0.748,0.7,-19.8,0.00467,0.00437,-19.8,2849.4279,2327.2245,191.99246497514272,27.276743613796185,0.29053433671,0.24052767592,0.29053433671,0.24052767592,0.539,0.49,-4.18,0.5392616,0.4901622,-4.18,36.9301,0.0,1.45,1.069,0.065,1.0,33.0,973,973,33_17,33_23,3818.743,48.75563,17.3491,0.0139,189.5826,39.0,45.0,2849.0,2327.0,2849.4525,2327.2373,2849.4525,2327.2373,191.9924573263612,27.276739790311638,1.494,1.361,-13.56,0.02429,0.02202,-18.08,2849.4525,2327.2373,191.9924573263612,27.276739790311638,0.94561543079,0.84851845666,0.94561543079,0.84851845666,0.973,0.92,-8.1,0.9734603,0.9200592,-8.1,23.3794,0.0,3.01,1.098,0.089,0.976,33.0,0.027730849247476673
6735,6735,33_98,33_142,350.9041,7.584542,19.9409,0.0235,-6.142803E-6,15.0,15.0,2701.0,2318.0,2701.0363,2318.3996,2701.0363,2318.3996,192.03931785755623,27.28057609957212,0.744,0.668,-5.57,0.01608,0.01445,-5.57,2701.0363,2318.3996,192.03931785755623,27.28057609957212,0.24331413398,0.29366973992,0.24331413398,0.29366973992,0.544,0.491,78.36,0.5439678,0.4910019,78.36,32.7824,0.0,1.66,1.113,0.102,1.0,33.0,974,974,33_18,33_22,309.7013,22.67408,20.0765,0.0795,190.2666,10.0,12.0,2701.0,2318.0,2701.059,2318.3531,2701.059,2318.3531,192.03931019817568,27.280588966234617,0.987,0.825,-52.86,0.08827,0.07139,-55.09,2701.059,2318.3531,192.03931019817568,27.280588966234617,0.75725348987,0.67190511585,0.75725348987,0.67190511585,0.875,0.814,-16.76,0.8750783,0.8144916,-16.76,23.4078,0.0,2.94,1.197,0.164,0.523,33.0,0.05174495144489517
6747,6747,33_110,33_130,13905.33,47.74477,15.9459,0.0037,-2.439151E-5,23.0,23.0,2645.0,2293.0,2645.4298,2293.2703,2645.4298,2293.2703,192.0566536082098,27.28814341653785,0.63,0.588,-39.85,0.00216,0.00202,-39.85,2645.4298,2293.2703,192.0566536082098,27.28814341653785,0.25326147407,0.1842439814,0.25326147407,0.1842439814,0.504,0.428,-6.52,0.5041589,0.4281697,-6.52,31.8813,0.0,1.2,1.071,0.066,1.0,33.0,975,975,33_19,33_21,13217.97,69.89819,16.001,0.0057,189.6386,63.0,70.0,2645.0,2293.0,2645.4931,2293.3198,2645.4931,2293.3198,192.0566340860806,27.288128929387927,1.57,1.517,-30.3,0.01125,0.01054,-70.96,2645.4931,2293.3198,192.0566340860806,27.288128929387927,0.9527655394,0.86662210312,0.9527655394,0.86662210312,0.978,0.929,-12.48,0.9783691,0.9285373,-12.48,23.349,0.0,3.01,1.035,0.034,0.983,33.0,0.08035633142472391
6748,6748,33_111,33_129,119.5339,4.42671,21.1101,0.0402,-5.600726E-5,12.0,12.0,2612.0,2293.0,2611.9954,2293.1687,2611.9954,2293.1687,192.06723158104367,27.28847331200065,0.67,0.606,7.85,0.0248,0.02246,7.81,2611.9954,2293.1687,192.06723158104367,27.28847331200065,0.22222608731,0.19740571176,0.22222608731,0.19740571176,0.475,0.441,18.03,0.4745191,0.44098,18.03,32.55,0.0,1.56,1.104,0.094,0.974,33.0,976,976,33_20,33_20,120.4445,14.65344,21.1019,0.1321,189.2062,5.0,5.0,2612.0,2293.0,2612.0003,2293.0208,2612.0003,2293.0208,192.06722852122772,27.28851484745412,0.628,0.601,-0.01,0.09679,0.09653,0.15,2612.0003,2293.0208,192.06722852122772,27.28851484745412,0.68204909009,0.54640882596,0.68204909009,0.54640882596,0.826,0.739,3.17,0.8261148,0.7389129,3.17,23.3167,0.0,2.53,1.046,0.044,0.438,33.0,0.1479811474483122
6749,6749,33_112,33_128,2323.578,19.51703,17.8885,0.0091,-4.280974E-5,184.0,184.0,2791.0,2283.0,2790.4896,2283.8266,2790.4896,2283.8266,192.0106605942047,27.28948203213256,3.592,1.773,10.54,0.03018,0.0149,10.54,2790.4896,2283.8266,192.0106605942047,27.28948203213256,4.9507818801,2.2391220859,4.9507818801,2.2391220859,2.269,1.429,14.56,2.268689,1.42932,14.56,38.4516,0.0,12.0,2.026,0.506,0.997,33.0,977,977,33_21,33_19,2524.759,63.72807,17.7983,0.0274,189.5394,82.0,95.0,2792.0,2284.0,2790.6625,2283.8171,2790.6625,2283.8171,192.010605794094,27.289483125375185,3.553,1.806,13.62,0.09883,0.05125,13.36,2790.6625,2283.8171,192.010605794094,27.289483125375185,8.9734229257,5.4458462946,8.9734229257,5.4458462946,3.02,2.302,11.22,3.019601,2.302451,11.22,23.3762,0.0,13.0,1.968,0.492,0.0,33.0,0.1731607923289879
6756,6756,33_119,33_121,160.2791,5.12594,20.7917,0.0347,-2.533332E-5,41.0,41.0,2887.0,2265.0,2885.8786,2265.8014,2885.8786,2265.8014,191.98029492832492,27.29367578053376,1.616,0.703,-27.73,0.05171,0.02249,-27.71,2885.8786,2265.8014,191.98029492832492,27.29367578053376,0.85728784516,0.50567888716,0.85728784516,0.50567888716,1.013,0.581,-29.63,1.012639,0.580972,-29.63,36.0239,2.0,4.97,2.299,0.565,0.989,33.0,978,978,33_22,33_18,117.8321,14.50651,21.1257,0.1337,189.1479,5.0,5.0,2887.0,2265.0,2886.6062,2265.5929,2886.6062,2265.5929,191.9800625663914,27.29372770581723,1.064,0.323,-21.43,0.18976,0.05591,-21.02,2886.6062,2265.5929,191.9800625663914,27.29372770581723,1.7162283201,1.2253351059,1.7162283201,1.2253351059,1.361,1.043,-25.07,1.361497,1.04302,-25.07,23.3697,0.0,3.45,3.3,0.697,0.479,33.0,0.7568844099333326
6762,6762,33_125,33_116,379.665,7.889244,19.8554,0.0226,-2.335408E-5,20.0,20.0,2792.0,2259.0,2791.9063,2258.6369,2791.9063,2258.6369,192.00995184290912,27.29655031442389,0.947,0.718,-25.74,0.01968,0.01493,-25.75,2791.9063,2258.6369,192.00995184290912,27.29655031442389,0.32338666181,0.2844831593,0.32338666181,0.2844831593,0.572,0.53,-16.08,0.571761,0.5300558,-16.08,37.8215,0.0,1.7,1.318,0.241,0.999,33.0,979,979,33_23,33_17,366.9586,25.10052,19.8923,0.0743,188.9483,12.0,15.0,2792.0,2259.0,2791.8754,2258.5184,2791.8754,2258.5184,192.0099603939298,27.29658390855556,1.078,0.945,-18.49,0.08912,0.07846,-14.41,2791.8754,2258.5184,192.0099603939298,27.29658390855556,1.3250439342,1.2430410855,1.3250439342,1.2430410855,1.179,1.085,-33.72,1.179371,1.084974,-33.72,23.3414,0.0,3.77,1.141,0.124,0.548,33.0,0.12246248405132872
6782,6782,33_145,33_97,3362.382,23.47787,17.4872,0.0076,-6.978256E-4,25.0,25.0,2540.0,2215.0,2540.0244,2214.5571,2540.0244,2214.5571,192.08920688562716,27.311220113830156,0.762,0.715,-22.41,0.00532,0.00499,-22.41,2540.0244,2214.5571,192.08920688562716,27.311220113830156,0.24651420344,0.29700923723,0.24651420344,0.29700923723,0.545,0.496,-85.64,0.5452569,0.496204,-85.64,31.2445,0.0,1.55,1.066,0.062,1.0,33.0,980,980,33_24,33_16,3039.918,45.45267,17.5967,0.0162,189.7443,35.0,39.0,2540.0,2215.0,2540.0591,2214.6119,2540.0591,2214.6119,192.08919645970053,27.311204396613963,1.438,1.316,-12.29,0.02641,0.0247,-9.02,2540.0591,2214.6119,192.08919645970053,27.311204396613963,0.93446665938,0.83581962241,0.93446665938,0.83581962241,0.968,0.913,-8.6,0.9678705,0.9129693,-8.6,23.3206,0.0,3.09,1.093,0.085,0.991,33.0,0.06486239280198092
6785,6785,33_148,33_94,547.6887,9.475496,19.4575,0.0188,-0.002045217,50.0,50.0,2922.0,2209.0,2922.5535,2208.4863,2922.5535,2208.4863,191.9680936390857,27.309449736416116,1.277,1.132,-25.85,0.02211,0.01959,-25.81,2922.5535,2208.4863,191.9680936390857,27.309449736416116,0.58850129668,0.60074117159,0.58850129668,0.60074117159,0.819,0.72,-47.31,0.8189945,0.7200629,-47.31,33.0427,0.0,2.96,1.129,0.114,0.984,33.0,981,981,33_25,33_15,535.9277,30.2208,19.4811,0.0612,188.5778,21.0,22.0,2922.0,2209.0,2922.5521,2208.3463,2922.5521,2208.3463,191.96809261970083,27.309489103485923,1.39,1.181,-23.05,0.0951,0.08016,-20.35,2922.5521,2208.3463,191.96809261970083,27.309489103485923,2.6581526046,2.2032744837,2.6581526046,2.2032744837,1.631,1.484,-3.61,1.63094,1.483732,-3.61,23.3413,0.0,6.14,1.177,0.15,0.004,33.0,0.14000699982488246
6787,6787,33_150,33_92,332.8137,7.386448,19.9984,0.0241,-0.002618339,11.0,11.0,2715.0,2206.0,2715.1776,2206.2313,2715.1776,2206.2313,192.03369036534664,27.31198096430087,0.693,0.616,29.57,0.01538,0.01366,29.57,2715.1776,2206.2313,192.03369036534664,27.31198096430087,0.2722455626,0.25065289434,0.2722455626,0.25065289434,0.537,0.485,33.04,0.5367225,0.4845899,33.04,32.7472,0.0,1.76,1.125,0.112,1.0,33.0,982,982,33_26,33_14,275.2368,19.85293,20.2046,0.0783,190.2898,8.0,9.0,2715.0,2206.0,2715.0485,2206.0753,2715.0485,2206.0753,192.0337296154109,27.31202599148133,0.789,0.766,36.58,0.06965,0.06912,50.66,2715.0485,2206.0753,192.0337296154109,27.31202599148133,0.60254811341,0.56206430426,0.60254811341,0.56206430426,0.783,0.743,24.61,0.7831352,0.7425036,24.61,23.3995,0.0,3.07,1.03,0.029,0.536,33.0,0.2024915059947254
6788,6788,33_151,33_91,663.721,10.43105,19.2489,0.0171,-6.736874E-4,17.0,17.0,2569.0,2202.0,2568.6492,2202.2239,2568.6492,2202.2239,192.08002199943925,27.31443068816994,0.77,0.738,-83.69,0.0121,0.01159,-83.71,2568.6492,2202.2239,192.08002199943925,27.31443068816994,0.31788557559,0.26420250664,0.31788557559,0.26420250664,0.568,0.509,-16.18,0.5681725,0.5091837,-16.18,31.9346,0.0,1.62,1.044,0.042,0.986,33.0,983,983,33_27,33_13,563.2604,27.05078,19.4271,0.0522,189.065,14.0,16.0,2569.0,2202.0,2568.6245,2202.2479,2568.6245,2202.2479,192.08003006101563,27.31442416272281,1.058,0.972,72.65,0.06467,0.05604,74.99,2568.6245,2202.2479,192.08003006101563,27.31442416272281,0.81879871149,0.77297310927,0.81879871149,0.77297310927,0.905,0.879,-6.85,0.9052455,0.8788074,-6.85,23.279,0.0,3.12,1.089,0.082,0.708,33.0,0.034439657373318444
6823,6823,33_186,33_58,918.1047,12.26821,18.8966,0.0145,2.586721E-4,33.0,33.0,2520.0,2143.0,2519.6795,2142.9808,2519.6795,2142.9808,192.0949203422359,27.331525116312523,1.3,1.04,16.53,0.01737,0.0139,16.53,2519.6795,2142.9808,192.0949203422359,27.331525116312523,0.86503277257,0.66109066708,0.86503277257,0.66109066708,0.936,0.806,13.0,0.9362214,0.8059857,13.0,34.1273,0.0,3.74,1.25,0.2,1.0,33.0,984,984,33_28,33_12,873.9349,35.71218,18.9502,0.0444,190.3135,25.0,28.0,2520.0,2143.0,2519.696,2143.0258,2519.696,2143.0258,192.09491557535404,27.3315123174044,1.538,1.205,10.78,0.07297,0.05607,8.29,2519.696,2143.0258,192.09491557535404,27.3315123174044,2.0359934428,1.746973844,2.0359934428,1.746973844,1.436,1.312,15.87,1.435756,1.312087,15.87,23.3266,0.0,5.09,1.277,0.217,0.094,33.0,0.0479296359259845
6826,6826,33_189,33_55,16774.22,52.43922,15.7423,0.0034,-0.002466002,23.0,23.0,2805.0,2139.0,2805.2142,2139.1466,2805.2142,2139.1466,192.00450402067904,27.33001907329561,0.624,0.589,-22.16,0.00195,0.00184,-22.16,2805.2142,2139.1466,192.00450402067904,27.33001907329561,0.146700044,0.1195966242,0.146700044,0.1195966242,0.383,0.346,-3.94,0.3831833,0.3456404,-3.94,32.8387,0.0,1.23,1.061,0.058,1.0,33.0,985,985,33_29,33_11,16114.44,75.18636,15.7858,0.0051,189.2726,73.0,80.0,2805.0,2139.0,2805.2765,2139.1925,2805.2765,2139.1925,192.0044847788809,27.33000560038451,1.629,1.554,-11.04,0.01032,0.00999,-33.25,2805.2765,2139.1925,192.0044847788809,27.33000560038451,0.9744802717,0.87278100645,0.9744802717,0.87278100645,0.988,0.933,-7.44,0.9880504,0.9332833,-7.44,23.366,0.0,3.04,1.048,0.046,0.983,33.0,0.07738281462969067
6831,6831,33_194,33_50,3190.28,22.86912,17.5443,0.0078,-1.171739E-5,23.0,23.0,2755.0,2130.0,2754.9598,2130.2103,2754.9598,2130.2103,192.0203169700772,27.33299004442264,0.753,0.716,22.46,0.0054,0.00513,22.46,2754.9598,2130.2103,192.0203169700772,27.33299004442264,0.23130465108,0.23168962884,0.23130465108,0.23168962884,0.487,0.475,45.94,0.4871922,0.4750138,45.94,38.9152,0.0,1.49,1.051,0.049,1.0,33.0,986,986,33_30,33_10,2885.627,45.13969,17.6533,0.017,189.5467,36.0,41.0,2755.0,2130.0,2754.9779,2130.2496,2754.9779,2130.2496,192.02031164678752,27.332978831561768,1.422,1.356,7.34,0.02787,0.02746,3.38,2754.9779,2130.2496,192.02031164678752,27.332978831561768,0.91981670733,0.82833679574,0.91981670733,0.82833679574,0.96,0.909,6.83,0.9597654,0.9093975,6.83,23.3617,0.0,3.03,1.048,0.046,0.981,33.0,0.043267770915370644
6836,6836,33_199,33_45,457.5883,8.66109,19.6527,0.0206,-0.002393417,32.0,32.0,2581.0,2113.0,2580.8094,2113.27,2580.8094,2113.27,192.07526750967213,27.339329344026364,1.119,0.979,-22.91,0.02118,0.01853,-22.9,2580.8094,2113.27,192.07526750967213,27.339329344026364,0.66323793946,0.53311549675,0.66323793946,0.53311549675,0.829,0.714,-21.33,0.8286495,0.7139281,-21.33,32.8993,0.0,2.83,1.143,0.125,1.0,33.0,987,987,33_31,33_9,374.3018,25.88312,19.8708,0.0751,191.1955,14.0,15.0,2581.0,2113.0,2580.8587,2113.4663,2580.8587,2113.4663,192.0752539025287,27.339273714206648,1.084,0.98,5.93,0.0849,0.07496,13.79,2580.8587,2113.4663,192.0752539025287,27.339273714206648,1.6149489484,1.5015823978,1.6149489484,1.5015823978,1.276,1.22,-17.59,1.27578,1.220212,-17.59,23.3908,0.0,4.75,1.106,0.096,0.02,33.0,0.2023960968004034
6839,6839,33_202,33_42,173.0189,5.325764,20.7086,0.0334,-1.30858E-4,25.0,25.0,2613.0,2111.0,2613.1188,2110.4932,2613.1188,2110.4932,192.0650114616399,27.33981897273345,1.102,0.861,-0.54,0.03393,0.02652,-0.54,2613.1188,2110.4932,192.0650114616399,27.33981897273345,0.58763035061,0.4480108101,0.58763035061,0.4480108101,0.767,0.669,5.04,0.7672845,0.6685175,5.04,38.6686,0.0,3.19,1.279,0.218,1.0,33.0,988,988,33_32,33_8,118.388,16.14128,21.1206,0.1481,190.826,5.0,6.0,2613.0,2111.0,2613.0087,2110.5143,2613.0087,2110.5143,192.06504652956875,27.33981403382965,0.803,0.5,0.12,0.11774,0.07221,0.02,2613.0087,2110.5143,192.06504652956875,27.33981403382965,1.4011368253,1.1280792652,1.4011368253,1.1280792652,1.185,1.061,-5.67,1.184842,1.060832,-5.67,23.381,0.0,3.67,1.607,0.378,0.464,33.0,0.1121036127877677
6844,6844,33_207,33_37,8017.795,36.25455,16.5437,0.0049,-3.681478E-4,26.0,26.0,2868.0,2105.0,2868.2783,2105.1549,2868.2783,2105.1549,191.9841918624104,27.338996171294877,0.678,0.641,-30.52,0.00306,0.0029,-30.52,2868.2783,2105.1549,191.9841918624104,27.338996171294877,0.19704269822,0.15671390181,0.19704269822,0.15671390181,0.444,0.396,-4.41,0.4441668,0.395566,-4.41,33.279,0.0,1.29,1.058,0.055,1.0,33.0,989,989,33_33,33_7,7608.381,59.14942,16.6006,0.0084,188.8775,54.0,60.0,2868.0,2105.0,2868.3442,2105.1758,2868.3442,2105.1758,191.98417122263996,27.338989690402457,1.554,1.493,-29.8,0.01634,0.01514,-67.88,2868.3442,2105.1758,191.98417122263996,27.338989690402457,0.96266198032,0.86878519578,0.96266198032,0.86878519578,0.982,0.931,-9.18,0.9824346,0.930736,-9.18,23.3476,0.0,3.02,1.041,0.039,0.983,33.0,0.06913479587014548
6853,6853,33_216,33_28,61950.54,100.7761,14.3238,0.0018,-0.001357608,19.0,19.0,2650.0,2085.0,2650.4275,2085.3691,2650.4275,2085.3691,192.0529442200484,27.346545066303307,0.577,0.54,-44.32,9.4E-4,8.8E-4,-44.32,2650.4275,2085.3691,192.0529442200484,27.346545066303307,0.24167275059,0.21400467461,0.24167275059,0.21400467461,0.495,0.459,-18.82,0.4952887,0.4586573,-18.82,33.5202,0.0,1.13,1.068,0.064,1.0,33.0,990,990,33_34,33_6,63608.65,123.7371,14.2951,0.0021,190.0889,116.0,125.0,2650.0,2085.0,2650.5011,2085.4284,2650.5011,2085.4284,192.0529215280517,27.346527729699066,1.704,1.639,-8.01,0.00447,0.00429,-6.73,2650.5011,2085.4284,192.0529215280517,27.346527729699066,0.9727430863,0.88800853755,0.9727430863,0.88800853755,0.988,0.94,-11.72,0.9882075,0.9403178,-11.72,23.3563,0.0,2.99,1.04,0.038,0.998,33.0,0.0945169297005164
6855,6855,33_218,33_26,1426.858,15.29415,18.4179,0.0116,6.782175E-6,90.0,90.0,2560.0,2076.0,2559.7844,2075.2018,2559.7844,2075.2018,192.08153609849592,27.350220597099437,3.781,0.991,88.69,0.04053,0.01062,88.69,2559.7844,2075.2018,192.08153609849592,27.350220597099437,0.89774982603,4.1385309909,0.89774982603,4.1385309909,2.035,0.946,88.4,2.034963,0.9461535,88.4,99.0,0.0,11.6,3.815,0.738,1.0,33.0,991,991,33_35,33_5,1357.856,50.05121,18.4717,0.04,191.3535,47.0,56.0,2560.0,2076.0,2559.8073,2075.302,2559.8073,2075.302,192.08152986748175,27.35019222174405,3.534,1.113,88.65,0.139,0.04317,88.77,2559.8073,2075.302,192.08152986748175,27.35019222174405,2.2901879231,7.3900448101,2.2901879231,7.3900448101,2.719,1.513,88.99,2.718758,1.512809,88.99,23.3879,0.0,11.89,3.174,0.685,0.0,33.0,0.10278351035093086
6861,6861,33_224,33_20,161.5952,5.146943,20.7828,0.0346,0.003305526,15.0,15.0,2551.0,2062.0,2551.1462,2062.1711,2551.1462,2062.1711,192.0841384668899,27.353961559485818,0.754,0.651,-72.84,0.02402,0.02072,-72.83,2551.1462,2062.1711,192.0841384668899,27.353961559485818,0.14835957296,0.18974177,0.14835957296,0.18974177,0.436,0.385,-86.89,0.4357337,0.3850162,-86.89,99.0,0.0,1.37,1.159,0.137,1.0,33.0,992,992,33_36,33_4,153.1584,17.6759,20.841,0.1253,191.7503,7.0,7.0,2551.0,2062.0,2551.263,2062.0286,2551.263,2062.0286,192.08410003931792,27.35400057232977,0.726,0.683,-86.88,0.09607,0.08904,-89.4,2551.263,2062.0286,192.08410003931792,27.35400057232977,0.70379963292,0.70865442232,0.70379963292,0.70865442232,0.849,0.832,-49.72,0.8491372,0.8315167,-49.72,23.4094,0.0,2.31,1.062,0.058,0.364,33.0,0.18425116010470316
6867,6867,33_230,33_15,217.4162,5.970092,20.4606,0.0298,-9.75945E-4,27.0,27.0,2573.0,2055.0,2572.163,2054.1933,2572.163,2054.1933,192.07740330760643,27.356015504388445,1.117,0.903,79.16,0.03067,0.02479,79.17,2572.163,2054.1933,192.07740330760643,27.356015504388445,0.55237746966,0.45902841235,0.55237746966,0.45902841235,0.754,0.665,-21.22,0.7542889,0.6651723,-21.22,33.8844,2.0,4.25,1.237,0.192,1.0,33.0,993,993,33_37,33_3,155.8163,17.54314,20.8223,0.1223,191.3096,6.0,7.0,2572.0,2055.0,2572.0469,2054.3153,2572.0469,2054.3153,192.07744130730725,27.355982250519443,0.748,0.681,1.0,0.09489,0.08766,0.96,2572.0469,2054.3153,192.07744130730725,27.355982250519443,1.1188604002,1.2597153994,1.1188604002,1.2597153994,1.126,1.054,-77.19,1.125788,1.054124,-77.19,23.394,0.0,4.23,1.098,0.089,0.487,33.0,0.16841380584772847
6876,6876,33_239,33_6,2404.999,19.85604,17.8511,0.009,-3.093071E-5,21.0,21.0,2593.0,2029.0,2593.1102,2028.5644,2593.1102,2028.5644,192.07051007306217,27.36303200100229,0.735,0.676,-73.04,0.00607,0.00558,-73.04,2593.1102,2028.5644,192.07051007306217,27.36303200100229,0.20256002181,0.29276444813,0.20256002181,0.29276444813,0.541,0.45,-87.2,0.5412776,0.4498255,-87.2,40.3508,0.0,1.39,1.088,0.08,1.0,33.0,994,994,33_38,33_2,2091.419,40.36235,18.0028,0.021,190.2005,29.0,33.0,2593.0,2029.0,2593.1025,2028.6202,2593.1025,2028.6202,192.07051307993555,27.363016383315323,1.313,1.258,3.31,0.0329,0.02946,10.41,2593.1025,2028.6202,192.07051307993555,27.363016383315323,0.78418713602,0.77909994447,0.78418713602,0.77909994447,0.896,0.872,-41.47,0.8957479,0.8723089,-41.47,23.3401,0.0,2.83,1.044,0.042,0.978,33.0,0.056328767073421875
6877,6877,33_240,33_235,47556.52,88.29582,14.6108,0.002,0.01383476,1246.0,1246.0,2894.0,2518.0,2893.5251,2514.3467,2893.5251,2514.3467,191.9804657278822,27.223737733815074,7.436,4.346,-0.22,0.01381,0.00807,-0.22,2893.5251,2514.3467,191.9804657278822,27.223737733815074,6.754745643,3.3512527658,6.754745643,3.3512527658,2.599,1.83,-0.89,2.599147,1.83042,-0.89,42.8675,16.0,34.12,1.711,0.416,0.49,33.0,959,959,33_3,33_38,52053.8,205.0124,14.5127,0.0043,192.3883,531.0,560.0,2894.0,2518.0,2893.5001,2514.8154,2893.5001,2514.8154,191.98047851572343,27.22360620692732,7.17,3.798,1.05,0.03329,0.01727,1.56,2893.5001,2514.8154,191.98047851572343,27.22360620692732,9.7042086803,5.3509592066,9.7042086803,5.3509592066,3.115,2.313,-0.98,3.11536,2.312941,-0.98,23.1412,24.0,31.32,1.888,0.47,0.029,33.0,0.4693662642328345
6930,6930,34_50,34_107,1090.556,13.37288,18.7097,0.0133,-4.672259E-4,43.0,43.0,3046.0,2423.0,3046.8708,2423.6498,3046.8708,2423.6498,191.9310289958628,27.24781875928929,1.959,0.84,5.1,0.02402,0.0103,5.1,3046.8708,2423.6498,191.9310289958628,27.24781875928929,1.6098469916,0.53937583393,1.6098469916,0.53937583393,1.281,0.713,9.42,1.280682,0.7134959,9.42,29.0765,0.0,5.1,2.333,0.571,0.999,34.0,1004,1004,34_10,34_31,1007.323,38.55922,18.7959,0.0416,188.9799,31.0,34.0,3047.0,2424.0,3046.9749,2423.6398,3046.9749,2423.6398,191.9309959735318,27.24782060479395,2.058,1.11,5.94,0.08986,0.04867,5.67,3046.9749,2423.6398,191.9309959735318,27.24782060479395,3.2375409504,1.773456679,3.2375409504,1.773456679,1.804,1.325,6.06,1.803943,1.325438,6.06,23.3719,0.0,6.84,1.855,0.461,0.001,34.0,0.10457920443380629
6932,6932,34_52,34_105,296.5603,6.974433,20.1236,0.0255,-4.92108E-4,15.0,15.0,3065.0,2414.0,3064.892,2414.268,3064.892,2414.268,191.92523162934043,27.250288644497108,0.906,0.661,4.28,0.0213,0.01554,4.27,3064.892,2414.268,191.92523162934043,27.250288644497108,0.36167433944,0.28200403425,0.36167433944,0.28200403425,0.606,0.526,13.73,0.6055827,0.5262584,13.73,28.8153,16.0,2.47,1.371,0.271,1.0,34.0,1005,1005,34_11,34_30,209.7049,18.6415,20.4998,0.0965,188.6389,7.0,8.0,3065.0,2414.0,3064.8322,2414.2648,3064.8322,2414.2648,191.92525050478696,27.250290099283312,0.925,0.636,6.98,0.10442,0.07028,7.05,3064.8322,2414.2648,191.92525050478696,27.250290099283312,1.0732209907,0.84928205946,1.0732209907,0.84928205946,1.041,0.916,-12.17,1.04122,0.9156223,-12.17,23.3444,16.0,4.55,1.454,0.312,0.334,34.0,0.059885557524332673
6964,6964,34_84,34_73,4085.463,25.87949,17.2758,0.0069,-6.800477E-5,58.0,58.0,3068.0,2261.0,3067.0974,2261.5816,3067.0974,2261.5816,191.92292236583697,27.293186273498684,2.171,0.704,-61.5,0.01375,0.00446,-61.5,3067.0974,2261.5816,191.92292236583697,27.293186273498684,0.40355046857,0.78180669933,0.40355046857,0.78180669933,0.936,0.556,-65.96,0.9358475,0.5563691,-65.96,34.4317,16.0,6.03,3.083,0.676,1.0,34.0,1017,1017,34_23,34_18,4294.983,59.03017,17.2215,0.0149,189.0483,61.0,69.0,3068.0,2261.0,3067.258,2261.4171,3067.258,2261.4171,191.92286982670464,27.293231017776257,2.416,1.442,-61.32,0.04186,0.02423,-61.28,3067.258,2261.4171,191.92286982670464,27.293231017776257,1.5306931094,1.9836803174,1.5306931094,1.9836803174,1.479,1.152,-60.84,1.479331,1.151501,-60.84,23.3295,24.0,5.58,1.675,0.403,0.025,34.0,0.22989695517744335
6982,6982,34_102,34_55,946.7436,12.45809,18.8633,0.0143,-2.010101E-5,19.0,19.0,3033.0,2192.0,3032.9152,2191.8537,3032.9152,2191.8537,191.9330009370336,27.31310375186824,0.754,0.73,-18.29,0.00992,0.0096,-18.3,3032.9152,2191.8537,191.9330009370336,27.31310375186824,0.28294891902,0.30069818046,0.28294891902,0.30069818046,0.549,0.532,82.53,0.5486428,0.5316373,82.53,37.3891,0.0,1.74,1.033,0.032,1.0,34.0,1023,1023,34_29,34_12,823.3782,32.05916,19.0149,0.0423,189.2856,20.0,23.0,3033.0,2192.0,3032.952,2191.8465,3032.952,2191.8465,191.9329892179877,27.31310543381001,1.194,1.164,-6.42,0.05491,0.05433,-2.87,3032.952,2191.8465,191.9329892179877,27.31310543381001,0.87884938861,0.82493067271,0.87884938861,0.82493067271,0.937,0.908,-0.96,0.9374778,0.9082486,-0.96,23.3595,0.0,3.09,1.026,0.025,0.813,34.0,0.03749773326513405
6988,6988,34_108,34_49,1326.842,14.74839,18.4968,0.0121,-1.555268E-6,17.0,17.0,3041.0,2165.0,3041.3626,2165.1832,3041.3626,2165.1832,191.9300471633665,27.32052201580649,0.777,0.627,-12.42,0.00863,0.00697,-12.42,3041.3626,2165.1832,191.9300471633665,27.32052201580649,0.27332287511,0.19102467499,0.27332287511,0.19102467499,0.524,0.435,-8.25,0.5244919,0.4350354,-8.25,41.6599,0.0,1.42,1.239,0.193,1.0,34.0,1024,1024,34_30,34_11,1186.713,35.11155,18.618,0.0321,189.1625,23.0,27.0,3041.0,2165.0,3041.4092,2165.1485,3041.4092,2165.1485,191.9300320528891,27.320531336237305,1.361,1.12,-12.01,0.04943,0.0406,-12.5,3041.4092,2165.1485,191.9300320528891,27.320531336237305,0.93415068299,0.75827247589,0.93415068299,0.75827247589,0.97,0.867,-11.12,0.9701645,0.8667203,-11.12,23.352,0.0,3.22,1.215,0.177,0.892,34.0,0.058100344233254234
7038,7038,35_3,35_15,3803.308,24.96985,17.3535,0.0071,0.002012082,26.0,26.0,74.0,2525.0,73.8533,2524.6464,73.8533,2524.6464,192.87271034657203,27.24391306376993,0.54,0.511,86.42,0.00355,0.00335,86.42,73.8533,2524.6464,192.87271034657203,27.24391306376993,0.059040413945,0.13370732123,0.059040413945,0.13370732123,0.366,0.243,-89.88,0.3656605,0.2429817,-89.88,38.0184,0.0,0.98,1.058,0.054,1.0,35.0,1036,1036,35_3,35_2,3498.438,49.44083,17.4442,0.0153,193.3639,36.0,41.0,74.0,2525.0,73.8913,2524.6812,73.8913,2524.6812,192.87269860964017,27.24390300140345,1.437,1.374,1.63,0.024,0.02362,4.46,73.8913,2524.6812,192.87269860964017,27.24390300140345,0.9706224691,0.87147959455,0.9706224691,0.87147959455,0.985,0.933,-3.04,0.9853441,0.9333804,-3.04,23.2628,0.0,3.16,1.046,0.044,0.976,35.0,0.05152708025876409
7053,7053,35_18,35_753,4150.261,26.08392,17.2587,0.0068,2.032919E-5,21.0,21.0,71.0,3005.0,71.1826,3004.9432,71.1826,3004.9432,192.87747314074653,27.10883223851295,0.463,0.402,-33.08,0.00291,0.00253,-33.08,71.1826,3004.9432,192.87747314074653,27.10883223851295,0.098346591961,0.093365683292,0.098346591961,0.093365683292,0.314,0.306,-0.94,0.3136047,0.3055558,-0.94,46.4679,0.0,0.83,1.151,0.131,1.0,35.0,1056,1056,35_23,35_27,3928.861,49.83469,17.3182,0.0138,190.7223,42.0,45.0,71.0,3005.0,71.2723,3004.9264,71.2723,3004.9264,192.8774446661723,27.108836317016024,1.491,1.389,-12.46,0.02449,0.0223,-9.49,71.2723,3004.9264,192.8774446661723,27.108836317016024,0.94123565312,0.86402694534,0.94123565312,0.86402694534,0.973,0.927,-13.27,0.9725127,0.9270824,-13.27,23.3215,0.0,2.99,1.073,0.068,0.98,35.0,0.09125968441766864
7109,7109,35_74,35_697,1835.214,17.34517,18.1447,0.0103,-7.555517E-4,9.0,9.0,507.0,2973.0,507.1046,2972.633,507.1046,2972.633,192.73945118141864,27.114717345534352,0.516,0.376,79.99,0.00488,0.00356,79.99,507.1046,2972.633,192.73945118141864,27.114717345534352,0.1121796787,0.20354365497,0.1121796787,0.20354365497,0.451,0.335,88.81,0.4512017,0.3348736,88.81,50.5495,16.0,1.08,1.373,0.271,1.0,35.0,1061,1061,35_28,35_26,1700.823,38.69593,18.2272,0.0247,190.4341,27.0,30.0,507.0,2973.0,507.3012,2972.6563,507.3012,2972.6563,192.7393892401338,27.114709319457635,1.341,1.214,32.74,0.03805,0.03408,43.43,507.3012,2972.6563,192.7393892401338,27.114709319457635,0.90476261754,0.8357888101,0.90476261754,0.8357888101,0.96,0.905,23.61,0.9597139,0.9052627,23.61,23.3242,16.0,3.03,1.105,0.095,0.956,35.0,0.1979758823695689
7115,7115,35_80,35_691,422.7021,8.324388,19.7388,0.0214,5.305092E-4,8.0,8.0,151.0,2969.0,151.2154,2969.2206,151.2154,2969.2206,192.8518951772248,27.118301729368657,0.614,0.504,14.56,0.01209,0.00992,14.56,151.2154,2969.2206,192.8518951772248,27.118301729368657,0.16494189111,0.11744856176,0.16494189111,0.11744856176,0.407,0.341,8.45,0.4074491,0.3411388,8.45,42.6531,0.0,1.34,1.219,0.18,1.0,35.0,1062,1062,35_29,35_25,236.4018,20.2773,20.3697,0.0932,191.3882,8.0,9.0,151.0,2969.0,151.0545,2969.0653,151.0545,2969.0653,192.85194474642515,27.11834658543863,0.793,0.781,-0.17,0.07774,0.07736,43.27,151.0545,2969.0653,192.85194474642515,27.11834658543863,0.95262786178,0.83354344445,0.95262786178,0.83354344445,0.977,0.912,5.9,0.9766853,0.9122813,5.9,23.3455,0.0,2.61,1.015,0.015,0.482,35.0,0.2236222260866918
7132,7132,35_97,35_674,33439.5,74.03975,14.9932,0.0024,3.792897E-6,7.0,7.0,47.0,2953.0,46.5178,2953.0236,46.5178,2953.0236,192.88484504326487,27.123615553431616,0.5,0.239,-2.82,0.00111,5.3E-4,-2.82,46.5178,2953.0236,192.88484504326487,27.123615553431616,0.23788694054,0.089357126791,0.23788694054,0.089357126791,0.488,0.299,-0.26,0.4877398,0.2989213,-0.26,49.0337,0.0,0.77,2.088,0.521,1.0,35.0,1038,1038,35_5,35_24,33146.71,97.28313,15.0028,0.0032,190.4993,91.0,98.0,47.0,2953.0,46.5875,2953.0879,46.5875,2953.0879,192.884823541245,27.123596963334936,1.653,1.593,-7.1,0.00655,0.00641,-18.71,46.5875,2953.0879,192.884823541245,27.123596963334936,0.93395769956,0.85797804659,0.93395769956,0.85797804659,0.968,0.925,-10.25,0.9677433,0.9248831,-10.25,23.3016,0.0,2.91,1.038,0.036,0.994,35.0,0.09482921490764339
7211,7211,35_176,35_595,655.0546,10.36272,19.2632,0.0172,-2.127901E-5,6.0,6.0,220.0,2894.0,219.5895,2893.7476,219.5895,2893.7476,192.829665327998,27.13903422560991,0.516,0.49,74.11,0.00816,0.00775,74.11,219.5895,2893.7476,192.829665327998,27.13903422560991,0.21076608621,0.13556160606,0.21076608621,0.13556160606,0.459,0.368,0.29,0.4590948,0.3681843,0.29,38.6757,0.0,1.08,1.053,0.05,1.0,35.0,1040,1040,35_7,35_23,491.7385,25.49185,19.5745,0.0563,190.804,14.0,14.0,220.0,2894.0,219.5279,2893.7098,219.5279,2893.7098,192.8296844855397,27.13904530876151,0.964,0.942,8.87,0.06177,0.06045,0.71,219.5279,2893.7098,192.8296844855397,27.13904530876151,0.67803911597,0.67498731694,0.67803911597,0.67498731694,0.824,0.821,29.54,0.8243079,0.8206966,29.54,23.3198,0.0,2.83,1.023,0.022,0.662,35.0,0.07227309319521644
7220,7220,35_185,35_586,7105.426,34.12952,16.6749,0.0052,-2.037266E-5,6.0,6.0,100.0,2887.0,99.9878,2887.4601,99.9878,2887.4601,192.86741515208948,27.141672555434003,0.498,0.264,89.0,0.00239,0.00127,89.0,99.9878,2887.4601,192.86741515208948,27.141672555434003,0.092416551727,0.23424374821,0.092416551727,0.23424374821,0.484,0.304,89.9,0.4839878,0.3040002,89.9,38.233,0.0,0.96,1.888,0.47,1.0,35.0,1041,1041,35_8,35_22,6767.857,59.02403,16.7277,0.0095,190.5857,48.0,58.0,100.0,2887.0,100.0388,2887.5098,100.0388,2887.5098,192.8673994394404,27.141658205951423,1.529,1.462,8.24,0.01785,0.01684,1.06,100.0388,2887.5098,192.8673994394404,27.141658205951423,0.90181175969,0.84476903826,0.90181175969,0.84476903826,0.95,0.919,0.52,0.9496402,0.9191106,0.52,23.3069,0.0,2.95,1.046,0.044,0.989,35.0,0.07121158613598746
7236,7236,35_201,35_570,364.5017,7.730095,19.8996,0.023,-0.01741103,8.0,8.0,86.0,2873.0,86.2366,2872.7272,86.2366,2872.7272,192.8716410418861,27.14591630710302,0.64,0.526,87.66,0.01358,0.01116,87.66,86.2366,2872.7272,192.8716410418861,27.14591630710302,0.16734371419,0.20646697334,0.16734371419,0.20646697334,0.455,0.408,81.18,0.455448,0.4078943,81.18,30.7282,0.0,1.39,1.217,0.178,1.0,35.0,1042,1042,35_9,35_21,229.3064,20.14134,20.4028,0.0954,190.6354,7.0,9.0,86.0,2873.0,86.1312,2872.7059,86.1312,2872.7059,192.8716741804799,27.14592306050636,0.908,0.693,70.76,0.10356,0.07475,69.74,86.1312,2872.7059,192.8716741804799,27.14592306050636,0.87061519826,0.89048541362,0.87061519826,0.89048541362,0.945,0.931,-68.93,0.9454893,0.9312093,-68.93,23.3078,0.0,4.71,1.311,0.237,0.462,35.0,0.10753069329262531
7276,7276,35_241,35_530,394.0798,8.037615,19.8149,0.0221,-1.45244E-5,8.0,8.0,334.0,2849.0,334.2681,2849.1807,334.2681,2849.1807,192.79304275120344,27.15072858654379,0.694,0.472,64.59,0.01415,0.00962,64.59,334.2681,2849.1807,192.79304275120344,27.15072858654379,0.16868278533,0.23411958367,0.16868278533,0.23411958367,0.5,0.391,66.38,0.4995859,0.3914286,66.38,46.6719,0.0,1.74,1.471,0.32,1.0,35.0,1043,1043,35_10,35_20,237.3763,20.14187,20.3653,0.0921,191.1523,9.0,9.0,334.0,2849.0,334.0538,2849.0349,334.0538,2849.0349,192.7931092786509,27.1507711798416,0.802,0.773,49.21,0.08382,0.08336,40.99,334.0538,2849.0349,192.7931092786509,27.1507711798416,0.80247809313,0.86321751184,0.80247809313,0.86321751184,0.95,0.873,57.77,0.9504143,0.8731599,57.77,23.3374,0.0,4.26,1.038,0.037,0.299,35.0,0.25919515813364963
7302,7302,35_267,35_504,319.1436,7.233162,20.0439,0.0246,-6.160052E-6,7.0,7.0,420.0,2830.0,420.1286,2829.7458,420.1286,2829.7458,192.76573287697653,27.155559591307096,0.559,0.436,25.77,0.01267,0.00988,25.77,420.1286,2829.7458,192.76573287697653,27.155559591307096,0.10290843924,0.10209744395,0.10290843924,0.10209744395,0.333,0.307,43.58,0.3326638,0.3071493,43.58,48.8601,0.0,1.31,1.283,0.221,1.0,35.0,1044,1044,35_11,35_19,201.0332,18.92472,20.5457,0.1022,191.891,7.0,8.0,420.0,2830.0,420.1495,2829.8503,420.1495,2829.8503,192.76572715357503,27.155530041445,0.824,0.667,44.09,0.10044,0.07963,44.94,420.1495,2829.8503,192.76572715357503,27.155530041445,0.67356579333,0.60764401938,0.67356579333,0.60764401938,0.838,0.761,28.73,0.837783,0.761137,28.73,23.3788,0.0,4.33,1.235,0.19,0.498,35.0,0.10656950783400387
7354,7354,35_319,35_453,393.3683,8.030355,19.8169,0.0222,-1.100106E-5,17.0,17.0,222.0,2795.0,221.9181,2794.7748,221.9181,2794.7748,192.82810932334976,27.166857378847965,1.034,0.559,28.98,0.02112,0.01141,28.98,221.9181,2794.7748,192.82810932334976,27.166857378847965,0.48526396332,0.22308052493,0.48526396332,0.22308052493,0.719,0.438,18.06,0.718647,0.4380536,18.06,39.4381,0.0,2.72,1.85,0.46,1.0,35.0,1045,1045,35_12,35_18,214.1376,19.87942,20.4771,0.1008,190.4189,8.0,9.0,222.0,2795.0,222.0069,2794.9583,222.0069,2794.9583,192.8280827694503,27.166805113866047,0.808,0.781,23.55,0.0892,0.08907,35.42,222.0069,2794.9583,192.8280827694503,27.166805113866047,1.425948858,1.1150962731,1.425948858,1.1150962731,1.213,1.034,19.6,1.212894,1.034376,19.6,23.2852,0.0,3.24,1.035,0.034,0.336,35.0,0.20385703323620305
7374,7374,35_339,35_433,6787.913,33.35825,16.7245,0.0053,-1.311197E-5,18.0,18.0,81.0,2784.0,80.5136,2784.0208,80.5136,2784.0208,192.87272637278556,27.17090988090527,0.511,0.363,-6.03,0.00251,0.00178,-6.03,80.5136,2784.0208,192.87272637278556,27.17090988090527,0.2457565205,0.097931735507,0.2457565205,0.097931735507,0.496,0.313,-0.35,0.4957438,0.3129318,-0.35,38.9706,0.0,1.02,1.408,0.29,1.0,35.0,1046,1046,35_13,35_17,6367.532,57.3255,16.7939,0.0098,191.4965,47.0,54.0,81.0,2784.0,80.5263,2784.1186,80.5263,2784.1186,192.87272315625663,27.1708822794684,1.507,1.45,-9.67,0.01731,0.01721,-36.81,80.5263,2784.1186,192.87272315625663,27.1708822794684,0.91884215736,0.84085197842,0.91884215736,0.84085197842,0.96,0.916,-10.33,0.9599602,0.9155166,-10.33,23.3367,0.0,2.95,1.04,0.038,0.983,35.0,0.09862114377759731
7419,7419,35_384,35_388,949484.7,394.5291,11.3601,5.0E-4,0.01781574,19.0,19.0,435.0,2753.0,434.0902,2754.4553,434.0902,2754.4553,192.7606795965614,27.17663369843797,1.34,1.286,-52.37,5.6E-4,5.3E-4,-52.37,434.0902,2754.4553,192.7606795965614,27.17663369843797,1.2737009464,1.3399146342,1.2737009464,1.3399146342,1.162,1.124,-70.61,1.161584,1.124427,-70.61,99.0,4.0,7.85,1.042,0.04,1.0,35.0,1048,1048,35_15,35_15,966832.2,422.0681,11.3405,5.0E-4,192.6833,444.0,477.0,435.0,2753.0,434.1713,2754.5084,434.1713,2754.5084,192.7606543993497,27.176618158928395,2.185,2.172,74.2,0.00129,0.00125,79.5,434.1713,2754.5084,192.7606543993497,27.176618158928395,2.1596084502,2.1446843202,2.1596084502,2.1446843202,1.484,1.45,-40.64,1.483685,1.450163,-40.64,23.4138,4.0,13.06,1.006,0.006,1.0,35.0,0.09693719616332963
7450,7450,35_415,35_357,307.8644,7.104194,20.083,0.0251,-6.061029E-5,8.0,8.0,108.0,2741.0,108.417,2741.4029,108.417,2741.4029,192.86355573653665,27.182695740689304,0.662,0.498,29.69,0.01528,0.01149,29.69,108.417,2741.4029,192.86355573653665,27.182695740689304,0.27523277541,0.24072307608,0.27523277541,0.24072307608,0.547,0.465,32.71,0.5472251,0.4652962,32.71,36.8152,0.0,1.95,1.33,0.248,1.0,35.0,1049,1049,35_16,35_14,142.3332,16.47841,20.9206,0.1257,191.9361,6.0,6.0,108.0,2742.0,108.0617,2741.4928,108.0617,2741.4928,192.86366881435,27.18267302636267,0.801,0.5,1.71,0.11216,0.0686,0.06,108.0617,2741.4928,192.86366881435,27.18267302636267,0.90341440104,0.76005723372,0.90341440104,0.76005723372,0.959,0.862,17.72,0.9590133,0.8624182,17.72,23.3594,0.0,3.73,1.603,0.376,0.285,35.0,0.36649706683681604
7524,7524,35_489,35_284,447.1926,8.562141,19.6776,0.0208,-3.365795E-5,6.0,6.0,107.0,2694.0,106.7347,2693.659,106.7347,2693.659,192.86369615632,27.19613725125722,0.6,0.436,-26.73,0.01149,0.00836,-26.73,106.7347,2693.659,192.86369615632,27.19613725125722,0.18735844884,0.15138378533,0.18735844884,0.15138378533,0.443,0.378,-23.64,0.4425839,0.3779705,-23.64,36.9518,0.0,1.43,1.375,0.272,1.0,35.0,1051,1051,35_18,35_12,275.963,20.47596,20.2017,0.0806,191.8298,7.0,9.0,107.0,2694.0,106.6982,2693.8011,106.6982,2693.8011,192.86370886449728,27.196097546184824,0.902,0.672,-21.92,0.08562,0.06195,-20.92,106.6982,2693.8011,192.86370886449728,27.196097546184824,0.68115691812,0.54787311961,0.68115691812,0.54787311961,0.835,0.729,-18.09,0.8349072,0.7293559,-18.09,23.3297,0.0,3.91,1.342,0.255,0.504,35.0,0.14671284878976393
7582,7582,35_547,35_227,316.2375,7.200154,20.0538,0.0247,1.544885E-4,5.0,5.0,468.0,2647.0,467.4399,2647.4055,467.4399,2647.4055,192.7492198016103,27.20649540546909,0.538,0.456,-39.64,0.01224,0.01039,-39.64,467.4399,2647.4055,192.7492198016103,27.20649540546909,0.24355155368,0.21711443017,0.24355155368,0.21711443017,0.514,0.443,-33.67,0.5144355,0.4427439,-33.67,99.0,0.0,1.15,1.178,0.151,1.0,35.0,1052,1052,35_19,35_11,183.3683,17.87746,20.6456,0.1059,191.9316,6.0,7.0,467.0,2647.0,467.2922,2647.424,467.2922,2647.424,192.74926668456277,27.20649130466903,0.968,0.479,-8.3,0.12341,0.05691,-8.35,467.2922,2647.424,192.74926668456277,27.20649130466903,0.59353502294,0.42696298357,0.59353502294,0.42696298357,0.776,0.647,-12.2,0.7756975,0.6471409,-12.2,23.3681,0.0,4.03,2.02,0.505,0.512,35.0,0.14885408963148292
7584,7584,35_549,35_225,23918.53,62.61846,15.357,0.0028,-3.052843E-5,24.0,24.0,295.0,2642.0,295.0581,2642.1266,295.0581,2642.1266,192.8037061352985,27.209257623140523,0.358,0.311,76.94,9.4E-4,8.2E-4,76.94,295.0581,2642.1266,192.8037061352985,27.209257623140523,0.089062606684,0.091792521543,0.089062606684,0.091792521543,0.303,0.298,89.79,0.3029729,0.2984335,89.79,37.7257,0.0,1.88,1.148,0.129,1.0,35.0,1053,1053,35_20,35_10,23147.22,85.33596,15.3926,0.004,191.366,78.0,86.0,295.0,2642.0,295.1371,2642.2174,295.1371,2642.2174,192.80368190688336,27.209231502669645,1.646,1.554,2.84,0.00825,0.00771,6.58,295.1371,2642.2174,192.80368190688336,27.209231502669645,0.96225842489,0.86290083115,0.96225842489,0.86290083115,0.981,0.929,-1.86,0.9810011,0.9288682,-1.86,23.3302,0.0,3.01,1.059,0.056,0.987,35.0,0.12035630436326217
7607,7607,35_572,35_202,69702.06,106.8951,14.1958,0.0017,1.934838E-5,8.0,8.0,444.0,2630.0,443.6738,2630.0891,443.6738,2630.0891,192.7565907616533,27.211543206367796,0.469,0.297,-3.11,7.2E-4,4.6E-4,-3.11,443.6738,2630.0891,192.7565907616533,27.211543206367796,0.13679613829,0.092327549109,0.13679613829,0.092327549109,0.37,0.304,-0.21,0.3698604,0.3038535,-0.21,44.6815,0.0,0.91,1.578,0.366,1.0,35.0,1054,1054,35_21,35_9,69547.76,128.5815,14.1982,0.002,191.1533,120.0,125.0,444.0,2630.0,443.7346,2630.1858,443.7346,2630.1858,192.75657235022385,27.21151555479956,1.708,1.631,3.15,0.00423,0.00407,14.48,443.7346,2630.1858,192.75657235022385,27.21151555479956,0.95208276127,0.8605518252,0.95208276127,0.8605518252,0.976,0.927,-5.63,0.9762072,0.9271753,-5.63,23.315,0.0,2.97,1.048,0.045,0.985,35.0,0.1142257851800866
7660,7660,35_625,35_769,27237.61,66.82202,15.2159,0.0027,-4.15021E-6,977.0,977.0,238.0,3010.0,238.172,3008.7728,238.172,3008.7728,192.82474429635988,27.10654125160065,6.741,5.736,11.35,0.01654,0.01407,11.35,238.172,3008.7728,192.82474429635988,27.10654125160065,14.896630897,13.613401422,14.896630897,13.613401422,3.897,3.65,23.21,3.896902,3.650231,23.21,99.0,16.0,5.82,1.175,0.149,1.0,35.0,1039,1039,35_6,35_28,27442.9,172.3988,15.2078,0.0068,191.3314,565.0,609.0,238.0,3010.0,238.1635,3009.9004,238.1635,3009.9004,192.82475630723465,27.1062241061258,6.022,5.319,15.63,0.04582,0.04022,12.47,238.1635,3009.9004,192.82475630723465,27.1062241061258,17.544126537,16.496086111,17.544126537,16.496086111,4.222,4.027,24.67,4.221889,4.026893,24.67,23.315,24.0,8.94,1.132,0.117,0.011,35.0,1.1276320366145836
7704,7704,35_669,35_114,332.7485,7.385725,19.9986,0.0241,2.721102E-6,5.0,5.0,288.0,2583.0,287.6606,2582.4675,287.6606,2582.4675,192.80554616397532,27.22609222146571,0.519,0.48,43.63,0.01152,0.01065,43.63,287.6606,2582.4675,192.80554616397532,27.22609222146571,0.1782513568,0.24926624401,0.1782513568,0.24926624401,0.504,0.416,75.61,0.5042546,0.4162269,75.61,41.5731,0.0,1.1,1.081,0.075,1.0,35.0,1055,1055,35_22,35_8,167.7836,16.52896,20.742,0.107,191.2884,6.0,6.0,288.0,2583.0,287.9375,2582.4957,287.9375,2582.4957,192.80545879608124,27.22608225403026,0.784,0.5,1.02,0.09932,0.06086,0.11,287.9375,2582.4957,192.80545879608124,27.22608225403026,0.75005535513,0.65533012558,0.75005535513,0.65533012558,0.87,0.805,14.24,0.8698145,0.8054864,14.24,23.3163,0.0,3.21,1.569,0.362,0.477,35.0,0.27833226546699913
7722,7722,35_687,35_97,193165.0,177.9505,13.089,0.001,0.007987558,8.0,8.0,182.0,2573.0,182.0346,2573.0083,182.0346,2573.0083,192.83888398346943,27.229525850956897,0.33,0.296,-87.41,3.0E-4,2.7E-4,-87.41,182.0346,2573.0083,192.83888398346943,27.229525850956897,0.090047954093,0.091687536103,0.090047954093,0.091687536103,0.303,0.3,-89.86,0.3027995,0.3000799,-89.86,33.0259,4.0,0.0,1.114,0.102,1.0,35.0,1057,1057,35_24,35_6,195957.3,200.7952,13.0735,0.0011,192.4464,177.0,190.0,182.0,2573.0,182.1239,2573.0676,182.1239,2573.0676,192.83885622419535,27.229508521203016,1.751,1.694,0.45,0.00239,0.00232,4.44,182.1239,2573.0676,192.83885622419535,27.229508521203016,0.94790027058,0.87103994303,0.94790027058,0.87103994303,0.975,0.932,-9.51,0.9747415,0.9321048,-9.51,23.3092,0.0,3.0,1.034,0.033,0.988,35.0,0.10719598873084692
7736,7736,35_701,35_84,22129.46,60.23106,15.4414,0.003,-0.00823627,2.0,2.0,98.0,2569.0,98.0,2568.9937,98.0,2568.9937,192.8654353157629,27.231265198254864,0.299,0.289,90.0,8.1E-4,7.9E-4,90.0,98.0,2568.9937,192.8654353157629,27.231265198254864,0.0833333,0.083725256538,0.0833333,0.083725256538,0.289,0.289,90.0,0.2893532,0.2886751,90.0,31.325,0.0,1.62,1.037,0.036,1.0,35.0,1238,1238,42_1,42_2,40699.53,132.7478,14.7799,0.0035,193.8029,220.0,243.0,98.0,2569.0,98.2425,2569.567,98.2425,2569.567,192.8653633129286,27.231102193766084,3.041,1.98,3.99,0.01855,0.01223,4.91,98.2425,2569.567,192.8653633129286,27.231102193766084,0.10924778564,0.18771530684,0.10924778564,0.18771530684,0.433,0.33,89.08,0.4332844,0.3304962,89.08,23.2757,24.0,1.8,1.536,0.349,0.961,42.0,0.6224782245187565
7741,7741,35_706,35_79,1631838.0,517.2181,10.7722,3.0E-4,0.0207344,61.0,61.0,98.0,2565.0,97.8662,2560.5629,97.8662,2560.5629,192.86540837268248,27.23363746118011,2.841,2.19,76.89,9.0E-4,6.9E-4,76.89,97.8662,2560.5629,192.86540837268248,27.23363746118011,4.9968880752,4.6051218322,4.9968880752,4.6051218322,2.281,2.098,30.34,2.280574,2.097855,30.34,99.0,5.0,14.96,1.297,0.229,1.0,35.0,1034,1034,35_1,35_7,1817427.0,587.27,10.6552,4.0E-4,194.2112,1003.0,1068.0,95.0,2561.0,97.9708,2560.1646,97.9708,2560.1646,192.86537200962783,27.233748732322173,3.952,3.012,84.32,0.0016,0.00141,79.17,97.9708,2560.1646,192.86537200962783,27.233748732322173,5.3944976198,6.2520890468,5.3944976198,6.2520890468,2.522,2.299,71.54,2.521842,2.299326,71.54,23.3615,4.0,20.7,1.312,0.238,0.634,35.0,0.41180584017212174
7770,7770,35_735,35_53,12221.83,44.76136,16.086,0.004,0.001718817,34.0,34.0,47.0,2549.0,46.6376,2548.5384,46.6376,2548.5384,192.88151593195784,27.23738942539473,0.586,0.54,-58.62,0.00215,0.00198,-58.62,46.6376,2548.5384,192.88151593195784,27.23738942539473,0.18490174684,0.24923452402,0.18490174684,0.24923452402,0.503,0.426,-77.21,0.5027204,0.4259208,-77.21,99.0,0.0,1.0,1.085,0.079,1.0,35.0,1058,1058,35_25,35_5,11502.39,69.4035,16.1519,0.0066,193.4787,60.0,66.0,47.0,2549.0,46.6886,2548.604,46.6886,2548.604,192.88150033433143,27.23737060696249,1.574,1.505,-19.87,0.01231,0.01162,-42.24,46.6886,2548.604,192.88150033433143,27.23737060696249,0.95845408898,0.87771039802,0.95845408898,0.87771039802,0.98,0.935,-10.52,0.9804794,0.9353206,-10.52,23.3183,0.0,2.98,1.046,0.044,0.981,35.0,0.0830924786005785
7784,7784,35_749,35_39,1938.23,17.82534,18.0854,0.01,4.153889E-6,13.0,13.0,252.0,2538.0,251.9504,2537.568,251.9504,2537.568,192.8164686835228,27.238982988162885,0.526,0.481,73.93,0.00484,0.00443,73.93,251.9504,2537.568,192.8164686835228,27.238982988162885,0.063391787332,0.21011399832,0.063391787332,0.21011399832,0.458,0.252,88.94,0.4584363,0.2516782,88.94,35.8526,0.0,0.96,1.094,0.086,1.0,35.0,1060,1060,35_27,35_3,1846.606,42.25558,18.1379,0.0249,191.6108,30.0,35.0,252.0,2538.0,251.8571,2537.5009,251.8571,2537.5009,192.81649764348384,27.23900254477329,1.418,1.341,6.65,0.0398,0.03576,3.11,251.8571,2537.5009,192.81649764348384,27.23900254477329,1.0001248719,0.93784891097,1.0001248719,0.93784891097,1.001,0.968,8.9,1.000844,0.9676183,8.9,23.3043,3.0,3.26,1.057,0.054,0.956,35.0,0.11492301771197964
7798,7798,35_763,35_25,53995.47,94.08356,14.473,0.0019,-2.534787E-4,9.0,9.0,250.0,2529.0,250.1959,2528.952,250.1959,2528.952,192.81695180917467,27.241419205009624,0.397,0.27,-1.33,6.9E-4,4.7E-4,-1.33,250.1959,2528.952,192.81695180917467,27.241419205009624,0.098717849647,0.087945700702,0.098717849647,0.087945700702,0.314,0.297,-0.01,0.314194,0.2965564,-0.01,34.7637,0.0,0.86,1.47,0.32,1.0,35.0,1035,1035,35_2,35_3,53934.24,117.7885,14.4742,0.0024,191.6323,111.0,118.0,250.0,2529.0,250.2843,2529.0062,250.2843,2529.0062,192.81692429112445,27.241403312721893,1.69,1.653,3.12,0.00497,0.00491,12.47,250.2843,2529.0062,192.81692429112445,27.241403312721893,0.92993778718,0.85770615406,0.92993778718,0.85770615406,0.965,0.926,-6.98,0.9649023,0.925531,-6.98,23.3018,2.0,2.92,1.023,0.022,0.984,35.0,0.10369281556576612
7840,7840,36_19,36_491,38578.52,79.52576,14.838,0.0022,-2.745838E-4,4.0,4.0,892.0,2996.0,891.8809,2996.4987,891.8809,2996.4987,192.6180341534497,27.10507524295212,0.502,0.321,-83.68,0.00103,6.6E-4,-83.68,891.8809,2996.4987,192.6180341534497,27.10507524295212,0.098805998356,0.28041937262,0.098805998356,0.28041937262,0.53,0.314,-89.32,0.5295709,0.3142929,-89.32,35.4987,0.0,-0.54,1.563,0.36,1.0,36.0,1064,1064,36_2,36_29,38003.87,100.7111,14.8543,0.0029,191.2259,95.0,101.0,892.0,2996.0,891.9344,2996.561,891.9344,2996.561,192.6180177935288,27.105057304112155,1.668,1.593,-0.96,0.00586,0.00585,2.6,891.9344,2996.561,192.6180177935288,27.105057304112155,0.95519836815,0.86352877872,0.95519836815,0.86352877872,0.978,0.929,-6.68,0.9779949,0.9285759,-6.68,23.3983,0.0,2.99,1.047,0.045,0.983,36.0,0.08211905990697103
7847,7847,36_26,36_484,338.7352,7.45187,19.9792,0.0239,-9.038975E-5,5.0,5.0,994.0,2991.0,994.3677,2990.9964,994.3677,2990.9964,192.5855883238873,27.10582625639386,0.547,0.436,-51.28,0.01203,0.00958,-51.28,994.3677,2990.9964,192.5855883238873,27.10582625639386,0.17982467364,0.080987464152,0.17982467364,0.080987464152,0.426,0.282,-6.51,0.4255899,0.282286,-6.51,99.0,0.0,1.34,1.256,0.204,1.0,36.0,1065,1065,36_3,36_28,205.7888,18.3367,20.5203,0.0968,190.299,8.0,8.0,994.0,2991.0,994.1877,2991.0888,994.1877,2991.0888,192.58564605018597,27.10580167064833,0.828,0.663,-47.65,0.09685,0.07644,-44.94,994.1877,2991.0888,192.58564605018597,27.10580167064833,0.64796244015,0.60435317593,0.64796244015,0.60435317593,0.831,0.749,-35.17,0.8312282,0.7492498,-35.17,23.379,0.0,2.81,1.249,0.199,0.485,36.0,0.20233081821616428
7867,7867,36_46,36_464,42145.02,83.12051,14.742,0.0021,-1.284978E-4,4.0,4.0,618.0,2966.0,618.3475,2965.7859,618.3475,2965.7859,192.70423020456093,27.11580671613515,0.478,0.408,9.53,9.4E-4,8.0E-4,9.53,618.3475,2965.7859,192.70423020456093,27.11580671613515,0.13910802206,0.066803121638,0.13910802206,0.066803121638,0.373,0.258,1.85,0.3730727,0.2583175,1.85,36.1614,0.0,0.96,1.171,0.146,1.0,36.0,1067,1067,36_5,36_26,42350.4,106.316,14.7367,0.0027,191.172,104.0,108.0,618.0,2966.0,618.4288,2965.8383,618.4288,2965.8383,192.70420495760752,27.115791361537003,1.7,1.6,11.33,0.00588,0.00537,19.68,618.4288,2965.8383,192.70420495760752,27.115791361537003,0.96397543269,0.87209459016,0.96397543269,0.87209459016,0.982,0.934,-0.66,0.9818287,0.9338535,-0.66,23.3556,0.0,2.97,1.062,0.059,0.991,36.0,0.09672357520280479
7892,7892,36_71,36_439,1324.802,14.73705,18.4985,0.0121,-5.475014E-5,5.0,5.0,958.0,2944.0,957.7259,2944.3623,957.7259,2944.3623,192.5967556480261,27.119229675337326,0.493,0.465,-48.14,0.00549,0.00517,-48.14,957.7259,2944.3623,192.5967556480261,27.119229675337326,0.11557352367,0.16034392939,0.11557352367,0.16034392939,0.401,0.34,-85.53,0.4007726,0.3395567,-85.53,36.7205,0.0,0.96,1.061,0.058,1.0,36.0,1068,1068,36_6,36_25,1134.268,34.62673,18.6671,0.0332,190.6549,21.0,26.0,958.0,2944.0,957.7241,2944.3521,957.7241,2944.3521,192.59675612617127,27.119232558484644,1.274,1.157,-29.67,0.04898,0.04329,-43.54,957.7241,2944.3521,192.59675612617127,27.119232558484644,0.88556645909,0.77500217247,0.88556645909,0.77500217247,0.942,0.879,-6.83,0.9419008,0.8794268,-6.83,23.36,0.0,3.22,1.101,0.092,0.763,36.0,0.010357605900697437
7910,7910,36_89,36_421,540.0012,9.408762,19.4729,0.0189,-1.641856E-6,6.0,6.0,626.0,2930.0,626.2021,2930.2684,626.2021,2930.2684,192.70144080439127,27.125738328692872,0.515,0.481,-28.0,0.00898,0.00837,-28.0,626.2021,2930.2684,192.70144080439127,27.125738328692872,0.11698714051,0.13601782863,0.11698714051,0.13601782863,0.373,0.338,-70.43,0.3725174,0.3379878,-70.43,42.0011,0.0,1.36,1.072,0.067,1.0,36.0,1069,1069,36_7,36_24,374.0113,23.39237,19.8717,0.0679,191.4259,12.0,12.0,626.0,2930.0,626.2714,2930.2404,626.2714,2930.2404,192.70141865481796,27.12574568079317,0.964,0.851,14.87,0.07533,0.06561,19.28,626.2714,2930.2404,192.70141865481796,27.12574568079317,0.91159471937,0.79654456563,0.91159471937,0.79654456563,0.956,0.891,-8.68,0.9562098,0.8909557,-8.68,23.3691,0.0,3.21,1.134,0.118,0.575,36.0,0.0747428257425966
7950,7950,36_129,36_384,426.7654,8.364301,19.7284,0.0213,3.155783E-6,8.0,8.0,743.0,2908.0,742.7627,2907.6575000000003,742.7627,2907.6575000000003,192.66439404588496,27.131212447478887,1.089,0.379,76.84,0.02135,0.00743,76.84,742.7627,2907.6575000000003,192.66439404588496,27.131212447478887,0.087415175616,0.20884718826,0.087415175616,0.20884718826,0.457,0.296,89.51,0.4570079,0.2956454,89.51,39.4397,0.0,3.59,2.872,0.652,1.0,36.0,1071,1071,36_9,36_22,237.0945,20.15382,20.3666,0.0923,190.5249,9.0,9.0,743.0,2908.0,742.9684,2907.9975,742.9684,2907.9975,192.66433198169003,27.13111523705821,0.789,0.787,71.53,0.08094,0.0809,12.37,742.9684,2907.9975,192.66433198169003,27.13111523705821,0.90407409024,1.1161918329,0.90407409024,1.1161918329,1.057,0.95,86.26,1.05693,0.9503501,86.26,23.296,0.0,3.18,1.003,0.003,0.495,36.0,0.3973820453918131
7959,7959,36_138,36_375,818081.1,366.2126,11.5219,5.0E-4,0.002018733,17.0,17.0,840.0,2899.0,838.4259,2900.001,838.4259,2900.001,192.63408078662556,27.132632024833917,1.551,1.292,-2.24,6.9E-4,5.8E-4,-2.24,838.4259,2900.001,192.63408078662556,27.132632024833917,1.7379913606,1.2765724715,1.7379913606,1.2765724715,1.327,1.12,-12.32,1.32707,1.119575,-12.32,99.0,4.0,0.0,1.2,0.167,1.0,36.0,1070,1070,36_8,36_23,829671.1,394.9158,11.5066,5.0E-4,192.1362,460.0,487.0,840.0,2899.0,838.4992,2900.0579,838.4992,2900.0579,192.6340581124903,27.132615454791743,2.358,2.238,2.77,0.0015,0.00144,14.54,838.4992,2900.0579,192.6340581124903,27.132615454791743,2.662329814,2.2327662669,2.662329814,2.2327662669,1.632,1.493,-4.32,1.632421,1.493418,-4.32,23.3903,0.0,12.74,1.054,0.051,0.999,36.0,0.09279277989130151
7996,7996,36_175,36_339,622.3676,10.10087,19.3188,0.0176,-4.541564E-4,8.0,8.0,939.0,2881.0,939.6513,2881.3292,939.6513,2881.3292,192.60190876940115,27.13710050970433,0.652,0.54,29.34,0.01057,0.00877,29.34,939.6513,2881.3292,192.60190876940115,27.13710050970433,0.27354885648,0.24083387212,0.27354885648,0.24083387212,0.546,0.465,33.13,0.5457428,0.4653467,33.13,34.5657,0.0,1.73,1.206,0.171,1.0,36.0,1072,1072,36_10,36_21,465.2098,26.66809,19.6347,0.0623,191.5627,15.0,16.0,939.0,2881.0,939.7087,2881.3605,939.7087,2881.3605,192.6018908982004,27.13709125929276,1.12,0.961,16.99,0.07591,0.06531,15.07,939.7087,2881.3605,192.6018908982004,27.13709125929276,1.0787303304,0.95595173426,1.0787303304,0.95595173426,1.049,0.967,20.82,1.048569,0.9670501,20.82,23.4038,0.0,3.78,1.166,0.142,0.228,36.0,0.06537927806255792
7999,7999,36_178,36_336,420.2446,8.300154,19.7451,0.0214,1.077678E-5,5.0,5.0,679.0,2879.0,679.3416,2878.6183,679.3416,2878.6183,192.68419310141175,27.13986417263401,0.494,0.48,-38.73,0.00976,0.00948,-38.72,679.3416,2878.6183,192.68419310141175,27.13986417263401,0.16930391191,0.19092655172,0.16930391191,0.19092655172,0.437,0.411,-83.64,0.4372627,0.4111348,-83.64,38.3436,0.0,0.97,1.029,0.029,1.0,36.0,1073,1073,36_11,36_20,252.8618,20.15597,20.2967,0.0866,191.377,8.0,9.0,679.0,2879.0,679.3042,2878.7971,679.3042,2878.7971,192.6842064798318,27.139814162599382,0.904,0.675,19.68,0.08984,0.06506,20.78,679.3042,2878.7971,192.6842064798318,27.139814162599382,0.73513255631,0.60227165888,0.73513255631,0.60227165888,0.858,0.776,4.6,0.8579034,0.7755036,4.6,23.3637,0.0,2.73,1.339,0.253,0.496,36.0,0.18266964717730647
8057,8057,36_236,36_279,666.8579,10.45567,19.2438,0.017,1.250349E-5,6.0,6.0,818.0,2807.0,818.0843,2807.231,818.0843,2807.231,192.6396952912307,27.158883102901697,0.498,0.378,-69.07,0.0078,0.00592,-69.07,818.0843,2807.231,192.6396952912307,27.158883102901697,0.10970636541,0.13645324005,0.10970636541,0.13645324005,0.369,0.331,-87.46,0.3694673,0.3311397,-87.46,40.1639,0.0,1.09,1.318,0.241,1.0,36.0,1075,1075,36_13,36_18,496.9593,26.4784,19.5631,0.0579,191.528,13.0,15.0,818.0,2807.0,818.1093000000001,2807.2846,818.1093000000001,2807.2846,192.63968785719737,27.15886783412318,1.067,0.917,-38.22,0.06978,0.05965,-33.38,818.1093000000001,2807.2846,192.63968785719737,27.15886783412318,0.76873228114,0.74463346978,0.76873228114,0.74463346978,0.906,0.833,-39.53,0.905656,0.8325582,-39.53,23.3321,0.0,2.99,1.163,0.14,0.663,36.0,0.05914355417098234
8068,8068,36_247,36_268,322.6988,7.273338,20.0319,0.0245,3.860465E-6,4.0,4.0,670.0,2800.0,670.3271,2799.5371,670.3271,2799.5371,192.6863565636539,27.162176899779865,0.547,0.412,-51.38,0.01232,0.00929,-51.38,670.3271,2799.5371,192.6863565636539,27.162176899779865,0.13112935564,0.2151742291,0.13112935564,0.2151742291,0.478,0.343,-69.65,0.4781037,0.3431041,-69.65,39.4873,0.0,1.0,1.327,0.246,1.0,36.0,1076,1076,36_14,36_17,188.6107,17.48285,20.615,0.1007,190.3455,7.0,7.0,670.0,2800.0,670.052,2799.6906,670.052,2799.6906,192.6864448973302,27.162135813067376,0.731,0.672,-13.65,0.09286,0.08582,-1.8,670.052,2799.6906,192.6864448973302,27.162135813067376,0.82826597171,0.7666812131,0.82826597171,0.7666812131,0.936,0.848,-33.5,0.9360996,0.8477409,-33.5,23.3112,0.0,3.38,1.089,0.082,0.446,36.0,0.31502739563400084
8074,8074,36_253,36_262,864.6521,11.90572,18.9618,0.015,-1.710162E-6,7.0,7.0,784.0,2793.0,783.9702,2792.8404,783.9702,2792.8404,192.65035760701485,27.16319295886297,0.541,0.468,18.5,0.00745,0.00645,18.5,783.9702,2792.8404,192.65035760701485,27.16319295886297,0.16070869257,0.15624098756,0.16070869257,0.15624098756,0.401,0.395,16.61,0.4014289,0.3947208,16.61,41.1128,0.0,1.24,1.155,0.135,1.0,36.0,1077,1077,36_15,36_16,719.0853,31.26005,19.1619,0.0472,191.0996,18.0,21.0,784.0,2793.0,783.9911,2792.9106,783.9911,2792.9106,192.6503516138316,27.16317305296452,1.158,1.111,-0.75,0.0587,0.0586,5.75,783.9911,2792.9106,192.6503516138316,27.16317305296452,0.87813646005,0.76740124851,0.87813646005,0.76740124851,0.937,0.876,-0.91,0.9371043,0.8759984,-0.91,23.3106,0.0,3.2,1.043,0.041,0.831,36.0,0.07324513635740762
8108,8108,36_287,36_231,800862.2,362.3381,11.545,5.0E-4,-0.02072649,8.0,8.0,814.0,2761.0,814.2506000000001,2760.9616,814.2506000000001,2760.9616,192.6404999979648,27.171926967466604,0.654,0.627,13.03,3.0E-4,2.8E-4,13.03,814.2506000000001,2760.9616,192.6404999979648,27.171926967466604,0.27935427749,0.24303544808,0.27935427749,0.24303544808,0.529,0.492,7.11,0.5290829,0.4924033,7.11,30.5385,4.0,0.0,1.044,0.042,1.0,36.0,1078,1078,36_16,36_15,821575.6,386.9768,11.5172,5.0E-4,191.9728,352.0,370.0,814.0,2761.0,814.352,2761.0294,814.352,2761.0294,192.64046852337276,27.17190711709165,1.927,1.841,19.65,0.0012,0.00114,38.99,814.352,2761.0294,192.64046852337276,27.17190711709165,1.2233633005,1.1495771109,1.2233633005,1.1495771109,1.106,1.072,-4.36,1.106253,1.071982,-4.36,23.3796,4.0,3.87,1.046,0.044,1.0,36.0,0.12197868666268386
8125,8125,36_304,36_215,3174.965,22.81417,17.5495,0.0078,-1.224301E-5,86.0,86.0,960.0,2745.0,959.8141,2744.6662,959.8141,2744.6662,192.59431297822803,27.17538309018793,3.684,1.116,19.4,0.02647,0.00802,19.4,959.8141,2744.6662,192.59431297822803,27.17538309018793,2.419817964,0.9930006409,2.419817964,0.9930006409,1.622,0.885,19.69,1.621539,0.8851161,19.69,40.0348,0.0,6.0,3.301,0.697,1.0,36.0,1079,1079,36_17,36_14,2751.994,58.74975,17.7047,0.0232,191.0063,66.0,75.0,960.0,2745.0,959.8612,2744.6806,959.8612,2744.6806,192.5942982085084,27.17537867284775,2.976,1.497,18.85,0.07538,0.03672,18.69,959.8612,2744.6806,192.5942982085084,27.17537867284775,4.7020371638,2.7852278087,4.7020371638,2.7852278087,2.226,1.591,18.92,2.226496,1.590592,18.92,23.3538,0.0,8.21,1.988,0.497,0.009,36.0,0.04925210655394046
8149,8149,36_328,36_191,775.4979,11.27523,19.0799,0.0158,-1.236584E-5,5.0,5.0,851.0,2735.0,850.9252,2734.9872,850.9252,2734.9872,192.62867023077317,27.178950129192984,0.506,0.415,-0.66,0.00736,0.00604,-0.66,850.9252,2734.9872,192.62867023077317,27.178950129192984,0.11922594135,0.10667540345,0.11922594135,0.10667540345,0.345,0.327,-0.11,0.3452912,0.3266119,-0.11,99.0,0.0,1.22,1.218,0.179,1.0,36.0,1080,1080,36_18,36_13,633.9031,30.16713,19.2988,0.0517,191.7769,16.0,20.0,851.0,2735.0,850.999,2734.9405,850.999,2734.9405,192.6286464733585,27.178962694673977,1.161,1.052,16.52,0.0659,0.0606,25.25,850.999,2734.9405,192.6286464733585,27.178962694673977,0.81330410831,0.7103265867,0.81330410831,0.7103265867,0.902,0.842,5.19,0.9023078,0.8423012,5.19,23.3756,0.0,3.13,1.104,0.094,0.796,36.0,0.08733458650494091
8175,8175,36_354,36_165,294.8621,6.952557,20.1298,0.0256,1.064345E-5,2.0,2.0,556.0,2698.0,556.0,2697.6111,556.0,2697.6111,192.7216352150456,27.19171039567734,0.567,0.289,90.0,0.01336,0.00681,90.0,556.0,2697.6111,192.7216352150456,27.19171039567734,0.0833333,0.17848184676,0.0833333,0.17848184676,0.422,0.289,90.0,0.4224711,0.2886751,90.0,36.8483,0.0,0.95,1.963,0.49,1.0,36.0,1082,1082,36_20,36_11,197.7475,15.36965,20.5636,0.0844,191.4159,3.0,5.0,556.0,2698.0,555.7954,2697.5881,555.7954,2697.5881,192.72169973646712,27.191718404032112,0.685,0.455,21.57,0.08958,0.05236,18.65,555.7954,2697.5881,192.72169973646712,27.191718404032112,0.11648060004,0.23388189666,0.11648060004,0.23388189666,0.488,0.335,79.68,0.4877549,0.3353471,79.68,23.3532,0.0,1.01,1.506,0.336,0.545,36.0,0.20588870780112656
8188,8188,36_367,36_152,3196.026,22.88971,17.5423,0.0078,1.086663E-5,4.0,4.0,538.0,2679.0,538.2508,2678.7189,538.2508,2678.7189,192.7270873652246,27.197157640652467,0.459,0.424,58.82,0.00328,0.00304,58.82,538.2508,2678.7189,192.7270873652246,27.197157640652467,0.084745583125,0.10018902352,0.084745583125,0.10018902352,0.317,0.29,79.98,0.3173115,0.2902551,79.98,39.0234,0.0,0.98,1.082,0.076,1.0,36.0,1084,1084,36_22,36_9,2836.692,45.49411,17.6718,0.0174,190.8596,33.0,40.0,538.0,2679.0,538.3077,2678.7435,538.3077,2678.7435,192.7270695771015,27.197150294012427,1.422,1.313,-1.63,0.02928,0.02659,-2.14,538.3077,2678.7435,192.7270695771015,27.197150294012427,0.86230995615,0.78370263957,0.86230995615,0.78370263957,0.929,0.885,0.71,0.9286129,0.8852631,0.71,23.3214,0.0,2.87,1.083,0.077,0.977,36.0,0.06199007985154719
8234,8234,36_413,36_109,383.068,7.924521,19.8457,0.0225,-1.987867E-5,11.0,11.0,856.0,2628.0,855.7899,2626.8438,855.7899,2626.8438,192.62617368730085,27.20932927144518,1.104,0.67,30.06,0.02285,0.01385,30.06,855.7899,2626.8438,192.62617368730085,27.20932927144518,0.61473458464,0.53091256264,0.61473458464,0.53091256264,0.85,0.65,36.89,0.850201,0.650235,36.89,40.05,0.0,5.11,1.649,0.394,1.0,36.0,1085,1085,36_23,36_8,224.7882,21.8996,20.4244,0.1058,191.0271,10.0,11.0,856.0,2627.0,855.6558,2626.9096,855.6558,2626.9096,192.62621670046624,27.209311800769854,1.063,0.754,16.26,0.12247,0.08645,15.14,855.6558,2626.9096,192.62621670046624,27.209311800769854,1.6716645394,1.564139011,1.6716645394,1.564139011,1.313,1.229,29.87,1.313234,1.229317,29.87,23.3553,0.0,5.33,1.409,0.29,0.089,36.0,0.14937352509724716
8245,8245,36_424,36_98,30834.0,71.09679,15.0813,0.0025,-8.987271E-6,6.0,6.0,1007.0,2617.0,1006.9902,2616.609,1006.9902,2616.609,192.57824068190772,27.211031677248563,0.567,0.318,89.98,0.00131,7.3E-4,89.98,1006.9902,2616.609,192.57824068190772,27.211031677248563,0.085573146118,0.18037739001,0.085573146118,0.18037739001,0.425,0.293,90.0,0.4247086,0.2925289,90.0,38.4019,0.0,0.96,1.781,0.439,1.0,36.0,1086,1086,36_24,36_7,30735.42,94.67516,15.0848,0.0033,190.6078,93.0,98.0,1007.0,2617.0,1007.0626,2616.6608,1007.0626,2616.6608,192.57821823863247,27.211016541350386,1.673,1.582,1.82,0.00695,0.00679,13.23,1007.0626,2616.6608,192.57821823863247,27.211016541350386,0.94627176136,0.84852518585,0.94627176136,0.84852518585,0.973,0.921,-3.87,0.9729962,0.9209101,-3.87,23.3319,16.0,2.99,1.058,0.054,0.983,36.0,0.08902246907394483
8250,8250,36_429,36_93,2492.908,20.21567,17.8121,0.0088,-2.390298E-5,5.0,5.0,629.0,2610.0,629.3720000000001,2610.2596,629.3720000000001,2610.2596,192.6976683312942,27.2157256960978,0.514,0.439,40.72,0.00416,0.00356,40.72,629.3720000000001,2610.2596,192.6976683312942,27.2157256960978,0.15507695446,0.099984412702,0.15507695446,0.099984412702,0.396,0.313,10.61,0.3963323,0.3130209,10.61,34.8811,0.0,0.95,1.169,0.145,1.0,36.0,1087,1087,36_25,36_6,2296.88,42.91066,17.901,0.0203,190.1935,30.0,36.0,629.0,2610.0,629.4725,2610.2723,629.4725,2610.2723,192.69763664287208,27.21572136297198,1.394,1.33,7.45,0.03221,0.03165,11.84,629.4725,2610.2723,192.69763664287208,27.21572136297198,0.98795236852,0.89445772276,0.98795236852,0.89445772276,0.995,0.945,8.06,0.9949203,0.9447452,8.06,23.2774,0.0,3.21,1.048,0.046,0.975,36.0,0.10129925962209693
8296,8296,36_475,36_50,374.636,7.83682,19.8698,0.0227,1.511975E-5,7.0,7.0,815.0,2565.0,815.1816,2565.2918,815.1816,2565.2918,192.63847882830927,27.22695437890349,0.631,0.482,49.26,0.0132,0.01007,49.26,815.1816,2565.2918,192.63847882830927,27.22695437890349,0.14110669959,0.19747297306,0.14110669959,0.19747297306,0.453,0.365,71.0,0.4528257,0.3654156,71.0,33.1022,0.0,1.35,1.311,0.237,1.0,36.0,1089,1089,36_27,36_4,205.3541,18.88989,20.5226,0.0999,190.9682,7.0,8.0,815.0,2565.0,814.9507,2565.1343,814.9507,2565.1343,192.63855050649096,27.22700045444213,0.847,0.653,43.1,0.09328,0.0736,44.32,814.9507,2565.1343,192.63855050649096,27.22700045444213,0.8292787283,0.79565391231,0.8292787283,0.79565391231,0.962,0.836,40.72,0.9619568,0.8364041,40.72,23.3543,0.0,3.48,1.298,0.229,0.498,36.0,0.2795014490122476
8303,8303,36_482,36_43,710.4858,10.79227,19.175,0.0165,-9.919291E-5,18.0,18.0,796.0,2559.0,796.2915,2559.4841,796.2915,2559.4841,192.6444054693381,27.228733157460265,1.277,0.782,60.63,0.0194,0.01187,60.63,796.2915,2559.4841,192.6444054693381,27.228733157460265,0.41523648272,0.45114354644,0.41523648272,0.45114354644,0.685,0.63,60.02,0.6848786,0.6303343,60.02,33.9106,0.0,3.61,1.634,0.388,1.0,36.0,1090,1090,36_28,36_3,521.5261,29.89121,19.5107,0.0622,190.8132,18.0,20.0,796.0,2559.0,796.2428,2559.4395,796.2428,2559.4395,192.64442048757,27.228746075788443,1.23,1.14,49.01,0.08197,0.07568,52.13,796.2428,2559.4395,192.64442048757,27.228746075788443,1.6909594933,1.8242941453,1.6909594933,1.8242941453,1.366,1.285,64.24,1.365565,1.284712,64.24,23.3435,0.0,5.58,1.079,0.073,0.06,36.0,0.06603673220277223
8320,8320,36_499,36_26,537.2892,9.385106,19.4783,0.019,5.386984E-4,12.0,12.0,509.0,2542.0,509.4716,2541.7218,509.4716,2541.7218,192.735016560115,27.23590602479764,1.295,0.595,84.94,0.02262,0.01039,84.94,509.4716,2541.7218,192.735016560115,27.23590602479764,0.31212982074,0.76049107855,0.31212982074,0.76049107855,0.884,0.54,78.08,0.8839717,0.5396433,78.08,32.5863,16.0,4.9,2.176,0.54,1.0,36.0,1059,1059,35_26,35_4,358.6159,26.5855,19.9173,0.0805,191.3654,13.0,15.0,509.0,2542.0,509.469,2541.856,509.469,2541.856,192.7350185345444,27.235868299235797,1.119,0.964,76.57,0.09482,0.08337,75.74,509.469,2541.856,192.7350185345444,27.235868299235797,1.2093770252,1.6720213424,1.2093770252,1.6720213424,1.301,1.091,78.56,1.300677,1.090705,78.56,23.2914,24.0,5.03,1.161,0.139,0.096,35.0,0.13422518392653682
8329,8329,36_508,36_17,4988.646,28.59739,17.0589,0.0062,2.507173E-4,5.0,5.0,557.0,2537.0,556.8776,2536.9949,556.8776,2536.9949,192.71997413424108,27.236879464218568,0.437,0.383,2.78,0.0025,0.00219,2.78,556.8776,2536.9949,192.71997413424108,27.236879464218568,0.091897403244,0.087959809177,0.091897403244,0.087959809177,0.303,0.297,0.13,0.3031459,0.2965802,0.13,32.4749,0.0,0.0,1.142,0.124,0.993,36.0,1063,1063,36_1,36_1,4721.438,52.67959,17.1187,0.0121,191.4914,42.0,48.0,557.0,2537.0,556.8752,2537.0184,556.8752,2537.0184,192.71997509636384,27.23687287270753,1.509,1.38,-3.4,0.02177,0.01927,-4.58,556.8752,2537.0184,192.71997509636384,27.23687287270753,0.90407609118,0.81584948736,0.90407609118,0.81584948736,0.951,0.903,-2.47,0.9509156,0.9031528,-2.47,23.3161,0.0,2.96,1.094,0.086,0.983,36.0,0.023622235287760012
8345,8345,37_1,37_1,506.1576,9.109153,19.5432,0.0195,0.0,9.0,9.0,1308.0,2553.0,1308.4621,2553.0242,1308.4621,2553.0242,192.4822643714948,27.226520900877205,0.621,0.592,-10.28,0.01259,0.01144,-16.67,1308.4621,2553.0242,192.4822643714948,27.226520900877205,0.2743890935,0.17701345934,0.2743890935,0.17701345934,0.524,0.421,-0.77,0.5238383,0.420709,-0.77,99.0,0.0,1.41,1.049,0.046,1.0,37.0,1092,1092,37_1,37_1,410.217,23.50592,19.7713,0.0622,190.5344,10.0,12.0,1308.0,2553.0,1308.4531,2553.0097,1308.4531,2553.0097,192.48226708585003,27.22652505122717,1.006,0.775,-1.53,0.07322,0.0537,-0.16,1308.4531,2553.0097,192.48226708585003,27.22652505122717,0.72602156152,0.65383734934,0.72602156152,0.65383734934,0.854,0.806,-13.01,0.854454,0.8060814,-13.01,23.3166,0.0,3.06,1.297,0.229,0.567,37.0,0.017066048165688956
8346,8346,37_2,37_35,558.1476,9.565543,19.437,0.0186,4.140416E-5,11.0,11.0,1051.0,3018.0,1050.6789,3018.3189,1050.6789,3018.3189,192.56803306513643,27.097699820381703,0.654,0.517,-13.27,0.01358,0.00973,-13.74,1050.6789,3018.3189,192.56803306513643,27.097699820381703,0.24002547151,0.18564803068,0.24002547151,0.18564803068,0.49,0.431,-2.13,0.4900007,0.4307817,-2.13,99.0,16.0,1.48,1.266,0.21,1.0,37.0,1093,1093,37_2,37_20,760.7377,30.80728,19.1008,0.044,190.3374,20.0,21.0,1051.0,3019.0,1050.738,3019.0095,1050.738,3019.0095,192.5680205880108,27.097505095126746,1.237,1.064,-52.07,0.06376,0.05374,-53.63,1050.738,3019.0095,192.5680205880108,27.097505095126746,0.92298704881,0.93811809526,0.92298704881,0.93811809526,0.997,0.932,-48.48,0.9965147,0.9316993,-48.48,23.3435,24.0,3.73,1.162,0.14,0.47,37.0,0.6931242096477808
8347,8347,37_3,37_34,16983.95,52.76603,15.7288,0.0034,0.0,14.0,14.0,1263.0,3012.0,1262.8929,3012.4907,1262.8929,3012.4907,192.5009003434852,27.097658422486013,0.523,0.468,86.42,0.00164,0.00147,86.43,1262.8929,3012.4907,192.5009003434852,27.097658422486013,0.069331096588,0.25069234729,0.069331096588,0.25069234729,0.501,0.263,89.67,0.500698,0.2632963,89.67,99.0,0.0,0.99,1.118,0.105,1.0,37.0,1094,1094,37_3,37_19,16934.9,77.65196,15.7319,0.005,190.898,72.0,80.0,1263.0,3012.0,1262.9609,3012.5371,1262.9609,3012.5371,192.5008792738197,27.097644827340083,1.613,1.557,-0.8,0.01003,0.00964,-74.66,1262.9609,3012.5371,192.5008792738197,27.097644827340083,0.94043820885,0.84550996623,0.94043820885,0.84550996623,0.97,0.919,-1.05,0.9697784,0.9194988,-1.05,23.3239,16.0,2.94,1.036,0.035,0.982,37.0,0.08232229345696167
8348,8348,37_4,37_33,241.9358,6.297746,20.3446,0.0283,0.0,12.0,12.0,1125.0,2991.0,1124.7344,2991.3676,1124.7344,2991.3676,192.54438085848545,27.104697926587946,0.725,0.648,-54.54,0.02401,0.02134,-61.21,1124.7344,2991.3676,192.54438085848545,27.104697926587946,0.23953187816,0.2198403619,0.23953187816,0.2198403619,0.51,0.446,-35.55,0.5099684,0.4464353,-35.55,99.0,0.0,1.43,1.119,0.107,1.0,37.0,1096,1096,37_5,37_17,198.8085,18.82937,20.5578,0.1029,190.3949,8.0,8.0,1125.0,2991.0,1124.8348,2991.1768,1124.8348,2991.1768,192.54434739430977,27.104750803051356,0.809,0.686,43.11,0.09681,0.07726,45.0,1124.8348,2991.1768,192.54434739430977,27.104750803051356,0.85396688623,0.85724404112,0.85396688623,0.85724404112,0.927,0.923,60.01,0.9267585,0.9232171,60.01,23.3257,0.0,3.06,1.179,0.152,0.527,37.0,0.2156033394916494
8349,8349,37_5,37_32,42861.07,83.82365,14.7237,0.0021,0.0,13.0,13.0,1289.0,2986.0,1289.2085,2986.1924,1289.2085,2986.1924,192.49234067803027,27.104844996028252,0.449,0.44,-28.07,8.8E-4,8.7E-4,-26.55,1289.2085,2986.1924,192.49234067803027,27.104844996028252,0.13410195847,0.13065842446,0.13410195847,0.13065842446,0.366,0.361,-3.3,0.3662151,0.3614511,-3.3,99.0,0.0,0.94,1.02,0.02,1.0,37.0,1095,1095,37_4,37_18,43016.08,106.55,14.7198,0.0027,191.0698,99.0,107.0,1289.0,2986.0,1289.2947,2986.2459,1289.2947,2986.2459,192.49231391993064,27.10482925683357,1.676,1.596,-1.61,0.00557,0.00538,-9.22,1289.2947,2986.2459,192.49231391993064,27.10482925683357,0.93816255813,0.85262613177,0.93816255813,0.85262613177,0.969,0.923,-4.91,0.9689159,0.9230334,-4.91,23.3503,0.0,2.96,1.05,0.047,0.988,37.0,0.10145289547367281
8350,8350,37_6,37_31,183.6513,5.486963,20.6439,0.0324,0.0,14.0,14.0,1202.0,2984.0,1202.0735,2984.5964,1202.0735,2984.5964,192.5198710935472,27.10598956384098,0.824,0.528,43.88,0.03607,0.02368,39.99,1202.0735,2984.5964,192.5198710935472,27.10598956384098,0.12316771065,0.26261582127,0.12316771065,0.26261582127,0.519,0.341,77.77,0.5191303,0.3410092,77.77,99.0,0.0,1.8,1.561,0.359,1.0,37.0,1097,1097,37_6,37_16,124.0654,14.92345,21.0697,0.1306,191.2567,4.0,5.0,1202.0,2985.0,1201.836,2984.6035,1201.836,2984.6035,192.5199462368492,27.10598945559005,0.758,0.443,19.65,0.11367,0.06564,18.49,1201.836,2984.6035,192.5199462368492,27.10598945559005,0.9489155544,0.86759724718,0.9489155544,0.86759724718,1.035,0.864,37.73,1.034511,0.8638863,37.73,23.3675,0.0,3.0,1.71,0.415,0.436,37.0,0.2376061026151941
8351,8351,37_7,37_30,7190.131,34.33235,16.662,0.0052,0.0,15.0,15.0,1264.0,2978.0,1263.9299,2978.4727,1263.9299,2978.4727,192.5002609621505,27.10721874397972,0.551,0.505,-85.72,0.00269,0.00249,-84.27,1263.9299,2978.4727,192.5002609621505,27.10721874397972,0.08446478964,0.24734897456,0.08446478964,0.24734897456,0.497,0.291,-89.53,0.4973531,0.2906091,-89.53,99.0,0.0,1.03,1.091,0.083,1.0,37.0,1098,1098,37_7,37_15,6924.484,57.99092,16.7029,0.0091,190.303,47.0,55.0,1264.0,2978.0,1263.9581,2978.5167,1263.9581,2978.5167,192.50025245054024,27.10720614221509,1.511,1.438,7.55,0.01646,0.01577,19.16,1263.9581,2978.5167,192.50025245054024,27.10720614221509,0.91057215796,0.83021984997,0.91057215796,0.83021984997,0.955,0.911,-6.47,0.954788,0.9105887,-6.47,23.2946,0.0,2.99,1.05,0.048,0.99,37.0,0.052261266728111266
8352,8352,37_8,37_29,1320.542,14.71334,18.502,0.0121,0.0,16.0,16.0,1240.0,2970.0,1240.0114,2969.9454,1240.0114,2969.9454,192.50774422316837,27.109808364207,0.664,0.583,9.54,0.00842,0.00714,13.12,1240.0114,2969.9454,192.50774422316837,27.109808364207,0.12845550852,0.10803679288,0.12845550852,0.10803679288,0.359,0.328,5.26,0.3586501,0.3284241,5.26,99.0,0.0,1.23,1.139,0.122,1.0,37.0,1099,1099,37_8,37_14,1166.814,34.13401,18.6364,0.0318,190.7489,21.0,24.0,1240.0,2970.0,1240.0448,2969.9416,1240.0448,2969.9416,192.5077336296354,27.109809166522343,1.224,1.131,25.37,0.04377,0.04011,42.98,1240.0448,2969.9416,192.5077336296354,27.109809166522343,0.82770313025,0.70352787109,0.82770313025,0.70352787109,0.911,0.838,6.0,0.9105446,0.8379376,6.0,23.3253,0.0,3.03,1.082,0.076,0.968,37.0,0.033615472627740846
8357,8357,37_13,37_24,45853.32,86.70027,14.6504,0.0021,0.0,13.0,13.0,1249.0,2897.0,1248.725,2896.8255,1248.725,2896.8255,192.5043203551964,27.1303055078921,0.478,0.434,2.51,9.1E-4,8.3E-4,2.97,1248.725,2896.8255,192.5043203551964,27.1303055078921,0.16918478543,0.13530201485,0.16918478543,0.13530201485,0.411,0.368,0.23,0.4113215,0.3678335,0.23,99.0,0.0,0.95,1.1,0.091,1.0,37.0,1100,1100,37_9,37_13,46297.75,109.8896,14.64,0.0026,190.8323,104.0,110.0,1249.0,2897.0,1248.7996,2896.8711,1248.7996,2896.8711,192.50429718492336,27.130292085953016,1.695,1.597,4.56,0.00544,0.00511,10.81,1248.7996,2896.8711,192.50429718492336,27.130292085953016,0.94498739168,0.85434152283,0.94498739168,0.85434152283,0.972,0.924,-1.71,0.9721462,0.9242622,-1.71,23.3408,0.0,2.98,1.061,0.058,0.992,37.0,0.08743294573565885
8360,8360,37_16,37_21,15343.72,50.15341,15.839,0.0035,0.0,14.0,14.0,1291.0,2859.0,1290.6661,2858.6698,1290.6661,2858.6698,192.4907083845636,27.14070164750291,0.526,0.514,9.54,0.00174,0.0017,9.64,1290.6661,2858.6698,192.4907083845636,27.14070164750291,0.17269821117,0.16440088893,0.17269821117,0.16440088893,0.416,0.405,4.68,0.4156372,0.4053946,4.68,99.0,0.0,1.04,1.025,0.024,1.0,37.0,1101,1101,37_10,37_12,15218.46,74.68892,15.8479,0.0053,190.4904,66.0,76.0,1291.0,2859.0,1290.7238,2858.705,1290.7238,2858.705,192.49069046230932,27.140691284208856,1.623,1.543,8.62,0.01053,0.01018,36.62,1290.7238,2858.705,192.49069046230932,27.140691284208856,0.97573755738,0.88020568291,0.97573755738,0.88020568291,0.988,0.938,-1.63,0.9878336,0.9381514,-1.63,23.323,0.0,2.98,1.052,0.05,0.982,37.0,0.06758942224929927
8361,8361,37_17,37_20,130.5754,4.626641,21.0142,0.0385,0.0,17.0,17.0,1159.0,2856.0,1158.0212,2856.5186,1158.0212,2856.5186,192.53263393037008,27.14236451925633,1.106,0.739,-30.04,0.05665,0.04156,-23.64,1158.0212,2856.5186,192.53263393037008,27.14236451925633,0.67350124947,0.48607972461,0.67350124947,0.48607972461,0.87,0.634,-29.06,0.8701802,0.6343243,-29.06,99.0,0.0,3.61,1.498,0.332,0.995,37.0,1102,1102,37_11,37_11,90.28662,14.58713,21.4148,0.1755,191.2673,5.0,5.0,1158.0,2857.0,1158.1933,2856.5961,1158.1933,2856.5961,192.53258021231068,27.14234135645036,0.776,0.443,-19.34,0.13236,0.07637,-18.49,1158.1933,2856.5961,192.53258021231068,27.14234135645036,1.379940746,1.0808164259,1.379940746,1.0808164259,1.228,0.976,-28.69,1.227934,0.9761841,-28.69,23.3859,0.0,3.45,1.753,0.43,0.058,37.0,0.18874496019775172
8363,8363,37_19,37_18,4529.606,27.24993,17.1637,0.0065,0.0,141.0,141.0,1273.0,2817.0,1273.1375,2816.599,1273.1375,2816.599,192.49586508207375,27.15267504380952,2.758,1.111,-19.14,0.02216,0.00891,-18.23,1273.1375,2816.599,192.49586508207375,27.15267504380952,0.90090855676,0.66563942829,0.90090855676,0.66563942829,0.977,0.782,-23.32,0.977025,0.7822852,-23.32,99.0,0.0,2.5,2.484,0.597,0.962,37.0,1103,1103,37_12,37_10,4768.825,67.99358,17.1078,0.0155,190.8698,90.0,96.0,1273.0,2817.0,1273.2951,2816.6272,1273.2951,2816.6272,192.4958154995826,27.152665849739183,2.892,1.696,-18.03,0.05251,0.02883,-17.11,1273.2951,2816.6272,192.4958154995826,27.152665849739183,3.1388191227,2.3049772426,3.1388191227,2.3049772426,1.805,1.478,-19.5,1.805093,1.478322,-19.5,23.358,0.0,5.98,1.705,0.414,0.018,37.0,0.1601030917877171
8364,8364,37_20,37_17,915.1401,12.24839,18.9001,0.0145,0.0,17.0,17.0,1347.0,2814.0,1346.935,2813.9799,1346.935,2813.9799,192.47250239168292,27.15281855513569,0.804,0.623,-18.45,0.01237,0.00956,-21.15,1346.935,2813.9799,192.47250239168292,27.15281855513569,0.2873424948,0.21053672937,0.2873424948,0.21053672937,0.539,0.456,-10.71,0.5386949,0.455727,-10.71,99.0,0.0,1.64,1.29,0.225,1.0,37.0,1104,1104,37_13,37_9,857.1932,31.15178,18.9712,0.0395,190.8235,21.0,21.0,1347.0,2814.0,1346.9745,2813.9976,1346.9745,2813.9976,192.4724900633261,27.152813258406397,1.184,1.095,-15.99,0.05141,0.05098,-15.58,1346.9745,2813.9976,192.4724900633261,27.152813258406397,0.96119949511,0.79347042057,0.96119949511,0.79347042057,0.989,0.881,-16.9,0.9890642,0.8811481,-16.9,23.3632,0.0,3.62,1.081,0.075,0.39,37.0,0.043284408278487375
8365,8365,37_21,37_16,2940.035,21.95388,17.633,0.0081,2.005557E-4,16.0,16.0,1337.0,2812.0,1336.8392,2812.1389,1336.8392,2812.1389,192.47567820024696,27.1534177182927,0.586,0.568,-27.97,0.00465,0.0045,-15.42,1336.8392,2812.1389,192.47567820024696,27.1534177182927,0.089020658994,0.085967671412,0.089020658994,0.085967671412,0.298,0.293,-7.52,0.298454,0.2931102,-7.52,99.0,0.0,1.16,1.032,0.031,1.0,37.0,1105,1105,37_14,37_8,2723.665,44.17315,17.716,0.0176,190.6022,35.0,38.0,1337.0,2812.0,1336.8755,2812.1754,1336.8755,2812.1754,192.47566705722167,27.15340716000873,1.422,1.293,-17.81,0.0295,0.0261,-33.99,1336.8755,2812.1754,192.47566705722167,27.15340716000873,0.8828852844,0.79956870851,0.8828852844,0.79956870851,0.94,0.894,-4.08,0.9398466,0.8939477,-4.08,23.3464,0.0,2.91,1.1,0.091,0.98,37.0,0.05147756793038062
8367,8367,37_23,37_14,616.3955,10.05229,19.3292,0.0177,0.0,17.0,17.0,1460.0,2790.0,1460.1788,2790.2084,1460.1788,2790.2084,192.4364677510714,27.15858655278932,0.822,0.702,-82.21,0.01552,0.01383,-79.52,1460.1788,2790.2084,192.4364677510714,27.15858655278932,0.29553172662,0.29990017617,0.29553172662,0.29990017617,0.549,0.543,66.08,0.5486072,0.5426436,66.08,99.0,0.0,1.67,1.17,0.145,1.0,37.0,1106,1106,37_15,37_7,544.9936,29.14337,19.4629,0.0581,190.8462,16.0,19.0,1460.0,2790.0,1460.1736,2790.1821,1460.1736,2790.1821,192.4364691502808,27.158593991941977,1.186,1.048,-51.63,0.07431,0.06366,-45.46,1460.1736,2790.1821,192.4364691502808,27.158593991941977,1.1455311176,1.237133056,1.1455311176,1.237133056,1.112,1.07,-89.78,1.112265,1.070294,-89.78,23.3572,0.0,3.64,1.131,0.116,0.274,37.0,0.02680914023235037
8369,8369,37_25,37_12,138.6161,4.766965,20.9493,0.0373,0.0,10.0,10.0,1347.0,2779.0,1347.0151,2779.1917,1347.0151,2779.1917,192.47215561486743,27.162602219362267,0.684,0.511,56.04,0.0319,0.02564,70.46,1347.0151,2779.1917,192.47215561486743,27.162602219362267,0.088909924257,0.1616642997,0.088909924257,0.1616642997,0.403,0.297,84.28,0.4029915,0.2969378,84.28,99.0,0.0,1.34,1.339,0.253,1.0,37.0,1107,1107,37_16,37_6,112.3259,14.72777,21.1777,0.1424,190.4605,4.0,5.0,1347.0,2779.0,1347.1903,2779.3831,1347.1903,2779.3831,192.47210197183023,27.16254697467793,0.748,0.451,17.75,0.12061,0.06986,18.42,1347.1903,2779.3831,192.47210197183023,27.16254697467793,0.88928910961,0.77219783424,0.88928910961,0.77219783424,0.953,0.867,20.79,0.9534196,0.8674549,20.79,23.3347,0.0,1.92,1.659,0.397,0.458,37.0,0.2594783227940764
8371,8371,37_27,37_10,256.4336,6.483695,20.2814,0.0275,0.0,10.0,10.0,1088.0,2761.0,1088.0352,2761.6202,1088.0352,2761.6202,192.5539079690475,27.169609448897845,0.757,0.619,84.48,0.02273,0.01836,86.6,1088.0352,2761.6202,192.5539079690475,27.169609448897845,0.24781359015,0.34324150762,0.24781359015,0.34324150762,0.588,0.496,81.37,0.5877835,0.4955459,81.37,99.0,0.0,1.86,1.223,0.182,1.0,37.0,1108,1108,37_17,37_5,216.0755,18.76992,20.4674,0.0943,190.6676,8.0,8.0,1088.0,2761.0,1087.9969,2761.5174,1087.9969,2761.5174,192.55391915434,27.16963866455894,0.815,0.696,87.89,0.09488,0.07772,89.89,1087.9969,2761.5174,192.55391915434,27.16963866455894,0.8110729213,0.87121958347,0.8110729213,0.87121958347,0.944,0.889,63.22,0.9443412,0.8891075,63.22,23.3512,0.0,4.47,1.17,0.145,0.163,37.0,0.10970291700736748
8372,8372,37_28,37_9,932.3807,12.36322,18.8799,0.0144,0.0,59.0,59.0,1132.0,2758.0,1131.4215,2756.4597,1131.4215,2756.4597,192.5401380121445,27.17071820788148,1.87,1.407,-55.1,0.03278,0.0243,-51.87,1131.4215,2756.4597,192.5401380121445,27.17071820788148,1.4085457432,1.5975263912,1.4085457432,1.5975263912,1.292,1.156,-62.27,1.292163,1.156022,-62.27,99.0,0.0,6.27,1.329,0.247,0.962,37.0,1109,1109,37_18,37_4,965.1971,41.77505,18.8423,0.047,190.8548,35.0,40.0,1132.0,2757.0,1131.4202,2756.3639,1131.4202,2756.3639,192.54013755418688,27.170745162852583,1.85,1.558,-63.09,0.08878,0.07339,-64.61,1131.4202,2756.3639,192.54013755418688,27.170745162852583,3.8777219855,3.8579688687,3.8777219855,3.8579688687,2.047,1.883,-44.12,2.047015,1.882929,-44.12,23.3608,0.0,9.39,1.187,0.158,0.0,37.0,0.09580882005332315
8376,8376,37_32,37_5,350.3372,7.578413,19.9427,0.0235,0.0,11.0,11.0,1357.0,2681.0,1357.1336,2681.124,1357.1336,2681.124,192.46804804823256,27.190101817301816,0.643,0.538,-19.39,0.0159,0.01549,-57.26,1357.1336,2681.124,192.46804804823256,27.190101817301816,0.21692718786,0.1286761966,0.21692718786,0.1286761966,0.467,0.357,-5.65,0.4666901,0.3574965,-5.65,99.0,0.0,1.65,1.197,0.164,1.0,37.0,1110,1110,37_19,37_3,263.0974,19.98794,20.2536,0.0825,191.2578,8.0,9.0,1357.0,2681.0,1357.0482,2681.0299,1357.0482,2681.0299,192.4680741939204,27.190128972048587,0.784,0.769,5.03,0.07249,0.07224,20.71,1357.0482,2681.0299,192.4680741939204,27.190128972048587,0.66872959035,0.55224481732,0.66872959035,0.55224481732,0.818,0.743,0.75,0.8177711,0.7431183,0.75,23.391,0.0,2.56,1.019,0.019,0.516,37.0,0.12707466309202292
8380,8380,38_1,38_1,507.7469,9.123443,19.5397,0.0195,-7.598679E-6,26.0,26.0,1896.0,2520.0,1894.9383,2520.4031,1894.9383,2520.4031,192.29637495965773,27.230849371566435,1.547,1.052,4.64,0.03447,0.02642,14.87,1894.9383,2520.4031,192.29637495965773,27.230849371566435,1.0226379098,0.44144358483,1.0226379098,0.44144358483,1.016,0.657,-7.46,1.016255,0.6567405,-7.46,99.0,0.0,5.41,1.47,0.32,0.996,38.0,1112,1112,38_1,38_1,392.0811,27.2677,19.8204,0.0755,190.6713,16.0,17.0,1895.0,2520.0,1895.0904,2520.5633,1895.0904,2520.5633,192.29632838356855,27.23080303435588,1.257,0.968,11.98,0.09952,0.07754,14.97,1895.0904,2520.5633,192.29632838356855,27.23080303435588,3.5408665979,3.1182556151,3.5408665979,3.1182556151,1.886,1.761,11.21,1.886301,1.760963,11.21,23.3332,0.0,6.49,1.299,0.23,0.002,38.0,0.22090371205559886
8381,8381,38_2,38_55,11709.36,43.81287,16.1325,0.0041,0.0,4.0,4.0,1983.0,3009.0,1982.6368,3009.2915,1982.6368,3009.2915,192.27338324741143,27.092622451474224,0.502,0.431,-34.0,0.00188,0.00162,-34.04,1982.6368,3009.2915,192.27338324741143,27.092622451474224,0.14858971078,0.10483990971,0.14858971078,0.10483990971,0.389,0.32,-13.54,0.3889516,0.3196033,-13.54,99.0,0.0,0.9,1.164,0.141,1.0,38.0,1113,1113,38_2,38_32,11464.12,67.25626,16.1555,0.0064,189.6911,62.0,67.0,1983.0,3009.0,1982.6777,3009.3998,1982.6777,3009.3998,192.2733713750601,27.09259164615081,1.57,1.496,-7.38,0.01217,0.0119,10.26,1982.6777,3009.3998,192.2733713750601,27.09259164615081,0.92911692844,0.83745405347,0.92911692844,0.83745405347,0.966,0.913,-10.39,0.9655588,0.9133823,-10.39,23.3403,0.0,2.92,1.049,0.047,0.981,38.0,0.11576571167693785
8382,8382,38_3,38_54,553.2011,9.523062,19.4467,0.0187,-4.640027E-5,7.0,7.0,1714.0,2996.0,1714.0847,2996.3179,1714.0847,2996.3179,192.3581331210723,27.0985287464228,0.547,0.435,-31.93,0.01007,0.00825,-30.33,1714.0847,2996.3179,192.3581331210723,27.0985287464228,0.09388386841,0.13975798196,0.09388386841,0.13975798196,0.377,0.303,-77.76,0.3768623,0.3026825,-77.76,99.0,0.0,1.26,1.256,0.204,1.0,38.0,1115,1115,38_4,38_30,531.9495,27.49993,19.4892,0.0561,189.7808,13.0,17.0,1714.0,2996.0,1714.0931,2996.3699,1714.0931,2996.3699,192.35813096082987,27.098514051411183,1.15,0.934,-15.96,0.07391,0.0579,-15.18,1714.0931,2996.3699,192.35813096082987,27.098514051411183,0.92769521183,0.82374474576,0.92769521183,0.82374474576,0.979,0.89,-25.58,0.979086,0.8904102,-25.58,23.3256,0.0,3.32,1.231,0.188,0.644,38.0,0.052674092303645385
8383,8383,38_4,38_53,4855.149,28.21216,17.0884,0.0063,0.0,10.0,10.0,1933.0,2995.0,1932.5513,2994.784,1932.5513,2994.784,192.28907090318327,27.09712735257426,0.498,0.417,-1.83,0.00296,0.0025,-2.31,1932.5513,2994.784,192.28907090318327,27.09712735257426,0.22495279727,0.070323320384,0.22495279727,0.070323320384,0.474,0.265,-0.33,0.4742973,0.2651758,-0.33,99.0,0.0,0.9,1.195,0.163,1.0,38.0,1114,1114,38_3,38_31,4677.27,51.35089,17.1289,0.0119,190.3688,44.0,48.0,1933.0,2995.0,1932.5846,2994.7816000000003,1932.5846,2994.7816000000003,192.289060355886,27.09712774562058,1.499,1.391,-7.76,0.02121,0.0196,-15.04,1932.5846,2994.7816000000003,192.289060355886,27.09712774562058,0.92157685009,0.8355069946,0.92157685009,0.8355069946,0.96,0.914,-3.93,0.9602004,0.9138375,-3.93,23.3906,0.0,2.97,1.078,0.072,0.979,38.0,0.033386374466056266
8386,8386,38_7,38_50,177.0844,5.387971,20.6834,0.033,-2.739826E-5,4.0,4.0,1764.0,2957.0,1764.138,2956.789,1764.138,2956.789,192.34193523577383,27.109229206595185,0.443,0.32,65.19,0.01678,0.01064,58.66,1764.138,2956.789,192.34193523577383,27.109229206595185,0.096788683833,0.10776746376,0.096788683833,0.10776746376,0.328,0.311,88.04,0.3282991,0.3110882,88.04,99.0,0.0,0.97,1.386,0.279,0.998,38.0,1116,1116,38_5,38_29,117.6942,14.58101,21.127,0.1345,190.2506,3.0,5.0,1764.0,2957.0,1764.0001,2956.9605,1764.0001,2956.9605,192.3419804638624,27.10918212456818,0.618,0.611,0.02,0.09727,0.09717,-89.86,1764.0001,2956.9605,192.3419804638624,27.10918212456818,0.7629224731,0.77541596732,0.7629224731,0.77541596732,0.926,0.826,47.04,0.9256191,0.8255711,47.04,23.3708,0.0,2.25,1.01,0.01,0.444,38.0,0.22006512672379203
8387,8387,38_8,38_49,194.1057,5.640975,20.5838,0.0316,0.0,1.0,1.0,1882.0,2953.0,1882.0,2953.0,1882.0,2953.0,192.30464424537723,27.109305694139444,0.289,0.289,45.0,0.00852,0.00852,45.0,1882.0,2953.0,192.30464424537723,27.109305694139444,0.0833333,0.0833333,0.0833333,0.0833333,0.289,0.289,45.0,0.2886751,0.2886751,45.0,99.0,0.0,0.0,1.0,0.0,0.996,38.0,1117,1117,38_6,38_28,160.1451,14.81011,20.7926,0.1004,190.2342,1.0,5.0,1882.0,2953.0,1881.9992,2953.0042,1881.9992,2953.0042,192.30464453875192,27.109304519695517,0.593,0.573,89.99,0.07473,0.07453,-89.93,1881.9992,2953.0042,192.30464453875192,27.109304519695517,0.32845953703,0.35114972147,0.32845953703,0.35114972147,0.593,0.573,89.99,0.5925789,0.5731139,89.99,23.3736,0.0,3.43,1.034,0.033,0.821,38.0,0.004275511665149124
8389,8389,38_10,38_47,552.9204,9.520645,19.4472,0.0187,0.0,2.0,2.0,1813.0,2913.0,1813.3151,2913.0,1813.3151,2913.0,192.32597071142024,27.12113287814312,0.547,0.289,0.0,0.00954,0.00503,0.0,1813.3151,2913.0,192.32597071142024,27.12113287814312,0.12375749163,0.0833333,0.12375749163,0.0833333,0.352,0.289,0.0,0.3517918,0.2886751,0.0,99.0,0.0,0.93,1.895,0.472,0.997,38.0,1118,1118,38_7,38_27,421.4802,19.4036,19.7419,0.05,189.9111,3.0,8.0,1813.0,2913.0,1813.4522,2912.926,1813.4522,2912.926,192.32592666129173,27.12115253958792,0.717,0.663,-8.95,0.04719,0.03927,0.33,1813.4522,2912.926,192.32592666129173,27.12115253958792,0.23859469171,0.090962354657,0.23859469171,0.090962354657,0.489,0.301,-3.47,0.4890186,0.3006957,-3.47,23.3482,0.0,1.23,1.081,0.075,0.698,38.0,0.15579605258153328
8390,8390,38_11,38_46,336.3098,7.425144,19.987,0.024,0.0,3.0,3.0,1781.0,2874.0,1780.4431,2874.2565,1780.4431,2874.2565,192.3359915272554,27.132304354882947,0.579,0.319,-38.07,0.01315,0.00725,-38.4,1780.4431,2874.2565,192.3359915272554,27.132304354882947,0.2407238298,0.082224977103,0.2407238298,0.082224977103,0.507,0.256,-17.11,0.5072662,0.2561832,-17.11,99.0,0.0,1.91,1.817,0.45,0.997,38.0,1120,1120,38_9,38_25,276.7121,17.81567,20.1988,0.0699,190.0302,3.0,7.0,1781.0,2874.0,1780.3888,2874.2177,1780.3888,2874.2177,192.3360083231368,27.132315721190448,0.77,0.576,-62.41,0.07445,0.05271,-59.94,1780.3888,2874.2177,192.3360083231368,27.132315721190448,0.21617090587,0.10851853133,0.21617090587,0.10851853133,0.495,0.282,-24.81,0.4954166,0.2815171,-24.81,23.3489,0.0,3.58,1.338,0.253,0.626,38.0,0.06673777041515971
8391,8391,38_12,38_45,158.0691,5.090478,20.8067,0.035,0.0,4.0,4.0,1725.0,2875.0,1725.3995,2874.9068,1725.3995,2874.9068,192.35340027719067,27.132580998839984,0.493,0.285,8.23,0.01711,0.01233,7.1,1725.3995,2874.9068,192.35340027719067,27.132580998839984,0.23044717197,0.10374105752,0.23044717197,0.10374105752,0.48,0.322,1.2,0.4801072,0.3220021,1.2,99.0,0.0,1.17,1.731,0.422,0.998,38.0,1119,1119,38_8,38_26,143.2894,16.01232,20.9133,0.1214,190.1792,6.0,6.0,1725.0,2875.0,1725.4879,2874.977,1725.4879,2874.977,192.3533729973091,27.13256051957789,0.782,0.5,-89.41,0.11899,0.07307,-90.0,1725.4879,2874.977,192.3533729973091,27.13256051957789,0.59586123458,0.64804142927,0.59586123458,0.64804142927,0.81,0.767,-70.02,0.8099318,0.766755,-70.02,23.3549,0.0,3.56,1.565,0.361,0.497,38.0,0.11288312539954069
8393,8393,38_14,38_43,327.8508,7.331168,20.0147,0.0243,0.0,1.0,1.0,1649.0,2851.0,1649.0,2851.0,1649.0,2851.0,192.37732896210608,27.13993887149593,0.289,0.289,45.0,0.00651,0.00651,45.0,1649.0,2851.0,192.37732896210608,27.13993887149593,0.0833333,0.0833333,0.0833333,0.0833333,0.289,0.289,45.0,0.2886751,0.2886751,45.0,99.0,0.0,0.0,1.0,0.0,0.997,38.0,1121,1121,38_10,38_24,277.2511,18.97513,20.1967,0.0743,190.0902,3.0,8.0,1649.0,2851.0,1648.8532,2851.1022,1648.8532,2851.1022,192.37737634700176,27.139911343536443,0.748,0.644,44.08,0.06845,0.0545,44.95,1648.8532,2851.1022,192.37737634700176,27.139911343536443,0.12434082764,0.10602427123,0.12434082764,0.10602427123,0.353,0.326,1.25,0.3526322,0.3256004,1.25,23.3289,0.0,1.15,1.161,0.139,0.718,38.0,0.1788716858531752
8394,8394,38_15,38_42,431.591,8.411458,19.7162,0.0212,0.0,5.0,5.0,1996.0,2844.0,1996.2499,2843.7418,1996.2499,2843.7418,192.26746987318643,27.139063241662363,0.53,0.429,-16.06,0.01108,0.00871,-16.56,1996.2499,2843.7418,192.26746987318643,27.139063241662363,0.1170098622,0.087414013478,0.1170098622,0.087414013478,0.343,0.295,-7.51,0.3428319,0.2947714,-7.51,99.0,0.0,0.98,1.235,0.19,1.0,38.0,1122,1122,38_11,38_23,359.9636,21.78446,19.9132,0.0657,190.2045,11.0,11.0,1996.0,2844.0,1996.3021,2843.882,1996.3021,2843.882,192.26745473561945,27.139023370308923,0.991,0.74,-15.78,0.07817,0.05547,-14.93,1996.3021,2843.882,192.26745473561945,27.139023370308923,0.70205435849,0.60535074319,0.70205435849,0.60535074319,0.852,0.762,-24.09,0.8521878,0.7623523,-24.09,23.3899,0.0,3.21,1.339,0.253,0.525,38.0,0.14960240639804742
8398,8398,38_19,38_38,2395.475,19.81668,17.8554,0.009,0.0,7.0,7.0,1588.0,2823.0,1588.4771,2822.6772,1588.4771,2822.6772,192.396199083393,27.148404089411,0.509,0.462,-25.35,0.0043,0.00391,-27.5,1588.4771,2822.6772,192.396199083393,27.148404089411,0.24298810503,0.14535226645,0.24298810503,0.14535226645,0.494,0.38,-6.51,0.4942442,0.3795564,-6.51,99.0,0.0,0.94,1.102,0.093,1.0,38.0,1123,1123,38_12,38_22,2262.461,41.5575,17.9174,0.0199,190.6958,31.0,34.0,1588.0,2823.0,1588.5417,2822.6566000000003,1588.5417,2822.6566000000003,192.3961784613373,27.14840935103405,1.374,1.281,-3.35,0.03115,0.02902,13.86,1588.5417,2822.6566000000003,192.3961784613373,27.14840935103405,0.94927797427,0.84083791878,0.94927797427,0.84083791878,0.976,0.915,-9.28,0.9758346,0.9153484,-9.28,23.3611,0.0,3.17,1.073,0.068,0.966,38.0,0.0678050145637009
8400,8400,38_21,38_36,13061.13,46.27277,16.0139,0.0038,0.0,4.0,4.0,1650.0,2788.0,1650.4427,2787.616,1650.4427,2787.616,192.37627231035816,27.15775294967043,0.508,0.474,36.11,0.0018,0.00168,36.12,1650.4427,2787.616,192.37627231035816,27.15775294967043,0.23766830868,0.19988342997,0.23766830868,0.19988342997,0.492,0.443,17.03,0.4915088,0.442686,17.03,99.0,0.0,1.01,1.071,0.067,1.0,38.0,1124,1124,38_13,38_21,12890.31,70.92332,16.0282,0.006,190.2297,64.0,72.0,1650.0,2788.0,1650.5137,2787.6644,1650.5137,2787.6644,192.37625031590463,27.15773874989874,1.616,1.498,7.18,0.01195,0.01099,13.1,1650.5137,2787.6644,192.37625031590463,27.15773874989874,0.99717160442,0.87262149231,0.99717160442,0.87262149231,0.999,0.934,1.07,0.9986065,0.9341189,1.07,23.3125,0.0,3.08,1.079,0.073,0.982,38.0,0.08592764398027021
8401,8401,38_22,38_35,2365.79,19.69351,17.8689,0.009,0.0,1.0,1.0,1677.0,2782.0,1677.0,2782.0,1677.0,2782.0,192.36782054636416,27.159112174948785,0.289,0.289,45.0,0.00241,0.00241,45.0,1677.0,2782.0,192.36782054636416,27.159112174948785,0.0833333,0.0833333,0.0833333,0.0833333,0.289,0.289,45.0,0.2886751,0.2886751,45.0,99.0,0.0,0.0,1.0,0.0,0.997,38.0,1125,1125,38_14,38_20,1473.736,24.64559,18.3828,0.0182,190.0981,1.0,9.0,1677.0,2782.0,1676.9988,2781.9961,1676.9988,2781.9961,192.3678208888203,27.15911328171914,0.71,0.705,35.46,0.01283,0.0128,35.55,1676.9988,2781.9961,192.3678208888203,27.15911328171914,0.50208268525,0.49978906396,0.50208268525,0.49978906396,0.71,0.705,35.46,0.7102414,0.7052864,35.46,23.3011,0.0,0.0,1.007,0.007,0.996,38.0,0.004080441152749821
8402,8402,38_23,38_34,477.4877,8.84741,19.6065,0.0201,0.0,6.0,6.0,1753.0,2777.0,1753.0611,2776.6005,1753.0611,2776.6005,192.34371574774923,27.15999723959765,0.589,0.48,16.83,0.01166,0.0093,13.51,1753.0611,2776.6005,192.34371574774923,27.15999723959765,0.13305378168,0.20265237809,0.13305378168,0.20265237809,0.452,0.363,81.45,0.4519552,0.3625502,81.45,99.0,0.0,1.34,1.227,0.185,1.0,38.0,1126,1126,38_15,38_19,439.7579,26.63211,19.6958,0.0658,190.3963,11.0,16.0,1753.0,2777.0,1753.0215,2776.5369,1753.0215,2776.5369,192.3437276629966,27.16001545655061,1.104,0.916,1.09,0.07899,0.06461,0.17,1753.0215,2776.5369,192.3437276629966,27.16001545655061,0.8659635244,0.66874522716,0.8659635244,0.66874522716,0.932,0.817,5.75,0.9316579,0.8165307,5.75,23.3414,0.0,3.05,1.205,0.17,0.503,38.0,0.07492075813805452
8403,8403,38_24,38_33,112727.1,135.9406,13.6738,0.0013,0.0,7.0,7.0,1730.0,2756.0,1730.1972,2755.7134,1730.1972,2755.7134,192.3507469329498,27.166062133105477,0.573,0.48,-4.34,6.9E-4,5.8E-4,-4.34,1730.1972,2755.7134,192.3507469329498,27.166062133105477,0.16312323817,0.15504770471,0.16312323817,0.15504770471,0.407,0.391,25.27,0.4067417,0.3908096,25.27,99.0,0.0,1.44,1.193,0.162,1.0,38.0,1127,1127,38_16,38_18,115776.0,158.3857,13.6448,0.0015,190.9818,144.0,152.0,1730.0,2756.0,1730.2732,2755.7764,1730.2732,2755.7764,192.35072349854727,27.166043781904648,1.762,1.634,1.64,0.0032,0.00297,1.37,1730.2732,2755.7764,192.35072349854727,27.166043781904648,0.98889177466,0.86545364934,0.98889177466,0.86545364934,0.995,0.93,-2.38,0.9945381,0.9301824,-2.38,23.3714,0.0,3.08,1.079,0.073,0.988,38.0,0.09871676655977014
8405,8405,38_26,38_31,429.6571,8.392591,19.7211,0.0212,0.0,8.0,8.0,1687.0,2743.0,1687.3465,2742.9837,1687.3465,2742.9837,192.36417774628887,27.1699988390129,0.635,0.474,-80.36,0.01327,0.0109,-78.51,1687.3465,2742.9837,192.36417774628887,27.1699988390129,0.19963692448,0.18933072147,0.19963692448,0.18933072147,0.454,0.427,-32.11,0.4542363,0.4273605,-32.11,99.0,0.0,1.7,1.341,0.254,1.0,38.0,1128,1128,38_17,38_17,405.6263,25.23722,19.7836,0.0676,190.7326,13.0,14.0,1687.0,2743.0,1687.4118,2743.0023,1687.4118,2743.0023,192.3641572707098,27.16999306546805,0.991,0.984,-49.02,0.0739,0.07268,-88.95,1687.4118,2743.0023,192.3641572707098,27.16999306546805,1.0087161201,1.0451284033,1.0087161201,1.0451284033,1.024,1.003,-74.08,1.02389,1.002743,-74.08,23.3421,0.0,3.88,1.007,0.007,0.334,38.0,0.06789734899090517
8408,8408,38_29,38_28,5141.134,29.03117,17.0262,0.0061,0.0,6.0,6.0,1976.0,2731.0,1975.8812,2731.0691,1975.8812,2731.0691,192.27281388663744,27.17092166178237,0.387,0.347,-19.34,0.00221,0.00198,-20.88,1975.8812,2731.0691,192.27281388663744,27.17092166178237,0.095404744057,0.092648232678,0.095404744057,0.092648232678,0.309,0.304,-0.76,0.3088774,0.3043809,-0.76,99.0,0.0,2.08,1.115,0.103,1.0,38.0,1129,1129,38_18,38_16,5055.39,54.04055,17.0445,0.0116,190.2539,47.0,51.0,1976.0,2731.0,1975.8892,2731.0947,1975.8892,2731.0947,192.27281160571735,27.170914394723766,1.544,1.391,-8.38,0.02161,0.01871,-7.21,1975.8892,2731.0947,192.27281160571735,27.170914394723766,0.90561695038,0.81699965519,0.90561695038,0.81699965519,0.952,0.903,-6.09,0.9521751,0.9033157,-6.09,23.3225,0.0,2.99,1.111,0.1,0.982,38.0,0.026820887382738783
8409,8409,38_30,38_27,181.3698,5.452776,20.6575,0.0326,0.0,3.0,3.0,1595.0,2725.0,1594.7138,2724.7476,1594.7138,2724.7476,192.39330313775872,27.17589421145824,0.519,0.352,-41.92,0.01654,0.01108,-42.4,1594.7138,2724.7476,192.39330313775872,27.17589421145824,0.13752346219,0.11465721419,0.13752346219,0.11465721419,0.388,0.319,-31.13,0.3881508,0.3186215,-31.13,99.0,0.0,1.38,1.474,0.322,0.996,38.0,1130,1130,38_19,38_15,121.2762,14.86788,21.0944,0.1331,190.935,5.0,5.0,1595.0,2725.0,1594.7748,2724.4271,1594.7748,2724.4271,192.3932808197479,27.175983843760967,0.74,0.453,-19.86,0.11775,0.06826,-18.6,1594.7748,2724.4271,192.3932808197479,27.175983843760967,0.8939518383,0.78728171207,0.8939518383,0.78728171207,0.987,0.84,-33.31,0.9874421,0.8403521,-33.31,23.3622,0.0,3.4,1.635,0.388,0.489,38.0,0.32625335247344306
8410,8410,38_31,38_26,1004.101,12.82992,18.7994,0.0139,0.0,26.0,26.0,1619.0,2720.0,1619.53,2719.588,1619.53,2719.588,192.3854051477886,27.17714041528914,1.395,0.773,-13.82,0.02078,0.01187,-9.52,1619.53,2719.588,192.3854051477886,27.17714041528914,0.63073132534,0.45862343228,0.63073132534,0.45862343228,0.821,0.645,-24.02,0.8206072,0.6449485,-24.02,99.0,0.0,3.51,1.805,0.446,1.0,38.0,1131,1131,38_20,38_14,1109.612,41.46967,18.6909,0.0406,190.4089,31.0,38.0,1619.0,2720.0,1619.5779,2719.5767,1619.5779,2719.5767,192.38538989036957,27.177143197383597,1.765,1.374,-9.6,0.07633,0.05977,-6.81,1619.5779,2719.5767,192.38538989036957,27.177143197383597,2.4519199857,1.9414330502,2.4519199857,1.9414330502,1.575,1.383,-12.81,1.574727,1.383325,-12.81,23.3226,0.0,5.99,1.284,0.221,0.005,38.0,0.04921483516182164
8412,8412,38_33,38_24,222.4047,6.038195,20.436,0.0295,0.0,7.0,7.0,1768.0,2691.0,1768.2936,2690.5923,1768.2936,2690.5923,192.33807591247768,27.184057366494205,0.659,0.449,-25.99,0.02198,0.01397,-29.35,1768.2936,2690.5923,192.33807591247768,27.184057366494205,0.23864021815,0.21988064348,0.23864021815,0.21988064348,0.521,0.432,-38.63,0.521318,0.4321439,-38.63,99.0,0.0,1.65,1.468,0.319,1.0,38.0,1132,1132,38_21,38_13,146.8016,17.36786,20.887,0.1285,191.1457,7.0,7.0,1768.0,2691.0,1768.0224,2690.7095,1768.0224,2690.7095,192.3381628135081,27.184026678050294,0.747,0.678,-7.14,0.10174,0.09404,-0.66,1768.0224,2690.7095,192.3381628135081,27.184026678050294,1.5321405513,1.3039408816,1.5321405513,1.3039408816,1.263,1.114,-24.81,1.262604,1.114411,-24.81,23.3951,0.0,4.21,1.103,0.093,0.373,38.0,0.2954408231778111
8413,8413,38_34,38_23,301.4429,7.029713,20.1059,0.0253,0.0,9.0,9.0,1907.0,2687.0,1907.1595,2687.5064,1907.1595,2687.5064,192.2941248384596,27.183755641174145,0.734,0.571,-74.61,0.01925,0.01658,-65.31,1907.1595,2687.5064,192.2941248384596,27.183755641174145,0.20549117279,0.31452475662,0.20549117279,0.31452475662,0.566,0.447,-77.37,0.5659436,0.4469047,-77.37,99.0,0.0,1.79,1.286,0.222,1.0,38.0,1134,1134,38_23,38_11,267.1179,22.74961,20.2371,0.0925,190.1347,8.0,12.0,1907.0,2687.0,1907.2828,2687.5083,1907.2828,2687.5083,192.29408586007617,27.18375406229755,1.068,0.841,-37.41,0.10643,0.08144,-37.14,1907.2828,2687.5083,192.29408586007617,27.18375406229755,1.4608282366,1.4555901588,1.4608282366,1.4555901588,1.234,1.18,-43.84,1.234049,1.180484,-43.84,23.3294,0.0,5.65,1.27,0.213,0.385,38.0,0.12331463822268687
8414,8414,38_35,38_22,486.238,8.92811,19.5867,0.0199,0.0,8.0,8.0,1665.0,2686.0,1665.4803,2686.7548,1665.4803,2686.7548,192.37055980121863,27.185993537835717,0.843,0.499,76.25,0.01662,0.00988,75.14,1665.4803,2686.7548,192.37055980121863,27.185993537835717,0.2554810136,0.39243927878,0.2554810136,0.39243927878,0.634,0.496,75.47,0.6342753,0.4955957,75.47,99.0,0.0,3.19,1.688,0.407,1.0,38.0,1135,1135,38_24,38_10,483.8445,28.32824,19.5921,0.0636,190.7197,16.0,18.0,1666.0,2687.0,1665.4921,2686.7529,1665.4921,2686.7529,192.37055605067084,27.185993974242734,1.239,1.003,85.39,0.08462,0.06868,89.61,1665.4921,2686.7529,192.37055605067084,27.185993974242734,1.2435761123,1.5020615895,1.2435761123,1.5020615895,1.235,1.105,73.91,1.235125,1.104584,73.91,23.3484,0.0,5.75,1.235,0.19,0.007,38.0,0.011951987282482932
8415,8415,38_36,38_21,8589.453,37.52475,16.469,0.0047,0.0,6.0,6.0,2009.0,2685.0,2008.5165,2684.9212,2008.5165,2684.9212,192.2620438597776,27.183620261542845,0.5,0.307,-1.87,0.00219,0.00136,-1.89,2008.5165,2684.9212,192.2620438597776,27.183620261542845,0.26455500268,0.097028899986,0.26455500268,0.097028899986,0.514,0.311,-0.17,0.5143506,0.3114921,-0.17,99.0,0.0,1.12,1.627,0.385,1.0,38.0,1133,1133,38_22,38_12,8379.17,62.7037,16.4959,0.0081,190.3842,50.0,60.0,2009.0,2685.0,2008.5628,2684.9713,2008.5628,2684.9713,192.26202970544216,27.183605777731938,1.529,1.464,4.63,0.01474,0.01431,51.53,2008.5628,2684.9713,192.26202970544216,27.183605777731938,0.91544544906,0.81584409194,0.91544544906,0.81584409194,0.957,0.903,-5.12,0.9572107,0.9027941,-5.12,23.3002,16.0,2.93,1.045,0.043,0.983,38.0,0.06821803280651313
8417,8417,38_38,38_19,456.0768,8.646773,19.6563,0.0206,0.0,14.0,14.0,1881.0,2680.0,1880.1009,2680.389,1880.1009,2680.389,192.3026141739261,27.185986107482208,0.924,0.7,22.35,0.02559,0.01522,39.07,1880.1009,2680.389,192.3026141739261,27.185986107482208,0.41696072571,0.28637471552,0.41696072571,0.28637471552,0.65,0.53,-10.94,0.649641,0.5303791,-10.94,99.0,0.0,2.47,1.32,0.242,1.0,38.0,1136,1136,38_25,38_9,434.6588,27.98284,19.7085,0.0699,190.4629,15.0,18.0,1880.0,2681.0,1880.1475,2680.5189,1880.1475,2680.5189,192.3026006889004,27.1859491842647,1.211,1.048,-26.02,0.08911,0.07769,-30.61,1880.1475,2680.5189,192.3026006889004,27.1859491842647,1.9510920884,1.7910348137,1.9510920884,1.7910348137,1.408,1.327,21.88,1.407794,1.326741,21.88,23.3525,0.0,5.08,1.155,0.134,0.032,38.0,0.13800568828851778
8420,8420,38_41,38_16,182.3884,5.468066,20.6514,0.0326,0.0,7.0,7.0,1641.0,2670.0,1641.7773,2669.8098,1641.7773,2669.8098,192.3778969344024,27.190955420345155,0.772,0.393,6.43,0.0263,0.01554,15.09,1641.7773,2669.8098,192.3778969344024,27.190955420345155,0.3391735014,0.11500258491,0.3391735014,0.11500258491,0.582,0.339,-0.96,0.5824404,0.3390268,-0.96,99.0,0.0,3.23,1.961,0.49,1.0,38.0,1137,1137,38_26,38_8,90.81557,14.64838,21.4085,0.1752,191.2667,3.0,5.0,1641.0,2670.0,1641.7759,2669.6154,1641.7759,2669.6154,192.3778955356788,27.191010102272116,0.766,0.452,16.83,0.13457,0.07788,18.28,1641.7759,2669.6154,192.3778955356788,27.191010102272116,1.402198189,1.164762442,1.402198189,1.164762442,1.188,1.075,10.78,1.187907,1.075099,10.78,23.3891,0.0,2.22,1.693,0.409,0.357,38.0,0.19440504108676054
8421,8421,38_42,38_15,594.6253,9.873174,19.3683,0.018,1.798212E-5,6.0,6.0,1987.0,2665.0,1987.2891,2664.6256,1987.2891,2664.6256,192.2685597031635,27.189508651641862,0.497,0.451,-65.97,0.00889,0.00788,-60.23,1987.2891,2664.6256,192.2685597031635,27.189508651641862,0.11508963958,0.17157931224,0.11508963958,0.17157931224,0.415,0.338,-83.81,0.4150319,0.3382565,-83.81,99.0,0.0,0.92,1.103,0.093,1.0,38.0,1138,1138,38_27,38_7,546.36,27.39993,19.4602,0.0545,190.2508,15.0,16.0,1987.0,2665.0,1987.2675,2664.6314,1987.2675,2664.6314,192.26856659121407,27.18950720493369,1.066,0.957,4.8,0.06589,0.05698,14.2,1987.2675,2664.6314,192.26856659121407,27.18950720493369,0.76310740633,0.68711807619,0.76310740633,0.68711807619,0.881,0.821,-20.92,0.8809687,0.8210478,-20.92,23.3045,0.0,2.81,1.114,0.102,0.632,38.0,0.02236515146395661
8423,8423,38_44,38_13,10548.1,41.58362,16.2459,0.0043,0.0,153.0,153.0,1580.0,2648.0,1579.6963,2648.0108,1579.6963,2648.0108,192.3973298475431,27.197598726121484,4.755,1.461,-65.07,0.02013,0.00631,-65.14,1579.6963,2648.0108,192.3973298475431,27.197598726121484,1.4737242227,3.1468116057,1.4737242227,3.1468116057,1.867,1.065,-67.67,1.867187,1.064965,-67.67,99.0,0.0,2.62,3.255,0.693,0.963,38.0,1139,1139,38_28,38_6,11371.92,98.66303,16.1643,0.0094,191.1162,185.0,197.0,1580.0,2648.0,1579.7747,2648.061,1579.7747,2648.061,192.39730551849135,27.19758396252861,4.832,2.064,-64.56,0.05101,0.02185,-64.38,1579.7747,2648.061,192.39730551849135,27.19758396252861,3.7985165357,6.2067272696,3.7985165357,6.2067272696,2.6,1.802,-66.65,2.599625,1.801997,-66.65,23.3742,0.0,9.83,2.341,0.573,0.018,38.0,0.09309457556696568
8428,8428,38_49,38_8,906.8196,12.19258,18.9101,0.0146,0.0,22.0,22.0,1548.0,2628.0,1548.0201,2628.2644,1548.0201,2628.2644,192.4071651756574,27.20341260989515,1.754,0.734,79.84,0.02592,0.01093,79.09,1548.0201,2628.2644,192.4071651756574,27.20341260989515,0.50059780282,1.2554589914,0.50059780282,1.2554589914,1.134,0.685,78.75,1.134266,0.685199,78.75,99.0,0.0,6.77,2.391,0.582,1.0,38.0,1140,1140,38_29,38_5,937.4201,38.93121,18.874,0.0451,190.8986,33.0,34.0,1548.0,2628.0,1548.0192,2628.2518,1548.0192,2628.2518,192.407165341909,27.20341616076826,1.95,1.189,82.04,0.09349,0.05468,82.27,1548.0192,2628.2518,192.407165341909,27.20341616076826,2.3967631497,3.0899541791,2.3967631497,3.0899541791,1.782,1.52,71.63,1.782102,1.520141,71.63,23.3542,0.0,7.56,1.64,0.39,0.01,38.0,0.012632101962876804
8430,8430,38_51,38_6,826.3015,11.6387,19.011,0.0153,-1.148637E-6,9.0,9.0,1865.0,2593.0,1865.4186,2593.409,1865.4186,2593.409,192.3064192676881,27.210569695260364,0.513,0.491,-49.39,0.00801,0.00749,-34.75,1865.4186,2593.409,192.3064192676881,27.210569695260364,0.22385048947,0.22412094758,0.22385048947,0.22412094758,0.48,0.466,-45.6,0.4800692,0.4663743,-45.6,99.0,0.0,1.02,1.045,0.043,1.0,38.0,1141,1141,38_30,38_4,790.6601,31.0573,19.0589,0.0427,190.1182,16.0,21.0,1865.0,2593.0,1865.4631,2593.4012,1865.4631,2593.4012,192.3064051147382,27.21057151270753,1.251,1.027,-6.78,0.06185,0.0479,-4.0,1865.4631,2593.4012,192.3064051147382,27.21057151270753,0.89211262818,0.82076724222,0.89211262818,0.82076724222,0.954,0.896,-24.54,0.954411,0.8955331,-24.54,23.3155,0.0,3.44,1.219,0.179,0.883,38.0,0.045178424053992146
8431,8431,38_52,38_5,1366.661,14.96806,18.4647,0.0119,-3.445912E-6,33.0,33.0,1858.0,2567.0,1858.0397,2566.6923,1858.0397,2566.6923,192.30849610060108,27.218144904834936,2.004,0.597,8.05,0.0251,0.00776,8.74,1858.0397,2566.6923,192.30849610060108,27.218144904834936,0.8051914437,0.30142073128,0.8051914437,0.30142073128,0.9,0.544,5.85,0.900295,0.5441333,5.85,99.0,0.0,6.12,3.359,0.702,0.999,38.0,1142,1142,38_31,38_3,1434.224,43.69953,18.4123,0.0331,190.4056,36.0,42.0,1858.0,2567.0,1858.0169,2566.7117,1858.0169,2566.7117,192.30850350093965,27.21813964200705,2.083,1.245,8.51,0.0775,0.0444,8.97,1858.0169,2566.7117,192.30850350093965,27.21813964200705,2.7565507125,1.7423229555,2.7565507125,1.7423229555,1.666,1.313,7.7,1.665957,1.312806,7.7,23.3273,0.0,6.64,1.674,0.403,0.009,38.0,0.02993659967307107
8433,8433,38_54,38_3,2154.476,18.79342,17.9705,0.0095,1.759723E-4,16.0,16.0,1972.0,2550.0,1972.2217,2549.8272,1972.2217,2549.8272,192.27220898274595,27.2219183427938,0.522,0.478,-24.11,0.00496,0.00473,-29.5,1972.2217,2549.8272,192.27220898274595,27.2219183427938,0.13883778835,0.12703897639,0.13883778835,0.12703897639,0.373,0.356,-3.54,0.3726701,0.3563618,-3.54,99.0,0.0,0.89,1.092,0.084,1.0,38.0,1143,1143,38_32,38_2,2074.397,41.11801,18.0116,0.0215,191.1386,30.0,34.0,1972.0,2550.0,1972.2943,2549.8005,1972.2943,2549.8005,192.2721857549093,27.221925231556032,1.353,1.296,7.05,0.0334,0.03211,60.87,1972.2943,2549.8005,192.2721857549093,27.221925231556032,0.93264520561,0.82639959266,0.93264520561,0.82639959266,0.966,0.909,-5.06,0.9661705,0.908603,-5.06,23.3665,0.0,3.12,1.044,0.042,0.963,38.0,0.07735405613161814
8485,8485,39_51,39_750,913.8898,12.24002,18.9016,0.0145,-2.406846E-4,7.0,7.0,2305.0,2986.0,2305.1603,2985.638,2305.1603,2985.638,192.17123502305907,27.096496459821733,0.606,0.495,-9.2,0.00812,0.00663,-9.2,2305.1603,2985.638,192.17123502305907,27.096496459821733,0.1706729497,0.18842391587,0.1706729497,0.18842391587,0.436,0.411,-72.69,0.4362733,0.410807,-72.69,36.72,0.0,1.33,1.225,0.184,1.0,39.0,1147,1147,39_4,39_28,763.3557,29.73182,19.097,0.0423,188.8444,18.0,19.0,2305.0,2986.0,2305.1138,2985.623,2305.1138,2985.623,192.1712495660116,27.096501083546904,1.202,0.987,-10.7,0.05926,0.04623,-12.65,2305.1138,2985.623,192.1712495660116,27.096501083546904,0.85670587606,0.75981356215,0.85670587606,0.75981356215,0.926,0.871,-6.93,0.9263697,0.8708379,-6.93,23.2883,0.0,3.27,1.218,0.179,0.818,39.0,0.0488594924245952
8490,8490,39_56,39_745,29055.31,69.01569,15.1458,0.0026,-2.360429E-4,7.0,7.0,2347.0,2985.0,2346.596,2985.0859,2346.596,2985.0859,192.15813739370768,27.096289614689688,0.491,0.32,-2.32,0.00117,7.6E-4,-2.32,2346.596,2985.0859,192.15813739370768,27.096289614689688,0.21099052159,0.10075425623,0.21099052159,0.10075425623,0.459,0.317,-0.28,0.4593399,0.3174139,-0.28,36.7242,0.0,0.92,1.535,0.349,1.0,39.0,1146,1146,39_3,39_29,28517.49,90.91942,15.1661,0.0035,189.5371,84.0,90.0,2347.0,2985.0,2346.6663,2985.1463,2346.6663,2985.1463,192.1581157858488,27.096272015015963,1.659,1.558,0.71,0.00698,0.0066,9.84,2346.6663,2985.1463,192.1581157858488,27.096272015015963,0.97017819657,0.865932275,0.97017819657,0.865932275,0.985,0.93,-5.02,0.985387,0.9301199,-5.02,23.3393,0.0,3.02,1.065,0.061,0.984,39.0,0.0926836015698664
8508,8508,39_74,39_728,1248.296,14.3052,18.5631,0.0124,3.997145E-4,7.0,7.0,2023.0,2972.0,2023.4297,2972.2556,2023.4297,2972.2556,192.26013093611164,27.102690693480604,0.557,0.504,54.56,0.00639,0.00578,54.56,2023.4297,2972.2556,192.26013093611164,27.102690693480604,0.24182095093,0.16019677457,0.24182095093,0.16019677457,0.492,0.399,5.06,0.4924074,0.3994404,5.06,47.0154,0.0,1.21,1.105,0.095,1.0,39.0,1148,1148,39_5,39_27,1054.887,32.9246,18.7459,0.0339,190.471,19.0,23.0,2023.0,2972.0,2023.4188,2972.2305,2023.4188,2972.2305,192.2601341361231,27.102697845261392,1.221,1.099,9.64,0.04809,0.04184,15.56,2023.4188,2972.2305,192.2601341361231,27.102697845261392,0.81208405452,0.75656026224,0.81208405452,0.75656026224,0.901,0.87,4.85,0.90138,0.8695737,4.85,23.3394,0.0,3.27,1.111,0.1,0.906,39.0,0.027364575640629343
8510,8510,39_76,39_726,293.6284,6.937998,20.1344,0.0257,-8.326722E-5,11.0,11.0,2400.0,2971.0,2400.5685,2970.7505,2400.5685,2970.7505,192.14094080112687,27.099847211344944,0.976,0.547,-10.59,0.02305,0.01293,-10.59,2400.5685,2970.7505,192.14094080112687,27.099847211344944,0.35592134688,0.23798131381,0.35592134688,0.23798131381,0.597,0.487,-5.17,0.5974074,0.4868337,-5.17,38.7028,0.0,2.24,1.782,0.439,1.0,39.0,1149,1149,39_6,39_26,152.8982,17.25464,20.8429,0.1226,189.1077,5.0,7.0,2400.0,2971.0,2400.2956,2970.5848,2400.2956,2970.5848,192.14102536162895,27.09989620364516,0.997,0.476,8.47,0.14283,0.06568,8.37,2400.2956,2970.5848,192.14102536162895,27.09989620364516,1.1898485566,0.80147742494,1.1898485566,0.80147742494,1.092,0.894,-5.08,1.092217,0.8935251,-5.08,23.329,0.0,4.07,2.097,0.523,0.473,39.0,0.3192661898791823
8573,8573,39_139,39_665,12596.67,45.44258,16.0532,0.0039,-1.843897E-5,6.0,6.0,2459.0,2920.0,2459.3449,2920.1571,2459.3449,2920.1571,192.1218602682893,27.11355532515712,0.478,0.384,-10.6,0.00173,0.00138,-10.6,2459.3449,2920.1571,192.1218602682893,27.11355532515712,0.19115298158,0.12235325597,0.19115298158,0.12235325597,0.437,0.35,-1.37,0.4372558,0.3497337,-1.37,99.0,0.0,0.96,1.247,0.198,1.0,39.0,1150,1150,39_7,39_25,12016.15,67.54486,16.1045,0.0061,189.0981,58.0,67.0,2459.0,2920.0,2459.4093,2920.1981,2459.4093,2920.1981,192.12184033276503,27.11354322776795,1.579,1.479,-2.82,0.01183,0.01104,-1.02,2459.4093,2920.1981,192.12184033276503,27.11354322776795,0.92605616768,0.84049299331,0.92605616768,0.84049299331,0.964,0.915,-9.82,0.9636911,0.9153408,-9.82,23.3473,0.0,2.98,1.067,0.063,0.987,39.0,0.07634369653076525
8576,8576,39_142,39_662,56237.26,96.01678,14.4288,0.0019,-1.060789E-5,26.0,26.0,2202.0,2916.0,2203.2117,2916.4786,2203.2117,2916.4786,192.2027645962596,27.116830570905467,1.446,0.368,25.25,0.00247,6.3E-4,25.25,2203.2117,2916.4786,192.2027645962596,27.116830570905467,0.32331465529,0.093194765314,0.32331465529,0.093194765314,0.585,0.272,15.53,0.5852866,0.2719358,15.53,42.4567,0.0,4.3,3.927,0.745,1.0,39.0,1151,1151,39_8,39_24,56064.33,119.6657,14.4322,0.0023,190.1608,126.0,132.0,2203.0,2916.0,2203.2894,2916.5443,2203.2894,2916.5443,192.20274068957664,27.11681142276324,2.172,1.621,22.64,0.0059,0.00468,21.66,2203.2894,2916.5443,192.20274068957664,27.11681142276324,1.6328720015,1.1975575962,1.6328720015,1.1975575962,1.313,1.052,22.51,1.312686,1.052276,22.51,23.3937,0.0,4.71,1.34,0.254,0.976,39.0,0.10175352573772094
8630,8630,39_196,39_608,612.8486,10.02332,19.3355,0.0178,5.858242E-7,9.0,9.0,2283.0,2887.0,2283.0886,2887.0286,2283.0886,2887.0286,192.1772276967345,27.124417751280035,0.649,0.59,39.81,0.01061,0.00964,39.81,2283.0886,2887.0286,192.1772276967345,27.124417751280035,0.2082580196,0.19546941354,0.2082580196,0.19546941354,0.462,0.436,28.42,0.4621211,0.4360866,28.42,99.0,0.0,1.54,1.1,0.091,1.0,39.0,1152,1152,39_9,39_23,456.7784,25.56372,19.6546,0.0608,189.0686,11.0,15.0,2283.0,2887.0,2283.1835,2887.0081,2283.1835,2887.0081,192.17719749984332,27.124422688319253,1.064,0.935,-0.66,0.07501,0.06546,-0.16,2283.1835,2887.0081,192.17719749984332,27.124422688319253,0.84133508616,0.77516483248,0.84133508616,0.77516483248,0.919,0.879,11.63,0.9188372,0.8787708,11.63,23.3316,0.0,3.72,1.138,0.122,0.444,39.0,0.09708892830808966
8644,8644,39_210,39_594,965.2253,12.5791,18.8423,0.0142,-2.103289E-6,11.0,11.0,2078.0,2874.0,2077.4968,2874.4695,2077.4968,2874.4695,192.24208608529835,27.1297274938784,0.775,0.591,-28.49,0.01009,0.00771,-28.49,2077.4968,2874.4695,192.24208608529835,27.1297274938784,0.31763538952,0.28133161806,0.31763538952,0.28133161806,0.596,0.493,-35.54,0.5962067,0.4934618,-35.54,99.0,0.0,1.93,1.309,0.236,1.0,39.0,1153,1153,39_10,39_22,821.4283,32.47543,19.0174,0.0429,189.4665,17.0,24.0,2078.0,2874.0,2077.5272,2874.5063,2077.5272,2874.5063,192.2420768363304,27.129716884520825,1.355,1.097,-27.23,0.06718,0.05259,-29.4,2077.5272,2874.5063,192.2420768363304,27.129716884520825,1.0714234029,0.93989714793,1.0714234029,0.93989714793,1.047,0.957,-21.73,1.04702,0.9565924,-21.73,23.3361,0.0,3.97,1.235,0.19,0.625,39.0,0.047732588448517695
8737,8737,39_303,39_501,306.1188,7.084024,20.0891,0.0251,4.817493E-5,10.0,10.0,2046.0,2816.0,2045.2897,2815.6686,2045.2897,2815.6686,192.25169224202344,27.146538902293177,0.7,0.63,-33.81,0.0162,0.01458,-33.81,2045.2897,2815.6686,192.25169224202344,27.146538902293177,0.31598199595,0.29967230662,0.31598199595,0.29967230662,0.582,0.527,-37.23,0.5815927,0.5266918,-37.23,99.0,0.0,2.35,1.111,0.1,1.0,39.0,1154,1154,39_11,39_21,104.4009,14.53949,21.2571,0.1512,190.0187,4.0,5.0,2046.0,2816.0,2045.2627,2815.596,2045.2627,2815.596,192.25170006857056,27.146559549200525,0.749,0.457,-17.58,0.12019,0.06951,-18.25,2045.2627,2815.596,192.25170006857056,27.146559549200525,1.0250019055,0.96006632265,1.0250019055,0.96006632265,1.026,0.965,-28.81,1.026236,0.9653534,-28.81,23.3663,0.0,3.44,1.639,0.39,0.475,39.0,0.07745811771530077
8750,8750,39_316,39_488,543.8874,9.442556,19.4651,0.0189,-1.029374E-5,9.0,9.0,2246.0,2809.0,2246.4568,2809.1746,2246.4568,2809.1746,192.188032520171,27.146628807790638,0.741,0.5,28.14,0.01286,0.00868,28.14,2246.4568,2809.1746,192.188032520171,27.146628807790638,0.28080750966,0.16468022913,0.28080750966,0.16468022913,0.542,0.389,17.88,0.5424984,0.3888229,17.88,45.3291,0.0,1.53,1.481,0.325,1.0,39.0,1155,1155,39_12,39_20,409.9485,24.11461,19.772,0.0639,189.7284,12.0,13.0,2246.0,2809.0,2246.5159,2809.1423,2246.5159,2809.1423,192.1880135172112,27.14663737603162,1.032,0.85,14.19,0.07469,0.06406,13.85,2246.5159,2809.1423,192.1880135172112,27.14663737603162,0.88505014263,0.65928122166,0.88505014263,0.65928122166,0.953,0.797,17.2,0.9533967,0.7970985,17.2,23.349,0.0,4.06,1.215,0.177,0.551,39.0,0.06735057535005692
8767,8767,39_333,39_471,820.7165,11.5993,19.0184,0.0153,-1.352445E-5,8.0,8.0,2185.0,2798.0,2184.8071,2798.3722,2184.8071,2798.3722,192.20741458690625,27.150201503583933,0.639,0.51,22.35,0.00902,0.00721,22.35,2184.8071,2798.3722,192.20741458690625,27.150201503583933,0.19907500799,0.2104984906,0.19907500799,0.2104984906,0.469,0.436,56.16,0.4688615,0.4355943,56.16,99.0,0.0,1.38,1.252,0.201,1.0,39.0,1156,1156,39_13,39_19,651.7007,27.93872,19.2687,0.0466,189.4919,17.0,17.0,2185.0,2798.0,2184.8393,2798.3885,2184.8393,2798.3885,192.20740456834903,27.150196641264344,1.147,0.94,18.59,0.0623,0.04881,15.5,2184.8393,2798.3885,192.20740456834903,27.150196641264344,0.84177955665,0.76554881179,0.84177955665,0.76554881179,0.932,0.86,26.78,0.9315798,0.8599346,26.78,23.32,0.0,3.2,1.221,0.181,0.676,39.0,0.03609058048873771
8800,8800,39_366,39_439,489.735,8.960158,19.579,0.0199,-2.303708E-5,8.0,8.0,2146.0,2783.0,2146.4222,2782.801,2146.4222,2782.801,192.2193962254445,27.154911971166392,0.642,0.505,-51.28,0.01174,0.00925,-51.28,2146.4222,2782.801,192.2193962254445,27.154911971166392,0.24640771386,0.1883557475,0.24640771386,0.1883557475,0.512,0.415,-24.98,0.5123423,0.4150528,-24.98,38.7754,0.0,1.53,1.27,0.212,1.0,39.0,1158,1158,39_15,39_17,340.0432,22.19222,19.975,0.0709,190.1166,11.0,11.0,2146.0,2783.0,2146.3914,2782.8786,2146.3914,2782.8786,192.21940672747215,27.154890416120427,1.016,0.732,-16.93,0.08409,0.05945,-15.29,2146.3914,2782.8786,192.21940672747215,27.154890416120427,0.8354355243,0.6914940854,0.8354355243,0.6914940854,0.931,0.812,-23.11,0.9313942,0.8120557,-23.11,23.3566,0.0,3.74,1.388,0.279,0.649,39.0,0.08348892142081839
8802,8802,39_368,39_437,1001.398,12.81263,18.8024,0.0139,-8.097401E-7,8.0,8.0,2381.0,2781.0,2381.2369,2780.8581,2381.2369,2780.8581,192.14514476723207,27.153411764629364,0.6,0.555,-19.85,0.00768,0.0071,-19.85,2381.2369,2780.8581,192.14514476723207,27.153411764629364,0.19933261885,0.14897547872,0.19933261885,0.14897547872,0.447,0.386,-3.31,0.4466559,0.3857546,-3.31,46.6458,0.0,1.42,1.081,0.075,1.0,39.0,1159,1159,39_16,39_16,815.1118,30.77084,19.0258,0.041,189.8213,19.0,21.0,2381.0,2781.0,2381.1176,2780.9316,2381.1176,2780.9316,192.14518321546,27.1533921475996,1.155,1.098,-2.97,0.05187,0.05139,-16.21,2381.1176,2780.9316,192.14518321546,27.1533921475996,0.8569999846,0.73114600902,0.8569999846,0.73114600902,0.926,0.855,-4.4,0.9261482,0.8546318,-4.4,23.3749,0.0,3.34,1.052,0.05,0.885,39.0,0.14012401649951667
8807,8807,39_373,39_432,210231.7,185.6454,12.9971,0.001,7.159871E-4,4.0,4.0,2113.0,2779.0,2112.6392,2778.7339,2112.6392,2778.7339,192.23003709933948,27.15634691500962,0.5,0.42,-30.54,4.4E-4,3.7E-4,-30.54,2112.6392,2778.7339,192.23003709933948,27.15634691500962,0.17716418227,0.10985455598,0.17716418227,0.10985455598,0.424,0.328,-10.15,0.4235453,0.3280672,-10.15,99.0,4.0,0.0,1.189,0.159,1.0,39.0,1157,1157,39_14,39_18,212376.6,206.3205,12.9861,0.0011,190.511,181.0,195.0,2113.0,2779.0,2112.7089,2778.7687,2112.7089,2778.7687,192.23001540444565,27.156336529087994,1.763,1.67,3.06,0.00227,0.00216,9.16,2112.7089,2778.7687,192.23001540444565,27.156336529087994,0.97160047081,0.85231848224,0.97160047081,0.85231848224,0.986,0.923,-5.26,0.9862141,0.9226596,-5.26,23.3813,0.0,3.02,1.056,0.053,0.998,39.0,0.07790462117227058
8876,8876,39_442,39_363,957.8286,12.53081,18.8506,0.0142,-1.137333E-5,7.0,7.0,2181.0,2735.0,2181.4509,2735.4332,2181.4509,2735.4332,192.2078539385325,27.16792861346992,0.538,0.498,-76.24,0.00703,0.00652,-76.24,2181.4509,2735.4332,192.2078539385325,27.16792861346992,0.2398513314,0.24884683138,0.2398513314,0.24884683138,0.502,0.486,-61.83,0.5024583,0.4860389,-61.83,99.0,0.0,1.26,1.078,0.073,1.0,39.0,1160,1160,39_17,39_15,798.3376,30.49052,19.0484,0.0415,190.0067,17.0,20.0,2181.0,2735.0,2181.5282,2735.3846,2181.5282,2735.3846,192.2078290174134,27.16794160976843,1.191,1.031,10.91,0.05774,0.04716,11.94,2181.5282,2735.3846,192.2078290174134,27.16794160976843,0.81911376112,0.77693994296,0.81911376112,0.77693994296,0.905,0.881,3.91,0.9051582,0.8813298,3.91,23.3445,0.0,3.13,1.155,0.134,0.926,39.0,0.09130854286465215
8910,8910,39_476,39_330,16882.07,52.60754,15.7353,0.0034,9.170992E-4,506.0,506.0,2027.0,2700.0,2027.453,2699.9786,2027.453,2699.9786,192.25620207503792,27.17922418126391,6.016,3.223,86.47,0.01875,0.01004,86.47,2027.453,2699.9786,192.25620207503792,27.17922418126391,6.0893912959,10.435164111,6.0893912959,10.435164111,3.231,2.467,-88.89,3.230602,2.46734,-88.89,61.7713,16.0,14.76,1.866,0.464,1.0,39.0,1161,1161,39_18,39_14,16950.46,132.5246,15.7309,0.0085,190.2363,312.0,340.0,2027.0,2701.0,2027.5752,2700.1307,2027.5752,2700.1307,192.25616491505207,27.179180364911847,5.796,3.206,87.67,0.05221,0.02849,87.95,2027.5752,2700.1307,192.25616491505207,27.179180364911847,8.0718452381,12.3253084,8.0718452381,12.3253084,3.511,2.841,-88.62,3.511096,2.840662,-88.62,23.2913,16.0,15.31,1.808,0.447,0.009,39.0,0.19510830325765194
8953,8953,39_519,39_287,4158.44,26.10961,17.2565,0.0068,4.376823E-5,7.0,7.0,2510.0,2691.0,2510.3091,2691.1152,2510.3091,2691.1152,192.10343790801664,27.177502850361307,0.496,0.452,-33.68,0.00312,0.00284,-33.68,2510.3091,2691.1152,192.10343790801664,27.177502850361307,0.16398242864,0.12703410837,0.16398242864,0.12703410837,0.405,0.356,-2.07,0.4050072,0.3563505,-2.07,52.2322,0.0,1.03,1.098,0.089,1.0,39.0,1162,1162,39_19,39_13,3877.744,48.8694,17.3324,0.0137,189.1304,42.0,45.0,2510.0,2691.0,2510.382,2691.14,2510.382,2691.14,192.10341511255945,27.177495229311987,1.495,1.369,-10.55,0.02417,0.02172,-12.26,2510.382,2691.14,192.10341511255945,27.177495229311987,0.92791237422,0.84374584082,0.92791237422,0.84374584082,0.966,0.915,-14.28,0.966302,0.915379,-14.28,23.347,16.0,2.97,1.091,0.084,0.979,39.0,0.0770029220224897
8964,8964,39_530,39_276,1563.461,16.00953,18.3186,0.0111,-1.956591E-5,8.0,8.0,2298.0,2686.0,2298.3525,2685.6349,2298.3525,2685.6349,192.17039671865007,27.180913450755856,0.509,0.487,76.82,0.00522,0.00498,76.82,2298.3525,2685.6349,192.17039671865007,27.180913450755856,0.16860806027,0.19600580546,0.16860806027,0.19600580546,0.443,0.411,89.71,0.4427262,0.4106182,89.71,38.3136,0.0,0.98,1.047,0.044,1.0,39.0,1164,1164,39_21,39_11,1370.707,37.21033,18.4615,0.0295,189.7647,25.0,30.0,2298.0,2686.0,2298.467,2685.6607,2298.467,2685.6607,192.1703607714108,27.18090519468384,1.328,1.226,1.05,0.04401,0.04127,0.18,2298.467,2685.6607,192.1703607714108,27.18090519468384,0.89841461559,0.80816499061,0.89841461559,0.80816499061,0.949,0.898,9.24,0.9491411,0.8976139,9.24,23.3585,0.0,2.96,1.083,0.077,0.95,39.0,0.117370737409395
8993,8993,39_559,39_247,353.6244,7.613883,19.9325,0.0234,-1.043968E-5,7.0,7.0,2231.0,2665.0,2230.9132,2665.3696,2230.9132,2665.3696,192.19152029215945,27.18720010413997,0.673,0.571,1.6,0.01449,0.01229,1.6,2230.9132,2665.3696,192.19152029215945,27.18720010413997,0.27531257536,0.26522529351,0.27531257536,0.26522529351,0.528,0.512,26.88,0.5280174,0.5116009,26.88,59.9552,0.0,1.81,1.18,0.152,1.0,39.0,1165,1165,39_22,39_10,195.5707,17.42477,20.5756,0.0968,188.9122,7.0,7.0,2231.0,2665.0,2230.9881,2665.3224,2230.9881,2665.3224,192.19149613880265,27.187212724083373,0.743,0.662,0.36,0.08775,0.0811,-0.23,2230.9881,2665.3224,192.19149613880265,27.187212724083373,0.97236880742,0.8433842607,0.97236880742,0.8433842607,0.987,0.917,8.0,0.9874058,0.9169422,8.0,23.2839,0.0,3.01,1.123,0.109,0.509,39.0,0.08853163276483857
9020,9020,39_586,39_221,390.1165,7.997095,19.8259,0.0223,-3.355579E-6,9.0,9.0,2301.0,2646.0,2301.439,2646.3447,2301.439,2646.3447,192.16902911099163,27.191933911333816,0.704,0.537,-29.91,0.01443,0.01101,-29.91,2301.439,2646.3447,192.16902911099163,27.191933911333816,0.24935864072,0.25412943925,0.24935864072,0.25412943925,0.522,0.481,-48.32,0.5218651,0.4807753,-48.32,52.68,0.0,1.82,1.311,0.237,1.0,39.0,1167,1167,39_24,39_8,255.5809,19.72655,20.285,0.0838,189.3734,8.0,9.0,2301.0,2646.0,2301.4686,2646.1715,2301.4686,2646.1715,192.16901802414176,27.19198235170858,1.082,0.582,-26.31,0.11431,0.05825,-26.63,2301.4686,2646.1715,192.16901802414176,27.19198235170858,1.1055729527,0.85561759181,1.1055729527,0.85561759181,1.064,0.911,-17.05,1.063731,0.9108602,-17.05,23.3301,0.0,4.71,1.86,0.462,0.551,39.0,0.17571112656880836
9023,9023,39_589,39_218,727932.8,345.4464,11.6486,5.0E-4,0.009788485,12.0,12.0,2085.0,2645.0,2084.3281,2645.6788,2084.3281,2645.6788,192.2376835724634,27.19400521011552,0.816,0.648,-14.43,3.9E-4,3.1E-4,-14.43,2084.3281,2645.6788,192.2376835724634,27.19400521011552,0.40564247771,0.32965237538,0.40564247771,0.32965237538,0.656,0.552,-26.52,0.6563894,0.5517679,-26.52,99.0,4.0,0.0,1.259,0.205,1.0,39.0,1166,1166,39_23,39_9,743248.1,368.4366,11.626,5.0E-4,191.556,337.0,350.0,2085.0,2645.0,2084.417,2645.7323,2084.417,2645.7323,192.23765598049556,27.193989401627466,1.936,1.84,-2.8,0.00123,0.0012,-0.06,2084.417,2645.7323,192.23765598049556,27.193989401627466,1.4048525927,1.2240886431,1.4048525927,1.2240886431,1.191,1.1,-15.12,1.191251,1.099937,-15.12,23.4317,4.0,4.28,1.052,0.05,1.0,39.0,0.10375673472094296
9066,9066,39_632,39_175,510.0805,9.144384,19.5348,0.0195,-2.742693E-6,7.0,7.0,2129.0,2621.0,2129.7177,2621.0717,2129.7177,2621.0717,192.22308616249185,27.200533312202168,0.813,0.489,-42.05,0.01457,0.00876,-42.05,2129.7177,2621.0717,192.22308616249185,27.200533312202168,0.30408559052,0.24517985115,0.30408559052,0.24517985115,0.593,0.445,-33.75,0.5929566,0.4445986,-33.75,40.309,0.0,2.16,1.664,0.399,1.0,39.0,1168,1168,39_25,39_7,332.5216,22.13704,19.9993,0.0723,190.6548,9.0,11.0,2130.0,2621.0,2129.6542,2621.0666,2129.6542,2621.0666,192.2231061961655,27.200535294608237,1.017,0.729,-18.55,0.0828,0.05853,-15.4,2129.6542,2621.0666,192.2231061961655,27.200535294608237,0.80809586269,0.67630394663,0.80809586269,0.67630394663,0.934,0.782,-29.86,0.9342639,0.7820171,-29.86,23.3647,0.0,4.05,1.395,0.283,0.411,39.0,0.06370447394041028
9122,9122,39_688,39_119,1420.353,15.25925,18.4229,0.0117,-7.769472E-6,9.0,9.0,2285.0,2587.0,2285.0223,2587.0621,2285.0223,2587.0621,192.1736302279748,27.208746294284737,0.586,0.523,20.16,0.0063,0.00562,20.16,2285.0223,2587.0621,192.1736302279748,27.208746294284737,0.15060434868,0.13753935309,0.15060434868,0.13753935309,0.388,0.371,4.14,0.3881665,0.3707701,4.14,56.4051,0.0,1.2,1.121,0.108,1.0,39.0,1170,1170,39_27,39_5,1231.638,34.63847,18.5777,0.0305,189.2548,22.0,26.0,2285.0,2587.0,2285.0638,2587.0441,2285.0638,2587.0441,192.1736169234441,27.2087509923665,1.263,1.173,5.0,0.04463,0.04123,0.19,2285.0638,2587.0441,192.1736169234441,27.2087509923665,0.90178906166,0.79868698903,0.90178906166,0.79868698903,0.951,0.893,7.28,0.950525,0.8927364,7.28,23.3172,0.0,3.2,1.077,0.071,0.931,39.0,0.045235494912575544
9126,9126,39_692,39_115,271.8924,6.676266,20.2179,0.0267,-1.772843E-5,9.0,9.0,2334.0,2584.0,2333.9093,2583.9844,2333.9093,2583.9844,192.15813814238427,27.209183159405168,0.755,0.494,53.42,0.01854,0.01214,53.42,2333.9093,2583.9844,192.15813814238427,27.209183159405168,0.1786189389,0.21163219346,0.1786189389,0.21163219346,0.479,0.401,59.39,0.4789775,0.4010383,59.39,38.8768,0.0,1.59,1.528,0.345,1.0,39.0,1172,1172,39_29,39_3,121.2746,15.86364,21.0944,0.1421,189.5605,4.0,6.0,2334.0,2584.0,2333.8291,2583.8194,2333.8291,2583.8194,192.15816185772823,27.209230256547887,0.756,0.569,44.25,0.11553,0.08542,44.97,2333.8291,2583.8194,192.15816185772823,27.209230256547887,0.86000948939,0.89830901739,0.86000948939,0.89830901739,0.978,0.895,52.15,0.9781301,0.89531,52.15,23.3433,0.0,2.08,1.33,0.248,0.356,39.0,0.18345855117701185
9136,9136,39_702,39_105,151807.5,157.7545,13.3506,0.0011,8.725496E-5,6.0,6.0,2230.0,2583.0,2230.1261,2582.5595,2230.1261,2582.5595,192.19094807005004,27.21049148502712,0.498,0.345,-84.41,5.2E-4,3.6E-4,-84.41,2230.1261,2582.5595,192.19094807005004,27.21049148502712,0.10346048166,0.22552444839,0.10346048166,0.22552444839,0.475,0.322,-89.4,0.4749082,0.3216319,-89.4,99.0,4.0,0.0,1.442,0.307,1.0,39.0,1169,1169,39_26,39_6,153416.1,177.8919,13.3392,0.0013,190.7387,158.0,170.0,2230.0,2583.0,2230.2005,2582.6122,2230.2005,2582.6122,192.1909250608034,27.210476018981858,1.73,1.668,-3.96,0.00264,0.00261,37.96,2230.2005,2582.6122,192.1909250608034,27.210476018981858,0.95942459492,0.85894151043,0.95942459492,0.85894151043,0.981,0.926,-8.31,0.9806195,0.9256087,-8.31,23.4047,0.0,3.02,1.037,0.036,0.987,39.0,0.09117373525316914
9141,9141,39_707,39_100,104441.5,130.8494,13.7567,0.0014,1.800442E-5,4.0,4.0,2454.0,2580.0,2454.4231,2579.798,2454.4231,2579.798,192.1199835684845,27.209296776600283,0.495,0.401,-5.37,6.2E-4,5.0E-4,-5.37,2454.4231,2579.798,192.1199835684845,27.209296776600283,0.19245792224,0.059274133394,0.19245792224,0.059274133394,0.439,0.243,-1.01,0.4387476,0.2433774,-1.01,99.0,0.0,0.84,1.235,0.19,1.0,39.0,1171,1171,39_28,39_4,104385.9,151.0894,13.7573,0.0016,189.8594,136.0,146.0,2454.0,2580.0,2454.5093,2579.8271,2454.5093,2579.8271,192.11995660226876,27.209287830662056,1.712,1.647,4.25,0.00328,0.00322,22.93,2454.5093,2579.8271,192.11995660226876,27.209287830662056,0.96051219881,0.86738923943,0.96051219881,0.86738923943,0.981,0.931,-7.26,0.9808406,0.9305124,-7.26,23.3729,0.0,2.97,1.039,0.038,0.999,39.0,0.09097939327146724
9163,9163,39_729,39_78,496.9067,9.025526,19.5632,0.0197,-0.002621341,7.0,7.0,2443.0,2563.0,2443.3886,2562.5509,2443.3886,2562.5509,192.1232993235062,27.21424372679089,0.574,0.508,15.5,0.01043,0.00923,15.5,2443.3886,2562.5509,192.1232993235062,27.21424372679089,0.25023654099,0.240530732,0.25023654099,0.240530732,0.503,0.487,26.16,0.5033104,0.4872842,26.16,32.7866,0.0,1.53,1.131,0.116,1.0,39.0,1173,1173,39_30,39_2,346.5955,22.94113,19.9543,0.0719,189.7613,11.0,12.0,2443.0,2563.0,2443.4386,2562.5431,2443.4386,2562.5431,192.1232834322556,27.214245476813023,0.92,0.877,-3.02,0.07369,0.07326,-15.82,2443.4386,2562.5431,192.1232834322556,27.214245476813023,0.82620536136,0.71987048121,0.82620536136,0.71987048121,0.909,0.848,-0.57,0.9089642,0.8484455,-0.57,23.3615,0.0,3.48,1.05,0.047,0.634,39.0,0.050604742860503114
9240,9240,40_1,40_40,90520.53,121.8172,13.912,0.0015,2.114005E-5,1214.0,1214.0,2894.0,2519.0,2893.5259,2520.6725,2893.5259,2520.6725,191.98053138480967,27.221959483319985,7.824,5.388,-1.12,0.01054,0.00726,-1.13,2893.5259,2520.6725,191.98053138480967,27.221959483319985,9.0484691294,7.2270655392,9.0484691294,7.2270655392,3.009,2.687,-3.23,3.009035,2.687237,-3.23,99.0,16.0,5.58,1.452,0.311,0.962,40.0,1175,1175,40_2,40_1,91905.67,276.4943,13.8955,0.0033,192.708,838.0,881.0,2894.0,2519.0,2893.6751,2519.9864,2893.6751,2519.9864,191.9804770636449,27.22215098520685,6.939,5.013,1.22,0.02276,0.01594,1.78,2893.6751,2519.9864,191.9804770636449,27.22215098520685,11.186440618,9.3573333142,11.186440618,9.3573333142,3.345,3.058,-2.7,3.345225,3.058307,-2.7,23.0914,24.0,6.61,1.384,0.278,0.029,40.0,0.7021352077772725
9253,9253,40_14,40_365,3586.793,24.24869,17.4171,0.0073,1.73503E-5,8.0,8.0,2922.0,2992.0,2922.1267,2992.2344,2922.1267,2992.2344,191.97641252778453,27.089133129780805,0.525,0.483,17.24,0.00355,0.00327,17.22,2922.1267,2992.2344,191.97641252778453,27.089133129780805,0.15650419712,0.16412104059,0.15650419712,0.16412104059,0.405,0.395,81.05,0.4053576,0.3953612,81.05,39.5734,0.0,1.04,1.087,0.08,1.0,40.0,1202,1202,40_29,40_31,3374.689,47.17871,17.4833,0.0152,188.3689,36.0,44.0,2922.0,2992.0,2922.2064,2992.279,2922.2064,2992.279,191.9763878246756,27.089119863989502,1.468,1.378,13.7,0.0262,0.02532,36.94,2922.2064,2992.279,191.9763878246756,27.089119863989502,0.97196285027,0.84884081239,0.97196285027,0.84884081239,0.986,0.921,2.68,0.9860185,0.9211792,2.68,23.3315,0.0,3.08,1.065,0.061,0.979,40.0,0.09133044399351234
9255,9255,40_16,40_363,630.4099,10.16596,19.3048,0.0175,-6.554192E-5,30.0,30.0,2636.0,2988.0,2635.7348,2988.5372,2635.7348,2988.5372,192.0668277135567,27.09276045966054,1.855,0.659,-81.85,0.03,0.01064,-81.86,2635.7348,2988.5372,192.0668277135567,27.09276045966054,0.41515492581,0.74212160133,0.41515492581,0.74212160133,0.898,0.592,-67.92,0.8980632,0.5922492,-67.92,31.1754,2.0,5.36,2.816,0.645,1.0,40.0,1176,1176,40_3,40_30,366.2083,25.55625,19.8945,0.0758,189.4194,13.0,15.0,2636.0,2988.0,2635.7391,2988.086,2635.7391,2988.086,192.06682174388783,27.092887283593704,1.246,0.854,-61.99,0.09695,0.06586,-62.43,2635.7391,2988.086,192.06682174388783,27.092887283593704,1.807251849,2.547015801,1.807251849,2.547015801,1.597,1.344,-86.95,1.596598,1.343557,-86.95,23.3583,0.0,5.23,1.459,0.315,0.058,40.0,0.45122048934016873
9272,9272,40_33,40_347,1871234.0,553.8589,10.6235,3.0E-4,3.344401E-5,3138.0,3138.0,2809.0,2939.0,2805.7442,2937.8327,2805.7442,2937.8327,192.01260436315724,27.10548572617027,4.512,4.079,11.72,0.00134,0.00121,11.72,2805.7442,2937.8327,192.01260436315724,27.10548572617027,6.0463366324,3.7666233651,6.0463366324,3.7666233651,2.462,1.937,4.39,2.461681,1.937289,4.39,99.0,4.0,25.75,1.106,0.096,0.997,40.0,1179,1179,40_6,40_29,1914005.0,637.7031,10.599,4.0E-4,190.546,2140.0,2340.0,2809.0,2939.0,2805.7347,2937.9914,2805.7347,2937.9914,192.01260900668763,27.105441195025133,4.543,4.303,72.64,0.00279,0.00262,81.55,2805.7347,2937.9914,192.01260900668763,27.105441195025133,6.2802446067,4.816658434,6.2802446067,4.816658434,2.509,2.192,5.41,2.508682,2.19167,5.41,23.3403,6.0,26.53,1.056,0.053,0.174,40.0,0.15898408725399985
9285,9285,40_46,40_336,374.7793,7.838323,19.8694,0.0227,-0.00104488,10.0,10.0,2649.0,2974.0,2649.3038,2973.6218,2649.3038,2973.6218,192.06238897051077,27.096832708554548,0.786,0.629,85.15,0.01645,0.01317,85.16,2649.3038,2973.6218,192.06238897051077,27.096832708554548,0.28110135004,0.32629572881,0.28110135004,0.32629572881,0.571,0.53,86.47,0.5713744,0.5300268,86.47,31.7514,0.0,1.78,1.25,0.2,0.977,40.0,1181,1181,40_8,40_28,241.947,21.70596,20.3446,0.0974,189.1199,10.0,11.0,2649.0,2974.0,2649.3396,2973.5139,2649.3396,2973.5139,192.06237655783903,27.09686272551887,0.955,0.837,-70.76,0.09927,0.086,-71.46,2649.3396,2973.5139,192.06237655783903,27.09686272551887,1.2438928415,1.3017852447,1.2438928415,1.3017852447,1.142,1.115,80.51,1.141687,1.114553,80.51,23.3373,0.0,3.43,1.141,0.123,0.346,40.0,0.11368399183688632
9305,9305,40_66,40_317,64619.69,102.9242,14.278,0.0017,-0.0308803,1.0,1.0,2805.0,2955.0,2805.0,2955.0,2805.0,2955.0,192.0130171294507,27.10066600817665,0.289,0.289,45.0,4.6E-4,4.6E-4,45.0,2805.0,2955.0,192.0130171294507,27.10066600817665,0.0833333,0.0833333,0.0833333,0.0833333,0.289,0.289,45.0,0.2886751,0.2886751,45.0,30.1017,4.0,0.0,1.0,0.0,1.0,40.0,1177,1177,40_4,40_29,69901.39,117.4935,14.1927,0.0018,199.9615,59.0,59.0,2805.0,2955.0,2805.157,2954.8534,2805.157,2954.8534,192.0129660223098,27.10070580176605,1.748,0.932,80.38,0.00321,0.00222,89.89,2805.157,2954.8534,192.0129660223098,27.10070580176605,0.13238929538,0.13606643115,0.13238929538,0.13606643115,0.369,0.363,-74.41,0.3692926,0.3634263,-74.41,24.324,3.0,6.02,1.875,0.467,0.974,40.0,0.21480353814604222
9315,9315,40_76,40_307,185354.1,174.3156,13.1339,0.001,0.1802949,4.0,4.0,2806.0,2949.0,2805.9201,2948.6513,2805.9201,2948.6513,192.0126607900341,27.10244256662288,0.477,0.27,-87.07,4.5E-4,2.5E-4,-87.07,2805.9201,2948.6513,192.0126607900341,27.10244256662288,0.093497190346,0.15506671493,0.093497190346,0.15506671493,0.394,0.306,-89.71,0.3937871,0.3057705,-89.71,99.0,4.0,0.0,1.764,0.433,1.0,40.0,1178,1178,40_5,40_29,179978.1,179.6884,13.1658,0.0011,200.3959,70.0,70.0,2807.0,2949.0,2805.9589,2948.7505,2805.9589,2948.7505,192.01264956143729,27.102414325783457,1.497,1.23,-2.04,0.00172,0.00132,-2.46,2805.9589,2948.7505,192.01264956143729,27.102414325783457,0.67960218005,0.41352921813,0.67960218005,0.41352921813,0.827,0.64,6.61,0.8265746,0.6402389,6.61,24.4015,7.0,0.0,1.217,0.178,0.983,40.0,0.10651797970315786
9327,9327,40_88,40_295,346.7799,7.539839,19.9537,0.0236,-1.816354E-5,12.0,12.0,2989.0,2940.0,2988.5376,2940.4392,2988.5376,2940.4392,191.95489744471257,27.10308642395028,0.961,0.559,27.25,0.02096,0.01216,27.33,2988.5376,2940.4392,191.95489744471257,27.10308642395028,0.30994448759,0.24576149156,0.30994448759,0.24576149156,0.57,0.48,23.68,0.5702834,0.4800863,23.68,44.1882,0.0,1.94,1.721,0.419,1.0,40.0,1182,1182,40_9,40_25,212.2117,20.37368,20.4869,0.1043,188.5854,9.0,10.0,2989.0,2940.0,2988.5128,2940.2198,2988.5128,2940.2198,191.9549029745947,27.103148328872503,0.982,0.723,0.2,0.10879,0.07951,0.04,2988.5128,2940.2198,191.9549029745947,27.103148328872503,1.1801519065,1.0050989811,1.1801519065,1.0050989811,1.095,0.993,17.12,1.094757,0.9933569,17.12,23.3687,0.0,3.09,1.358,0.264,0.374,40.0,0.22079719201109713
9356,9356,40_117,40_267,114336.7,136.9077,13.6584,0.0013,19.33041,4.0,4.0,2807.0,2924.0,2806.6329,2924.1968,2806.6329,2924.1968,192.01218248980624,27.10931128775384,0.57,0.257,-36.65,6.8E-4,3.1E-4,-36.65,2806.6329,2924.1968,192.01218248980624,27.10931128775384,0.14860824254,0.094783468903,0.14860824254,0.094783468903,0.388,0.305,-10.74,0.3880929,0.3045909,-10.74,99.0,4.0,2.19,2.218,0.549,1.0,40.0,1180,1180,40_7,40_29,149123.8,163.6589,13.37,0.0012,201.1344,59.0,59.0,2807.0,2924.0,2806.7986,2924.1166,2806.7986,2924.1166,192.012129318034,27.10933233360897,2.445,1.042,66.72,0.0027,0.00129,67.03,2806.7986,2924.1166,192.012129318034,27.10933233360897,0.55810117089,1.4453794232,0.55810117089,1.4453794232,1.253,0.659,70.72,1.252609,0.6591301,70.72,24.5566,7.0,9.56,2.346,0.574,0.979,40.0,0.18408837551583282
9417,9417,40_178,40_206,611.0779,10.00883,19.3386,0.0178,-2.986997E-5,1.0,1.0,3004.0,2890.0,3004.0,2890.0,3004.0,2890.0,191.9494843129577,27.11712371438375,0.289,0.289,45.0,0.00473,0.00473,45.0,3004.0,2890.0,191.9494843129577,27.11712371438375,0.0833333,0.0833333,0.0833333,0.0833333,0.289,0.289,45.0,0.2886751,0.2886751,45.0,41.0447,0.0,0.0,1.0,0.0,0.998,40.0,1183,1183,40_10,40_24,357.1769,19.91763,19.9217,0.0606,188.0039,1.0,9.0,3004.0,2890.0,3004.0048,2890.0104,3004.0048,2890.0104,191.94948290613465,27.117120746698596,0.71,0.696,60.54,0.04517,0.04507,60.72,3004.0048,2890.0104,191.94948290613465,27.117120746698596,0.48875124152,0.49876843779,0.48875124152,0.49876843779,0.71,0.696,60.54,0.7095504,0.6957427,60.54,23.3424,0.0,0.0,1.02,0.019,0.975,40.0,0.011454256850794878
9442,9442,40_203,40_182,874.1376,11.97085,18.9499,0.0149,-4.077411E-4,8.0,8.0,3010.0,2843.0,3009.7641,2842.76,3009.7641,2842.76,191.9471672308917,27.13035041035311,0.634,0.575,-44.61,0.00869,0.00788,-44.61,3009.7641,2842.76,191.9471672308917,27.13035041035311,0.21906388442,0.2182188375,0.21906388442,0.2182188375,0.477,0.458,-43.69,0.4773992,0.4575726,-43.69,44.1491,0.0,1.46,1.103,0.093,1.0,40.0,1185,1185,40_12,40_22,717.7728,29.40001,19.1639,0.0445,188.2943,19.0,20.0,3010.0,2843.0,3009.8583,2842.836,3009.8583,2842.836,191.9471382732124,27.130328179480244,1.165,1.066,-25.56,0.05871,0.05409,-25.41,3009.8583,2842.836,191.9471382732124,27.130328179480244,0.95082730298,0.86973220433,0.95082730298,0.86973220433,0.981,0.926,-19.9,0.9813507,0.9260185,-19.9,23.3701,0.0,3.18,1.092,0.084,0.85,40.0,0.12103569721340202
9446,9446,40_207,40_178,6734.395,33.22648,16.7331,0.0054,-6.756613E-4,8.0,8.0,3014.0,2831.0,3013.5819,2831.0258,3013.5819,2831.0258,191.9458378841866,27.13361386915174,0.511,0.469,-22.83,0.00252,0.00231,-22.82,3013.5819,2831.0258,191.9458378841866,27.13361386915174,0.18253566411,0.054577655744,0.18253566411,0.054577655744,0.427,0.234,-1.19,0.4273064,0.2335006,-1.19,43.9499,0.0,1.01,1.091,0.083,1.0,40.0,1186,1186,40_13,40_21,6491.437,56.5651,16.773,0.0095,188.2743,52.0,57.0,3014.0,2831.0,3013.6193,2831.0833,3013.6193,2831.0833,191.94582667424672,27.13359736123838,1.535,1.504,1.49,0.01795,0.01703,62.4,3013.6193,2831.0833,191.94582667424672,27.13359736123838,0.97952623178,0.90783994979,0.97952623178,0.90783994979,0.991,0.951,-12.05,0.9914368,0.9510096,-12.05,23.3688,16.0,3.03,1.021,0.02,0.982,40.0,0.06859307545201276
9449,9449,40_210,40_175,398.0138,8.077634,19.8041,0.022,-7.691567E-6,9.0,9.0,2659.0,2824.0,2659.3405,2823.9989,2659.3405,2823.9989,192.05768659879567,27.13881021069589,0.741,0.547,-36.91,0.01506,0.01112,-36.89,2659.3405,2823.9989,192.05768659879567,27.13881021069589,0.25724974388,0.21069585295,0.25724974388,0.21069585295,0.533,0.429,-31.09,0.53276,0.4290832,-31.09,38.0027,0.0,1.73,1.354,0.262,1.0,40.0,1187,1187,40_14,40_20,275.8222,21.60291,20.2023,0.0851,189.6703,10.0,11.0,2659.0,2824.0,2659.3357,2823.9274,2659.3357,2823.9274,192.057687383533,27.138830356057483,1.021,0.737,-16.38,0.09671,0.06836,-15.2,2659.3357,2823.9274,192.057687383533,27.138830356057483,0.97064500609,0.82174433251,0.97064500609,0.82174433251,1.006,0.884,-24.93,1.005833,0.8835667,-24.93,23.3891,0.0,3.23,1.385,0.278,0.548,40.0,0.07166093775551116
9455,9455,40_216,40_169,8274.96,36.83139,16.5095,0.0048,-5.14701E-4,7.0,7.0,2653.0,2814.0,2653.3215,2814.0008,2653.3215,2814.0008,192.0594862839466,27.14167521717627,0.491,0.389,-10.71,0.00219,0.00173,-10.71,2653.3215,2814.0008,192.0594862839466,27.14167521717627,0.13893658993,0.10026682839,0.13893658993,0.10026682839,0.373,0.317,-0.62,0.372748,0.3166423,-0.62,34.5155,0.0,1.0,1.263,0.208,0.997,40.0,1188,1188,40_15,40_19,7920.715,60.27716,16.557,0.0083,189.9386,52.0,61.0,2653.0,2814.0,2653.3738,2814.055,2653.3738,2814.055,192.0594703113748,27.14165950937003,1.567,1.475,-17.36,0.01565,0.015,-40.07,2653.3738,2814.055,192.0594703113748,27.14165950937003,0.95332638022,0.85311578342,0.95332638022,0.85311578342,0.978,0.922,-10.83,0.9783302,0.9215814,-10.83,23.4134,0.0,2.97,1.062,0.059,0.989,40.0,0.07531885554086999
9457,9457,40_218,40_167,2320.128,19.50253,17.8901,0.0091,-3.937133E-9,8.0,8.0,2686.0,2811.0,2686.3886,2810.5512,2686.3886,2810.5512,192.0490015482144,27.142347889578936,0.522,0.5,-70.05,0.00439,0.0042,-70.06,2686.3886,2810.5512,192.0490015482144,27.142347889578936,0.21192883121,0.24443353883,0.21192883121,0.24443353883,0.495,0.46,-83.32,0.494859,0.4598663,-83.32,39.2845,0.0,1.07,1.045,0.043,1.0,40.0,1189,1189,40_16,40_18,2063.65,39.54458,18.0173,0.0208,189.2007,31.0,32.0,2686.0,2811.0,2686.4377,2810.5451,2686.4377,2810.5451,192.04898596991336,27.1423491627636,1.321,1.283,-10.14,0.03066,0.03051,-14.6,2686.4377,2810.5451,192.04898596991336,27.1423491627636,0.90495834145,0.84831578367,0.90495834145,0.84831578367,0.952,0.92,-9.06,0.9520688,0.9202386,-9.06,23.3565,0.0,3.11,1.03,0.029,0.943,40.0,0.049477469619755216
9465,9465,40_226,40_159,1084.311,13.33251,18.716,0.0134,-2.008839E-4,17.0,17.0,2927.0,2784.0,2926.6926,2784.2264,2926.6926,2784.2264,191.9727979690689,27.14756733816948,1.268,0.68,-71.89,0.0156,0.00836,-71.89,2926.6926,2784.2264,191.9727979690689,27.14756733816948,0.43229195385,0.75592027661,0.43229195385,0.75592027661,0.896,0.621,-70.43,0.8959699,0.6208464,-70.43,35.6397,0.0,3.68,1.865,0.464,1.0,40.0,1190,1190,40_17,40_17,976.4174,35.91364,18.8298,0.0399,188.6444,27.0,30.0,2927.0,2784.0,2926.7384,2784.1519,2926.7384,2784.1519,191.97278272016985,27.147587862046475,1.606,1.188,-66.79,0.07157,0.05115,-65.75,2926.7384,2784.1519,191.97278272016985,27.147587862046475,1.3235735303,1.60445438,1.3235735303,1.60445438,1.288,1.127,-68.06,1.287965,1.126576,-68.06,23.3722,0.0,5.05,1.352,0.261,0.008,40.0,0.08745221552399574
9472,9472,40_233,40_152,2330.83,19.54746,17.8851,0.0091,-5.819167E-5,8.0,8.0,2559.0,2746.0,2559.1978,2746.2159,2559.1978,2746.2159,192.08854252627967,27.161575443026287,0.562,0.524,-42.41,0.00472,0.00439,-42.41,2559.1978,2746.2159,192.08854252627967,27.161575443026287,0.11581080863,0.11939396647,0.11581080863,0.11939396647,0.348,0.338,-60.86,0.3478636,0.3379285,-60.86,99.0,0.0,1.22,1.073,0.068,1.0,40.0,1191,1191,40_18,40_16,2118.583,40.89642,17.9888,0.021,188.5391,29.0,34.0,2559.0,2746.0,2559.1629,2746.2447,2559.1629,2746.2447,192.08855385033732,27.161567657064907,1.394,1.256,-4.94,0.03444,0.02974,-0.69,2559.1629,2746.2447,192.08855385033732,27.161567657064907,0.94540994626,0.85356678217,0.94540994626,0.85356678217,0.973,0.923,-6.98,0.9730396,0.9231309,-6.98,23.3029,0.0,3.17,1.111,0.1,0.958,40.0,0.04524875688911407
9481,9481,40_242,40_143,328.3948,7.337249,20.0129,0.0243,-1.778503E-4,5.0,5.0,2558.0,2725.0,2558.3681,2724.5683,2558.3681,2724.5683,192.08858480088736,27.167669187754047,0.562,0.421,-44.39,0.01257,0.00942,-44.35,2558.3681,2724.5683,192.08858480088736,27.167669187754047,0.17117968131,0.20292488308,0.17117968131,0.20292488308,0.483,0.375,-55.07,0.4828618,0.3754317,-55.07,41.7571,0.0,1.02,1.335,0.251,1.0,40.0,1192,1192,40_19,40_15,186.6756,17.40736,20.6261,0.1013,189.1879,5.0,7.0,2558.0,2725.0,2558.0424,2724.7021,2558.0424,2724.7021,192.08868911494932,27.16763447524828,0.738,0.666,-11.03,0.08466,0.07815,-1.42,2558.0424,2724.7021,192.08868911494932,27.16763447524828,0.72815856681,0.68634746125,0.72815856681,0.68634746125,0.875,0.805,-34.65,0.8754355,0.8050582,-34.65,23.3455,0.0,2.3,1.109,0.098,0.425,40.0,0.35211209862802034
9498,9498,40_259,40_126,1844.75,17.39017,18.139,0.0102,8.659968E-6,8.0,8.0,2770.0,2682.0,2770.2853,2681.4601,2770.2853,2681.4601,192.0211582554515,27.17788247343872,0.593,0.515,-13.34,0.00559,0.00486,-13.35,2770.2853,2681.4601,192.0211582554515,27.17788247343872,0.21769969768,0.25200661491,0.21769969768,0.25200661491,0.509,0.459,-67.41,0.5091057,0.4588221,-67.41,99.0,0.0,1.51,1.15,0.131,1.0,40.0,1194,1194,40_21,40_13,1634.751,37.85759,18.2702,0.0251,188.781,27.0,31.0,2770.0,2682.0,2770.2799,2681.4113,2770.2799,2681.4113,192.0211594584781,27.177896241532316,1.36,1.233,-18.06,0.03942,0.03527,-24.98,2770.2799,2681.4113,192.0211594584781,27.177896241532316,0.94644484669,0.82885483591,0.94644484669,0.82885483591,0.975,0.908,-11.22,0.9753284,0.9077633,-11.22,23.3452,0.0,3.16,1.103,0.093,0.95,40.0,0.04909786146013368
9519,9519,40_280,40_105,534.5655,9.361287,19.4839,0.019,-8.441973E-5,7.0,7.0,2856.0,2643.0,2855.862,2643.3547,2855.862,2643.3547,191.99371439280657,27.187816299050912,0.599,0.529,-49.93,0.0105,0.00927,-49.91,2855.862,2643.3547,191.99371439280657,27.187816299050912,0.14758214056,0.23919793641,0.14758214056,0.23919793641,0.491,0.382,-82.79,0.4906009,0.3822182,-82.79,36.59,0.0,1.34,1.133,0.117,1.0,40.0,1195,1195,40_22,40_12,397.9095,24.21787,19.8044,0.0661,189.8291,11.0,14.0,2856.0,2643.0,2855.7892,2643.4505,2855.7892,2643.4505,191.9937383990923,27.187790032368955,0.982,0.931,-75.98,0.07166,0.07006,-83.33,2855.7892,2643.4505,191.9937383990923,27.187790032368955,0.66741803196,0.69564733169,0.66741803196,0.69564733169,0.844,0.806,-58.29,0.8444352,0.8062224,-58.29,23.4229,0.0,3.05,1.054,0.051,0.626,40.0,0.12032240024200824
9521,9521,40_282,40_103,1640.692,16.40018,18.2663,0.0109,-6.469782E-7,116.0,116.0,2743.0,2629.0,2738.5087,2631.1119,2738.5087,2631.1119,192.03068373755875,27.192324767528717,5.815,1.903,2.97,0.05822,0.01906,2.98,2738.5087,2631.1119,192.03068373755875,27.192324767528717,13.539801774,2.9965019121,13.539801774,2.9965019121,3.68,1.73,-0.99,3.680076,1.730129,-0.99,53.4457,0.0,19.96,3.056,0.673,0.966,40.0,1196,1196,40_23,40_11,555.6633,34.11492,19.4418,0.0667,189.5607,23.0,28.0,2738.0,2630.0,2737.4813,2630.6423,2737.4813,2630.6423,192.0310036889869,27.192466086504854,2.148,0.919,-13.35,0.15294,0.06448,-13.41,2737.4813,2630.6423,192.0310036889869,27.192466086504854,11.867025401,5.7618524348,11.867025401,5.7618524348,3.445,2.4,-0.2,3.444865,2.400371,-0.2,23.3877,2.0,8.4,2.338,0.572,0.003,40.0,1.1296348613599838
9527,9527,40_288,40_97,30804.17,71.06239,15.0823,0.0025,-3.795605E-6,9.0,9.0,2900.0,2626.0,2899.9272,2626.0641,2899.9272,2626.0641,191.97960609330636,27.19227410034586,0.394,0.353,-6.67,9.1E-4,8.1E-4,-6.67,2899.9272,2626.0641,191.97960609330636,27.19227410034586,0.095323599186,0.09256631378,0.095323599186,0.09256631378,0.309,0.304,-0.22,0.3087453,0.3042471,-0.22,53.3538,0.0,2.13,1.118,0.105,1.0,40.0,1197,1197,40_24,40_10,30522.37,92.61018,15.0923,0.0033,189.5319,86.0,96.0,2900.0,2626.0,2899.9789,2626.1199,2899.9789,2626.1199,191.9795903333149,27.19225794083828,1.676,1.589,-5.78,0.00688,0.00652,-9.41,2899.9789,2626.1199,191.9795903333149,27.19225794083828,0.98662730314,0.8828340478,0.98662730314,0.8828340478,0.994,0.939,-5.3,0.9937437,0.9391138,-5.3,23.4087,0.0,3.08,1.055,0.052,0.993,40.0,0.07606924477085508
9538,9538,40_299,40_86,4627.357,27.54239,17.1405,0.0065,-4.920988E-6,7.0,7.0,2589.0,2611.0,2588.6509,2611.2927,2588.6509,2611.2927,192.0778587357648,27.199245959265795,0.521,0.465,-11.16,0.0031,0.00277,-11.16,2588.6509,2611.2927,192.0778587357648,27.199245959265795,0.18218589382,0.1269052508,0.18218589382,0.1269052508,0.427,0.356,-2.65,0.4269713,0.3560711,-2.65,48.0415,0.0,1.02,1.119,0.107,1.0,40.0,1198,1198,40_25,40_9,4316.763,50.34188,17.216,0.0127,189.5268,37.0,47.0,2589.0,2611.0,2588.7023,2611.375,2588.7023,2611.375,192.0778433223739,27.19922236071301,1.486,1.379,1.99,0.02196,0.02118,18.38,2588.7023,2611.375,192.0778433223739,27.19922236071301,0.9392047828,0.82015194237,0.9392047828,0.82015194237,0.969,0.905,-3.51,0.9693576,0.9053743,-3.51,23.3563,0.0,2.96,1.077,0.072,0.981,40.0,0.09703221114654577
9554,9554,40_315,40_70,203437.7,182.621,13.0328,0.001,-4.916807E-4,7.0,7.0,2579.0,2573.0,2579.3247,2573.0625,2579.3247,2573.0625,192.0804183816292,27.21007770010332,0.479,0.39,-9.73,4.3E-4,3.5E-4,-9.73,2579.3247,2573.0625,192.0804183816292,27.21007770010332,0.17113057386,0.11336447979,0.17113057386,0.11336447979,0.414,0.337,-0.94,0.4136983,0.3366732,-0.94,34.5667,4.0,0.0,1.229,0.186,1.0,40.0,1200,1200,40_27,40_7,206550.9,204.3686,13.0163,0.0011,190.375,184.0,200.0,2579.0,2573.0,2579.3823,2573.12,2579.3823,2573.12,192.08040075312317,27.210061018633954,1.771,1.69,5.33,0.00234,0.00226,13.68,2579.3823,2573.12,192.08040075312317,27.210061018633954,0.96196944556,0.87431895648,0.96196944556,0.87431895648,0.981,0.935,-4.49,0.9810781,0.9347588,-4.49,23.4083,0.0,2.99,1.048,0.046,0.998,40.0,0.08138802123161723
9561,9561,40_322,40_63,34635.28,75.35194,14.9551,0.0024,2.983991E-5,10.0,10.0,2953.0,2568.0,2953.1519,2567.4835,2953.1519,2567.4835,191.9621698393122,27.208253119760453,0.504,0.386,-78.79,0.0011,8.4E-4,-78.79,2953.1519,2567.4835,191.9621698393122,27.208253119760453,0.041967893785,0.25002557188,0.041967893785,0.25002557188,0.5,0.204,-88.45,0.5001777,0.204489,-88.45,57.4189,0.0,0.97,1.307,0.235,1.0,40.0,1201,1201,40_28,40_6,34113.6,100.626,14.9715,0.0032,189.2794,96.0,103.0,2953.0,2568.0,2953.2824,2567.5105,2953.2824,2567.5105,191.9621288686104,27.20824432961358,1.751,1.592,-13.92,0.00708,0.00606,-17.05,2953.2824,2567.5105,191.9621288686104,27.20824432961358,0.99695061857,0.9103833432,0.99695061857,0.9103833432,1.0,0.953,-10.1,0.9998939,0.9526522,-10.1,23.2547,0.0,3.08,1.1,0.091,0.983,40.0,0.13326383605486308
9569,9569,40_330,40_55,25632.48,64.82319,15.2819,0.0027,-1.358986E-5,7.0,7.0,2834.0,2562.0,2833.5459,2561.6717,2833.5459,2561.6717,191.9999209762348,27.210982479411545,0.499,0.472,-5.95,0.00126,0.00119,-5.95,2833.5459,2561.6717,191.9999209762348,27.210982479411545,0.23854367191,0.15408840257,0.23854367191,0.15408840257,0.488,0.393,-1.11,0.4884418,0.3925005,-1.11,55.2134,0.0,0.95,1.056,0.053,1.0,40.0,1174,1174,40_1,40_5,25365.71,90.6364,15.2933,0.0039,189.9826,79.0,89.0,2834.0,2562.0,2833.5941000000003,2561.7019,2833.5941000000003,2561.7019,191.9999060508833,27.210973549981336,1.632,1.55,2.58,0.0073,0.007,18.74,2833.5941000000003,2561.7019,191.9999060508833,27.210973549981336,0.97695058668,0.881045379,0.97695058668,0.881045379,0.989,0.938,-5.31,0.9888304,0.9381953,-5.31,23.2662,0.0,3.05,1.053,0.05,0.987,40.0,0.05687952179850238
9573,9573,40_334,40_51,16506.36,52.01884,15.7597,0.0034,0.0,7.0,7.0,2611.0,2556.0,2610.6587,2556.2917,2610.6587,2556.2917,192.07033923940767,27.21451183206652,0.479,0.456,-23.36,0.00151,0.00144,-23.36,2610.6587,2556.2917,192.07033923940767,27.21451183206652,0.14718785008,0.11700301544,0.14718785008,0.11700301544,0.384,0.342,-5.0,0.3839544,0.3417161,-5.0,52.1813,0.0,0.92,1.051,0.048,1.0,40.0,1204,1204,40_31,40_4,15877.9,75.47253,15.8019,0.0052,190.1957,68.0,78.0,2611.0,2556.0,2610.704,2556.3643,2610.704,2556.3643,192.0703256555124,27.21449101466343,1.614,1.538,16.81,0.01039,0.00966,37.27,2610.704,2556.3643,192.0703256555124,27.21449101466343,0.94967776075,0.86358748944,0.94967776075,0.86358748944,0.975,0.928,-8.09,0.9754247,0.9283382,-8.09,23.394,0.0,2.96,1.049,0.047,0.983,40.0,0.0855736524872896
9575,9575,40_336,40_49,246.1139,6.351893,20.326,0.028,5.165226E-5,7.0,7.0,2548.0,2555.0,2548.2393,2555.3536,2548.2393,2555.3536,192.09006822548088,27.21533446425239,0.667,0.478,-1.84,0.01724,0.01234,-1.87,2548.2393,2555.3536,192.09006822548088,27.21533446425239,0.18597069635,0.20808463414,0.18597069635,0.20808463414,0.457,0.431,-81.67,0.4566931,0.4306817,-81.67,48.4634,0.0,1.45,1.396,0.284,1.0,40.0,1203,1203,40_30,40_3,109.1901,14.73846,21.2084,0.1466,189.91,3.0,5.0,2548.0,2555.0,2548.184,2555.3863,2548.184,2555.3863,192.09008604521503,27.2153257647139,0.745,0.449,18.52,0.12212,0.07071,18.46,2548.184,2555.3863,192.09008604521503,27.2153257647139,0.79894499621,0.67156303014,0.79894499621,0.67156303014,0.895,0.818,7.81,0.8952036,0.8179966,7.81,23.3671,0.0,2.7,1.659,0.397,0.467,40.0,0.06424468849649817
9667,9667,41_45,41_345,1144.591,13.6981,18.6572,0.013,3.523414E-6,8.0,8.0,3043.0,2975.0,3042.8539,2974.9559,3042.8539,2974.9559,191.9381076564386,27.092884190743423,0.648,0.545,-36.41,0.00804,0.00675,-37.23,3042.8539,2974.9559,191.9381076564386,27.092884190743423,0.16241751105,0.12926197406,0.16241751105,0.12926197406,0.405,0.357,-13.23,0.4054093,0.3568232,-13.23,99.0,0.0,1.29,1.188,0.158,1.0,41.0,1212,1212,41_8,41_28,1033.243,34.32917,18.7684,0.0361,188.1665,25.0,26.0,3043.0,2975.0,3042.7826,2974.9293,3042.7826,2974.9293,191.93812989069264,27.092892324434622,1.317,1.155,-10.42,0.05488,0.0476,-7.13,3042.7826,2974.9293,191.93812989069264,27.092892324434622,0.95743187947,0.83603377047,0.95743187947,0.83603377047,0.986,0.907,-17.76,0.9855492,0.9067295,-17.76,23.3326,0.0,3.3,1.14,0.123,0.672,41.0,0.07610026281174657
9811,9811,41_189,41_201,578.5312,9.738644,19.3981,0.0183,1.217877E-6,9.0,9.0,3029.0,2877.0,3028.4421,2876.6614,3028.4421,2876.6614,191.9416239689364,27.12064852968111,0.694,0.619,-37.83,0.01263,0.01126,-32.24,3028.4421,2876.6614,191.9416239689364,27.12064852968111,0.28803918473,0.29081875088,0.28803918473,0.29081875088,0.547,0.529,-49.29,0.5465763,0.5292563,-49.29,99.0,0.0,1.95,1.121,0.108,1.0,41.0,1217,1217,41_13,41_23,429.8846,25.45092,19.7205,0.0643,188.5095,13.0,15.0,3028.0,2877.0,3028.5416,2876.6162,3028.5416,2876.6162,191.94159206577984,27.12066031980105,1.065,0.939,-39.49,0.07443,0.06493,-44.31,3028.5416,2876.6162,191.94159206577984,27.12066031980105,1.0788987964,0.95105320315,1.0788987964,0.95105320315,1.043,0.97,-14.57,1.043148,0.9704611,-14.57,23.3595,0.0,3.18,1.133,0.118,0.591,41.0,0.10928536041009185
9861,9861,41_239,41_151,371.1125,7.799879,19.8801,0.0228,2.924862E-6,3.0,3.0,2561.0,2746.0,2561.5675,2746.1487,2561.5675,2746.1487,192.0877928165823,27.16157319515476,0.523,0.314,23.63,0.01132,0.00685,25.11,2561.5675,2746.1487,192.0877928165823,27.16157319515476,0.24663314692,0.039645360646,0.24663314692,0.039645360646,0.498,0.195,5.01,0.4982317,0.1950479,5.01,99.0,16.0,1.26,1.667,0.4,0.998,41.0,1225,1225,41_21,41_15,857.7312,26.05287,18.9705,0.033,188.8448,12.0,14.0,2560.0,2746.0,2560.6466,2746.1861,2560.6466,2746.1861,192.0880842792637,27.16157089628832,1.217,0.684,-86.98,0.0535,0.02828,-84.37,2560.6466,2746.1861,192.0880842792637,27.16157089628832,0.30051289227,0.61710028912,0.30051289227,0.61710028912,0.786,0.548,89.69,0.7855633,0.548182,89.69,23.3549,24.0,3.45,1.779,0.438,0.911,41.0,0.921659139812607
9944,9944,41_322,41_68,421.3135,8.310703,19.7424,0.0214,-6.255525E-5,8.0,8.0,3041.0,2579.0,3041.2014,2579.2294,3041.2014,2579.2294,191.9344606793664,27.20413910959781,0.665,0.527,16.86,0.01433,0.01165,23.32,3041.2014,2579.2294,191.9344606793664,27.20413910959781,0.26772200563,0.19939300618,0.26772200563,0.19939300618,0.518,0.446,5.74,0.5180929,0.4457519,5.74,99.0,0.0,1.92,1.262,0.208,1.0,41.0,1232,1232,41_28,41_8,295.2849,21.87414,20.1283,0.0804,189.3159,10.0,11.0,3041.0,2579.0,3041.174,2579.1696,3041.174,2579.1696,191.93446871011596,27.204156172520538,0.895,0.863,-28.38,0.08123,0.07827,-43.82,3041.174,2579.1696,191.93446871011596,27.204156172520538,0.85252370162,0.75035373766,0.85252370162,0.75035373766,0.924,0.865,7.32,0.9242501,0.8652394,7.32,23.3894,0.0,3.73,1.037,0.035,0.551,41.0,0.06577841591279292
9954,9954,41_332,41_58,833.9741,11.69261,19.001,0.0152,-6.986572E-5,7.0,7.0,3060.0,2568.0,3059.5898,2567.6196,3059.5898,2567.6196,191.92852597929476,27.20723229989799,0.568,0.537,-78.78,0.00844,0.00789,-88.44,3059.5898,2567.6196,191.92852597929476,27.20723229989799,0.23090034694,0.23897096548,0.23090034694,0.23897096548,0.49,0.479,69.06,0.4902613,0.4790774,69.06,99.0,0.0,1.25,1.058,0.055,1.0,41.0,1235,1235,41_31,41_5,691.2416,28.78494,19.2048,0.0452,188.7059,16.0,18.0,3060.0,2568.0,3059.7009,2567.5582,3059.7009,2567.5582,191.92849021421543,27.20724852963181,1.154,0.981,-0.5,0.06024,0.04913,-0.44,3059.7009,2567.5582,191.92849021421543,27.20724852963181,0.80115036169,0.74741406312,0.80115036169,0.74741406312,0.896,0.864,-7.43,0.8955885,0.863994,-7.43,23.337,0.0,3.45,1.177,0.15,0.846,41.0,0.12693766186566696
10035,10035,42_25,42_425,1161.883,13.80118,18.641,0.0129,1.001435E-5,7.0,7.0,368.0,3032.0,367.9491,3031.7217,367.9491,3031.7217,192.7839282589241,27.099130634953426,0.515,0.397,86.28,0.00632,0.00502,86.18,367.9491,3031.7217,192.7839282589241,27.099130634953426,0.10262414641,0.14191608089,0.10262414641,0.14191608089,0.377,0.32,89.75,0.3767185,0.3203489,89.75,99.0,0.0,1.06,1.298,0.23,1.0,42.0,1240,1240,42_3,42_24,945.0325,32.01895,18.8652,0.0368,190.6318,18.0,22.0,368.0,3032.0,367.9223,3031.7984,367.9223,3031.7984,192.783937370652,27.099109256394065,1.167,1.098,37.74,0.0499,0.04535,45.45,367.9223,3031.7984,192.783937370652,27.099109256394065,0.73772405192,0.72201712679,0.73772405192,0.72201712679,0.859,0.85,1.25,0.858913,0.8497115,1.25,23.3255,0.0,2.96,1.063,0.059,0.927,42.0,0.08124733841800734
10448,10448,42_438,42_445,50652.13,91.12424,14.5424,0.002,2.025363E-5,20.0,20.0,330.0,3068.0,329.798,3067.4802,329.798,3067.4802,192.7962818756621,27.089352900497023,0.505,0.401,77.92,9.1E-4,7.3E-4,77.53,329.798,3067.4802,192.7962818756621,27.089352900497023,0.063688948664,0.24979430672,0.063688948664,0.24979430672,0.5,0.252,87.72,0.5000893,0.2517815,87.72,99.0,0.0,0.98,1.258,0.205,1.0,42.0,1263,1263,42_26,42_25,48556.88,112.2068,14.5882,0.0025,190.9316,101.0,113.0,330.0,3067.0,329.8439,3067.5243,329.8439,3067.5243,192.79626774178124,27.08934015586388,1.691,1.615,9.02,0.00528,0.0051,39.25,329.8439,3067.5243,192.79626774178124,27.08934015586388,0.97165395229,0.8770322322,0.97165395229,0.8770322322,0.986,0.936,0.63,0.9857309,0.9364938,0.63,23.3249,0.0,3.01,1.047,0.045,0.983,42.0,0.06365233695637486
11000,11000,43_542,43_543,236.6989,6.229214,20.3684,0.0286,-9.86518E-6,4.0,4.0,789.0,3076.0,788.9917,3076.1874,788.9917,3076.1874,192.6512553417132,27.08345106322749,0.39,0.261,88.94,0.01027,0.00688,88.94,788.9917,3076.1874,192.6512553417132,27.08345106322749,0.089004813433,0.099556769949,0.089004813433,0.099556769949,0.316,0.298,89.94,0.3155262,0.2983367,89.94,57.1298,16.0,0.9,1.493,0.33,1.0,43.0,1265,1265,43_2,43_26,358.9153,23.86528,19.9164,0.0722,190.4838,12.0,13.0,789.0,3078.0,789.2873999999999,3077.4093,789.2873999999999,3077.4093,192.65117259118847,27.08310506100896,0.993,0.868,38.07,0.08588,0.07354,43.8,789.2873999999999,3077.4093,192.65117259118847,27.08310506100896,0.82667082101,0.72543842466,0.82667082101,0.72543842466,0.915,0.846,17.0,0.9149382,0.8455752,17.0,23.3422,24.0,3.62,1.144,0.126,0.505,43.0,1.25717067258187
11013,11013,44_2,44_38,7978.997,36.16673,16.549,0.0049,-1.974819E-4,14.0,14.0,1404.0,3073.0,1404.4704,3072.6751,1404.4704,3072.6751,192.45670641654445,27.079590967351,0.551,0.534,15.91,0.00255,0.00247,15.57,1404.4704,3072.6751,192.45670641654445,27.079590967351,0.24879749259,0.17793301464,0.24879749259,0.17793301464,0.499,0.422,1.5,0.4988447,0.4217636,1.5,99.0,0.0,1.08,1.033,0.032,1.0,44.0,1291,1291,44_2,44_22,7665.285,60.81268,16.5925,0.0086,190.0619,51.0,59.0,1404.0,3073.0,1404.5534,3072.7213,1404.5534,3072.7213,192.45668061317284,27.07957730057671,1.539,1.464,8.05,0.01562,0.0153,34.89,1404.5534,3072.7213,192.45668061317284,27.07957730057671,0.93112658577,0.84044019175,0.93112658577,0.84044019175,0.965,0.917,0.64,0.9649549,0.9167491,0.64,23.3159,16.0,2.96,1.051,0.048,0.981,44.0,0.0949917891190328
11016,11016,44_5,44_35,2104.813,18.57556,17.9958,0.0096,-1.982215E-4,17.0,17.0,1459.0,3051.0,1459.0722,3050.6634,1459.0722,3050.6634,192.4392451273556,27.085339632566036,0.634,0.613,19.36,0.00614,0.00577,16.95,1459.0722,3050.6634,192.4392451273556,27.085339632566036,0.14968422371,0.21927844814,0.14968422371,0.21927844814,0.468,0.387,88.92,0.468298,0.3868587,88.92,99.0,0.0,1.31,1.034,0.033,1.0,44.0,1292,1292,44_3,44_21,1965.298,40.42176,18.0703,0.0223,189.6541,27.0,34.0,1459.0,3051.0,1459.0683,3050.675,1459.0683,3050.675,192.43924646798243,27.08533640145189,1.401,1.245,14.46,0.03733,0.0316,17.0,1459.0683,3050.675,192.43924646798243,27.08533640145189,0.87410904043,0.79078143627,0.87410904043,0.79078143627,0.935,0.889,2.13,0.9349998,0.889194,2.13,23.3281,0.0,2.94,1.125,0.111,0.975,44.0,0.012238055401391508
11017,11017,44_6,44_34,473.425,8.809691,19.6157,0.0202,-1.035485E-4,12.0,12.0,1412.0,3024.0,1411.6174,3024.0697,1411.6174,3024.0697,192.4539969199195,27.093204858311623,0.684,0.627,-82.4,0.01496,0.01363,82.48,1411.6174,3024.0697,192.4539969199195,27.093204858311623,0.19465970836,0.19664460407,0.19465970836,0.19664460407,0.447,0.438,-52.54,0.4466183,0.4379913,-52.54,99.0,0.0,1.42,1.091,0.083,1.0,44.0,1293,1293,44_4,44_20,424.105,24.94139,19.7352,0.0639,190.3258,13.0,14.0,1412.0,3024.0,1411.6217,3023.9937,1411.6217,3023.9937,192.4539948558401,27.09322620051727,1.037,0.915,-83.53,0.07934,0.06641,-86.12,1411.6217,3023.9937,192.4539948558401,27.09322620051727,0.76160068052,0.82167649547,0.76160068052,0.82167649547,0.908,0.871,-79.6,0.907618,0.8714969,-79.6,23.3512,0.0,3.37,1.134,0.118,0.363,44.0,0.07612154754077098
11051,11051,45_2,45_58,301.8928,7.034958,20.1042,0.0253,0.0,2.0,2.0,1846.0,3077.0,1845.5554,3077.0,1845.5554,3077.0,192.31735600118296,27.07473806764319,0.575,0.289,0.0,0.01366,0.00686,0.0,1845.5554,3077.0,192.31735600118296,27.07473806764319,0.21848711224,0.0833333,0.21848711224,0.0833333,0.467,0.289,0.0,0.4674261,0.2886751,0.0,99.0,16.0,0.96,1.991,0.498,0.997,45.0,1314,1314,45_3,45_33,642.8379,26.99304,19.2836,0.0456,189.8825,15.0,16.0,1845.0,3078.0,1845.3633,3078.041,1845.3633,3078.041,192.31742670917075,27.07444689540942,1.268,0.8,-10.2,0.07153,0.0433,-9.77,1845.3633,3078.041,192.31742670917075,27.07444689540942,0.86263770439,0.54327738671,0.86263770439,0.54327738671,0.937,0.726,-12.16,0.9371135,0.7264526,-12.16,23.3472,24.0,3.73,1.586,0.369,0.835,45.0,1.0585761238571092
11052,11052,45_3,45_57,201.9409,5.753701,20.5408,0.0309,-2.349558E-5,8.0,8.0,1556.0,3054.0,1556.0876,3053.6246,1556.0876,3053.6246,192.4086110627077,27.08371474870736,0.615,0.352,49.46,0.02448,0.01249,57.03,1556.0876,3053.6246,192.4086110627077,27.08371474870736,0.066899353593,0.17509709932,0.066899353593,0.17509709932,0.423,0.251,79.19,0.4233112,0.2506074,79.19,99.0,0.0,1.25,1.749,0.428,1.0,45.0,1313,1313,45_2,45_32,135.3875,16.11472,20.9749,0.1293,190.4639,6.0,6.0,1556.0,3054.0,1556.1786,3053.9922,1556.1786,3053.9922,192.40858575360116,27.08361060722119,0.927,0.468,53.7,0.13729,0.06774,53.17,1556.1786,3053.9922,192.40858575360116,27.08361060722119,1.1641650978,1.2741471584,1.1641650978,1.2741471584,1.207,0.991,51.69,1.206926,0.9907784,51.69,23.3629,0.0,3.27,1.982,0.496,0.472,45.0,0.3786961314827617
11053,11053,45_4,45_56,206.3459,5.816116,20.5174,0.0306,-2.034337E-5,10.0,10.0,1561.0,3052.0,1560.8918,3052.3766,1560.8918,3052.3766,192.40708100088588,27.08402638563536,0.693,0.466,-17.26,0.02424,0.01899,-31.77,1560.8918,3052.3766,192.40708100088588,27.08402638563536,0.25331435309,0.23731718455,0.25331435309,0.23731718455,0.52,0.469,-35.89,0.5204877,0.4687474,-35.89,99.0,0.0,2.3,1.487,0.328,1.0,45.0,1315,1315,45_4,45_31,127.0775,16.0426,21.0437,0.1371,190.2179,4.0,6.0,1561.0,3053.0,1560.9612,3052.4978,1560.9612,3052.4978,192.4070602056168,27.083991726412687,0.802,0.5,-0.05,0.12268,0.07514,0.01,1560.9612,3052.4978,192.4070602056168,27.083991726412687,1.3232170512,1.2751722111,1.3232170512,1.2751722111,1.17,1.109,-35.01,1.170264,1.108545,-35.01,23.3488,0.0,3.74,1.604,0.377,0.396,45.0,0.13966316622499744
11142,11142,46_35,46_574,6941.048,33.73243,16.7003,0.0053,-0.001184856,12.0,12.0,2480.0,3039.0,2480.3844,3038.7737,2480.3844,3038.7737,192.1164104672916,27.0800162693341,0.489,0.439,-4.82,0.00238,0.00213,-4.82,2480.3844,3038.7737,192.1164104672916,27.0800162693341,0.1646884345,0.076973249826,0.1646884345,0.076973249826,0.406,0.277,-0.67,0.405833,0.2774189,-0.67,99.0,0.0,0.91,1.115,0.103,1.0,46.0,1371,1371,46_27,46_30,6525.731,56.79126,16.7673,0.0095,189.4647,49.0,54.0,2480.0,3039.0,2480.4445,3038.831,2480.4445,3038.831,192.1163920615107,27.07999962608573,1.513,1.442,1.41,0.01678,0.0165,22.28,2480.4445,3038.831,192.1163920615107,27.07999962608573,0.93611155622,0.85097054676,0.93611155622,0.85097054676,0.968,0.922,-5.36,0.9679193,0.9220707,-5.36,23.361,0.0,2.95,1.049,0.047,0.982,46.0,0.08303794313451532
11157,11157,46_50,46_559,3015.677,22.23451,17.6054,0.008,-2.682499E-5,8.0,8.0,2280.0,3022.0,2280.1693,3022.0704,2280.1693,3022.0704,192.1794938654681,27.08646925699368,0.499,0.432,-36.21,0.00368,0.00319,-36.21,2280.1693,3022.0704,192.1794938654681,27.08646925699368,0.11666656224,0.10858597285,0.11666656224,0.10858597285,0.342,0.329,-3.34,0.3416054,0.3294819,-3.34,37.8328,0.0,1.03,1.156,0.135,1.0,46.0,1374,1374,46_30,46_29,2698.131,43.91063,17.7262,0.0177,189.8387,31.0,39.0,2280.0,3022.0,2280.173,3022.1181,2280.173,3022.1181,192.1794931709869,27.086455811143733,1.433,1.297,-23.88,0.02964,0.02688,-26.49,2280.173,3022.1181,192.1794931709869,27.086455811143733,0.88507142873,0.80679427467,0.88507142873,0.80679427467,0.945,0.893,-17.54,0.9453884,0.893368,-17.54,23.3784,0.0,2.94,1.105,0.095,0.98,46.0,0.047843285840392824
