col1,Unnamed: 0,NUMBER,ID_PARENT,FLUX_ISO,FLUXERR_ISO,MAG_ISO,MAGERR_ISO,BACKGROUND,ISOAREA_IMAGE,ISOAREAF_IMAGE,XPEAK_IMAGE,YPEAK_IMAGE,X_IMAGE,Y_IMAGE,X_IMAGE_DBL,Y_IMAGE_DBL,X_WORLD,Y_WORLD,A_IMAGE,B_IMAGE,THETA_IMAGE,ERRA_IMAGE,ERRB_IMAGE,ERRTHETA_IMAGE,XWIN_IMAGE,YWIN_IMAGE,XWIN_WORLD,YWIN_WORLD,X2WIN_IMAGE,Y2WIN_IMAGE,X2WIN_WORLD,Y2WIN_WORLD,AWIN_IMAGE,BWIN_IMAGE,THETAWIN_IMAGE,AWIN_WORLD,BWIN_WORLD,THETAWIN_WORLD,MU_THRESHOLD,FLAGS,FWHM_IMAGE,ELONGATION,ELLIPTICITY,CLASS_STAR,SUBDIV_NUMBER
4,4,0_5,0_41,4.704289,0.8710662,24.4421,0.2011,-5.386208E-5,1.0,1.0,318.0,468.0,318.0,468.0,318.0,468.0,43.34705692418704,-21.515526785174288,0.289,0.289,45.0,0.08138,0.08138,45.0,318.0,468.0,43.34705692418704,-21.515526785174288,0.0833333,0.0833333,0.0833333,0.0833333,0.289,0.289,45.0,0.2886751,0.2886751,45.0,99.0,0.0,0.0,1.0,0.0,0.372,0.0
9,9,0_10,0_36,92.70145,3.866762,21.2056,0.0453,-0.08239985,7.0,7.0,220.0,430.0,220.2648,429.742,220.2648,429.742,43.37674283039868,-21.50509935353672,0.661,0.423,73.16,0.03778,0.0253,67.44,220.2648,429.742,43.37674283039868,-21.50509935353672,0.11411995111,0.2524917416,0.11411995111,0.2524917416,0.507,0.331,79.79,0.5070832,0.3308752,79.79,28.8606,0.0,2.26,1.563,0.36,0.938,0.0
12,12,0_13,0_33,5.167582,0.9129518,24.3401,0.1919,-5.717895E-5,1.0,1.0,215.0,394.0,215.0,394.0,215.0,394.0,43.378468746300605,-21.495060691314976,0.289,0.289,45.0,0.07564,0.07564,45.0,215.0,394.0,43.378468746300605,-21.495060691314976,0.0833333,0.0833333,0.0833333,0.0833333,0.289,0.289,45.0,0.2886751,0.2886751,45.0,99.0,0.0,0.0,1.0,0.0,0.376,0.0
13,13,0_14,0_32,2.766174,0.6679499,25.0186,0.2622,-3.712919E-6,1.0,1.0,166.0,377.0,166.0,377.0,166.0,377.0,43.393341718974256,-21.49044421879908,0.289,0.289,45.0,0.1255,0.1255,45.0,166.0,377.0,43.393341718974256,-21.49044421879908,0.0833333,0.0833333,0.0833333,0.0833333,0.289,0.289,45.0,0.2886751,0.2886751,45.0,99.0,0.0,0.0,1.0,0.0,0.373,0.0
14,14,0_15,0_31,44.75811,2.686829,21.9961,0.0652,-1.396526E-6,6.0,6.0,480.0,375.0,480.4575,374.893,480.4575,374.893,43.298314598194445,-21.48875510653965,0.714,0.419,-62.23,0.061,0.03919,-76.86,480.4575,374.893,43.298314598194445,-21.48875510653965,0.18464496555,0.17430110616,0.18464496555,0.17430110616,0.487,0.35,-42.41,0.4865372,0.3496107,-42.41,99.0,0.0,2.0,1.706,0.414,0.994,0.0
17,17,0_18,0_28,0.8723645,0.3751053,26.2716,0.467,0.0,2.0,2.0,411.0,357.0,411.0,357.2164,411.0,357.2164,43.31937422459837,-21.48402899064432,0.503,0.289,90.0,1.06494,0.48415,90.0,411.0,357.2164,43.31937422459837,-21.48402899064432,0.0833333,0.10152036237,0.0833333,0.10152036237,0.319,0.289,90.0,0.3186226,0.2886751,90.0,99.0,0.0,0.88,1.742,0.426,0.028,0.0
21,21,0_22,0_24,0.7423667,0.3460297,26.4468,0.5062,1.891834E-6,2.0,2.0,76.0,292.0,76.0,291.8994,76.0,291.8994,43.42085793181402,-21.466802947391542,0.417,0.289,90.0,1.3514,0.56614,90.0,76.0,291.8994,43.42085793181402,-21.466802947391542,0.0833333,0.089644026318,0.0833333,0.089644026318,0.299,0.289,90.0,0.2994061,0.2886751,90.0,99.0,0.0,0.0,1.444,0.308,0.027,0.0
22,22,0_23,0_23,3.363814,0.7365804,24.8062,0.2378,0.0,1.0,1.0,279.0,279.0,279.0,279.0,279.0,279.0,43.359564012405,-21.462484665926063,0.289,0.289,45.0,0.10658,0.10658,45.0,279.0,279.0,43.359564012405,-21.462484665926063,0.0833333,0.0833333,0.0833333,0.0833333,0.289,0.289,45.0,0.2886751,0.2886751,45.0,99.0,0.0,0.0,1.0,0.0,0.37,0.0
25,25,0_26,0_20,44.02811,2.664828,22.014,0.0657,0.0,5.0,5.0,324.0,232.0,324.3588,232.1299,324.3588,232.1299,43.346037831704606,-21.449140546066896,0.487,0.334,-6.23,0.04892,0.03467,7.25,324.3588,232.1299,43.346037831704606,-21.449140546066896,0.17546693052,0.10505320432,0.17546693052,0.10505320432,0.419,0.324,-0.76,0.4189024,0.3241001,-0.76,99.0,0.0,1.06,1.46,0.315,0.995,0.0
26,26,0_27,0_19,44.59853,2.682035,22.0,0.0653,0.0,8.0,8.0,359.0,222.0,358.7294,222.3753,358.7294,222.3753,43.33569041120905,-21.446275899248327,0.797,0.319,-35.33,0.07851,0.04777,-37.41,358.7294,222.3753,43.33569041120905,-21.446275899248327,0.22515372013,0.15903088656,0.22515372013,0.15903088656,0.562,0.262,-37.23,0.5617005,0.2620633,-37.23,99.0,0.0,2.32,2.499,0.6,0.999,0.0
29,29,0_30,0_16,4.436112,0.8458735,24.5058,0.2071,0.0,1.0,1.0,209.0,162.0,209.0,162.0,209.0,162.0,43.38116024106883,-21.4298094846306,0.289,0.289,45.0,0.08523,0.08523,45.0,209.0,162.0,43.38116024106883,-21.4298094846306,0.0833333,0.0833333,0.0833333,0.0833333,0.289,0.289,45.0,0.2886751,0.2886751,45.0,99.0,0.0,0.0,1.0,0.0,0.371,0.0
31,31,0_32,0_14,63.84559,3.208999,21.6105,0.0546,0.0,6.0,6.0,457.0,138.0,457.3801,138.2847,457.3801,138.2847,43.30621309256009,-21.422269374771545,0.67,0.442,66.52,0.04648,0.03092,81.15,457.3801,138.2847,43.30621309256009,-21.422269374771545,0.14600129417,0.20555470213,0.14600129417,0.20555470213,0.488,0.337,59.37,0.4875583,0.3374061,59.37,99.0,0.0,1.52,1.514,0.34,0.999,0.0
32,32,0_33,0_13,78.20226,3.551517,21.3903,0.0493,-0.003022173,9.0,9.0,472.0,132.0,471.5154,132.8344,471.5154,132.8344,43.30196421956976,-21.42068551198909,0.855,0.486,-58.8,0.05271,0.04017,-48.04,471.5154,132.8344,43.30196421956976,-21.42068551198909,0.1850186437,0.34023397375,0.1850186437,0.34023397375,0.613,0.387,-66.8,0.6125107,0.3874058,-66.8,32.4484,0.0,3.8,1.762,0.432,0.967,0.0
38,38,0_39,0_7,1.720997,0.5268588,25.5338,0.3325,7.854144E-7,2.0,2.0,30.0,55.0,30.0472,55.0,30.0472,55.0,43.43562696921005,-21.40031107700557,0.358,0.289,0.0,0.61281,0.25314,0.0,30.0472,55.0,43.43562696921005,-21.40031107700557,0.086085981508,0.0833333,0.086085981508,0.0833333,0.293,0.289,0.0,0.2934041,0.2886751,0.0,99.0,0.0,1.8,1.241,0.194,0.033,0.0
40,40,0_41,0_5,10.37532,1.293614,23.5833,0.1354,1.306992E-6,3.0,3.0,39.0,17.0,38.5941,17.494,38.5941,17.494,43.43318612086105,-21.389733101550497,0.672,0.2,-45.62,0.12827,0.06742,-46.98,38.5941,17.494,43.43318612086105,-21.389733101550497,0.19188795973,0.23767424442,0.19188795973,0.23767424442,0.564,0.335,-51.43,0.563594,0.3345504,-51.43,99.0,0.0,1.43,3.353,0.702,0.559,0.0
45,45,1_2,1_1,27.2055,2.094752,22.5367,0.0836,2.408331E-4,2.0,2.0,973.0,5.0,972.7564,5.0,972.7564,5.0,43.15107999192508,-21.38285252687409,0.517,0.289,0.0,0.05162,0.02682,0.0,972.7564,5.0,43.15107999192508,-21.38285252687409,0.10508744458,0.0833333,0.10508744458,0.0833333,0.324,0.289,0.0,0.3241719,0.2886751,0.0,99.0,0.0,0.9,1.792,0.442,0.924,1.0
47,47,1_4,1_94,525.9443,9.210305,19.321,0.019,-0.01344029,17.0,17.0,690.0,503.0,688.518,501.3995,688.518,501.3995,43.23492918257639,-21.523592976977607,2.577,0.653,47.94,0.05211,0.01296,49.87,688.518,501.3995,43.23492918257639,-21.523592976977607,1.8304795866,0.92469100538,1.8304795866,0.92469100538,1.597,0.451,33.65,1.597354,0.451256,33.65,99.0,16.0,7.75,3.948,0.747,1.0,1.0
48,48,1_5,1_93,313.7411,7.113607,19.8819,0.0246,-0.0225643,5.0,5.0,667.0,503.0,666.2767,503.5011,666.2767,503.5011,43.24164394291462,-21.524266558939857,0.737,0.437,-24.14,0.01761,0.01043,-23.67,666.2767,503.5011,43.24164394291462,-21.524266558939857,0.3022389102,0.23967657916,0.3022389102,0.23967657916,0.578,0.456,-30.06,0.5777257,0.456233,-30.06,99.0,0.0,3.33,1.686,0.407,1.0,1.0
49,49,1_6,1_92,2.813131,0.6735955,25.0003,0.26,-0.02342328,3.0,3.0,663.0,503.0,662.8151,503.1613,662.8151,503.1613,43.242691677697096,-21.52418371486657,0.417,0.335,37.76,0.36931,0.26088,45.83,662.8151,503.1613,43.242691677697096,-21.52418371486657,0.11891423634,0.11374340177,0.11891423634,0.11374340177,0.345,0.337,12.08,0.3451993,0.3368904,12.08,99.0,0.0,0.95,1.245,0.197,0.032,1.0
51,51,1_8,1_90,85.53223,3.714232,21.293,0.0472,0.0,2.0,2.0,796.0,502.0,795.8673,502.0,795.8673,502.0,43.20247699985652,-21.523361144386342,0.445,0.289,0.0,0.02241,0.01341,0.0,795.8673,502.0,43.20247699985652,-21.523361144386342,0.092344895522,0.0833333,0.092344895522,0.0833333,0.304,0.289,0.0,0.303883,0.2886751,0.0,99.0,0.0,2.04,1.543,0.352,0.995,1.0
52,52,1_9,1_89,322.3062,7.210054,19.8526,0.0243,-0.01743605,10.0,10.0,676.0,496.0,675.3147,496.4384,675.3147,496.4384,43.23894009005233,-21.522245836231374,2.184,0.363,-53.82,0.05567,0.00903,-53.98,675.3147,496.4384,43.23894009005233,-21.522245836231374,0.36567721669,0.38298775263,0.36567721669,0.38298775263,0.789,0.356,-46.0,0.7886482,0.3559479,-46.0,99.0,0.0,5.3,6.01,0.834,1.0,1.0
53,53,1_10,1_88,14.44129,1.526185,23.2243,0.1148,-0.02057283,1.0,1.0,668.0,499.0,668.0,499.0,668.0,499.0,43.241140959118525,-21.5229936511789,0.289,0.289,45.0,0.03647,0.03647,45.0,668.0,499.0,43.241140959118525,-21.5229936511789,0.0833333,0.0833333,0.0833333,0.0833333,0.289,0.289,45.0,0.2886751,0.2886751,45.0,99.0,0.0,0.0,1.0,0.0,0.709,1.0
54,54,1_11,1_87,5.164595,0.9126879,24.3407,0.1919,0.3059181,2.0,2.0,680.0,489.0,680.0,489.3737,680.0,489.3737,43.23755202937943,-21.520240611104985,0.563,0.289,90.0,0.17189,0.08521,90.0,680.0,489.3737,43.23755202937943,-21.520240611104985,0.0833333,0.12764894026,0.0833333,0.12764894026,0.357,0.289,90.0,0.3572799,0.2886751,90.0,99.0,0.0,0.87,1.952,0.488,0.475,1.0
55,55,1_12,1_86,3843.392,24.89783,17.1615,0.007,-0.01130779,6.0,6.0,588.0,465.0,587.6301,465.1079,587.6301,465.1079,43.26556888154927,-21.51375181335941,0.526,0.453,-51.61,0.00344,0.00297,-53.18,587.6301,465.1079,43.26556888154927,-21.51375181335941,0.16421531664,0.079558802153,0.16421531664,0.079558802153,0.406,0.281,-4.31,0.40583,0.2812048,-4.31,99.0,0.0,1.02,1.16,0.138,1.0,1.0
57,57,1_14,1_84,3.901614,0.7932796,24.6452,0.2208,-0.008179558,2.0,2.0,668.0,449.0,668.0,448.8798,668.0,448.8798,43.24134082590025,-21.50889068099864,0.435,0.289,90.0,0.26563,0.11997,90.0,668.0,448.8798,43.24134082590025,-21.50889068099864,0.0833333,0.091238049497,0.0833333,0.091238049497,0.302,0.289,90.0,0.3020564,0.2886751,90.0,99.0,0.0,0.0,1.506,0.336,0.475,1.0
58,58,1_15,1_83,23.12208,1.931157,22.7132,0.0907,0.0,1.0,1.0,803.0,446.0,803.0,446.0,803.0,446.0,43.20054825809196,-21.507576694727167,0.289,0.289,45.0,0.02715,0.02715,45.0,803.0,446.0,43.20054825809196,-21.507576694727167,0.0833333,0.0833333,0.0833333,0.0833333,0.289,0.289,45.0,0.2886751,0.2886751,45.0,99.0,0.0,0.0,1.0,0.0,0.84,1.0
60,60,1_17,1_81,175.0287,5.313232,20.5155,0.033,0.0,4.0,4.0,916.0,438.0,916.4198,437.9996,916.4198,437.9996,43.16629982735753,-21.504894414041253,0.494,0.352,0.09,0.0159,0.0134,0.13,916.4198,437.9996,43.16629982735753,-21.504894414041253,0.25625983316,0.1098149445,0.25625983316,0.1098149445,0.506,0.331,0.01,0.5062211,0.3313834,0.01,99.0,0.0,2.21,1.401,0.286,0.999,1.0
61,61,1_18,1_80,122.2617,4.44068,20.9051,0.0394,0.0,2.0,2.0,814.0,430.0,813.9742,430.0,813.9742,430.0,43.19729637245334,-21.503033193946514,0.329,0.289,0.0,0.01476,0.011,0.0,813.9742,430.0,43.19729637245334,-21.503033193946514,0.084855447786,0.0833333,0.084855447786,0.0833333,0.291,0.289,0.0,0.2912996,0.2886751,0.0,99.0,0.0,0.0,1.141,0.123,0.996,1.0
62,62,1_19,1_79,238.2694,6.199238,20.1806,0.0283,-0.001226506,5.0,5.0,575.0,423.0,574.631,422.8484,574.631,422.8484,43.26966458872704,-21.501908275175516,0.559,0.479,78.76,0.01626,0.01317,75.94,574.631,422.8484,43.26966458872704,-21.501908275175516,0.21086351647,0.13983461003,0.21086351647,0.13983461003,0.459,0.374,-1.38,0.4592438,0.3738893,-1.38,99.0,0.0,1.44,1.167,0.143,1.0,1.0
63,63,1_20,1_78,60.42043,3.121735,21.6703,0.0561,-3.783081E-4,2.0,2.0,821.0,414.0,821.0,414.1544,821.0,414.1544,43.195237411320406,-21.49854802388277,0.462,0.289,90.0,0.02862,0.01637,90.0,821.0,414.1544,43.195237411320406,-21.49854802388277,0.0833333,0.09444145468,0.0833333,0.09444145468,0.307,0.289,90.0,0.3073133,0.2886751,90.0,34.7046,0.0,2.08,1.602,0.376,0.657,1.0
64,64,1_21,1_77,200.834,5.691447,20.3662,0.0308,0.0,3.0,3.0,524.0,412.0,524.272,412.1207,524.272,412.1207,43.28492715914598,-21.49907227012809,0.457,0.309,-17.79,0.01376,0.00957,-21.81,524.272,412.1207,43.28492715914598,-21.49907227012809,0.12770035524,0.10049094169,0.12770035524,0.10049094169,0.357,0.317,-1.71,0.3573858,0.3169648,-1.71,99.0,0.0,1.06,1.477,0.323,0.998,1.0
67,67,1_24,1_74,21.61262,1.867058,22.7865,0.0938,-3.412463E-4,1.0,1.0,1003.0,399.0,1003.0,399.0,1003.0,399.0,43.140293813024016,-21.4935866639926,0.289,0.289,45.0,0.02829,0.02829,45.0,1003.0,399.0,43.140293813024016,-21.4935866639926,0.0833333,0.0833333,0.0833333,0.0833333,0.289,0.289,45.0,0.2886751,0.2886751,45.0,99.0,0.0,0.0,1.0,0.0,0.823,1.0
69,69,1_26,1_72,168.6379,5.21533,20.5559,0.0336,0.0,4.0,4.0,551.0,365.0,550.9779,365.1168,550.9779,365.1168,43.27704065568766,-21.48575022709216,0.438,0.321,1.68,0.01592,0.01129,1.31,550.9779,365.1168,43.27704065568766,-21.48575022709216,0.10041871396,0.093423514582,0.10041871396,0.093423514582,0.317,0.306,0.17,0.3168892,0.3056525,0.17,99.0,0.0,0.0,1.363,0.266,0.999,1.0
70,70,1_27,1_71,52.23533,2.902594,21.8284,0.0603,-4.334444E-5,2.0,2.0,1007.0,355.0,1007.0,355.3572,1007.0,355.3572,43.13926722807244,-21.481290978944543,0.559,0.289,90.0,0.03501,0.01784,90.0,1007.0,355.3572,43.13926722807244,-21.481290978944543,0.0833333,0.15706038836,0.0833333,0.15706038836,0.396,0.289,90.0,0.3963085,0.2886751,90.0,99.0,0.0,0.95,1.938,0.484,0.977,1.0
71,71,1_28,1_70,58.17139,3.063084,21.7115,0.0572,0.0,2.0,2.0,624.0,353.0,624.1969,353.0,624.1969,353.0,43.25496125306596,-21.48207392903777,0.491,0.289,0.0,0.03034,0.01674,0.0,624.1969,353.0,43.25496125306596,-21.48207392903777,0.09912557072,0.0833333,0.09912557072,0.0833333,0.315,0.289,0.0,0.3148421,0.2886751,0.0,99.0,0.0,0.86,1.702,0.413,0.989,1.0
72,72,1_29,1_69,182.136,5.420035,20.4723,0.0323,-5.176393E-6,4.0,4.0,939.0,344.0,938.8659,344.3302,938.8659,344.3302,43.15990326801598,-21.47845168977408,0.487,0.317,70.24,0.01549,0.01178,71.23,938.8659,344.3302,43.15990326801598,-21.47845168977408,0.10912187008,0.1619748711,0.10912187008,0.1619748711,0.403,0.33,87.57,0.4025797,0.3301913,87.57,99.0,0.0,1.09,1.534,0.348,0.999,1.0
74,74,1_31,1_67,275.8581,6.670325,20.0216,0.0263,-2.193805E-5,3.0,3.0,1007.0,339.0,1007.1178,339.3554,1007.1178,339.3554,43.13929851565304,-21.47678801856529,0.492,0.302,-73.1,0.01237,0.00781,-70.42,1007.1178,339.3554,43.13929851565304,-21.47678801856529,0.10818571126,0.18304012991,0.10818571126,0.18304012991,0.428,0.329,-87.81,0.4279598,0.3287495,-87.81,99.0,0.0,1.09,1.628,0.386,0.998,1.0
76,76,1_33,1_65,77.58177,3.537399,21.3989,0.0495,2.805089E-6,3.0,3.0,556.0,336.0,556.2811,335.7826,556.2811,335.7826,43.275553602020985,-21.477477420531947,0.499,0.351,37.67,0.02615,0.01788,40.17,556.2811,335.7826,43.275553602020985,-21.477477420531947,0.11594506611,0.081748932462,0.11594506611,0.081748932462,0.346,0.279,17.56,0.3460479,0.279186,17.56,99.0,0.0,1.23,1.424,0.298,0.992,1.0
78,78,1_35,1_63,7.273488,1.083117,23.9689,0.1617,-1.577567E-5,1.0,1.0,982.0,330.0,982.0,330.0,982.0,330.0,43.14692796873688,-21.474253088279088,0.289,0.289,45.0,0.05851,0.05851,45.0,982.0,330.0,43.14692796873688,-21.474253088279088,0.0833333,0.0833333,0.0833333,0.0833333,0.289,0.289,45.0,0.2886751,0.2886751,45.0,99.0,0.0,0.0,1.0,0.0,0.415,1.0
79,79,1_36,1_62,54.25151,2.958081,21.7873,0.0592,-1.331072E-5,3.0,3.0,973.0,329.0,972.439,328.5832,972.439,328.5832,43.1498231014094,-21.473891435382853,0.654,0.248,44.75,0.04014,0.01775,44.7,972.439,328.5832,43.1498231014094,-21.473891435382853,0.24874560129,0.21075148417,0.24874560129,0.21075148417,0.626,0.259,41.65,0.6264958,0.2588437,41.65,99.0,0.0,2.32,2.632,0.62,0.979,1.0
80,80,1_37,1_61,180.3019,5.392676,20.4833,0.0325,-4.436908E-6,3.0,3.0,936.0,325.0,936.2221,325.3029,936.2221,325.3029,43.16078103851578,-21.47310813342005,0.512,0.349,-52.95,0.01628,0.01099,-51.67,936.2221,325.3029,43.16078103851578,-21.47310813342005,0.090337128271,0.14031965597,0.090337128271,0.14031965597,0.381,0.292,-72.92,0.3814804,0.2917696,-72.92,99.0,0.0,1.31,1.465,0.317,0.997,1.0
81,81,1_38,1_60,67.17503,3.291608,21.5553,0.0532,-5.915877E-6,3.0,3.0,942.0,303.0,942.371,303.1437,942.371,303.1437,43.15901482862403,-21.46684958151565,0.533,0.269,29.31,0.03126,0.016,32.75,942.371,303.1437,43.15901482862403,-21.46684958151565,0.15385553419,0.089340726998,0.15385553419,0.089340726998,0.393,0.298,4.91,0.392855,0.298096,4.91,99.0,0.0,1.03,1.982,0.495,0.993,1.0
82,82,1_39,1_59,594.3161,9.790681,19.1883,0.0179,0.0,26.0,26.0,819.0,298.0,818.8153,298.1164,818.8153,298.1164,43.19637088325049,-21.465906623013066,1.775,1.067,89.21,0.03407,0.02145,-89.72,818.8153,298.1164,43.19637088325049,-21.465906623013066,0.45997484388,1.6803752216,0.45997484388,1.6803752216,1.297,0.677,88.09,1.296819,0.6772081,88.09,99.0,0.0,5.58,1.663,0.399,0.987,1.0
86,86,1_43,1_55,3.280026,0.7273489,24.8336,0.2408,0.0,1.0,1.0,749.0,292.0,749.0,292.0,749.0,292.0,43.217492001307846,-21.46444836919741,0.289,0.289,45.0,0.10883,0.10883,45.0,749.0,292.0,43.217492001307846,-21.46444836919741,0.0833333,0.0833333,0.0833333,0.0833333,0.289,0.289,45.0,0.2886751,0.2886751,45.0,99.0,0.0,0.0,1.0,0.0,0.37,1.0
88,88,1_45,1_53,219.3312,5.947773,20.2705,0.0294,1.754876E-4,3.0,3.0,969.0,284.0,969.2956,284.2226,969.2956,284.2226,43.15095767178167,-21.46142195072423,0.509,0.35,-37.53,0.01452,0.0099,-38.56,969.2956,284.2226,43.15095767178167,-21.46142195072423,0.13217122868,0.088777208206,0.13217122868,0.088777208206,0.37,0.29,-17.71,0.3702716,0.2895641,-17.71,99.0,0.0,1.29,1.453,0.312,0.997,1.0
89,89,1_46,1_52,1.280997,0.4545463,25.8544,0.3854,6.161178E-6,1.0,1.0,577.0,282.0,577.0,282.0,577.0,282.0,43.26950526617115,-21.462269993443563,0.289,0.289,45.0,0.24753,0.24753,45.0,577.0,282.0,43.26950526617115,-21.462269993443563,0.0833333,0.0833333,0.0833333,0.0833333,0.289,0.289,45.0,0.2886751,0.2886751,45.0,99.0,0.0,0.0,1.0,0.0,0.025,1.0
91,91,1_48,1_50,30.13359,2.204599,22.4257,0.0795,-2.457174E-4,2.0,2.0,576.0,280.0,575.9818,280.0,575.9818,280.0,43.26982085518608,-21.46171099838402,0.318,0.289,0.0,0.04227,0.02509,0.0,575.9818,280.0,43.26982085518608,-21.46171099838402,0.084422507821,0.0833333,0.084422507821,0.0833333,0.291,0.289,0.0,0.2905555,0.2886751,0.0,35.1446,0.0,0.0,1.102,0.093,0.789,1.0
94,94,1_51,1_47,240.7518,6.231448,20.1694,0.0281,-1.277582E-4,4.0,4.0,586.0,266.0,585.6288,266.2722,585.6288,266.2722,43.26696028952277,-21.457813507529423,0.487,0.441,17.47,0.01328,0.01232,15.22,585.6288,266.2722,43.26696028952277,-21.457813507529423,0.17659603836,0.10895284728,0.17659603836,0.10895284728,0.421,0.33,4.14,0.4206579,0.3295388,4.14,35.8263,0.0,1.01,1.105,0.095,0.999,1.0
98,98,1_55,1_43,74.28053,3.461319,21.4461,0.0506,2.588029E-6,3.0,3.0,532.0,235.0,531.998,235.4692,531.998,235.4692,43.28328688729124,-21.449342042204183,0.577,0.292,-89.76,0.02649,0.01289,-79.23,531.998,235.4692,43.28328688729124,-21.449342042204183,0.083420747803,0.23319445744,0.083420747803,0.23319445744,0.483,0.289,-89.97,0.4829022,0.2888264,-89.97,99.0,0.0,0.94,1.974,0.493,0.993,1.0
100,100,1_57,1_41,27.00797,2.087133,22.5446,0.0839,1.239749E-5,4.0,4.0,608.0,214.0,607.4752,214.207,607.4752,214.207,43.2605664703866,-21.44308537789032,0.589,0.388,-44.79,0.06724,0.05227,-79.12,607.4752,214.207,43.2605664703866,-21.44308537789032,0.19484925052,0.068172449447,0.19484925052,0.068172449447,0.455,0.237,-16.35,0.4547345,0.2371459,-16.35,99.0,0.0,1.7,1.52,0.342,0.921,1.0
103,103,1_60,1_38,134.4806,4.657298,20.8017,0.0376,0.0,3.0,3.0,844.0,205.0,844.5106000000001,204.9352,844.5106000000001,204.9352,43.18898868130052,-21.439592321585103,0.505,0.235,-9.26,0.01891,0.01022,-15.03,844.5106000000001,204.9352,43.18898868130052,-21.439592321585103,0.25058663296,0.086481814303,0.25058663296,0.086481814303,0.501,0.294,-0.87,0.5006239,0.2940138,-0.87,99.0,0.0,1.95,2.145,0.534,0.996,1.0
104,104,1_61,1_37,154.6624,4.994552,20.6498,0.0351,1.845014E-6,4.0,4.0,547.0,194.0,546.83,194.0352,546.83,194.0352,43.27896932356954,-21.437631354154902,0.524,0.342,2.17,0.017,0.00859,3.3,546.83,194.0352,43.27896932356954,-21.437631354154902,0.1023859409,0.08599053189,0.1023859409,0.08599053189,0.32,0.293,0.14,0.3199782,0.2932413,0.14,99.0,0.0,0.96,1.533,0.348,0.999,1.0
106,106,1_63,1_35,223.3189,6.001598,20.251,0.0292,0.0,4.0,4.0,714.0,193.0,714.5173,192.6525,714.5173,192.6525,43.2283126212816,-21.436625806248948,0.601,0.339,-42.32,0.01678,0.01022,-42.61,714.5173,192.6525,43.2283126212816,-21.436625806248948,0.22715827279,0.13730245047,0.22715827279,0.13730245047,0.522,0.304,-30.02,0.5217342,0.3037337,-30.02,99.0,0.0,1.94,1.771,0.435,0.999,1.0
107,107,1_64,1_34,28.36643,2.138979,22.4913,0.0819,0.0,1.0,1.0,892.0,185.0,892.0,185.0,892.0,185.0,43.1747234022693,-21.433802565582194,0.289,0.289,45.0,0.02403,0.02403,45.0,892.0,185.0,43.1747234022693,-21.433802565582194,0.0833333,0.0833333,0.0833333,0.0833333,0.289,0.289,45.0,0.2886751,0.2886751,45.0,99.0,0.0,0.0,1.0,0.0,0.887,1.0
110,110,1_67,1_31,479.239,8.79185,19.4219,0.0199,1.834727E-5,11.0,11.0,994.0,154.0,994.6388,154.443,994.6388,154.443,43.14384302616977,-21.4248097597947,1.778,0.381,49.0,0.03604,0.0078,49.33,994.6388,154.443,43.14384302616977,-21.4248097597947,0.37106323939,0.2892079058,0.37106323939,0.2892079058,0.733,0.351,39.29,0.7327644,0.3511802,39.29,99.0,0.0,4.58,4.661,0.785,1.0,1.0
111,111,1_68,1_30,22.72236,1.914392,22.7322,0.0915,3.872397E-6,1.0,1.0,1001.0,157.0,1001.0,157.0,1001.0,157.0,43.141910608904574,-21.42550442570764,0.289,0.289,45.0,0.02744,0.02744,45.0,1001.0,157.0,43.141910608904574,-21.42550442570764,0.0833333,0.0833333,0.0833333,0.0833333,0.289,0.289,45.0,0.2886751,0.2886751,45.0,99.0,0.0,0.0,1.0,0.0,0.836,1.0
112,112,1_69,1_29,229.2704,6.081044,20.2224,0.0288,1.046516E-7,4.0,4.0,896.0,157.0,895.6264,156.8974,895.6264,156.8974,43.17374412294132,-21.425882260016223,0.493,0.288,-13.87,0.01379,0.00951,-13.37,895.6264,156.8974,43.17374412294132,-21.425882260016223,0.18938415933,0.10405679217,0.18938415933,0.10405679217,0.435,0.322,-1.68,0.4352678,0.3224638,-1.68,99.0,0.0,1.26,1.713,0.416,0.999,1.0
113,113,1_70,1_28,387.0896,7.901506,19.6538,0.0222,2.445077E-5,4.0,4.0,999.0,153.0,999.3915,153.1361,999.3915,153.1361,43.14241274110619,-21.42442360040994,0.709,0.335,-55.37,0.01509,0.00702,-55.6,999.3915,153.1361,43.14241274110619,-21.42442360040994,0.1992014444,0.19853515506,0.1992014444,0.19853515506,0.524,0.351,-44.87,0.5236468,0.3514692,-44.87,99.0,0.0,2.24,2.12,0.528,0.999,1.0
114,114,1_71,1_27,4.68349,0.8691385,24.4469,0.2015,3.732589E-5,1.0,1.0,1005.0,151.0,1005.0,151.0,1005.0,151.0,43.14072741288926,-21.42380080927206,0.289,0.289,45.0,0.08166,0.08166,45.0,1005.0,151.0,43.14072741288926,-21.42380080927206,0.0833333,0.0833333,0.0833333,0.0833333,0.289,0.289,45.0,0.2886751,0.2886751,45.0,99.0,0.0,0.0,1.0,0.0,0.372,1.0
115,115,1_72,1_26,47.28238,2.761556,21.9366,0.0634,4.731781E-5,2.0,2.0,1003.0,149.0,1003.1159,149.0,1003.1159,149.0,43.14130498252577,-21.423245456425345,0.431,0.289,0.0,0.03262,0.01894,0.0,1003.1159,149.0,43.14130498252577,-21.423245456425345,0.090872066378,0.0833333,0.090872066378,0.0833333,0.301,0.289,0.0,0.30145,0.2886751,0.0,99.0,0.0,0.0,1.493,0.33,0.986,1.0
116,116,1_73,1_25,0.8040874,0.3601271,26.36,0.4864,5.883286E-5,1.0,1.0,1004.0,147.0,1004.0,147.0,1004.0,147.0,43.14104629986132,-21.42267933366217,0.289,0.289,45.0,0.38157,0.38157,45.0,1004.0,147.0,43.14104629986132,-21.42267933366217,0.0833333,0.0833333,0.0833333,0.0833333,0.289,0.289,45.0,0.2886751,0.2886751,45.0,99.0,0.0,0.0,1.0,0.0,0.028,1.0
118,118,1_75,1_23,359.2075,7.611616,19.7349,0.023,-5.6665E-4,7.0,7.0,986.0,146.0,985.9905,145.7432,985.9905,145.7432,43.14649207841365,-21.422395730895104,0.725,0.481,52.44,0.01718,0.01104,53.24,985.9905,145.7432,43.14649207841365,-21.422395730895104,0.14356137677,0.1723576342,0.14356137677,0.1723576342,0.43,0.362,61.21,0.4299034,0.3620802,61.21,34.1723,0.0,1.53,1.506,0.336,0.976,1.0
119,119,1_76,1_22,379.8399,7.827165,19.6743,0.0224,7.787714E-5,10.0,10.0,1007.0,144.0,1007.2795,143.5862,1007.2795,143.5862,43.14006993201647,-21.42170612771541,1.793,0.323,57.4,0.04325,0.00732,57.73,1007.2795,143.5862,43.14006993201647,-21.42170612771541,0.27006111175,0.35436721931,0.27006111175,0.35436721931,0.71,0.347,51.36,0.7097794,0.347335,51.36,99.0,16.0,4.51,5.548,0.82,1.0,1.0
120,120,1_77,1_21,64.34343,3.221486,21.602,0.0544,0.01260414,3.0,3.0,982.0,146.0,981.8272,145.7929,981.8272,145.7929,43.14774956505634,-21.422425866878392,0.437,0.341,-53.26,0.02679,0.02009,-49.22,981.8272,145.7929,43.14774956505634,-21.422425866878392,0.12120607074,0.13012725971,0.12120607074,0.13012725971,0.361,0.348,-78.24,0.3612908,0.3475662,-78.24,99.0,0.0,1.0,1.282,0.22,0.993,1.0
121,121,1_78,1_20,92.19557,3.856197,21.2115,0.0454,0.3572602,2.0,2.0,988.0,141.0,987.8009,141.0,987.8009,141.0,43.14596504986546,-21.42105425246915,0.493,0.289,0.0,0.0228,0.0128,0.0,987.8009,141.0,43.14596504986546,-21.42105425246915,0.099390525859,0.0833333,0.099390525859,0.0833333,0.315,0.289,0.0,0.3152626,0.2886751,0.0,99.0,0.0,0.86,1.707,0.414,0.995,1.0
122,122,1_79,1_19,197.5598,5.644864,20.3841,0.031,0.3232276,9.0,9.0,992.0,139.0,993.2157,139.0481,993.2157,139.0481,43.14433748857241,-21.42048407589308,1.476,0.523,-22.39,0.05067,0.01694,-23.4,993.2157,139.0481,43.14433748857241,-21.42048407589308,0.46877722731,0.23945610782,0.46877722731,0.23945610782,0.688,0.484,8.34,0.688337,0.484175,8.34,99.0,0.0,5.22,2.823,0.646,1.0,1.0
123,123,1_80,1_18,16.72127,1.642248,23.0651,0.1067,1.160224E-4,2.0,2.0,998.0,135.0,998.2774,134.7226,998.2774,134.7226,43.142826568100325,-21.419247469977584,0.696,0.289,-45.0,0.09774,0.03741,45.0,998.2774,134.7226,43.142826568100325,-21.419247469977584,0.10173760383,0.10173760383,0.10173760383,0.10173760383,0.347,0.289,45.0,0.3466149,0.2886751,45.0,99.0,0.0,1.45,2.411,0.585,0.736,1.0
125,125,1_82,1_16,4.490047,0.8510001,24.4927,0.2058,0.0,1.0,1.0,631.0,132.0,631.0,132.0,631.0,132.0,43.25378790805445,-21.41987159039992,0.289,0.289,45.0,0.08442,0.08442,45.0,631.0,132.0,43.25378790805445,-21.41987159039992,0.0833333,0.0833333,0.0833333,0.0833333,0.289,0.289,45.0,0.2886751,0.2886751,45.0,99.0,0.0,0.0,1.0,0.0,0.371,1.0
126,126,1_83,1_15,68.14262,3.315229,21.5398,0.0528,1.183429E-4,1.0,1.0,960.0,114.0,960.0,114.0,960.0,114.0,43.15447618692678,-21.41356591467337,0.289,0.289,45.0,0.01467,0.01467,45.0,960.0,114.0,43.15447618692678,-21.41356591467337,0.0833333,0.0833333,0.0833333,0.0833333,0.289,0.289,45.0,0.2886751,0.2886751,45.0,99.0,0.0,0.0,1.0,0.0,0.985,1.0
128,128,1_85,1_13,254.4993,6.406892,20.1091,0.0273,0.0,2.0,2.0,526.0,110.0,526.0,110.3937,526.0,110.3937,43.28559339905795,-21.41417640946298,0.567,0.289,90.0,0.01465,0.00744,90.0,526.0,110.3937,43.28559339905795,-21.41417640946298,0.0833333,0.18221503071,0.0833333,0.18221503071,0.427,0.289,90.0,0.4268665,0.2886751,90.0,99.0,0.0,0.95,1.966,0.491,0.997,1.0
129,129,1_86,1_12,15.98919,1.605896,23.1137,0.1091,2.845407E-4,2.0,2.0,1006.0,107.0,1005.6146,107.0,1005.6146,107.0,43.14072662707094,-21.411419556302143,0.566,0.289,0.0,0.07707,0.03863,0.0,1005.6146,107.0,43.14072662707094,-21.411419556302143,0.17583432005,0.0833333,0.17583432005,0.0833333,0.419,0.289,0.0,0.419326,0.2886751,0.0,99.0,0.0,0.95,1.96,0.49,0.621,1.0
130,130,1_87,1_11,1.637811,0.5139679,25.5876,0.3408,1.106829E-4,2.0,2.0,945.0,94.0,945.0,93.7069,945.0,93.7069,43.15909199770774,-21.407914821191657,0.539,0.289,90.0,0.55593,0.26521,90.0,945.0,93.7069,43.15909199770774,-21.407914821191657,0.0833333,0.11243231129,0.0833333,0.11243231129,0.335,0.289,90.0,0.3353093,0.2886751,90.0,99.0,0.0,0.92,1.867,0.464,0.033,1.0
131,131,1_88,1_10,52.79084,2.917988,21.8169,0.06,3.359585E-4,5.0,5.0,1004.0,92.0,1003.5258,91.9141,1003.5258,91.9141,43.141421021762206,-21.40718354866374,0.528,0.309,23.46,0.0415,0.02981,52.18,1003.5258,91.9141,43.141421021762206,-21.40718354866374,0.20956089423,0.093670506502,0.20956089423,0.093670506502,0.458,0.306,2.4,0.4580003,0.3057239,2.4,99.0,0.0,1.05,1.705,0.413,0.996,1.0
132,132,1_89,1_9,15.34135,1.573026,23.1586,0.1114,0.0,1.0,1.0,619.0,86.0,619.0,86.0,619.0,86.0,43.25759736025087,-21.40697510369609,0.289,0.289,45.0,0.03507,0.03507,45.0,619.0,86.0,43.25759736025087,-21.40697510369609,0.0833333,0.0833333,0.0833333,0.0833333,0.289,0.289,45.0,0.2886751,0.2886751,45.0,99.0,0.0,0.0,1.0,0.0,0.729,1.0
137,137,1_94,1_4,26.977,2.085936,22.5458,0.084,2.402205E-4,1.0,1.0,976.0,32.0,976.0,32.0,976.0,32.0,43.149986906270975,-21.390435355842463,0.289,0.289,45.0,0.02475,0.02475,45.0,976.0,32.0,43.149986906270975,-21.390435355842463,0.0833333,0.0833333,0.0833333,0.0833333,0.289,0.289,45.0,0.2886751,0.2886751,45.0,99.0,0.0,0.0,1.0,0.0,0.876,1.0
138,138,1_95,1_3,26.65641,2.073505,22.5588,0.0845,0.0,1.0,1.0,611.0,29.0,611.0,29.0,611.0,29.0,43.2602426394192,-21.390970129628528,0.289,0.289,45.0,0.02493,0.02493,45.0,611.0,29.0,43.2602426394192,-21.390970129628528,0.0833333,0.0833333,0.0833333,0.0833333,0.289,0.289,45.0,0.2886751,0.2886751,45.0,99.0,0.0,0.0,1.0,0.0,0.873,1.0
139,139,1_96,1_96,17.10128,1.660804,23.0407,0.1055,-0.01461551,1.0,1.0,688.0,506.0,688.0,506.0,688.0,506.0,43.23506738041672,-21.52488941504229,0.289,0.289,45.0,0.03272,0.03272,45.0,688.0,506.0,43.23506738041672,-21.52488941504229,0.0833333,0.0833333,0.0833333,0.0833333,0.289,0.289,45.0,0.2886751,0.2886751,45.0,99.0,0.0,0.0,1.0,0.0,0.762,1.0
142,142,2_3,2_39,0.3169119,0.2260859,27.371,0.7748,0.0,2.0,2.0,1113.0,481.0,1113.0,480.5127,1113.0,480.5127,43.10670376637406,-21.516093182678222,0.577,0.289,90.0,2.60972,1.30454,90.0,1113.0,480.5127,43.10670376637406,-21.516093182678222,0.0833333,0.26055495088,0.0833333,0.26055495088,0.51,0.289,90.0,0.5104458,0.2886751,90.0,99.0,0.0,0.96,2.0,0.5,0.001,2.0
147,147,2_8,2_34,2.621624,0.6502634,25.0769,0.2694,0.0,1.0,1.0,1332.0,404.0,1332.0,404.0,1332.0,404.0,43.04083877905069,-21.493687188368888,0.289,0.289,45.0,0.13134,0.13134,45.0,1332.0,404.0,43.04083877905069,-21.493687188368888,0.0833333,0.0833333,0.0833333,0.0833333,0.289,0.289,45.0,0.2886751,0.2886751,45.0,99.0,0.0,0.0,1.0,0.0,0.374,2.0
153,153,2_14,2_28,24.85463,2.002202,22.6348,0.0875,0.0,5.0,5.0,1242.0,352.0,1242.3235,352.3072,1242.3235,352.3072,43.06816468743107,-21.47950344499853,0.591,0.419,-59.93,0.08627,0.05609,-63.84,1242.3235,352.3072,43.06816468743107,-21.47950344499853,0.13750908221,0.19706942871,0.13750908221,0.19706942871,0.452,0.361,-72.18,0.4515876,0.3614515,-72.18,99.0,0.0,1.4,1.411,0.291,0.868,2.0
154,154,2_15,2_27,10.46231,1.299026,23.5742,0.1348,0.0,6.0,6.0,1307.0,350.0,1307.1352,350.1598,1307.1352,350.1598,43.04858770163477,-21.47863796575274,0.541,0.352,-17.81,0.20198,0.14965,-33.64,1307.1352,350.1598,43.04858770163477,-21.47863796575274,0.14557773931,0.11580977796,0.14557773931,0.11580977796,0.382,0.34,-4.11,0.3817492,0.3400809,-4.11,99.0,0.0,1.16,1.537,0.349,0.673,2.0
160,160,2_21,2_21,0.5329992,0.2932023,26.8065,0.5974,0.0,2.0,2.0,1301.0,249.0,1300.6121,249.0,1300.6121,249.0,43.050998675959534,-21.450200147062755,0.566,0.289,0.0,1.5913,0.78222,0.0,1300.6121,249.0,43.050998675959534,-21.450200147062755,0.17773440936,0.0833333,0.17773440936,0.0833333,0.422,0.289,0.0,0.4215856,0.2886751,0.0,99.0,0.0,0.95,1.962,0.49,0.008,2.0
172,172,2_33,2_9,24.63741,1.993433,22.6443,0.0879,2.626585E-7,7.0,7.0,1493.0,152.0,1493.0507,151.6325,1493.0507,151.6325,42.99328842431812,-21.422014288109857,0.601,0.459,-22.24,0.12487,0.06581,-12.1,1493.0507,151.6325,42.99328842431812,-21.422014288109857,0.098683514719,0.12810152892,0.098683514719,0.12810152892,0.363,0.308,-71.05,0.3633617,0.3078203,-71.05,99.0,0.0,1.28,1.308,0.235,0.976,2.0
173,173,2_34,2_8,346.7395,7.478351,19.7733,0.0234,-3.725305E-4,16.0,16.0,1007.0,146.0,1007.5445,145.5038,1007.5445,145.5038,43.13998182278369,-21.42224459549527,1.111,0.787,-2.06,0.02831,0.02053,-1.59,1007.5445,145.5038,43.13998182278369,-21.42224459549527,0.58854985962,0.41080143768,0.58854985962,0.41080143768,0.771,0.637,-9.74,0.7706815,0.6367114,-9.74,99.0,16.0,3.18,1.412,0.292,1.0,2.0
174,174,2_35,2_7,21.5312,1.863538,22.7906,0.094,7.078005E-7,5.0,5.0,1301.0,138.0,1301.5623,138.2833,1301.5623,138.2833,43.05119379284666,-21.41904466898191,0.581,0.341,38.77,0.09239,0.06518,-2.47,1301.5623,138.2833,43.05119379284666,-21.41904466898191,0.24678754187,0.10807158431,0.24678754187,0.10807158431,0.519,0.292,20.68,0.5194486,0.291603,20.68,99.0,0.0,2.22,1.705,0.413,0.843,2.0
176,176,2_37,2_5,14.33392,1.520501,23.2324,0.1152,3.036604E-7,3.0,3.0,1328.0,110.0,1328.3153,110.3199,1328.3153,110.3199,43.04323452411533,-21.411068405751134,0.717,0.293,45.11,0.10385,0.04841,51.05,1328.3153,110.3199,43.04323452411533,-21.411068405751134,0.11304549542,0.11463535225,0.11304549542,0.11463535225,0.379,0.29,45.77,0.3788288,0.2901199,45.77,99.0,0.0,1.47,2.452,0.592,0.74,2.0
177,177,2_38,2_4,12.2082,1.403234,23.4067,0.1248,0.0,3.0,3.0,1181.0,98.0,1181.0943,98.027,1181.0943,98.027,43.08775828214068,-21.40820328837965,0.411,0.331,-2.46,0.08676,0.07703,-44.24,1181.0943,98.027,43.08775828214068,-21.40820328837965,0.089372221614,0.085092389726,0.089372221614,0.085092389726,0.299,0.292,-0.14,0.2989519,0.291706,-0.14,99.0,0.0,2.1,1.242,0.195,0.786,2.0
180,180,3_1,3_1,26.81976,2.079848,22.5522,0.0842,0.0,1.0,1.0,1608.0,13.0,1608.0,13.0,1608.0,13.0,42.95919190010987,-21.382526699747157,0.289,0.289,45.0,0.02239,0.02239,45.0,1608.0,13.0,42.95919190010987,-21.382526699747157,0.0833333,0.0833333,0.0833333,0.0833333,0.289,0.289,45.0,0.2886751,0.2886751,45.0,58.7836,0.0,0.0,1.0,0.0,0.999,3.0
181,181,3_2,3_136,6.080848,0.9903443,24.1634,0.1769,-1.037468E-4,1.0,1.0,1860.0,496.0,1860.0,496.0,1860.0,496.0,42.88082676083319,-21.51735796996184,0.289,0.289,45.0,0.04701,0.04701,45.0,1860.0,496.0,42.88082676083319,-21.51735796996184,0.0833333,0.0833333,0.0833333,0.0833333,0.289,0.289,45.0,0.2886751,0.2886751,45.0,35.3026,0.0,0.0,1.0,0.0,0.997,3.0
182,182,3_3,3_135,18.52134,1.728385,22.9541,0.1013,3.837708E-5,1.0,1.0,1554.0,494.0,1554.0,494.0,1554.0,494.0,42.97333880890174,-21.518098881277872,0.289,0.289,45.0,0.02694,0.02694,45.0,1554.0,494.0,42.97333880890174,-21.518098881277872,0.0833333,0.0833333,0.0833333,0.0833333,0.289,0.289,45.0,0.2886751,0.2886751,45.0,41.1361,0.0,0.0,1.0,0.0,0.999,3.0
183,183,3_4,3_134,116.7314,4.339083,20.9553,0.0404,2.056208E-5,4.0,4.0,1568.0,475.0,1568.2028,474.7919,1568.2028,474.7919,42.96913170698694,-21.512634229125425,0.408,0.4,57.83,0.01518,0.01485,57.83,1568.2028,474.7919,42.96913170698694,-21.512634229125425,0.12152269152,0.12289946791,0.12152269152,0.12289946791,0.351,0.349,82.69,0.350603,0.348568,82.69,41.0746,0.0,0.88,1.022,0.022,1.0,3.0
185,185,3_6,3_132,20.1513,1.802834,22.8625,0.0972,0.0,1.0,1.0,1702.0,472.0,1702.0,472.0,1702.0,472.0,42.92869992366365,-21.511283722644663,0.289,0.289,45.0,0.02583,0.02583,45.0,1702.0,472.0,42.92869992366365,-21.511283722644663,0.0833333,0.0833333,0.0833333,0.0833333,0.289,0.289,45.0,0.2886751,0.2886751,45.0,34.2905,0.0,0.0,1.0,0.0,0.999,3.0
186,186,3_7,3_131,126.4641,4.516351,20.8684,0.0388,0.0,5.0,5.0,1717.0,469.0,1716.443,469.0276,1716.443,469.0276,42.92434765380794,-21.510385701102265,0.611,0.467,64.45,0.02182,0.01667,64.45,1716.443,469.0276,42.92434765380794,-21.510385701102265,0.24841164761,0.13692484104,0.24841164761,0.13692484104,0.502,0.364,10.66,0.5024981,0.3644615,10.66,34.6877,0.0,1.7,1.31,0.236,1.0,3.0
187,187,3_8,3_130,244.8535,6.284306,20.151,0.0279,0.0,14.0,14.0,1706.0,462.0,1704.1627,462.6919,1704.1627,462.6919,42.92808872908248,-21.508655128477866,1.684,0.928,-25.32,0.04322,0.02381,-25.32,1704.1627,462.6919,42.92808872908248,-21.508655128477866,1.7146575184,0.27514121564,1.7146575184,0.27514121564,1.317,0.507,-6.44,1.316517,0.5065393,-6.44,34.5939,0.0,7.47,1.815,0.449,1.0,3.0
188,188,3_9,3_129,84.49683,3.691683,21.3062,0.0474,3.836351E-6,4.0,4.0,1692.0,464.0,1692.2007,463.641,1692.2007,463.641,42.93170024110218,-21.50897312915704,0.523,0.342,58.2,0.02285,0.01494,58.2,1692.2007,463.641,42.93170024110218,-21.50897312915704,0.077868278217,0.18952666382,0.077868278217,0.18952666382,0.44,0.272,79.58,0.4398113,0.2719576,79.58,34.6877,0.0,1.38,1.53,0.346,1.0,3.0
189,189,3_10,3_128,240.0627,6.222523,20.1725,0.0281,3.312156E-4,8.0,8.0,1712.0,462.0,1712.4009,461.8501,1712.4009,461.8501,42.92560235535216,-21.508383126979258,0.801,0.483,77.62,0.02076,0.01253,77.62,1712.4009,461.8501,42.92560235535216,-21.508383126979258,0.21000370821,0.29847864611,0.21000370821,0.29847864611,0.549,0.455,79.58,0.5491585,0.4548706,79.58,37.4381,2.0,1.82,1.657,0.397,1.0,3.0
190,190,3_11,3_128,21483.61,58.86508,15.293,0.003,-3.968703E-5,222.0,222.0,1711.0,443.0,1713.3136,443.5467,1713.3136,443.5467,42.92541024573184,-21.503228502914386,4.785,3.557,-86.07,0.01311,0.00975,-86.07,1713.3136,443.5467,42.92541024573184,-21.503228502914386,2.6914192569,1.7876882212,2.6914192569,1.7876882212,1.642,1.335,3.99,1.6419,1.335392,3.99,36.9402,3.0,4.63,1.345,0.257,0.986,3.0
191,191,3_12,3_127,62.37763,3.171894,21.6357,0.0552,1.220943E-4,3.0,3.0,1697.0,462.0,1696.9494,462.3678,1696.9494,462.3678,42.93027062889561,-21.508594636602517,0.488,0.207,-80.43,0.0248,0.0105,-80.43,1696.9494,462.3678,42.93027062889561,-21.508594636602517,0.084328819497,0.1493694444,0.084328819497,0.1493694444,0.387,0.29,-89.18,0.3865005,0.2903716,-89.18,34.9932,0.0,0.79,2.362,0.577,1.0,3.0
193,193,3_14,3_125,589.8387,9.753732,19.1965,0.018,-5.51247E-4,12.0,12.0,1696.0,456.0,1695.9391,456.7046,1695.9391,456.7046,42.930601883239895,-21.50700526435755,0.95,0.532,52.35,0.0157,0.0088,52.35,1695.9391,456.7046,42.930601883239895,-21.50700526435755,0.24759196635,0.35560949351,0.24759196635,0.35560949351,0.629,0.455,62.4,0.6294873,0.4549145,62.4,33.8047,3.0,2.66,1.785,0.44,1.0,3.0
194,194,3_15,3_125,18275.3,54.29208,15.4686,0.0032,-5.780685E-5,212.0,212.0,1695.0,443.0,1693.1669,442.5653,1693.1669,442.5653,42.93150440012434,-21.503038152346114,5.086,3.167,-84.91,0.01511,0.00941,-84.91,1693.1669,442.5653,42.93150440012434,-21.503038152346114,3.3588732921,3.4791573405,3.3588732921,3.4791573405,1.895,1.802,-55.28,1.894796,1.80216,-55.28,36.3181,3.0,10.9,1.606,0.377,1.0,3.0
195,195,3_16,3_125,166.456,5.181481,20.5701,0.0338,0.0,6.0,6.0,1678.0,444.0,1677.855,443.8204,1677.855,443.8204,42.93612693757192,-21.50345642419691,0.795,0.371,6.28,0.02475,0.01155,6.28,1677.855,443.8204,42.93612693757192,-21.50345642419691,0.25985218926,0.082406052049,0.25985218926,0.082406052049,0.51,0.287,1.95,0.509958,0.2867072,1.95,36.24,3.0,2.07,2.143,0.533,1.0,3.0
196,196,3_17,3_125,131.5385,4.606071,20.8257,0.038,0.0,9.0,9.0,1688.0,420.0,1687.5506,419.6952,1687.5506,419.6952,42.933306361120685,-21.49662624880233,0.537,0.447,32.11,0.0188,0.01566,32.11,1687.5506,419.6952,42.933306361120685,-21.49662624880233,0.2206368225,0.12464357478,0.2206368225,0.12464357478,0.472,0.349,9.14,0.4724301,0.3494141,9.14,39.6809,2.0,0.92,1.2,0.167,1.0,3.0
197,197,3_18,3_124,115.823,4.322168,20.9638,0.0405,-2.335045E-4,7.0,7.0,1717.0,458.0,1716.8937,458.1814,1716.8937,458.1814,42.92426108185674,-21.50733155743962,1.203,0.368,-55.0,0.04488,0.01373,-55.0,1716.8937,458.1814,42.92426108185674,-21.50733155743962,0.35413469556,0.54290064967,0.35413469556,0.54290064967,0.876,0.361,-53.63,0.8755567,0.361159,-53.63,34.4193,0.0,3.93,3.269,0.694,1.0,3.0
198,198,3_19,3_123,40.20758,2.546585,22.1125,0.0688,0.001642494,1.0,1.0,1700.0,460.0,1700.0,460.0,1700.0,460.0,42.9293593206616,-21.507915332115093,0.289,0.289,45.0,0.01828,0.01828,45.0,1700.0,460.0,42.9293593206616,-21.507915332115093,0.0833333,0.0833333,0.0833333,0.0833333,0.289,0.289,45.0,0.2886751,0.2886751,45.0,99.0,0.0,0.0,1.0,0.0,0.999,3.0
199,199,3_20,3_122,4.470548,0.8491502,24.4974,0.2063,-0.005067527,2.0,2.0,1686.0,454.0,1686.117,454.0,1686.117,454.0,42.93358318320642,-21.506285939789645,0.432,0.289,0.0,0.08216,0.05489,0.0,1686.117,454.0,42.93358318320642,-21.506285939789645,0.090965522165,0.0833333,0.090965522165,0.0833333,0.302,0.289,0.0,0.3016049,0.2886751,0.0,31.8364,0.0,2.0,1.497,0.332,1.0,3.0
201,201,3_22,3_121,96044.11,124.4628,13.6671,0.0014,0.0,4.0,4.0,1703.0,433.0,1702.9112,432.6345,1702.9112,432.6345,42.92860442965068,-21.50020207185656,0.508,0.25,72.33,6.6E-4,3.2E-4,72.33,1702.9112,432.6345,42.92860442965068,-21.50020207185656,0.085190151422,0.14485070756,0.085190151422,0.14485070756,0.381,0.292,88.33,0.3806592,0.2917866,88.33,36.0795,7.0,0.0,2.034,0.508,1.0,3.0
203,203,3_24,3_119,7.880173,1.127384,23.882,0.1554,-0.001696569,1.0,1.0,1672.0,444.0,1672.0,444.0,1672.0,444.0,42.93789588538689,-21.503531815390478,0.289,0.289,45.0,0.0413,0.0413,45.0,1672.0,444.0,42.93789588538689,-21.503531815390478,0.0833333,0.0833333,0.0833333,0.0833333,0.289,0.289,45.0,0.2886751,0.2886751,45.0,33.0404,0.0,0.0,1.0,0.0,0.998,3.0
204,204,3_25,3_118,1.378397,0.4715104,25.7749,0.3715,-0.001903846,3.0,3.0,1958.0,442.0,1957.8944,442.1415,1957.8944,442.1415,42.8514869185826,-21.501773195806223,0.532,0.316,-49.24,0.18235,0.1082,-49.24,1957.8944,442.1415,42.8514869185826,-21.501773195806223,0.083478986553,0.085300123414,0.083478986553,0.085300123414,0.292,0.289,-85.46,0.2920816,0.2889073,-85.46,32.9226,0.0,2.36,1.685,0.407,0.999,3.0
205,205,3_26,3_117,4.450726,0.8472656,24.5022,0.2067,1.421039E-4,2.0,2.0,1735.0,442.0,1735.1845,442.1845,1735.1845,442.1845,42.91880563944651,-21.502751748012447,0.62,0.289,45.0,0.118,0.05495,45.0,1735.1845,442.1845,42.91880563944651,-21.502751748012447,0.084143359199,0.084143359199,0.084143359199,0.084143359199,0.291,0.289,45.0,0.2914677,0.2886751,45.0,37.4885,0.0,1.37,2.147,0.534,0.941,3.0
206,206,3_27,3_116,14.75093,1.54246,23.2013,0.1136,0.002373823,2.0,2.0,1732.0,443.0,1732.1612,443.0,1732.1612,443.0,42.919715741139065,-21.50299416629272,0.467,0.289,0.0,0.04888,0.03018,0.0,1732.1612,443.0,42.919715741139065,-21.50299416629272,0.095138678397,0.0833333,0.095138678397,0.0833333,0.308,0.289,0.0,0.3084456,0.2886751,0.0,99.0,0.0,-1.55,1.619,0.382,1.0,3.0
208,208,3_29,3_114,21.13332,1.846239,22.8109,0.0949,-6.497504E-6,2.0,2.0,1745.0,442.0,1745.0,441.9866,1745.0,441.9866,42.91583964556088,-21.50265404477808,0.311,0.289,90.0,0.02715,0.02522,90.0,1745.0,441.9866,42.91583964556088,-21.50265404477808,0.0833333,0.08414477132,0.0833333,0.08414477132,0.29,0.289,90.0,0.2900772,0.2886751,90.0,34.3965,0.0,1.66,1.076,0.071,1.0,3.0
209,209,3_30,3_113,90.97179,3.830518,21.226,0.0457,-0.001515807,3.0,3.0,1675.0,442.0,1674.8346,441.7344,1674.8346,441.7344,42.93704940256247,-21.502882231998104,0.468,0.338,-61.49,0.0197,0.01423,-61.49,1674.8346,441.7344,42.93704940256247,-21.502882231998104,0.12817274278,0.1635663963,0.12817274278,0.1635663963,0.405,0.357,-83.42,0.4050235,0.3573445,-83.42,33.1518,0.0,1.07,1.385,0.278,1.0,3.0
210,210,3_31,3_112,81.25343,3.620137,21.3487,0.0484,0.01369764,4.0,4.0,1679.0,441.0,1679.4191,440.5558,1679.4191,440.5558,42.93566904239258,-21.502531102155093,0.504,0.487,-50.94,0.02243,0.02167,-50.94,1679.4191,440.5558,42.93566904239258,-21.502531102155093,0.22098467133,0.23441568488,0.22098467133,0.23441568488,0.487,0.467,-66.76,0.4872919,0.4668479,-66.76,99.0,1.0,0.94,1.035,0.033,1.0,3.0
211,211,3_32,3_111,5.084892,0.905618,24.3576,0.1934,0.1066293,1.0,1.0,1726.0,438.0,1726.0,438.0,1726.0,438.0,42.921600994398936,-21.50161345919764,0.289,0.289,45.0,0.05088,0.05088,45.0,1726.0,438.0,42.921600994398936,-21.50161345919764,0.0833333,0.0833333,0.0833333,0.0833333,0.289,0.289,45.0,0.2886751,0.2886751,45.0,99.0,0.0,0.0,1.0,0.0,0.997,3.0
212,212,3_33,3_110,7.178345,1.07601,23.9832,0.1628,-0.06964308,2.0,2.0,1936.0,436.0,1935.5385,436.0,1935.5385,436.0,42.85827349567123,-21.500143156626677,0.576,0.289,0.0,0.0872,0.0437,0.0,1935.5385,436.0,42.85827349567123,-21.500143156626677,0.24273821586,0.0833333,0.24273821586,0.0833333,0.493,0.289,0.0,0.4926847,0.2886751,0.0,29.0419,0.0,0.98,1.996,0.499,0.999,3.0
213,213,3_34,3_109,2.925445,0.6869105,24.9578,0.255,1.742549E-5,1.0,1.0,1517.0,436.0,1517.0,436.0,1517.0,436.0,42.98478237583979,-21.50193167814625,0.289,0.289,45.0,0.06778,0.06778,45.0,1517.0,436.0,42.98478237583979,-21.50193167814625,0.0833333,0.0833333,0.0833333,0.0833333,0.289,0.289,45.0,0.2886751,0.2886751,45.0,42.8738,0.0,0.0,1.0,0.0,0.997,3.0
214,214,3_35,3_108,21.09369,1.844508,22.8129,0.095,0.03520236,1.0,1.0,1929.0,435.0,1929.0,435.0,1929.0,435.0,42.86025460633378,-21.499890431623665,0.289,0.289,45.0,0.02522,0.02522,45.0,1929.0,435.0,42.86025460633378,-21.499890431623665,0.0833333,0.0833333,0.0833333,0.0833333,0.289,0.289,45.0,0.2886751,0.2886751,45.0,99.0,0.0,0.0,1.0,0.0,0.999,3.0
215,215,3_36,3_107,30.91026,2.232829,22.398,0.0784,-1.940132E-5,3.0,3.0,1767.0,434.0,1766.9917,433.9848,1766.9917,433.9848,42.90922914506294,-21.50030794066085,0.314,0.303,-88.92,0.02265,0.02186,-88.92,1766.9917,433.9848,42.90922914506294,-21.50030794066085,0.083852989109,0.084259276849,0.083852989109,0.084259276849,0.29,0.29,-89.93,0.2902745,0.2895738,-89.93,33.9404,0.0,1.71,1.036,0.035,1.0,3.0
216,216,3_37,3_106,10.52304,1.302791,23.5679,0.1345,0.07911968,1.0,1.0,1684.0,434.0,1684.0,434.0,1684.0,434.0,42.9343142981742,-21.500666796847533,0.289,0.289,45.0,0.0356,0.0356,45.0,1684.0,434.0,42.9343142981742,-21.500666796847533,0.0833333,0.0833333,0.0833333,0.0833333,0.289,0.289,45.0,0.2886751,0.2886751,45.0,99.0,0.0,0.0,1.0,0.0,0.998,3.0
218,218,3_39,3_104,16.21936,1.617413,23.0982,0.1083,-3.871531,1.0,1.0,1718.0,431.0,1718.0,431.0,1718.0,431.0,42.92405116886665,-21.499677769728173,0.289,0.289,45.0,0.03299,0.03299,45.0,1718.0,431.0,42.92405116886665,-21.499677769728173,0.0833333,0.0833333,0.0833333,0.0833333,0.289,0.289,45.0,0.2886751,0.2886751,45.0,24.6795,0.0,0.0,1.0,0.0,0.9,3.0
219,219,3_40,3_103,172.8532,5.280108,20.5291,0.0332,0.04749085,7.0,7.0,1941.0,427.0,1940.7772,426.8691,1940.7772,426.8691,42.85673299681751,-21.497550579233778,1.161,0.353,78.47,0.03543,0.01076,78.47,1940.7772,426.8691,42.85673299681751,-21.497550579233778,0.064185824173,0.2589105757,0.064185824173,0.2589105757,0.523,0.224,75.4,0.5225713,0.2236418,75.4,99.0,0.0,1.8,3.292,0.696,1.0,3.0
220,220,3_41,3_102,85.67103,3.717245,21.2912,0.0471,0.012272,4.0,4.0,1683.0,428.0,1682.6585,428.2651,1682.6585,428.2651,42.93474592996986,-21.499058661555356,0.487,0.427,-28.18,0.02112,0.01854,-28.18,1682.6585,428.2651,42.93474592996986,-21.499058661555356,0.12544144601,0.083515959877,0.12544144601,0.083515959877,0.355,0.288,-7.99,0.3553656,0.2875286,-7.99,99.0,0.0,0.89,1.139,0.122,1.0,3.0
221,221,3_42,3_101,36.1289,2.413968,22.2287,0.0726,-0.8929734,2.0,2.0,1687.0,428.0,1687.4878,428.0,1687.4878,428.0,42.93328744998476,-21.49896353425411,0.577,0.289,0.0,0.03956,0.01978,0.0,1687.4878,428.0,42.93328744998476,-21.49896353425411,0.31203808978,0.0833333,0.31203808978,0.0833333,0.559,0.289,0.0,0.5586037,0.2886751,0.0,26.272,0.0,1.0,2.0,0.5,1.0,3.0
222,222,3_43,3_100,266.8678,6.560731,20.0576,0.0267,0.1450164,8.0,8.0,1704.0,422.0,1703.5624,422.2643,1703.5624,422.2643,42.92845501076296,-21.49728105542402,0.766,0.471,-7.63,0.01879,0.01154,-7.63,1703.5624,422.2643,42.92845501076296,-21.49728105542402,0.29598870232,0.1685749618,0.29598870232,0.1685749618,0.553,0.398,-15.19,0.5532899,0.3980376,-15.19,99.0,0.0,1.88,1.628,0.386,1.0,3.0
223,223,3_44,3_99,35.35814,2.38808,22.2521,0.0733,0.0723877,5.0,5.0,1716.0,419.0,1715.3086,418.9811,1715.3086,418.9811,42.92491970469229,-21.49630705566787,0.998,0.134,1.45,0.06704,0.009,1.45,1715.3086,418.9811,42.92491970469229,-21.49630705566787,0.31854987337,0.084061719767,0.31854987337,0.084061719767,0.564,0.29,0.34,0.5644094,0.28992,0.34,99.0,0.0,2.08,7.448,0.866,1.0,3.0
224,224,3_45,3_98,68.93283,3.334396,21.5272,0.0525,0.05098373,4.0,4.0,1704.0,418.0,1703.6726,418.4884,1703.6726,418.4884,42.92843896675751,-21.49621802468445,0.588,0.353,-48.86,0.02839,0.01706,-48.86,1703.6726,418.4884,42.92843896675751,-21.49621802468445,0.11492355329,0.2071069238,0.11492355329,0.2071069238,0.485,0.294,-64.07,0.4854183,0.2939379,-64.07,99.0,0.0,1.4,1.664,0.399,1.0,3.0
225,225,3_46,3_97,0.140501,0.1505372,28.2541,1.1636,-0.05998374,1.0,1.0,1691.0,419.0,1691.0,419.0,1691.0,419.0,42.93226694620613,-21.49641594527162,0.289,0.289,45.0,0.40866,0.40866,45.0,1691.0,419.0,42.93226694620613,-21.49641594527162,0.0833333,0.0833333,0.0833333,0.0833333,0.289,0.289,45.0,0.2886751,0.2886751,45.0,29.2039,0.0,0.0,1.0,0.0,0.648,3.0
226,226,3_47,3_96,5.61377,0.9515497,24.2502,0.1841,-4.70198E-5,2.0,2.0,1841.0,417.0,1841.0,417.0009,1841.0,417.0009,42.88693804416714,-21.49520906704298,0.29,0.289,90.0,0.04921,0.04893,90.0,1841.0,417.0009,42.88693804416714,-21.49520906704298,0.0833333,0.083392379359,0.0833333,0.083392379359,0.289,0.289,90.0,0.2887774,0.2886751,90.0,38.4682,0.0,1.59,1.006,0.006,0.999,3.0
227,227,3_48,3_95,69.9016,3.357745,21.5121,0.0522,-2.427581E-4,5.0,5.0,1704.0,408.0,1703.5291,408.1633,1703.5291,408.1633,42.928529549837805,-21.49331309533839,0.615,0.374,-47.41,0.02957,0.01795,-47.41,1703.5291,408.1633,42.928529549837805,-21.49331309533839,0.21149940596,0.090945735021,0.21149940596,0.090945735021,0.473,0.281,-16.75,0.4727706,0.2809504,-16.75,35.0534,0.0,1.53,1.647,0.393,1.0,3.0
228,228,3_49,3_94,21.05564,1.842843,22.8149,0.095,-3.797465E-4,2.0,2.0,1703.0,402.0,1703.0,402.3146,1703.0,402.3146,42.9287162097991,-21.491669496507384,0.547,0.289,90.0,0.04785,0.02527,90.0,1703.0,402.3146,42.9287162097991,-21.491669496507384,0.0833333,0.12356102928,0.0833333,0.12356102928,0.352,0.289,90.0,0.3515125,0.2886751,90.0,34.5667,0.0,0.93,1.894,0.472,1.0,3.0
229,229,3_50,3_93,14.23608,1.515303,23.2398,0.1156,6.679026E-5,1.0,1.0,1704.0,398.0,1704.0,398.0,1704.0,398.0,42.928433697795136,-21.49045108647452,0.289,0.289,45.0,0.03073,0.03073,45.0,1704.0,398.0,42.928433697795136,-21.49045108647452,0.0833333,0.0833333,0.0833333,0.0833333,0.289,0.289,45.0,0.2886751,0.2886751,45.0,99.0,0.0,0.0,1.0,0.0,0.998,3.0
230,230,3_51,3_92,78.3578,3.555046,21.3881,0.0493,0.0,3.0,3.0,1638.0,398.0,1638.0043,397.5565,1638.0043,397.5565,42.948382171991575,-21.49060635698444,0.575,0.296,89.55,0.02607,0.01343,89.55,1638.0043,397.5565,42.948382171991575,-21.49060635698444,0.08418864028,0.23764316644,0.08418864028,0.23764316644,0.487,0.29,89.94,0.4874867,0.2901525,89.94,40.0959,0.0,0.99,1.942,0.485,1.0,3.0
231,231,3_52,3_91,19.93429,1.7931,22.8743,0.0977,0.0,2.0,2.0,1526.0,397.0,1526.3026,397.0,1526.3026,397.0,42.98214490633383,-21.490918383815767,0.543,0.289,0.0,0.0488,0.02597,0.0,1526.3026,397.0,42.98214490633383,-21.490918383815767,0.11415568357,0.0833333,0.11415568357,0.0833333,0.338,0.289,0.0,0.3378693,0.2886751,0.0,44.4355,0.0,0.93,1.88,0.468,1.0,3.0
235,235,3_56,3_87,154.3564,4.989608,20.652,0.0351,-2.363809E-5,4.0,4.0,1949.0,383.0,1948.9605,382.9371,1948.9605,382.9371,42.854466643542175,-21.48515152499225,0.461,0.243,-0.93,0.01491,0.00785,-0.93,1948.9605,382.9371,42.854466643542175,-21.48515152499225,0.10166781255,0.088216259801,0.10166781255,0.088216259801,0.319,0.297,-0.08,0.3188539,0.2970122,-0.08,37.6546,0.0,-3.32,1.9,0.474,1.0,3.0
237,237,3_58,3_85,188.0114,5.506762,20.4378,0.0318,-2.116953E-5,7.0,7.0,1836.0,380.0,1835.5958,380.5073,1835.5958,380.5073,42.88874118985895,-21.48496285213486,0.615,0.549,-50.83,0.018,0.01608,-50.83,1835.5958,380.5073,42.88874118985895,-21.48496285213486,0.22819154449,0.26337639331,0.22819154449,0.26337639331,0.528,0.462,-61.24,0.527769,0.4615494,-61.24,35.4795,3.0,1.03,1.119,0.106,1.0,3.0
239,239,3_60,3_84,0.1567153,0.1589864,28.1355,1.1017,0.0,1.0,1.0,1520.0,380.0,1520.0,380.0,1520.0,380.0,42.98412569640689,-21.486160874793647,0.289,0.289,45.0,0.29289,0.29289,45.0,1520.0,380.0,42.98412569640689,-21.486160874793647,0.0833333,0.0833333,0.0833333,0.0833333,0.289,0.289,45.0,0.2886751,0.2886751,45.0,43.9575,0.0,0.0,1.0,0.0,0.984,3.0
240,240,3_61,3_83,2.986044,0.6939885,24.9356,0.2524,-6.822745E-6,1.0,1.0,1756.0,375.0,1756.0,375.0,1756.0,375.0,42.9128230519254,-21.483756393246423,0.289,0.289,45.0,0.06709,0.06709,45.0,1756.0,375.0,42.9128230519254,-21.483756393246423,0.0833333,0.0833333,0.0833333,0.0833333,0.289,0.289,45.0,0.2886751,0.2886751,45.0,35.1708,0.0,0.0,1.0,0.0,0.997,3.0
241,241,3_62,3_82,0.7007898,0.3362003,26.5093,0.521,-2.949607E-5,1.0,1.0,1923.0,374.0,1923.0,374.0,1923.0,374.0,42.86235499452301,-21.482750537319887,0.289,0.289,45.0,0.13849,0.13849,45.0,1923.0,374.0,42.86235499452301,-21.482750537319887,0.0833333,0.0833333,0.0833333,0.0833333,0.289,0.289,45.0,0.2886751,0.2886751,45.0,40.1925,0.0,0.0,1.0,0.0,0.997,3.0
242,242,3_63,3_81,0.01106881,0.04225289,31.013,4.1456,-0.003395804,1.0,1.0,1770.0,370.0,1770.0,370.0,1770.0,370.0,42.90861490952772,-21.482289232684224,0.289,0.289,45.0,1.32588,1.32588,45.0,1770.0,370.0,42.90861490952772,-21.482289232684224,0.0833333,0.0833333,0.0833333,0.0833333,0.289,0.289,45.0,0.2886751,0.2886751,45.0,32.2308,0.0,0.0,1.0,0.0,0.481,3.0
244,244,3_65,3_79,6.26062,1.004877,24.1318,0.1743,-1.888294E-5,1.0,1.0,2008.0,367.0,2008.0,367.0,2008.0,367.0,42.83669806232144,-21.48040585797812,0.289,0.289,45.0,0.04633,0.04633,45.0,2008.0,367.0,42.83669806232144,-21.48040585797812,0.0833333,0.0833333,0.0833333,0.0833333,0.289,0.289,45.0,0.2886751,0.2886751,45.0,38.4604,0.0,0.0,1.0,0.0,0.997,3.0
245,245,3_66,3_78,0.1285133,0.1439721,28.3509,1.2166,-3.153223E-6,1.0,1.0,1785.0,357.0,1785.0,357.0,1785.0,357.0,42.9041415880661,-21.4785664125679,0.289,0.289,45.0,0.32344,0.32344,45.0,1785.0,357.0,42.9041415880661,-21.4785664125679,0.0833333,0.0833333,0.0833333,0.0833333,0.289,0.289,45.0,0.2886751,0.2886751,45.0,36.0349,0.0,0.0,1.0,0.0,0.974,3.0
246,246,3_67,3_77,67.91576,3.309706,21.5434,0.0529,-2.239789E-5,3.0,3.0,1909.0,352.0,1909.0266,352.2515,1909.0266,352.2515,42.86668032444352,-21.476691504597,0.521,0.33,-87.65,0.02541,0.01608,-87.65,1909.0266,352.2515,42.86668032444352,-21.476691504597,0.085418545146,0.10707928483,0.085418545146,0.10707928483,0.327,0.292,-89.87,0.3272299,0.2922643,-89.87,99.0,0.0,0.92,1.58,0.367,1.0,3.0
247,247,3_68,3_76,4.582362,0.8597038,24.4706,0.2037,-2.330381E-8,1.0,1.0,1817.0,352.0,1817.0,352.0,1817.0,352.0,42.89449375311717,-21.477021234627507,0.289,0.289,45.0,0.05416,0.05416,45.0,1817.0,352.0,42.89449375311717,-21.477021234627507,0.0833333,0.0833333,0.0833333,0.0833333,0.289,0.289,45.0,0.2886751,0.2886751,45.0,99.0,0.0,0.0,1.0,0.0,0.997,3.0
248,248,3_69,3_75,286.9843,6.803513,19.9787,0.0257,-2.637233E-5,9.0,9.0,1945.0,348.0,1943.6099,346.3601,1943.6099,346.3601,42.85625623545497,-21.474881858791377,1.619,0.372,48.71,0.03838,0.00883,48.71,1943.6099,346.3601,42.85625623545497,-21.474881858791377,0.833597346,1.0585147571,0.833597346,1.0585147571,1.324,0.372,49.0,1.324328,0.3718433,49.0,42.301,0.0,4.61,4.348,0.77,1.0,3.0
249,249,3_70,3_74,31.12156,2.240448,22.3906,0.0782,0.0,2.0,2.0,1583.0,329.0,1582.6923,329.0,1582.6923,329.0,42.96540824568757,-21.471547664103603,0.544,0.289,0.0,0.03919,0.02078,0.0,1582.6923,329.0,42.96540824568757,-21.471547664103603,0.11596341474,0.0833333,0.11596341474,0.0833333,0.341,0.289,0.0,0.340534,0.2886751,0.0,46.8911,0.0,0.93,1.886,0.47,1.0,3.0
250,250,3_71,3_73,190.2545,5.539514,20.425,0.0316,-1.420076E-8,4.0,4.0,1833.0,326.0,1833.3061,326.5548,1833.3061,326.5548,42.88968407940265,-21.469790200474325,0.653,0.296,52.62,0.01901,0.00861,52.62,1833.3061,326.5548,42.88968407940265,-21.469790200474325,0.085841639529,0.20955482077,0.085841639529,0.20955482077,0.489,0.237,66.31,0.4889192,0.237391,66.31,38.5869,0.0,1.97,2.208,0.547,1.0,3.0
251,251,3_72,3_72,1.624323,0.5118473,25.5966,0.3422,0.0,1.0,1.0,1534.0,315.0,1534.0,315.0,1534.0,315.0,42.98018552437506,-21.46781196787618,0.289,0.289,45.0,0.09096,0.09096,45.0,1534.0,315.0,42.98018552437506,-21.46781196787618,0.0833333,0.0833333,0.0833333,0.0833333,0.289,0.289,45.0,0.2886751,0.2886751,45.0,49.0218,0.0,0.0,1.0,0.0,0.997,3.0
252,252,3_73,3_71,7.345842,1.088491,23.9582,0.1609,-1.810525E-5,2.0,2.0,1955.0,305.0,1955.2735,305.0,1955.2735,305.0,42.852926542567545,-21.463191389021624,0.531,0.289,0.0,0.07869,0.04277,0.0,1955.2735,305.0,42.852926542567545,-21.463191389021624,0.10934950208,0.0833333,0.10934950208,0.0833333,0.331,0.289,0.0,0.3306804,0.2886751,0.0,41.5367,0.0,0.91,1.84,0.456,1.0,3.0
253,253,3_74,3_70,216.6526,5.911342,20.2839,0.0296,-4.50268E-6,4.0,4.0,1899.0,303.0,1899.2645,303.5158,1899.2645,303.5158,42.86985915984545,-21.46301962882447,0.536,0.396,57.48,0.01463,0.0108,57.48,1899.2645,303.5158,42.86985915984545,-21.46301962882447,0.094946557664,0.24255965659,0.094946557664,0.24255965659,0.498,0.299,79.02,0.4983278,0.2986229,79.02,40.8635,0.0,1.25,1.354,0.262,1.0,3.0
255,255,3_76,3_68,275.1454,6.661704,20.0244,0.0263,0.0,5.0,5.0,1710.0,291.0,1709.6482,291.577,1709.6482,291.577,42.92721379794348,-21.46047952892317,0.585,0.388,-50.55,0.01417,0.0094,-50.55,1709.6482,291.577,42.92721379794348,-21.46047952892317,0.17613482805,0.25014619904,0.17613482805,0.25014619904,0.537,0.371,-59.69,0.5371814,0.3711026,-59.69,42.3963,0.0,2.77,1.508,0.337,1.0,3.0
256,256,3_77,3_67,0.181679,0.1711814,27.975,1.0232,0.0,1.0,1.0,1676.0,292.0,1676.0,292.0,1676.0,292.0,42.93737960988239,-21.46074190632249,0.289,0.289,45.0,0.27202,0.27202,45.0,1676.0,292.0,42.93737960988239,-21.46074190632249,0.0833333,0.0833333,0.0833333,0.0833333,0.289,0.289,45.0,0.2886751,0.2886751,45.0,43.005,0.0,0.0,1.0,0.0,0.988,3.0
259,259,3_80,3_64,334.7069,7.347448,19.8116,0.0238,-7.574156E-6,4.0,4.0,1970.0,247.0,1970.4989,246.6067,1970.4989,246.6067,42.84860179505392,-21.446691955824814,0.519,0.469,-38.36,0.01139,0.01029,-38.36,1970.4989,246.6067,42.84860179505392,-21.446691955824814,0.24928513093,0.20407202912,0.24928513093,0.20407202912,0.507,0.443,-21.18,0.5072222,0.4428123,-21.18,45.2511,0.0,0.97,1.107,0.097,1.0,3.0
260,260,3_81,3_63,49.2465,2.81833,21.8924,0.0622,0.0,2.0,2.0,1514.0,239.0,1514.2843,239.0,1514.2843,239.0,42.98648297373472,-21.446508858493942,0.536,0.289,0.0,0.03065,0.01652,0.0,1514.2843,239.0,42.98648297373472,-21.446508858493942,0.11310622816,0.0833333,0.11310622816,0.0833333,0.336,0.289,0.0,0.3363127,0.2886751,0.0,51.0199,0.0,0.92,1.855,0.461,1.0,3.0
261,261,3_82,3_62,25.73142,2.037211,22.5971,0.086,0.0,1.0,1.0,1831.0,237.0,1831.0,237.0,1831.0,237.0,42.890797503968216,-21.44459943805052,0.289,0.289,45.0,0.02285,0.02285,45.0,1831.0,237.0,42.890797503968216,-21.44459943805052,0.0833333,0.0833333,0.0833333,0.0833333,0.289,0.289,45.0,0.2886751,0.2886751,45.0,42.5711,0.0,0.0,1.0,0.0,0.999,3.0
264,264,3_85,3_59,21.51415,1.8628,22.7915,0.094,1.223567E-4,2.0,2.0,1638.0,225.0,1637.6404,225.0,1637.6404,225.0,42.94927520858296,-21.442051521470876,0.56,0.289,0.0,0.04849,0.02499,0.0,1637.6404,225.0,42.94927520858296,-21.442051521470876,0.15867733345,0.0833333,0.15867733345,0.0833333,0.398,0.289,0.0,0.3983432,0.2886751,0.0,99.0,0.0,0.95,1.94,0.485,1.0,3.0
266,266,3_87,3_57,105.2636,4.120437,21.0676,0.0425,0.0,3.0,3.0,1666.0,190.0,1666.3057,189.8243,1666.3057,189.8243,42.94077472354247,-21.432032065324734,0.492,0.339,28.95,0.01926,0.01328,28.95,1666.3057,189.8243,42.94077472354247,-21.432032065324734,0.20329552045,0.14112864205,0.20329552045,0.14112864205,0.452,0.374,7.72,0.4521717,0.3741188,7.72,51.1077,0.0,1.16,1.45,0.31,1.0,3.0
267,267,3_88,3_56,200.6118,5.688298,20.3674,0.0308,8.11113E-4,4.0,4.0,1605.0,190.0,1605.0168,189.8628,1605.0168,189.8628,42.95929101700055,-21.432302391386955,0.545,0.344,0.74,0.01545,0.00976,0.74,1605.0168,189.8628,42.95929101700055,-21.432302391386955,0.11650342486,0.099331208949,0.11650342486,0.099331208949,0.341,0.315,0.12,0.3413261,0.3151684,0.12,99.0,0.0,1.2,1.583,0.368,1.0,3.0
269,269,3_90,3_54,38.87798,2.504125,22.149,0.0699,4.047639E-5,3.0,3.0,1751.0,171.0,1751.0793,171.1139,1751.0793,171.1139,42.91524919129751,-21.4264048927283,0.322,0.265,-73.53,0.02073,0.01709,-73.53,1751.0793,171.1139,42.91524919129751,-21.4264048927283,0.088848777594,0.091549091517,0.088848777594,0.091549091517,0.303,0.298,-89.03,0.3025721,0.2980738,-89.03,99.0,0.0,0.0,1.213,0.176,1.0,3.0
270,270,3_91,3_53,29.19339,2.169933,22.4601,0.0807,0.0,1.0,1.0,1859.0,166.0,1859.0,166.0,1859.0,166.0,42.882668890330265,-21.42449872610775,0.289,0.289,45.0,0.02146,0.02146,45.0,1859.0,166.0,42.882668890330265,-21.42449872610775,0.0833333,0.0833333,0.0833333,0.0833333,0.289,0.289,45.0,0.2886751,0.2886751,45.0,50.3458,0.0,0.0,1.0,0.0,0.999,3.0
273,273,3_94,3_50,71.07998,3.385929,21.4939,0.0517,0.0,2.0,2.0,1512.0,162.0,1511.6076,162.0,1511.6076,162.0,42.98763610242762,-21.42485412399111,0.567,0.289,0.0,0.02702,0.01375,0.0,1511.6076,162.0,42.98763610242762,-21.42485412399111,0.18119465625,0.0833333,0.18119465625,0.0833333,0.426,0.289,0.0,0.4256697,0.2886751,0.0,56.4561,0.0,0.95,1.965,0.491,1.0,3.0
274,274,3_95,3_49,29.74389,2.190297,22.4398,0.08,0.0,2.0,2.0,1751.0,131.0,1750.8614,131.0,1750.8614,131.0,42.91550003482904,-21.41511850392836,0.45,0.289,0.0,0.03315,0.02126,0.0,1750.8614,131.0,42.91550003482904,-21.41511850392836,0.092891992233,0.0833333,0.092891992233,0.0833333,0.305,0.289,0.0,0.3047819,0.2886751,0.0,48.7364,0.0,0.0,1.56,0.359,1.0,3.0
276,276,3_97,3_47,110.9358,4.229996,21.0106,0.0414,0.0,5.0,5.0,1680.0,129.0,1680.2799,128.9857,1680.2799,128.9857,42.93683096939655,-21.414853919291456,0.522,0.322,40.51,0.01992,0.01228,40.51,1680.2799,128.9857,42.93683096939655,-21.414853919291456,0.1183489549,0.099376209234,0.1183489549,0.099376209234,0.344,0.315,5.09,0.3442395,0.3149989,5.09,50.8111,0.0,0.8,1.622,0.383,1.0,3.0
278,278,3_99,3_45,0.3102987,0.2237145,27.3939,0.783,0.001324999,1.0,1.0,1729.0,121.0,1729.0,121.0,1729.0,121.0,42.92215010230276,-21.412398624532518,0.289,0.289,45.0,0.20769,0.20769,45.0,1729.0,121.0,42.92215010230276,-21.412398624532518,0.0833333,0.0833333,0.0833333,0.0833333,0.289,0.289,45.0,0.2886751,0.2886751,45.0,99.0,0.0,0.0,1.0,0.0,0.995,3.0
279,279,3_100,3_44,5.706442,0.9593716,24.2324,0.1826,0.0,1.0,1.0,1576.0,117.0,1576.0,117.0,1576.0,117.0,42.96838628142259,-21.411922984997773,0.289,0.289,45.0,0.04853,0.04853,45.0,1576.0,117.0,42.96838628142259,-21.411922984997773,0.0833333,0.0833333,0.0833333,0.0833333,0.289,0.289,45.0,0.2886751,0.2886751,45.0,57.2212,0.0,0.0,1.0,0.0,0.997,3.0
281,281,3_102,3_42,46.65302,2.743115,21.9511,0.0639,0.0,2.0,2.0,1572.0,116.0,1572.0,115.7511,1572.0,115.7511,42.969600218960096,-21.411588404209223,0.52,0.289,90.0,0.03057,0.01697,90.0,1572.0,115.7511,42.969600218960096,-21.411588404209223,0.0833333,0.10581616451,0.0833333,0.10581616451,0.325,0.289,90.0,0.325294,0.2886751,90.0,57.3131,0.0,0.9,1.801,0.445,1.0,3.0
282,282,3_103,3_41,190.8942,5.54882,20.4213,0.0316,0.0,10.0,10.0,1885.0,111.0,1885.8084,111.481,1885.8084,111.481,42.87482545444911,-21.40904062551688,1.493,0.431,20.84,0.0434,0.01253,20.84,1885.8084,111.481,42.87482545444911,-21.40904062551688,0.42024827618,0.22813350748,0.42024827618,0.22813350748,0.713,0.374,29.3,0.7131003,0.3739917,29.3,50.6457,0.0,4.76,3.463,0.711,1.0,3.0
283,283,3_104,3_40,3.687902,0.7712476,24.7064,0.2271,0.0,1.0,1.0,1676.0,110.0,1676.0,110.0,1676.0,110.0,42.9382106636769,-21.40953009244617,0.289,0.289,45.0,0.06037,0.06037,45.0,1676.0,110.0,42.9382106636769,-21.40953009244617,0.0833333,0.0833333,0.0833333,0.0833333,0.289,0.289,45.0,0.2886751,0.2886751,45.0,51.8012,0.0,0.0,1.0,0.0,0.997,3.0
284,284,3_105,3_39,15.25425,1.568554,23.1648,0.1117,-1.965469E-7,2.0,2.0,1956.0,106.0,1956.0,106.0466,1956.0,106.0466,42.85364746733373,-21.40720275031467,0.357,0.289,90.0,0.03675,0.02968,90.0,1956.0,106.0466,42.85364746733373,-21.40720275031467,0.0833333,0.086049441778,0.0833333,0.086049441778,0.293,0.289,90.0,0.2933418,0.2886751,90.0,52.1977,0.0,0.0,1.238,0.192,1.0,3.0
285,285,3_106,3_38,6.827294,1.04937,24.0377,0.1669,0.0,3.0,3.0,1692.0,106.0,1692.321,106.5999,1692.321,106.5999,42.933296098712006,-21.408503783566463,0.598,0.316,47.46,0.09195,0.04863,47.46,1692.321,106.5999,42.933296098712006,-21.408503783566463,0.16236550434,0.24680929532,0.16236550434,0.24680929532,0.552,0.324,57.51,0.5517412,0.3236609,57.51,51.2926,0.0,2.52,1.891,0.471,1.0,3.0
286,286,3_107,3_37,179.5413,5.381289,20.4879,0.0326,0.0,4.0,4.0,1567.0,105.0,1567.1732,104.5637,1567.1732,104.5637,42.97110874238551,-21.408460945595507,0.5,0.374,79.46,0.01497,0.0112,79.46,1567.1732,104.5637,42.97110874238551,-21.408460945595507,0.04734916516,0.2133106593,0.04734916516,0.2133106593,0.462,0.217,88.19,0.462035,0.2172175,88.19,58.2428,0.0,0.99,1.337,0.252,1.0,3.0
287,287,3_108,3_36,220.195,5.959474,20.2663,0.0294,9.983778E-7,5.0,5.0,1822.0,92.0,1822.3806,91.8056,1822.3806,91.8056,42.894077368185606,-21.403780908670743,0.489,0.394,6.92,0.01324,0.01067,6.92,1822.3806,91.8056,42.894077368185606,-21.403780908670743,0.15846291207,0.055478365358,0.15846291207,0.055478365358,0.398,0.235,1.29,0.3981395,0.2354277,1.29,52.967,0.0,0.96,1.241,0.194,1.0,3.0
288,288,3_109,3_35,1.23067,0.4455279,25.8979,0.3932,1.247972E-6,1.0,1.0,1839.0,91.0,1839.0,91.0,1839.0,91.0,42.88906093648931,-21.40348196579485,0.289,0.289,45.0,0.10451,0.10451,45.0,1839.0,91.0,42.88906093648931,-21.40348196579485,0.0833333,0.0833333,0.0833333,0.0833333,0.289,0.289,45.0,0.2886751,0.2886751,45.0,53.5341,0.0,0.0,1.0,0.0,0.997,3.0
289,289,3_110,3_34,10.17631,1.281148,23.6043,0.1367,0.0,1.0,1.0,1613.0,90.0,1613.0,90.0,1613.0,90.0,42.95733200754877,-21.404170110571105,0.289,0.289,45.0,0.03634,0.03634,45.0,1613.0,90.0,42.95733200754877,-21.404170110571105,0.0833333,0.0833333,0.0833333,0.0833333,0.289,0.289,45.0,0.2886751,0.2886751,45.0,58.7376,0.0,0.0,1.0,0.0,0.998,3.0
290,290,3_111,3_33,46.06594,2.725801,21.9649,0.0643,0.0,1.0,1.0,1631.0,77.0,1631.0,77.0,1631.0,77.0,42.95195405897058,-21.40043618830092,0.289,0.289,45.0,0.01708,0.01708,45.0,1631.0,77.0,42.95195405897058,-21.40043618830092,0.0833333,0.0833333,0.0833333,0.0833333,0.289,0.289,45.0,0.2886751,0.2886751,45.0,57.0614,0.0,0.0,1.0,0.0,1.0,3.0
292,292,3_113,3_31,111.1402,4.233891,21.0086,0.0414,2.69094E-6,4.0,4.0,1760.0,72.0,1759.9731,72.6382,1759.9731,72.6382,42.913017204862825,-21.39865769563378,0.706,0.16,87.92,0.02689,0.00608,87.92,1759.9731,72.6382,42.913017204862825,-21.39865769563378,0.091356609794,0.29195191609,0.091356609794,0.29195191609,0.54,0.302,89.34,0.5403506,0.3022082,89.34,51.7349,0.0,1.89,4.42,0.774,1.0,3.0
294,294,3_115,3_29,42.78878,2.627055,22.045,0.0667,7.413357E-7,3.0,3.0,1938.0,66.0,1937.8052,66.5141,1937.8052,66.5141,42.859330523149374,-21.396159161520757,0.556,0.313,-58.08,0.03412,0.01921,-58.08,1937.8052,66.5141,42.859330523149374,-21.396159161520757,0.038340832623,0.20751942815,0.038340832623,0.20751942815,0.461,0.184,-80.78,0.4605387,0.1837509,-80.78,54.7005,0.0,1.32,1.776,0.437,1.0,3.0
295,295,3_116,3_28,2.580294,0.6451173,25.0941,0.2715,5.566617E-6,1.0,1.0,1881.0,64.0,1881.0,64.0,1881.0,64.0,42.87650073135112,-21.395701371504888,0.289,0.289,45.0,0.07217,0.07217,45.0,1881.0,64.0,42.87650073135112,-21.395701371504888,0.0833333,0.0833333,0.0833333,0.0833333,0.289,0.289,45.0,0.2886751,0.2886751,45.0,53.3776,0.0,0.0,1.0,0.0,0.997,3.0
296,296,3_117,3_27,100.6706,4.029541,21.116,0.0435,7.589594E-4,7.0,7.0,1667.0,58.0,1667.3948,57.9744,1667.3948,57.9744,42.94104783936247,-21.394928449191777,0.546,0.177,-8.29,0.02186,0.00708,-8.29,1667.3948,57.9744,42.94104783936247,-21.394928449191777,0.18304157733,0.084305430586,0.18304157733,0.084305430586,0.428,0.29,-0.5,0.4278425,0.2903409,-0.5,99.0,0.0,0.91,3.089,0.676,1.0,3.0
297,297,3_118,3_26,1303.0,14.49694,18.3359,0.0121,-3.960179E-4,37.0,37.0,1656.0,52.0,1658.9369,54.429,1658.9369,54.429,42.943618691635166,-21.39396691508117,3.08,1.42,23.4,0.03427,0.0158,23.4,1658.9369,54.429,42.943618691635166,-21.39396691508117,2.8724892098,1.9134776444,2.8724892098,1.9134776444,1.963,0.966,35.42,1.963074,0.9655601,35.42,34.6549,0.0,12.53,2.169,0.539,1.0,3.0
298,298,3_119,3_25,1.547623,0.4996165,25.6491,0.3506,-4.164736E-5,2.0,2.0,1656.0,58.0,1655.7947,58.0,1655.7947,58.0,42.94455146029439,-21.39498502566973,0.496,0.289,0.0,0.16029,0.0932,0.0,1655.7947,58.0,42.94455146029439,-21.39498502566973,0.10014315844,0.0833333,0.10014315844,0.0833333,0.316,0.289,0.0,0.3164541,0.2886751,0.0,37.1002,1.0,0.87,1.72,0.419,0.793,3.0
299,299,3_120,3_24,34.18472,2.348119,22.2887,0.0746,3.502727E-4,2.0,2.0,1543.0,57.0,1543.0,56.5455,1543.0,56.5455,42.97862680499554,-21.3950520212929,0.576,0.289,90.0,0.03953,0.01983,90.0,1543.0,56.5455,42.97862680499554,-21.3950520212929,0.0833333,0.22900392345,0.0833333,0.22900392345,0.479,0.289,90.0,0.4785435,0.2886751,90.0,62.1422,0.0,0.96,1.994,0.498,1.0,3.0
301,301,3_122,3_22,0.1705806,0.1658704,28.0435,1.056,1.682351E-6,1.0,1.0,1922.0,53.0,1922.0,53.0,1922.0,53.0,42.86416835439248,-21.39242618727692,0.289,0.289,45.0,0.28073,0.28073,45.0,1922.0,53.0,42.86416835439248,-21.39242618727692,0.0833333,0.0833333,0.0833333,0.0833333,0.289,0.289,45.0,0.2886751,0.2886751,45.0,58.2929,0.0,0.0,1.0,0.0,0.986,3.0
302,302,3_123,3_21,974.662,12.53808,18.6512,0.014,-1.262701E-4,33.0,33.0,1669.0,47.0,1670.3982,45.0679,1670.3982,45.0679,42.94019972910264,-21.391284254689214,3.363,1.995,67.43,0.04326,0.02566,67.43,1670.3982,45.0679,42.94019972910264,-21.391284254689214,3.700229558,1.2670498523,3.700229558,1.2670498523,1.925,1.123,-2.69,1.924999,1.123237,-2.69,35.896,0.0,15.53,1.686,0.407,1.0,3.0
304,304,3_125,3_19,687.3149,10.52888,19.0304,0.0166,-0.02320308,25.0,25.0,1651.0,47.0,1650.3469,46.2999,1650.3469,46.2999,42.94625032973733,-21.391716238641425,1.903,1.465,72.61,0.02916,0.02245,72.61,1650.3469,46.2999,42.94625032973733,-21.391716238641425,1.1528735021,0.33021016382,1.1528735021,0.33021016382,1.085,0.554,9.51,1.084731,0.553573,9.51,30.2353,0.0,7.65,1.299,0.23,1.0,3.0
305,305,3_126,3_18,98.63416,3.988576,21.1382,0.0439,0.008276802,3.0,3.0,1644.0,48.0,1644.5892,48.0,1644.5892,48.0,42.947981613265966,-21.392219044211984,0.705,0.289,0.0,0.02852,0.01167,0.0,1644.5892,48.0,42.947981613265966,-21.392219044211984,0.27929226141,0.0833333,0.27929226141,0.0833333,0.528,0.289,0.0,0.5284811,0.2886751,0.0,99.0,0.0,2.62,2.443,0.591,1.0,3.0
306,306,3_127,3_17,204.3121,5.740519,20.3476,0.0305,0.2575347,11.0,11.0,1661.0,36.0,1658.0671,37.9622,1658.0671,37.9622,42.94395663934623,-21.38933751247264,3.015,0.433,-27.01,0.08414,0.01209,-27.01,1658.0671,37.9622,42.94395663934623,-21.38933751247264,4.9810030042,1.4867964597,4.9810030042,1.4867964597,2.503,0.448,-27.42,2.503421,0.4479781,-27.42,99.0,0.0,6.83,6.96,0.856,1.0,3.0
308,308,3_129,3_15,21.84311,1.876988,22.775,0.0933,0.0,1.0,1.0,1603.0,35.0,1603.0,35.0,1603.0,35.0,42.96060210278061,-21.388737598405825,0.289,0.289,45.0,0.02481,0.02481,45.0,1603.0,35.0,42.96060210278061,-21.388737598405825,0.0833333,0.0833333,0.0833333,0.0833333,0.289,0.289,45.0,0.2886751,0.2886751,45.0,62.2815,0.0,0.0,1.0,0.0,0.999,3.0
309,309,3_130,3_14,7.079206,1.068554,23.9983,0.1639,0.1852405,2.0,2.0,1668.0,34.0,1668.0,33.6008,1668.0,33.6008,42.9409765351692,-21.388068093211217,0.568,0.289,90.0,0.08365,0.04248,90.0,1668.0,33.6008,42.9409765351692,-21.388068093211217,0.0833333,0.16742694013,0.0833333,0.16742694013,0.409,0.289,90.0,0.4091784,0.2886751,90.0,99.0,0.0,0.92,1.969,0.492,1.0,3.0
310,310,3_131,3_13,0.1715595,0.1663457,28.0373,1.053,3.164784E-4,1.0,1.0,1569.0,33.0,1569.0,33.0,1569.0,33.0,42.97088014198436,-21.38831824657431,0.289,0.289,45.0,0.27993,0.27993,45.0,1569.0,33.0,42.97088014198436,-21.38831824657431,0.0833333,0.0833333,0.0833333,0.0833333,0.289,0.289,45.0,0.2886751,0.2886751,45.0,63.8267,0.0,0.0,1.0,0.0,0.987,3.0
311,311,3_132,3_12,17.57758,1.683774,23.0109,0.104,0.4536842,1.0,1.0,1662.0,32.0,1662.0,32.0,1662.0,32.0,42.942796035316846,-21.38764325419899,0.289,0.289,45.0,0.0273,0.0273,45.0,1662.0,32.0,42.942796035316846,-21.38764325419899,0.0833333,0.0833333,0.0833333,0.0833333,0.289,0.289,45.0,0.2886751,0.2886751,45.0,99.0,0.0,0.0,1.0,0.0,0.999,3.0
312,312,3_133,3_11,0.09915889,0.1264649,28.6325,1.3851,-1.476848E-6,1.0,1.0,2008.0,30.0,2008.0,30.0,2008.0,30.0,42.83830153893668,-21.38557359376355,0.289,0.289,45.0,0.36823,0.36823,45.0,2008.0,30.0,42.83830153893668,-21.38557359376355,0.0833333,0.0833333,0.0833333,0.0833333,0.289,0.289,45.0,0.2886751,0.2886751,45.0,57.4732,0.0,0.0,1.0,0.0,0.95,3.0
313,313,3_134,3_10,16.55706,1.634164,23.0758,0.1072,-0.2340153,2.0,2.0,1656.0,29.0,1656.0,29.3876,1656.0,29.3876,42.944620146364585,-21.386933775991032,0.566,0.289,90.0,0.0567,0.0289,90.0,1656.0,29.3876,42.944620146364585,-21.386933775991032,0.0833333,0.18812305449,0.0833333,0.18812305449,0.434,0.289,90.0,0.4337316,0.2886751,90.0,27.7261,0.0,0.97,1.962,0.49,0.992,3.0
314,314,3_135,3_9,28.90526,2.159199,22.4709,0.0811,9.316248E-4,2.0,2.0,1512.0,28.0,1512.1183,28.0,1512.1183,28.0,42.98808243047865,-21.38714992484605,0.433,0.289,0.0,0.03236,0.02156,0.0,1512.1183,28.0,42.98808243047865,-21.38714992484605,0.091077440504,0.0833333,0.091077440504,0.0833333,0.302,0.289,0.0,0.3017904,0.2886751,0.0,62.4692,0.0,2.01,1.501,0.334,1.0,3.0
316,316,3_137,3_7,7.651062,1.110875,23.914,0.1577,2.169224E-4,1.0,1.0,1583.0,21.0,1583.0,21.0,1583.0,21.0,42.96670609309336,-21.384883073955127,0.289,0.289,45.0,0.04191,0.04191,45.0,1583.0,21.0,42.96670609309336,-21.384883073955127,0.0833333,0.0833333,0.0833333,0.0833333,0.289,0.289,45.0,0.2886751,0.2886751,45.0,61.3195,0.0,0.0,1.0,0.0,0.998,3.0
317,317,3_138,3_6,6.940586,1.05804,24.0198,0.1656,1.287049E-6,1.0,1.0,1954.0,19.0,1954.0,19.0,1954.0,19.0,42.854663798395656,-21.38271808521833,0.289,0.289,45.0,0.04401,0.04401,45.0,1954.0,19.0,42.854663798395656,-21.38271808521833,0.0833333,0.0833333,0.0833333,0.0833333,0.289,0.289,45.0,0.2886751,0.2886751,45.0,55.2783,0.0,0.0,1.0,0.0,0.998,3.0
318,318,3_139,3_5,28.60305,2.147882,22.4823,0.0816,3.516427E-5,2.0,2.0,1599.0,19.0,1598.9034,19.0,1598.9034,19.0,42.961911998725306,-21.384253259479205,0.413,0.289,0.0,0.03102,0.02168,0.0,1598.9034,19.0,42.961911998725306,-21.384253259479205,0.089341266733,0.0833333,0.089341266733,0.0833333,0.299,0.289,0.0,0.2989001,0.2886751,0.0,62.8491,0.0,0.0,1.431,0.301,1.0,3.0
319,319,3_140,3_4,68.09518,3.314075,21.5405,0.0529,0.0,3.0,3.0,1691.0,17.0,1690.7361,16.6507,1690.7361,16.6507,42.93418732764631,-21.38320199568866,0.619,0.196,47.75,0.03013,0.00952,47.75,1690.7361,16.6507,42.93418732764631,-21.38320199568866,0.10045001758,0.12772288851,0.10045001758,0.12772288851,0.368,0.304,64.69,0.3682069,0.3042968,64.69,54.2892,0.0,1.38,3.165,0.684,1.0,3.0
320,320,3_141,3_3,18.49712,1.727254,22.9555,0.1014,6.813181E-6,2.0,2.0,1908.0,16.0,1908.0345,16.0,1908.0345,16.0,42.86856094035584,-21.382076682984067,0.341,0.289,0.0,0.03189,0.02696,0.0,1908.0345,16.0,42.86856094035584,-21.382076682984067,0.085349710535,0.0833333,0.085349710535,0.0833333,0.292,0.289,0.0,0.2921467,0.2886751,0.0,54.9331,0.0,0.0,1.183,0.155,1.0,3.0
321,321,3_142,3_2,19.45323,1.771332,22.9008,0.0989,0.0,1.0,1.0,1650.0,16.0,1650.0,16.0,1650.0,16.0,42.94649344753181,-21.38319262022136,0.289,0.289,45.0,0.02629,0.02629,45.0,1650.0,16.0,42.94649344753181,-21.38319262022136,0.0833333,0.0833333,0.0833333,0.0833333,0.289,0.289,45.0,0.2886751,0.2886751,45.0,57.6255,0.0,0.0,1.0,0.0,0.999,3.0
323,323,4_2,4_85,171.5196,5.259701,20.5375,0.0333,0.0,2.0,2.0,2460.0,509.0,2459.8375,509.0,2459.8375,509.0,42.69941768476916,-21.5183054536908,0.468,0.289,0.0,0.01539,0.00917,0.0,2459.8375,509.0,42.69941768476916,-21.5183054536908,0.095271396995,0.0833333,0.095271396995,0.0833333,0.309,0.289,0.0,0.3086607,0.2886751,0.0,99.0,16.0,0.0,1.623,0.384,0.997,4.0
326,326,4_5,4_82,109.1195,4.195226,21.0285,0.0418,0.0,1.0,1.0,2338.0,486.0,2338.0,486.0,2338.0,486.0,42.73636846699527,-21.512400765981987,0.289,0.289,45.0,0.01141,0.01141,45.0,2338.0,486.0,42.73636846699527,-21.512400765981987,0.0833333,0.0833333,0.0833333,0.0833333,0.289,0.289,45.0,0.2886751,0.2886751,45.0,99.0,0.0,0.0,1.0,0.0,0.994,4.0
327,327,4_6,4_81,39.69765,2.530385,22.1264,0.0692,-0.01229053,1.0,1.0,2377.0,484.0,2377.0,484.0,2377.0,484.0,42.72458756805751,-21.51165701764568,0.289,0.289,45.0,0.01979,0.01979,45.0,2377.0,484.0,42.72458756805751,-21.51165701764568,0.0833333,0.0833333,0.0833333,0.0833333,0.289,0.289,45.0,0.2886751,0.2886751,45.0,30.9253,0.0,0.0,1.0,0.0,0.946,4.0
328,328,4_7,4_80,269.6859,6.595281,20.0462,0.0266,0.0,4.0,4.0,2162.0,472.0,2161.5045,472.1731,2161.5045,472.1731,42.78979369869009,-21.509316506116164,0.501,0.378,-4.18,0.01279,0.01024,-4.68,2161.5045,472.1731,42.78979369869009,-21.509316506116164,0.24805406014,0.04872631776,0.24805406014,0.04872631776,0.498,0.221,-0.77,0.4980862,0.2206593,-0.77,99.0,0.0,0.88,1.326,0.246,0.999,4.0
330,330,4_9,4_78,233.8708,6.14175,20.2009,0.0285,0.0,2.0,2.0,2361.0,466.0,2361.0,466.3695,2361.0,466.3695,42.729512233384455,-21.50676958784508,0.562,0.289,90.0,0.0152,0.00778,90.0,2361.0,466.3695,42.729512233384455,-21.50676958784508,0.0833333,0.16570710338,0.0833333,0.16570710338,0.407,0.289,90.0,0.4070714,0.2886751,90.0,99.0,0.0,0.95,1.948,0.487,0.997,4.0
332,332,4_11,4_76,189.3666,5.526572,20.43,0.0317,-0.003154011,4.0,4.0,2208.0,461.0,2207.5102,461.1139,2207.5102,461.1139,42.77593962617752,-21.50599561616562,0.516,0.29,-17.67,0.01603,0.01068,-19.74,2207.5102,461.1139,42.77593962617752,-21.50599561616562,0.23661405434,0.091233690869,0.23661405434,0.091233690869,0.487,0.302,-2.1,0.4866315,0.3017243,-2.1,32.402,0.0,1.0,1.781,0.439,0.881,4.0
335,335,4_14,4_73,179.77,5.384716,20.4865,0.0325,0.0,2.0,2.0,2138.0,442.0,2138.0,442.4668,2138.0,442.4668,42.79704263705816,-21.501062540037665,0.576,0.289,90.0,0.01785,0.00894,90.0,2138.0,442.4668,42.79704263705816,-21.501062540037665,0.0833333,0.23142294087,0.0833333,0.23142294087,0.481,0.289,90.0,0.4810644,0.2886751,90.0,99.0,0.0,0.96,1.997,0.499,0.996,4.0
349,349,4_28,4_59,93.21986,3.877559,21.1995,0.0452,0.0,2.0,2.0,2107.0,339.0,2107.0,338.5756,2107.0,338.5756,42.80691315074033,-21.471964941422915,0.572,0.289,90.0,0.02539,0.01278,90.0,2107.0,338.5756,42.80691315074033,-21.471964941422915,0.0833333,0.20267265824,0.0833333,0.20267265824,0.45,0.289,90.0,0.4501918,0.2886751,90.0,99.0,0.0,0.96,1.983,0.496,0.991,4.0
351,351,4_30,4_57,182.4937,5.425354,20.4702,0.0323,0.0,3.0,3.0,2113.0,260.0,2113.2039,259.8637,2113.2039,259.8637,42.80541713005201,-21.44978630445277,0.419,0.323,25.63,0.01355,0.01044,29.94,2113.2039,259.8637,42.80541713005201,-21.44978630445277,0.10534620825,0.097023527313,0.10534620825,0.097023527313,0.325,0.311,2.15,0.3245889,0.3114672,2.15,99.0,0.0,0.95,1.297,0.229,0.998,4.0
352,352,4_31,4_56,102.9305,4.074519,21.0919,0.043,0.0,2.0,2.0,2239.0,254.0,2239.0,253.953,2239.0,253.953,42.76743248901023,-21.447552144536104,0.358,0.289,90.0,0.01739,0.0121,90.0,2239.0,253.953,42.76743248901023,-21.447552144536104,0.0833333,0.08607158835,0.0833333,0.08607158835,0.293,0.289,90.0,0.2933796,0.2886751,90.0,99.0,0.0,1.8,1.24,0.193,0.996,4.0
353,353,4_32,4_55,167.5818,5.198973,20.5627,0.0337,0.0,4.0,4.0,2133.0,236.0,2133.3039,235.8676,2133.3039,235.8676,42.799459154091934,-21.442942909309817,0.465,0.332,12.08,0.01569,0.01281,7.49,2133.3039,235.8676,42.799459154091934,-21.442942909309817,0.1377671047,0.10199638635,0.1377671047,0.10199638635,0.371,0.319,1.17,0.3711901,0.3193453,1.17,99.0,0.0,1.03,1.4,0.286,0.999,4.0
355,355,4_34,4_53,7.849106,1.12516,23.8862,0.1557,0.0,2.0,2.0,2145.0,213.0,2144.8766,213.0,2144.8766,213.0,42.796072833568296,-21.43645541081149,0.438,0.289,0.0,0.13914,0.06646,0.0,2144.8766,213.0,42.796072833568296,-21.43645541081149,0.091516192207,0.0833333,0.091516192207,0.0833333,0.303,0.289,0.0,0.3025164,0.2886751,0.0,99.0,0.0,0.0,1.516,0.34,0.508,4.0
356,356,4_35,4_52,23.94872,1.965375,22.6751,0.0891,0.0,1.0,1.0,2163.0,201.0,2163.0,201.0,2163.0,201.0,42.79065491472053,-21.432996424105674,0.289,0.289,45.0,0.02658,0.02658,45.0,2163.0,201.0,42.79065491472053,-21.432996424105674,0.0833333,0.0833333,0.0833333,0.0833333,0.289,0.289,45.0,0.2886751,0.2886751,45.0,99.0,0.0,0.0,1.0,0.0,0.848,4.0
358,358,4_37,4_50,10.25911,1.28635,23.5955,0.1362,0.0,1.0,1.0,2267.0,195.0,2267.0,195.0,2267.0,195.0,42.75926050846866,-21.43083327148125,0.289,0.289,45.0,0.04585,0.04585,45.0,2267.0,195.0,42.75926050846866,-21.43083327148125,0.0833333,0.0833333,0.0833333,0.0833333,0.289,0.289,45.0,0.2886751,0.2886751,45.0,99.0,0.0,0.0,1.0,0.0,0.547,4.0
359,359,4_38,4_49,93.8959,3.891594,21.1917,0.045,0.0,5.0,5.0,2123.0,193.0,2123.5767,192.5843,2123.5767,192.5843,42.8026071589821,-21.43080640284656,0.763,0.292,-34.31,0.0406,0.01494,-28.77,2123.5767,192.5843,42.8026071589821,-21.43080640284656,0.26389372299,0.18872834807,0.26389372299,0.18872834807,0.619,0.264,-38.05,0.618706,0.2642441,-38.05,99.0,0.0,2.74,2.617,0.618,0.999,4.0
360,360,4_39,4_48,28.28042,2.135734,22.4946,0.082,0.0,2.0,2.0,2119.0,193.0,2119.4422,193.0,2119.4422,193.0,42.80385435677819,-21.430942025583622,0.574,0.289,0.0,0.05219,0.02615,0.0,2119.4422,193.0,42.80385435677819,-21.430942025583622,0.24480358046,0.0833333,0.24480358046,0.0833333,0.495,0.289,0.0,0.4947763,0.2886751,0.0,99.0,0.0,0.96,1.99,0.497,0.857,4.0
361,361,4_40,4_47,27.88766,2.120851,22.5098,0.0826,-1.939419E-4,2.0,2.0,2166.0,191.0,2166.0,191.0092,2166.0,191.0092,42.78979691023149,-21.43017129469648,0.304,0.289,90.0,0.04485,0.02639,90.0,2166.0,191.0092,42.78979691023149,-21.43017129469648,0.0833333,0.083894315461,0.0833333,0.083894315461,0.29,0.289,90.0,0.2896452,0.2886751,90.0,35.43,0.0,1.64,1.053,0.05,0.77,4.0
362,362,4_41,4_46,19.98314,1.795296,22.8716,0.0976,-3.893375E-4,2.0,2.0,2163.0,189.0,2163.0,189.1853,2163.0,189.1853,42.79071218002152,-21.42967163163299,0.484,0.289,90.0,0.06369,0.03302,90.0,2163.0,189.1853,42.79071218002152,-21.42967163163299,0.0833333,0.097780488913,0.0833333,0.097780488913,0.313,0.289,90.0,0.3126987,0.2886751,90.0,34.6734,0.0,0.86,1.677,0.404,0.664,4.0
363,363,4_42,4_45,47.21786,2.759671,21.938,0.0635,-1.680995E-4,3.0,3.0,2120.0,189.0,2120.0156,189.155,2120.0156,189.155,42.803699650703,-21.429857424917344,0.463,0.314,-88.8,0.02846,0.0216,-75.81,2120.0156,189.155,42.803699650703,-21.429857424917344,0.084437557247,0.094747590668,0.084437557247,0.094747590668,0.308,0.291,-89.93,0.307811,0.2905814,-89.93,35.5853,0.0,2.18,1.474,0.322,0.747,4.0
364,364,4_43,4_44,35.82542,2.403808,22.2378,0.0729,0.0,1.0,1.0,2233.0,188.0,2233.0,188.0,2233.0,188.0,42.76956787164245,-21.429019264293085,0.289,0.289,45.0,0.02098,0.02098,45.0,2233.0,188.0,42.76956787164245,-21.429019264293085,0.0833333,0.0833333,0.0833333,0.0833333,0.289,0.289,45.0,0.2886751,0.2886751,45.0,99.0,0.0,0.0,1.0,0.0,0.931,4.0
365,365,4_44,4_43,95.1725,3.917959,21.177,0.0447,0.001795708,3.0,3.0,2159.0,187.0,2158.8584,187.198,2158.8584,187.198,42.791973158342266,-21.429131154731788,0.417,0.326,61.81,0.02003,0.01547,55.33,2158.8584,187.198,42.791973158342266,-21.429131154731788,0.10514152454,0.11545282682,0.10514152454,0.11545282682,0.34,0.324,85.91,0.3398615,0.3241736,85.91,99.0,0.0,0.94,1.278,0.217,0.996,4.0
366,366,4_45,4_42,11.50564,1.362258,23.471,0.1286,-0.007339113,1.0,1.0,2119.0,185.0,2119.0,185.0,2119.0,185.0,42.80402653795878,-21.428692751892537,0.289,0.289,45.0,0.04242,0.04242,45.0,2119.0,185.0,42.80402653795878,-21.428692751892537,0.0833333,0.0833333,0.0833333,0.0833333,0.289,0.289,45.0,0.2886751,0.2886751,45.0,31.4851,0.0,0.0,1.0,0.0,0.608,4.0
367,367,4_46,4_41,29.72069,2.189443,22.4407,0.08,-0.001471023,3.0,3.0,2162.0,183.0,2162.0062,182.8618,2162.0062,182.8618,42.79104309719113,-21.42789663579781,0.45,0.299,-87.31,0.05396,0.0243,-60.54,2162.0062,182.8618,42.79104309719113,-21.42789663579781,0.083354133058,0.092351769787,0.083354133058,0.092351769787,0.304,0.289,-89.87,0.3038944,0.2887111,-89.87,33.2302,0.0,2.09,1.507,0.337,0.698,4.0
368,368,4_47,4_40,32.85173,2.301883,22.3319,0.0761,-0.001464428,5.0,5.0,2168.0,180.0,2168.2118,180.4998,2168.2118,180.4998,42.78917960451254,-21.427203800519703,0.761,0.299,34.97,0.09937,0.03345,22.36,2168.2118,180.4998,42.78917960451254,-21.427203800519703,0.22216909374,0.23792008912,0.22216909374,0.23792008912,0.607,0.303,46.63,0.6067677,0.3031867,46.63,33.235,0.0,2.6,2.548,0.607,0.616,4.0
369,369,4_48,4_39,7.710757,1.1152,23.9056,0.1571,-1.288019E-4,1.0,1.0,2112.0,179.0,2112.0,179.0,2112.0,179.0,42.80617040055356,-21.4270358470504,0.289,0.289,45.0,0.05608,0.05608,45.0,2112.0,179.0,42.80617040055356,-21.4270358470504,0.0833333,0.0833333,0.0833333,0.0833333,0.289,0.289,45.0,0.2886751,0.2886751,45.0,35.8744,0.0,0.0,1.0,0.0,0.429,4.0
370,370,4_49,4_38,67.29327,3.294504,21.5534,0.0532,-0.01240947,4.0,4.0,2115.0,174.0,2114.8931,173.8595,2114.8931,173.8595,42.8053210777686,-21.42557624134638,0.494,0.307,-84.23,0.03235,0.02021,-85.14,2114.8931,173.8595,42.8053210777686,-21.42557624134638,0.095736995995,0.11507410983,0.095736995995,0.11507410983,0.339,0.309,-89.28,0.3392302,0.3094091,-89.28,30.9148,0.0,1.13,1.612,0.38,0.859,4.0
371,371,4_50,4_37,4.620585,0.863282,24.4616,0.2029,-0.001738166,2.0,2.0,2173.0,174.0,2172.9991,174.0,2172.9991,174.0,42.78776472934682,-21.42535295970155,0.29,0.289,0.0,0.23997,0.10358,0.0,2172.9991,174.0,42.78776472934682,-21.42535295970155,0.083388065908,0.0833333,0.083388065908,0.0833333,0.289,0.289,0.0,0.2887699,0.2886751,0.0,33.049,0.0,1.59,1.005,0.005,0.363,4.0
372,372,4_51,4_36,178.6118,5.367342,20.4935,0.0326,-9.421572E-6,12.0,12.0,2180.0,169.0,2180.4648,169.3836,2180.4648,169.3836,42.78553151428602,-21.42401994147586,2.848,0.508,-11.29,0.10301,0.01841,-11.03,2180.4648,169.3836,42.78553151428602,-21.42401994147586,2.7737496717,0.40718493892,2.7737496717,0.40718493892,1.732,0.425,-16.48,1.732219,0.4246796,-16.48,38.7139,0.0,7.19,5.605,0.822,1.0,4.0
373,373,4_52,4_35,69.22048,3.341346,21.5227,0.0524,-2.028747E-4,3.0,3.0,2106.0,170.0,2106.0192,169.8103,2106.0192,169.8103,42.80802164256468,-21.424476733812185,0.528,0.315,82.61,0.03171,0.01127,68.52,2106.0192,169.8103,42.80802164256468,-21.424476733812185,0.08339785442,0.1011903221,0.08339785442,0.1011903221,0.318,0.289,89.79,0.3181047,0.2887864,89.79,35.3811,0.0,0.93,1.675,0.403,0.987,4.0
374,374,4_53,4_34,243.0616,6.261269,20.159,0.028,8.17287E-4,4.0,4.0,2173.0,170.0,2173.3863,169.4046,2173.3863,169.4046,42.787670049309,-21.42405800856527,0.546,0.424,-45.93,0.01465,0.01174,-45.85,2173.3863,169.4046,42.787670049309,-21.42405800856527,0.21225295541,0.22662194093,0.21225295541,0.22662194093,0.517,0.414,-49.32,0.5169988,0.4142309,-49.32,99.0,0.0,1.54,1.287,0.223,0.999,4.0
375,375,4_54,4_33,50.33735,2.849373,21.8686,0.0615,-0.1170089,4.0,4.0,2168.0,164.0,2167.7351,163.989,2167.7351,163.989,42.78940372281436,-21.422559658691146,0.761,0.307,-0.35,0.05024,0.02056,-3.04,2167.7351,163.989,42.78940372281436,-21.422559658691146,0.34704639549,0.086453957589,0.34704639549,0.086453957589,0.589,0.294,-0.27,0.5891114,0.2940206,-0.27,28.4787,0.0,2.19,2.478,0.596,0.717,4.0
376,376,4_55,4_32,50.807,2.862635,21.8585,0.0612,0.003024697,2.0,2.0,2112.0,163.0,2111.8744,163.0,2111.8744,163.0,42.80628544528325,-21.42253391036063,0.44,0.289,0.0,0.0313,0.01814,0.0,2111.8744,163.0,42.80628544528325,-21.42253391036063,0.091708743614,0.0833333,0.091708743614,0.0833333,0.303,0.289,0.0,0.3028345,0.2886751,0.0,99.0,0.0,2.02,1.523,0.343,0.988,4.0
377,377,4_56,4_31,85.58955,3.715477,21.2922,0.0471,-0.202359,3.0,3.0,2120.0,161.0,2119.3524,160.6598,2119.3524,160.6598,42.80403745252272,-21.42184166016596,0.588,0.326,44.55,0.02821,0.01576,44.62,2119.3524,160.6598,42.80403745252272,-21.42184166016596,0.21106343267,0.19676999194,0.21106343267,0.19676999194,0.535,0.349,42.49,0.5345421,0.3494254,42.49,27.8839,0.0,2.54,1.803,0.446,0.988,4.0
378,378,4_57,4_30,112.002,4.250275,21.0002,0.0412,-0.04563514,6.0,6.0,2163.0,159.0,2163.4665,159.0027,2163.4665,159.0027,42.79071756174931,-21.42117583443736,0.622,0.496,82.11,0.0296,0.02187,86.04,2163.4665,159.0027,42.79071756174931,-21.42117583443736,0.24820315784,0.17350319202,0.24820315784,0.17350319202,0.499,0.415,6.4,0.4991535,0.4153939,6.4,29.501,0.0,1.41,1.252,0.202,0.95,4.0
379,379,4_58,4_29,62.23176,3.168183,21.6383,0.0553,-0.03449406,10.0,10.0,2117.0,156.0,2116.6476,156.7146,2116.6476,156.7146,42.80487365673661,-21.420743653566596,1.322,0.569,-47.77,0.09567,0.05638,-46.64,2116.6476,156.7146,42.80487365673661,-21.420743653566596,0.18167570156,0.11170598989,0.18167570156,0.11170598989,0.466,0.276,30.1,0.465915,0.2762335,30.1,29.8048,0.0,3.52,2.325,0.57,0.956,4.0
381,381,4_60,4_27,312.701,7.101806,19.8855,0.0247,-1.633114,13.0,13.0,2125.0,155.0,2124.1737,154.7873,2124.1737,154.7873,42.80260917120982,-21.42016735528351,1.561,0.536,-0.99,0.04433,0.01518,-0.32,2124.1737,154.7873,42.80260917120982,-21.42016735528351,0.74602046556,0.12051822196,0.74602046556,0.12051822196,0.871,0.328,-8.18,0.8713396,0.3275758,-8.18,25.6167,1.0,5.33,2.91,0.656,0.985,4.0
382,382,4_61,4_26,4.202081,0.8232588,24.5646,0.2128,-0.02414608,3.0,3.0,2172.0,153.0,2171.5929,153.0221,2171.5929,153.0221,42.78829140362976,-21.41945596213177,0.57,0.323,2.33,0.27831,0.17029,49.45,2171.5929,153.0221,42.78829140362976,-21.41945596213177,0.20473155425,0.087505264804,0.20473155425,0.087505264804,0.452,0.296,0.29,0.452476,0.2958078,0.29,30.1921,0.0,1.04,1.763,0.433,0.034,4.0
383,383,4_62,4_25,32.26248,2.281146,22.3516,0.0768,-0.07974774,1.0,1.0,2166.0,154.0,2166.0,154.0,2166.0,154.0,42.78997639484168,-21.41975653860189,0.289,0.289,45.0,0.02232,0.02232,45.0,2166.0,154.0,42.78997639484168,-21.41975653860189,0.0833333,0.0833333,0.0833333,0.0833333,0.289,0.289,45.0,0.2886751,0.2886751,45.0,28.8949,0.0,0.0,1.0,0.0,0.913,4.0
385,385,4_64,4_23,110.9527,4.230319,21.0105,0.0414,0.04296796,5.0,5.0,2119.0,146.0,2119.7057,146.938,2119.7057,146.938,42.80399690611249,-21.417978678586067,0.988,0.287,49.94,0.04298,0.01321,49.24,2119.7057,146.938,42.80399690611249,-21.417978678586067,0.27690680686,0.3722554348,0.27690680686,0.3722554348,0.756,0.278,50.55,0.7563397,0.2776913,50.55,99.0,0.0,3.12,3.44,0.709,0.998,4.0
386,386,4_65,4_22,35.76524,2.401788,22.2396,0.0729,-0.02206589,4.0,4.0,2162.0,146.0,2162.351,145.5353,2162.351,145.5353,42.791119879909935,-21.417391059122203,0.654,0.224,-46.46,0.06438,0.02768,-35.66,2162.351,145.5353,42.791119879909935,-21.417391059122203,0.14783583212,0.20269660763,0.14783583212,0.20269660763,0.491,0.331,-57.39,0.4906019,0.3314245,-57.39,30.2899,0.0,1.46,2.923,0.658,0.654,4.0
387,387,4_66,4_21,190.9206,5.549202,20.4212,0.0316,0.2339305,11.0,11.0,2152.0,144.0,2153.1343,143.6609,2153.1343,143.6609,42.793913474400505,-21.41690537055859,1.298,0.759,7.73,0.04716,0.02775,14.3,2153.1343,143.6609,42.793913474400505,-21.41690537055859,0.78383604482,0.18035257795,0.78383604482,0.18035257795,0.899,0.395,-11.06,0.8987876,0.3954359,-11.06,99.0,0.0,4.25,1.709,0.415,1.0,4.0
388,388,4_67,4_20,64.48438,3.225013,21.5997,0.0543,2.190974E-4,1.0,1.0,2166.0,141.0,2166.0,141.0,2166.0,141.0,42.79003945753098,-21.41609823647578,0.289,0.289,45.0,0.01512,0.01512,45.0,2166.0,141.0,42.79003945753098,-21.41609823647578,0.0833333,0.0833333,0.0833333,0.0833333,0.289,0.289,45.0,0.2886751,0.2886751,45.0,99.0,0.0,0.0,1.0,0.0,0.983,4.0
389,389,4_68,4_19,24.94867,2.005986,22.6307,0.0873,-0.4776605,2.0,2.0,2157.0,140.0,2156.674,140.0,2156.674,140.0,42.79286181816503,-21.415859128313244,0.551,0.289,0.0,0.05745,0.02915,0.0,2156.674,140.0,42.79286181816503,-21.415859128313244,0.13101784896,0.0833333,0.13101784896,0.0833333,0.362,0.289,0.0,0.3619639,0.2886751,0.0,26.9514,0.0,0.96,1.907,0.476,0.666,4.0
390,390,4_69,4_18,9.243721,1.221033,23.7087,0.1435,-0.002776183,2.0,2.0,2122.0,139.0,2122.0,138.5284,2122.0,138.5284,42.8033443481795,-21.415601829101558,0.577,0.289,90.0,0.11677,0.05838,90.0,2122.0,138.5284,42.8033443481795,-21.415601829101558,0.0833333,0.23805089836,0.0833333,0.23805089836,0.488,0.289,90.0,0.4879046,0.2886751,90.0,32.5406,0.0,0.96,1.998,0.499,0.48,4.0
391,391,4_70,4_17,2.261821,0.6039949,25.2372,0.29,-0.08474097,1.0,1.0,2141.0,131.0,2141.0,131.0,2141.0,131.0,42.79764066498265,-21.413397456948072,0.289,0.289,45.0,0.15413,0.15413,45.0,2141.0,131.0,42.79764066498265,-21.413397456948072,0.0833333,0.0833333,0.0833333,0.0833333,0.289,0.289,45.0,0.2886751,0.2886751,45.0,28.829,0.0,0.0,1.0,0.0,0.378,4.0
394,394,4_73,4_14,134.3123,4.654383,20.803,0.0376,0.0,2.0,2.0,2445.0,101.0,2445.0,101.0177,2445.0,101.0177,42.70594698271823,-21.40355633958412,0.317,0.289,90.0,0.01355,0.01045,90.0,2445.0,101.0177,42.70594698271823,-21.40355633958412,0.0833333,0.084395472759,0.0833333,0.084395472759,0.291,0.289,90.0,0.290509,0.2886751,90.0,99.0,0.0,0.0,1.1,0.091,0.996,4.0
396,396,4_75,4_12,3.060671,0.702607,24.9088,0.2493,0.0,1.0,1.0,2493.0,92.0,2493.0,92.0,2493.0,92.0,42.691490846404456,-21.40079155486489,0.289,0.289,45.0,0.11527,0.11527,45.0,2493.0,92.0,42.691490846404456,-21.40079155486489,0.0833333,0.0833333,0.0833333,0.0833333,0.289,0.289,45.0,0.2886751,0.2886751,45.0,99.0,0.0,0.0,1.0,0.0,0.371,4.0
397,397,4_76,4_11,5.55119,0.9462311,24.2623,0.1851,-0.003408906,1.0,1.0,2486.0,91.0,2486.0,91.0,2486.0,91.0,42.69361067810454,-21.40054332375452,0.289,0.289,45.0,0.07162,0.07162,45.0,2486.0,91.0,42.69361067810454,-21.40054332375452,0.0833333,0.0833333,0.0833333,0.0833333,0.289,0.289,45.0,0.2886751,0.2886751,45.0,32.3177,0.0,0.0,1.0,0.0,0.38,4.0
399,399,4_78,4_9,0.3867599,0.2497611,27.1547,0.7013,-0.29348,1.0,1.0,2503.0,85.0,2503.0,85.0,2503.0,85.0,42.68850503353544,-21.39877408596175,0.289,0.289,45.0,3.11785,3.11785,45.0,2503.0,85.0,42.68850503353544,-21.39877408596175,0.0833333,0.0833333,0.0833333,0.0833333,0.289,0.289,45.0,0.2886751,0.2886751,45.0,27.4803,0.0,0.0,1.0,0.0,0.019,4.0
410,410,5_4,5_79,228.0403,6.06471,20.2283,0.0289,-0.01383494,2.0,2.0,2835.0,495.0,2835.4422,495.0,2835.4422,495.0,42.58591972957832,-21.51255217971875,0.574,0.289,0.0,0.0157,0.00788,0.0,2835.4422,495.0,42.58591972957832,-21.51255217971875,0.24478837691,0.0833333,0.24478837691,0.0833333,0.495,0.289,0.0,0.4947609,0.2886751,0.0,30.8,0.0,0.96,1.99,0.497,0.996,5.0
412,412,5_6,5_77,19.95723,1.794131,22.8731,0.0976,3.895886E-6,1.0,1.0,2995.0,476.0,2995.0,476.0,2995.0,476.0,42.53777200115518,-21.506404329887232,0.289,0.289,45.0,0.02971,0.02971,45.0,2995.0,476.0,42.53777200115518,-21.506404329887232,0.0833333,0.0833333,0.0833333,0.0833333,0.289,0.289,45.0,0.2886751,0.2886751,45.0,99.0,0.0,0.0,1.0,0.0,0.803,5.0
414,414,5_8,5_75,7.659482,1.111486,23.9128,0.1576,-4.179742E-5,1.0,1.0,2916.0,460.0,2916.0,460.0,2916.0,460.0,42.56174483333567,-21.50229983625977,0.289,0.289,45.0,0.05635,0.05635,45.0,2916.0,460.0,42.56174483333567,-21.50229983625977,0.0833333,0.0833333,0.0833333,0.0833333,0.289,0.289,45.0,0.2886751,0.2886751,45.0,99.0,0.0,0.0,1.0,0.0,0.427,5.0
417,417,5_11,5_72,8.574989,1.176037,23.7902,0.1489,0.0,2.0,2.0,2577.0,447.0,2577.1271,447.0,2577.1271,447.0,42.66426960420771,-21.500300410362705,0.441,0.289,0.0,0.12846,0.06192,0.0,2577.1271,447.0,42.66426960420771,-21.500300410362705,0.091841838533,0.0833333,0.091841838533,0.0833333,0.303,0.289,0.0,0.3030542,0.2886751,0.0,99.0,0.0,0.0,1.527,0.345,0.524,5.0
418,418,5_12,5_71,39.22542,2.51529,22.1394,0.0696,0.0,3.0,3.0,2571.0,447.0,2570.6437,446.8579,2570.6437,446.8579,42.6662304229915,-21.50029139738424,0.531,0.264,29.79,0.04524,0.02288,34.25,2570.6437,446.8579,42.6662304229915,-21.50029139738424,0.14535560798,0.088517230494,0.14535560798,0.088517230494,0.382,0.297,4.86,0.381797,0.2968229,4.86,99.0,0.0,1.03,2.013,0.503,0.982,5.0
419,419,5_13,5_70,12.94307,1.44485,23.3432,0.1212,0.0,1.0,1.0,2564.0,447.0,2564.0,447.0,2564.0,447.0,42.66823825686871,-21.50036310599381,0.289,0.289,45.0,0.03919,0.03919,45.0,2564.0,447.0,42.66823825686871,-21.50036310599381,0.0833333,0.0833333,0.0833333,0.0833333,0.289,0.289,45.0,0.2886751,0.2886751,45.0,99.0,0.0,0.0,1.0,0.0,0.665,5.0
420,420,5_14,5_69,3.965497,0.7997476,24.6276,0.219,-1.980034E-4,1.0,1.0,2555.0,445.0,2555.0,445.0,2555.0,445.0,42.67096931358486,-21.499843151030245,0.289,0.289,45.0,0.09322,0.09322,45.0,2555.0,445.0,42.67096931358486,-21.499843151030245,0.0833333,0.0833333,0.0833333,0.0833333,0.289,0.289,45.0,0.2886751,0.2886751,45.0,35.4075,0.0,0.0,1.0,0.0,0.369,5.0
421,421,5_15,5_68,19.54764,1.775625,22.8956,0.0986,3.105664E-5,1.0,1.0,2563.0,443.0,2563.0,443.0,2563.0,443.0,42.66856087952202,-21.49924212900784,0.289,0.289,45.0,0.03009,0.03009,45.0,2563.0,443.0,42.66856087952202,-21.49924212900784,0.0833333,0.0833333,0.0833333,0.0833333,0.289,0.289,45.0,0.2886751,0.2886751,45.0,99.0,0.0,0.0,1.0,0.0,0.798,5.0
423,423,5_17,5_66,269.4546,6.592452,20.0471,0.0266,-1.305445E-5,5.0,5.0,2859.0,431.0,2859.222,431.1298,2859.222,431.1298,42.57906403335481,-21.494458097804976,0.576,0.331,-7.38,0.01535,0.00941,-3.57,2859.222,431.1298,42.57906403335481,-21.494458097804976,0.17722673489,0.11362665107,0.17722673489,0.11362665107,0.421,0.337,-2.11,0.4210857,0.3369574,-2.11,99.0,0.0,1.4,1.743,0.426,1.0,5.0
426,426,5_20,5_63,149.6298,4.91262,20.6858,0.0357,0.0,4.0,4.0,2713.0,419.0,2712.6201,418.8634,2712.6201,418.8634,42.62345083057774,-21.491727697643547,0.572,0.353,-42.21,0.02168,0.01251,-47.21,2712.6201,418.8634,42.62345083057774,-21.491727697643547,0.18147594378,0.078739858226,0.18147594378,0.078739858226,0.432,0.272,-12.1,0.4317689,0.2716457,-12.1,99.0,0.0,1.38,1.622,0.383,0.998,5.0
429,429,5_23,5_60,8.359756,1.161184,23.8178,0.1508,-3.029042E-6,1.0,1.0,2552.0,393.0,2552.0,393.0,2552.0,393.0,42.67213981977947,-21.485222715537454,0.289,0.289,45.0,0.05292,0.05292,45.0,2552.0,393.0,42.67213981977947,-21.485222715537454,0.0833333,0.0833333,0.0833333,0.0833333,0.289,0.289,45.0,0.2886751,0.2886751,45.0,99.0,0.0,0.0,1.0,0.0,0.454,5.0
430,430,5_24,5_59,147.7618,4.88186,20.6994,0.0359,-3.614364E-6,3.0,3.0,2549.0,390.0,2549.0,390.1452,2549.0,390.1452,42.673061159235935,-21.4844335625665,0.585,0.289,90.0,0.02189,0.01012,90.0,2549.0,390.1452,42.673061159235935,-21.4844335625665,0.0833333,0.10806201265,0.0833333,0.10806201265,0.329,0.289,90.0,0.3287279,0.2886751,90.0,99.0,0.0,1.07,2.026,0.506,0.997,5.0
431,431,5_25,5_58,66.13059,3.265919,21.5723,0.0536,-3.233904E-6,3.0,3.0,2555.0,390.0,2555.0221,389.8212,2555.0221,389.8212,42.67124237753378,-21.48431367621077,0.482,0.32,-81.91,0.02783,0.01308,-65.92,2555.0221,389.8212,42.67124237753378,-21.48431367621077,0.083407964346,0.095065707882,0.083407964346,0.095065707882,0.308,0.289,-89.64,0.308328,0.2888035,-89.64,99.0,0.0,0.0,1.508,0.337,0.995,5.0
432,432,5_26,5_57,9.264504,1.222405,23.7062,0.1433,-3.072941E-6,3.0,3.0,2561.0,388.0,2560.7544,387.5138,2560.7544,387.5138,42.66952126030077,-21.48363694491502,0.59,0.295,52.17,0.13772,0.0745,49.27,2560.7544,387.5138,42.66952126030077,-21.48363694491502,0.12932631693,0.25226020492,0.12932631693,0.25226020492,0.513,0.344,74.16,0.5128534,0.3443369,74.16,99.0,0.0,1.36,1.996,0.499,0.546,5.0
435,435,5_29,5_54,24.59408,1.99168,22.6462,0.0879,-1.86875E-4,2.0,2.0,2541.0,384.0,2541.0,383.6541,2541.0,383.6541,42.67551233428933,-21.482644816731472,0.556,0.289,90.0,0.05667,0.02867,90.0,2541.0,383.6541,42.67551233428933,-21.482644816731472,0.0833333,0.14984713283,0.0833333,0.14984713283,0.387,0.289,90.0,0.3871009,0.2886751,90.0,35.5002,0.0,0.94,1.927,0.481,0.863,5.0
436,436,5_30,5_53,188.8663,5.519267,20.4329,0.0317,-2.722629E-5,4.0,4.0,2967.0,383.0,2966.6958,382.4739,2966.6958,382.4739,42.54682682539592,-21.48022469393308,0.544,0.406,53.29,0.0168,0.01311,52.32,2966.6958,382.4739,42.54682682539592,-21.48022469393308,0.12739043364,0.2476044736,0.12739043364,0.2476044736,0.509,0.341,73.61,0.5089122,0.3405925,73.61,99.0,0.0,1.18,1.342,0.255,0.999,5.0
437,437,5_31,5_52,35.26983,2.385096,22.2548,0.0734,7.110531E-4,3.0,3.0,2564.0,382.0,2563.6325,381.6325,2563.6325,381.6325,42.668681084837935,-21.48196798751828,0.871,0.289,45.0,0.08682,0.02412,45.0,2563.6325,381.6325,42.668681084837935,-21.48196798751828,0.19982749734,0.19982749734,0.19982749734,0.19982749734,0.562,0.289,45.0,0.5624248,0.2886751,45.0,99.0,0.0,2.45,3.018,0.669,0.959,5.0
438,438,5_32,5_51,10.7431,1.316343,23.5455,0.1331,1.521484,2.0,2.0,2561.0,376.0,2560.9635,376.0,2560.9635,376.0,42.66951646258384,-21.480395527608717,0.344,0.289,0.0,0.08459,0.04303,0.0,2560.9635,376.0,42.66951646258384,-21.480395527608717,0.085463133022,0.0833333,0.085463133022,0.0833333,0.292,0.289,0.0,0.2923408,0.2886751,0.0,99.0,0.0,0.0,1.192,0.161,0.72,5.0
440,440,5_34,5_49,35.21124,2.383114,22.2566,0.0735,-3.266223E-6,2.0,2.0,2896.0,361.0,2895.5896,361.0,2895.5896,361.0,42.568437381474816,-21.474538572739668,0.57,0.289,0.0,0.04517,0.02272,0.0,2895.5896,361.0,42.568437381474816,-21.474538572739668,0.1964214094,0.0833333,0.1964214094,0.0833333,0.443,0.289,0.0,0.4431945,0.2886751,0.0,99.0,0.0,0.96,1.976,0.494,0.925,5.0
441,441,5_35,5_48,227.873,6.062484,20.2291,0.0289,0.0,3.0,3.0,2857.0,361.0,2857.2652,360.8266,2857.2652,360.8266,42.58002417198772,-21.47468106972907,0.471,0.341,30.37,0.01325,0.00955,32.65,2857.2652,360.8266,42.58002417198772,-21.47468106972907,0.16766310884,0.13308588893,0.16766310884,0.13308588893,0.41,0.364,7.88,0.4102916,0.3638816,7.88,99.0,0.0,1.08,1.38,0.276,0.998,5.0
444,444,5_38,5_45,34.40834,2.355787,22.2816,0.0744,0.0,2.0,2.0,2778.0,341.0,2778.4542,341.0,2778.4542,341.0,42.60395204331203,-21.469490986118878,0.576,0.289,0.0,0.04604,0.02305,0.0,2778.4542,341.0,42.60395204331203,-21.469490986118878,0.22867152371,0.0833333,0.22867152371,0.0833333,0.478,0.289,0.0,0.4781961,0.2886751,0.0,99.0,0.0,0.96,1.994,0.498,0.905,5.0
445,445,5_39,5_44,1.314472,0.4604473,25.8264,0.3804,-4.15724E-5,1.0,1.0,2991.0,324.0,2991.0,324.0,2991.0,324.0,42.53978961982025,-21.463643696972408,0.289,0.289,45.0,0.24177,0.24177,45.0,2991.0,324.0,42.53978961982025,-21.463643696972408,0.0833333,0.0833333,0.0833333,0.0833333,0.289,0.289,45.0,0.2886751,0.2886751,45.0,99.0,0.0,0.0,1.0,0.0,0.025,5.0
446,446,5_40,5_43,2.364409,0.6175405,25.189,0.2836,0.0,1.0,1.0,2805.0,321.0,2805.0,321.0,2805.0,321.0,42.59603178577236,-21.46373108905891,0.289,0.289,45.0,0.14349,0.14349,45.0,2805.0,321.0,42.59603178577236,-21.46373108905891,0.0833333,0.0833333,0.0833333,0.0833333,0.289,0.289,45.0,0.2886751,0.2886751,45.0,99.0,0.0,0.0,1.0,0.0,0.377,5.0
449,449,5_43,5_40,215.1253,5.890469,20.2916,0.0297,-8.428638E-6,6.0,6.0,2552.0,316.0,2551.7987,316.0117,2551.7987,316.0117,42.6725908465619,-21.46355627286127,0.742,0.328,-69.66,0.02382,0.01041,-72.14,2551.7987,316.0117,42.6725908465619,-21.46355627286127,0.12045372763,0.23099310981,0.12045372763,0.23099310981,0.483,0.344,-82.0,0.4829289,0.3438408,-82.0,99.0,0.0,1.68,2.266,0.559,1.0,5.0
450,450,5_44,5_39,89.8219,3.806232,21.2398,0.046,-1.443983E-6,3.0,3.0,2899.0,314.0,2899.1002,313.6835,2899.1002,313.6835,42.56762519728595,-21.461203613532422,0.473,0.287,76.65,0.02257,0.01505,68.42,2899.1002,313.6835,42.56762519728595,-21.461203613532422,0.097152339666,0.13699995627,0.097152339666,0.13699995627,0.37,0.312,88.85,0.3701566,0.3116671,88.85,99.0,0.0,1.1,1.646,0.392,0.995,5.0
452,452,5_46,5_37,8.815498,1.192415,23.7602,0.1469,0.0,2.0,2.0,2696.0,263.0,2696.0,262.7296,2696.0,262.7296,42.62927965488092,-21.447865678741973,0.53,0.289,90.0,0.12276,0.06057,90.0,2696.0,262.7296,42.62927965488092,-21.447865678741973,0.0833333,0.10889532707,0.0833333,0.10889532707,0.33,0.289,90.0,0.3299929,0.2886751,90.0,99.0,0.0,0.91,1.835,0.455,0.499,5.0
453,453,5_47,5_36,38.18253,2.481627,22.1686,0.0706,0.0,1.0,1.0,2874.0,252.0,2874.0,252.0,2874.0,252.0,42.57553654558361,-21.44396807855204,0.289,0.289,45.0,0.02023,0.02023,45.0,2874.0,252.0,42.57553654558361,-21.44396807855204,0.0833333,0.0833333,0.0833333,0.0833333,0.289,0.289,45.0,0.2886751,0.2886751,45.0,99.0,0.0,0.0,1.0,0.0,0.94,5.0
454,454,5_48,5_35,48.32958,2.79197,21.9128,0.0627,-0.001714484,4.0,4.0,2710.0,246.0,2710.1673,246.2671,2710.1673,246.2671,42.62508275176511,-21.443163335583137,0.443,0.373,84.46,0.03587,0.03116,53.44,2710.1673,246.2671,42.62508275176511,-21.443163335583137,0.11117094692,0.13800808606,0.11117094692,0.13800808606,0.371,0.333,89.31,0.3714997,0.3334171,89.31,33.0639,0.0,0.89,1.189,0.159,0.792,5.0
455,455,5_49,5_34,225.7431,6.034084,20.2393,0.029,0.0,2.0,2.0,2770.0,240.0,2770.0,240.4992,2770.0,240.4992,42.60702951992451,-21.441246783137636,0.577,0.289,90.0,0.01585,0.00793,90.0,2770.0,240.4992,42.60702951992451,-21.441246783137636,0.0833333,0.2295360169,0.0833333,0.2295360169,0.479,0.289,90.0,0.4790992,0.2886751,90.0,99.0,0.0,0.97,2.0,0.5,0.996,5.0
456,456,5_50,5_33,77.4034,3.53333,21.4014,0.0496,-5.025757E-5,2.0,2.0,2982.0,235.0,2982.0,235.1828,2982.0,235.1828,42.5429820994759,-21.438690925464268,0.482,0.289,90.0,0.02509,0.01419,90.0,2982.0,235.1828,42.5429820994759,-21.438690925464268,0.0833333,0.09748731133,0.0833333,0.09748731133,0.312,0.289,90.0,0.3122296,0.2886751,90.0,99.0,0.0,0.85,1.671,0.402,0.993,5.0
458,458,5_52,5_31,208.7272,5.802213,20.3244,0.0302,0.0,3.0,3.0,2827.0,211.0,2827.3005,211.2516,2827.3005,211.2516,42.58986425034778,-21.432731818268397,0.525,0.351,-40.87,0.01536,0.01016,-41.42,2827.3005,211.2516,42.58986425034778,-21.432731818268397,0.15131564798,0.11624665942,0.15131564798,0.11624665942,0.405,0.321,-27.45,0.4053169,0.3213728,-27.45,99.0,0.0,1.44,1.498,0.332,0.997,5.0
459,459,5_53,5_30,67.97166,3.311068,21.5425,0.0529,0.0,5.0,5.0,2558.0,205.0,2557.9525,204.8322,2557.9525,204.8322,42.671294850797416,-21.43223686188341,0.688,0.289,-42.52,0.04705,0.01864,-43.4,2557.9525,204.8322,42.671294850797416,-21.43223686188341,0.10563813463,0.10410383978,0.10563813463,0.10410383978,0.329,0.319,-38.52,0.3290754,0.3185143,-38.52,99.0,0.0,1.62,2.378,0.579,0.999,5.0
461,461,5_55,5_28,15.83307,1.598037,23.1244,0.1096,-3.663404E-5,3.0,3.0,3002.0,189.0,3002.0156,188.7591,3002.0156,188.7591,42.537179364957225,-21.425522608243757,0.794,0.222,28.64,0.12876,0.03304,28.53,3002.0156,188.7591,42.537179364957225,-21.425522608243757,0.24009138751,0.10103802006,0.24009138751,0.10103802006,0.493,0.313,8.24,0.4930193,0.3131475,8.24,99.0,0.0,2.17,3.579,0.721,0.656,5.0
462,462,5_56,5_27,34.04597,2.343349,22.2931,0.0747,0.0,2.0,2.0,2780.0,188.0,2780.4101,188.0,2780.4101,188.0,42.60415626240638,-21.426419623488595,0.57,0.289,0.0,0.04615,0.02321,0.0,2780.4101,188.0,42.60415626240638,-21.426419623488595,0.1961929111,0.0833333,0.1961929111,0.0833333,0.443,0.289,0.0,0.4429367,0.2886751,0.0,99.0,0.0,0.96,1.976,0.494,0.919,5.0
465,465,5_59,5_24,217.4079,5.921638,20.2801,0.0296,-2.662782E-5,12.0,12.0,3014.0,177.0,3014.8501,177.7526,3014.8501,177.7526,42.53335901545261,-21.42235922167137,1.516,0.82,-88.66,0.0482,0.02597,-89.97,3014.8501,177.7526,42.53335901545261,-21.42235922167137,0.69849061895,0.95963792701,0.69849061895,0.95963792701,0.981,0.834,-84.25,0.980975,0.8341562,-84.25,99.0,17.0,6.66,1.849,0.459,1.0,5.0
466,466,5_60,5_23,7142.641,33.9417,16.4887,0.0052,-1.279864E-5,316.0,316.0,3006.0,169.0,3002.6394,170.0704,3002.6394,170.0704,42.53709033514277,-21.420259229729854,6.406,4.962,-10.81,0.03472,0.02691,-12.81,3002.6394,170.0704,42.53709033514277,-21.420259229729854,24.584236912,18.72812668,24.584236912,18.72812668,4.961,4.324,-4.06,4.961242,4.324169,-4.06,99.0,16.0,33.84,1.291,0.225,0.845,5.0
467,467,5_61,5_22,199.5968,5.673891,20.3729,0.0309,0.0,5.0,5.0,2575.0,176.0,2574.8848,175.7815,2574.8848,175.7815,42.66632584488309,-21.423979908918547,0.453,0.339,-73.06,0.01485,0.01212,-76.05,2574.8848,175.7815,42.66632584488309,-21.423979908918547,0.099446047208,0.11495844336,0.099446047208,0.11495844336,0.339,0.315,-88.46,0.3390718,0.3153329,-88.46,99.0,0.0,1.02,1.336,0.251,1.0,5.0
468,468,5_62,5_21,197.8217,5.648603,20.3826,0.031,-1.775188E-5,10.0,10.0,3016.0,172.0,3015.3507,172.4656,3015.3507,172.4656,42.53323590628351,-21.42086855981069,1.106,0.494,-51.28,0.0377,0.01772,-52.37,3015.3507,172.4656,42.53323590628351,-21.42086855981069,0.38147546746,0.43935775553,0.38147546746,0.43935775553,0.803,0.42,-48.55,0.8029435,0.4196606,-48.55,99.0,17.0,3.1,2.241,0.554,1.0,5.0
472,472,5_66,5_17,8.398749,1.163889,23.8128,0.1505,-0.01774666,3.0,3.0,3001.0,153.0,3001.0673,153.0103,3001.0673,153.0103,42.5376562848087,-21.415465425933267,0.382,0.306,-0.75,0.12316,0.11371,-50.54,3001.0673,153.0103,42.5376562848087,-21.415465425933267,0.087360553662,0.084005039464,0.087360553662,0.084005039464,0.296,0.29,-0.05,0.2955682,0.2898362,-0.05,30.5264,0.0,1.93,1.25,0.2,0.432,5.0
473,473,5_67,5_16,44.2882,2.672688,22.0076,0.0655,0.0,1.0,1.0,2588.0,146.0,2588.0,146.0,2588.0,146.0,42.662514475469706,-21.415535391776928,0.289,0.289,45.0,0.0186,0.0186,45.0,2588.0,146.0,42.662514475469706,-21.415535391776928,0.0833333,0.0833333,0.0833333,0.0833333,0.289,0.289,45.0,0.2886751,0.2886751,45.0,99.0,0.0,0.0,1.0,0.0,0.958,5.0
474,474,5_68,5_15,246.9485,6.311133,20.1418,0.0278,0.001333229,6.0,6.0,2814.0,141.0,2814.1106,140.6753,2814.1106,140.6753,42.594218888973664,-21.41293338575086,0.496,0.409,57.86,0.01411,0.01292,69.84,2814.1106,140.6753,42.594218888973664,-21.41293338575086,0.061664145725,0.1413742226,0.061664145725,0.1413742226,0.377,0.247,85.17,0.3767581,0.2471673,85.17,99.0,0.0,1.31,1.212,0.175,1.0,5.0
475,475,5_69,5_14,100.1031,4.018167,21.1222,0.0436,0.0,2.0,2.0,2744.0,128.0,2744.1228,128.0,2744.1228,128.0,42.615433109658,-21.40971128663995,0.437,0.289,0.0,0.02007,0.01228,0.0,2744.1228,128.0,42.615433109658,-21.40971128663995,0.091461918749,0.0833333,0.091461918749,0.0833333,0.302,0.289,0.0,0.3024267,0.2886751,0.0,99.0,0.0,0.0,1.514,0.34,0.995,5.0
477,477,5_71,5_12,239.7739,6.218779,20.1738,0.0282,0.0,4.0,4.0,2743.0,117.0,2743.0466,116.8736,2743.0466,116.8736,42.61581594996986,-21.406585083063767,0.523,0.332,2.06,0.0148,0.00939,1.91,2743.0466,116.8736,42.61581594996986,-21.406585083063767,0.11139378441,0.096316294416,0.11139378441,0.096316294416,0.334,0.31,0.28,0.3337576,0.3103481,0.28,99.0,0.0,1.11,1.576,0.365,0.999,5.0
478,478,5_72,5_11,138.2343,4.721848,20.7718,0.0371,0.0,4.0,4.0,2918.0,100.0,2918.8577,100.341,2918.8577,100.341,42.56277867702597,-21.40105753133264,0.83,0.282,29.19,0.03082,0.01068,29.75,2918.8577,100.341,42.56277867702597,-21.40105753133264,0.29781943818,0.10773309927,0.29781943818,0.10773309927,0.571,0.282,19.7,0.5707738,0.2824354,19.7,99.0,0.0,2.82,2.944,0.66,0.997,5.0
479,479,5_73,5_10,0.4525296,0.2701641,26.9842,0.6484,0.0,1.0,1.0,2884.0,90.0,2884.0,90.0,2884.0,90.0,42.57336600746136,-21.39832214856512,0.289,0.289,45.0,0.66077,0.66077,45.0,2884.0,90.0,42.57336600746136,-21.39832214856512,0.0833333,0.0833333,0.0833333,0.0833333,0.289,0.289,45.0,0.2886751,0.2886751,45.0,99.0,0.0,0.0,1.0,0.0,0.031,5.0
482,482,5_76,5_7,157.8048,5.045036,20.628,0.0347,0.0,1.0,1.0,2512.0,73.0,2512.0,73.0,2512.0,73.0,42.68584666555638,-21.39535416580513,0.289,0.289,45.0,0.00941,0.00941,45.0,2512.0,73.0,42.68584666555638,-21.39535416580513,0.0833333,0.0833333,0.0833333,0.0833333,0.289,0.289,45.0,0.2886751,0.2886751,45.0,99.0,0.0,0.0,1.0,0.0,0.996,5.0
483,483,5_77,5_6,22.7781,1.916739,22.7295,0.0914,0.0,2.0,2.0,2678.0,70.0,2678.2094,70.0,2678.2094,70.0,42.63564790020349,-21.393709853476903,0.499,0.289,0.0,0.05808,0.03019,0.0,2678.2094,70.0,42.63564790020349,-21.393709853476903,0.10064662834,0.0833333,0.10064662834,0.0833333,0.317,0.289,0.0,0.3172485,0.2886751,0.0,99.0,0.0,0.87,1.728,0.421,0.895,5.0
484,484,5_78,5_5,73.67593,3.447204,21.455,0.0508,0.0,4.0,4.0,2883.0,58.0,2883.3258,57.7007,2883.3258,57.7007,42.57373968050757,-21.38923467986829,0.595,0.274,-43.98,0.03181,0.01867,-44.38,2883.3258,57.7007,42.57373968050757,-21.38923467986829,0.11651797425,0.1091437196,0.11651797425,0.1091437196,0.351,0.32,-34.54,0.350932,0.3201694,-34.54,99.0,0.0,1.31,2.175,0.54,0.997,5.0
485,485,5_79,5_4,98.18447,3.979473,21.1432,0.044,0.0,2.0,2.0,2865.0,53.0,2865.0,52.5816,2865.0,52.5816,42.57930355435097,-21.387885668560124,0.572,0.289,90.0,0.02464,0.01242,90.0,2865.0,52.5816,42.57930355435097,-21.387885668560124,0.0833333,0.19731406667,0.0833333,0.19731406667,0.444,0.289,90.0,0.4442005,0.2886751,90.0,99.0,0.0,0.96,1.98,0.495,0.992,5.0
486,486,5_80,5_3,20.83305,1.833077,22.8264,0.0956,0.0,2.0,2.0,2850.0,51.0,2850.3111,51.0,2850.3111,51.0,42.58374989899885,-21.387513920372285,0.546,0.289,0.0,0.06328,0.03208,0.0,2850.3111,51.0,42.58374989899885,-21.387513920372285,0.1171874534,0.0833333,0.1171874534,0.0833333,0.342,0.289,0.0,0.3423265,0.2886751,0.0,99.0,0.0,0.93,1.89,0.471,0.821,5.0
505,505,6_18,6_42,3.735433,0.7762018,24.6924,0.2257,3.97957E-6,1.0,1.0,2563.0,383.0,2563.0,383.0,2563.0,383.0,42.668865342137856,-21.48235587327536,0.289,0.289,45.0,0.09783,0.09783,45.0,2563.0,383.0,42.668865342137856,-21.48235587327536,0.0833333,0.0833333,0.0833333,0.0833333,0.289,0.289,45.0,0.2886751,0.2886751,45.0,99.0,0.0,0.0,1.0,0.0,0.369,6.0
511,511,6_24,6_36,3.049525,0.7013265,24.9127,0.2498,0.0,1.0,1.0,2572.0,321.0,2572.0,321.0,2572.0,321.0,42.66645968440986,-21.4648636988067,0.289,0.289,45.0,0.11562,0.11562,45.0,2572.0,321.0,42.66645968440986,-21.4648636988067,0.0833333,0.0833333,0.0833333,0.0833333,0.289,0.289,45.0,0.2886751,0.2886751,45.0,99.0,0.0,0.0,1.0,0.0,0.371,6.0
513,513,6_26,6_34,72.04926,3.408937,21.4792,0.0514,-5.255076E-5,11.0,11.0,3021.0,312.0,3020.656,311.727,3020.656,311.727,42.5308898143337,-21.46003840243691,1.068,0.687,56.95,0.07306,0.05236,41.8,3020.656,311.727,42.5308898143337,-21.46003840243691,0.22268248091,0.29293856957,0.22268248091,0.29293856957,0.573,0.433,59.97,0.5728826,0.4329279,59.97,99.0,0.0,4.57,1.555,0.357,1.0,6.0
514,514,6_27,6_33,14.33321,1.520463,23.2324,0.1152,-9.496747E-7,1.0,1.0,2900.0,313.0,2900.0,313.0,2900.0,313.0,42.56735679798472,-21.46100673101836,0.289,0.289,45.0,0.03665,0.03665,45.0,2900.0,313.0,42.56735679798472,-21.46100673101836,0.0833333,0.0833333,0.0833333,0.0833333,0.289,0.289,45.0,0.2886751,0.2886751,45.0,99.0,0.0,0.0,1.0,0.0,0.706,6.0
523,523,6_36,6_24,1.79094,0.5374582,25.4906,0.3259,-1.798201E-6,1.0,1.0,2780.0,189.0,2780.0,189.0,2780.0,189.0,42.60427499493058,-21.42670309579696,0.289,0.289,45.0,0.18299,0.18299,45.0,2780.0,189.0,42.60427499493058,-21.42670309579696,0.0833333,0.0833333,0.0833333,0.0833333,0.289,0.289,45.0,0.2886751,0.2886751,45.0,99.0,0.0,0.0,1.0,0.0,0.288,6.0
525,525,6_38,6_22,2.758607,0.6670357,25.0216,0.2626,7.002393E-4,1.0,1.0,3023.0,181.0,3023.0,181.0,3023.0,181.0,42.5308785474402,-21.423231625578733,0.289,0.289,45.0,0.12576,0.12576,45.0,3023.0,181.0,42.5308785474402,-21.423231625578733,0.0833333,0.0833333,0.0833333,0.0833333,0.289,0.289,45.0,0.2886751,0.2886751,45.0,99.0,0.0,0.0,1.0,0.0,0.373,6.0
526,526,6_39,6_21,4529.565,27.02915,16.9832,0.0065,-5.201036E-4,572.0,572.0,3002.0,163.0,3004.3484,169.9953,3004.3484,169.9953,42.53657423584811,-21.420229381937823,7.608,4.908,1.06,0.06625,0.04092,2.37,3004.3484,169.9953,42.53657423584811,-21.420229381937823,28.18038057,18.886760348,28.18038057,18.886760348,5.317,4.335,-5.65,5.31718,4.335289,-5.65,34.359,0.0,36.68,1.55,0.355,0.023,6.0
529,529,6_42,6_18,24.87667,2.003089,22.6338,0.0874,0.0,6.0,6.0,3044.0,170.0,3043.8853,170.4194,3043.8853,170.4194,42.52462287853178,-21.420146631233017,0.748,0.671,-35.33,0.09326,0.0889,70.62,3043.8853,170.4194,42.52462287853178,-21.420146631233017,0.34991092917,0.34690099567,0.34991092917,0.34690099567,0.661,0.51,-44.51,0.6612091,0.5095237,-44.51,99.0,0.0,2.86,1.115,0.103,0.843,6.0
530,530,6_43,6_17,2.03955,0.57355,25.3495,0.3054,-0.004272784,1.0,1.0,3025.0,169.0,3025.0,169.0,3025.0,169.0,42.53033812231771,-21.419843813087013,0.289,0.289,45.0,0.16346,0.16346,45.0,3025.0,169.0,42.53033812231771,-21.419843813087013,0.0833333,0.0833333,0.0833333,0.0833333,0.289,0.289,45.0,0.2886751,0.2886751,45.0,32.0724,0.0,0.0,1.0,0.0,0.377,6.0
533,533,6_46,6_14,2.17932,0.592877,25.2775,0.2954,1.16444E-4,1.0,1.0,2820.0,153.0,2820.0,153.0,2820.0,153.0,42.59237484898059,-21.416372984767204,0.289,0.289,45.0,0.15398,0.15398,45.0,2820.0,153.0,42.59237484898059,-21.416372984767204,0.0833333,0.0833333,0.0833333,0.0833333,0.289,0.289,45.0,0.2886751,0.2886751,45.0,99.0,0.0,0.0,1.0,0.0,0.379,6.0
549,549,7_4,7_57,16.07431,1.610165,23.108,0.1088,-1.293192E-6,5.0,5.0,139.0,978.0,138.6496,978.0612,138.6496,978.0612,43.39938048921397,-21.65967238762777,0.664,0.214,-21.16,0.1501,0.09624,-32.69,138.6496,978.0612,43.39938048921397,-21.65967238762777,0.1002735373,0.084869980712,0.1002735373,0.084869980712,0.317,0.291,0.1,0.31666,0.2913244,0.1,99.0,0.0,0.45,3.109,0.678,0.923,7.0
550,550,7_5,7_56,9.399376,1.231271,23.6906,0.1423,-1.5398E-6,3.0,3.0,173.0,965.0,173.3381,965.5167,173.3381,965.5167,43.38893313384717,-21.65602499765849,0.633,0.27,47.27,0.13628,0.07356,47.63,173.3381,965.5167,43.38893313384717,-21.65602499765849,0.10458135203,0.19937753915,0.10458135203,0.19937753915,0.5,0.232,59.43,0.5002017,0.2318559,59.43,99.0,0.0,1.91,2.345,0.574,0.541,7.0
554,554,7_9,7_52,1.037976,0.4091643,26.0828,0.4281,7.392318E-6,1.0,1.0,267.0,915.0,267.0,915.0,267.0,915.0,43.36078879963,-21.64148869853347,0.289,0.289,45.0,0.30049,0.30049,45.0,267.0,915.0,43.36078879963,-21.64148869853347,0.0833333,0.0833333,0.0833333,0.0833333,0.289,0.289,45.0,0.2886751,0.2886751,45.0,99.0,0.0,0.0,1.0,0.0,0.026,7.0
556,556,7_11,7_50,92.72662,3.867287,21.2053,0.0453,2.380667E-6,7.0,7.0,351.0,903.0,350.7863,903.3515,350.7863,903.3515,43.33548842427559,-21.63791950336754,0.693,0.389,-71.12,0.03901,0.02612,-50.23,350.7863,903.3515,43.33548842427559,-21.63791950336754,0.088479889538,0.26993313323,0.088479889538,0.26993313323,0.526,0.286,-79.16,0.5261499,0.2856209,-79.16,99.0,0.0,1.74,1.78,0.438,1.0,7.0
558,558,7_13,7_48,5.586896,0.9492694,24.2554,0.1845,0.0,1.0,1.0,186.0,890.0,186.0,890.0,186.0,890.0,43.38538307858194,-21.63473075880773,0.289,0.289,45.0,0.07124,0.07124,45.0,186.0,890.0,43.38538307858194,-21.63473075880773,0.0833333,0.0833333,0.0833333,0.0833333,0.289,0.289,45.0,0.2886751,0.2886751,45.0,99.0,0.0,0.0,1.0,0.0,0.38,7.0
560,560,7_15,7_46,0.9249431,0.3862439,26.208,0.4535,2.56787E-5,1.0,1.0,326.0,855.0,326.0,855.0,326.0,855.0,43.343169005039904,-21.624399483803334,0.289,0.289,45.0,0.33457,0.33457,45.0,326.0,855.0,43.343169005039904,-21.624399483803334,0.0833333,0.0833333,0.0833333,0.0833333,0.289,0.289,45.0,0.2886751,0.2886751,45.0,99.0,0.0,0.0,1.0,0.0,0.027,7.0
564,564,7_19,7_42,3.070989,0.7037904,24.9051,0.2489,6.040225E-6,1.0,1.0,359.0,838.0,359.0,838.0,359.0,838.0,43.33325246054779,-21.61950015843969,0.289,0.289,45.0,0.11494,0.11494,45.0,359.0,838.0,43.33325246054779,-21.61950015843969,0.0833333,0.0833333,0.0833333,0.0833333,0.289,0.289,45.0,0.2886751,0.2886751,45.0,99.0,0.0,0.0,1.0,0.0,0.371,7.0
566,566,7_21,7_40,0.1181658,0.1380543,28.4421,1.2688,3.080811E-4,1.0,1.0,314.0,828.0,314.0,828.0,314.0,828.0,43.34690061636359,-21.616843225392795,0.289,0.289,45.0,2.46015,2.46015,45.0,314.0,828.0,43.34690061636359,-21.616843225392795,0.0833333,0.0833333,0.0833333,0.0833333,0.289,0.289,45.0,0.2886751,0.2886751,45.0,99.0,0.0,0.0,1.0,0.0,0.009,7.0
567,567,7_22,7_39,0.8095489,0.361348,26.3527,0.4847,0.00163589,1.0,1.0,315.0,826.0,315.0,826.0,315.0,826.0,43.34660573460947,-21.61627692957496,0.289,0.289,45.0,0.37843,0.37843,45.0,315.0,826.0,43.34660573460947,-21.61627692957496,0.0833333,0.0833333,0.0833333,0.0833333,0.289,0.289,45.0,0.2886751,0.2886751,45.0,99.0,0.0,0.0,1.0,0.0,0.028,7.0
569,569,7_24,7_37,6.318159,1.009484,24.1218,0.1735,0.03927672,1.0,1.0,317.0,819.0,317.0,819.0,317.0,819.0,43.34602732796297,-21.614300111845253,0.289,0.289,45.0,0.06462,0.06462,45.0,317.0,819.0,43.34602732796297,-21.614300111845253,0.0833333,0.0833333,0.0833333,0.0833333,0.289,0.289,45.0,0.2886751,0.2886751,45.0,99.0,0.0,0.0,1.0,0.0,0.392,7.0
570,570,7_25,7_36,0.1171647,0.1374683,28.4513,1.2742,1.626749E-6,1.0,1.0,326.0,794.0,326.0,794.0,326.0,794.0,43.34340007086561,-21.60723357268513,0.289,0.289,45.0,2.48696,2.48696,45.0,326.0,794.0,43.34340007086561,-21.60723357268513,0.0833333,0.0833333,0.0833333,0.0833333,0.289,0.289,45.0,0.2886751,0.2886751,45.0,99.0,0.0,0.0,1.0,0.0,0.009,7.0
575,575,7_30,7_31,106.9124,4.152582,21.0507,0.0422,0.0,11.0,11.0,113.0,759.0,113.338,758.563,113.338,758.563,43.40784486727809,-21.597988520103804,0.776,0.508,-11.06,0.04332,0.03447,-5.53,113.338,758.563,43.40784486727809,-21.597988520103804,0.15325184437,0.14426715541,0.15325184437,0.14426715541,0.426,0.341,-41.01,0.4256009,0.3411493,-41.01,99.0,0.0,0.94,1.527,0.345,1.0,7.0
577,577,7_32,7_29,46.41292,2.736047,21.9567,0.064,0.0,5.0,5.0,200.0,738.0,199.6699,737.8756,199.6699,737.8756,43.38181477933689,-21.59187527237693,0.556,0.382,-47.15,0.05141,0.03239,-64.85,199.6699,737.8756,43.38181477933689,-21.59187527237693,0.14767152331,0.087032944467,0.14767152331,0.087032944467,0.39,0.287,-14.71,0.3900772,0.2873051,-14.71,99.0,0.0,1.33,1.455,0.313,0.993,7.0
578,578,7_33,7_28,11.74906,1.376594,23.4483,0.1272,0.0,1.0,1.0,97.0,737.0,97.0,737.0,97.0,737.0,43.41286481062353,-21.591975257723767,0.289,0.289,45.0,0.0418,0.0418,45.0,97.0,737.0,43.41286481062353,-21.591975257723767,0.0833333,0.0833333,0.0833333,0.0833333,0.289,0.289,45.0,0.2886751,0.2886751,45.0,99.0,0.0,0.0,1.0,0.0,0.618,7.0
579,579,7_34,7_27,16.60803,1.636678,23.0725,0.107,-1.673971E-6,4.0,4.0,35.0,719.0,35.2751,719.1713,35.2751,719.1713,43.43159493491109,-21.58716312269225,0.471,0.346,-27.93,0.08431,0.07589,50.89,35.2751,719.1713,43.43159493491109,-21.58716312269225,0.17050220641,0.13123847159,0.17050220641,0.13123847159,0.414,0.362,-6.51,0.413545,0.3615538,-6.51,99.0,0.0,1.07,1.363,0.266,0.792,7.0
580,580,7_35,7_26,7.513529,1.100845,23.9337,0.1591,0.0,2.0,2.0,398.0,711.0,398.0173,711.0173,398.0173,711.0173,43.32193759210988,-21.58362919088348,0.343,0.289,45.0,0.19923,0.06885,45.0,398.0173,711.0173,43.32193759210988,-21.58362919088348,0.083379610486,0.083379610486,0.083379610486,0.083379610486,0.289,0.289,45.0,0.2888355,0.2886751,45.0,99.0,0.0,0.0,1.186,0.157,0.521,7.0
589,589,7_44,7_17,55.22325,2.984456,21.768,0.0587,0.0,29.0,29.0,276.0,630.0,273.8251,630.402,273.8251,630.402,43.35979551095803,-21.561377825376187,3.264,0.768,-7.55,0.3961,0.09454,-4.99,273.8251,630.402,43.35979551095803,-21.561377825376187,6.1683969978,0.57995307437,6.1683969978,0.57995307437,2.514,0.656,-9.19,2.513652,0.6556694,-9.19,99.0,0.0,9.48,4.249,0.765,0.824,7.0
590,590,7_45,7_16,0.1911259,0.1755755,27.92,0.9976,0.0,1.0,1.0,262.0,632.0,262.0,632.0,262.0,632.0,43.363364740483455,-21.561868295171504,0.289,0.289,45.0,1.53347,1.53347,45.0,262.0,632.0,43.363364740483455,-21.561868295171504,0.0833333,0.0833333,0.0833333,0.0833333,0.289,0.289,45.0,0.2886751,0.2886751,45.0,99.0,0.0,0.0,1.0,0.0,0.047,7.0
591,591,7_46,7_15,0.7077518,0.3378661,26.4986,0.5184,-4.922818E-6,1.0,1.0,290.0,629.0,290.0,629.0,290.0,629.0,43.35491042284158,-21.56092735926408,0.289,0.289,45.0,0.43052,0.43052,45.0,290.0,629.0,43.35491042284158,-21.56092735926408,0.0833333,0.0833333,0.0833333,0.0833333,0.289,0.289,45.0,0.2886751,0.2886751,45.0,39.4187,0.0,0.0,1.0,0.0,0.028,7.0
592,592,7_47,7_14,1.701462,0.52386,25.5462,0.3344,2.875532E-4,1.0,1.0,265.0,628.0,265.0,628.0,265.0,628.0,43.36247277979602,-21.56073237061768,0.289,0.289,45.0,0.1915,0.1915,45.0,265.0,628.0,43.36247277979602,-21.56073237061768,0.0833333,0.0833333,0.0833333,0.0833333,0.289,0.289,45.0,0.2886751,0.2886751,45.0,99.0,0.0,0.0,1.0,0.0,0.165,7.0
594,594,7_49,7_12,7.58702,1.106216,23.9231,0.1583,0.0,1.0,1.0,273.0,605.0,273.0,605.0,273.0,605.0,43.36014082740963,-21.55423269417726,0.289,0.289,45.0,0.05674,0.05674,45.0,273.0,605.0,43.36014082740963,-21.55423269417726,0.0833333,0.0833333,0.0833333,0.0833333,0.289,0.289,45.0,0.2886751,0.2886751,45.0,99.0,0.0,0.0,1.0,0.0,0.425,7.0
597,597,7_52,7_9,2.745662,0.6654688,25.0267,0.2632,-0.00843348,3.0,3.0,286.0,597.0,285.5482,597.0,285.5482,597.0,43.35637735838787,-21.55193816609317,0.645,0.289,0.0,0.6712,0.19678,0.0,285.5482,597.0,43.35637735838787,-21.55193816609317,0.18221426282,0.0833333,0.18221426282,0.0833333,0.427,0.289,0.0,0.4268656,0.2886751,0.0,31.3342,0.0,0.42,2.233,0.552,0.035,7.0
599,599,7_54,7_7,6.287752,1.007052,24.1271,0.1739,0.01977789,2.0,2.0,282.0,593.0,281.5853,593.4147,281.5853,593.4147,43.35758900365372,-21.550943002914025,0.754,0.289,45.0,0.21064,0.07929,45.0,281.5853,593.4147,43.35758900365372,-21.550943002914025,0.17956437125,0.17956437125,0.17956437125,0.17956437125,0.525,0.289,45.0,0.5251623,0.2886751,45.0,99.0,1.0,1.5,2.613,0.617,0.475,7.0
600,600,7_55,7_6,2.37541,0.6189755,25.184,0.283,0.0,1.0,1.0,73.0,584.0,73.0,584.0,73.0,584.0,43.4206840953821,-21.549001379634017,0.289,0.289,45.0,0.14292,0.14292,45.0,73.0,584.0,43.4206840953821,-21.549001379634017,0.0833333,0.0833333,0.0833333,0.0833333,0.289,0.289,45.0,0.2886751,0.2886751,45.0,99.0,0.0,0.0,1.0,0.0,0.377,7.0
601,601,7_56,7_5,4.935472,0.8922129,24.39,0.1963,-4.41349E-5,3.0,3.0,362.0,562.0,362.6118,561.7353,362.6118,561.7353,43.33321362341204,-21.541746394426955,0.567,0.333,-39.11,0.22895,0.13187,-44.03,362.6118,561.7353,43.33321362341204,-21.541746394426955,0.23949501909,0.12059160024,0.23949501909,0.12059160024,0.511,0.314,-21.58,0.5114194,0.3139057,-21.58,99.0,0.0,2.31,1.7,0.412,0.033,7.0
603,603,7_58,7_3,4.248308,0.8277747,24.5528,0.2116,0.0,3.0,3.0,68.0,556.0,68.0108,556.2404,68.0108,556.2404,43.42229455063143,-21.541206710264905,0.516,0.306,87.28,0.32727,0.14698,51.57,68.0108,556.2404,43.42229455063143,-21.541206710264905,0.083380214465,0.10360098723,0.083380214465,0.10360098723,0.322,0.289,89.87,0.3218712,0.2887561,89.87,99.0,0.0,0.87,1.687,0.407,0.5,7.0
606,606,8_2,8_7,58.90666,3.082381,21.6979,0.0568,0.0,7.0,7.0,669.0,512.0,668.7061,512.3198,668.7061,512.3198,43.24087443020268,-21.526739059006925,0.97,0.379,72.53,0.05084,0.01992,72.54,668.7061,512.3198,43.24087443020268,-21.526739059006925,0.17698084367,0.2541531729,0.17698084367,0.2541531729,0.545,0.366,59.14,0.5449978,0.3662123,59.14,50.6224,0.0,3.04,2.557,0.609,1.0,8.0
607,607,8_3,8_6,666.8563,10.37099,19.0632,0.0169,0.0,21.0,21.0,678.0,512.0,676.8181,511.8817,676.8181,511.8817,43.23842402331381,-21.526585818082097,2.429,0.652,-1.82,0.03779,0.01014,-1.82,676.8181,511.8817,43.23842402331381,-21.526585818082097,2.7073604762,0.35460009615,2.7073604762,0.35460009615,1.658,0.559,-7.53,1.658059,0.5592845,-7.53,50.0485,16.0,7.52,3.727,0.732,1.0,8.0
608,608,8_4,8_3,2.870156,0.6803885,24.9785,0.2574,0.0,1.0,1.0,691.0,508.0,691.0,508.0,691.0,508.0,43.23415253336617,-21.525441078616467,0.289,0.289,45.0,0.06867,0.06867,45.0,691.0,508.0,43.23415253336617,-21.525441078616467,0.0833333,0.0833333,0.0833333,0.0833333,0.289,0.289,45.0,0.2886751,0.2886751,45.0,48.6493,0.0,0.0,1.0,0.0,0.971,8.0
611,611,8_7,8_127,123.843,4.469326,20.8911,0.0392,-1.80275E-4,4.0,4.0,671.0,981.0,670.7526,981.5294,670.7526,981.5294,43.23838999869564,-21.658769039650835,0.507,0.422,-71.33,0.01831,0.01524,-71.33,670.7526,981.5294,43.23838999869564,-21.658769039650835,0.093434038527,0.24897378904,0.093434038527,0.24897378904,0.5,0.304,-85.65,0.499878,0.3041871,-85.65,30.6422,0.0,0.96,1.202,0.168,1.0,8.0
612,612,8_8,8_126,3.986949,0.8023123,24.6217,0.2185,-5.885729E-4,1.0,1.0,821.0,981.0,821.0,981.0,821.0,981.0,43.1929351549579,-21.658059423480523,0.289,0.289,45.0,0.0582,0.0582,45.0,821.0,981.0,43.1929351549579,-21.658059423480523,0.0833333,0.0833333,0.0833333,0.0833333,0.289,0.289,45.0,0.2886751,0.2886751,45.0,29.1393,0.0,0.0,1.0,0.0,0.986,8.0
614,614,8_10,8_124,7.288078,1.087501,23.9668,0.162,-0.001069072,2.0,2.0,747.0,977.0,746.6983,977.0,746.6983,977.0,43.21543112082384,-21.65721260889611,0.542,0.289,0.0,0.08094,0.04306,0.0,746.6983,977.0,43.21543112082384,-21.65721260889611,0.11382365481,0.0833333,0.11382365481,0.0833333,0.337,0.289,0.0,0.3373776,0.2886751,0.0,28.2137,0.0,0.93,1.878,0.468,0.655,8.0
615,615,8_11,8_123,22.61116,1.909751,22.7375,0.0917,-2.797066E-4,2.0,2.0,835.0,970.0,835.0,969.8008,835.0,969.8008,43.18874497969301,-21.654854941970356,0.493,0.289,90.0,0.04168,0.0244,90.0,835.0,969.8008,43.18874497969301,-21.654854941970356,0.0833333,0.099402075384,0.0833333,0.099402075384,0.315,0.289,90.0,0.3152809,0.2886751,90.0,30.2041,0.0,0.87,1.707,0.414,0.717,8.0
616,616,8_12,8_122,117.2695,4.349947,20.9503,0.0403,-9.243231E-4,4.0,4.0,728.0,969.0,727.4572000000001,969.3914,727.4572000000001,969.3914,43.22128288318488,-21.655143156680246,0.535,0.448,-41.66,0.01984,0.0166,-41.66,727.4572000000001,969.3914,43.22128288318488,-21.655143156680246,0.24701678937,0.20799823075,0.24701678937,0.20799823075,0.519,0.431,-30.95,0.518572,0.4313909,-30.95,28.5757,0.0,1.16,1.195,0.163,1.0,8.0
617,617,8_13,8_121,5.551626,0.9462711,24.2623,0.1851,0.0,1.0,1.0,898.0,967.0,898.0,967.0,898.0,967.0,43.16969606875941,-21.65382744382688,0.289,0.289,45.0,0.04929,0.04929,45.0,898.0,967.0,43.16969606875941,-21.65382744382688,0.0833333,0.0833333,0.0833333,0.0833333,0.289,0.289,45.0,0.2886751,0.2886751,45.0,31.7481,0.0,0.0,1.0,0.0,0.993,8.0
618,618,8_14,8_120,4.217332,0.8247514,24.5607,0.2124,-1.235168E-4,2.0,2.0,531.0,967.0,530.6908,967.0,530.6908,967.0,43.28082103009559,-21.655191356443016,0.545,0.289,0.0,0.10718,0.05672,0.0,530.6908,967.0,43.28082103009559,-21.655191356443016,0.11648863126,0.0833333,0.11648863126,0.0833333,0.341,0.289,0.0,0.3413043,0.2886751,0.0,37.0037,0.0,0.93,1.888,0.47,0.991,8.0
619,619,8_15,8_119,8.167961,1.148035,23.843,0.1526,-4.829204E-4,1.0,1.0,700.0,965.0,700.0,965.0,700.0,965.0,43.2296072841777,-21.654009322374066,0.289,0.289,45.0,0.04061,0.04061,45.0,700.0,965.0,43.2296072841777,-21.654009322374066,0.0833333,0.0833333,0.0833333,0.0833333,0.289,0.289,45.0,0.2886751,0.2886751,45.0,29.2092,0.0,0.0,1.0,0.0,0.995,8.0
620,620,8_16,8_118,1.849532,0.5461792,25.4556,0.3207,-2.633857E-5,1.0,1.0,587.0,957.0,587.0,957.0,587.0,957.0,43.26382500715943,-21.65217312926297,0.289,0.289,45.0,0.0857,0.0857,45.0,587.0,957.0,43.26382500715943,-21.65217312926297,0.0833333,0.0833333,0.0833333,0.0833333,0.289,0.289,45.0,0.2886751,0.2886751,45.0,35.3099,0.0,0.0,1.0,0.0,0.916,8.0
621,621,8_17,8_117,3.476139,0.7489462,24.7706,0.234,-3.721787E-4,1.0,1.0,697.0,955.0,697.0,955.0,697.0,955.0,43.23055476653609,-21.651206312814367,0.289,0.289,45.0,0.06236,0.06236,45.0,697.0,955.0,43.23055476653609,-21.651206312814367,0.0833333,0.0833333,0.0833333,0.0833333,0.289,0.289,45.0,0.2886751,0.2886751,45.0,29.6508,0.0,0.0,1.0,0.0,0.982,8.0
622,622,8_18,8_116,27.47821,2.105613,22.5258,0.0832,-6.346633E-4,2.0,2.0,737.0,953.0,737.3591,953.0,737.3591,953.0,43.21835289364187,-21.650493537170192,0.56,0.289,0.0,0.04293,0.02213,0.0,737.3591,953.0,43.21835289364187,-21.650493537170192,0.15835949453,0.0833333,0.15835949453,0.0833333,0.398,0.289,0.0,0.3979441,0.2886751,0.0,29.0176,0.0,0.95,1.94,0.484,0.997,8.0
623,623,8_19,8_115,270.9792,6.611076,20.041,0.0265,0.0,10.0,10.0,942.0,949.0,942.2095,948.7129,942.2095,948.7129,43.15639611711128,-21.648511971088126,0.909,0.604,0.84,0.0222,0.01475,0.82,942.2095,948.7129,43.15639611711128,-21.648511971088126,0.41130099512,0.28443812394,0.41130099512,0.28443812394,0.642,0.532,5.65,0.6423053,0.5321495,5.65,33.1012,0.0,2.48,1.505,0.336,1.0,8.0
624,624,8_20,8_114,8.037241,1.138645,23.8605,0.1539,-2.873504E-4,2.0,2.0,819.0,947.0,819.0,946.831,819.0,946.831,43.19367887106697,-21.648451376563877,0.473,0.289,90.0,0.06734,0.04099,90.0,819.0,946.831,43.19367887106697,-21.648451376563877,0.0833333,0.095971110185,0.0833333,0.095971110185,0.31,0.289,90.0,0.309792,0.2886751,90.0,30.2262,0.0,0.84,1.639,0.39,0.985,8.0
625,625,8_21,8_113,6.674475,1.037668,24.0623,0.1688,-2.361693E-4,3.0,3.0,753.0,931.0,752.9241,931.0138,752.9241,931.0138,43.21373235220295,-21.644248271435096,0.395,0.307,-12.16,0.06277,0.04836,-13.86,752.9241,931.0138,43.21373235220295,-21.644248271435096,0.086962668158,0.083369973225,0.086962668158,0.083369973225,0.295,0.289,-0.58,0.294895,0.288738,-0.58,30.3411,0.0,1.97,1.288,0.223,0.973,8.0
626,626,8_22,8_112,9.762592,1.254838,23.6494,0.1396,-6.56801E-5,2.0,2.0,796.0,922.0,795.633,922.0,795.633,922.0,43.200848493819024,-21.641551621464792,0.562,0.289,0.0,0.07238,0.03718,0.0,795.633,922.0,43.200848493819024,-21.641551621464792,0.16393846196,0.0833333,0.16393846196,0.0833333,0.405,0.289,0.0,0.4048932,0.2886751,0.0,32.126,0.0,0.95,1.946,0.486,0.996,8.0
627,627,8_23,8_111,38.56702,2.494091,22.1578,0.0702,-3.453867E-5,3.0,3.0,793.0,921.0,792.7034,920.38,792.7034,920.38,43.20174129097371,-21.641106744963903,0.579,0.33,48.41,0.03749,0.02133,48.41,792.7034,920.38,43.20174129097371,-21.641106744963903,0.14888860424,0.23624427699,0.14888860424,0.23624427699,0.524,0.332,61.04,0.524203,0.3321808,61.04,32.8752,0.0,2.53,1.758,0.431,0.999,8.0
628,628,8_24,8_110,25.57829,2.03114,22.6036,0.0862,0.0,4.0,4.0,960.0,918.0,960.4439,917.5464,960.4439,917.5464,43.151008492255016,-21.63967119112943,0.499,0.495,52.38,0.03971,0.0394,52.39,960.4439,917.5464,43.151008492255016,-21.63967119112943,0.23506927647,0.2396024589,0.23506927647,0.2396024589,0.49,0.484,71.23,0.4900964,0.4842285,71.23,99.0,0.0,0.97,1.008,0.008,0.999,8.0
629,629,8_25,8_109,6.74113,1.04274,24.0515,0.168,-3.471416E-7,2.0,2.0,771.0,909.0,771.0,909.1676,771.0,909.1676,43.208352055895226,-21.6380328665816,0.472,0.289,90.0,0.07344,0.04478,90.0,771.0,909.1676,43.208352055895226,-21.6380328665816,0.0833333,0.095816457013,0.0833333,0.095816457013,0.31,0.289,90.0,0.3095423,0.2886751,90.0,31.2998,0.0,0.84,1.635,0.388,0.656,8.0
630,630,8_26,8_108,11.17349,1.342454,23.5028,0.1305,0.0,3.0,3.0,824.0,908.0,823.5672,908.1363,823.5672,908.1363,43.19245421147063,-21.63754496728432,0.531,0.285,-25.21,0.06403,0.03442,-25.36,823.5672,908.1363,43.19245421147063,-21.63754496728432,0.17078192828,0.087922856066,0.17078192828,0.087922856066,0.414,0.296,-2.87,0.4135102,0.2961656,-2.87,32.2847,0.0,1.02,1.862,0.463,0.8,8.0
631,631,8_27,8_107,98.2948,3.981708,21.142,0.044,0.0,5.0,5.0,920.0,904.0,919.8798,904.3434,919.8798,904.3434,43.16333421216167,-21.6361114385526,0.562,0.328,76.35,0.0228,0.01329,76.32,919.8798,904.3434,43.16333421216167,-21.6361114385526,0.11478348934,0.22448347518,0.11478348934,0.22448347518,0.474,0.338,87.25,0.4740653,0.3384214,87.25,37.0754,0.0,1.4,1.716,0.417,1.0,8.0
632,632,8_28,8_106,175.8646,5.325904,20.5104,0.0329,0.0,7.0,7.0,961.0,902.0,960.79,902.1173,960.79,902.1173,43.15096763015939,-21.635327909719987,0.781,0.453,-44.26,0.02366,0.01373,-44.26,960.79,902.1173,43.15096763015939,-21.635327909719987,0.21029443067,0.17306485497,0.21029443067,0.17306485497,0.486,0.383,-32.68,0.4861347,0.3834479,-32.68,35.0305,0.0,1.92,1.723,0.42,1.0,8.0
633,633,8_29,8_105,208.7798,5.802944,20.3241,0.0302,0.0,7.0,7.0,951.0,899.0,951.4894,899.5567,951.4894,899.5567,43.1537917397352,-21.634643114437782,0.902,0.468,12.44,0.02507,0.01302,12.44,951.4894,899.5567,43.1537917397352,-21.634643114437782,0.38692745165,0.24968015846,0.38692745165,0.24968015846,0.634,0.485,17.35,0.633855,0.4845982,17.35,34.6921,0.0,3.04,1.926,0.481,1.0,8.0
634,634,8_30,8_104,206.1759,5.766654,20.3377,0.0304,0.0,5.0,5.0,796.0,896.0,796.3942,895.6605,796.3942,895.6605,43.20072471850958,-21.634136502370463,0.649,0.435,62.52,0.01815,0.01218,62.53,796.3942,895.6605,43.20072471850958,-21.634136502370463,0.18722007504,0.25654335625,0.18722007504,0.25654335625,0.52,0.416,67.61,0.5203069,0.4159857,67.61,30.9642,0.0,1.77,1.49,0.329,1.0,8.0
638,638,8_34,8_100,23.0797,1.929387,22.7152,0.0908,1.817324E-5,2.0,2.0,509.0,876.0,509.0,876.2246,509.0,876.2246,43.28773562879894,-21.62972425067728,0.507,0.289,90.0,0.04248,0.02415,90.0,509.0,876.2246,43.28773562879894,-21.62972425067728,0.0833333,0.10255908468,0.0833333,0.10255908468,0.32,0.289,90.0,0.3202485,0.2886751,90.0,37.1058,0.0,0.88,1.758,0.431,0.997,8.0
639,639,8_35,8_99,23.55472,1.949141,22.6931,0.0899,0.0,3.0,3.0,837.0,868.0,836.6746,868.001,836.6746,868.001,43.18865229851405,-21.62620087949784,0.55,0.29,0.08,0.0456,0.02417,0.15,836.6746,868.001,43.18865229851405,-21.62620087949784,0.12862604329,0.083443477277,0.12862604329,0.083443477277,0.359,0.289,0.01,0.3586447,0.2888658,0.01,33.2444,0.0,0.94,1.896,0.472,0.997,8.0
640,640,8_36,8_98,295.3871,6.902397,19.9473,0.0254,0.0,8.0,8.0,942.0,866.0,941.8485,865.773,941.8485,865.773,43.15684759973747,-21.625173008227907,0.675,0.518,-46.86,0.01578,0.01211,-46.86,941.8485,865.773,43.15684759973747,-21.625173008227907,0.19633270452,0.21846117825,0.19633270452,0.21846117825,0.493,0.415,-54.07,0.4928856,0.4145572,-54.07,35.4644,0.0,1.69,1.303,0.232,1.0,8.0
642,642,8_38,8_96,417.1889,8.202959,19.5725,0.0214,-0.001536686,8.0,8.0,912.0,859.0,912.1116,859.1536,912.1116,859.1536,43.165869869907375,-21.62342419351941,0.62,0.548,78.26,0.0122,0.01079,78.3,912.1116,859.1536,43.165869869907375,-21.62342419351941,0.14078939514,0.19905537296,0.14078939514,0.19905537296,0.447,0.375,85.6,0.4465452,0.3747562,85.6,33.1651,0.0,1.55,1.131,0.115,1.0,8.0
643,643,8_39,8_95,18.9422,1.747911,22.9297,0.1002,1.809058E-5,2.0,2.0,537.0,857.0,537.0,856.8224,537.0,856.8224,43.27934184940016,-21.62416335798949,0.479,0.289,90.0,0.04428,0.02666,90.0,537.0,856.8224,43.27934184940016,-21.62416335798949,0.0833333,0.096903076191,0.0833333,0.096903076191,0.311,0.289,90.0,0.3112926,0.2886751,90.0,41.553,0.0,0.85,1.659,0.397,0.997,8.0
644,644,8_40,8_94,23.23454,1.935848,22.708,0.0905,0.0,5.0,5.0,1001.0,853.0,1001.0,854.0434,1001.0,854.0434,43.139003660071815,-21.621644021401725,1.347,0.289,90.0,0.11252,0.0241,90.0,1001.0,854.0434,43.139003660071815,-21.621644021401725,0.0833333,0.72596581253,0.0833333,0.72596581253,0.852,0.289,90.0,0.8520363,0.2886751,90.0,99.0,0.0,3.55,4.667,0.786,1.0,8.0
645,645,8_41,8_93,67.9614,3.310818,21.5426,0.0529,1.583586E-7,4.0,4.0,639.0,847.0,638.5542,847.4979000000001,638.5542,847.4979000000001,43.24866147089035,-21.62116950941504,0.557,0.432,-45.68,0.02717,0.02105,-45.68,638.5542,847.4979000000001,43.24866147089035,-21.62116950941504,0.23351590152,0.24815127023,0.23351590152,0.24815127023,0.548,0.426,-48.55,0.5477376,0.426205,-48.55,37.5636,0.0,1.07,1.291,0.225,1.0,8.0
648,648,8_44,8_90,7.280578,1.083645,23.9679,0.1616,0.0,1.0,1.0,978.0,833.0,978.0,833.0,978.0,833.0,43.1460480538364,-21.615811088583687,0.289,0.289,45.0,0.04302,0.04302,45.0,978.0,833.0,43.1460480538364,-21.615811088583687,0.0833333,0.0833333,0.0833333,0.0833333,0.289,0.289,45.0,0.2886751,0.2886751,45.0,40.0459,0.0,0.0,1.0,0.0,0.995,8.0
651,651,8_47,8_87,145.4804,4.844025,20.7163,0.0362,0.002292403,8.0,8.0,844.0,822.0,844.328,822.2926,844.328,822.2926,43.186523300346295,-21.61330905788324,0.698,0.593,-16.22,0.02327,0.01976,-16.26,844.328,822.2926,43.186523300346295,-21.61330905788324,0.30133062722,0.23801728565,0.30133062722,0.23801728565,0.552,0.484,12.7,0.5520154,0.484383,12.7,99.0,0.0,1.87,1.178,0.151,1.0,8.0
652,652,8_48,8_86,1.454205,0.4843028,25.7167,0.3617,0.0,1.0,1.0,711.0,821.0,711.0,821.0,711.0,821.0,43.22685469828891,-21.61344527846276,0.289,0.289,45.0,0.09679,0.09679,45.0,711.0,821.0,43.22685469828891,-21.61344527846276,0.0833333,0.0833333,0.0833333,0.0833333,0.289,0.289,45.0,0.2886751,0.2886751,45.0,34.4308,0.0,0.0,1.0,0.0,0.866,8.0
653,653,8_49,8_85,24.51032,1.988285,22.6499,0.0881,1.14267E-5,4.0,4.0,565.0,816.0,564.9058,816.2916,564.9058,816.2916,43.27105985270091,-21.612656574366472,0.455,0.291,-85.65,0.03702,0.02378,-85.51,564.9058,816.2916,43.27105985270091,-21.612656574366472,0.088882327101,0.11404610394,0.088882327101,0.11404610394,0.338,0.298,-89.85,0.3377074,0.2981311,-89.85,40.2237,0.0,0.88,1.565,0.361,0.945,8.0
656,656,8_52,8_82,8.863199,1.195637,23.7543,0.1465,-0.0115936,2.0,2.0,650.0,806.0,649.8192,806.1808,649.8192,806.1808,43.245417850174526,-21.609501091122137,0.616,0.289,45.0,0.0836,0.03908,45.0,649.8192,806.1808,43.245417850174526,-21.609501091122137,0.084005660979,0.084005660979,0.084005660979,0.084005660979,0.291,0.289,45.0,0.2909949,0.2886751,45.0,30.9861,0.0,1.37,2.134,0.531,0.66,8.0
657,657,8_53,8_81,126.6171,4.519083,20.8671,0.0388,-4.098769E-5,7.0,7.0,780.0,803.0,779.644,802.9769,779.644,802.9769,43.20616554114265,-21.60811723295337,0.697,0.422,36.92,0.02491,0.01507,36.93,779.644,802.9769,43.20616554114265,-21.60811723295337,0.24948105886,0.11421968184,0.24948105886,0.11421968184,0.517,0.311,18.78,0.5168808,0.3107009,18.78,34.9184,0.0,1.71,1.653,0.395,1.0,8.0
658,658,8_54,8_80,1.48023,0.4886172,25.6975,0.3585,1.329819E-6,1.0,1.0,636.0,802.0,636.0,802.0,636.0,802.0,43.24961393991603,-21.608375346872275,0.289,0.289,45.0,0.09592,0.09592,45.0,636.0,802.0,43.24961393991603,-21.608375346872275,0.0833333,0.0833333,0.0833333,0.0833333,0.289,0.289,45.0,0.2886751,0.2886751,45.0,37.4713,0.0,0.0,1.0,0.0,0.87,8.0
660,660,8_56,8_78,35.24056,2.384106,22.2557,0.0735,-4.286294E-5,2.0,2.0,806.0,794.0,806.3471999999999,794.0,806.3471999999999,794.0,43.1981255486688,-21.605490678658672,0.557,0.289,0.0,0.03769,0.01954,0.0,806.3471999999999,794.0,43.1981255486688,-21.605490678658672,0.15064249675,0.0833333,0.15064249675,0.0833333,0.388,0.289,0.0,0.3881269,0.2886751,0.0,36.5581,0.0,0.94,1.929,0.482,0.998,8.0
661,661,8_57,8_77,2.18102,0.5931082,25.2767,0.2953,-4.095793E-5,1.0,1.0,811.0,790.0,811.0,790.0,811.0,790.0,43.19673454544078,-21.60434751191377,0.289,0.289,45.0,0.07885,0.07885,45.0,811.0,790.0,43.19673454544078,-21.60434751191377,0.0833333,0.0833333,0.0833333,0.0833333,0.289,0.289,45.0,0.2886751,0.2886751,45.0,99.0,0.0,0.0,1.0,0.0,0.942,8.0
662,662,8_58,8_76,226.3644,6.042383,20.2363,0.029,0.1625085,6.0,6.0,632.0,789.0,632.2289000000001,788.5608,632.2289000000001,788.5608,43.25080760318768,-21.604607280073512,0.715,0.478,-14.5,0.01906,0.01274,-14.48,632.2289000000001,788.5608,43.25080760318768,-21.604607280073512,0.30481180757,0.24574561989,0.30481180757,0.24574561989,0.564,0.483,-22.87,0.5635517,0.4826665,-22.87,99.0,0.0,2.56,1.496,0.331,1.0,8.0
664,664,8_60,8_74,6.101754,0.9920453,24.1597,0.1766,-0.1298601,1.0,1.0,632.0,783.0,632.0,783.0,632.0,783.0,43.25089881102619,-21.603043266706823,0.289,0.289,45.0,0.04752,0.04752,45.0,632.0,783.0,43.25089881102619,-21.603043266706823,0.0833333,0.0833333,0.0833333,0.0833333,0.289,0.289,45.0,0.2886751,0.2886751,45.0,28.3655,0.0,0.0,1.0,0.0,0.994,8.0
665,665,8_61,8_73,0.6404859,0.3214097,26.607,0.545,-7.620079E-6,1.0,1.0,846.0,769.0,846.0,769.0,846.0,769.0,43.186234574516426,-21.598305670761007,0.289,0.289,45.0,0.14707,0.14707,45.0,846.0,769.0,43.186234574516426,-21.598305670761007,0.0833333,0.0833333,0.0833333,0.0833333,0.289,0.289,45.0,0.2886751,0.2886751,45.0,40.3618,0.0,0.0,1.0,0.0,0.601,8.0
666,666,8_62,8_72,325.2373,7.242764,19.8428,0.0242,6.510822E-6,9.0,9.0,588.0,764.0,587.9248,764.2207000000001,587.9248,764.2207000000001,43.26430234342224,-21.597919733432143,0.742,0.616,29.52,0.01653,0.01372,29.54,587.9248,764.2207000000001,43.26430234342224,-21.597919733432143,0.33375161686,0.29336017175,0.33375161686,0.29336017175,0.583,0.536,20.53,0.583388,0.5355093,20.53,44.0374,0.0,2.01,1.205,0.17,1.0,8.0
667,667,8_63,8_71,486.4501,8.857748,19.4057,0.0198,0.0,5.0,5.0,1010.0,761.0,1010.0306,761.1926000000001,1010.0306,761.1926000000001,43.13665879094075,-21.59547975826602,0.646,0.289,-88.99,0.01176,0.00526,-88.99,1010.0306,761.1926000000001,43.13665879094075,-21.59547975826602,0.10643287336,0.22744114309,0.10643287336,0.22744114309,0.477,0.326,-89.54,0.4769162,0.3262284,-89.54,41.3661,16.0,1.78,2.239,0.553,1.0,8.0
669,669,8_65,8_69,2.161554,0.5904555,25.2864,0.2967,8.000035E-6,1.0,1.0,582.0,746.0,582.0,746.0,582.0,746.0,43.26616566883606,-21.592813887390083,0.289,0.289,45.0,0.07921,0.07921,45.0,582.0,746.0,43.26616566883606,-21.592813887390083,0.0833333,0.0833333,0.0833333,0.0833333,0.289,0.289,45.0,0.2886751,0.2886751,45.0,43.9512,0.0,0.0,1.0,0.0,0.941,8.0
671,671,8_67,8_67,230.547,6.097951,20.2164,0.0287,1.51979E-5,13.0,13.0,554.0,741.0,552.5118,739.3546,552.5118,739.3546,43.27510920487486,-21.591050892614167,1.474,0.537,43.36,0.03902,0.01422,43.36,552.5118,739.3546,43.27510920487486,-21.591050892614167,0.70992973906,0.67459971384,0.70992973906,0.67459971384,1.048,0.535,43.75,1.047974,0.5350516,43.75,44.7495,0.0,5.29,2.745,0.636,1.0,8.0
673,673,8_69,8_65,193.9026,5.592372,20.4043,0.0313,-0.00134406,6.0,6.0,885.0,733.0,885.3277,733.1648,885.3277,733.1648,43.17448736173438,-21.588071929818724,0.713,0.466,84.0,0.02059,0.01344,84.01,885.3277,733.1648,43.17448736173438,-21.588071929818724,0.1807545297,0.3005741513,0.1807545297,0.3005741513,0.549,0.424,85.35,0.548974,0.4242125,85.35,33.3277,0.0,2.05,1.531,0.347,1.0,8.0
674,674,8_70,8_64,71.5289,3.396604,21.4871,0.0516,-6.030976E-4,5.0,5.0,557.0,730.0,557.2752,729.4831,557.2752,729.4831,43.2737073553343,-21.58825574579568,0.522,0.424,-62.56,0.02483,0.02016,-62.66,557.2752,729.4831,43.2737073553343,-21.58825574579568,0.10768221898,0.24958147865,0.10768221898,0.24958147865,0.502,0.324,-82.01,0.5024242,0.3237801,-82.01,34.1729,0.0,1.01,1.231,0.188,1.0,8.0
675,675,8_71,8_63,37.49431,2.45916,22.1884,0.0712,-7.688279E-4,2.0,2.0,546.0,729.0,546.2221,729.0,546.2221,729.0,43.27705171616231,-21.58815982831014,0.506,0.289,0.0,0.03322,0.01894,0.0,546.2221,729.0,43.27705171616231,-21.58815982831014,0.10224348863,0.0833333,0.10224348863,0.0833333,0.32,0.289,0.0,0.3197553,0.2886751,0.0,33.911,0.0,0.88,1.753,0.43,0.998,8.0
676,676,8_72,8_62,16.96786,1.654313,23.0492,0.1059,0.0,2.0,2.0,934.0,728.0,933.5966,728.0,933.5966,728.0,43.15991153682536,-21.586433942204405,0.569,0.289,0.0,0.05556,0.02818,0.0,933.5966,728.0,43.15991153682536,-21.586433942204405,0.19030509004,0.0833333,0.19030509004,0.0833333,0.436,0.289,0.0,0.4362397,0.2886751,0.0,44.2287,0.0,0.96,1.972,0.493,0.997,8.0
677,677,8_73,8_61,0.1277167,0.1435251,28.3577,1.2204,-5.344474E-5,1.0,1.0,797.0,725.0,797.0,725.0,797.0,725.0,43.201231627564205,-21.58610871736524,0.289,0.289,45.0,0.34853,0.34853,45.0,797.0,725.0,43.201231627564205,-21.58610871736524,0.0833333,0.0833333,0.0833333,0.0833333,0.289,0.289,45.0,0.2886751,0.2886751,45.0,43.7809,0.0,0.0,1.0,0.0,0.378,8.0
678,678,8_74,8_60,56.8449,3.027958,21.7366,0.0578,-5.910929E-5,3.0,3.0,783.0,724.0,782.4512,724.2432,782.4512,724.2432,43.20563431009335,-21.585950416376928,0.575,0.319,-36.93,0.03062,0.01699,-36.93,782.4512,724.2432,43.20563431009335,-21.585950416376928,0.23729372297,0.073499645742,0.23729372297,0.073499645742,0.501,0.245,-15.43,0.5008041,0.2449258,-15.43,43.567,0.0,1.71,1.803,0.445,0.999,8.0
679,679,8_75,8_59,8.469676,1.168793,23.8036,0.1499,-5.576722E-6,2.0,2.0,668.0,724.0,667.9513,724.0,667.9513,724.0,43.24026036968192,-21.58630805155514,0.36,0.289,0.0,0.05016,0.03993,0.0,667.9513,724.0,43.24026036968192,-21.58630805155514,0.08617110412,0.0833333,0.08617110412,0.0833333,0.294,0.289,0.0,0.2935492,0.2886751,0.0,45.779,0.0,1.81,1.247,0.198,0.662,8.0
682,682,8_78,8_56,10.56396,1.305322,23.5637,0.1342,-7.530781E-6,1.0,1.0,843.0,708.0,843.0,708.0,843.0,708.0,43.187390180825744,-21.58115118994915,0.289,0.289,45.0,0.0357,0.0357,45.0,843.0,708.0,43.187390180825744,-21.58115118994915,0.0833333,0.0833333,0.0833333,0.0833333,0.289,0.289,45.0,0.2886751,0.2886751,45.0,43.3724,0.0,0.0,1.0,0.0,0.996,8.0
683,683,8_79,8_55,4.780352,0.8780801,24.4247,0.1995,-1.082922E-5,1.0,1.0,677.0,706.0,677.0,706.0,677.0,706.0,43.237595658021085,-21.58120936834656,0.289,0.289,45.0,0.05313,0.05313,45.0,677.0,706.0,43.237595658021085,-21.58120936834656,0.0833333,0.0833333,0.0833333,0.0833333,0.289,0.289,45.0,0.2886751,0.2886751,45.0,42.5832,0.0,0.0,1.0,0.0,0.99,8.0
684,684,8_80,8_54,2.510004,0.6362699,25.1241,0.2753,-9.385326E-6,1.0,1.0,675.0,706.0,675.0,706.0,675.0,706.0,43.238200441342165,-21.581216755206565,0.289,0.289,45.0,0.07346,0.07346,45.0,675.0,706.0,43.238200441342165,-21.581216755206565,0.0833333,0.0833333,0.0833333,0.0833333,0.289,0.289,45.0,0.2886751,0.2886751,45.0,42.7539,0.0,0.0,1.0,0.0,0.959,8.0
685,685,8_81,8_53,8.978855,1.203413,23.7402,0.1456,6.911929E-4,2.0,2.0,780.0,701.0,780.0585,701.0,780.0585,701.0,43.20645168549674,-21.57941863471606,0.372,0.289,0.0,0.05027,0.03877,0.0,780.0585,701.0,43.20645168549674,-21.57941863471606,0.086758863554,0.0833333,0.086758863554,0.0833333,0.295,0.289,0.0,0.2945486,0.2886751,0.0,99.0,0.0,1.84,1.289,0.224,0.997,8.0
686,686,8_82,8_52,10.40205,1.29528,23.5805,0.1352,1.996695E-6,2.0,2.0,604.0,697.0,603.9736,697.0,603.9736,697.0,43.25971363498211,-21.57894497157379,0.33,0.289,0.0,0.04151,0.03601,0.0,603.9736,697.0,43.25971363498211,-21.57894497157379,0.084890322215,0.0833333,0.084890322215,0.0833333,0.291,0.289,0.0,0.2913594,0.2886751,0.0,45.0522,0.0,1.72,1.144,0.126,0.67,8.0
687,687,8_83,8_51,8.392068,1.163426,23.8136,0.1506,-5.356253E-6,2.0,2.0,671.0,695.0,670.7827,695.0,670.7827,695.0,43.239519458127845,-21.57813688413971,0.503,0.289,0.0,0.07005,0.04011,0.0,670.7827,695.0,43.239519458127845,-21.57813688413971,0.10162312499,0.0833333,0.10162312499,0.0833333,0.319,0.289,0.0,0.3187838,0.2886751,0.0,43.2796,0.0,0.88,1.744,0.427,0.996,8.0
688,688,8_84,8_50,161.2601,5.09997,20.6045,0.0343,0.0,4.0,4.0,932.0,690.0,931.9976,689.77,931.9976,689.77,43.16055264941813,-21.57568189711824,0.538,0.421,-0.28,0.01704,0.01331,-0.28,931.9976,689.77,43.16055264941813,-21.57568189711824,0.091379204782,0.091535760576,0.091379204782,0.091535760576,0.303,0.302,-62.76,0.302642,0.3021966,-62.76,45.0126,0.0,1.33,1.279,0.218,1.0,8.0
689,689,8_85,8_49,48.25813,2.789905,21.9144,0.0628,-1.840897E-5,3.0,3.0,697.0,689.0,696.5127,688.8498999999999,696.5127,688.8498999999999,43.2317636143855,-21.57631107897209,0.536,0.301,25.76,0.03099,0.0174,25.8,696.5127,688.8498999999999,43.2317636143855,-21.57631107897209,0.27373221382,0.10617829394,0.27373221382,0.10617829394,0.525,0.323,5.87,0.5249014,0.3230929,5.87,41.6855,0.0,1.12,1.782,0.439,0.999,8.0
690,690,8_86,8_48,210.4552,5.826182,20.3154,0.0301,0.0,8.0,8.0,871.0,685.0,870.9002,685.4334,870.9002,685.4334,43.17904547946061,-21.574694942475443,0.969,0.495,-1.43,0.02685,0.01371,-1.42,870.9002,685.4334,43.17904547946061,-21.574694942475443,0.34563960205,0.23340981073,0.34563960205,0.23340981073,0.604,0.462,-21.11,0.6043991,0.4623323,-21.11,43.8168,0.0,2.98,1.958,0.489,1.0,8.0
691,691,8_87,8_47,1.404547,0.475962,25.7545,0.368,0.0,1.0,1.0,892.0,683.0,892.0,683.0,892.0,683.0,43.17267519469492,-21.573929804264125,0.289,0.289,45.0,0.09851,0.09851,45.0,892.0,683.0,43.17267519469492,-21.573929804264125,0.0833333,0.0833333,0.0833333,0.0833333,0.289,0.289,45.0,0.2886751,0.2886751,45.0,44.0477,0.0,0.0,1.0,0.0,0.858,8.0
692,692,8_88,8_46,26.15275,2.053822,22.5795,0.0853,8.970374E-7,2.0,2.0,614.0,681.0,614.0,680.9109,614.0,680.9109,43.25674528846575,-21.57438081368077,0.406,0.289,90.0,0.03192,0.02269,90.0,614.0,680.9109,43.25674528846575,-21.57438081368077,0.0833333,0.088786591836,0.0833333,0.088786591836,0.298,0.289,90.0,0.2979708,0.2886751,90.0,44.3538,0.0,1.93,1.405,0.288,0.998,8.0
693,693,8_89,8_45,4.31209,0.8339655,24.5366,0.21,-4.289912E-6,1.0,1.0,675.0,672.0,675.0,672.0,675.0,672.0,43.23833573251832,-21.571649055931065,0.289,0.289,45.0,0.05596,0.05596,45.0,675.0,672.0,43.23833573251832,-21.571649055931065,0.0833333,0.0833333,0.0833333,0.0833333,0.289,0.289,45.0,0.2886751,0.2886751,45.0,43.7362,0.0,0.0,1.0,0.0,0.988,8.0
695,695,8_91,8_43,28.1006,2.128933,22.5015,0.0823,0.0,2.0,2.0,1007.0,662.0,1007.0767,662.0,1007.0767,662.0,43.137965179914914,-21.5675776532773,0.393,0.289,0.0,0.02981,0.02189,0.0,1007.0767,662.0,43.137965179914914,-21.5675776532773,0.08792376854,0.0833333,0.08792376854,0.0833333,0.297,0.289,0.0,0.2965194,0.2886751,0.0,99.0,0.0,0.0,1.36,0.265,0.998,8.0
696,696,8_92,8_42,128.3129,4.549245,20.8526,0.0385,0.0,6.0,6.0,987.0,657.0,987.2809,657.6963000000001,987.2809,657.6963000000001,43.1439687944667,-21.566443236191294,0.857,0.412,-76.18,0.03041,0.01462,-76.19,987.2809,657.6963000000001,43.1439687944667,-21.566443236191294,0.20213107422,0.37045518424,0.20213107422,0.37045518424,0.626,0.425,-71.46,0.6259189,0.4252198,-71.46,51.2409,0.0,3.5,2.08,0.519,1.0,8.0
698,698,8_94,8_40,51.22113,2.874278,21.8497,0.0609,0.0,4.0,4.0,920.0,659.0,920.5196,658.7424,920.5196,658.7424,43.16415115828061,-21.5669945863208,0.509,0.427,-20.23,0.02857,0.02397,-20.25,920.5196,658.7424,43.16415115828061,-21.5669945863208,0.24999758236,0.099020835426,0.24999758236,0.099020835426,0.501,0.313,-4.85,0.501089,0.3129348,-4.85,51.401,0.0,0.95,1.192,0.161,1.0,8.0
699,699,8_95,8_39,4.492628,0.8512446,24.4921,0.2058,0.0,1.0,1.0,923.0,657.0,923.0,657.0,923.0,657.0,43.16340833195776,-21.566494764833013,0.289,0.289,45.0,0.05482,0.05482,45.0,923.0,657.0,43.16340833195776,-21.566494764833013,0.0833333,0.0833333,0.0833333,0.0833333,0.289,0.289,45.0,0.2886751,0.2886751,45.0,50.1257,0.0,0.0,1.0,0.0,0.989,8.0
700,700,8_96,8_38,108.2644,4.178756,21.0371,0.0419,-2.908682E-6,10.0,10.0,679.0,647.0,679.4076,648.582,679.4076,648.582,43.237096258891206,-21.56504292368821,1.545,0.483,86.56,0.05968,0.01868,86.56,679.4076,648.582,43.237096258891206,-21.56504292368821,0.22669071805,0.73053000641,0.22669071805,0.73053000641,0.863,0.461,80.55,0.863067,0.4607994,80.55,46.1642,0.0,5.14,3.196,0.687,1.0,8.0
701,701,8_97,8_37,61.11047,3.139511,21.658,0.0558,-2.560903E-7,2.0,2.0,632.0,648.0,632.3913,648.0,632.3913,648.0,43.25131441498596,-21.565052284984912,0.567,0.289,0.0,0.02914,0.01483,0.0,632.3913,648.0,43.25131441498596,-21.565052284984912,0.18035455406,0.0833333,0.18035455406,0.0833333,0.425,0.289,0.0,0.4246817,0.2886751,0.0,47.0001,0.0,0.95,1.964,0.491,0.999,8.0
702,702,8_98,8_36,3.292184,0.7286957,24.8296,0.2404,-4.931675E-6,1.0,1.0,697.0,640.0,697.0,640.0,697.0,640.0,43.2318112763168,-21.562562840220856,0.289,0.289,45.0,0.06409,0.06409,45.0,697.0,640.0,43.2318112763168,-21.562562840220856,0.0833333,0.0833333,0.0833333,0.0833333,0.289,0.289,45.0,0.2886751,0.2886751,45.0,44.9084,0.0,0.0,1.0,0.0,0.979,8.0
703,703,8_99,8_35,29.2364,2.171531,22.4585,0.0807,-4.682795E-7,3.0,3.0,630.0,638.0,630.4862,637.8072999999999,630.4862,637.8072999999999,43.25193077276713,-21.562191055986027,0.559,0.305,-32.28,0.04156,0.02268,-32.31,630.4862,637.8072999999999,43.25193077276713,-21.562191055986027,0.26620334094,0.11708043126,0.26620334094,0.11708043126,0.52,0.335,-9.8,0.5203727,0.3354042,-9.8,46.7822,0.0,1.23,1.832,0.454,0.999,8.0
704,704,8_100,8_34,19.73515,1.784121,22.8852,0.0982,0.0,3.0,3.0,826.0,635.0,826.0667000000001,634.6858,826.0667000000001,634.6858,43.19280861585279,-21.56058438338121,0.467,0.244,82.36,0.04231,0.02218,82.23,826.0667000000001,634.6858,43.19280861585279,-21.56058438338121,0.092186819303,0.13657791008,0.092186819303,0.13657791008,0.37,0.304,89.35,0.3695722,0.3036134,89.35,45.4099,0.0,1.03,1.917,0.478,0.999,8.0
706,706,8_102,8_32,21.37441,1.856741,22.7986,0.0943,0.0,4.0,4.0,933.0,627.0,933.1858,627.3359,933.1858,627.3359,43.16045077249301,-21.55810813999221,0.514,0.343,-57.88,0.04488,0.02987,-57.54,933.1858,627.3359,43.16045077249301,-21.55810813999221,0.071202666376,0.15743937427,0.071202666376,0.15743937427,0.4,0.262,-80.23,0.4000939,0.2618529,-80.23,48.305,0.0,1.28,1.501,0.334,0.996,8.0
707,707,8_103,8_31,15.54641,1.583504,23.1442,0.1106,-2.878488E-6,1.0,1.0,695.0,624.0,695.0,624.0,695.0,624.0,43.23247986661269,-21.558067866394797,0.289,0.289,45.0,0.02942,0.02942,45.0,695.0,624.0,43.23247986661269,-21.558067866394797,0.0833333,0.0833333,0.0833333,0.0833333,0.289,0.289,45.0,0.2886751,0.2886751,45.0,45.0974,0.0,0.0,1.0,0.0,0.997,8.0
708,708,8_104,8_30,17.61833,1.685724,23.0084,0.1039,-1.083627E-6,2.0,2.0,681.0,615.0,681.0,615.4451,681.0,615.4451,43.23674682396184,-21.555712350924964,0.575,0.289,90.0,0.05505,0.02765,90.0,681.0,615.4451,43.23674682396184,-21.555712350924964,0.0833333,0.21895840239,0.0833333,0.21895840239,0.468,0.289,90.0,0.4679299,0.2886751,90.0,46.1209,0.0,0.96,1.991,0.498,0.997,8.0
709,709,8_105,8_29,193.2725,5.583277,20.4079,0.0314,-5.90459E-7,6.0,6.0,678.0,609.0,677.7401,609.4302,677.7401,609.4302,43.23775639386236,-21.55403182401934,0.629,0.494,-5.49,0.0182,0.01427,-5.47,677.7401,609.4302,43.23775639386236,-21.55403182401934,0.24330063579,0.23181702572,0.24330063579,0.23181702572,0.497,0.478,-26.49,0.4970851,0.4775186,-26.49,46.8413,0.0,1.54,1.275,0.216,1.0,8.0
711,711,8_107,8_27,212.4462,5.853676,20.3052,0.0299,0.0,6.0,6.0,760.0,586.0,759.7018,586.2974,759.7018,586.2974,43.21306930550124,-21.54721752748629,0.629,0.432,-29.49,0.01735,0.01191,-29.5,759.7018,586.2974,43.21306930550124,-21.54721752748629,0.1731979595,0.12071345253,0.1731979595,0.12071345253,0.429,0.331,-22.78,0.4294661,0.330863,-22.78,47.9335,0.0,1.27,1.457,0.313,1.0,8.0
712,712,8_108,8_26,27.49898,2.10602,22.525,0.0832,-1.873118E-6,2.0,2.0,539.0,582.0,539.0,581.6166000000001,539.0,581.6166000000001,43.27981162928906,-21.546712387494164,0.565,0.289,90.0,0.04334,0.02212,90.0,539.0,581.6166000000001,43.27981162928906,-21.546712387494164,0.0833333,0.17438268564,0.0833333,0.17438268564,0.418,0.289,90.0,0.4175915,0.2886751,90.0,55.3734,0.0,0.95,1.959,0.489,0.997,8.0
713,713,8_109,8_25,65.09888,3.240342,21.5894,0.0541,-1.55337E-4,6.0,6.0,582.0,573.0,581.2925,573.8636,581.2925,573.8636,43.26705613744453,-21.54437732360756,0.893,0.382,-47.36,0.04449,0.01903,-47.33,581.2925,573.8636,43.26705613744453,-21.54437732360756,0.28876347444,0.30507201274,0.28876347444,0.30507201274,0.695,0.333,-46.26,0.6948836,0.3331251,-46.26,35.682,0.0,3.43,2.338,0.572,1.0,8.0
714,714,8_110,8_24,0.4996315,0.2838763,26.8767,0.617,-1.404838E-6,1.0,1.0,523.0,570.0,523.0,570.0,523.0,570.0,43.28469414483447,-21.543501336168987,0.289,0.289,45.0,0.16722,0.16722,45.0,523.0,570.0,43.28469414483447,-21.543501336168987,0.0833333,0.0833333,0.0833333,0.0833333,0.289,0.289,45.0,0.2886751,0.2886751,45.0,54.5207,0.0,0.0,1.0,0.0,0.477,8.0
715,715,8_111,8_23,10.92196,1.327255,23.5275,0.132,6.825692E-6,1.0,1.0,974.0,567.0,974.0,567.0,974.0,567.0,43.14836070778554,-21.540972490094106,0.289,0.289,45.0,0.03511,0.03511,45.0,974.0,567.0,43.14836070778554,-21.540972490094106,0.0833333,0.0833333,0.0833333,0.0833333,0.289,0.289,45.0,0.2886751,0.2886751,45.0,52.7439,0.0,0.0,1.0,0.0,0.996,8.0
717,717,8_113,8_21,12.39287,1.413807,23.3904,0.1239,0.0,1.0,1.0,713.0,558.0,713.0,558.0,713.0,558.0,43.22730188462396,-21.539428958179585,0.289,0.289,45.0,0.03296,0.03296,45.0,713.0,558.0,43.22730188462396,-21.539428958179585,0.0833333,0.0833333,0.0833333,0.0833333,0.289,0.289,45.0,0.2886751,0.2886751,45.0,48.0751,0.0,0.0,1.0,0.0,0.996,8.0
718,718,8_114,8_20,20.29512,1.809256,22.8548,0.0968,-3.01211E-7,3.0,3.0,637.0,553.0,636.4003,553.2486,636.4003,553.2486,43.25047770846983,-21.53837493836241,0.563,0.332,-37.51,0.05023,0.02967,-37.54,636.4003,553.2486,43.25047770846983,-21.53837493836241,0.24466914432,0.10691176326,0.24466914432,0.10691176326,0.512,0.299,-18.52,0.5119376,0.2991669,-18.52,50.5431,0.0,2.0,1.693,0.409,0.998,8.0
719,719,8_115,8_19,91.62379,3.84422,21.2183,0.0456,1.621888E-5,9.0,9.0,993.0,542.0,992.9413,542.6874,992.9413,542.6874,43.14273550489584,-21.53405774836073,0.793,0.712,89.75,0.03329,0.02994,89.74,992.9413,542.6874,43.14273550489584,-21.53405774836073,0.24840332053,0.39359295677,0.24840332053,0.39359295677,0.628,0.498,-86.98,0.6276922,0.4979948,-86.98,53.7165,0.0,2.92,1.113,0.101,1.0,8.0
720,720,8_116,8_18,29.36674,2.176366,22.4537,0.0805,0.0,3.0,3.0,741.0,536.0,741.3925,536.0503,741.3925,536.0503,43.21880676500309,-21.53314674249735,0.49,0.214,-5.84,0.03638,0.01594,-5.92,741.3925,536.0503,43.21880676500309,-21.53314674249735,0.19209288139,0.092549640836,0.19209288139,0.092549640836,0.438,0.304,-0.66,0.4382993,0.3041977,-0.66,50.2755,0.0,1.11,2.294,0.564,0.999,8.0
721,721,8_117,8_17,12.98775,1.447342,23.3395,0.121,0.0,2.0,2.0,669.0,527.0,669.0,526.9339,669.0,526.9339,43.24072735258132,-21.530850209849834,0.381,0.289,90.0,0.04268,0.03222,90.0,669.0,526.9339,43.24072735258132,-21.530850209849834,0.0833333,0.087237139675,0.0833333,0.087237139675,0.295,0.289,90.0,0.2953593,0.2886751,90.0,51.5728,0.0,0.0,1.32,0.242,0.997,8.0
722,722,8_118,8_16,31.01807,2.23672,22.3943,0.0783,-2.620458E-4,2.0,2.0,667.0,524.0,667.0312,524.0,667.0312,524.0,43.24133419805805,-21.53003190991152,0.337,0.289,0.0,0.02437,0.02083,0.0,667.0312,524.0,43.24133419805805,-21.53003190991152,0.085162656197,0.0833333,0.085162656197,0.0833333,0.292,0.289,0.0,0.2918264,0.2886751,0.0,35.1033,0.0,0.0,1.167,0.143,0.998,8.0
723,723,8_119,8_15,1.338533,0.4646422,25.8067,0.377,1.252104E-4,1.0,1.0,673.0,521.0,673.0,521.0,673.0,521.0,43.23954182898367,-21.529165706332574,0.289,0.289,45.0,0.10094,0.10094,45.0,673.0,521.0,43.23954182898367,-21.529165706332574,0.0833333,0.0833333,0.0833333,0.0833333,0.289,0.289,45.0,0.2886751,0.2886751,45.0,99.0,0.0,0.0,1.0,0.0,0.846,8.0
724,724,8_120,8_14,31.74397,2.262741,22.3691,0.0774,-1.189398E-4,3.0,3.0,668.0,520.0,667.6413,519.9985,667.6413,519.9985,43.24116571073195,-21.52890368228623,0.56,0.291,-0.13,0.03994,0.02085,-0.19,667.6413,519.9985,43.24116571073195,-21.52890368228623,0.15837073704,0.083565476281,0.15837073704,0.083565476281,0.398,0.289,-0.01,0.3979582,0.2890769,-0.01,35.9609,0.0,0.95,1.922,0.48,0.999,8.0
726,726,8_122,8_12,39.58099,2.526664,22.1296,0.0693,0.0,6.0,6.0,735.0,517.0,735.6791000000001,517.3042,735.6791000000001,517.3042,43.220609288939,-21.527893093592947,0.927,0.465,87.39,0.0593,0.02975,87.4,735.6791000000001,517.3042,43.220609288939,-21.527893093592947,0.24024695415,0.34128581751,0.24024695415,0.34128581751,0.587,0.486,-79.34,0.5873664,0.4863471,-79.34,48.1831,0.0,3.88,1.993,0.498,1.0,8.0
727,727,8_123,8_11,23.4742,1.945806,22.6968,0.09,-7.379894E-4,3.0,3.0,684.0,518.0,683.9087,518.0295,683.9087,518.0295,43.23625607727229,-21.52828951196542,0.511,0.183,62.15,0.04252,0.01518,62.13,683.9087,518.0295,43.23625607727229,-21.52828951196542,0.083539801465,0.093239212755,0.083539801465,0.093239212755,0.305,0.289,88.77,0.3053583,0.2890248,88.77,33.9791,0.0,1.7,2.799,0.643,0.913,8.0
728,728,8_124,8_10,72.50491,3.419699,21.4724,0.0512,0.0,6.0,6.0,677.0,517.0,676.3458,516.4631,676.3458,516.4631,43.23854851758296,-21.52787671363763,0.681,0.459,32.04,0.03216,0.0217,32.08,676.3458,516.4631,43.23854851758296,-21.52787671363763,0.27358780202,0.25444660921,0.27358780202,0.25444660921,0.571,0.449,40.59,0.5713588,0.4489806,40.59,49.9118,0.0,2.26,1.483,0.326,1.0,8.0
729,729,8_125,8_9,53.85572,2.947271,21.7952,0.0594,0.0,5.0,5.0,784.0,515.0,784.0488,515.4407,784.0488,515.4407,43.20599512730623,-21.52718765510857,0.784,0.376,28.1,0.04295,0.02061,28.08,784.0488,515.4407,43.20599512730623,-21.52718765510857,0.29409748081,0.24212095141,0.29409748081,0.24212095141,0.617,0.395,38.32,0.6169048,0.3945211,38.32,48.0802,0.0,3.18,2.085,0.52,1.0,8.0
730,730,8_126,8_8,22.98894,1.925589,22.7195,0.091,0.0,3.0,3.0,701.0,515.0,700.9259,515.5241,700.9259,515.5241,43.23112196665844,-21.5275214711998,0.506,0.249,-79.34,0.04245,0.02096,-79.23,700.9259,515.5241,43.23112196665844,-21.5275214711998,0.089537750408,0.29820177681,0.089537750408,0.29820177681,0.546,0.299,-88.82,0.5461593,0.2990811,-88.82,48.6247,0.0,2.01,2.032,0.508,0.999,8.0
731,731,8_127,8_131,10.31764,1.29002,23.5893,0.1358,0.0,2.0,2.0,860.0,988.0,859.6377,988.0,859.6377,988.0,43.18121670213501,-21.65988310209781,0.561,0.289,0.0,0.07025,0.03616,0.0,859.6377,988.0,43.18121670213501,-21.65988310209781,0.16056639471,0.0833333,0.16056639471,0.0833333,0.401,0.289,0.0,0.4007074,0.2886751,0.0,31.6288,0.0,0.95,1.942,0.485,0.996,8.0
732,732,8_128,8_130,5.163245,0.9125843,24.341,0.1919,-2.190007E-5,1.0,1.0,647.0,988.0,647.0,988.0,647.0,988.0,43.24555057957296,-21.66067741042603,0.289,0.289,45.0,0.05112,0.05112,45.0,647.0,988.0,43.24555057957296,-21.66067741042603,0.0833333,0.0833333,0.0833333,0.0833333,0.289,0.289,45.0,0.2886751,0.2886751,45.0,30.8323,0.0,0.0,1.0,0.0,0.992,8.0
733,733,8_129,8_5,12.26606,1.406555,23.4015,0.1245,0.0,1.0,1.0,893.0,512.0,893.0,512.0,893.0,512.0,43.17307438020114,-21.525806806033497,0.289,0.289,45.0,0.03313,0.03313,45.0,893.0,512.0,43.17307438020114,-21.525806806033497,0.0833333,0.0833333,0.0833333,0.0833333,0.289,0.289,45.0,0.2886751,0.2886751,45.0,50.8164,0.0,0.0,1.0,0.0,0.996,8.0
734,734,8_130,8_4,2.971811,0.6923326,24.9407,0.253,0.0,1.0,1.0,667.0,509.0,667.0,509.0,667.0,509.0,43.24140339010472,-21.52581120707866,0.289,0.289,45.0,0.06747,0.06747,45.0,667.0,509.0,43.24140339010472,-21.52581120707866,0.0833333,0.0833333,0.0833333,0.0833333,0.289,0.289,45.0,0.2886751,0.2886751,45.0,50.7229,0.0,0.0,1.0,0.0,0.973,8.0
735,735,8_131,8_129,10.91313,1.326719,23.5284,0.132,-1.239082E-4,1.0,1.0,553.0,987.0,553.0,987.0,553.0,987.0,43.27399368214694,-21.660738955754464,0.289,0.289,45.0,0.03513,0.03513,45.0,553.0,987.0,43.27399368214694,-21.660738955754464,0.0833333,0.0833333,0.0833333,0.0833333,0.289,0.289,45.0,0.2886751,0.2886751,45.0,34.3976,0.0,0.0,1.0,0.0,0.996,8.0
736,736,8_132,8_128,98.53445,3.987097,21.1393,0.0439,-5.023978E-4,7.0,7.0,690.0,981.0,689.7454,980.4149,689.7454,980.4149,43.23264826700871,-21.6583852376384,0.589,0.443,72.66,0.02386,0.01796,72.76,689.7454,980.4149,43.23264826700871,-21.6583852376384,0.12093808411,0.25241575558,0.12093808411,0.25241575558,0.508,0.339,78.39,0.5081385,0.3393362,78.39,29.2185,0.0,1.56,1.329,0.248,1.0,8.0
737,737,9_1,9_1,6.505064,1.024307,24.0902,0.171,-1.272312E-4,1.0,1.0,1257.0,512.0,1257.0,512.0,1257.0,512.0,43.06304044378345,-21.52438079194214,0.289,0.289,45.0,0.04559,0.04559,45.0,1257.0,512.0,43.06304044378345,-21.52438079194214,0.0833333,0.0833333,0.0833333,0.0833333,0.289,0.289,45.0,0.2886751,0.2886751,45.0,53.3245,0.0,0.0,1.0,0.0,0.99,9.0
738,738,9_2,9_54,11.27238,1.348379,23.4933,0.1299,0.0,2.0,2.0,1470.0,1007.0,1469.8897,1006.8897,1469.8897,1006.8897,42.99648963362052,-21.66278195558744,0.529,0.289,45.0,0.06392,0.03465,45.0,1469.8897,1006.8897,42.99648963362052,-21.66278195558744,0.083453463861,0.083453463861,0.083453463861,0.083453463861,0.289,0.289,45.0,0.2890911,0.2886751,45.0,37.8958,0.0,2.24,1.832,0.454,0.66,9.0
740,740,9_4,9_52,3.485773,0.749815,24.7676,0.2336,8.816207E-7,1.0,1.0,1205.0,978.0,1205.0,978.0,1205.0,978.0,43.07676554406181,-21.65572580134081,0.289,0.289,45.0,0.06243,0.06243,45.0,1205.0,978.0,43.07676554406181,-21.65572580134081,0.0833333,0.0833333,0.0833333,0.0833333,0.289,0.289,45.0,0.2886751,0.2886751,45.0,32.6464,0.0,0.0,1.0,0.0,0.959,9.0
741,741,9_5,9_51,220.5415,5.964163,20.2646,0.0294,1.763241E-6,27.0,27.0,1205.0,975.0,1205.0604,974.3561,1205.0604,974.3561,43.076762874175984,-21.65470011686843,1.708,0.988,82.4,0.04644,0.0268,82.52,1205.0604,974.3561,43.076762874175984,-21.65470011686843,0.5795755063,0.56418900809,0.5795755063,0.56418900809,0.822,0.684,42.89,0.822462,0.6836087,42.89,32.9243,0.0,7.45,1.73,0.422,0.983,9.0
742,742,9_6,9_50,12.66192,1.429072,23.3671,0.1226,0.001284231,2.0,2.0,1200.0,974.0,1200.0111,974.0,1200.0111,974.0,43.07829212526131,-21.65462000815124,0.307,0.289,0.0,0.03529,0.03267,0.0,1200.0111,974.0,43.07829212526131,-21.65462000815124,0.084011976044,0.0833333,0.084011976044,0.0833333,0.29,0.289,0.0,0.2898482,0.2886751,0.0,33.2977,0.0,1.65,1.064,0.06,0.992,9.0
744,744,9_8,9_48,7.410031,1.093237,23.9488,0.1602,-0.002481716,1.0,1.0,1205.0,967.0,1205.0,967.0,1205.0,967.0,43.07681264984426,-21.652630248650308,0.289,0.289,45.0,0.0427,0.0427,45.0,1205.0,967.0,43.07681264984426,-21.652630248650308,0.0833333,0.0833333,0.0833333,0.0833333,0.289,0.289,45.0,0.2886751,0.2886751,45.0,32.0365,0.0,0.0,1.0,0.0,0.992,9.0
749,749,9_13,9_43,18.42109,1.723701,22.96,0.1016,2.65732E-5,2.0,2.0,1181.0,923.0,1181.1069,923.0,1181.1069,923.0,43.084229448325054,-21.64034303809571,0.423,0.289,0.0,0.03979,0.02707,0.0,1181.1069,923.0,43.084229448325054,-21.64034303809571,0.090132864756,0.0833333,0.090132864756,0.0833333,0.3,0.289,0.0,0.3002214,0.2886751,0.0,35.7168,0.0,1.98,1.465,0.317,0.678,9.0
751,751,9_15,9_41,96.53396,3.945883,21.1616,0.0444,5.519712E-6,1.0,1.0,1219.0,903.0,1219.0,903.0,1219.0,903.0,43.07285136306534,-21.6345639350896,0.289,0.289,45.0,0.0118,0.0118,45.0,1219.0,903.0,43.07285136306534,-21.6345639350896,0.0833333,0.0833333,0.0833333,0.0833333,0.289,0.289,45.0,0.2886751,0.2886751,45.0,36.405,0.0,0.0,1.0,0.0,0.997,9.0
762,762,9_26,9_30,73.88062,3.451989,21.452,0.0507,2.808136E-8,8.0,8.0,1080.0,800.0,1080.3285,800.098,1080.3285,800.098,43.11523482667812,-21.606154175117485,0.713,0.45,53.96,0.03344,0.02113,53.92,1080.3285,800.098,43.11523482667812,-21.606154175117485,0.12796396823,0.11338168297,0.12796396823,0.11338168297,0.385,0.306,37.27,0.3847257,0.3055025,37.27,36.707,0.0,1.67,1.585,0.369,0.98,9.0
763,763,9_27,9_29,6.150185,0.9959746,24.1511,0.1759,0.0,2.0,2.0,1354.0,784.0,1354.0,783.8768,1354.0,783.8768,43.03253098165274,-21.600497327696683,0.437,0.289,90.0,0.07191,0.04703,90.0,1354.0,783.8768,43.03253098165274,-21.600497327696683,0.0833333,0.091494963535,0.0833333,0.091494963535,0.302,0.289,90.0,0.3024814,0.2886751,90.0,48.7611,0.0,0.0,1.515,0.34,0.994,9.0
764,764,9_28,9_28,4.309997,0.8337631,24.5371,0.2101,0.0,1.0,1.0,1442.0,783.0,1442.0,783.0,1442.0,783.0,43.00591869288351,-21.59989089226043,0.289,0.289,45.0,0.05609,0.05609,45.0,1442.0,783.0,43.00591869288351,-21.59989089226043,0.0833333,0.0833333,0.0833333,0.0833333,0.289,0.289,45.0,0.2886751,0.2886751,45.0,47.6908,0.0,0.0,1.0,0.0,0.976,9.0
765,765,9_29,9_27,0.03971063,0.08003087,29.626,2.1887,0.0,1.0,1.0,1046.0,780.0,1046.0,780.0,1046.0,780.0,43.125701783019736,-21.60063249718344,0.289,0.289,45.0,0.8132,0.8132,45.0,1046.0,780.0,43.125701783019736,-21.60063249718344,0.0833333,0.0833333,0.0833333,0.0833333,0.289,0.289,45.0,0.2886751,0.2886751,45.0,37.917,0.0,0.0,1.0,0.0,0.03,9.0
774,774,9_38,9_18,15.78597,1.595658,23.1276,0.1098,-0.05497807,1.0,1.0,1495.0,649.0,1495.0,649.0,1495.0,649.0,42.99048448123419,-21.56196275060689,0.289,0.289,45.0,0.02927,0.02927,45.0,1495.0,649.0,42.99048448123419,-21.56196275060689,0.0833333,0.0833333,0.0833333,0.0833333,0.289,0.289,45.0,0.2886751,0.2886751,45.0,29.2987,0.0,0.0,1.0,0.0,0.996,9.0
775,775,9_39,9_17,6.573958,1.029716,24.0787,0.1701,0.0,1.0,1.0,1365.0,646.0,1365.0,646.0,1365.0,646.0,43.029806724146376,-21.56165235847629,0.289,0.289,45.0,0.04535,0.04535,45.0,1365.0,646.0,43.029806724146376,-21.56165235847629,0.0833333,0.0833333,0.0833333,0.0833333,0.289,0.289,45.0,0.2886751,0.2886751,45.0,53.0899,0.0,0.0,1.0,0.0,0.99,9.0
776,776,9_40,9_16,203.2656,5.725799,20.3531,0.0306,0.0,14.0,14.0,1453.0,642.0,1453.488,642.3823,1453.488,642.3823,43.003066122655575,-21.560271908886055,0.761,0.661,17.11,0.02151,0.01868,16.98,1453.488,642.3823,43.003066122655575,-21.560271908886055,0.27455433583,0.23099437167,0.27455433583,0.23099437167,0.543,0.459,29.36,0.5428718,0.459172,29.36,53.8007,0.0,0.73,1.152,0.132,1.0,9.0
777,777,9_41,9_15,23.8252,1.9603,22.6807,0.0894,0.0,4.0,4.0,1356.0,635.0,1355.4463,635.2089,1355.4463,635.2089,43.03274262682284,-21.55865451323407,0.551,0.33,-32.57,0.04545,0.0274,-32.63,1355.4463,635.2089,43.03274262682284,-21.55865451323407,0.24578086963,0.061055198079,0.24578086963,0.061055198079,0.502,0.234,-10.4,0.5022113,0.233709,-10.4,55.8386,0.0,1.48,1.67,0.401,0.991,9.0
783,783,9_47,9_9,144.2898,4.824163,20.7252,0.0363,-0.004266524,11.0,11.0,1150.0,583.0,1149.8994,583.3733,1149.8994,583.3733,43.09511294632001,-21.544892279221347,0.994,0.763,-42.01,0.03329,0.02556,-42.03,1149.8994,583.3733,43.09511294632001,-21.544892279221347,0.49029985757,0.50659799136,0.49029985757,0.50659799136,0.78,0.623,-47.11,0.7804019,0.6227927,-47.11,32.0739,0.0,3.58,1.303,0.233,0.999,9.0
787,787,9_51,9_5,3.830385,0.7860052,24.6652,0.2229,0.002992096,2.0,2.0,1223.0,542.0,1223.0,541.8922,1223.0,541.8922,43.0731901549199,-21.532928695834396,0.424,0.289,90.0,0.08918,0.05977,90.0,1223.0,541.8922,43.0731901549199,-21.532928695834396,0.0833333,0.090209877891,0.0833333,0.090209877891,0.3,0.289,90.0,0.3003496,0.2886751,90.0,99.0,0.0,1.98,1.468,0.319,0.987,9.0
788,788,9_52,9_4,59.20513,3.09018,21.6924,0.0567,1.040291E-5,6.0,6.0,1036.0,541.0,1036.357,541.3746,1036.357,541.3746,43.12961611773305,-21.533519690084763,0.551,0.44,-55.08,0.02886,0.02306,-55.54,1036.357,541.3746,43.12961611773305,-21.533519690084763,0.19194788648,0.22657416231,0.19194788648,0.22657416231,0.502,0.409,-57.09,0.5015353,0.4086372,-57.09,48.9209,0.0,1.47,1.251,0.201,0.997,9.0
789,789,9_53,9_3,13.5048,1.47587,23.2971,0.1187,-0.003185072,3.0,3.0,1215.0,526.0,1214.862,526.1826,1214.862,526.1826,43.07571769161567,-21.52854052213846,0.576,0.322,-48.82,0.06345,0.03551,-48.97,1214.862,526.1826,43.07571769161567,-21.52854052213846,0.083515905236,0.085939405927,0.083515905236,0.085939405927,0.293,0.289,-85.73,0.2931775,0.2889676,-85.73,32.3914,0.0,0.0,1.788,0.441,0.828,9.0
791,791,10_1,10_1,48.59852,2.799727,21.9067,0.0626,0.0,2.0,2.0,1702.0,512.0,1701.655,512.0,1701.655,512.0,42.9286214170908,-21.522541604197198,0.556,0.289,0.0,0.03646,0.01863,0.0,1701.655,512.0,42.9286214170908,-21.522541604197198,0.14929006496,0.0833333,0.14929006496,0.0833333,0.386,0.289,0.0,0.3863807,0.2886751,0.0,99.0,0.0,0.94,1.927,0.481,0.974,10.0
792,792,10_2,10_65,35.05785,2.377918,22.2613,0.0737,-1.645046E-7,3.0,3.0,1562.0,1008.0,1561.9997,1007.9989,1561.9997,1007.9989,42.96861268432281,-21.66271184495084,0.291,0.289,69.56,0.04617,0.01766,58.29,1561.9997,1007.9989,42.96861268432281,-21.66271184495084,0.083334362035,0.083382402873,0.083334362035,0.083382402873,0.289,0.289,88.73,0.2887602,0.2886769,88.73,99.0,0.0,0.0,1.006,0.006,0.991,10.0
794,794,10_4,10_63,57.39653,3.042615,21.7261,0.0576,0.0,3.0,3.0,1742.0,989.0,1742.0026,988.7014,1742.0026,988.7014,42.91423256394594,-21.65652091677943,0.541,0.293,-89.5,0.03137,0.01547,-72.17,1742.0026,988.7014,42.91423256394594,-21.65652091677943,0.083346907694,0.11298379607,0.083346907694,0.11298379607,0.336,0.289,-89.97,0.3361306,0.2886986,-89.97,99.0,0.0,0.92,1.847,0.458,0.993,10.0
795,795,10_5,10_62,7.486339,1.098851,23.9376,0.1594,-8.036734E-8,2.0,2.0,1624.0,985.0,1624.0508,985.0,1624.0508,985.0,42.94994042675378,-21.655979530770413,0.363,0.289,0.0,0.14809,0.06906,0.0,1624.0508,985.0,42.94994042675378,-21.655979530770413,0.086296613057,0.0833333,0.086296613057,0.0833333,0.294,0.289,0.0,0.2937629,0.2886751,0.0,99.0,0.0,1.81,1.256,0.204,0.514,10.0
796,796,10_6,10_61,183.2911,5.437194,20.4654,0.0322,-3.668215E-5,3.0,3.0,1617.0,981.0,1616.8058,980.8535,1616.8058,980.8535,42.95215144058031,-21.6548431248148,0.416,0.329,-30.56,0.01347,0.01053,-34.05,1616.8058,980.8535,42.95215144058031,-21.6548431248148,0.1179724307,0.10838966604,0.1179724307,0.10838966604,0.344,0.329,-5.46,0.3435996,0.3290918,-5.46,37.2407,0.0,0.95,1.265,0.21,0.998,10.0
797,797,10_7,10_60,31.72072,2.261912,22.3699,0.0774,-1.133254E-7,3.0,3.0,1600.0,980.0,1599.9873,980.0429,1599.9873,980.0429,42.957244086876784,-21.654685650924044,0.359,0.302,-69.85,0.05138,0.02059,-58.39,1599.9873,980.0429,42.957244086876784,-21.654685650924044,0.083366399053,0.085086158497,0.083366399053,0.085086158497,0.292,0.289,-88.9,0.2916964,0.2887313,-88.9,99.0,0.0,0.0,1.188,0.158,0.988,10.0
798,798,10_8,10_59,25757.62,64.45506,15.096,0.0027,-0.2100984,179.0,179.0,2000.0,950.0,2001.8837,950.529,2001.8837,950.529,42.83577457734695,-21.64464913785593,3.859,3.043,89.34,0.01045,0.00783,88.49,2001.8837,950.529,42.83577457734695,-21.64464913785593,2.2734972536,1.5395071588,2.2734972536,1.5395071588,1.52,1.226,12.4,1.52013,1.225646,12.4,99.0,17.0,4.52,1.268,0.211,0.996,10.0
799,799,10_9,10_58,32545.64,72.45203,14.8421,0.0024,-0.1517009,287.0,287.0,1984.0,950.0,1982.1563,948.0259,1982.1563,948.0259,42.84175561202904,-21.644031814729125,6.716,3.415,-87.79,0.01552,0.00823,-86.99,1982.1563,948.0259,42.84175561202904,-21.644031814729125,6.398158889,6.9011433767,6.398158889,6.9011433767,2.629,2.528,-82.45,2.628715,2.527679,-82.45,99.0,16.0,28.74,1.967,0.492,0.962,10.0
801,801,10_11,10_56,86149.54,117.8774,13.7852,0.0015,0.8305154,4.0,4.0,1991.0,957.0,1990.7265,957.4659,1990.7265,957.4659,42.839117567719285,-21.646650561108,0.506,0.437,-70.16,6.9E-4,6.0E-4,-70.16,1990.7265,957.4659,42.839117567719285,-21.646650561108,0.10545298432,0.23261486906,0.10545298432,0.23261486906,0.483,0.323,-85.24,0.4832193,0.3233682,-85.24,99.0,1.0,0.91,1.158,0.136,1.0,10.0
802,802,10_12,10_55,97076.72,125.1301,13.6555,0.0014,-0.6649435,4.0,4.0,1991.0,943.0,1990.7634,943.3163,1990.7634,943.3163,42.8391736629531,-21.6426684963545,0.514,0.365,52.89,6.6E-4,4.7E-4,52.89,1990.7634,943.3163,42.8391736629531,-21.6426684963545,0.099498279378,0.15292599458,0.099498279378,0.15292599458,0.399,0.306,72.42,0.3986042,0.3058415,72.42,26.898,1.0,1.32,1.409,0.29,1.0,10.0
803,803,10_13,10_54,201.7647,5.70462,20.3612,0.0307,-0.1735142,9.0,9.0,2001.0,937.0,2001.6562,936.8091,2001.6562,936.8091,42.83590871777018,-21.640789161936503,0.939,0.379,-44.92,0.03204,0.01546,-41.95,2001.6562,936.8091,42.83590871777018,-21.640789161936503,0.26645695197,0.27453797847,0.26645695197,0.27453797847,0.651,0.343,-45.76,0.6507282,0.3428524,-45.76,99.0,0.0,3.01,2.476,0.596,1.0,10.0
804,804,10_14,10_53,51831.13,91.43227,14.3368,0.0019,2.365643,2.0,2.0,1992.0,933.0,1992.0,933.3267,1992.0,933.3267,42.838846982882416,-21.639851815150006,0.551,0.289,90.0,9.7E-4,5.1E-4,90.0,1992.0,933.3267,42.838846982882416,-21.639851815150006,0.0833333,0.1331247845,0.0833333,0.1331247845,0.365,0.289,90.0,0.3648627,0.2886751,90.0,99.0,1.0,0.94,1.908,0.476,1.0,10.0
805,805,10_15,10_52,95.37351,3.922094,21.1747,0.0447,0.08896831,4.0,4.0,1980.0,931.0,1980.3711,931.0618,1980.3711,931.0618,42.84237630092903,-21.639265733266186,0.486,0.235,6.9,0.02285,0.01651,14.51,1980.3711,931.0618,42.84237630092903,-21.639265733266186,0.15024989755,0.086566249037,0.15024989755,0.086566249037,0.388,0.294,0.55,0.3876284,0.2942114,0.55,99.0,0.0,0.83,2.065,0.516,0.998,10.0
806,806,10_16,10_51,40.88906,2.568075,22.0943,0.0682,-0.1571621,6.0,6.0,2003.0,930.0,2003.3092,929.7518,2003.3092,929.7518,42.83544215704986,-21.63879582399145,0.709,0.219,-35.09,0.07884,0.03312,-31.58,2003.3092,929.7518,42.83544215704986,-21.63879582399145,0.11231021915,0.093317839655,0.11231021915,0.093317839655,0.34,0.3,-20.71,0.3398207,0.3002498,-20.71,99.0,0.0,1.32,3.239,0.691,0.999,10.0
808,808,10_18,10_49,26.02725,2.048888,22.5847,0.0855,-0.4974402,2.0,2.0,1992.0,923.0,1992.0,922.9798,1992.0,922.9798,42.8388961628976,-21.63694003853588,0.321,0.289,90.0,0.04922,0.02816,90.0,1992.0,922.9798,42.8388961628976,-21.63694003853588,0.0833333,0.084538032192,0.0833333,0.084538032192,0.291,0.289,90.0,0.2907543,0.2886751,90.0,27.2065,0.0,1.69,1.112,0.101,0.88,10.0
809,809,10_19,10_48,67.56385,3.30112,21.549,0.0531,-0.1130985,4.0,4.0,2007.0,909.0,2007.0959,909.4125,2007.0959,909.4125,42.834393266451066,-21.63305528151433,0.496,0.287,80.83,0.02892,0.02317,70.89,2007.0959,909.4125,42.834393266451066,-21.63305528151433,0.091294736986,0.18246033172,0.091294736986,0.18246033172,0.427,0.302,89.07,0.427182,0.3021103,89.07,99.0,0.0,0.77,1.728,0.421,0.996,10.0
810,810,10_20,10_47,67.53381,3.300386,21.5495,0.0531,0.0,1.0,1.0,1552.0,896.0,1552.0,896.0,1552.0,896.0,42.97214134862785,-21.631235422092647,0.289,0.289,45.0,0.01474,0.01474,45.0,1552.0,896.0,42.97214134862785,-21.631235422092647,0.0833333,0.0833333,0.0833333,0.0833333,0.289,0.289,45.0,0.2886751,0.2886751,45.0,99.0,0.0,0.0,1.0,0.0,0.985,10.0
813,813,10_23,10_44,78.32547,3.554313,21.3885,0.0493,0.0,5.0,5.0,1887.0,871.0,1886.9473,870.6976,1886.9473,870.6976,42.87092629013343,-21.62268754776612,0.459,0.243,-89.81,0.03221,0.02518,-5.63,1886.9473,870.6976,42.87092629013343,-21.62268754776612,0.086403785921,0.12368711486,0.086403785921,0.12368711486,0.352,0.294,89.97,0.3516918,0.2939452,89.97,99.0,0.0,0.92,1.887,0.47,0.999,10.0
815,815,10_25,10_42,232.9742,6.129966,20.205,0.0286,0.0,4.0,4.0,1932.0,832.0,1931.6167,831.7776,1931.6167,831.7776,42.85759591398284,-21.611539686453117,0.53,0.358,-32.75,0.0146,0.01066,-33.4,1931.6167,831.7776,42.85759591398284,-21.611539686453117,0.21251553103,0.084782809859,0.21251553103,0.084782809859,0.466,0.283,-10.64,0.4660316,0.2830421,-10.64,99.0,0.0,1.45,1.481,0.325,0.999,10.0
816,816,10_26,10_41,12.55552,1.423055,23.3762,0.1231,0.0,2.0,2.0,1839.0,820.0,1839.0,819.9664,1839.0,819.9664,42.8856679329528,-21.60861903216915,0.34,0.289,90.0,0.09207,0.04613,90.0,1839.0,819.9664,42.8856679329528,-21.60861903216915,0.0833333,0.08530291564,0.0833333,0.08530291564,0.292,0.289,90.0,0.2920666,0.2886751,90.0,99.0,0.0,-6.76,1.179,0.152,0.738,10.0
819,819,10_29,10_38,5.515598,0.9431928,24.2693,0.1857,-5.877975E-5,1.0,1.0,1828.0,807.0,1828.0,807.0,1828.0,807.0,42.88905567087352,-21.605017623644965,0.289,0.289,45.0,0.07194,0.07194,45.0,1828.0,807.0,42.88905567087352,-21.605017623644965,0.0833333,0.0833333,0.0833333,0.0833333,0.289,0.289,45.0,0.2886751,0.2886751,45.0,36.7261,0.0,0.0,1.0,0.0,0.379,10.0
820,820,10_30,10_37,117.4719,4.352825,20.9485,0.0402,0.0,5.0,5.0,1718.0,806.0,1718.1121,806.175,1718.1121,806.175,42.92229889057822,-21.60525700356914,0.395,0.305,-70.95,0.02025,0.01585,82.9,1718.1121,806.175,42.92229889057822,-21.60525700356914,0.092631090627,0.099525525841,0.092631090627,0.099525525841,0.315,0.304,-88.76,0.3154818,0.3043482,-88.76,99.0,0.0,0.92,1.295,0.228,1.0,10.0
821,821,10_31,10_36,224.6593,6.019583,20.2445,0.0291,0.0,4.0,4.0,1754.0,803.0,1753.613,802.8596,1753.613,802.8596,42.91157574418463,-21.60417238121917,0.488,0.345,6.14,0.0139,0.01071,9.17,1753.613,802.8596,42.91157574418463,-21.60417238121917,0.17895525182,0.10207522238,0.17895525182,0.10207522238,0.423,0.319,0.68,0.4230437,0.3194753,0.68,99.0,0.0,0.87,1.414,0.293,0.999,10.0
824,824,10_34,10_33,78.07634,3.548656,21.392,0.0494,0.0,1.0,1.0,1771.0,792.0,1771.0,792.0,1771.0,792.0,42.90636660438879,-21.601041788044405,0.289,0.289,45.0,0.01363,0.01363,45.0,1771.0,792.0,42.90636660438879,-21.601041788044405,0.0833333,0.0833333,0.0833333,0.0833333,0.289,0.289,45.0,0.2886751,0.2886751,45.0,99.0,0.0,0.0,1.0,0.0,0.989,10.0
825,825,10_35,10_32,23.98396,1.96682,22.6735,0.0891,0.0,1.0,1.0,1792.0,778.0,1792.0,778.0,1792.0,778.0,42.90007937847798,-21.597011718595983,0.289,0.289,45.0,0.02656,0.02656,45.0,1792.0,778.0,42.90007937847798,-21.597011718595983,0.0833333,0.0833333,0.0833333,0.0833333,0.289,0.289,45.0,0.2886751,0.2886751,45.0,99.0,0.0,0.0,1.0,0.0,0.849,10.0
827,827,10_37,10_30,99.78572,4.011792,21.1256,0.0437,0.0,1.0,1.0,1990.0,763.0,1990.0,763.0,1990.0,763.0,42.84026087159395,-21.591927644589813,0.289,0.289,45.0,0.01196,0.01196,45.0,1990.0,763.0,42.84026087159395,-21.591927644589813,0.0833333,0.0833333,0.0833333,0.0833333,0.289,0.289,45.0,0.2886751,0.2886751,45.0,99.0,0.0,0.0,1.0,0.0,0.993,10.0
829,829,10_39,10_28,10.01104,1.270702,23.6221,0.1378,0.0,2.0,2.0,1681.0,756.0,1680.9732,756.0,1680.9732,756.0,42.93376152936571,-21.591294759919894,0.331,0.289,0.0,0.1135,0.05482,0.0,1680.9732,756.0,42.93376152936571,-21.591294759919894,0.084916100589,0.0833333,0.084916100589,0.0833333,0.291,0.289,0.0,0.2914037,0.2886751,0.0,99.0,0.0,1.72,1.146,0.127,0.617,10.0
830,830,10_40,10_27,202.8799,5.720364,20.3552,0.0306,0.0,2.0,2.0,1869.0,751.0,1868.6012,751.0,1868.6012,751.0,42.87703594644603,-21.58908223840149,0.568,0.289,0.0,0.01654,0.00838,0.0,1868.6012,751.0,42.87703594644603,-21.58908223840149,0.18646689826,0.0833333,0.18646689826,0.0833333,0.432,0.289,0.0,0.4318181,0.2886751,0.0,99.0,0.0,0.96,1.969,0.492,0.996,10.0
831,831,10_41,10_26,172.9064,5.280921,20.5288,0.0332,0.0,4.0,4.0,1607.0,722.0,1606.9271,722.5237,1606.9271,722.5237,42.95630784616744,-21.58218651311981,0.503,0.252,-81.63,0.01644,0.01082,-80.8,1606.9271,722.5237,42.95630784616744,-21.58218651311981,0.092718948485,0.33301617938,0.092718948485,0.33301617938,0.577,0.304,-89.07,0.5771301,0.3043945,-89.07,99.0,0.0,2.02,1.996,0.499,0.999,10.0
837,837,10_47,10_20,105.7888,4.130702,21.0622,0.0424,0.0,4.0,4.0,1841.0,681.0,1840.8217,680.8579,1840.8217,680.8579,42.88576445222363,-21.56946340702672,0.398,0.331,-29.82,0.01877,0.01784,16.2,1840.8217,680.8579,42.88576445222363,-21.56946340702672,0.10984168845,0.10360387571,0.10984168845,0.10360387571,0.331,0.322,-4.51,0.3314826,0.321815,-4.51,99.0,0.0,0.91,1.201,0.168,0.998,10.0
838,838,10_48,10_19,85.18111,3.706601,21.2974,0.0473,0.0,2.0,2.0,1926.0,675.0,1926.0,675.3693000000001,1926.0,675.3693000000001,42.86003110102967,-21.567547921893272,0.562,0.289,90.0,0.02637,0.01344,90.0,1926.0,675.3693000000001,42.86003110102967,-21.567547921893272,0.0833333,0.16560877593,0.0833333,0.16560877593,0.407,0.289,90.0,0.4069506,0.2886751,90.0,99.0,0.0,0.95,1.948,0.487,0.991,10.0
839,839,10_49,10_18,50.67434,2.858895,21.8613,0.0613,0.0,1.0,1.0,1774.0,675.0,1774.0,675.0,1774.0,675.0,42.90599910230416,-21.56810300263228,0.289,0.289,45.0,0.01725,0.01725,45.0,1774.0,675.0,42.90599910230416,-21.56810300263228,0.0833333,0.0833333,0.0833333,0.0833333,0.289,0.289,45.0,0.2886751,0.2886751,45.0,99.0,0.0,0.0,1.0,0.0,0.97,10.0
845,845,10_55,10_12,250.0667,6.350853,20.1282,0.0276,-5.603246E-4,2.0,2.0,1919.0,639.0,1919.0,638.5343,1919.0,638.5343,42.862321095530696,-21.557212450731825,0.576,0.289,90.0,0.015,0.00751,90.0,1919.0,638.5343,42.862321095530696,-21.557212450731825,0.0833333,0.23010161864,0.0833333,0.23010161864,0.48,0.289,90.0,0.4796891,0.2886751,90.0,34.2781,0.0,0.96,1.996,0.499,0.996,10.0
847,847,10_57,10_10,100.8024,4.032177,21.1146,0.0434,0.0,2.0,2.0,1678.0,619.0,1677.6287,619.0,1677.6287,619.0,42.93539729546409,-21.552754910878367,0.563,0.289,0.0,0.02399,0.01224,0.0,1677.6287,619.0,42.93539729546409,-21.552754910878367,0.16702749427,0.0833333,0.16702749427,0.0833333,0.409,0.289,0.0,0.40869,0.2886751,0.0,99.0,0.0,0.95,1.95,0.487,0.993,10.0
848,848,10_58,10_9,151.259,4.939293,20.674,0.0355,0.0,3.0,3.0,1706.0,591.0,1706.2948,591.5405,1706.2948,591.5405,42.92685509682426,-21.544905590729776,0.604,0.302,49.25,0.02085,0.0106,49.01,1706.2948,591.5405,42.92685509682426,-21.544905590729776,0.095363681159,0.22577375241,0.095363681159,0.22577375241,0.506,0.255,66.48,0.5061935,0.2547658,66.48,99.0,0.0,2.12,2.001,0.5,0.996,10.0
850,850,10_60,10_7,175.0524,5.313592,20.5154,0.033,0.0,2.0,2.0,1814.0,588.0,1814.0,588.4223,1814.0,588.4223,42.89430424007073,-21.543566326258947,0.572,0.289,90.0,0.01799,0.00907,90.0,1814.0,588.4223,42.89430424007073,-21.543566326258947,0.0833333,0.20076824454,0.0833333,0.20076824454,0.448,0.289,90.0,0.4480717,0.2886751,90.0,99.0,0.0,0.96,1.982,0.495,0.996,10.0
851,851,10_61,10_6,109.9176,4.21054,21.0206,0.0416,0.0,3.0,3.0,1618.0,578.0,1618.0414,577.9996,1618.0414,577.9996,42.95359989792316,-21.541468617770875,0.351,0.289,0.02,0.01667,0.01503,3.86,1618.0414,577.9996,42.95359989792316,-21.541468617770875,0.085748157303,0.083357965667,0.085748157303,0.083357965667,0.293,0.289,0.0,0.2928279,0.2887178,0.0,99.0,0.0,1.78,1.212,0.175,0.997,10.0
852,852,10_62,10_5,74.51692,3.466823,21.4427,0.0505,0.0,2.0,2.0,1910.0,575.0,1910.1119,575.0,1910.1119,575.0,42.86530695815199,-21.539371532308103,0.427,0.289,0.0,0.02387,0.0145,0.0,1910.1119,575.0,42.86530695815199,-21.539371532308103,0.090542231282,0.0833333,0.090542231282,0.0833333,0.301,0.289,0.0,0.3009024,0.2886751,0.0,99.0,0.0,0.0,1.481,0.325,0.994,10.0
859,859,11_4,11_38,0.1526399,0.1569055,28.1641,1.1163,-9.300076E-5,1.0,1.0,2270.0,996.0,2270.0,996.0,2270.0,996.0,42.75442166315676,-21.65623893085445,0.289,0.289,45.0,1.91432,1.91432,45.0,2270.0,996.0,42.75442166315676,-21.65623893085445,0.0833333,0.0833333,0.0833333,0.0833333,0.289,0.289,45.0,0.2886751,0.2886751,45.0,99.0,0.0,0.0,1.0,0.0,0.017,11.0
860,860,11_5,11_37,0.8168563,0.3629752,26.3429,0.4826,3.039233E-5,1.0,1.0,2402.0,995.0,2402.0,995.0,2402.0,995.0,42.71447981057108,-21.655347542216543,0.289,0.289,45.0,0.37595,0.37595,45.0,2402.0,995.0,42.71447981057108,-21.655347542216543,0.0833333,0.0833333,0.0833333,0.0833333,0.289,0.289,45.0,0.2886751,0.2886751,45.0,99.0,0.0,0.0,1.0,0.0,0.028,11.0
861,861,11_6,11_36,48.96695,2.810319,21.8985,0.0623,3.96961E-5,6.0,6.0,2462.0,984.0,2461.5622,984.2866,2461.5622,984.2866,42.6965082746376,-21.652053856122187,0.517,0.44,32.45,0.05101,0.03775,82.35,2461.5622,984.2866,42.6965082746376,-21.652053856122187,0.23890149185,0.12765073123,0.23890149185,0.12765073123,0.492,0.353,9.34,0.4919324,0.3529231,9.34,99.0,0.0,1.07,1.176,0.15,0.994,11.0
864,864,11_9,11_33,1004.081,12.7259,18.6189,0.0138,-9.508387E-5,36.0,36.0,2011.0,950.0,2011.7549,950.2562,2011.7549,950.2562,42.83278902623593,-21.644528707830627,1.788,0.694,-9.5,0.0356,0.01044,-8.44,2011.7549,950.2562,42.83278902623593,-21.644528707830627,0.45010385278,0.33615256845,0.45010385278,0.33615256845,0.689,0.558,-23.06,0.6894459,0.5576026,-23.06,99.0,16.0,3.29,2.575,0.612,0.998,11.0
877,877,11_22,11_20,21.12701,1.845964,22.8112,0.0949,0.0,5.0,5.0,2274.0,720.0,2274.0073,720.0921,2274.0073,720.0921,42.75456594126412,-21.578575233646724,0.409,0.343,-89.92,0.08973,0.05734,28.73,2274.0073,720.0921,42.75456594126412,-21.578575233646724,0.085745455313,0.089208040076,0.085745455313,0.089208040076,0.299,0.293,-89.99,0.2986771,0.2928233,-89.99,99.0,0.0,2.14,1.191,0.161,0.989,11.0
878,878,11_23,11_19,42.51723,2.618705,22.0519,0.0669,0.0,5.0,5.0,2106.0,692.0,2106.3865,691.759,2106.3865,691.759,42.805400057171454,-21.57136124873068,0.499,0.48,-52.2,0.05098,0.03789,-70.6,2106.3865,691.759,42.805400057171454,-21.57136124873068,0.18810678709,0.11344245346,0.18810678709,0.11344245346,0.434,0.337,-0.13,0.4337132,0.3368117,-0.13,99.0,0.0,1.04,1.04,0.038,0.987,11.0
882,882,11_27,11_15,0.0932523,0.1226405,28.6992,1.4282,0.0,1.0,1.0,2495.0,669.0,2495.0,669.0,2495.0,669.0,42.68798018316773,-21.563168715697778,0.289,0.289,45.0,3.11877,3.11877,45.0,2495.0,669.0,42.68798018316773,-21.563168715697778,0.0833333,0.0833333,0.0833333,0.0833333,0.289,0.289,45.0,0.2886751,0.2886751,45.0,99.0,0.0,0.0,1.0,0.0,0.007,11.0
883,883,11_28,11_14,29.14147,2.168003,22.462,0.0808,1.080572E-5,6.0,6.0,2452.0,633.0,2452.0441,633.304,2452.0441,633.304,42.70115098142534,-21.55332507718028,0.55,0.268,-83.23,0.08517,0.05623,-65.63,2452.0441,633.304,42.70115098142534,-21.55332507718028,0.093775112029,0.16257032345,0.093775112029,0.16257032345,0.403,0.306,-89.57,0.403205,0.3062208,-89.57,99.0,0.0,1.4,2.05,0.512,0.99,11.0
885,885,11_30,11_12,32.57071,2.292017,22.3412,0.0764,0.0,5.0,5.0,2050.0,624.0,2049.5507,624.2555,2049.5507,624.2555,42.82291146177851,-21.5526180655351,0.516,0.42,22.83,0.06913,0.04515,27.75,2049.5507,624.2555,42.82291146177851,-21.5526180655351,0.24509136473,0.098043147877,0.24509136473,0.098043147877,0.497,0.311,5.63,0.4965245,0.310802,5.63,99.0,0.0,1.0,1.228,0.185,0.94,11.0
893,893,11_38,11_4,11.69051,1.373159,23.4537,0.1276,5.450769E-5,4.0,4.0,2488.0,528.0,2487.7645,528.3792,2487.7645,528.3792,42.69087638235277,-21.52362783958826,0.568,0.305,-52.0,0.118,0.09442,-40.07,2487.7645,528.3792,42.69087638235277,-21.52362783958826,0.1113113411,0.16546353635,0.1113113411,0.16546353635,0.411,0.328,-75.7,0.4113722,0.3279448,-75.7,99.0,0.0,1.14,1.859,0.462,0.676,11.0
905,905,12_10,12_70,208.1496,5.79418,20.3274,0.0302,-9.036968E-6,2.0,2.0,2715.0,964.0,2714.8217,964.0,2714.8217,964.0,42.61996760571721,-21.64513329122047,0.479,0.289,0.0,0.01408,0.00827,0.0,2714.8217,964.0,42.61996760571721,-21.64513329122047,0.096989593502,0.0833333,0.096989593502,0.0833333,0.311,0.289,0.0,0.3114315,0.2886751,0.0,99.0,0.0,0.85,1.661,0.398,0.997,12.0
906,906,12_11,12_69,4.248526,0.8277959,24.5527,0.2116,-1.551767E-5,1.0,1.0,2867.0,960.0,2867.0,960.0,2867.0,960.0,42.57393326248253,-21.64325818120416,0.289,0.289,45.0,0.08821,0.08821,45.0,2867.0,960.0,42.57393326248253,-21.64325818120416,0.0833333,0.0833333,0.0833333,0.0833333,0.289,0.289,45.0,0.2886751,0.2886751,45.0,99.0,0.0,0.0,1.0,0.0,0.37,12.0
907,907,12_12,12_68,13.24869,1.461809,23.3179,0.1198,-1.579708E-5,1.0,1.0,2864.0,959.0,2864.0,959.0,2864.0,959.0,42.574846462202096,-21.642991715281077,0.289,0.289,45.0,0.03859,0.03859,45.0,2864.0,959.0,42.574846462202096,-21.642991715281077,0.0833333,0.0833333,0.0833333,0.0833333,0.289,0.289,45.0,0.2886751,0.2886751,45.0,99.0,0.0,0.0,1.0,0.0,0.675,12.0
908,908,12_13,12_67,362.2398,7.643676,19.7258,0.0229,-1.556889E-5,21.0,21.0,2858.0,953.0,2858.5077,955.3627,2858.5077,955.3627,42.57652781154748,-21.64199549539625,2.091,1.303,68.49,0.05178,0.03518,67.05,2858.5077,955.3627,42.57652781154748,-21.64199549539625,1.3732021035,2.3955660125,1.3732021035,2.3955660125,1.568,1.145,76.45,1.568005,1.144609,76.45,99.0,1.0,9.59,1.604,0.377,0.999,12.0
909,909,12_14,12_66,699.8522,10.62447,19.0108,0.0165,-0.002631359,36.0,36.0,2850.0,950.0,2848.731,952.0608,2848.731,952.0608,42.57950399989745,-21.64111491967133,3.228,2.096,25.75,0.05751,0.03801,29.99,2848.731,952.0608,42.57950399989745,-21.64111491967133,5.6983258221,2.7754724247,5.6983258221,2.7754724247,2.415,1.626,11.76,2.414703,1.625732,11.76,32.6048,0.0,15.6,1.54,0.351,0.153,12.0
910,910,12_15,12_65,137.4937,4.709182,20.7776,0.0372,5.635018E-5,3.0,3.0,2844.0,957.0,2843.6276,957.0,2843.6276,957.0,42.58102254301463,-21.64253016832632,0.594,0.289,0.0,0.02357,0.01053,0.0,2843.6276,957.0,42.58102254301463,-21.64253016832632,0.18337191737,0.0833333,0.18337191737,0.0833333,0.428,0.289,0.0,0.4282195,0.2886751,0.0,99.0,0.0,1.11,2.059,0.514,0.997,12.0
911,911,12_16,12_64,15.89146,1.600981,23.1204,0.1094,1.519263E-5,1.0,1.0,2612.0,956.0,2612.0,956.0,2612.0,956.0,42.65112561448367,-21.6433791997122,0.289,0.289,45.0,0.03429,0.03429,45.0,2612.0,956.0,42.65112561448367,-21.6433791997122,0.0833333,0.0833333,0.0833333,0.0833333,0.289,0.289,45.0,0.2886751,0.2886751,45.0,99.0,0.0,0.0,1.0,0.0,0.741,12.0
912,912,12_17,12_63,118.7652,4.376719,20.9366,0.04,3.775337E-4,6.0,6.0,2865.0,953.0,2865.1654,952.8746,2865.1654,952.8746,42.57452601015428,-21.641262203952024,0.741,0.542,-81.01,0.03596,0.02661,-67.07,2865.1654,952.8746,42.57452601015428,-21.641262203952024,0.043650241227,0.22314349615,0.043650241227,0.22314349615,0.473,0.208,86.99,0.4729071,0.2077321,86.99,99.0,0.0,2.06,1.367,0.269,1.0,12.0
913,913,12_18,12_62,18.95737,1.748611,22.9289,0.1002,0.002826364,1.0,1.0,2871.0,950.0,2871.0,950.0,2871.0,950.0,42.57277536228564,-21.640424218939067,0.289,0.289,45.0,0.03067,0.03067,45.0,2871.0,950.0,42.57277536228564,-21.640424218939067,0.0833333,0.0833333,0.0833333,0.0833333,0.289,0.289,45.0,0.2886751,0.2886751,45.0,99.0,0.0,0.0,1.0,0.0,0.79,12.0
914,914,12_19,12_61,41.92632,2.600444,22.0671,0.0674,-0.003612094,2.0,2.0,2860.0,949.0,2860.0,949.0289,2860.0,949.0289,42.57610950639713,-21.640205714825854,0.334,0.289,90.0,0.03257,0.02038,90.0,2860.0,949.0289,42.57610950639713,-21.640205714825854,0.0833333,0.085035681217,0.0833333,0.085035681217,0.292,0.289,90.0,0.2916088,0.2886751,90.0,32.2593,0.0,0.0,1.156,0.135,0.851,12.0
915,915,12_20,12_60,103.4497,4.084782,21.0865,0.0429,0.002167915,3.0,3.0,2868.0,949.0,2867.6063,948.9051,2867.6063,948.9051,42.57380819675464,-21.64013301578841,0.497,0.278,-13.03,0.02166,0.01335,-19.96,2867.6063,948.9051,42.57380819675464,-21.64013301578841,0.21164721592,0.10381014181,0.21164721592,0.10381014181,0.46,0.322,-1.68,0.460152,0.3220521,-1.68,99.0,0.0,1.33,1.789,0.441,0.995,12.0
916,916,12_21,12_59,182.7022,5.428452,20.4689,0.0323,0.003588425,4.0,4.0,2856.0,949.0,2855.5646,948.6296,2855.5646,948.6296,42.57745392823036,-21.640115408027636,0.513,0.465,-37.24,0.0162,0.01493,-37.92,2855.5646,948.6296,42.57745392823036,-21.640115408027636,0.2358883746,0.19132044861,0.2358883746,0.19132044861,0.492,0.43,-19.13,0.4919176,0.4303788,-19.13,99.0,0.0,1.04,1.104,0.094,0.998,12.0
917,917,12_22,12_58,246.2576,6.302299,20.1448,0.0278,-4.518756E-6,3.0,3.0,2940.0,947.0,2940.0032,947.4767,2940.0032,947.4767,42.551905412839126,-21.639368545281982,0.577,0.294,89.61,0.01534,0.00875,86.5,2940.0032,947.4767,42.551905412839126,-21.639368545281982,0.083486715713,0.24212673789,0.083486715713,0.24212673789,0.492,0.289,89.96,0.4920639,0.2889405,89.96,99.0,0.0,0.92,1.961,0.49,0.998,12.0
918,918,12_23,12_57,36.47888,2.425632,22.2182,0.0722,1.842655E-4,6.0,6.0,2866.0,946.0,2865.1727,946.5474,2865.1727,946.5474,42.57455711102125,-21.639481666614344,0.878,0.363,-25.24,0.09631,0.03787,-17.73,2865.1727,946.5474,42.57455711102125,-21.639481666614344,0.34720687872,0.24576055994,0.34720687872,0.24576055994,0.672,0.376,-35.46,0.6720091,0.3759937,-35.46,99.0,0.0,3.31,2.42,0.587,0.958,12.0
919,919,12_24,12_56,186.6096,5.486194,20.446,0.0319,-0.003198157,5.0,5.0,2861.0,946.0,2860.7962,945.7056,2860.7962,945.7056,42.575886032896285,-21.639266561744957,0.582,0.353,-39.41,0.01973,0.01247,-42.85,2860.7962,945.7056,42.575886032896285,-21.639266561744957,0.11875001304,0.12217559691,0.11875001304,0.12217559691,0.377,0.314,-47.24,0.3773081,0.3139494,-47.24,32.392,0.0,1.4,1.649,0.393,0.972,12.0
920,920,12_25,12_55,509.2155,9.062645,19.356,0.0193,-1.332466E-4,25.0,25.0,2853.0,944.0,2850.7024,945.1048,2850.7024,945.1048,42.578943940629614,-21.639147676113247,4.837,0.693,-10.95,0.09743,0.01482,-10.69,2850.7024,945.1048,42.578943940629614,-21.639147676113247,9.5884027515,0.96507092243,9.5884027515,0.96507092243,3.151,0.792,-11.0,3.150688,0.7916066,-11.0,35.9573,0.0,10.97,6.979,0.857,0.943,12.0
921,921,12_26,12_54,11.73236,1.375615,23.4498,0.1273,-0.005043334,1.0,1.0,2840.0,945.0,2840.0,945.0,2840.0,945.0,42.58218341179528,-21.63917131137277,0.289,0.289,45.0,0.04186,0.04186,45.0,2840.0,945.0,42.58218341179528,-21.63917131137277,0.0833333,0.0833333,0.0833333,0.0833333,0.289,0.289,45.0,0.2886751,0.2886751,45.0,31.8952,0.0,0.0,1.0,0.0,0.618,12.0
922,922,12_27,12_53,2.271575,0.6052958,25.2325,0.2894,0.004301718,1.0,1.0,2864.0,944.0,2864.0,944.0,2864.0,944.0,42.57492542275719,-21.638770653994992,0.289,0.289,45.0,0.1483,0.1483,45.0,2864.0,944.0,42.57492542275719,-21.638770653994992,0.0833333,0.0833333,0.0833333,0.0833333,0.289,0.289,45.0,0.2886751,0.2886751,45.0,99.0,0.0,0.0,1.0,0.0,0.378,12.0
923,923,12_28,12_52,10.03137,1.271992,23.6199,0.1377,-0.003262628,1.0,1.0,2847.0,943.0,2847.0,943.0,2847.0,943.0,42.58007547649522,-21.638573762496424,0.289,0.289,45.0,0.04657,0.04657,45.0,2847.0,943.0,42.58007547649522,-21.638573762496424,0.0833333,0.0833333,0.0833333,0.0833333,0.289,0.289,45.0,0.2886751,0.2886751,45.0,32.3697,0.0,0.0,1.0,0.0,0.535,12.0
924,924,12_29,12_51,8.845544,1.194446,23.7565,0.1466,0.00345941,2.0,2.0,2868.0,940.0,2868.0,940.001,2868.0,940.001,42.57373593577143,-21.637625398828263,0.29,0.289,90.0,0.12806,0.06037,90.0,2868.0,940.001,42.57373593577143,-21.637625398828263,0.0833333,0.083396344582,0.0833333,0.083396344582,0.289,0.289,90.0,0.2887843,0.2886751,90.0,99.0,0.0,1.59,1.006,0.006,0.574,12.0
925,925,12_30,12_50,87.81355,3.763439,21.2644,0.0465,0.004099588,3.0,3.0,2856.0,941.0,2856.1123,941.0,2856.1123,941.0,42.57732829955733,-21.63796567764105,0.63,0.289,0.0,0.03201,0.01362,0.0,2856.1123,941.0,42.57732829955733,-21.63796567764105,0.11354981292,0.0833333,0.11354981292,0.0833333,0.337,0.289,0.0,0.3369715,0.2886751,0.0,99.0,0.0,1.2,2.181,0.542,0.996,12.0
926,926,12_31,12_49,11.6391,1.370136,23.4585,0.1278,-0.001430477,1.0,1.0,2861.0,940.0,2861.0,940.0,2861.0,940.0,42.57585437780212,-21.63765996294531,0.289,0.289,45.0,0.04207,0.04207,45.0,2861.0,940.0,42.57585437780212,-21.63765996294531,0.0833333,0.0833333,0.0833333,0.0833333,0.289,0.289,45.0,0.2886751,0.2886751,45.0,33.2715,0.0,0.0,1.0,0.0,0.614,12.0
927,927,12_32,12_48,36.52288,2.427094,22.2169,0.0722,0.004148005,2.0,2.0,2847.0,933.0,2847.0,932.648,2847.0,932.648,42.58012986372864,-21.63566064864482,0.558,0.289,90.0,0.04367,0.0222,90.0,2847.0,932.648,42.58012986372864,-21.63566064864482,0.0833333,0.15360382063,0.0833333,0.15360382063,0.392,0.289,90.0,0.3919232,0.2886751,90.0,99.0,0.0,0.94,1.933,0.483,0.946,12.0
930,930,12_35,12_45,83.13052,3.661714,21.3239,0.0478,0.0,2.0,2.0,2665.0,909.0,2664.8522,909.0,2664.8522,909.0,42.63537330188941,-21.62989831007077,0.457,0.289,0.0,0.0232,0.01363,0.0,2664.8522,909.0,42.63537330188941,-21.62989831007077,0.093776734415,0.0833333,0.093776734415,0.0833333,0.306,0.289,0.0,0.3062299,0.2886751,0.0,99.0,0.0,0.0,1.585,0.369,0.994,12.0
934,934,12_39,12_41,33.97529,2.340916,22.2954,0.0748,0.0,1.0,1.0,2921.0,845.0,2921.0,845.0,2921.0,845.0,42.55819901459081,-21.610626222487728,0.289,0.289,45.0,0.02163,0.02163,45.0,2921.0,845.0,42.55819901459081,-21.610626222487728,0.0833333,0.0833333,0.0833333,0.0833333,0.289,0.289,45.0,0.2886751,0.2886751,45.0,99.0,0.0,0.0,1.0,0.0,0.922,12.0
937,937,12_42,12_38,12.54326,1.422359,23.3773,0.1231,0.0,1.0,1.0,2804.0,805.0,2804.0,805.0,2804.0,805.0,42.59380989151916,-21.599951595982905,0.289,0.289,45.0,0.04001,0.04001,45.0,2804.0,805.0,42.59380989151916,-21.599951595982905,0.0833333,0.0833333,0.0833333,0.0833333,0.289,0.289,45.0,0.2886751,0.2886751,45.0,99.0,0.0,0.0,1.0,0.0,0.65,12.0
940,940,12_45,12_35,127.7971,4.540091,20.857,0.0386,-0.002365587,2.0,2.0,2783.0,754.0,2783.4765,754.0,2783.4765,754.0,42.60028502649097,-21.58570015184685,0.577,0.289,0.0,0.02147,0.01074,0.0,2783.4765,754.0,42.60028502649097,-21.58570015184685,0.24397004478,0.0833333,0.24397004478,0.0833333,0.494,0.289,0.0,0.4939332,0.2886751,0.0,32.7144,0.0,0.96,1.998,0.5,0.994,12.0
942,942,12_47,12_33,111.6283,4.243178,21.0039,0.0413,0.0,2.0,2.0,2760.0,712.0,2760.0,711.9302,2760.0,711.9302,42.60760569734938,-21.57397586790637,0.385,0.289,90.0,0.01725,0.01157,90.0,2760.0,711.9302,42.60760569734938,-21.57397586790637,0.0833333,0.087473597952,0.0833333,0.087473597952,0.296,0.289,90.0,0.2957594,0.2886751,90.0,99.0,0.0,1.88,1.334,0.25,0.996,12.0
944,944,12_49,12_31,124.2635,4.476886,20.8874,0.0391,-0.1192032,2.0,2.0,2564.0,648.0,2564.0,647.72,2564.0,647.72,42.667219237943215,-21.556852545671877,0.534,0.289,90.0,0.02048,0.01091,90.0,2564.0,647.72,42.667219237943215,-21.556852545671877,0.0833333,0.11145705558,0.0833333,0.11145705558,0.334,0.289,90.0,0.3338518,0.2886751,90.0,99.0,0.0,0.92,1.849,0.459,0.995,12.0
946,946,12_51,12_29,214.7753,5.885676,20.2933,0.0298,-0.1220414,3.0,3.0,2563.0,644.0,2562.8487,643.7401,2562.8487,643.7401,42.66758764979421,-21.55573797016725,0.459,0.331,-64.55,0.01337,0.00967,-61.38,2562.8487,643.7401,42.66758764979421,-21.55573797016725,0.11910861788,0.15176616663,0.11910861788,0.15176616663,0.39,0.345,-85.23,0.3898658,0.3447889,-85.23,99.0,0.0,1.04,1.387,0.279,0.998,12.0
947,947,12_52,12_28,13819.64,47.21201,15.7721,0.0037,-0.1702903,154.0,154.0,2548.0,629.0,2545.7241,629.6750999999999,2545.7241,629.6750999999999,42.672838054541465,-21.551861180156397,4.132,2.826,-85.67,0.01504,0.01033,-85.94,2545.7241,629.6750999999999,42.672838054541465,-21.551861180156397,2.2890660835,2.7390999773,2.2890660835,2.7390999773,1.672,1.495,-71.71,1.671615,1.494614,-71.71,99.0,0.0,10.42,1.462,0.316,0.963,12.0
949,949,12_54,12_26,41.55315,2.588845,22.0768,0.0677,-0.1192032,2.0,2.0,2564.0,640.0,2564.0,640.1468,2564.0,640.1468,42.66725770356187,-21.55472121874877,0.457,0.289,90.0,0.03661,0.02049,90.0,2564.0,640.1468,42.66725770356187,-21.55472121874877,0.0833333,0.093685083422,0.0833333,0.093685083422,0.306,0.289,90.0,0.3060802,0.2886751,90.0,99.0,0.0,0.0,1.582,0.368,0.98,12.0
950,950,12_55,12_25,138893.3,149.6735,13.2666,0.0012,-0.144027,3.0,3.0,2555.0,638.0,2554.854,638.2411999999999,2554.854,638.2411999999999,42.67003344889669,-21.55422849891841,0.518,0.198,-52.37,5.6E-4,2.1E-4,-52.37,2554.854,638.2411999999999,42.67003344889669,-21.55422849891841,0.08371616368,0.091629186255,0.08371616368,0.091629186255,0.303,0.289,-87.26,0.3027332,0.289306,-87.26,99.0,4.0,0.0,2.615,0.618,1.0,12.0
951,951,12_56,12_24,184.1844,5.450427,20.4602,0.0321,-0.1095818,5.0,5.0,2567.0,637.0,2567.3255,637.422,2567.3255,637.422,42.666265796387854,-21.553938519839544,0.708,0.397,30.07,0.02298,0.01302,28.08,2567.3255,637.422,42.666265796387854,-21.553938519839544,0.26898214496,0.22715542447,0.26898214496,0.22715542447,0.589,0.386,38.93,0.5894549,0.3855911,38.93,99.0,0.0,2.01,1.785,0.44,0.999,12.0
952,952,12_57,12_23,12990.86,45.77445,15.8392,0.0038,-0.116365,91.0,91.0,2562.0,629.0,2564.7107,629.567,2564.7107,629.567,42.66709650022924,-21.551740350845638,3.156,1.826,-0.86,0.01155,0.00689,-1.23,2564.7107,629.567,42.66709650022924,-21.551740350845638,2.1497636407,0.85526698521,2.1497636407,0.85526698521,1.475,0.91,8.13,1.475368,0.9101207,8.13,99.0,1.0,14.39,1.728,0.421,0.998,12.0
954,954,12_59,12_21,55.94506,3.003897,21.7539,0.0583,-0.07557952,2.0,2.0,2579.0,630.0,2579.1418,629.8582,2579.1418,629.8582,42.66273061142766,-21.55175342884096,0.572,0.289,45.0,0.03845,0.01713,45.0,2579.1418,629.8582,42.66273061142766,-21.55175342884096,0.083466322878,0.083466322878,0.083466322878,0.083466322878,0.289,0.289,45.0,0.2891355,0.2886751,45.0,99.0,0.0,0.0,1.98,0.495,0.99,12.0
955,955,12_60,12_20,1.577437,0.504406,25.6284,0.3473,-0.06091642,1.0,1.0,2582.0,628.0,2582.0,628.0,2582.0,628.0,42.66187565798213,-21.55121681586909,0.289,0.289,45.0,0.20412,0.20412,45.0,2582.0,628.0,42.66187565798213,-21.55121681586909,0.0833333,0.0833333,0.0833333,0.0833333,0.289,0.289,45.0,0.2886751,0.2886751,45.0,99.0,0.0,0.0,1.0,0.0,0.047,12.0
957,957,12_62,12_18,133424.0,146.697,13.3102,0.0012,-2.736755,2.0,2.0,2555.0,621.0,2554.9711,621.0,2554.9711,621.0,42.67008550720946,-21.54937573790694,0.334,0.289,0.0,3.7E-4,3.2E-4,0.0,2554.9711,621.0,42.67008550720946,-21.54937573790694,0.085031049164,0.0833333,0.085031049164,0.0833333,0.292,0.289,0.0,0.2916009,0.2886751,0.0,25.1151,4.0,0.0,1.156,0.135,1.0,12.0
958,958,12_63,12_17,83.77079,3.675788,21.3156,0.0477,2.430857,4.0,4.0,2565.0,619.0,2565.267,619.6117,2565.267,619.6117,42.66697882449407,-21.54893596720493,0.567,0.334,50.74,0.02583,0.01826,49.55,2565.267,619.6117,42.66697882449407,-21.54893596720493,0.10644284698,0.240225177,0.10644284698,0.240225177,0.506,0.301,72.08,0.5058221,0.3013504,72.08,99.0,0.0,2.28,1.698,0.411,0.995,12.0
959,959,12_64,12_16,56.58173,3.020941,21.7416,0.058,-0.184794,3.0,3.0,2566.0,616.0,2566.1446,616.2927999999999,2566.1446,616.2927999999999,42.66673027564924,-21.547997739415752,0.474,0.325,-67.29,0.0307,0.02142,-57.63,2566.1446,616.2927999999999,42.66673027564924,-21.547997739415752,0.11829467717,0.16647999714,0.11829467717,0.16647999714,0.408,0.344,-86.08,0.4082986,0.3436087,-86.08,29.017,0.0,1.07,1.457,0.313,0.717,12.0
960,960,12_65,12_15,258.7484,6.460156,20.0911,0.0271,-3.706981,5.0,5.0,2563.0,616.0,2563.2833,616.1655,2563.2833,616.1655,42.66759624315128,-21.547975556085408,0.684,0.393,66.84,0.0191,0.01104,67.36,2563.2833,616.1655,42.66759624315128,-21.547975556085408,0.11717337887,0.1973571309,0.11717337887,0.1973571309,0.459,0.322,69.31,0.4590237,0.3222231,69.31,24.763,0.0,1.6,1.738,0.425,0.99,12.0
961,961,12_66,12_14,1.881809,0.5509244,25.4369,0.3179,0.6695198,1.0,1.0,2564.0,612.0,2564.0,612.0,2564.0,612.0,42.66740065072844,-21.54679983606634,0.289,0.289,45.0,0.1293,0.1293,45.0,2564.0,612.0,42.66740065072844,-21.54679983606634,0.0833333,0.0833333,0.0833333,0.0833333,0.289,0.289,45.0,0.2886751,0.2886751,45.0,99.0,0.0,0.0,1.0,0.0,0.351,12.0
962,962,12_67,12_13,71.16216,3.387886,21.4927,0.0517,0.401259,3.0,3.0,2555.0,611.0,2555.0,611.274,2555.0,611.274,42.670126108377495,-21.54663839903205,0.676,0.289,90.0,0.03845,0.01522,90.0,2555.0,611.274,42.670126108377495,-21.54663839903205,0.0833333,0.17820737858,0.0833333,0.17820737858,0.422,0.289,90.0,0.4221462,0.2886751,90.0,99.0,0.0,1.56,2.34,0.573,0.993,12.0
965,965,12_70,12_10,23.50598,1.947123,22.6954,0.09,0.0,1.0,1.0,2862.0,558.0,2862.0,558.0,2862.0,558.0,42.57755861482684,-21.53015110573696,0.289,0.289,45.0,0.02688,0.02688,45.0,2862.0,558.0,42.57755861482684,-21.53015110573696,0.0833333,0.0833333,0.0833333,0.0833333,0.289,0.289,45.0,0.2886751,0.2886751,45.0,99.0,0.0,0.0,1.0,0.0,0.844,12.0
968,968,12_73,12_7,28.63005,2.148895,22.4812,0.0815,0.0,1.0,1.0,3014.0,541.0,3014.0,541.0,3014.0,541.0,42.53168009911184,-21.524601767427,0.289,0.289,45.0,0.0239,0.0239,45.0,3014.0,541.0,42.53168009911184,-21.524601767427,0.0833333,0.0833333,0.0833333,0.0833333,0.289,0.289,45.0,0.2886751,0.2886751,45.0,99.0,0.0,0.0,1.0,0.0,0.889,12.0
970,970,12_75,12_5,137.3515,4.706747,20.7787,0.0372,7.471666E-4,3.0,3.0,3003.0,526.0,3003.1853,525.6698,3003.1853,525.6698,42.5350323957498,-21.52034216419553,0.507,0.34,59.92,0.0188,0.01256,56.91,3003.1853,525.6698,42.5350323957498,-21.52034216419553,0.0677882106,0.15200576702,0.0677882106,0.15200576702,0.393,0.256,81.01,0.3926452,0.2561713,81.01,99.0,0.0,1.25,1.49,0.329,0.996,12.0
985,985,13_12,13_40,1565.574,15.89062,18.1366,0.011,8.052963E-5,248.0,248.0,2845.0,951.0,2853.8181,949.3993,2853.8181,949.3993,42.57797843789077,-21.640340686803917,5.971,4.148,-2.15,0.08868,0.06176,-0.98,2853.8181,949.3993,42.57797843789077,-21.640340686803917,20.538705267,13.469873471,20.538705267,13.469873471,4.542,3.657,-6.49,4.542182,3.65748,-6.49,99.0,0.0,29.87,1.44,0.305,0.795,13.0
1012,1012,13_39,13_13,56.50375,3.018859,21.7431,0.058,-3.190803E-5,5.0,5.0,3056.0,583.0,3056.2901,582.779,3056.2901,582.779,42.51866653547512,-21.5361442461302,0.681,0.415,-70.08,0.04759,0.0287,-70.6,3056.2901,582.779,42.51866653547512,-21.5361442461302,0.13074088623,0.22524059475,0.13074088623,0.22524059475,0.484,0.349,-73.47,0.4841143,0.3487332,-73.47,99.0,0.0,1.62,1.643,0.391,0.994,13.0
1013,1013,13_40,13_12,0.1086949,0.1324063,28.5328,1.3229,-6.109114E-5,1.0,1.0,3051.0,569.0,3051.0,569.0,3051.0,569.0,42.5203403070266,-21.532293348126128,0.289,0.289,45.0,2.67896,2.67896,45.0,3051.0,569.0,42.5203403070266,-21.532293348126128,0.0833333,0.0833333,0.0833333,0.0833333,0.289,0.289,45.0,0.2886751,0.2886751,45.0,99.0,0.0,0.0,1.0,0.0,0.008,13.0
1025,1025,14_2,14_42,8.176345,1.148376,23.8419,0.1525,-3.868532E-7,3.0,3.0,302.0,1487.0,301.9161,1487.1582,301.9161,1487.1582,43.34806881713154,-21.80237666330355,0.514,0.335,-55.87,0.07227,0.04709,-55.87,301.9161,1487.1582,43.34806881713154,-21.80237666330355,0.083490678881,0.087935331762,0.083490678881,0.087935331762,0.297,0.289,-87.98,0.2965482,0.288938,-87.98,32.7704,0.0,0.0,1.534,0.348,0.999,14.0
1028,1028,14_5,14_39,2.535992,0.6397319,25.1129,0.274,-4.469487E-5,2.0,2.0,439.0,1464.0,439.0,1463.5383,439.0,1463.5383,43.30664965168865,-21.79524875245691,0.576,0.289,90.0,0.14537,0.07284,90.0,439.0,1463.5383,43.30664965168865,-21.79524875245691,0.0833333,0.22542502045,0.0833333,0.22542502045,0.475,0.289,90.0,0.4747894,0.2886751,90.0,30.1049,0.0,0.96,1.996,0.499,0.995,14.0
1030,1030,14_7,14_37,0.5700269,0.3032863,26.7336,0.5778,-4.509691E-5,1.0,1.0,486.0,1454.0,486.0,1454.0,486.0,1454.0,43.29245487645103,-21.79239705855696,0.289,0.289,45.0,0.15376,0.15376,45.0,486.0,1454.0,43.29245487645103,-21.79239705855696,0.0833333,0.0833333,0.0833333,0.0833333,0.289,0.289,45.0,0.2886751,0.2886751,45.0,30.6158,0.0,0.0,1.0,0.0,0.933,14.0
1038,1038,14_15,14_29,63.07616,3.189604,21.6236,0.0549,5.749296E-6,7.0,7.0,303.0,1390.0,302.7841,1389.8885,302.7841,1389.8885,43.34817334055777,-21.77500243319008,0.597,0.369,-15.73,0.0302,0.01868,-15.73,302.7841,1389.8885,43.34817334055777,-21.77500243319008,0.19989078405,0.11694541712,0.19989078405,0.11694541712,0.447,0.342,-2.03,0.4472086,0.3418197,-2.03,35.3149,0.0,1.57,1.617,0.382,0.972,14.0
1042,1042,14_19,14_25,0.07195445,0.1077293,28.9807,1.6259,0.0,1.0,1.0,406.0,1360.0,406.0,1360.0,406.0,1360.0,43.31703900171443,-21.7662302797578,0.289,0.289,45.0,0.43671,0.43671,45.0,406.0,1360.0,43.31703900171443,-21.7662302797578,0.0833333,0.0833333,0.0833333,0.0833333,0.289,0.289,45.0,0.2886751,0.2886751,45.0,34.3331,0.0,0.0,1.0,0.0,0.371,14.0
1043,1043,14_20,14_24,1.661639,0.5176933,25.572,0.3383,0.0,1.0,1.0,382.0,1345.0,382.0,1345.0,382.0,1345.0,43.32436201802791,-21.762093905674583,0.289,0.289,45.0,0.08998,0.08998,45.0,382.0,1345.0,43.32436201802791,-21.762093905674583,0.0833333,0.0833333,0.0833333,0.0833333,0.289,0.289,45.0,0.2886751,0.2886751,45.0,36.7337,0.0,0.0,1.0,0.0,0.993,14.0
1044,1044,14_21,14_23,14.1509,1.510762,23.2463,0.1159,0.0,3.0,3.0,223.0,1312.0,223.0806,1311.9805,223.0806,1311.9805,43.37259370692555,-21.753353755160944,0.397,0.32,1.63,0.04238,0.03418,1.65,223.0806,1311.9805,43.37259370692555,-21.753353755160944,0.088308156359,0.084596858828,0.088308156359,0.084596858828,0.297,0.291,0.1,0.2971669,0.2908554,0.1,48.6333,0.0,2.02,1.24,0.194,0.999,14.0
1045,1045,14_22,14_22,13.62242,1.482284,23.2877,0.1182,-1.016288E-4,3.0,3.0,12.0,1272.0,11.9437,1272.0521,11.9437,1272.0521,43.436646608009696,-21.74282592569405,0.372,0.362,28.81,0.04045,0.03942,28.86,11.9437,1272.0521,43.436646608009696,-21.74282592569405,0.086828138178,0.086574714603,0.086828138178,0.086574714603,0.295,0.294,2.57,0.294667,0.2942349,2.57,55.3588,0.0,0.0,1.026,0.025,1.0,14.0
1046,1046,14_23,14_21,4.58093,0.8595694,24.4709,0.2038,0.0,1.0,1.0,201.0,1248.0,201.0,1248.0,201.0,1248.0,43.37951523609429,-21.73542473673574,0.289,0.289,45.0,0.05418,0.05418,45.0,201.0,1248.0,43.37951523609429,-21.73542473673574,0.0833333,0.0833333,0.0833333,0.0833333,0.289,0.289,45.0,0.2886751,0.2886751,45.0,48.5129,0.0,0.0,1.0,0.0,0.997,14.0
1048,1048,14_25,14_19,9.305666,1.225118,23.7014,0.143,0.0,4.0,4.0,477.0,1209.0,477.53,1209.3902,477.53,1209.3902,43.29596659780167,-21.723593625355427,0.559,0.418,42.68,0.07362,0.05503,42.68,477.53,1209.3902,43.29596659780167,-21.723593625355427,0.24999353476,0.20242147271,0.24999353476,0.20242147271,0.538,0.404,33.94,0.5379457,0.403769,33.94,42.4017,0.0,1.36,1.338,0.253,1.0,14.0
1061,1061,14_38,14_6,5.041186,0.9017176,24.367,0.1943,0.0,1.0,1.0,210.0,1059.0,210.0,1059.0,210.0,1059.0,43.37749453845709,-21.68220760544054,0.289,0.289,45.0,0.05164,0.05164,45.0,210.0,1059.0,43.37749453845709,-21.68220760544054,0.0833333,0.0833333,0.0833333,0.0833333,0.289,0.289,45.0,0.2886751,0.2886751,45.0,58.7876,0.0,0.0,1.0,0.0,0.997,14.0
1062,1062,14_39,14_5,4.252989,0.8282306,24.5516,0.2115,0.0,5.0,5.0,405.0,1048.0,405.1291,1047.8328,405.1291,1047.8328,43.3184975355156,-21.678387096033365,0.418,0.303,-48.96,0.08171,0.05922,-48.77,405.1291,1047.8328,43.3184975355156,-21.678387096033365,0.089591479099,0.091375547813,0.089591479099,0.091375547813,0.302,0.299,-84.79,0.3023087,0.2992933,-84.79,50.1448,0.0,2.02,1.38,0.275,1.0,14.0
1068,1068,15_3,15_108,277.9565,6.695647,20.0134,0.0262,-3.075353E-5,15.0,15.0,897.0,1502.0,897.5745999999999,1502.2099,897.5745999999999,1502.2099,43.16762411721161,-21.80444022197706,1.183,0.458,-15.36,0.03969,0.01498,-17.36,897.5745999999999,1502.2099,43.16762411721161,-21.80444022197706,0.26133089214,0.14894254799,0.26133089214,0.14894254799,0.514,0.382,-9.13,0.5141109,0.3820516,-9.13,99.0,0.0,2.17,2.585,0.613,1.0,15.0
1069,1069,15_4,15_107,23.58994,1.950597,22.6915,0.0898,-1.1539E-4,2.0,2.0,636.0,1503.0,636.2186,1503.0,636.2186,1503.0,43.24677311009833,-21.805640751829888,0.504,0.289,0.0,0.05675,0.02948,0.0,636.2186,1503.0,43.24677311009833,-21.805640751829888,0.10179871673,0.0833333,0.10179871673,0.0833333,0.319,0.289,0.0,0.3190591,0.2886751,0.0,99.0,0.0,0.88,1.746,0.427,0.901,15.0
1070,1070,15_5,15_106,34.14645,2.346805,22.2899,0.0746,-1.070413E-4,7.0,7.0,647.0,1495.0,646.8741,1495.4339,646.8741,1495.4339,43.24357625872377,-21.80347258646488,0.894,0.262,-76.26,0.12732,0.05265,-79.94,646.8741,1495.4339,43.24357625872377,-21.80347258646488,0.087476235749,0.11025493885,0.087476235749,0.11025493885,0.332,0.296,89.38,0.3320506,0.2957593,89.38,99.0,0.0,-0.01,3.409,0.707,0.999,15.0
1071,1071,15_6,15_105,494.83,8.933717,19.3872,0.0196,-1.094267E-4,14.0,14.0,638.0,1497.0,635.7397,1497.5378,635.7397,1497.5378,43.24693982655501,-21.80410548935249,2.379,0.24,-10.66,0.04659,0.00635,-9.99,635.7397,1497.5378,43.24693982655501,-21.80410548935249,2.8919738184,0.17249544887,2.8919738184,0.17249544887,1.733,0.246,-11.25,1.733209,0.245879,-11.25,99.0,0.0,4.48,9.915,0.899,1.0,15.0
1072,1072,15_7,15_104,86.74299,3.740428,21.2777,0.0468,2.732244E-4,3.0,3.0,551.0,1495.0,551.2142,1495.2038,551.2142,1495.2038,43.27254628044929,-21.803756735245354,0.457,0.349,-43.03,0.02284,0.01681,-43.78,551.2142,1495.2038,43.27254628044929,-21.803756735245354,0.14480799125,0.14122278015,0.14480799125,0.14122278015,0.384,0.372,-33.09,0.3839966,0.3722598,-33.09,99.0,0.0,1.06,1.312,0.238,0.995,15.0
1074,1074,15_9,15_102,773.0178,11.16603,18.9028,0.0157,4.540241E-4,24.0,24.0,645.0,1488.0,647.8702000000001,1488.3896,647.8702000000001,1488.3896,43.24330261463152,-21.801486711472062,2.018,0.678,9.25,0.03212,0.01217,9.08,647.8702000000001,1488.3896,43.24330261463152,-21.801486711472062,1.3063467033,0.55132863535,1.3063467033,0.55132863535,1.175,0.691,16.66,1.174994,0.690699,16.66,99.0,0.0,6.98,2.978,0.664,1.0,15.0
1076,1076,15_11,15_100,1.810047,0.5403176,25.4791,0.3242,-8.412892E-4,1.0,1.0,763.0,1489.0,763.0,1489.0,763.0,1489.0,43.20843435065079,-21.801231545161944,0.289,0.289,45.0,0.18135,0.18135,45.0,763.0,1489.0,43.20843435065079,-21.801231545161944,0.0833333,0.0833333,0.0833333,0.0833333,0.289,0.289,45.0,0.2886751,0.2886751,45.0,33.7479,0.0,0.0,1.0,0.0,0.307,15.0
1077,1077,15_12,15_99,397.8749,8.010829,19.6239,0.0219,0.0148912,14.0,14.0,625.0,1488.0,624.7165,1488.3951,624.7165,1488.3951,43.25031430929703,-21.801573205308824,1.641,0.592,5.68,0.03697,0.01469,3.82,624.7165,1488.3951,43.25031430929703,-21.801573205308824,0.93064361517,0.30882689909,0.93064361517,0.30882689909,1.003,0.483,18.21,1.003068,0.4830363,18.21,99.0,0.0,5.88,2.771,0.639,1.0,15.0
1078,1078,15_13,15_98,40.70498,2.562288,22.0992,0.0684,-6.569283E-6,1.0,1.0,883.0,1488.0,883.0,1488.0,883.0,1488.0,43.17209668559143,-21.8004972178542,0.289,0.289,45.0,0.01951,0.01951,45.0,883.0,1488.0,43.17209668559143,-21.8004972178542,0.0833333,0.0833333,0.0833333,0.0833333,0.289,0.289,45.0,0.2886751,0.2886751,45.0,99.0,0.0,0.0,1.0,0.0,0.949,15.0
1079,1079,15_14,15_97,81.07686,3.616201,21.3511,0.0484,4.70911E-5,3.0,3.0,837.0,1487.0,837.4187999999999,1487.0713,837.4187999999999,1487.0713,43.18590476004339,-21.80040887913181,0.498,0.248,-9.32,0.02507,0.01499,-18.28,837.4187999999999,1487.0713,43.18590476004339,-21.80040887913181,0.23077822105,0.098289512343,0.23077822105,0.098289512343,0.48,0.313,-1.18,0.4804523,0.3134219,-1.18,99.0,0.0,1.35,2.012,0.503,0.993,15.0
1080,1080,15_15,15_96,140.578,4.761709,20.7535,0.0368,0.2668848,10.0,10.0,630.0,1482.0,629.0101999999999,1482.4715,629.0101999999999,1482.4715,43.24903752551368,-21.79989061594365,2.078,0.32,-23.24,0.08155,0.01757,-21.61,629.0101999999999,1482.4715,43.24903752551368,-21.79989061594365,0.25841073003,0.058615633851,0.25841073003,0.058615633851,0.508,0.242,-1.54,0.5084834,0.2418079,-1.54,99.0,0.0,4.84,6.501,0.846,1.0,15.0
1081,1081,15_16,15_95,107.2388,4.158916,21.0474,0.0421,-0.4160517,3.0,3.0,644.0,1482.0,644.0308,1481.6215,644.0308,1481.6215,43.24449221396606,-21.79959632187647,0.565,0.336,86.76,0.02066,0.01098,80.25,644.0308,1481.6215,43.24449221396606,-21.79959632187647,0.088376268335,0.17292330025,0.088376268335,0.17292330025,0.416,0.297,89.66,0.4158441,0.2972764,89.66,27.1016,0.0,1.03,1.684,0.406,0.991,15.0
1082,1082,15_17,15_94,1.692494,0.5224776,25.552,0.3353,0.3763499,2.0,2.0,635.0,1481.0,635.3311,1480.6689,635.3311,1480.6689,43.24713052338747,-21.799360201051496,0.725,0.289,45.0,0.49889,0.18267,45.0,635.3311,1480.6689,43.24713052338747,-21.799360201051496,0.083906002585,0.083906002585,0.083906002585,0.083906002585,0.291,0.289,45.0,0.2906522,0.2886751,45.0,99.0,0.0,1.14,2.513,0.602,0.033,15.0
1084,1084,15_19,15_92,103.2791,4.081411,21.0883,0.0429,-6.388086E-5,1.0,1.0,1009.0,1478.0,1009.0,1478.0,1009.0,1478.0,43.13397873945373,-21.797199103547936,0.289,0.289,45.0,0.01175,0.01175,45.0,1009.0,1478.0,43.13397873945373,-21.797199103547936,0.0833333,0.0833333,0.0833333,0.0833333,0.289,0.289,45.0,0.2886751,0.2886751,45.0,99.0,0.0,0.0,1.0,0.0,0.993,15.0
1087,1087,15_22,15_89,175.5667,5.321392,20.5122,0.0329,-6.88264E-5,9.0,9.0,612.0,1458.0,611.7666,1458.6179,611.7666,1458.6179,43.25435371287278,-21.79324145999545,1.641,0.258,-71.29,0.05633,0.01257,-71.16,611.7666,1458.6179,43.25435371287278,-21.79324145999545,0.09073918622,0.34706134317,0.09073918622,0.34706134317,0.612,0.251,-72.66,0.6121767,0.2510781,-72.66,99.0,0.0,3.84,6.365,0.843,1.0,15.0
1090,1090,15_25,15_86,211.2412,5.83705,20.3114,0.03,-6.7611E-5,2.0,2.0,948.0,1456.0,947.5542,1456.0,947.5542,1456.0,43.15267910346905,-21.791245634821315,0.575,0.289,0.0,0.01635,0.00821,0.0,947.5542,1456.0,43.15267910346905,-21.791245634821315,0.21967663093,0.0833333,0.21967663093,0.0833333,0.469,0.289,0.0,0.4686967,0.2886751,0.0,99.0,0.0,0.96,1.991,0.498,0.996,15.0
1092,1092,15_27,15_84,4.064732,0.8096925,24.6007,0.2163,0.001814487,1.0,1.0,899.0,1450.0,899.0,1450.0,899.0,1450.0,43.1674077717352,-21.789743231369467,0.289,0.289,45.0,0.09135,0.09135,45.0,899.0,1450.0,43.1674077717352,-21.789743231369467,0.0833333,0.0833333,0.0833333,0.0833333,0.289,0.289,45.0,0.2886751,0.2886751,45.0,99.0,0.0,0.0,1.0,0.0,0.369,15.0
1094,1094,15_29,15_82,162.1694,5.114329,20.5984,0.0342,-0.009376031,2.0,2.0,540.0,1445.0,540.0,1444.9101,540.0,1444.9101,43.27613906461248,-21.78964494956172,0.406,0.289,90.0,0.01423,0.00945,90.0,540.0,1444.9101,43.27613906461248,-21.78964494956172,0.0833333,0.08884620788,0.0833333,0.08884620788,0.298,0.289,90.0,0.2980708,0.2886751,90.0,31.2056,0.0,1.93,1.408,0.29,0.663,15.0
1096,1096,15_31,15_80,192.6327,5.574028,20.4115,0.0314,-7.457448E-5,3.0,3.0,917.0,1431.0,916.9399,1431.35,916.9399,1431.35,43.16205210491125,-21.78442662961517,0.48,0.232,83.09,0.01461,0.00814,79.27,916.9399,1431.35,43.16205210491125,-21.78442662961517,0.092846105571,0.15844385277,0.092846105571,0.15844385277,0.398,0.305,89.31,0.3980619,0.3046911,89.31,99.0,0.0,1.06,2.065,0.516,0.998,15.0
1097,1097,15_32,15_79,172.9438,5.281493,20.5285,0.0332,-1.535022E-6,4.0,4.0,570.0,1431.0,570.3902,1430.803,570.3902,1430.803,43.26699229126156,-21.785565191067708,0.494,0.391,-14.38,0.01629,0.01359,-18.99,570.3902,1430.803,43.26699229126156,-21.785565191067708,0.21453626959,0.12538890623,0.21453626959,0.12538890623,0.463,0.354,-2.38,0.4633465,0.3538858,-2.38,99.0,0.0,0.8,1.264,0.209,0.999,15.0
1099,1099,15_34,15_77,264.4631,6.531105,20.0674,0.0268,-6.674711E-5,6.0,6.0,971.0,1419.0,971.9295,1418.6005,971.9295,1418.6005,43.14545315381388,-21.780627698809884,0.807,0.432,-19.76,0.02125,0.01181,-17.78,971.9295,1418.6005,43.14545315381388,-21.780627698809884,0.39908042845,0.22549961715,0.39908042845,0.22549961715,0.67,0.42,-25.17,0.6695386,0.4198787,-25.17,99.0,0.0,3.48,1.867,0.464,1.0,15.0
1100,1100,15_35,15_76,76.00817,3.50134,21.4212,0.05,-9.106454E-6,4.0,4.0,640.0,1399.0,640.5973,1399.8201,640.5973,1399.8201,43.24585671975092,-21.77659032928228,0.907,0.211,58.48,0.05228,0.01298,55.2,640.5973,1399.8201,43.24585671975092,-21.77659032928228,0.16954985321,0.36465622113,0.16954985321,0.36465622113,0.701,0.207,57.89,0.7009782,0.2069676,57.89,99.0,0.0,2.53,4.307,0.768,0.995,15.0
1102,1102,15_37,15_74,49.81534,2.83456,21.8799,0.0618,-7.684259E-5,3.0,3.0,927.0,1399.0,927.0862,1399.2371,927.0862,1399.2371,43.15911247671031,-21.775351272716467,0.462,0.216,63.91,0.03702,0.01746,58.38,927.0862,1399.2371,43.15911247671031,-21.775351272716467,0.083561597037,0.095799284084,0.083561597037,0.095799284084,0.31,0.289,88.94,0.3095213,0.289063,88.94,99.0,0.0,0.0,2.139,0.533,0.992,15.0
1103,1103,15_38,15_73,17.43876,1.677112,23.0195,0.1044,-7.846955E-5,2.0,2.0,650.0,1399.0,650.1358,1399.0,650.1358,1399.0,43.24297188726538,-21.77632450782176,0.448,0.289,0.0,0.07015,0.03631,0.0,650.1358,1399.0,43.24297188726538,-21.77632450782176,0.092628733372,0.0833333,0.092628733372,0.0833333,0.304,0.289,0.0,0.3043497,0.2886751,0.0,36.4852,0.0,2.04,1.552,0.356,0.655,15.0
1104,1104,15_39,15_72,111.1345,4.233784,21.0087,0.0414,-6.996829E-5,2.0,2.0,979.0,1396.0,978.584,1396.0,978.584,1396.0,43.1435322681581,-21.774242279308037,0.571,0.289,0.0,0.02299,0.01159,0.0,978.584,1396.0,43.1435322681581,-21.774242279308037,0.1952653165,0.0833333,0.1952653165,0.0833333,0.442,0.289,0.0,0.4418884,0.2886751,0.0,99.0,0.0,0.96,1.979,0.495,0.994,15.0
1106,1106,15_41,15_70,2.621421,0.6502383,25.077,0.2694,-4.495049E-7,2.0,2.0,809.0,1382.0,809.0,1381.6918,809.0,1381.6918,43.194940063023815,-21.770862700127072,0.545,0.289,90.0,0.35492,0.17141,90.0,809.0,1381.6918,43.194940063023815,-21.770862700127072,0.0833333,0.11613447732,0.0833333,0.11613447732,0.341,0.289,90.0,0.3407851,0.2886751,90.0,99.0,0.0,0.93,1.886,0.47,0.033,15.0
1107,1107,15_42,15_69,69.21566,3.34123,21.5228,0.0524,0.0,1.0,1.0,722.0,1376.0,722.0,1376.0,722.0,1376.0,43.22130482083762,-21.769586604618965,0.289,0.289,45.0,0.01455,0.01455,45.0,722.0,1376.0,43.22130482083762,-21.769586604618965,0.0833333,0.0833333,0.0833333,0.0833333,0.289,0.289,45.0,0.2886751,0.2886751,45.0,99.0,0.0,0.0,1.0,0.0,0.986,15.0
1109,1109,15_44,15_67,6.083486,0.9905592,24.1629,0.1768,-5.388396E-5,3.0,3.0,898.0,1365.0,898.2342,1364.9329,898.2342,1364.9329,43.16799017271158,-21.76580840826717,0.426,0.246,7.54,0.17843,0.13095,48.62,898.2342,1364.9329,43.16799017271158,-21.76580840826717,0.1059543553,0.088710256745,0.1059543553,0.088710256745,0.326,0.298,0.42,0.3255077,0.2978411,0.42,99.0,0.0,0.95,1.731,0.422,0.534,15.0
1112,1112,15_47,15_64,37.67687,2.46514,22.1831,0.0711,-2.861515E-6,4.0,4.0,857.0,1342.0,857.0364,1341.8439,857.0364,1341.8439,43.18055845827126,-21.75946787467834,0.471,0.334,-75.76,0.04579,0.03107,-48.59,857.0364,1341.8439,43.18055845827126,-21.75946787467834,0.083706982781,0.091961786972,0.083706982781,0.091961786972,0.303,0.289,-89.4,0.3032535,0.28932,-89.4,99.0,0.0,2.28,1.409,0.29,0.995,15.0
1113,1113,15_48,15_63,49.39917,2.822695,21.889,0.0621,-1.473191E-6,6.0,6.0,776.0,1340.0,777.2755,1339.5436,777.2755,1339.5436,43.20471621378903,-21.75912135677368,1.485,0.2,-18.05,0.10939,0.02048,-16.89,777.2755,1339.5436,43.20471621378903,-21.75912135677368,0.82182763087,0.10962853111,0.82182763087,0.10962853111,0.949,0.177,-17.49,0.9488383,0.1765277,-17.49,99.0,0.0,3.2,7.418,0.865,0.997,15.0
1117,1117,15_52,15_59,161.1401,5.098072,20.6053,0.0344,0.0,4.0,4.0,797.0,1302.0,797.3275,1301.9702,797.3275,1301.9702,43.19879771436232,-21.74847278717643,0.551,0.335,-1.36,0.01629,0.00999,-5.94,797.3275,1301.9702,43.19879771436232,-21.74847278717643,0.13199547743,0.085316839394,0.13199547743,0.085316839394,0.363,0.292,-0.09,0.363312,0.2920903,-0.09,99.0,0.0,0.92,1.646,0.392,0.999,15.0
1118,1118,15_53,15_58,260.7034,6.484516,20.0829,0.027,0.0,4.0,4.0,823.0,1287.0,823.3516,1286.4736,823.3516,1286.4736,43.19098233492375,-21.744013927843763,0.558,0.408,-49.23,0.01441,0.01088,-48.85,823.3516,1286.4736,43.19098233492375,-21.744013927843763,0.16568917843,0.24836638134,0.16568917843,0.24836638134,0.524,0.374,-64.03,0.5235219,0.3741395,-64.03,99.0,0.0,1.29,1.369,0.269,0.999,15.0
1119,1119,15_54,15_57,52.20168,2.901659,21.8291,0.0604,-1.835757E-6,2.0,2.0,587.0,1271.0,587.0,1271.06,587.0,1271.06,43.26259145923101,-21.7405528728961,0.374,0.289,90.0,0.02861,0.01785,90.0,587.0,1271.06,43.26259145923101,-21.7405528728961,0.0833333,0.086850587201,0.0833333,0.086850587201,0.295,0.289,90.0,0.2947042,0.2886751,90.0,99.0,0.0,1.85,1.295,0.228,0.99,15.0
1120,1120,15_55,15_56,161.2885,5.100419,20.6043,0.0343,0.0,2.0,2.0,855.0,1262.0,855.1387,1262.0,855.1387,1262.0,43.18145948767476,-21.737006653458508,0.45,0.289,0.0,0.01544,0.00947,0.0,855.1387,1262.0,43.18145948767476,-21.737006653458508,0.092902796996,0.0833333,0.092902796996,0.0833333,0.305,0.289,0.0,0.3047996,0.2886751,0.0,99.0,0.0,0.0,1.56,0.359,0.997,15.0
1123,1123,15_58,15_53,162.7765,5.123892,20.5943,0.0342,0.0,4.0,4.0,993.0,1236.0,993.331,1235.7623,993.331,1235.7623,43.13973531624917,-21.729093872481062,0.484,0.41,26.24,0.01644,0.0148,24.38,993.331,1235.7623,43.13973531624917,-21.729093872481062,0.14393505468,0.087683982064,0.14393505468,0.087683982064,0.381,0.295,7.3,0.380621,0.2945279,7.3,99.0,0.0,1.06,1.18,0.153,0.999,15.0
1124,1124,15_59,15_52,24.48342,1.987194,22.6511,0.0881,1.757387E-7,2.0,2.0,521.0,1234.0,521.018,1234.0,521.018,1234.0,43.28270860280493,-21.73036290755451,0.318,0.289,0.0,0.05052,0.02876,0.0,521.018,1234.0,43.28270860280493,-21.73036290755451,0.084409187959,0.0833333,0.084409187959,0.0833333,0.291,0.289,0.0,0.2905326,0.2886751,0.0,99.0,0.0,1.68,1.101,0.092,0.948,15.0
1125,1125,15_60,15_51,20.40204,1.814016,22.8491,0.0966,0.0,2.0,2.0,975.0,1215.0,975.4943,1215.0,975.4943,1215.0,43.14522091656262,-21.723320110945117,0.577,0.289,0.0,0.06509,0.03254,0.0,975.4943,1215.0,43.14522091656262,-21.723320110945117,0.27698689064,0.0833333,0.27698689064,0.0833333,0.526,0.289,0.0,0.5262954,0.2886751,0.0,99.0,0.0,0.97,2.0,0.5,0.646,15.0
1126,1126,15_61,15_50,45.08481,2.696617,21.9882,0.065,-3.741344E-4,2.0,2.0,654.0,1215.0,654.0489,1215.0,654.0489,1215.0,43.24251784601774,-21.72453179081242,0.36,0.289,0.0,0.03151,0.0195,0.0,654.0489,1215.0,43.24251784601774,-21.72453179081242,0.086185244718,0.0833333,0.086185244718,0.0833333,0.294,0.289,0.0,0.2935732,0.2886751,0.0,99.0,0.0,0.0,1.248,0.199,0.987,15.0
1127,1127,15_62,15_49,19.37569,1.767798,22.9052,0.0991,0.0,1.0,1.0,928.0,1210.0,928.0,1210.0,928.0,1210.0,43.15961776735256,-21.72209570331732,0.289,0.289,45.0,0.03026,0.03026,45.0,928.0,1210.0,43.15961776735256,-21.72209570331732,0.0833333,0.0833333,0.0833333,0.0833333,0.289,0.289,45.0,0.2886751,0.2886751,45.0,99.0,0.0,0.0,1.0,0.0,0.796,15.0
1130,1130,15_65,15_46,142.8534,4.80009,20.7361,0.0365,-1.604333E-4,8.0,8.0,741.0,1199.0,740.6966,1198.5207,740.6966,1198.5207,43.21635762831751,-21.719573442565004,0.888,0.488,-8.22,0.03728,0.0193,-4.88,740.6966,1198.5207,43.21635762831751,-21.719573442565004,0.36471252644,0.22385383348,0.36471252644,0.22385383348,0.627,0.442,-22.18,0.6267208,0.4424787,-22.18,99.0,0.0,3.1,1.818,0.45,1.0,15.0
1131,1131,15_66,15_45,79.00033,3.569592,21.3792,0.0491,0.0,2.0,2.0,910.0,1197.0,910.0,1197.1373,910.0,1197.1373,43.16511911604347,-21.71854492280995,0.449,0.289,90.0,0.02369,0.01403,90.0,910.0,1197.1373,43.16511911604347,-21.71854492280995,0.0833333,0.092774681141,0.0833333,0.092774681141,0.305,0.289,90.0,0.3045894,0.2886751,90.0,99.0,0.0,2.05,1.556,0.357,0.994,15.0
1133,1133,15_68,15_43,0.4963621,0.282946,26.8838,0.6191,-2.941346E-4,1.0,1.0,642.0,1183.0,642.0,1183.0,642.0,1183.0,43.2462914978393,-21.715571001091284,0.289,0.289,45.0,0.6044,0.6044,45.0,642.0,1183.0,43.2462914978393,-21.715571001091284,0.0833333,0.0833333,0.0833333,0.0833333,0.289,0.289,45.0,0.2886751,0.2886751,45.0,99.0,0.0,0.0,1.0,0.0,0.031,15.0
1134,1134,15_69,15_42,29.84355,2.193964,22.4362,0.0798,-2.740856E-4,7.0,7.0,639.0,1177.0,639.1858,1177.9457,639.1858,1177.9457,43.24716324265451,-21.71415900642116,1.395,0.444,62.56,0.15803,0.06026,63.65,639.1858,1177.9457,43.24716324265451,-21.71415900642116,0.34994667415,0.5937367904,0.34994667415,0.5937367904,0.846,0.477,59.97,0.8461696,0.4771588,59.97,99.0,0.0,3.6,3.143,0.682,0.886,15.0
1135,1135,15_70,15_41,1.436122,0.4812822,25.7303,0.3639,-2.768973E-4,2.0,2.0,641.0,1176.0,641.2456,1176.0,641.2456,1176.0,43.246547539861616,-21.713603905636184,0.518,0.289,0.0,0.6451,0.30027,0.0,641.2456,1176.0,43.246547539861616,-21.713603905636184,0.10535619669,0.0833333,0.10535619669,0.0833333,0.325,0.289,0.0,0.3245862,0.2886751,0.0,99.0,1.0,0.9,1.795,0.443,0.033,15.0
1136,1136,15_71,15_40,42.02857,2.603613,22.0644,0.0673,-1.906292E-4,4.0,4.0,628.0,1175.0,627.6405,1175.0746,627.6405,1175.0746,43.25066881634391,-21.71339339422929,0.493,0.255,8.75,0.04879,0.02687,8.62,627.6405,1175.0746,43.25066881634391,-21.71339339422929,0.17527546636,0.09686806665,0.17527546636,0.09686806665,0.419,0.311,1.01,0.4186884,0.3111969,1.01,99.0,0.0,1.17,1.936,0.483,0.99,15.0
1137,1137,15_72,15_39,0.435457,0.2650189,27.0259,0.6609,-8.693217E-5,1.0,1.0,616.0,1174.0,616.0,1174.0,616.0,1174.0,43.25419606877593,-21.713133605943376,0.289,0.289,45.0,0.68575,0.68575,45.0,616.0,1174.0,43.25419606877593,-21.713133605943376,0.0833333,0.0833333,0.0833333,0.0833333,0.289,0.289,45.0,0.2886751,0.2886751,45.0,99.0,0.0,0.0,1.0,0.0,0.032,15.0
1138,1138,15_73,15_38,242.129,6.249245,20.1632,0.028,-3.808312E-4,11.0,11.0,635.0,1170.0,634.7697000000001,1170.0835,634.7697000000001,1170.0835,43.24853089380985,-21.711962713275344,0.81,0.357,-71.39,0.02964,0.01471,-87.53,634.7697000000001,1170.0835,43.24853089380985,-21.711962713275344,0.062111800361,0.26963574204,0.062111800361,0.26963574204,0.527,0.233,-79.28,0.5266399,0.2332336,-79.28,35.8354,0.0,2.17,2.266,0.559,0.996,15.0
1139,1139,15_74,15_37,13200.78,46.1428,15.8218,0.0038,-1.187936E-4,199.0,199.0,620.0,1154.0,617.7521,1154.4316,617.7521,1154.4316,43.25374300846248,-21.70762045624512,4.852,2.787,-86.07,0.01924,0.01044,-87.38,617.7521,1154.4316,43.25374300846248,-21.70762045624512,2.5334307108,2.3651683102,2.5334307108,2.3651683102,1.617,1.511,-29.82,1.617326,1.510912,-29.82,39.3345,0.0,12.14,1.741,0.426,0.127,15.0
1140,1140,15_75,15_36,13456.44,46.58749,15.801,0.0038,-1.776139E-4,160.0,160.0,635.0,1155.0,637.3821,1154.2028,637.3821,1154.2028,43.24780309186292,-21.707484141748942,3.833,3.228,56.64,0.01449,0.01206,60.05,637.3821,1154.2028,43.24780309186292,-21.707484141748942,1.9801459596,0.72048434463,1.9801459596,0.72048434463,1.41,0.843,4.83,1.410389,0.8434657,4.83,99.0,0.0,21.11,1.187,0.158,0.993,15.0
1141,1141,15_76,15_35,2.001927,0.5682354,25.3697,0.3083,-0.002257404,3.0,3.0,646.0,1166.0,645.4658,1165.967,645.4658,1165.967,43.24531003178144,-21.710765020833573,0.568,0.154,9.43,0.9433,0.19695,28.92,645.4658,1165.967,43.24531003178144,-21.710765020833573,0.26540176087,0.083336530036,0.26540176087,0.083336530036,0.515,0.289,0.0,0.5151716,0.2886807,0.0,32.9278,0.0,1.64,3.679,0.728,0.011,15.0
1142,1142,15_77,15_34,72452.16,108.101,13.9732,0.0016,-0.005899238,2.0,2.0,627.0,1165.0,627.0,1164.5332,627.0,1164.5332,43.25090431636743,-21.710429288953325,0.576,0.289,90.0,8.6E-4,4.3E-4,90.0,627.0,1164.5332,43.25090431636743,-21.710429288953325,0.0833333,0.23144023202,0.0833333,0.23144023202,0.481,0.289,90.0,0.4810824,0.2886751,90.0,31.7585,1.0,0.96,1.997,0.499,1.0,15.0
1144,1144,15_79,15_32,187.9582,5.505982,20.4381,0.0318,-0.00275517,11.0,11.0,604.0,1156.0,604.6505,1155.125,604.6505,1155.125,43.25770533231664,-21.707863469587863,1.077,0.394,-40.4,0.03901,0.01867,-34.98,604.6505,1155.125,43.25770533231664,-21.707863469587863,0.35909064608,0.33618770008,0.35909064608,0.33618770008,0.77,0.319,-43.66,0.7702132,0.3194526,-43.66,32.5649,0.0,3.85,2.731,0.634,0.98,15.0
1145,1145,15_80,15_31,0.5918567,0.3089672,26.6928,0.5669,-8.786744E-4,2.0,2.0,662.0,1155.0,661.8926,1155.0,661.8926,1155.0,43.240382041535966,-21.7076183616762,0.423,0.289,0.0,1.68568,0.70722,0.0,661.8926,1155.0,43.240382041535966,-21.7076183616762,0.090179046866,0.0833333,0.090179046866,0.0833333,0.3,0.289,0.0,0.3002983,0.2886751,0.0,34.3822,0.0,1.98,1.467,0.318,0.009,15.0
1146,1146,15_81,15_30,34.62021,2.363029,22.275,0.0741,-1.103771,3.0,3.0,610.0,1150.0,610.0076,1150.0915,610.0076,1150.0915,43.25610390197227,-21.706427424341456,0.408,0.301,-89.47,0.0364,0.03172,-69.96,610.0076,1150.0915,43.25610390197227,-21.706427424341456,0.083845737233,0.089018039109,0.083845737233,0.089018039109,0.298,0.29,-89.97,0.2983589,0.2895613,-89.97,26.0421,0.0,1.99,1.354,0.261,0.812,15.0
1147,1147,15_82,15_29,67.85996,3.308347,21.5443,0.0529,-3.085552E-4,5.0,5.0,705.0,1146.0,704.9291000000001,1146.1633,704.9291000000001,1146.1633,43.22739262886888,-21.704972559843004,0.635,0.295,-23.37,0.04068,0.02137,-23.42,704.9291000000001,1146.1633,43.22739262886888,-21.704972559843004,0.12101427068,0.089534951005,0.12101427068,0.089534951005,0.348,0.299,-2.74,0.3479746,0.2991035,-2.74,99.0,0.0,1.42,2.153,0.536,0.999,15.0
1148,1148,15_83,15_28,69134.55,105.597,14.0241,0.0017,3.977415,2.0,2.0,627.0,1147.0,627.0,1146.6483,627.0,1146.6483,43.25097497727021,-21.70539629746316,0.558,0.289,90.0,8.5E-4,4.4E-4,90.0,627.0,1146.6483,43.25097497727021,-21.70539629746316,0.0833333,0.15347054942,0.0833333,0.15347054942,0.392,0.289,90.0,0.3917532,0.2886751,90.0,99.0,0.0,0.94,1.933,0.483,1.0,15.0
1149,1149,15_84,15_27,211.965,5.847042,20.3076,0.03,1.142679,4.0,4.0,627.0,1139.0,627.1638,1138.229,627.1638,1138.229,43.25095866716148,-21.70302641827813,0.79,0.232,-67.58,0.02342,0.0072,-68.49,627.1638,1138.229,43.25095866716148,-21.70302641827813,0.085230290651,0.33972267632,0.085230290651,0.33972267632,0.583,0.292,-89.36,0.5828844,0.2918883,-89.36,99.0,0.0,2.47,3.405,0.706,0.999,15.0
1150,1150,15_85,15_26,18.82625,1.742553,22.9364,0.1005,-1.546257E-4,1.0,1.0,751.0,1138.0,751.0,1138.0,751.0,1138.0,43.21348251657324,-21.7025038819262,0.289,0.289,45.0,0.03081,0.03081,45.0,751.0,1138.0,43.21348251657324,-21.7025038819262,0.0833333,0.0833333,0.0833333,0.0833333,0.289,0.289,45.0,0.2886751,0.2886751,45.0,99.0,0.0,0.0,1.0,0.0,0.788,15.0
1151,1151,15_86,15_25,19.75851,1.785177,22.8839,0.0981,0.0,2.0,2.0,944.0,1129.0,944.0,1129.0217,944.0,1129.0217,43.15510960482426,-21.699246238377864,0.323,0.289,90.0,0.0611,0.03327,90.0,944.0,1129.0217,43.15510960482426,-21.699246238377864,0.0833333,0.084625966428,0.0833333,0.084625966428,0.291,0.289,90.0,0.2909054,0.2886751,90.0,99.0,0.0,1.7,1.12,0.107,0.911,15.0
1152,1152,15_87,15_24,69.20714,3.341024,21.5229,0.0524,-1.844116E-4,2.0,2.0,695.0,1127.0,695.2599,1127.0,695.2599,1127.0,43.230395359414096,-21.69961563228465,0.525,0.289,0.0,0.02839,0.01513,0.0,695.2599,1127.0,43.230395359414096,-21.69961563228465,0.10735644555,0.0833333,0.10735644555,0.0833333,0.328,0.289,0.0,0.3276529,0.2886751,0.0,99.0,0.0,0.91,1.819,0.45,0.991,15.0
1153,1153,15_88,15_23,92.73515,3.867465,21.2052,0.0453,-4.421244E-5,8.0,8.0,947.0,1114.0,947.3422,1114.2049,947.3422,1114.2049,43.15415938633742,-21.69506378564833,1.0,0.378,59.74,0.05344,0.0251,55.41,947.3422,1114.2049,43.15415938633742,-21.69506378564833,0.05252396804,0.14853823356,0.05252396804,0.14853823356,0.392,0.217,77.04,0.392311,0.2171503,77.04,37.0353,0.0,2.27,2.645,0.622,0.973,15.0
1154,1154,15_89,15_22,0.7672908,0.3517905,26.4109,0.4979,0.0,1.0,1.0,891.0,1112.0,891.0,1112.0,891.0,1112.0,43.17121940377349,-21.694658948934265,0.289,0.289,45.0,0.39882,0.39882,45.0,891.0,1112.0,43.17121940377349,-21.694658948934265,0.0833333,0.0833333,0.0833333,0.0833333,0.289,0.289,45.0,0.2886751,0.2886751,45.0,99.0,0.0,0.0,1.0,0.0,0.028,15.0
1155,1155,15_90,15_21,32.06187,2.274042,22.3583,0.077,0.0,4.0,4.0,820.0,1111.0,820.2614,1110.8796,820.2614,1110.8796,43.19263142880423,-21.694611927671524,0.48,0.261,-28.77,0.05305,0.03764,-42.96,820.2614,1110.8796,43.19263142880423,-21.694611927671524,0.098225832007,0.084883294447,0.098225832007,0.084883294447,0.313,0.291,-1.23,0.3134198,0.2913368,-1.23,99.0,0.0,0.68,1.838,0.456,0.989,15.0
1158,1158,15_93,15_18,56.3518,3.014797,21.746,0.0581,4.683672E-4,1.0,1.0,975.0,1087.0,975.0,1087.0,975.0,1087.0,43.145902108224696,-21.687301515571452,0.289,0.289,45.0,0.01627,0.01627,45.0,975.0,1087.0,43.145902108224696,-21.687301515571452,0.0833333,0.0833333,0.0833333,0.0833333,0.289,0.289,45.0,0.2886751,0.2886751,45.0,99.0,0.0,0.0,1.0,0.0,0.977,15.0
1159,1159,15_94,15_17,129.6145,4.572261,20.8417,0.0383,7.412652E-4,2.0,2.0,987.0,1083.0,987.0,1082.5177,987.0,1082.5177,43.14228931070571,-21.685993807164422,0.577,0.289,90.0,0.02131,0.01066,90.0,987.0,1082.5177,43.14228931070571,-21.685993807164422,0.0833333,0.25240135838,0.0833333,0.25240135838,0.502,0.289,90.0,0.5023956,0.2886751,90.0,99.0,0.0,0.96,1.999,0.5,0.994,15.0
1161,1161,15_96,15_15,73.39454,3.440614,21.4591,0.0509,0.0,3.0,3.0,792.0,1076.0,791.896,1076.1842,791.896,1076.1842,43.20135580322636,-21.684955032434463,0.395,0.296,73.06,0.02265,0.01764,61.29,791.896,1076.1842,43.20135580322636,-21.684955032434463,0.091843156329,0.10001400287,0.091843156329,0.10001400287,0.316,0.303,88.98,0.316254,0.3030521,88.98,99.0,0.0,0.92,1.337,0.252,0.995,15.0
1163,1163,15_98,15_13,15.7832,1.595518,23.1278,0.1098,5.606501E-7,1.0,1.0,882.0,1071.0,882.0,1071.0,882.0,1071.0,43.17411100750736,-21.68315535223952,0.289,0.289,45.0,0.03444,0.03444,45.0,882.0,1071.0,43.17411100750736,-21.68315535223952,0.0833333,0.0833333,0.0833333,0.0833333,0.289,0.289,45.0,0.2886751,0.2886751,45.0,99.0,0.0,0.0,1.0,0.0,0.738,15.0
1164,1164,15_99,15_12,0.07253526,0.108163,28.9719,1.6194,-6.100904E-6,1.0,1.0,677.0,1071.0,677.0,1071.0,677.0,1071.0,43.236144079308936,-21.68392410928984,0.289,0.289,45.0,4.00292,4.00292,45.0,677.0,1071.0,43.236144079308936,-21.68392410928984,0.0833333,0.0833333,0.0833333,0.0833333,0.289,0.289,45.0,0.2886751,0.2886751,45.0,99.0,0.0,0.0,1.0,0.0,0.004,15.0
1168,1168,15_103,15_8,12.07597,1.395613,23.4185,0.1255,0.00586731,1.0,1.0,896.0,1049.0,896.0,1049.0,896.0,1049.0,43.169964800048405,-21.67691092837445,0.289,0.289,45.0,0.04103,0.04103,45.0,896.0,1049.0,43.169964800048405,-21.67691092837445,0.0833333,0.0833333,0.0833333,0.0833333,0.289,0.289,45.0,0.2886751,0.2886751,45.0,99.0,0.0,0.0,1.0,0.0,0.632,15.0
1169,1169,15_104,15_7,105.262,4.120406,21.0676,0.0425,0.002335757,4.0,4.0,984.0,1044.0,984.0338,1044.173,984.0338,1044.173,43.14334625004338,-21.67521459534248,0.477,0.354,-83.78,0.02048,0.01324,-57.23,984.0338,1044.173,43.14334625004338,-21.67521459534248,0.086175417703,0.09666045891,0.086175417703,0.09666045891,0.311,0.294,-89.66,0.3109032,0.2935559,-89.66,99.0,0.0,0.85,1.348,0.258,0.999,15.0
1170,1170,15_105,15_6,10.40022,1.295166,23.5807,0.1352,-9.940993E-8,2.0,2.0,738.0,1041.0,738.0,1041.0027,738.0,1041.0027,43.21780602353018,-21.67525621109649,0.293,0.289,90.0,0.10987,0.05323,90.0,738.0,1041.0027,43.21780602353018,-21.67525621109649,0.0833333,0.083499908465,0.0833333,0.083499908465,0.289,0.289,90.0,0.2889635,0.2886751,90.0,99.0,0.0,0.0,1.016,0.016,0.649,15.0
1173,1173,15_108,15_3,148.8099,4.899143,20.6917,0.0358,0.009489954,2.0,2.0,563.0,1023.0,563.4562,1023.0,563.4562,1023.0,43.27068937906348,-21.67083189967713,0.576,0.289,0.0,0.01973,0.00989,0.0,563.4562,1023.0,43.27068937906348,-21.67083189967713,0.23085381809,0.0833333,0.23085381809,0.0833333,0.48,0.289,0.0,0.4804725,0.2886751,0.0,99.0,0.0,0.96,1.994,0.499,0.995,15.0
1178,1178,16_4,16_43,13.14251,1.45594,23.3266,0.1203,1.702142E-7,3.0,3.0,1068.0,1422.0,1067.9985,1421.9614,1067.9985,1421.9614,43.11634744981435,-21.781200394071146,0.347,0.291,87.67,0.12108,0.04792,57.89,1067.9985,1421.9614,43.11634744981435,-21.781200394071146,0.083337688619,0.085497250358,0.083337688619,0.085497250358,0.292,0.289,89.88,0.2923991,0.2886827,89.88,99.0,0.0,1.78,1.192,0.161,0.864,16.0
1179,1179,16_5,16_42,86.50969,3.735395,21.2806,0.0469,0.0,7.0,7.0,1007.0,1418.0,1007.1628,1418.2098,1007.1628,1418.2098,43.13478554371615,-21.780381526315423,0.712,0.362,-83.1,0.04422,0.02294,-82.74,1007.1628,1418.2098,43.13478554371615,-21.780381526315423,0.04990737011,0.25829746097,0.04990737011,0.25829746097,0.509,0.222,-87.05,0.508777,0.2221504,-87.05,99.0,16.0,2.08,1.967,0.492,1.0,16.0
1185,1185,16_11,16_36,33.72921,2.332422,22.3033,0.0751,0.0,6.0,6.0,1114.0,1358.0,1113.4754,1357.9372,1113.4754,1357.9372,43.10284790690079,-21.763005705788,0.509,0.393,17.78,0.06584,0.05001,85.18,1113.4754,1357.9372,43.10284790690079,-21.763005705788,0.29501743884,0.10878935462,0.29501743884,0.10878935462,0.543,0.329,2.08,0.5433818,0.3294588,2.08,99.0,0.0,1.21,1.295,0.228,0.989,16.0
1186,1186,16_12,16_35,15.84315,1.598545,23.1237,0.1096,0.0,9.0,9.0,1406.0,1354.0,1404.9484,1353.9718,1404.9484,1353.9718,43.01460880929494,-21.76072018890802,1.028,0.203,1.51,0.24011,0.1367,11.18,1404.9484,1353.9718,43.01460880929494,-21.76072018890802,0.5536760248,0.095921084318,0.5536760248,0.095921084318,0.744,0.31,0.87,0.7441651,0.3095406,0.87,99.0,0.0,2.65,5.053,0.802,0.358,16.0
1187,1187,16_13,16_34,0.9152269,0.3842099,26.2195,0.4559,1.881101E-6,3.0,3.0,1257.0,1351.0,1256.6068,1351.1892,1256.6068,1351.1892,43.05953817354512,-21.760538194184573,0.564,0.271,-34.82,1.25317,0.6577,-39.72,1256.6068,1351.1892,43.05953817354512,-21.760538194184573,0.16192211547,0.094712446231,0.16192211547,0.094712446231,0.404,0.305,-8.69,0.4043895,0.305129,-8.69,99.0,0.0,1.14,2.081,0.519,0.006,16.0
1188,1188,16_14,16_33,39.96721,2.538961,22.119,0.069,2.74918E-6,8.0,8.0,1215.0,1351.0,1215.0191,1350.9632,1215.0191,1350.9632,43.07213148892766,-21.760640957101057,0.421,0.347,-82.72,0.06325,0.05222,49.58,1215.0191,1350.9632,43.07213148892766,-21.760640957101057,0.085066796218,0.088949335429,0.085066796218,0.088949335429,0.298,0.292,-89.68,0.298244,0.2916619,-89.68,99.0,0.0,2.19,1.211,0.174,1.0,16.0
1190,1190,16_16,16_31,36.81673,2.436839,22.2082,0.0719,2.281177E-5,8.0,8.0,1122.0,1349.0,1121.7923,1348.4361,1121.7923,1348.4361,43.10037004075966,-21.760299350324807,0.713,0.401,-78.75,0.09387,0.05918,-50.01,1121.7923,1348.4361,43.10037004075966,-21.760299350324807,0.10066045597,0.22038098169,0.10066045597,0.22038098169,0.471,0.315,-84.24,0.4707584,0.315322,-84.24,99.0,0.0,1.96,1.776,0.437,0.997,16.0
1192,1192,16_18,16_29,33.7147,2.331921,22.3038,0.0751,-8.310827E-8,8.0,8.0,1019.0,1317.0,1019.09,1317.213,1019.09,1317.213,43.13159696908325,-21.751914707918687,0.448,0.334,78.72,0.09334,0.06672,72.29,1019.09,1317.213,43.13159696908325,-21.751914707918687,0.09019379487,0.096624926528,0.09019379487,0.096624926528,0.311,0.3,89.98,0.3108455,0.3003228,89.98,99.0,0.0,0.77,1.343,0.255,1.0,16.0
1194,1194,16_20,16_27,0.3183259,0.2265897,27.3661,0.773,0.0,3.0,3.0,1323.0,1309.0,1322.7854,1308.7669,1322.7854,1308.7669,43.03968522390356,-21.748333855232712,0.473,0.351,-47.91,3.16031,2.01519,-44.45,1322.7854,1308.7669,43.03968522390356,-21.748333855232712,0.15057952021,0.15793053178,0.15057952021,0.15793053178,0.401,0.384,-60.99,0.4014906,0.3838168,-60.99,99.0,0.0,1.11,1.347,0.258,0.0,16.0
1200,1200,16_26,16_21,69.74673,3.354023,21.5145,0.0522,0.03218693,11.0,11.0,1186.0,1252.0,1185.7113,1252.2371,1185.7113,1252.2371,43.081428745676526,-21.73297577098697,0.638,0.48,79.33,0.05809,0.048,29.85,1185.7113,1252.2371,43.081428745676526,-21.73297577098697,0.15383962568,0.24216218369,0.15383962568,0.24216218369,0.498,0.385,76.13,0.4978886,0.384849,76.13,99.0,0.0,1.88,1.33,0.248,1.0,16.0
1201,1201,16_27,16_20,0.2724987,0.2096459,27.5349,0.8355,0.0,3.0,3.0,1457.0,1246.0,1456.6232,1246.21,1456.6232,1246.21,42.9994412732225,-21.730183674699628,0.579,0.255,-37.62,4.15638,2.2197,-38.4,1456.6232,1246.21,42.9994412732225,-21.730183674699628,0.1524817352,0.09699804595,0.1524817352,0.09699804595,0.394,0.307,-12.4,0.3940827,0.3068853,-12.4,99.0,0.0,1.19,2.272,0.56,0.0,16.0
1202,1202,16_28,16_19,0.3188685,0.2267827,27.3643,0.7724,0.0,3.0,3.0,1370.0,1225.0,1370.0274,1225.1529,1370.0274,1225.1529,43.0257493615443,-21.72461274186208,0.462,0.331,-87.68,3.21351,2.56675,-31.05,1370.0274,1225.1529,43.0257493615443,-21.72461274186208,0.085237363194,0.094720146576,0.085237363194,0.094720146576,0.308,0.292,-89.87,0.3077665,0.2919543,-89.87,99.0,0.0,2.24,1.393,0.282,0.0,16.0
1203,1203,16_29,16_18,2.733065,0.6639404,25.0317,0.2638,0.0,1.0,1.0,1058.0,1224.0,1058.0,1224.0,1058.0,1224.0,43.12020885482902,-21.725532586625903,0.289,0.289,45.0,0.12678,0.12678,45.0,1058.0,1224.0,43.12020885482902,-21.725532586625903,0.0833333,0.0833333,0.0833333,0.0833333,0.289,0.289,45.0,0.2886751,0.2886751,45.0,99.0,0.0,0.0,1.0,0.0,0.373,16.0
1204,1204,16_30,16_17,19.86931,1.790176,22.8778,0.0978,0.0,4.0,4.0,1116.0,1222.0,1115.9907,1221.7483,1115.9907,1221.7483,43.10266428133589,-21.724671672022563,0.521,0.304,-89.56,0.07812,0.06025,40.8,1115.9907,1221.7483,43.10266428133589,-21.724671672022563,0.084004339528,0.10638861293,0.084004339528,0.10638861293,0.326,0.29,-89.97,0.3261727,0.289835,-89.97,99.0,0.0,0.91,1.714,0.416,0.953,16.0
1213,1213,16_39,16_8,32.85575,2.302024,22.3318,0.0761,0.0,8.0,8.0,1129.0,1110.0,1128.7899,1109.8413,1128.7899,1109.8413,43.09926492519815,-21.69312957076697,0.721,0.335,-13.8,0.12189,0.06255,-29.08,1128.7899,1109.8413,43.09926492519815,-21.69312957076697,0.26431569376,0.039210061205,0.26431569376,0.039210061205,0.515,0.195,-3.86,0.5151148,0.1954032,-3.86,99.0,0.0,2.18,2.154,0.536,0.991,16.0
1215,1215,16_41,16_6,68.18056,3.316152,21.5391,0.0528,0.0,12.0,12.0,1122.0,1081.0,1122.3516,1080.764,1122.3516,1080.764,43.10133663469272,-21.68497224320058,0.877,0.49,85.01,0.06957,0.05216,68.72,1122.3516,1080.764,43.10133663469272,-21.68497224320058,0.11348709336,0.13762443432,0.11348709336,0.13762443432,0.385,0.321,61.19,0.384828,0.3209656,61.19,99.0,0.0,1.7,1.792,0.442,1.0,16.0
1217,1217,16_43,16_4,4.906201,0.8895633,24.3964,0.1969,-0.00560392,16.0,16.0,1178.0,1062.0,1177.6097,1062.2579,1177.6097,1062.2579,43.08469326608104,-21.679545970575425,1.69,0.681,-78.83,1.51245,0.66523,-77.78,1177.6097,1062.2579,43.08469326608104,-21.679545970575425,0.44428694372,0.48161149629,0.44428694372,0.48161149629,0.727,0.631,-53.36,0.7265301,0.630914,-53.36,31.778,0.0,6.4,2.48,0.597,0.0,16.0
1227,1227,17_8,17_26,5.968796,0.9811773,24.1836,0.1785,0.0,1.0,1.0,1599.0,1461.0,1599.0,1461.0,1599.0,1461.0,42.95536262331191,-21.790032903205255,0.289,0.289,45.0,0.06776,0.06776,45.0,1599.0,1461.0,42.95536262331191,-21.790032903205255,0.0833333,0.0833333,0.0833333,0.0833333,0.289,0.289,45.0,0.2886751,0.2886751,45.0,99.0,0.0,0.0,1.0,0.0,0.385,17.0
1232,1232,17_13,17_21,10.73083,1.315591,23.5467,0.1331,0.0,2.0,2.0,1790.0,1425.0,1790.0,1425.0049,1790.0,1425.0049,42.897680810949375,-21.77909207434868,0.297,0.289,90.0,0.10664,0.05196,90.0,1790.0,1425.0049,42.897680810949375,-21.77909207434868,0.0833333,0.083639519614,0.0833333,0.083639519614,0.289,0.289,90.0,0.289205,0.2886751,90.0,99.0,0.0,1.62,1.029,0.028,0.665,17.0
1233,1233,17_14,17_20,4.431168,0.845402,24.507,0.2072,0.0,1.0,1.0,1535.0,1423.0,1535.0,1423.0,1535.0,1423.0,42.97491782109173,-21.779607647728294,0.289,0.289,45.0,0.08531,0.08531,45.0,1535.0,1423.0,42.97491782109173,-21.779607647728294,0.0833333,0.0833333,0.0833333,0.0833333,0.289,0.289,45.0,0.2886751,0.2886751,45.0,99.0,0.0,0.0,1.0,0.0,0.371,17.0
1236,1236,17_17,17_17,2.53513,0.6394466,25.1133,0.2739,0.0,1.0,1.0,1603.0,1388.0,1603.0,1388.0,1603.0,1388.0,42.95448322313808,-21.769474481858705,0.289,0.289,45.0,0.13516,0.13516,45.0,1603.0,1388.0,42.95448322313808,-21.769474481858705,0.0833333,0.0833333,0.0833333,0.0833333,0.289,0.289,45.0,0.2886751,0.2886751,45.0,99.0,0.0,0.0,1.0,0.0,0.375,17.0
1238,1238,17_19,17_15,1.016646,0.4049385,26.1054,0.4326,0.0,4.0,4.0,1597.0,1329.0,1596.751,1328.7129,1596.751,1328.7129,42.95664480550843,-21.752817536576156,0.499,0.377,49.77,1.19408,0.99527,40.66,1596.751,1328.7129,42.95664480550843,-21.752817536576156,0.14139491446,0.15730382222,0.14139491446,0.15730382222,0.401,0.371,66.7,0.4011581,0.371175,66.7,99.0,0.0,0.9,1.323,0.244,0.001,17.0
1242,1242,17_23,17_11,5.138296,0.9103612,24.3463,0.1924,0.0,1.0,1.0,1836.0,1227.0,1836.0,1227.0,1836.0,1227.0,42.88467670110612,-21.7231758657056,0.289,0.289,45.0,0.07597,0.07597,45.0,1836.0,1227.0,42.88467670110612,-21.7231758657056,0.0833333,0.0833333,0.0833333,0.0833333,0.289,0.289,45.0,0.2886751,0.2886751,45.0,99.0,0.0,0.0,1.0,0.0,0.375,17.0
1244,1244,17_25,17_9,13.15402,1.456577,23.3257,0.1203,0.0,4.0,4.0,1672.0,1167.0,1671.6623,1166.9051,1671.6623,1166.9051,42.93470290917677,-21.70696856280256,0.473,0.293,-1.43,0.1074,0.09068,58.42,1671.6623,1166.9051,42.93470290917677,-21.70696856280256,0.14704294446,0.094346412112,0.14704294446,0.094346412112,0.383,0.307,-0.16,0.3834623,0.3071579,-0.16,99.0,0.0,0.96,1.615,0.381,0.724,17.0
1246,1246,17_27,17_7,15.63911,1.588218,23.1378,0.1103,0.0,4.0,4.0,1748.0,1135.0,1748.4878,1134.5152,1748.4878,1134.5152,42.911597470791655,-21.6975267786484,0.759,0.3,-45.0,0.09581,0.06447,-45.0,1748.4878,1134.5152,42.911597470791655,-21.6975267786484,0.23252880575,0.23102350313,0.23252880575,0.23102350313,0.613,0.297,-44.85,0.6125028,0.2973091,-44.85,99.0,0.0,1.5,2.532,0.605,0.728,17.0
1247,1247,17_28,17_6,11.96264,1.389049,23.4287,0.1261,-2.030733E-5,6.0,6.0,1745.0,1129.0,1745.28,1128.9945,1745.28,1128.9945,42.912593894551776,-21.69598693092552,0.555,0.318,-1.58,0.24389,0.13207,-17.23,1745.28,1128.9945,42.912593894551776,-21.69598693092552,0.1057077368,0.083412167324,0.1057077368,0.083412167324,0.325,0.289,-0.04,0.3251273,0.2888116,-0.04,37.8801,0.0,0.81,1.747,0.428,0.559,17.0
1248,1248,17_29,17_5,0.2109805,0.1844698,27.8127,0.9495,0.0,1.0,1.0,1634.0,1108.0,1634.0,1108.0,1634.0,1108.0,42.94637110873908,-21.69055131152428,0.289,0.289,45.0,1.39131,1.39131,45.0,1634.0,1108.0,42.94637110873908,-21.69055131152428,0.0833333,0.0833333,0.0833333,0.0833333,0.289,0.289,45.0,0.2886751,0.2886751,45.0,99.0,0.0,0.0,1.0,0.0,0.06,17.0
1255,1255,18_4,18_206,25.00588,2.008285,22.6282,0.0872,-7.178579E-7,2.0,2.0,2243.0,1511.0,2243.0,1510.5264,2243.0,1510.5264,42.76005879449926,-21.801145392811964,0.577,0.289,90.0,0.05669,0.02836,90.0,2243.0,1510.5264,42.76005879449926,-21.801145392811964,0.0833333,0.24004846888,0.0833333,0.24004846888,0.49,0.289,90.0,0.4899474,0.2886751,90.0,99.0,0.0,0.96,1.998,0.499,0.781,18.0
1256,1256,18_5,18_205,22.23559,1.893775,22.7557,0.0925,-2.419103E-6,11.0,11.0,2273.0,1503.0,2272.7556,1501.5039,2272.7556,1501.5039,42.751089724135554,-21.798470294529192,1.663,0.417,-82.95,0.29375,0.10386,-70.46,2272.7556,1501.5039,42.751089724135554,-21.798470294529192,0.21613798773,0.72973450115,0.21613798773,0.72973450115,0.86,0.454,-82.2,0.8599725,0.4542244,-82.2,99.0,0.0,4.95,3.989,0.749,0.073,18.0
1257,1257,18_6,18_204,2.281847,0.6066628,25.2276,0.2887,3.274959E-5,1.0,1.0,2029.0,1503.0,2029.0,1503.0,2029.0,1503.0,42.82492087536615,-21.799992925677014,0.289,0.289,45.0,0.14797,0.14797,45.0,2029.0,1503.0,42.82492087536615,-21.799992925677014,0.0833333,0.0833333,0.0833333,0.0833333,0.289,0.289,45.0,0.2886751,0.2886751,45.0,99.0,0.0,0.0,1.0,0.0,0.378,18.0
1258,1258,18_7,18_203,126.4386,4.515896,20.8686,0.0388,-4.596717E-5,12.0,12.0,2359.0,1497.0,2359.5958,1497.4282,2359.5958,1497.4282,42.724804061384646,-21.79692213513493,0.768,0.576,0.83,0.04001,0.03314,10.36,2359.5958,1497.4282,42.724804061384646,-21.79692213513493,0.2910934005,0.2311957269,0.2910934005,0.2311957269,0.559,0.458,27.27,0.5592672,0.4577219,27.27,99.0,0.0,2.45,1.334,0.251,1.0,18.0
1261,1261,18_10,18_200,0.9441336,0.3902302,26.1857,0.4489,-6.692174E-6,1.0,1.0,2301.0,1495.0,2301.0,1495.0,2301.0,1495.0,42.74256617530099,-21.796510277469302,0.289,0.289,45.0,0.32821,0.32821,45.0,2301.0,1495.0,42.74256617530099,-21.796510277469302,0.0833333,0.0833333,0.0833333,0.0833333,0.289,0.289,45.0,0.2886751,0.2886751,45.0,99.0,0.0,0.0,1.0,0.0,0.027,18.0
1264,1264,18_13,18_197,7.099005,1.070047,23.9953,0.1637,-3.517714E-5,1.0,1.0,2284.0,1486.0,2284.0,1486.0,2284.0,1486.0,42.74776051433085,-21.79405626907508,0.289,0.289,45.0,0.05956,0.05956,45.0,2284.0,1486.0,42.74776051433085,-21.79405626907508,0.0833333,0.0833333,0.0833333,0.0833333,0.289,0.289,45.0,0.2886751,0.2886751,45.0,37.3633,0.0,0.0,1.0,0.0,0.41,18.0
1265,1265,18_14,18_196,2.091487,0.5808069,25.3222,0.3016,0.0,1.0,1.0,2208.0,1484.0,2208.0,1484.0,2208.0,1484.0,42.7707917928691,-21.79384140587157,0.289,0.289,45.0,0.15961,0.15961,45.0,2208.0,1484.0,42.7707917928691,-21.79384140587157,0.0833333,0.0833333,0.0833333,0.0833333,0.289,0.289,45.0,0.2886751,0.2886751,45.0,99.0,0.0,0.0,1.0,0.0,0.379,18.0
1266,1266,18_15,18_195,0.7488296,0.3475327,26.4373,0.504,-4.228696E-5,1.0,1.0,2368.0,1472.0,2368.0,1472.0,2368.0,1472.0,42.72238573254546,-21.789728382428198,0.289,0.289,45.0,0.40811,0.40811,45.0,2368.0,1472.0,42.72238573254546,-21.789728382428198,0.0833333,0.0833333,0.0833333,0.0833333,0.289,0.289,45.0,0.2886751,0.2886751,45.0,99.0,0.0,0.0,1.0,0.0,0.028,18.0
1267,1267,18_16,18_194,1.15345,0.4313239,25.9683,0.4061,-2.207462E-5,1.0,1.0,2043.0,1465.0,2043.0,1465.0,2043.0,1465.0,42.82086325177132,-21.78923825752679,0.289,0.289,45.0,0.27255,0.27255,45.0,2043.0,1465.0,42.82086325177132,-21.78923825752679,0.0833333,0.0833333,0.0833333,0.0833333,0.289,0.289,45.0,0.2886751,0.2886751,45.0,99.0,0.0,0.0,1.0,0.0,0.025,18.0
1268,1268,18_17,18_193,11.21601,1.345003,23.4987,0.1302,-1.391746E-4,1.0,1.0,2487.0,1464.0,2487.0,1464.0,2487.0,1464.0,42.686379893127295,-21.786919002424824,0.289,0.289,45.0,0.04314,0.04314,45.0,2487.0,1464.0,42.686379893127295,-21.786919002424824,0.0833333,0.0833333,0.0833333,0.0833333,0.289,0.289,45.0,0.2886751,0.2886751,45.0,99.0,0.0,0.0,1.0,0.0,0.594,18.0
1269,1269,18_18,18_192,8.259843,1.154224,23.8309,0.1518,-1.351345E-5,1.0,1.0,2327.0,1463.0,2327.0,1463.0,2327.0,1463.0,42.734849901318505,-21.787386336091245,0.289,0.289,45.0,0.05337,0.05337,45.0,2327.0,1463.0,42.734849901318505,-21.787386336091245,0.0833333,0.0833333,0.0833333,0.0833333,0.289,0.289,45.0,0.2886751,0.2886751,45.0,99.0,0.0,0.0,1.0,0.0,0.45,18.0
1270,1270,18_19,18_191,1.383088,0.472312,25.7712,0.3709,-3.080743E-6,1.0,1.0,2299.0,1462.0,2299.0,1462.0,2299.0,1462.0,42.74333614141785,-21.78723428832687,0.289,0.289,45.0,0.23082,0.23082,45.0,2299.0,1462.0,42.74333614141785,-21.78723428832687,0.0833333,0.0833333,0.0833333,0.0833333,0.289,0.289,45.0,0.2886751,0.2886751,45.0,99.0,0.0,0.0,1.0,0.0,0.025,18.0
1271,1271,18_20,18_190,0.5995149,0.3109597,26.6788,0.5633,-2.812779E-4,1.0,1.0,2355.0,1460.0,2355.0,1460.0,2355.0,1460.0,42.72638362111845,-21.786412404237904,0.289,0.289,45.0,0.50446,0.50446,45.0,2355.0,1460.0,42.72638362111845,-21.786412404237904,0.0833333,0.0833333,0.0833333,0.0833333,0.289,0.289,45.0,0.2886751,0.2886751,45.0,35.1157,0.0,0.0,1.0,0.0,0.029,18.0
1272,1272,18_21,18_189,3.116529,0.7089894,24.8891,0.2471,-2.649151E-4,1.0,1.0,2311.0,1453.0,2311.0,1453.0,2311.0,1453.0,42.73974613412285,-21.784646581491945,0.289,0.289,45.0,0.11355,0.11355,45.0,2311.0,1453.0,42.73974613412285,-21.784646581491945,0.0833333,0.0833333,0.0833333,0.0833333,0.289,0.289,45.0,0.2886751,0.2886751,45.0,35.1157,0.0,0.0,1.0,0.0,0.37,18.0
1273,1273,18_22,18_188,33.56096,2.326598,22.3087,0.0753,-3.044596E-6,10.0,10.0,2101.0,1446.0,2100.0807,1446.2526,2100.0807,1446.2526,42.8036647834325,-21.783707979540747,0.891,0.496,-19.59,0.11139,0.08444,-12.31,2100.0807,1446.2526,42.8036647834325,-21.783707979540747,0.4507227442,0.19436062934,0.4507227442,0.19436062934,0.688,0.414,-16.0,0.6882424,0.4140117,-16.0,99.0,0.0,3.93,1.797,0.444,0.694,18.0
1274,1274,18_23,18_187,1.573668,0.503803,25.631,0.3477,-5.383704E-6,1.0,1.0,2329.0,1436.0,2329.0,1436.0,2329.0,1436.0,42.7343787997774,-21.779780046854107,0.289,0.289,45.0,0.2054,0.2054,45.0,2329.0,1436.0,42.7343787997774,-21.779780046854107,0.0833333,0.0833333,0.0833333,0.0833333,0.289,0.289,45.0,0.2886751,0.2886751,45.0,99.0,0.0,0.0,1.0,0.0,0.046,18.0
1275,1275,18_24,18_186,1.317282,0.4609391,25.8241,0.38,-0.001826293,1.0,1.0,2332.0,1433.0,2332.0,1433.0,2332.0,1433.0,42.73348510750215,-21.778922041860536,0.289,0.289,45.0,0.2416,0.2416,45.0,2332.0,1433.0,42.73348510750215,-21.778922041860536,0.0833333,0.0833333,0.0833333,0.0833333,0.289,0.289,45.0,0.2886751,0.2886751,45.0,32.9981,0.0,0.0,1.0,0.0,0.025,18.0
1276,1276,18_25,18_185,3.239871,0.722883,24.847,0.2423,-6.206003E-5,1.0,1.0,2044.0,1433.0,2044.0,1433.0,2044.0,1433.0,42.82071457383008,-21.780229614870105,0.289,0.289,45.0,0.10994,0.10994,45.0,2044.0,1433.0,42.82071457383008,-21.780229614870105,0.0833333,0.0833333,0.0833333,0.0833333,0.289,0.289,45.0,0.2886751,0.2886751,45.0,99.0,0.0,0.0,1.0,0.0,0.37,18.0
1277,1277,18_26,18_184,0.7118574,0.3388447,26.4923,0.5169,-7.828735E-6,1.0,1.0,2097.0,1429.0,2097.0,1429.0,2097.0,1429.0,42.804681559898846,-21.778867256503908,0.289,0.289,45.0,0.42816,0.42816,45.0,2097.0,1429.0,42.804681559898846,-21.778867256503908,0.0833333,0.0833333,0.0833333,0.0833333,0.289,0.289,45.0,0.2886751,0.2886751,45.0,99.0,0.0,0.0,1.0,0.0,0.028,18.0
1278,1278,18_27,18_183,2.524507,0.6381054,25.1179,0.2745,-4.443679E-5,1.0,1.0,2065.0,1428.0,2065.0,1428.0,2065.0,1428.0,42.81437834885882,-21.77872906598752,0.289,0.289,45.0,0.13564,0.13564,45.0,2065.0,1428.0,42.81437834885882,-21.77872906598752,0.0833333,0.0833333,0.0833333,0.0833333,0.289,0.289,45.0,0.2886751,0.2886751,45.0,99.0,0.0,0.0,1.0,0.0,0.375,18.0
1279,1279,18_28,18_182,26.95086,2.084925,22.5469,0.084,-1.096606E-7,15.0,15.0,2341.0,1407.0,2340.0507,1406.5089,2340.0507,1406.5089,42.73117894741324,-21.77143084523604,0.902,0.812,8.76,0.18,0.15935,-10.78,2340.0507,1406.5089,42.73117894741324,-21.77143084523604,0.53192433893,0.44011122231,0.53192433893,0.44011122231,0.732,0.66,12.06,0.7323366,0.66009,12.06,99.0,0.0,2.68,1.111,0.1,0.003,18.0
1280,1280,18_29,18_181,10.40692,1.295583,23.58,0.1352,-1.081048E-4,1.0,1.0,2511.0,1398.0,2511.0,1398.0,2511.0,1398.0,42.67944625186023,-21.76823508685927,0.289,0.289,45.0,0.0454,0.0454,45.0,2511.0,1398.0,42.67944625186023,-21.76823508685927,0.0833333,0.0833333,0.0833333,0.0833333,0.289,0.289,45.0,0.2886751,0.2886751,45.0,99.0,0.0,0.0,1.0,0.0,0.554,18.0
1281,1281,18_30,18_180,31.04264,2.237605,22.3934,0.0783,-1.200541E-7,10.0,10.0,2289.0,1389.0,2288.5585,1389.6964,2288.5585,1389.6964,42.74685776249048,-21.766937948326472,0.776,0.635,-54.02,0.12582,0.08666,-32.84,2288.5585,1389.6964,42.74685776249048,-21.766937948326472,0.29875975529,0.31664033276,0.29875975529,0.31664033276,0.585,0.523,-52.47,0.5851216,0.5225253,-52.47,99.0,0.0,2.92,1.223,0.182,0.603,18.0
1282,1282,18_31,18_179,1.176124,0.4355428,25.9472,0.4022,-1.736995E-6,2.0,2.0,2171.0,1391.0,2170.5655,1391.0,2170.5655,1391.0,42.78258626393564,-21.767843275521216,0.574,0.289,0.0,0.73025,0.36319,0.0,2170.5655,1391.0,42.78258626393564,-21.767843275521216,0.21242327607,0.0833333,0.21242327607,0.0833333,0.461,0.289,0.0,0.460894,0.2886751,0.0,99.0,0.0,0.96,1.987,0.497,0.027,18.0
1284,1284,18_33,18_177,0.2767493,0.2112747,27.5181,0.8291,-9.357248E-8,1.0,1.0,2263.0,1389.0,2263.0,1389.0,2263.0,1389.0,42.75460179592435,-21.76685937710046,0.289,0.289,45.0,1.0661,1.0661,45.0,2263.0,1389.0,42.75460179592435,-21.76685937710046,0.0833333,0.0833333,0.0833333,0.0833333,0.289,0.289,45.0,0.2886751,0.2886751,45.0,99.0,0.0,0.0,1.0,0.0,0.057,18.0
1285,1285,18_34,18_176,1.863491,0.5482363,25.4475,0.3195,-1.094084E-5,1.0,1.0,2097.0,1388.0,2097.0,1388.0,2097.0,1388.0,42.80488033141386,-21.767330565299797,0.289,0.289,45.0,0.17666,0.17666,45.0,2097.0,1388.0,42.80488033141386,-21.767330565299797,0.0833333,0.0833333,0.0833333,0.0833333,0.289,0.289,45.0,0.2886751,0.2886751,45.0,99.0,0.0,0.0,1.0,0.0,0.343,18.0
1286,1286,18_35,18_175,3.411048,0.7417338,24.7911,0.2362,-3.590836E-7,1.0,1.0,2377.0,1382.0,2377.0,1382.0,2377.0,1382.0,42.72011094988443,-21.76436300276597,0.289,0.289,45.0,0.10537,0.10537,45.0,2377.0,1382.0,42.72011094988443,-21.76436300276597,0.0833333,0.0833333,0.0833333,0.0833333,0.289,0.289,45.0,0.2886751,0.2886751,45.0,99.0,0.0,0.0,1.0,0.0,0.369,18.0
1287,1287,18_36,18_174,2.967735,0.6918576,24.9422,0.2532,-8.781561E-8,1.0,1.0,2247.0,1382.0,2247.0,1382.0,2247.0,1382.0,42.75948205145083,-21.76496299062637,0.289,0.289,45.0,0.11828,0.11828,45.0,2247.0,1382.0,42.75948205145083,-21.76496299062637,0.0833333,0.0833333,0.0833333,0.0833333,0.289,0.289,45.0,0.2886751,0.2886751,45.0,99.0,0.0,0.0,1.0,0.0,0.371,18.0
1289,1289,18_38,18_172,0.03730711,0.0775711,29.6938,2.2581,-0.003387918,1.0,1.0,2377.0,1380.0,2377.0,1380.0,2377.0,1380.0,42.72012097457091,-21.763800250546787,0.289,0.289,45.0,8.53367,8.53367,45.0,2377.0,1380.0,42.72012097457091,-21.763800250546787,0.0833333,0.0833333,0.0833333,0.0833333,0.289,0.289,45.0,0.2886751,0.2886751,45.0,32.3245,0.0,0.0,1.0,0.0,0.001,18.0
1290,1290,18_39,18_171,0.1025518,0.1286103,28.5959,1.362,-0.003387936,1.0,1.0,2379.0,1379.0,2379.0,1379.0,2379.0,1379.0,42.71952027573821,-21.763509560003765,0.289,0.289,45.0,2.93421,2.93421,45.0,2379.0,1379.0,42.71952027573821,-21.763509560003765,0.0833333,0.0833333,0.0833333,0.0833333,0.289,0.289,45.0,0.2886751,0.2886751,45.0,32.3245,0.0,0.0,1.0,0.0,0.008,18.0
1291,1291,18_40,18_170,0.8597613,0.3723858,26.2874,0.4704,-1.130214E-7,1.0,1.0,2267.0,1372.0,2267.0,1372.0,2267.0,1372.0,42.7534744749369,-21.762057574861824,0.289,0.289,45.0,0.35828,0.35828,45.0,2267.0,1372.0,42.7534744749369,-21.762057574861824,0.0833333,0.0833333,0.0833333,0.0833333,0.289,0.289,45.0,0.2886751,0.2886751,45.0,99.0,0.0,0.0,1.0,0.0,0.027,18.0
1292,1292,18_41,18_169,0.05779507,0.0965494,29.2186,1.8142,-2.594434E-4,1.0,1.0,2267.0,1369.0,2267.0,1369.0,2267.0,1369.0,42.75348931509191,-21.761213432473205,0.289,0.289,45.0,5.04044,5.04044,45.0,2267.0,1369.0,42.75348931509191,-21.761213432473205,0.0833333,0.0833333,0.0833333,0.0833333,0.289,0.289,45.0,0.2886751,0.2886751,45.0,35.1146,0.0,0.0,1.0,0.0,0.001,18.0
1293,1293,18_42,18_168,5.041174,0.9017165,24.367,0.1943,-2.813982E-5,1.0,1.0,2510.0,1367.0,2510.0,1367.0,2510.0,1367.0,42.67990691066838,-21.759517335294323,0.289,0.289,45.0,0.0771,0.0771,45.0,2510.0,1367.0,42.67990691066838,-21.759517335294323,0.0833333,0.0833333,0.0833333,0.0833333,0.289,0.289,45.0,0.2886751,0.2886751,45.0,99.0,0.0,0.0,1.0,0.0,0.374,18.0
1295,1295,18_44,18_166,7.263225,1.082353,23.9705,0.1618,-3.840885E-6,1.0,1.0,2437.0,1365.0,2437.0,1365.0,2437.0,1365.0,42.70202523820056,-21.759299073262213,0.289,0.289,45.0,0.05857,0.05857,45.0,2437.0,1365.0,42.70202523820056,-21.759299073262213,0.0833333,0.0833333,0.0833333,0.0833333,0.289,0.289,45.0,0.2886751,0.2886751,45.0,99.0,0.0,0.0,1.0,0.0,0.414,18.0
1296,1296,18_45,18_165,17.97158,1.70254,22.9868,0.1029,-4.112553E-5,10.0,10.0,2073.0,1363.0,2073.7708,1363.1426,2073.7708,1363.1426,42.81203538009348,-21.76044001996018,0.717,0.531,-5.8,0.18533,0.14749,-1.54,2073.7708,1363.1426,42.81203538009348,-21.76044001996018,0.32916120027,0.17408983728,0.32916120027,0.17408983728,0.574,0.417,2.04,0.5738966,0.4170057,2.04,99.0,0.0,2.28,1.349,0.259,0.083,18.0
1297,1297,18_46,18_164,0.5010719,0.2842852,26.8736,0.6161,-1.085574E-5,1.0,1.0,2484.0,1362.0,2484.0,1362.0,2484.0,1362.0,42.68780647067403,-21.75823356593575,0.289,0.289,45.0,0.59893,0.59893,45.0,2484.0,1362.0,42.68780647067403,-21.75823356593575,0.0833333,0.0833333,0.0833333,0.0833333,0.289,0.289,45.0,0.2886751,0.2886751,45.0,99.0,0.0,0.0,1.0,0.0,0.031,18.0
1298,1298,18_47,18_163,274.9994,6.659936,20.025,0.0263,-6.13481E-7,38.0,38.0,2224.0,1355.0,2223.5683,1356.275,2223.5683,1356.275,42.76670496654683,-21.757831448705392,1.87,1.058,-84.51,0.06412,0.0421,-83.51,2223.5683,1356.275,42.76670496654683,-21.757831448705392,0.87225513799,1.3901395684,0.87225513799,1.3901395684,1.18,0.933,-86.62,1.179809,0.9329761,-86.62,99.0,0.0,8.42,1.767,0.434,0.959,18.0
1299,1299,18_48,18_162,1.803663,0.5393639,25.4829,0.3248,-0.002336382,1.0,1.0,2374.0,1359.0,2374.0,1359.0,2374.0,1359.0,42.72113474766151,-21.75790529445525,0.289,0.289,45.0,0.18205,0.18205,45.0,2374.0,1359.0,42.72113474766151,-21.75790529445525,0.0833333,0.0833333,0.0833333,0.0833333,0.289,0.289,45.0,0.2886751,0.2886751,45.0,32.7279,0.0,0.0,1.0,0.0,0.301,18.0
1300,1300,18_49,18_161,0.7936478,0.3577816,26.3742,0.4896,-2.623131E-8,2.0,2.0,2376.0,1358.0,2376.0,1357.7118,2376.0,1357.7118,42.72053551437686,-21.75753351400038,0.537,0.289,90.0,1.12228,0.53059,90.0,2376.0,1357.7118,42.72053551437686,-21.75753351400038,0.0833333,0.11425314435,0.0833333,0.11425314435,0.338,0.289,90.0,0.3380135,0.2886751,90.0,99.0,0.0,0.92,1.861,0.463,0.016,18.0
1301,1301,18_50,18_160,0.9460795,0.3906321,26.1835,0.4484,-2.599931E-4,1.0,1.0,2262.0,1357.0,2262.0,1357.0,2262.0,1357.0,42.75506285866465,-21.75785977783397,0.289,0.289,45.0,0.32766,0.32766,45.0,2262.0,1357.0,42.75506285866465,-21.75785977783397,0.0833333,0.0833333,0.0833333,0.0833333,0.289,0.289,45.0,0.2886751,0.2886751,45.0,35.1123,0.0,0.0,1.0,0.0,0.027,18.0
1302,1302,18_51,18_159,31.62065,2.258341,22.3734,0.0776,-2.440508E-4,3.0,3.0,2270.0,1353.0,2269.6216,1353.0,2269.6216,1353.0,42.75277453752412,-21.756699301760143,0.593,0.289,0.0,0.06689,0.02598,0.0,2269.6216,1353.0,42.75277453752412,-21.756699301760143,0.19207561892,0.0833333,0.19207561892,0.0833333,0.438,0.289,0.0,0.4382643,0.2886751,0.0,35.1812,0.0,1.11,2.054,0.513,0.847,18.0
1303,1303,18_52,18_158,5.387262,0.9321552,24.2949,0.1879,-3.10807E-6,1.0,1.0,2179.0,1353.0,2179.0,1353.0,2179.0,1353.0,42.78021782742063,-21.757112497151116,0.289,0.289,45.0,0.07325,0.07325,45.0,2179.0,1353.0,42.78021782742063,-21.757112497151116,0.0833333,0.0833333,0.0833333,0.0833333,0.289,0.289,45.0,0.2886751,0.2886751,45.0,99.0,0.0,0.0,1.0,0.0,0.378,18.0
1304,1304,18_53,18_157,8.121148,1.144492,23.8493,0.153,3.145117E-4,1.0,1.0,2228.0,1348.0,2228.0,1348.0,2228.0,1348.0,42.765403620181374,-21.7554827886846,0.289,0.289,45.0,0.05402,0.05402,45.0,2228.0,1348.0,42.765403620181374,-21.7554827886846,0.0833333,0.0833333,0.0833333,0.0833333,0.289,0.289,45.0,0.2886751,0.2886751,45.0,99.0,0.0,0.0,1.0,0.0,0.444,18.0
1305,1305,18_54,18_156,2.950457,0.6898407,24.9486,0.2539,-5.855951E-5,1.0,1.0,2060.0,1346.0,2060.0,1346.0,2060.0,1346.0,42.81628829945868,-21.75567777819835,0.289,0.289,45.0,0.11886,0.11886,45.0,2060.0,1346.0,42.81628829945868,-21.75567777819835,0.0833333,0.0833333,0.0833333,0.0833333,0.289,0.289,45.0,0.2886751,0.2886751,45.0,99.0,0.0,0.0,1.0,0.0,0.371,18.0
1306,1306,18_55,18_155,1.181068,0.4364571,25.9426,0.4013,-2.17757E-7,1.0,1.0,2460.0,1345.0,2460.0,1345.0,2460.0,1345.0,42.69516086122773,-21.753563407232477,0.289,0.289,45.0,0.26668,0.26668,45.0,2460.0,1345.0,42.69516086122773,-21.753563407232477,0.0833333,0.0833333,0.0833333,0.0833333,0.289,0.289,45.0,0.2886751,0.2886751,45.0,99.0,0.0,0.0,1.0,0.0,0.025,18.0
1307,1307,18_56,18_154,0.8459164,0.3693753,26.305,0.4742,-3.03253E-7,1.0,1.0,2442.0,1343.0,2442.0,1343.0,2442.0,1343.0,42.70062205433531,-21.75308531279316,0.289,0.289,45.0,0.36379,0.36379,45.0,2442.0,1343.0,42.70062205433531,-21.75308531279316,0.0833333,0.0833333,0.0833333,0.0833333,0.289,0.289,45.0,0.2886751,0.2886751,45.0,99.0,0.0,0.0,1.0,0.0,0.027,18.0
1308,1308,18_57,18_153,15.72608,1.592628,23.1318,0.11,1.968881E-4,5.0,5.0,2219.0,1343.0,2219.0009,1342.5518,2219.0009,1342.5518,42.76815561072183,-21.75399077572888,0.503,0.365,-77.06,0.12018,0.08089,-19.64,2219.0009,1342.5518,42.76815561072183,-21.75399077572888,0.10880804937,0.26950582551,0.10880804937,0.26950582551,0.519,0.33,-88.98,0.5191886,0.3297834,-88.98,99.0,0.0,2.48,1.379,0.275,0.735,18.0
1309,1309,18_58,18_152,2.157314,0.5898762,25.2885,0.2969,-1.239087E-7,1.0,1.0,2493.0,1340.0,2493.0,1340.0,2493.0,1340.0,42.6851925315257,-21.75200076571241,0.289,0.289,45.0,0.15535,0.15535,45.0,2493.0,1340.0,42.6851925315257,-21.75200076571241,0.0833333,0.0833333,0.0833333,0.0833333,0.289,0.289,45.0,0.2886751,0.2886751,45.0,99.0,0.0,0.0,1.0,0.0,0.379,18.0
1310,1310,18_59,18_151,6.185161,0.9988025,24.1449,0.1754,-6.370173E-6,1.0,1.0,2101.0,1336.0,2101.0,1336.0,2101.0,1336.0,42.80392097837381,-21.752680537451567,0.289,0.289,45.0,0.06596,0.06596,45.0,2101.0,1336.0,42.80392097837381,-21.752680537451567,0.0833333,0.0833333,0.0833333,0.0833333,0.289,0.289,45.0,0.2886751,0.2886751,45.0,99.0,0.0,0.0,1.0,0.0,0.389,18.0
1311,1311,18_60,18_150,4.694851,0.870192,24.4442,0.2013,-3.666209E-5,1.0,1.0,2077.0,1333.0,2077.0,1333.0,2077.0,1333.0,42.81120310555451,-21.751943818362328,0.289,0.289,45.0,0.08151,0.08151,45.0,2077.0,1333.0,42.81120310555451,-21.751943818362328,0.0833333,0.0833333,0.0833333,0.0833333,0.289,0.289,45.0,0.2886751,0.2886751,45.0,99.0,0.0,0.0,1.0,0.0,0.372,18.0
1312,1312,18_61,18_149,4.91542,0.8903986,24.3944,0.1967,1.676764E-8,1.0,1.0,2507.0,1331.0,2507.0,1331.0,2507.0,1331.0,42.68099856331816,-21.74940208805589,0.289,0.289,45.0,0.07863,0.07863,45.0,2507.0,1331.0,42.68099856331816,-21.74940208805589,0.0833333,0.0833333,0.0833333,0.0833333,0.289,0.289,45.0,0.2886751,0.2886751,45.0,99.0,0.0,0.0,1.0,0.0,0.373,18.0
1313,1313,18_62,18_148,12.87582,1.441092,23.3489,0.1215,-1.534777E-6,6.0,6.0,2170.0,1330.0,2170.4708,1330.2724,2170.4708,1330.2724,42.782911814022654,-21.75075589588692,0.678,0.287,45.65,0.19717,0.12878,51.58,2170.4708,1330.2724,42.782911814022654,-21.75075589588692,0.13970223339,0.077224534077,0.13970223339,0.077224534077,0.416,0.21,30.5,0.4158007,0.2098488,30.5,99.0,0.0,1.63,2.36,0.576,0.738,18.0
1314,1314,18_63,18_147,2.682734,0.6577986,25.0519,0.2663,-9.543895E-7,1.0,1.0,2190.0,1330.0,2190.0,1330.0,2190.0,1330.0,42.77699934534366,-21.750590742758547,0.289,0.289,45.0,0.1288,0.1288,45.0,2190.0,1330.0,42.77699934534366,-21.750590742758547,0.0833333,0.0833333,0.0833333,0.0833333,0.289,0.289,45.0,0.2886751,0.2886751,45.0,99.0,0.0,0.0,1.0,0.0,0.373,18.0
1315,1315,18_64,18_146,5.128418,0.9094858,24.3483,0.1926,-7.33242E-7,1.0,1.0,2288.0,1327.0,2288.0,1327.0,2288.0,1327.0,42.74733777491905,-21.74929893064681,0.289,0.289,45.0,0.07609,0.07609,45.0,2288.0,1327.0,42.74733777491905,-21.74929893064681,0.0833333,0.0833333,0.0833333,0.0833333,0.289,0.289,45.0,0.2886751,0.2886751,45.0,99.0,0.0,0.0,1.0,0.0,0.375,18.0
1316,1316,18_65,18_145,112.7666,4.264759,20.9928,0.0411,-4.050982E-6,15.0,15.0,2101.0,1321.0,2101.8095,1320.8042,2101.8095,1320.8042,42.80374947112707,-21.74840097634193,1.099,0.513,-25.15,0.06203,0.03632,-25.88,2101.8095,1320.8042,42.80374947112707,-21.74840097634193,0.45935933729,0.19585021892,0.45935933729,0.19585021892,0.702,0.403,-18.59,0.7021117,0.4028011,-18.59,99.0,0.0,3.95,2.143,0.533,0.999,18.0
1317,1317,18_66,18_144,2.215913,0.5978339,25.2594,0.293,-5.364612E-7,1.0,1.0,2460.0,1319.0,2460.0,1319.0,2460.0,1319.0,42.69529235327053,-21.746247587105504,0.289,0.289,45.0,0.15178,0.15178,45.0,2460.0,1319.0,42.69529235327053,-21.746247587105504,0.0833333,0.0833333,0.0833333,0.0833333,0.289,0.289,45.0,0.2886751,0.2886751,45.0,99.0,0.0,0.0,1.0,0.0,0.378,18.0
1318,1318,18_67,18_143,1.976253,0.5645799,25.3837,0.3103,-4.259518E-7,1.0,1.0,2335.0,1319.0,2335.0,1319.0,2335.0,1319.0,42.73314500324172,-21.74683105385691,0.289,0.289,45.0,0.16774,0.16774,45.0,2335.0,1319.0,42.73314500324172,-21.74683105385691,0.0833333,0.0833333,0.0833333,0.0833333,0.289,0.289,45.0,0.2886751,0.2886751,45.0,99.0,0.0,0.0,1.0,0.0,0.373,18.0
1319,1319,18_68,18_142,5.108637,0.90773,24.3525,0.193,6.924832E-8,1.0,1.0,2248.0,1315.0,2248.0,1315.0,2248.0,1315.0,42.75950976725466,-21.74610573584636,0.289,0.289,45.0,0.07631,0.07631,45.0,2248.0,1315.0,42.75950976725466,-21.74610573584636,0.0833333,0.0833333,0.0833333,0.0833333,0.289,0.289,45.0,0.2886751,0.2886751,45.0,99.0,0.0,0.0,1.0,0.0,0.375,18.0
1320,1320,18_69,18_141,2.171166,0.591767,25.2816,0.296,4.155295E-7,2.0,2.0,2225.0,1315.0,2225.0,1314.7756,2225.0,1314.7756,42.76647554159883,-21.74614760900016,0.507,0.289,90.0,0.43906,0.20383,90.0,2225.0,1314.7756,42.76647554159883,-21.74614760900016,0.0833333,0.10253150917,0.0833333,0.10253150917,0.32,0.289,90.0,0.3202054,0.2886751,90.0,99.0,0.0,0.88,1.757,0.431,0.033,18.0
1321,1321,18_70,18_140,0.8143566,0.3624194,26.3463,0.4833,-0.001821157,1.0,1.0,2213.0,1312.0,2213.0,1312.0,2213.0,1312.0,42.77012290179192,-21.745421252180464,0.289,0.289,45.0,0.37783,0.37783,45.0,2213.0,1312.0,42.77012290179192,-21.745421252180464,0.0833333,0.0833333,0.0833333,0.0833333,0.289,0.289,45.0,0.2886751,0.2886751,45.0,32.9981,0.0,0.0,1.0,0.0,0.028,18.0
1322,1322,18_71,18_139,18.52345,1.728483,22.954,0.1013,2.559322E-7,8.0,8.0,2168.0,1310.0,2167.4914,1310.3016,2167.4914,1310.3016,42.78391156373006,-21.74514983539274,0.681,0.521,-33.48,0.15524,0.13415,-47.17,2167.4914,1310.3016,42.78391156373006,-21.74514983539274,0.1360761899,0.10384396021,0.1360761899,0.10384396021,0.382,0.306,-26.14,0.3824939,0.3059716,-26.14,99.0,0.0,0.71,1.306,0.235,0.892,18.0
1323,1323,18_72,18_138,6.630137,1.034107,24.0695,0.1694,1.961228E-7,1.0,1.0,2163.0,1310.0,2163.0,1310.0,2163.0,1310.0,42.785273058183606,-21.74508527952259,0.289,0.289,45.0,0.06263,0.06263,45.0,2163.0,1310.0,42.785273058183606,-21.74508527952259,0.0833333,0.0833333,0.0833333,0.0833333,0.289,0.289,45.0,0.2886751,0.2886751,45.0,99.0,0.0,0.0,1.0,0.0,0.398,18.0
1324,1324,18_73,18_137,2.77957,0.6695654,25.0134,0.2616,-1.115465E-6,1.0,1.0,2412.0,1307.0,2412.0,1307.0,2412.0,1307.0,42.70988819011672,-21.74309625799137,0.289,0.289,45.0,0.12498,0.12498,45.0,2412.0,1307.0,42.70988819011672,-21.74309625799137,0.0833333,0.0833333,0.0833333,0.0833333,0.289,0.289,45.0,0.2886751,0.2886751,45.0,99.0,0.0,0.0,1.0,0.0,0.373,18.0
1325,1325,18_74,18_136,21.80959,1.875547,22.7767,0.0934,-0.00161973,6.0,6.0,2341.0,1304.0,2341.0281,1304.5212,2341.0281,1304.5212,42.73139177766632,-21.742729049398104,1.007,0.368,50.31,0.13873,0.06873,45.57,2341.0281,1304.5212,42.73139177766632,-21.742729049398104,0.20960790822,0.081682307183,0.20960790822,0.081682307183,0.468,0.269,14.46,0.4676723,0.2693935,14.46,33.1259,0.0,3.01,2.737,0.635,0.573,18.0
1326,1326,18_75,18_135,5.521713,0.9437155,24.2681,0.1856,-0.001822487,1.0,1.0,2449.0,1305.0,2449.0,1305.0,2449.0,1305.0,42.69869410882506,-21.74236001876894,0.289,0.289,45.0,0.0719,0.0719,45.0,2449.0,1305.0,42.69869410882506,-21.74236001876894,0.0833333,0.0833333,0.0833333,0.0833333,0.289,0.289,45.0,0.2886751,0.2886751,45.0,32.9981,0.0,0.0,1.0,0.0,0.379,18.0
1327,1327,18_76,18_134,15.53527,1.582937,23.145,0.1107,-0.003012226,7.0,7.0,2414.0,1303.0,2413.9069,1303.0633,2413.9069,1303.0633,42.70933054850426,-21.7419796231367,0.758,0.562,25.28,0.17152,0.12559,31.31,2413.9069,1303.0633,42.70933054850426,-21.7419796231367,0.31036860168,0.18410099071,0.31036860168,0.18410099071,0.558,0.428,5.69,0.558244,0.42759,5.69,32.4524,0.0,2.34,1.349,0.258,0.081,18.0
1328,1328,18_77,18_133,6.522898,1.02571,24.0872,0.1708,3.006583E-7,1.0,1.0,2509.0,1302.0,2509.0,1302.0,2509.0,1302.0,42.680540355082016,-21.74123266279954,0.289,0.289,45.0,0.0634,0.0634,45.0,2509.0,1302.0,42.680540355082016,-21.74123266279954,0.0833333,0.0833333,0.0833333,0.0833333,0.289,0.289,45.0,0.2886751,0.2886751,45.0,99.0,0.0,0.0,1.0,0.0,0.396,18.0
1329,1329,18_78,18_132,22.0102,1.884153,22.7667,0.093,6.517769E-7,2.0,2.0,2233.0,1302.0,2232.5408,1302.0,2232.5408,1302.0,42.76425498040863,-21.742518324791508,0.576,0.289,0.0,0.06175,0.0309,0.0,2232.5408,1302.0,42.76425498040863,-21.742518324791508,0.23436528505,0.0833333,0.23436528505,0.0833333,0.484,0.289,0.0,0.4841129,0.2886751,0.0,99.0,0.0,0.96,1.995,0.499,0.727,18.0
1330,1330,18_79,18_131,8.361258,1.161288,23.8176,0.1508,-1.867337E-4,1.0,1.0,2164.0,1301.0,2164.0,1301.0,2164.0,1301.0,42.78501417838954,-21.7425482553598,0.289,0.289,45.0,0.05291,0.05291,45.0,2164.0,1301.0,42.78501417838954,-21.7425482553598,0.0833333,0.0833333,0.0833333,0.0833333,0.289,0.289,45.0,0.2886751,0.2886751,45.0,35.4651,0.0,0.0,1.0,0.0,0.454,18.0
1331,1331,18_80,18_130,0.94077,0.3895344,26.1896,0.4497,2.398281E-7,1.0,1.0,2111.0,1299.0,2111.0,1299.0,2111.0,1299.0,42.80107223158704,-21.74222424968534,0.289,0.289,45.0,0.3293,0.3293,45.0,2111.0,1299.0,42.80107223158704,-21.74222424968534,0.0833333,0.0833333,0.0833333,0.0833333,0.289,0.289,45.0,0.2886751,0.2886751,45.0,99.0,0.0,0.0,1.0,0.0,0.027,18.0
1332,1332,18_81,18_129,0.8795534,0.3766477,26.2626,0.4651,5.605148E-7,1.0,1.0,2237.0,1298.0,2237.0,1298.0,2237.0,1298.0,42.76292441216227,-21.74137241997548,0.289,0.289,45.0,0.35071,0.35071,45.0,2237.0,1298.0,42.76292441216227,-21.74137241997548,0.0833333,0.0833333,0.0833333,0.0833333,0.289,0.289,45.0,0.2886751,0.2886751,45.0,99.0,0.0,0.0,1.0,0.0,0.027,18.0
1333,1333,18_82,18_128,0.5209076,0.2898575,26.8314,0.6043,-2.623422E-4,1.0,1.0,2101.0,1291.0,2101.0,1291.0,2101.0,1291.0,42.804138934937946,-21.74001797924758,0.289,0.289,45.0,0.57725,0.57725,45.0,2101.0,1291.0,42.804138934937946,-21.74001797924758,0.0833333,0.0833333,0.0833333,0.0833333,0.289,0.289,45.0,0.2886751,0.2886751,45.0,35.1157,0.0,0.0,1.0,0.0,0.03,18.0
1334,1334,18_83,18_127,22.00328,1.883857,22.7671,0.093,-0.001903008,3.0,3.0,2398.0,1288.0,2397.1398,1287.9156,2397.1398,1287.9156,42.71448384374791,-21.73779565401032,0.947,0.278,0.83,0.10409,0.04814,2.04,2397.1398,1287.9156,42.71448384374791,-21.73779565401032,0.26576325977,0.044751007436,0.26576325977,0.044751007436,0.522,0.195,9.7,0.521938,0.1951795,9.7,32.9512,0.0,2.13,3.409,0.707,0.599,18.0
1336,1336,18_85,18_125,11.07205,1.336344,23.5127,0.1311,-8.341124E-8,1.0,1.0,2490.0,1284.0,2490.0,1284.0,2490.0,1284.0,42.68638515688889,-21.73625775801241,0.289,0.289,45.0,0.04352,0.04352,45.0,2490.0,1284.0,42.68638515688889,-21.73625775801241,0.0833333,0.0833333,0.0833333,0.0833333,0.289,0.289,45.0,0.2886751,0.2886751,45.0,99.0,0.0,0.0,1.0,0.0,0.587,18.0
1337,1337,18_86,18_124,0.4914741,0.2815493,26.8945,0.6221,-7.977214E-7,1.0,1.0,2393.0,1281.0,2393.0,1281.0,2393.0,1281.0,42.71577206794885,-21.7358690242632,0.289,0.289,45.0,0.61019,0.61019,45.0,2393.0,1281.0,42.71577206794885,-21.7358690242632,0.0833333,0.0833333,0.0833333,0.0833333,0.289,0.289,45.0,0.2886751,0.2886751,45.0,99.0,0.0,0.0,1.0,0.0,0.031,18.0
1338,1338,18_87,18_123,22.49662,1.904859,22.743,0.092,-9.679735E-5,3.0,3.0,2015.0,1281.0,2014.8878,1280.8684,2014.8878,1280.8684,42.83026135516612,-21.737550853950165,0.351,0.301,-58.21,0.05339,0.043,-46.62,2014.8878,1280.8684,42.83026135516612,-21.737550853950165,0.092018391214,0.093788236489,0.092018391214,0.093788236489,0.306,0.303,-87.01,0.3062565,0.3033374,-87.01,99.0,0.0,-0.99,1.168,0.144,0.947,18.0
1339,1339,18_88,18_122,2.615177,0.6494634,25.0795,0.2697,6.859139E-6,1.0,1.0,2163.0,1280.0,2163.0,1280.0,2163.0,1280.0,42.78541943704229,-21.73664357685861,0.289,0.289,45.0,0.13162,0.13162,45.0,2163.0,1280.0,42.78541943704229,-21.73664357685861,0.0833333,0.0833333,0.0833333,0.0833333,0.289,0.289,45.0,0.2886751,0.2886751,45.0,99.0,0.0,0.0,1.0,0.0,0.374,18.0
1340,1340,18_89,18_121,16.34179,1.623506,23.0901,0.1079,5.65906E-6,6.0,6.0,2143.0,1277.0,2142.3056,1276.3574,2142.3056,1276.3574,42.79170316130192,-21.735711989306708,0.798,0.512,37.1,0.1455,0.10083,43.38,2142.3056,1276.3574,42.79170316130192,-21.735711989306708,0.31724995621,0.28814552332,0.31724995621,0.28814552332,0.624,0.464,40.19,0.6243465,0.4643134,40.19,99.0,0.0,3.77,1.559,0.358,0.363,18.0
1342,1342,18_91,18_119,0.03283332,0.07277154,29.8325,2.407,-3.737767E-7,1.0,1.0,2474.0,1274.0,2474.0,1274.0,2474.0,1274.0,42.69128065039019,-21.733519480286827,0.289,0.289,45.0,8.81521,8.81521,45.0,2474.0,1274.0,42.69128065039019,-21.733519480286827,0.0833333,0.0833333,0.0833333,0.0833333,0.289,0.289,45.0,0.2886751,0.2886751,45.0,99.0,0.0,0.0,1.0,0.0,0.001,18.0
1343,1343,18_92,18_118,0.311607,0.2241856,27.3893,0.7813,5.319503E-6,1.0,1.0,2206.0,1274.0,2206.0,1274.0,2206.0,1274.0,42.772428947249466,-21.73476030991252,0.289,0.289,45.0,0.94938,0.94938,45.0,2206.0,1274.0,42.772428947249466,-21.73476030991252,0.0833333,0.0833333,0.0833333,0.0833333,0.289,0.289,45.0,0.2886751,0.2886751,45.0,99.0,0.0,0.0,1.0,0.0,0.046,18.0
1344,1344,18_93,18_117,0.8100122,0.3614514,26.3521,0.4846,-0.004262832,1.0,1.0,2175.0,1272.0,2175.0,1272.0,2175.0,1272.0,42.78182506225297,-21.734338162051717,0.289,0.289,45.0,0.38084,0.38084,45.0,2175.0,1272.0,42.78182506225297,-21.734338162051717,0.0833333,0.0833333,0.0833333,0.0833333,0.289,0.289,45.0,0.2886751,0.2886751,45.0,32.0724,0.0,0.0,1.0,0.0,0.028,18.0
1346,1346,18_95,18_115,4.376781,0.8401979,24.5204,0.2085,-4.319739E-7,1.0,1.0,2339.0,1269.0,2339.0,1269.0,2339.0,1269.0,42.73218291892361,-21.732743276252855,0.289,0.289,45.0,0.08614,0.08614,45.0,2339.0,1269.0,42.73218291892361,-21.732743276252855,0.0833333,0.0833333,0.0833333,0.0833333,0.289,0.289,45.0,0.2886751,0.2886751,45.0,99.0,0.0,0.0,1.0,0.0,0.37,18.0
1347,1347,18_96,18_114,10.22098,1.283957,23.5996,0.1364,0.002970073,5.0,5.0,2162.0,1269.0,2162.3904,1268.5638,2162.3904,1268.5638,42.78565979576808,-21.733428279898263,0.748,0.317,-56.81,0.21311,0.1076,-65.72,2162.3904,1268.5638,42.78565979576808,-21.733428279898263,0.10681647575,0.085665725291,0.10681647575,0.085665725291,0.379,0.22,-38.6,0.379402,0.2203095,-38.6,99.0,0.0,0.73,2.364,0.577,0.665,18.0
1348,1348,18_97,18_113,1.203889,0.4406537,25.9218,0.3975,8.790725E-5,1.0,1.0,2193.0,1252.0,2193.0,1252.0,2193.0,1252.0,42.77647285005895,-21.728628735864387,0.289,0.289,45.0,0.26201,0.26201,45.0,2193.0,1252.0,42.77647285005895,-21.728628735864387,0.0833333,0.0833333,0.0833333,0.0833333,0.289,0.289,45.0,0.2886751,0.2886751,45.0,99.0,0.0,0.0,1.0,0.0,0.025,18.0
1349,1349,18_98,18_112,2.162172,0.59054,25.2861,0.2966,-1.760218E-7,1.0,1.0,2363.0,1250.0,2363.0,1250.0,2363.0,1250.0,42.72501088137791,-21.727285642105613,0.289,0.289,45.0,0.15505,0.15505,45.0,2363.0,1250.0,42.72501088137791,-21.727285642105613,0.0833333,0.0833333,0.0833333,0.0833333,0.289,0.289,45.0,0.2886751,0.2886751,45.0,99.0,0.0,0.0,1.0,0.0,0.379,18.0
1350,1350,18_99,18_111,1.532717,0.4972046,25.6596,0.3523,-4.677474E-7,1.0,1.0,2446.0,1249.0,2446.0,1249.0,2446.0,1249.0,42.69988509663459,-21.72661664870422,0.289,0.289,45.0,0.21033,0.21033,45.0,2446.0,1249.0,42.69988509663459,-21.72661664870422,0.0833333,0.0833333,0.0833333,0.0833333,0.289,0.289,45.0,0.2886751,0.2886751,45.0,99.0,0.0,0.0,1.0,0.0,0.035,18.0
1351,1351,18_100,18_110,0.5104988,0.2869469,26.8533,0.6104,-3.31398E-5,1.0,1.0,2025.0,1248.0,2025.0,1248.0,2025.0,1248.0,42.82735713976084,-21.72825698500053,0.289,0.289,45.0,0.58828,0.58828,45.0,2025.0,1248.0,42.82735713976084,-21.72825698500053,0.0833333,0.0833333,0.0833333,0.0833333,0.289,0.289,45.0,0.2886751,0.2886751,45.0,99.0,0.0,0.0,1.0,0.0,0.03,18.0
1352,1352,18_101,18_109,5.304717,0.9249862,24.3116,0.1894,1.442889E-6,1.0,1.0,2267.0,1247.0,2267.0,1247.0,2267.0,1247.0,42.75409226457639,-21.726884321278742,0.289,0.289,45.0,0.07413,0.07413,45.0,2267.0,1247.0,42.75409226457639,-21.726884321278742,0.0833333,0.0833333,0.0833333,0.0833333,0.289,0.289,45.0,0.2886751,0.2886751,45.0,99.0,0.0,0.0,1.0,0.0,0.377,18.0
1354,1354,18_103,18_107,21.91633,1.880131,22.7714,0.0932,7.234527E-6,4.0,4.0,2222.0,1243.0,2221.7579,1242.5059,2221.7579,1242.5059,42.76781236068499,-21.725826424097114,0.639,0.342,61.48,0.09465,0.05261,81.21,2221.7579,1242.5059,42.76781236068499,-21.725826424097114,0.12039740466,0.19832512378,0.12039740466,0.19832512378,0.459,0.329,69.65,0.4590736,0.3285939,69.65,99.0,0.0,1.23,1.87,0.465,0.901,18.0
1355,1355,18_104,18_106,3.03025,0.6991066,24.9196,0.2506,-4.549279E-6,1.0,1.0,2086.0,1240.0,2086.0,1240.0,2086.0,1240.0,42.80892718507911,-21.72573405443694,0.289,0.289,45.0,0.11623,0.11623,45.0,2086.0,1240.0,42.80892718507911,-21.72573405443694,0.0833333,0.0833333,0.0833333,0.0833333,0.289,0.289,45.0,0.2886751,0.2886751,45.0,99.0,0.0,0.0,1.0,0.0,0.371,18.0
1356,1356,18_105,18_105,143.7499,4.815129,20.7293,0.0364,4.956003E-8,12.0,12.0,2501.0,1235.0,2500.6096,1235.6076,2500.6096,1235.6076,42.68341815324038,-21.722590763812445,0.788,0.601,82.74,0.03517,0.03069,81.44,2500.6096,1235.6076,42.68341815324038,-21.722590763812445,0.25579784833,0.24048012856,0.25579784833,0.24048012856,0.514,0.482,-30.95,0.5141978,0.4815378,-30.95,99.0,0.0,2.68,1.312,0.238,1.0,18.0
1357,1357,18_106,18_104,6.099123,0.9918314,24.1601,0.1766,-2.485336E-4,1.0,1.0,2213.0,1236.0,2213.0,1236.0,2213.0,1236.0,42.77049588295929,-21.724035575685843,0.289,0.289,45.0,0.06666,0.06666,45.0,2213.0,1236.0,42.77049588295929,-21.724035575685843,0.0833333,0.0833333,0.0833333,0.0833333,0.289,0.289,45.0,0.2886751,0.2886751,45.0,35.1123,0.0,0.0,1.0,0.0,0.388,18.0
1358,1358,18_107,18_103,6.745027,1.043028,24.0508,0.1679,3.743706E-6,1.0,1.0,2246.0,1232.0,2246.0,1232.0,2246.0,1232.0,42.76052435421861,-21.72275953982455,0.289,0.289,45.0,0.06184,0.06184,45.0,2246.0,1232.0,42.76052435421861,-21.72275953982455,0.0833333,0.0833333,0.0833333,0.0833333,0.289,0.289,45.0,0.2886751,0.2886751,45.0,99.0,0.0,0.0,1.0,0.0,0.401,18.0
1359,1359,18_108,18_102,4.348061,0.8374367,24.5276,0.2092,2.810346E-5,1.0,1.0,2172.0,1231.0,2172.0,1231.0,2172.0,1231.0,42.78293355631291,-21.7228146157134,0.289,0.289,45.0,0.0866,0.0866,45.0,2172.0,1231.0,42.78293355631291,-21.7228146157134,0.0833333,0.0833333,0.0833333,0.0833333,0.289,0.289,45.0,0.2886751,0.2886751,45.0,99.0,0.0,0.0,1.0,0.0,0.37,18.0
1360,1360,18_109,18_101,26.09183,2.051429,22.582,0.0854,-2.801795E-8,5.0,5.0,2296.0,1229.0,2295.7641,1229.3213,2295.7641,1229.3213,42.74547084560369,-21.72177760810705,0.53,0.358,-50.01,0.09405,0.0497,-25.84,2295.7641,1229.3213,42.74547084560369,-21.72177760810705,0.12606079012,0.16259070483,0.12606079012,0.16259070483,0.406,0.351,-75.43,0.4064946,0.3513028,-75.43,99.0,0.0,0.98,1.48,0.324,0.978,18.0
1361,1361,18_110,18_100,3.768013,0.7795794,24.683,0.2247,-2.111749E-6,1.0,1.0,2044.0,1229.0,2044.0,1229.0,2044.0,1229.0,42.821695917596,-21.72282602832798,0.289,0.289,45.0,0.09714,0.09714,45.0,2044.0,1229.0,42.821695917596,-21.72282602832798,0.0833333,0.0833333,0.0833333,0.0833333,0.289,0.289,45.0,0.2886751,0.2886751,45.0,99.0,0.0,0.0,1.0,0.0,0.369,18.0
1363,1363,18_112,18_98,7.925285,1.130607,23.8758,0.1549,-1.94954E-4,1.0,1.0,2122.0,1223.0,2122.0,1223.0,2122.0,1223.0,42.798110238232695,-21.720788909365897,0.289,0.289,45.0,0.05498,0.05498,45.0,2122.0,1223.0,42.798110238232695,-21.720788909365897,0.0833333,0.0833333,0.0833333,0.0833333,0.289,0.289,45.0,0.2886751,0.2886751,45.0,35.3759,0.0,0.0,1.0,0.0,0.437,18.0
1364,1364,18_113,18_97,1.659472,0.5173555,25.5734,0.3386,4.765708E-6,1.0,1.0,2232.0,1221.0,2232.0,1221.0,2232.0,1221.0,42.76481710078748,-21.719728121339323,0.289,0.289,45.0,0.19585,0.19585,45.0,2232.0,1221.0,42.76481710078748,-21.719728121339323,0.0833333,0.0833333,0.0833333,0.0833333,0.289,0.289,45.0,0.2886751,0.2886751,45.0,99.0,0.0,0.0,1.0,0.0,0.109,18.0
1365,1365,18_114,18_96,9.100066,1.211508,23.7257,0.1446,-0.001858887,1.0,1.0,2230.0,1216.0,2230.0,1216.0,2230.0,1216.0,42.76544718115364,-21.718330268930856,0.289,0.289,45.0,0.04984,0.04984,45.0,2230.0,1216.0,42.76544718115364,-21.718330268930856,0.0833333,0.0833333,0.0833333,0.0833333,0.289,0.289,45.0,0.2886751,0.2886751,45.0,32.9729,0.0,0.0,1.0,0.0,0.488,18.0
1367,1367,18_116,18_94,1.473198,0.4874553,25.7026,0.3593,-3.205852E-8,1.0,1.0,2305.0,1212.0,2305.0,1212.0,2305.0,1212.0,42.74276043749527,-21.7168610091378,0.289,0.289,45.0,0.21799,0.21799,45.0,2305.0,1212.0,42.74276043749527,-21.7168610091378,0.0833333,0.0833333,0.0833333,0.0833333,0.289,0.289,45.0,0.2886751,0.2886751,45.0,99.0,0.0,0.0,1.0,0.0,0.028,18.0
1368,1368,18_117,18_93,2.617685,0.6497748,25.0785,0.2696,-1.930064E-7,1.0,1.0,2378.0,1209.0,2378.0,1209.0,2378.0,1209.0,42.7206742820234,-21.715678940289,0.289,0.289,45.0,0.13151,0.13151,45.0,2378.0,1209.0,42.7206742820234,-21.715678940289,0.0833333,0.0833333,0.0833333,0.0833333,0.289,0.289,45.0,0.2886751,0.2886751,45.0,99.0,0.0,0.0,1.0,0.0,0.374,18.0
1369,1369,18_118,18_92,2.510828,0.6363744,25.1238,0.2752,2.389417E-5,1.0,1.0,2185.0,1209.0,2185.0,1209.0,2185.0,1209.0,42.77910520429829,-21.716565048482032,0.289,0.289,45.0,0.13628,0.13628,45.0,2185.0,1209.0,42.77910520429829,-21.716565048482032,0.0833333,0.0833333,0.0833333,0.0833333,0.289,0.289,45.0,0.2886751,0.2886751,45.0,99.0,0.0,0.0,1.0,0.0,0.375,18.0
1370,1370,18_119,18_91,3.126623,0.7101367,24.8856,0.2467,-4.75066E-9,1.0,1.0,2485.0,1208.0,2485.0,1208.0,2485.0,1208.0,42.68828419646794,-21.71489612402949,0.289,0.289,45.0,0.11324,0.11324,45.0,2485.0,1208.0,42.68828419646794,-21.71489612402949,0.0833333,0.0833333,0.0833333,0.0833333,0.289,0.289,45.0,0.2886751,0.2886751,45.0,99.0,0.0,0.0,1.0,0.0,0.37,18.0
1371,1371,18_120,18_90,7.101421,1.070229,23.9949,0.1637,-0.003387588,1.0,1.0,2487.0,1206.0,2487.0,1206.0,2487.0,1206.0,42.68768880410281,-21.714323903396416,0.289,0.289,45.0,0.05956,0.05956,45.0,2487.0,1206.0,42.68768880410281,-21.714323903396416,0.0833333,0.0833333,0.0833333,0.0833333,0.289,0.289,45.0,0.2886751,0.2886751,45.0,32.3245,0.0,0.0,1.0,0.0,0.41,18.0
1374,1374,18_123,18_87,7.112858,1.071091,23.9932,0.1635,0.001287619,1.0,1.0,2089.0,1204.0,2089.0,1204.0,2089.0,1204.0,42.80819277353375,-21.71559032891968,0.289,0.289,45.0,0.05946,0.05946,45.0,2089.0,1204.0,42.80819277353375,-21.71559032891968,0.0833333,0.0833333,0.0833333,0.0833333,0.289,0.289,45.0,0.2886751,0.2886751,45.0,99.0,0.0,0.0,1.0,0.0,0.41,18.0
1375,1375,18_124,18_86,6.645824,1.035329,24.0669,0.1692,-0.003377831,1.0,1.0,2193.0,1200.0,2193.0,1200.0,2193.0,1200.0,42.77672724995796,-21.713996207216685,0.289,0.289,45.0,0.06255,0.06255,45.0,2193.0,1200.0,42.77672724995796,-21.713996207216685,0.0833333,0.0833333,0.0833333,0.0833333,0.289,0.289,45.0,0.2886751,0.2886751,45.0,32.3211,0.0,0.0,1.0,0.0,0.398,18.0
1377,1377,18_126,18_84,2.300474,0.609134,25.2188,0.2876,1.584018E-7,1.0,1.0,2068.0,1197.0,2068.0,1197.0,2068.0,1197.0,42.81458398748448,-21.713714358858564,0.289,0.289,45.0,0.14693,0.14693,45.0,2068.0,1197.0,42.81458398748448,-21.713714358858564,0.0833333,0.0833333,0.0833333,0.0833333,0.289,0.289,45.0,0.2886751,0.2886751,45.0,99.0,0.0,0.0,1.0,0.0,0.378,18.0
1378,1378,18_127,18_83,0.8764511,0.3759828,26.2665,0.4659,1.812519E-5,1.0,1.0,2198.0,1194.0,2198.0,1194.0,2198.0,1194.0,42.77524290267196,-21.71228513622837,0.289,0.289,45.0,0.35187,0.35187,45.0,2198.0,1194.0,42.77524290267196,-21.71228513622837,0.0833333,0.0833333,0.0833333,0.0833333,0.289,0.289,45.0,0.2886751,0.2886751,45.0,99.0,0.0,0.0,1.0,0.0,0.027,18.0
1379,1379,18_128,18_82,0.08412807,0.1164862,28.8109,1.5037,2.087411E-9,1.0,1.0,2490.0,1193.0,2490.0,1193.0,2490.0,1193.0,42.686846379636535,-21.710651673819346,0.289,0.289,45.0,3.45451,3.45451,45.0,2490.0,1193.0,42.686846379636535,-21.710651673819346,0.0833333,0.0833333,0.0833333,0.0833333,0.289,0.289,45.0,0.2886751,0.2886751,45.0,99.0,0.0,0.0,1.0,0.0,0.006,18.0
1380,1380,18_129,18_81,3.895131,0.7926203,24.647,0.221,-7.687057E-8,1.0,1.0,2420.0,1193.0,2420.0,1193.0,2420.0,1193.0,42.70803889883205,-21.710980744304788,0.289,0.289,45.0,0.09457,0.09457,45.0,2420.0,1193.0,42.70803889883205,-21.710980744304788,0.0833333,0.0833333,0.0833333,0.0833333,0.289,0.289,45.0,0.2886751,0.2886751,45.0,99.0,0.0,0.0,1.0,0.0,0.369,18.0
1381,1381,18_130,18_80,2.745236,0.6654172,25.0269,0.2632,-1.155806E-7,1.0,1.0,2404.0,1192.0,2404.0,1192.0,2404.0,1192.0,42.71288788177137,-21.71077412180017,0.289,0.289,45.0,0.12631,0.12631,45.0,2404.0,1192.0,42.71288788177137,-21.71077412180017,0.0833333,0.0833333,0.0833333,0.0833333,0.289,0.289,45.0,0.2886751,0.2886751,45.0,99.0,0.0,0.0,1.0,0.0,0.373,18.0
1382,1382,18_131,18_79,7.159153,1.074571,23.9861,0.163,-2.301076E-4,2.0,2.0,2189.0,1188.0,2188.7721,1188.0,2188.7721,1188.0,42.77806585982549,-21.710638613266,0.509,0.289,0.0,0.14745,0.07162,0.0,2188.7721,1188.0,42.77806585982549,-21.710638613266,0.10298556999,0.0833333,0.10298556999,0.0833333,0.321,0.289,0.0,0.3209136,0.2886751,0.0,35.1457,0.0,0.89,1.764,0.433,0.486,18.0
1383,1383,18_132,18_78,0.4346667,0.2647783,27.0279,0.6615,-2.391541E-4,1.0,1.0,2191.0,1185.0,2191.0,1185.0,2191.0,1185.0,42.77740606395626,-21.70978431787829,0.289,0.289,45.0,0.6874,0.6874,45.0,2191.0,1185.0,42.77740606395626,-21.70978431787829,0.0833333,0.0833333,0.0833333,0.0833333,0.289,0.289,45.0,0.2886751,0.2886751,45.0,35.1112,0.0,0.0,1.0,0.0,0.032,18.0
1384,1384,18_133,18_77,7.349262,1.088745,23.9577,0.1609,-0.003384175,1.0,1.0,2399.0,1183.0,2399.0,1183.0,2399.0,1183.0,42.714446721342405,-21.70826491786221,0.289,0.289,45.0,0.05809,0.05809,45.0,2399.0,1183.0,42.714446721342405,-21.70826491786221,0.0833333,0.0833333,0.0833333,0.0833333,0.289,0.289,45.0,0.2886751,0.2886751,45.0,32.3256,0.0,0.0,1.0,0.0,0.417,18.0
1385,1385,18_134,18_76,3.154761,0.7133249,24.8759,0.2456,-2.369106E-4,1.0,1.0,2187.0,1182.0,2187.0,1182.0,2187.0,1182.0,42.77863164965958,-21.70895825800588,0.289,0.289,45.0,0.1124,0.1124,45.0,2187.0,1182.0,42.77863164965958,-21.70895825800588,0.0833333,0.0833333,0.0833333,0.0833333,0.289,0.289,45.0,0.2886751,0.2886751,45.0,35.1135,0.0,0.0,1.0,0.0,0.37,18.0
1386,1386,18_135,18_75,0.7414395,0.3458135,26.4481,0.5065,2.520575E-5,1.0,1.0,2155.0,1181.0,2155.0,1181.0,2155.0,1181.0,42.78832385855106,-21.708821585407545,0.289,0.289,45.0,0.41196,0.41196,45.0,2155.0,1181.0,42.78832385855106,-21.708821585407545,0.0833333,0.0833333,0.0833333,0.0833333,0.289,0.289,45.0,0.2886751,0.2886751,45.0,99.0,0.0,0.0,1.0,0.0,0.028,18.0
1387,1387,18_136,18_74,35.28805,2.385712,22.2542,0.0734,-2.058619E-8,6.0,6.0,2444.0,1178.0,2443.7369,1177.4662,2443.7369,1177.4662,42.70093083077247,-21.70649843010221,0.65,0.387,39.62,0.07346,0.04967,48.65,2443.7369,1177.4662,42.70093083077247,-21.70649843010221,0.1829756658,0.25091373197,0.1829756658,0.25091373197,0.548,0.365,57.0,0.5481216,0.3653111,57.0,99.0,0.0,2.93,1.679,0.404,0.964,18.0
1388,1388,18_137,18_73,11.31353,1.350838,23.4893,0.1297,-2.218553E-7,2.0,2.0,2362.0,1178.0,2362.4127,1177.5873,2362.4127,1177.5873,42.72555018608242,-21.70691204773648,0.754,0.289,45.0,0.13211,0.0499,45.0,2362.4127,1177.5873,42.72555018608242,-21.70691204773648,0.17989209947,0.17989209947,0.17989209947,0.17989209947,0.526,0.289,45.0,0.525786,0.2886751,45.0,99.0,0.0,1.51,2.611,0.617,0.503,18.0
1389,1389,18_138,18_72,7.791101,1.120995,23.8943,0.1563,8.955573E-6,1.0,1.0,2218.0,1178.0,2218.0,1178.0,2218.0,1178.0,42.76926660586485,-21.707691871386444,0.289,0.289,45.0,0.05566,0.05566,45.0,2218.0,1178.0,42.76926660586485,-21.707691871386444,0.0833333,0.0833333,0.0833333,0.0833333,0.289,0.289,45.0,0.2886751,0.2886751,45.0,99.0,0.0,0.0,1.0,0.0,0.432,18.0
1390,1390,18_139,18_71,144.0585,4.820294,20.727,0.0363,2.947683E-6,13.0,13.0,2231.0,1171.0,2231.1232,1171.648,2231.1232,1171.648,42.765325021888366,-21.70584465372766,1.03,0.591,30.06,0.05189,0.02688,24.75,2231.1232,1171.648,42.765325021888366,-21.70584465372766,0.21138900378,0.25571041546,0.21138900378,0.25571041546,0.51,0.455,73.6,0.5098182,0.4551756,73.6,99.0,0.0,2.18,1.743,0.426,1.0,18.0
1391,1391,18_140,18_70,6.224942,1.002009,24.138,0.1748,-1.353582E-7,1.0,1.0,2334.0,1171.0,2334.0,1171.0,2334.0,1171.0,42.7341844776163,-21.70519001881191,0.289,0.289,45.0,0.06565,0.06565,45.0,2334.0,1171.0,42.7341844776163,-21.70519001881191,0.0833333,0.0833333,0.0833333,0.0833333,0.289,0.289,45.0,0.2886751,0.2886751,45.0,99.0,0.0,0.0,1.0,0.0,0.39,18.0
1392,1392,18_141,18_69,135.896,4.681743,20.7903,0.0374,-2.81935E-7,11.0,11.0,2051.0,1170.0,2051.1649,1169.945,2051.1649,1169.945,42.819810511728754,-21.706176088323936,0.851,0.676,84.82,0.03734,0.03257,81.86,2051.1649,1169.945,42.819810511728754,-21.706176088323936,0.31512137546,0.32375393983,0.31512137546,0.32375393983,0.57,0.56,70.46,0.5700862,0.5602472,70.46,99.0,0.0,2.38,1.258,0.205,1.0,18.0
1393,1393,18_142,18_68,8.169504,1.147895,23.8428,0.1526,2.635726E-7,1.0,1.0,2289.0,1170.0,2289.0,1170.0,2289.0,1170.0,42.747812265935714,-21.70511601765911,0.289,0.289,45.0,0.05379,0.05379,45.0,2289.0,1170.0,42.747812265935714,-21.70511601765911,0.0833333,0.0833333,0.0833333,0.0833333,0.289,0.289,45.0,0.2886751,0.2886751,45.0,99.0,0.0,0.0,1.0,0.0,0.446,18.0
1394,1394,18_143,18_67,0.7130421,0.3391265,26.4905,0.5165,2.438218E-5,1.0,1.0,2236.0,1170.0,2236.0,1170.0,2236.0,1170.0,42.763856784695015,-21.70535866885344,0.289,0.289,45.0,0.42748,0.42748,45.0,2236.0,1170.0,42.763856784695015,-21.70535866885344,0.0833333,0.0833333,0.0833333,0.0833333,0.289,0.289,45.0,0.2886751,0.2886751,45.0,99.0,0.0,0.0,1.0,0.0,0.028,18.0
1395,1395,18_144,18_66,2.185072,0.5936589,25.2746,0.2951,1.011053E-5,1.0,1.0,2120.0,1167.0,2120.0,1167.0,2120.0,1167.0,42.7989871426024,-21.705039571841336,0.289,0.289,45.0,0.15364,0.15364,45.0,2120.0,1167.0,42.7989871426024,-21.705039571841336,0.0833333,0.0833333,0.0833333,0.0833333,0.289,0.289,45.0,0.2886751,0.2886751,45.0,99.0,0.0,0.0,1.0,0.0,0.379,18.0
1396,1396,18_145,18_65,0.2949547,0.2181131,27.4489,0.8031,-2.691852E-6,1.0,1.0,2013.0,1167.0,2013.0,1167.0,2013.0,1167.0,42.831377703967824,-21.705516808396727,0.289,0.289,45.0,1.0017,1.0017,45.0,2013.0,1167.0,42.831377703967824,-21.705516808396727,0.0833333,0.0833333,0.0833333,0.0833333,0.289,0.289,45.0,0.2886751,0.2886751,45.0,99.0,0.0,0.0,1.0,0.0,0.052,18.0
1397,1397,18_146,18_64,1.38898,0.473317,25.7666,0.3701,1.569507E-5,1.0,1.0,2202.0,1165.0,2202.0,1165.0,2202.0,1165.0,42.77417388957077,-21.70410642809355,0.289,0.289,45.0,0.22993,0.22993,45.0,2202.0,1165.0,42.77417388957077,-21.70410642809355,0.0833333,0.0833333,0.0833333,0.0833333,0.289,0.289,45.0,0.2886751,0.2886751,45.0,99.0,0.0,0.0,1.0,0.0,0.025,18.0
1398,1398,18_147,18_63,2.9575,0.6906636,24.946,0.2536,2.605752E-5,1.0,1.0,2179.0,1165.0,2179.0,1165.0,2179.0,1165.0,42.78113645487524,-21.70421071364001,0.289,0.289,45.0,0.11862,0.11862,45.0,2179.0,1165.0,42.78113645487524,-21.70421071364001,0.0833333,0.0833333,0.0833333,0.0833333,0.289,0.289,45.0,0.2886751,0.2886751,45.0,99.0,0.0,0.0,1.0,0.0,0.371,18.0
1399,1399,18_148,18_62,0.1734779,0.1672731,28.0252,1.0472,-3.015564E-5,1.0,1.0,2455.0,1164.0,2455.0,1164.0,2455.0,1164.0,42.697588945004405,-21.702656236798635,0.289,0.289,45.0,1.68742,1.68742,45.0,2455.0,1164.0,42.697588945004405,-21.702656236798635,0.0833333,0.0833333,0.0833333,0.0833333,0.289,0.289,45.0,0.2886751,0.2886751,45.0,37.4508,0.0,0.0,1.0,0.0,0.032,18.0
1400,1400,18_149,18_61,3.633457,0.7655335,24.7225,0.2288,-1.175479E-7,1.0,1.0,2391.0,1164.0,2391.0,1164.0,2391.0,1164.0,42.71696376605616,-21.702955722383138,0.289,0.289,45.0,0.10005,0.10005,45.0,2391.0,1164.0,42.71696376605616,-21.702955722383138,0.0833333,0.0833333,0.0833333,0.0833333,0.289,0.289,45.0,0.2886751,0.2886751,45.0,99.0,0.0,0.0,1.0,0.0,0.369,18.0
1401,1401,18_150,18_60,0.6781039,0.3307138,26.5451,0.5296,1.299578E-6,1.0,1.0,2257.0,1164.0,2257.0,1164.0,2257.0,1164.0,42.7575290974725,-21.703574343842583,0.289,0.289,45.0,0.44838,0.44838,45.0,2257.0,1164.0,42.7575290974725,-21.703574343842583,0.0833333,0.0833333,0.0833333,0.0833333,0.289,0.289,45.0,0.2886751,0.2886751,45.0,99.0,0.0,0.0,1.0,0.0,0.029,18.0
1402,1402,18_151,18_59,0.07836133,0.112423,28.888,1.5581,2.071868E-5,1.0,1.0,2145.0,1163.0,2145.0,1163.0,2145.0,1163.0,42.79143861431501,-21.703801488746453,0.289,0.289,45.0,3.70703,3.70703,45.0,2145.0,1163.0,42.79143861431501,-21.703801488746453,0.0833333,0.0833333,0.0833333,0.0833333,0.289,0.289,45.0,0.2886751,0.2886751,45.0,99.0,0.0,0.0,1.0,0.0,0.005,18.0
1403,1403,18_152,18_58,23.36456,1.941257,22.7019,0.0902,-2.294646E-4,7.0,7.0,2257.0,1158.0,2257.5389,1158.7433,2257.5389,1158.7433,42.75739185612339,-21.70209265167842,0.786,0.473,39.4,0.13655,0.07344,39.76,2257.5389,1158.7433,42.75739185612339,-21.70209265167842,0.21396347514,0.26287568758,0.21396347514,0.26287568758,0.555,0.412,55.37,0.5545311,0.4115026,55.37,35.242,0.0,2.43,1.661,0.398,0.164,18.0
1405,1405,18_154,18_56,6.695731,1.03921,24.0588,0.1686,0.001285996,1.0,1.0,2167.0,1155.0,2167.0,1155.0,2167.0,1155.0,42.78481780942498,-21.701450993685903,0.289,0.289,45.0,0.06217,0.06217,45.0,2167.0,1155.0,42.78481780942498,-21.701450993685903,0.0833333,0.0833333,0.0833333,0.0833333,0.289,0.289,45.0,0.2886751,0.2886751,45.0,99.0,0.0,0.0,1.0,0.0,0.399,18.0
1406,1406,18_155,18_55,11.79913,1.379524,23.4437,0.127,-7.124115E-9,4.0,4.0,2298.0,1154.0,2298.1109,1153.728,2298.1109,1153.728,42.74513469148472,-21.700495230734077,0.489,0.239,-61.5,0.12571,0.09198,-39.12,2298.1109,1153.728,42.74513469148472,-21.700495230734077,0.084066591835,0.10104220118,0.084066591835,0.10104220118,0.318,0.29,-88.52,0.3178893,0.2899228,-88.52,99.0,0.0,0.66,2.049,0.512,0.758,18.0
1407,1407,18_156,18_54,1.844549,0.5454428,25.4586,0.3211,1.020235E-4,1.0,1.0,2254.0,1153.0,2254.0,1153.0,2254.0,1153.0,42.75849142995039,-21.700492680283297,0.289,0.289,45.0,0.17826,0.17826,45.0,2254.0,1153.0,42.75849142995039,-21.700492680283297,0.0833333,0.0833333,0.0833333,0.0833333,0.289,0.289,45.0,0.2886751,0.2886751,45.0,99.0,0.0,0.0,1.0,0.0,0.333,18.0
1408,1408,18_157,18_53,1.507186,0.4930462,25.6779,0.3553,-1.460444E-7,1.0,1.0,2337.0,1147.0,2337.0,1147.0,2337.0,1147.0,42.73339564200465,-21.69842262460045,0.289,0.289,45.0,0.21354,0.21354,45.0,2337.0,1147.0,42.73339564200465,-21.69842262460045,0.0833333,0.0833333,0.0833333,0.0833333,0.289,0.289,45.0,0.2886751,0.2886751,45.0,99.0,0.0,0.0,1.0,0.0,0.031,18.0
1409,1409,18_158,18_52,2.256534,0.6032885,25.2397,0.2903,-2.007336E-7,1.0,1.0,2057.0,1143.0,2057.0,1143.0,2057.0,1143.0,42.81817362582479,-21.698567716646927,0.289,0.289,45.0,0.1494,0.1494,45.0,2057.0,1143.0,42.81817362582479,-21.698567716646927,0.0833333,0.0833333,0.0833333,0.0833333,0.289,0.289,45.0,0.2886751,0.2886751,45.0,99.0,0.0,0.0,1.0,0.0,0.378,18.0
1410,1410,18_159,18_51,1.516084,0.4944994,25.6715,0.3542,2.325287E-7,1.0,1.0,2282.0,1135.0,2282.0,1135.0,2282.0,1135.0,42.750104269265165,-21.69529921742525,0.289,0.289,45.0,0.21241,0.21241,45.0,2282.0,1135.0,42.750104269265165,-21.69529921742525,0.0833333,0.0833333,0.0833333,0.0833333,0.289,0.289,45.0,0.2886751,0.2886751,45.0,99.0,0.0,0.0,1.0,0.0,0.032,18.0
1411,1411,18_160,18_50,1.059376,0.4133607,26.0607,0.4237,6.32197E-6,1.0,1.0,2128.0,1131.0,2128.0,1131.0,2128.0,1131.0,42.79673992847405,-21.694873155155637,0.289,0.289,45.0,0.29485,0.29485,45.0,2128.0,1131.0,42.79673992847405,-21.694873155155637,0.0833333,0.0833333,0.0833333,0.0833333,0.289,0.289,45.0,0.2886751,0.2886751,45.0,99.0,0.0,0.0,1.0,0.0,0.026,18.0
1412,1412,18_161,18_49,2.50382,0.6354856,25.1268,0.2756,-1.930249E-5,1.0,1.0,2481.0,1130.0,2481.0,1130.0,2481.0,1130.0,42.68988979712314,-21.692966407245944,0.289,0.289,45.0,0.1366,0.1366,45.0,2481.0,1130.0,42.68988979712314,-21.692966407245944,0.0833333,0.0833333,0.0833333,0.0833333,0.289,0.289,45.0,0.2886751,0.2886751,45.0,99.0,0.0,0.0,1.0,0.0,0.375,18.0
1413,1413,18_162,18_48,0.6336041,0.3196783,26.6188,0.5479,-2.579641E-5,1.0,1.0,2498.0,1129.0,2498.0,1129.0,2498.0,1129.0,42.6847487005478,-21.69260474041108,0.289,0.289,45.0,0.47831,0.47831,45.0,2498.0,1129.0,42.6847487005478,-21.69260474041108,0.0833333,0.0833333,0.0833333,0.0833333,0.289,0.289,45.0,0.2886751,0.2886751,45.0,99.0,0.0,0.0,1.0,0.0,0.029,18.0
1415,1415,18_164,18_46,2.477468,0.6321326,25.1383,0.2771,-0.001821563,1.0,1.0,2297.0,1127.0,2297.0,1127.0,2297.0,1127.0,42.74560324022276,-21.69297910414309,0.289,0.289,45.0,0.13793,0.13793,45.0,2297.0,1127.0,42.74560324022276,-21.69297910414309,0.0833333,0.0833333,0.0833333,0.0833333,0.289,0.289,45.0,0.2886751,0.2886751,45.0,32.9981,0.0,0.0,1.0,0.0,0.375,18.0
1416,1416,18_165,18_45,3.358503,0.7359987,24.8079,0.238,-0.001821273,1.0,1.0,2271.0,1126.0,2271.0,1126.0,2271.0,1126.0,42.75347843279882,-21.69281706197433,0.289,0.289,45.0,0.10677,0.10677,45.0,2271.0,1126.0,42.75347843279882,-21.69281706197433,0.0833333,0.0833333,0.0833333,0.0833333,0.289,0.289,45.0,0.2886751,0.2886751,45.0,32.9981,0.0,0.0,1.0,0.0,0.37,18.0
1417,1417,18_166,18_44,10.47426,1.299768,23.573,0.1348,1.003105E-5,1.0,1.0,2172.0,1122.0,2172.0,1122.0,2172.0,1122.0,42.783465076834354,-21.692142130880203,0.289,0.289,45.0,0.0452,0.0452,45.0,2172.0,1122.0,42.783465076834354,-21.692142130880203,0.0833333,0.0833333,0.0833333,0.0833333,0.289,0.289,45.0,0.2886751,0.2886751,45.0,99.0,0.0,0.0,1.0,0.0,0.558,18.0
1418,1418,18_167,18_43,1.144447,0.4296373,25.9768,0.4077,-1.804394E-4,1.0,1.0,2354.0,1120.0,2354.0,1120.0,2354.0,1120.0,42.72838394816699,-21.690746163000703,0.289,0.289,45.0,0.27457,0.27457,45.0,2354.0,1120.0,42.72838394816699,-21.690746163000703,0.0833333,0.0833333,0.0833333,0.0833333,0.289,0.289,45.0,0.2886751,0.2886751,45.0,35.5096,0.0,0.0,1.0,0.0,0.025,18.0
1419,1419,18_168,18_42,0.226181,0.1909995,27.7372,0.9171,-3.232159E-8,1.0,1.0,2087.0,1119.0,2087.0,1119.0,2087.0,1119.0,42.809208320494506,-21.691680140781468,0.289,0.289,45.0,1.29935,1.29935,45.0,2087.0,1119.0,42.809208320494506,-21.691680140781468,0.0833333,0.0833333,0.0833333,0.0833333,0.289,0.289,45.0,0.2886751,0.2886751,45.0,99.0,0.0,0.0,1.0,0.0,0.064,18.0
1420,1420,18_169,18_41,3.361588,0.7363366,24.8069,0.2379,7.99299E-6,1.0,1.0,2170.0,1117.0,2170.0,1117.0,2170.0,1117.0,42.78409482038797,-21.690744158636363,0.289,0.289,45.0,0.10664,0.10664,45.0,2170.0,1117.0,42.78409482038797,-21.690744158636363,0.0833333,0.0833333,0.0833333,0.0833333,0.289,0.289,45.0,0.2886751,0.2886751,45.0,99.0,0.0,0.0,1.0,0.0,0.37,18.0
1421,1421,18_170,18_40,0.9833032,0.3982427,26.1416,0.4398,7.29142E-6,1.0,1.0,2172.0,1116.0,2172.0,1116.0,2172.0,1116.0,42.78349431151566,-21.690453712397936,0.289,0.289,45.0,0.31599,0.31599,45.0,2172.0,1116.0,42.78349431151566,-21.690453712397936,0.0833333,0.0833333,0.0833333,0.0833333,0.289,0.289,45.0,0.2886751,0.2886751,45.0,99.0,0.0,0.0,1.0,0.0,0.026,18.0
1422,1422,18_171,18_39,7.355765,1.089226,23.9567,0.1608,-2.175265E-5,1.0,1.0,2466.0,1112.0,2466.0,1112.0,2466.0,1112.0,42.6945213518839,-21.687971932945462,0.289,0.289,45.0,0.05803,0.05803,45.0,2466.0,1112.0,42.6945213518839,-21.687971932945462,0.0833333,0.0833333,0.0833333,0.0833333,0.289,0.289,45.0,0.2886751,0.2886751,45.0,99.0,0.0,0.0,1.0,0.0,0.417,18.0
1423,1423,18_172,18_38,5.644304,0.954134,24.2443,0.1836,-1.424823E-7,1.0,1.0,2384.0,1112.0,2384.0,1112.0,2384.0,1112.0,42.71934285018335,-21.68835565333204,0.289,0.289,45.0,0.07069,0.07069,45.0,2384.0,1112.0,42.71934285018335,-21.68835565333204,0.0833333,0.0833333,0.0833333,0.0833333,0.289,0.289,45.0,0.2886751,0.2886751,45.0,99.0,0.0,0.0,1.0,0.0,0.381,18.0
1424,1424,18_173,18_37,8.668836,1.182455,23.7784,0.1481,1.589608E-6,1.0,1.0,2134.0,1108.0,2134.0,1108.0,2134.0,1108.0,42.79503529047994,-21.688373884353755,0.289,0.289,45.0,0.05157,0.05157,45.0,2134.0,1108.0,42.79503529047994,-21.688373884353755,0.0833333,0.0833333,0.0833333,0.0833333,0.289,0.289,45.0,0.2886751,0.2886751,45.0,99.0,0.0,0.0,1.0,0.0,0.468,18.0
1425,1425,18_174,18_36,3.422026,0.7429264,24.7876,0.2358,-5.711179E-7,1.0,1.0,2107.0,1104.0,2107.0,1104.0,2107.0,1104.0,42.80322705330087,-21.687369524776894,0.289,0.289,45.0,0.10509,0.10509,45.0,2107.0,1104.0,42.80322705330087,-21.687369524776894,0.0833333,0.0833333,0.0833333,0.0833333,0.289,0.289,45.0,0.2886751,0.2886751,45.0,99.0,0.0,0.0,1.0,0.0,0.369,18.0
1426,1426,18_175,18_35,6.48526,1.022746,24.0935,0.1713,1.246117E-6,1.0,1.0,2162.0,1103.0,2162.0,1103.0,2162.0,1103.0,42.78658446524751,-21.68684065243217,0.289,0.289,45.0,0.06367,0.06367,45.0,2162.0,1103.0,42.78658446524751,-21.68684065243217,0.0833333,0.0833333,0.0833333,0.0833333,0.289,0.289,45.0,0.2886751,0.2886751,45.0,99.0,0.0,0.0,1.0,0.0,0.395,18.0
1427,1427,18_176,18_34,0.7413874,0.3458014,26.4482,0.5065,-1.681366E-7,1.0,1.0,2303.0,1097.0,2303.0,1097.0,2303.0,1097.0,42.74393552063991,-21.68450946381865,0.289,0.289,45.0,0.41199,0.41199,45.0,2303.0,1097.0,42.74393552063991,-21.68450946381865,0.0833333,0.0833333,0.0833333,0.0833333,0.289,0.289,45.0,0.2886751,0.2886751,45.0,99.0,0.0,0.0,1.0,0.0,0.028,18.0
1428,1428,18_177,18_33,2.44316,0.6277404,25.1534,0.279,-1.01481E-6,1.0,1.0,2074.0,1095.0,2074.0,1095.0,2074.0,1095.0,42.81325876543438,-21.684984490241533,0.289,0.289,45.0,0.1395,0.1395,45.0,2074.0,1095.0,42.81325876543438,-21.684984490241533,0.0833333,0.0833333,0.0833333,0.0833333,0.289,0.289,45.0,0.2886751,0.2886751,45.0,99.0,0.0,0.0,1.0,0.0,0.376,18.0
1430,1430,18_179,18_31,12.07936,1.395809,23.4182,0.1255,-2.680913E-4,1.0,1.0,2314.0,1090.0,2314.0,1090.0,2314.0,1090.0,42.74064066328615,-21.68248898795262,0.289,0.289,45.0,0.04103,0.04103,45.0,2314.0,1090.0,42.74064066328615,-21.68248898795262,0.0833333,0.0833333,0.0833333,0.0833333,0.289,0.289,45.0,0.2886751,0.2886751,45.0,35.0837,0.0,0.0,1.0,0.0,0.632,18.0
1432,1432,18_181,18_29,0.1261011,0.1426145,28.3715,1.2282,-2.659698E-7,1.0,1.0,2261.0,1083.0,2261.0,1083.0,2261.0,1083.0,42.75671719699201,-21.68076254751381,0.289,0.289,45.0,2.31235,2.31235,45.0,2261.0,1083.0,42.75671719699201,-21.68076254751381,0.0833333,0.0833333,0.0833333,0.0833333,0.289,0.289,45.0,0.2886751,0.2886751,45.0,99.0,0.0,0.0,1.0,0.0,0.01,18.0
1433,1433,18_182,18_28,2.357874,0.6166865,25.192,0.284,-2.480338E-4,1.0,1.0,2298.0,1082.0,2298.0,1082.0,2298.0,1082.0,42.74552313098446,-21.68031142059564,0.289,0.289,45.0,0.14385,0.14385,45.0,2298.0,1082.0,42.74552313098446,-21.68031142059564,0.0833333,0.0833333,0.0833333,0.0833333,0.289,0.289,45.0,0.2886751,0.2886751,45.0,35.164,0.0,0.0,1.0,0.0,0.377,18.0
1435,1435,18_184,18_26,8.60707,1.178235,23.7862,0.1487,4.516849E-5,3.0,3.0,2289.0,1077.0,2288.9902,1076.6047,2288.9902,1076.6047,42.74827683285077,-21.67883456890142,0.568,0.305,88.53,0.15246,0.08145,50.27,2288.9902,1076.6047,42.74827683285077,-21.67883456890142,0.08364977952,0.18017911569,0.08364977952,0.18017911569,0.424,0.289,89.83,0.4244761,0.2892213,89.83,99.0,0.0,0.92,1.864,0.463,0.558,18.0
1437,1437,18_186,18_24,7.686348,1.113433,23.909,0.1573,-7.214454E-7,1.0,1.0,2230.0,1066.0,2230.0,1066.0,2230.0,1066.0,42.76618346653074,-21.67612021068736,0.289,0.289,45.0,0.05621,0.05621,45.0,2230.0,1066.0,42.76618346653074,-21.67612021068736,0.0833333,0.0833333,0.0833333,0.0833333,0.289,0.289,45.0,0.2886751,0.2886751,45.0,99.0,0.0,0.0,1.0,0.0,0.428,18.0
1438,1438,18_187,18_23,0.8170622,0.363021,26.3427,0.4825,-4.518666E-5,1.0,1.0,2426.0,1065.0,2426.0,1065.0,2426.0,1065.0,42.70686543430849,-21.674933826925336,0.289,0.289,45.0,0.37586,0.37586,45.0,2426.0,1065.0,42.70686543430849,-21.674933826925336,0.0833333,0.0833333,0.0833333,0.0833333,0.289,0.289,45.0,0.2886751,0.2886751,45.0,99.0,0.0,0.0,1.0,0.0,0.028,18.0
1439,1439,18_188,18_22,0.260288,0.204895,27.5847,0.8549,-2.900409E-7,1.0,1.0,2151.0,1065.0,2151.0,1065.0,2151.0,1065.0,42.79009855068097,-21.67619687168486,0.289,0.289,45.0,1.13208,1.13208,45.0,2151.0,1065.0,42.79009855068097,-21.67619687168486,0.0833333,0.0833333,0.0833333,0.0833333,0.289,0.289,45.0,0.2886751,0.2886751,45.0,99.0,0.0,0.0,1.0,0.0,0.062,18.0
1440,1440,18_189,18_21,6.183802,0.9986929,24.1452,0.1754,0.002147316,1.0,1.0,2482.0,1063.0,2482.0,1063.0,2482.0,1063.0,42.68992571834325,-21.67410797922269,0.289,0.289,45.0,0.06595,0.06595,45.0,2482.0,1063.0,42.68992571834325,-21.67410797922269,0.0833333,0.0833333,0.0833333,0.0833333,0.289,0.289,45.0,0.2886751,0.2886751,45.0,99.0,0.0,0.0,1.0,0.0,0.389,18.0
1441,1441,18_190,18_20,0.2305978,0.1928554,27.7162,0.9083,-5.509363E-6,1.0,1.0,2315.0,1058.0,2315.0,1058.0,2315.0,1058.0,42.74049652935138,-21.67347945549428,0.289,0.289,45.0,1.2749,1.2749,45.0,2315.0,1058.0,42.74049652935138,-21.67347945549428,0.0833333,0.0833333,0.0833333,0.0833333,0.289,0.289,45.0,0.2886751,0.2886751,45.0,99.0,0.0,0.0,1.0,0.0,0.065,18.0
1442,1442,18_191,18_19,11.46448,1.35982,23.4749,0.1288,-1.68156E-6,1.0,1.0,2052.0,1055.0,2052.0,1055.0,2052.0,1055.0,42.82010945598144,-21.67382623867293,0.289,0.289,45.0,0.0425,0.0425,45.0,2052.0,1055.0,42.82010945598144,-21.67382623867293,0.0833333,0.0833333,0.0833333,0.0833333,0.289,0.289,45.0,0.2886751,0.2886751,45.0,99.0,0.0,0.0,1.0,0.0,0.606,18.0
1443,1443,18_192,18_18,3.120773,0.7094719,24.8876,0.2469,-1.770577E-8,1.0,1.0,2167.0,1054.0,2167.0,1054.0,2167.0,1054.0,42.78530953072373,-21.673029177280508,0.289,0.289,45.0,0.11341,0.11341,45.0,2167.0,1054.0,42.78530953072373,-21.673029177280508,0.0833333,0.0833333,0.0833333,0.0833333,0.289,0.289,45.0,0.2886751,0.2886751,45.0,99.0,0.0,0.0,1.0,0.0,0.37,18.0
1444,1444,18_193,18_17,60.90125,3.134132,21.6617,0.0559,-2.941646E-5,7.0,7.0,2377.0,1048.0,2376.6734,1048.5668,2376.6734,1048.5668,42.72187722686728,-21.67053948386883,0.611,0.464,-72.03,0.0489,0.0391,-84.01,2376.6734,1048.5668,42.72187722686728,-21.67053948386883,0.14754131471,0.24967504536,0.14754131471,0.24967504536,0.504,0.378,-78.16,0.5043503,0.3779512,-78.16,99.0,0.0,1.14,1.317,0.241,0.999,18.0
1445,1445,18_194,18_16,66.24069,3.268636,21.5705,0.0536,-1.789713E-6,9.0,9.0,2051.0,1049.0,2050.9402,1048.801,2050.9402,1048.801,42.8204599294071,-21.672086500298565,0.786,0.544,-43.17,0.05944,0.04239,-29.46,2050.9402,1048.801,42.8204599294071,-21.672086500298565,0.14117709507,0.26747203825,0.14117709507,0.26747203825,0.517,0.376,-88.03,0.5173222,0.3755354,-88.03,99.0,0.0,2.32,1.444,0.307,0.999,18.0
1446,1446,18_195,18_15,4.126585,0.8158298,24.5843,0.2147,-3.134659E-7,1.0,1.0,2276.0,1049.0,2276.0,1049.0,2276.0,1049.0,42.75234472007495,-21.67112606957816,0.289,0.289,45.0,0.09028,0.09028,45.0,2276.0,1049.0,42.75234472007495,-21.67112606957816,0.0833333,0.0833333,0.0833333,0.0833333,0.289,0.289,45.0,0.2886751,0.2886751,45.0,99.0,0.0,0.0,1.0,0.0,0.37,18.0
1447,1447,18_196,18_14,36.39946,2.42299,22.2206,0.0723,-5.487515E-7,6.0,6.0,2138.0,1044.0,2137.8197,1044.0895,2137.8197,1044.0895,42.79418904653946,-21.670371867826468,0.731,0.519,-48.05,0.0717,0.05217,-46.79,2137.8197,1044.0895,42.79418904653946,-21.670371867826468,0.25254547045,0.25906723974,0.25254547045,0.25906723974,0.559,0.447,-46.66,0.5585257,0.4468352,-46.66,99.0,0.0,2.07,1.408,0.29,0.944,18.0
1448,1448,18_197,18_13,0.1620586,0.161674,28.0991,1.0834,-4.562763E-5,1.0,1.0,2405.0,1043.0,2405.0,1043.0,2405.0,1043.0,42.713331710569705,-21.66884106354678,0.289,0.289,45.0,1.80439,1.80439,45.0,2405.0,1043.0,42.713331710569705,-21.66884106354678,0.0833333,0.0833333,0.0833333,0.0833333,0.289,0.289,45.0,0.2886751,0.2886751,45.0,99.0,0.0,0.0,1.0,0.0,0.023,18.0
1449,1449,18_198,18_12,62.90362,3.185239,21.6266,0.055,-3.419629E-8,7.0,7.0,2294.0,1043.0,2294.3471,1042.5962,2294.3471,1042.5962,42.74682349687353,-21.669239785766383,0.569,0.508,81.13,0.05826,0.03737,-64.37,2294.3471,1042.5962,42.74682349687353,-21.669239785766383,0.16766549704,0.18410286914,0.16766549704,0.18410286914,0.456,0.379,52.33,0.4564727,0.3786833,52.33,99.0,0.0,1.26,1.121,0.108,0.999,18.0
1450,1450,18_199,18_11,1.72735,0.5278303,25.5299,0.3319,-1.710937E-6,1.0,1.0,2066.0,1041.0,2066.0,1041.0,2066.0,1041.0,42.81593964791784,-21.669824154572357,0.289,0.289,45.0,0.18897,0.18897,45.0,2066.0,1041.0,42.81593964791784,-21.669824154572357,0.0833333,0.0833333,0.0833333,0.0833333,0.289,0.289,45.0,0.2886751,0.2886751,45.0,99.0,0.0,0.0,1.0,0.0,0.204,18.0
1451,1451,18_200,18_10,1.363966,0.4690358,25.7863,0.3734,-6.055595E-7,1.0,1.0,2202.0,1040.0,2202.0,1040.0,2202.0,1040.0,42.77478505440614,-21.66893096854704,0.289,0.289,45.0,0.23376,0.23376,45.0,2202.0,1040.0,42.77478505440614,-21.66893096854704,0.0833333,0.0833333,0.0833333,0.0833333,0.289,0.289,45.0,0.2886751,0.2886751,45.0,99.0,0.0,0.0,1.0,0.0,0.025,18.0
1452,1452,18_201,18_9,14.2995,1.518674,23.235,0.1153,-1.088703E-5,2.0,2.0,2320.0,1034.0,2320.0,1034.1078,2320.0,1034.1078,42.73910161856286,-21.666732999655917,0.424,0.289,90.0,0.0824,0.04189,90.0,2320.0,1034.1078,42.73910161856286,-21.666732999655917,0.0833333,0.090210007334,0.0833333,0.090210007334,0.3,0.289,90.0,0.3003498,0.2886751,90.0,99.0,0.0,0.0,1.468,0.319,0.765,18.0
1454,1454,18_203,18_7,0.757144,0.3494567,26.4254,0.5012,-9.137163E-4,1.0,1.0,2503.0,1033.0,2503.0,1033.0,2503.0,1033.0,42.68372141406782,-21.665566739343834,0.289,0.289,45.0,0.40387,0.40387,45.0,2503.0,1033.0,42.68372141406782,-21.665566739343834,0.0833333,0.0833333,0.0833333,0.0833333,0.289,0.289,45.0,0.2886751,0.2886751,45.0,99.0,0.0,0.0,1.0,0.0,0.028,18.0
1455,1455,18_204,18_6,0.9246829,0.3861896,26.2083,0.4536,5.046295E-5,1.0,1.0,2280.0,1028.0,2280.0,1028.0,2280.0,1028.0,42.75123766172995,-21.66519818070402,0.289,0.289,45.0,0.33464,0.33464,45.0,2280.0,1028.0,42.75123766172995,-21.66519818070402,0.0833333,0.0833333,0.0833333,0.0833333,0.289,0.289,45.0,0.2886751,0.2886751,45.0,99.0,0.0,0.0,1.0,0.0,0.027,18.0
1458,1458,18_207,18_3,0.5969425,0.3102919,26.6835,0.5645,-6.435649E-4,1.0,1.0,2468.0,1019.0,2468.0,1019.0,2468.0,1019.0,42.694385048777455,-21.661792169138,0.289,0.289,45.0,0.50632,0.50632,45.0,2468.0,1019.0,42.694385048777455,-21.661792169138,0.0833333,0.0833333,0.0833333,0.0833333,0.289,0.289,45.0,0.2886751,0.2886751,45.0,99.0,0.0,0.0,1.0,0.0,0.029,18.0
1459,1459,18_208,18_2,2.160562,0.59032,25.2869,0.2967,-2.699963E-6,1.0,1.0,2030.0,1018.0,2030.0,1018.0,2030.0,1018.0,42.82694462339772,-21.663511827012385,0.289,0.289,45.0,0.15515,0.15515,45.0,2030.0,1018.0,42.82694462339772,-21.663511827012385,0.0833333,0.0833333,0.0833333,0.0833333,0.289,0.289,45.0,0.2886751,0.2886751,45.0,99.0,0.0,0.0,1.0,0.0,0.379,18.0
1462,1462,19_3,19_3,31.63174,2.258737,22.373,0.0775,8.337129E-6,6.0,6.0,2545.0,1007.0,2544.5185,1006.5594,2544.5185,1006.5594,42.67128985340919,-21.657929357161414,0.845,0.416,21.67,0.09527,0.05073,10.18,2544.5185,1006.5594,42.67128985340919,-21.657929357161414,0.061655078622,0.17141101895,0.061655078622,0.17141101895,0.422,0.234,76.2,0.4224367,0.2336949,76.2,99.0,16.0,2.23,2.033,0.508,0.99,19.0
1463,1463,19_4,19_2,1.269856,0.4525655,25.8639,0.387,8.883826E-6,1.0,1.0,2541.0,1007.0,2541.0,1007.0,2541.0,1007.0,42.67235247717366,-21.65807007241054,0.289,0.289,45.0,0.24952,0.24952,45.0,2541.0,1007.0,42.67235247717366,-21.65807007241054,0.0833333,0.0833333,0.0833333,0.0833333,0.289,0.289,45.0,0.2886751,0.2886751,45.0,99.0,0.0,0.0,1.0,0.0,0.025,19.0
1464,1464,19_5,19_1,24.77114,1.998836,22.6384,0.0876,3.005854E-5,1.0,1.0,2983.0,1006.0,2983.0,1006.0,2983.0,1006.0,42.53858056797174,-21.655619734856597,0.289,0.289,45.0,0.02605,0.02605,45.0,2983.0,1006.0,42.53858056797174,-21.655619734856597,0.0833333,0.0833333,0.0833333,0.0833333,0.289,0.289,45.0,0.2886751,0.2886751,45.0,99.0,0.0,0.0,1.0,0.0,0.856,19.0
1467,1467,19_8,19_56,1.251057,0.4492031,25.8801,0.3899,-0.003925153,1.0,1.0,2908.0,1487.0,2908.0,1487.0,2908.0,1487.0,42.558729408630725,-21.7913358309251,0.289,0.289,45.0,0.25295,0.25295,45.0,2908.0,1487.0,42.558729408630725,-21.7913358309251,0.0833333,0.0833333,0.0833333,0.0833333,0.289,0.289,45.0,0.2886751,0.2886751,45.0,99.0,0.0,0.0,1.0,0.0,0.025,19.0
1468,1468,19_9,19_55,11.82846,1.381237,23.441,0.1268,-0.003866813,1.0,1.0,2912.0,1486.0,2912.0,1486.0,2912.0,1486.0,42.55752297788133,-21.79103434952873,0.289,0.289,45.0,0.04162,0.04162,45.0,2912.0,1486.0,42.55752297788133,-21.79103434952873,0.0833333,0.0833333,0.0833333,0.0833333,0.289,0.289,45.0,0.2886751,0.2886751,45.0,99.0,0.0,0.0,1.0,0.0,0.622,19.0
1469,1469,19_10,19_54,1.853028,0.5466951,25.4536,0.3204,-0.004023655,1.0,1.0,2925.0,1480.0,2925.0,1480.0,2925.0,1480.0,42.55361675628099,-21.789280771559085,0.289,0.289,45.0,0.17759,0.17759,45.0,2925.0,1480.0,42.55361675628099,-21.789280771559085,0.0833333,0.0833333,0.0833333,0.0833333,0.289,0.289,45.0,0.2886751,0.2886751,45.0,34.388,0.0,0.0,1.0,0.0,0.338,19.0
1470,1470,19_11,19_53,5.324536,0.9267126,24.3076,0.189,0.006244643,1.0,1.0,2530.0,1480.0,2530.0,1480.0,2530.0,1480.0,42.67327304095201,-21.79121668555676,0.289,0.289,45.0,0.07392,0.07392,45.0,2530.0,1480.0,42.67327304095201,-21.79121668555676,0.0833333,0.0833333,0.0833333,0.0833333,0.289,0.289,45.0,0.2886751,0.2886751,45.0,99.0,0.0,0.0,1.0,0.0,0.377,19.0
1472,1472,19_13,19_51,13.95871,1.500468,23.2612,0.1167,-0.001708479,1.0,1.0,2911.0,1472.0,2911.0,1472.0,2911.0,1472.0,42.55790040651708,-21.787100629849487,0.289,0.289,45.0,0.03729,0.03729,45.0,2911.0,1472.0,42.55790040651708,-21.787100629849487,0.0833333,0.0833333,0.0833333,0.0833333,0.289,0.289,45.0,0.2886751,0.2886751,45.0,99.0,0.0,0.0,1.0,0.0,0.696,19.0
1474,1474,19_15,19_49,11.03139,1.333888,23.5167,0.1313,-2.188398E-4,1.0,1.0,2985.0,1463.0,2985.0,1463.0,2985.0,1463.0,42.53553170701719,-21.7841938564367,0.289,0.289,45.0,0.04362,0.04362,45.0,2985.0,1463.0,42.53553170701719,-21.7841938564367,0.0833333,0.0833333,0.0833333,0.0833333,0.289,0.289,45.0,0.2886751,0.2886751,45.0,99.0,0.0,0.0,1.0,0.0,0.586,19.0
1475,1475,19_16,19_48,29.95906,2.198205,22.432,0.0797,0.01953022,4.0,4.0,2862.0,1462.0,2862.453,1462.5048,2862.453,1462.5048,42.57265696824251,-21.784672770089824,0.574,0.41,45.39,0.05369,0.04488,45.07,2862.453,1462.5048,42.57265696824251,-21.784672770089824,0.23566088168,0.24851526349,0.23566088168,0.24851526349,0.565,0.406,47.38,0.5653336,0.4056773,47.38,99.0,0.0,1.27,1.402,0.287,0.848,19.0
1477,1477,19_18,19_46,39.68184,2.529881,22.1268,0.0692,-1.28758E-4,6.0,6.0,2986.0,1449.0,2986.406,1448.5159,2986.406,1448.5159,42.53518342499666,-21.78011177046582,1.031,0.53,56.11,0.09602,0.04595,54.52,2986.406,1448.5159,42.53518342499666,-21.78011177046582,0.086429411717,0.32297542836,0.086429411717,0.32297542836,0.573,0.284,-81.28,0.5732992,0.2841353,-81.28,99.0,0.0,3.53,1.944,0.486,0.985,19.0
1478,1478,19_19,19_45,29.66288,2.187312,22.4428,0.0801,0.0,4.0,4.0,2757.0,1448.0,2757.5227,1448.3993,2757.5227,1448.3993,42.60451637647908,-21.78122450650847,0.62,0.324,44.01,0.05692,0.04174,44.84,2757.5227,1448.3993,42.60451637647908,-21.78122450650847,0.23620438996,0.18212617583,0.23620438996,0.18212617583,0.567,0.311,38.06,0.5673772,0.3105056,38.06,99.0,0.0,2.6,1.914,0.477,0.916,19.0
1481,1481,19_22,19_42,4.601894,0.8615341,24.466,0.2033,0.0,1.0,1.0,2652.0,1405.0,2652.0,1405.0,2652.0,1405.0,42.63670466821195,-21.76952880068684,0.289,0.289,45.0,0.0828,0.0828,45.0,2652.0,1405.0,42.63670466821195,-21.76952880068684,0.0833333,0.0833333,0.0833333,0.0833333,0.289,0.289,45.0,0.2886751,0.2886751,45.0,99.0,0.0,0.0,1.0,0.0,0.371,19.0
1483,1483,19_24,19_40,0.320779,0.2274611,27.3578,0.7701,-3.713903E-6,1.0,1.0,2987.0,1364.0,2987.0,1364.0,2987.0,1364.0,42.535456297183096,-21.75633070081861,0.289,0.289,45.0,0.92289,0.92289,45.0,2987.0,1364.0,42.535456297183096,-21.75633070081861,0.0833333,0.0833333,0.0833333,0.0833333,0.289,0.289,45.0,0.2886751,0.2886751,45.0,99.0,0.0,0.0,1.0,0.0,0.044,19.0
1484,1484,19_25,19_39,9.721102,1.252166,23.654,0.1399,-2.711721E-6,2.0,2.0,2990.0,1361.0,2990.0,1361.1114,2990.0,1361.1114,42.534563144338016,-21.755502727629548,0.427,0.289,90.0,0.11522,0.05609,90.0,2990.0,1361.1114,42.534563144338016,-21.755502727629548,0.0833333,0.090498455911,0.0833333,0.090498455911,0.301,0.289,90.0,0.3008296,0.2886751,90.0,99.0,0.0,0.0,1.479,0.324,0.565,19.0
1485,1485,19_26,19_38,1.06485,0.4144273,26.0551,0.4227,-1.691993E-7,1.0,1.0,2851.0,1358.0,2851.0,1358.0,2851.0,1358.0,42.57667855504253,-21.755327382661857,0.289,0.289,45.0,0.29345,0.29345,45.0,2851.0,1358.0,42.57667855504253,-21.755327382661857,0.0833333,0.0833333,0.0833333,0.0833333,0.289,0.289,45.0,0.2886751,0.2886751,45.0,99.0,0.0,0.0,1.0,0.0,0.026,19.0
1487,1487,19_28,19_36,2.936827,0.6882454,24.9536,0.2545,-3.224833E-6,1.0,1.0,2974.0,1345.0,2974.0,1345.0,2974.0,1345.0,42.53949528140058,-21.751051101826004,0.289,0.289,45.0,0.11932,0.11932,45.0,2974.0,1345.0,42.53949528140058,-21.751051101826004,0.0833333,0.0833333,0.0833333,0.0833333,0.289,0.289,45.0,0.2886751,0.2886751,45.0,99.0,0.0,0.0,1.0,0.0,0.371,19.0
1489,1489,19_30,19_34,5.918956,0.9770723,24.1927,0.1793,0.0,1.0,1.0,2571.0,1335.0,2571.0,1335.0,2571.0,1335.0,42.661596661401525,-21.75022285807527,0.289,0.289,45.0,0.06819,0.06819,45.0,2571.0,1335.0,42.661596661401525,-21.75022285807527,0.0833333,0.0833333,0.0833333,0.0833333,0.289,0.289,45.0,0.2886751,0.2886751,45.0,99.0,0.0,0.0,1.0,0.0,0.385,19.0
1491,1491,19_32,19_32,4.24619,0.8275683,24.5533,0.2117,-3.6483E-5,1.0,1.0,2939.0,1308.0,2939.0,1308.0,2939.0,1308.0,42.55029261279483,-21.74081810786525,0.289,0.289,45.0,0.08824,0.08824,45.0,2939.0,1308.0,42.55029261279483,-21.74081810786525,0.0833333,0.0833333,0.0833333,0.0833333,0.289,0.289,45.0,0.2886751,0.2886751,45.0,99.0,0.0,0.0,1.0,0.0,0.37,19.0
1492,1492,19_33,19_31,25.00275,2.008159,22.6283,0.0872,0.0,3.0,3.0,2563.0,1278.0,2562.7699,1278.3486,2562.7699,1278.3486,42.66437882991876,-21.73432183765353,0.595,0.224,-49.73,0.06587,0.03063,-51.43,2562.7699,1278.3486,42.66437882991876,-21.73432183765353,0.092592053045,0.12439675982,0.092592053045,0.12439675982,0.356,0.3,-75.32,0.3560055,0.3004145,-75.32,99.0,0.0,1.33,2.656,0.624,0.939,19.0
1497,1497,19_38,19_26,30.60451,2.221759,22.4088,0.0788,-1.895264E-5,2.0,2.0,2945.0,1196.0,2945.0,1196.4872,2945.0,1196.4872,42.54906948939674,-21.70941192357915,0.577,0.289,90.0,0.04968,0.02484,90.0,2945.0,1196.4872,42.54906948939674,-21.70941192357915,0.0833333,0.26035977344,0.0833333,0.26035977344,0.51,0.289,90.0,0.5102546,0.2886751,90.0,99.0,0.0,0.96,2.0,0.5,0.855,19.0
1499,1499,19_40,19_24,23.1549,1.932527,22.7117,0.0906,-4.435983E-8,1.0,1.0,2837.0,1167.0,2837.0,1167.0,2837.0,1167.0,42.58192472691204,-21.70165548652553,0.289,0.289,45.0,0.02713,0.02713,45.0,2837.0,1167.0,42.58192472691204,-21.70165548652553,0.0833333,0.0833333,0.0833333,0.0833333,0.289,0.289,45.0,0.2886751,0.2886751,45.0,99.0,0.0,0.0,1.0,0.0,0.84,19.0
1502,1502,19_43,19_21,18.0285,1.705234,22.9834,0.1027,-2.349449E-9,2.0,2.0,2777.0,1158.0,2777.4362,1157.5638,2777.4362,1157.5638,42.60000737758728,-21.699294701643392,0.758,0.289,45.0,0.09373,0.03547,-45.0,2777.4362,1157.5638,42.60000737758728,-21.699294701643392,0.18427331827,0.18427331827,0.18427331827,0.18427331827,0.534,0.289,45.0,0.5340537,0.2886751,45.0,99.0,0.0,1.51,2.627,0.619,0.638,19.0
1506,1506,19_47,19_17,0.4408673,0.2666601,27.0125,0.6569,0.0,1.0,1.0,2568.0,1114.0,2568.0,1114.0,2568.0,1114.0,42.66363506901244,-21.688051282496875,0.289,0.289,45.0,0.67766,0.67766,45.0,2568.0,1114.0,42.66363506901244,-21.688051282496875,0.0833333,0.0833333,0.0833333,0.0833333,0.289,0.289,45.0,0.2886751,0.2886751,45.0,99.0,0.0,0.0,1.0,0.0,0.032,19.0
1508,1508,19_49,19_15,9.611063,1.245059,23.6664,0.1407,0.0,2.0,2.0,2616.0,1098.0,2616.0,1098.3669,2616.0,1098.3669,42.649185114119696,-21.683422303978524,0.562,0.289,90.0,0.11357,0.05659,90.0,2616.0,1098.3669,42.649185114119696,-21.683422303978524,0.0833333,0.16384692717,0.0833333,0.16384692717,0.405,0.289,90.0,0.4047801,0.2886751,90.0,99.0,0.0,0.95,1.946,0.486,0.493,19.0
1509,1509,19_50,19_14,3.649668,0.7672393,24.7177,0.2283,-7.076941E-5,1.0,1.0,2992.0,1097.0,2992.0,1097.0,2992.0,1097.0,42.53537047439488,-21.68118047311996,0.289,0.289,45.0,0.09969,0.09969,45.0,2992.0,1097.0,42.53537047439488,-21.68118047311996,0.0833333,0.0833333,0.0833333,0.0833333,0.289,0.289,45.0,0.2886751,0.2886751,45.0,99.0,0.0,0.0,1.0,0.0,0.369,19.0
1514,1514,19_55,19_9,38.22266,2.482931,22.1675,0.0705,3.612243E-5,3.0,3.0,2776.0,1060.0,2775.761,1060.3057,2775.761,1060.3057,42.60102258441465,-21.671935545807504,0.521,0.35,50.87,0.0428,0.02764,48.0,2775.761,1060.3057,42.60102258441465,-21.671935545807504,0.10575787761,0.15181040071,0.10575787761,0.15181040071,0.401,0.311,67.87,0.4011657,0.3108607,67.87,99.0,0.0,1.39,1.49,0.329,0.951,19.0
1517,1517,19_58,19_6,0.206149,0.1823454,27.8378,0.9606,2.592402E-6,1.0,1.0,2585.0,1016.0,2585.0,1016.0,2585.0,1016.0,42.65898995977341,-21.660392922809777,0.289,0.289,45.0,1.42338,1.42338,45.0,2585.0,1016.0,42.65898995977341,-21.660392922809777,0.0833333,0.0833333,0.0833333,0.0833333,0.289,0.289,45.0,0.2886751,0.2886751,45.0,99.0,0.0,0.0,1.0,0.0,0.057,19.0
1518,1518,19_59,19_5,1.273824,0.453272,25.8605,0.3864,6.328115E-6,1.0,1.0,2941.0,1012.0,2941.0,1012.0,2941.0,1012.0,42.55126122571593,-21.65752032291148,0.289,0.289,45.0,0.24881,0.24881,45.0,2941.0,1012.0,42.55126122571593,-21.65752032291148,0.0833333,0.0833333,0.0833333,0.0833333,0.289,0.289,45.0,0.2886751,0.2886751,45.0,99.0,0.0,0.0,1.0,0.0,0.025,19.0
1564,1564,21_4,21_67,0.08996826,0.1204617,28.7381,1.4541,1.480748E-6,1.0,1.0,366.0,1994.0,366.0,1994.0,366.0,1994.0,43.32672445053584,-21.944761936515786,0.289,0.289,45.0,3.23176,3.23176,45.0,366.0,1994.0,43.32672445053584,-21.944761936515786,0.0833333,0.0833333,0.0833333,0.0833333,0.289,0.289,45.0,0.2886751,0.2886751,45.0,99.0,0.0,0.0,1.0,0.0,0.007,21.0
1565,1565,21_5,21_66,114.2729,4.293148,20.9784,0.0408,7.872902E-7,4.0,4.0,322.0,1992.0,322.5043,1992.163,322.5043,1992.163,43.33991490041294,-21.94439685325688,0.509,0.357,15.15,0.02109,0.01699,18.23,322.5043,1992.163,43.33991490041294,-21.94439685325688,0.23608515484,0.036744966584,0.23608515484,0.036744966584,0.486,0.191,2.64,0.4863241,0.1905754,2.64,99.0,0.0,0.99,1.425,0.298,0.998,21.0
1566,1566,21_6,21_65,37.15457,2.447994,22.1983,0.0716,0.06098616,3.0,3.0,279.0,1991.0,279.2098,1991.3006,279.2098,1991.3006,43.35304031729223,-21.94430409632045,0.505,0.348,-54.71,0.04263,0.02826,-49.56,279.2098,1991.3006,43.35304031729223,-21.94430409632045,0.079274104349,0.13057344801,0.079274104349,0.13057344801,0.366,0.276,-76.2,0.3658758,0.2756491,-76.2,99.0,0.0,1.25,1.451,0.311,0.957,21.0
1568,1568,21_8,21_63,28.37963,2.139477,22.4908,0.0819,0.0,2.0,2.0,136.0,1984.0,136.0,1983.9976,136.0,1983.9976,43.39647085648018,-21.942736796948992,0.293,0.289,90.0,0.04393,0.02609,90.0,136.0,1983.9976,43.39647085648018,-21.942736796948992,0.0833333,0.083484184078,0.0833333,0.083484184078,0.289,0.289,90.0,0.2889363,0.2886751,90.0,99.0,0.0,0.0,1.014,0.014,0.965,21.0
1569,1569,21_9,21_62,837.6257,11.62329,18.8157,0.0151,-3.820768E-7,2.0,2.0,509.0,1963.0,509.0,1962.6682,509.0,1962.6682,43.28350265923018,-21.935439863260147,0.552,0.289,90.0,0.00773,0.00404,90.0,509.0,1962.6682,43.28350265923018,-21.935439863260147,0.0833333,0.13550018016,0.0833333,0.13550018016,0.368,0.289,90.0,0.3681035,0.2886751,90.0,99.0,16.0,0.94,1.913,0.477,0.998,21.0
1570,1570,21_10,21_61,206.4503,5.77048,20.3363,0.0304,-1.19966E-7,6.0,6.0,207.0,1954.0,207.5073,1953.5616,207.5073,1953.5616,43.37491343903191,-21.93393227601839,0.663,0.496,81.99,0.02171,0.01512,85.39,207.5073,1953.5616,43.37491343903191,-21.93393227601839,0.24489944205,0.27529381342,0.24489944205,0.27529381342,0.526,0.493,77.08,0.5262905,0.4931648,77.08,99.0,0.0,1.91,1.336,0.251,1.0,21.0
1574,1574,21_14,21_57,82.69271,3.652059,21.3296,0.048,0.0,3.0,3.0,223.0,1899.0,222.7469,1898.9641,222.7469,1898.9641,43.370499929797134,-21.918519614210208,0.522,0.343,-3.36,0.02192,0.01387,-11.45,222.7469,1898.9641,43.370499929797134,-21.918519614210208,0.10765546027,0.086159480901,0.10765546027,0.086159480901,0.328,0.294,-0.19,0.3281093,0.2935289,-0.19,99.0,0.0,0.93,1.525,0.344,0.996,21.0
1575,1575,21_15,21_56,57.74155,3.051746,21.7196,0.0574,0.0,7.0,7.0,58.0,1896.0,59.2297,1895.896,59.2297,1895.896,43.42005904732759,-21.918206205619818,1.061,0.305,0.73,0.07343,0.03132,3.33,59.2297,1895.896,43.42005904732759,-21.918206205619818,0.45793817542,0.082191994979,0.45793817542,0.082191994979,0.678,0.284,-3.82,0.6779552,0.2837374,-3.82,99.0,0.0,3.34,3.478,0.712,0.997,21.0
1577,1577,21_17,21_54,131.8194,4.610986,20.8234,0.038,0.0,3.0,3.0,378.0,1876.0,378.3288,1875.8681,378.3288,1875.8681,43.32344168449646,-21.911482612770065,0.486,0.315,19.62,0.01848,0.01234,24.77,378.3288,1875.8681,43.32344168449646,-21.911482612770065,0.16080543899,0.10852761882,0.16080543899,0.10852761882,0.401,0.329,2.39,0.4011196,0.3292964,2.39,99.0,0.0,1.09,1.544,0.352,0.996,21.0
1580,1580,21_20,21_51,4.97824,0.8960702,24.3806,0.1955,0.0,1.0,1.0,261.0,1855.0,261.0,1855.0,261.0,1855.0,43.35907403535435,-21.90601915506757,0.289,0.289,45.0,0.07786,0.07786,45.0,261.0,1855.0,43.35907403535435,-21.90601915506757,0.0833333,0.0833333,0.0833333,0.0833333,0.289,0.289,45.0,0.2886751,0.2886751,45.0,99.0,0.0,0.0,1.0,0.0,0.374,21.0
1581,1581,21_21,21_50,2.515664,0.6369868,25.1217,0.275,0.0,2.0,2.0,453.0,1834.0,453.1836,1834.0,453.1836,1834.0,43.300920430057566,-21.89943808443653,0.483,0.289,0.0,0.38978,0.17798,0.0,453.1836,1834.0,43.300920430057566,-21.89943808443653,0.097586205736,0.0833333,0.097586205736,0.0833333,0.312,0.289,0.0,0.3123879,0.2886751,0.0,99.0,0.0,0.85,1.673,0.402,0.042,21.0
1582,1582,21_22,21_49,271.7424,6.620378,20.0379,0.0265,-0.001355837,9.0,9.0,443.0,1830.0,442.2658,1830.5588,442.2658,1830.5588,43.30424204880025,-21.89850868175108,1.591,0.394,-37.73,0.04277,0.01079,-37.82,442.2658,1830.5588,43.30424204880025,-21.89850868175108,0.62796309374,0.36156239955,0.62796309374,0.36156239955,0.918,0.382,-33.77,0.9184192,0.3821408,-33.77,33.3187,0.0,3.59,4.039,0.752,0.98,21.0
1583,1583,21_23,21_48,85.53407,3.714272,21.293,0.0472,0.0,4.0,4.0,29.0,1824.0,29.394,1824.3753,29.394,1824.3753,43.42935960709196,-21.89818242143432,0.496,0.477,-38.35,0.02451,0.02408,-36.95,29.394,1824.3753,43.42935960709196,-21.89818242143432,0.20910559595,0.19623598536,0.20910559595,0.19623598536,0.46,0.44,-22.94,0.46034,0.4398052,-22.94,99.0,0.0,0.98,1.041,0.039,0.995,21.0
1584,1584,21_24,21_47,139.5629,4.744485,20.7614,0.0369,0.0,2.0,2.0,508.0,1823.0,508.0,1823.1662,508.0,1823.1662,43.284352308589895,-21.8961939155637,0.471,0.289,90.0,0.01738,0.01024,90.0,508.0,1823.1662,43.284352308589895,-21.8961939155637,0.0833333,0.095663907396,0.0833333,0.095663907396,0.309,0.289,90.0,0.3092958,0.2886751,90.0,99.0,16.0,2.1,1.632,0.387,0.996,21.0
1585,1585,21_25,21_46,122.3917,4.44304,20.9039,0.0394,0.0,4.0,4.0,146.0,1786.0,145.6864,1786.3133,145.6864,1786.3133,43.39426824616753,-21.88708622333587,0.548,0.361,-44.99,0.02193,0.01543,-44.99,145.6864,1786.3133,43.39426824616753,-21.88708622333587,0.086708028881,0.086595876649,0.086708028881,0.086595876649,0.329,0.255,-44.92,0.3287138,0.2554431,-44.92,99.0,0.0,1.0,1.519,0.342,0.998,21.0
1589,1589,21_29,21_42,337.4145,7.377106,19.8029,0.0237,0.0,6.0,6.0,257.0,1777.0,256.9584,1776.546,256.9584,1776.546,43.36059423864896,-21.883959349443582,0.57,0.473,29.38,0.01367,0.01113,20.65,256.9584,1776.546,43.36059423864896,-21.883959349443582,0.10875153348,0.24229846083,0.10875153348,0.24229846083,0.494,0.327,83.85,0.4938305,0.3273858,83.85,99.0,0.0,1.26,1.207,0.171,1.0,21.0
1590,1590,21_30,21_41,0.06875659,0.105308,29.03,1.6633,0.0,1.0,1.0,281.0,1768.0,281.0,1768.0,281.0,1768.0,43.35334284476809,-21.88147195452751,0.289,0.289,45.0,4.22164,4.22164,45.0,281.0,1768.0,43.35334284476809,-21.88147195452751,0.0833333,0.0833333,0.0833333,0.0833333,0.289,0.289,45.0,0.2886751,0.2886751,45.0,99.0,0.0,0.0,1.0,0.0,0.003,21.0
1592,1592,21_32,21_39,13.47135,1.474042,23.2998,0.1188,0.0,4.0,4.0,14.0,1750.0,13.9826,1750.0136,13.9826,1750.0136,43.43429847847541,-21.87731087408917,0.324,0.304,-36.44,0.12693,0.07499,-45.1,13.9826,1750.0136,43.43429847847541,-21.87731087408917,0.084025880966,0.083808641291,0.084025880966,0.083808641291,0.29,0.289,-4.41,0.2898744,0.289495,-4.41,99.0,0.0,1.75,1.064,0.06,0.927,21.0
1594,1594,21_34,21_37,128.269,4.548468,20.853,0.0385,0.0,4.0,4.0,148.0,1722.0,148.4566,1721.778,148.4566,1721.778,43.393667997360005,-21.86891900648549,0.686,0.352,-22.06,0.02796,0.01375,-20.69,148.4566,1721.778,43.393667997360005,-21.86891900648549,0.26655795954,0.10071598583,0.26655795954,0.10071598583,0.531,0.291,-16.46,0.5314264,0.2913072,-16.46,99.0,0.0,1.79,1.949,0.487,0.997,21.0
1597,1597,21_37,21_34,29.49935,2.181275,22.4488,0.0803,0.0,2.0,2.0,208.0,1699.0,208.0,1699.3173,208.0,1699.3173,43.37571505342088,-21.862397398666573,0.548,0.289,90.0,0.04983,0.02544,90.0,208.0,1699.3173,43.37571505342088,-21.862397398666573,0.0833333,0.12476077007,0.0833333,0.12476077007,0.353,0.289,90.0,0.3532149,0.2886751,90.0,99.0,0.0,0.93,1.897,0.473,0.919,21.0
1600,1600,21_40,21_31,26.30241,2.05969,22.5733,0.085,0.0,2.0,2.0,378.0,1666.0,377.6212,1666.0,377.6212,1666.0,43.32446086528639,-21.852435473150955,0.564,0.289,0.0,0.05441,0.02742,0.0,377.6212,1666.0,43.32446086528639,-21.852435473150955,0.16487066216,0.0833333,0.16487066216,0.0833333,0.406,0.289,0.0,0.4060427,0.2886751,0.0,99.0,0.0,0.95,1.955,0.489,0.868,21.0
1604,1604,21_44,21_27,0.5253589,0.2910933,26.8222,0.6017,5.311216E-6,2.0,2.0,108.0,1636.0,108.0,1635.6314,108.0,1635.6314,43.40623959968266,-21.844815669481697,0.562,0.289,90.0,1.62404,0.79336,90.0,108.0,1635.6314,43.40623959968266,-21.844815669481697,0.0833333,0.16509719659,0.0833333,0.16509719659,0.406,0.289,90.0,0.4063216,0.2886751,90.0,99.0,0.0,0.95,1.948,0.487,0.008,21.0
1606,1606,21_46,21_25,0.5538753,0.2988892,26.7648,0.586,9.206108E-6,1.0,1.0,108.0,1614.0,108.0,1614.0,108.0,1614.0,43.40631910423606,-21.83872908900465,0.289,0.289,45.0,0.54396,0.54396,45.0,108.0,1614.0,43.40631910423606,-21.83872908900465,0.0833333,0.0833333,0.0833333,0.0833333,0.289,0.289,45.0,0.2886751,0.2886751,45.0,99.0,0.0,0.0,1.0,0.0,0.03,21.0
1607,1607,21_47,21_24,50.21079,2.845789,21.8713,0.0616,0.0,2.0,2.0,283.0,1607.0,282.9726,1607.0,282.9726,1607.0,43.35335316221152,-21.83616411918381,0.332,0.289,0.0,0.02819,0.01827,0.0,282.9726,1607.0,43.35335316221152,-21.83616411918381,0.084945821155,0.0833333,0.084945821155,0.0833333,0.291,0.289,0.0,0.2914547,0.2886751,0.0,99.0,0.0,0.0,1.149,0.129,0.99,21.0
1608,1608,21_48,21_23,173.4349,5.288986,20.5255,0.0331,-3.983655E-8,4.0,4.0,502.0,1598.0,502.4893,1598.248,502.4893,1598.248,43.2869002023476,-21.83292777924033,0.508,0.423,18.31,0.01655,0.01438,20.69,502.4893,1598.248,43.2869002023476,-21.83292777924033,0.24196310732,0.086910968544,0.24196310732,0.086910968544,0.493,0.294,4.01,0.4926752,0.2935051,4.01,99.0,0.0,0.92,1.201,0.167,0.998,21.0
1609,1609,21_49,21_22,264.3107,6.529223,20.068,0.0268,3.440429E-8,11.0,11.0,291.0,1584.0,291.8133,1583.4104,291.8133,1583.4104,43.35076468858311,-21.82949583923907,1.293,0.695,-16.44,0.03758,0.02043,-13.7,291.8133,1583.4104,43.35076468858311,-21.82949583923907,0.54708863299,0.36691275323,0.54708863299,0.36691275323,0.784,0.547,-27.62,0.7842328,0.5467909,-27.62,99.0,0.0,4.53,1.86,0.462,1.0,21.0
1611,1611,21_51,21_20,289.8775,6.837722,19.9678,0.0256,0.1264709,6.0,6.0,40.0,1581.0,39.7569,1581.4201,39.7569,1581.4201,43.42710471734083,-21.82978862448292,0.624,0.462,24.48,0.01626,0.01184,19.07,39.7569,1581.4201,43.42710471734083,-21.82978862448292,0.2137866463,0.22563528148,0.2137866463,0.22563528148,0.505,0.429,49.81,0.5051674,0.4292177,49.81,99.0,0.0,1.68,1.352,0.26,1.0,21.0
1612,1612,21_52,21_19,1.534504,0.4974945,25.6584,0.3521,-2.816826E-4,4.0,4.0,300.0,1579.0,300.4342,1579.6422,300.4342,1579.6422,43.34816804858247,-21.82840565164793,0.913,0.187,59.1,1.18387,0.43689,61.95,300.4342,1579.6422,43.34816804858247,-21.82840565164793,0.1947804038,0.23090212213,0.1947804038,0.23090212213,0.578,0.303,49.29,0.5777214,0.3031841,49.29,35.0243,0.0,2.26,4.884,0.795,0.004,21.0
1614,1614,21_54,21_17,153.222,4.97124,20.66,0.0352,2.884858E-4,10.0,10.0,281.0,1575.0,281.1708,1574.8366,281.1708,1574.8366,43.35402014032535,-21.827120136265943,0.769,0.468,-17.99,0.0381,0.02314,1.48,281.1708,1574.8366,43.35402014032535,-21.827120136265943,0.31977858064,0.1311137269,0.31977858064,0.1311137269,0.568,0.358,-7.43,0.5683674,0.3575623,-7.43,99.0,0.0,2.06,1.641,0.391,1.0,21.0
1615,1615,21_55,21_16,525.9918,9.210721,19.3209,0.019,-6.173813E-5,23.0,23.0,302.0,1572.0,303.3743,1572.9465,303.3743,1572.9465,43.3473029530572,-21.8265113892231,2.022,0.746,38.12,0.04493,0.01694,42.49,303.3743,1572.9465,43.3473029530572,-21.8265113892231,0.81191669341,0.71133674528,0.81191669341,0.71133674528,1.108,0.544,41.9,1.107782,0.5441249,41.9,36.6694,0.0,6.07,2.711,0.631,0.998,21.0
1617,1617,21_57,21_14,29.82656,2.193339,22.4368,0.0799,0.3306578,2.0,2.0,278.0,1570.0,278.1674,1570.1674,278.1674,1570.1674,43.354947310219934,-21.825816677214,0.602,0.289,45.0,0.06039,0.0249,45.0,278.1674,1570.1674,43.354947310219934,-21.825816677214,0.083479446016,0.083479446016,0.083479446016,0.083479446016,0.289,0.289,45.0,0.2891809,0.2886751,45.0,99.0,0.0,2.4,2.085,0.52,0.953,21.0
1618,1618,21_58,21_13,60.36614,3.120332,21.6713,0.0561,-0.0229966,3.0,3.0,283.0,1569.0,282.6863,1569.648,282.6863,1569.648,43.35358073630918,-21.82565490776312,0.576,0.333,-46.66,0.03412,0.01972,-46.26,282.6863,1569.648,43.35358073630918,-21.82565490776312,0.17043203504,0.21229746686,0.17043203504,0.21229746686,0.511,0.349,-53.72,0.5110984,0.3485799,-53.72,30.2451,0.0,2.54,1.729,0.422,0.972,21.0
1619,1619,21_59,21_12,3.603321,0.7623522,24.7315,0.2298,-9.631824E-7,1.0,1.0,184.0,1566.0,184.0,1566.0,184.0,1566.0,43.38348051416537,-21.824966598168118,0.289,0.289,45.0,0.10074,0.10074,45.0,184.0,1566.0,43.38348051416537,-21.824966598168118,0.0833333,0.0833333,0.0833333,0.0833333,0.289,0.289,45.0,0.2886751,0.2886751,45.0,99.0,0.0,0.0,1.0,0.0,0.369,21.0
1620,1620,21_60,21_11,57.68607,3.050279,21.7206,0.0574,9.596988E-7,3.0,3.0,427.0,1562.0,426.9409,1562.1902,426.9409,1562.1902,43.30992137313114,-21.82305122554116,0.394,0.233,83.56,0.02617,0.0197,69.77,426.9409,1562.1902,43.30992137313114,-21.82305122554116,0.087719238714,0.099680320603,0.087719238714,0.099680320603,0.316,0.296,89.65,0.3157226,0.2961736,89.65,99.0,0.0,0.9,1.69,0.408,0.994,21.0
1621,1621,21_61,21_10,208.6683,5.801394,20.3247,0.0302,1.394535E-5,5.0,5.0,79.0,1561.0,79.14,1561.1333,79.14,1561.1333,43.415252702698936,-21.823949731572057,0.681,0.34,-0.79,0.02057,0.01116,2.29,79.14,1561.1333,43.415252702698936,-21.823949731572057,0.17136184872,0.045655378195,0.17136184872,0.045655378195,0.414,0.213,-1.67,0.4140873,0.2134219,-1.67,99.0,0.0,1.99,2.003,0.501,1.0,21.0
1622,1622,21_62,21_9,81.24276,3.619899,21.3488,0.0484,1.064722E-6,3.0,3.0,330.0,1546.0,330.1678,1546.3475,330.1678,1546.3475,43.33928948177952,-21.81893360879523,0.506,0.332,-63.38,0.02562,0.01689,-57.81,330.1678,1546.3475,43.33928948177952,-21.81893360879523,0.056809851032,0.157239848,0.056809851032,0.157239848,0.398,0.235,-83.38,0.3982607,0.235453,-83.38,99.0,0.0,1.23,1.523,0.343,0.993,21.0
1623,1623,21_63,21_8,18.60703,1.732378,22.9491,0.1011,1.032129E-6,2.0,2.0,326.0,1542.0,325.9932,1542.0,325.9932,1542.0,43.34057020307155,-21.817724831435594,0.3,0.289,0.0,0.06412,0.03469,0.0,325.9932,1542.0,43.34057020307155,-21.817724831435594,0.083753357221,0.0833333,0.083753357221,0.0833333,0.289,0.289,0.0,0.2894017,0.2886751,0.0,99.0,0.0,0.0,1.04,0.038,0.901,21.0
1624,1624,21_64,21_7,54.82968,2.973802,21.7758,0.0589,1.394535E-5,3.0,3.0,37.0,1535.0,37.0173,1535.2728,37.0173,1535.2728,43.42810205807807,-21.816812603609268,0.532,0.315,86.04,0.03266,0.01628,68.62,37.0173,1535.2728,43.42810205807807,-21.816812603609268,0.083433157519,0.11002618681,0.083433157519,0.11002618681,0.332,0.289,89.79,0.3317025,0.2888474,89.79,99.0,0.0,0.87,1.685,0.407,0.993,21.0
1625,1625,21_65,21_6,236.8814,6.181155,20.187,0.0283,1.874129E-6,6.0,6.0,420.0,1533.0,419.8759,1532.5722,419.8759,1532.5722,43.31217500844818,-21.81474213305276,0.561,0.446,-38.91,0.01659,0.01323,-25.84,419.8759,1532.5722,43.31217500844818,-21.81474213305276,0.096109741294,0.22155121858,0.096109741294,0.22155121858,0.473,0.306,-82.19,0.4732374,0.3061165,-82.19,99.0,0.0,1.34,1.257,0.204,1.0,21.0
1626,1626,21_66,21_5,70.04234,3.361124,21.5099,0.0521,-5.386988E-7,2.0,2.0,497.0,1532.0,496.5688,1532.0,496.5688,1532.0,43.288951300034846,-21.81430774935349,0.573,0.289,0.0,0.02991,0.01503,0.0,496.5688,1532.0,43.288951300034846,-21.81430774935349,0.20917422005,0.0833333,0.20917422005,0.0833333,0.457,0.289,0.0,0.4573557,0.2886751,0.0,99.0,0.0,0.96,1.986,0.496,0.985,21.0
1628,1628,21_68,21_3,54.61467,2.967965,21.78,0.059,7.844258E-6,2.0,2.0,124.0,1530.0,124.0,1529.9636,124.0,1529.9636,43.40178293955459,-21.815029092324963,0.344,0.289,90.0,0.02678,0.01738,90.0,124.0,1529.9636,43.40178293955459,-21.815029092324963,0.0833333,0.085459849694,0.0833333,0.085459849694,0.292,0.289,90.0,0.2923352,0.2886751,90.0,99.0,0.0,0.0,1.192,0.161,0.991,21.0
1629,1629,21_69,21_2,0.01048202,0.0411175,31.0722,4.26,-2.260803E-6,1.0,1.0,262.0,1524.0,262.0,1524.0,262.0,1524.0,43.36001702151753,-21.812881587421884,0.289,0.289,45.0,27.56274,27.56274,45.0,262.0,1524.0,43.36001702151753,-21.812881587421884,0.0833333,0.0833333,0.0833333,0.0833333,0.289,0.289,45.0,0.2886751,0.2886751,45.0,99.0,0.0,0.0,1.0,0.0,0.0,21.0
1636,1636,22_7,22_37,37.92807,2.473344,22.1759,0.0708,-3.020023E-8,5.0,5.0,851.0,1954.0,850.9511,1953.8995,850.9511,1953.8995,43.17988696298521,-21.93171111897741,0.45,0.359,-84.05,0.05618,0.03268,-64.3,850.9511,1953.8995,43.17988696298521,-21.93171111897741,0.086441069039,0.092474118317,0.086441069039,0.092474118317,0.304,0.294,-89.69,0.3040959,0.2940083,-89.69,99.0,0.0,2.31,1.253,0.202,0.998,22.0
1638,1638,22_9,22_35,0.6359418,0.3202675,26.6148,0.5469,-9.909449E-9,1.0,1.0,747.0,1954.0,747.0,1954.0,747.0,1954.0,43.21139682092277,-21.932130096954463,0.289,0.289,45.0,0.47664,0.47664,45.0,747.0,1954.0,43.21139682092277,-21.932130096954463,0.0833333,0.0833333,0.0833333,0.0833333,0.289,0.289,45.0,0.2886751,0.2886751,45.0,99.0,0.0,0.0,1.0,0.0,0.029,22.0
1642,1642,22_13,22_31,59.28378,3.092232,21.691,0.0566,0.0,9.0,9.0,703.0,1859.0,702.8819,1859.1152,702.8819,1859.1152,43.22515270287327,-21.90559760825893,0.716,0.541,-17.49,0.06721,0.04594,-13.46,702.8819,1859.1152,43.22515270287327,-21.90559760825893,0.30822966181,0.19112067966,0.30822966181,0.19112067966,0.56,0.431,-12.0,0.5601491,0.4307939,-12.0,99.0,0.0,2.04,1.323,0.244,0.999,22.0
1645,1645,22_16,22_28,75.5042,3.489713,21.4284,0.0502,0.0,7.0,7.0,941.0,1830.0,940.5139,1829.6165,940.5139,1829.6165,43.153256632638495,-21.896401311578828,0.677,0.483,-6.33,0.04852,0.02888,-5.7,940.5139,1829.6165,43.153256632638495,-21.896401311578828,0.22692706136,0.19949672328,0.22692706136,0.19949672328,0.488,0.434,28.46,0.4882057,0.4336807,28.46,99.0,0.0,0.79,1.4,0.286,0.999,22.0
1647,1647,22_18,22_26,2.538001,0.6398086,25.1121,0.2738,0.0,3.0,3.0,868.0,1823.0,867.6056,1822.7784,867.6056,1822.7784,43.175380425470514,-21.8947557477169,0.586,0.26,38.06,0.4615,0.24595,38.76,867.6056,1822.7784,43.175380425470514,-21.8947557477169,0.16187133809,0.10022201139,0.16187133809,0.10022201139,0.407,0.311,13.5,0.4069923,0.310565,13.5,99.0,0.0,1.21,2.259,0.557,0.024,22.0
1648,1648,22_19,22_25,3.630106,0.7651804,24.7235,0.2289,0.0,2.0,2.0,739.0,1818.0,739.0,1818.4997,739.0,1818.4997,43.21437128870266,-21.89403571851308,0.577,0.289,90.0,0.25574,0.12787,90.0,739.0,1818.4997,43.21437128870266,-21.89403571851308,0.0833333,0.27978188884,0.0833333,0.27978188884,0.529,0.289,90.0,0.5289441,0.2886751,90.0,99.0,0.0,0.97,2.0,0.5,0.033,22.0
1651,1651,22_22,22_22,111.3234,4.23738,21.0068,0.0413,0.0,8.0,8.0,566.0,1770.0,566.4925000000001,1769.5218,566.4925000000001,1769.5218,43.26683956267556,-21.880889156969907,0.582,0.502,-0.53,0.03128,0.02898,-1.94,566.4925000000001,1769.5218,43.26683956267556,-21.880889156969907,0.23043048732,0.24885742011,0.23043048732,0.24885742011,0.504,0.475,-65.63,0.5036042,0.4750482,-65.63,99.0,0.0,0.57,1.158,0.136,1.0,22.0
1656,1656,22_27,22_17,9.197039,1.217946,23.7142,0.1438,-4.952536E-5,3.0,3.0,670.0,1686.0,670.3897,1685.9564,670.3897,1685.9564,43.23569354564638,-21.856996175243168,0.491,0.195,-7.59,0.14356,0.07586,-38.81,670.3897,1685.9564,43.23569354564638,-21.856996175243168,0.16295034992,0.08438850275,0.16295034992,0.08438850275,0.404,0.29,-0.7,0.4036857,0.2904766,-0.7,99.0,0.0,0.8,2.516,0.602,0.569,22.0
1659,1659,22_30,22_14,5.592577,0.9497519,24.2543,0.1844,-4.761348E-5,4.0,4.0,731.0,1651.0,731.2614,1650.6829,731.2614,1650.6829,43.2173944949725,-21.84684543552468,0.49,0.411,-54.57,0.22432,0.19235,-39.98,731.2614,1650.6829,43.2173944949725,-21.84684543552468,0.076974870142,0.10501276172,0.076974870142,0.10501276172,0.327,0.274,-75.42,0.3271787,0.2737548,-75.42,99.0,0.0,0.89,1.193,0.162,0.094,22.0
1660,1660,22_31,22_13,104.2991,4.101516,21.0776,0.0427,-2.382439E-5,8.0,8.0,627.0,1650.0,627.0585,1650.1212,627.0585,1650.1212,43.24896320865749,-21.847072172721266,0.647,0.556,-37.68,0.03464,0.02873,-41.45,627.0585,1650.1212,43.24896320865749,-21.847072172721266,0.17623996237,0.18028382337,0.17623996237,0.18028382337,0.427,0.417,-59.18,0.4272231,0.4171382,-59.18,99.0,0.0,1.63,1.165,0.141,1.0,22.0
1661,1661,22_32,22_12,9.050291,1.208191,23.7316,0.145,0.0,3.0,3.0,802.0,1645.0,802.279,1645.2669,802.279,1645.2669,43.19590248117728,-21.84505568857916,0.522,0.352,-43.94,0.13067,0.08091,-44.88,802.279,1645.2669,43.19590248117728,-21.84505568857916,0.13243542853,0.12402661799,0.13243542853,0.12402661799,0.389,0.324,-39.77,0.3891141,0.3241176,-39.77,99.0,0.0,1.41,1.484,0.326,0.531,22.0
1662,1662,22_33,22_11,36.71415,2.433442,22.2112,0.072,1.066685E-6,6.0,6.0,511.0,1634.0,510.5221,1634.0933,510.5221,1634.0933,43.28432726742589,-21.84298514102437,0.606,0.493,76.74,0.06783,0.04695,86.85,510.5221,1634.0933,43.28432726742589,-21.84298514102437,0.24859676738,0.1524655423,0.24859676738,0.1524655423,0.5,0.389,7.13,0.5001265,0.3885045,7.13,99.0,0.0,1.37,1.23,0.187,0.956,22.0
1663,1663,22_34,22_10,16.34137,1.623485,23.0901,0.1079,-2.177283E-7,6.0,6.0,991.0,1617.0,990.6724,1617.7281,990.6724,1617.7281,43.13894461363254,-21.83658797975472,0.715,0.338,-53.6,0.1541,0.08653,-47.19,990.6724,1617.7281,43.13894461363254,-21.83658797975472,0.15832972389,0.24532430025,0.15832972389,0.24532430025,0.538,0.338,-59.89,0.5379519,0.3380263,-59.89,99.0,0.0,2.42,2.114,0.527,0.599,22.0
1665,1665,22_36,22_8,86.26715,3.730155,21.2837,0.047,0.0,7.0,7.0,598.0,1597.0,597.6561,1596.8335,597.6561,1596.8335,43.258080706965,-21.832185420232157,0.588,0.5,7.37,0.03346,0.03196,20.43,597.6561,1596.8335,43.258080706965,-21.832185420232157,0.25249826628,0.12150573161,0.25249826628,0.12150573161,0.503,0.348,-2.01,0.5026535,0.3483439,-2.01,99.0,0.0,1.4,1.177,0.15,1.0,22.0
1666,1666,22_37,22_7,1.187387,0.4376231,25.9368,0.4003,-6.298358E-6,2.0,2.0,768.0,1592.0,767.9377999999999,1592.0,767.9377999999999,1592.0,43.20652177017614,-21.830196161882707,0.376,0.289,0.0,0.87409,0.3599,0.0,767.9377999999999,1592.0,43.20652177017614,-21.830196161882707,0.086986068041,0.0833333,0.086986068041,0.0833333,0.295,0.289,0.0,0.294934,0.2886751,0.0,99.0,0.0,0.0,1.304,0.233,0.033,22.0
1667,1667,22_38,22_6,1.169152,0.4342498,25.9536,0.4034,-5.880496E-6,1.0,1.0,676.0,1577.0,676.0,1577.0,676.0,1577.0,43.23442986219524,-21.826317145165778,0.289,0.289,45.0,0.26918,0.26918,45.0,676.0,1577.0,43.23442986219524,-21.826317145165778,0.0833333,0.0833333,0.0833333,0.0833333,0.289,0.289,45.0,0.2886751,0.2886751,45.0,99.0,0.0,0.0,1.0,0.0,0.025,22.0
1668,1668,22_39,22_5,2.014491,0.5700157,25.3629,0.3073,-1.078911E-4,2.0,2.0,924.0,1576.0,924.1543,1576.0,924.1543,1576.0,43.15926835404126,-21.82510235536633,0.462,0.289,0.0,0.49018,0.21849,0.0,924.1543,1576.0,43.15926835404126,-21.82510235536633,0.09443433631,0.0833333,0.09443433631,0.0833333,0.307,0.289,0.0,0.3073017,0.2886751,0.0,99.0,0.0,0.0,1.602,0.376,0.033,22.0
1670,1670,22_41,22_3,57.90093,3.055955,21.7166,0.0573,0.0,8.0,8.0,802.0,1531.0,802.1897,1531.633,802.1897,1531.633,43.19639246154591,-21.813081078315864,0.692,0.497,-85.68,0.06006,0.04169,86.39,802.1897,1531.633,43.19639246154591,-21.813081078315864,0.143935286,0.28882364379,0.143935286,0.28882364379,0.537,0.379,88.68,0.5374942,0.3792873,88.68,99.0,0.0,1.72,1.391,0.281,0.999,22.0
1672,1672,23_1,23_1,11.16127,1.341717,23.504,0.1306,0.0,2.0,2.0,1110.0,1517.0,1109.7533,1517.0,1109.7533,1517.0,43.10329900314045,-21.807779953048225,0.519,0.289,0.0,0.10135,0.05042,0.0,1109.7533,1517.0,43.10329900314045,-21.807779953048225,0.10551519484,0.0833333,0.10551519484,0.0833333,0.325,0.289,0.0,0.324831,0.2886751,0.0,99.0,0.0,0.9,1.797,0.444,0.556,23.0
1676,1676,23_5,23_42,12.86657,1.440574,23.3496,0.1216,0.0,1.0,1.0,1345.0,1997.0,1345.0,1997.0,1345.0,1997.0,43.02992538873334,-21.94189753062617,0.289,0.289,45.0,0.03934,0.03934,45.0,1345.0,1997.0,43.02992538873334,-21.94189753062617,0.0833333,0.0833333,0.0833333,0.0833333,0.289,0.289,45.0,0.2886751,0.2886751,45.0,99.0,0.0,0.0,1.0,0.0,0.662,23.0
1677,1677,23_6,23_41,3.134701,0.7110535,24.8828,0.2463,0.0,1.0,1.0,1236.0,1973.0,1236.0,1973.0,1236.0,1973.0,43.06307769585779,-21.93558483132476,0.289,0.289,45.0,0.11299,0.11299,45.0,1236.0,1973.0,43.06307769585779,-21.93558483132476,0.0833333,0.0833333,0.0833333,0.0833333,0.289,0.289,45.0,0.2886751,0.2886751,45.0,99.0,0.0,0.0,1.0,0.0,0.37,23.0
1678,1678,23_7,23_40,83.64314,3.672987,21.3172,0.0477,0.0,2.0,2.0,1206.0,1962.0,1206.0,1962.1304,1206.0,1962.1304,43.07222002348053,-21.932646493832262,0.444,0.289,90.0,0.02266,0.01358,90.0,1206.0,1962.1304,43.07222002348053,-21.932646493832262,0.0833333,0.092133012319,0.0833333,0.092133012319,0.304,0.289,90.0,0.3035342,0.2886751,90.0,99.0,0.0,0.0,1.536,0.349,0.994,23.0
1679,1679,23_8,23_39,30.66038,2.223785,22.4069,0.0788,0.0,1.0,1.0,1074.0,1958.0,1074.0,1958.0,1074.0,1958.0,43.11225447545356,-21.932005844837207,0.289,0.289,45.0,0.02296,0.02296,45.0,1074.0,1958.0,43.11225447545356,-21.932005844837207,0.0833333,0.0833333,0.0833333,0.0833333,0.289,0.289,45.0,0.2886751,0.2886751,45.0,99.0,0.0,0.0,1.0,0.0,0.903,23.0
1681,1681,23_10,23_37,17.86923,1.697685,22.993,0.1032,0.0,1.0,1.0,1460.0,1885.0,1460.0,1885.0,1460.0,1885.0,42.99556205021457,-21.909914601592305,0.289,0.289,45.0,0.03183,0.03183,45.0,1460.0,1885.0,42.99556205021457,-21.909914601592305,0.0833333,0.0833333,0.0833333,0.0833333,0.289,0.289,45.0,0.2886751,0.2886751,45.0,99.0,0.0,0.0,1.0,0.0,0.774,23.0
1686,1686,23_15,23_32,79.29729,3.576295,21.3752,0.049,0.0,1.0,1.0,1081.0,1841.0,1081.0,1841.0,1081.0,1841.0,43.11063134089476,-21.899059335781057,0.289,0.289,45.0,0.01352,0.01352,45.0,1081.0,1841.0,43.11063134089476,-21.899059335781057,0.0833333,0.0833333,0.0833333,0.0833333,0.289,0.289,45.0,0.2886751,0.2886751,45.0,99.0,0.0,0.0,1.0,0.0,0.989,23.0
1688,1688,23_17,23_30,35.39776,2.389417,22.2509,0.0733,0.0,2.0,2.0,1104.0,1784.0,1104.0,1783.9582,1104.0,1783.9582,43.10390418547957,-21.88291938474249,0.351,0.289,90.0,0.03781,0.02264,90.0,1104.0,1783.9582,43.10390418547957,-21.88291938474249,0.0833333,0.08577031702,0.0833333,0.08577031702,0.293,0.289,90.0,0.2928657,0.2886751,90.0,99.0,0.0,1.78,1.217,0.178,0.978,23.0
1690,1690,23_19,23_28,106.5635,4.145801,21.0543,0.0423,0.0,1.0,1.0,1403.0,1770.0,1403.0,1770.0,1403.0,1770.0,43.013352816230416,-21.877792113814024,0.289,0.289,45.0,0.01155,0.01155,45.0,1403.0,1770.0,43.013352816230416,-21.877792113814024,0.0833333,0.0833333,0.0833333,0.0833333,0.289,0.289,45.0,0.2886751,0.2886751,45.0,99.0,0.0,0.0,1.0,0.0,0.993,23.0
1691,1691,23_20,23_27,54.06133,2.952892,21.7911,0.0593,0.0,2.0,2.0,1505.0,1763.0,1504.6249,1763.0,1504.6249,1763.0,42.98258626277877,-21.87540347568701,0.564,0.289,0.0,0.03445,0.01748,0.0,1504.6249,1763.0,42.98258626277877,-21.87540347568701,0.16991540707,0.0833333,0.16991540707,0.0833333,0.412,0.289,0.0,0.412208,0.2886751,0.0,99.0,0.0,0.95,1.953,0.488,0.977,23.0
1699,1699,23_28,23_19,225.4467,6.030122,20.2407,0.029,0.0,6.0,6.0,1269.0,1652.0,1269.4102,1651.9593,1269.4102,1651.9593,43.05435278071421,-21.845120600559117,0.543,0.28,-18.01,0.01839,0.00939,-24.69,1269.4102,1651.9593,43.05435278071421,-21.845120600559117,0.19232984321,0.090720293576,0.19232984321,0.090720293576,0.439,0.301,-1.79,0.4386669,0.301034,-1.79,99.0,0.0,0.87,1.937,0.484,1.0,23.0
1701,1701,23_30,23_17,129.6605,4.573072,20.8413,0.0383,0.0,4.0,4.0,1491.0,1649.0,1491.203,1649.3275,1491.203,1649.3275,42.98716559060352,-21.843474793470826,0.494,0.371,61.65,0.01962,0.01541,56.76,1491.203,1649.3275,42.98716559060352,-21.843474793470826,0.1231944224,0.17281761431,0.1231944224,0.17281761431,0.417,0.35,82.97,0.4166341,0.3498972,82.97,99.0,0.0,0.73,1.332,0.249,0.999,23.0
1712,1712,23_41,23_6,81.02237,3.614986,21.3518,0.0485,0.0,1.0,1.0,1485.0,1538.0,1485.0,1538.0,1485.0,1538.0,42.989544831506336,-21.812174971234523,0.289,0.289,45.0,0.01336,0.01336,45.0,1485.0,1538.0,42.989544831506336,-21.812174971234523,0.0833333,0.0833333,0.0833333,0.0833333,0.289,0.289,45.0,0.2886751,0.2886751,45.0,99.0,0.0,0.0,1.0,0.0,0.99,23.0
1713,1713,23_42,23_5,64.87619,3.234795,21.5931,0.0541,0.0,1.0,1.0,1199.0,1536.0,1199.0,1536.0,1199.0,1536.0,43.07618550560491,-21.812773203664754,0.289,0.289,45.0,0.01507,0.01507,45.0,1199.0,1536.0,43.07618550560491,-21.812773203664754,0.0833333,0.0833333,0.0833333,0.0833333,0.289,0.289,45.0,0.2886751,0.2886751,45.0,99.0,0.0,0.0,1.0,0.0,0.984,23.0
1714,1714,23_43,23_4,0.5214759,0.2900155,26.8302,0.604,0.0,1.0,1.0,1296.0,1532.0,1296.0,1532.0,1296.0,1532.0,43.04682137132443,-21.81125888782104,0.289,0.289,45.0,0.57637,0.57637,45.0,1296.0,1532.0,43.04682137132443,-21.81125888782104,0.0833333,0.0833333,0.0833333,0.0833333,0.289,0.289,45.0,0.2886751,0.2886751,45.0,99.0,0.0,0.0,1.0,0.0,0.03,23.0
1716,1716,23_45,23_2,18.41516,1.723423,22.9604,0.1016,-2.609517E-4,1.0,1.0,1306.0,1525.0,1306.0,1525.0,1306.0,1525.0,43.04382296108569,-21.809248798933737,0.289,0.289,45.0,0.03123,0.03123,45.0,1306.0,1525.0,43.04382296108569,-21.809248798933737,0.0833333,0.0833333,0.0833333,0.0833333,0.289,0.289,45.0,0.2886751,0.2886751,45.0,35.1078,0.0,0.0,1.0,0.0,0.783,23.0
1717,1717,24_1,24_21,7282.804,34.27346,16.4676,0.0051,-0.003731542,144.0,144.0,1561.0,1550.0,1559.2971,1550.4515,1559.2971,1550.4515,42.96698248235176,-21.815369685837368,4.295,2.465,84.68,0.02021,0.0116,84.68,1559.2971,1550.4515,42.96698248235176,-21.815369685837368,1.9805138135,1.5786528382,1.9805138135,1.5786528382,1.413,1.251,-10.69,1.412578,1.250516,-10.69,30.5654,2.0,5.99,1.743,0.426,0.984,24.0
1718,1718,24_2,24_20,9639.612,39.43071,16.1632,0.0044,-0.003578692,124.0,124.0,1576.0,1550.0,1578.9059,1550.7845,1578.9059,1550.7845,42.9610409215819,-21.815381337303,3.489,3.008,-29.06,0.01427,0.0123,-29.06,1578.9059,1550.7845,42.9610409215819,-21.815381337303,2.7094093387,0.88831678112,2.7094093387,0.88831678112,1.646,0.942,1.16,1.646255,0.9421098,1.16,31.231,3.0,19.44,1.16,0.138,0.987,24.0
1719,1719,24_3,24_20,1074.242,13.16312,18.5455,0.0133,-0.004214092,41.0,41.0,1577.0,1538.0,1577.9393,1541.1419,1577.9393,1541.1419,42.96137753884495,-21.81267211573119,3.48,1.074,72.17,0.04264,0.01316,72.17,1577.9393,1541.1419,42.96137753884495,-21.81267211573119,1.8891363915,7.3468473543,1.8891363915,7.3468473543,2.831,1.104,71.7,2.831483,1.103943,71.7,30.6082,3.0,11.58,3.241,0.691,1.0,24.0
1721,1721,24_5,24_77,224.7016,6.020149,20.2443,0.0291,0.0,5.0,5.0,1532.0,1989.0,1532.0232,1988.996,1532.0232,1988.996,42.9732571444093,-21.93887551079497,0.462,0.427,0.17,0.01238,0.01145,0.17,1532.0232,1988.996,42.9732571444093,-21.93887551079497,0.1048744458,0.10170161008,0.1048744458,0.10170161008,0.324,0.319,0.02,0.3238432,0.3189069,0.02,41.4147,0.0,0.0,1.081,0.075,1.0,24.0
1723,1723,24_7,24_75,258.6057,6.458374,20.0917,0.0271,0.0,6.0,6.0,1921.0,1983.0,1920.721,1983.316,1920.721,1983.316,42.85543075205049,-21.93561294661585,0.505,0.452,-89.05,0.01262,0.01129,-89.05,1920.721,1983.316,42.85543075205049,-21.93561294661585,0.1134308239,0.15390000078,0.1134308239,0.15390000078,0.392,0.337,87.52,0.3923976,0.3366823,87.52,55.5514,0.0,1.04,1.118,0.106,1.0,24.0
1725,1725,24_9,24_73,18.41673,1.723497,22.9603,0.1016,5.477057E-4,1.0,1.0,1921.0,1979.0,1921.0,1979.0,1921.0,1979.0,42.85536680078253,-21.93439744640409,0.289,0.289,45.0,0.02702,0.02702,45.0,1921.0,1979.0,42.85536680078253,-21.93439744640409,0.0833333,0.0833333,0.0833333,0.0833333,0.289,0.289,45.0,0.2886751,0.2886751,45.0,99.0,0.0,0.0,1.0,0.0,0.997,24.0
1727,1727,24_11,24_71,218.9089,5.942044,20.2726,0.0295,0.0,9.0,9.0,1771.0,1958.0,1770.7522,1957.767,1770.7522,1957.767,42.90102127227806,-21.929077430810715,0.866,0.579,70.47,0.0235,0.0157,70.47,1770.7522,1957.767,42.90102127227806,-21.929077430810715,0.27578703539,0.34988641726,0.27578703539,0.34988641726,0.608,0.506,65.27,0.6081449,0.5057995,65.27,45.7383,0.0,2.36,1.496,0.332,1.0,24.0
1729,1729,24_13,24_69,42.05184,2.604334,22.0638,0.0673,0.0,2.0,2.0,1985.0,1931.0,1984.5129,1931.0,1984.5129,1931.0,42.83634099272432,-21.920612580852712,0.577,0.289,0.0,0.03575,0.01788,0.0,1984.5129,1931.0,42.83634099272432,-21.920612580852712,0.26016505851,0.0833333,0.26016505851,0.0833333,0.51,0.289,0.0,0.5100638,0.2886751,0.0,54.0466,0.0,0.96,1.999,0.5,0.999,24.0
1730,1730,24_14,24_68,17.75567,1.692282,23.0,0.1035,-0.002209004,2.0,2.0,1787.0,1928.0,1786.6007,1928.0,1786.6007,1928.0,42.89635614932679,-21.92063418763654,0.568,0.289,0.0,0.05419,0.02752,0.0,1786.6007,1928.0,42.89635614932679,-21.92063418763654,0.18689780219,0.0833333,0.18689780219,0.0833333,0.432,0.289,0.0,0.4323168,0.2886751,0.0,32.7887,0.0,0.96,1.969,0.492,0.999,24.0
1731,1731,24_15,24_67,227.64,6.059383,20.2302,0.0289,0.0,12.0,12.0,1755.0,1924.0,1754.7239,1924.7361,1754.7239,1924.7361,42.90603536868252,-21.919853153867965,1.391,0.656,-5.46,0.03703,0.01747,-5.46,1754.7239,1924.7361,42.90603536868252,-21.919853153867965,0.32138575323,0.40553072829,0.32138575323,0.40553072829,0.637,0.567,-89.93,0.636813,0.5669088,-89.93,47.2501,0.0,5.69,2.119,0.528,1.0,24.0
1733,1733,24_17,24_65,185.542,5.470479,20.4522,0.032,0.0,5.0,5.0,1750.0,1906.0,1749.7293,1906.2594,1749.7293,1906.2594,42.90763592907605,-21.91467615510986,0.648,0.434,-78.73,0.01909,0.0128,-78.73,1749.7293,1906.2594,42.90763592907605,-21.91467615510986,0.12972580325,0.23758157998,0.12972580325,0.23758157998,0.488,0.359,-86.1,0.4879385,0.3594766,-86.1,44.9279,0.0,1.58,1.491,0.329,1.0,24.0
1734,1734,24_18,24_64,32.83864,2.301425,22.3323,0.0761,0.0,2.0,2.0,1989.0,1905.0,1989.0,1905.3024,1989.0,1905.3024,42.83510448051718,-21.913362797210453,0.542,0.289,90.0,0.03802,0.02023,90.0,1989.0,1905.3024,42.83510448051718,-21.913362797210453,0.0833333,0.11408418174,0.0833333,0.11408418174,0.338,0.289,90.0,0.3377635,0.2886751,90.0,50.9513,0.0,0.93,1.879,0.468,0.999,24.0
1735,1735,24_19,24_63,19.38519,1.768232,22.9046,0.0991,0.0,3.0,3.0,1995.0,1905.0,1995.4097,1904.6531,1995.4097,1904.6531,42.83316446720011,-21.91315168067291,0.663,0.171,-43.93,0.06045,0.01562,-43.93,1995.4097,1904.6531,42.83316446720011,-21.91315168067291,0.170354947,0.141362137,0.170354947,0.141362137,0.462,0.313,-37.73,0.4621756,0.3132265,-37.73,49.8182,0.0,1.44,3.872,0.742,1.0,24.0
1736,1736,24_20,24_62,110.3931,4.219637,21.0159,0.0415,0.0,4.0,4.0,1640.0,1904.0,1640.3307,1903.778,1640.3307,1903.778,42.94081155770032,-21.91444425801254,0.554,0.296,-38.59,0.02117,0.0113,-38.59,1640.3307,1903.778,42.94081155770032,-21.91444425801254,0.14618938077,0.10874208091,0.14618938077,0.10874208091,0.387,0.325,-15.97,0.3866883,0.3246592,-15.97,42.3043,0.0,1.12,1.874,0.466,1.0,24.0
1737,1737,24_21,24_61,14.07833,1.506884,23.2519,0.1162,0.0,2.0,2.0,1649.0,1876.0,1649.0616,1876.0,1649.0616,1876.0,42.93829292833178,-21.90659179617328,0.376,0.289,0.0,0.04023,0.0309,0.0,1649.0616,1876.0,42.93829292833178,-21.90659179617328,0.0869546332,0.0833333,0.0869546332,0.0833333,0.295,0.289,0.0,0.2948807,0.2886751,0.0,42.1276,0.0,1.85,1.302,0.232,0.892,24.0
1738,1738,24_22,24_60,253.5357,6.394752,20.1132,0.0274,0.0,5.0,5.0,1715.0,1862.0,1715.2771,1862.3087,1715.2771,1862.3087,42.91828462111563,-21.90245798654116,0.532,0.459,10.23,0.01343,0.01159,10.23,1715.2771,1862.3087,42.91828462111563,-21.90245798654116,0.1511098816,0.13469992951,0.1511098816,0.13469992951,0.389,0.367,1.91,0.3887521,0.3669899,1.91,44.8004,0.0,1.08,1.159,0.137,1.0,24.0
1740,1740,24_24,24_58,1340.613,14.70469,18.305,0.0119,0.0,4.0,4.0,1508.0,1850.0,1508.0,1850.2826,1508.0,1850.2826,42.98116892011804,-21.89994770425682,1.005,0.289,90.0,0.01103,0.00317,90.0,1508.0,1850.2826,42.98116892011804,-21.89994770425682,0.0833333,0.42191399296,0.0833333,0.42191399296,0.65,0.289,90.0,0.6495491,0.2886751,90.0,37.7015,16.0,2.88,3.482,0.713,1.0,24.0
1741,1741,24_25,24_57,221.6665,5.979352,20.2591,0.0293,0.0,9.0,9.0,1514.0,1850.0,1513.3732,1849.6189,1513.3732,1849.6189,42.979543258813095,-21.89973863150147,0.997,0.589,25.64,0.02689,0.01589,25.64,1513.3732,1849.6189,42.979543258813095,-21.89973863150147,0.43270121551,0.2578472178,0.43270121551,0.2578472178,0.668,0.494,15.17,0.6682702,0.4939264,15.17,37.5882,0.0,2.88,1.693,0.409,1.0,24.0
1742,1742,24_26,24_56,79.66324,3.584538,21.3702,0.0489,0.0,2.0,2.0,1780.0,1842.0,1780.0,1841.7326,1780.0,1841.7326,42.89876197933012,-21.89639103398815,0.528,0.289,90.0,0.02378,0.01299,90.0,1780.0,1841.7326,42.89876197933012,-21.89639103398815,0.0833333,0.10844831333,0.0833333,0.10844831333,0.329,0.289,90.0,0.3293149,0.2886751,90.0,44.3538,0.0,0.91,1.831,0.454,1.0,24.0
1743,1743,24_27,24_55,22.96429,1.924556,22.7207,0.091,0.0,2.0,2.0,1664.0,1836.0,1664.1144,1836.0,1664.1144,1836.0,42.9339147257144,-21.895273654755865,0.43,0.289,0.0,0.03602,0.02419,0.0,1664.1144,1836.0,42.9339147257144,-21.895273654755865,0.090749582412,0.0833333,0.090749582412,0.0833333,0.301,0.289,0.0,0.3012467,0.2886751,0.0,44.931,0.0,0.0,1.489,0.328,0.999,24.0
1746,1746,24_30,24_52,41.75743,2.595201,22.0715,0.0675,0.0,2.0,2.0,1998.0,1811.0,1997.6598,1811.0,1997.6598,1811.0,42.83293382615289,-21.886792474279098,0.555,0.289,0.0,0.03448,0.01794,0.0,1997.6598,1811.0,42.83293382615289,-21.886792474279098,0.14640834119,0.0833333,0.14640834119,0.0833333,0.383,0.289,0.0,0.3826334,0.2886751,0.0,47.5969,0.0,0.94,1.922,0.48,1.0,24.0
1748,1748,24_32,24_50,5.012584,0.8991559,24.3731,0.1948,0.0,2.0,2.0,1836.0,1780.0,1836.0,1780.0114,1836.0,1780.0114,42.88207892478687,-21.878783058101163,0.308,0.289,90.0,0.05524,0.05179,90.0,1836.0,1780.0114,42.88207892478687,-21.878783058101163,0.0833333,0.084024196411,0.0833333,0.084024196411,0.29,0.289,90.0,0.2898693,0.2886751,90.0,44.0685,0.0,0.0,1.065,0.061,0.726,24.0
1749,1749,24_33,24_49,29.2853,2.173347,22.4567,0.0806,0.0,2.0,2.0,1760.0,1775.0,1760.4383,1775.0,1760.4383,1775.0,42.90500331482815,-21.87769935449352,0.574,0.289,0.0,0.0426,0.02142,0.0,1760.4383,1775.0,42.90500331482815,-21.87769935449352,0.24031184182,0.0833333,0.24031184182,0.0833333,0.49,0.289,0.0,0.4902161,0.2886751,0.0,41.8358,0.0,0.96,1.989,0.497,0.999,24.0
1750,1750,24_34,24_48,106.192,4.138568,21.0581,0.0423,-5.475475E-6,3.0,3.0,1834.0,1773.0,1833.8818,1773.2057,1833.8818,1773.2057,42.88275300372881,-21.87687739605419,0.415,0.309,70.28,0.01617,0.01205,70.28,1833.8818,1773.2057,42.88275300372881,-21.87687739605419,0.094934883299,0.10558640622,0.094934883299,0.10558640622,0.325,0.308,88.56,0.3249509,0.3081042,88.56,39.2802,0.0,0.96,1.342,0.255,1.0,24.0
1751,1751,24_35,24_47,184.5462,5.455778,20.458,0.0321,0.0,4.0,4.0,1905.0,1761.0,1905.3824,1761.547,1905.3824,1761.547,42.861138481104646,-21.873285379935822,0.523,0.458,50.24,0.01547,0.01355,50.24,1905.3824,1761.547,42.861138481104646,-21.873285379935822,0.19894503113,0.24459470614,0.19894503113,0.24459470614,0.506,0.433,65.78,0.5061389,0.4328546,65.78,44.9306,0.0,1.08,1.142,0.124,1.0,24.0
1752,1752,24_36,24_46,8.947016,1.201277,23.7441,0.1458,0.0,1.0,1.0,1855.0,1759.0,1855.0,1759.0,1855.0,1759.0,42.87641980494286,-21.872788708794012,0.289,0.289,45.0,0.03876,0.03876,45.0,1855.0,1759.0,42.87641980494286,-21.872788708794012,0.0833333,0.0833333,0.0833333,0.0833333,0.289,0.289,45.0,0.2886751,0.2886751,45.0,45.625,0.0,0.0,1.0,0.0,0.997,24.0
1753,1753,24_37,24_45,228.2813,6.067914,20.2271,0.0289,0.0,5.0,5.0,1917.0,1756.0,1917.1437,1756.3332,1917.1437,1756.3332,42.85759884759807,-21.87176686673477,0.569,0.451,23.21,0.01512,0.01199,23.21,1917.1437,1756.3332,42.85759884759807,-21.87176686673477,0.12278233001,0.1571021572,0.12278233001,0.1571021572,0.399,0.347,76.18,0.3991397,0.3472348,76.18,46.6348,0.0,1.22,1.26,0.207,1.0,24.0
1754,1754,24_38,24_44,79.54208,3.58181,21.3718,0.0489,0.0,2.0,2.0,1808.0,1749.0,1808.0567,1749.0,1808.0567,1749.0,42.89069365893783,-21.870178685789465,0.37,0.289,0.0,0.01666,0.013,0.0,1808.0567,1749.0,42.89069365893783,-21.870178685789465,0.086653439155,0.0833333,0.086653439155,0.0833333,0.294,0.289,0.0,0.2943695,0.2886751,0.0,42.844,0.0,1.83,1.282,0.22,0.996,24.0
1756,1756,24_40,24_42,0.0130826,0.04593579,30.8316,3.8132,0.0,1.0,1.0,1755.0,1733.0,1755.0,1733.0,1755.0,1733.0,42.90684752742151,-21.865905416631275,0.289,0.289,45.0,1.06233,1.06233,45.0,1755.0,1733.0,42.90684752742151,-21.865905416631275,0.0833333,0.0833333,0.0833333,0.0833333,0.289,0.289,45.0,0.2886751,0.2886751,45.0,42.6973,0.0,0.0,1.0,0.0,0.027,24.0
1757,1757,24_41,24_41,19.3238,1.765429,22.9081,0.0992,0.0,1.0,1.0,1753.0,1732.0,1753.0,1732.0,1753.0,1732.0,42.9074582846052,-21.86563263453485,0.289,0.289,45.0,0.02637,0.02637,45.0,1753.0,1732.0,42.9074582846052,-21.86563263453485,0.0833333,0.0833333,0.0833333,0.0833333,0.289,0.289,45.0,0.2886751,0.2886751,45.0,43.1063,0.0,0.0,1.0,0.0,0.997,24.0
1761,1761,24_45,24_37,10.93375,1.327971,23.5264,0.1319,0.0,1.0,1.0,1916.0,1689.0,1916.0,1689.0,1916.0,1689.0,42.85826613338643,-21.852826852192592,0.289,0.289,45.0,0.03506,0.03506,45.0,1916.0,1689.0,42.85826613338643,-21.852826852192592,0.0833333,0.0833333,0.0833333,0.0833333,0.289,0.289,45.0,0.2886751,0.2886751,45.0,44.6666,0.0,0.0,1.0,0.0,0.997,24.0
1763,1763,24_47,24_35,19.38307,1.768135,22.9047,0.0991,0.0,1.0,1.0,1645.0,1687.0,1645.0,1687.0,1645.0,1687.0,42.94039387333742,-21.85343112338872,0.289,0.289,45.0,0.02633,0.02633,45.0,1645.0,1687.0,42.94039387333742,-21.85343112338872,0.0833333,0.0833333,0.0833333,0.0833333,0.289,0.289,45.0,0.2886751,0.2886751,45.0,37.5349,0.0,0.0,1.0,0.0,0.997,24.0
1765,1765,24_49,24_33,262.9235,6.512067,20.0737,0.0269,0.0,5.0,5.0,1824.0,1666.0,1824.2633,1666.477,1824.2633,1666.477,42.88617044752954,-21.84688936463185,0.565,0.413,66.59,0.01399,0.01023,66.59,1824.2633,1666.477,42.88617044752954,-21.84688936463185,0.097796887902,0.24868584143,0.097796887902,0.24868584143,0.502,0.307,81.27,0.5023207,0.3068496,81.27,99.0,0.0,1.08,1.368,0.269,1.0,24.0
1767,1767,24_51,24_31,30.77697,2.22801,22.4027,0.0786,0.0,3.0,3.0,1717.0,1647.0,1717.2271,1646.405,1717.2271,1646.405,42.91869618020426,-21.841701904863395,0.553,0.333,-54.79,0.04004,0.02408,-54.79,1717.2271,1646.405,42.91869618020426,-21.841701904863395,0.08535693886,0.2452178898,0.08535693886,0.2452178898,0.505,0.275,-76.54,0.5049148,0.2750197,-76.54,38.5666,0.0,1.72,1.663,0.399,1.0,24.0
1768,1768,24_52,24_30,33.49619,2.324352,22.3108,0.0754,0.0,2.0,2.0,1768.0,1624.0,1768.4739,1623.5261,1768.4739,1623.5261,42.90327550482821,-21.83504487452418,0.763,0.289,45.0,0.05294,0.02003,45.0,1768.4739,1623.5261,42.90327550482821,-21.83504487452418,0.24226984174,0.24226984174,0.24226984174,0.24226984174,0.633,0.289,45.0,0.6334085,0.2886751,45.0,38.6528,0.0,1.51,2.643,0.622,0.999,24.0
1772,1772,24_56,24_26,117.6972,4.356997,20.9464,0.0402,0.0,4.0,4.0,1818.0,1586.0,1817.5787,1586.5193,1817.5787,1586.5193,42.88857138540404,-21.824420382677555,0.566,0.416,-46.14,0.02094,0.01542,-46.14,1817.5787,1586.5193,42.88857138540404,-21.824420382677555,0.22177791313,0.24976760329,0.22177791313,0.24976760329,0.551,0.409,-50.92,0.5513837,0.4092939,-50.92,38.9819,0.0,1.37,1.358,0.264,1.0,24.0
1774,1774,24_58,24_24,0.02894814,0.06837155,29.9692,2.565,-0.001846233,1.0,1.0,1583.0,1575.0,1583.0,1575.0,1583.0,1575.0,42.959690584114455,-21.822177995535515,0.289,0.289,45.0,0.69639,0.69639,45.0,1583.0,1575.0,42.959690584114455,-21.822177995535515,0.0833333,0.0833333,0.0833333,0.0833333,0.289,0.289,45.0,0.2886751,0.2886751,45.0,31.7178,0.0,0.0,1.0,0.0,0.376,24.0
1775,1775,24_59,24_23,28.3298,2.137605,22.4927,0.0819,-0.002353628,2.0,2.0,1577.0,1568.0,1577.0,1568.0899,1577.0,1568.0899,42.961539645436,-21.82025876311145,0.406,0.289,90.0,0.03067,0.02178,90.0,1577.0,1568.0899,42.961539645436,-21.82025876311145,0.0833333,0.088845417728,0.0833333,0.088845417728,0.298,0.289,90.0,0.2980695,0.2886751,90.0,31.1563,0.0,1.93,1.408,0.29,1.0,24.0
1776,1776,24_60,24_22,329.6089,7.291308,19.8283,0.024,-0.002462302,14.0,14.0,1569.0,1566.0,1568.901,1566.5962,1568.901,1566.5962,42.96399992542199,-21.819872370593774,1.115,0.63,59.45,0.02467,0.01393,59.45,1568.901,1566.5962,42.96399992542199,-21.819872370593774,0.2276531562,0.34186559408,0.2276531562,0.34186559408,0.586,0.475,-82.73,0.5863054,0.4751471,-82.73,30.919,0.0,3.11,1.772,0.436,1.0,24.0
1777,1777,24_61,24_80,244.4841,6.279564,20.1527,0.0279,0.0,6.0,6.0,1673.0,2009.0,1672.8933,2009.4422,1672.8933,2009.4422,42.93045094460072,-21.94403485608914,0.725,0.385,-30.67,0.01862,0.0099,-30.67,1672.8933,2009.4422,42.93045094460072,-21.94403485608914,0.21964811128,0.23314995304,0.21964811128,0.23314995304,0.555,0.38,-47.36,0.5552908,0.3800661,-47.36,44.7728,0.0,2.32,1.881,0.469,1.0,24.0
1778,1778,24_62,24_21,341.0283,7.416692,19.7913,0.0236,-0.003797479,11.0,11.0,1550.0,1549.0,1550.0,1549.954,1550.0,1549.954,42.96980107695827,-21.815268524865186,0.904,0.567,74.11,0.01966,0.01234,74.11,1550.0,1549.954,42.96980107695827,-21.815268524865186,0.28284956598,0.487469541,0.28284956598,0.487469541,0.711,0.514,73.98,0.7112327,0.5142637,73.98,29.7312,3.0,3.14,1.593,0.372,1.0,24.0
1779,1779,24_63,24_21,411.4274,8.146296,19.5876,0.0215,-0.004170276,12.0,12.0,1558.0,1546.0,1557.6827,1544.4367,1557.6827,1544.4367,42.96749877956714,-21.81368396313633,1.452,0.634,54.82,0.02874,0.01256,54.82,1557.6827,1544.4367,42.96749877956714,-21.81368396313633,0.54345703746,0.99556322707,0.54345703746,0.99556322707,1.035,0.684,69.31,1.034804,0.6842517,69.31,29.7534,3.0,5.72,2.289,0.563,1.0,24.0
1780,1780,24_64,24_21,614.0957,9.952451,19.1527,0.0176,-0.004280264,16.0,16.0,1562.0,1542.0,1562.0,1541.879,1562.0,1541.879,42.966202561919296,-21.812946224339683,2.009,0.402,78.98,0.03256,0.00652,78.99,1562.0,1541.879,42.966202561919296,-21.812946224339683,0.1127686632,0.3762338283,0.1127686632,0.3762338283,0.613,0.336,89.69,0.6133853,0.335799,89.69,29.8172,3.0,5.35,4.998,0.8,1.0,24.0
1781,1781,24_65,24_79,64.30955,3.220638,21.6026,0.0544,0.0,1.0,1.0,1508.0,2005.0,1508.0,2005.0,1508.0,2005.0,42.98046829643109,-21.943478256465717,0.289,0.289,45.0,0.01446,0.01446,45.0,1508.0,2005.0,42.98046829643109,-21.943478256465717,0.0833333,0.0833333,0.0833333,0.0833333,0.289,0.289,45.0,0.2886751,0.2886751,45.0,38.7303,0.0,0.0,1.0,0.0,0.998,24.0
1783,1783,24_67,24_19,38.51611,2.492444,22.1592,0.0703,-0.001026595,3.0,3.0,1641.0,1562.0,1640.7795,1562.3832,1640.7795,1562.3832,42.942244428863525,-21.81838470341214,0.543,0.337,55.44,0.03512,0.02182,55.44,1640.7795,1562.3832,42.942244428863525,-21.81838470341214,0.082426973616,0.2219423076,0.082426973616,0.2219423076,0.478,0.276,78.32,0.4776762,0.276034,78.32,33.842,0.0,1.61,1.61,0.379,1.0,24.0
1784,1784,24_68,24_18,152635.5,156.9033,13.1642,0.0011,-4.60699E-4,5.0,5.0,1569.0,1556.0,1568.802,1556.3362,1568.802,1556.3362,42.96407648257784,-21.8169857977096,0.516,0.354,-61.21,5.3E-4,3.6E-4,-61.21,1568.802,1556.3362,42.96407648257784,-21.8169857977096,0.11330197901,0.16358765711,0.11330197901,0.16358765711,0.405,0.335,-82.88,0.4054434,0.3354181,-82.88,30.567,6.0,1.64,1.457,0.314,1.0,24.0
1788,1788,24_72,24_15,14.48704,1.529081,23.2209,0.1146,-0.06267012,5.0,5.0,1544.0,1552.0,1544.2698,1551.7725,1544.2698,1551.7725,42.97152868104465,-21.815804128749104,0.646,0.206,-50.01,0.06886,0.02194,-50.02,1544.2698,1551.7725,42.97152868104465,-21.815804128749104,0.10057003008,0.11184726143,0.10057003008,0.11184726143,0.345,0.306,-58.18,0.3448284,0.3057952,-58.18,28.6403,0.0,1.54,3.142,0.682,0.942,24.0
1789,1789,24_73,24_14,196.9422,5.636033,20.3875,0.0311,0.0,4.0,4.0,1825.0,1549.0,1825.4987,1549.2164,1825.4987,1549.2164,42.88634711816354,-21.8138899273263,0.523,0.382,25.38,0.01496,0.01094,25.38,1825.4987,1549.2164,42.88634711816354,-21.8138899273263,0.23138935336,0.062228384563,0.23138935336,0.062228384563,0.483,0.245,6.2,0.4831236,0.2453759,6.2,37.3265,0.0,1.1,1.367,0.269,1.0,24.0
1790,1790,24_74,24_13,-0.0117096,0.005731323,99.0,99.0,0.2134306,1.0,1.0,1585.0,1545.0,1585.0,1545.0,1585.0,1545.0,42.95922115074927,-21.813728131371445,0.289,0.289,45.0,0.25648,0.25648,45.0,1585.0,1545.0,42.95922115074927,-21.813728131371445,0.0833333,0.0833333,0.0833333,0.0833333,0.289,0.289,45.0,0.2886751,0.2886751,45.0,99.0,0.0,0.0,1.0,0.0,0.064,24.0
1791,1791,24_75,24_12,103512.3,129.2112,13.5858,0.0014,-5.408389,3.0,3.0,1569.0,1544.0,1569.0,1543.6124,1569.0,1543.6124,42.964074241244525,-21.813404700398863,0.57,0.289,90.0,7.1E-4,3.6E-4,90.0,1569.0,1543.6124,42.964074241244525,-21.813404700398863,0.0833333,0.17607107721,0.0833333,0.17607107721,0.42,0.289,90.0,0.4196082,0.2886751,90.0,24.3119,4.0,0.0,1.975,0.494,1.0,24.0
1792,1792,24_76,24_11,12.25012,1.405641,23.403,0.1246,2.281482E-6,2.0,2.0,1776.0,1543.0,1775.7062,1543.0,1775.7062,1543.0,42.90146005966934,-21.81235557528317,0.539,0.289,0.0,0.06189,0.03313,0.0,1775.7062,1543.0,42.90146005966934,-21.81235557528317,0.11267992071,0.0833333,0.11267992071,0.0833333,0.336,0.289,0.0,0.3356783,0.2886751,0.0,36.2887,0.0,0.92,1.868,0.465,0.998,24.0
1793,1793,24_77,24_10,60.06471,3.112583,21.6768,0.0563,0.2483752,5.0,5.0,1581.0,1537.0,1581.3043,1537.0101,1581.3043,1537.0101,42.96037698231692,-21.811495393099285,0.543,0.31,0.45,0.02786,0.01588,0.45,1581.3043,1537.0101,42.96037698231692,-21.811495393099285,0.11801922352,0.084140042902,0.11801922352,0.084140042902,0.344,0.29,0.02,0.3435393,0.290069,0.02,99.0,0.0,0.92,1.754,0.43,1.0,24.0
1794,1794,24_78,24_9,210.3561,5.824948,20.3159,0.0301,-1.402281,9.0,9.0,1569.0,1535.0,1568.8169,1534.6746,1568.8169,1534.6746,42.96417025682717,-21.810890508862705,0.731,0.466,-80.48,0.02089,0.01331,-80.48,1568.8169,1534.6746,42.96417025682717,-21.810890508862705,0.14481007264,0.1798895518,0.14481007264,0.1798895518,0.43,0.374,-70.21,0.4302398,0.3736219,-70.21,25.7611,0.0,1.84,1.57,0.363,0.971,24.0
1795,1795,24_79,24_8,7.339287,1.088211,23.9592,0.161,-0.1624355,2.0,2.0,1564.0,1536.0,1564.3879,1536.0,1564.3879,1536.0,42.96550587079628,-21.81128198128632,0.566,0.289,0.0,0.08584,0.04375,0.0,1564.3879,1536.0,42.96550587079628,-21.81128198128632,0.19363617396,0.0833333,0.19363617396,0.0833333,0.44,0.289,0.0,0.4400411,0.2886751,0.0,27.9265,1.0,0.98,1.962,0.49,0.712,24.0
1796,1796,24_80,24_7,177.4194,5.349396,20.5008,0.0327,0.0,5.0,5.0,1927.0,1534.0,1926.5461,1533.7535,1926.5461,1533.7535,42.85580946125874,-21.80909870286112,0.554,0.4,39.42,0.01672,0.01206,39.42,1926.5461,1533.7535,42.85580946125874,-21.80909870286112,0.19741704391,0.086933798709,0.19741704391,0.086933798709,0.451,0.284,12.93,0.4511864,0.2842211,12.93,40.6635,0.0,1.17,1.386,0.279,1.0,24.0
1797,1797,24_81,24_6,144.8021,4.832719,20.7214,0.0362,-0.001047126,4.0,4.0,1651.0,1535.0,1650.7001,1534.4558,1650.7001,1534.4558,42.939367225437024,-21.810484490583224,0.518,0.436,59.59,0.01728,0.01454,59.59,1650.7001,1534.4558,42.939367225437024,-21.810484490583224,0.13181804268,0.24708861976,0.13181804268,0.24708861976,0.501,0.358,80.03,0.5007598,0.3579752,80.03,33.5312,0.0,1.04,1.188,0.158,1.0,24.0
1798,1798,24_82,24_5,9.788469,1.256497,23.6465,0.1394,-0.003026401,2.0,2.0,1622.0,1535.0,1621.7927,1535.0,1621.7927,1535.0,42.948121388387655,-21.81075964781833,0.498,0.289,0.0,0.0639,0.03706,0.0,1621.7927,1535.0,42.948121388387655,-21.81075964781833,0.10038535226,0.0833333,0.10038535226,0.0833333,0.317,0.289,0.0,0.3168365,0.2886751,0.0,34.2142,0.0,0.87,1.724,0.42,0.803,24.0
1799,1799,24_83,24_4,44.91383,2.691499,21.9923,0.0651,2.938858E-6,2.0,2.0,1776.0,1526.0,1776.0,1526.4481,1776.0,1526.4481,42.90144824464022,-21.80769692389859,0.575,0.289,90.0,0.03446,0.0173,90.0,1776.0,1526.4481,42.90144824464022,-21.80769692389859,0.0833333,0.22204254354,0.0833333,0.22204254354,0.471,0.289,90.0,0.4712139,0.2886751,90.0,35.9665,0.0,0.96,1.992,0.498,0.999,24.0
1800,1800,24_84,24_3,6.134309,0.9946882,24.1539,0.1761,8.270908E-7,3.0,3.0,1789.0,1525.0,1788.8915,1525.1972,1788.8915,1525.1972,42.89754897316394,-21.80728946648084,0.406,0.3,72.59,0.0659,0.0487,72.55,1788.8915,1525.1972,42.89754897316394,-21.80728946648084,0.09251147305,0.10191038509,0.09251147305,0.10191038509,0.319,0.304,88.93,0.3192392,0.3041516,88.93,37.5713,0.0,0.94,1.354,0.261,0.975,24.0
1801,1801,24_85,24_2,10.29721,1.288927,23.5915,0.1359,-0.008462356,2.0,2.0,1569.0,1526.0,1568.8893,1526.0,1568.8893,1526.0,42.96418767633875,-21.80844930307735,0.426,0.289,0.0,0.05339,0.03614,0.0,1568.8893,1526.0,42.96418767633875,-21.80844930307735,0.090439860496,0.0833333,0.090439860496,0.0833333,0.301,0.289,0.0,0.3007322,0.2886751,-0.0,29.5982,0.0,1.99,1.477,0.323,0.998,24.0
1805,1805,25_4,25_43,1.100033,0.4212181,26.0198,0.4158,1.182116E-4,1.0,1.0,2487.0,1995.0,2487.0,1995.0,2487.0,1995.0,42.6836724553602,-21.93630992213234,0.289,0.289,45.0,0.28475,0.28475,45.0,2487.0,1995.0,42.6836724553602,-21.93630992213234,0.0833333,0.0833333,0.0833333,0.0833333,0.289,0.289,45.0,0.2886751,0.2886751,45.0,99.0,0.0,0.0,1.0,0.0,0.026,25.0
1807,1807,25_6,25_41,96.88508,3.953053,21.1577,0.0443,2.014787E-6,7.0,7.0,2118.0,1980.0,2117.7882,1979.6189,2117.7882,1979.6189,42.7956973604728,-21.9336946471448,0.515,0.481,-25.43,0.02986,0.02769,-3.36,2117.7882,1979.6189,42.7956973604728,-21.9336946471448,0.11405201223,0.19270897071,0.11405201223,0.19270897071,0.44,0.337,-84.33,0.4398772,0.3365546,-84.33,99.0,0.0,1.27,1.072,0.068,1.0,25.0
1808,1808,25_7,25_40,46.93387,2.751359,21.9446,0.0637,2.916943E-6,6.0,6.0,2377.0,1969.0,2377.1423,1968.9673,2377.1423,1968.9673,42.71711411461478,-21.92950513286185,0.357,0.294,-21.22,0.0462,0.03806,-88.69,2377.1423,1968.9673,42.71711411461478,-21.92950513286185,0.091891099499,0.088620565196,0.091891099499,0.088620565196,0.303,0.298,-0.96,0.303137,0.2976905,-0.96,99.0,0.0,0.0,1.215,0.177,0.999,25.0
1809,1809,25_8,25_39,80.07307,3.593746,21.3646,0.0487,3.098603E-6,8.0,8.0,2026.0,1959.0,2026.6259,1958.4824,2026.6259,1958.4824,42.82344037763981,-21.928157293190864,0.677,0.481,-54.06,0.04859,0.03296,-57.15,2026.6259,1958.4824,42.82344037763981,-21.928157293190864,0.25216445285,0.23412744016,0.25216445285,0.23412744016,0.533,0.449,-38.7,0.5333958,0.4492002,-38.7,99.0,0.0,2.09,1.406,0.289,0.999,25.0
1812,1812,25_11,25_36,20.97705,1.839401,22.8189,0.0952,0.0,7.0,7.0,2301.0,1943.0,2300.4937,1943.3549,2300.4937,1943.3549,42.7404819654135,-21.92265669054077,0.554,0.464,-41.5,0.11767,0.09913,-63.69,2300.4937,1943.3549,42.7404819654135,-21.92265669054077,0.25178306664,0.19076928789,0.25178306664,0.19076928789,0.513,0.423,-21.69,0.5130741,0.4234469,-21.69,99.0,0.0,1.17,1.195,0.163,0.685,25.0
1813,1813,25_12,25_35,0.589558,0.3083667,26.697,0.568,-0.001328382,3.0,3.0,2490.0,1939.0,2489.6604,1938.7055,2489.6604,1938.7055,42.68315362470023,-21.920460597738288,0.562,0.34,-42.64,1.73597,1.00457,-45.12,2489.6604,1938.7055,42.68315362470023,-21.920460597738288,0.1994421503,0.15533847909,0.1994421503,0.15533847909,0.484,0.346,-33.69,0.4844793,0.3464973,-33.69,33.3059,0.0,2.47,1.654,0.395,0.0,25.0
1815,1815,25_14,25_33,28.52702,2.145025,22.4852,0.0817,0.0,7.0,7.0,2284.0,1910.0,2284.0075,1910.23,2284.0075,1910.23,42.74564571374107,-21.913413868142708,0.447,0.296,75.88,0.09333,0.06278,76.5,2284.0075,1910.23,42.74564571374107,-21.913413868142708,0.089328777283,0.1021485148,0.089328777283,0.1021485148,0.32,0.299,89.25,0.3196103,0.2988755,89.25,99.0,0.0,0.85,1.508,0.337,0.998,25.0
1823,1823,25_22,25_25,11.53698,1.364113,23.4681,0.1284,4.817317E-6,8.0,8.0,2462.0,1792.0,2461.8345,1792.3234,2461.8345,1792.3234,42.69233534699251,-21.879411395474307,0.595,0.403,57.76,0.22541,0.17925,50.28,2461.8345,1792.3234,42.69233534699251,-21.879411395474307,0.07725576543,0.19712202491,0.07725576543,0.19712202491,0.447,0.273,81.68,0.4469239,0.2731974,81.68,99.0,0.0,1.53,1.478,0.323,0.038,25.0
1827,1827,25_26,25_21,53.98212,2.950728,21.7927,0.0594,8.168086E-6,7.0,7.0,2489.0,1740.0,2489.1148,1739.7662,2489.1148,1739.7662,42.68433494423487,-21.86449589721497,0.551,0.415,-19.1,0.04784,0.04145,-10.99,2489.1148,1739.7662,42.68433494423487,-21.86449589721497,0.15046533047,0.13736635882,0.15046533047,0.13736635882,0.389,0.369,-13.83,0.3889861,0.3694882,-13.83,99.0,0.0,0.92,1.327,0.247,0.999,25.0
1828,1828,25_27,25_20,73.61543,3.445788,21.4559,0.0508,0.0,7.0,7.0,2204.0,1712.0,2204.2211,1712.5433,2204.2211,1712.5433,42.77081065989559,-21.858162247743493,0.543,0.518,-62.43,0.03796,0.03558,-28.09,2204.2211,1712.5433,42.77081065989559,-21.858162247743493,0.14120448507,0.2516444832,0.14120448507,0.2516444832,0.502,0.375,85.97,0.5021914,0.3750371,85.97,99.0,0.0,1.2,1.048,0.046,0.999,25.0
1830,1830,25_29,25_18,34.14302,2.346687,22.29,0.0746,-0.006431635,4.0,4.0,2173.0,1694.0,2172.6673,1694.0986,2172.6673,1694.0986,42.780463568289136,-21.85311630971306,0.489,0.268,-18.55,0.04894,0.03798,-39.81,2172.6673,1694.0986,42.780463568289136,-21.85311630971306,0.12251107775,0.085784247659,0.12251107775,0.085784247659,0.35,0.293,-1.18,0.3500379,0.2928631,-1.18,31.6284,0.0,0.73,1.822,0.451,0.869,25.0
1831,1831,25_30,25_17,28.77252,2.154235,22.4759,0.0813,0.0,4.0,4.0,2119.0,1690.0,2118.5603,1689.6152,2118.5603,1689.6152,42.796881727311145,-21.85209958640484,0.532,0.447,41.66,0.05355,0.04836,44.6,2118.5603,1689.6152,42.796881727311145,-21.85209958640484,0.2202053663,0.18720642653,0.2202053663,0.18720642653,0.488,0.411,30.77,0.4881827,0.4112049,30.77,99.0,0.0,0.93,1.189,0.159,0.869,25.0
1834,1834,25_33,25_14,1.437411,0.4814981,25.7293,0.3638,0.0,5.0,5.0,2259.0,1652.0,2259.2223,1652.2753,2259.2223,1652.2753,42.7544418998334,-21.840953879390145,0.842,0.352,-42.89,1.58201,0.56209,-45.1,2259.2223,1652.2753,42.7544418998334,-21.840953879390145,0.2466045508,0.22996708414,0.2466045508,0.22996708414,0.593,0.353,-42.9,0.5931935,0.3531192,-42.9,99.0,0.0,2.47,2.388,0.581,0.0,25.0
1836,1836,25_35,25_12,66.65312,3.278796,21.5637,0.0534,0.0,8.0,8.0,2410.0,1636.0,2410.0093,1636.1967,2410.0093,1636.1967,42.70883251074003,-21.83573043245101,0.498,0.471,-12.23,0.04434,0.0374,-41.29,2410.0093,1636.1967,42.70883251074003,-21.83573043245101,0.11760317148,0.12292118265,0.11760317148,0.12292118265,0.351,0.343,-88.85,0.3506042,0.3429301,-88.85,99.0,0.0,0.94,1.058,0.055,1.0,25.0
1837,1837,25_36,25_11,16.8299,1.647574,23.0581,0.1063,0.0,8.0,8.0,2397.0,1636.0,2397.1669,1635.864,2397.1669,1635.864,42.71272551740904,-21.83569698818096,0.644,0.47,9.13,0.15694,0.12626,39.0,2397.1669,1635.864,42.71272551740904,-21.83569698818096,0.16872630834,0.084867235366,0.16872630834,0.084867235366,0.411,0.291,3.57,0.4111621,0.2907564,3.57,99.0,0.0,1.54,1.369,0.27,0.422,25.0
1840,1840,25_39,25_8,1.583813,0.5054243,25.624,0.3466,-1.696439E-4,4.0,4.0,2123.0,1581.0,2122.7652,1581.2908,2122.7652,1581.2908,42.7961361649749,-21.821602172178547,0.533,0.32,-49.21,0.7803,0.64005,-39.25,2122.7652,1581.2908,42.7961361649749,-21.821602172178547,0.11666749491,0.13535164477,0.11666749491,0.13535164477,0.373,0.336,-67.83,0.3729242,0.3360754,-67.83,99.0,0.0,1.08,1.667,0.4,0.004,25.0
1852,1852,26_6,26_39,5.844929,0.9709431,24.2064,0.1804,0.0,1.0,1.0,2519.0,1948.0,2519.0,1948.0,2519.0,1948.0,42.674210769396105,-21.922935392052228,0.289,0.289,45.0,0.06884,0.06884,45.0,2519.0,1948.0,42.674210769396105,-21.922935392052228,0.0833333,0.0833333,0.0833333,0.0833333,0.289,0.289,45.0,0.2886751,0.2886751,45.0,99.0,0.0,0.0,1.0,0.0,0.384,26.0
1858,1858,26_12,26_33,128.1588,4.546512,20.8539,0.0385,0.0,4.0,4.0,2623.0,1919.0,2622.9953,1919.4612,2622.9953,1919.4612,42.64282892131869,-21.91440621538701,0.548,0.338,-58.15,0.02279,0.01362,-48.7,2622.9953,1919.4612,42.64282892131869,-21.91440621538701,0.039803949389,0.21949734105,0.039803949389,0.21949734105,0.47,0.195,-84.31,0.4704266,0.194936,-84.31,99.0,0.0,0.8,1.62,0.383,0.998,26.0
1862,1862,26_16,26_29,50.15489,2.844204,21.8725,0.0616,0.0,2.0,2.0,2648.0,1866.0,2647.6369,1866.0,2647.6369,1866.0,42.63563622144795,-21.89924706602243,0.561,0.289,0.0,0.03594,0.01828,0.0,2647.6369,1866.0,42.63563622144795,-21.89924706602243,0.16113306809,0.0833333,0.16113306809,0.0833333,0.401,0.289,0.0,0.4014138,0.2886751,0.0,99.0,0.0,0.95,1.943,0.485,0.974,26.0
1864,1864,26_18,26_27,47.59669,2.77072,21.9294,0.0632,0.0,3.0,3.0,2931.0,1854.0,2930.5817,1853.976,2930.5817,1853.976,42.5499286459202,-21.89445832824686,0.572,0.326,-2.6,0.03457,0.02081,-17.25,2930.5817,1853.976,42.5499286459202,-21.89445832824686,0.21263539063,0.087866331106,0.21263539063,0.087866331106,0.461,0.296,-0.32,0.4611282,0.296416,-0.32,99.0,0.0,1.06,1.755,0.43,0.984,26.0
1870,1870,26_24,26_21,37.20035,2.449502,22.1969,0.0715,0.0,3.0,3.0,2879.0,1708.0,2879.0148,1708.2226,2879.0148,1708.2226,42.566335466789006,-21.85371754190353,0.506,0.313,-88.81,0.03628,0.02659,-72.05,2879.0148,1708.2226,42.566335466789006,-21.85371754190353,0.08446891715,0.10271157813,0.08446891715,0.10271157813,0.32,0.291,-89.93,0.3204865,0.2906353,-89.93,99.0,0.0,0.89,1.619,0.382,0.986,26.0
1873,1873,26_27,26_18,19.05987,1.753332,22.923,0.0999,0.0,2.0,2.0,2704.0,1669.0,2703.8512,1669.0,2703.8512,1669.0,42.61962433528984,-21.843552004529688,0.458,0.289,0.0,0.06551,0.03412,0.0,2703.8512,1669.0,42.61962433528984,-21.843552004529688,0.093876338959,0.0833333,0.093876338959,0.0833333,0.306,0.289,0.0,0.3063925,0.2886751,0.0,99.0,0.0,0.0,1.587,0.37,0.866,26.0
1876,1876,26_30,26_15,67.9753,3.311157,21.5424,0.0529,-2.0371E-5,3.0,3.0,2610.0,1592.0,2609.9443,1591.7438,2609.9443,1591.7438,42.64847989770517,-21.822273035396883,0.45,0.203,74.52,0.02871,0.01417,64.18,2609.9443,1591.7438,42.64847989770517,-21.822273035396883,0.083522528458,0.1012811711,0.083522528458,0.1012811711,0.318,0.289,89.4,0.3182501,0.2889993,89.4,99.0,0.0,0.77,2.217,0.549,0.995,26.0
1882,1882,26_36,26_9,99.26862,4.001383,21.1313,0.0438,-0.004562883,1.0,1.0,2530.0,1568.0,2530.0,1568.0,2530.0,1568.0,42.67282327210744,-21.81597600163289,0.289,0.289,45.0,0.01199,0.01199,45.0,2530.0,1568.0,42.67282327210744,-21.81597600163289,0.0833333,0.0833333,0.0833333,0.0833333,0.289,0.289,45.0,0.2886751,0.2886751,45.0,33.5668,0.0,0.0,1.0,0.0,0.993,26.0
1885,1885,26_39,26_6,144.31,4.8245,20.7251,0.0363,0.0,2.0,2.0,2926.0,1549.0,2926.0,1548.6487,2926.0,1548.6487,42.55294786877796,-21.80858897612627,0.558,0.289,90.0,0.01954,0.01006,90.0,2926.0,1548.6487,42.55294786877796,-21.80858897612627,0.0833333,0.15324301686,0.0833333,0.15324301686,0.391,0.289,90.0,0.3914627,0.2886751,90.0,99.0,0.0,0.94,1.933,0.483,0.996,26.0
1888,1888,26_42,26_3,32.51495,2.290054,22.3431,0.0765,0.0,1.0,1.0,3014.0,1518.0,3014.0,1518.0,3014.0,1518.0,42.526451056652746,-21.79951908425804,0.289,0.289,45.0,0.02219,0.02219,45.0,3014.0,1518.0,42.526451056652746,-21.79951908425804,0.0833333,0.0833333,0.0833333,0.0833333,0.289,0.289,45.0,0.2886751,0.2886751,45.0,99.0,0.0,0.0,1.0,0.0,0.914,26.0
1919,1919,27_30,27_11,0.2851983,0.2144755,27.4854,0.8167,6.961821E-4,2.0,2.0,2609.0,1591.0,2609.0983,1591.0983,2609.0983,1591.0983,42.64873955502789,-21.82209550650948,0.51,0.289,45.0,4.73564,1.44779,45.0,2609.0983,1591.0983,42.64873955502789,-21.82209550650948,0.083450776331,0.083450776331,0.083450776331,0.083450776331,0.289,0.289,45.0,0.2890818,0.2886751,45.0,99.0,0.0,-0.55,1.768,0.435,0.006,27.0
1929,1929,28_1,28_44,7699970.0,1114.419,8.9071,2.0E-4,0.005058314,2535.0,2535.0,358.0,2508.0,362.827,2471.7187,362.827,2471.7187,43.3258466738412,-22.079160701464275,59.566,4.896,-89.77,0.00863,7.2E-4,-89.77,362.827,2471.7187,43.3258466738412,-22.079160701464275,29.994186568,245.79497272,29.994186568,245.79497272,15.681,5.467,-88.73,15.68121,5.467056,-88.73,99.0,20.0,102.53,12.165,0.918,0.962,28.0
1931,1931,28_3,28_43,52.67003,2.914647,21.8194,0.0601,0.002733901,5.0,5.0,306.0,2512.0,305.7423,2512.1343,305.7423,2512.1343,43.34301015923421,-22.090726287472727,1.31,0.177,-12.98,0.09995,0.01583,-11.72,305.7423,2512.1343,43.34301015923421,-22.090726287472727,1.6298984417,0.11629216449,1.6298984417,0.11629216449,1.31,0.177,-12.98,1.309504,0.1771743,-12.98,99.0,16.0,2.81,7.391,0.865,0.993,28.0
1932,1932,28_4,28_42,24.45523,1.98605,22.6524,0.0882,0.008746668,4.0,4.0,407.0,2507.0,406.6226,2506.6036,406.6226,2506.6036,43.31242409898497,-22.08882022545763,0.649,0.229,45.33,0.068,0.04495,45.0,406.6226,2506.6036,43.31242409898497,-22.08882022545763,0.15537369779,0.16423510132,0.15537369779,0.16423510132,0.457,0.332,47.57,0.4573878,0.3322728,47.57,99.0,0.0,1.4,2.832,0.647,0.938,28.0
1933,1933,28_5,28_41,34.69653,2.365632,22.2726,0.074,-0.01787515,4.0,4.0,405.0,2502.0,404.7015,2502.6035,404.7015,2502.6035,43.313022528132585,-22.08770180503792,0.582,0.331,-48.74,0.04927,0.03882,-46.23,404.7015,2502.6035,43.313022528132585,-22.08770180503792,0.14468775683,0.24451945318,0.14468775683,0.24451945318,0.532,0.327,-62.29,0.5315557,0.3265819,-62.29,30.1034,0.0,2.54,1.757,0.431,0.848,28.0
1934,1934,28_6,28_40,24.31601,1.980388,22.6586,0.0884,0.01199397,2.0,2.0,399.0,2494.0,398.7665,2494.0,398.7665,2494.0,43.3148566572165,-22.085302585991617,0.512,0.289,0.0,0.05573,0.02888,0.0,398.7665,2494.0,43.3148566572165,-22.085302585991617,0.10372785483,0.0833333,0.10372785483,0.0833333,0.322,0.289,0.0,0.3220681,0.2886751,0.0,99.0,0.0,0.89,1.774,0.436,0.903,28.0
1937,1937,28_9,28_37,86.47206,3.734583,21.2811,0.0469,-0.01921284,14.0,14.0,393.0,2489.0,393.9273,2488.8492,393.9273,2488.8492,43.31634486019117,-22.08387069379817,1.155,0.773,-54.08,0.07805,0.05957,-54.21,393.9273,2488.8492,43.31634486019117,-22.08387069379817,0.37412299446,0.52118065691,0.37412299446,0.52118065691,0.722,0.612,88.95,0.7219625,0.6116157,88.95,30.1092,0.0,2.87,1.494,0.331,0.714,28.0
1938,1938,28_10,28_36,5.963492,0.9807414,24.1845,0.1786,-0.09531514,1.0,1.0,385.0,2484.0,385.0,2484.0,385.0,2484.0,43.31907216123492,-22.08253790774833,0.289,0.289,45.0,0.06869,0.06869,45.0,385.0,2484.0,43.31907216123492,-22.08253790774833,0.0833333,0.0833333,0.0833333,0.0833333,0.289,0.289,45.0,0.2886751,0.2886751,45.0,28.6316,0.0,0.0,1.0,0.0,0.385,28.0
1939,1939,28_11,28_35,3.15965,0.7138774,24.8742,0.2454,-0.004823468,1.0,1.0,397.0,2482.0,397.0,2482.0,397.0,2482.0,43.315439198995534,-22.081933376909355,0.289,0.289,45.0,0.11258,0.11258,45.0,397.0,2482.0,43.315439198995534,-22.081933376909355,0.0833333,0.0833333,0.0833333,0.0833333,0.289,0.289,45.0,0.2886751,0.2886751,45.0,31.0521,0.0,0.0,1.0,0.0,0.37,28.0
1940,1940,28_12,28_34,365.2866,7.675754,19.7167,0.0228,0.03441776,22.0,22.0,394.0,2481.0,390.9339,2480.5469,390.9339,2480.5469,43.31728524734385,-22.08154586963589,2.912,0.807,-5.59,0.07248,0.02012,-6.21,390.9339,2480.5469,43.31728524734385,-22.08154586963589,2.8682044908,0.7841881627,2.8682044908,0.7841881627,1.717,0.84,-10.84,1.716854,0.839527,-10.84,99.0,1.0,9.18,3.608,0.723,0.983,28.0
1941,1941,28_13,28_33,67.69176,3.304244,21.547,0.053,-0.01707869,3.0,3.0,391.0,2478.0,390.7005,2477.6904,390.7005,2477.6904,43.31736713639134,-22.08074319985761,0.552,0.345,-45.61,0.03074,0.01892,-45.44,390.7005,2477.6904,43.31736713639134,-22.08074319985761,0.15720480515,0.16632900596,0.15720480515,0.16632900596,0.451,0.347,-48.16,0.450769,0.3469021,-48.16,30.2558,0.0,1.96,1.6,0.375,0.984,28.0
1942,1942,28_14,28_32,67.45164,3.298378,21.5508,0.0531,-0.009370543,3.0,3.0,382.0,2471.0,382.0881,2470.9067,382.0881,2470.9067,43.32000631782941,-22.07886515346008,0.417,0.397,52.27,0.02091,0.01813,47.25,382.0881,2470.9067,43.32000631782941,-22.07886515346008,0.089402860725,0.089793989309,0.089402860725,0.089793989309,0.3,0.299,84.26,0.2996631,0.2989964,84.26,30.7591,0.0,2.34,1.053,0.05,0.891,28.0
1943,1943,28_15,28_31,139.8155,4.748778,20.7594,0.0369,0.001726342,7.0,7.0,310.0,2470.0,310.4294,2469.996,310.4294,2469.996,43.34174953050439,-22.07885761430021,0.609,0.516,-7.23,0.02471,0.0226,-8.91,310.4294,2469.996,43.34174953050439,-22.07885761430021,0.26540502945,0.10581777797,0.26540502945,0.10581777797,0.515,0.325,-1.87,0.5153405,0.3250338,-1.87,99.0,0.0,1.35,1.18,0.153,1.0,28.0
1944,1944,28_16,28_30,71.66001,3.399716,21.4851,0.0515,0.2074326,4.0,4.0,351.0,2470.0,350.7333,2469.5603,350.7333,2469.5603,43.32952399062888,-22.07859562222931,0.51,0.427,65.38,0.02809,0.02489,57.99,350.7333,2469.5603,43.32952399062888,-22.07859562222931,0.091523381416,0.20332236867,0.091523381416,0.20332236867,0.452,0.3,83.78,0.4524007,0.3002987,83.78,99.0,0.0,0.9,1.195,0.163,0.995,28.0
1945,1945,28_17,28_29,30.20389,2.207169,22.4231,0.0794,-0.1041004,2.0,2.0,347.0,2470.0,347.0,2469.6357,347.0,2469.6357,43.33065630272901,-22.078629790262514,0.561,0.289,90.0,0.04976,0.02517,90.0,347.0,2469.6357,43.33065630272901,-22.078629790262514,0.0833333,0.16440703307,0.0833333,0.16440703307,0.405,0.289,90.0,0.4054714,0.2886751,90.0,28.5599,0.0,0.95,1.944,0.486,0.91,28.0
1947,1947,28_19,28_27,11.04091,1.334463,23.5158,0.1313,0.005413572,1.0,1.0,391.0,2463.0,391.0,2463.0,391.0,2463.0,43.31733323819892,-22.076609971988443,0.289,0.289,45.0,0.0436,0.0436,45.0,391.0,2463.0,43.31733323819892,-22.076609971988443,0.0833333,0.0833333,0.0833333,0.0833333,0.289,0.289,45.0,0.2886751,0.2886751,45.0,99.0,0.0,0.0,1.0,0.0,0.586,28.0
1949,1949,28_21,28_25,43.26917,2.64176,22.0329,0.0663,6.317166E-4,2.0,2.0,329.0,2458.0,329.0,2457.6921,329.0,2457.6921,43.3361629552996,-22.075332635775872,0.544,0.289,90.0,0.03874,0.01999,90.0,329.0,2457.6921,43.3361629552996,-22.075332635775872,0.0833333,0.11605273545,0.0833333,0.11605273545,0.341,0.289,90.0,0.3406651,0.2886751,90.0,33.0808,0.0,0.93,1.886,0.47,0.97,28.0
1966,1966,28_38,28_8,73.11471,3.434049,21.4633,0.051,0.0,3.0,3.0,105.0,2127.0,104.5705,2126.8935,104.5705,2126.8935,43.40546816768829,-21.983042053395245,0.508,0.287,-15.69,0.02739,0.01685,-24.41,104.5705,2126.8935,43.40546816768829,-21.983042053395245,0.28410275596,0.10891805224,0.28410275596,0.10891805224,0.533,0.33,-2.38,0.5332983,0.329566,-2.38,99.0,0.0,1.12,1.77,0.435,0.99,28.0
1971,1971,28_43,28_3,8.677215,1.183026,23.7773,0.1481,0.0,2.0,2.0,359.0,2041.0,359.0,2041.2626,359.0,2041.2626,43.32866478453752,-21.95808316408155,0.526,0.289,90.0,0.1245,0.06134,90.0,359.0,2041.2626,43.32866478453752,-21.95808316408155,0.0833333,0.107751471,0.0833333,0.107751471,0.328,0.289,90.0,0.3282552,0.2886751,90.0,99.0,0.0,0.91,1.823,0.451,0.498,28.0
1976,1976,29_4,29_49,57.67318,3.049939,21.7209,0.0574,-0.001959188,9.0,9.0,592.0,2484.0,592.6426,2484.062,592.6426,2484.062,43.25607135655847,-22.081816606612897,0.807,0.496,-16.31,0.04269,0.02623,-16.31,592.6426,2484.062,43.25607135655847,-22.081816606612897,0.27616045663,0.14702955573,0.27616045663,0.14702955573,0.533,0.373,-13.63,0.5331355,0.3727688,-13.63,35.4622,0.0,2.28,1.628,0.386,1.0,29.0
1978,1978,29_6,29_47,59.4253,3.095927,21.6884,0.0566,7.235656E-8,8.0,8.0,702.0,2466.0,702.1728,2466.8538,702.1728,2466.8538,43.22290650479585,-22.076575654226332,0.721,0.589,-54.44,0.03756,0.03069,-54.44,702.1728,2466.8538,43.22290650479585,-22.076575654226332,0.23077346021,0.26936514319,0.23077346021,0.26936514319,0.554,0.439,54.85,0.5543464,0.439134,54.85,31.8352,0.0,3.24,1.224,0.183,1.0,29.0
1986,1986,29_14,29_39,110.1936,4.215823,21.0179,0.0415,-1.89916E-6,22.0,22.0,742.0,2375.0,739.7251,2374.4932,739.7251,2374.4932,43.2118894098071,-22.050455081630137,1.93,0.816,31.47,0.07385,0.03123,31.47,739.7251,2374.4932,43.2118894098071,-22.050455081630137,1.2648394913,0.54292968297,1.2648394913,0.54292968297,1.136,0.719,10.45,1.135908,0.7193626,10.45,35.0802,0.0,7.5,2.365,0.577,1.0,29.0
1988,1988,29_16,29_37,16.00445,1.606662,23.1127,0.109,-1.010675E-5,4.0,4.0,845.0,2358.0,844.5459000000001,2357.628,844.5459000000001,2357.628,43.18015873692259,-22.045318080019232,0.57,0.396,42.56,0.05721,0.03975,42.56,844.5459000000001,2357.628,43.18015873692259,-22.045318080019232,0.20955927397,0.16173805829,0.20955927397,0.16173805829,0.496,0.354,33.31,0.4958939,0.3540997,33.31,43.4454,0.0,1.04,1.439,0.305,1.0,29.0
1989,1989,29_17,29_36,36.09486,2.412831,22.2297,0.0726,-1.881077E-6,5.0,5.0,777.0,2357.0,777.3611000000001,2357.1403,777.3611000000001,2357.1403,43.200542761981104,-22.04543327742468,0.481,0.347,0.15,0.03218,0.02322,0.15,777.3611000000001,2357.1403,43.200542761981104,-22.04543327742468,0.16694295053,0.10353313114,0.16694295053,0.10353313114,0.409,0.322,-0.0,0.4085865,0.3217656,-0.0,41.5371,0.0,0.95,1.386,0.279,1.0,29.0
1990,1990,29_18,29_35,167.3837,5.195899,20.564,0.0337,8.341245E-7,11.0,11.0,936.0,2355.0,936.3953,2354.6543,936.3953,2354.6543,43.15230593186853,-22.04413221405772,0.669,0.637,-75.79,0.02078,0.01977,-75.79,936.3953,2354.6543,43.15230593186853,-22.04413221405772,0.26598244316,0.28595829259,0.26598244316,0.28595829259,0.555,0.494,-54.2,0.5546299,0.4942938,-54.2,41.0554,0.0,1.93,1.051,0.049,1.0,29.0
1991,1991,29_19,29_34,66.66294,3.279037,21.5636,0.0534,1.913487E-6,12.0,12.0,962.0,2350.0,962.1831,2349.5454,962.1831,2349.5454,43.14450387994386,-22.042596025808542,0.725,0.576,33.92,0.03568,0.02832,33.92,962.1831,2349.5454,43.14450387994386,-22.042596025808542,0.22013048049,0.25414348457,0.22013048049,0.25414348457,0.51,0.462,68.44,0.5103297,0.4624258,68.44,38.7643,0.0,1.6,1.26,0.206,1.0,29.0
1992,1992,29_20,29_33,2.08477,0.5798736,25.3257,0.3021,-5.235881E-7,3.0,3.0,761.0,2343.0,760.8434,2343.0,760.8434,2343.0,43.205611614276,-22.04151706280688,0.787,0.289,0.0,0.219,0.0803,0.0,760.8434,2343.0,43.205611614276,-22.04151706280688,0.32147213004,0.0833333,0.32147213004,0.0833333,0.567,0.289,0.0,0.5669851,0.2886751,0.0,38.6062,0.0,2.28,2.727,0.633,0.999,29.0
1994,1994,29_22,29_31,5.877141,0.9736149,24.2004,0.1799,-6.49293E-6,2.0,2.0,878.0,2337.0,878.0122,2337.0,878.0122,2337.0,43.170091765551525,-22.039388350169684,0.309,0.289,0.0,0.05115,0.04782,0.0,878.0122,2337.0,43.170091765551525,-22.039388350169684,0.084071390304,0.0833333,0.084071390304,0.0833333,0.29,0.289,0.0,0.2899507,0.2886751,0.0,40.1742,0.0,1.65,1.07,0.065,1.0,29.0
1995,1995,29_23,29_30,47.27261,2.761271,21.9368,0.0634,-3.593381E-7,6.0,6.0,687.0,2326.0,687.1924,2326.9483,687.1924,2326.9483,43.22801897112559,-22.03727447679333,0.836,0.394,-89.3,0.04882,0.02302,-89.3,687.1924,2326.9483,43.22801897112559,-22.03727447679333,0.14887596817,0.53954576944,0.14887596817,0.53954576944,0.736,0.384,86.29,0.7356594,0.3837017,86.29,37.1679,0.0,3.37,2.121,0.529,1.0,29.0
1996,1996,29_24,29_29,1.356322,0.4677196,25.7924,0.3745,-1.73085E-6,3.0,3.0,779.0,2327.0,779.0146,2327.0,779.0146,2327.0,43.20016490701309,-22.03694817337309,0.445,0.289,0.0,0.15353,0.09955,0.0,779.0146,2327.0,43.20016490701309,-22.03694817337309,0.091467491776,0.0833333,0.091467491776,0.0833333,0.302,0.289,0.0,0.3024359,0.2886751,0.0,39.8249,0.0,2.04,1.542,0.351,0.919,29.0
2002,2002,29_30,29_23,20.54552,1.820383,22.8415,0.0962,-0.008806061,2.0,2.0,807.0,2307.0,807.0,2306.9198,807.0,2306.9198,43.191758252666304,-22.03119437748173,0.396,0.289,90.0,0.03514,0.02559,90.0,807.0,2306.9198,43.191758252666304,-22.03119437748173,0.0833333,0.088165060605,0.0833333,0.088165060605,0.297,0.289,90.0,0.296926,0.2886751,90.0,31.2876,0.0,0.0,1.373,0.272,1.0,29.0
2005,2005,29_33,29_20,64.07101,3.214659,21.6066,0.0545,1.526797E-7,9.0,9.0,964.0,2285.0,963.7359,2285.0781,963.7359,2285.0781,43.1443046999514,-22.024453950282783,0.608,0.572,47.7,0.03049,0.0287,47.7,963.7359,2285.0781,43.1443046999514,-22.024453950282783,0.196920058,0.14281983141,0.196920058,0.14281983141,0.444,0.378,2.92,0.4439162,0.3777278,2.92,37.1595,0.0,1.39,1.062,0.059,1.0,29.0
2008,2008,29_36,29_17,72.95948,3.430402,21.4656,0.0511,0.0,9.0,9.0,879.0,2199.0,879.2783,2198.8424,879.2783,2198.8424,43.17028292317268,-22.00051638929584,0.705,0.565,2.73,0.03316,0.02656,2.73,879.2783,2198.8424,43.17028292317268,-22.00051638929584,0.30285228433,0.18201205548,0.30285228433,0.18201205548,0.551,0.426,-2.56,0.5505393,0.4263459,-2.56,36.685,0.0,1.78,1.248,0.199,1.0,29.0
2013,2013,29_41,29_12,8.802469,1.191534,23.7618,0.147,1.084144E-6,3.0,3.0,827.0,2143.0,826.9974,2143.0158,826.9974,2143.0158,43.18636904553584,-21.985008463224776,0.314,0.293,89.82,0.04257,0.03967,89.82,826.9974,2143.0158,43.18636904553584,-21.985008463224776,0.083496365612,0.084287490781,0.083496365612,0.084287490781,0.29,0.289,89.99,0.2903231,0.2889574,89.99,38.6901,0.0,0.0,1.073,0.068,1.0,29.0
2015,2015,29_43,29_10,45.82145,2.718558,21.9706,0.0644,-1.371752E-6,5.0,5.0,968.0,2136.0,967.4456,2135.4765,967.4456,2135.4765,43.14380988761986,-21.98235200777781,0.663,0.392,35.29,0.03936,0.02328,35.29,967.4456,2135.4765,43.14380988761986,-21.98235200777781,0.2610636081,0.24995149243,0.2610636081,0.24995149243,0.603,0.383,43.53,0.603309,0.3834492,43.53,32.939,0.0,2.98,1.691,0.408,1.0,29.0
2017,2017,29_45,29_8,27.47504,2.105103,22.526,0.0832,-7.482281E-7,4.0,4.0,936.0,2119.0,936.15,2118.8734,936.15,2118.8734,43.15336985863215,-21.977801189680942,0.397,0.284,-38.66,0.03042,0.02173,-38.67,936.15,2118.8734,43.15336985863215,-21.977801189680942,0.090047960904,0.088156389572,0.090047960904,0.088156389572,0.3,0.297,-3.81,0.3000939,0.2968972,-3.81,34.449,0.0,1.89,1.4,0.286,0.969,29.0
2018,2018,29_46,29_7,120.4543,4.407734,20.9212,0.0397,0.0,11.0,11.0,557.0,2097.0,557.3968,2096.7234,557.3968,2096.7234,43.26830318567379,-21.972980658486456,0.762,0.543,-29.3,0.02788,0.01986,-29.3,557.3968,2096.7234,43.26830318567379,-21.972980658486456,0.29182913665,0.23162250537,0.29182913665,0.23162250537,0.575,0.439,-32.02,0.5748919,0.4392618,-32.02,52.7219,0.0,2.06,1.404,0.288,1.0,29.0
2020,2020,29_48,29_5,13.99917,1.502644,23.258,0.1166,-2.431414E-8,3.0,3.0,882.0,2037.0,882.5704000000001,2037.2875,882.5704000000001,2037.2875,43.16995611638724,-21.95505226434911,0.592,0.316,40.38,0.06351,0.03391,40.38,882.5704000000001,2037.2875,43.16995611638724,-21.95505226434911,0.24696271106,0.11051478872,0.24696271106,0.11051478872,0.526,0.284,22.92,0.5259789,0.2842951,22.92,32.2107,0.0,2.5,1.873,0.466,1.0,29.0
2021,2021,29_49,29_4,0.884191,0.3778874,26.2569,0.4641,-5.447552E-5,1.0,1.0,972.0,2036.0,972.0,2036.0,972.0,2036.0,43.14284755120693,-21.954347472360496,0.289,0.289,45.0,0.1233,0.1233,45.0,972.0,2036.0,43.14284755120693,-21.954347472360496,0.0833333,0.0833333,0.0833333,0.0833333,0.289,0.289,45.0,0.2886751,0.2886751,45.0,29.8134,0.0,0.0,1.0,0.0,0.997,29.0
2022,2022,29_50,29_51,1024.212,12.85284,18.5973,0.0136,0.0,6.0,6.0,861.0,2517.0,861.3777,2516.9366,861.3777,2516.9366,43.17438958053462,-22.090069515675133,0.608,0.244,-0.28,0.00763,0.00306,-0.28,861.3777,2516.9366,43.17438958053462,-22.090069515675133,0.20694129718,0.093137518676,0.20694129718,0.093137518676,0.455,0.305,-0.03,0.454908,0.3051843,-0.03,35.6839,16.0,1.11,2.496,0.599,1.0,29.0
2026,2026,30_3,30_59,161.4944,5.103674,20.6029,0.0343,0.0,1.0,1.0,1134.0,2512.0,1134.0,2512.0,1134.0,2512.0,43.0916736909641,-22.087628344411087,0.289,0.289,45.0,0.0093,0.0093,45.0,1134.0,2512.0,43.0916736909641,-22.087628344411087,0.0833333,0.0833333,0.0833333,0.0833333,0.289,0.289,45.0,0.2886751,0.2886751,45.0,99.0,0.0,0.0,1.0,0.0,0.996,30.0
2030,2030,30_7,30_55,169.3839,5.226852,20.5511,0.0335,0.0,4.0,4.0,1029.0,2481.0,1028.6957,2480.8065,1028.6957,2480.8065,43.12376558205428,-22.0792649551386,0.584,0.323,-27.85,0.02097,0.01072,-30.08,1028.6957,2480.8065,43.12376558205428,-22.0792649551386,0.17037890143,0.057184881257,0.17037890143,0.057184881257,0.415,0.235,-7.17,0.4149676,0.2352992,-7.17,99.0,0.0,1.38,1.807,0.447,0.999,30.0
2032,2032,30_9,30_53,163.137,5.129563,20.5919,0.0341,0.0,1.0,1.0,1394.0,2465.0,1394.0,2465.0,1394.0,2465.0,43.01297408044485,-22.073362185160025,0.289,0.289,45.0,0.00925,0.00925,45.0,1394.0,2465.0,43.01297408044485,-22.073362185160025,0.0833333,0.0833333,0.0833333,0.0833333,0.289,0.289,45.0,0.2886751,0.2886751,45.0,99.0,0.0,0.0,1.0,0.0,0.996,30.0
2033,2033,30_10,30_52,42.44464,2.616469,22.0537,0.0669,0.0,1.0,1.0,1137.0,2465.0,1137.0,2465.0,1137.0,2465.0,43.09096673223349,-22.074394735345965,0.289,0.289,45.0,0.01905,0.01905,45.0,1137.0,2465.0,43.09096673223349,-22.074394735345965,0.0833333,0.0833333,0.0833333,0.0833333,0.289,0.289,45.0,0.2886751,0.2886751,45.0,99.0,0.0,0.0,1.0,0.0,0.954,30.0
2037,2037,30_14,30_48,34.12124,2.345938,22.2907,0.0747,0.0,1.0,1.0,1039.0,2438.0,1039.0,2438.0,1039.0,2438.0,43.12082132357301,-22.067182885786664,0.289,0.289,45.0,0.02157,0.02157,45.0,1039.0,2438.0,43.12082132357301,-22.067182885786664,0.0833333,0.0833333,0.0833333,0.0833333,0.289,0.289,45.0,0.2886751,0.2886751,45.0,99.0,0.0,0.0,1.0,0.0,0.923,30.0
2041,2041,30_18,30_44,155.9293,5.014966,20.641,0.0349,0.0,3.0,3.0,1348.0,2381.0,1348.4912,2381.3589,1348.4912,2381.3589,43.02715783356541,-22.05001774598828,0.65,0.239,43.45,0.02191,0.00867,43.28,1348.4912,2381.3589,43.02715783356541,-22.05001774598828,0.22389607812,0.15649845898,0.22389607812,0.15649845898,0.514,0.341,31.48,0.5141342,0.3406765,31.48,99.0,0.0,1.58,2.721,0.633,0.997,30.0
2042,2042,30_19,30_43,78.68135,3.562379,21.3836,0.0492,0.0,1.0,1.0,1191.0,2370.0,1191.0,2370.0,1191.0,2370.0,43.07499376988437,-22.047455554881168,0.289,0.289,45.0,0.01357,0.01357,45.0,1191.0,2370.0,43.07499376988437,-22.047455554881168,0.0833333,0.0833333,0.0833333,0.0833333,0.289,0.289,45.0,0.2886751,0.2886751,45.0,99.0,0.0,0.0,1.0,0.0,0.989,30.0
2043,2043,30_20,30_42,35.08633,2.378883,22.2605,0.0736,5.368956E-5,1.0,1.0,1041.0,2359.0,1041.0,2359.0,1041.0,2359.0,43.12055165816598,-22.044950977442117,0.289,0.289,45.0,0.02123,0.02123,45.0,1041.0,2359.0,43.12055165816598,-22.044950977442117,0.0833333,0.0833333,0.0833333,0.0833333,0.289,0.289,45.0,0.2886751,0.2886751,45.0,99.0,0.0,0.0,1.0,0.0,0.927,30.0
2044,2044,30_21,30_41,69.72321,3.353458,21.5149,0.0522,0.0,1.0,1.0,1197.0,2358.0,1197.0,2358.0,1197.0,2358.0,43.073225652143904,-22.04405580471544,0.289,0.289,45.0,0.01449,0.01449,45.0,1197.0,2358.0,43.073225652143904,-22.04405580471544,0.0833333,0.0833333,0.0833333,0.0833333,0.289,0.289,45.0,0.2886751,0.2886751,45.0,99.0,0.0,0.0,1.0,0.0,0.986,30.0
2046,2046,30_23,30_39,3.874512,0.7905197,24.6528,0.2216,0.0,1.0,1.0,1181.0,2337.0,1181.0,2337.0,1181.0,2337.0,43.078171509985616,-22.038211594060627,0.289,0.289,45.0,0.09497,0.09497,45.0,1181.0,2337.0,43.078171509985616,-22.038211594060627,0.0833333,0.0833333,0.0833333,0.0833333,0.289,0.289,45.0,0.2886751,0.2886751,45.0,99.0,0.0,0.0,1.0,0.0,0.369,30.0
2047,2047,30_24,30_38,183.0712,5.433932,20.4668,0.0322,0.0,2.0,2.0,1173.0,2337.0,1173.2661,2336.7339,1173.2661,2336.7339,43.08051905705699,-22.038167426799536,0.688,0.289,-45.0,0.02142,0.00885,-45.0,1173.2661,2336.7339,43.08051905705699,-22.038167426799536,0.098811481089,0.098811481089,0.098811481089,0.098811481089,0.338,0.289,45.0,0.3380675,0.2886751,45.0,99.0,0.0,1.44,2.385,0.581,0.997,30.0
2056,2056,30_33,30_29,1045.208,12.98391,18.5753,0.0135,0.001102161,3.0,3.0,1035.0,2288.0,1034.6148,2287.9851,1034.6148,2287.9851,43.12279151692742,-22.024997636477543,0.566,0.313,-1.48,0.00709,0.00402,-2.08,1034.6148,2287.9851,43.12279151692742,-22.024997636477543,0.18602704081,0.086032011929,0.18602704081,0.086032011929,0.431,0.293,-0.18,0.4313097,0.2933105,-0.18,99.0,0.0,0.99,1.809,0.447,1.0,30.0
2058,2058,30_35,30_27,120.8193,4.414405,20.918,0.0397,0.0,1.0,1.0,1200.0,2285.0,1200.0,2285.0,1200.0,2285.0,43.07263391043227,-22.02350702719168,0.289,0.289,45.0,0.01081,0.01081,45.0,1200.0,2285.0,43.07263391043227,-22.02350702719168,0.0833333,0.0833333,0.0833333,0.0833333,0.289,0.289,45.0,0.2886751,0.2886751,45.0,99.0,0.0,0.0,1.0,0.0,0.994,30.0
2062,2062,30_39,30_23,153.193,4.970769,20.6602,0.0352,0.0,2.0,2.0,1240.0,2213.0,1239.6026,2213.0,1239.6026,2213.0,43.06093562734019,-22.0030929581183,0.568,0.289,0.0,0.01921,0.00974,0.0,1239.6026,2213.0,43.06093562734019,-22.0030929581183,0.18528373119,0.0833333,0.18528373119,0.0833333,0.43,0.289,0.0,0.430446,0.2886751,0.0,99.0,0.0,0.96,1.968,0.492,0.996,30.0
2064,2064,30_41,30_21,44.38558,2.675624,22.0052,0.0655,0.002002966,2.0,2.0,1073.0,2203.0,1073.0,2203.2501,1073.0,2203.2501,43.11151006269802,-22.001009445637237,0.52,0.289,90.0,0.03723,0.01968,90.0,1073.0,2203.2501,43.11151006269802,-22.001009445637237,0.0833333,0.10598255959,0.0833333,0.10598255959,0.326,0.289,90.0,0.3255496,0.2886751,90.0,99.0,0.0,0.9,1.803,0.445,0.977,30.0
2066,2066,30_43,30_19,86.76067,3.740809,21.2775,0.0468,0.001627808,1.0,1.0,1076.0,2200.0,1076.0,2200.0,1076.0,2200.0,43.110614071149634,-22.000083346188703,0.289,0.289,45.0,0.01288,0.01288,45.0,1076.0,2200.0,43.110614071149634,-22.000083346188703,0.0833333,0.0833333,0.0833333,0.0833333,0.289,0.289,45.0,0.2886751,0.2886751,45.0,99.0,0.0,0.0,1.0,0.0,0.991,30.0
2069,2069,30_46,30_16,40.00573,2.540184,22.118,0.069,-0.004602832,1.0,1.0,1085.0,2192.0,1085.0,2192.0,1085.0,2192.0,43.10791865978961,-21.99779743112641,0.289,0.289,45.0,0.0197,0.0197,45.0,1085.0,2192.0,43.10791865978961,-21.99779743112641,0.0833333,0.0833333,0.0833333,0.0833333,0.289,0.289,45.0,0.2886751,0.2886751,45.0,31.8251,0.0,0.0,1.0,0.0,0.947,30.0
2071,2071,30_48,30_14,4.105532,0.813746,24.5899,0.2153,0.0,2.0,2.0,1254.0,2184.0,1253.7849,2183.7849,1253.7849,2183.7849,43.0567621104486,-21.994816838261038,0.649,0.289,45.0,0.32406,0.11472,45.0,1253.7849,2183.7849,43.0567621104486,-21.994816838261038,0.086929158659,0.086929158659,0.086929158659,0.086929158659,0.301,0.289,45.0,0.3008738,0.2886751,45.0,99.0,0.0,1.4,2.248,0.555,0.475,30.0
2073,2073,30_50,30_12,42.38678,2.614685,22.0552,0.067,0.0,2.0,2.0,1214.0,2163.0,1213.7982,2163.2018,1213.7982,2163.2018,43.06897988778268,-21.989186085474024,0.637,0.289,-45.0,0.04889,0.02024,45.0,1213.7982,2163.2018,43.06897988778268,-21.989186085474024,0.085370700978,0.085370700978,0.085370700978,0.085370700978,0.296,0.289,45.0,0.2956486,0.2886751,45.0,99.0,0.0,1.39,2.206,0.547,0.978,30.0
2076,2076,30_53,30_9,193.9382,5.592885,20.4041,0.0313,0.0,4.0,4.0,1413.0,2141.0,1413.2984,2141.4631,1413.2984,2141.4631,43.00857064348286,-21.982262608950467,0.506,0.45,-68.8,0.01547,0.01411,-67.62,1413.2984,2141.4631,43.00857064348286,-21.982262608950467,0.12812996042,0.24577886568,0.12812996042,0.24577886568,0.497,0.357,-84.84,0.4967364,0.3565975,-84.84,99.0,0.0,0.96,1.124,0.11,0.998,30.0
2078,2078,30_55,30_7,48.04334,2.783689,21.9192,0.0629,0.0,1.0,1.0,1232.0,2119.0,1232.0,2119.0,1232.0,2119.0,43.06365281182149,-21.9766776051377,0.289,0.289,45.0,0.01777,0.01777,45.0,1232.0,2119.0,43.06365281182149,-21.9766776051377,0.0833333,0.0833333,0.0833333,0.0833333,0.289,0.289,45.0,0.2886751,0.2886751,45.0,99.0,0.0,0.0,1.0,0.0,0.966,30.0
2081,2081,30_58,30_4,73.28904,3.438141,21.4607,0.0509,0.0,1.0,1.0,1158.0,2052.0,1158.0,2052.0,1158.0,2052.0,43.08638359463699,-21.958122122639,0.289,0.289,45.0,0.0141,0.0141,45.0,1158.0,2052.0,43.08638359463699,-21.958122122639,0.0833333,0.0833333,0.0833333,0.0833333,0.289,0.289,45.0,0.2886751,0.2886751,45.0,99.0,0.0,0.0,1.0,0.0,0.987,30.0
2082,2082,30_59,30_3,105.9387,4.133628,21.0607,0.0424,0.0,2.0,2.0,1403.0,2035.0,1402.8967,2035.0,1402.8967,2035.0,43.012201668131695,-21.952352516951827,0.42,0.289,0.0,0.01885,0.0119,0.0,1402.8967,2035.0,43.012201668131695,-21.952352516951827,0.089854655862,0.0833333,0.089854655862,0.0833333,0.3,0.289,0.0,0.2997577,0.2886751,0.0,99.0,0.0,0.0,1.453,0.312,0.996,30.0
2083,2083,30_60,30_2,95.12818,3.917047,21.1775,0.0447,0.0,2.0,2.0,1023.0,2023.0,1023.4412,2023.0,1023.4412,2023.0,43.12730603391028,-21.95049085319019,0.574,0.289,0.0,0.02517,0.01264,0.0,1023.4412,2023.0,43.12730603391028,-21.95049085319019,0.24361956092,0.0833333,0.24361956092,0.0833333,0.494,0.289,0.0,0.4935783,0.2886751,0.0,99.0,0.0,0.96,1.99,0.497,0.991,30.0
2084,2084,31_1,31_1,28.36043,2.138753,22.4915,0.0819,0.0,4.0,4.0,1782.0,2052.0,1781.9509,2051.8161,1781.9509,2051.8161,42.89718394044019,-21.955489356215164,0.395,0.214,-85.29,0.05971,0.03706,-83.81,1781.9509,2051.8161,42.89718394044019,-21.955489356215164,0.086925415724,0.099293450215,0.086925415724,0.099293450215,0.315,0.295,-89.74,0.315109,0.2948307,-89.74,99.0,0.0,0.89,1.844,0.458,0.987,31.0
2092,2092,31_9,31_33,0.638761,0.3209766,26.61,0.5457,0.0,1.0,1.0,1834.0,2433.0,1834.0,2433.0,1834.0,2433.0,42.87959254642488,-22.062501923102737,0.289,0.289,45.0,0.47463,0.47463,45.0,1834.0,2433.0,42.87959254642488,-22.062501923102737,0.0833333,0.0833333,0.0833333,0.0833333,0.289,0.289,45.0,0.2886751,0.2886751,45.0,99.0,0.0,0.0,1.0,0.0,0.029,31.0
2093,2093,31_10,31_32,14.78988,1.544495,23.1984,0.1134,0.0,1.0,1.0,2011.0,2426.0,2011.0,2426.0,2011.0,2426.0,42.82591257928385,-22.05975214890664,0.289,0.289,45.0,0.03591,0.03591,45.0,2011.0,2426.0,42.82591257928385,-22.05975214890664,0.0833333,0.0833333,0.0833333,0.0833333,0.289,0.289,45.0,0.2886751,0.2886751,45.0,99.0,0.0,0.0,1.0,0.0,0.717,31.0
2098,2098,31_15,31_27,1.820702,0.5419055,25.4727,0.3232,0.0,1.0,1.0,1915.0,2390.0,1915.0,2390.0,1915.0,2390.0,42.85521779986812,-22.05005042632808,0.289,0.289,45.0,0.18033,0.18033,45.0,1915.0,2390.0,42.85521779986812,-22.05005042632808,0.0833333,0.0833333,0.0833333,0.0833333,0.289,0.289,45.0,0.2886751,0.2886751,45.0,99.0,0.0,0.0,1.0,0.0,0.316,31.0
2103,2103,31_20,31_22,3.958643,0.7990563,24.6294,0.2192,1.881943E-4,3.0,3.0,1562.0,2351.0,1561.7687,2351.0242,1561.7687,2351.0242,42.9625818932458,-22.040603254496933,0.511,0.327,2.07,0.27027,0.20134,53.98,1561.7687,2351.0242,42.9625818932458,-22.040603254496933,0.10415484715,0.085184047497,0.10415484715,0.085184047497,0.323,0.292,0.12,0.3227304,0.2918629,0.12,99.0,0.0,0.91,1.565,0.361,0.405,31.0
2105,2105,31_22,31_20,1.2934,0.4567416,25.844,0.3835,1.687538E-4,2.0,2.0,1704.0,2326.0,1704.0,2325.6468,1704.0,2325.6468,42.91954486938632,-22.03286189555503,0.558,0.289,90.0,0.68055,0.33169,90.0,1704.0,2325.6468,42.91954486938632,-22.03286189555503,0.0833333,0.15446570935,0.0833333,0.15446570935,0.393,0.289,90.0,0.3930213,0.2886751,90.0,99.0,0.0,0.94,1.934,0.483,0.033,31.0
2122,2122,31_39,31_3,31.38083,2.249761,22.3816,0.0779,0.0,3.0,3.0,1760.0,2097.0,1759.9827,2097.1102,1759.9827,2097.1102,42.90363310436141,-21.968327069843333,0.426,0.317,88.66,0.03726,0.03183,67.35,1759.9827,2097.1102,42.90363310436141,-21.968327069843333,0.084493496463,0.090562827048,0.084493496463,0.090562827048,0.301,0.291,89.92,0.3009366,0.2906776,89.92,99.0,0.0,2.09,1.345,0.257,0.985,31.0
2129,2129,32_6,32_27,8.494938,1.170535,23.8004,0.1496,0.0,4.0,4.0,2211.0,2407.0,2210.9856,2406.9499,2210.9856,2406.9499,42.76531920785133,-22.05348725883785,0.362,0.348,-85.93,0.16864,0.11623,-0.66,2210.9856,2406.9499,42.76531920785133,-22.05348725883785,0.085894775798,0.086382655904,0.085894775798,0.086382655904,0.294,0.293,-89.68,0.2939093,0.2930781,-89.68,99.0,0.0,2.01,1.041,0.04,0.719,32.0
2134,2134,32_11,32_22,39.61238,2.527666,22.1287,0.0693,0.0,6.0,6.0,2497.0,2312.0,2496.8867,2312.1473,2496.8867,2312.1473,42.67905010800499,-22.025478135117208,0.393,0.304,69.24,0.05742,0.04324,77.5,2496.8867,2312.1473,42.67905010800499,-22.025478135117208,0.092153973973,0.097599460637,0.092153973973,0.097599460637,0.312,0.304,88.59,0.3124144,0.3035633,88.59,99.0,0.0,0.91,1.292,0.226,0.999,32.0
2138,2138,32_15,32_18,47.56341,2.769751,21.9301,0.0632,0.0,7.0,7.0,2354.0,2274.0,2354.7684,2274.2333,2354.7684,2274.2333,42.72235859988257,-22.015485828556614,0.821,0.323,23.81,0.06946,0.04104,32.79,2354.7684,2274.2333,42.72235859988257,-22.015485828556614,0.23985675688,0.038795235948,0.23985675688,0.038795235948,0.493,0.188,7.56,0.4934137,0.1876032,7.56,99.0,0.0,3.01,2.539,0.606,0.999,32.0
2141,2141,32_18,32_15,2.8841,0.6820392,24.9733,0.2568,-3.506742E-9,2.0,2.0,2292.0,2188.0,2292.0,2187.9956,2292.0,2187.9956,42.74183276903808,-21.99151883673604,0.296,0.289,90.0,0.37962,0.15715,90.0,2292.0,2187.9956,42.74183276903808,-21.99151883673604,0.0833333,0.083606931723,0.0833333,0.083606931723,0.289,0.289,90.0,0.2891486,0.2886751,90.0,99.0,0.0,1.61,1.026,0.025,0.474,32.0
2153,2153,32_30,32_3,0.1733934,0.1672324,28.0257,1.0474,5.295623E-4,1.0,1.0,2025.0,2042.0,2025.0,2042.0,2025.0,2042.0,42.82352862324437,-21.95166118377214,0.289,0.289,45.0,1.68794,1.68794,45.0,2025.0,2042.0,42.82352862324437,-21.95166118377214,0.0833333,0.0833333,0.0833333,0.0833333,0.289,0.289,45.0,0.2886751,0.2886751,45.0,99.0,0.0,0.0,1.0,0.0,0.032,32.0
2154,2154,32_31,32_2,7.424056,1.094271,23.9467,0.1601,-0.002944787,2.0,2.0,2141.0,2036.0,2140.7717,2036.0,2140.7717,2036.0,42.78845161457205,-21.949452510878235,0.509,0.289,0.0,0.14289,0.06954,0.0,2140.7717,2036.0,42.78845161457205,-21.949452510878235,0.10304273586,0.0833333,0.10304273586,0.0833333,0.321,0.289,0.0,0.3210027,0.2886751,0.0,34.4443,0.0,0.89,1.765,0.433,0.465,32.0
2172,2172,33_18,33_9,25.23499,2.017464,22.6183,0.0868,0.0,4.0,4.0,2882.0,2143.0,2881.6781,2142.7389,2881.6781,2142.7389,42.56321507301488,-21.97593132788583,0.609,0.202,42.79,0.06694,0.04295,44.97,2881.6781,2142.7389,42.56321507301488,-21.97593132788583,0.11700739368,0.099375105763,0.11700739368,0.099375105763,0.351,0.305,27.42,0.3514227,0.3047698,27.42,99.0,0.0,1.37,3.018,0.669,0.972,33.0
2177,2177,33_23,33_4,0.9800078,0.3975748,26.1452,0.4406,1.760519E-4,2.0,2.0,2972.0,2033.0,2971.9599,2033.0,2971.9599,2033.0,42.53642387901882,-21.944604276745046,0.349,0.289,0.0,1.07426,0.43261,0.0,2971.9599,2033.0,42.53642387901882,-21.944604276745046,0.085673177621,0.0833333,0.085673177621,0.0833333,0.293,0.289,0.0,0.2926998,0.2886751,0.0,99.0,0.0,1.77,1.209,0.173,0.033,33.0
2178,2178,33_24,33_3,0.01816551,0.05412874,30.4752,3.236,0.0,1.0,1.0,2576.0,2028.0,2576.0,2028.0,2576.0,2028.0,42.656516250746265,-21.945166704254238,0.289,0.289,45.0,15.91433,15.91433,45.0,2576.0,2028.0,42.656516250746265,-21.945166704254238,0.0833333,0.0833333,0.0833333,0.0833333,0.289,0.289,45.0,0.2886751,0.2886751,45.0,99.0,0.0,0.0,1.0,0.0,0.0,33.0
2179,2179,33_25,33_2,8.827522,1.193228,23.7587,0.1468,0.0,3.0,3.0,2668.0,2024.0,2667.9987,2023.55,2667.9987,2023.55,42.62864278656219,-21.94346798627822,0.575,0.291,-89.86,0.13786,0.08614,-46.93,2667.9987,2023.55,42.62864278656219,-21.94346798627822,0.083578014591,0.22452646209,0.083578014591,0.22452646209,0.474,0.289,-89.98,0.4738422,0.2890986,-89.98,99.0,0.0,0.97,1.977,0.494,0.548,33.0
2204,2204,35_1,35_23,6692674.0,1038.972,9.0593,2.0E-4,-3.21346E-5,2718.0,2718.0,368.0,2512.0,362.9886,2547.2281,362.9886,2547.2281,43.32550599563679,-22.100399290770916,48.138,5.048,89.69,0.00747,7.8E-4,89.69,362.9886,2547.2281,43.32550599563679,-22.100399290770916,30.259586839,152.88330784,30.259586839,152.88330784,12.373,5.481,87.59,12.37337,5.481102,87.59,99.0,20.0,93.59,9.535,0.895,1.0,35.0
2205,2205,35_2,35_1,80.90442,3.612354,21.3534,0.0485,-5.760313E-5,10.0,10.0,324.0,2527.0,323.8075,2526.8061,323.8075,2526.8061,43.33747288380792,-22.09479082229792,0.851,0.723,-22.42,0.03802,0.03227,-22.42,323.8075,2526.8061,43.33747288380792,-22.09479082229792,0.36278022526,0.2370037356,0.36278022526,0.2370037356,0.616,0.47,18.78,0.6158114,0.4696385,18.78,33.8367,1.0,2.78,1.178,0.151,1.0,35.0
2206,2206,35_3,35_55,1560.931,15.86893,18.1398,0.011,0.2206916,35.0,35.0,504.0,3014.0,501.3186,3014.0451,501.3186,3014.0451,43.28168825579706,-22.231210623542268,2.963,0.8,2.91,0.03012,0.00813,2.91,501.3186,3014.0451,43.28168825579706,-22.231210623542268,2.738528051,0.5861435535,2.738528051,0.5861435535,1.66,0.754,5.19,1.660261,0.7537931,5.19,28.6598,16.0,9.21,3.706,0.73,1.0,35.0
2207,2207,35_4,35_54,7.062247,1.067273,24.0009,0.1641,0.0,2.0,2.0,349.0,3009.0,349.123,3009.0,349.123,3009.0,43.32793179049363,-22.23032055494276,0.437,0.289,0.0,0.06608,0.04362,0.0,349.123,3009.0,43.32793179049363,-22.23032055494276,0.091477661236,0.0833333,0.091477661236,0.0833333,0.302,0.289,0.0,0.3024527,0.2886751,0.0,34.1151,0.0,0.0,1.515,0.34,1.0,35.0
2209,2209,35_6,35_52,793.6822,11.31579,18.8742,0.0155,0.1724842,28.0,28.0,492.0,3005.0,490.4908,3005.2469,490.4908,3005.2469,43.28501161155268,-22.228774287862745,1.605,0.86,3.05,0.02288,0.01226,3.05,490.4908,3005.2469,43.28501161155268,-22.228774287862745,0.87196103108,0.47427902937,0.87196103108,0.47427902937,0.934,0.688,1.53,0.9339404,0.6884733,1.53,28.8404,3.0,6.4,1.867,0.464,1.0,35.0
2210,2210,35_7,35_52,23.04064,1.928359,22.7171,0.0909,0.1832602,2.0,2.0,486.0,3005.0,486.0,3005.0,486.0,3005.0,43.286376531976586,-22.228720638668943,0.381,0.289,0.0,0.03181,0.02413,0.0,486.0,3005.0,43.286376531976586,-22.228720638668943,0.091548047418,0.0833333,0.091548047418,0.0833333,0.303,0.289,0.0,0.3025691,0.2886751,0.0,29.114,3.0,0.0,1.318,0.241,1.0,35.0
2211,2211,35_8,35_51,217.9097,5.928827,20.2776,0.0295,0.2144351,3.0,3.0,508.0,3005.0,507.7455,3004.8985,507.7455,3004.8985,43.27977234960276,-22.22861551110513,0.443,0.291,-13.83,0.01205,0.00792,-13.83,507.7455,3004.8985,43.27977234960276,-22.22861551110513,0.12116263208,0.096354503762,0.12116263208,0.096354503762,0.348,0.31,-1.2,0.3480999,0.3103927,-1.2,28.7243,16.0,1.0,1.52,0.342,1.0,35.0
2212,2212,35_9,35_50,92.61023,3.865786,21.2067,0.0453,2.281324,7.0,7.0,494.0,2998.0,493.0915,2998.4751,493.0915,2998.4751,43.28424841310997,-22.22686059726241,0.79,0.519,-21.05,0.03061,0.02013,-21.05,493.0915,2998.4751,43.28424841310997,-22.22686059726241,0.3348080767,0.23933325298,0.3348080767,0.23933325298,0.598,0.465,-23.82,0.5982677,0.4649915,-23.82,99.0,0.0,3.25,1.521,0.342,1.0,35.0
2213,2213,35_10,35_49,43.40905,2.647511,22.0294,0.0662,0.1655187,9.0,9.0,501.0,2991.0,500.5103,2991.6839,500.5103,2991.6839,43.28202198757414,-22.224924461533423,1.011,0.375,-63.16,0.06163,0.02283,-63.16,500.5103,2991.6839,43.28202198757414,-22.224924461533423,0.14984417612,0.19019342697,0.14984417612,0.19019342697,0.536,0.23,-49.96,0.5358061,0.2301073,-49.96,29.0236,0.0,3.63,2.699,0.63,1.0,35.0
2214,2214,35_11,35_48,0.9112803,0.3839378,26.2242,0.4576,1.461134E-5,2.0,2.0,413.0,2989.0,412.5563,2989.0,412.5563,2989.0,43.308744699697066,-22.224477227137097,0.575,0.289,0.0,0.24174,0.12144,0.0,412.5563,2989.0,43.308744699697066,-22.224477227137097,0.21755236397,0.0833333,0.21755236397,0.0833333,0.466,0.289,0.0,0.4664251,0.2886751,0.0,29.7507,0.0,0.96,1.99,0.498,0.999,35.0
2215,2215,35_12,35_47,49.34402,2.821125,21.8902,0.0621,3.528317E-6,4.0,4.0,368.0,2984.0,367.7863,2983.6973,367.7863,2983.6973,43.32236158921595,-22.223140577106065,0.507,0.349,-54.24,0.02901,0.01994,-54.24,367.7863,2983.6973,43.32236158921595,-22.223140577106065,0.083066914191,0.13529609741,0.083066914191,0.13529609741,0.373,0.281,-75.3,0.3730358,0.2814379,-75.3,31.6272,0.0,1.27,1.455,0.313,1.0,35.0
2219,2219,35_16,35_43,18.00687,1.704211,22.9847,0.1028,0.0,2.0,2.0,210.0,2956.0,210.165,2956.0,210.165,2956.0,43.37033125274458,-22.215885645355144,0.47,0.289,0.0,0.0445,0.02732,0.0,210.165,2956.0,43.37033125274458,-22.215885645355144,0.095543073004,0.0833333,0.095543073004,0.0833333,0.309,0.289,0.0,0.3091004,0.2886751,0.0,40.3114,0.0,2.1,1.629,0.386,1.0,35.0
2222,2222,35_19,35_40,16.86465,1.649274,23.0559,0.1062,0.0,3.0,3.0,79.0,2908.0,78.9857,2907.8923,78.9857,2907.8923,43.41033852234627,-22.202789591454277,0.424,0.312,-88.93,0.04143,0.03051,-88.93,78.9857,2907.8923,43.41033852234627,-22.202789591454277,0.084294742085,0.090332303407,0.084294742085,0.090332303407,0.301,0.29,-89.94,0.3005534,0.2903356,-89.94,48.4613,0.0,2.07,1.358,0.264,1.0,35.0
2225,2225,35_22,35_37,49.18378,2.816535,21.8937,0.0622,-0.00124038,4.0,4.0,367.0,2874.0,366.6552,2874.4889,366.6552,2874.4889,43.32312749498991,-22.192430989183,0.578,0.376,-48.56,0.03312,0.02152,-48.56,366.6552,2874.4889,43.32312749498991,-22.192430989183,0.13267340117,0.21640442579,0.13267340117,0.21640442579,0.495,0.322,-63.2,0.4950557,0.3224867,-63.2,33.1719,0.0,1.39,1.539,0.35,1.0,35.0
2235,2235,35_32,35_27,0.3212173,0.2276164,27.3563,0.7695,0.0,1.0,1.0,15.0,2754.0,15.0,2754.0,15.0,2754.0,43.43032667995394,-22.1597204378301,0.289,0.289,45.0,0.20455,0.20455,45.0,15.0,2754.0,43.43032667995394,-22.1597204378301,0.0833333,0.0833333,0.0833333,0.0833333,0.289,0.289,45.0,0.2886751,0.2886751,45.0,52.1318,0.0,0.0,1.0,0.0,0.997,35.0
2242,2242,35_39,35_20,187.4099,5.497945,20.4413,0.0319,0.0,7.0,7.0,157.0,2673.0,156.6859,2673.6031,156.6859,2673.6031,43.38762690092651,-22.136645668753264,0.6,0.539,68.53,0.01761,0.01583,68.53,156.6859,2673.6031,43.38762690092651,-22.136645668753264,0.22164500531,0.26877308981,0.22164500531,0.26877308981,0.52,0.469,-80.93,0.5196208,0.4694809,-80.93,50.5149,0.0,1.67,1.113,0.102,1.0,35.0
2244,2244,35_41,35_18,41.47351,2.586364,22.0789,0.0677,4.462722E-7,4.0,4.0,450.0,2664.0,450.2815,2663.8389,450.2815,2663.8389,43.29856160535635,-22.132893058417253,0.454,0.363,12.54,0.02829,0.02263,12.54,450.2815,2663.8389,43.29856160535635,-22.132893058417253,0.15168050447,0.11571118371,0.15168050447,0.11571118371,0.39,0.34,1.76,0.3895053,0.3401137,1.76,36.9159,0.0,0.95,1.25,0.2,1.0,35.0
2245,2245,35_42,35_17,139.6358,4.745726,20.7608,0.0369,2.432633E-6,5.0,5.0,295.0,2655.0,295.4264,2654.7139,295.4264,2654.7139,43.34559467513026,-22.13086442733912,0.516,0.477,-48.21,0.01754,0.0162,-48.21,295.4264,2654.7139,43.34559467513026,-22.13086442733912,0.18719805579,0.12381020417,0.18719805579,0.12381020417,0.436,0.347,-12.18,0.4362269,0.3474396,-12.18,38.4802,0.0,0.97,1.083,0.076,1.0,35.0
2251,2251,35_48,35_11,30.02103,2.200478,22.4297,0.0796,3.487673E-6,5.0,5.0,397.0,2575.0,396.7621,2574.9025,396.7621,2574.9025,43.31515062731152,-22.108065663123323,0.574,0.419,79.13,0.04205,0.03074,79.13,396.7621,2574.9025,43.31515062731152,-22.108065663123323,0.087797909091,0.10979463871,0.087797909091,0.10979463871,0.332,0.296,82.66,0.3319129,0.2956795,82.66,33.483,0.0,1.26,1.368,0.269,1.0,35.0
2252,2252,35_49,35_10,373.6447,7.763072,19.6922,0.0226,6.320302E-4,19.0,19.0,394.0,2569.0,392.2978,2566.3989,392.2978,2566.3989,43.31653832019988,-22.105689423065375,3.13,0.534,62.05,0.06504,0.0111,62.05,392.2978,2566.3989,43.31653832019988,-22.105689423065375,1.24534657,3.5057959184,1.24534657,3.5057959184,2.108,0.555,61.56,2.107971,0.5546156,61.56,34.3389,1.0,7.73,5.86,0.829,1.0,35.0
2253,2253,35_50,35_9,0.006266731,0.03179286,31.6307,5.5096,-2.088072E-5,1.0,1.0,333.0,2567.0,333.0,2567.0,333.0,2567.0,43.33452922150539,-22.106064483357898,0.289,0.289,45.0,1.46463,1.46463,45.0,333.0,2567.0,43.33452922150539,-22.106064483357898,0.0833333,0.0833333,0.0833333,0.0833333,0.289,0.289,45.0,0.2886751,0.2886751,45.0,34.6998,0.0,0.0,1.0,0.0,0.697,35.0
2255,2255,35_52,35_7,58.24408,3.064997,21.7102,0.0571,-2.439821E-5,4.0,4.0,335.0,2563.0,335.4219,2563.0829,335.4219,2563.0829,43.33380940731789,-22.10495435111634,0.707,0.338,-54.54,0.03718,0.0178,-54.54,335.4219,2563.0829,43.33380940731789,-22.10495435111634,0.21531835814,0.16787413113,0.21531835814,0.16787413113,0.515,0.343,-35.6,0.5150014,0.3434619,-35.6,34.5019,0.0,2.13,2.089,0.521,1.0,35.0
2256,2256,35_53,35_6,0.02087117,0.05802064,30.3244,3.019,-2.749278E-5,1.0,1.0,345.0,2558.0,345.0,2558.0,345.0,2558.0,43.33092268747206,-22.103491539640075,0.289,0.289,45.0,0.80248,0.80248,45.0,345.0,2558.0,43.33092268747206,-22.103491539640075,0.0833333,0.0833333,0.0833333,0.0833333,0.289,0.289,45.0,0.2886751,0.2886751,45.0,34.0429,0.0,0.0,1.0,0.0,0.963,35.0
2258,2258,35_55,35_4,22.35531,1.898867,22.7498,0.0922,0.4801881,5.0,5.0,392.0,2552.0,391.7817,2552.145,391.7817,2552.145,43.31675024677343,-22.101681966437468,0.512,0.239,-34.88,0.0413,0.01927,-34.88,391.7817,2552.145,43.31675024677343,-22.101681966437468,0.092818510796,0.084564443931,0.092818510796,0.084564443931,0.305,0.291,-2.02,0.3046783,0.2907819,-2.02,99.0,0.0,1.98,2.143,0.533,1.0,35.0
2259,2259,35_56,35_3,82.03772,3.637567,21.3383,0.0482,0.02271306,10.0,10.0,393.0,2547.0,393.7372,2547.2621,393.7372,2547.2621,43.31617583533603,-22.10030169305044,1.044,0.616,20.31,0.04622,0.02728,20.31,393.7372,2547.2621,43.31617583533603,-22.10030169305044,0.37366299789,0.3550089547,0.37366299789,0.3550089547,0.682,0.513,42.34,0.6819217,0.5134732,42.34,99.0,3.0,4.76,1.694,0.41,1.0,35.0
2260,2260,35_57,35_3,5.421702,0.9351303,24.288,0.1873,0.006385854,2.0,2.0,398.0,2546.0,398.0,2546.0,398.0,2546.0,43.31488726674707,-22.09993179087372,0.589,0.289,0.0,0.10146,0.04973,0.0,398.0,2546.0,43.31488726674707,-22.09993179087372,0.10807638463,0.0833333,0.10807638463,0.0833333,0.329,0.289,0.0,0.3287497,0.2886751,0.0,99.0,3.0,1.49,2.04,0.51,1.0,35.0
2261,2261,35_58,35_2,15.19571,1.565542,23.169,0.1119,-0.023272,2.0,2.0,324.0,2531.0,324.0,2530.7859,324.0,2530.7859,43.337399195564025,-22.09590957000989,0.502,0.289,90.0,0.05175,0.02979,90.0,324.0,2530.7859,43.337399195564025,-22.09590957000989,0.0833333,0.10122086204,0.0833333,0.10122086204,0.318,0.289,90.0,0.3181522,0.2886751,90.0,30.1958,0.0,0.88,1.737,0.424,1.0,35.0
2263,2263,36_2,36_1,24.23471,1.977075,22.6622,0.0886,1.063704E-4,2.0,2.0,687.0,2513.0,687.1238,2513.0,687.1238,2513.0,43.22728557422439,-22.089611931012836,0.438,0.289,0.0,0.05379,0.02895,0.0,687.1238,2513.0,43.22728557422439,-22.089611931012836,0.091546316919,0.0833333,0.091546316919,0.0833333,0.303,0.289,0.0,0.3025662,0.2886751,0.0,99.0,0.0,0.0,1.517,0.341,0.929,36.0
2265,2265,36_4,36_138,19.53532,1.775066,22.8962,0.0987,-2.133251E-4,1.0,1.0,956.0,3017.0,956.0,3017.0,956.0,3017.0,43.14356228909553,-22.230374427499022,0.289,0.289,45.0,0.03011,0.03011,45.0,956.0,3017.0,43.14356228909553,-22.230374427499022,0.0833333,0.0833333,0.0833333,0.0833333,0.289,0.289,45.0,0.2886751,0.2886751,45.0,99.0,0.0,0.0,1.0,0.0,0.798,36.0
2266,2266,36_5,36_137,202.4878,5.714834,20.3573,0.0307,0.0,3.0,3.0,829.0,3017.0,828.6092,3016.9337,828.6092,3016.9337,43.182261329739546,-22.230835914992937,0.492,0.241,-8.2,0.01458,0.00803,-11.92,828.6092,3016.9337,43.182261329739546,-22.230835914992937,0.21096768617,0.097522419314,0.21096768617,0.097522419314,0.459,0.312,-1.09,0.459357,0.3122198,-1.09,99.0,0.0,1.17,2.038,0.509,0.998,36.0
2268,2268,36_7,36_135,159.9508,5.079224,20.6133,0.0345,-3.556334E-7,5.0,5.0,695.0,3007.0,695.2085,3006.8061,695.2085,3006.8061,43.22282504679101,-22.228479366489967,0.561,0.38,-15.24,0.02086,0.01389,-16.7,695.2085,3006.8061,43.22282504679101,-22.228479366489967,0.16669904776,0.12226917221,0.16669904776,0.12226917221,0.409,0.349,-4.22,0.4085859,0.3493219,-4.22,99.0,0.0,0.97,1.477,0.323,1.0,36.0
2271,2271,36_10,36_132,68.45109,3.322725,21.5348,0.0527,-2.414795E-7,4.0,4.0,683.0,2981.0,683.0404,2981.124,683.0404,2981.124,43.22662525862826,-22.22130022553823,0.441,0.349,-86.03,0.02652,0.01691,-85.31,683.0404,2981.124,43.22662525862826,-22.22130022553823,0.086044233687,0.092218468811,0.086044233687,0.092218468811,0.304,0.293,-89.78,0.3036751,0.2933328,-89.78,99.0,0.0,2.25,1.263,0.208,0.998,36.0
2273,2273,36_12,36_130,22.92532,1.922923,22.7225,0.0911,-7.204042E-5,7.0,7.0,617.0,2971.0,617.4743,2971.1618,617.4743,2971.1618,43.24657968706703,-22.218735713693334,0.574,0.478,-62.81,0.18267,0.06931,-84.75,617.4743,2971.1618,43.24657968706703,-22.218735713693334,0.32831596037,0.093081227354,0.32831596037,0.093081227354,0.573,0.305,0.11,0.5729893,0.3050908,0.11,99.0,0.0,1.69,1.201,0.168,0.962,36.0
2274,2274,36_13,36_129,27.12322,2.091582,22.5399,0.0837,-3.199876E-4,2.0,2.0,975.0,2973.0,974.7087,2973.0,974.7087,2973.0,43.13806493920504,-22.217926336248397,0.538,0.289,0.0,0.05242,0.02687,0.0,974.7087,2973.0,43.13806493920504,-22.217926336248397,0.11545700031,0.0833333,0.11545700031,0.0833333,0.34,0.289,0.0,0.3397896,0.2886751,0.0,99.0,0.0,0.92,1.865,0.464,0.91,36.0
2275,2275,36_14,36_128,212.8304,5.858966,20.3032,0.0299,-1.798748E-7,4.0,4.0,733.0,2973.0,733.4055,2972.4656,733.4055,2972.4656,43.211362839829626,-22.218680646454235,0.524,0.465,-48.81,0.01516,0.01365,-48.42,733.4055,2972.4656,43.211362839829626,-22.218680646454235,0.21511058537,0.24734038541,0.21511058537,0.24734038541,0.511,0.448,-61.17,0.5112176,0.4484501,-61.17,99.0,0.0,1.06,1.127,0.113,0.998,36.0
2276,2276,36_15,36_127,105.471,4.124494,21.0655,0.0425,-1.459593E-4,3.0,3.0,944.0,2971.0,944.2782,2970.9658,944.2782,2970.9658,43.1473170710619,-22.217470195951257,0.536,0.336,-8.19,0.02097,0.01012,-17.97,944.2782,2970.9658,43.1473170710619,-22.217470195951257,0.10867357686,0.083507938804,0.10867357686,0.083507938804,0.33,0.289,-0.39,0.3296585,0.2889754,-0.39,99.0,0.0,0.83,1.597,0.374,0.997,36.0
2278,2278,36_17,36_125,4.772125,0.8773241,24.4265,0.1997,-1.097634E-8,2.0,2.0,786.0,2966.0,786.0,2965.8576,786.0,2965.8576,43.19541504282395,-22.216627871576662,0.453,0.289,90.0,0.21783,0.10067,90.0,786.0,2965.8576,43.19541504282395,-22.216627871576662,0.0833333,0.093250646597,0.0833333,0.093250646597,0.305,0.289,90.0,0.3053697,0.2886751,90.0,99.0,0.0,0.0,1.57,0.363,0.476,36.0
2281,2281,36_20,36_122,10.96516,1.329878,23.5233,0.1317,9.368513E-5,3.0,3.0,618.0,2956.0,617.9411,2956.0581,617.9411,2956.0581,43.246498581595176,-22.21448596359153,0.377,0.367,42.02,0.0958,0.08544,45.01,617.9411,2956.0581,43.246498581595176,-22.21448596359153,0.087027312633,0.086977185271,0.087027312633,0.086977185271,0.295,0.295,14.21,0.2950097,0.2949131,14.21,99.0,0.0,2.12,1.025,0.025,0.736,36.0
2283,2283,36_22,36_120,1.128551,0.426643,25.992,0.4106,-6.547173E-4,2.0,2.0,773.0,2946.0,772.5841,2946.0,772.5841,2946.0,43.1995715667433,-22.2110921267557,0.571,0.289,0.0,0.76319,0.37826,0.0,772.5841,2946.0,43.1995715667433,-22.2110921267557,0.19556878917,0.0833333,0.19556878917,0.0833333,0.442,0.289,0.0,0.4422316,0.2886751,0.0,34.1091,0.0,0.96,1.979,0.495,0.026,36.0
2284,2284,36_23,36_119,134.0019,4.649002,20.8055,0.0377,0.0,4.0,4.0,897.0,2944.0,897.4401,2944.3383,897.4401,2944.3383,43.16165581515551,-22.21015783165324,0.512,0.456,32.58,0.01938,0.01757,35.32,897.4401,2944.3383,43.16165581515551,-22.21015783165324,0.2214321589,0.15418304636,0.2214321589,0.15418304636,0.474,0.388,12.46,0.4742172,0.3882438,12.46,99.0,0.0,0.92,1.122,0.108,0.998,36.0
2285,2285,36_24,36_118,0.4939944,0.2822703,26.889,0.6205,-1.097634E-9,1.0,1.0,786.0,2930.0,786.0,2930.0,786.0,2930.0,43.19556271181814,-22.20654200714156,0.289,0.289,45.0,0.60719,0.60719,45.0,786.0,2930.0,43.19556271181814,-22.20654200714156,0.0833333,0.0833333,0.0833333,0.0833333,0.289,0.289,45.0,0.2886751,0.2886751,45.0,99.0,0.0,0.0,1.0,0.0,0.031,36.0
2286,2286,36_25,36_117,6068.426,31.28543,16.6656,0.0056,-3.464947E-8,167.0,167.0,805.0,2881.0,804.164,2884.777,804.164,2884.777,43.19023276423843,-22.19375426097072,7.653,3.728,-43.47,0.04341,0.0222,-45.06,804.164,2884.777,43.19023276423843,-22.19375426097072,9.996409995,13.129624924,9.996409995,13.129624924,3.934,2.765,-56.79,3.934439,2.765181,-56.79,99.0,0.0,15.66,2.053,0.513,0.962,36.0
2287,2287,36_26,36_116,32.13716,2.276711,22.3558,0.0769,-1.750583E-9,3.0,3.0,791.0,2897.0,791.0113,2896.9918,791.0113,2896.9918,43.19417676007596,-22.197238956602305,0.307,0.302,1.7,0.0319,0.03128,37.9,791.0113,2896.9918,43.19417676007596,-22.197238956602305,0.084029228013,0.083840480215,0.084029228013,0.083840480215,0.29,0.29,0.11,0.289878,0.2895522,0.11,99.0,0.0,0.0,1.017,0.017,0.989,36.0
2288,2288,36_27,36_115,63.96644,3.212035,21.6084,0.0545,3.75126E-4,8.0,8.0,785.0,2892.0,785.7413,2891.7067,785.7413,2891.7067,43.19579901527207,-22.19577195356363,1.525,0.259,-14.43,0.10073,0.02559,-10.9,785.7413,2891.7067,43.19579901527207,-22.19577195356363,0.42566266236,0.024103576588,0.42566266236,0.024103576588,0.658,0.128,-7.8,0.6582863,0.1281614,-7.8,99.0,0.0,3.71,5.895,0.83,1.0,36.0
2289,2289,36_28,36_114,21.53186,1.863567,22.7906,0.094,-1.839383E-5,2.0,2.0,816.0,2887.0,816.0,2886.6181,816.0,2886.6181,43.18663064590087,-22.194227991442848,0.565,0.289,90.0,0.06237,0.03136,90.0,816.0,2886.6181,43.18663064590087,-22.194227991442848,0.0833333,0.16698044811,0.0833333,0.16698044811,0.409,0.289,90.0,0.4086324,0.2886751,90.0,37.9911,0.0,0.95,1.958,0.489,0.787,36.0
2291,2291,36_30,36_112,3010.38,22.03509,17.4267,0.0079,-0.01606204,57.0,57.0,789.0,2882.0,786.3623,2881.5869,786.3623,2881.5869,43.195652114694674,-22.192923173794195,3.284,1.217,-0.25,0.02688,0.01029,-1.48,786.3623,2881.5869,43.195652114694674,-22.192923173794195,2.439035366,0.66263519804,2.439035366,0.66263519804,1.562,0.814,-1.14,1.561967,0.8135896,-1.14,30.6347,1.0,11.98,2.698,0.629,0.181,36.0
2293,2293,36_32,36_110,0.497653,0.2833136,26.881,0.6183,-0.001735962,2.0,2.0,772.0,2882.0,772.0998,2882.0,772.0998,2882.0,43.19998174873169,-22.193092284669653,0.416,0.289,0.0,2.02434,0.84239,0.0,772.0998,2882.0,43.19998174873169,-22.193092284669653,0.089581347996,0.0833333,0.089581347996,0.0833333,0.299,0.289,0.0,0.2993014,0.2886751,0.0,33.0504,0.0,0.0,1.442,0.306,0.011,36.0
2294,2294,36_33,36_109,76.27009,3.507368,21.4174,0.0499,-2.702465E-5,6.0,6.0,558.0,2881.0,558.2682,2881.3954,558.2682,2881.3954,43.26491896811333,-22.1937004758918,0.533,0.439,70.82,0.04109,0.0258,59.73,558.2682,2881.3954,43.26491896811333,-22.1937004758918,0.093967824022,0.19132683466,0.093967824022,0.19132683466,0.438,0.306,85.73,0.4380336,0.3056489,85.73,99.0,0.0,0.97,1.215,0.177,0.999,36.0
2295,2295,36_34,36_108,6.50428,1.024245,24.0903,0.171,-5.833108E-5,2.0,2.0,953.0,2881.0,952.8626,2881.0,952.8626,2881.0,43.14508906544947,-22.192131152380743,0.449,0.289,0.0,0.16425,0.0775,0.0,952.8626,2881.0,43.14508906544947,-22.192131152380743,0.09278293071,0.0833333,0.09278293071,0.0833333,0.305,0.289,0.0,0.3046029,0.2886751,0.0,99.0,0.0,0.0,1.556,0.358,0.486,36.0
2296,2296,36_35,36_107,1.00894,0.4034009,26.1136,0.4342,0.00100146,4.0,4.0,825.0,2879.0,825.3135,2879.2616,825.3135,2879.2616,43.18383266965059,-22.192123962806757,0.583,0.348,-49.02,1.73372,0.62753,-57.58,825.3135,2879.2616,43.18383266965059,-22.192123962806757,0.15785666405,0.15692299977,0.15785666405,0.15692299977,0.443,0.344,-44.66,0.4434915,0.3436494,-44.66,99.0,0.0,1.8,1.675,0.403,0.0,36.0
2297,2297,36_36,36_106,576.2955,9.641104,19.2217,0.0182,1.437764,25.0,25.0,791.0,2874.0,790.233,2873.2075,790.233,2873.2075,43.19451117414526,-22.190551847979027,2.503,0.684,64.39,0.05061,0.01305,64.68,790.233,2873.2075,43.19451117414526,-22.190551847979027,0.31590282984,0.50414749036,0.31590282984,0.50414749036,0.726,0.541,71.79,0.725947,0.5413421,71.79,99.0,0.0,7.82,3.658,0.727,1.0,36.0
2298,2298,36_37,36_105,69.89137,3.357499,21.5122,0.0522,-3.292902E-8,3.0,3.0,630.0,2877.0,629.7799,2876.8395,629.7799,2876.8395,43.24322186949176,-22.192161955760383,0.439,0.337,-31.21,0.02541,0.01898,-37.41,629.7799,2876.8395,43.24322186949176,-22.192161955760383,0.13561299212,0.11944362006,0.13561299212,0.11944362006,0.369,0.345,-7.2,0.3686127,0.3452264,-7.2,99.0,0.0,1.0,1.305,0.234,0.994,36.0
2301,2301,36_40,36_102,0.4476706,0.2687098,26.9959,0.6519,-2.656414E-5,1.0,1.0,530.0,2873.0,530.0,2873.0,530.0,2873.0,43.27353605805896,-22.19143995617401,0.289,0.289,45.0,0.6677,0.6677,45.0,530.0,2873.0,43.27353605805896,-22.19143995617401,0.0833333,0.0833333,0.0833333,0.0833333,0.289,0.289,45.0,0.2886751,0.2886751,45.0,99.0,0.0,0.0,1.0,0.0,0.032,36.0
2302,2302,36_41,36_101,392.1044,7.952524,19.6398,0.022,-1.316732,21.0,21.0,797.0,2871.0,796.8317999999999,2869.9357,796.8317999999999,2869.9357,43.19252072976197,-22.189607014892182,1.688,0.589,87.65,0.0439,0.02014,81.95,796.8317999999999,2869.9357,43.19252072976197,-22.189607014892182,0.25497488314,1.5310449726,0.25497488314,1.5310449726,1.238,0.503,-87.54,1.23831,0.5026002,-87.54,25.8505,0.0,5.94,2.868,0.651,0.987,36.0
2303,2303,36_42,36_100,83.11079,3.661279,21.3242,0.0478,5.652493E-5,9.0,9.0,571.0,2870.0,571.193,2869.8754,571.193,2869.8754,43.26104021683219,-22.190414123145512,0.675,0.374,24.22,0.08292,0.02246,31.82,571.193,2869.8754,43.26104021683219,-22.190414123145512,0.19322771183,0.12855789765,0.19322771183,0.12855789765,0.44,0.358,5.65,0.4403037,0.3576566,5.65,99.0,0.0,1.29,1.807,0.447,1.0,36.0
2305,2305,36_44,36_98,33.35677,2.31951,22.3153,0.0755,8.580626E-5,6.0,6.0,551.0,2871.0,550.1425,2871.3098,550.1425,2871.3098,43.26742651612521,-22.19089282345205,0.882,0.272,-26.45,0.08529,0.04578,-17.76,550.1425,2871.3098,43.26742651612521,-22.19089282345205,0.30239905388,0.057427271297,0.30239905388,0.057427271297,0.558,0.22,-10.68,0.5580624,0.2199834,-10.68,99.0,0.0,2.86,3.241,0.691,0.971,36.0
2306,2306,36_45,36_97,20.96357,1.83881,22.8196,0.0953,-1.854389E-5,4.0,4.0,540.0,2871.0,539.9804,2871.232,539.9804,2871.232,43.27051254216861,-22.190907173103582,0.512,0.32,-87.78,0.07508,0.05646,-42.38,539.9804,2871.232,43.27051254216861,-22.190907173103582,0.084040674934,0.10273312688,0.084040674934,0.10273312688,0.321,0.29,-89.91,0.3205202,0.2898976,-89.91,99.0,0.0,0.87,1.6,0.375,0.965,36.0
2307,2307,36_46,36_96,15.63804,1.588164,23.1378,0.1103,-2.798967E-8,1.0,1.0,611.0,2870.0,611.0,2870.0,611.0,2870.0,43.24895210384961,-22.190306085385892,0.289,0.289,45.0,0.03464,0.03464,45.0,611.0,2870.0,43.24895210384961,-22.190306085385892,0.0833333,0.0833333,0.0833333,0.0833333,0.289,0.289,45.0,0.2886751,0.2886751,45.0,99.0,0.0,0.0,1.0,0.0,0.736,36.0
2308,2308,36_47,36_95,27.92137,2.122133,22.5085,0.0825,-0.766388,2.0,2.0,806.0,2866.0,805.9979000000001,2866.0,805.9979000000001,2866.0,43.18975341074535,-22.18846584186744,0.292,0.289,0.0,0.04681,0.02736,0.0,805.9979000000001,2866.0,43.18975341074535,-22.18846584186744,0.083466009514,0.0833333,0.083466009514,0.0833333,0.289,0.289,0.0,0.2889048,0.2886751,0.0,26.4381,0.0,0.0,1.013,0.012,0.877,36.0
2309,2309,36_48,36_94,11.26463,1.347915,23.494,0.1299,-0.001679921,2.0,2.0,792.0,2865.0,792.0,2864.9937,792.0,2864.9937,43.19400843724249,-22.188234910504686,0.299,0.289,90.0,0.1019,0.05008,90.0,792.0,2864.9937,43.19400843724249,-22.188234910504686,0.0833333,0.083722442705,0.0833333,0.083722442705,0.289,0.289,90.0,0.2893483,0.2886751,90.0,33.086,0.0,1.62,1.037,0.036,0.455,36.0
2310,2310,36_49,36_93,0.1642766,0.1627766,28.0844,1.0761,-3.498708E-9,1.0,1.0,611.0,2863.0,611.0,2863.0,611.0,2863.0,43.24898020771642,-22.18833723316511,0.289,0.289,45.0,1.78034,1.78034,45.0,611.0,2863.0,43.24898020771642,-22.18833723316511,0.0833333,0.0833333,0.0833333,0.0833333,0.289,0.289,45.0,0.2886751,0.2886751,45.0,99.0,0.0,0.0,1.0,0.0,0.025,36.0
2311,2311,36_50,36_92,62.84924,3.183861,21.6276,0.055,-1.580622E-5,3.0,3.0,603.0,2860.0,602.9996,2859.5912,602.9996,2859.5912,43.2514232276483,-22.187407300806186,0.57,0.289,-89.96,0.02851,0.01532,-79.47,602.9996,2859.5912,43.2514232276483,-22.187407300806186,0.083399554936,0.19513723843,0.083399554936,0.19513723843,0.442,0.289,-90.0,0.4417434,0.2887898,-90.0,38.1521,0.0,0.96,1.971,0.493,0.972,36.0
2312,2312,36_51,36_91,6.847342,1.050909,24.0345,0.1667,-1.206293E-6,2.0,2.0,733.0,2856.0,732.6912,2856.0,732.6912,2856.0,43.212055792279386,-22.18592471122125,0.545,0.289,0.0,0.15089,0.07428,0.0,732.6912,2856.0,43.212055792279386,-22.18592471122125,0.11635878307,0.0833333,0.11635878307,0.0833333,0.341,0.289,0.0,0.341114,0.2886751,0.0,99.0,0.0,0.93,1.887,0.47,0.479,36.0
2313,2313,36_52,36_90,0.05753335,0.09633054,29.2235,1.8183,-1.335999E-5,1.0,1.0,795.0,2848.0,795.0,2848.0,795.0,2848.0,43.193167512810064,-22.18344377012691,0.289,0.289,45.0,5.04065,5.04065,45.0,795.0,2848.0,43.193167512810064,-22.18344377012691,0.0833333,0.0833333,0.0833333,0.0833333,0.289,0.289,45.0,0.2886751,0.2886751,45.0,99.0,0.0,0.0,1.0,0.0,0.001,36.0
2314,2314,36_53,36_89,174.4524,5.304478,20.5191,0.033,-1.729379E-5,5.0,5.0,839.0,2844.0,839.2502,2844.2523,839.2502,2844.2523,43.17974558432591,-22.182224297656862,0.601,0.409,71.06,0.02078,0.01384,71.2,839.2502,2844.2523,43.17974558432591,-22.182224297656862,0.078138427753,0.14263643813,0.078138427753,0.14263643813,0.38,0.276,80.59,0.3800778,0.276253,80.59,99.0,0.0,1.12,1.469,0.319,1.0,36.0
2316,2316,36_55,36_87,10.97355,1.330387,23.5224,0.1317,1.102479E-6,2.0,2.0,515.0,2839.0,515.0313,2839.0,515.0313,2839.0,43.27821581324572,-22.181930371627303,0.337,0.289,0.0,0.10419,0.05108,0.0,515.0313,2839.0,43.27821581324572,-22.181930371627303,0.085167608597,0.0833333,0.085167608597,0.0833333,0.292,0.289,0.0,0.2918349,0.2886751,0.0,99.0,0.0,0.0,1.168,0.144,0.663,36.0
2317,2317,36_56,36_86,142.4951,4.794068,20.7388,0.0365,0.0,3.0,3.0,651.0,2830.0,651.3682,2830.62,651.3682,2830.62,43.23685291621817,-22.179083605537823,0.612,0.307,45.3,0.02174,0.01111,45.29,651.3682,2830.62,43.23685291621817,-22.179083605537823,0.21386309211,0.22998502221,0.21386309211,0.22998502221,0.577,0.332,47.07,0.5773424,0.3324513,47.07,99.0,0.0,2.5,1.993,0.498,0.995,36.0
2318,2318,36_57,36_85,59.36184,3.094267,21.6895,0.0566,-6.91127E-7,4.0,4.0,673.0,2825.0,673.0298,2824.6329,673.0298,2824.6329,43.23029981486707,-22.17732071306272,0.562,0.334,-87.55,0.031,0.02424,-74.78,673.0298,2824.6329,43.23029981486707,-22.17732071306272,0.08507684158,0.15075868105,0.08507684158,0.15075868105,0.388,0.292,-89.8,0.3882776,0.291678,-89.8,99.0,0.0,0.9,1.681,0.405,0.996,36.0
2319,2319,36_58,36_84,3.699018,0.772409,24.7031,0.2268,0.0,1.0,1.0,649.0,2824.0,649.0,2824.0,649.0,2824.0,43.23759872880369,-22.177230205085465,0.289,0.289,45.0,0.09861,0.09861,45.0,649.0,2824.0,43.23759872880369,-22.177230205085465,0.0833333,0.0833333,0.0833333,0.0833333,0.289,0.289,45.0,0.2886751,0.2886751,45.0,99.0,0.0,0.0,1.0,0.0,0.369,36.0
2321,2321,36_60,36_82,30.49991,2.217958,22.4126,0.079,5.096095E-4,2.0,2.0,777.0,2806.0,777.0,2806.393,777.0,2806.393,43.198804745336886,-22.171807471683945,0.567,0.289,90.0,0.04943,0.0249,90.0,777.0,2806.393,43.198804745336886,-22.171807471683945,0.0833333,0.1816314766,0.0833333,0.1816314766,0.426,0.289,90.0,0.4261824,0.2886751,90.0,99.0,0.0,0.95,1.965,0.491,0.902,36.0
2322,2322,36_61,36_81,216.3275,5.906905,20.2855,0.0297,0.0,5.0,5.0,977.0,2802.0,977.2884,2801.8463,977.2884,2801.8463,43.13800610670051,-22.16977244308181,0.504,0.45,-77.11,0.01594,0.01318,-73.65,977.2884,2801.8463,43.13800610670051,-22.16977244308181,0.1093984693,0.086459817916,0.1093984693,0.086459817916,0.331,0.294,-0.84,0.3307619,0.294032,-0.84,99.0,0.0,1.09,1.12,0.107,1.0,36.0
2323,2323,36_62,36_80,29.45644,2.179688,22.4503,0.0804,-5.623922E-5,4.0,4.0,860.0,2798.0,859.4635000000001,2798.2691,859.4635000000001,2798.2691,43.1737988942746,-22.16921397729984,0.574,0.34,-37.96,0.05501,0.04437,-43.78,859.4635000000001,2798.2691,43.1737988942746,-22.16921397729984,0.23315220845,0.085049640503,0.23315220845,0.085049640503,0.498,0.265,-16.75,0.4979066,0.2651242,-16.75,99.0,0.0,1.66,1.686,0.407,0.925,36.0
2324,2324,36_63,36_79,84.59465,3.693819,21.3049,0.0474,1.108832E-6,4.0,4.0,568.0,2789.0,567.9928,2788.9962,567.9928,2788.9962,43.26233462167137,-22.16767722415945,0.303,0.292,29.83,0.02071,0.01203,44.55,567.9928,2788.9962,43.26233462167137,-22.16767722415945,0.083608229013,0.083404698086,0.083608229013,0.083404698086,0.289,0.289,2.45,0.2891515,0.2887981,2.45,99.0,0.0,0.0,1.037,0.036,0.999,36.0
2326,2326,36_65,36_77,244.5887,6.280907,20.1522,0.0279,2.993846E-6,7.0,7.0,517.0,2773.0,517.1162,2773.0004,517.1162,2773.0004,43.2778440763048,-22.163359867504106,0.647,0.45,-88.31,0.01988,0.01338,-83.9,517.1162,2773.0004,43.2778440763048,-22.163359867504106,0.12668443097,0.23411408074,0.12668443097,0.23411408074,0.484,0.356,-89.03,0.4838854,0.355884,-89.03,99.0,0.0,1.94,1.438,0.304,1.0,36.0
2328,2328,36_67,36_75,237.6605,6.191312,20.1834,0.0283,9.240267E-7,1.0,1.0,573.0,2772.0,573.0,2772.0,573.0,2772.0,43.26088227481078,-22.162878783260368,0.289,0.289,45.0,0.00762,0.00762,45.0,573.0,2772.0,43.26088227481078,-22.162878783260368,0.0833333,0.0833333,0.0833333,0.0833333,0.289,0.289,45.0,0.2886751,0.2886751,45.0,99.0,0.0,0.0,1.0,0.0,0.996,36.0
2329,2329,36_68,36_74,203.5121,5.72927,20.3518,0.0306,-1.501301E-5,10.0,10.0,876.0,2758.0,875.9948999999999,2757.501,875.9948999999999,2757.501,43.168949422074746,-22.15768406317688,0.694,0.485,-75.38,0.02584,0.0173,-69.64,875.9948999999999,2757.501,43.168949422074746,-22.15768406317688,0.091806056622,0.27096046663,0.091806056622,0.27096046663,0.521,0.302,-86.94,0.5210316,0.3021466,-86.94,99.0,0.0,1.22,1.43,0.301,1.0,36.0
2330,2330,36_69,36_73,13.4524,1.473004,23.3013,0.1189,1.108832E-7,2.0,2.0,595.0,2759.0,595.0,2758.6433,595.0,2758.6433,43.25425667423984,-22.15904278948046,0.559,0.289,90.0,0.08753,0.04382,90.0,595.0,2758.6433,43.25425667423984,-22.15904278948046,0.0833333,0.15677715094,0.0833333,0.15677715094,0.396,0.289,90.0,0.3959509,0.2886751,90.0,99.0,0.0,0.95,1.937,0.484,0.566,36.0
2331,2331,36_70,36_72,83.68052,3.673807,21.3167,0.0477,3.178652E-6,5.0,5.0,512.0,2757.0,511.7704,2756.6909,511.7704,2756.6909,43.27953150395091,-22.15879159964127,0.531,0.362,-47.62,0.03102,0.0216,-36.67,511.7704,2756.6909,43.27953150395091,-22.15879159964127,0.1050442789,0.14335580079,0.1050442789,0.14335580079,0.39,0.311,-66.9,0.3897121,0.310684,-66.9,99.0,0.0,1.34,1.469,0.319,0.999,36.0
2332,2332,36_71,36_71,134.7565,4.662072,20.7994,0.0376,-9.146862E-6,5.0,5.0,750.0,2751.0,749.8275,2751.3311,749.8275,2751.3311,43.20728109698319,-22.156420345071957,0.472,0.381,-83.3,0.01937,0.01693,-45.92,749.8275,2751.3311,43.20728109698319,-22.156420345071957,0.11665514456,0.17128234665,0.11665514456,0.17128234665,0.414,0.342,-89.12,0.4138784,0.3415292,-89.12,99.0,0.0,0.9,1.237,0.192,1.0,36.0
2336,2336,36_75,36_67,260.3231,6.479784,20.0845,0.027,0.0,15.0,15.0,939.0,2727.0,938.4653,2727.9108,938.4653,2727.9108,43.15010650473719,-22.14912338895893,1.379,0.561,-41.95,0.0511,0.01719,-39.09,938.4653,2727.9108,43.15010650473719,-22.14912338895893,0.43397957768,0.32359017379,0.43397957768,0.32359017379,0.688,0.534,-27.0,0.6875107,0.5337591,-27.0,99.0,0.0,4.44,2.46,0.594,1.0,36.0
2337,2337,36_76,36_66,0.04118779,0.08150578,29.5864,2.1491,-0.02487354,1.0,1.0,854.0,2730.0,854.0,2730.0,854.0,2730.0,43.17574200057869,-22.15003127613906,0.289,0.289,45.0,17.71787,17.71787,45.0,854.0,2730.0,43.17574200057869,-22.15003127613906,0.0833333,0.0833333,0.0833333,0.0833333,0.289,0.289,45.0,0.2886751,0.2886751,45.0,30.1598,0.0,0.0,1.0,0.0,0.019,36.0
2338,2338,36_77,36_65,6.430286,1.018402,24.1027,0.172,-3.625843E-6,2.0,2.0,810.0,2722.0,810.0,2721.9113,810.0,2721.9113,43.18913389637508,-22.147921134574013,0.405,0.289,90.0,0.16859,0.07824,90.0,810.0,2721.9113,43.18913389637508,-22.147921134574013,0.0833333,0.088758263831,0.0833333,0.088758263831,0.298,0.289,90.0,0.2979232,0.2886751,90.0,99.0,0.0,1.93,1.404,0.288,0.49,36.0
2339,2339,36_78,36_64,0.6821386,0.3316962,26.5386,0.5281,-1.188671E-6,1.0,1.0,740.0,2720.0,740.0,2720.0,740.0,2720.0,43.21039301015262,-22.14764381074866,0.289,0.289,45.0,0.44586,0.44586,45.0,740.0,2720.0,43.21039301015262,-22.14764381074866,0.0833333,0.0833333,0.0833333,0.0833333,0.289,0.289,45.0,0.2886751,0.2886751,45.0,99.0,0.0,0.0,1.0,0.0,0.029,36.0
2340,2340,36_79,36_63,119.8735,4.397094,20.9265,0.0398,0.0,5.0,5.0,709.0,2719.0,708.7145,2719.3684,708.7145,2719.3684,43.219893323001074,-22.14758153057542,0.491,0.447,70.6,0.02291,0.01899,-83.9,708.7145,2719.3684,43.219893323001074,-22.14758153057542,0.11928335911,0.17963016698,0.11928335911,0.17963016698,0.425,0.345,84.45,0.4245064,0.34454,84.45,99.0,0.0,0.98,1.1,0.091,0.999,36.0
2341,2341,36_80,36_62,129.8474,4.576365,20.8397,0.0383,2.377942E-8,5.0,5.0,917.0,2712.0,917.414,2712.0708,917.414,2712.0708,43.156564410477536,-22.1447479073191,0.548,0.331,-20.71,0.02415,0.01504,-24.15,917.414,2712.0708,43.156564410477536,-22.1447479073191,0.25823787106,0.11153963092,0.25823787106,0.11153963092,0.509,0.333,-2.98,0.5085623,0.3333796,-2.98,99.0,0.0,1.19,1.656,0.396,0.999,36.0
2342,2342,36_81,36_61,26.94789,2.08481,22.547,0.084,1.253695E-4,3.0,3.0,921.0,2709.0,920.9872,2709.0907,920.9872,2709.0907,43.15549211533744,-22.14389602392759,0.407,0.31,89.05,0.04152,0.03674,64.64,920.9872,2709.0907,43.15549211533744,-22.14389602392759,0.084184896797,0.088995722831,0.084184896797,0.088995722831,0.298,0.29,89.94,0.2983215,0.2901463,89.94,99.0,0.0,0.0,1.315,0.239,0.98,36.0
2343,2343,36_82,36_60,59.31286,3.092991,21.6904,0.0566,-2.193946E-6,4.0,4.0,760.0,2708.0,760.4282000000001,2707.8392,760.4282000000001,2707.8392,43.20424122209102,-22.14414750472921,0.523,0.325,-24.61,0.03298,0.02549,-33.3,760.4282000000001,2707.8392,43.20424122209102,-22.14414750472921,0.21456575219,0.10361881253,0.21456575219,0.10361881253,0.464,0.321,-4.68,0.464019,0.3207349,-4.68,99.0,0.0,0.99,1.61,0.379,0.995,36.0
2344,2344,36_83,36_59,35.78168,2.40234,22.2391,0.0729,0.0,1.0,1.0,664.0,2700.0,664.0,2700.0,664.0,2700.0,43.23354603445217,-22.14229747518181,0.289,0.289,45.0,0.02099,0.02099,45.0,664.0,2700.0,43.23354603445217,-22.14229747518181,0.0833333,0.0833333,0.0833333,0.0833333,0.289,0.289,45.0,0.2886751,0.2886751,45.0,99.0,0.0,0.0,1.0,0.0,0.93,36.0
2345,2345,36_84,36_58,233.9381,6.142635,20.2005,0.0285,4.50463E-7,5.0,5.0,571.0,2700.0,571.6004,2699.5202,571.6004,2699.5202,43.26159649503612,-22.14249737723866,0.625,0.453,-29.37,0.0181,0.01268,-27.08,571.6004,2699.5202,43.26159649503612,-22.14249737723866,0.26148255333,0.24300696664,0.26148255333,0.24300696664,0.546,0.454,-39.22,0.5462222,0.4540163,-39.22,99.0,0.0,3.11,1.379,0.275,0.999,36.0
2346,2346,36_85,36_57,199.1653,5.667754,20.3753,0.0309,6.029275E-7,5.0,5.0,562.0,2699.0,562.3069,2699.2694,562.3069,2699.2694,43.2644185334753,-22.14246022261616,0.506,0.46,-81.78,0.01671,0.01423,83.08,562.3069,2699.2694,43.2644185334753,-22.14246022261616,0.1345703273,0.13600099731,0.1345703273,0.13600099731,0.375,0.361,-49.1,0.3745725,0.3609249,-49.1,99.0,0.0,1.14,1.1,0.091,1.0,36.0
2347,2347,36_86,36_56,24.55238,1.98999,22.6481,0.088,9.66763E-7,7.0,7.0,536.0,2697.0,535.9009,2697.1947,535.9009,2697.1947,43.27244222994714,-22.141971246043475,0.495,0.323,88.35,0.09374,0.08171,77.42,535.9009,2697.1947,43.27244222994714,-22.141971246043475,0.088977205735,0.10686974248,0.088977205735,0.10686974248,0.327,0.298,-89.97,0.3269094,0.2982905,-89.97,99.0,0.0,1.01,1.534,0.348,0.996,36.0
2348,2348,36_87,36_55,0.1116623,0.1342015,28.5035,1.3052,0.0,1.0,1.0,693.0,2697.0,693.0,2697.0,693.0,2697.0,43.22475484212738,-22.141347454687796,0.289,0.289,45.0,2.60838,2.60838,45.0,693.0,2697.0,43.22475484212738,-22.141347454687796,0.0833333,0.0833333,0.0833333,0.0833333,0.289,0.289,45.0,0.2886751,0.2886751,45.0,99.0,0.0,0.0,1.0,0.0,0.008,36.0
2350,2350,36_89,36_53,50.44509,2.852421,21.8663,0.0614,0.0,3.0,3.0,629.0,2694.0,629.0194,2693.6359,629.0194,2693.6359,43.24419039754009,-22.1406347841946,0.561,0.319,88.1,0.03237,0.01986,74.85,629.0194,2693.6359,43.24419039754009,-22.1406347841946,0.086327319477,0.16163460871,0.086327319477,0.16163460871,0.402,0.294,89.8,0.4020392,0.2938136,89.8,99.0,0.0,0.99,1.757,0.431,0.988,36.0
2351,2351,36_90,36_52,114.7248,4.301628,20.9742,0.0407,6.744708E-7,4.0,4.0,905.0,2686.0,905.2078,2686.3506,905.2078,2686.3506,43.16037803496918,-22.137559366696564,0.494,0.385,-65.56,0.02048,0.0178,-66.4,905.2078,2686.3506,43.16037803496918,-22.137559366696564,0.068567732983,0.15059964014,0.068567732983,0.15059964014,0.389,0.26,-84.29,0.3891378,0.2602674,-84.29,99.0,0.0,1.12,1.284,0.221,0.998,36.0
2352,2352,36_91,36_51,10.53625,1.303609,23.5666,0.1344,1.617047E-8,4.0,4.0,596.0,2684.0,596.3799,2684.0622,596.3799,2684.0622,43.254136553398695,-22.138060130737937,0.487,0.239,-4.66,0.13211,0.11175,68.85,596.3799,2684.0622,43.254136553398695,-22.138060130737937,0.18582284676,0.093712093335,0.18582284676,0.093712093335,0.431,0.306,-0.54,0.4310812,0.3061109,-0.54,99.0,0.0,1.05,2.036,0.509,0.636,36.0
2353,2353,36_92,36_50,0.4927423,0.2819123,26.8918,0.6213,-1.328063E-5,1.0,1.0,594.0,2679.0,594.0,2679.0,594.0,2679.0,43.254879230706834,-22.13664484759101,0.289,0.289,45.0,0.60869,0.60869,45.0,594.0,2679.0,43.254879230706834,-22.13664484759101,0.0833333,0.0833333,0.0833333,0.0833333,0.289,0.289,45.0,0.2886751,0.2886751,45.0,38.3395,0.0,0.0,1.0,0.0,0.031,36.0
2355,2355,36_94,36_48,19.17585,1.758658,22.9164,0.0996,-3.93264E-7,6.0,6.0,795.0,2677.0,794.904,2676.9316,794.904,2676.9316,43.19390252898897,-22.135325277484945,0.592,0.321,38.18,0.20422,0.0554,35.14,794.904,2676.9316,43.19390252898897,-22.135325277484945,0.08569201514,0.083347976739,0.08569201514,0.083347976739,0.293,0.289,0.36,0.2927321,0.2887003,0.36,99.0,0.0,2.52,1.848,0.459,0.994,36.0
2357,2357,36_96,36_46,7.945991,1.132083,23.8729,0.1547,0.0,3.0,3.0,556.0,2670.0,556.031,2670.0877,556.031,2670.0877,43.26643976844883,-22.13427469956637,0.404,0.336,-86.9,0.13077,0.11602,-41.35,556.031,2670.0877,43.26643976844883,-22.13427469956637,0.085330059205,0.088899446676,0.085330059205,0.088899446676,0.298,0.292,-89.82,0.2981602,0.292113,-89.82,99.0,0.0,0.0,1.202,0.168,0.617,36.0
2358,2358,36_97,36_45,0.6915963,0.3339877,26.5237,0.5245,6.098547E-6,2.0,2.0,755.0,2654.0,755.3917,2654.0,755.3917,2654.0,43.20599105116038,-22.12902193451174,0.567,0.289,0.0,1.23201,0.60652,0.0,755.3917,2654.0,43.20599105116038,-22.12902193451174,0.18062481775,0.0833333,0.18062481775,0.0833333,0.425,0.289,0.0,0.4249998,0.2886751,0.0,99.0,0.0,0.95,1.964,0.491,0.008,36.0
2359,2359,36_98,36_44,36.38282,2.422436,22.2211,0.0723,1.488667E-5,6.0,6.0,819.0,2642.0,819.4267,2641.9678,819.4267,2641.9678,43.18660303709999,-22.12539852271183,0.55,0.159,-8.46,0.10213,0.0387,-23.95,819.4267,2641.9678,43.18660303709999,-22.12539852271183,0.18254605078,0.08389341295,0.18254605078,0.08389341295,0.427,0.29,-0.17,0.4272552,0.289642,-0.17,99.0,0.0,0.66,3.467,0.712,0.997,36.0
2360,2360,36_99,36_43,1.391334,0.473718,25.7647,0.3698,0.0,1.0,1.0,955.0,2640.0,955.0,2640.0,955.0,2640.0,43.14545764251095,-22.124331135468196,0.289,0.289,45.0,0.22958,0.22958,45.0,955.0,2640.0,43.14545764251095,-22.124331135468196,0.0833333,0.0833333,0.0833333,0.0833333,0.289,0.289,45.0,0.2886751,0.2886751,45.0,99.0,0.0,0.0,1.0,0.0,0.025,36.0
2361,2361,36_100,36_42,0.3047378,0.2217008,27.4135,0.7901,1.798589E-6,1.0,1.0,892.0,2634.0,892.0,2634.0,892.0,2634.0,43.16460674517727,-22.12288350152878,0.289,0.289,45.0,0.97027,0.97027,45.0,892.0,2634.0,43.16460674517727,-22.12288350152878,0.0833333,0.0833333,0.0833333,0.0833333,0.289,0.289,45.0,0.2886751,0.2886751,45.0,99.0,0.0,0.0,1.0,0.0,0.048,36.0
2363,2363,36_102,36_40,56.78572,3.026382,21.7377,0.0579,1.007213E-4,10.0,10.0,809.0,2631.0,808.5693,2630.1808,808.5693,2630.1808,43.18994747883485,-22.122123603315067,0.826,0.358,61.58,0.09358,0.05051,-86.16,808.5693,2630.1808,43.18994747883485,-22.122123603315067,0.20889837379,0.30484876409,0.20889837379,0.30484876409,0.64,0.323,54.15,0.6400552,0.3226088,54.15,99.0,0.0,3.19,2.305,0.566,1.0,36.0
2364,2364,36_103,36_39,34.2425,2.350103,22.2869,0.0745,-0.003206293,4.0,4.0,805.0,2630.0,804.9077,2630.2234,804.9077,2630.2234,43.19105873696544,-22.122149290974967,0.423,0.304,75.75,0.04702,0.03802,8.01,804.9077,2630.2234,43.19105873696544,-22.122149290974967,0.093124857771,0.10670821059,0.093124857771,0.10670821059,0.327,0.305,89.14,0.3266669,0.3051586,89.14,32.3752,0.0,0.97,1.392,0.281,0.743,36.0
2365,2365,36_104,36_38,19.62904,1.779318,22.8911,0.0984,-4.885328E-4,2.0,2.0,836.0,2630.0,835.9986,2630.0,835.9986,2630.0,43.181622353369725,-22.12196982837288,0.291,0.289,0.0,0.06097,0.03343,0.0,835.9986,2630.0,43.181622353369725,-22.12196982837288,0.083420811292,0.0833333,0.083420811292,0.0833333,0.289,0.289,0.0,0.2888266,0.2886751,0.0,34.3992,0.0,0.0,1.008,0.008,0.704,36.0
2366,2366,36_105,36_37,50.79966,2.862428,21.8586,0.0612,1.875358E-4,4.0,4.0,831.0,2630.0,830.8806,2629.7395,830.8806,2629.7395,43.1831769543012,-22.12191578851556,0.495,0.23,58.52,0.0379,0.02445,49.88,830.8806,2629.7395,43.1831769543012,-22.12191578851556,0.083944972797,0.098071941815,0.083944972797,0.098071941815,0.313,0.29,88.23,0.3131859,0.2897094,88.23,99.0,0.0,1.9,2.156,0.536,0.996,36.0
2368,2368,36_107,36_35,0.9957454,0.4007544,26.1279,0.4371,0.0,2.0,2.0,654.0,2624.0,653.7741,2624.0,653.7741,2624.0,43.23695730153389,-22.12095736883946,0.508,0.289,0.0,0.93044,0.42613,0.0,653.7741,2624.0,43.23695730153389,-22.12095736883946,0.10273318079,0.0833333,0.10273318079,0.0833333,0.321,0.289,0.0,0.3205202,0.2886751,0.0,99.0,0.0,0.89,1.76,0.432,0.032,36.0
2369,2369,36_108,36_34,137.7467,4.713513,20.7756,0.0372,1.892653E-5,6.0,6.0,756.0,2622.0,756.1726,2622.2933,756.1726,2622.2933,43.20588407124894,-22.120100268448308,0.683,0.378,84.38,0.0267,0.01742,78.35,756.1726,2622.2933,43.20588407124894,-22.120100268448308,0.072667864659,0.27740287886,0.072667864659,0.27740287886,0.527,0.27,89.61,0.5266995,0.2695522,89.61,99.0,0.0,1.8,1.806,0.446,1.0,36.0
2370,2370,36_109,36_33,165.4461,5.165739,20.5767,0.0339,6.505993E-6,5.0,5.0,735.0,2616.0,734.7631,2615.491,734.7631,2615.491,43.2124102270635,-22.118266203159656,0.501,0.486,-72.38,0.01861,0.01663,-25.03,734.7631,2615.491,43.2124102270635,-22.118266203159656,0.11185172007,0.24873234607,0.11185172007,0.24873234607,0.499,0.334,88.7,0.4988014,0.334337,88.7,99.0,0.0,1.02,1.032,0.031,0.999,36.0
2375,2375,36_114,36_28,1.109068,0.4229443,26.0109,0.4141,1.285234E-4,1.0,1.0,809.0,2577.0,809.0,2577.0,809.0,2577.0,43.190036560997136,-22.107162500083405,0.289,0.289,45.0,0.28259,0.28259,45.0,809.0,2577.0,43.190036560997136,-22.107162500083405,0.0833333,0.0833333,0.0833333,0.0833333,0.289,0.289,45.0,0.2886751,0.2886751,45.0,99.0,0.0,0.0,1.0,0.0,0.026,36.0
2376,2376,36_115,36_27,163.0256,5.127811,20.5927,0.0342,1.319732E-5,4.0,4.0,711.0,2576.0,711.2992,2576.2458,711.2992,2576.2458,43.219691859878,-22.107313563532948,0.52,0.353,-40.19,0.01746,0.01331,-40.42,711.2992,2576.2458,43.219691859878,-22.107313563532948,0.14515955356,0.1087686183,0.14515955356,0.1087686183,0.394,0.314,-24.87,0.3938587,0.3143302,-24.87,99.0,0.0,1.38,1.47,0.32,0.999,36.0
2377,2377,36_116,36_26,250.1907,6.352428,20.1276,0.0276,0.0,1.0,1.0,579.0,2577.0,579.0,2577.0,579.0,2577.0,43.2598397896398,-22.10800838197733,0.289,0.289,45.0,0.00742,0.00742,45.0,579.0,2577.0,43.2598397896398,-22.10800838197733,0.0833333,0.0833333,0.0833333,0.0833333,0.289,0.289,45.0,0.2886751,0.2886751,45.0,99.0,0.0,0.0,1.0,0.0,0.997,36.0
2381,2381,36_120,36_22,241.4828,6.240901,20.1661,0.0281,5.87775E-5,6.0,6.0,827.0,2565.0,826.8099,2564.7056,826.8099,2564.7056,43.18468207814293,-22.103637283693303,0.596,0.472,5.98,0.01706,0.01393,14.64,826.8099,2564.7056,43.18468207814293,-22.103637283693303,0.18191975941,0.16551849707,0.18191975941,0.16551849707,0.428,0.405,-16.44,0.4283513,0.4049117,-16.44,99.0,0.0,1.59,1.262,0.208,1.0,36.0
2383,2383,36_122,36_20,186.2159,5.480403,20.4483,0.032,1.548485E-5,5.0,5.0,610.0,2562.0,610.2175,2561.8449,610.2175,2561.8449,43.250426716465554,-22.10363251695457,0.488,0.393,26.67,0.01633,0.01411,23.05,610.2175,2561.8449,43.250426716465554,-22.10363251695457,0.16139775193,0.13656680313,0.16139775193,0.13656680313,0.402,0.369,7.86,0.4023433,0.3688962,7.86,99.0,0.0,1.18,1.243,0.196,1.0,36.0
2384,2384,36_123,36_19,0.3910449,0.2511409,27.1427,0.6975,2.246003E-5,1.0,1.0,898.0,2561.0,898.0,2561.0,898.0,2561.0,43.16309112437264,-22.102325859483656,0.289,0.289,45.0,0.76112,0.76112,45.0,898.0,2561.0,43.16309112437264,-22.102325859483656,0.0833333,0.0833333,0.0833333,0.0833333,0.289,0.289,45.0,0.2886751,0.2886751,45.0,99.0,0.0,0.0,1.0,0.0,0.034,36.0
2385,2385,36_124,36_18,0.1784,0.1696296,27.9948,1.0326,9.304773E-5,1.0,1.0,839.0,2556.0,839.0,2556.0,839.0,2556.0,43.181018506469805,-22.101142548982843,0.289,0.289,45.0,1.64081,1.64081,45.0,839.0,2556.0,43.181018506469805,-22.101142548982843,0.0833333,0.0833333,0.0833333,0.0833333,0.289,0.289,45.0,0.2886751,0.2886751,45.0,99.0,0.0,0.0,1.0,0.0,0.037,36.0
2386,2386,36_125,36_17,190.8822,5.548644,20.4214,0.0316,-6.737978E-6,4.0,4.0,1004.0,2554.0,1004.1787,2553.884,1004.1787,2553.884,43.13089508665416,-22.09991725390306,0.634,0.381,85.34,0.01989,0.01199,85.79,1004.1787,2553.884,43.13089508665416,-22.09991725390306,0.088342704989,0.18181468373,0.088342704989,0.18181468373,0.428,0.296,84.12,0.4275724,0.2955321,84.12,99.0,0.0,1.77,1.663,0.399,0.999,36.0
2387,2387,36_126,36_16,0.04251032,0.08280401,29.5521,2.1154,3.758117E-5,1.0,1.0,847.0,2553.0,847.0,2553.0,847.0,2553.0,43.178602999863486,-22.10026850451572,0.289,0.289,45.0,6.81381,6.81381,45.0,847.0,2553.0,43.178602999863486,-22.10026850451572,0.0833333,0.0833333,0.0833333,0.0833333,0.289,0.289,45.0,0.2886751,0.2886751,45.0,99.0,0.0,0.0,1.0,0.0,0.001,36.0
2388,2388,36_127,36_15,153.1508,4.970084,20.6605,0.0352,3.484804E-4,6.0,6.0,837.0,2552.0,837.5101999999999,2551.6112,837.5101999999999,2551.6112,43.18148886666631,-22.09991358943256,0.526,0.46,-40.21,0.02167,0.01785,-76.21,837.5101999999999,2551.6112,43.18148886666631,-22.09991358943256,0.24992290517,0.20377353664,0.24992290517,0.20377353664,0.513,0.437,-25.05,0.5126534,0.4369015,-25.05,99.0,0.0,1.02,1.144,0.126,1.0,36.0
2391,2391,36_130,36_12,235.0589,6.157331,20.1954,0.0284,4.912286E-5,7.0,7.0,755.0,2547.0,753.9375,2547.1575,753.9375,2547.1575,43.20687050769708,-22.09897334864071,0.891,0.461,0.1,0.0271,0.01398,3.51,753.9375,2547.1575,43.20687050769708,-22.09897334864071,0.40667827571,0.10866943521,0.40667827571,0.10866943521,0.644,0.317,-9.37,0.6442176,0.3167514,-9.37,38.6995,0.0,3.78,1.932,0.482,0.99,36.0
2393,2393,36_132,36_10,39.18351,2.513945,22.1405,0.0697,1.422653E-4,2.0,2.0,790.0,2541.0,790.0,2541.1329,790.0,2541.1329,43.19595095411138,-22.097144263606427,0.446,0.289,90.0,0.03778,0.02125,90.0,790.0,2541.1329,43.19595095411138,-22.097144263606427,0.0833333,0.092367464482,0.0833333,0.092367464482,0.304,0.289,90.0,0.3039201,0.2886751,90.0,99.0,0.0,0.0,1.544,0.352,0.978,36.0
2395,2395,36_134,36_8,201.5344,5.701364,20.3624,0.0307,-1.073678E-5,4.0,4.0,735.0,2538.0,735.0358,2537.5196,735.0358,2537.5196,43.21264619564161,-22.09633236694343,0.656,0.348,-40.16,0.02019,0.01037,-38.62,735.0358,2537.5196,43.21264619564161,-22.09633236694343,0.10547891364,0.23779759559,0.10547891364,0.23779759559,0.506,0.295,-70.81,0.5059955,0.2953728,-70.81,37.4098,0.0,1.66,1.883,0.469,0.999,36.0
2396,2396,36_135,36_7,0.364132,0.2423447,27.2202,0.7228,0.0,2.0,2.0,533.0,2534.0,533.0,2533.7677,533.0,2533.7677,43.27397104450805,-22.096013155740103,0.512,0.289,90.0,2.49502,1.13747,90.0,533.0,2533.7677,43.27397104450805,-22.096013155740103,0.0833333,0.10356139672,0.0833333,0.10356139672,0.322,0.289,90.0,0.3218096,0.2886751,90.0,99.0,0.0,0.89,1.772,0.436,0.007,36.0
2397,2397,36_136,36_6,1.313954,0.4603565,25.8269,0.3805,0.0,2.0,2.0,593.0,2532.0,592.5536,2532.0,592.5536,2532.0,43.25590661680048,-22.095301491931423,0.575,0.289,0.0,0.65577,0.32674,0.0,592.5536,2532.0,43.25590661680048,-22.095301491931423,0.22032601781,0.0833333,0.22032601781,0.0833333,0.469,0.289,0.0,0.469389,0.2886751,0.0,99.0,0.0,0.96,1.991,0.498,0.031,36.0
2398,2398,36_137,36_5,1.086134,0.4185486,26.0336,0.4185,-0.002175029,2.0,2.0,696.0,2527.0,696.0,2526.6859,696.0,2526.6859,43.22453645765871,-22.093429057087445,0.547,0.289,90.0,0.82063,0.39354,90.0,696.0,2526.6859,43.22453645765871,-22.093429057087445,0.0833333,0.12399203229,0.0833333,0.12399203229,0.352,0.289,90.0,0.352125,0.2886751,90.0,32.7714,0.0,0.93,1.894,0.472,0.024,36.0
2399,2399,36_138,36_4,57.17361,3.0367,21.7303,0.0577,3.519284E-5,2.0,2.0,613.0,2526.0,612.9055,2526.0945,612.9055,2526.0945,43.24975445450475,-22.09356655154992,0.504,0.289,-45.0,0.03572,0.01691,-45.0,612.9055,2526.0945,43.24975445450475,-22.09356655154992,0.083451697408,0.083451697408,0.083451697408,0.083451697408,0.289,0.289,45.0,0.2890849,0.2886751,45.0,99.0,0.0,2.18,1.747,0.428,0.991,36.0
2400,2400,36_139,36_3,0.1264989,0.1428392,28.3681,1.2263,1.729799E-5,1.0,1.0,956.0,2526.0,956.0,2526.0,956.0,2526.0,43.14563542354245,-22.092258759333067,0.289,0.289,45.0,2.30515,2.30515,45.0,956.0,2526.0,43.14563542354245,-22.092258759333067,0.0833333,0.0833333,0.0833333,0.0833333,0.289,0.289,45.0,0.2886751,0.2886751,45.0,99.0,0.0,0.0,1.0,0.0,0.01,36.0
2411,2411,37_10,37_46,4.670193,0.8679038,24.45,0.2018,0.0,2.0,2.0,1483.0,2880.0,1483.0651,2880.0,1483.0651,2880.0,42.984060136089546,-22.18974142072297,0.38,0.289,0.0,0.22997,0.10256,0.0,1483.0651,2880.0,42.984060136089546,-22.18974142072297,0.087171654011,0.0833333,0.087171654011,0.0833333,0.295,0.289,0.0,0.2952484,0.2886751,0.0,99.0,0.0,1.86,1.315,0.24,0.477,37.0
2413,2413,37_12,37_44,85.22092,3.707467,21.2969,0.0472,-1.145916E-4,5.0,5.0,1074.0,2852.0,1073.9456,2852.2133,1073.9456,2852.2133,43.10843866833109,-22.18356703165162,0.488,0.406,-10.87,0.02979,0.02155,-18.42,1073.9456,2852.2133,43.10843866833109,-22.18356703165162,0.13139095384,0.13239073137,0.13139095384,0.13239073137,0.364,0.362,-67.26,0.3641481,0.3621849,-67.26,99.0,0.0,1.02,1.2,0.166,0.999,37.0
2419,2419,37_18,37_38,28.9607,2.161268,22.4688,0.081,-1.497179E-6,4.0,4.0,1421.0,2800.0,1420.6614,2800.1098,1420.6614,2800.1098,43.00337361334234,-22.167524333540765,0.486,0.292,-16.61,0.05519,0.0445,-42.28,1420.6614,2800.1098,43.00337361334234,-22.167524333540765,0.12931613898,0.088274977298,0.12931613898,0.088274977298,0.36,0.297,-1.17,0.3596294,0.2970822,-1.17,99.0,0.0,0.76,1.663,0.399,0.979,37.0
2422,2422,37_21,37_35,25.58709,2.03149,22.6032,0.0862,-1.325145E-4,4.0,4.0,1510.0,2781.0,1509.5231,2780.6871,1509.5231,2780.6871,42.9764763240396,-22.1616935232382,0.503,0.46,16.79,0.05656,0.05478,44.03,1509.5231,2780.6871,42.9764763240396,-22.1616935232382,0.24332466943,0.13541283171,0.24332466943,0.13541283171,0.494,0.367,3.75,0.4937501,0.3673531,3.75,99.0,0.0,0.93,1.093,0.085,0.802,37.0
2424,2424,37_23,37_33,29.87524,2.195128,22.435,0.0798,-2.143147E-6,4.0,4.0,1360.0,2762.0,1360.262,2762.0938,1360.262,2762.0938,43.02188557702464,-22.157076692245308,0.447,0.28,13.38,0.05433,0.04226,42.55,1360.262,2762.0938,43.02188557702464,-22.157076692245308,0.10510528021,0.086809011774,0.10510528021,0.086809011774,0.324,0.295,0.53,0.3242018,0.2946311,0.53,99.0,0.0,0.81,1.595,0.373,0.986,37.0
2432,2432,37_31,37_25,31.64014,2.259037,22.3727,0.0775,0.0,2.0,2.0,1249.0,2695.0,1248.5836,2695.0,1248.5836,2695.0,43.05609254890376,-22.138653117025186,0.571,0.289,0.0,0.04841,0.02432,0.0,1248.5836,2695.0,43.05609254890376,-22.138653117025186,0.19553701218,0.0833333,0.19553701218,0.0833333,0.442,0.289,0.0,0.4421957,0.2886751,0.0,99.0,0.0,0.96,1.979,0.495,0.901,37.0
2434,2434,37_33,37_23,0.7014166,0.3363506,26.5084,0.5208,-1.514153E-5,1.0,1.0,1041.0,2667.0,1041.0,2667.0,1041.0,2667.0,43.11923588113096,-22.13159469061489,0.289,0.289,45.0,0.43421,0.43421,45.0,1041.0,2667.0,43.11923588113096,-22.13159469061489,0.0833333,0.0833333,0.0833333,0.0833333,0.289,0.289,45.0,0.2886751,0.2886751,45.0,99.0,0.0,0.0,1.0,0.0,0.028,37.0
2436,2436,37_35,37_21,19.27541,1.763218,22.9108,0.0993,-0.001595746,2.0,2.0,1240.0,2650.0,1240.0,2650.1257,1240.0,2650.1257,43.058895887317256,-22.12606390200628,0.44,0.289,90.0,0.06455,0.03385,90.0,1240.0,2650.1257,43.058895887317256,-22.12606390200628,0.0833333,0.091716386444,0.0833333,0.091716386444,0.303,0.289,90.0,0.3028471,0.2886751,90.0,33.1426,0.0,2.02,1.523,0.343,0.667,37.0
2437,2437,37_36,37_20,1.37423,0.4707972,25.7782,0.3721,0.0,1.0,1.0,1388.0,2644.0,1388.0,2644.0,1388.0,2644.0,43.01399232133623,-22.123742401347208,0.289,0.289,45.0,0.23217,0.23217,45.0,1388.0,2644.0,43.01399232133623,-22.123742401347208,0.0833333,0.0833333,0.0833333,0.0833333,0.289,0.289,45.0,0.2886751,0.2886751,45.0,99.0,0.0,0.0,1.0,0.0,0.025,37.0
2438,2438,37_37,37_19,82.75941,3.653531,21.3288,0.0479,-3.575533E-5,7.0,7.0,1464.0,2640.0,1464.4696,2639.6146,1464.4696,2639.6146,42.990796883087775,-22.122194502447005,0.769,0.431,-62.06,0.04748,0.02628,-59.34,1464.4696,2639.6146,42.990796883087775,-22.122194502447005,0.20482792958,0.16243335519,0.20482792958,0.16243335519,0.481,0.368,-31.9,0.4812878,0.3682708,-31.9,99.0,0.0,1.89,1.783,0.439,1.0,37.0
2442,2442,37_41,37_15,58.18756,3.063509,21.7112,0.0572,-3.700962E-7,6.0,6.0,1298.0,2632.0,1298.0781,2631.9758,1298.0781,2631.9758,43.04134460060696,-22.120724902047463,0.692,0.292,86.9,0.04812,0.03161,74.71,1298.0781,2631.9758,43.04134460060696,-22.120724902047463,0.10556590149,0.2148400931,0.10556590149,0.2148400931,0.464,0.325,89.36,0.463523,0.3248883,89.36,99.0,0.0,1.91,2.365,0.577,0.999,37.0
2444,2444,37_43,37_13,1.680914,0.5206872,25.5594,0.3364,-0.006663679,1.0,1.0,1462.0,2623.0,1462.0,2623.0,1462.0,2623.0,42.99162187403512,-22.11753076505605,0.289,0.289,45.0,0.19431,0.19431,45.0,1462.0,2623.0,42.99162187403512,-22.11753076505605,0.0833333,0.0833333,0.0833333,0.0833333,0.289,0.289,45.0,0.2886751,0.2886751,45.0,31.5926,0.0,0.0,1.0,0.0,0.136,37.0
2453,2453,37_52,37_4,68.49755,3.323852,21.5341,0.0527,-1.132868E-6,6.0,6.0,1200.0,2565.0,1199.8562,2565.025,1199.8562,2565.025,43.071454854586165,-22.10228424018704,0.568,0.374,-3.29,0.03808,0.02956,-22.87,1199.8562,2565.025,43.071454854586165,-22.10228424018704,0.13605709163,0.10298470839,0.13605709163,0.10298470839,0.369,0.321,-0.25,0.36886,0.3209113,-0.25,99.0,0.0,1.37,1.518,0.341,0.999,37.0
2455,2455,37_54,37_2,20.02967,1.797385,22.8691,0.0975,-3.562546E-7,4.0,4.0,1276.0,2519.0,1275.7522,2519.0077,1275.7522,2519.0077,43.04862113239269,-22.08903534088658,0.593,0.302,0.42,0.08847,0.04945,6.6,1275.7522,2519.0077,43.04862113239269,-22.08903534088658,0.11671567602,0.08401626618,0.11671567602,0.08401626618,0.342,0.29,0.03,0.3416368,0.2898556,0.03,99.0,0.0,1.1,1.966,0.491,0.93,37.0
2456,2456,38_1,38_1,158.8793,5.062183,20.6206,0.0346,-6.583259E-6,2.0,2.0,1819.0,2514.0,1819.0167,2514.0,1819.0167,2514.0,42.88375553103268,-22.08535394721564,0.316,0.289,0.0,0.01007,0.0092,0.0,1819.0167,2514.0,42.88375553103268,-22.08535394721564,0.084334816666,0.0833333,0.084334816666,0.0833333,0.29,0.289,0.0,0.2904046,0.2886751,0.0,53.2575,0.0,0.0,1.094,0.086,0.966,38.0
2457,2457,38_2,38_109,17.24424,1.667738,23.0317,0.105,0.02304624,1.0,1.0,1598.0,3007.0,1598.0,3007.0,1598.0,3007.0,42.94856659762264,-22.22498939672977,0.289,0.289,45.0,0.02794,0.02794,45.0,1598.0,3007.0,42.94856659762264,-22.22498939672977,0.0833333,0.0833333,0.0833333,0.0833333,0.289,0.289,45.0,0.2886751,0.2886751,45.0,30.9646,0.0,0.0,1.0,0.0,0.996,38.0
2459,2459,38_4,38_107,145.5499,4.845183,20.7158,0.0362,-2.674033E-5,3.0,3.0,1660.0,3004.0,1659.7364,3003.632,1659.7364,3003.632,42.92982640493128,-22.22378104544437,0.559,0.338,-50.61,0.01861,0.01127,-50.6,1659.7364,3003.632,42.92982640493128,-22.22378104544437,0.12342324156,0.22279822767,0.12342324156,0.22279822767,0.492,0.322,-67.9,0.4923645,0.322178,-67.9,32.0426,0.0,2.1,1.652,0.395,1.0,38.0
2460,2460,38_5,38_106,6.528841,1.029503,24.0862,0.1712,0.2187236,1.0,1.0,1561.0,3001.0,1561.0,3001.0,1561.0,3001.0,42.959834827737865,-22.22345664649503,0.289,0.289,45.0,0.04548,0.04548,45.0,1561.0,3001.0,42.959834827737865,-22.22345664649503,0.0833333,0.0833333,0.0833333,0.0833333,0.289,0.289,45.0,0.2886751,0.2886751,45.0,27.8607,0.0,0.0,1.0,0.0,0.992,38.0
2461,2461,38_6,38_105,138.1602,4.722851,20.7723,0.0371,0.2190826,3.0,3.0,1558.0,2996.0,1558.0,2996.1676,1558.0,2996.1676,42.96076833468558,-22.222109735399187,0.735,0.289,90.0,0.02513,0.00987,90.0,1558.0,2996.1676,42.96076833468558,-22.222109735399187,0.0833333,0.20730960863,0.0833333,0.20730960863,0.455,0.289,90.0,0.4553126,0.2886751,90.0,27.8538,0.0,1.73,2.547,0.607,0.999,38.0
2462,2462,38_7,38_104,6.910258,1.064958,24.0246,0.1674,0.3232104,1.0,1.0,1538.0,2997.0,1538.0,2997.0,1538.0,2997.0,42.96684050971474,-22.222427397520747,0.289,0.289,45.0,0.0442,0.0442,45.0,1538.0,2997.0,42.96684050971474,-22.222427397520747,0.0833333,0.0833333,0.0833333,0.0833333,0.289,0.289,45.0,0.2886751,0.2886751,45.0,27.2897,0.0,0.0,1.0,0.0,0.992,38.0
2463,2463,38_8,38_103,161644.2,161.4673,13.1019,0.0011,0.2497358,3.0,3.0,1548.0,2991.0,1547.8514,2991.4022,1547.8514,2991.4022,42.96387323536623,-22.220811527889325,0.538,0.279,-61.33,5.4E-4,2.8E-4,-61.33,1547.8514,2991.4022,42.96387323536623,-22.220811527889325,0.092020878553,0.17641686354,0.092020878553,0.17641686354,0.421,0.302,-84.73,0.4208819,0.3021526,-84.73,27.6295,4.0,1.78,1.925,0.481,1.0,38.0
2464,2464,38_9,38_102,114987.6,136.1853,13.4717,0.0013,0.2316509,5.0,5.0,1549.0,2987.0,1548.9144,2986.6632,1548.9144,2986.6632,42.96357195398074,-22.21947391285997,0.482,0.294,-81.3,5.7E-4,3.5E-4,-81.3,1548.9144,2986.6632,42.96357195398074,-22.21947391285997,0.099541686381,0.16450795153,0.099541686381,0.16450795153,0.406,0.315,-89.08,0.4056166,0.3154756,-89.08,27.7568,7.0,2.15,1.637,0.389,1.0,38.0
2465,2465,38_10,38_102,77363.26,111.7049,13.902,0.0016,0.2303552,4.0,4.0,1547.0,2984.0,1546.7883,2984.5323,1546.7883,2984.5323,42.96422758302504,-22.21888332383012,0.509,0.396,-71.42,7.4E-4,5.7E-4,-71.42,1546.7883,2984.5323,42.96422758302504,-22.21888332383012,0.1135919123,0.24949535185,0.1135919123,0.24949535185,0.502,0.333,-81.67,0.5024635,0.3325924,-81.67,27.7335,3.0,1.07,1.288,0.223,1.0,38.0
2467,2467,38_12,38_102,144069.5,152.437,13.2269,0.0011,0.1545462,4.0,4.0,1549.0,2967.0,1548.8721,2967.2153,1548.8721,2967.2153,42.963673681644686,-22.214003009904008,0.449,0.317,64.86,4.7E-4,3.4E-4,64.86,1548.8721,2967.2153,42.963673681644686,-22.214003009904008,0.096916500967,0.10827306373,0.096916500967,0.10827306373,0.329,0.311,87.92,0.3290715,0.3112901,87.92,28.1853,7.0,0.0,1.416,0.294,1.0,38.0
2468,2468,38_13,38_102,63169.02,100.9385,14.122,0.0017,0.1394646,9.0,9.0,1549.0,2962.0,1548.7234,2962.5733,1548.7234,2962.5733,42.96374007120216,-22.212697746615465,1.285,0.404,-78.04,0.00205,6.5E-4,-78.04,1548.7234,2962.5733,42.96374007120216,-22.212697746615465,0.077129383156,0.6440999042,0.077129383156,0.6440999042,0.815,0.238,-79.37,0.8153473,0.2375669,-79.37,28.3866,2.0,4.27,3.176,0.685,1.0,38.0
2469,2469,38_14,38_101,2766.679,21.12466,17.5184,0.0083,0.09601808,12.0,12.0,1575.0,2976.0,1574.8366,2975.7519,1574.8366,2975.7519,42.95574699352401,-22.216295889705872,0.88,0.575,-10.73,0.00672,0.00439,-10.74,1574.8366,2975.7519,42.95574699352401,-22.216295889705872,0.27067584014,0.23897623863,0.27067584014,0.23897623863,0.529,0.48,-25.11,0.5287711,0.4796386,-25.11,29.0107,2.0,1.66,1.531,0.347,1.0,38.0
2470,2470,38_15,38_101,2333.726,19.40464,17.7032,0.009,0.1916881,27.0,27.0,1556.0,2982.0,1556.0,2981.5006,1556.0,2981.5006,42.9614430094088,-22.217991967191796,2.786,0.888,62.09,0.02317,0.00738,62.1,1556.0,2981.5006,42.9614430094088,-22.217991967191796,0.36875651638,0.54540361632,0.36875651638,0.54540361632,0.752,0.59,-72.2,0.7521386,0.5902945,-72.2,28.1749,3.0,5.01,3.138,0.681,1.0,38.0
2471,2471,38_16,38_101,23559.11,61.64578,15.1929,0.0028,0.1634007,116.0,116.0,1556.0,2977.0,1557.5797,2976.5699,1557.5797,2976.5699,42.960985669723776,-22.216598257791663,3.643,2.089,6.24,0.00953,0.00547,6.25,1557.5797,2976.5699,42.960985669723776,-22.216598257791663,1.5583781696,0.71031831701,1.5583781696,0.71031831701,1.259,0.826,10.02,1.259243,0.8264397,10.02,28.7562,3.0,6.23,1.744,0.427,0.984,38.0
2472,2472,38_17,38_100,25.53988,2.033526,22.6053,0.0865,0.2955859,1.0,1.0,1535.0,2987.0,1535.0,2987.0,1535.0,2987.0,42.96779751676907,-22.219626699521907,0.289,0.289,45.0,0.02295,0.02295,45.0,1535.0,2987.0,42.96779751676907,-22.219626699521907,0.0833333,0.0833333,0.0833333,0.0833333,0.289,0.289,45.0,0.2886751,0.2886751,45.0,27.4198,0.0,0.0,1.0,0.0,0.997,38.0
2473,2473,38_18,38_99,71.11877,3.393638,21.4933,0.0518,0.3979424,3.0,3.0,1532.0,2984.0,1532.2128,2983.5008,1532.2128,2983.5008,42.96866020512896,-22.218653917001248,0.568,0.307,-55.57,0.02703,0.01462,-55.56,1532.2128,2983.5008,42.96866020512896,-22.218653917001248,0.04230777894,0.19246154919,0.04230777894,0.19246154919,0.446,0.188,-78.22,0.4464243,0.1883473,-78.22,27.925,0.0,1.32,1.849,0.459,0.996,38.0
2474,2474,38_19,38_98,15.47564,1.581448,23.1492,0.111,0.1428351,2.0,2.0,1567.0,2983.0,1567.0,2982.7087,1567.0,2982.7087,42.95809578448097,-22.21828581211936,0.538,0.289,90.0,0.0551,0.02953,90.0,1567.0,2982.7087,42.95809578448097,-22.21828581211936,0.0833333,0.11545493931,0.0833333,0.11545493931,0.34,0.289,90.0,0.3397866,0.2886751,90.0,28.436,0.0,0.92,1.865,0.464,0.664,38.0
2475,2475,38_20,38_97,220.5989,5.964937,20.2643,0.0294,0.0,2.0,2.0,1743.0,2981.0,1743.1967,2981.0,1743.1967,2981.0,42.90457697939428,-22.217057577235963,0.491,0.289,0.0,0.01329,0.00781,0.0,1743.1967,2981.0,42.90457697939428,-22.217057577235963,0.099106008924,0.0833333,0.099106008924,0.0833333,0.315,0.289,0.0,0.3148111,0.2886751,0.0,33.465,0.0,0.86,1.702,0.412,1.0,38.0
2476,2476,38_21,38_96,5.752605,0.9632456,24.2236,0.1818,-5.745269E-6,2.0,2.0,1712.0,2980.0,1712.0,2980.3983,1712.0,2980.3983,42.91405696744789,-22.21702210055881,0.568,0.289,90.0,0.09571,0.0486,90.0,1712.0,2980.3983,42.91405696744789,-22.21702210055881,0.0833333,0.18602310635,0.0833333,0.18602310635,0.431,0.289,90.0,0.4313039,0.2886751,90.0,32.5058,0.0,0.96,1.969,0.492,0.99,38.0
2477,2477,38_22,38_95,39.33613,2.528939,22.1363,0.0698,1.235982,5.0,5.0,1529.0,2971.0,1529.7497,2971.4542,1529.7497,2971.4542,42.969463392389166,-22.215275234228415,0.899,0.312,50.54,0.0544,0.01886,50.57,1529.7497,2971.4542,42.969463392389166,-22.215275234228415,0.22428540786,0.19728032843,0.22428540786,0.19728032843,0.548,0.347,40.69,0.5484704,0.3474852,40.69,99.0,0.0,3.09,2.88,0.653,1.0,38.0
2478,2478,38_23,38_94,81.34756,3.623606,21.3474,0.0484,-0.08058583,6.0,6.0,1562.0,2966.0,1562.1164,2965.7121,1562.1164,2965.7121,42.95965718574231,-22.21352476638523,0.913,0.326,-56.55,0.04105,0.01462,-56.57,1562.1164,2965.7121,42.95965718574231,-22.21352476638523,0.085799381163,0.25751551819,0.085799381163,0.25751551819,0.533,0.243,-69.89,0.5330213,0.2433171,-69.89,27.4971,0.0,2.33,2.805,0.644,0.974,38.0
2479,2479,38_24,38_93,219.3315,5.948719,20.2705,0.0295,-2.751813,6.0,6.0,1559.0,2963.0,1558.5756,2963.3256,1558.5756,2963.3256,42.96074373517392,-22.21286820925777,0.747,0.434,-67.1,0.02111,0.01227,-67.11,1558.5756,2963.3256,42.96074373517392,-22.21286820925777,0.24488846572,0.31322167811,0.24488846572,0.31322167811,0.595,0.452,-58.58,0.5948849,0.4519094,-58.58,24.9684,0.0,2.91,1.72,0.419,0.972,38.0
2480,2480,38_25,38_92,113.9159,4.289502,20.9818,0.0409,-1.272022,6.0,6.0,1536.0,2959.0,1536.0972,2959.028,1536.0972,2959.028,42.96759182674947,-22.211753065638455,0.949,0.296,89.59,0.03718,0.01162,89.57,1536.0972,2959.028,42.96759182674947,-22.211753065638455,0.055896749009,0.30532293146,0.055896749009,0.30532293146,0.554,0.233,85.38,0.554039,0.2329387,85.38,25.6483,0.0,3.1,3.205,0.688,1.0,38.0
2481,2481,38_26,38_91,67.34002,3.296407,21.5526,0.0532,-0.2818553,4.0,4.0,1560.0,2958.0,1559.4118,2957.7123,1559.4118,2957.7123,42.960515407748055,-22.21128558127597,0.571,0.348,39.75,0.02828,0.01728,39.76,1559.4118,2957.7123,42.960515407748055,-22.21128558127597,0.24777945666,0.12826165502,0.24777945666,0.12826165502,0.522,0.321,22.55,0.5222018,0.3214753,22.55,26.9795,0.0,2.58,1.639,0.39,0.999,38.0
2482,2482,38_27,38_90,28.22539,2.133655,22.4967,0.0821,0.0,1.0,1.0,1985.0,2955.0,1985.0,2955.0,1985.0,2955.0,42.83124639664628,-22.208684585396934,0.289,0.289,45.0,0.02183,0.02183,45.0,1985.0,2955.0,42.83124639664628,-22.208684585396934,0.0833333,0.0833333,0.0833333,0.0833333,0.289,0.289,45.0,0.2886751,0.2886751,45.0,42.2019,0.0,0.0,1.0,0.0,0.997,38.0
2483,2483,38_28,38_89,33.21569,2.315256,22.3199,0.0757,-0.2510877,2.0,2.0,1549.0,2951.0,1548.6305,2951.0,1548.6305,2951.0,42.96382119554158,-22.20944234539368,0.562,0.289,0.0,0.03965,0.02035,0.0,1548.6305,2951.0,42.96382119554158,-22.20944234539368,0.17310589503,0.0833333,0.17310589503,0.0833333,0.416,0.289,0.0,0.41606,0.2886751,0.0,27.0367,0.0,0.96,1.948,0.487,0.706,38.0
2484,2484,38_29,38_88,232.0636,6.117975,20.2093,0.0286,0.0,4.0,4.0,1903.0,2947.0,1902.6268,2947.4196,1902.6268,2947.4196,42.85630474264063,-22.206916950882952,0.498,0.479,-60.07,0.01314,0.01262,-60.05,1902.6268,2947.4196,42.85630474264063,-22.206916950882952,0.1874924962,0.21823799467,0.1874924962,0.21823799467,0.468,0.432,-79.32,0.4683723,0.4316919,-79.32,37.6998,0.0,0.94,1.041,0.039,1.0,38.0
2487,2487,38_32,38_85,25.81034,2.040333,22.5938,0.0858,0.0,1.0,1.0,1664.0,2905.0,1664.0,2905.0,1664.0,2905.0,42.92898856038088,-22.196015588825446,0.289,0.289,45.0,0.02283,0.02283,45.0,1664.0,2905.0,42.92898856038088,-22.196015588825446,0.0833333,0.0833333,0.0833333,0.0833333,0.289,0.289,45.0,0.2886751,0.2886751,45.0,39.5686,0.0,0.0,1.0,0.0,0.997,38.0
2488,2488,38_33,38_84,54.44738,2.963416,21.7834,0.0591,0.0,1.0,1.0,1644.0,2904.0,1644.0,2904.0,1644.0,2904.0,42.935068099423255,-22.195819139456784,0.289,0.289,45.0,0.01572,0.01572,45.0,1644.0,2904.0,42.935068099423255,-22.195819139456784,0.0833333,0.0833333,0.0833333,0.0833333,0.289,0.289,45.0,0.2886751,0.2886751,45.0,37.6571,0.0,0.0,1.0,0.0,0.997,38.0
2489,2489,38_34,38_83,188.1687,5.509065,20.4369,0.0318,0.0,3.0,3.0,1753.0,2900.0,1752.6234,2900.1579,1752.6234,2900.1579,42.90209238154754,-22.19427428915602,0.512,0.325,24.73,0.015,0.00952,24.74,1752.6234,2900.1579,42.90209238154754,-22.19427428915602,0.18789984701,0.05290757224,0.18789984701,0.05290757224,0.435,0.227,5.88,0.4351415,0.2268464,5.88,38.5142,0.0,1.25,1.576,0.365,1.0,38.0
2490,2490,38_35,38_82,4.689649,0.8697097,24.4454,0.2014,0.0,1.0,1.0,1740.0,2892.0,1740.0,2892.0,1740.0,2892.0,42.90596485301575,-22.19203360843392,0.289,0.289,45.0,0.05371,0.05371,45.0,1740.0,2892.0,42.90596485301575,-22.19203360843392,0.0833333,0.0833333,0.0833333,0.0833333,0.289,0.289,45.0,0.2886751,0.2886751,45.0,37.6004,0.0,0.0,1.0,0.0,0.984,38.0
2492,2492,38_37,38_80,249.4066,6.342466,20.131,0.0276,0.0,6.0,6.0,1743.0,2890.0,1743.2509,2890.3737,1743.2509,2890.3737,42.9049850580252,-22.19156212079828,0.555,0.403,-47.26,0.01413,0.01027,-47.27,1743.2509,2890.3737,42.9049850580252,-22.19156212079828,0.13210019527,0.20378178364,0.13210019527,0.20378178364,0.464,0.348,-69.75,0.4637651,0.3475686,-69.75,37.4381,0.0,1.5,1.377,0.274,0.999,38.0
2493,2493,38_38,38_79,315.2934,7.131184,19.8765,0.0246,0.0,9.0,9.0,1764.0,2889.0,1765.5304,2889.0502,1765.5304,2889.0502,42.89822419985277,-22.191093829380826,1.595,0.373,17.21,0.03608,0.00844,17.21,1765.5304,2889.0502,42.89822419985277,-22.191093829380826,0.93178990721,0.17785495778,0.93178990721,0.17785495778,0.991,0.358,13.95,0.990647,0.3581389,13.95,37.4081,0.0,4.58,4.277,0.766,1.0,38.0
2494,2494,38_39,38_78,45.46208,2.707876,21.9792,0.0647,0.0,4.0,4.0,1696.0,2887.0,1696.8101,2886.7962,1696.8101,2886.7962,42.919107487352136,-22.1907547175394,1.117,0.29,-34.97,0.06663,0.0173,-34.99,1696.8101,2886.7962,42.919107487352136,-22.1907547175394,0.35086776554,0.23003525755,0.35086776554,0.23003525755,0.689,0.325,-35.46,0.6893782,0.3250549,-35.46,35.7375,0.0,3.34,3.853,0.74,1.0,38.0
2495,2495,38_40,38_77,27.65778,2.112092,22.5188,0.0829,0.0,2.0,2.0,1717.0,2885.0,1717.0882,2885.0882,1717.0882,2885.0882,42.91295631167724,-22.190187489600405,0.494,0.289,45.0,0.03789,0.02207,45.0,1717.0882,2885.0882,42.91295631167724,-22.190187489600405,0.083448180736,0.083448180736,0.083448180736,0.083448180736,0.289,0.289,45.0,0.2890728,0.2886751,45.0,36.8023,0.0,0.0,1.712,0.416,0.731,38.0
2496,2496,38_41,38_76,89.11346,3.791192,21.2484,0.0462,0.0,5.0,5.0,1709.0,2886.0,1709.1636,2885.2181,1709.1636,2885.2181,42.91536267048506,-22.190257959197453,1.048,0.325,-51.35,0.04464,0.01386,-51.34,1709.1636,2885.2181,42.91536267048506,-22.190257959197453,0.2681657392,0.3429124895,0.2681657392,0.3429124895,0.701,0.347,-50.82,0.7005647,0.3468247,-50.82,36.185,0.0,3.44,3.222,0.69,1.0,38.0
2497,2497,38_42,38_75,57.58027,3.047481,21.7226,0.0575,0.4890217,2.0,2.0,1762.0,2884.0,1762.0,2883.8278,1762.0,2883.8278,42.89932104197071,-22.18963988808542,0.475,0.289,90.0,0.02497,0.01516,90.0,1762.0,2883.8278,42.89932104197071,-22.18963988808542,0.0833333,0.096309052449,0.0833333,0.096309052449,0.31,0.289,90.0,0.310337,0.2886751,90.0,99.0,0.0,0.0,1.646,0.393,0.999,38.0
2498,2498,38_43,38_74,12.022,1.392491,23.4234,0.1258,3.933609E-4,1.0,1.0,1707.0,2884.0,1707.0,2884.0,1707.0,2884.0,42.916025513056766,-22.1899245391602,0.289,0.289,45.0,0.03348,0.03348,45.0,1707.0,2884.0,42.916025513056766,-22.1899245391602,0.0833333,0.0833333,0.0833333,0.0833333,0.289,0.289,45.0,0.2886751,0.2886751,45.0,99.0,0.0,0.0,1.0,0.0,0.996,38.0
2499,2499,38_44,38_73,1664.308,16.38404,18.0702,0.0107,-9.202864E-6,37.0,37.0,1716.0,2870.0,1716.504,2872.3331,1716.504,2872.3331,42.91319335391578,-22.18660172963889,3.777,1.386,-80.54,0.03719,0.01365,-80.54,1716.504,2872.3331,42.91319335391578,-22.18660172963889,1.9141252677,1.8027822807,1.9141252677,1.8027822807,1.494,1.218,40.73,1.494483,1.217961,40.73,37.5461,3.0,13.72,2.725,0.633,1.0,38.0
2500,2500,38_45,38_73,61.6327,3.152897,21.6488,0.0556,0.0,4.0,4.0,1723.0,2869.0,1722.5059,2868.8162,1722.5059,2868.8162,42.91138686864085,-22.185586636665978,0.511,0.373,17.41,0.02615,0.01913,17.44,1722.5059,2868.8162,42.91138686864085,-22.185586636665978,0.22702436362,0.043502884812,0.22702436362,0.043502884812,0.477,0.207,3.17,0.4770624,0.2072165,3.17,38.4597,2.0,1.0,1.369,0.27,0.999,38.0
2501,2501,38_46,38_72,84.46469,3.690981,21.3066,0.0475,0.0,5.0,5.0,1700.0,2881.0,1700.1383,2880.4281,1700.1383,2880.4281,42.91812629290129,-22.18894902767792,0.749,0.35,80.68,0.03275,0.01534,80.69,1700.1383,2880.4281,42.91812629290129,-22.18894902767792,0.081538835044,0.2011004399,0.081538835044,0.2011004399,0.452,0.28,81.27,0.4516489,0.2804506,81.27,35.8775,2.0,2.11,2.14,0.533,1.0,38.0
2502,2502,38_47,38_72,55.6076,2.994824,21.7605,0.0585,0.0,4.0,4.0,1697.0,2880.0,1697.3055,2880.3629,1697.3055,2880.3629,42.91898700556683,-22.18894278759057,0.638,0.2,45.78,0.03441,0.01085,45.77,1697.3055,2880.3629,42.91898700556683,-22.18894278759057,0.12242290898,0.13421758256,0.12242290898,0.13421758256,0.397,0.314,50.75,0.3973485,0.3142526,50.75,35.8016,2.0,1.42,3.19,0.687,0.994,38.0
2503,2503,38_48,38_71,99.70953,4.01026,21.1265,0.0437,-2.726211E-4,7.0,7.0,1719.0,2879.0,1719.4067,2878.0979,1719.4067,2878.0979,42.91228478054212,-22.18821104548046,0.97,0.267,-60.64,0.03908,0.01081,-60.65,1719.4067,2878.0979,42.91228478054212,-22.18821104548046,0.093237508551,0.33622949543,0.093237508551,0.33622949543,0.614,0.229,-69.23,0.614033,0.2289769,-69.23,34.9345,0.0,2.98,3.628,0.724,1.0,38.0
2504,2504,38_49,38_70,13929.98,47.40012,15.7634,0.0037,2.722095E-4,138.0,138.0,1700.0,2865.0,1698.0693,2865.0062,1698.0693,2865.0062,42.91882661555097,-22.18461938789599,3.62,3.067,-29.25,0.01232,0.01044,-29.25,1698.0693,2865.0062,42.91882661555097,-22.18461938789599,2.8295438631,2.0031765956,2.8295438631,2.0031765956,1.687,1.409,-8.06,1.687145,1.409348,-8.06,99.0,1.0,5.87,1.18,0.153,1.0,38.0
2506,2506,38_51,38_68,147.1623,4.871946,20.7038,0.036,0.0,2.0,2.0,1926.0,2872.0,1926.0,2871.5131,1926.0,2871.5131,42.84956839698707,-22.18545966032173,0.577,0.289,90.0,0.01911,0.00956,90.0,1926.0,2871.5131,42.84956839698707,-22.18545966032173,0.0833333,0.25983639445,0.0833333,0.25983639445,0.51,0.289,90.0,0.5097415,0.2886751,90.0,42.887,0.0,0.96,1.999,0.5,0.999,38.0
2508,2508,38_53,38_66,11.13361,1.340053,23.5067,0.1307,0.0,2.0,2.0,1673.0,2867.0,1673.3375,2867.0,1673.3375,2867.0,42.92632894105768,-22.185285740290738,0.554,0.289,0.0,0.0669,0.03484,0.0,1673.3375,2867.0,42.92632894105768,-22.185285740290738,0.14478922699,0.0833333,0.14478922699,0.0833333,0.381,0.289,0.0,0.3805118,0.2886751,0.0,37.4393,0.0,0.94,1.919,0.479,0.996,38.0
2509,2509,38_54,38_65,11883.71,43.78045,15.9359,0.004,0.4020541,46.0,46.0,1715.0,2865.0,1717.8619,2865.1265,1717.8619,2865.1265,42.91281460847867,-22.184568555513856,3.657,0.571,0.72,0.01347,0.0021,0.72,1717.8619,2865.1265,42.91281460847867,-22.184568555513856,2.089138925,0.30631718686,2.089138925,0.30631718686,1.446,0.551,2.2,1.446294,0.5510797,2.2,99.0,1.0,8.65,6.405,0.844,1.0,38.0
2510,2510,38_55,38_64,37.00431,2.443038,22.2027,0.0717,-0.001394645,2.0,2.0,1735.0,2865.0,1734.6224,2865.0,1734.6224,2865.0,42.90772467413251,-22.184461071751542,0.564,0.289,0.0,0.03729,0.01907,0.0,1734.6224,2865.0,42.90772467413251,-22.184461071751542,0.1640910136,0.0833333,0.1640910136,0.0833333,0.405,0.289,0.0,0.4050815,0.2886751,0.0,33.2855,0.0,0.95,1.955,0.488,0.997,38.0
2511,2511,38_56,38_63,1247.658,14.18574,18.3831,0.0123,0.9888691,36.0,36.0,1716.0,2861.0,1716.9932,2857.8541,1716.9932,2857.8541,42.913112442218285,-22.18252641092334,3.1,1.389,-88.61,0.03477,0.01558,-88.62,1716.9932,2857.8541,42.913112442218285,-22.18252641092334,1.5213938038,3.2494946628,1.5213938038,3.2494946628,1.866,1.135,-70.95,1.866417,1.134626,-70.95,99.0,1.0,12.44,2.232,0.552,1.0,38.0
2513,2513,38_58,38_61,391.205,7.943399,19.6423,0.0221,-1.446793,8.0,8.0,1699.0,2853.0,1698.5661,2852.2532,1698.5661,2852.2532,42.91873519919221,-22.181029604992865,0.788,0.469,63.12,0.01624,0.00967,63.13,1698.5661,2852.2532,42.91873519919221,-22.181029604992865,0.20094013821,0.30938678651,0.20094013821,0.30938678651,0.586,0.408,63.92,0.5861406,0.40837,63.92,25.7482,0.0,2.94,1.68,0.405,1.0,38.0
2514,2514,38_59,38_60,33.45174,2.322809,22.3123,0.0754,-0.9326177,3.0,3.0,1720.0,2850.0,1720.0832,2850.1567,1720.0832,2850.1567,42.91220994853915,-22.180347745274258,0.578,0.201,-69.55,0.04212,0.01463,-69.46,1720.0832,2850.1567,42.91220994853915,-22.180347745274258,0.083532097139,0.10766219033,0.083532097139,0.10766219033,0.328,0.289,-89.52,0.3281218,0.2890162,-89.52,26.2249,0.0,1.23,2.877,0.652,0.997,38.0
2515,2515,38_60,38_59,4.207546,0.823794,24.5632,0.2126,-0.1206771,2.0,2.0,1697.0,2849.0,1697.0,2848.7943,1697.0,2848.7943,42.91922697516287,-22.18006324191311,0.497,0.289,90.0,0.10151,0.05867,90.0,1697.0,2848.7943,42.91922697516287,-22.18006324191311,0.0833333,0.10019298222,0.0833333,0.10019298222,0.317,0.289,90.0,0.3165328,0.2886751,90.0,28.4448,0.0,0.92,1.721,0.419,0.877,38.0
2516,2516,38_61,38_58,78.48997,3.558043,21.3863,0.0492,0.1164469,5.0,5.0,1708.0,2847.0,1707.8848,2847.1005,1707.8848,2847.1005,42.915929033850496,-22.179540213450476,0.464,0.319,89.64,0.02101,0.01446,89.79,1707.8848,2847.1005,42.915929033850496,-22.179540213450476,0.092493243104,0.10327852589,0.092493243104,0.10327852589,0.321,0.304,89.83,0.3213699,0.3041269,89.83,99.0,0.0,1.01,1.453,0.312,1.0,38.0
2517,2517,38_62,38_57,41.0623,2.573509,22.0897,0.0681,0.0,1.0,1.0,1943.0,2846.0,1943.0,2846.0,1943.0,2846.0,42.84452769301313,-22.17820711464383,0.289,0.289,45.0,0.0181,0.0181,45.0,1943.0,2846.0,42.84452769301313,-22.17820711464383,0.0833333,0.0833333,0.0833333,0.0833333,0.289,0.289,45.0,0.2886751,0.2886751,45.0,42.4078,0.0,0.0,1.0,0.0,0.997,38.0
2519,2519,38_64,38_55,9.400523,1.231346,23.6904,0.1423,0.4331273,3.0,3.0,1708.0,2844.0,1707.8276,2843.8048,1707.8276,2843.8048,42.91596179513462,-22.17861331616536,0.429,0.34,-51.04,0.05312,0.04197,-50.89,1707.8276,2843.8048,42.91596179513462,-22.17861331616536,0.11028886996,0.11445962919,0.11028886996,0.11445962919,0.339,0.332,-78.43,0.3385886,0.3318226,-78.43,99.0,0.0,0.89,1.263,0.208,0.997,38.0
2520,2520,38_65,38_54,0.9795017,0.3974722,26.1458,0.4407,0.0,1.0,1.0,1686.0,2835.0,1686.0,2835.0,1686.0,2835.0,42.92263205358094,-22.176229599959868,0.289,0.289,45.0,0.119,0.119,45.0,1686.0,2835.0,42.92263205358094,-22.176229599959868,0.0833333,0.0833333,0.0833333,0.0833333,0.289,0.289,45.0,0.2886751,0.2886751,45.0,36.7841,0.0,0.0,1.0,0.0,0.691,38.0
2521,2521,38_66,38_53,150.8334,4.93234,20.6771,0.0355,-2.438954E-4,4.0,4.0,1679.0,2826.0,1678.5683,2825.6887,1678.5683,2825.6887,42.92493242286033,-22.17364184051777,0.526,0.428,-35.33,0.0172,0.014,-35.34,1678.5683,2825.6887,42.92493242286033,-22.17364184051777,0.24031529408,0.14532624082,0.24031529408,0.14532624082,0.498,0.371,-15.26,0.4979492,0.3710635,-15.26,35.0156,0.0,1.15,1.229,0.186,1.0,38.0
2522,2522,38_67,38_52,116.4038,4.332992,20.9584,0.0404,-3.457709E-5,6.0,6.0,1557.0,2811.0,1556.7661,2810.931,1556.7661,2810.931,42.9619913109232,-22.17000454994249,0.783,0.423,88.59,0.0292,0.01576,88.55,1556.7661,2810.931,42.9619913109232,-22.17000454994249,0.11897924218,0.1677350562,0.11897924218,0.1677350562,0.414,0.339,-74.69,0.4143464,0.3391627,-74.69,33.8693,0.0,2.06,1.851,0.46,0.978,38.0
2526,2526,38_71,38_48,151.7191,4.946799,20.6707,0.0354,0.0,2.0,2.0,1629.0,2783.0,1629.0,2783.2934,1629.0,2783.2934,42.94018237866205,-22.16192573071707,0.539,0.289,90.0,0.01758,0.00941,90.0,1629.0,2783.2934,42.94018237866205,-22.16192573071707,0.0833333,0.11254382817,0.0833333,0.11254382817,0.335,0.289,90.0,0.3354755,0.2886751,90.0,38.9591,0.0,0.92,1.868,0.465,0.999,38.0
2528,2528,38_73,38_46,210.488,5.826635,20.3152,0.0301,0.0,4.0,4.0,1924.0,2775.0,1924.5467,2775.1674,1924.5467,2775.1674,42.85047170123209,-22.158362238387145,0.522,0.339,23.29,0.01445,0.00938,23.3,1924.5467,2775.1674,42.85047170123209,-22.158362238387145,0.2496947621,0.041988109996,0.2496947621,0.041988109996,0.501,0.201,4.81,0.5011747,0.2012629,4.81,47.4038,0.0,1.2,1.541,0.351,1.0,38.0
2529,2529,38_74,38_45,14.76069,1.54297,23.2005,0.1135,0.0,1.0,1.0,1705.0,2765.0,1705.0,2765.0,1705.0,2765.0,42.91718854271753,-22.156456221608316,0.289,0.289,45.0,0.03021,0.03021,45.0,1705.0,2765.0,42.91718854271753,-22.156456221608316,0.0833333,0.0833333,0.0833333,0.0833333,0.289,0.289,45.0,0.2886751,0.2886751,45.0,40.4799,0.0,0.0,1.0,0.0,0.996,38.0
2530,2530,38_75,38_44,108.6391,4.18598,21.0333,0.0418,-1.574575E-7,3.0,3.0,1601.0,2747.0,1601.3856,2747.0003,1601.3856,2747.0003,42.94873549601296,-22.151832469532536,0.566,0.289,-0.03,0.02181,0.01117,-0.05,1601.3856,2747.0003,42.94873549601296,-22.151832469532536,0.17600167459,0.083384237164,0.17600167459,0.083384237164,0.42,0.289,-0.0,0.4195255,0.2887633,-0.0,42.832,0.0,0.95,1.957,0.489,1.0,38.0
2531,2531,38_76,38_43,100.71,4.030329,21.1156,0.0435,0.0,2.0,2.0,1887.0,2747.0,1887.0,2746.884,1887.0,2746.884,42.86200844814152,-22.15057101038716,0.431,0.289,90.0,0.01727,0.01156,90.0,1887.0,2746.884,42.86200844814152,-22.15057101038716,0.0833333,0.09088175428,0.0833333,0.09088175428,0.301,0.289,90.0,0.301466,0.2886751,90.0,45.3103,0.0,2.0,1.494,0.33,0.999,38.0
2535,2535,38_80,38_39,27.20808,2.094851,22.5366,0.0836,0.0,2.0,2.0,1720.0,2740.0,1720.0,2739.79,1720.0,2739.79,42.91275156877197,-22.149299991019568,0.499,0.289,90.0,0.03851,0.02225,90.0,1720.0,2739.79,42.91275156877197,-22.149299991019568,0.0833333,0.10071113481,0.0833333,0.10071113481,0.317,0.289,90.0,0.3173502,0.2886751,90.0,43.3032,0.0,0.87,1.729,0.422,0.997,38.0
2536,2536,38_81,38_38,138.9701,4.734399,20.766,0.037,0.0,4.0,4.0,1710.0,2738.0,1709.6137,2738.4913,1709.6137,2738.4913,42.915911430757575,-22.148979134092716,0.595,0.364,-46.66,0.02028,0.01243,-46.66,1709.6137,2738.4913,42.915911430757575,-22.148979134092716,0.1771364291,0.22910048092,0.1771364291,0.22910048092,0.539,0.34,-53.67,0.5388103,0.3404709,-53.67,42.6966,0.0,1.28,1.633,0.388,1.0,38.0
2538,2538,38_83,38_36,126.9315,4.524691,20.8644,0.0387,0.0,4.0,4.0,1907.0,2724.0,1907.4318,2724.4864,1907.4318,2724.4864,42.855911578181406,-22.14418032433674,0.553,0.435,46.09,0.01974,0.0155,46.09,1907.4318,2724.4864,42.855911578181406,-22.14418032433674,0.223542492,0.24433784813,0.223542492,0.24433784813,0.537,0.424,50.53,0.5368075,0.4239317,50.53,49.3238,0.0,1.01,1.274,0.215,1.0,38.0
2540,2540,38_85,38_34,130.9154,4.595148,20.8308,0.0381,-4.83401E-8,2.0,2.0,1555.0,2708.0,1555.0,2708.1043,1555.0,2708.1043,42.962998920305125,-22.14108520797954,0.42,0.289,90.0,0.01477,0.01013,90.0,1555.0,2708.1043,42.962998920305125,-22.14108520797954,0.0833333,0.089930668672,0.0833333,0.089930668672,0.3,0.289,90.0,0.2998844,0.2886751,90.0,39.7088,0.0,1.97,1.456,0.313,0.999,38.0
2541,2541,38_86,38_33,2133.699,18.55114,17.8005,0.0094,-8.812731E-8,50.0,50.0,1514.0,2708.0,1514.3075,2706.6847,1514.3075,2706.6847,42.9753608396895,-22.14085567091612,2.245,1.425,-9.13,0.01953,0.01239,-9.13,1514.3075,2706.6847,42.9753608396895,-22.14085567091612,2.127256729,1.375159237,2.127256729,1.375159237,1.465,1.165,-8.82,1.464856,1.164738,-8.82,38.9587,16.0,10.06,1.576,0.365,1.0,38.0
2542,2542,38_87,38_32,225.3136,6.028341,20.2413,0.0291,0.0,4.0,4.0,1831.0,2706.0,1831.0636,2705.7836,1831.0636,2705.7836,42.879188634888514,-22.13925346321864,0.501,0.242,85.87,0.0134,0.00648,85.87,1831.0636,2705.7836,42.879188634888514,-22.13925346321864,0.088915688586,0.11393322876,0.088915688586,0.11393322876,0.338,0.298,89.68,0.3375411,0.2981861,89.68,46.6326,0.0,1.12,2.068,0.516,1.0,38.0
2543,2543,38_88,38_31,5.76812,0.9645423,24.2207,0.1816,-7.324094E-8,1.0,1.0,1520.0,2703.0,1520.0,2703.0,1520.0,2703.0,42.97364924973522,-22.139795414162727,0.289,0.289,45.0,0.0484,0.0484,45.0,1520.0,2703.0,42.97364924973522,-22.139795414162727,0.0833333,0.0833333,0.0833333,0.0833333,0.289,0.289,45.0,0.2886751,0.2886751,45.0,38.965,0.0,0.0,1.0,0.0,0.99,38.0
2547,2547,38_92,38_27,32.03801,2.273196,22.3591,0.0771,0.0,1.0,1.0,1636.0,2658.0,1636.0,2658.0,1636.0,2658.0,42.93863696544082,-22.12664902115177,0.289,0.289,45.0,0.02049,0.02049,45.0,1636.0,2658.0,42.93863696544082,-22.12664902115177,0.0833333,0.0833333,0.0833333,0.0833333,0.289,0.289,45.0,0.2886751,0.2886751,45.0,45.937,0.0,0.0,1.0,0.0,0.997,38.0
2551,2551,38_96,38_23,66.61992,3.277979,21.5643,0.0534,0.0,2.0,2.0,1921.0,2642.0,1921.1152,2642.0,1921.1152,2642.0,42.852152567410585,-22.120915280280208,0.43,0.289,0.0,0.0212,0.01421,0.0,1921.1152,2642.0,42.852152567410585,-22.120915280280208,0.090813209172,0.0833333,0.090813209172,0.0833333,0.301,0.289,0.0,0.3013523,0.2886751,0.0,55.9283,0.0,2.0,1.491,0.329,0.999,38.0
2553,2553,38_98,38_21,118.2659,4.367511,20.9412,0.0401,-9.108037E-4,2.0,2.0,1937.0,2636.0,1937.0,2635.9774,1937.0,2635.9774,42.847359065982175,-22.11915085438728,0.325,0.289,90.0,0.012,0.01066,90.0,1937.0,2635.9774,42.847359065982175,-22.11915085438728,0.0833333,0.08467219192,0.0833333,0.08467219192,0.291,0.289,90.0,0.2909849,0.2886751,90.0,33.7506,0.0,0.0,1.125,0.111,1.0,38.0
2555,2555,38_100,38_19,44.47699,2.678378,22.003,0.0654,0.0,2.0,2.0,1583.0,2609.0,1582.781,2609.0,1582.781,2609.0,42.95501976395352,-22.113089047494544,0.504,0.289,0.0,0.03041,0.0174,0.0,1582.781,2609.0,42.95501976395352,-22.113089047494544,0.10184077045,0.0833333,0.10184077045,0.0833333,0.319,0.289,0.0,0.319125,0.2886751,0.0,46.7175,0.0,0.88,1.747,0.428,0.998,38.0
2556,2556,38_101,38_18,155.4606,5.007423,20.6442,0.035,-1.123334E-6,7.0,7.0,1899.0,2603.0,1899.4695,2603.0506,1899.4695,2603.0506,42.85891043771608,-22.11005357733228,0.565,0.264,4.28,0.01827,0.00855,4.2,1899.4695,2603.0506,42.85891043771608,-22.11005357733228,0.21023890155,0.088208492912,0.21023890155,0.088208492912,0.459,0.297,0.76,0.4585415,0.2969631,0.76,57.0367,0.0,0.4,2.141,0.533,1.0,38.0
2559,2559,38_104,38_15,132.5585,4.623896,20.8173,0.0379,-0.009211988,6.0,6.0,1890.0,2593.0,1889.8493,2593.0426,1889.8493,2593.0426,42.861878677380766,-22.107280454164545,0.837,0.314,-77.29,0.02924,0.01099,-77.3,1889.8493,2593.0426,42.861878677380766,-22.107280454164545,0.097135946304,0.20338682891,0.097135946304,0.20338682891,0.452,0.311,-85.35,0.4517685,0.3105285,-85.35,31.2388,0.0,1.59,2.663,0.624,0.971,38.0
2560,2560,38_105,38_14,248.8763,6.33572,20.1333,0.0276,-0.03487622,5.0,5.0,1912.0,2592.0,1912.4655,2592.3133,1912.4655,2592.3133,42.85501675735564,-22.10697579188111,0.663,0.368,30.76,0.0169,0.00938,30.74,1912.4655,2592.3133,42.85501675735564,-22.10697579188111,0.25475137446,0.12615542883,0.25475137446,0.12615542883,0.534,0.309,23.77,0.5344927,0.3085845,23.77,29.7931,0.0,2.05,1.801,0.445,1.0,38.0
2561,2561,38_106,38_13,8.225294,1.151807,23.8354,0.1521,0.0,2.0,2.0,1751.0,2591.0,1750.8414,2591.1586,1750.8414,2591.1586,42.90408516004741,-22.107354971752283,0.592,0.289,-45.0,0.08361,0.04058,-45.0,1750.8414,2591.1586,42.90408516004741,-22.107354971752283,0.083476788712,0.083476788712,0.083476788712,0.083476788712,0.289,0.289,45.0,0.2891717,0.2886751,45.0,52.0064,0.0,0.0,2.05,0.512,0.996,38.0
2562,2562,38_107,38_12,62.17001,3.16661,21.6393,0.0553,0.4271027,1.0,1.0,1909.0,2587.0,1909.0,2587.0,1909.0,2587.0,42.85609421590704,-22.105496345081683,0.289,0.289,45.0,0.01466,0.01466,45.0,1909.0,2587.0,42.85609421590704,-22.105496345081683,0.0833333,0.0833333,0.0833333,0.0833333,0.289,0.289,45.0,0.2886751,0.2886751,45.0,99.0,0.0,0.0,1.0,0.0,0.997,38.0
2563,2563,38_108,38_11,6.52658,1.025999,24.0866,0.1707,0.3049035,1.0,1.0,1894.0,2587.0,1894.0,2587.0,1894.0,2587.0,42.86064759216207,-22.10556233868024,0.289,0.289,45.0,0.04446,0.04446,45.0,1894.0,2587.0,42.86064759216207,-22.10556233868024,0.0833333,0.0833333,0.0833333,0.0833333,0.289,0.289,45.0,0.2886751,0.2886751,45.0,99.0,0.0,0.0,1.0,0.0,0.992,38.0
2564,2564,38_109,38_10,51.1442,2.872118,21.8513,0.061,0.8513995,3.0,3.0,1900.0,2584.0,1899.871,2584.1412,1899.871,2584.1412,42.858879087590665,-22.104732300249516,0.558,0.299,-46.16,0.03062,0.01642,-46.2,1899.871,2584.1412,42.858879087590665,-22.104732300249516,0.083471993594,0.084020414111,0.083471993594,0.084020414111,0.29,0.289,-76.59,0.2899197,0.288858,-76.59,99.0,0.0,2.35,1.866,0.464,1.0,38.0
2566,2566,38_111,38_8,135.9298,4.682324,20.79,0.0374,2.465719E-5,3.0,3.0,1900.0,2573.0,1899.9522,2573.2721,1899.9522,2573.2721,42.85890647885832,-22.1016742934233,0.446,0.211,85.16,0.01538,0.00728,85.14,1899.9522,2573.2721,42.85890647885832,-22.1016742934233,0.087274712924,0.11132959185,0.087274712924,0.11132959185,0.334,0.295,89.73,0.3336617,0.295422,89.73,99.0,0.0,0.96,2.118,0.528,1.0,38.0
2569,2569,38_114,38_5,212.956,5.860694,20.3026,0.0299,-5.662679E-4,4.0,4.0,1940.0,2564.0,1939.8687,2563.8315,1939.8687,2563.8315,42.84683523711352,-22.09884243738637,0.549,0.334,-83.27,0.01512,0.00919,-83.27,1939.8687,2563.8315,42.84683523711352,-22.09884243738637,0.1090803501,0.14737193098,0.1090803501,0.14737193098,0.384,0.33,-88.34,0.3839326,0.3302243,-88.34,56.1372,0.0,1.24,1.645,0.392,1.0,38.0
2570,2570,38_115,38_4,53.04501,2.925004,21.8117,0.0599,-0.001321761,4.0,4.0,1962.0,2561.0,1961.7858,2561.0396,1961.7858,2561.0396,42.84019589567524,-22.097959931878304,0.437,0.406,69.15,0.02414,0.02244,69.69,1961.7858,2561.0396,42.84019589567524,-22.097959931878304,0.13196355618,0.12015185145,0.13196355618,0.12015185145,0.363,0.347,2.24,0.3632928,0.3466032,2.24,56.3805,0.0,1.04,1.074,0.069,1.0,38.0
2573,2573,39_1,39_1,49.11919,2.814685,21.8952,0.0622,-1.968298E-6,4.0,4.0,2308.0,2522.0,2307.7781,2522.2515,2307.7781,2522.2515,42.735368968011535,-22.08547422170258,0.48,0.362,49.51,0.03421,0.03278,52.63,2307.7781,2522.2515,42.735368968011535,-22.08547422170258,0.1574805993,0.17073823129,0.1574805993,0.17073823129,0.417,0.393,66.4,0.4169738,0.3928761,66.4,99.0,0.0,1.13,1.326,0.246,0.992,39.0
2576,2576,39_4,39_58,6530.146,32.4538,16.586,0.0054,-7.783327E-5,388.0,388.0,2412.0,2983.0,2411.4906,2978.3383,2411.4906,2978.3383,42.70158246554571,-22.213286007685205,9.847,2.899,-1.05,0.05973,0.01716,-0.92,2411.4906,2978.3383,42.70158246554571,-22.213286007685205,34.678315867,8.2098472092,34.678315867,8.2098472092,5.889,2.864,0.98,5.88949,2.863927,0.98,99.0,16.0,32.07,3.396,0.706,0.845,39.0
2577,2577,39_5,39_57,3.2279,0.7215462,24.851,0.2428,0.007535557,2.0,2.0,2421.0,2970.0,2421.0,2970.0253,2421.0,2970.0253,42.69873601669728,-22.210902125322832,0.329,0.289,90.0,0.33407,0.14139,90.0,2421.0,2970.0253,42.69873601669728,-22.210902125322832,0.0833333,0.084828524524,0.0833333,0.084828524524,0.291,0.289,90.0,0.2912534,0.2886751,90.0,99.0,0.0,1.71,1.138,0.122,0.475,39.0
2578,2578,39_6,39_56,15.44521,1.578342,23.1513,0.111,9.753435E-4,2.0,2.0,2398.0,2971.0,2397.5173,2971.0,2397.5173,2971.0,42.705863725829225,-22.211288032282376,0.577,0.289,0.0,0.07921,0.0396,0.0,2397.5173,2971.0,42.705863725829225,-22.211288032282376,0.25286107776,0.0833333,0.25286107776,0.0833333,0.503,0.289,0.0,0.5028529,0.2886751,0.0,99.0,0.0,0.96,1.999,0.5,0.541,39.0
2585,2585,39_13,39_49,25.52071,2.028853,22.6061,0.0863,0.0,1.0,1.0,2095.0,2897.0,2095.0,2897.0,2095.0,2897.0,42.79811584842216,-22.191873486289147,0.289,0.289,45.0,0.02558,0.02558,45.0,2095.0,2897.0,42.79811584842216,-22.191873486289147,0.0833333,0.0833333,0.0833333,0.0833333,0.289,0.289,45.0,0.2886751,0.2886751,45.0,99.0,0.0,0.0,1.0,0.0,0.863,39.0
2590,2590,39_18,39_44,1.974926,0.5643903,25.3844,0.3104,0.0,1.0,1.0,2226.0,2849.0,2226.0,2849.0,2226.0,2849.0,42.7585662318349,-22.177770802000303,0.289,0.289,45.0,0.16784,0.16784,45.0,2226.0,2849.0,42.7585662318349,-22.177770802000303,0.0833333,0.0833333,0.0833333,0.0833333,0.289,0.289,45.0,0.2886751,0.2886751,45.0,99.0,0.0,0.0,1.0,0.0,0.373,39.0
2591,2591,39_19,39_43,79.43735,3.579452,21.3732,0.0489,0.0,3.0,3.0,2417.0,2844.0,2416.9992,2844.4191,2416.9992,2844.4191,42.70058594018665,-22.17558662883451,0.572,0.29,-89.88,0.02543,0.01192,-79.19,2416.9992,2844.4191,42.70058594018665,-22.17558662883451,0.083364863973,0.19760618276,0.083364863973,0.19760618276,0.445,0.289,-89.99,0.4445292,0.2887297,-89.99,99.0,0.0,0.95,1.97,0.492,0.994,39.0
2592,2592,39_20,39_42,48.1068,2.785527,21.9178,0.0629,-2.323173E-6,4.0,4.0,2408.0,2844.0,2407.9818,2843.5833,2407.9818,2843.5833,42.70332852071181,-22.17539438274708,0.571,0.318,88.65,0.03576,0.02956,77.26,2407.9818,2843.5833,42.70332852071181,-22.17539438274708,0.084855468903,0.20186166448,0.084855468903,0.20186166448,0.449,0.291,89.84,0.4492912,0.291298,89.84,40.234,0.0,0.91,1.797,0.444,0.786,39.0
2593,2593,39_21,39_41,15040.09,49.25262,15.6802,0.0036,2.555225E-8,225.0,225.0,2399.0,2825.0,2397.1349,2825.5898,2397.1349,2825.5898,42.70671332587263,-22.17038415979434,4.067,3.418,78.69,0.01516,0.01217,78.52,2397.1349,2825.5898,42.70671332587263,-22.17038415979434,2.7150161039,2.6004515596,2.7150161039,2.6004515596,1.649,1.611,-10.11,1.648872,1.611424,-10.11,99.0,0.0,3.94,1.19,0.16,0.962,39.0
2594,2594,39_22,39_40,16406.16,51.44079,15.5858,0.0034,0.0,188.0,188.0,2413.0,2825.0,2416.3595,2824.9845,2416.3595,2824.9845,42.70087854442325,-22.170122582868707,3.609,3.528,-64.4,0.01308,0.01184,-80.73,2416.3595,2824.9845,42.70087854442325,-22.170122582868707,2.8846553863,0.76419197855,2.8846553863,0.76419197855,1.699,0.873,1.6,1.698913,0.8732355,1.6,99.0,1.0,21.41,1.023,0.022,0.981,39.0
2595,2595,39_23,39_39,48.34395,2.792385,21.9124,0.0627,0.0,2.0,2.0,2314.0,2839.0,2314.0072,2839.0,2314.0072,2839.0,42.73188952861271,-22.174548299331462,0.301,0.289,0.0,0.02819,0.01869,0.0,2314.0072,2839.0,42.73188952861271,-22.174548299331462,0.083775843897,0.0833333,0.083775843897,0.0833333,0.289,0.289,0.0,0.2894406,0.2886751,0.0,99.0,0.0,1.63,1.042,0.04,0.99,39.0
2596,2596,39_24,39_38,99334.52,126.5769,13.6306,0.0014,-0.004060686,3.0,3.0,2407.0,2834.0,2406.8635,2833.7973,2406.8635,2833.7973,42.703717587996366,-22.17264681840755,0.418,0.323,-64.16,5.3E-4,4.1E-4,-64.15,2406.8635,2833.7973,42.703717587996366,-22.17264681840755,0.0968028182,0.104817267,0.0968028182,0.104817267,0.324,0.311,-87.86,0.3237723,0.3111135,-87.86,32.1277,4.0,0.7,1.294,0.227,1.0,39.0
2598,2598,39_26,39_36,36.649,2.431281,22.2131,0.072,-0.005463571,3.0,3.0,2380.0,2824.0,2379.6696,2824.333,2379.6696,2824.333,42.71202329576757,-22.1701133246252,0.725,0.291,-45.06,0.05315,0.01923,-47.95,2379.6696,2824.333,42.71202329576757,-22.1701133246252,0.11784920826,0.11881626892,0.11784920826,0.11881626892,0.391,0.29,-45.4,0.3909152,0.28957,-45.4,31.8055,0.0,1.48,2.491,0.599,0.917,39.0
2599,2599,39_27,39_35,142043.7,151.3614,13.2422,0.0012,-2.537121,4.0,4.0,2407.0,2817.0,2406.6348,2816.9278,2406.6348,2816.9278,42.70387232996857,-22.16790239831431,0.495,0.24,15.32,5.3E-4,2.6E-4,15.34,2406.6348,2816.9278,42.70387232996857,-22.16790239831431,0.14340958458,0.08506628354,0.14340958458,0.08506628354,0.379,0.292,1.28,0.378733,0.2916113,1.28,25.1383,4.0,1.95,2.061,0.515,1.0,39.0
2600,2600,39_28,39_34,10.15149,1.279585,23.607,0.1369,-0.5177231,4.0,4.0,2424.0,2813.0,2424.1901,2812.651,2424.1901,2812.651,42.69856315175877,-22.16661583199608,0.497,0.366,65.11,0.15896,0.1423,-26.47,2424.1901,2812.651,42.69856315175877,-22.16661583199608,0.080642722412,0.18453374973,0.080642722412,0.18453374973,0.432,0.28,81.63,0.4322438,0.2798961,81.63,26.864,0.0,1.28,1.359,0.264,0.479,39.0
2601,2601,39_29,39_33,405.1767,8.084002,19.6042,0.0217,3.519446,9.0,9.0,2398.0,2813.0,2397.5615,2812.3481,2397.5615,2812.3481,42.70665067720304,-22.166657155175304,0.802,0.453,62.77,0.02227,0.00932,63.61,2397.5615,2812.3481,42.70665067720304,-22.166657155175304,0.1900979725,0.25872738348,0.1900979725,0.25872738348,0.515,0.429,74.14,0.5145437,0.429034,74.14,99.0,0.0,3.55,1.773,0.436,1.0,39.0
2602,2602,39_30,39_32,90.96239,3.83032,21.2261,0.0457,-0.6941395,2.0,2.0,2407.0,2807.0,2407.0,2807.2748,2407.0,2807.2748,42.70381025171881,-22.16518521625508,0.532,0.289,90.0,0.02459,0.01307,90.0,2407.0,2807.2748,42.70381025171881,-22.16518521625508,0.0833333,0.11154179487,0.0833333,0.11154179487,0.334,0.289,90.0,0.3339787,0.2886751,90.0,26.5456,0.0,0.93,1.842,0.457,0.655,39.0
2603,2603,39_31,39_31,38.9132,2.505259,22.1481,0.0699,-0.2619532,2.0,2.0,2417.0,2807.0,2417.0039,2807.0,2417.0039,2807.0,42.70077390474222,-22.165060372275345,0.295,0.289,0.0,0.03395,0.02152,0.0,2417.0039,2807.0,42.70077390474222,-22.165060372275345,0.083573280607,0.0833333,0.083573280607,0.0833333,0.289,0.289,0.0,0.2890904,0.2886751,0.0,27.6036,0.0,0.0,1.023,0.022,0.941,39.0
2604,2604,39_32,39_30,6.32563,1.010081,24.1205,0.1734,-0.01644117,3.0,3.0,2408.0,2802.0,2407.8716,2802.028,2407.8716,2802.028,42.70357212594173,-22.163705122607155,0.449,0.322,-14.96,0.23778,0.10025,-34.18,2407.8716,2802.028,42.70357212594173,-22.163705122607155,0.08975930953,0.083407559012,0.08975930953,0.083407559012,0.3,0.289,-0.67,0.2996,0.2888022,-0.67,30.6094,0.0,2.18,1.393,0.282,0.485,39.0
2605,2605,39_33,39_29,58.58702,3.074007,21.7038,0.057,0.0,3.0,3.0,2472.0,2791.0,2471.5274,2791.0093,2471.5274,2791.0093,42.68429912709472,-22.160301745915827,0.577,0.304,-1.17,0.03092,0.01639,-14.4,2471.5274,2791.0093,42.68429912709472,-22.160301745915827,0.23344193382,0.083742287085,0.23344193382,0.083742287085,0.483,0.289,-0.13,0.4831591,0.2893813,-0.13,99.0,0.0,0.85,1.897,0.473,0.988,39.0
2607,2607,39_35,39_27,182.1127,5.419687,20.4725,0.0323,0.0,3.0,3.0,2510.0,2739.0,2509.9437,2738.7002,2509.9437,2738.7002,42.67290191822274,-22.14540249687941,0.46,0.227,-83.92,0.01451,0.00836,-79.95,2509.9437,2738.7002,42.67290191822274,-22.14540249687941,0.090141171491,0.12929508825,0.090141171491,0.12929508825,0.36,0.3,-89.52,0.3595802,0.3002305,-89.52,99.0,0.0,1.0,2.031,0.508,0.998,39.0
2608,2608,39_36,39_26,15.46749,1.57948,23.1498,0.1109,0.0,1.0,1.0,2409.0,2739.0,2409.0,2739.0,2409.0,2739.0,42.70354851205332,-22.14596974011238,0.289,0.289,45.0,0.03489,0.03489,45.0,2409.0,2739.0,42.70354851205332,-22.14596974011238,0.0833333,0.0833333,0.0833333,0.0833333,0.289,0.289,45.0,0.2886751,0.2886751,45.0,99.0,0.0,0.0,1.0,0.0,0.732,39.0
2609,2609,39_37,39_25,112.2567,4.255106,20.9978,0.0412,0.0,2.0,2.0,2355.0,2720.0,2354.7794,2720.0,2354.7794,2720.0,42.72010675950093,-22.1408812738216,0.505,0.289,0.0,0.02079,0.01153,0.0,2354.7794,2720.0,42.72010675950093,-22.1408812738216,0.10205001879,0.0833333,0.10205001879,0.0833333,0.319,0.289,0.0,0.3194527,0.2886751,0.0,99.0,0.0,0.88,1.75,0.429,0.995,39.0
2612,2612,39_40,39_22,18.91675,1.746737,22.9312,0.1003,0.0,1.0,1.0,2378.0,2689.0,2378.0,2689.0,2378.0,2689.0,42.7132132289066,-22.132051395106863,0.289,0.289,45.0,0.03071,0.03071,45.0,2378.0,2689.0,42.7132132289066,-22.132051395106863,0.0833333,0.0833333,0.0833333,0.0833333,0.289,0.289,45.0,0.2886751,0.2886751,45.0,99.0,0.0,0.0,1.0,0.0,0.79,39.0
2620,2620,39_48,39_14,150.4338,4.9258,20.6799,0.0356,-2.196761E-7,11.0,11.0,2394.0,2586.0,2393.6729,2585.781,2393.6729,2585.781,42.70897747637988,-22.102941748610267,0.894,0.484,56.67,0.04149,0.02422,47.32,2393.6729,2585.781,42.70897747637988,-22.102941748610267,0.059475997935,0.34678651251,0.059475997935,0.34678651251,0.597,0.223,79.77,0.5970452,0.2231579,79.77,99.0,0.0,2.54,1.847,0.458,1.0,39.0
2624,2624,39_52,39_10,2.659127,0.654898,25.0615,0.2675,0.0,3.0,3.0,2211.0,2576.0,2211.2062,2575.972,2211.2062,2575.972,42.76441291020861,-22.10103355038332,0.497,0.332,2.42,0.39574,0.2999,55.74,2211.2062,2575.972,42.76441291020861,-22.10103355038332,0.10093864386,0.085408935392,0.10093864386,0.085408935392,0.318,0.292,0.14,0.3177086,0.2922479,0.14,99.0,0.0,0.89,1.497,0.332,0.034,39.0
2626,2626,39_54,39_8,50.54503,2.855245,21.8641,0.0613,0.0,5.0,5.0,2085.0,2563.0,2084.931,2562.9941,2084.931,2562.9941,42.80280671225483,-22.09795843509892,0.403,0.309,-9.4,0.04631,0.02109,-42.26,2084.931,2562.9941,42.80280671225483,-22.09795843509892,0.087722171253,0.083595229235,0.087722171253,0.083595229235,0.296,0.289,-0.54,0.2961799,0.2891278,-0.54,99.0,0.0,2.0,1.305,0.234,0.999,39.0
2631,2631,39_59,39_3,186.4112,5.483277,20.4471,0.0319,-1.523088E-6,3.0,3.0,2353.0,2541.0,2353.4068,2541.0401,2353.4068,2541.0401,42.72142550664006,-22.09054589049143,0.493,0.193,-4.57,0.01524,0.00749,-8.44,2353.4068,2541.0401,42.72142550664006,-22.09054589049143,0.20123626909,0.090710727147,0.20123626909,0.090710727147,0.449,0.301,-0.53,0.448604,0.3011667,-0.53,99.0,0.0,1.1,2.553,0.608,0.997,39.0
2633,2633,40_1,40_1,24.5087,1.988219,22.65,0.0881,-2.342658E-4,2.0,2.0,2616.0,2526.0,2616.1297,2526.0,2616.1297,2526.0,42.64176439224615,-22.085056302368745,0.443,0.289,0.0,0.05346,0.02874,0.0,2616.1297,2526.0,42.64176439224615,-22.085056302368745,0.092072801554,0.0833333,0.092072801554,0.0833333,0.303,0.289,0.0,0.303435,0.2886751,0.0,35.2249,0.0,2.03,1.534,0.348,0.674,40.0
2637,2637,40_5,40_55,19.9972,1.795927,22.8709,0.0975,0.0,2.0,2.0,2803.0,2938.0,2803.0,2937.9624,2803.0,2937.9624,42.58288428348291,-22.200005863836587,0.346,0.289,90.0,0.06083,0.033,90.0,2803.0,2937.9624,42.58288428348291,-22.200005863836587,0.0833333,0.085530111963,0.0833333,0.085530111963,0.292,0.289,90.0,0.2924553,0.2886751,90.0,99.0,0.0,0.0,1.198,0.165,0.91,40.0
2638,2638,40_6,40_54,249.2057,6.339911,20.1319,0.0276,0.0,4.0,4.0,2551.0,2937.0,2551.449,2936.6031,2551.449,2936.6031,42.659285563762616,-22.20087200597404,0.511,0.475,-38.59,0.01364,0.01273,-39.37,2551.449,2936.6031,42.659285563762616,-22.20087200597404,0.23314120354,0.20268400269,0.23314120354,0.20268400269,0.489,0.444,-21.55,0.4886368,0.4439136,-21.55,99.0,0.0,0.93,1.077,0.072,0.999,40.0
2641,2641,40_9,40_51,155.597,5.00962,20.6433,0.035,0.0,5.0,5.0,2733.0,2912.0,2733.3698,2912.0184,2733.3698,2912.0184,42.60416479507818,-22.193058627870546,0.495,0.274,15.33,0.01823,0.01362,26.95,2733.3698,2912.0184,42.60416479507818,-22.193058627870546,0.15748162799,0.090735021295,0.15748162799,0.090735021295,0.397,0.301,1.48,0.3968961,0.3011481,1.48,99.0,0.0,0.82,1.807,0.447,1.0,40.0
2644,2644,40_12,40_48,55.28518,2.986129,21.7668,0.0587,0.0,4.0,4.0,2531.0,2899.0,2531.0862,2898.7221,2531.0862,2898.7221,42.66566348736925,-22.19031466050953,0.466,0.25,-70.99,0.03401,0.02453,-55.35,2531.0862,2898.7221,42.66566348736925,-22.19031466050953,0.084804018825,0.10636080025,0.084804018825,0.10636080025,0.326,0.291,-89.13,0.3261377,0.2912027,-89.13,99.0,0.0,0.75,1.865,0.464,0.996,40.0
2645,2645,40_13,40_47,191.3184,5.55498,20.4189,0.0315,0.0,14.0,14.0,2684.0,2881.0,2684.1189,2881.3181,2684.1189,2881.3181,42.61928041781389,-22.18466830781837,1.985,0.459,27.74,0.0711,0.01782,27.16,2684.1189,2881.3181,42.61928041781389,-22.18466830781837,0.52716821808,0.36286743028,0.52716821808,0.36286743028,0.828,0.452,35.0,0.8278354,0.4524646,35.0,99.0,0.0,5.69,4.326,0.769,1.0,40.0
2648,2648,40_16,40_44,5.204663,0.9162215,24.3323,0.1912,0.0,3.0,3.0,2576.0,2867.0,2575.9288,2867.1447,2575.9288,2867.1447,42.65220748876238,-22.181213788835283,0.557,0.164,-35.81,0.32117,0.10117,-29.23,2575.9288,2867.1447,42.65220748876238,-22.181213788835283,0.090057265411,0.083564881312,0.090057265411,0.083564881312,0.3,0.289,-2.05,0.3001094,0.2890615,-2.05,99.0,0.0,0.0,3.401,0.706,0.53,40.0
2649,2649,40_17,40_43,33.19043,2.313719,22.3208,0.0757,-7.62579E-5,3.0,3.0,2571.0,2867.0,2570.8142,2866.7746,2570.8142,2866.7746,42.65376254392941,-22.181134621094497,0.454,0.346,-52.78,0.04367,0.03127,-47.65,2570.8142,2866.7746,42.65376254392941,-22.181134621094497,0.13237542512,0.14524537915,0.13237542512,0.14524537915,0.382,0.363,-75.97,0.3822331,0.3626551,-75.97,36.4435,0.0,1.04,1.314,0.239,0.965,40.0
2650,2650,40_18,40_42,77.21994,3.52914,21.404,0.0496,0.0,4.0,4.0,2807.0,2862.0,2807.5706,2861.6112,2807.5706,2861.6112,42.5818967441714,-22.17850595900825,0.544,0.432,-43.08,0.02806,0.02383,-43.63,2807.5706,2861.6112,42.5818967441714,-22.17850595900825,0.23904117975,0.21015509046,0.23904117975,0.21015509046,0.522,0.42,-36.26,0.5222105,0.4201101,-36.26,99.0,0.0,1.41,1.261,0.207,0.991,40.0
2651,2651,40_19,40_41,28.04507,2.126828,22.5037,0.0824,0.0,2.0,2.0,2809.0,2849.0,2808.6471,2849.0,2808.6471,2849.0,42.581636098818414,-22.17495316684338,0.558,0.289,0.0,0.05192,0.02629,0.0,2808.6471,2849.0,42.581636098818414,-22.17495316684338,0.15425311929,0.0833333,0.15425311929,0.0833333,0.393,0.289,0.0,0.3927507,0.2886751,0.0,99.0,0.0,0.94,1.934,0.483,0.897,40.0
2652,2652,40_20,40_40,25178.28,63.72607,15.1207,0.0027,-0.02281692,203.0,203.0,2967.0,2825.0,2970.2545,2825.3446,2970.2545,2825.3446,42.53269405791181,-22.167470221656718,3.926,3.641,79.75,0.01098,0.00968,83.29,2970.2545,2825.3446,42.53269405791181,-22.167470221656718,2.7218054974,1.0970179508,2.7218054974,1.0970179508,1.652,1.043,4.2,1.652451,1.043182,4.2,99.0,1.0,22.69,1.078,0.073,0.981,40.0
2653,2653,40_21,40_39,20.46708,1.816905,22.8457,0.0964,-0.01296416,2.0,2.0,2951.0,2845.0,2951.0,2844.5249,2951.0,2844.5249,42.53843780684703,-22.172965046077284,0.577,0.289,90.0,0.06493,0.03247,90.0,2951.0,2844.5249,42.53843780684703,-22.172965046077284,0.0833333,0.24199296718,0.0833333,0.24199296718,0.492,0.289,90.0,0.4919278,0.2886751,90.0,99.0,0.0,0.96,1.998,0.5,0.669,40.0
2656,2656,40_24,40_36,25089.37,63.61346,15.1246,0.0028,-0.0124091,229.0,229.0,2952.0,2825.0,2950.2224,2824.8874,2950.2224,2824.8874,42.53877834142523,-22.167445607340102,4.788,3.628,-76.67,0.01279,0.00979,-76.74,2950.2224,2824.8874,42.53877834142523,-22.167445607340102,4.3271990408,4.2537257818,4.3271990408,4.2537257818,2.139,2.002,-41.29,2.138875,2.001534,-41.29,99.0,1.0,11.94,1.32,0.242,0.962,40.0
2657,2657,40_25,40_35,40.07835,2.542489,22.116,0.0689,-0.02305042,2.0,2.0,2977.0,2835.0,2977.4694,2835.0,2977.4694,2835.0,42.53045211309691,-22.1701484466426,0.577,0.289,0.0,0.04188,0.02095,0.0,2977.4694,2835.0,42.53045211309691,-22.1701484466426,0.23450744094,0.0833333,0.23450744094,0.0833333,0.484,0.289,0.0,0.4842597,0.2886751,0.0,99.0,0.0,0.96,1.997,0.499,0.929,40.0
2658,2658,40_26,40_34,34.12087,2.345926,22.2908,0.0747,0.005356336,2.0,2.0,2938.0,2833.0,2938.0,2832.9429,2938.0,2832.9429,42.542446343891854,-22.16977466765291,0.37,0.289,90.0,0.03945,0.02316,90.0,2938.0,2832.9429,42.542446343891854,-22.16977466765291,0.0833333,0.086672364107,0.0833333,0.086672364107,0.294,0.289,90.0,0.2944017,0.2886751,90.0,99.0,0.0,0.0,1.283,0.22,0.975,40.0
2659,2659,40_27,40_33,114.0825,4.289569,20.9803,0.0408,0.0,3.0,3.0,2893.0,2833.0,2893.2135,2832.8543,2893.2135,2832.8543,42.55604464310922,-22.16998052605115,0.429,0.329,27.54,0.01828,0.0139,33.14,2893.2135,2832.8543,42.55604464310922,-22.16998052605115,0.12643378164,0.11103503838,0.12643378164,0.11103503838,0.356,0.333,4.75,0.3557255,0.3330589,4.75,99.0,0.0,0.97,1.304,0.233,0.996,40.0
2660,2660,40_28,40_32,7.149816,1.07387,23.9876,0.1631,-5.201935E-4,2.0,2.0,2933.0,2831.0,2933.0,2831.3846,2933.0,2831.3846,42.5439726799064,-22.169362210151935,0.566,0.289,90.0,0.14405,0.07164,90.0,2933.0,2831.3846,42.5439726799064,-22.169362210151935,0.0833333,0.17494427897,0.0833333,0.17494427897,0.418,0.289,90.0,0.4182634,0.2886751,90.0,99.0,0.0,0.95,1.96,0.49,0.477,40.0
2661,2661,40_29,40_31,200.2402,5.683028,20.3694,0.0308,0.0,5.0,5.0,2772.0,2829.0,2772.2268,2828.8881,2772.2268,2828.8881,42.59279997810668,-22.169479840345577,0.57,0.416,83.47,0.01821,0.01322,-88.89,2772.2268,2828.8881,42.59279997810668,-22.169479840345577,0.099373070239,0.12375292835,0.099373070239,0.12375292835,0.354,0.313,77.23,0.353657,0.3131337,77.23,99.0,0.0,1.45,1.37,0.27,1.0,40.0
2663,2663,40_31,40_29,74.26144,3.460874,21.4464,0.0506,-0.8487137,5.0,5.0,2977.0,2819.0,2977.7117,2819.3463,2977.7117,2819.3463,42.530462012000406,-22.165744292892374,1.23,0.293,53.36,0.07094,0.01672,53.73,2977.7117,2819.3463,42.530462012000406,-22.165744292892374,0.24126767238,0.32145330104,0.24126767238,0.32145330104,0.668,0.342,52.06,0.6675289,0.3422369,52.06,26.3624,0.0,3.53,4.2,0.762,0.873,40.0
2664,2664,40_32,40_28,56.78408,3.026338,21.7377,0.0579,-0.2491485,4.0,4.0,2978.0,2814.0,2978.0385,2814.3729,2978.0385,2814.3729,42.530389320411125,-22.164343735123303,0.66,0.327,38.38,0.04576,0.02137,35.76,2978.0385,2814.3729,42.530389320411125,-22.164343735123303,0.082431977489,0.12134124121,0.082431977489,0.12134124121,0.369,0.26,62.19,0.3692521,0.2596654,62.19,27.7824,0.0,1.52,2.02,0.505,0.809,40.0
2665,2665,40_33,40_27,504.4842,9.020445,19.3662,0.0194,2.234511,14.0,14.0,2960.0,2805.0,2959.7778,2805.2652,2959.7778,2805.2652,42.535981764188975,-22.161876930602656,2.131,0.483,-82.93,0.0405,0.00912,-82.9,2959.7778,2805.2652,42.535981764188975,-22.161876930602656,0.19031247989,0.96865653615,0.19031247989,0.96865653615,0.984,0.436,-88.57,0.9844483,0.4356954,-88.57,99.0,0.0,6.05,4.41,0.773,1.0,40.0
2666,2666,40_34,40_26,142.1572,4.78838,20.7414,0.0366,-1.127294,7.0,7.0,2948.0,2807.0,2948.2823,2807.3844,2948.2823,2807.3844,42.53946048734072,-22.16253258502982,0.745,0.481,34.5,0.0302,0.02189,31.37,2948.2823,2807.3844,42.53946048734072,-22.16253258502982,0.30606716156,0.2699520066,0.30606716156,0.2699520066,0.629,0.424,40.18,0.629241,0.4243523,40.18,26.0302,0.0,2.8,1.549,0.355,0.944,40.0
2667,2667,40_35,40_25,2.221107,0.598534,25.2569,0.2927,0.0,1.0,1.0,2894.0,2806.0,2894.0,2806.0,2894.0,2806.0,42.555948045854834,-22.16242303675331,0.289,0.289,45.0,0.15147,0.15147,45.0,2894.0,2806.0,42.555948045854834,-22.16242303675331,0.0833333,0.0833333,0.0833333,0.0833333,0.289,0.289,45.0,0.2886751,0.2886751,45.0,99.0,0.0,0.0,1.0,0.0,0.378,40.0
2668,2668,40_36,40_24,234.049,6.14409,20.2,0.0285,0.0,5.0,5.0,2633.0,2800.0,2633.0025,2799.7221,2633.0025,2799.7221,42.63522461344155,-22.16196840860274,0.713,0.408,-18.39,0.02024,0.01155,-18.63,2633.0025,2799.7221,42.63522461344155,-22.16196840860274,0.24183930635,0.14097341189,0.24183930635,0.14097341189,0.503,0.36,-17.42,0.502848,0.3604949,-17.42,99.0,0.0,2.0,1.746,0.427,1.0,40.0
2671,2671,40_39,40_21,217.2884,5.92001,20.2807,0.0296,0.0,4.0,4.0,2885.0,2728.0,2884.6977,2728.4399,2884.6977,2728.4399,42.5591831172193,-22.14065520018044,0.521,0.431,-57.26,0.01499,0.01267,-55.67,2884.6977,2728.4399,42.5591831172193,-22.14065520018044,0.11893449344,0.20828797025,0.11893449344,0.20828797025,0.461,0.339,-77.88,0.4610957,0.3385458,-77.88,99.0,0.0,0.93,1.208,0.172,0.999,40.0
2674,2674,40_42,40_18,32.88657,2.303103,22.3308,0.0761,0.0,2.0,2.0,2733.0,2720.0,2733.0,2720.3853,2733.0,2720.3853,42.60527737610809,-22.13915638719728,0.566,0.289,90.0,0.04702,0.02372,90.0,2733.0,2720.3853,42.60527737610809,-22.13915638719728,0.0833333,0.17580635957,0.0833333,0.17580635957,0.419,0.289,90.0,0.4192927,0.2886751,90.0,99.0,0.0,0.95,1.96,0.49,0.92,40.0
2675,2675,40_43,40_17,19.83317,1.788547,22.8798,0.0979,0.0,2.0,2.0,2861.0,2713.0,2860.8716,2713.0,2860.8716,2713.0,42.56649773472554,-22.13643407897542,0.442,0.289,0.0,0.06313,0.03319,0.0,2860.8716,2713.0,42.56649773472554,-22.13643407897542,0.091958988284,0.0833333,0.091958988284,0.0833333,0.303,0.289,0.0,0.3032474,0.2886751,0.0,99.0,0.0,2.03,1.531,0.347,0.885,40.0
2676,2676,40_44,40_16,221.1817,5.972811,20.2614,0.0293,0.0,4.0,4.0,2836.0,2712.0,2836.4823,2711.6786,2836.4823,2711.6786,42.57390849550767,-22.1361864518037,0.503,0.463,-17.44,0.01433,0.01338,-19.51,2836.4823,2711.6786,42.57390849550767,-22.1361864518037,0.24554909076,0.14141487117,0.24554909076,0.14141487117,0.496,0.375,-3.87,0.4960111,0.3754157,-3.87,99.0,0.0,0.93,1.086,0.079,0.999,40.0
2677,2677,40_45,40_15,81.13328,3.61746,21.3503,0.0484,0.0,2.0,2.0,2837.0,2698.0,2837.275,2698.0,2837.275,2698.0,42.57374009948399,-22.13233500089205,0.532,0.289,0.0,0.02605,0.01382,0.0,2837.275,2698.0,42.57374009948399,-22.13233500089205,0.10960230882,0.0833333,0.10960230882,0.0833333,0.331,0.289,0.0,0.3310624,0.2886751,0.0,99.0,0.0,0.91,1.842,0.457,0.993,40.0
2678,2678,40_46,40_14,150.2421,4.922662,20.6813,0.0356,0.0,1.0,1.0,2831.0,2695.0,2831.0,2695.0,2831.0,2695.0,42.575660784065406,-22.131523012473878,0.289,0.289,45.0,0.00965,0.00965,45.0,2831.0,2695.0,42.575660784065406,-22.131523012473878,0.0833333,0.0833333,0.0833333,0.0833333,0.289,0.289,45.0,0.2886751,0.2886751,45.0,99.0,0.0,0.0,1.0,0.0,0.995,40.0
2679,2679,40_47,40_13,66.25546,3.269001,21.5702,0.0536,0.0,4.0,4.0,2601.0,2683.0,2601.1068,2682.7786,2601.1068,2682.7786,42.64551291532394,-22.12922960130292,0.419,0.304,79.29,0.02731,0.02395,-66.48,2601.1068,2682.7786,42.64551291532394,-22.12922960130292,0.092846147101,0.10684795383,0.092846147101,0.10684795383,0.327,0.305,89.28,0.3268794,0.3047031,89.28,99.0,0.0,0.94,1.376,0.274,0.997,40.0
2682,2682,40_50,40_10,108.8563,4.190164,21.0312,0.0418,0.0,4.0,4.0,2783.0,2642.0,2782.5514,2642.4537,2782.5514,2642.4537,42.59064427258912,-22.11698765005438,0.515,0.48,-45.41,0.02188,0.02063,-45.31,2782.5514,2642.4537,42.59064427258912,-22.11698765005438,0.23613181958,0.23829670251,0.23613181958,0.23829670251,0.503,0.47,-46.92,0.5033312,0.4701981,-46.92,99.0,0.0,0.93,1.073,0.068,0.996,40.0
2683,2683,40_51,40_9,93.71687,3.887882,21.1938,0.0451,0.0,2.0,2.0,2757.0,2602.0,2757.0,2601.6239,2757.0,2601.6239,42.59861449528457,-22.105631328975598,0.564,0.289,90.0,0.02503,0.01274,90.0,2757.0,2601.6239,42.59861449528457,-22.105631328975598,0.0833333,0.17079050488,0.0833333,0.17079050488,0.413,0.289,90.0,0.4132681,0.2886751,90.0,99.0,0.0,0.95,1.953,0.488,0.993,40.0
2687,2687,40_55,40_5,53.16859,2.928409,21.8092,0.0598,0.0,2.0,2.0,2857.0,2569.0,2857.0,2568.6808,2857.0,2568.6808,42.56843737701693,-22.09586118777148,0.548,0.289,90.0,0.03422,0.01766,90.0,2857.0,2568.6808,42.56843737701693,-22.09586118777148,0.0833333,0.1255705691,0.0833333,0.1255705691,0.354,0.289,90.0,0.3543594,0.2886751,90.0,99.0,0.0,0.93,1.899,0.474,0.981,40.0
2688,2688,40_56,40_4,93.93846,3.892475,21.1912,0.045,0.0,4.0,4.0,2679.0,2557.0,2678.6052,2556.7548,2678.6052,2556.7548,42.62264318453184,-22.09340020838918,0.512,0.403,28.58,0.02419,0.0201,33.95,2678.6052,2556.7548,42.62264318453184,-22.09340020838918,0.15417279068,0.070432911154,0.15417279068,0.070432911154,0.395,0.262,8.2,0.3949052,0.2620221,8.2,99.0,0.0,0.9,1.269,0.212,0.997,40.0
2689,2689,40_57,40_3,17.71663,1.69042,23.0023,0.1036,0.0,1.0,1.0,2937.0,2553.0,2937.0,2553.0,2937.0,2553.0,42.54424164363447,-22.091041680737693,0.289,0.289,45.0,0.032,0.032,45.0,2937.0,2553.0,42.54424164363447,-22.091041680737693,0.0833333,0.0833333,0.0833333,0.0833333,0.289,0.289,45.0,0.2886751,0.2886751,45.0,99.0,0.0,0.0,1.0,0.0,0.772,40.0
2691,2691,41_1,41_1,8.062181,1.14033,23.8572,0.1536,0.0,1.0,1.0,3018.0,2518.0,3018.0,2518.0,3018.0,2518.0,42.51984818233049,-22.080778230084007,0.289,0.289,45.0,0.05431,0.05431,45.0,3018.0,2518.0,42.51984818233049,-22.080778230084007,0.0833333,0.0833333,0.0833333,0.0833333,0.289,0.289,45.0,0.2886751,0.2886751,45.0,99.0,0.0,0.0,1.0,0.0,0.442,41.0
2714,2714,41_24,41_48,60041.97,98.40828,14.1772,0.0018,0.0,2.0,2.0,2960.0,2841.0,2960.0,2841.1211,2960.0,2841.1211,42.53572339117331,-22.171960959217348,0.436,0.289,90.0,7.1E-4,4.7E-4,90.0,2960.0,2841.1211,42.53572339117331,-22.171960959217348,0.0833333,0.091311339854,0.0833333,0.091311339854,0.302,0.289,90.0,0.3021777,0.2886751,90.0,99.0,5.0,0.0,1.509,0.337,1.0,41.0
2721,2721,41_31,41_41,179.5513,5.381439,20.4878,0.0325,0.0,4.0,4.0,3052.0,2828.0,3051.5451,2828.2978,3051.5451,2828.2978,42.50799851071511,-22.16787525295205,0.529,0.421,-33.87,0.01689,0.01388,-35.52,3051.5451,2828.2978,42.50799851071511,-22.16787525295205,0.21108169221,0.11058632476,0.21108169221,0.11058632476,0.465,0.325,-12.6,0.4651518,0.3245023,-12.6,99.0,0.0,0.96,1.256,0.204,0.999,41.0
2723,2723,41_33,41_39,105.3095,4.121336,21.0671,0.0425,-0.003129281,3.0,3.0,2930.0,2825.0,2930.0353,2825.0,2930.0353,2825.0,42.54490670229014,-22.16758171253214,0.63,0.289,0.0,0.02849,0.01225,0.0,2930.0353,2825.0,42.54490670229014,-22.16758171253214,0.11164944779,0.0833333,0.11164944779,0.0833333,0.334,0.289,0.0,0.3341399,0.2886751,0.0,32.4106,0.0,1.19,2.183,0.542,0.749,41.0
2725,2725,41_35,41_37,349.037,7.503086,19.7661,0.0233,-2.371143,10.0,10.0,2945.0,2817.0,2944.8487,2818.8273,2944.8487,2818.8273,42.54044205981744,-22.165768910913226,1.441,0.552,-88.81,0.03565,0.01383,89.76,2944.8487,2818.8273,42.54044205981744,-22.165768910913226,0.33924881626,1.0634759536,0.33924881626,1.0634759536,1.031,0.582,89.22,1.031315,0.5823347,89.22,25.2118,1.0,5.31,2.612,0.617,0.981,41.0
2726,2726,41_36,41_36,6.693073,1.039003,24.0592,0.1686,-0.1578973,2.0,2.0,2982.0,2816.0,2982.2654,2816.0,2982.2654,2816.0,42.52909736160004,-22.164779374595597,0.528,0.289,0.0,0.16167,0.07877,0.0,2982.2654,2816.0,42.52909736160004,-22.164779374595597,0.11233204613,0.0833333,0.11233204613,0.0833333,0.335,0.289,0.0,0.3351597,0.2886751,0.0,28.1533,0.0,0.95,1.827,0.453,0.478,41.0
2728,2728,41_38,41_34,40190.47,80.51295,14.613,0.0022,-1.663999,4.0,4.0,2961.0,2815.0,2960.5831,2814.9907,2960.5831,2814.9907,42.53568547550216,-22.164608231372373,0.571,0.304,-0.3,0.00115,6.1E-4,-0.29,2960.5831,2814.9907,42.53568547550216,-22.164608231372373,0.19686844351,0.084603424545,0.19686844351,0.084603424545,0.444,0.291,-0.03,0.4436986,0.2908666,-0.03,25.5963,0.0,0.97,1.878,0.468,1.0,41.0
2729,2729,41_39,41_33,87.2441,3.751217,21.2715,0.0467,-1.257347,2.0,2.0,2969.0,2807.0,2969.0,2807.2446,2969.0,2807.2446,42.53317139166798,-22.16238578485931,0.518,0.289,90.0,0.02493,0.01348,90.0,2969.0,2807.2446,42.53317139166798,-22.16238578485931,0.0833333,0.10521473668,0.0833333,0.10521473668,0.324,0.289,90.0,0.3243682,0.2886751,90.0,25.9006,0.0,0.92,1.794,0.442,0.935,41.0
2733,2733,41_43,41_29,8.549257,1.174271,23.7935,0.1492,-0.002859175,3.0,3.0,2945.0,2803.0,2945.2115,2802.4291,2945.2115,2802.4291,42.540419142444186,-22.161154707788626,0.552,0.327,-56.65,0.14253,0.08203,-47.63,2945.2115,2802.4291,42.540419142444186,-22.161154707788626,0.062728899436,0.24943145845,0.062728899436,0.24943145845,0.506,0.237,-79.66,0.5058239,0.2372816,-79.66,32.5086,0.0,1.58,1.687,0.407,0.521,41.0
2736,2736,41_46,41_26,3.205024,0.718985,24.8587,0.2436,0.0,1.0,1.0,2762.0,2765.0,2762.0,2765.0,2762.0,2765.0,42.59623967388484,-22.15156054226959,0.289,0.289,45.0,0.11093,0.11093,45.0,2762.0,2765.0,42.59623967388484,-22.15156054226959,0.0833333,0.0833333,0.0833333,0.0833333,0.289,0.289,45.0,0.2886751,0.2886751,45.0,99.0,0.0,0.0,1.0,0.0,0.37,41.0
2737,2737,41_47,41_25,9.851997,1.260568,23.6395,0.139,0.0,2.0,2.0,2850.0,2736.0,2849.7251,2736.0,2849.7251,2736.0,42.56975987190576,-22.142960119432395,0.532,0.289,0.0,0.11198,0.05551,0.0,2849.7251,2736.0,42.56975987190576,-22.142960119432395,0.10959209168,0.0833333,0.10959209168,0.0833333,0.331,0.289,0.0,0.331047,0.2886751,0.0,99.0,0.0,0.91,1.842,0.457,0.515,41.0
2750,2750,41_60,41_12,80.66618,3.607031,21.3566,0.0486,0.0,3.0,3.0,3035.0,2649.0,3034.8995,2649.2782,3034.8995,2649.2782,42.51401305000668,-22.117612268741382,0.487,0.233,-63.64,0.02671,0.01298,-59.57,3034.8995,2649.2782,42.51401305000668,-22.117612268741382,0.083765046309,0.10253566057,0.083765046309,0.10253566057,0.32,0.289,-88.71,0.3202268,0.2894054,-88.71,99.0,0.0,0.67,2.085,0.52,0.996,41.0
2763,2763,42_3,42_29,522.5284,9.180347,19.328,0.0191,-9.974376E-4,8.0,8.0,505.0,3029.0,504.2437,3028.6956,504.2437,3028.6956,43.28074199219388,-22.23532070819081,0.709,0.599,15.11,0.01325,0.01129,18.88,504.2437,3028.6956,43.28074199219388,-22.23532070819081,0.33014155798,0.27219666173,0.33014155798,0.27219666173,0.585,0.51,22.54,0.584975,0.5100417,22.54,99.0,0.0,2.02,1.185,0.156,1.0,42.0
2793,2793,43_3,43_8,0.6427867,0.3219865,26.6031,0.544,1.840895E-5,5.0,5.0,757.0,2578.0,756.8257,2578.0985,756.8257,2578.0985,43.20586710905814,-22.107666176499272,0.626,0.373,81.79,0.3134,0.18661,81.79,756.8257,2578.0985,43.20586710905814,-22.107666176499272,0.066327257603,0.14500152094,0.066327257603,0.14500152094,0.382,0.256,85.23,0.3815154,0.256466,85.23,50.3932,0.0,1.56,1.679,0.405,1.0,43.0
2797,2797,43_7,43_4,0.3416163,0.2347326,27.2895,0.7462,-3.440981E-5,3.0,3.0,860.0,2575.0,859.8344999999999,2575.0107,859.8344999999999,2575.0107,43.17461614310972,-22.10641167656798,0.471,0.306,0.8,0.32338,0.21058,0.8,859.8344999999999,2575.0107,43.17461614310972,-22.10641167656798,0.095783804422,0.084110329822,0.095783804422,0.084110329822,0.309,0.29,0.05,0.3094896,0.2900178,0.05,52.8623,0.0,0.84,1.536,0.349,1.0,43.0
2798,2798,43_8,43_3,0.7130803,0.3391356,26.4905,0.5165,3.692804E-5,3.0,3.0,787.0,2575.0,786.7884,2575.3171,786.7884,2575.3171,43.19678481591779,-22.10677218269036,0.513,0.347,55.17,0.24402,0.16484,55.17,786.7884,2575.3171,43.19678481591779,-22.10677218269036,0.08498920444,0.15166601629,0.08498920444,0.15166601629,0.395,0.284,76.16,0.394933,0.2840477,76.16,49.7621,0.0,1.31,1.48,0.324,1.0,43.0
2799,2799,43_9,43_2,0.2473851,0.1997519,27.6399,0.8769,3.437551E-5,2.0,2.0,794.0,2574.0,793.8738000000001,2574.1262,793.8738000000001,2574.1262,43.19463928834099,-22.106410717630236,0.551,0.289,-45.0,0.44506,0.23309,45.0,793.8738000000001,2574.1262,43.19463928834099,-22.106410717630236,0.083461165985,0.083461165985,0.083461165985,0.083461165985,0.289,0.289,45.0,0.2891177,0.2886751,45.0,49.7447,0.0,0.0,1.909,0.476,0.999,43.0
2800,2800,43_10,43_1,494.2968,8.928903,19.3883,0.0196,4.500619E-8,19.0,19.0,920.0,2572.0,919.8248,2572.2198,919.8248,2572.2198,43.15642004128812,-22.105398936766512,0.89,0.436,-21.83,0.01607,0.00788,-21.83,919.8248,2572.2198,43.15642004128812,-22.105398936766512,0.36726002356,0.15401880653,0.36726002356,0.15401880653,0.618,0.374,-14.1,0.6177526,0.3737119,-14.1,56.6745,16.0,2.6,2.041,0.51,1.0,43.0
2801,2801,43_11,43_914,0.01424758,0.04793743,30.7389,3.654,2.169164E-5,1.0,1.0,736.0,3066.0,736.0,3066.0,736.0,3066.0,43.21019264947013,-22.244979461382076,0.289,0.289,45.0,0.97127,0.97127,45.0,736.0,3066.0,43.21019264947013,-22.244979461382076,0.0833333,0.0833333,0.0833333,0.0833333,0.289,0.289,45.0,0.2886751,0.2886751,45.0,36.9472,0.0,0.0,1.0,0.0,0.985,43.0
2802,2802,43_12,43_913,0.02478657,0.06322879,30.1378,2.7703,-0.006899836,2.0,2.0,562.0,3066.0,562.0,3065.6715,562.0,3065.6715,43.26305180951542,-22.24551561849587,0.551,0.289,90.0,1.40627,0.73638,90.0,562.0,3065.6715,43.26305180951542,-22.24551561849587,0.0833333,0.13395116483,0.0833333,0.13395116483,0.366,0.289,90.0,0.3659934,0.2886751,90.0,34.7085,0.0,0.94,1.91,0.476,0.655,43.0
2803,2803,43_13,43_912,0.3539181,0.2389217,27.251,0.7331,-1.860033E-5,2.0,2.0,778.0,3065.0,777.6596,3065.0,777.6596,3065.0,43.1975407904955,-22.244544865093992,0.555,0.289,0.0,0.37456,0.19487,0.0,777.6596,3065.0,43.1975407904955,-22.244544865093992,0.14652467187,0.0833333,0.14652467187,0.0833333,0.383,0.289,0.0,0.3827854,0.2886751,0.0,37.9534,0.0,0.94,1.922,0.48,0.999,43.0
2804,2804,43_14,43_911,0.05377214,0.09312855,29.2969,1.8809,3.748986E-4,1.0,1.0,719.0,3065.0,719.0,3065.0,719.0,3065.0,43.21536117331448,-22.244760448659616,0.289,0.289,45.0,0.49995,0.49995,45.0,719.0,3065.0,43.21536117331448,-22.244760448659616,0.0833333,0.0833333,0.0833333,0.0833333,0.289,0.289,45.0,0.2886751,0.2886751,45.0,36.9662,0.0,0.0,1.0,0.0,0.997,43.0
2805,2805,43_15,43_910,0.2388305,0.1962678,27.6781,0.8925,-3.957024E-5,3.0,3.0,816.0,3063.0,815.9263000000001,3063.2752,815.9263000000001,3063.2752,43.18592254053762,-22.24391792301795,0.45,0.255,81.4,0.36983,0.20991,81.4,815.9263000000001,3063.2752,43.18592254053762,-22.24391792301795,0.090323071153,0.11539969244,0.090323071153,0.11539969244,0.34,0.301,89.47,0.3397085,0.3005344,89.47,37.8673,0.0,1.0,1.762,0.432,0.999,43.0
2806,2806,43_16,43_909,0.01648819,0.05156922,30.5804,3.3966,-3.168249E-5,1.0,1.0,795.0,3064.0,795.0,3064.0,795.0,3064.0,43.19227693778529,-22.244199449594948,0.289,0.289,45.0,0.90286,0.90286,45.0,795.0,3064.0,43.19227693778529,-22.244199449594948,0.0833333,0.0833333,0.0833333,0.0833333,0.289,0.289,45.0,0.2886751,0.2886751,45.0,38.4285,0.0,0.0,1.0,0.0,0.989,43.0
2807,2807,43_17,43_908,306.4564,7.030537,19.9074,0.0249,-3.298915E-5,35.0,35.0,929.0,3061.0,928.9843,3060.847,928.9843,3060.847,43.15158507801068,-22.24281062300016,0.664,0.537,-62.43,0.01522,0.01232,-62.43,928.9843,3060.847,43.15158507801068,-22.24281062300016,0.10943429656,0.19491091499,0.10943429656,0.19491091499,0.442,0.33,-84.33,0.4424495,0.3295204,-84.33,41.1442,0.0,1.63,1.236,0.191,1.0,43.0
2808,2808,43_18,43_907,1.561361,0.5018292,25.6395,0.349,0.002130772,6.0,6.0,681.0,3061.0,681.4573,3061.3306,681.4573,3061.3306,43.22678102885646,-22.243865222731447,0.61,0.491,76.39,0.19604,0.15776,76.39,681.4573,3061.3306,43.22678102885646,-22.243865222731447,0.24829709267,0.25274804035,0.24829709267,0.25274804035,0.504,0.497,65.69,0.5038744,0.4971475,65.69,34.5474,0.0,1.68,1.243,0.195,1.0,43.0
2809,2809,43_19,43_906,0.01817751,0.05414662,30.4745,3.2349,2.755966E-5,1.0,1.0,960.0,3061.0,960.0,3061.0,960.0,3061.0,43.14216152126168,-22.242735872726588,0.289,0.289,45.0,0.85989,0.85989,45.0,960.0,3061.0,43.14216152126168,-22.242735872726588,0.0833333,0.0833333,0.0833333,0.0833333,0.289,0.289,45.0,0.2886751,0.2886751,45.0,40.8121,0.0,0.0,1.0,0.0,0.991,43.0
2810,2810,43_20,43_905,1.394451,0.4742484,25.7623,0.3693,1.459667E-5,8.0,8.0,744.0,3060.0,744.011,3059.8468,744.011,3059.8468,43.207784123228976,-22.243219357472643,0.786,0.483,-24.13,0.26738,0.16437,-24.13,744.011,3059.8468,43.207784123228976,-22.243219357472643,0.34732724768,0.18271279714,0.34732724768,0.18271279714,0.6,0.413,-14.87,0.5998365,0.412597,-14.87,36.745,0.0,2.28,1.627,0.385,1.0,43.0
2811,2811,43_21,43_904,0.4098549,0.2571103,27.0917,0.6813,-0.007339164,5.0,5.0,558.0,3059.0,557.843,3059.1205,557.843,3059.1205,43.26434062892509,-22.24368793082465,0.586,0.389,63.18,0.36755,0.24426,63.18,557.843,3059.1205,43.26434062892509,-22.24368793082465,0.12180815104,0.12049067675,0.12180815104,0.12049067675,0.349,0.347,19.58,0.3492836,0.3468426,19.58,35.0023,0.0,1.05,1.505,0.335,0.969,43.0
2812,2812,43_22,43_903,0.2215808,0.1890477,27.7595,0.9266,0.002982177,2.0,2.0,620.0,3060.0,620.4899,3060.0,620.4899,3060.0,43.245306952468745,-22.24371132827128,0.577,0.289,0.0,0.4925,0.24629,0.0,620.4899,3060.0,43.245306952468745,-22.24371132827128,0.26548955217,0.0833333,0.26548955217,0.0833333,0.515,0.289,0.0,0.5152568,0.2886751,0.0,33.945,0.0,0.96,2.0,0.5,0.998,43.0
2813,2813,43_23,43_902,3.426437,0.743405,24.7862,0.2356,-2.787427E-5,13.0,13.0,907.0,3057.0,907.2473,3057.5645,907.2473,3057.5645,43.15820270779928,-22.2419695034908,0.947,0.674,29.6,0.20535,0.14618,29.6,907.2473,3057.5645,43.15820270779928,-22.2419695034908,0.45809250033,0.36797850788,0.45809250033,0.36797850788,0.696,0.584,25.63,0.6964412,0.5839868,25.63,99.0,0.0,2.85,1.405,0.288,1.0,43.0
2814,2814,43_24,43_901,0.09958463,0.1267361,28.6278,1.3821,-5.447421E-5,1.0,1.0,877.0,3059.0,877.0,3059.0,877.0,3059.0,43.16738598241383,-22.24248717920829,0.289,0.289,45.0,0.36737,0.36737,45.0,877.0,3059.0,43.16738598241383,-22.24248717920829,0.0833333,0.0833333,0.0833333,0.0833333,0.289,0.289,45.0,0.2886751,0.2886751,45.0,39.4256,0.0,0.0,1.0,0.0,0.997,43.0
2816,2816,43_26,43_899,0.2221081,0.189272,27.7569,0.9254,-5.447421E-5,4.0,4.0,855.0,3056.0,855.2589,3056.3694,855.2589,3056.3694,43.17400191459909,-22.24182875834675,0.582,0.293,49.67,0.49622,0.24951,49.67,855.2589,3056.3694,43.17400191459909,-22.24182875834675,0.12080504248,0.16602379013,0.12080504248,0.16602379013,0.417,0.335,68.54,0.4174807,0.3354678,68.54,41.6974,0.0,1.19,1.989,0.497,1.0,43.0
2817,2817,43_27,43_898,75.03162,3.478775,21.4352,0.0504,9.121497E-5,17.0,17.0,996.0,3055.0,995.6957,3054.7634,995.6957,3054.7634,43.131343106605456,-22.240845275837668,0.637,0.406,-22.84,0.02955,0.01882,-22.84,995.6957,3054.7634,43.131343106605456,-22.240845275837668,0.2085155966,0.095982801799,0.2085155966,0.095982801799,0.464,0.299,-13.25,0.4638059,0.298969,-13.25,41.5163,0.0,1.72,1.57,0.363,1.0,43.0
2818,2818,43_28,43_897,37.94411,2.473867,22.1754,0.0708,-5.447421E-5,29.0,29.0,868.0,3054.0,868.2163,3053.8679,868.2163,3053.8679,43.170075863575256,-22.24107658688922,1.532,0.439,-11.68,0.09985,0.02862,-11.68,868.2163,3053.8679,43.170075863575256,-22.24107658688922,0.19275274953,0.097286504756,0.19275274953,0.097286504756,0.439,0.312,0.26,0.4390383,0.3119048,0.26,39.8356,0.0,2.15,3.489,0.713,0.979,43.0
2820,2820,43_30,43_895,0.08289038,0.1156262,28.827,1.5149,2.000071E-5,2.0,2.0,733.0,3055.0,733.2505,3055.0,733.2505,3055.0,43.21107282988618,-22.24189559372551,0.521,0.289,0.0,0.72633,0.4027,0.0,733.2505,3055.0,43.21107282988618,-22.24189559372551,0.10603642334,0.0833333,0.10603642334,0.0833333,0.326,0.289,0.0,0.3256323,0.2886751,0.0,37.2264,0.0,0.9,1.804,0.446,0.705,43.0
2821,2821,43_31,43_894,0.3190614,0.2268513,27.3636,0.7721,1.607636E-4,3.0,3.0,723.0,3054.0,723.0063,3053.5382,723.0063,3053.5382,43.21419082004297,-22.24152196654608,0.576,0.299,89.31,0.40961,0.21282,89.31,723.0063,3053.5382,43.21419082004297,-22.24152196654608,0.084443168371,0.22832341731,0.084443168371,0.22832341731,0.478,0.291,89.92,0.4778323,0.2905906,89.92,39.2043,0.0,1.02,1.925,0.48,1.0,43.0
2822,2822,43_32,43_893,0.1359095,0.1480571,28.2902,1.1831,0.002377457,2.0,2.0,695.0,3054.0,695.0,3053.6746,695.0,3053.6746,43.22269806043981,-22.241662598183403,0.55,0.289,90.0,0.59502,0.31211,90.0,695.0,3053.6746,43.22269806043981,-22.241662598183403,0.0833333,0.12086678046,0.0833333,0.12086678046,0.348,0.289,90.0,0.347659,0.2886751,90.0,99.0,0.0,0.92,1.906,0.475,0.998,43.0
2823,2823,43_33,43_892,1.039347,0.4094349,26.0814,0.4278,0.00478359,5.0,5.0,668.0,3054.0,667.9962,3053.8418,667.9962,3053.8418,43.230900544028536,-22.2418077633513,0.682,0.356,-8.0,0.2673,0.13941,-8.0,667.9962,3053.8418,43.230900544028536,-22.2418077633513,0.15935938224,0.050471591228,0.15935938224,0.050471591228,0.4,0.224,-2.79,0.3995236,0.22408,-2.79,99.0,0.0,1.75,1.917,0.478,1.0,43.0
2824,2824,43_34,43_891,0.26966,0.2085516,27.5463,0.8399,0.002800152,3.0,3.0,647.0,3054.0,647.321,3053.8518,647.321,3053.8518,43.23718111049382,-22.241885402815846,0.488,0.326,23.02,0.37731,0.25173,23.02,647.321,3053.8518,43.23718111049382,-22.241885402815846,0.19282829399,0.1239548979,0.19282829399,0.1239548979,0.44,0.351,4.38,0.4395852,0.351494,4.38,34.2021,0.0,1.12,1.499,0.333,0.998,43.0
2825,2825,43_35,43_890,2.282649,0.6067695,25.2272,0.2887,-9.03015E-6,6.0,6.0,772.0,3051.0,772.4802,3051.0974,772.4802,3051.0974,43.199171353567685,-22.24065357713293,0.734,0.488,-78.72,0.19519,0.1297,-78.72,772.4802,3051.0974,43.199171353567685,-22.24065357713293,0.24833624585,0.32414850287,0.24833624585,0.32414850287,0.582,0.484,-68.35,0.5816627,0.4838939,-68.35,37.5819,0.0,2.27,1.505,0.335,1.0,43.0
2826,2826,43_36,43_889,0.3046444,0.2216669,27.4138,0.7902,-4.210817E-5,2.0,2.0,829.0,3050.0,829.0,3050.3025,829.0,3050.3025,43.18200444477034,-22.24022034376252,0.543,0.289,90.0,0.39476,0.21004,90.0,829.0,3050.3025,43.18200444477034,-22.24022034376252,0.0833333,0.1141221253,0.0833333,0.1141221253,0.338,0.289,90.0,0.3378197,0.2886751,90.0,38.6016,0.0,0.93,1.879,0.468,0.999,43.0
2827,2827,43_37,43_888,3.812055,0.7841224,24.6704,0.2234,-8.021391E-4,11.0,11.0,583.0,3050.0,583.0781,3050.2198,583.0781,3050.2198,43.25671061286718,-22.241094666334178,0.881,0.694,27.56,0.18117,0.14283,27.56,583.0781,3050.2198,43.25671061286718,-22.241094666334178,0.41883265864,0.35313687182,0.41883265864,0.35313687182,0.662,0.578,25.44,0.6618565,0.5778543,25.44,34.5281,2.0,2.44,1.268,0.212,1.0,43.0
2828,2828,43_38,43_888,0.8025689,0.3597871,26.3621,0.4868,-0.001629503,5.0,5.0,579.0,3047.0,578.8758,3047.0,578.8758,3047.0,43.25799996021081,-22.240204094368355,0.753,0.351,-1.98,0.33766,0.15729,-1.98,578.8758,3047.0,43.25799996021081,-22.240204094368355,0.18978611181,0.11681244085,0.18978611181,0.11681244085,0.436,0.342,-1.24,0.4356838,0.3417282,-1.24,34.6251,2.0,1.72,2.147,0.534,0.985,43.0
2829,2829,43_39,43_887,2.387288,0.6205211,25.1785,0.2823,-0.2790666,4.0,4.0,703.0,3050.0,703.4529,3049.5482,703.4529,3049.5482,43.22014700915874,-22.240471170611936,0.518,0.477,-44.93,0.18465,0.1702,-44.93,703.4529,3049.5482,43.22014700915874,-22.240471170611936,0.24580835203,0.24562493962,0.24580835203,0.24562493962,0.515,0.475,-44.87,0.5153188,0.4752682,-44.87,27.5307,0.0,1.43,1.085,0.078,0.996,43.0
2830,2830,43_40,43_886,0.4353966,0.2650006,27.0261,0.661,-0.01183995,3.0,3.0,690.0,3050.0,690.3325,3049.9018,690.3325,3049.9018,43.22413125708159,-22.240618440901656,0.479,0.285,13.05,0.30596,0.18178,13.05,690.3325,3049.9018,43.22413125708159,-22.240618440901656,0.1726855524,0.10375630386,0.1726855524,0.10375630386,0.416,0.322,1.72,0.4156291,0.3220159,1.72,30.8162,0.0,1.09,1.683,0.406,0.923,43.0
2831,2831,43_41,43_885,2.200213,0.5957122,25.2671,0.294,-6.525608E-5,13.0,13.0,859.0,3047.0,859.4955,3047.5883,859.4955,3047.5883,43.17275134733919,-22.23934295017988,0.866,0.698,62.12,0.23441,0.18891,62.12,859.4955,3047.5883,43.17275134733919,-22.23934295017988,0.32929383274,0.3757844718,0.32929383274,0.3757844718,0.631,0.554,60.5,0.6306069,0.5544485,60.5,38.4441,0.0,2.41,1.241,0.194,0.987,43.0
2832,2832,43_42,43_884,1.522912,0.4956117,25.6666,0.3534,-0.01372201,9.0,9.0,524.0,3048.0,524.0856,3048.1057,524.0856,3048.1057,43.274638406532674,-22.24070969899882,0.716,0.626,65.51,0.23297,0.20373,65.51,524.0856,3048.1057,43.274638406532674,-22.24070969899882,0.26145107155,0.31841353156,0.26145107155,0.31841353156,0.566,0.509,79.14,0.5662076,0.5091891,79.14,36.3159,0.0,1.94,1.144,0.126,0.997,43.0
2833,2833,43_43,43_883,0.5895718,0.3083707,26.697,0.568,9.793011E-5,8.0,8.0,586.0,3045.0,586.7178,3045.7409,586.7178,3045.7409,43.2556229032037,-22.239821953832504,1.121,0.38,32.6,0.58647,0.19872,32.6,586.7178,3045.7409,43.2556229032037,-22.239821953832504,0.5063807302,0.29387817185,0.5063807302,0.29387817185,0.816,0.367,33.2,0.8158248,0.3669997,33.2,34.5501,0.0,3.67,2.951,0.661,1.0,43.0
2834,2834,43_44,43_882,0.03355816,0.07357042,29.8088,2.3809,-0.01264373,2.0,2.0,528.0,3047.0,528.0,3046.7507,528.0,3046.7507,43.273454765222105,-22.24031476816913,0.52,0.289,90.0,1.14023,0.63286,90.0,528.0,3046.7507,43.273454765222105,-22.24031476816913,0.0833333,0.10587323783,0.0833333,0.10587323783,0.325,0.289,90.0,0.3253817,0.2886751,90.0,36.8086,0.0,0.9,1.802,0.445,0.658,43.0
2835,2835,43_45,43_881,0.02714157,0.06616405,30.0392,2.6474,-0.01674706,1.0,1.0,509.0,3047.0,509.0,3047.0,509.0,3047.0,43.27922503409375,-22.24045197407473,0.289,0.289,45.0,0.7037,0.7037,45.0,509.0,3047.0,43.27922503409375,-22.24045197407473,0.0833333,0.0833333,0.0833333,0.0833333,0.289,0.289,45.0,0.2886751,0.2886751,45.0,35.1942,0.0,0.0,1.0,0.0,0.995,43.0
2836,2836,43_46,43_880,0.03210327,0.07195795,29.8569,2.4342,-0.001047131,1.0,1.0,942.0,3046.0,942.0,3046.0,942.0,3046.0,43.14769323993189,-22.23858500071712,0.289,0.289,45.0,0.65772,0.65772,45.0,942.0,3046.0,43.14769323993189,-22.23858500071712,0.0833333,0.0833333,0.0833333,0.0833333,0.289,0.289,45.0,0.2886751,0.2886751,45.0,33.6112,0.0,0.0,1.0,0.0,0.995,43.0
2837,2837,43_47,43_879,5.01578,0.899443,24.3725,0.1947,0.002357773,17.0,17.0,654.0,3045.0,655.1329000000001,3044.4807,655.1329000000001,3044.4807,43.23484588047775,-22.239221440945062,1.448,0.703,-28.38,0.25968,0.12613,-28.38,655.1329000000001,3044.4807,43.23484588047775,-22.239221440945062,0.98049973016,0.61500636596,0.98049973016,0.61500636596,1.091,0.637,-31.09,1.090623,0.6372187,-31.09,34.4143,0.0,5.28,2.059,0.514,1.0,43.0
2838,2838,43_48,43_878,4629.175,27.32474,16.9595,0.0064,-0.0106204,370.0,370.0,523.0,3029.0,521.7566,3032.2872,521.7566,3032.2872,43.27540843637215,-22.23626902387428,7.524,3.667,-38.63,0.04441,0.02165,-38.63,521.7566,3032.2872,43.27540843637215,-22.23626902387428,13.211449782,10.666523804,13.211449782,10.666523804,4.136,2.602,-37.88,4.136401,2.601568,-37.88,39.9674,18.0,17.89,2.052,0.513,1.0,43.0
2840,2840,43_50,43_877,0.3970429,0.2530597,27.1262,0.6922,5.741062E-5,4.0,4.0,925.0,3045.0,924.9289,3044.577,924.9289,3044.577,43.152885433373775,-22.238249466470275,0.596,0.337,47.27,0.37975,0.21476,47.27,924.9289,3044.577,43.152885433373775,-22.238249466470275,0.12949854007,0.23077915723,0.12949854007,0.23077915723,0.484,0.354,79.16,0.484391,0.3544616,79.16,99.0,0.0,1.31,1.768,0.434,1.0,43.0
2841,2841,43_51,43_876,0.1269249,0.1430795,28.3644,1.2242,-5.082585E-4,3.0,3.0,768.0,3044.0,767.8516,3044.4369,767.8516,3044.4369,43.20060479524117,-22.238797248186422,0.538,0.289,-62.8,0.60962,0.32755,-62.8,767.8516,3044.4369,43.20060479524117,-22.238797248186422,0.097163587969,0.21496660588,0.097163587969,0.21496660588,0.465,0.31,-84.32,0.4649137,0.3098152,-84.32,34.324,0.0,1.07,1.861,0.463,0.914,43.0
2842,2842,43_52,43_875,0.8472963,0.3696765,26.3032,0.4738,-0.009852082,9.0,9.0,537.0,3042.0,537.0757,3041.6096,537.0757,3041.6096,43.27071838846168,-22.238836712276683,0.718,0.477,53.44,0.31312,0.2083,53.44,537.0757,3041.6096,43.27071838846168,-22.238836712276683,0.1676555848,0.25481209328,0.1676555848,0.25481209328,0.535,0.369,62.77,0.5349807,0.3691387,62.77,37.7189,0.0,1.93,1.503,0.335,1.0,43.0
2843,2843,43_53,43_874,2.582683,0.645416,25.0931,0.2714,6.737349E-6,12.0,12.0,955.0,3040.0,954.5711,3040.3999,954.5711,3040.3999,43.14389771429175,-22.23696197513464,0.981,0.644,8.77,0.2451,0.16102,8.77,954.5711,3040.3999,43.14389771429175,-22.23696197513464,0.53762039358,0.31885423512,0.53762039358,0.31885423512,0.735,0.562,6.02,0.7349035,0.5624868,6.02,41.3622,0.0,3.4,1.522,0.343,1.0,43.0
2844,2844,43_54,43_873,0.1110195,0.1338147,28.5098,1.309,-9.783938E-6,2.0,2.0,769.0,3042.0,769.0,3041.7996,769.0,3041.7996,43.2002667550732,-22.238051212952406,0.494,0.289,90.0,0.59487,0.34796,90.0,769.0,3041.7996,43.2002667550732,-22.238051212952406,0.0833333,0.09954159736,0.0833333,0.09954159736,0.316,0.289,90.0,0.3155021,0.2886751,90.0,37.267,0.0,0.87,1.71,0.415,0.756,43.0
2845,2845,43_55,43_872,0.5132237,0.287712,26.8475,0.6088,0.002239404,4.0,4.0,619.0,3040.0,618.5909,3040.5497,618.5909,3040.5497,43.24596189531266,-22.238247624143877,0.629,0.307,-45.55,0.35236,0.17204,-45.55,618.5909,3040.5497,43.24596189531266,-22.238247624143877,0.19985189288,0.24707600594,0.19985189288,0.24707600594,0.594,0.306,-50.25,0.5941852,0.306385,-50.25,34.3682,0.0,2.54,2.048,0.512,0.999,43.0
2846,2846,43_56,43_871,1.171024,0.4345974,25.9519,0.403,-0.010672,10.0,10.0,531.0,3039.0,531.0249,3039.2794,531.0249,3039.2794,43.272565549580456,-22.23820277828456,0.84,0.547,-32.49,0.31219,0.20335,-32.49,531.0249,3039.2794,43.272565549580456,-22.23820277828456,0.37729962278,0.28811260345,0.37729962278,0.28811260345,0.65,0.493,-30.03,0.6496528,0.4933189,-30.03,35.3762,0.0,2.56,1.535,0.349,1.0,43.0
2847,2847,43_57,43_870,1.020134,0.4056325,26.1017,0.4318,4.065373E-5,6.0,6.0,976.0,3039.0,975.6406,3039.4303,975.6406,3039.4303,43.13750088695894,-22.23660891855622,0.525,0.497,67.54,0.20866,0.19776,67.54,975.6406,3039.4303,43.13750088695894,-22.23660891855622,0.19463264666,0.23945229609,0.19463264666,0.23945229609,0.491,0.44,80.78,0.4905752,0.4397964,80.78,43.0449,0.0,1.09,1.055,0.052,1.0,43.0
2848,2848,43_58,43_869,0.7620369,0.3505841,26.4184,0.4996,-4.806575E-5,5.0,5.0,842.0,3039.0,841.6007999999999,3039.4113,841.6007999999999,3039.4113,43.178221568677046,-22.237109873870512,0.57,0.47,-26.56,0.26244,0.21643,-26.56,841.6007999999999,3039.4113,43.178221568677046,-22.237109873870512,0.2421156201,0.22118311487,0.2421156201,0.22118311487,0.507,0.454,-32.71,0.506757,0.4544184,-32.71,39.9204,0.0,1.22,1.213,0.175,1.0,43.0
2849,2849,43_59,43_868,1.652858,0.5163235,25.5777,0.3392,2.241727E-6,8.0,8.0,765.0,3038.0,764.4494,3038.5962,764.4494,3038.5962,43.201662282683536,-22.237166974851416,0.866,0.468,-16.8,0.27042,0.14616,-16.8,764.4494,3038.5962,43.201662282683536,-22.237166974851416,0.314801047,0.24768022935,0.314801047,0.24768022935,0.575,0.482,-23.55,0.5749317,0.481596,-23.55,37.4266,0.0,3.16,1.85,0.46,1.0,43.0
2850,2850,43_60,43_867,4.543642,0.8560641,24.4798,0.2046,0.002118346,13.0,13.0,660.0,3038.0,659.8804,3038.0716,659.8804,3038.0716,43.23342962370596,-22.237401623197595,1.048,0.622,54.74,0.19747,0.1172,54.74,659.8804,3038.0716,43.23342962370596,-22.237401623197595,0.35161992067,0.44167697591,0.35161992067,0.44167697591,0.702,0.548,58.91,0.7022132,0.5478992,58.91,34.591,0.0,2.85,1.685,0.406,1.0,43.0
2851,2851,43_61,43_866,0.2225206,0.1894479,27.7549,0.9246,0.0021967,2.0,2.0,639.0,3040.0,639.0,3039.8972,639.0,3039.8972,43.23976499364638,-22.237990584224555,0.419,0.289,90.0,0.35674,0.24577,90.0,639.0,3039.8972,43.23976499364638,-22.237990584224555,0.0833333,0.089813005015,0.0833333,0.089813005015,0.3,0.289,90.0,0.2996882,0.2886751,90.0,34.3788,0.0,-1.55,1.451,0.311,0.999,43.0
2852,2852,43_62,43_865,1.669623,0.5189354,25.5668,0.3375,-5.447421E-5,7.0,7.0,913.0,3038.0,913.2126,3037.9753,913.2126,3037.9753,43.15647249955541,-22.236436837176672,0.732,0.467,60.93,0.22754,0.1451,60.93,913.2126,3037.9753,43.15647249955541,-22.236436837176672,0.16893281138,0.25478589724,0.16893281138,0.25478589724,0.524,0.387,66.8,0.5235566,0.3867909,66.8,42.6892,0.0,2.07,1.568,0.362,1.0,43.0
2853,2853,43_63,43_864,0.9865952,0.3989089,26.138,0.4391,-3.186385E-5,9.0,9.0,849.0,3037.0,848.9490000000001,3037.0784,848.9490000000001,3037.0784,43.175998955681,-22.23642621043177,1.153,0.48,-73.12,0.46634,0.19402,-73.12,848.9490000000001,3037.0784,43.175998955681,-22.23642621043177,0.15235637606,0.35661636951,0.15235637606,0.35661636951,0.602,0.383,80.55,0.6020225,0.3828075,80.55,99.0,0.0,4.17,2.404,0.584,1.0,43.0
2855,2855,43_65,43_862,3.642983,0.7665364,24.7197,0.2285,1.289842E-5,15.0,15.0,960.0,3036.0,960.4369,3035.7365,960.4369,3035.7365,43.142135359598974,-22.23562788208933,1.299,0.525,-40.65,0.27338,0.11046,-40.65,960.4369,3035.7365,43.142135359598974,-22.23562788208933,0.51617535348,0.40354971554,0.51617535348,0.40354971554,0.816,0.504,-37.07,0.8160789,0.5037264,-37.07,42.7735,0.0,4.35,2.475,0.596,1.0,43.0
2856,2856,43_66,43_861,0.789192,0.3567759,26.3803,0.491,-3.318576E-5,6.0,6.0,815.0,3037.0,815.1823999999999,3036.9547,815.1823999999999,3036.9547,43.18625728437681,-22.236517366419346,0.903,0.431,-36.14,0.40803,0.19505,-36.14,815.1823999999999,3036.9547,43.18625728437681,-22.236517366419346,0.40235607014,0.24261764391,0.40235607014,0.24261764391,0.705,0.385,-31.39,0.7050252,0.3845948,-31.39,38.8949,0.0,3.07,2.092,0.522,1.0,43.0
2857,2857,43_67,43_860,2.898215,0.6837061,24.968,0.2562,6.657477E-4,11.0,11.0,708.0,3037.0,708.2891,3037.1503,708.2891,3037.1503,43.21872831044112,-22.23696641083452,0.837,0.664,-40.12,0.19741,0.15663,-40.12,708.2891,3037.1503,43.21872831044112,-22.23696641083452,0.36795950267,0.38442549487,0.36795950267,0.38442549487,0.662,0.561,-48.85,0.6615053,0.5610666,-48.85,37.8128,0.0,2.47,1.26,0.207,1.0,43.0
2858,2858,43_68,43_859,12.11818,1.398051,23.4147,0.1253,-1.68994E-5,11.0,11.0,785.0,3035.0,784.7655,3035.3835,784.7655,3035.3835,43.19550386591377,-22.23618827841521,0.696,0.423,-50.42,0.08031,0.0488,-50.42,784.7655,3035.3835,43.19550386591377,-22.23618827841521,0.13621840074,0.15062404242,0.13621840074,0.15062404242,0.399,0.357,-58.41,0.3992342,0.3570077,-58.41,38.7374,0.0,1.08,1.646,0.392,1.0,43.0
2859,2859,43_69,43_858,0.3205715,0.2273875,27.3585,0.7703,1.598071E-4,4.0,4.0,722.0,3037.0,721.8528,3036.5444,721.8528,3036.5444,43.21461050247856,-22.23674638876573,0.5,0.352,83.28,0.35448,0.24958,83.28,721.8528,3036.5444,43.21461050247856,-22.23674638876573,0.10481960852,0.23478339114,0.10481960852,0.23478339114,0.485,0.324,89.23,0.4845685,0.3237226,89.23,38.2992,0.0,0.75,1.42,0.296,0.966,43.0
2860,2860,43_70,43_857,2.91021,0.6851195,24.9635,0.2557,-0.005992325,8.0,8.0,699.0,3036.0,699.1749,3036.3704,699.1749,3036.3704,43.22150010859461,-22.236780317564627,0.903,0.465,-12.2,0.21468,0.11053,-12.2,699.1749,3036.3704,43.22150010859461,-22.236780317564627,0.39224187906,0.23205569581,0.39224187906,0.23205569581,0.638,0.466,-16.42,0.6383442,0.4656332,-16.42,31.5351,0.0,2.73,1.942,0.485,0.998,43.0
2861,2861,43_71,43_856,0.3798108,0.2475072,27.1744,0.7077,-3.958363E-5,4.0,4.0,838.0,3034.0,838.4141,3034.7755,838.4141,3034.7755,43.17920887124844,-22.235817826407384,0.791,0.299,57.71,0.51575,0.19483,57.71,838.4141,3034.7755,43.17920887124844,-22.235817826407384,0.1820293341,0.28619705951,0.1820293341,0.28619705951,0.609,0.312,56.18,0.6091545,0.3117005,56.18,99.0,0.0,2.83,2.647,0.622,1.0,43.0
2862,2862,43_72,43_855,80.3539,3.600043,21.3608,0.0487,-1.643602E-6,39.0,39.0,766.0,3029.0,766.3049,3028.8525,766.3049,3028.8525,43.201138600418425,-22.234419504390736,1.344,0.657,-81.47,0.06023,0.02942,-81.47,766.3049,3028.8525,43.201138600418425,-22.234419504390736,0.11939920622,0.47658637742,0.11939920622,0.47658637742,0.706,0.312,-76.51,0.7059768,0.3123818,-76.51,37.5432,0.0,2.95,2.048,0.512,1.0,43.0
2863,2863,43_73,43_854,2.524411,0.6380933,25.1179,0.2745,2.436023E-5,9.0,9.0,735.0,3034.0,735.1043,3034.351,735.1043,3034.351,43.21059400388888,-22.23608088132658,0.784,0.65,-66.07,0.19822,0.16439,-66.07,735.1043,3034.351,43.21059400388888,-22.23608088132658,0.32858417114,0.36136821412,0.32858417114,0.36136821412,0.614,0.56,-60.62,0.6136647,0.5597928,-60.62,37.7328,0.0,2.06,1.206,0.171,1.0,43.0
2864,2864,43_74,43_853,25.99958,2.047799,22.5859,0.0855,-5.139091E-5,25.0,25.0,920.0,3032.0,920.1241,3032.168,920.1241,3032.168,43.15439718367353,-22.23477718891205,0.961,0.464,44.15,0.07572,0.03658,44.15,920.1241,3032.168,43.15439718367353,-22.23477718891205,0.097063969628,0.097582414405,0.097063969628,0.097582414405,0.316,0.308,47.76,0.3162613,0.3076121,47.76,45.4213,0.0,1.47,2.07,0.517,0.976,43.0
2865,2865,43_75,43_852,0.8662918,0.3737974,26.2791,0.4686,-3.049411E-5,4.0,4.0,811.0,3035.0,811.3518,3034.5582,811.3518,3034.5582,43.18743085637537,-22.23585753264041,0.523,0.448,52.35,0.22583,0.19332,52.35,811.3518,3034.5582,43.18743085637537,-22.23585753264041,0.17497627178,0.24169130867,0.17497627178,0.24169130867,0.501,0.408,71.07,0.5005884,0.4075278,71.07,39.0891,0.0,1.1,1.168,0.144,1.0,43.0
2866,2866,43_76,43_851,0.1140997,0.1356583,28.4801,1.2912,-1.63724E-5,1.0,1.0,789.0,3034.0,789.0,3034.0,789.0,3034.0,43.19422320524159,-22.235783459886715,0.289,0.289,45.0,0.34321,0.34321,45.0,789.0,3034.0,43.19422320524159,-22.235783459886715,0.0833333,0.0833333,0.0833333,0.0833333,0.289,0.289,45.0,0.2886751,0.2886751,45.0,39.8506,0.0,0.0,1.0,0.0,0.997,43.0
2867,2867,43_77,43_850,0.01997679,0.05676322,30.372,3.0858,1.392754E-5,1.0,1.0,749.0,3034.0,749.0,3034.0,749.0,3034.0,43.20637428717316,-22.235931100665784,0.289,0.289,45.0,0.82024,0.82024,45.0,749.0,3034.0,43.20637428717316,-22.235931100665784,0.0833333,0.0833333,0.0833333,0.0833333,0.289,0.289,45.0,0.2886751,0.2886751,45.0,37.1883,0.0,0.0,1.0,0.0,0.992,43.0
2868,2868,43_78,43_849,0.003777237,0.02468264,32.1804,7.0965,-0.007181461,1.0,1.0,543.0,3032.0,543.0,3032.0,543.0,3032.0,43.2689570264337,-22.23611301317223,0.289,0.289,45.0,1.89054,1.89054,45.0,543.0,3032.0,43.2689570264337,-22.23611301317223,0.0833333,0.0833333,0.0833333,0.0833333,0.289,0.289,45.0,0.2886751,0.2886751,45.0,36.343,0.0,0.0,1.0,0.0,0.772,43.0
2869,2869,43_79,43_848,2.540421,0.6401138,25.111,0.2736,0.001808631,11.0,11.0,613.0,3030.0,613.0686000000001,3029.516,613.0686000000001,3029.516,43.24768361782933,-22.235164168399912,0.822,0.7,74.07,0.20715,0.17636,74.07,613.0686000000001,3029.516,43.24768361782933,-22.235164168399912,0.32645594732,0.3937812906,0.32645594732,0.3937812906,0.631,0.568,76.72,0.6306742,0.5678796,76.72,34.7427,0.0,2.31,1.175,0.149,1.0,43.0
2870,2870,43_80,43_847,0.07417246,0.1093771,28.9477,1.6014,0.001806638,2.0,2.0,599.0,3030.0,599.0,3030.0708,599.0,3030.0708,43.25195477857948,-22.235370699916025,0.386,0.289,90.0,0.56943,0.42568,90.0,599.0,3030.0708,43.25195477857948,-22.235370699916025,0.0833333,0.087535054268,0.0833333,0.087535054268,0.296,0.289,90.0,0.2958632,0.2886751,90.0,34.7847,0.0,0.0,1.338,0.252,0.997,43.0
2871,2871,43_81,43_846,647.42,10.21874,19.0953,0.0171,-0.01242475,10.0,10.0,506.0,3029.0,505.6679,3028.8206,505.6679,3028.8206,43.28030891611635,-22.235350844507995,0.595,0.477,82.34,0.00939,0.00753,82.34,505.6679,3028.8206,43.28030891611635,-22.235350844507995,0.17911824135,0.1716860999,0.17911824135,0.1716860999,0.423,0.414,1.74,0.4232318,0.4143419,1.74,35.6259,0.0,1.39,1.246,0.198,1.0,43.0
2872,2872,43_82,43_845,0.3501588,0.2376494,27.2626,0.7371,-2.422438E-5,2.0,2.0,803.0,3029.0,803.0,3028.5664,803.0,3028.5664,43.18999269825487,-22.234203213876672,0.574,0.289,90.0,0.38924,0.19592,90.0,803.0,3028.5664,43.18999269825487,-22.234203213876672,0.0833333,0.21151643499,0.0833333,0.21151643499,0.46,0.289,90.0,0.4599092,0.2886751,90.0,40.3989,0.0,0.96,1.987,0.497,0.999,43.0
2873,2873,43_83,43_844,1.095589,0.4203664,26.0242,0.4167,0.04575062,8.0,8.0,677.0,3026.0,677.0295,3026.3654,677.0295,3026.3654,43.22826770295848,-22.23404689005684,0.66,0.573,-72.29,0.21998,0.19085,-72.29,677.0295,3026.3654,43.22826770295848,-22.23404689005684,0.11408196327,0.25131736039,0.11408196327,0.25131736039,0.502,0.337,-85.88,0.5020278,0.3367009,-85.88,99.0,0.0,1.51,1.153,0.132,1.0,43.0
2875,2875,43_85,43_842,0.5899773,0.3084763,26.6962,0.5678,-2.832158E-5,3.0,3.0,812.0,3024.0,812.3238,3023.8674,812.3238,3023.8674,43.18717974306434,-22.232846854741062,0.484,0.316,19.78,0.25315,0.16499,19.78,812.3238,3023.8674,43.18717974306434,-22.232846854741062,0.15899780411,0.10867179103,0.15899780411,0.10867179103,0.399,0.33,2.44,0.3988597,0.3295155,2.44,40.2923,0.0,1.09,1.534,0.348,1.0,43.0
2876,2876,43_86,43_841,-0.0987779,4.187633E-5,99.0,99.0,0.1079802,1.0,1.0,699.0,3024.0,699.0,3024.0,699.0,3024.0,43.22160350015694,-22.23330158959028,0.289,0.289,45.0,1.25626,1.25626,45.0,699.0,3024.0,43.22160350015694,-22.23330158959028,0.0833333,0.0833333,0.0833333,0.0833333,0.289,0.289,45.0,0.2886751,0.2886751,45.0,99.0,0.0,0.0,1.0,0.0,0.064,43.0
2877,2877,43_87,43_840,2.821977,0.6746537,24.9969,0.2596,-0.1020305,9.0,9.0,686.0,3023.0,686.2425000000001,3023.1284,686.2425000000001,3023.1284,43.225482274930975,-22.23310292963381,0.941,0.51,35.42,0.27441,0.1487,35.42,686.2425000000001,3023.1284,43.225482274930975,-22.23310292963381,0.47212391929,0.35815656662,0.47212391929,0.35815656662,0.764,0.496,35.13,0.7641485,0.4963441,35.13,28.6154,0.0,3.09,1.845,0.458,0.971,43.0
2879,2879,43_89,43_838,0.04923248,0.08911073,29.3927,1.9657,-3.687366E-5,1.0,1.0,826.0,3023.0,826.0,3023.0,826.0,3023.0,43.18302882353976,-22.23255195625893,0.289,0.289,45.0,0.52249,0.52249,45.0,826.0,3023.0,43.18302882353976,-22.23255195625893,0.0833333,0.0833333,0.0833333,0.0833333,0.289,0.289,45.0,0.2886751,0.2886751,45.0,40.0167,0.0,0.0,1.0,0.0,0.996,43.0
2880,2880,43_90,43_837,0.4611281,0.2727187,26.9637,0.6423,2.950688E-5,5.0,5.0,729.0,3022.0,729.1459,3021.7034,729.1459,3021.7034,43.21245562178095,-22.232545366896503,0.605,0.342,-79.92,0.35761,0.2023,-79.92,729.1459,3021.7034,43.21245562178095,-22.232545366896503,0.098910279934,0.17506403875,0.098910279934,0.17506403875,0.418,0.314,-88.69,0.4184545,0.3144363,-88.69,38.9817,0.0,1.26,1.768,0.434,0.968,43.0
2882,2882,43_92,43_835,0.009764669,0.03968569,31.1492,4.4137,-3.137653E-4,1.0,1.0,584.0,3020.0,584.0,3020.0,584.0,3020.0,43.2565512782493,-22.23259193953059,0.289,0.289,45.0,1.17323,1.17323,45.0,584.0,3020.0,43.2565512782493,-22.23259193953059,0.0833333,0.0833333,0.0833333,0.0833333,0.289,0.289,45.0,0.2886751,0.2886751,45.0,35.3208,0.0,0.0,1.0,0.0,0.962,43.0
2883,2883,43_93,43_834,0.09898528,0.1263542,28.6344,1.3863,-0.002411713,1.0,1.0,567.0,3020.0,567.0,3020.0,567.0,3020.0,43.261714909526034,-22.23265263738836,0.289,0.289,45.0,0.36849,0.36849,45.0,567.0,3020.0,43.261714909526034,-22.23265263738836,0.0833333,0.0833333,0.0833333,0.0833333,0.289,0.289,45.0,0.2886751,0.2886751,45.0,35.6859,0.0,0.0,1.0,0.0,0.997,43.0
2885,2885,43_95,43_832,0.9634281,0.3941975,26.1638,0.4443,-2.380608E-5,8.0,8.0,814.0,3018.0,814.6361999999999,3017.7967,814.6361999999999,3017.7967,43.18650237975113,-22.23113070988772,0.688,0.481,-27.51,0.2813,0.19679,-27.51,814.6361999999999,3017.7967,43.18650237975113,-22.23113070988772,0.27040891242,0.15839404807,0.27040891242,0.15839404807,0.536,0.377,-19.72,0.5356533,0.3766676,-19.72,99.0,0.0,1.64,1.429,0.3,1.0,43.0
2886,2886,43_96,43_831,0.2838524,0.2139689,27.4906,0.8186,0.001374659,3.0,3.0,622.0,3019.0,622.3189,3019.0,622.3189,3019.0,43.244916042635325,-22.2321731913317,0.662,0.289,0.0,0.49904,0.21761,0.0,622.3189,3019.0,43.244916042635325,-22.2321731913317,0.1432227188,0.0833333,0.1432227188,0.0833333,0.378,0.289,0.0,0.3784478,0.2886751,0.0,35.0182,3.0,0.93,2.293,0.564,1.0,43.0
2887,2887,43_97,43_831,0.2819156,0.2132376,27.498,0.8214,0.00138538,2.0,2.0,619.0,3019.0,619.3708,3019.0,619.3708,3019.0,43.24581152506106,-22.232183802608706,0.563,0.289,0.0,0.42562,0.21834,0.0,619.3708,3019.0,43.24581152506106,-22.232183802608706,0.16668654201,0.0833333,0.16668654201,0.0833333,0.408,0.289,0.0,0.4082726,0.2886751,0.0,35.0686,3.0,0.95,1.949,0.487,0.999,43.0
2889,2889,43_99,43_829,0.6695423,0.3286194,26.5589,0.533,3.917596E-6,5.0,5.0,962.0,3017.0,962.0166,3017.3504,962.0166,3017.3504,43.14173305053743,-22.23045006684912,0.623,0.439,25.08,0.30589,0.2153,25.08,962.0166,3017.3504,43.14173305053743,-22.23045006684912,0.14955868446,0.19355920586,0.14955868446,0.19355920586,0.452,0.373,66.09,0.4520154,0.3725587,66.09,43.2839,0.0,1.53,1.421,0.296,1.0,43.0
2890,2890,43_100,43_828,0.02977506,0.06929957,29.9387,2.5276,5.548987E-4,1.0,1.0,699.0,3016.0,699.0,3016.0,699.0,3016.0,43.22163600836037,-22.231051463952262,0.289,0.289,45.0,0.67186,0.67186,45.0,699.0,3016.0,43.22163600836037,-22.231051463952262,0.0833333,0.0833333,0.0833333,0.0833333,0.289,0.289,45.0,0.2886751,0.2886751,45.0,36.4205,0.0,0.0,1.0,0.0,0.995,43.0
2891,2891,43_101,43_827,0.05107017,0.09075863,29.3529,1.93,0.001020378,1.0,1.0,675.0,3016.0,675.0,3016.0,675.0,3016.0,43.22892615655573,-22.231138856789844,0.289,0.289,45.0,0.513,0.513,45.0,675.0,3016.0,43.22892615655573,-22.231138856789844,0.0833333,0.0833333,0.0833333,0.0833333,0.289,0.289,45.0,0.2886751,0.2886751,45.0,35.5875,0.0,0.0,1.0,0.0,0.996,43.0
2892,2892,43_102,43_826,0.289205,0.2159768,27.4703,0.811,-5.447421E-5,3.0,3.0,900.0,3014.0,900.0,3013.8366,900.0,3013.8366,43.16058739222715,-22.22969691364273,0.535,0.289,90.0,0.3999,0.21558,90.0,900.0,3013.8366,43.16058739222715,-22.22969691364273,0.0833333,0.10250903572,0.0833333,0.10250903572,0.32,0.289,90.0,0.3201703,0.2886751,90.0,43.0525,0.0,0.96,1.855,0.461,0.999,43.0
2893,2893,43_103,43_825,1.464958,0.4860902,25.7087,0.3603,-1.211287E-4,7.0,7.0,839.0,3015.0,838.7688,3014.553,838.7688,3014.553,43.17918498060001,-22.230128352071688,0.725,0.489,-9.65,0.2407,0.16229,-9.65,838.7688,3014.553,43.17918498060001,-22.230128352071688,0.29588318624,0.23790868845,0.29588318624,0.23790868845,0.549,0.482,-16.54,0.5490783,0.4819801,-16.54,36.4287,0.0,1.93,1.483,0.326,1.0,43.0
2894,2894,43_104,43_824,0.2091284,0.1836583,27.8223,0.9537,-0.003700647,2.0,2.0,553.0,3014.0,553.0,3014.4539,553.0,3014.4539,43.265989332660666,-22.231142637576344,0.576,0.289,90.0,0.50602,0.25382,90.0,553.0,3014.4539,43.265989332660666,-22.231142637576344,0.0833333,0.22966518412,0.0833333,0.22966518412,0.479,0.289,90.0,0.479234,0.2886751,90.0,34.8737,0.0,0.96,1.994,0.498,0.998,43.0
2895,2895,43_105,43_823,1.389001,0.4733206,25.7665,0.3701,-0.01353385,5.0,5.0,535.0,3014.0,535.3148,3014.4164,535.3148,3014.4164,43.271361094833246,-22.231194891413807,0.556,0.464,87.62,0.19242,0.1606,87.62,535.3148,3014.4164,43.271361094833246,-22.231194891413807,0.15763845411,0.25445846503,0.15763845411,0.25445846503,0.505,0.396,-86.08,0.5048923,0.3964601,-86.08,31.3596,0.0,1.13,1.198,0.165,0.992,43.0
2896,2896,43_106,43_822,3.925695,0.7957239,24.6385,0.2201,-0.6302245,5.0,5.0,530.0,3013.0,529.7433,3013.4077,529.7433,3013.4077,43.273057341099104,-22.23093093863869,0.671,0.407,-72.78,0.30065,0.18259,-72.78,529.7433,3013.4077,43.273057341099104,-22.23093093863869,0.1894716975,0.4146581844,0.1894716975,0.4146581844,0.662,0.407,-72.73,0.6623785,0.406675,-72.73,26.6602,0.0,3.06,1.647,0.393,0.997,43.0
2897,2897,43_107,43_821,0.6148667,0.314916,26.6513,0.5562,-5.447421E-5,4.0,4.0,854.0,3012.0,854.4418000000001,3011.5532,854.4418000000001,3011.5532,43.17443640088504,-22.22922593676701,0.533,0.458,-45.22,0.27284,0.23471,-45.22,854.4418000000001,3011.5532,43.17443640088504,-22.22922593676701,0.22763360328,0.23008054731,0.22763360328,0.23008054731,0.511,0.443,-46.08,0.5110633,0.4433153,-46.08,46.2834,0.0,0.93,1.162,0.14,1.0,43.0
2898,2898,43_108,43_820,0.8878444,0.3784187,26.2525,0.4629,-0.002029871,4.0,4.0,589.0,3011.0,589.2416000000001,3011.4201,589.2416000000001,3011.4201,43.25499347337921,-22.23016004692917,0.517,0.399,-62.0,0.22154,0.17106,-62.0,589.2416000000001,3011.4201,43.25499347337921,-22.23016004692917,0.097685749713,0.23402161994,0.097685749713,0.23402161994,0.487,0.307,-81.36,0.4870757,0.307351,-81.36,32.6926,0.0,1.25,1.295,0.228,1.0,43.0
2900,2900,43_110,43_819,52.15456,2.900349,21.8301,0.0604,-0.005018091,18.0,18.0,519.0,3006.0,519.8326,3006.0,519.8326,3006.0,43.27609684250876,-22.22888260765496,1.137,0.319,-1.69,0.06322,0.01774,-1.69,519.8326,3006.0,43.27609684250876,-22.22888260765496,0.37640986472,0.036714678147,0.37640986472,0.036714678147,0.614,0.192,0.19,0.6135256,0.1916007,0.19,37.773,3.0,3.55,3.563,0.719,1.0,43.0
2901,2901,43_111,43_818,0.05648353,0.09544764,29.2435,1.8352,0.001078063,1.0,1.0,661.0,3011.0,661.0,3011.0,661.0,3011.0,43.23319891327903,-22.22978335736573,0.289,0.289,45.0,0.4878,0.4878,45.0,661.0,3011.0,43.23319891327903,-22.22978335736573,0.0833333,0.0833333,0.0833333,0.0833333,0.289,0.289,45.0,0.2886751,0.2886751,45.0,35.5689,0.0,0.0,1.0,0.0,0.997,43.0
2902,2902,43_112,43_817,3.337653,0.7337106,24.8147,0.2387,0.001023678,10.0,10.0,606.0,3010.0,605.6931,3009.7244,605.6931,3009.7244,43.25000327283036,-22.22962413596816,0.945,0.567,76.97,0.20772,0.12458,76.97,605.6931,3009.7244,43.25000327283036,-22.22962413596816,0.26923555256,0.44611502588,0.26923555256,0.44611502588,0.675,0.51,77.42,0.6748258,0.5098634,77.42,35.6677,0.0,2.75,1.667,0.4,1.0,43.0
2903,2903,43_113,43_816,0.03114808,0.07087937,29.8897,2.4713,3.779281E-4,1.0,1.0,704.0,3010.0,704.0,3010.0,704.0,3010.0,43.22014161890736,-22.229345613351263,0.289,0.289,45.0,0.65689,0.65689,45.0,704.0,3010.0,43.22014161890736,-22.229345613351263,0.0833333,0.0833333,0.0833333,0.0833333,0.289,0.289,45.0,0.2886751,0.2886751,45.0,36.9951,0.0,0.0,1.0,0.0,0.995,43.0
2905,2905,43_115,43_814,0.02610286,0.06488558,30.0816,2.6995,-0.004848189,1.0,1.0,533.0,3010.0,533.0,3010.0,533.0,3010.0,43.27208168636823,-22.229960986403285,0.289,0.289,45.0,0.71862,0.71862,45.0,533.0,3010.0,43.27208168636823,-22.229960986403285,0.0833333,0.0833333,0.0833333,0.0833333,0.289,0.289,45.0,0.2886751,0.2886751,45.0,36.4216,0.0,0.0,1.0,0.0,0.994,43.0
2906,2906,43_116,43_813,0.1525966,0.1568832,28.1644,1.1165,-2.920647E-4,1.0,1.0,943.0,3009.0,943.0,3009.0,943.0,3009.0,43.14754517664579,-22.22817358779405,0.289,0.289,45.0,0.29704,0.29704,45.0,943.0,3009.0,43.14754517664579,-22.22817358779405,0.0833333,0.0833333,0.0833333,0.0833333,0.289,0.289,45.0,0.2886751,0.2886751,45.0,35.0791,0.0,0.0,1.0,0.0,0.997,43.0
2908,2908,43_118,43_811,1.622103,0.5114973,25.5981,0.3424,-1.191363E-4,8.0,8.0,844.0,3005.0,843.6087,3005.2797,843.6087,3005.2797,43.17775323662181,-22.22750187889609,0.755,0.539,81.05,0.23815,0.17005,81.05,843.6087,3005.2797,43.17775323662181,-22.22750187889609,0.25304747036,0.32429179071,0.25304747036,0.32429179071,0.571,0.501,79.98,0.5714764,0.5007534,79.98,36.5052,0.0,2.07,1.4,0.286,1.0,43.0
2909,2909,43_119,43_810,0.5792306,0.3056539,26.7162,0.5731,9.171097E-4,4.0,4.0,642.0,3007.0,641.6337,3006.6968,641.6337,3006.6968,43.23909873703777,-22.228643131275543,0.512,0.426,-37.55,0.27024,0.2246,-37.55,641.6337,3006.6968,43.23909873703777,-22.228643131275543,0.19172300819,0.14221866282,0.19172300819,0.14221866282,0.446,0.368,-19.33,0.4457248,0.3677922,-19.33,35.7207,0.0,1.28,1.203,0.169,1.0,43.0
2910,2910,43_120,43_809,0.1685609,0.1648856,28.0564,1.0623,0.001043438,3.0,3.0,600.0,3007.0,599.6487999999999,3006.9449,599.6487999999999,3006.9449,43.25185030444078,-22.228864075306664,0.485,0.212,11.07,0.47346,0.20744,11.07,599.6487999999999,3006.9449,43.25185030444078,-22.228864075306664,0.13923709499,0.084233569225,0.13923709499,0.084233569225,0.373,0.29,0.88,0.3731624,0.2902077,0.88,99.0,0.0,0.78,2.282,0.562,1.0,43.0
2911,2911,43_121,43_808,0.08455411,0.1167808,28.8055,1.4999,-1.218912E-5,2.0,2.0,796.0,3006.0,795.7993,3006.0,795.7993,3006.0,43.19227311626391,-22.227882575875384,0.494,0.289,0.0,0.68191,0.39869,0.0,795.7993,3006.0,43.19227311626391,-22.227882575875384,0.099585697518,0.0833333,0.099585697518,0.0833333,0.316,0.289,0.0,0.315572,0.2886751,0.0,39.3118,0.0,0.87,1.71,0.415,0.715,43.0
2912,2912,43_122,43_807,0.123457,0.1411114,28.3945,1.2413,-5.837665E-5,2.0,2.0,853.0,3005.0,853.0,3004.9974,853.0,3004.9974,43.174901627927305,-22.227387323796258,0.293,0.289,90.0,0.33501,0.32996,90.0,853.0,3004.9974,43.174901627927305,-22.227387323796258,0.0833333,0.083494288397,0.0833333,0.083494288397,0.289,0.289,90.0,0.2889538,0.2886751,90.0,39.4825,0.0,1.6,1.015,0.015,0.997,43.0
2913,2913,43_123,43_806,2.303329,0.6095119,25.2174,0.2874,1.046356E-6,13.0,13.0,777.0,3003.0,776.701,3003.3242,776.701,3003.3242,43.19808545876887,-22.227200690473424,1.618,0.495,-28.43,0.42808,0.13101,-28.43,776.701,3003.3242,43.19808545876887,-22.227200690473424,1.0835670383,0.46297168823,1.0835670383,0.46297168823,1.154,0.463,-28.13,1.154063,0.4633338,-28.13,38.7069,0.0,5.33,3.268,0.694,1.0,43.0
2914,2914,43_124,43_805,0.3610421,0.2413143,27.2294,0.7259,-3.163217E-5,4.0,4.0,938.0,3004.0,938.1172,3003.6021,938.1172,3003.6021,43.14905118249915,-22.22667378268629,0.514,0.39,62.03,0.34364,0.26036,62.03,938.1172,3003.6021,43.14905118249915,-22.22667378268629,0.055609143187,0.22612633755,0.055609143187,0.22612633755,0.477,0.234,85.45,0.4766671,0.2335037,85.45,44.6116,0.0,1.41,1.32,0.242,1.0,43.0
2916,2916,43_126,43_803,3.762691,0.7790287,24.6846,0.2248,-3.819645E-5,15.0,15.0,932.0,2999.0,932.8774,2999.5362,932.8774,2999.5362,43.15066000247521,-22.22554999511496,1.778,0.736,52.15,0.36822,0.15232,52.15,932.8774,2999.5362,43.15066000247521,-22.22554999511496,0.48830217379,0.4715872386,0.48830217379,0.4715872386,0.718,0.666,-38.29,0.718315,0.6662679,-38.29,44.415,0.0,5.6,2.417,0.586,1.0,43.0
2917,2917,43_127,43_802,5.283617,0.9231448,24.316,0.1897,1.620878E-5,26.0,26.0,985.0,2998.0,983.5147,2998.967,983.5147,2998.967,43.13528003769001,-22.22519690711963,2.518,0.798,-36.28,0.43986,0.13934,-36.28,983.5147,2998.967,43.13528003769001,-22.22519690711963,1.2977589741,1.0369692826,1.2977589741,1.0369692826,1.386,0.643,-40.02,1.385945,0.6433395,-40.02,48.3411,0.0,7.57,3.157,0.683,1.0,43.0
2918,2918,43_128,43_801,0.05182259,0.09142474,29.337,1.9159,-4.428576E-5,1.0,1.0,927.0,3001.0,927.0,3001.0,927.0,3001.0,43.15243924924334,-22.225984037791005,0.289,0.289,45.0,0.50927,0.50927,45.0,927.0,3001.0,43.15243924924334,-22.225984037791005,0.0833333,0.0833333,0.0833333,0.0833333,0.289,0.289,45.0,0.2886751,0.2886751,45.0,99.0,0.0,0.0,1.0,0.0,0.996,43.0
2919,2919,43_129,43_800,0.5303037,0.29246,26.812,0.5989,6.588935E-6,3.0,3.0,773.0,3000.0,773.0,3000.0495,773.0,3000.0495,43.19922312651286,-22.226293290144923,0.697,0.289,90.0,0.38432,0.1592,90.0,773.0,3000.0495,43.19922312651286,-22.226293290144923,0.0833333,0.13509660697,0.0833333,0.13509660697,0.368,0.289,90.0,0.3675549,0.2886751,90.0,39.0242,0.0,1.44,2.414,0.586,1.0,43.0
2920,2920,43_130,43_799,0.6464943,0.3229137,26.5969,0.5424,3.645653E-6,6.0,6.0,973.0,2997.0,972.869,2997.9241,972.869,2997.9241,43.13851836576297,-22.224944252269207,1.071,0.368,73.74,0.53517,0.18367,73.74,972.869,2997.9241,43.13851836576297,-22.224944252269207,0.13887077197,0.36420419958,0.13887077197,0.36420419958,0.623,0.339,72.81,0.622942,0.3391433,72.81,45.1763,0.0,3.7,2.914,0.657,1.0,43.0
2921,2921,43_131,43_798,0.03502592,0.07516211,29.7623,2.3304,0.002977944,1.0,1.0,726.0,3000.0,726.0,3000.0,726.0,3000.0,43.21349978614097,-22.2264524182404,0.289,0.289,45.0,0.59494,0.59494,45.0,726.0,3000.0,43.21349978614097,-22.2264524182404,0.0833333,0.0833333,0.0833333,0.0833333,0.289,0.289,45.0,0.2886751,0.2886751,45.0,99.0,0.0,0.0,1.0,0.0,0.996,43.0
2922,2922,43_132,43_797,0.03722648,0.07748724,29.6962,2.2605,-3.740753E-4,1.0,1.0,688.0,3000.0,688.0,3000.0,688.0,3000.0,43.22504225420749,-22.226591323551087,0.289,0.289,45.0,0.60721,0.60721,45.0,688.0,3000.0,43.22504225420749,-22.226591323551087,0.0833333,0.0833333,0.0833333,0.0833333,0.289,0.289,45.0,0.2886751,0.2886751,45.0,33.8613,0.0,0.0,1.0,0.0,0.996,43.0
2923,2923,43_133,43_796,1.132698,0.4274263,25.988,0.4098,5.659888E-4,7.0,7.0,632.0,2998.0,631.7521,2997.6271,631.7521,2997.6271,43.24213670867359,-22.226127867307973,0.656,0.513,11.91,0.24763,0.19367,11.91,631.7521,2997.6271,43.24213670867359,-22.226127867307973,0.26364399651,0.23036624335,0.26364399651,0.23036624335,0.515,0.479,10.48,0.5146084,0.4787363,10.48,36.4624,0.0,1.83,1.279,0.218,1.0,43.0
2924,2924,43_134,43_795,0.00831243,0.03661578,31.324,4.7838,-3.873795E-4,1.0,1.0,579.0,2999.0,579.0,2999.0,579.0,2999.0,43.25815383384869,-22.226703470307164,0.289,0.289,45.0,1.27159,1.27159,45.0,579.0,2999.0,43.25815383384869,-22.226703470307164,0.0833333,0.0833333,0.0833333,0.0833333,0.289,0.289,45.0,0.2886751,0.2886751,45.0,36.6447,0.0,0.0,1.0,0.0,0.943,43.0
2925,2925,43_135,43_794,0.4830572,0.279128,26.9133,0.6275,-1.220522E-5,4.0,4.0,958.0,2998.0,957.9959,2997.9899,957.9959,2997.9899,43.1430361678167,-22.225019510051062,0.74,0.305,-0.01,0.42735,0.17652,-0.01,957.9959,2997.9899,43.1430361678167,-22.225019510051062,0.19130470486,0.085646408383,0.19130470486,0.085646408383,0.437,0.293,-0.0,0.4373839,0.2926541,-0.0,43.9765,0.0,1.7,2.421,0.587,1.0,43.0
2926,2926,43_136,43_793,0.06087355,0.09908741,29.1622,1.7677,-5.447421E-5,1.0,1.0,883.0,2996.0,883.0,2996.0,883.0,2996.0,43.1658260745621,-22.224743864686744,0.289,0.289,45.0,0.46988,0.46988,45.0,883.0,2996.0,43.1658260745621,-22.224743864686744,0.0833333,0.0833333,0.0833333,0.0833333,0.289,0.289,45.0,0.2886751,0.2886751,45.0,42.5534,0.0,0.0,1.0,0.0,0.997,43.0
2927,2927,43_137,43_792,0.03821489,0.07850918,29.6677,2.2311,-3.506294E-4,1.0,1.0,578.0,2996.0,578.0,2996.0,578.0,2996.0,43.25846954082694,-22.225863280593472,0.289,0.289,45.0,0.59305,0.59305,45.0,578.0,2996.0,43.25846954082694,-22.225863280593472,0.0833333,0.0833333,0.0833333,0.0833333,0.289,0.289,45.0,0.2886751,0.2886751,45.0,36.9684,0.0,0.0,1.0,0.0,0.996,43.0
2928,2928,43_138,43_791,0.6434824,0.3221607,26.602,0.5437,2.121685E-6,5.0,5.0,777.0,2995.0,777.3818,2994.563,777.3818,2994.563,43.19791467904146,-22.22473387987575,0.59,0.44,-35.6,0.29539,0.22034,-35.6,777.3818,2994.563,43.19791467904146,-22.22473387987575,0.2208666464,0.22451964703,0.2208666464,0.22451964703,0.521,0.417,-46.07,0.5210754,0.4169734,-46.07,38.9715,0.0,1.23,1.341,0.254,1.0,43.0
2929,2929,43_139,43_790,1.732138,0.5285613,25.5268,0.3314,2.338637E-5,9.0,9.0,997.0,2993.0,997.3968,2992.7033,997.3968,2992.7033,43.13108953961642,-22.22338180415182,0.943,0.486,-55.35,0.28787,0.1482,-55.35,997.3968,2992.7033,43.13108953961642,-22.22338180415182,0.28030414207,0.34148733285,0.28030414207,0.34148733285,0.633,0.47,-54.93,0.6332256,0.4699115,-54.93,44.3416,0.0,2.7,1.942,0.485,1.0,43.0
2930,2930,43_140,43_789,0.1149361,0.1361546,28.4722,1.2865,-1.207593E-5,2.0,2.0,801.0,2994.0,801.4871,2994.0,801.4871,2994.0,43.19059487747369,-22.22448615730419,0.577,0.289,0.0,0.68376,0.34196,0.0,801.4871,2994.0,43.19059487747369,-22.22448615730419,0.26015157421,0.0833333,0.26015157421,0.0833333,0.51,0.289,0.0,0.5100505,0.2886751,0.0,39.845,0.0,0.96,1.999,0.5,0.997,43.0
2931,2931,43_141,43_788,0.1145243,0.1359105,28.4761,1.2888,-2.546185E-5,1.0,1.0,947.0,2992.0,947.0,2992.0,947.0,2992.0,43.14640167406993,-22.223376494966733,0.289,0.289,45.0,0.34257,0.34257,45.0,947.0,2992.0,43.14640167406993,-22.223376494966733,0.0833333,0.0833333,0.0833333,0.0833333,0.289,0.289,45.0,0.2886751,0.2886751,45.0,99.0,0.0,0.0,1.0,0.0,0.997,43.0
2933,2933,43_143,43_786,0.0417286,0.08203913,29.5722,2.1351,1.388979E-5,1.0,1.0,759.0,2992.0,759.0,2992.0,759.0,2992.0,43.20350872195868,-22.22408088338324,0.289,0.289,45.0,0.56753,0.56753,45.0,759.0,2992.0,43.20350872195868,-22.22408088338324,0.0833333,0.0833333,0.0833333,0.0833333,0.289,0.289,45.0,0.2886751,0.2886751,45.0,39.2274,0.0,0.0,1.0,0.0,0.996,43.0
2934,2934,43_144,43_785,0.9349287,0.3883232,26.1964,0.4511,-9.9995E-6,6.0,6.0,801.0,2990.0,800.3522,2989.7332,800.3522,2989.7332,43.19095721295183,-22.223290226326487,0.755,0.405,41.49,0.3134,0.16812,41.49,800.3522,2989.7332,43.19095721295183,-22.223290226326487,0.26250585102,0.18243154862,0.26250585102,0.18243154862,0.553,0.373,30.71,0.553307,0.3725437,30.71,40.3616,0.0,1.98,1.864,0.464,1.0,43.0
2935,2935,43_145,43_784,0.03724229,0.07750369,29.6957,2.26,2.874095E-5,1.0,1.0,731.0,2991.0,731.0,2991.0,731.0,2991.0,43.21201777955636,-22.223902649770324,0.289,0.289,45.0,0.60074,0.60074,45.0,731.0,2991.0,43.21201777955636,-22.223902649770324,0.0833333,0.0833333,0.0833333,0.0833333,0.289,0.289,45.0,0.2886751,0.2886751,45.0,40.592,0.0,0.0,1.0,0.0,0.996,43.0
2936,2936,43_146,43_783,2.502432,0.6353095,25.1274,0.2757,3.114298E-4,14.0,14.0,633.0,2990.0,632.1498,2990.3354,632.1498,2990.3354,43.242045257650354,-22.22407556723897,1.675,0.566,1.31,0.42508,0.14365,1.31,632.1498,2990.3354,43.242045257650354,-22.22407556723897,0.56923937832,0.30318674743,0.56923937832,0.30318674743,0.768,0.531,15.16,0.7683172,0.5311449,15.16,99.0,0.0,5.8,2.959,0.662,1.0,43.0
2937,2937,43_147,43_782,1.829769,0.5432532,25.4673,0.3224,3.049236E-6,7.0,7.0,975.0,2989.0,974.9851,2988.5977,974.9851,2988.5977,43.13791499497601,-22.222312749176023,0.734,0.497,-0.98,0.21779,0.14758,-0.98,974.9851,2988.5977,43.13791499497601,-22.222312749176023,0.32418828538,0.23152316001,0.32418828538,0.23152316001,0.569,0.481,-2.11,0.5694861,0.4810375,-2.11,99.0,0.0,2.18,1.476,0.322,1.0,43.0
2938,2938,43_148,43_781,0.5540373,0.2989329,26.7645,0.586,6.256138E-6,4.0,4.0,766.0,2989.0,766.3097,2989.3985,766.3097,2989.3985,43.2012990711077,-22.22332217370144,0.536,0.408,-51.19,0.28914,0.22006,-51.19,766.3097,2989.3985,43.2012990711077,-22.22332217370144,0.15097146008,0.22661813892,0.15097146008,0.22661813892,0.491,0.37,-68.19,0.4909648,0.3695175,-68.19,38.8549,0.0,1.66,1.314,0.239,1.0,43.0
2939,2939,43_149,43_780,0.2784926,0.2119391,27.5113,0.8265,0.00377947,3.0,3.0,909.0,2988.0,908.6589,2987.8545,908.6589,2987.8545,43.15806585886567,-22.22235585419154,0.495,0.322,-22.33,0.36922,0.24042,-22.33,908.6589,2987.8545,43.15806585886567,-22.22235585419154,0.20501692579,0.12306656692,0.20501692579,0.12306656692,0.453,0.35,-4.08,0.4532508,0.3502102,-4.08,99.0,0.0,1.12,1.536,0.349,1.0,43.0
2940,2940,43_150,43_779,0.6186811,0.3158912,26.6446,0.5545,-8.403927E-6,4.0,4.0,800.0,2985.0,800.1417,2985.425,800.1417,2985.425,43.19103892608281,-22.22207921657914,0.605,0.35,-44.93,0.30915,0.17891,-44.93,800.1417,2985.425,43.19103892608281,-22.22207921657914,0.093397128614,0.23697641142,0.093397128614,0.23697641142,0.498,0.287,-75.14,0.4978525,0.2872567,-75.14,41.9645,0.0,1.67,1.728,0.421,1.0,43.0
2941,2941,43_151,43_778,0.8477753,0.369781,26.3026,0.4737,6.970601E-5,5.0,5.0,643.0,2986.0,642.5954,2985.3959,642.5954,2985.3959,43.23889248297047,-22.222648540635955,0.634,0.452,64.52,0.27635,0.19722,64.52,642.5954,2985.3959,43.23889248297047,-22.222648540635955,0.19283092274,0.26129900966,0.19283092274,0.26129900966,0.519,0.43,72.23,0.5187874,0.4301041,72.23,99.0,0.0,1.7,1.401,0.286,1.0,43.0
2942,2942,43_152,43_777,0.7560136,0.3491958,26.427,0.5016,1.102148E-5,5.0,5.0,777.0,2985.0,776.8247,2984.4834,776.8247,2984.4834,43.198125341000654,-22.22190081582041,0.707,0.449,-23.72,0.32668,0.20726,-23.72,776.8247,2984.4834,43.198125341000654,-22.22190081582041,0.2609379603,0.24520892911,0.2609379603,0.24520892911,0.544,0.458,-39.72,0.5440817,0.4583906,-39.72,99.0,0.0,2.34,1.576,0.366,1.0,43.0
2943,2943,43_153,43_776,0.5781706,0.3053741,26.7182,0.5736,2.217375E-6,5.0,5.0,601.0,2984.0,600.7489,2984.0064,600.7489,2984.0064,43.25160804551809,-22.222408513093864,0.553,0.397,63.04,0.29195,0.2097,63.04,600.7489,2984.0064,43.25160804551809,-22.222408513093864,0.14920645635,0.14654865867,0.14920645635,0.14654865867,0.391,0.378,36.75,0.3905834,0.3784174,36.75,99.0,0.0,1.15,1.392,0.282,1.0,43.0
2944,2944,43_154,43_775,0.2480076,0.2000031,27.6371,0.8758,3.135813E-5,2.0,2.0,710.0,2984.0,710.056,2984.0,710.056,2984.0,43.21840792436733,-22.222010528920933,0.369,0.289,0.0,0.29761,0.23279,0.0,710.056,2984.0,43.21840792436733,-22.222010528920933,0.08660788659,0.0833333,0.08660788659,0.0833333,0.294,0.289,0.0,0.2942922,0.2886751,0.0,99.0,0.0,0.0,1.278,0.218,0.999,43.0
2946,2946,43_156,43_773,0.1944216,0.1770828,27.9014,0.9891,2.239929E-4,3.0,3.0,547.0,2982.0,547.383,2982.0181,547.383,2982.0181,43.26782430745536,-22.222039984077853,0.566,0.317,2.91,0.5154,0.28873,2.91,547.383,2982.0181,43.26782430745536,-22.222039984077853,0.1656869431,0.083793682123,0.1656869431,0.083793682123,0.407,0.289,0.29,0.4070492,0.2894677,0.29,40.9649,0.0,0.89,1.785,0.44,1.0,43.0
2947,2947,43_157,43_772,1.953402,0.5613064,25.3963,0.3121,1.854285E-4,7.0,7.0,520.0,2982.0,520.3102,2982.0845,520.3102,2982.0845,43.27604643319032,-22.22215470692676,0.673,0.608,49.42,0.19331,0.17471,49.42,520.3102,2982.0845,43.27604643319032,-22.22215470692676,0.29759117067,0.26408847542,0.29759117067,0.26408847542,0.554,0.505,25.1,0.5540824,0.5046507,25.1,35.6566,0.0,1.87,1.106,0.096,1.0,43.0
2948,2948,43_158,43_771,0.5224131,0.2902761,26.8283,0.6034,2.064784E-5,4.0,4.0,756.0,2981.0,756.1493,2980.8732,756.1493,2980.8732,43.204420232829,-22.220961740224134,0.746,0.296,-73.11,0.41446,0.1643,-73.11,756.1493,2980.8732,43.204420232829,-22.220961740224134,0.099188017449,0.26441225614,0.099188017449,0.26441225614,0.516,0.313,-84.56,0.5156793,0.3125302,-84.56,40.7499,0.0,1.76,2.523,0.604,1.0,43.0
2949,2949,43_159,43_770,0.001901807,0.01751408,32.9254,10.0012,1.21086E-5,1.0,1.0,982.0,2981.0,982.0,2981.0,982.0,2981.0,43.135816245398495,-22.220148765291672,0.289,0.289,45.0,2.65046,2.65046,45.0,982.0,2981.0,43.135816245398495,-22.220148765291672,0.0833333,0.0833333,0.0833333,0.0833333,0.289,0.289,45.0,0.2886751,0.2886751,45.0,99.0,0.0,0.0,1.0,0.0,0.48,43.0
2950,2950,43_160,43_769,0.005727019,0.03039264,31.7285,5.7633,3.03665E-5,2.0,2.0,690.0,2981.0,689.6985,2981.0,689.6985,2981.0,43.22460346254195,-22.22124108490546,0.542,0.289,0.0,2.87835,1.53253,0.0,689.6985,2981.0,43.22460346254195,-22.22124108490546,0.11384783913,0.0833333,0.11384783913,0.0833333,0.337,0.289,0.0,0.3374135,0.2886751,0.0,38.833,0.0,0.93,1.878,0.468,0.672,43.0
2951,2951,43_161,43_768,0.2316121,0.1932791,27.7114,0.9063,-1.832185E-5,1.0,1.0,960.0,2980.0,960.0,2980.0,960.0,2980.0,43.14250330990617,-22.21995152165652,0.289,0.289,45.0,0.24089,0.24089,45.0,960.0,2980.0,43.14250330990617,-22.21995152165652,0.0833333,0.0833333,0.0833333,0.0833333,0.289,0.289,45.0,0.2886751,0.2886751,45.0,41.0478,0.0,0.0,1.0,0.0,0.997,43.0
2952,2952,43_162,43_767,2.683951,0.6579478,25.0514,0.2662,-3.24968E-5,11.0,11.0,836.0,2978.0,836.0342,2977.9798,836.0342,2977.9798,43.18016733013538,-22.219851312583813,0.794,0.686,62.19,0.19457,0.16827,62.19,836.0342,2977.9798,43.18016733013538,-22.219851312583813,0.36455473915,0.43201112012,0.36455473915,0.43201112012,0.665,0.595,69.85,0.6652089,0.5950319,69.85,42.0778,0.0,2.49,1.156,0.135,1.0,43.0
2953,2953,43_163,43_766,3.197377,0.7181267,24.8613,0.2439,3.295953E-5,22.0,22.0,692.0,2977.0,692.5635,2977.1156,692.5635,2977.1156,43.22374903483822,-22.220138084399554,1.597,0.944,-19.17,0.35876,0.21192,-19.17,692.5635,2977.1156,43.22374903483822,-22.220138084399554,0.80813219685,0.67651037827,0.80813219685,0.67651037827,0.91,0.811,-19.75,0.9097306,0.8105756,-19.75,38.7802,0.0,5.83,1.693,0.409,1.0,43.0
2954,2954,43_164,43_765,2.208066,0.5967744,25.2633,0.2935,3.059772E-5,7.0,7.0,662.0,2979.0,662.3017,2979.4544,662.3017,2979.4544,43.23293104512511,-22.220906026450265,0.677,0.526,-21.61,0.18297,0.14209,-21.61,662.3017,2979.4544,43.23293104512511,-22.220906026450265,0.27700936694,0.25569560655,0.27700936694,0.25569560655,0.538,0.493,-31.23,0.5379647,0.4932534,-31.23,38.1745,0.0,1.93,1.288,0.223,1.0,43.0
2955,2955,43_165,43_764,0.4227516,0.261124,27.0581,0.6708,2.184726E-5,4.0,4.0,648.0,2980.0,648.2818,2979.7213,648.2818,2979.7213,43.23718823392197,-22.22103191604608,0.591,0.344,36.73,0.36511,0.21253,36.73,648.2818,2979.7213,43.23718823392197,-22.22103191604608,0.17897136489,0.12486027121,0.17897136489,0.12486027121,0.443,0.328,26.28,0.443189,0.3277425,26.28,37.8908,0.0,1.72,1.718,0.418,1.0,43.0
2956,2956,43_166,43_763,0.2712485,0.2091644,27.5399,0.8374,1.486472E-5,2.0,2.0,991.0,2979.0,991.0,2978.5286,991.0,2978.5286,43.13309282223872,-22.21941911606193,0.577,0.289,90.0,0.44464,0.22259,90.0,991.0,2978.5286,43.13309282223872,-22.21941911606193,0.0833333,0.23708916338,0.0833333,0.23708916338,0.487,0.289,90.0,0.486918,0.2886751,90.0,99.0,0.0,0.96,1.998,0.499,0.999,43.0
2957,2957,43_167,43_762,0.0109154,0.04195889,31.0282,4.1746,-2.531541E-5,1.0,1.0,827.0,2979.0,827.0,2979.0,827.0,2979.0,43.18290724718053,-22.22017201245557,0.289,0.289,45.0,1.10966,1.10966,45.0,827.0,2979.0,43.18290724718053,-22.22017201245557,0.0833333,0.0833333,0.0833333,0.0833333,0.289,0.289,45.0,0.2886751,0.2886751,45.0,41.1338,0.0,0.0,1.0,0.0,0.971,43.0
2958,2958,43_168,43_761,0.4111221,0.2575073,27.0884,0.6802,-1.307448E-5,3.0,3.0,964.0,2977.0,964.0,2977.0112,964.0,2977.0112,43.141300877458384,-22.219095546771005,0.805,0.289,90.0,0.50434,0.18081,90.0,964.0,2977.0112,43.141300877458384,-22.219095546771005,0.0833333,0.30622642315,0.0833333,0.30622642315,0.553,0.289,90.0,0.5533773,0.2886751,90.0,99.0,0.0,2.44,2.789,0.641,1.0,43.0
2959,2959,43_169,43_760,2.216903,0.5979674,25.2589,0.2929,2.219613E-5,9.0,9.0,768.0,2976.0,768.348,2975.5381,768.348,2975.5381,43.20073685471874,-22.21941608768669,0.962,0.572,88.88,0.25959,0.1544,88.88,768.348,2975.5381,43.20073685471874,-22.21941608768669,0.25672139596,0.48010152146,0.25672139596,0.48010152146,0.693,0.506,87.54,0.6931908,0.5062702,87.54,39.3465,0.0,2.69,1.681,0.405,1.0,43.0
2960,2960,43_170,43_759,0.5479664,0.2972906,26.7764,0.5892,2.766665E-5,4.0,4.0,751.0,2977.0,751.1746,2976.5421,751.1746,2976.5421,43.20594900689476,-22.219761862508328,0.505,0.371,76.17,0.27394,0.2011,76.17,751.1746,2976.5421,43.20594900689476,-22.219761862508328,0.046415014125,0.24179927398,0.046415014125,0.24179927398,0.492,0.215,87.63,0.4920722,0.2146608,87.63,39.4778,0.0,1.02,1.362,0.266,1.0,43.0
2964,2964,43_174,43_755,1.386128,0.4728309,25.7688,0.3705,5.694292E-4,6.0,6.0,891.0,2974.0,891.2698,2974.1994,891.2698,2974.1994,43.163405110975056,-22.218580566840867,0.686,0.514,64.79,0.23355,0.17498,64.79,891.2698,2974.1994,43.163405110975056,-22.218580566840867,0.22131425377,0.27265961561,0.22131425377,0.27265961561,0.531,0.46,68.63,0.5309846,0.4604662,68.63,99.0,0.0,2.04,1.335,0.251,1.0,43.0
2966,2966,43_176,43_753,0.1290002,0.1442445,28.3468,1.2143,3.683407E-4,2.0,2.0,669.0,2974.0,669.092,2973.908,669.092,2973.908,43.23089106450611,-22.21932136340589,0.5,0.289,-45.0,0.55814,0.32194,45.0,669.092,2973.908,43.23089106450611,-22.21932136340589,0.083450345408,0.083450345408,0.083450345408,0.083450345408,0.289,0.289,45.0,0.2890803,0.2886751,45.0,99.0,0.0,2.17,1.734,0.423,0.998,43.0
2967,2967,43_177,43_752,0.1353047,0.1477272,28.295,1.1857,4.761817E-6,1.0,1.0,599.0,2973.0,599.0,2973.0,599.0,2973.0,43.25218331298431,-22.21931915656733,0.289,0.289,45.0,0.31517,0.31517,45.0,599.0,2973.0,43.25218331298431,-22.21931915656733,0.0833333,0.0833333,0.0833333,0.0833333,0.289,0.289,45.0,0.2886751,0.2886751,45.0,37.2391,0.0,0.0,1.0,0.0,0.997,43.0
2969,2969,43_179,43_750,0.3195847,0.2270373,27.3618,0.7715,-1.940091E-5,4.0,4.0,953.0,2971.0,953.3303,2970.7239,953.3303,2970.7239,43.14456844656505,-22.21736768781421,0.525,0.381,-40.3,0.37309,0.27076,-40.3,953.3303,2970.7239,43.14456844656505,-22.21736768781421,0.18040145587,0.15436174357,0.18040145587,0.15436174357,0.432,0.385,-23.85,0.4321217,0.3847519,-23.85,42.5223,0.0,0.94,1.378,0.274,1.0,43.0
2970,2970,43_180,43_749,0.5562597,0.2995318,26.7601,0.5848,-1.900406E-6,4.0,4.0,814.0,2971.0,814.0359000000001,2970.5271,814.0359000000001,2970.5271,43.1868801196388,-22.21783710767436,0.574,0.346,-51.84,0.30888,0.18657,-51.84,814.0359000000001,2970.5271,43.1868801196388,-22.21783710767436,0.047734667161,0.21827870437,0.047734667161,0.21827870437,0.47,0.211,-82.47,0.4704398,0.2114232,-82.47,39.4458,0.0,1.27,1.656,0.396,1.0,43.0
2971,2971,43_181,43_748,0.06410384,0.1016825,29.1061,1.7226,3.259859E-5,1.0,1.0,659.0,2971.0,659.0,2971.0,659.0,2971.0,43.23396803908464,-22.218540092016557,0.289,0.289,45.0,0.45788,0.45788,45.0,659.0,2971.0,43.23396803908464,-22.218540092016557,0.0833333,0.0833333,0.0833333,0.0833333,0.289,0.289,45.0,0.2886751,0.2886751,45.0,37.2311,0.0,0.0,1.0,0.0,0.997,43.0
2972,2972,43_182,43_747,0.8214939,0.3640042,26.3368,0.4812,9.828501E-4,4.0,4.0,566.0,2970.0,566.1684,2970.0841,566.1684,2970.0841,43.26216641676547,-22.218616571311777,0.521,0.372,-83.83,0.23075,0.16492,-83.83,566.1684,2970.0841,43.26216641676547,-22.218616571311777,0.12146954877,0.13994725062,0.12146954877,0.13994725062,0.374,0.348,-87.3,0.3741503,0.3484657,-87.3,37.6937,0.0,1.17,1.399,0.285,1.0,43.0
2973,2973,43_183,43_746,0.1985962,0.1789739,27.8784,0.9787,-1.295414E-4,3.0,3.0,986.0,2970.0,985.8888,2969.8019,985.8888,2969.8019,43.13468240568788,-22.21698396092617,0.472,0.186,54.3,0.42592,0.16818,54.3,985.8888,2969.8019,43.13468240568788,-22.21698396092617,0.083540127922,0.089245338632,0.083540127922,0.089245338632,0.299,0.289,87.94,0.298752,0.2890203,87.94,35.8422,0.0,1.64,2.532,0.605,1.0,43.0
2974,2974,43_184,43_745,0.02405379,0.06228678,30.1703,2.8122,8.562733E-5,2.0,2.0,737.0,2970.0,737.2207,2970.0,737.2207,2970.0,43.21021410541513,-22.21797312260439,0.505,0.289,0.0,1.306,0.74612,0.0,737.2207,2970.0,43.21021410541513,-22.21797312260439,0.10205867172,0.0833333,0.10205867172,0.0833333,0.319,0.289,0.0,0.3194662,0.2886751,0.0,99.0,0.0,0.88,1.75,0.429,0.995,43.0
2976,2976,43_186,43_743,1.160076,0.4325611,25.9621,0.4049,0.002111094,6.0,6.0,527.0,2969.0,526.8486,2968.8922,526.8486,2968.8922,43.2741129098383,-22.218421209685417,0.894,0.34,-82.08,0.33345,0.12681,-82.08,526.8486,2968.8922,43.2741129098383,-22.218421209685417,0.075148754753,0.32353506073,0.075148754753,0.32353506073,0.571,0.27,-84.53,0.5708205,0.2699033,-84.53,35.2754,0.0,2.21,2.629,0.62,0.996,43.0
2977,2977,43_187,43_742,2.479711,0.6324188,25.1373,0.277,-9.54173E-5,15.0,15.0,961.0,2967.0,959.7683,2966.3883,959.7683,2966.3883,43.1426311552402,-22.216123590893275,1.205,0.64,29.17,0.30751,0.16324,29.17,959.7683,2966.3883,43.1426311552402,-22.216123590893275,0.59755191271,0.35103118366,0.59755191271,0.35103118366,0.829,0.511,27.32,0.8290322,0.5111639,27.32,36.3572,0.0,3.58,1.884,0.469,1.0,43.0
2978,2978,43_188,43_741,0.5598284,0.3004911,26.7532,0.5829,-4.056445E-5,3.0,3.0,865.0,2968.0,865.1714,2967.6409,865.1714,2967.6409,43.1713598942287,-22.216834012057408,0.512,0.332,62.8,0.27463,0.17834,62.8,865.1714,2967.6409,43.1713598942287,-22.216834012057408,0.058398158822,0.17016736512,0.058398158822,0.17016736512,0.414,0.238,83.19,0.4144693,0.2382871,83.19,41.2675,0.0,1.26,1.54,0.351,1.0,43.0
2979,2979,43_189,43_740,0.3299186,0.2306787,27.3273,0.7593,2.083978E-5,3.0,3.0,797.0,2967.0,796.6849,2967.0022,796.6849,2967.0022,43.19216490379114,-22.216910169631937,0.547,0.293,0.19,0.38243,0.20453,0.19,796.6849,2967.0022,43.19216490379114,-22.216910169631937,0.12399310252,0.083574105767,0.12399310252,0.083574105767,0.352,0.289,0.01,0.3521265,0.2890919,0.01,38.5956,0.0,0.93,1.87,0.465,1.0,43.0
2981,2981,43_191,43_738,0.02344011,0.0614871,30.1984,2.8487,5.886601E-5,1.0,1.0,748.0,2967.0,748.0,2967.0,748.0,2967.0,43.206952332630834,-22.21708963654359,0.289,0.289,45.0,0.75693,0.75693,45.0,748.0,2967.0,43.206952332630834,-22.21708963654359,0.0833333,0.0833333,0.0833333,0.0833333,0.289,0.289,45.0,0.2886751,0.2886751,45.0,99.0,0.0,0.0,1.0,0.0,0.994,43.0
2982,2982,43_192,43_737,0.2009959,0.1800519,27.8653,0.9728,0.002798804,3.0,3.0,700.0,2967.0,700.1059,2966.6099,700.1059,2966.6099,43.22150086623946,-22.21715563811161,0.499,0.289,75.01,0.43806,0.25389,75.01,700.1059,2966.6099,43.22150086623946,-22.21715563811161,0.1048671424,0.19901697718,0.1048671424,0.19901697718,0.446,0.324,88.21,0.446216,0.3236904,88.21,99.0,0.0,1.35,1.725,0.42,1.0,43.0
2983,2983,43_193,43_736,0.01144538,0.04296544,30.9767,4.0768,1.194958E-4,1.0,1.0,981.0,2965.0,981.0,2965.0,981.0,2965.0,43.136187761144,-22.21565195167741,0.289,0.289,45.0,1.07804,1.07804,45.0,981.0,2965.0,43.136187761144,-22.21565195167741,0.0833333,0.0833333,0.0833333,0.0833333,0.289,0.289,45.0,0.2886751,0.2886751,45.0,99.0,0.0,0.0,1.0,0.0,0.974,43.0
2984,2984,43_194,43_735,0.4235709,0.2613769,27.056,0.6701,-3.712198E-5,3.0,3.0,874.0,2964.0,874.0,2964.1166,874.0,2964.1166,43.16869292072991,-22.215809503013165,0.687,0.289,90.0,0.42404,0.17813,90.0,874.0,2964.1166,43.16869292072991,-22.215809503013165,0.0833333,0.13605545751,0.0833333,0.13605545751,0.369,0.289,90.0,0.368857,0.2886751,90.0,40.7255,0.0,1.41,2.38,0.58,1.0,43.0
2985,2985,43_195,43_734,0.1911378,0.1755809,27.9199,0.9976,8.775241E-6,2.0,2.0,811.0,2965.0,811.0,2964.7241,811.0,2964.7241,43.187826237317296,-22.216216161630644,0.532,0.289,90.0,0.48876,0.26517,90.0,811.0,2964.7241,43.187826237317296,-22.216216161630644,0.0833333,0.10992156622,0.0833333,0.10992156622,0.332,0.289,90.0,0.3315442,0.2886751,90.0,38.6805,0.0,0.91,1.843,0.457,0.999,43.0
2986,2986,43_196,43_733,0.003830777,0.02485694,32.1651,7.0468,2.816558E-5,1.0,1.0,793.0,2965.0,793.0,2965.0,793.0,2965.0,43.19329240761898,-22.21636068153132,0.289,0.289,45.0,1.8732,1.8732,45.0,793.0,2965.0,43.19329240761898,-22.21636068153132,0.0833333,0.0833333,0.0833333,0.0833333,0.289,0.289,45.0,0.2886751,0.2886751,45.0,38.2952,0.0,0.0,1.0,0.0,0.776,43.0
2987,2987,43_197,43_732,0.08238265,0.1152715,28.8337,1.5196,2.003834E-5,1.0,1.0,636.0,2965.0,636.0,2965.0,636.0,2965.0,43.2409778564955,-22.216935800374216,0.289,0.289,45.0,0.40391,0.40391,45.0,636.0,2965.0,43.2409778564955,-22.216935800374216,0.0833333,0.0833333,0.0833333,0.0833333,0.289,0.289,45.0,0.2886751,0.2886751,45.0,36.7664,0.0,0.0,1.0,0.0,0.997,43.0
2988,2988,43_198,43_731,0.01502042,0.04922041,30.6816,3.5587,-2.175348E-5,1.0,1.0,943.0,2963.0,943.0,2963.0,943.0,2963.0,43.14773888385198,-22.215234380012568,0.289,0.289,45.0,0.94594,0.94594,45.0,943.0,2963.0,43.14773888385198,-22.215234380012568,0.0833333,0.0833333,0.0833333,0.0833333,0.289,0.289,45.0,0.2886751,0.2886751,45.0,42.4394,0.0,0.0,1.0,0.0,0.986,43.0
2989,2989,43_199,43_730,0.1091205,0.1326653,28.5285,1.3203,2.371257E-4,2.0,2.0,732.0,2962.0,732.0,2962.3019,732.0,2962.3019,43.21183126136126,-22.215827063062903,0.542,0.289,90.0,0.6582,0.35036,90.0,732.0,2962.3019,43.21183126136126,-22.215827063062903,0.0833333,0.11381356509,0.0833333,0.11381356509,0.337,0.289,90.0,0.3373626,0.2886751,90.0,99.0,0.0,0.92,1.879,0.468,0.998,43.0
2990,2990,43_200,43_729,0.6824582,0.3317739,26.5381,0.528,2.688053E-5,4.0,4.0,658.0,2963.0,657.5175,2962.6068,657.5175,2962.6068,43.23445222536593,-22.216184767627947,0.508,0.479,33.51,0.2471,0.2331,33.51,657.5175,2962.6068,43.23445222536593,-22.216184767627947,0.24724134486,0.20367755586,0.24724134486,0.20367755586,0.5,0.448,13.51,0.499911,0.4483391,13.51,36.8492,0.0,0.95,1.06,0.057,1.0,43.0
2991,2991,43_201,43_728,0.383685,0.2487663,27.1634,0.7041,1.999585E-4,3.0,3.0,594.0,2962.0,594.3054999999999,2962.0599,594.3054999999999,2962.0599,43.25365290733611,-22.21625901556132,0.463,0.233,-6.6,0.30013,0.15091,-6.6,594.3054999999999,2962.0599,43.25365290733611,-22.21625901556132,0.13017409076,0.09055476425,0.13017409076,0.09055476425,0.361,0.301,-0.52,0.360801,0.3009178,-0.52,36.9194,0.0,1.01,1.989,0.497,1.0,43.0
2992,2992,43_202,43_727,0.08991282,0.1204245,28.7387,1.4545,-4.867929E-5,1.0,1.0,621.0,2962.0,621.0,2962.0,621.0,2962.0,43.24554567948,-22.216146160139505,0.289,0.289,45.0,0.38677,0.38677,45.0,621.0,2962.0,43.24554567948,-22.216146160139505,0.0833333,0.0833333,0.0833333,0.0833333,0.289,0.289,45.0,0.2886751,0.2886751,45.0,35.9212,0.0,0.0,1.0,0.0,0.997,43.0
2993,2993,43_203,43_726,1.510764,0.4936311,25.6753,0.3548,0.00141344,8.0,8.0,570.0,2961.0,570.0625,2961.1349,570.0625,2961.1349,43.261019423233,-22.216085654962125,0.675,0.605,-24.8,0.22052,0.19766,-24.8,570.0625,2961.1349,43.261019423233,-22.216085654962125,0.2765689965,0.24228705111,0.2765689965,0.24228705111,0.528,0.489,-15.13,0.5284637,0.4894713,-15.13,37.3441,0.0,1.86,1.116,0.104,1.0,43.0
2994,2994,43_204,43_725,0.1759502,0.1684609,28.0098,1.0398,2.204552E-5,3.0,3.0,643.0,2961.0,642.8854,2960.625,642.8854,2960.625,43.23890426738508,-22.21568037742595,0.515,0.265,66.42,0.49347,0.25372,66.42,642.8854,2960.625,43.23890426738508,-22.21568037742595,0.08600549564,0.14526365814,0.08600549564,0.14526365814,0.381,0.293,87.59,0.381273,0.2930872,87.59,36.7209,0.0,0.61,1.945,0.486,0.996,43.0
2996,2996,43_206,43_723,2.028785,0.5720344,25.3552,0.3062,1.126345E-5,10.0,10.0,815.0,2959.0,815.544,2958.6748,815.544,2958.6748,43.186471057229234,-22.214497705307533,0.996,0.529,-31.14,0.28082,0.14925,-31.14,815.544,2958.6748,43.186471057229234,-22.214497705307533,0.41544545166,0.30607867416,0.41544545166,0.30607867416,0.699,0.483,-32.33,0.6989483,0.4826959,-32.33,38.4775,0.0,2.79,1.882,0.469,1.0,43.0
2998,2998,43_208,43_721,0.4026128,0.2548285,27.1111,0.6874,4.972939E-5,4.0,4.0,753.0,2958.0,753.3946,2958.5029,753.3946,2958.5029,43.20534862775672,-22.214679755351547,0.595,0.367,46.45,0.37675,0.23219,46.45,753.3946,2958.5029,43.20534862775672,-22.214679755351547,0.18847847955,0.23735311544,0.18847847955,0.23735311544,0.551,0.349,52.78,0.5513625,0.349043,52.78,38.2374,0.0,1.39,1.623,0.384,1.0,43.0
2999,2999,43_209,43_720,0.5339568,0.2934656,26.8045,0.5969,-3.879466E-5,3.0,3.0,745.0,2959.0,744.7827,2958.8596,744.7827,2958.8596,43.207962855585286,-22.214811822516484,0.43,0.326,-25.5,0.23623,0.17909,-25.5,744.7827,2958.8596,43.207962855585286,-22.214811822516484,0.12700880288,0.10968003209,0.12700880288,0.10968003209,0.357,0.331,-4.07,0.3565067,0.3310466,-4.07,36.1393,0.0,0.97,1.319,0.242,0.952,43.0
3001,3001,43_211,43_718,0.01997975,0.05676743,30.3718,3.0856,2.197533E-4,1.0,1.0,735.0,2958.0,735.0,2958.0,735.0,2958.0,43.21093765460589,-22.21460603823269,0.289,0.289,45.0,0.81679,0.81679,45.0,735.0,2958.0,43.21093765460589,-22.21460603823269,0.0833333,0.0833333,0.0833333,0.0833333,0.289,0.289,45.0,0.2886751,0.2886751,45.0,99.0,0.0,0.0,1.0,0.0,0.992,43.0
3002,3002,43_212,43_717,0.00790698,0.03571162,31.3783,4.9049,2.78885E-5,1.0,1.0,667.0,2958.0,667.0,2958.0,667.0,2958.0,43.23159083267438,-22.21485460771404,0.289,0.289,45.0,1.30393,1.30393,45.0,667.0,2958.0,43.23159083267438,-22.21485460771404,0.0833333,0.0833333,0.0833333,0.0833333,0.289,0.289,45.0,0.2886751,0.2886751,45.0,36.8894,0.0,0.0,1.0,0.0,0.936,43.0
3003,3003,43_213,43_716,0.2875459,0.2153564,27.4765,0.8134,1.476131E-4,5.0,5.0,961.0,2956.0,961.0876,2956.0206,961.0876,2956.0206,43.14227419133871,-22.213202241214976,0.426,0.38,-2.77,0.3188,0.28401,-2.77,961.0876,2956.0206,43.14227419133871,-22.213202241214976,0.10094475703,0.096641657195,0.10094475703,0.096641657195,0.318,0.311,-0.22,0.3177181,0.3108723,-0.22,99.0,0.0,1.0,1.122,0.109,1.0,43.0
3004,3004,43_214,43_715,2.215761,0.5978134,25.2595,0.293,-8.72959E-6,11.0,11.0,837.0,2955.0,837.2339,2954.8491,837.2339,2954.8491,43.17989887472648,-22.21334064420775,0.98,0.639,7.61,0.26438,0.17245,7.61,837.2339,2954.8491,43.17989887472648,-22.21334064420775,0.57142660796,0.34581078497,0.57142660796,0.34581078497,0.76,0.582,9.69,0.7603998,0.5822624,9.69,39.4682,0.0,4.1,1.533,0.348,1.0,43.0
3005,3005,43_215,43_714,2.21827,0.5981518,25.2583,0.2928,2.417615E-5,11.0,11.0,650.0,2954.0,649.6446,2954.7746,649.6446,2954.7746,43.23687499230993,-22.21401039958002,0.865,0.662,-48.34,0.23324,0.17861,-48.34,649.6446,2954.7746,43.23687499230993,-22.21401039958002,0.37334987227,0.41307821134,0.37334987227,0.41307821134,0.677,0.573,-53.96,0.6765953,0.5732774,-53.96,36.7719,0.0,2.44,1.306,0.234,1.0,43.0
3006,3006,43_216,43_713,0.9520518,0.3918632,26.1766,0.447,-2.351594E-5,5.0,5.0,930.0,2954.0,930.2162,2954.3595,930.2162,2954.3595,43.151658314621216,-22.212852508663463,0.644,0.445,22.7,0.26502,0.18315,22.7,930.2162,2954.3595,43.151658314621216,-22.212852508663463,0.20434391016,0.18856399977,0.20434391016,0.18856399977,0.474,0.41,37.0,0.4744339,0.4096589,37.0,41.2155,0.0,1.53,1.447,0.309,1.0,43.0
3007,3007,43_217,43_712,0.1365969,0.148431,28.2847,1.1801,-1.808871E-5,1.0,1.0,972.0,2953.0,972.0,2953.0,972.0,2953.0,43.13897232319105,-22.212310900353955,0.289,0.289,45.0,0.31369,0.31369,45.0,972.0,2953.0,43.13897232319105,-22.212310900353955,0.0833333,0.0833333,0.0833333,0.0833333,0.289,0.289,45.0,0.2886751,0.2886751,45.0,38.2489,0.0,0.0,1.0,0.0,0.997,43.0
3008,3008,43_218,43_711,0.493087,0.2820109,26.891,0.6211,3.801445E-5,2.0,2.0,787.0,2953.0,787.0,2952.5953,787.0,2952.5953,43.19516592487457,-22.212893807025697,0.569,0.289,90.0,0.32569,0.1651,90.0,787.0,2952.5953,43.19516592487457,-22.212893807025697,0.0833333,0.19149261674,0.0833333,0.19149261674,0.438,0.289,90.0,0.4375987,0.2886751,90.0,37.1703,0.0,0.96,1.973,0.493,0.999,43.0
3009,3009,43_219,43_710,0.1261916,0.1426656,28.3707,1.2278,1.262445E-6,1.0,1.0,984.0,2952.0,984.0,2952.0,984.0,2952.0,43.13533156720923,-22.211983691872486,0.289,0.289,45.0,0.32635,0.32635,45.0,984.0,2952.0,43.13533156720923,-22.211983691872486,0.0833333,0.0833333,0.0833333,0.0833333,0.289,0.289,45.0,0.2886751,0.2886751,45.0,43.589,0.0,0.0,1.0,0.0,0.997,43.0
3010,3010,43_220,43_709,0.7708907,0.3526148,26.4058,0.4967,4.033767E-5,4.0,4.0,688.0,2952.0,688.2101,2951.6657,688.2101,2951.6657,43.22517460955393,-22.212995756131303,0.523,0.346,55.0,0.23905,0.15804,55.0,688.2101,2951.6657,43.22517460955393,-22.212995756131303,0.08488112574,0.16539529288,0.08488112574,0.16539529288,0.412,0.283,76.97,0.4122497,0.2834194,76.97,37.4514,0.0,1.37,1.513,0.339,1.0,43.0
3011,3011,43_221,43_708,0.3886974,0.250386,27.1493,0.6996,-2.19738E-5,4.0,4.0,930.0,2950.0,930.1935,2950.1166,930.1935,2950.1166,43.15168304957076,-22.21165912405491,0.546,0.317,-6.61,0.35156,0.20413,-6.61,930.1935,2950.1166,43.15168304957076,-22.21165912405491,0.14229994054,0.10319078847,0.14229994054,0.10319078847,0.377,0.321,-1.26,0.3772517,0.3212039,-1.26,40.2419,0.0,1.23,1.722,0.419,0.975,43.0
3012,3012,43_222,43_707,0.005189394,0.02893094,31.8355,6.0545,-2.609308E-5,1.0,1.0,913.0,2951.0,913.0,2951.0,913.0,2951.0,43.15690174446229,-22.2119728131983,0.289,0.289,45.0,1.60938,1.60938,45.0,913.0,2951.0,43.15690174446229,-22.2119728131983,0.0833333,0.0833333,0.0833333,0.0833333,0.289,0.289,45.0,0.2886751,0.2886751,45.0,42.1739,0.0,0.0,1.0,0.0,0.852,43.0
3013,3013,43_223,43_706,1.191513,0.4383829,25.9331,0.3996,-2.490276E-5,6.0,6.0,863.0,2949.0,862.9706,2949.5191,862.9706,2949.5191,43.1721038427856,-22.211744952486377,0.64,0.491,12.67,0.23561,0.18082,12.67,862.9706,2949.5191,43.1721038427856,-22.211744952486377,0.18245366404,0.24999991367,0.18245366404,0.24999991367,0.503,0.423,77.7,0.5033584,0.4231831,77.7,40.3998,0.0,1.5,1.303,0.233,1.0,43.0
3014,3014,43_224,43_705,0.01027363,0.04070672,31.094,4.303,-2.488294E-5,1.0,1.0,860.0,2950.0,860.0,2950.0,860.0,2950.0,43.17300412067488,-22.21189137652412,0.289,0.289,45.0,1.1438,1.1438,45.0,860.0,2950.0,43.17300412067488,-22.21189137652412,0.0833333,0.0833333,0.0833333,0.0833333,0.289,0.289,45.0,0.2886751,0.2886751,45.0,40.6255,0.0,0.0,1.0,0.0,0.966,43.0
3015,3015,43_225,43_704,0.9396014,0.3892925,26.1909,0.4499,0.001004967,6.0,6.0,585.0,2949.0,584.7511,2948.8473,584.7511,2948.8473,43.25660749368515,-22.212577127673452,0.845,0.406,-46.48,0.35014,0.16834,-46.48,584.7511,2948.8473,43.25660749368515,-22.212577127673452,0.25255459113,0.21611401056,0.25255459113,0.21611401056,0.571,0.378,-39.24,0.5706161,0.3782406,-39.24,37.0926,0.0,2.48,2.08,0.519,1.0,43.0
3016,3016,43_226,43_703,1.987229,0.5661455,25.3777,0.3094,-2.146396E-5,10.0,10.0,925.0,2948.0,924.3498,2948.1415,924.3498,2948.1415,43.15346633177559,-22.211125736630347,0.949,0.562,-19.28,0.27042,0.16009,-19.28,924.3498,2948.1415,43.15346633177559,-22.211125736630347,0.44552925252,0.26180447775,0.44552925252,0.26180447775,0.683,0.491,-17.79,0.6830992,0.4906213,-17.79,41.8097,0.0,2.45,1.689,0.408,1.0,43.0
3017,3017,43_227,43_702,0.0138754,0.04730717,30.7677,3.7026,1.261438E-5,1.0,1.0,600.0,2949.0,600.0,2949.0,600.0,2949.0,43.2519757456495,-22.212565360636663,0.289,0.289,45.0,0.98421,0.98421,45.0,600.0,2949.0,43.2519757456495,-22.212565360636663,0.0833333,0.0833333,0.0833333,0.0833333,0.289,0.289,45.0,0.2886751,0.2886751,45.0,36.8971,0.0,0.0,1.0,0.0,0.984,43.0
3018,3018,43_228,43_701,0.3743433,0.2457193,27.1901,0.7129,-2.333113E-5,3.0,3.0,887.0,2948.0,887.0245,2948.0,887.0245,2948.0,43.164804110556815,-22.211227122866436,0.819,0.289,0.0,0.53733,0.18948,0.0,887.0245,2948.0,43.164804110556815,-22.211227122866436,0.35563587988,0.0833333,0.35563587988,0.0833333,0.596,0.289,0.0,0.5963522,0.2886751,0.0,39.9198,0.0,2.76,2.836,0.647,1.0,43.0
3019,3019,43_229,43_700,0.02836342,0.06763687,29.9914,2.5897,-6.04754E-6,1.0,1.0,963.0,2947.0,963.0,2947.0,963.0,2947.0,43.141731406344135,-22.210657547381462,0.289,0.289,45.0,0.68837,0.68837,45.0,963.0,2947.0,43.141731406344135,-22.210657547381462,0.0833333,0.0833333,0.0833333,0.0833333,0.289,0.289,45.0,0.2886751,0.2886751,45.0,41.9992,0.0,0.0,1.0,0.0,0.995,43.0
3021,3021,43_231,43_698,0.5629925,0.3013391,26.747,0.5813,-1.798927E-5,4.0,4.0,914.0,2946.0,913.6085,2946.3415,913.6085,2946.3415,43.1567364587386,-22.21066014065083,0.529,0.429,-40.99,0.2829,0.22944,-40.99,913.6085,2946.3415,43.1567364587386,-22.21066014065083,0.17546541341,0.14342488667,0.17546541341,0.14342488667,0.435,0.36,-28.63,0.4348108,0.3603191,-28.63,99.0,0.0,0.92,1.233,0.189,1.0,43.0
3024,3024,43_234,43_695,1.309071,0.4595003,25.8309,0.3812,0.002504475,7.0,7.0,568.0,2946.0,567.8697999999999,2945.8636,567.8697999999999,2945.8636,43.261746252298174,-22.211798344774248,0.901,0.44,32.66,0.3163,0.15438,32.66,567.8697999999999,2945.8636,43.261746252298174,-22.211798344774248,0.36582769253,0.20536308383,0.36582769253,0.20536308383,0.632,0.415,22.51,0.6317295,0.4148597,22.51,37.7145,0.0,2.74,2.049,0.512,1.0,43.0
3025,3025,43_235,43_694,1.605413,0.5088592,25.6093,0.3442,1.440401E-4,6.0,6.0,616.0,2944.0,615.8319,2943.675,615.8319,2943.675,43.24718889994059,-22.211010685069347,0.715,0.459,9.97,0.22655,0.14534,9.97,615.8319,2943.675,43.24718889994059,-22.211010685069347,0.29843726461,0.1813307272,0.29843726461,0.1813307272,0.549,0.422,8.92,0.5489961,0.4223403,8.92,99.0,0.0,2.08,1.559,0.358,1.0,43.0
3026,3026,43_236,43_693,0.2508033,0.2011272,27.625,0.8709,2.462742E-6,1.0,1.0,989.0,2942.0,989.0,2942.0,989.0,2942.0,43.13385522074813,-22.209151624873275,0.289,0.289,45.0,0.23149,0.23149,45.0,989.0,2942.0,43.13385522074813,-22.209151624873275,0.0833333,0.0833333,0.0833333,0.0833333,0.289,0.289,45.0,0.2886751,0.2886751,45.0,42.055,0.0,0.0,1.0,0.0,0.997,43.0
3027,3027,43_237,43_692,1.131281,0.4271588,25.9894,0.4101,5.908225E-5,7.0,7.0,709.0,2940.0,708.9929999999999,2940.484,708.9929999999999,2940.484,43.218907977557286,-22.209774738456574,0.622,0.544,22.8,0.23503,0.20548,22.8,708.9929999999999,2940.484,43.218907977557286,-22.209774738456574,0.16980418535,0.24624788063,0.16980418535,0.24624788063,0.499,0.409,79.75,0.4988316,0.4089244,79.75,38.6052,0.0,1.49,1.144,0.126,1.0,43.0
3028,3028,43_238,43_691,0.06640372,0.1034905,29.0678,1.6925,-7.042461E-5,3.0,3.0,622.0,2940.0,621.5088,2940.1487,621.5088,2940.1487,43.24547897945079,-22.20999840640628,0.535,0.301,-25.41,0.83495,0.4702,-25.41,621.5088,2940.1487,43.24547897945079,-22.20999840640628,0.27903098475,0.10678941052,0.27903098475,0.10678941052,0.53,0.324,-5.78,0.5299193,0.3240462,-5.78,35.8399,0.0,1.13,1.776,0.437,0.877,43.0
3029,3029,43_239,43_690,0.1231831,0.1409548,28.3969,1.2427,0.001328489,1.0,1.0,584.0,2941.0,584.0,2941.0,584.0,2941.0,43.25686697097469,-22.210372704202847,0.289,0.289,45.0,0.33032,0.33032,45.0,584.0,2941.0,43.25686697097469,-22.210372704202847,0.0833333,0.0833333,0.0833333,0.0833333,0.289,0.289,45.0,0.2886751,0.2886751,45.0,37.3275,0.0,0.0,1.0,0.0,0.997,43.0
3030,3030,43_240,43_689,0.2536886,0.2022808,27.6125,0.8659,-3.59709E-6,3.0,3.0,967.0,2940.0,967.2743,2939.8744,967.2743,2939.8744,43.140463231667454,-22.20863686810293,0.459,0.313,18.83,0.36611,0.24969,18.83,967.2743,2939.8744,43.140463231667454,-22.20863686810293,0.13011026551,0.1020456705,0.13011026551,0.1020456705,0.361,0.319,1.91,0.3607515,0.3193968,1.91,41.3964,0.0,1.01,1.466,0.318,0.998,43.0
3031,3031,43_241,43_688,0.02418838,0.0624608,30.1643,2.8043,3.355425E-5,1.0,1.0,819.0,2939.0,819.0,2939.0,819.0,2939.0,43.18550275529274,-22.20895073200184,0.289,0.289,45.0,0.74543,0.74543,45.0,819.0,2939.0,43.18550275529274,-22.20895073200184,0.0833333,0.0833333,0.0833333,0.0833333,0.289,0.289,45.0,0.2886751,0.2886751,45.0,37.7902,0.0,0.0,1.0,0.0,0.994,43.0
3032,3032,43_242,43_687,0.07155158,0.1074271,28.9868,1.6305,1.366724E-6,1.0,1.0,986.0,2938.0,986.0,2938.0,986.0,2938.0,43.13478340579042,-22.208037961300256,0.289,0.289,45.0,0.43341,0.43341,45.0,986.0,2938.0,43.13478340579042,-22.208037961300256,0.0833333,0.0833333,0.0833333,0.0833333,0.289,0.289,45.0,0.2886751,0.2886751,45.0,42.495,0.0,0.0,1.0,0.0,0.997,43.0
3033,3033,43_243,43_686,0.0961777,0.1245493,28.6656,1.4064,6.360796E-5,1.0,1.0,712.0,2938.0,712.0,2938.0,712.0,2938.0,43.2180048296653,-22.20906505048453,0.289,0.289,45.0,0.37382,0.37382,45.0,712.0,2938.0,43.2180048296653,-22.20906505048453,0.0833333,0.0833333,0.0833333,0.0833333,0.289,0.289,45.0,0.2886751,0.2886751,45.0,38.9302,0.0,0.0,1.0,0.0,0.997,43.0
3034,3034,43_244,43_685,0.2473817,0.1997505,27.6399,0.8769,2.127211E-5,2.0,2.0,639.0,2938.0,639.1709,2938.0,639.1709,2938.0,43.24012360421106,-22.20933024572388,0.474,0.289,0.0,0.38303,0.23309,0.0,639.1709,2938.0,43.24012360421106,-22.20933024572388,0.096172523328,0.0833333,0.096172523328,0.0833333,0.31,0.289,0.0,0.3101169,0.2886751,0.0,37.1485,0.0,0.84,1.643,0.391,0.898,43.0
3035,3035,43_245,43_684,0.2863821,0.2149201,27.4809,0.815,1.420803E-5,4.0,4.0,613.0,2937.0,613.3532,2937.3468,613.3532,2937.3468,43.24796709540323,-22.209239740330812,0.549,0.392,-44.63,0.41206,0.29405,-44.63,613.3532,2937.3468,43.24796709540323,-22.209239740330812,0.19531323076,0.18935851687,0.19531323076,0.18935851687,0.489,0.382,-43.16,0.4886813,0.3819194,-43.16,37.1187,0.0,2.29,1.401,0.286,1.0,43.0
3036,3036,43_246,43_683,1.462388,0.4856635,25.7106,0.3607,-8.768849E-5,8.0,8.0,912.0,2937.0,911.9832,2936.5389,911.9832,2936.5389,43.15727123965655,-22.20790896730631,0.804,0.499,26.46,0.26711,0.1656,26.46,911.9832,2936.5389,43.15727123965655,-22.20790896730631,0.32918071976,0.22162412923,0.32918071976,0.22162412923,0.595,0.443,23.56,0.5953395,0.443143,23.56,36.4748,0.0,2.6,1.613,0.38,1.0,43.0
3037,3037,43_247,43_682,0.01577231,0.05043729,30.6286,3.4729,-9.727767E-5,1.0,1.0,746.0,2937.0,746.0,2937.0,746.0,2937.0,43.20768262344562,-22.20865884205658,0.289,0.289,45.0,0.92822,0.92822,45.0,746.0,2937.0,43.20768262344562,-22.20865884205658,0.0833333,0.0833333,0.0833333,0.0833333,0.289,0.289,45.0,0.2886751,0.2886751,45.0,35.4486,0.0,0.0,1.0,0.0,0.988,43.0
3038,3038,43_248,43_681,0.7647915,0.3512171,26.4144,0.4987,6.59642E-4,7.0,7.0,592.0,2936.0,591.634,2935.2852,591.634,2935.2852,43.25457141340526,-22.208737990200444,0.849,0.335,61.16,0.39008,0.15397,61.16,591.634,2935.2852,43.25457141340526,-22.208737990200444,0.13363571677,0.29260051749,0.13363571677,0.29260051749,0.574,0.311,66.53,0.5740618,0.3109491,66.53,37.6795,0.0,3.11,2.533,0.605,1.0,43.0
3039,3039,43_249,43_680,0.0500524,0.0898497,29.3747,1.9495,-1.286616E-5,1.0,1.0,878.0,2936.0,878.0,2936.0,878.0,2936.0,43.16759527532527,-22.20788573646383,0.289,0.289,45.0,0.5182,0.5182,45.0,878.0,2936.0,43.16759527532527,-22.20788573646383,0.0833333,0.0833333,0.0833333,0.0833333,0.289,0.289,45.0,0.2886751,0.2886751,45.0,39.442,0.0,0.0,1.0,0.0,0.996,43.0
3040,3040,43_250,43_679,3.114488,0.7087573,24.8898,0.2471,5.168622E-5,10.0,10.0,810.0,2934.0,810.0255,2934.6432,810.0255,2934.6432,43.18824654400425,-22.20775871217548,0.919,0.575,-72.37,0.20924,0.13093,-72.37,810.0255,2934.6432,43.18824654400425,-22.20775871217548,0.26083283449,0.45993600508,0.26083283449,0.45993600508,0.687,0.498,-76.3,0.6873968,0.4982514,-76.3,37.467,0.0,2.4,1.598,0.374,1.0,43.0
3041,3041,43_251,43_678,2.126638,0.5856673,25.3041,0.2991,7.797511E-5,17.0,17.0,737.0,2935.0,737.9135,2933.5567,737.9135,2933.5567,43.21015270257725,-22.207720118580223,1.782,0.597,-59.93,0.49083,0.16434,-59.93,737.9135,2933.5567,43.21015270257725,-22.207720118580223,0.66230538396,1.1024513244,0.66230538396,1.1024513244,1.199,0.573,-56.7,1.198591,0.5728325,-56.7,38.6999,0.0,6.15,2.987,0.665,1.0,43.0
3042,3042,43_252,43_677,0.6037736,0.3120622,26.6711,0.5613,2.716871E-5,4.0,4.0,827.0,2935.0,827.4522999999999,2934.6357,827.4522999999999,2934.6357,43.18295365369372,-22.20769159543081,0.513,0.465,-34.96,0.26513,0.24031,-34.96,827.4522999999999,2934.6357,43.18295365369372,-22.20769159543081,0.23152110475,0.17622095148,0.23152110475,0.17622095148,0.486,0.415,-15.04,0.4856192,0.4146276,-15.04,38.0777,0.0,0.93,1.103,0.094,1.0,43.0
3043,3043,43_253,43_676,0.2960357,0.2185125,27.4449,0.8016,1.249609E-7,4.0,4.0,904.0,2933.0,904.1861,2933.0651,904.1861,2933.0651,43.159654032367946,-22.206961351181256,0.742,0.235,6.18,0.54748,0.17331,6.18,904.1861,2933.0651,43.159654032367946,-22.206961351181256,0.29410728217,0.090098454993,0.29410728217,0.090098454993,0.542,0.3,1.63,0.5424695,0.2998876,1.63,99.0,0.0,2.18,3.159,0.683,1.0,43.0
3044,3044,43_254,43_675,0.3031661,0.2211284,27.4191,0.7921,0.00863571,2.0,2.0,519.0,2934.0,519.364,2934.0,519.364,2934.0,43.2765241319204,-22.20863424573612,0.561,0.289,0.0,0.40927,0.21055,0.0,519.364,2934.0,43.2765241319204,-22.20863424573612,0.16179236325,0.0833333,0.16179236325,0.0833333,0.402,0.289,0.0,0.4022342,0.2886751,0.0,39.0035,0.0,0.95,1.944,0.486,0.999,43.0
3046,3046,43_256,43_673,0.8805515,0.3768613,26.2614,0.4648,-6.984474E-5,4.0,4.0,755.0,2931.0,755.3241,2930.725,755.3241,2930.725,43.20487646678094,-22.206859463049145,0.501,0.409,38.19,0.21452,0.17514,38.19,755.3241,2930.725,43.20487646678094,-22.206859463049145,0.15458497154,0.1203120591,0.15458497154,0.1203120591,0.4,0.339,20.57,0.4002517,0.3386674,20.57,35.5162,0.0,1.19,1.225,0.184,1.0,43.0
3047,3047,43_257,43_672,1.202158,0.4403368,25.9234,0.3978,8.673561E-5,6.0,6.0,778.0,2929.0,777.701,2928.7758,777.701,2928.7758,43.19808828850496,-22.20622844198916,0.902,0.351,-42.01,0.33023,0.12839,-42.01,777.701,2928.7758,43.19808828850496,-22.20622844198916,0.22098365557,0.23193205247,0.22098365557,0.23193205247,0.573,0.353,-46.54,0.5729344,0.3530749,-46.54,37.0983,0.0,2.25,2.572,0.611,1.0,43.0
3048,3048,43_258,43_671,0.06317914,0.1009464,29.1219,1.7352,0.003317455,1.0,1.0,570.0,2930.0,570.0,2930.0,570.0,2930.0,43.261162594405086,-22.20732898521554,0.289,0.289,45.0,0.46123,0.46123,45.0,570.0,2930.0,43.261162594405086,-22.20732898521554,0.0833333,0.0833333,0.0833333,0.0833333,0.289,0.289,45.0,0.2886751,0.2886751,45.0,38.3308,0.0,0.0,1.0,0.0,0.997,43.0
3049,3049,43_259,43_670,0.06473027,0.1021781,29.0955,1.7143,6.338442E-5,2.0,2.0,810.0,2929.0,810.0,2928.5575,810.0,2928.5575,43.18827944176461,-22.20604703413431,0.574,0.289,90.0,0.90678,0.45565,90.0,810.0,2928.5575,43.18827944176461,-22.20604703413431,0.0833333,0.21628202845,0.0833333,0.21628202845,0.465,0.289,90.0,0.4650613,0.2886751,90.0,37.4593,0.0,0.96,1.99,0.498,0.997,43.0
3050,3050,43_260,43_669,0.005138667,0.02878919,31.8462,6.0843,9.556257E-5,1.0,1.0,771.0,2929.0,771.0,2929.0,771.0,2929.0,43.20012255856378,-22.20631632039062,0.289,0.289,45.0,1.61607,1.61607,45.0,771.0,2929.0,43.20012255856378,-22.20631632039062,0.0833333,0.0833333,0.0833333,0.0833333,0.289,0.289,45.0,0.2886751,0.2886751,45.0,37.4611,0.0,0.0,1.0,0.0,0.85,43.0
3051,3051,43_261,43_668,0.4204289,0.2604057,27.0641,0.6726,0.01028284,7.0,7.0,513.0,2928.0,513.7505,2927.879,513.7505,2927.879,43.27825306592296,-22.206932582679208,0.846,0.529,30.5,0.52375,0.32747,30.5,513.7505,2927.879,43.27825306592296,-22.206932582679208,0.30359231498,0.20352117175,0.30359231498,0.20352117175,0.555,0.447,-11.25,0.5547211,0.4465401,-11.25,39.3389,0.0,2.74,1.599,0.375,1.0,43.0
3052,3052,43_262,43_667,0.08724086,0.1186217,28.7715,1.4766,4.241256E-5,1.0,1.0,683.0,2928.0,683.0,2928.0,683.0,2928.0,43.22685301036429,-22.2063583721812,0.289,0.289,45.0,0.39251,0.39251,45.0,683.0,2928.0,43.22685301036429,-22.2063583721812,0.0833333,0.0833333,0.0833333,0.0833333,0.289,0.289,45.0,0.2886751,0.2886751,45.0,38.2737,0.0,0.0,1.0,0.0,0.997,43.0
3053,3053,43_263,43_666,2.439705,0.6272964,25.155,0.2792,9.819728E-5,15.0,15.0,795.0,2922.0,794.2329,2923.0476,794.2329,2923.0476,43.1930909091922,-22.20455588900726,1.631,0.55,-50.06,0.41928,0.14133,-50.06,794.2329,2923.0476,43.1930909091922,-22.20455588900726,0.43046075476,0.66642363911,0.43046075476,0.66642363911,0.912,0.515,-57.33,0.9116826,0.5154796,-57.33,37.1714,0.0,5.64,2.967,0.663,1.0,43.0
3054,3054,43_264,43_665,1.437137,0.4814522,25.7296,0.3638,4.064865E-7,8.0,8.0,982.0,2922.0,982.0236,2922.2274,982.0236,2922.2274,43.13605802180568,-22.20361651231225,1.071,0.384,-82.67,0.35881,0.12861,-82.67,982.0236,2922.2274,43.13605802180568,-22.20361651231225,0.079468905559,0.45810288186,0.079468905559,0.45810288186,0.677,0.282,-88.66,0.6769863,0.2815338,-88.66,44.642,0.0,3.78,2.79,0.642,1.0,43.0
3055,3055,43_265,43_664,0.05057269,0.09031548,29.3635,1.9394,-5.135524E-6,1.0,1.0,920.0,2923.0,920.0,2923.0,920.0,2923.0,43.15489311806993,-22.204070279036436,0.289,0.289,45.0,0.51554,0.51554,45.0,920.0,2923.0,43.15489311806993,-22.204070279036436,0.0833333,0.0833333,0.0833333,0.0833333,0.289,0.289,45.0,0.2886751,0.2886751,45.0,39.7821,0.0,0.0,1.0,0.0,0.996,43.0
3056,3056,43_266,43_663,0.1292611,0.1443903,28.3446,1.2131,-7.064343E-7,1.0,1.0,938.0,2922.0,938.0,2922.0,938.0,2922.0,43.14943024053984,-22.2037206147162,0.289,0.289,45.0,0.32246,0.32246,45.0,938.0,2922.0,43.14943024053984,-22.2037206147162,0.0833333,0.0833333,0.0833333,0.0833333,0.289,0.289,45.0,0.2886751,0.2886751,45.0,40.4488,0.0,0.0,1.0,0.0,0.997,43.0
3057,3057,43_267,43_662,0.02773294,0.0668809,30.0158,2.619,1.393087E-5,1.0,1.0,845.0,2922.0,845.0,2922.0,845.0,2922.0,43.17767647106361,-22.20407176972101,0.289,0.289,45.0,0.69616,0.69616,45.0,845.0,2922.0,43.17767647106361,-22.20407176972101,0.0833333,0.0833333,0.0833333,0.0833333,0.289,0.289,45.0,0.2886751,0.2886751,45.0,39.3063,0.0,0.0,1.0,0.0,0.995,43.0
3058,3058,43_268,43_661,0.6944596,0.3346784,26.5192,0.5234,1.102055E-4,3.0,3.0,771.0,2921.0,771.0,2921.0761,771.0,2921.0761,43.20015512455255,-22.204087525202965,0.781,0.289,90.0,0.3766,0.13911,90.0,771.0,2921.0761,43.20015512455255,-22.204087525202965,0.0833333,0.25101970383,0.0833333,0.25101970383,0.501,0.289,90.0,0.5010186,0.2886751,90.0,37.5385,0.0,2.1,2.707,0.631,1.0,43.0
3059,3059,43_269,43_660,0.02905208,0.06845305,29.9654,2.5589,-2.966458E-6,1.0,1.0,905.0,2921.0,905.0,2921.0,905.0,2921.0,43.15945738260832,-22.20356453785967,0.289,0.289,45.0,0.6802,0.6802,45.0,905.0,2921.0,43.15945738260832,-22.20356453785967,0.0833333,0.0833333,0.0833333,0.0833333,0.289,0.289,45.0,0.2886751,0.2886751,45.0,39.4003,0.0,0.0,1.0,0.0,0.995,43.0
3060,3060,43_270,43_659,0.0763548,0.1109743,28.9162,1.5784,9.579202E-5,1.0,1.0,760.0,2921.0,760.0,2921.0,760.0,2921.0,43.20349623509231,-22.204106804508196,0.289,0.289,45.0,0.41956,0.41956,45.0,760.0,2921.0,43.20349623509231,-22.204106804508196,0.0833333,0.0833333,0.0833333,0.0833333,0.289,0.289,45.0,0.2886751,0.2886751,45.0,37.4011,0.0,0.0,1.0,0.0,0.997,43.0
3061,3061,43_271,43_658,0.04387816,0.08412564,29.5177,2.0821,3.676849E-7,1.0,1.0,1007.0,2920.0,1007.0,2920.0,1007.0,2920.0,43.12848135260261,-22.20289408568802,0.289,0.289,45.0,0.55345,0.55345,45.0,1007.0,2920.0,43.12848135260261,-22.20289408568802,0.0833333,0.0833333,0.0833333,0.0833333,0.289,0.289,45.0,0.2886751,0.2886751,45.0,40.5301,0.0,0.0,1.0,0.0,0.996,43.0
3062,3062,43_272,43_657,0.1286746,0.1440624,28.3496,1.2159,8.8593E-5,2.0,2.0,781.0,2920.0,781.0,2919.5083,781.0,2919.5083,43.19712447606648,-22.20360949021418,0.577,0.289,90.0,0.6464,0.32323,90.0,781.0,2919.5083,43.19712447606648,-22.20360949021418,0.0833333,0.26949209294,0.0833333,0.26949209294,0.519,0.289,90.0,0.5191263,0.2886751,90.0,36.7354,0.0,0.97,2.0,0.5,0.997,43.0
3063,3063,43_273,43_656,0.6708291,0.328935,26.5568,0.5325,0.01070841,4.0,4.0,519.0,2918.0,519.0615,2918.4894,519.0615,2918.4894,43.2766773986715,-22.20427291872111,0.5,0.24,-89.48,0.24512,0.11782,-89.48,519.0615,2918.4894,43.2766773986715,-22.20427291872111,0.090391402389,0.25514265707,0.090391402389,0.25514265707,0.505,0.301,-89.95,0.5051166,0.3006514,-89.95,99.0,0.0,1.1,2.081,0.519,1.0,43.0
3064,3064,43_274,43_655,0.06305356,0.1008461,29.124,1.7369,5.562238E-7,2.0,2.0,921.0,2918.0,920.8942,2918.0,920.8942,2918.0,43.15464252639376,-22.20266045442264,0.422,0.289,0.0,0.67473,0.46169,0.0,920.8942,2918.0,43.15464252639376,-22.20266045442264,0.090051612829,0.0833333,0.090051612829,0.0833333,0.3,0.289,0.0,0.300086,0.2886751,0.0,42.179,0.0,1.98,1.461,0.316,0.696,43.0
3065,3065,43_275,43_654,0.5585323,0.3001431,26.7557,0.5836,9.093689E-5,5.0,5.0,762.0,2918.0,762.0953999999999,2917.5407,762.0953999999999,2917.5407,43.202874043750015,-22.2031260473289,0.677,0.411,-31.62,0.36381,0.22077,-31.62,762.0953999999999,2917.5407,43.202874043750015,-22.2031260473289,0.16644072027,0.24513378575,0.16644072027,0.24513378575,0.521,0.374,-63.28,0.5213962,0.3737921,-63.28,37.2534,0.0,1.83,1.648,0.393,1.0,43.0
3066,3066,43_276,43_653,0.3876643,0.250053,27.1522,0.7005,1.381662E-5,2.0,2.0,846.0,2917.0,846.0,2916.6688,846.0,2916.6688,43.17739490431389,-22.20256845644827,0.552,0.289,90.0,0.35612,0.1862,90.0,846.0,2916.6688,43.17739490431389,-22.20256845644827,0.0833333,0.13518128138,0.0833333,0.13518128138,0.368,0.289,90.0,0.3676701,0.2886751,90.0,39.4584,0.0,0.94,1.913,0.477,0.999,43.0
3067,3067,43_277,43_652,0.5561438,0.2995006,26.7603,0.5848,6.124636E-5,5.0,5.0,703.0,2916.0,702.5522,2916.2391,702.5522,2916.2391,43.22096277807927,-22.202978966970463,0.636,0.373,-50.39,0.34262,0.20106,-50.39,702.5522,2916.2391,43.22096277807927,-22.202978966970463,0.20242930996,0.13585837208,0.20242930996,0.13585837208,0.487,0.318,-30.35,0.4870029,0.3179871,-30.35,39.4987,0.0,1.6,1.704,0.413,0.999,43.0
3068,3068,43_278,43_651,4.174623,0.8205647,24.5718,0.2135,2.73634E-5,18.0,18.0,669.0,2915.0,669.5214,2914.3652,669.5214,2914.3652,43.2310016957798,-22.20257245451074,1.538,0.767,-35.95,0.30222,0.15085,-35.95,669.5214,2914.3652,43.2310016957798,-22.20257245451074,0.544181995,0.72446127434,0.544181995,0.72446127434,0.911,0.662,-58.69,0.9112129,0.6620682,-58.69,42.3783,0.0,5.22,2.003,0.501,1.0,43.0
3069,3069,43_279,43_650,1.331408,0.4634039,25.8125,0.378,1.476796E-6,8.0,8.0,936.0,2913.0,936.2563,2913.3379,936.2563,2913.3379,43.14999631192386,-22.20129070567976,0.796,0.532,62.49,0.27693,0.18505,62.49,936.2563,2913.3379,43.14999631192386,-22.20129070567976,0.25482485665,0.31633894794,0.25482485665,0.31633894794,0.589,0.473,60.03,0.5890429,0.4734894,60.03,41.066,0.0,2.13,1.496,0.332,1.0,43.0
3070,3070,43_280,43_649,0.8202581,0.3637303,26.3384,0.4816,6.598078E-5,4.0,4.0,710.0,2914.0,710.4150999999999,2914.4326,710.4150999999999,2914.4326,43.21858218335964,-22.20244205448521,0.521,0.466,46.42,0.23084,0.20669,46.42,710.4150999999999,2914.4326,43.21858218335964,-22.20244205448521,0.21453790439,0.22428784083,0.21453790439,0.22428784083,0.492,0.444,51.22,0.4919824,0.4435978,51.22,39.6938,0.0,0.92,1.117,0.105,1.0,43.0
3071,3071,43_281,43_648,0.3273334,0.2297732,27.3358,0.7623,0.00558796,3.0,3.0,555.0,2914.0,554.469,2914.215,554.469,2914.215,43.26594198556448,-22.20294481306674,0.563,0.317,-34.15,0.39549,0.22239,-34.15,554.469,2914.215,43.26594198556448,-22.20294481306674,0.22590027861,0.054052987928,0.22590027861,0.054052987928,0.483,0.215,-11.81,0.483483,0.2149359,-11.81,42.3594,0.0,1.45,1.778,0.438,1.0,43.0
3072,3072,43_282,43_647,0.2306406,0.1928733,27.716,0.9082,-2.060882E-6,3.0,3.0,972.0,2913.0,972.3866,2913.341,972.3866,2913.341,43.13902267551406,-22.20115374770336,0.663,0.147,44.15,0.55483,0.12312,44.15,972.3866,2913.341,43.13902267551406,-22.20115374770336,0.14980005274,0.13033071756,0.14980005274,0.13033071756,0.432,0.305,39.01,0.4324217,0.3051921,39.01,39.7123,0.0,1.45,4.507,0.778,0.998,43.0
3073,3073,43_283,43_646,1.762202,0.5331286,25.5082,0.3286,3.88095E-5,15.0,15.0,828.0,2909.0,828.4583,2910.8846,828.4583,2910.8846,43.1827465422917,-22.201007136568883,2.153,0.506,67.63,0.65125,0.15316,67.63,828.4583,2910.8846,43.1827465422917,-22.201007136568883,0.61462111586,2.0399923426,0.61462111586,2.0399923426,1.569,0.441,64.49,1.568515,0.4408796,64.49,38.026,0.0,6.23,4.252,0.765,1.0,43.0
3074,3074,43_284,43_645,0.02739797,0.06647576,30.029,2.635,1.119486E-4,1.0,1.0,789.0,2914.0,789.0,2914.0,789.0,2914.0,43.1947174931712,-22.20203044773279,0.289,0.289,45.0,0.70021,0.70021,45.0,789.0,2914.0,43.1947174931712,-22.20203044773279,0.0833333,0.0833333,0.0833333,0.0833333,0.289,0.289,45.0,0.2886751,0.2886751,45.0,37.4593,0.0,0.0,1.0,0.0,0.995,43.0
3075,3075,43_285,43_644,0.335144,0.2324984,27.3102,0.7534,8.614758E-5,3.0,3.0,745.0,2913.0,744.7098,2913.5923000000003,744.7098,2913.5923000000003,43.20817030992378,-22.202079644971384,0.586,0.323,-49.27,0.40649,0.22384,-49.27,744.7098,2913.5923000000003,43.20817030992378,-22.202079644971384,0.12937714431,0.24924304717,0.12937714431,0.24924304717,0.532,0.309,-64.86,0.532073,0.3090607,-64.86,38.1633,0.0,2.51,1.816,0.449,1.0,43.0
3076,3076,43_286,43_643,0.4008682,0.2542758,27.1158,0.6889,9.327102E-5,3.0,3.0,795.0,2912.0,794.4491,2912.1239,794.4491,2912.1239,43.19307029710274,-22.20148249837406,0.517,0.298,-19.35,0.32772,0.18924,-19.35,794.4491,2912.1239,43.19307029710274,-22.20148249837406,0.33291055486,0.10225897032,0.33291055486,0.10225897032,0.577,0.319,-2.29,0.577305,0.3191997,-2.29,37.1826,0.0,1.16,1.732,0.423,0.999,43.0
3077,3077,43_287,43_642,1.50865,0.4932856,25.6768,0.3551,8.713589E-5,8.0,8.0,766.0,2910.0,765.2734,2910.5996,765.2734,2910.5996,43.20193736901594,-22.20116193825827,1.12,0.454,-37.97,0.36625,0.14839,-37.97,765.2734,2910.5996,43.20193736901594,-22.20116193825827,0.4507412186,0.3263319078,0.4507412186,0.3263319078,0.769,0.431,-36.08,0.7691643,0.4306499,-36.08,37.3699,0.0,3.96,2.468,0.595,1.0,43.0
3078,3078,43_288,43_641,0.01853582,0.05467768,30.4533,3.2035,8.720325E-5,1.0,1.0,760.0,2912.0,760.0,2912.0,760.0,2912.0,43.20353316609604,-22.201575334429613,0.289,0.289,45.0,0.85153,0.85153,45.0,760.0,2912.0,43.20353316609604,-22.201575334429613,0.0833333,0.0833333,0.0833333,0.0833333,0.289,0.289,45.0,0.2886751,0.2886751,45.0,37.4717,0.0,0.0,1.0,0.0,0.991,43.0
3079,3079,43_289,43_640,1.115324,0.4241356,26.0048,0.413,5.498499E-5,6.0,6.0,704.0,2911.0,704.3287,2911.3541,704.3287,2911.3541,43.220443139927866,-22.20159846004041,0.682,0.475,58.58,0.2595,0.18075,58.58,704.3287,2911.3541,43.220443139927866,-22.20159846004041,0.22473812412,0.27904851739,0.22473812412,0.27904851739,0.558,0.439,58.55,0.5581191,0.4385086,58.55,39.1505,0.0,1.96,1.436,0.303,1.0,43.0
3080,3080,43_290,43_639,0.04558918,0.08575018,29.4761,2.0427,0.002951515,1.0,1.0,574.0,2912.0,574.0,2912.0,574.0,2912.0,43.26001969052504,-22.20225202929852,0.289,0.289,45.0,0.54297,0.54297,45.0,574.0,2912.0,43.26001969052504,-22.20225202929852,0.0833333,0.0833333,0.0833333,0.0833333,0.289,0.289,45.0,0.2886751,0.2886751,45.0,41.249,0.0,0.0,1.0,0.0,0.996,43.0
3081,3081,43_291,43_638,0.3712709,0.2447088,27.1991,0.7158,0.006019006,3.0,3.0,548.0,2911.0,547.6837,2911.165,547.6837,2911.165,43.268014646459456,-22.20211117294546,0.784,0.204,-56.5,0.51701,0.13414,-56.5,547.6837,2911.165,43.268014646459456,-22.20211117294546,0.12574546153,0.2037927921,0.12574546153,0.2037927921,0.474,0.323,-65.21,0.4743071,0.3233744,-65.21,42.3686,0.0,1.98,3.854,0.741,1.0,43.0
3082,3082,43_292,43_637,2.057845,0.5761167,25.3398,0.304,7.435854E-5,8.0,8.0,731.0,2908.0,731.2913,2908.1979,731.2913,2908.1979,43.2122675672689,-22.20061175883781,0.855,0.52,35.67,0.23939,0.14565,35.67,731.2913,2908.1979,43.2122675672689,-22.20061175883781,0.29387464802,0.27041794236,0.29387464802,0.27041794236,0.585,0.471,39.41,0.585327,0.4708343,39.41,39.8946,0.0,2.11,1.644,0.392,1.0,43.0
3083,3083,43_293,43_636,0.2347005,0.1945634,27.697,0.9003,5.71157E-5,3.0,3.0,813.0,2906.0,813.0,2906.8148,813.0,2906.8148,43.1874581979911,-22.199920099146,0.82,0.289,90.0,0.67977,0.2393,90.0,813.0,2906.8148,43.1874581979911,-22.199920099146,0.0833333,0.37817181967,0.0833333,0.37817181967,0.615,0.289,90.0,0.6149567,0.2886751,90.0,37.4376,0.0,2.84,2.841,0.648,0.999,43.0
3084,3084,43_294,43_635,0.01423408,0.04791471,30.74,3.6557,1.732415E-5,1.0,1.0,630.0,2907.0,630.0,2907.0,630.0,2907.0,43.2430336112585,-22.200644245910805,0.289,0.289,45.0,0.97173,0.97173,45.0,630.0,2907.0,43.2430336112585,-22.200644245910805,0.0833333,0.0833333,0.0833333,0.0833333,0.289,0.289,45.0,0.2886751,0.2886751,45.0,40.2422,0.0,0.0,1.0,0.0,0.985,43.0
3085,3085,43_295,43_634,0.05559431,0.09469332,29.2607,1.8498,5.916224E-5,2.0,2.0,722.0,2906.0,722.169,2906.0,722.169,2906.0,43.21504694777462,-22.20002708205691,0.473,0.289,0.0,0.80584,0.49176,0.0,722.169,2906.0,43.21504694777462,-22.20002708205691,0.09596606332,0.0833333,0.09596606332,0.0833333,0.31,0.289,0.0,0.3097839,0.2886751,0.0,38.8097,0.0,0.84,1.639,0.39,0.68,43.0
3086,3086,43_296,43_633,2790.068,21.21346,17.5093,0.0083,5.759227E-5,411.0,411.0,800.0,2891.0,798.9153,2890.5557,798.9153,2890.5557,43.19180289667581,-22.195399229271903,6.513,2.342,-11.35,0.04952,0.01781,-11.35,798.9153,2890.5557,43.19180289667581,-22.195399229271903,12.341604204,3.3765925385,12.341604204,3.3765925385,3.596,1.669,-13.96,3.596083,1.669246,-13.96,38.6815,3.0,19.87,2.781,0.64,1.0,43.0
3087,3087,43_297,43_633,147.6125,4.879393,20.7005,0.0359,5.742558E-5,8.0,8.0,803.0,2894.0,803.2227,2894.4904,803.2227,2894.4904,43.19047851217201,-22.196489940879047,0.658,0.44,33.58,0.02175,0.01454,33.58,803.2227,2894.4904,43.19047851217201,-22.196489940879047,0.19502748332,0.25270193511,0.19502748332,0.25270193511,0.534,0.403,58.96,0.534265,0.4028528,58.96,37.4778,3.0,1.71,1.496,0.332,1.0,43.0
3090,3090,43_300,43_633,116.0011,4.32549,20.9621,0.0405,3.1553E-5,11.0,11.0,819.0,2882.0,818.5412,2881.79,818.5412,2881.79,43.18587888397487,-22.19286045625878,0.573,0.386,28.7,0.02138,0.01438,28.7,818.5412,2881.79,43.18587888397487,-22.19286045625878,0.1805702129,0.04818138948,0.1805702129,0.04818138948,0.428,0.214,7.35,0.427564,0.2143377,7.35,38.3337,3.0,1.07,1.486,0.327,1.0,43.0
3091,3091,43_301,43_633,123.3173,4.459807,20.8957,0.0393,4.85849E-5,29.0,29.0,786.0,2877.0,786.0704000000001,2876.9822,786.0704000000001,2876.9822,43.19575973211885,-22.191629057537742,1.217,0.583,-33.23,0.04401,0.0211,-33.23,786.0704000000001,2876.9822,43.19575973211885,-22.191629057537742,0.39029713341,0.29944375138,0.39029713341,0.29944375138,0.688,0.465,-34.65,0.6880155,0.4651619,-34.65,38.1879,3.0,3.69,2.086,0.521,1.0,43.0
3092,3092,43_302,43_633,638.8422,10.15082,19.1098,0.0173,3.49465E-5,107.0,107.0,807.0,2876.0,805.966,2874.4264,805.966,2874.4264,43.18972827964376,-22.19083613663428,2.94,1.314,80.05,0.04672,0.02088,80.05,805.966,2874.4264,43.18972827964376,-22.19083613663428,1.1360169884,1.4660177428,1.1360169884,1.4660177428,1.251,1.018,64.3,1.251176,1.018132,64.3,39.2487,3.0,11.78,2.238,0.553,1.0,43.0
3095,3095,43_305,43_633,101.1817,4.039756,21.1105,0.0434,3.762591E-5,28.0,28.0,788.0,2868.0,787.7029,2868.3684,787.7029,2868.3684,43.19529946429719,-22.18920011732896,0.709,0.654,35.82,0.02831,0.0261,35.82,787.7029,2868.3684,43.19529946429719,-22.18920011732896,0.15692931135,0.21491463259,0.15692931135,0.21491463259,0.481,0.375,64.93,0.4807814,0.3750909,64.93,38.8712,3.0,1.47,1.085,0.078,0.999,43.0
3096,3096,43_306,43_632,0.674864,0.3299228,26.5503,0.5309,8.189498E-5,4.0,4.0,792.0,2904.0,791.6464000000001,2904.1414,791.6464000000001,2904.1414,43.19395440514037,-22.199247618194924,0.502,0.352,25.51,0.24561,0.17202,25.51,791.6464000000001,2904.1414,43.19395440514037,-22.199247618194924,0.15519464068,0.051798743492,0.15519464068,0.051798743492,0.395,0.226,5.04,0.3949753,0.225805,5.04,37.1565,0.0,1.24,1.428,0.3,1.0,43.0
3097,3097,43_307,43_631,2.062257,0.576734,25.3374,0.3037,7.560142E-5,10.0,10.0,781.0,2902.0,781.0119,2902.3525,781.0119,2902.3525,43.19719147880375,-22.19878392562377,0.836,0.575,-52.49,0.2339,0.16082,-52.49,781.0119,2902.3525,43.19719147880375,-22.19878392562377,0.28686823117,0.32336020421,0.28686823117,0.32336020421,0.604,0.495,-53.85,0.6042807,0.4950488,-53.85,37.1145,0.0,1.96,1.454,0.312,0.999,43.0
3098,3098,43_308,43_630,0.08776721,0.118979,28.765,1.4722,1.39934E-6,1.0,1.0,865.0,2903.0,865.0,2903.0,865.0,2903.0,43.17168125192456,-22.198652328415903,0.289,0.289,45.0,0.39133,0.39133,45.0,865.0,2903.0,43.17168125192456,-22.198652328415903,0.0833333,0.0833333,0.0833333,0.0833333,0.289,0.289,45.0,0.2886751,0.2886751,45.0,39.6773,0.0,0.0,1.0,0.0,0.997,43.0
3099,3099,43_309,43_629,2.22761,0.5994096,25.2537,0.2922,6.124486E-5,11.0,11.0,810.0,2903.0,811.2401,2901.1919,811.2401,2901.1919,43.18801593773695,-22.198345057548163,1.839,0.447,-52.42,0.49496,0.12023,-52.42,811.2401,2901.1919,43.18801593773695,-22.198345057548163,0.78461608411,1.1810713899,0.78461608411,1.1810713899,1.333,0.435,-52.23,1.33275,0.4352751,-52.23,37.8531,0.0,5.4,4.117,0.757,1.0,43.0
3100,3100,43_310,43_628,0.05713934,0.09600012,29.231,1.8246,7.074088E-5,1.0,1.0,716.0,2902.0,716.0,2902.0,716.0,2902.0,43.21693674694973,-22.19892464351604,0.289,0.289,45.0,0.48494,0.48494,45.0,716.0,2902.0,43.21693674694973,-22.19892464351604,0.0833333,0.0833333,0.0833333,0.0833333,0.289,0.289,45.0,0.2886751,0.2886751,45.0,99.0,0.0,0.0,1.0,0.0,0.997,43.0
3101,3101,43_311,43_627,0.4491228,0.2691452,26.9924,0.6508,1.278303E-6,2.0,2.0,884.0,2900.0,883.6404,2900.0,883.6404,2900.0,43.16603251355829,-22.19773826172709,0.56,0.289,0.0,0.33559,0.17299,0.0,883.6404,2900.0,43.16603251355829,-22.19773826172709,0.15867670077,0.0833333,0.15867670077,0.0833333,0.398,0.289,0.0,0.3983424,0.2886751,0.0,39.4702,0.0,0.95,1.94,0.485,0.999,43.0
3102,3102,43_312,43_626,0.1748583,0.1679374,28.0166,1.043,2.65586E-6,2.0,2.0,967.0,2898.0,967.0,2898.3166,967.0,2898.3166,43.14072224636521,-22.19694813403948,0.547,0.289,90.0,0.52578,0.27724,90.0,967.0,2898.3166,43.14072224636521,-22.19694813403948,0.0833333,0.12442164227,0.0833333,0.12442164227,0.353,0.289,90.0,0.3527345,0.2886751,90.0,42.0142,0.0,0.93,1.896,0.473,0.998,43.0
3103,3103,43_313,43_625,0.7647841,0.3512154,26.4145,0.4987,6.609091E-5,3.0,3.0,748.0,2899.0,748.2144000000001,2898.4165,748.2144000000001,2898.4165,43.20716812443885,-22.197798165335005,0.55,0.33,-56.33,0.25258,0.15159,-56.33,748.2144000000001,2898.4165,43.20716812443885,-22.197798165335005,0.069611198544,0.24905096414,0.069611198544,0.24905096414,0.506,0.251,-79.26,0.5057201,0.2508173,-79.26,38.2264,0.0,1.61,1.666,0.4,1.0,43.0
3104,3104,43_314,43_624,0.5926331,0.3091698,26.6913,0.5666,2.1963E-5,5.0,5.0,679.0,2898.0,678.8757,2897.7951,678.8757,2897.7951,43.228228045379645,-22.19787773868858,0.963,0.329,-88.22,0.50236,0.17148,-88.22,678.8757,2897.7951,43.228228045379645,-22.19787773868858,0.079078943765,0.22567246369,0.079078943765,0.22567246369,0.476,0.28,86.36,0.4756764,0.2801489,86.36,39.3939,0.0,3.13,2.929,0.659,1.0,43.0
3105,3105,43_315,43_623,0.05125304,0.09092095,29.349,1.9265,0.002172651,2.0,2.0,575.0,2899.0,575.0,2898.6258,575.0,2898.6258,43.25976941047466,-22.198486832352494,0.563,0.289,90.0,0.99958,0.51209,90.0,575.0,2898.6258,43.25976941047466,-22.198486832352494,0.0833333,0.16923142787,0.0833333,0.16923142787,0.411,0.289,90.0,0.4113775,0.2886751,90.0,40.5944,0.0,0.95,1.952,0.488,0.997,43.0
3106,3106,43_316,43_622,2.729313,0.6634845,25.0332,0.264,8.391407E-6,14.0,14.0,848.0,2896.0,847.6510000000001,2896.0041,847.6510000000001,2896.0041,43.17697936132245,-22.19674966777084,1.016,0.554,51.29,0.24704,0.13464,51.29,847.6510000000001,2896.0041,43.17697936132245,-22.19674966777084,0.3164952285,0.35967535891,0.3164952285,0.35967535891,0.676,0.468,50.22,0.67612,0.4680088,50.22,40.3505,0.0,2.88,1.835,0.455,0.999,43.0
3107,3107,43_317,43_621,1.998102,0.5676923,25.3718,0.3085,0.007618219,7.0,7.0,513.0,2897.0,512.7545,2897.07,512.7545,2897.07,43.27867738710065,-22.19827098464271,0.78,0.494,-48.29,0.2217,0.14034,-48.29,512.7545,2897.07,43.27867738710065,-22.19827098464271,0.26878376033,0.2533745489,0.26878376033,0.2533745489,0.565,0.451,-41.19,0.5649502,0.4505437,-41.19,41.3187,0.0,2.02,1.58,0.367,1.0,43.0
3108,3108,43_318,43_620,0.06337796,0.1011052,29.1185,1.7325,2.433884E-6,2.0,2.0,970.0,2896.0,970.3737,2896.0,970.3737,2896.0,43.13970740074631,-22.196283593940315,0.563,0.289,0.0,0.89874,0.46051,0.0,970.3737,2896.0,43.13970740074631,-22.196283593940315,0.16890072156,0.0833333,0.16890072156,0.0833333,0.411,0.289,0.0,0.4109753,0.2886751,0.0,41.6176,0.0,0.95,1.952,0.488,0.997,43.0
3109,3109,43_319,43_619,0.2507406,0.2011021,27.6252,0.871,6.697323E-5,4.0,4.0,774.0,2894.0,773.8969,2894.5235,773.8969,2894.5235,43.19938449213943,-22.196608192230656,0.601,0.286,78.65,0.48221,0.22918,78.65,773.8969,2894.5235,43.19938449213943,-22.196608192230656,0.10567151213,0.29632440188,0.10567151213,0.29632440188,0.545,0.325,87.9,0.544593,0.3246758,87.9,37.4245,0.0,1.09,2.104,0.525,0.995,43.0
3110,3110,43_320,43_618,0.2082295,0.1832632,27.8269,0.9558,1.51611E-6,2.0,2.0,866.0,2894.0,866.0,2893.6249,866.0,2893.6249,43.1714166150564,-22.1960115094065,0.564,0.289,90.0,0.49609,0.25406,90.0,866.0,2893.6249,43.1714166150564,-22.1960115094065,0.0833333,0.16993817038,0.0833333,0.16993817038,0.412,0.289,90.0,0.4122356,0.2886751,90.0,39.8354,0.0,0.95,1.953,0.488,0.998,43.0
3111,3111,43_321,43_617,3.308467,0.7304955,24.8242,0.2398,1.23618E-5,15.0,15.0,656.0,2891.0,655.8081,2891.5552,655.8081,2891.5552,43.23525849449364,-22.196206620167,0.893,0.787,-64.81,0.19716,0.17387,-64.81,655.8081,2891.5552,43.23525849449364,-22.196206620167,0.43405880513,0.4129361213,0.43405880513,0.4129361213,0.665,0.636,-28.31,0.6653495,0.6358498,-28.31,40.1641,0.0,2.4,1.134,0.118,1.0,43.0
3112,3112,43_322,43_616,0.3620896,0.2416641,27.2263,0.7248,1.340479E-6,4.0,4.0,898.0,2891.0,897.6768999999999,2891.204,897.6768999999999,2891.204,43.1618063199477,-22.19521105970695,0.473,0.397,16.11,0.31576,0.26466,16.11,897.6768999999999,2891.204,43.1618063199477,-22.19521105970695,0.18931846499,0.13717824096,0.18931846499,0.13717824096,0.435,0.37,2.78,0.4352492,0.3702092,2.78,40.1679,0.0,0.99,1.193,0.162,1.0,43.0
3113,3113,43_323,43_615,1.436304,0.4813127,25.7302,0.3639,4.81835E-5,9.0,9.0,737.0,2891.0,737.8928,2890.012,737.8928,2890.012,43.2103370983249,-22.195472252406287,1.404,0.437,-54.61,0.47047,0.14647,-54.61,737.8928,2890.012,43.2103370983249,-22.195472252406287,0.30383205067,0.40158379072,0.30383205067,0.40158379072,0.701,0.463,-55.35,0.7006878,0.4630901,-55.35,38.712,0.0,4.65,3.212,0.689,1.0,43.0
3114,3114,43_324,43_614,1.35714,0.4678606,25.7917,0.3744,4.883071E-5,7.0,7.0,730.0,2889.0,729.8655,2889.6886,729.8655,2889.6886,43.212776202258105,-22.19541084147401,1.35,0.324,85.27,0.46542,0.11156,85.27,729.8655,2889.6886,43.212776202258105,-22.19541084147401,0.11896672963,0.47277215937,0.11896672963,0.47277215937,0.69,0.339,84.18,0.690281,0.3394865,84.18,40.4368,0.0,3.91,4.172,0.76,1.0,43.0
3115,3115,43_325,43_613,1.060027,0.4134877,26.06,0.4236,-5.595663E-4,5.0,5.0,776.0,2889.0,775.5525,2889.1258,775.5525,2889.1258,43.19890389892186,-22.19508380913531,0.665,0.309,-11.83,0.25967,0.12068,-11.83,775.5525,2889.1258,43.19890389892186,-22.19508380913531,0.2574297697,0.028442481512,0.2574297697,0.028442481512,0.508,0.166,-3.85,0.5084034,0.165524,-3.85,34.1222,0.0,1.26,2.152,0.535,1.0,43.0
3116,3116,43_326,43_612,0.2311911,0.1931033,27.7134,0.9071,0.001686827,4.0,4.0,575.0,2887.0,574.4066,2888.4089,574.4066,2888.4089,43.25999039926893,-22.19561535413284,1.381,0.21,-71.01,1.1532,0.17553,-71.01,574.4066,2888.4089,43.25999039926893,-22.19561535413284,0.18082137747,1.3358517157,0.18082137747,1.3358517157,1.209,0.236,-72.64,1.208683,0.2361349,-72.64,40.6069,0.0,3.16,6.57,0.848,1.0,43.0
3117,3117,43_327,43_611,0.4863015,0.2800638,26.906,0.6254,6.901313E-5,3.0,3.0,765.0,2888.0,764.7357999999999,2887.7675,764.7357999999999,2887.7675,43.20219440374433,-22.194741816548447,0.498,0.353,-41.31,0.287,0.20318,-41.31,764.7357999999999,2887.7675,43.20219440374433,-22.194741816548447,0.1055145189,0.088782923068,0.1055145189,0.088782923068,0.334,0.288,-27.34,0.3340941,0.2875388,-27.34,38.8307,0.0,1.23,1.413,0.292,1.0,43.0
3118,3118,43_328,43_610,1.023848,0.4063703,26.0977,0.431,5.462974E-5,6.0,6.0,758.0,2887.0,757.6861,2886.8316,757.6861,2886.8316,43.20433915556208,-22.194504644599892,0.627,0.396,-60.22,0.24888,0.15735,-60.22,757.6861,2886.8316,43.20433915556208,-22.194504644599892,0.15672650313,0.16614769248,0.15672650313,0.16614769248,0.443,0.355,-48.86,0.4432864,0.3554875,-48.86,38.2204,0.0,2.02,1.582,0.368,1.0,43.0
3119,3119,43_329,43_609,0.6086204,0.3133123,26.6624,0.5591,0.002984157,7.0,7.0,551.0,2884.0,551.0486,2884.5283,551.0486,2884.5283,43.26709878562453,-22.19460740802035,0.8,0.45,-72.85,0.41163,0.2319,-72.85,551.0486,2884.5283,43.26709878562453,-22.19460740802035,0.11123571266,0.21833131022,0.11123571266,0.21833131022,0.483,0.311,-70.81,0.4828056,0.3105893,-70.81,41.5568,0.0,1.55,1.775,0.437,0.999,43.0
3122,3122,43_332,43_606,1.222214,0.4439947,25.9054,0.3945,2.335127E-5,10.0,10.0,693.0,2882.0,693.1367,2882.752,693.1367,2882.752,43.22395832337446,-22.19359449292376,1.041,0.343,83.06,0.37825,0.1245,83.06,693.1367,2882.752,43.22395832337446,-22.19359449292376,0.073174107461,0.50621555564,0.073174107461,0.50621555564,0.714,0.264,85.0,0.7138286,0.2642694,85.0,40.7836,0.0,3.06,3.038,0.671,1.0,43.0
3123,3123,43_333,43_605,0.5537019,0.2988424,26.7651,0.5861,1.626639E-5,5.0,5.0,848.0,2883.0,848.1482,2883.388,848.1482,2883.388,43.17688080653891,-22.19319911922352,0.488,0.434,-81.72,0.26356,0.23445,-81.72,848.1482,2883.388,43.17688080653891,-22.19319911922352,0.059746062679,0.17427487055,0.059746062679,0.17427487055,0.418,0.244,-88.56,0.4175487,0.2442827,-88.56,99.0,0.0,1.11,1.124,0.11,1.0,43.0
3124,3124,43_334,43_604,0.3528443,0.2385589,27.2543,0.7342,9.384389E-6,5.0,5.0,606.0,2883.0,605.7296,2883.194,605.7296,2883.194,43.25049957479787,-22.194036077832056,0.629,0.415,-70.54,0.42558,0.28074,-70.54,605.7296,2883.194,43.25049957479787,-22.194036077832056,0.0950501123,0.14713381004,0.0950501123,0.14713381004,0.388,0.303,-76.52,0.3876983,0.3031072,-76.52,40.2671,0.0,1.33,1.516,0.34,1.0,43.0
3125,3125,43_335,43_603,0.3757477,0.2461797,27.1861,0.7115,0.001600096,3.0,3.0,571.0,2883.0,570.8877,2883.4328,570.8877,2883.4328,43.26107881928549,-22.19422837836507,0.51,0.292,73.15,0.33421,0.191,73.15,570.8877,2883.4328,43.26107881928549,-22.19422837836507,0.11026996638,0.29651562115,0.11026996638,0.29651562115,0.545,0.331,87.38,0.5448909,0.3314808,87.38,40.7933,0.0,1.13,1.75,0.429,1.0,43.0
3127,3127,43_337,43_601,1.186975,0.4375473,25.9372,0.4003,1.701022E-5,4.0,4.0,761.0,2883.0,760.5767000000001,2882.4432,760.5767000000001,2882.4432,43.20347932829896,-22.19325960645786,0.529,0.459,46.09,0.19519,0.16916,46.09,760.5767000000001,2882.4432,43.20347932829896,-22.19325960645786,0.22833366084,0.2398387394,0.22833366084,0.2398387394,0.516,0.45,50.22,0.5156174,0.44979,50.22,36.9977,0.0,1.16,1.154,0.133,1.0,43.0
3129,3129,43_339,43_599,0.8002251,0.3592612,26.3653,0.4876,-1.687533E-4,4.0,4.0,766.0,2882.0,766.2488000000001,2881.5187,766.2488000000001,2881.5187,43.20176059183379,-22.19297857789596,0.501,0.431,-82.48,0.22494,0.1936,-82.48,766.2488000000001,2881.5187,43.20176059183379,-22.19297857789596,0.091979864145,0.24458700065,0.091979864145,0.24458700065,0.495,0.303,-88.46,0.4946687,0.3031002,-88.46,35.2225,0.0,0.9,1.162,0.139,0.985,43.0
3130,3130,43_340,43_598,0.5291753,0.2921487,26.8143,0.5996,8.391919E-6,5.0,5.0,633.0,2880.0,632.8642,2879.962,632.8642,2879.962,43.24227269782012,-22.19302904604913,0.492,0.387,-86.79,0.27187,0.21385,-86.79,632.8642,2879.962,43.24227269782012,-22.19302904604913,0.11069079377,0.12044001268,0.11069079377,0.12044001268,0.347,0.333,-89.04,0.3470486,0.3326982,-89.04,40.2432,0.0,1.09,1.271,0.213,1.0,43.0
3131,3131,43_341,43_597,0.1360657,0.1481421,28.2889,1.1824,2.114627E-6,2.0,2.0,930.0,2877.0,930.4191,2877.4191,930.4191,2877.4191,43.15192028774595,-22.191209380695536,0.755,0.289,45.0,0.82217,0.31429,45.0,930.4191,2877.4191,43.15192028774595,-22.191209380695536,0.18503601281,0.18503601281,0.18503601281,0.18503601281,0.535,0.289,45.0,0.5354799,0.2886751,45.0,41.6937,0.0,1.51,2.616,0.618,0.998,43.0
3132,3132,43_342,43_596,1.343152,0.4654433,25.803,0.3763,2.979681E-5,6.0,6.0,735.0,2877.0,734.6303,2876.9385,734.6303,2876.9385,43.211381332475305,-22.191807035243237,0.634,0.481,84.31,0.21963,0.16668,84.31,734.6303,2876.9385,43.211381332475305,-22.191807035243237,0.20591173164,0.18983965954,0.20591173164,0.18983965954,0.455,0.434,14.84,0.4551099,0.4343114,14.84,39.3169,0.0,1.53,1.318,0.241,1.0,43.0
3134,3134,43_344,43_594,0.3368353,0.2330843,27.3048,0.7515,2.793452E-6,3.0,3.0,850.0,2876.0,849.6374000000001,2876.0466,849.6374000000001,2876.0466,43.17645907030015,-22.191128522921595,0.482,0.207,5.13,0.33377,0.14336,5.13,849.6374000000001,2876.0466,43.17645907030015,-22.191128522921595,0.16494098067,0.090823686073,0.16494098067,0.090823686073,0.406,0.301,0.52,0.4061369,0.3013594,0.52,40.0578,0.0,1.05,2.328,0.57,0.999,43.0
3135,3135,43_345,43_593,0.003810203,0.0247901,32.1709,7.0658,5.03667E-6,1.0,1.0,989.0,2876.0,989.0,2876.0,989.0,2876.0,43.13413514727341,-22.190586393898894,0.289,0.289,45.0,1.87822,1.87822,45.0,989.0,2876.0,43.13413514727341,-22.190586393898894,0.0833333,0.0833333,0.0833333,0.0833333,0.289,0.289,45.0,0.2886751,0.2886751,45.0,42.7254,0.0,0.0,1.0,0.0,0.775,43.0
3137,3137,43_347,43_591,0.8162801,0.3628472,26.3437,0.4827,0.0650949,5.0,5.0,842.0,2873.0,842.0073,2872.9712,842.0073,2872.9712,43.17878903507127,-22.19029209026164,0.565,0.512,0.21,0.21246,0.1925,0.21,842.0073,2872.9712,43.17878903507127,-22.19029209026164,0.14510038873,0.13436181217,0.14510038873,0.13436181217,0.381,0.367,0.08,0.3809205,0.3665539,0.08,99.0,0.0,1.28,1.104,0.094,1.0,43.0
3138,3138,43_348,43_590,0.6006333,0.3112496,26.6768,0.5628,2.172311E-5,5.0,5.0,706.0,2873.0,705.5042,2873.0511,705.5042,2873.0511,43.220242084609566,-22.19082062945546,0.649,0.351,-49.25,0.33609,0.18191,-49.25,705.5042,2873.0511,43.220242084609566,-22.19082062945546,0.24450277207,0.10068953999,0.24450277207,0.10068953999,0.51,0.291,-17.58,0.5104398,0.2909356,-17.58,99.0,0.0,1.64,1.848,0.459,1.0,43.0
3139,3139,43_349,43_589,0.3403314,0.2342908,27.2935,0.7476,0.001270989,3.0,3.0,693.0,2873.0,693.3779999999999,2873.2117,693.3779999999999,2873.2117,43.2239238194631,-22.190910202968958,0.537,0.338,-33.45,0.36741,0.23117,-33.45,693.3779999999999,2873.2117,43.2239238194631,-22.190910202968958,0.21197692504,0.078823763997,0.21197692504,0.078823763997,0.466,0.272,-10.78,0.4658192,0.2716857,-10.78,99.0,0.0,1.52,1.589,0.371,1.0,43.0
3143,3143,43_353,43_585,0.3766676,0.2464809,27.1834,0.7106,2.320796E-5,3.0,3.0,727.0,2872.0,727.3483,2872.1532,727.3483,2872.1532,43.21361226397124,-22.19048786000203,0.501,0.326,-23.83,0.32756,0.21321,-23.83,727.3483,2872.1532,43.21361226397124,-22.19048786000203,0.22361870266,0.12935677703,0.22361870266,0.12935677703,0.474,0.359,-4.91,0.4736246,0.3586855,-4.91,42.3816,0.0,1.18,1.536,0.349,1.0,43.0
3148,3148,43_358,43_580,1.41389,0.4775425,25.7473,0.3668,5.671651E-5,7.0,7.0,963.0,2870.0,963.3736,2870.4053,963.3736,2870.4053,43.14194160953288,-22.189110820909367,0.572,0.504,-7.76,0.193,0.17011,-7.76,963.3736,2870.4053,43.14194160953288,-22.189110820909367,0.24940135991,0.2301351483,0.24940135991,0.2301351483,0.513,0.465,-32.75,0.5128332,0.465337,-32.75,99.0,0.0,1.58,1.135,0.119,1.0,43.0
3149,3149,43_359,43_579,0.03214034,0.07199949,29.8557,2.4328,5.522539E-5,1.0,1.0,959.0,2871.0,959.0,2871.0,959.0,2871.0,43.14326735241145,-22.189294819221523,0.289,0.289,45.0,0.64615,0.64615,45.0,959.0,2871.0,43.14326735241145,-22.189294819221523,0.0833333,0.0833333,0.0833333,0.0833333,0.289,0.289,45.0,0.2886751,0.2886751,45.0,99.0,0.0,0.0,1.0,0.0,0.995,43.0
3150,3150,43_360,43_578,0.3231858,0.2283128,27.3497,0.7672,1.709631E-6,2.0,2.0,910.0,2871.0,909.5882,2871.0,909.5882,2871.0,43.158273532543056,-22.18948285340756,0.571,0.289,0.0,0.40308,0.20393,0.0,909.5882,2871.0,43.158273532543056,-22.18948285340756,0.19169790519,0.0833333,0.19169790519,0.0833333,0.438,0.289,0.0,0.4378332,0.2886751,0.0,42.2632,0.0,0.96,1.977,0.494,0.999,43.0
3151,3151,43_361,43_577,0.1334702,0.1467224,28.3098,1.1938,5.613778E-6,3.0,3.0,988.0,2870.0,988.1238,2870.0,988.1238,2870.0,43.13442670323492,-22.18890200471188,0.624,0.289,0.0,0.68646,0.31733,0.0,988.1238,2870.0,43.13442670323492,-22.18890200471188,0.1131567255,0.0833333,0.1131567255,0.0833333,0.336,0.289,0.0,0.3363878,0.2886751,0.0,43.4756,0.0,1.19,2.163,0.538,0.993,43.0
3152,3152,43_362,43_576,0.01816766,0.05413194,30.4751,3.2358,1.743048E-6,1.0,1.0,906.0,2870.0,906.0,2870.0,906.0,2870.0,43.15936743910934,-22.18921516363736,0.289,0.289,45.0,0.86012,0.86012,45.0,906.0,2870.0,43.15936743910934,-22.18921516363736,0.0833333,0.0833333,0.0833333,0.0833333,0.289,0.289,45.0,0.2886751,0.2886751,45.0,41.8298,0.0,0.0,1.0,0.0,0.991,43.0
3153,3153,43_363,43_575,0.0526901,0.09218679,29.319,1.9001,2.567471E-4,1.0,1.0,682.0,2870.0,682.0,2870.0,682.0,2870.0,43.22739201491179,-22.19004842642105,0.289,0.289,45.0,0.50388,0.50388,45.0,682.0,2870.0,43.22739201491179,-22.19004842642105,0.0833333,0.0833333,0.0833333,0.0833333,0.289,0.289,45.0,0.2886751,0.2886751,45.0,99.0,0.0,0.0,1.0,0.0,0.996,43.0
3154,3154,43_364,43_574,-1.782125,4.706882E-7,99.0,99.0,0.396838,16.0,16.0,551.0,2866.0,551.1963,2865.8404,551.1963,2865.8404,43.26712829180679,-22.18935074278165,1.175,0.881,79.9,0.22123,0.16594,79.9,551.1963,2865.8404,43.26712829180679,-22.18935074278165,0.7795874448,1.3004478099,0.7795874448,1.3004478099,1.146,0.876,81.36,1.145751,0.8759509,81.36,99.0,1.0,2.83,1.333,0.25,1.0,43.0
3155,3155,43_365,43_573,0.1193394,0.1387382,28.4313,1.2625,6.93632E-6,3.0,3.0,1003.0,2866.0,1003.3836,2866.009,1003.3836,2866.009,43.12980925240833,-22.18772072450881,0.566,0.304,-0.87,0.65748,0.35294,-0.87,1003.3836,2866.009,43.12980925240833,-22.18772072450881,0.18308615995,0.084948312536,0.18308615995,0.084948312536,0.428,0.291,-0.11,0.4278861,0.2914584,-0.11,42.5139,0.0,0.97,1.863,0.463,0.999,43.0
3156,3156,43_366,43_572,0.1078958,0.1319187,28.5408,1.3278,0.001845811,2.0,2.0,521.0,2867.0,520.6844,2867.0,520.6844,2867.0,43.27638848109099,-22.189785513005976,0.547,0.289,0.0,0.66897,0.35296,0.0,520.6844,2867.0,43.27638848109099,-22.189785513005976,0.1240164865,0.0833333,0.1240164865,0.0833333,0.352,0.289,0.0,0.3521597,0.2886751,0.0,39.0446,0.0,0.93,1.895,0.472,0.998,43.0
3157,3157,43_367,43_571,1.75668,0.5322927,25.5116,0.3291,9.877204E-5,9.0,9.0,728.0,2865.0,728.0894000000001,2864.5408,728.0894000000001,2864.5408,43.213418308651605,-22.18834396333272,0.789,0.492,9.68,0.23904,0.14896,9.68,728.0894000000001,2864.5408,43.213418308651605,-22.18834396333272,0.34088565008,0.24838680171,0.34088565008,0.24838680171,0.59,0.491,14.99,0.5899374,0.4911683,14.99,99.0,0.0,2.21,1.605,0.377,1.0,43.0
3158,3158,43_368,43_570,2.85627,0.6787406,24.9838,0.2581,7.682156E-6,9.0,9.0,1008.0,2862.0,1007.4477,2862.1479,1007.4477,2862.1479,43.12859141117147,-22.186618980529488,0.707,0.548,-81.14,0.16811,0.13011,-81.14,1007.4477,2862.1479,43.12859141117147,-22.186618980529488,0.25906351177,0.29188118814,0.25906351177,0.29188118814,0.545,0.504,-70.47,0.5446166,0.5043187,-70.47,43.1892,0.0,1.93,1.292,0.226,1.0,43.0
3159,3159,43_369,43_569,1.0109,0.4037925,26.1115,0.4338,3.537499E-6,4.0,4.0,944.0,2863.0,943.7212,2863.4951,943.7212,2863.4951,43.14793912499788,-22.18724207171164,0.534,0.408,-57.2,0.21313,0.16292,-57.2,943.7212,2863.4951,43.14793912499788,-22.18724207171164,0.10032397624,0.23350585478,0.10032397624,0.23350585478,0.489,0.308,-78.9,0.4887059,0.3082148,-78.9,42.6549,0.0,1.03,1.308,0.236,1.0,43.0
3160,3160,43_370,43_568,2.157541,0.5899072,25.2884,0.2969,4.573809E-6,10.0,10.0,683.0,2862.0,683.2186,2862.4529,683.2186,2862.4529,43.22705259298616,-22.187921199812976,0.735,0.665,67.43,0.20106,0.18183,67.43,683.2186,2862.4529,43.22705259298616,-22.187921199812976,0.29294319695,0.32044960886,0.29294319695,0.32044960886,0.57,0.537,69.72,0.5699108,0.5372099,69.72,45.4678,0.0,2.15,1.106,0.096,1.0,43.0
3161,3161,43_371,43_567,0.09251924,0.1221575,28.7077,1.4339,2.767918E-6,2.0,2.0,649.0,2863.0,649.0,2863.4062,649.0,2863.4062,43.23743960933534,-22.188313950193667,0.57,0.289,90.0,0.75216,0.38114,90.0,649.0,2863.4062,43.23743960933534,-22.188313950193667,0.0833333,0.19269166556,0.0833333,0.19269166556,0.439,0.289,90.0,0.4389666,0.2886751,90.0,41.4995,0.0,0.96,1.973,0.493,0.997,43.0
3162,3162,43_372,43_566,0.1556625,0.1584514,28.1428,1.1055,-2.823831E-5,3.0,3.0,640.0,2863.0,640.1817,2863.4856,640.1817,2863.4856,43.24011704564991,-22.188368278867987,0.553,0.305,59.21,0.56279,0.31047,59.21,640.1817,2863.4856,43.24011704564991,-22.188368278867987,0.11256770445,0.26425485599,0.11256770445,0.26425485599,0.517,0.33,81.57,0.5173624,0.3303918,81.57,37.3943,0.0,1.2,1.813,0.448,0.989,43.0
3164,3164,43_374,43_564,5.832933,0.9699463,24.2086,0.1806,-1.32312,4.0,4.0,559.0,2863.0,557.6639,2863.4753,557.6639,2863.4753,43.26517384000319,-22.188662433782465,1.29,0.184,-21.32,0.70659,0.10057,-21.32,557.6639,2863.4753,43.26517384000319,-22.188662433782465,1.4381661622,0.24933398866,1.4381661622,0.24933398866,1.286,0.185,-21.38,1.285846,0.1846595,-21.38,25.8447,1.0,2.84,7.026,0.858,0.997,43.0
3166,3166,43_376,43_562,0.2739103,0.2101882,27.5293,0.8334,1.726436E-6,2.0,2.0,675.0,2861.0,675.0,2861.3406,675.0,2861.3406,43.22955278654239,-22.187638339884057,0.555,0.289,90.0,0.42582,0.22152,90.0,675.0,2861.3406,43.22955278654239,-22.187638339884057,0.0833333,0.14666960882,0.0833333,0.14666960882,0.383,0.289,90.0,0.3829747,0.2886751,90.0,40.621,0.0,0.94,1.922,0.48,0.999,43.0
3167,3167,43_377,43_561,0.05077553,0.09049642,29.3592,1.9356,1.966092E-6,1.0,1.0,878.0,2861.0,878.0,2861.0,878.0,2861.0,43.16790838710993,-22.186789433590697,0.289,0.289,45.0,0.51449,0.51449,45.0,878.0,2861.0,43.16790838710993,-22.186789433590697,0.0833333,0.0833333,0.0833333,0.0833333,0.289,0.289,45.0,0.2886751,0.2886751,45.0,41.8829,0.0,0.0,1.0,0.0,0.996,43.0
3168,3168,43_378,43_560,0.3464494,0.2363873,27.2742,0.741,6.193168E-4,3.0,3.0,818.0,2861.0,818.1965,2860.8108,818.1965,2860.8108,43.18607040807086,-22.186960701011262,0.439,0.344,43.29,0.2989,0.23417,43.29,818.1965,2860.8108,43.18607040807086,-22.186960701011262,0.13320585316,0.13104547594,0.13320585316,0.13104547594,0.367,0.36,33.89,0.3673995,0.3595399,33.89,99.0,0.0,1.0,1.276,0.217,1.0,43.0
3169,3169,43_379,43_559,0.08055891,0.1139885,28.858,1.5367,5.709228E-4,2.0,2.0,775.0,2859.0,774.698,2859.302,774.698,2859.302,43.19928607292941,-22.18669821916278,0.711,0.289,-45.0,0.99864,0.4057,45.0,774.698,2859.302,43.19928607292941,-22.18669821916278,0.10730346631,0.10730346631,0.10730346631,0.10730346631,0.362,0.289,45.0,0.362317,0.2886751,45.0,99.0,0.0,1.45,2.461,0.594,0.997,43.0
3170,3170,43_380,43_558,0.03667078,0.07690671,29.7125,2.2776,1.775448E-6,1.0,1.0,656.0,2860.0,656.0,2860.0,656.0,2860.0,43.23532775626758,-22.187330460080656,0.289,0.289,45.0,0.60541,0.60541,45.0,656.0,2860.0,43.23532775626758,-22.187330460080656,0.0833333,0.0833333,0.0833333,0.0833333,0.289,0.289,45.0,0.2886751,0.2886751,45.0,42.1723,0.0,0.0,1.0,0.0,0.996,43.0
3171,3171,43_381,43_557,1.07996,0.4173573,26.0398,0.4197,-1.271127E-6,6.0,6.0,640.0,2859.0,640.4377,2858.8798,640.4377,2858.8798,43.24005788236758,-22.187071889487825,0.633,0.578,-56.41,0.24469,0.22349,-56.41,640.4377,2858.8798,43.24005788236758,-22.187071889487825,0.22752372249,0.2094045674,0.22752372249,0.2094045674,0.48,0.455,-20.06,0.4799072,0.4545518,-20.06,39.9814,0.0,1.84,1.095,0.087,1.0,43.0
3172,3172,43_382,43_556,2.816167,0.6739589,24.9992,0.2599,-0.4217142,5.0,5.0,560.0,2859.0,560.1736,2859.2943,560.1736,2859.2943,43.26442843615233,-22.18747751168539,0.697,0.384,-24.92,0.33314,0.18358,-24.92,560.1736,2859.2943,43.26442843615233,-22.18747751168539,0.41665926552,0.20638470378,0.41665926552,0.20638470378,0.69,0.384,-25.09,0.6897318,0.3838152,-25.09,27.086,0.0,3.03,1.815,0.449,0.997,43.0
3173,3173,43_383,43_555,2.44002,0.6273369,25.1548,0.2792,-0.7061979,3.0,3.0,555.0,2859.0,554.9733,2859.1843,554.9733,2859.1843,43.266007915134686,-22.18746516045601,0.484,0.33,87.74,0.34299,0.23427,87.74,554.9733,2859.1843,43.266007915134686,-22.18746516045601,0.10760000805,0.22864630484,0.10760000805,0.22864630484,0.478,0.328,87.93,0.4783361,0.3277818,87.93,26.5265,0.0,2.3,1.464,0.317,0.997,43.0
3174,3174,43_384,43_554,0.4351049,0.2649117,27.0268,0.6612,3.623531E-6,3.0,3.0,957.0,2858.0,957.2502,2858.0715,957.2502,2858.0715,43.14385336535965,-22.18566484185359,0.436,0.253,-8.22,0.26552,0.15379,-8.22,957.2502,2858.0715,43.14385336535965,-22.18566484185359,0.1094314245,0.08947718591,0.1094314245,0.08947718591,0.331,0.299,-0.48,0.3308063,0.2991251,-0.48,41.0039,0.0,0.97,1.727,0.421,1.0,43.0
3175,3175,43_385,43_553,0.1349061,0.1475095,28.2982,1.1875,2.317276E-6,2.0,2.0,923.0,2859.0,923.4384,2859.0,923.4384,2859.0,43.15411773629568,-22.18605483946831,0.574,0.289,0.0,0.62769,0.31564,0.0,923.4384,2859.0,43.15411773629568,-22.18605483946831,0.2404179684,0.0833333,0.2404179684,0.0833333,0.49,0.289,0.0,0.4903243,0.2886751,0.0,44.6382,0.0,0.96,1.989,0.497,0.998,43.0
3176,3176,43_386,43_552,0.0927022,0.1222782,28.7056,1.4325,2.25067E-4,2.0,2.0,873.0,2859.0,872.8380999999999,2859.0,872.8380999999999,2859.0,43.16948432205389,-22.18624632607153,0.468,0.289,0.0,0.61588,0.37986,0.0,872.8380999999999,2859.0,43.16948432205389,-22.18624632607153,0.095218202337,0.0833333,0.095218202337,0.0833333,0.309,0.289,0.0,0.3085745,0.2886751,0.0,99.0,0.0,0.0,1.621,0.383,0.998,43.0
3177,3177,43_387,43_551,5.822095,0.9690447,24.2106,0.1808,-0.001940904,31.0,31.0,793.0,2858.0,792.0511,2855.6802,792.0511,2855.6802,43.1940313268031,-22.185615027006797,2.39,1.141,58.86,0.39983,0.19094,58.86,792.0511,2855.6802,43.1940313268031,-22.185615027006797,1.7459046642,2.9043168948,1.7459046642,2.9043168948,1.852,1.104,60.79,1.852248,1.104264,60.79,32.9168,1.0,8.08,2.094,0.522,1.0,43.0
3178,3178,43_388,43_550,0.4948334,0.2825099,26.8872,0.62,1.498425E-4,3.0,3.0,626.0,2859.0,626.2727,2858.3844,626.2727,2858.3844,43.24436114600185,-22.18698385222984,0.569,0.333,-50.18,0.32484,0.19006,-50.18,626.2727,2858.3844,43.24436114600185,-22.18698385222984,0.12861083457,0.23774575379,0.12861083457,0.23774575379,0.513,0.321,-66.38,0.5133754,0.320628,-66.38,99.0,0.0,2.52,1.709,0.415,1.0,43.0
3179,3179,43_389,43_549,1.365871,0.4693631,25.7848,0.3732,2.005339E-6,5.0,5.0,903.0,2858.0,903.3296,2857.5186,903.3296,2857.5186,43.16023072857551,-22.185714424751566,0.64,0.456,27.16,0.2199,0.15656,27.16,903.3296,2857.5186,43.16023072857551,-22.185714424751566,0.25297688405,0.24274348813,0.25297688405,0.24274348813,0.535,0.458,41.14,0.5347415,0.4580086,41.14,44.6352,0.0,1.85,1.405,0.288,1.0,43.0
3181,3181,43_391,43_547,0.743461,0.3462847,26.4452,0.5058,2.334936E-6,4.0,4.0,922.0,2856.0,922.4176,2856.4185,922.4176,2856.4185,43.15443858974217,-22.18533257222915,0.513,0.472,-45.11,0.23917,0.2199,-45.11,922.4176,2856.4185,43.15443858974217,-22.18533257222915,0.22502592522,0.22560522977,0.22502592522,0.22560522977,0.493,0.456,-45.48,0.4925248,0.4561256,-45.48,99.0,0.0,1.05,1.088,0.081,1.0,43.0
3182,3182,43_392,43_546,0.05000501,0.08980715,29.3758,1.9504,0.001553009,2.0,2.0,797.0,2855.0,796.7511999999999,2855.0,796.7511999999999,2855.0,43.19260684094101,-22.185406209933152,0.52,0.289,0.0,0.90622,0.50325,0.0,796.7511999999999,2855.0,43.19260684094101,-22.185406209933152,0.10579223755,0.0833333,0.10579223755,0.0833333,0.325,0.289,0.0,0.3252572,0.2886751,0.0,99.0,0.0,0.85,1.801,0.445,0.997,43.0
3183,3183,43_393,43_545,1.48893,0.4900509,25.6911,0.3574,2.023334E-6,9.0,9.0,912.0,2852.0,911.7979,2852.2055,911.7979,2852.2055,43.157681321522354,-22.184187819487637,1.158,0.49,-49.22,0.38121,0.16141,-49.22,911.7979,2852.2055,43.157681321522354,-22.184187819487637,0.46505930981,0.47649921836,0.46505930981,0.47649921836,0.856,0.457,-45.63,0.8559128,0.4571343,-45.63,44.562,0.0,3.87,2.362,0.577,1.0,43.0
3184,3184,43_394,43_544,0.02758772,0.06670556,30.0215,2.6259,6.892614E-5,1.0,1.0,807.0,2854.0,807.0,2854.0,807.0,2854.0,43.18949868699564,-22.185086742961705,0.289,0.289,45.0,0.69734,0.69734,45.0,807.0,2854.0,43.18949868699564,-22.185086742961705,0.0833333,0.0833333,0.0833333,0.0833333,0.289,0.289,45.0,0.2886751,0.2886751,45.0,99.0,0.0,0.0,1.0,0.0,0.995,43.0
3185,3185,43_395,43_543,0.2910456,0.216663,27.4634,0.8085,4.575564E-7,3.0,3.0,661.0,2854.0,661.356,2853.9478,661.356,2853.9478,43.23372584177854,-22.18560868014282,0.481,0.218,5.84,0.35793,0.16233,5.84,661.356,2853.9478,43.23372584177854,-22.18560868014282,0.16114764416,0.091605841685,0.16114764416,0.091605841685,0.401,0.303,0.58,0.401441,0.3026526,0.58,45.7242,0.0,1.05,2.205,0.546,0.999,43.0
3186,3186,43_396,43_542,0.7348136,0.3442649,26.4579,0.5088,6.604361E-6,4.0,4.0,840.0,2852.0,840.4153,2851.5355,840.4153,2851.5355,43.17936152874837,-22.184268569797787,0.517,0.473,-48.88,0.2424,0.22168,-48.88,840.4153,2851.5355,43.17936152874837,-22.184268569797787,0.21671390587,0.2408366493,0.21671390587,0.2408366493,0.501,0.454,-61.25,0.5012187,0.4542361,-61.25,42.5152,0.0,0.94,1.093,0.085,1.0,43.0
3187,3187,43_397,43_541,1.747363,0.5308793,25.5173,0.3299,4.461221E-6,8.0,8.0,702.0,2850.0,702.0162,2850.0615,702.0162,2850.0615,43.221394853227714,-22.184367073179995,0.646,0.584,74.82,0.19623,0.17737,74.82,702.0162,2850.0615,43.221394853227714,-22.184367073179995,0.20206245434,0.24807784705,0.20206245434,0.24807784705,0.498,0.449,-88.88,0.4980918,0.449494,-88.88,42.9858,0.0,1.9,1.106,0.096,1.0,43.0
3188,3188,43_398,43_540,0.9156342,0.3842954,26.219,0.4558,-1.179411E-6,6.0,6.0,698.0,2850.0,698.2292,2849.5326,698.2292,2849.5326,43.22254695837886,-22.18423218305389,0.583,0.515,-84.48,0.24476,0.21626,-84.48,698.2292,2849.5326,43.22254695837886,-22.18423218305389,0.134182935,0.25924054844,0.134182935,0.25924054844,0.509,0.366,-87.46,0.5093983,0.3659738,-87.46,39.313,0.0,1.22,1.132,0.116,1.0,43.0
3189,3189,43_399,43_539,0.3320524,0.2314235,27.3203,0.7569,5.55181E-7,3.0,3.0,584.0,2850.0,584.1168,2850.172,584.1168,2850.172,43.25719464913246,-22.18482594647707,0.388,0.308,-67.15,0.27072,0.2145,-67.15,584.1168,2850.172,43.25719464913246,-22.18482594647707,0.093068144223,0.098714674901,0.093068144223,0.098714674901,0.314,0.305,-88.44,0.3141956,0.3050639,-88.44,42.6895,0.0,0.91,1.262,0.208,0.999,43.0
3191,3191,43_401,43_537,0.1306282,0.1451519,28.3332,1.2067,5.966202E-6,2.0,2.0,956.0,2848.0,955.5625,2848.0,955.5625,2848.0,43.14440843118412,-22.18283827110888,0.574,0.289,0.0,0.63777,0.32076,0.0,955.5625,2848.0,43.14440843118412,-22.18283827110888,0.23939768193,0.0833333,0.23939768193,0.0833333,0.489,0.289,0.0,0.4892828,0.2886751,0.0,99.0,0.0,0.96,1.988,0.497,0.998,43.0
3192,3192,43_402,43_536,0.2005404,0.1798478,27.8678,0.9739,2.047694E-6,2.0,2.0,872.0,2848.0,872.1577,2848.0,872.1577,2848.0,43.16973684287605,-22.18315475466112,0.465,0.289,0.0,0.41695,0.25888,0.0,872.1577,2848.0,43.16973684287605,-22.18315475466112,0.09477527926,0.0833333,0.09477527926,0.0833333,0.308,0.289,0.0,0.3078559,0.2886751,0.0,42.3475,0.0,2.09,1.611,0.379,0.872,43.0
3193,3193,43_403,43_535,0.08349422,0.1160466,28.8192,1.5094,1.534371E-6,1.0,1.0,578.0,2848.0,578.0,2848.0,578.0,2848.0,43.25906064538662,-22.184237001648587,0.289,0.289,45.0,0.40121,0.40121,45.0,578.0,2848.0,43.25906064538662,-22.184237001648587,0.0833333,0.0833333,0.0833333,0.0833333,0.289,0.289,45.0,0.2886751,0.2886751,45.0,99.0,0.0,0.0,1.0,0.0,0.997,43.0
3194,3194,43_404,43_534,0.1134995,0.135301,28.4858,1.2946,4.48925E-6,2.0,2.0,952.0,2847.0,951.6998,2847.0,951.6998,2847.0,43.14558569236402,-22.182571730922096,0.542,0.289,0.0,0.64571,0.34412,0.0,951.6998,2847.0,43.14558569236402,-22.182571730922096,0.11352449934,0.0833333,0.11352449934,0.0833333,0.337,0.289,0.0,0.336934,0.2886751,0.0,43.4155,2.0,0.93,1.876,0.467,0.998,43.0
3195,3195,43_405,43_534,0.8788719,0.3765017,26.2635,0.4652,4.202008E-6,5.0,5.0,948.0,2846.0,948.3077,2845.7229,948.3077,2845.7229,43.14662120350025,-22.18222544110946,0.638,0.336,32.87,0.27337,0.14401,32.87,948.3077,2845.7229,43.14662120350025,-22.18222544110946,0.22696041225,0.11378131671,0.22696041225,0.11378131671,0.493,0.312,19.55,0.4932371,0.312184,19.55,43.3015,2.0,2.29,1.898,0.473,1.0,43.0
3196,3196,43_406,43_533,0.8054157,0.3604244,26.3582,0.486,1.247768E-6,9.0,9.0,519.0,2846.0,517.981,2844.7682,517.981,2844.7682,43.27729736988512,-22.183542253542655,1.495,0.372,54.48,0.6688,0.1666,54.48,517.981,2844.7682,43.27729736988512,-22.183542253542655,0.64564305629,0.89847506383,0.64564305629,0.89847506383,1.186,0.371,50.75,1.185822,0.3714073,50.75,45.5751,1.0,4.42,4.014,0.751,1.0,43.0
3197,3197,43_407,43_532,2.019407,0.5707108,25.3602,0.3069,3.196661E-6,6.0,6.0,935.0,2845.0,934.3786,2845.5418,934.3786,2845.5418,43.15085197873587,-22.18222758815979,0.83,0.432,-20.57,0.23453,0.12196,-20.57,934.3786,2845.5418,43.15085197873587,-22.18222758815979,0.33719149696,0.24932655859,0.33719149696,0.24932655859,0.607,0.467,-27.04,0.6067623,0.4672874,-27.04,43.4589,0.0,2.93,1.923,0.48,1.0,43.0
3198,3198,43_408,43_531,3.528727,0.75442,24.7543,0.2322,4.71266E-6,19.0,19.0,904.0,2841.0,903.9127,2841.3763,903.9127,2841.3763,43.16012130962745,-22.181171591983286,1.845,0.666,58.8,0.39448,0.14247,58.8,903.9127,2841.3763,43.16012130962745,-22.181171591983286,0.5195926607,0.48706676789,0.5195926607,0.48706676789,0.861,0.515,43.04,0.8609669,0.5151655,43.04,99.0,0.0,6.18,2.769,0.639,1.0,43.0
3200,3200,43_410,43_529,0.1258069,0.142448,28.374,1.2297,1.788444E-5,2.0,2.0,763.0,2846.0,763.0,2845.6233,763.0,2845.6233,43.202894600822994,-22.182894056272985,0.564,0.289,90.0,0.63864,0.32685,90.0,763.0,2845.6233,43.202894600822994,-22.182894056272985,0.0833333,0.17123988181,0.0833333,0.17123988181,0.414,0.289,90.0,0.4138114,0.2886751,90.0,40.2381,0.0,0.95,1.954,0.488,0.998,43.0
3201,3201,43_411,43_528,0.7216704,0.3411722,26.4775,0.5134,7.623516E-7,4.0,4.0,623.0,2844.0,622.569,2844.0745,622.569,2844.0745,43.245543340598,-22.1829723505046,0.51,0.252,9.55,0.24095,0.11916,9.55,622.569,2844.0745,43.245543340598,-22.1829723505046,0.25189296304,0.10018542573,0.25189296304,0.10018542573,0.502,0.316,1.39,0.5019782,0.3163799,1.39,43.6698,0.0,1.34,2.022,0.505,1.0,43.0
3202,3202,43_412,43_527,0.02241953,0.06013363,30.2467,2.9129,1.200503E-6,1.0,1.0,529.0,2845.0,529.0,2845.0,529.0,2845.0,43.2739507476524,-22.18356828706212,0.289,0.289,45.0,0.77427,0.77427,45.0,529.0,2845.0,43.2739507476524,-22.18356828706212,0.0833333,0.0833333,0.0833333,0.0833333,0.289,0.289,45.0,0.2886751,0.2886751,45.0,46.6786,0.0,0.0,1.0,0.0,0.993,43.0
3203,3203,43_413,43_526,0.01819404,0.05417124,30.4735,3.2335,1.968028E-5,1.0,1.0,769.0,2844.0,769.0,2844.0,769.0,2844.0,43.20107929142675,-22.182415229377103,0.289,0.289,45.0,0.8595,0.8595,45.0,769.0,2844.0,43.20107929142675,-22.182415229377103,0.0833333,0.0833333,0.0833333,0.0833333,0.289,0.289,45.0,0.2886751,0.2886751,45.0,39.9625,0.0,0.0,1.0,0.0,0.991,43.0
3205,3205,43_415,43_524,0.134179,0.1471114,28.3041,1.1907,7.218048E-6,2.0,2.0,990.0,2842.0,990.0,2842.1983,990.0,2842.1983,43.13397486955776,-22.18107439189081,0.492,0.289,90.0,0.53966,0.31649,90.0,990.0,2842.1983,43.13397486955776,-22.18107439189081,0.0833333,0.099289694064,0.0833333,0.099289694064,0.315,0.289,90.0,0.3151027,0.2886751,90.0,44.2491,0.0,0.87,1.705,0.414,0.998,43.0
3206,3206,43_416,43_523,0.2633835,0.2061097,27.5718,0.8498,2.047694E-6,4.0,4.0,861.0,2842.0,861.2570000000001,2842.373,861.2570000000001,2842.373,43.17307056426007,-22.181613017487727,0.597,0.263,49.3,0.46684,0.20549,49.3,861.2570000000001,2842.373,43.17307056426007,-22.181613017487727,0.11572695655,0.16237643138,0.11572695655,0.16237643138,0.415,0.326,67.43,0.414876,0.3255477,67.43,42.5568,0.0,1.24,2.272,0.56,1.0,43.0
3207,3207,43_417,43_522,0.1431164,0.1519319,28.2341,1.1529,1.976835E-5,2.0,2.0,764.0,2842.0,764.0,2842.4051,764.0,2842.4051,43.20260415526449,-22.181985144785752,0.57,0.289,90.0,0.60458,0.30645,90.0,764.0,2842.4051,43.20260415526449,-22.181985144785752,0.0833333,0.19181433424,0.0833333,0.19181433424,0.438,0.289,90.0,0.4379661,0.2886751,90.0,40.0195,0.0,0.96,1.973,0.493,0.998,43.0
3208,3208,43_418,43_521,0.2083596,0.1833204,27.8263,0.9555,1.763574E-6,2.0,2.0,668.0,2843.0,667.8306,2843.0,667.8306,2843.0,43.231804120472496,-22.18250581170769,0.473,0.289,0.0,0.41644,0.25398,0.0,667.8306,2843.0,43.231804120472496,-22.18250581170769,0.096008658163,0.0833333,0.096008658163,0.0833333,0.31,0.289,0.0,0.3098526,0.2886751,0.0,45.7079,0.0,0.84,1.64,0.39,0.999,43.0
3209,3209,43_419,43_520,0.0557299,0.09480872,29.2581,1.8475,9.872964E-6,1.0,1.0,923.0,2842.0,923.0,2842.0,923.0,2842.0,43.15432232347775,-22.181274600485168,0.289,0.289,45.0,0.49106,0.49106,45.0,923.0,2842.0,43.15432232347775,-22.181274600485168,0.0833333,0.0833333,0.0833333,0.0833333,0.289,0.289,45.0,0.2886751,0.2886751,45.0,99.0,0.0,0.0,1.0,0.0,0.997,43.0
3210,3210,43_420,43_519,0.9815674,0.3978911,26.1435,0.4402,-1.025198E-4,5.0,5.0,849.0,2842.0,848.6078,2841.5555,848.6078,2841.5555,43.17691516324221,-22.181430618368164,0.668,0.445,26.43,0.27073,0.18033,26.43,848.6078,2841.5555,43.17691516324221,-22.181430618368164,0.27514275963,0.24737318218,0.27514275963,0.24737318218,0.566,0.45,38.19,0.5658454,0.4498166,38.19,36.0821,0.0,2.12,1.501,0.334,1.0,43.0
3211,3211,43_421,43_518,0.05256749,0.09207946,29.3215,1.9023,3.081264E-5,1.0,1.0,726.0,2842.0,726.0,2842.0,726.0,2842.0,43.21414485773073,-22.182011497406187,0.289,0.289,45.0,0.50557,0.50557,45.0,726.0,2842.0,43.21414485773073,-22.182011497406187,0.0833333,0.0833333,0.0833333,0.0833333,0.289,0.289,45.0,0.2886751,0.2886751,45.0,99.0,0.0,0.0,1.0,0.0,0.996,43.0
3212,3212,43_422,43_517,0.4450016,0.2679076,27.0024,0.6538,1.073074E-5,4.0,4.0,699.0,2842.0,698.64,2841.806,698.64,2841.806,43.222453645935545,-22.182057395596825,0.485,0.39,13.54,0.29182,0.23456,13.54,698.64,2841.806,43.222453645935545,-22.182057395596825,0.20569153693,0.12912610283,0.20569153693,0.12912610283,0.454,0.359,2.49,0.4536918,0.3591398,2.49,99.0,0.0,0.84,1.244,0.196,1.0,43.0
3213,3213,43_423,43_516,0.5174646,0.288898,26.8386,0.6063,1.139845E-6,3.0,3.0,580.0,2841.0,579.8091,2841.127,579.8091,2841.127,43.25853879624415,-22.182297386449516,0.406,0.316,24.02,0.22695,0.1766,24.02,579.8091,2841.127,43.25853879624415,-22.182297386449516,0.10154880589,0.094560561827,0.10154880589,0.094560561827,0.319,0.307,1.73,0.3186772,0.3074967,1.73,44.0803,0.0,0.94,1.285,0.222,1.0,43.0
3214,3214,43_424,43_515,0.7064087,0.3375454,26.5007,0.5189,7.50529E-6,8.0,8.0,994.0,2840.0,993.5079,2839.7674,993.5079,2839.7674,43.13291989738666,-22.180377119026584,0.787,0.449,17.16,0.37613,0.21444,17.16,993.5079,2839.7674,43.13291989738666,-22.180377119026584,0.24979130333,0.11122424293,0.24979130333,0.11122424293,0.501,0.332,4.74,0.5007493,0.3320627,4.74,43.9013,0.0,1.79,1.754,0.43,1.0,43.0
3215,3215,43_425,43_514,0.7879199,0.3564883,26.3821,0.4914,5.781838E-6,4.0,4.0,970.0,2840.0,970.4204,2840.4912,970.4204,2840.4912,43.13992808462756,-22.180669287367312,0.529,0.463,47.74,0.23923,0.2093,47.74,970.4204,2840.4912,43.13992808462756,-22.180669287367312,0.22020688217,0.2478067159,0.22020688217,0.2478067159,0.516,0.449,57.56,0.5162511,0.4488857,57.56,43.9386,0.0,0.98,1.143,0.125,1.0,43.0
3216,3216,43_426,43_513,2.484678,0.6330518,25.1351,0.2767,1.966153E-5,13.0,13.0,753.0,2839.0,753.1383,2839.8405,753.1383,2839.8405,43.20591294401365,-22.181303973486028,1.207,0.846,5.59,0.30742,0.21549,5.59,753.1383,2839.8405,43.20591294401365,-22.181303973486028,0.5578302878,0.41210131745,0.5578302878,0.41210131745,0.756,0.632,-15.95,0.7555141,0.6317675,-15.95,40.3712,0.0,4.11,1.427,0.299,1.0,43.0
3217,3217,43_427,43_512,0.02845185,0.06774222,29.988,2.5857,2.047694E-6,1.0,1.0,886.0,2840.0,886.0,2840.0,886.0,2840.0,43.165566698247616,-22.180852230691816,0.289,0.289,45.0,0.68731,0.68731,45.0,886.0,2840.0,43.165566698247616,-22.180852230691816,0.0833333,0.0833333,0.0833333,0.0833333,0.289,0.289,45.0,0.2886751,0.2886751,45.0,41.8753,0.0,0.0,1.0,0.0,0.995,43.0
3218,3218,43_428,43_511,0.03933735,0.07965384,29.6363,2.199,8.602328E-6,1.0,1.0,721.0,2840.0,721.0,2840.0,721.0,2840.0,43.21567130194311,-22.18146734209112,0.289,0.289,45.0,0.58458,0.58458,45.0,721.0,2840.0,43.21567130194311,-22.18146734209112,0.0833333,0.0833333,0.0833333,0.0833333,0.289,0.289,45.0,0.2886751,0.2886751,45.0,38.9544,0.0,0.0,1.0,0.0,0.996,43.0
3219,3219,43_429,43_510,0.0356891,0.07587034,29.742,2.3087,2.167797E-5,1.0,1.0,773.0,2839.0,773.0,2839.0,773.0,2839.0,43.1998852019037,-22.18099400488997,0.289,0.289,45.0,0.61368,0.61368,45.0,773.0,2839.0,43.1998852019037,-22.18099400488997,0.0833333,0.0833333,0.0833333,0.0833333,0.289,0.289,45.0,0.2886751,0.2886751,45.0,39.6738,0.0,0.0,1.0,0.0,0.996,43.0
3220,3220,43_430,43_509,0.003598488,0.02409152,32.233,7.2707,-3.125977E-6,1.0,1.0,959.0,2838.0,959.0,2838.0,959.0,2838.0,43.14340676371316,-22.18001222697638,0.289,0.289,45.0,1.93487,1.93487,45.0,959.0,2838.0,43.14340676371316,-22.18001222697638,0.0833333,0.0833333,0.0833333,0.0833333,0.289,0.289,45.0,0.2886751,0.2886751,45.0,38.8542,0.0,0.0,1.0,0.0,0.759,43.0
3221,3221,43_431,43_508,0.1877899,0.1740365,27.9391,1.0065,1.91906E-5,3.0,3.0,810.0,2838.0,810.3187,2837.4333,810.3187,2837.4333,43.1885593905876,-22.180414464167207,0.608,0.304,-47.94,0.56385,0.28188,-47.94,810.3187,2837.4333,43.1885593905876,-22.180414464167207,0.1292965269,0.2447466197,0.1292965269,0.2447466197,0.54,0.287,-61.73,0.5401105,0.2869212,-61.73,41.4738,0.0,2.49,2.0,0.5,0.999,43.0
3222,3222,43_432,43_507,0.0153227,0.04971321,30.66,3.5234,4.036463E-6,1.0,1.0,674.0,2838.0,674.0,2838.0,674.0,2838.0,43.22995104558863,-22.181076959906925,0.289,0.289,45.0,0.93657,0.93657,45.0,674.0,2838.0,43.22995104558863,-22.181076959906925,0.0833333,0.0833333,0.0833333,0.0833333,0.289,0.289,45.0,0.2886751,0.2886751,45.0,43.1478,0.0,0.0,1.0,0.0,0.987,43.0
3223,3223,43_433,43_506,0.2962143,0.2185784,27.4443,0.8014,1.243601E-6,3.0,3.0,596.0,2837.0,595.4751,2837.2777,595.4751,2837.2777,43.25379742735018,-22.18115839864379,0.599,0.301,-39.76,0.44221,0.22238,-39.76,595.4751,2837.2777,43.25379742735018,-22.18115839864379,0.20946655406,0.075409900779,0.20946655406,0.075409900779,0.48,0.232,-20.34,0.4804472,0.23248,-20.34,43.7235,0.0,1.71,1.989,0.497,1.0,43.0
3224,3224,43_434,43_505,0.2154686,0.1864216,27.7898,0.9396,4.849392E-6,3.0,3.0,910.0,2836.0,909.9941,2836.4337,909.9941,2836.4337,43.15829527074713,-22.17975824423541,0.574,0.299,-89.21,0.49624,0.25828,-89.21,909.9941,2836.4337,43.15829527074713,-22.17975824423541,0.083625676369,0.21978944526,0.083625676369,0.21978944526,0.469,0.289,-89.9,0.4688175,0.2891803,-89.9,99.0,0.0,0.93,1.921,0.48,1.0,43.0
3225,3225,43_435,43_504,0.3445359,0.2357336,27.2802,0.743,2.555005E-5,3.0,3.0,782.0,2836.0,782.2289000000001,2836.3241,782.2289000000001,2836.3241,43.19709376564465,-22.18020706907796,0.524,0.347,-53.01,0.35876,0.23761,-53.01,782.2289000000001,2836.3241,43.19709376564465,-22.18020706907796,0.097111080503,0.1639290202,0.097111080503,0.1639290202,0.413,0.3,-73.01,0.4132919,0.300383,-73.01,40.5966,0.0,1.42,1.51,0.338,1.0,43.0
3226,3226,43_436,43_503,0.001509308,0.01560246,33.1764,11.2265,-1.817499E-4,1.0,1.0,534.0,2837.0,534.0,2837.0,534.0,2837.0,43.27246434051136,-22.181300413956823,0.289,0.289,45.0,3.18393,3.18393,45.0,534.0,2837.0,43.27246434051136,-22.181300413956823,0.0833333,0.0833333,0.0833333,0.0833333,0.289,0.289,45.0,0.2886751,0.2886751,45.0,35.4918,0.0,0.0,1.0,0.0,0.409,43.0
3227,3227,43_437,43_502,1.851476,0.5464661,25.4545,0.3205,1.025983E-5,7.0,7.0,689.0,2835.0,689.0282,2835.1493,689.0282,2835.1493,43.225399333066704,-22.180220233879464,0.775,0.507,39.11,0.22882,0.14959,39.11,689.0282,2835.1493,43.225399333066704,-22.180220233879464,0.26391977556,0.23818001245,0.26391977556,0.23818001245,0.547,0.451,37.16,0.5465212,0.4510148,37.16,99.0,0.0,1.97,1.53,0.346,1.0,43.0
3228,3228,43_438,43_501,0.448022,0.2688152,26.9951,0.6516,6.400897E-6,4.0,4.0,680.0,2836.0,680.2692999999999,2835.7757,680.2692999999999,2835.7757,43.22805640836256,-22.180428440256108,0.448,0.412,-21.39,0.26894,0.24727,-21.39,680.2692999999999,2835.7757,43.22805640836256,-22.180428440256108,0.15824819081,0.14027058584,0.15824819081,0.14027058584,0.398,0.374,-4.48,0.3979435,0.3743792,-4.48,42.5336,0.0,0.85,1.088,0.081,1.0,43.0
3229,3229,43_439,43_500,0.03107165,0.07079235,29.8924,2.4743,1.587645E-6,1.0,1.0,510.0,2836.0,510.0,2836.0,510.0,2836.0,43.27975530655333,-22.181104447250643,0.289,0.289,45.0,0.6577,0.6577,45.0,510.0,2836.0,43.27975530655333,-22.181104447250643,0.0833333,0.0833333,0.0833333,0.0833333,0.289,0.289,45.0,0.2886751,0.2886751,45.0,44.556,0.0,0.0,1.0,0.0,0.995,43.0
3230,3230,43_440,43_499,0.03059592,0.07024831,29.9091,2.4935,7.278518E-7,2.0,2.0,613.0,2835.0,613.0,2834.8065,613.0,2834.8065,43.248486131090345,-22.1804001487166,0.489,0.289,90.0,1.1234,0.6628,90.0,613.0,2834.8065,43.248486131090345,-22.1804001487166,0.0833333,0.098726329619,0.0833333,0.098726329619,0.314,0.289,90.0,0.3142075,0.2886751,90.0,41.8537,0.0,0.86,1.695,0.41,0.658,43.0
3231,3231,43_441,43_498,0.291948,0.2169986,27.46,0.8072,1.172526E-4,3.0,3.0,826.0,2833.0,826.0,2832.7335,826.0,2832.7335,43.18381701582445,-22.179033889037548,0.656,0.289,90.0,0.487,0.21445,90.0,826.0,2832.7335,43.18381701582445,-22.179033889037548,0.0833333,0.16309933018,0.0833333,0.16309933018,0.404,0.289,90.0,0.4038556,0.2886751,90.0,99.0,0.0,1.4,2.271,0.56,1.0,43.0
3232,3232,43_442,43_497,1.249868,0.4489896,25.8811,0.3901,2.773252E-5,8.0,8.0,781.0,2832.0,780.7923000000001,2831.9276,780.7923000000001,2831.9276,43.197548105496494,-22.17897576041166,0.703,0.671,-14.63,0.25265,0.24091,-14.63,780.7923000000001,2831.9276,43.197548105496494,-22.17897576041166,0.35775727592,0.31632583692,0.35775727592,0.31632583692,0.6,0.561,11.3,0.5995667,0.5608947,11.3,42.7081,0.0,2.2,1.049,0.046,1.0,43.0
3233,3233,43_443,43_496,0.6310854,0.3190423,26.6231,0.549,-6.400527E-5,6.0,6.0,823.0,2832.0,822.5274999999999,2831.5359,822.5274999999999,2831.5359,43.18487644440843,-22.178710016289106,0.762,0.45,20.43,0.38537,0.22767,20.43,822.5274999999999,2831.5359,43.18487644440843,-22.178710016289106,0.25376834593,0.23237620926,0.25376834593,0.23237620926,0.521,0.463,34.06,0.5213087,0.4630139,34.06,36.4088,0.0,2.29,1.693,0.409,1.0,43.0
3234,3234,43_444,43_495,0.3702555,0.244374,27.202,0.7168,1.506674E-5,3.0,3.0,814.0,2832.0,814.2767,2831.3654,814.2767,2831.3654,43.18738259570717,-22.178692896568915,0.564,0.337,-49.46,0.37241,0.22252,-49.46,814.2767,2831.3654,43.18738259570717,-22.178692896568915,0.13435109148,0.22232312256,0.13435109148,0.22232312256,0.497,0.33,-64.75,0.4974815,0.3304336,-64.75,39.7979,0.0,2.42,1.674,0.402,1.0,43.0
3235,3235,43_445,43_494,0.01662924,0.05178933,30.5711,3.3822,7.931067E-8,1.0,1.0,685.0,2832.0,685.0,2832.0,685.0,2832.0,43.22663527163742,-22.17934915324417,0.289,0.289,45.0,0.89928,0.89928,45.0,685.0,2832.0,43.22663527163742,-22.17934915324417,0.0833333,0.0833333,0.0833333,0.0833333,0.289,0.289,45.0,0.2886751,0.2886751,45.0,38.6658,0.0,0.0,1.0,0.0,0.989,43.0
3236,3236,43_446,43_493,2.24486,0.601726,25.2453,0.2911,4.750043E-6,21.0,21.0,668.0,2826.0,668.6093,2827.3126,668.6093,2827.3126,43.23163119942093,-22.17809056133557,2.638,0.827,69.36,0.70714,0.22176,69.36,668.6093,2827.3126,43.23163119942093,-22.17809056133557,0.37950695964,0.86161293435,0.37950695964,0.86161293435,0.939,0.599,-78.5,0.9393762,0.5989092,-78.5,99.0,0.0,8.84,3.189,0.686,1.0,43.0
3238,3238,43_448,43_491,0.1472954,0.1541341,28.2028,1.1364,1.571009E-6,2.0,2.0,557.0,2832.0,557.2833,2832.0,557.2833,2832.0,43.26541476846488,-22.17981101225416,0.535,0.289,0.0,0.56,0.30207,0.0,557.2833,2832.0,43.26541476846488,-22.17981101225416,0.11272846372,0.0833333,0.11272846372,0.0833333,0.336,0.289,0.0,0.3357506,0.2886751,0.0,44.5059,0.0,0.92,1.854,0.461,0.998,43.0
3239,3239,43_449,43_490,0.01337737,0.04645041,30.8074,3.7709,1.617408E-6,1.0,1.0,600.0,2831.0,600.0,2831.0,600.0,2831.0,43.25244866563227,-22.1793764014093,0.289,0.289,45.0,1.00235,1.00235,45.0,600.0,2831.0,43.25244866563227,-22.1793764014093,0.0833333,0.0833333,0.0833333,0.0833333,0.289,0.289,45.0,0.2886751,0.2886751,45.0,99.0,0.0,0.0,1.0,0.0,0.982,43.0
3240,3240,43_450,43_489,0.03334002,0.07333091,29.8159,2.3886,5.060849E-6,2.0,2.0,958.0,2830.0,958.0,2829.5996,958.0,2829.5996,43.14374592847495,-22.177653090413145,0.569,0.289,90.0,1.25084,0.63493,90.0,958.0,2829.5996,43.14374592847495,-22.177653090413145,0.0833333,0.18770435234,0.0833333,0.18770435234,0.433,0.289,90.0,0.4332486,0.2886751,90.0,44.5742,0.0,0.96,1.97,0.492,0.996,43.0
3241,3241,43_451,43_488,0.04988965,0.0897035,29.3783,1.9527,2.738726E-5,1.0,1.0,731.0,2830.0,731.0,2830.0,731.0,2830.0,43.21267562168382,-22.17861777813056,0.289,0.289,45.0,0.51904,0.51904,45.0,731.0,2830.0,43.21267562168382,-22.17861777813056,0.0833333,0.0833333,0.0833333,0.0833333,0.289,0.289,45.0,0.2886751,0.2886751,45.0,41.969,0.0,0.0,1.0,0.0,0.996,43.0
3242,3242,43_452,43_487,0.2474778,0.1997893,27.6395,0.8767,6.694889E-6,3.0,3.0,974.0,2829.0,974.3003,2829.0,974.3003,2829.0,43.13879848724061,-22.17742204118445,0.628,0.289,0.0,0.5068,0.23304,0.0,974.3003,2829.0,43.13879848724061,-22.17742204118445,0.16281055239,0.0833333,0.16281055239,0.0833333,0.403,0.289,0.0,0.4034979,0.2886751,0.0,99.0,0.0,1.26,2.175,0.54,1.0,43.0
3243,3243,43_453,43_486,1.786179,0.5367433,25.4935,0.3263,7.070876E-6,8.0,8.0,692.0,2827.0,691.6587,2827.0432,691.6587,2827.0432,43.22463352791199,-22.17793058109488,0.704,0.553,-70.86,0.21162,0.16633,-70.86,691.6587,2827.0432,43.22463352791199,-22.17793058109488,0.25631248862,0.28250176973,0.25631248862,0.28250176973,0.544,0.493,-59.78,0.544017,0.4928081,-59.78,38.8724,0.0,1.92,1.272,0.214,1.0,43.0
3245,3245,43_455,43_484,2.81845,0.6742319,24.9983,0.2598,-0.00575349,11.0,11.0,532.0,2826.0,531.6532,2825.476,531.6532,2825.476,43.27322261535733,-22.178067527654484,0.791,0.629,23.68,0.19147,0.15226,23.68,531.6532,2825.476,43.27322261535733,-22.178067527654484,0.35285264413,0.29757846063,0.35285264413,0.29757846063,0.607,0.531,25.12,0.6069846,0.5310375,25.12,31.749,0.0,2.26,1.258,0.205,1.0,43.0
3246,3246,43_456,43_483,0.3345932,0.2323072,27.312,0.754,2.047694E-6,2.0,2.0,873.0,2826.0,872.6595,2826.0,872.6595,2826.0,43.16967625972146,-22.176964577630027,0.555,0.289,0.0,0.38525,0.20042,0.0,872.6595,2826.0,43.16967625972146,-22.176964577630027,0.1465922452,0.0833333,0.1465922452,0.0833333,0.383,0.289,0.0,0.3828737,0.2886751,0.0,41.6921,0.0,0.94,1.922,0.48,0.999,43.0
3248,3248,43_458,43_481,0.03390807,0.07395298,29.7975,2.3685,1.874351E-6,2.0,2.0,600.0,2826.0,599.9588,2826.0,599.9588,2826.0,43.25248121832952,-22.177970219607115,0.351,0.289,0.0,0.76446,0.62958,0.0,599.9588,2826.0,43.25248121832952,-22.177970219607115,0.085736778922,0.0833333,0.085736778922,0.0833333,0.293,0.289,0.0,0.2928084,0.2886751,0.0,99.0,0.0,-6.76,1.214,0.176,0.997,43.0
3249,3249,43_459,43_480,1.704162,0.5242755,25.5445,0.3341,3.091198E-6,8.0,8.0,583.0,2825.0,582.1423,2825.2306,582.1423,2825.2306,43.25789390262608,-22.17781791941957,0.961,0.421,-1.2,0.29557,0.12946,-1.2,582.1423,2825.2306,43.25789390262608,-22.17781791941957,0.36885952763,0.13826942195,0.36885952763,0.13826942195,0.609,0.369,-5.87,0.6093603,0.3685227,-5.87,99.0,0.0,2.76,2.283,0.562,1.0,43.0
3250,3250,43_460,43_479,0.4574009,0.2716143,26.9726,0.6449,3.268472E-6,5.0,5.0,935.0,2824.0,935.2123,2824.3266,935.2123,2824.3266,43.15068812813744,-22.17625679484749,0.604,0.364,-37.91,0.35852,0.21596,-37.91,935.2123,2824.3266,43.15068812813744,-22.17625679484749,0.1465912284,0.16094170205,0.1465912284,0.16094170205,0.437,0.342,-50.63,0.4365145,0.3420351,-50.63,42.9714,0.0,1.82,1.66,0.398,1.0,43.0
3251,3251,43_461,43_478,0.2382372,0.1960239,27.6808,0.8936,2.047694E-6,3.0,3.0,885.0,2825.0,885.1976999999999,2824.6049,885.1976999999999,2824.6049,43.1658746933477,-22.176524824800264,0.535,0.333,58.61,0.44053,0.27409,58.61,885.1976999999999,2824.6049,43.1658746933477,-22.176524824800264,0.065619186147,0.22373135504,0.065619186147,0.22373135504,0.477,0.249,81.6,0.4767108,0.2491935,81.6,41.7335,0.0,1.47,1.607,0.378,0.999,43.0
3252,3252,43_462,43_477,0.06082271,0.09904602,29.1631,1.7685,1.47916E-4,1.0,1.0,645.0,2825.0,645.0,2825.0,645.0,2825.0,43.23880923576844,-22.177526007047717,0.289,0.289,45.0,0.46951,0.46951,45.0,645.0,2825.0,43.23880923576844,-22.177526007047717,0.0833333,0.0833333,0.0833333,0.0833333,0.289,0.289,45.0,0.2886751,0.2886751,45.0,99.0,0.0,0.0,1.0,0.0,0.997,43.0
3253,3253,43_463,43_476,1.376244,0.471142,25.7766,0.3718,-6.455733E-5,12.0,12.0,634.0,2825.0,633.3616,2823.3524,633.3616,2823.3524,43.24234970155911,-22.177104813443464,1.405,0.594,64.94,0.48121,0.20334,64.94,633.3616,2823.3524,43.24234970155911,-22.177104813443464,0.49048344151,0.93810171548,0.49048344151,0.93810171548,1.065,0.543,61.1,1.064991,0.5425678,61.1,36.6037,0.0,5.44,2.367,0.577,1.0,43.0
3254,3254,43_464,43_475,2.054204,0.5756068,25.3417,0.3043,4.417439E-6,6.0,6.0,952.0,2823.0,951.4933,2823.1928,951.4933,2823.1928,43.14574887881024,-22.175875773249548,0.669,0.499,-85.32,0.1876,0.13972,-85.32,951.4933,2823.1928,43.14574887881024,-22.175875773249548,0.24999974076,0.25289227369,0.24999974076,0.25289227369,0.514,0.489,-48.36,0.5136321,0.4889521,-48.36,42.9081,0.0,1.72,1.343,0.255,1.0,43.0
3255,3255,43_465,43_474,1.059349,0.4133554,26.0607,0.4238,2.495935E-5,7.0,7.0,696.0,2822.0,695.414,2822.4807,695.414,2822.4807,43.22351180656593,-22.17663351946979,0.722,0.41,-45.6,0.28155,0.15997,-45.6,695.414,2822.4807,43.22351180656593,-22.17663351946979,0.25373617493,0.23992324341,0.25373617493,0.23992324341,0.573,0.406,-42.58,0.573221,0.4062969,-42.58,99.0,0.0,3.19,1.76,0.432,1.0,43.0
3256,3256,43_466,43_473,0.02949688,0.06897508,29.9489,2.5395,3.024122E-6,2.0,2.0,851.0,2823.0,850.7321,2823.0,850.7321,2823.0,43.17634726055224,-22.17620326612731,0.529,0.289,0.0,1.23621,0.67503,0.0,850.7321,2823.0,43.17634726055224,-22.17620326612731,0.1085251199,0.0833333,0.1085251199,0.0833333,0.329,0.289,0.0,0.3294315,0.2886751,0.0,43.2043,0.0,0.91,1.831,0.454,0.996,43.0
3257,3257,43_467,43_472,3.388155,0.7392406,24.7984,0.2369,-1.687116E-4,11.0,11.0,683.0,2822.0,682.9683,2821.9575,682.9683,2821.9575,43.22729294573063,-22.17653189881378,0.786,0.699,3.99,0.1716,0.15255,3.98,682.9683,2821.9575,43.22729294573063,-22.17653189881378,0.4204129714,0.3551980718,0.4204129714,0.3551980718,0.649,0.596,4.92,0.6487684,0.5955758,4.92,35.5037,0.0,2.18,1.125,0.111,1.0,43.0
3258,3258,43_468,43_471,1.467693,0.4865436,25.7067,0.36,2.047694E-6,8.0,8.0,889.0,2820.0,889.2493,2820.0906,889.2493,2820.0906,43.16466325217517,-22.175239694584093,0.756,0.499,23.14,0.25059,0.16557,23.14,889.2493,2820.0906,43.16466325217517,-22.175239694584093,0.32699167133,0.16705688361,0.32699167133,0.16705688361,0.583,0.392,15.4,0.5832073,0.3923236,15.4,41.9382,0.0,2.17,1.514,0.339,1.0,43.0
3259,3259,43_469,43_470,0.05816146,0.09685495,29.2117,1.8085,1.290451E-5,1.0,1.0,837.0,2820.0,837.0,2820.0,837.0,2820.0,43.18052958403684,-22.17541096099834,0.289,0.289,45.0,0.48069,0.48069,45.0,837.0,2820.0,43.18052958403684,-22.17541096099834,0.0833333,0.0833333,0.0833333,0.0833333,0.289,0.289,45.0,0.2886751,0.2886751,45.0,99.0,0.0,0.0,1.0,0.0,0.997,43.0
3260,3260,43_470,43_469,0.0145239,0.04840006,30.7181,3.619,3.90139E-5,1.0,1.0,727.0,2819.0,727.0,2819.0,727.0,2819.0,43.21393515667938,-22.1755384734586,0.289,0.289,45.0,0.96198,0.96198,45.0,727.0,2819.0,43.21393515667938,-22.1755384734586,0.0833333,0.0833333,0.0833333,0.0833333,0.289,0.289,45.0,0.2886751,0.2886751,45.0,43.5542,0.0,0.0,1.0,0.0,0.985,43.0
3261,3261,43_471,43_468,0.1666929,0.1639693,28.0685,1.0683,7.447109E-7,2.0,2.0,621.0,2818.0,621.0,2818.4681,621.0,2818.4681,43.24612272741141,-22.17577577361868,0.576,0.289,90.0,0.56705,0.28395,90.0,621.0,2818.4681,43.24612272741141,-22.17577577361868,0.0833333,0.23297302218,0.0833333,0.23297302218,0.483,0.289,90.0,0.4826728,0.2886751,90.0,41.3134,0.0,0.96,1.997,0.499,0.998,43.0
3262,3262,43_472,43_467,0.1408928,0.1507469,28.2511,1.162,6.841316E-6,1.0,1.0,953.0,2818.0,953.0,2818.0,953.0,2818.0,43.14531326209551,-22.174409329007634,0.289,0.289,45.0,0.30886,0.30886,45.0,953.0,2818.0,43.14531326209551,-22.174409329007634,0.0833333,0.0833333,0.0833333,0.0833333,0.289,0.289,45.0,0.2886751,0.2886751,45.0,99.0,0.0,0.0,1.0,0.0,0.997,43.0
3263,3263,43_473,43_466,0.01630937,0.05128883,30.5922,3.4152,2.403335E-5,1.0,1.0,786.0,2817.0,786.0,2817.0,786.0,2817.0,43.19602826095954,-22.174757566534243,0.289,0.289,45.0,0.9078,0.9078,45.0,786.0,2817.0,43.19602826095954,-22.174757566534243,0.0833333,0.0833333,0.0833333,0.0833333,0.289,0.289,45.0,0.2886751,0.2886751,45.0,39.5877,0.0,0.0,1.0,0.0,0.988,43.0
3264,3264,43_474,43_465,0.6362531,0.3203458,26.6142,0.5468,2.776027E-5,4.0,4.0,774.0,2816.0,774.4766,2816.1771,774.4766,2816.1771,43.19953070298744,-22.174568915609505,0.501,0.38,-6.92,0.25225,0.1912,-6.92,774.4766,2816.1771,43.19953070298744,-22.174568915609505,0.24761970235,0.051715682784,0.24761970235,0.051715682784,0.498,0.227,-1.3,0.4977152,0.2271893,-1.3,39.7338,0.0,0.92,1.319,0.242,1.0,43.0
3265,3265,43_475,43_464,0.1663712,0.1638111,28.0706,1.0693,2.266541E-6,3.0,3.0,510.0,2816.0,510.2543,2815.5012,510.2543,2815.5012,43.27975916437509,-22.175338078345906,0.592,0.298,-51.66,0.58315,0.29349,-51.66,510.2543,2815.5012,43.27975916437509,-22.175338078345906,0.052039060638,0.18009974385,0.052039060638,0.18009974385,0.439,0.199,-73.34,0.4389741,0.1985964,-73.34,44.7824,0.0,1.43,1.987,0.497,0.999,43.0
3266,3266,43_476,43_463,4.249586,0.8278992,24.5524,0.2116,2.39896E-5,21.0,21.0,786.0,2812.0,786.558,2811.5019,786.558,2811.5019,43.19588148323618,-22.1732089808772,1.978,0.874,-11.47,0.38542,0.17034,-11.47,786.558,2811.5019,43.19588148323618,-22.1732089808772,1.2108803397,0.36623338779,1.2108803397,0.36623338779,1.104,0.599,5.19,1.10359,0.599336,5.19,39.8605,0.0,7.86,2.263,0.558,1.0,43.0
3267,3267,43_477,43_462,0.6818478,0.3316255,26.5391,0.5282,4.510671E-5,5.0,5.0,730.0,2812.0,730.4491,2812.4238,730.4491,2812.4238,43.21291473977236,-22.173676035073925,0.568,0.427,41.77,0.2761,0.20744,41.77,730.4491,2812.4238,43.21291473977236,-22.173676035073925,0.22946842097,0.2116970083,0.22946842097,0.2116970083,0.526,0.405,40.45,0.5261232,0.4054132,40.45,42.8411,0.0,1.03,1.331,0.249,1.0,43.0
3268,3268,43_478,43_461,2.208791,0.5968723,25.2629,0.2935,5.245406E-5,10.0,10.0,646.0,2811.0,645.7794,2811.1152,645.7794,2811.1152,43.23862862392009,-22.173617793796147,1.003,0.599,45.33,0.27091,0.16185,45.33,645.7794,2811.1152,43.23862862392009,-22.173617793796147,0.38271823953,0.38386694592,0.38271823953,0.38386694592,0.703,0.521,45.15,0.7033167,0.5214698,45.15,99.0,0.0,2.78,1.674,0.403,1.0,43.0
3269,3269,43_479,43_460,1.57946,0.5047292,25.627,0.347,2.866544E-6,12.0,12.0,592.0,2811.0,592.3472,2811.3645,592.3472,2811.3645,43.25485092921162,-22.173881161109826,1.055,0.623,-2.77,0.33707,0.19895,-2.77,592.3472,2811.3645,43.25485092921162,-22.173881161109826,0.46294672186,0.31063711812,0.46294672186,0.31063711812,0.685,0.552,-10.76,0.6845791,0.5522094,-10.76,99.0,0.0,2.94,1.694,0.41,1.0,43.0
3270,3270,43_480,43_459,0.2898065,0.2162013,27.468,0.8102,2.37465E-6,4.0,4.0,550.0,2811.0,549.742,2811.2379,549.742,2811.2379,43.26778711480132,-22.173998367406604,0.517,0.324,-43.2,0.38582,0.24206,-43.2,549.742,2811.2379,43.26778711480132,-22.173998367406604,0.1281129963,0.12144885123,0.1281129963,0.12144885123,0.365,0.341,-33.78,0.3653917,0.3406622,-33.78,45.3373,0.0,1.18,1.594,0.373,1.0,43.0
3271,3271,43_481,43_458,4.016107,0.8048348,24.6138,0.2176,-3.520938E-6,15.0,15.0,529.0,2811.0,528.9297,2810.584,528.9297,2810.584,43.2741085864526,-22.17388868584141,0.901,0.721,-8.45,0.18048,0.14446,-8.45,528.9297,2810.584,43.2741085864526,-22.17388868584141,0.48260983532,0.36276630751,0.48260983532,0.36276630751,0.698,0.599,-10.29,0.6976379,0.598897,-10.29,39.2163,0.0,3.02,1.249,0.2,1.0,43.0
3273,3273,43_483,43_456,0.02303689,0.06095595,30.2172,2.8736,2.117617E-6,1.0,1.0,606.0,2810.0,606.0,2810.0,606.0,2810.0,43.25071112060979,-22.173448162432763,0.289,0.289,45.0,0.76383,0.76383,45.0,606.0,2810.0,43.25071112060979,-22.173448162432763,0.0833333,0.0833333,0.0833333,0.0833333,0.289,0.289,45.0,0.2886751,0.2886751,45.0,43.8901,0.0,0.0,1.0,0.0,0.993,43.0
3274,3274,43_484,43_455,0.1510728,0.156098,28.1753,1.1221,-1.367225E-5,1.0,1.0,519.0,2810.0,519.0,2810.0,519.0,2810.0,43.277125654998606,-22.173759752385838,0.289,0.289,45.0,0.29829,0.29829,45.0,519.0,2810.0,43.277125654998606,-22.173759752385838,0.0833333,0.0833333,0.0833333,0.0833333,0.289,0.289,45.0,0.2886751,0.2886751,45.0,38.1289,0.0,0.0,1.0,0.0,0.997,43.0
3275,3275,43_485,43_454,0.01226609,0.04447922,30.9015,3.938,6.06908E-6,1.0,1.0,974.0,2809.0,974.0,2809.0,974.0,2809.0,43.13897436493464,-22.171797339241888,0.289,0.289,45.0,1.04678,1.04678,45.0,974.0,2809.0,43.13897436493464,-22.171797339241888,0.0833333,0.0833333,0.0833333,0.0833333,0.289,0.289,45.0,0.2886751,0.2886751,45.0,44.5942,0.0,0.0,1.0,0.0,0.978,43.0
3276,3276,43_486,43_453,0.7371677,0.3448159,26.4544,0.508,3.833822E-5,4.0,4.0,711.0,2809.0,710.4825,2808.6233,710.4825,2808.6233,43.21899284863632,-22.172680507615755,0.523,0.459,38.21,0.24484,0.21462,38.21,710.4825,2808.6233,43.21899284863632,-22.172680507615755,0.2499768731,0.19212797075,0.2499768731,0.19212797075,0.509,0.427,20.54,0.5093391,0.4274091,20.54,99.0,0.0,1.02,1.141,0.123,1.0,43.0
3277,3277,43_487,43_452,0.5396937,0.2950379,26.7929,0.5937,2.453784E-6,7.0,7.0,575.0,2808.0,575.1875,2808.2956,575.1875,2808.2956,43.26007320186947,-22.1730796700409,0.916,0.349,-38.09,0.50059,0.19104,-38.09,575.1875,2808.2956,43.26007320186947,-22.1730796700409,0.12890626437,0.22134060587,0.12890626437,0.22134060587,0.497,0.321,-64.96,0.4971374,0.3210939,-64.96,44.5429,0.0,2.5,2.62,0.618,1.0,43.0
3278,3278,43_488,43_451,1.346652,0.4660494,25.8002,0.3758,-1.213043E-5,8.0,8.0,523.0,2808.0,522.5202,2807.7332,522.5202,2807.7332,43.276065871806736,-22.173109674405623,0.726,0.524,60.77,0.25113,0.18152,60.77,522.5202,2807.7332,43.276065871806736,-22.173109674405623,0.25494177079,0.29282823683,0.25494177079,0.29282823683,0.565,0.478,57.26,0.5652823,0.47773,57.26,38.2337,0.0,2.18,1.384,0.277,1.0,43.0
3279,3279,43_489,43_450,0.1020095,0.1282698,28.6017,1.3656,2.047694E-6,2.0,2.0,911.0,2808.0,911.0487,2808.0,911.0487,2808.0,43.15809432951048,-22.17175616452217,0.36,0.289,0.0,0.45274,0.36298,0.0,911.0487,2808.0,43.15809432951048,-22.17175616452217,0.086170882167,0.0833333,0.086170882167,0.0833333,0.294,0.289,0.0,0.2935488,0.2886751,0.0,44.2218,0.0,1.81,1.247,0.198,0.772,43.0
3281,3281,43_491,43_448,0.7482834,0.3474059,26.4381,0.5042,2.942021E-5,6.0,6.0,685.0,2808.0,684.6750999999999,2807.4563,684.6750999999999,2807.4563,43.22683356413498,-22.172446855382784,1.108,0.348,19.8,0.51429,0.1616,19.8,684.6750999999999,2807.4563,43.22683356413498,-22.172446855382784,0.45503759755,0.226090483,0.45503759755,0.226090483,0.733,0.379,27.21,0.7330392,0.3791854,27.21,99.0,0.0,3.66,3.182,0.686,1.0,43.0
3282,3282,43_492,43_447,0.4434349,0.2674355,27.0062,0.655,9.824667E-6,5.0,5.0,593.0,2807.0,593.3001,2807.1853,593.3001,2807.1853,43.254578345658615,-22.172702260148363,0.616,0.452,79.25,0.37148,0.27233,79.25,593.3001,2807.1853,43.254578345658615,-22.172702260148363,0.15456344722,0.187633914,0.15456344722,0.187633914,0.433,0.393,84.82,0.4334838,0.3927966,84.82,99.0,0.0,1.49,1.364,0.267,1.0,43.0
3283,3283,43_493,43_446,1.42968,0.4802015,25.7352,0.3648,2.667068E-6,10.0,10.0,517.0,2804.0,516.7632,2804.3849,516.7632,2804.3849,43.27782699600232,-22.172188393899127,1.091,0.496,64.43,0.36639,0.1667,64.43,516.7632,2804.3849,43.27782699600232,-22.172188393899127,0.24062742442,0.44752997572,0.24062742442,0.44752997572,0.687,0.465,72.02,0.6869485,0.4650367,72.02,45.8095,0.0,3.14,2.198,0.545,1.0,43.0
3284,3284,43_494,43_445,1.373039,0.4705931,25.7791,0.3722,7.433479E-6,5.0,5.0,993.0,2806.0,993.4085,2805.5027,993.4085,2805.5027,43.133095566795,-22.17073905838972,0.519,0.488,-69.29,0.17778,0.1671,-69.3,993.4085,2805.5027,43.133095566795,-22.17073905838972,0.21657256974,0.25000102641,0.21657256974,0.25000102641,0.504,0.46,-70.97,0.5044933,0.4604999,-70.97,44.4964,0.0,0.97,1.064,0.06,1.0,43.0
3285,3285,43_495,43_444,0.3947756,0.2523361,27.1324,0.6942,2.312075E-6,4.0,4.0,916.0,2806.0,915.5952,2805.514,915.5952,2805.514,43.15672419484631,-22.17103961671241,0.516,0.473,51.03,0.33001,0.30265,51.03,915.5952,2805.514,43.15672419484631,-22.17103961671241,0.2116701616,0.24752042341,0.2116701616,0.24752042341,0.505,0.452,67.35,0.5050572,0.4517829,67.35,99.0,0.0,0.95,1.09,0.083,1.0,43.0
3286,3286,43_496,43_443,0.016772,0.05201117,30.5618,3.3678,2.047694E-6,1.0,1.0,860.0,2804.0,860.0,2804.0,860.0,2804.0,43.17361211622526,-22.170823981402364,0.289,0.289,45.0,0.89519,0.89519,45.0,860.0,2804.0,43.17361211622526,-22.170823981402364,0.0833333,0.0833333,0.0833333,0.0833333,0.289,0.289,45.0,0.2886751,0.2886751,45.0,43.2389,0.0,0.0,1.0,0.0,0.989,43.0
3288,3288,43_498,43_441,1.673186,0.5194889,25.5644,0.3372,1.52797E-6,8.0,8.0,905.0,2801.0,905.5007,2800.9607,905.5007,2800.9607,43.15980852821728,-22.169797133872585,0.832,0.495,-65.86,0.25832,0.1538,-65.86,905.5007,2800.9607,43.15980852821728,-22.169797133872585,0.24571774573,0.3080664478,0.24571774573,0.3080664478,0.578,0.469,-61.63,0.5777027,0.4690883,-61.63,41.7509,0.0,2.32,1.68,0.405,1.0,43.0
3289,3289,43_499,43_440,0.1864132,0.1733974,27.9471,1.0102,2.51536E-5,1.0,1.0,795.0,2802.0,795.0,2802.0,795.0,2802.0,43.19335731245475,-22.17050484602545,0.289,0.289,45.0,0.26851,0.26851,45.0,795.0,2802.0,43.19335731245475,-22.17050484602545,0.0833333,0.0833333,0.0833333,0.0833333,0.289,0.289,45.0,0.2886751,0.2886751,45.0,99.0,0.0,0.0,1.0,0.0,0.997,43.0
3290,3290,43_500,43_439,7.910398,1.129544,23.8778,0.1551,2.549778E-6,31.0,31.0,551.0,2800.0,552.4209,2799.394,552.4209,2799.394,43.26702090303198,-22.170657532198817,2.114,1.131,-34.38,0.30183,0.16151,-34.38,552.4209,2799.394,43.26702090303198,-22.170657532198817,1.4417499283,1.0824932073,1.4417499283,1.0824932073,1.202,1.039,-5.07,1.201913,1.039061,-5.07,42.5497,0.0,8.27,1.869,0.465,1.0,43.0
3292,3292,43_502,43_437,0.02496573,0.06345653,30.1299,2.7603,2.047694E-6,1.0,1.0,854.0,2800.0,854.0,2800.0,854.0,2800.0,43.175450654312165,-22.169721415331075,0.289,0.289,45.0,0.73373,0.73373,45.0,854.0,2800.0,43.175450654312165,-22.169721415331075,0.0833333,0.0833333,0.0833333,0.0833333,0.289,0.289,45.0,0.2886751,0.2886751,45.0,46.2645,0.0,0.0,1.0,0.0,0.994,43.0
3293,3293,43_503,43_436,0.1717375,0.166432,28.0361,1.0524,-3.795261E-4,1.0,1.0,759.0,2798.0,759.0,2798.0,759.0,2798.0,43.20430471747756,-22.16951344863426,0.289,0.289,45.0,0.2801,0.2801,45.0,759.0,2798.0,43.20430471747756,-22.16951344863426,0.0833333,0.0833333,0.0833333,0.0833333,0.289,0.289,45.0,0.2886751,0.2886751,45.0,34.5866,0.0,0.0,1.0,0.0,0.997,43.0
3294,3294,43_504,43_435,0.1253582,0.1421938,28.3779,1.2318,2.047694E-6,1.0,1.0,880.0,2797.0,880.0,2797.0,880.0,2797.0,43.167568365457406,-22.16877955155093,0.289,0.289,45.0,0.32744,0.32744,45.0,880.0,2797.0,43.167568365457406,-22.16877955155093,0.0833333,0.0833333,0.0833333,0.0833333,0.289,0.289,45.0,0.2886751,0.2886751,45.0,43.4154,0.0,0.0,1.0,0.0,0.997,43.0
3295,3295,43_505,43_434,0.02635749,0.06520129,30.071,2.6865,2.480468E-6,1.0,1.0,609.0,2797.0,609.0,2797.0,609.0,2797.0,43.24985243936039,-22.16978084414313,0.289,0.289,45.0,0.71409,0.71409,45.0,609.0,2797.0,43.24985243936039,-22.16978084414313,0.0833333,0.0833333,0.0833333,0.0833333,0.289,0.289,45.0,0.2886751,0.2886751,45.0,45.1769,0.0,0.0,1.0,0.0,0.994,43.0
3296,3296,43_506,43_433,0.3447587,0.2358098,27.2795,0.7428,-6.151133E-7,2.0,2.0,590.0,2796.0,589.8741,2796.0,589.8741,2796.0,43.2556633118445,-22.169568537126786,0.44,0.289,0.0,0.30081,0.19745,0.0,589.8741,2796.0,43.2556633118445,-22.169568537126786,0.091737040865,0.0833333,0.091737040865,0.0833333,0.303,0.289,0.0,0.3028812,0.2886751,0.0,39.7738,0.0,2.02,1.523,0.344,0.936,43.0
3297,3297,43_507,43_432,0.1748779,0.1679468,28.0165,1.043,-1.497337E-4,4.0,4.0,868.0,2795.0,867.8604,2794.9019,867.8604,2794.9019,43.171263254794844,-22.168235193504348,0.493,0.251,-22.02,0.47455,0.2417,-22.02,867.8604,2794.9019,43.171263254794844,-22.168235193504348,0.10074089315,0.086920319887,0.10074089315,0.086920319887,0.317,0.295,-0.9,0.3174024,0.2948168,-0.9,35.6959,0.0,1.02,1.963,0.491,0.961,43.0
3298,3298,43_508,43_431,1.323965,0.4621069,25.8186,0.379,2.829971E-5,8.0,8.0,758.0,2794.0,757.6321,2793.7148,757.6321,2793.7148,43.20473764382277,-22.1683131741516,0.693,0.491,41.77,0.24201,0.17131,41.77,757.6321,2793.7148,43.20473764382277,-22.1683131741516,0.26180321094,0.22416051868,0.26180321094,0.22416051868,0.537,0.445,32.67,0.5367492,0.4448191,32.67,38.1415,0.0,1.94,1.413,0.292,1.0,43.0
3299,3299,43_509,43_430,0.06252459,0.1004222,29.1332,1.7442,5.788043E-5,1.0,1.0,736.0,2795.0,736.0,2795.0,736.0,2795.0,43.2113005412451,-22.168754639262467,0.289,0.289,45.0,0.46364,0.46364,45.0,736.0,2795.0,43.2113005412451,-22.168754639262467,0.0833333,0.0833333,0.0833333,0.0833333,0.289,0.289,45.0,0.2886751,0.2886751,45.0,43.5537,0.0,0.0,1.0,0.0,0.997,43.0
3300,3300,43_510,43_429,0.7921365,0.3574408,26.3763,0.49,-2.956804E-5,4.0,4.0,976.0,2793.0,976.4601,2792.6986,976.4601,2792.6986,43.13829637617216,-22.167202431396515,0.499,0.459,5.04,0.22505,0.20694,5.04,976.4601,2792.6986,43.13829637617216,-22.167202431396515,0.23990516947,0.12767612323,0.23990516947,0.12767612323,0.49,0.357,1.0,0.4898362,0.3572699,1.0,37.2651,0.0,0.93,1.088,0.081,1.0,43.0
3301,3301,43_511,43_428,0.5467999,0.296974,26.7787,0.5898,-3.732773E-5,4.0,4.0,966.0,2792.0,965.7729,2792.261,965.7729,2792.261,43.14154342011286,-22.167120295628852,0.455,0.401,56.02,0.24734,0.21799,56.02,965.7729,2792.261,43.14154342011286,-22.167120295628852,0.14767725382,0.16150758945,0.14767725382,0.16150758945,0.403,0.384,79.12,0.402539,0.3835977,79.12,37.07,0.0,0.99,1.135,0.119,1.0,43.0
3302,3302,43_512,43_427,0.02735624,0.06642512,30.0307,2.637,2.047694E-6,1.0,1.0,884.0,2793.0,884.0,2793.0,884.0,2793.0,43.16637049915412,-22.167639284991868,0.289,0.289,45.0,0.70094,0.70094,45.0,884.0,2793.0,43.16637049915412,-22.167639284991868,0.0833333,0.0833333,0.0833333,0.0833333,0.289,0.289,45.0,0.2886751,0.2886751,45.0,45.2086,0.0,0.0,1.0,0.0,0.995,43.0
3303,3303,43_513,43_426,0.8026701,0.3598096,26.362,0.4868,3.081215E-6,3.0,3.0,593.0,2792.0,592.8183,2792.3549,592.8183,2792.3549,43.25478401662853,-22.168532686861237,0.515,0.336,60.96,0.23065,0.15059,60.96,592.8183,2792.3549,43.25478401662853,-22.168532686861237,0.065098332432,0.17345687796,0.065098332432,0.17345687796,0.419,0.251,81.95,0.4191267,0.2507748,81.95,99.0,0.0,1.3,1.532,0.347,1.0,43.0
3304,3304,43_514,43_425,0.3774548,0.2467384,27.1811,0.7099,7.420006E-7,4.0,4.0,658.0,2791.0,658.3677,2791.335,658.3677,2791.335,43.23488644501668,-22.168008384759588,0.557,0.381,-43.31,0.36396,0.24917,-43.31,658.3677,2791.335,43.23488644501668,-22.168008384759588,0.21176239381,0.18037612589,0.21176239381,0.18037612589,0.501,0.375,-36.77,0.5014827,0.3750381,-36.77,99.0,0.0,2.68,1.461,0.315,1.0,43.0
3305,3305,43_515,43_424,0.748113,0.3473664,26.4384,0.5043,6.300081E-6,6.0,6.0,521.0,2791.0,520.5708,2791.0339,520.5708,2791.0339,43.27672387279664,-22.168419734447813,0.583,0.469,62.8,0.27063,0.21777,62.8,520.5708,2791.0339,43.27672387279664,-22.168419734447813,0.24341562617,0.12481989182,0.24341562617,0.12481989182,0.497,0.349,9.23,0.4966244,0.3487115,9.23,99.0,0.0,1.45,1.243,0.195,1.0,43.0
3306,3306,43_516,43_423,1.487991,0.4898965,25.6918,0.3575,2.905109E-6,11.0,11.0,930.0,2789.0,930.5258,2789.1165,930.5258,2789.1165,43.15225943613643,-22.16637037241284,0.944,0.523,-10.42,0.31091,0.17223,-10.42,930.5258,2789.1165,43.15225943613643,-22.16637037241284,0.43261349286,0.19528564413,0.43261349286,0.19528564413,0.661,0.437,-7.62,0.6610115,0.4369932,-7.62,48.5556,0.0,2.83,1.805,0.446,1.0,43.0
3307,3307,43_517,43_422,0.1372481,0.1487844,28.2795,1.1773,-2.413988E-7,2.0,2.0,603.0,2790.0,603.1695,2790.0,603.1695,2790.0,43.25165073468105,-22.167833010173343,0.473,0.289,0.0,0.51321,0.31294,0.0,603.1695,2790.0,43.25165073468105,-22.167833010173343,0.096023209569,0.0833333,0.096023209569,0.0833333,0.31,0.289,0.0,0.3098761,0.2886751,0.0,39.9109,0.0,0.84,1.64,0.39,0.802,43.0
3308,3308,43_518,43_421,0.2682501,0.2080052,27.552,0.8421,6.115079E-6,3.0,3.0,560.0,2789.0,559.9597,2789.0968,559.9597,2789.0968,43.26477309403372,-22.167734311162093,0.414,0.349,85.46,0.32069,0.27048,85.46,559.9597,2789.0968,43.26477309403372,-22.167734311162093,0.085948505831,0.089673374541,0.085948505831,0.089673374541,0.299,0.293,89.74,0.2994553,0.2931696,89.74,99.0,0.0,0.0,1.186,0.157,1.0,43.0
3309,3309,43_519,43_420,0.2610369,0.2051895,27.5815,0.8537,2.511741E-6,3.0,3.0,528.0,2789.0,527.6055,2789.0076,527.6055,2789.0076,43.27459618505527,-22.167824775106727,0.568,0.301,0.74,0.44622,0.23685,0.74,527.6055,2789.0076,43.27459618505527,-22.167824775106727,0.18476996237,0.084659560401,0.18476996237,0.084659560401,0.43,0.291,0.09,0.429849,0.2909628,0.09,41.7604,0.0,0.98,1.884,0.469,1.0,43.0
3311,3311,43_521,43_418,0.08641832,0.1180612,28.7818,1.4836,1.24883E-6,1.0,1.0,645.0,2788.0,645.0,2788.0,645.0,2788.0,43.23895856069881,-22.1671189794674,0.289,0.289,45.0,0.39437,0.39437,45.0,645.0,2788.0,43.23895856069881,-22.1671189794674,0.0833333,0.0833333,0.0833333,0.0833333,0.289,0.289,45.0,0.2886751,0.2886751,45.0,47.9672,0.0,0.0,1.0,0.0,0.997,43.0
3312,3312,43_522,43_417,0.08198747,0.1149947,28.8389,1.5232,7.481913E-6,2.0,2.0,997.0,2787.0,997.3479,2787.0,997.3479,2787.0,43.131977930561234,-22.165519194870324,0.557,0.289,0.0,0.78117,0.40489,0.0,997.3479,2787.0,43.131977930561234,-22.165519194870324,0.15108969725,0.0833333,0.15108969725,0.0833333,0.389,0.289,0.0,0.3887026,0.2886751,0.0,47.8194,0.0,0.94,1.929,0.482,0.997,43.0
3313,3313,43_523,43_416,0.08620381,0.1179146,28.7845,1.4855,-9.94676E-5,1.0,1.0,985.0,2787.0,985.0,2787.0,985.0,2787.0,43.13572737753289,-22.16556667008967,0.289,0.289,45.0,0.3951,0.3951,45.0,985.0,2787.0,43.13572737753289,-22.16556667008967,0.0833333,0.0833333,0.0833333,0.0833333,0.289,0.289,45.0,0.2886751,0.2886751,45.0,36.0848,0.0,0.0,1.0,0.0,0.997,43.0
3314,3314,43_524,43_415,0.09541888,0.124057,28.6742,1.4119,1.399207E-4,2.0,2.0,848.0,2786.0,848.0,2786.4846,848.0,2786.4846,43.17732872843434,-22.16594228055329,0.577,0.289,90.0,0.74928,0.37477,90.0,848.0,2786.4846,43.17732872843434,-22.16594228055329,0.0833333,0.25299281604,0.0833333,0.25299281604,0.503,0.289,90.0,0.5029839,0.2886751,90.0,99.0,0.0,0.96,1.999,0.5,0.997,43.0
3315,3315,43_525,43_414,3.011704,0.6969639,24.9263,0.2513,2.489465E-5,12.0,12.0,782.0,2785.0,782.111,2785.3465,782.111,2785.3465,43.19733951466475,-22.165868489372446,0.983,0.711,-59.45,0.22748,0.1645,-59.45,782.111,2785.3465,43.19733951466475,-22.165868489372446,0.45522176859,0.52497149537,0.45522176859,0.52497149537,0.762,0.632,-56.26,0.7623122,0.6317226,-56.26,43.9121,0.0,3.07,1.383,0.277,1.0,43.0
3316,3316,43_526,43_413,5.726885,0.9610885,24.2285,0.1823,3.023614E-5,20.0,20.0,695.0,2781.0,695.2209,2782.871,695.2209,2782.871,43.22373149566232,-22.16549300805944,2.337,0.658,80.67,0.39225,0.11047,80.67,695.2209,2782.871,43.22373149566232,-22.16549300805944,0.49496867359,1.2225081252,0.49496867359,1.2225081252,1.151,0.626,70.63,1.151163,0.6263388,70.63,46.3876,0.0,7.41,3.551,0.718,1.0,43.0
3317,3317,43_527,43_412,0.05704584,0.09592154,29.2327,1.8261,-1.215206E-4,1.0,1.0,857.0,2785.0,857.0,2785.0,857.0,2785.0,43.1746021739283,-22.165490830050945,0.289,0.289,45.0,0.48591,0.48591,45.0,857.0,2785.0,43.1746021739283,-22.165490830050945,0.0833333,0.0833333,0.0833333,0.0833333,0.289,0.289,45.0,0.2886751,0.2886751,45.0,35.9385,0.0,0.0,1.0,0.0,0.997,43.0
3318,3318,43_528,43_411,0.8050355,0.3603393,26.3588,0.4861,-7.917983E-5,6.0,6.0,569.0,2784.0,569.3196,2784.3516,569.3196,2784.3516,43.261950334004176,-22.16636609452918,0.638,0.485,65.35,0.28569,0.21699,65.35,569.3196,2784.3516,43.261950334004176,-22.16636609452918,0.19469846811,0.26339976818,0.19469846811,0.26339976818,0.519,0.434,74.08,0.5191184,0.4342975,74.08,36.3612,0.0,1.64,1.317,0.24,1.0,43.0
3319,3319,43_529,43_410,0.1478644,0.1544315,28.1986,1.1342,4.757449E-5,2.0,2.0,746.0,2784.0,746.4584,2784.0,746.4584,2784.0,43.2081701234753,-22.165621941483145,0.576,0.289,0.0,0.60142,0.30149,0.0,746.4584,2784.0,43.2081701234753,-22.165621941483145,0.23334983847,0.0833333,0.23334983847,0.0833333,0.483,0.289,0.0,0.483063,0.2886751,0.0,99.0,0.0,0.96,1.995,0.499,0.998,43.0
3320,3320,43_530,43_409,0.2778431,0.2116918,27.5138,0.8274,-5.450107E-6,3.0,3.0,571.0,2782.0,571.1494,2781.6491,571.1494,2781.6491,43.26140559164254,-22.16559940467312,0.5,0.324,66.91,0.38107,0.24661,66.91,571.1494,2781.6491,43.26140559164254,-22.16559940467312,0.12762263903,0.22388529039,0.12762263903,0.22388529039,0.474,0.356,85.36,0.473838,0.3563502,85.36,38.8214,0.0,1.17,1.545,0.353,1.0,43.0
3321,3321,43_531,43_408,1.161729,0.432869,25.9605,0.4047,4.796663E-5,6.0,6.0,738.0,2780.0,738.4528,2779.5036,738.4528,2779.5036,43.21061921320738,-22.164386775175632,0.704,0.461,-69.35,0.26229,0.17179,-69.35,738.4528,2779.5036,43.21061921320738,-22.164386775175632,0.23963600519,0.28352298405,0.23963600519,0.28352298405,0.545,0.476,-64.21,0.5448771,0.4756763,-64.21,44.7968,0.0,1.78,1.527,0.345,1.0,43.0
3323,3323,43_533,43_406,1.325076,0.4623008,25.8177,0.3789,5.702644E-6,7.0,7.0,953.0,2778.0,953.5548,2778.1025,953.5548,2778.1025,43.14531323949484,-22.163184355079945,0.615,0.584,4.29,0.2146,0.20387,4.29,953.5548,2778.1025,43.14531323949484,-22.163184355079945,0.27185657187,0.18232895455,0.27185657187,0.18232895455,0.521,0.427,1.55,0.5214613,0.4269234,1.55,99.0,0.0,1.56,1.053,0.05,1.0,43.0
3324,3324,43_534,43_405,0.0518713,0.0914677,29.336,1.915,1.263946E-5,1.0,1.0,686.0,2779.0,686.0,2779.0,686.0,2779.0,43.22654683237996,-22.164437966075425,0.289,0.289,45.0,0.50907,0.50907,45.0,686.0,2779.0,43.22654683237996,-22.164437966075425,0.0833333,0.0833333,0.0833333,0.0833333,0.289,0.289,45.0,0.2886751,0.2886751,45.0,38.8975,0.0,0.0,1.0,0.0,0.996,43.0
3325,3325,43_535,43_404,2.316522,0.6112549,25.2112,0.2866,6.958336E-6,8.0,8.0,967.0,2777.0,966.4514,2777.1149,966.4514,2777.1149,43.14140146083316,-22.16285719952858,0.683,0.612,65.54,0.18017,0.1614,65.54,966.4514,2777.1149,43.14140146083316,-22.16285719952858,0.28772636776,0.29033719725,0.28772636776,0.29033719725,0.555,0.519,46.92,0.5554186,0.519205,46.92,99.0,0.0,1.86,1.116,0.104,1.0,43.0
3326,3326,43_536,43_403,0.07720483,0.1115903,28.9042,1.5697,1.5502E-5,2.0,2.0,796.0,2777.0,796.0,2777.2097,796.0,2777.2097,43.19315598047774,-22.16352803633769,0.499,0.289,90.0,0.72133,0.41723,90.0,796.0,2777.2097,43.19315598047774,-22.16352803633769,0.0833333,0.10068038585,0.0833333,0.10068038585,0.317,0.289,90.0,0.3173017,0.2886751,90.0,99.0,0.0,0.87,1.729,0.422,0.997,43.0
3327,3327,43_537,43_402,0.05137848,0.09103215,29.3463,1.9242,3.13337E-6,1.0,1.0,538.0,2777.0,538.0,2777.0,538.0,2777.0,43.27148812092184,-22.164410413814583,0.289,0.289,45.0,0.51146,0.51146,45.0,538.0,2777.0,43.27148812092184,-22.164410413814583,0.0833333,0.0833333,0.0833333,0.0833333,0.289,0.289,45.0,0.2886751,0.2886751,45.0,99.0,0.0,0.0,1.0,0.0,0.996,43.0
3328,3328,43_538,43_401,0.02638253,0.06523225,30.07,2.6852,5.583246E-6,1.0,1.0,534.0,2777.0,534.0,2777.0,534.0,2777.0,43.27270248753666,-22.164424684140343,0.289,0.289,45.0,0.71372,0.71372,45.0,534.0,2777.0,43.27270248753666,-22.164424684140343,0.0833333,0.0833333,0.0833333,0.0833333,0.289,0.289,45.0,0.2886751,0.2886751,45.0,99.0,0.0,0.0,1.0,0.0,0.994,43.0
3329,3329,43_539,43_400,0.07766479,0.1119222,28.8977,1.565,6.73089E-6,1.0,1.0,821.0,2776.0,821.0,2776.0,821.0,2776.0,43.185570314470674,-22.16309438376436,0.289,0.289,45.0,0.416,0.416,45.0,821.0,2776.0,43.185570314470674,-22.16309438376436,0.0833333,0.0833333,0.0833333,0.0833333,0.289,0.289,45.0,0.2886751,0.2886751,45.0,43.5292,0.0,0.0,1.0,0.0,0.997,43.0
3330,3330,43_540,43_399,1.370971,0.4702386,25.7807,0.3725,2.46333E-5,6.0,6.0,776.0,2775.0,776.0246999999999,2775.2031,776.0246999999999,2775.2031,43.19922922952266,-22.16303795635355,0.682,0.498,33.0,0.2338,0.17074,33.0,776.0246999999999,2775.2031,43.19922922952266,-22.16303795635355,0.20854123869,0.18273624017,0.20854123869,0.18273624017,0.479,0.402,33.73,0.478841,0.4024783,33.73,99.0,0.0,1.71,1.369,0.27,1.0,43.0
3331,3331,43_541,43_398,2.577286,0.6447413,25.0954,0.2717,3.957447E-5,8.0,8.0,745.0,2775.0,744.7992,2774.6545,744.7992,2774.6545,43.20871217636817,-22.16299937387272,0.817,0.522,-13.08,0.20451,0.13062,-13.08,744.7992,2774.6545,43.20871217636817,-22.16299937387272,0.35238084577,0.23482131595,0.35238084577,0.23482131595,0.599,0.478,-12.33,0.5985627,0.478461,-12.33,44.1171,0.0,2.15,1.566,0.361,1.0,43.0
3333,3333,43_543,43_396,0.2841142,0.2140674,27.4896,0.8183,9.948781E-6,2.0,2.0,680.0,2774.0,679.9649,2774.0,679.9649,2774.0,43.22839945370748,-22.163053668496435,0.342,0.289,0.0,0.25795,0.2175,0.0,679.9649,2774.0,43.22839945370748,-22.163053668496435,0.085386389048,0.0833333,0.085386389048,0.0833333,0.292,0.289,0.0,0.2922095,0.2886751,0.0,39.5976,0.0,0.0,1.186,0.157,0.999,43.0
3334,3334,43_544,43_395,0.5828375,0.3066041,26.7094,0.5713,5.920148E-6,4.0,4.0,984.0,2772.0,983.8058,2772.4041,983.8058,2772.4041,43.13615189104682,-22.16146550986589,0.524,0.35,61.78,0.27582,0.18403,61.78,983.8058,2772.4041,43.13615189104682,-22.16146550986589,0.059759540384,0.21388036527,0.059759540384,0.21388036527,0.464,0.241,83.74,0.4644992,0.2405834,83.74,49.2758,0.0,1.34,1.499,0.333,1.0,43.0
3337,3337,43_547,43_392,0.190838,0.1754432,27.9216,0.9984,-3.982574E-6,2.0,2.0,524.0,2772.0,524.0,2772.4642,524.0,2772.4642,43.27575636972647,-22.163184559737765,0.576,0.289,90.0,0.52977,0.26539,90.0,524.0,2772.4642,43.27575636972647,-22.163184559737765,0.0833333,0.22845352762,0.0833333,0.22845352762,0.478,0.289,90.0,0.4779681,0.2886751,90.0,39.0265,0.0,0.96,1.996,0.499,0.998,43.0
3338,3338,43_548,43_391,0.2061194,0.1823323,27.838,0.9607,0.003285994,2.0,2.0,919.0,2772.0,919.4564,2772.0,919.4564,2772.0,43.15569253290205,-22.16159777529247,0.576,0.289,0.0,0.50134,0.25138,0.0,919.4564,2772.0,43.15569253290205,-22.16159777529247,0.21344686805,0.0833333,0.21344686805,0.0833333,0.462,0.289,0.0,0.4620031,0.2886751,0.0,99.0,0.0,0.94,1.994,0.499,0.998,43.0
3339,3339,43_549,43_390,0.7743833,0.3534127,26.4009,0.4956,-2.598265E-7,8.0,8.0,901.0,2767.0,901.7449,2768.0575,901.7449,2768.0575,43.1610868753629,-22.160556043296285,1.876,0.489,54.23,0.85621,0.22295,54.23,901.7449,2768.0575,43.1610868753629,-22.160556043296285,0.71057249663,0.77437715147,0.71057249663,0.77437715147,1.11,0.503,46.87,1.110117,0.5025831,46.87,45.9129,0.0,5.7,3.84,0.74,1.0,43.0
3340,3340,43_550,43_389,0.18741,0.1738603,27.9413,1.0075,3.557806E-5,3.0,3.0,713.0,2770.0,713.3157,2770.0523,713.3157,2770.0523,43.21828984622427,-22.161820958864165,0.473,0.205,11.63,0.43847,0.19054,11.63,713.3157,2770.0523,43.21828984622427,-22.161820958864165,0.12142416707,0.08383243336,0.12142416707,0.08383243336,0.348,0.29,0.73,0.3484685,0.2895277,0.73,45.641,0.0,0.79,2.301,0.565,0.998,43.0
3341,3341,43_551,43_388,0.2274462,0.191533,27.7311,0.9145,1.021018E-5,3.0,3.0,801.0,2770.0,800.6021000000001,2769.8374,800.6021000000001,2769.8374,43.19178910967726,-22.16143716541041,0.546,0.278,31.08,0.46016,0.2339,31.08,800.6021000000001,2769.8374,43.19178910967726,-22.16143716541041,0.1766095862,0.094390061937,0.1766095862,0.094390061937,0.422,0.305,6.85,0.4216782,0.3052657,6.85,42.9041,0.0,1.08,1.967,0.492,1.0,43.0
3342,3342,43_552,43_387,0.6813771,0.331511,26.5398,0.5284,3.081215E-6,4.0,4.0,544.0,2770.0,543.8582,2769.5849,543.8582,2769.5849,43.269739091669706,-22.16230388443188,0.674,0.343,-37.58,0.32779,0.16697,-37.58,543.8582,2769.5849,43.269739091669706,-22.16230388443188,0.16109526626,0.22661399309,0.16109526626,0.22661399309,0.52,0.343,-57.67,0.5199988,0.3425063,-57.67,48.8618,0.0,1.97,1.963,0.491,1.0,43.0
3343,3343,43_553,43_386,0.2541333,0.202458,27.6106,0.8652,3.331814E-5,3.0,3.0,744.0,2768.0,744.2486,2768.0795,744.2486,2768.0795,43.20890627822703,-22.161151991300525,0.436,0.264,-9.59,0.34737,0.21056,-9.59,744.2486,2768.0795,43.20890627822703,-22.161151991300525,0.10948906987,0.090291667826,0.10948906987,0.090291667826,0.331,0.3,-0.56,0.3308941,0.3004826,-0.56,41.4522,0.0,0.97,1.65,0.394,0.999,43.0
3344,3344,43_554,43_385,1.859564,0.5476584,25.4498,0.3198,-4.481269E-6,13.0,13.0,871.0,2765.0,870.7737,2764.9602,870.7737,2764.9602,43.17050357111388,-22.159801966814904,1.171,0.742,37.08,0.345,0.21862,37.08,870.7737,2764.9602,43.17050357111388,-22.159801966814904,0.65486221021,0.42564374741,0.65486221021,0.42564374741,0.832,0.623,20.65,0.8323402,0.6226683,20.65,45.1332,0.0,4.23,1.578,0.366,1.0,43.0
3345,3345,43_555,43_384,0.1062649,0.1309179,28.5573,1.3379,-8.433832E-7,1.0,1.0,837.0,2768.0,837.0,2768.0,837.0,2768.0,43.18074547219,-22.160784129040294,0.289,0.289,45.0,0.35564,0.35564,45.0,837.0,2768.0,43.18074547219,-22.160784129040294,0.0833333,0.0833333,0.0833333,0.0833333,0.289,0.289,45.0,0.2886751,0.2886751,45.0,44.2336,0.0,0.0,1.0,0.0,0.997,43.0
3346,3346,43_556,43_383,0.009619732,0.03938997,31.1654,4.4469,3.081215E-6,1.0,1.0,539.0,2768.0,539.0,2768.0,539.0,2768.0,43.27122027847108,-22.161875458208087,0.289,0.289,45.0,1.18203,1.18203,45.0,539.0,2768.0,43.27122027847108,-22.161875458208087,0.0833333,0.0833333,0.0833333,0.0833333,0.289,0.289,45.0,0.2886751,0.2886751,45.0,49.4333,0.0,0.0,1.0,0.0,0.96,43.0
3347,3347,43_557,43_382,0.09381273,0.1230085,28.6926,1.424,3.081215E-6,3.0,3.0,592.0,2765.0,591.9778,2765.2048,591.9778,2765.2048,43.255147908792345,-22.16089923738245,0.496,0.324,88.16,0.65082,0.42463,88.16,591.9778,2765.2048,43.255147908792345,-22.16089923738245,0.084981080973,0.10062385724,0.084981080973,0.10062385724,0.317,0.292,89.89,0.3172127,0.2915151,89.89,47.0423,0.0,0.88,1.533,0.348,0.984,43.0
3348,3348,43_558,43_381,2.051342,0.5752057,25.3432,0.3045,-6.460607E-6,8.0,8.0,861.0,2764.0,860.8251,2763.8433,860.8251,2763.8433,43.17352887495372,-22.159525309174597,0.681,0.555,-64.44,0.19086,0.15565,-64.44,860.8251,2763.8433,43.17352887495372,-22.159525309174597,0.20029568289,0.25398066253,0.20029568289,0.25398066253,0.51,0.44,-71.78,0.5103948,0.4401971,-71.78,42.0504,0.0,1.76,1.226,0.184,1.0,43.0
3349,3349,43_559,43_380,0.2386901,0.1962101,27.6787,0.8927,3.56434E-5,2.0,2.0,720.0,2765.0,720.4623,2765.0,720.4623,2765.0,43.21614067230644,-22.160373554060765,0.576,0.289,0.0,0.47358,0.23729,0.0,720.4623,2765.0,43.21614067230644,-22.160373554060765,0.22612447603,0.0833333,0.22612447603,0.0833333,0.476,0.289,0.0,0.4755255,0.2886751,0.0,46.4031,0.0,0.96,1.996,0.499,0.998,43.0
3350,3350,43_560,43_379,1.919396,0.5563992,25.4154,0.3148,3.081215E-6,11.0,11.0,598.0,2764.0,597.6011,2764.1476,597.6011,2764.1476,43.25344495017594,-22.160581605606637,0.788,0.563,-57.14,0.22829,0.1633,-57.14,597.6011,2764.1476,43.25344495017594,-22.160581605606637,0.28244177328,0.30394861917,0.28244177328,0.30394861917,0.586,0.493,-51.15,0.5862245,0.4926776,-51.15,46.9871,0.0,2.5,1.398,0.285,1.0,43.0
3351,3351,43_561,43_378,0.0110674,0.04225002,31.0132,4.1458,1.240725E-5,2.0,2.0,955.0,2763.0,955.0,2763.2846,955.0,2763.2846,43.14493699489419,-22.159010653979976,0.536,0.289,90.0,2.04342,1.10117,90.0,955.0,2763.2846,43.14493699489419,-22.159010653979976,0.0833333,0.11301548889,0.0833333,0.11301548889,0.336,0.289,90.0,0.3361778,0.2886751,90.0,99.0,0.0,0.92,1.856,0.461,0.982,43.0
3352,3352,43_562,43_377,0.02366202,0.06177747,30.1882,2.8354,4.511822E-5,1.0,1.0,739.0,2764.0,739.0,2764.0,739.0,2764.0,43.210516522026815,-22.16002390331346,0.289,0.289,45.0,0.75347,0.75347,45.0,739.0,2764.0,43.210516522026815,-22.16002390331346,0.0833333,0.0833333,0.0833333,0.0833333,0.289,0.289,45.0,0.2886751,0.2886751,45.0,99.0,0.0,0.0,1.0,0.0,0.994,43.0
3353,3353,43_563,43_376,4.621714,0.8633873,24.4613,0.2029,1.326804E-6,26.0,26.0,645.0,2760.0,643.1339,2759.3383,643.1339,2759.3383,43.23964077746772,-22.159063997984727,2.895,0.769,42.08,0.54078,0.14371,42.08,643.1339,2759.3383,43.23964077746772,-22.159063997984727,1.8166686983,1.2555488026,1.8166686983,1.2555488026,1.647,0.599,38.11,1.647328,0.5987726,38.11,46.7728,0.0,7.66,3.763,0.734,1.0,43.0
3354,3354,43_564,43_375,0.3601338,0.2410106,27.2321,0.7268,-3.8134E-5,3.0,3.0,943.0,2763.0,943.3658,2762.7958,943.3658,2762.7958,43.14847157830903,-22.158917611259653,0.529,0.339,32.53,0.35397,0.22685,32.53,943.3658,2762.7958,43.14847157830903,-22.158917611259653,0.20015663331,0.079897340627,0.20015663331,0.079897340627,0.453,0.274,10.98,0.4526103,0.2742223,10.98,37.1137,0.0,1.44,1.56,0.359,1.0,43.0
3355,3355,43_565,43_374,0.2347487,0.1945834,27.6968,0.9002,-4.968069E-6,3.0,3.0,881.0,2762.0,881.0,2762.1154,881.0,2762.1154,43.16741048023064,-22.158963132475076,0.619,0.289,90.0,0.51308,0.23928,90.0,881.0,2762.1154,43.16741048023064,-22.158963132475076,0.0833333,0.11191249164,0.0833333,0.11191249164,0.335,0.289,90.0,0.3345332,0.2886751,90.0,40.9522,0.0,1.17,2.144,0.534,0.999,43.0
3356,3356,43_566,43_373,0.02861062,0.06793097,29.982,2.5785,-1.700978E-6,1.0,1.0,899.0,2762.0,899.0,2762.0,899.0,2762.0,43.16194568897121,-22.158862533788778,0.289,0.289,45.0,0.6854,0.6854,45.0,899.0,2762.0,43.16194568897121,-22.158862533788778,0.0833333,0.0833333,0.0833333,0.0833333,0.289,0.289,45.0,0.2886751,0.2886751,45.0,41.9973,0.0,0.0,1.0,0.0,0.995,43.0
3357,3357,43_567,43_372,3.000098,0.6956197,24.9305,0.2518,-3.081594E-7,14.0,14.0,825.0,2761.0,825.5767000000001,2760.8266,825.5767000000001,2760.8266,43.18424359298046,-22.158809185911387,1.179,0.653,6.31,0.27348,0.15152,6.31,825.5767000000001,2760.8266,43.18424359298046,-22.158809185911387,0.7882302611,0.36836189638,0.7882302611,0.36836189638,0.889,0.606,3.16,0.8885471,0.6058682,3.16,43.6869,0.0,4.16,1.805,0.446,1.0,43.0
3358,3358,43_568,43_371,0.396058,0.2527456,27.1289,0.693,9.369286E-6,3.0,3.0,792.0,2762.0,792.472,2761.9239,792.472,2761.9239,43.19429022367533,-22.15924153932768,0.508,0.248,-12.08,0.32402,0.15848,-12.08,792.472,2761.9239,43.19429022367533,-22.15924153932768,0.21764129019,0.086708925036,0.21764129019,0.086708925036,0.467,0.294,-1.24,0.4665866,0.2943588,-1.24,42.8164,0.0,0.39,2.045,0.511,0.999,43.0
3359,3359,43_569,43_370,0.08065954,0.1140596,28.8567,1.5357,3.267418E-5,2.0,2.0,719.0,2762.0,719.0,2761.5378,719.0,2761.5378,43.2165987679609,-22.159405094010552,0.576,0.289,90.0,0.81467,0.4082,90.0,719.0,2761.5378,43.2165987679609,-22.159405094010552,0.0833333,0.22604869597,0.0833333,0.22604869597,0.475,0.289,90.0,0.4754458,0.2886751,90.0,99.0,0.0,0.96,1.996,0.499,0.997,43.0
3360,3360,43_570,43_369,0.4657033,0.2740683,26.953,0.6391,1.35031E-4,5.0,5.0,582.0,2761.0,582.2883,2761.2863,582.2883,2761.2863,43.25810523062424,-22.159831970044397,0.516,0.439,-23.35,0.30332,0.25825,-23.35,582.2883,2761.2863,43.25810523062424,-22.159831970044397,0.1523871918,0.12831792488,0.1523871918,0.12831792488,0.397,0.351,-22.67,0.3968326,0.3510399,-22.67,99.0,0.0,1.27,1.174,0.149,1.0,43.0
3361,3361,43_571,43_368,1.776837,0.5353377,25.4992,0.3272,1.194656E-6,11.0,11.0,979.0,2760.0,979.0017,2759.6148,979.0017,2759.6148,43.13766481014569,-22.157886392946157,0.97,0.534,-51.02,0.29235,0.161,-51.02,979.0017,2759.6148,43.13766481014569,-22.157886392946157,0.3548103125,0.3807391541,0.3548103125,0.3807391541,0.705,0.489,-47.89,0.7047564,0.4887411,-47.89,39.6712,0.0,2.72,1.816,0.449,1.0,43.0
3363,3363,43_573,43_366,0.2859419,0.2147549,27.4826,0.8156,2.621799E-6,2.0,2.0,665.0,2761.0,665.0,2760.5266,665.0,2760.5266,43.23299747034108,-22.15931859670196,0.577,0.289,90.0,0.43315,0.2168,90.0,665.0,2760.5266,43.23299747034108,-22.15931859670196,0.0833333,0.23975054357,0.0833333,0.23975054357,0.49,0.289,90.0,0.4896433,0.2886751,90.0,99.0,0.0,0.96,1.998,0.499,0.999,43.0
3365,3365,43_575,43_364,2.408769,0.6233066,25.1688,0.281,6.927293E-6,7.0,7.0,673.0,2758.0,672.5708,2758.3086,672.5708,2758.3086,43.23070796157496,-22.158667084012407,0.787,0.492,85.35,0.20369,0.12743,85.35,672.5708,2758.3086,43.23070796157496,-22.158667084012407,0.23903883389,0.34380392676,0.23903883389,0.34380392676,0.586,0.489,88.74,0.5863913,0.488864,88.74,99.0,0.0,2.15,1.598,0.374,1.0,43.0
3366,3366,43_576,43_363,0.5613647,0.3009031,26.7502,0.5821,-1.029083E-6,4.0,4.0,610.0,2760.0,609.7261,2759.6538,609.7261,2759.6538,43.24978191726379,-22.159273848180863,0.488,0.432,-61.06,0.26175,0.23166,-61.06,609.7261,2759.6538,43.24978191726379,-22.159273848180863,0.11148006009,0.16032466417,0.11148006009,0.16032466417,0.402,0.332,-80.9,0.4020096,0.3319533,-80.9,39.7441,0.0,1.07,1.13,0.115,1.0,43.0
3367,3367,43_577,43_362,0.04723473,0.08728405,29.4376,2.0068,1.871344E-6,2.0,2.0,544.0,2760.0,544.0,2759.6784,544.0,2759.6784,43.26973542277708,-22.15951701450781,0.549,0.289,90.0,1.01469,0.53344,90.0,544.0,2759.6784,43.26973542277708,-22.15951701450781,0.0833333,0.12665321851,0.0833333,0.12665321851,0.356,0.289,90.0,0.3558837,0.2886751,90.0,40.9416,0.0,0.93,1.902,0.474,0.997,43.0
3368,3368,43_578,43_361,0.1363989,0.1483234,28.2863,1.1809,-8.57988E-5,1.0,1.0,521.0,2759.0,521.0,2759.0,521.0,2759.0,43.27672046707259,-22.15940823977548,0.289,0.289,45.0,0.31401,0.31401,45.0,521.0,2759.0,43.27672046707259,-22.15940823977548,0.0833333,0.0833333,0.0833333,0.0833333,0.289,0.289,45.0,0.2886751,0.2886751,45.0,36.2772,0.0,0.0,1.0,0.0,0.997,43.0
3370,3370,43_580,43_359,0.2641863,0.2064236,27.5685,0.8486,1.304531E-6,3.0,3.0,811.0,2757.0,811.0864,2757.1794,811.0864,2757.1794,43.18865819772987,-22.157837508754376,0.388,0.275,-77.78,0.3032,0.21484,-77.78,811.0864,2757.1794,43.18865819772987,-22.157837508754376,0.090025491537,0.09895334896,0.090025491537,0.09895334896,0.315,0.3,-89.31,0.3145705,0.3000403,-89.31,41.1068,0.0,0.9,1.411,0.291,0.999,43.0
3371,3371,43_581,43_358,0.2651362,0.2067943,27.5646,0.847,4.436266E-7,2.0,2.0,915.0,2757.0,915.0,2756.6094,915.0,2756.6094,43.15711027725299,-22.15728547307404,0.567,0.289,90.0,0.44215,0.22515,90.0,915.0,2756.6094,43.15711027725299,-22.15728547307404,0.0833333,0.17984195743,0.0833333,0.17984195743,0.424,0.289,90.0,0.4240778,0.2886751,90.0,42.2035,0.0,0.95,1.964,0.491,0.999,43.0
3372,3372,43_582,43_357,0.01096069,0.04204585,31.0237,4.166,6.478093E-6,1.0,1.0,1005.0,2756.0,1005.0,2756.0,1005.0,2756.0,43.129786215628485,-22.156769553307026,0.289,0.289,45.0,1.10737,1.10737,45.0,1005.0,2756.0,43.129786215628485,-22.156769553307026,0.0833333,0.0833333,0.0833333,0.0833333,0.289,0.289,45.0,0.2886751,0.2886751,45.0,46.4668,0.0,0.0,1.0,0.0,0.971,43.0
3373,3373,43_583,43_356,0.1621148,0.1617021,28.0987,1.0832,1.52162E-6,1.0,1.0,797.0,2755.0,797.0,2755.0,797.0,2755.0,43.19294402846787,-22.15727707371833,0.289,0.289,45.0,0.28794,0.28794,45.0,797.0,2755.0,43.19294402846787,-22.15727707371833,0.0833333,0.0833333,0.0833333,0.0833333,0.289,0.289,45.0,0.2886751,0.2886751,45.0,39.7202,0.0,0.0,1.0,0.0,0.997,43.0
3374,3374,43_584,43_355,1.312136,0.4600379,25.8284,0.3808,1.205402E-5,6.0,6.0,689.0,2754.0,689.4188,2753.8298,689.4188,2753.8298,43.22561109549689,-22.157345654509104,0.669,0.493,-88.21,0.2344,0.17291,-88.21,689.4188,2753.8298,43.22561109549689,-22.157345654509104,0.22954604843,0.25417868393,0.22954604843,0.25417868393,0.504,0.479,-87.51,0.5042075,0.4790611,-87.51,45.6024,0.0,1.72,1.356,0.262,1.0,43.0
3375,3375,43_585,43_354,0.468286,0.2748272,26.947,0.6374,2.54197E-6,3.0,3.0,970.0,2753.0,969.77,2753.3147,969.77,2753.3147,43.140494518476125,-22.15614962319683,0.521,0.349,52.46,0.30566,0.20455,52.46,969.77,2753.3147,43.140494518476125,-22.15614962319683,0.099779380057,0.15813834392,0.099779380057,0.15813834392,0.407,0.304,71.41,0.4069211,0.3038633,71.41,40.549,0.0,1.39,1.494,0.331,1.0,43.0
3376,3376,43_586,43_353,0.1508183,0.1559664,28.1772,1.1231,3.541376E-6,4.0,4.0,949.0,2753.0,948.769,2752.9129,948.769,2752.9129,43.14687269440388,-22.15611698073932,0.797,0.283,65.23,0.82397,0.29314,65.23,948.769,2752.9129,43.14687269440388,-22.15611698073932,0.11374021918,0.28720027189,0.11374021918,0.28720027189,0.542,0.328,79.4,0.5417473,0.3277963,79.4,99.0,0.0,2.17,2.811,0.644,1.0,43.0
3377,3377,43_587,43_352,0.1336463,0.1468191,28.3084,1.193,2.468319E-4,3.0,3.0,606.0,2754.0,606.1928,2753.8831,606.1928,2753.8831,43.25087775257917,-22.157663483283415,0.405,0.308,20.35,0.44364,0.33743,20.35,606.1928,2753.8831,43.25087775257917,-22.157663483283415,0.10153211738,0.09339298573,0.10153211738,0.09339298573,0.319,0.306,1.33,0.3186479,0.3055955,1.33,99.0,0.0,0.94,1.315,0.239,0.999,43.0
3378,3378,43_588,43_351,0.3516026,0.2381388,27.2582,0.7355,-1.11844E-5,3.0,3.0,602.0,2753.0,601.4485,2753.1203,601.4485,2753.1203,43.25232112168096,-22.157466063977058,0.515,0.296,-18.65,0.34905,0.20045,-18.65,601.4485,2753.1203,43.25232112168096,-22.157466063977058,0.31785721589,0.10524077234,0.31785721589,0.10524077234,0.564,0.324,-2.26,0.5640832,0.3238952,-2.26,38.2721,0.0,1.15,1.741,0.426,0.999,43.0
3379,3379,43_589,43_350,0.0362406,0.07645429,29.7253,2.2911,6.625191E-7,1.0,1.0,965.0,2753.0,965.0,2753.0,965.0,2753.0,43.14194415587824,-22.156079380159564,0.289,0.289,45.0,0.60902,0.60902,45.0,965.0,2753.0,43.14194415587824,-22.156079380159564,0.0833333,0.0833333,0.0833333,0.0833333,0.289,0.289,45.0,0.2886751,0.2886751,45.0,39.8443,0.0,0.0,1.0,0.0,0.996,43.0
3381,3381,43_591,43_348,1.111529,0.4234134,26.0085,0.4137,-1.177956E-4,11.0,11.0,591.0,2748.0,591.2279,2749.8107,591.2279,2749.8107,43.25543720345689,-22.1565720361419,1.672,0.456,88.43,0.63723,0.1737,88.43,591.2279,2749.8107,43.25543720345689,-22.1565720361419,0.1369176435,1.5147644422,0.1369176435,1.5147644422,1.231,0.37,89.41,1.230816,0.3698281,89.41,35.9433,0.0,5.19,3.668,0.727,1.0,43.0
3382,3382,43_592,43_347,0.5420558,0.2956829,26.7882,0.5924,3.081215E-6,3.0,3.0,535.0,2752.0,535.182,2752.5756,535.182,2752.5756,43.27244060411668,-22.157550728082725,0.536,0.325,60.85,0.29241,0.17743,60.85,535.182,2752.5756,43.27244060411668,-22.157550728082725,0.053027540368,0.24849047955,0.053027540368,0.24849047955,0.502,0.223,82.58,0.5018631,0.2228262,82.58,51.041,0.0,1.41,1.648,0.393,1.0,43.0
3383,3383,43_593,43_346,0.1865131,0.1734438,27.9465,1.0099,6.21795E-6,2.0,2.0,1004.0,2752.0,1003.5679,2751.5679,1003.5679,2751.5679,43.13023989653192,-22.15552833864786,0.758,0.289,45.0,0.7046,0.26844,45.0,1003.5679,2751.5679,43.13023989653192,-22.15552833864786,0.19668430464,0.19668430464,0.19668430464,0.19668430464,0.557,0.289,45.0,0.5568082,0.2886751,45.0,46.6752,0.0,1.51,2.625,0.619,0.998,43.0
3384,3384,43_594,43_345,0.2469752,0.1995864,27.6417,0.8776,2.094651E-6,2.0,2.0,995.0,2751.0,994.602,2751.0,994.602,2751.0,43.13296462305249,-22.15540312192807,0.568,0.289,0.0,0.45924,0.23328,0.0,994.602,2751.0,43.13296462305249,-22.15540312192807,0.18581034436,0.0833333,0.18581034436,0.0833333,0.431,0.289,0.0,0.4310572,0.2886751,0.0,39.7718,0.0,0.96,1.969,0.492,0.999,43.0
3385,3385,43_595,43_344,0.7918555,0.3573774,26.3767,0.4901,9.148329E-4,4.0,4.0,874.0,2748.0,873.9679,2747.5899,873.9679,2747.5899,43.169606235215255,-22.154903830281103,0.712,0.334,-35.03,0.32074,0.15033,-35.03,873.9679,2747.5899,43.169606235215255,-22.154903830281103,0.1614477065,0.1928396748,0.1614477065,0.1928396748,0.493,0.333,-51.88,0.4930967,0.3333811,-51.88,99.0,0.0,2.01,2.134,0.531,1.0,43.0
3386,3386,43_596,43_343,2.446878,0.6282179,25.1518,0.2788,-6.576007E-6,8.0,8.0,747.0,2746.0,746.592,2745.7669,746.592,2745.7669,43.20828620712573,-22.154867209371943,0.741,0.515,-83.95,0.19028,0.13211,-83.95,746.592,2745.7669,43.20828620712573,-22.154867209371943,0.23771304692,0.30641376482,0.23771304692,0.30641376482,0.554,0.487,-86.74,0.5537489,0.4873284,-86.74,37.8617,0.0,1.92,1.44,0.306,1.0,43.0
3387,3387,43_597,43_342,1.421396,0.4788084,25.7415,0.3658,2.611825E-6,7.0,7.0,567.0,2746.0,567.4639999999999,2745.2641,567.4639999999999,2745.2641,43.26266962524456,-22.155378689234137,0.955,0.462,-77.08,0.3216,0.15577,-77.08,567.4639999999999,2745.2641,43.26266962524456,-22.155378689234137,0.24986242198,0.48706057422,0.24986242198,0.48706057422,0.714,0.477,-73.56,0.7139142,0.4767069,-73.56,41.9665,0.0,3.67,2.065,0.516,1.0,43.0
3388,3388,43_598,43_341,0.02444692,0.06279372,30.1527,2.7895,-9.704108E-7,1.0,1.0,616.0,2746.0,616.0,2746.0,616.0,2746.0,43.24793207605024,-22.15541071877279,0.289,0.289,45.0,0.74152,0.74152,45.0,616.0,2746.0,43.24793207605024,-22.15541071877279,0.0833333,0.0833333,0.0833333,0.0833333,0.289,0.289,45.0,0.2886751,0.2886751,45.0,39.8353,0.0,0.0,1.0,0.0,0.994,43.0
3389,3389,43_599,43_340,4.078801,0.8110926,24.597,0.216,3.594773E-6,17.0,17.0,534.0,2743.0,536.0464,2743.5778,536.0464,2743.5778,43.272213916477725,-22.15501685990767,1.699,0.854,3.58,0.3378,0.16983,3.58,536.0464,2743.5778,43.272213916477725,-22.15501685990767,1.5423561028,0.36697318549,1.5423561028,0.36697318549,1.246,0.597,5.53,1.246382,0.5965416,5.53,99.0,0.0,7.2,1.989,0.497,1.0,43.0
3390,3390,43_600,43_339,0.00419328,0.02600645,32.0669,6.7353,1.416539E-6,1.0,1.0,957.0,2745.0,957.0,2745.0,957.0,2745.0,43.14440697128357,-22.153859654210063,0.289,0.289,45.0,1.79076,1.79076,45.0,957.0,2745.0,43.14440697128357,-22.153859654210063,0.0833333,0.0833333,0.0833333,0.0833333,0.289,0.289,45.0,0.2886751,0.2886751,45.0,40.4931,0.0,0.0,1.0,0.0,0.8,43.0
3391,3391,43_601,43_338,0.938956,0.3891587,26.1917,0.4501,4.483059E-7,5.0,5.0,823.0,2745.0,822.251,2744.5649,822.251,2744.5649,43.18532070918032,-22.154247448280845,0.734,0.37,31.38,0.30403,0.15343,31.38,822.251,2744.5649,43.18532070918032,-22.154247448280845,0.27132826213,0.2161152067,0.27132826213,0.2161152067,0.586,0.38,36.94,0.5858129,0.3798245,36.94,99.0,0.0,3.05,1.982,0.495,1.0,43.0
3393,3393,43_603,43_336,0.03359966,0.0736159,29.8075,2.3794,5.504869E-6,1.0,1.0,994.0,2743.0,994.0,2743.0,994.0,2743.0,43.1331813828805,-22.15315506824836,0.289,0.289,45.0,0.63247,0.63247,45.0,994.0,2743.0,43.1331813828805,-22.15315506824836,0.0833333,0.0833333,0.0833333,0.0833333,0.289,0.289,45.0,0.2886751,0.2886751,45.0,99.0,0.0,0.0,1.0,0.0,0.996,43.0
3394,3394,43_604,43_335,0.271199,0.2091454,27.5401,0.8375,-2.054157E-6,1.0,1.0,807.0,2743.0,807.0,2743.0,807.0,2743.0,43.18995750355955,-22.153864318597,0.289,0.289,45.0,0.22262,0.22262,45.0,807.0,2743.0,43.18995750355955,-22.153864318597,0.0833333,0.0833333,0.0833333,0.0833333,0.289,0.289,45.0,0.2886751,0.2886751,45.0,99.0,0.0,0.0,1.0,0.0,0.997,43.0
3395,3395,43_605,43_334,0.9763712,0.3968365,26.1493,0.4414,4.345343E-6,5.0,5.0,980.0,2741.0,979.4199,2741.5625,979.4199,2741.5625,43.13761433744912,-22.152806758144937,0.686,0.463,-20.61,0.27885,0.18816,-20.61,979.4199,2741.5625,43.13761433744912,-22.152806758144937,0.26417037886,0.24890516071,0.26417037886,0.24890516071,0.534,0.478,-37.16,0.533648,0.4778027,-37.16,49.9665,0.0,2.53,1.482,0.325,1.0,43.0
3396,3396,43_606,43_333,0.4919219,0.2816775,26.8936,0.6219,6.298671E-5,5.0,5.0,870.0,2741.0,869.7121999999999,2741.3621,869.7121999999999,2741.3621,43.17092431313365,-22.1531680814586,0.623,0.393,-34.95,0.35663,0.22473,-34.95,869.7121999999999,2741.3621,43.17092431313365,-22.1531680814586,0.14922699205,0.14172209622,0.14922699205,0.14172209622,0.433,0.322,-42.44,0.4330952,0.3215239,-42.44,99.0,0.0,1.24,1.587,0.37,1.0,43.0
3397,3397,43_607,43_332,3.052682,0.7016894,24.9116,0.2496,3.081215E-6,12.0,12.0,517.0,2740.0,517.6469,2740.6677,517.6469,2740.6677,43.27781097877106,-22.15426393223965,1.088,0.616,38.62,0.25009,0.1415,38.62,517.6469,2740.6677,43.27781097877106,-22.15426393223965,0.51432579177,0.43390456862,0.51432579177,0.43390456862,0.802,0.552,38.15,0.8024833,0.5515895,38.15,49.2511,0.0,3.7,1.767,0.434,1.0,43.0
3399,3399,43_609,43_330,0.02961797,0.06911651,29.9444,2.5343,-1.234204E-5,1.0,1.0,862.0,2740.0,862.0,2740.0,862.0,2740.0,43.17327150094174,-22.15281402850935,0.289,0.289,45.0,0.67364,0.67364,45.0,862.0,2740.0,43.17327150094174,-22.15281402850935,0.0833333,0.0833333,0.0833333,0.0833333,0.289,0.289,45.0,0.2886751,0.2886751,45.0,99.0,0.0,0.0,1.0,0.0,0.995,43.0
3400,3400,43_610,43_329,2.533627,0.639257,25.1139,0.274,2.106543E-6,12.0,12.0,623.0,2738.0,622.9089,2738.2757,622.9089,2738.2757,43.24586570894508,-22.153213053030232,1.358,0.563,-21.1,0.34275,0.14206,-21.1,622.9089,2738.2757,43.24586570894508,-22.153213053030232,0.50620704103,0.36585051693,0.50620704103,0.36585051693,0.76,0.542,-30.19,0.7602577,0.5422783,-30.19,47.7853,0.0,4.8,2.413,0.586,1.0,43.0
3401,3401,43_611,43_328,0.02459364,0.06298187,30.1462,2.7811,1.443765E-6,1.0,1.0,640.0,2737.0,640.0,2737.0,640.0,2737.0,43.24068230391333,-22.152792193072703,0.289,0.289,45.0,0.73926,0.73926,45.0,640.0,2737.0,43.24068230391333,-22.152792193072703,0.0833333,0.0833333,0.0833333,0.0833333,0.289,0.289,45.0,0.2886751,0.2886751,45.0,47.776,0.0,0.0,1.0,0.0,0.994,43.0
3402,3402,43_612,43_327,0.05994121,0.09832567,29.179,1.7814,8.620536E-7,1.0,1.0,578.0,2737.0,578.0,2737.0,578.0,2737.0,43.25950414670353,-22.15301638589773,0.289,0.289,45.0,0.47353,0.47353,45.0,578.0,2737.0,43.25950414670353,-22.15301638589773,0.0833333,0.0833333,0.0833333,0.0833333,0.289,0.289,45.0,0.2886751,0.2886751,45.0,40.2831,0.0,0.0,1.0,0.0,0.997,43.0
3403,3403,43_613,43_326,0.1198263,0.139021,28.4269,1.26,-2.81024E-6,2.0,2.0,904.0,2736.0,904.4297,2736.0,904.4297,2736.0,43.16040609228774,-22.151528365086705,0.573,0.289,0.0,0.66485,0.33491,0.0,904.4297,2736.0,43.16040609228774,-22.151528365086705,0.2077082813,0.0833333,0.2077082813,0.0833333,0.456,0.289,0.0,0.4557502,0.2886751,0.0,47.325,0.0,0.96,1.985,0.496,0.997,43.0
3404,3404,43_614,43_325,0.04181106,0.08212016,29.5701,2.133,-7.369483E-6,2.0,2.0,542.0,2735.0,542.0,2735.1082,542.0,2735.1082,43.27044022693469,-22.152613365665346,0.424,0.289,90.0,0.83308,0.56711,90.0,542.0,2735.1082,43.27044022693469,-22.152613365665346,0.0833333,0.090238770939,0.0833333,0.090238770939,0.3,0.289,90.0,0.3003977,0.2886751,90.0,38.6013,0.0,-2.3,1.469,0.319,0.993,43.0
3405,3405,43_615,43_324,0.05563763,0.09473021,29.2599,1.8491,-1.229223E-5,3.0,3.0,869.0,2734.0,869.0557,2734.1563,869.0557,2734.1563,43.17115369144794,-22.15114364019436,0.671,0.216,-27.37,1.143,0.36696,-27.37,869.0557,2734.1563,43.17115369144794,-22.15114364019436,0.11936626269,0.084358783924,0.11936626269,0.084358783924,0.346,0.29,-1.74,0.3455409,0.2903903,-1.74,99.0,0.0,1.61,3.115,0.679,0.998,43.0
3406,3406,43_616,43_323,0.2816593,0.2131406,27.499,0.8218,2.142971E-6,4.0,4.0,738.0,2735.0,737.4933,2734.8045,737.4933,2734.8045,43.21109343131287,-22.15181732428134,0.517,0.374,21.83,0.39152,0.28273,21.83,737.4933,2734.8045,43.21109343131287,-22.15181732428134,0.23377224062,0.048999495841,0.23377224062,0.048999495841,0.485,0.219,4.4,0.4846372,0.2188573,4.4,39.6137,0.0,1.08,1.385,0.278,1.0,43.0
3407,3407,43_617,43_322,0.4161579,0.2590796,27.0752,0.6761,1.425548E-5,3.0,3.0,732.0,2735.0,731.6476,2735.0,731.6476,2735.0,43.21286734556104,-22.15189390380685,0.657,0.289,0.0,0.40927,0.17971,0.0,731.6476,2735.0,43.21286734556104,-22.15189390380685,0.22296342641,0.0833333,0.22296342641,0.0833333,0.472,0.289,0.0,0.47219,0.2886751,0.0,99.0,0.0,1.69,2.277,0.561,1.0,43.0
3408,3408,43_618,43_321,0.6592444,0.3260824,26.5757,0.5372,1.13187E-6,4.0,4.0,649.0,2734.0,648.4157,2734.0312,648.4157,2734.0312,43.23813942891126,-22.15192652677101,0.501,0.471,-32.06,0.24782,0.23314,-32.06,648.4157,2734.0312,43.23813942891126,-22.15192652677101,0.24972205041,0.064985631483,0.24972205041,0.064985631483,0.5,0.255,-1.72,0.4998889,0.2545952,-1.72,48.4741,0.0,1.41,1.063,0.059,1.0,43.0
3409,3409,43_619,43_320,0.0203627,0.05730887,30.3512,3.0564,-2.702745E-7,1.0,1.0,517.0,2735.0,517.0,2735.0,517.0,2735.0,43.278029793904935,-22.15267210177063,0.289,0.289,45.0,0.8125,0.8125,45.0,517.0,2735.0,43.278029793904935,-22.15267210177063,0.0833333,0.0833333,0.0833333,0.0833333,0.289,0.289,45.0,0.2886751,0.2886751,45.0,39.836,0.0,0.0,1.0,0.0,0.992,43.0
3410,3410,43_620,43_319,0.03980539,0.0801263,29.6234,2.1861,1.926651E-6,1.0,1.0,939.0,2734.0,939.0,2734.0,939.0,2734.0,43.14991850684836,-22.15083420453687,0.289,0.289,45.0,0.58108,0.58108,45.0,939.0,2734.0,43.14991850684836,-22.15083420453687,0.0833333,0.0833333,0.0833333,0.0833333,0.289,0.289,45.0,0.2886751,0.2886751,45.0,47.7828,0.0,0.0,1.0,0.0,0.996,43.0
3412,3412,43_622,43_317,2.579422,0.6450084,25.0945,0.2716,1.710171E-6,9.0,9.0,616.0,2733.0,615.5986,2732.8072,615.5986,2732.8072,43.24810694502818,-22.151701387589785,0.85,0.518,10.23,0.21258,0.12951,10.23,615.5986,2732.8072,43.24810694502818,-22.151701387589785,0.36153381007,0.20054400742,0.36153381007,0.20054400742,0.604,0.445,7.52,0.6036492,0.4446183,7.52,41.5837,0.0,2.35,1.641,0.391,1.0,43.0
3413,3413,43_623,43_316,0.01467308,0.04864797,30.707,3.6006,1.522814E-7,1.0,1.0,769.0,2733.0,769.0,2733.0,769.0,2733.0,43.201535566763816,-22.151193031078407,0.289,0.289,45.0,0.95708,0.95708,45.0,769.0,2733.0,43.201535566763816,-22.151193031078407,0.0833333,0.0833333,0.0833333,0.0833333,0.289,0.289,45.0,0.2886751,0.2886751,45.0,44.7729,0.0,0.0,1.0,0.0,0.986,43.0
3415,3415,43_625,43_314,1.419751,0.4785312,25.7428,0.366,3.081215E-6,8.0,8.0,586.0,2732.0,585.9754,2732.2048,585.9754,2732.2048,43.2571022018905,-22.151638926195695,0.633,0.571,36.29,0.2135,0.19253,36.29,585.9754,2732.2048,43.2571022018905,-22.151638926195695,0.19132654461,0.21202929955,0.19132654461,0.21202929955,0.464,0.433,68.79,0.4644327,0.4331952,68.79,49.4647,0.0,1.55,1.109,0.098,1.0,43.0
3416,3416,43_626,43_313,0.008131139,0.03621428,31.3479,4.8368,3.081215E-6,1.0,1.0,573.0,2733.0,573.0,2733.0,573.0,2733.0,43.26103798367109,-22.15190927963127,0.289,0.289,45.0,1.28569,1.28569,45.0,573.0,2733.0,43.26103798367109,-22.15190927963127,0.0833333,0.0833333,0.0833333,0.0833333,0.289,0.289,45.0,0.2886751,0.2886751,45.0,49.1416,0.0,0.0,1.0,0.0,0.94,43.0
3417,3417,43_627,43_312,4.129196,0.8160878,24.5836,0.2146,6.537641E-6,12.0,12.0,552.0,2732.0,552.483,2731.3922,552.483,2731.3922,43.26727271178605,-22.15153066248544,0.838,0.689,-69.68,0.16568,0.13615,-69.68,552.483,2731.3922,43.26727271178605,-22.15153066248544,0.33265246332,0.38957724856,0.33265246332,0.38957724856,0.634,0.566,-67.05,0.6340513,0.5658698,-67.05,99.0,0.0,2.21,1.217,0.178,1.0,43.0
3418,3418,43_628,43_311,0.1675718,0.1644011,28.0628,1.0655,9.185937E-5,2.0,2.0,797.0,2732.0,797.0,2731.6495,797.0,2731.6495,43.19304041098097,-22.15070892071303,0.558,0.289,90.0,0.54679,0.28304,90.0,797.0,2731.6495,43.19304041098097,-22.15070892071303,0.0833333,0.15237268798,0.0833333,0.15237268798,0.39,0.289,90.0,0.3903494,0.2886751,90.0,99.0,0.0,0.94,1.932,0.482,0.998,43.0
3419,3419,43_629,43_310,0.8556447,0.3714932,26.2926,0.4715,0.01884063,7.0,7.0,858.0,2730.0,857.9519,2729.943,857.9519,2729.943,43.17454242715517,-22.150000356481,0.73,0.446,-23.16,0.2951,0.18017,-23.16,857.9519,2729.943,43.17454242715517,-22.150000356481,0.16796310182,0.07061267945,0.16796310182,0.07061267945,0.412,0.263,-6.8,0.4115405,0.2630782,-6.8,99.0,0.0,1.64,1.638,0.389,1.0,43.0
3421,3421,43_631,43_308,2.115956,0.5841945,25.3095,0.2998,-8.53756E-6,10.0,10.0,817.0,2730.0,816.6723999999999,2730.0528,816.6723999999999,2730.0528,43.187074493025584,-22.15018627117039,0.784,0.599,48.11,0.21638,0.16538,48.11,816.6723999999999,2730.0528,43.187074493025584,-22.15018627117039,0.29202029259,0.30564243171,0.29202029259,0.30564243171,0.58,0.511,50.26,0.5797625,0.511408,50.26,99.0,0.0,1.96,1.308,0.236,1.0,43.0
3422,3422,43_632,43_307,0.471774,0.2758488,26.939,0.635,5.907622E-5,3.0,3.0,786.0,2730.0,786.5107,2730.0521,786.5107,2730.0521,43.19623152135306,-22.150298699665356,0.503,0.215,7.14,0.29409,0.12565,7.14,786.5107,2730.0521,43.19623152135306,-22.150298699665356,0.25614049868,0.08590074028,0.25614049868,0.08590074028,0.506,0.293,0.67,0.5061265,0.2930481,0.67,99.0,0.0,1.85,2.341,0.573,1.0,43.0
3423,3423,43_633,43_306,0.6381729,0.3208288,26.611,0.546,1.209844E-6,5.0,5.0,646.0,2730.0,646.3259,2730.0295,646.3259,2730.0295,43.23879000681647,-22.15080855070071,0.824,0.319,63.13,0.41418,0.16042,63.13,646.3259,2730.0295,43.23879000681647,-22.15080855070071,0.10973663183,0.29159745577,0.10973663183,0.29159745577,0.564,0.288,70.26,0.5643239,0.2878761,70.26,50.2021,0.0,3.0,2.582,0.613,1.0,43.0
3424,3424,43_634,43_305,0.4595442,0.27225,26.9675,0.6434,3.081215E-6,5.0,5.0,593.0,2729.0,592.7993,2728.8219,592.7993,2728.8219,43.25504419971295,-22.15066281462748,0.635,0.445,-36.9,0.37632,0.26367,-36.9,592.7993,2728.8219,43.25504419971295,-22.15066281462748,0.14494324819,0.13693098061,0.14494324819,0.13693098061,0.403,0.346,-39.54,0.4026084,0.3460935,-39.54,99.0,0.0,1.6,1.427,0.299,1.0,43.0
3425,3425,43_635,43_304,0.1469208,0.153938,28.2056,1.1379,9.572623E-7,3.0,3.0,596.0,2729.0,596.2981,2728.6762,596.2981,2728.6762,43.253982648529615,-22.150609210624022,0.557,0.343,46.44,0.58407,0.35909,46.44,596.2981,2728.6762,43.253982648529615,-22.150609210624022,0.15721823454,0.181725682,0.15721823454,0.181725682,0.467,0.348,52.36,0.4665809,0.3482043,52.36,40.3313,0.0,2.19,1.627,0.385,0.999,43.0
3426,3426,43_636,43_303,0.4417803,0.2669361,27.0103,0.6562,4.560518E-6,5.0,5.0,574.0,2726.0,574.5101999999999,2726.4525,574.5101999999999,2726.4525,43.260605677464575,-22.150062228117843,0.652,0.438,60.06,0.39394,0.26461,60.06,574.5101999999999,2726.4525,43.260605677464575,-22.150062228117843,0.23802909351,0.17697703885,0.23802909351,0.17697703885,0.511,0.393,27.57,0.5108008,0.3925412,27.57,99.0,0.0,0.36,1.489,0.328,1.0,43.0
3427,3427,43_637,43_302,0.339113,0.233871,27.2974,0.749,1.322311E-6,3.0,3.0,724.0,2726.0,724.1434,2725.9547,724.1434,2725.9547,43.21518249981624,-22.149377311977947,0.455,0.355,4.63,0.31356,0.24483,4.63,724.1434,2725.9547,43.21518249981624,-22.149377311977947,0.09401100811,0.086445181518,0.09401100811,0.086445181518,0.307,0.294,0.26,0.3066124,0.2940153,0.26,99.0,0.0,0.0,1.281,0.219,1.0,43.0
3428,3428,43_638,43_301,0.7153448,0.3396737,26.487,0.5157,6.40832E-7,6.0,6.0,706.0,2724.0,705.7739,2724.0689,705.7739,2724.0689,43.22076688897631,-22.14891450527167,0.628,0.405,-6.44,0.29824,0.19217,-6.44,705.7739,2724.0689,43.22076688897631,-22.14891450527167,0.16708910392,0.049068271508,0.16708910392,0.049068271508,0.409,0.221,-1.07,0.4088152,0.2214215,-1.07,50.278,0.0,1.68,1.552,0.356,1.0,43.0
3429,3429,43_639,43_300,0.2873155,0.2152701,27.4774,0.8137,6.271372E-7,4.0,4.0,700.0,2725.0,700.2853,2724.9275,700.2853,2724.9275,43.22242963897657,-22.14917618108782,0.598,0.206,16.33,0.44811,0.15409,16.33,700.2853,2724.9275,43.22242963897657,-22.14917618108782,0.14799932642,0.08457729134,0.14799932642,0.08457729134,0.385,0.291,0.41,0.384711,0.2908162,0.41,50.2299,0.0,1.38,2.908,0.656,1.0,43.0
3430,3430,43_640,43_299,1.800904,0.5389512,25.4846,0.325,-1.286889E-6,11.0,11.0,911.0,2723.0,911.9838,2722.9923,911.9838,2722.9923,43.15816717087189,-22.147840703896243,1.284,0.715,-42.55,0.38434,0.21409,-42.55,911.9838,2722.9923,43.15816717087189,-22.147840703896243,0.56072569047,0.3041690334,0.56072569047,0.3041690334,0.749,0.551,-2.12,0.749051,0.5511963,-2.12,51.9571,0.0,4.89,1.795,0.443,1.0,43.0
3432,3432,43_642,43_297,2.232736,0.600099,25.2512,0.2919,7.918763E-6,6.0,6.0,636.0,2723.0,636.315,2723.2142,636.315,2723.2142,43.24185656820127,-22.14892797558674,0.637,0.522,42.65,0.17132,0.14032,42.65,636.315,2723.2142,43.24185656820127,-22.14892797558674,0.25156910262,0.20140784987,0.25156910262,0.20140784987,0.508,0.442,18.14,0.5075475,0.4420096,18.14,99.0,0.0,1.57,1.221,0.181,1.0,43.0
3433,3433,43_643,43_296,0.4614004,0.2727992,26.9631,0.6421,-5.81525E-7,3.0,3.0,553.0,2724.0,553.2145,2723.4625,553.2145,2723.4625,43.26708221704049,-22.14929765733617,0.562,0.319,-55.99,0.33213,0.18842,-55.99,553.2145,2723.4625,43.26708221704049,-22.14929765733617,0.058363237253,0.2335214793,0.058363237253,0.2335214793,0.492,0.224,-77.97,0.491789,0.2236701,-77.97,39.4291,0.0,1.48,1.763,0.433,1.0,43.0
3435,3435,43_645,43_294,0.2089122,0.1835634,27.8234,0.9542,-3.484988E-6,3.0,3.0,904.0,2722.0,904.1348,2722.0,904.1348,2722.0,43.16055432218867,-22.1475913913956,0.567,0.289,0.0,0.49807,0.25364,0.0,904.1348,2722.0,43.16055432218867,-22.1475913913956,0.10518607073,0.0833333,0.10518607073,0.0833333,0.324,0.289,0.0,0.324324,0.2886751,0.0,99.0,0.0,1.03,1.964,0.491,1.0,43.0
3436,3436,43_646,43_293,0.002757155,0.02108797,32.5221,8.3062,-9.128355E-7,1.0,1.0,620.0,2722.0,620.0,2722.0,620.0,2722.0,43.24681423450414,-22.14864565561429,0.289,0.289,45.0,2.2093,2.2093,45.0,620.0,2722.0,43.24681423450414,-22.14864565561429,0.0833333,0.0833333,0.0833333,0.0833333,0.289,0.289,45.0,0.2886751,0.2886751,45.0,39.864,0.0,0.0,1.0,0.0,0.665,43.0
3437,3437,43_647,43_292,0.683384,0.3319988,26.5366,0.5276,5.95921E-6,5.0,5.0,518.0,2721.0,518.2071,2720.6126,518.2071,2720.6126,43.27772032928072,-22.14862110217908,0.563,0.395,76.97,0.2735,0.19189,76.97,518.2071,2720.6126,43.27772032928072,-22.14862110217908,0.07327956448,0.24833611488,0.07327956448,0.24833611488,0.5,0.267,84.03,0.5002708,0.2671045,84.03,52.6118,0.0,1.45,1.425,0.298,1.0,43.0
3438,3438,43_648,43_291,0.6010841,0.3113664,26.676,0.5626,6.06035E-6,4.0,4.0,515.0,2721.0,514.6713,2721.376,514.6713,2721.376,43.27879061760884,-22.148848408132547,0.508,0.444,51.64,0.26314,0.23006,51.64,514.6713,2721.376,43.27879061760884,-22.148848408132547,0.16213505735,0.19868891197,0.16213505735,0.19868891197,0.453,0.394,68.23,0.4534637,0.3939475,68.23,52.4246,0.0,1.08,1.144,0.126,1.0,43.0
3439,3439,43_649,43_290,0.01201978,0.04403037,30.9236,3.9782,2.930434E-6,1.0,1.0,957.0,2721.0,957.0,2721.0,957.0,2721.0,43.14450835942239,-22.14710857422096,0.289,0.289,45.0,1.05743,1.05743,45.0,957.0,2721.0,43.14450835942239,-22.14710857422096,0.0833333,0.0833333,0.0833333,0.0833333,0.289,0.289,45.0,0.2886751,0.2886751,45.0,99.0,0.0,0.0,1.0,0.0,0.977,43.0
3441,3441,43_651,43_288,0.03713523,0.07739221,29.6988,2.2633,2.921411E-6,1.0,1.0,609.0,2721.0,609.0,2721.0,609.0,2721.0,43.25015751695907,-22.148404206668,0.289,0.289,45.0,0.60161,0.60161,45.0,609.0,2721.0,43.25015751695907,-22.148404206668,0.0833333,0.0833333,0.0833333,0.0833333,0.289,0.289,45.0,0.2886751,0.2886751,45.0,99.0,0.0,0.0,1.0,0.0,0.996,43.0
3442,3442,43_652,43_287,0.03462737,0.07473326,29.7748,2.3438,2.744755E-6,1.0,1.0,965.0,2720.0,965.0,2720.0,965.0,2720.0,43.14208372431458,-22.146796636435383,0.289,0.289,45.0,0.62301,0.62301,45.0,965.0,2720.0,43.14208372431458,-22.146796636435383,0.0833333,0.0833333,0.0833333,0.0833333,0.289,0.289,45.0,0.2886751,0.2886751,45.0,50.7143,0.0,0.0,1.0,0.0,0.996,43.0
3443,3443,43_653,43_286,0.6539129,0.3247612,26.5845,0.5394,4.198929E-6,4.0,4.0,554.0,2719.0,554.4033,2719.3043,554.4033,2719.3043,43.26673789694678,-22.148123819595824,0.505,0.444,-29.93,0.25079,0.22064,-29.93,554.4033,2719.3043,43.26673789694678,-22.148123819595824,0.21499052423,0.13982351036,0.21499052423,0.13982351036,0.466,0.371,-10.24,0.466396,0.3705251,-10.24,41.1254,0.0,1.03,1.137,0.12,1.0,43.0
3444,3444,43_654,43_285,1.345951,0.465928,25.8007,0.3759,4.464207E-6,9.0,9.0,1006.0,2718.0,1005.5152,2718.0662,1005.5152,2718.0662,43.1297911495795,-22.14609689163768,1.083,0.295,-3.83,0.37504,0.10204,-3.83,1005.5152,2718.0662,43.1297911495795,-22.14609689163768,0.53795192544,0.045843997893,0.53795192544,0.045843997893,0.734,0.212,-2.55,0.7341158,0.211825,-2.55,50.3475,16.0,3.32,3.676,0.728,1.0,43.0
3445,3445,43_655,43_284,0.03322988,0.07320968,29.8195,2.3926,4.760583E-6,1.0,1.0,569.0,2719.0,569.0,2719.0,569.0,2719.0,43.2623081251392,-22.14798585560385,0.289,0.289,45.0,0.63598,0.63598,45.0,569.0,2719.0,43.2623081251392,-22.14798585560385,0.0833333,0.0833333,0.0833333,0.0833333,0.289,0.289,45.0,0.2886751,0.2886751,45.0,99.0,0.0,0.0,1.0,0.0,0.996,43.0
3446,3446,43_656,43_283,0.07432587,0.1094899,28.9454,1.5998,7.190038E-7,1.0,1.0,956.0,2718.0,956.0,2718.0,956.0,2718.0,43.14482463875257,-22.146268515080767,0.289,0.289,45.0,0.42525,0.42525,45.0,956.0,2718.0,43.14482463875257,-22.146268515080767,0.0833333,0.0833333,0.0833333,0.0833333,0.289,0.289,45.0,0.2886751,0.2886751,45.0,40.6718,0.0,0.0,1.0,0.0,0.997,43.0
3447,3447,43_657,43_282,0.7666257,0.351638,26.4118,0.4981,3.513115E-6,4.0,4.0,987.0,2715.0,987.5249,2715.3455,987.5249,2715.3455,43.135264716068974,-22.145400856784903,0.527,0.444,36.62,0.24186,0.20383,36.62,987.5249,2715.3455,43.135264716068974,-22.145400856784903,0.24997562499,0.16672398978,0.24997562499,0.16672398978,0.509,0.397,17.16,0.50867,0.3974349,17.16,51.5201,0.0,1.05,1.187,0.157,1.0,43.0
3448,3448,43_658,43_281,2.339755,0.6143125,25.2004,0.2851,-4.024646E-6,10.0,10.0,908.0,2715.0,908.1583,2714.553,908.1583,2714.553,43.15936401231024,-22.14548132283584,0.997,0.531,-53.51,0.2617,0.13935,-53.51,908.1583,2714.553,43.15936401231024,-22.14548132283584,0.36473769569,0.35848584514,0.36473769569,0.35848584514,0.696,0.489,-44.27,0.696113,0.4885184,-44.27,41.1546,0.0,3.69,1.878,0.468,1.0,43.0
3449,3449,43_659,43_280,1.820894,0.5419342,25.4726,0.3232,-1.600221E-5,9.0,9.0,872.0,2715.0,871.7627,2714.7059,871.7627,2714.7059,43.17041298968785,-22.14566220215907,0.812,0.595,-42.25,0.24178,0.17722,-42.25,871.7627,2714.7059,43.17041298968785,-22.14566220215907,0.3554766579,0.31785795876,0.3554766579,0.31785795876,0.636,0.519,-36.87,0.6355039,0.5191044,-36.87,48.8023,0.0,2.47,1.364,0.267,1.0,43.0
3450,3450,43_660,43_279,8.847547E-4,0.01194581,33.7562,14.663,-3.219394E-6,1.0,1.0,772.0,2716.0,772.0,2716.0,772.0,2716.0,43.20069469029741,-22.14640004284129,0.289,0.289,45.0,3.89819,3.89819,45.0,772.0,2716.0,43.20069469029741,-22.14640004284129,0.0833333,0.0833333,0.0833333,0.0833333,0.289,0.289,45.0,0.2886751,0.2886751,45.0,46.661,0.0,0.0,1.0,0.0,0.37,43.0
3451,3451,43_661,43_278,0.02530057,0.06388065,30.1155,2.742,1.169356E-5,1.0,1.0,525.0,2716.0,525.0,2716.0,525.0,2716.0,43.275676588109526,-22.14729952066053,0.289,0.289,45.0,0.7288,0.7288,45.0,525.0,2716.0,43.275676588109526,-22.14729952066053,0.0833333,0.0833333,0.0833333,0.0833333,0.289,0.289,45.0,0.2886751,0.2886751,45.0,99.0,0.0,0.0,1.0,0.0,0.994,43.0
3452,3452,43_662,43_277,4.517498,0.8535975,24.4861,0.2052,2.713894E-7,13.0,13.0,627.0,2714.0,626.5377,2713.7716,626.5377,2713.7716,43.2448626938136,-22.14630750088049,0.983,0.727,20.86,0.18575,0.13736,20.86,626.5377,2713.7716,43.2448626938136,-22.14630750088049,0.5680769894,0.41634387364,0.5680769894,0.41634387364,0.766,0.631,18.16,0.7657527,0.6309071,18.16,40.4162,0.0,2.92,1.352,0.26,1.0,43.0
3453,3453,43_663,43_276,0.2510431,0.2012233,27.6239,0.8705,3.323999E-5,3.0,3.0,925.0,2713.0,925.2196,2713.3304,925.2196,2713.3304,43.15418934081403,-22.145072509789216,0.523,0.346,-54.48,0.41876,0.27713,-54.48,925.2196,2713.3304,43.15418934081403,-22.145072509789216,0.089345687378,0.16492287558,0.089345687378,0.16492287558,0.413,0.29,-75.67,0.4125563,0.2899412,-75.67,99.0,0.0,1.4,1.511,0.338,1.0,43.0
3454,3454,43_664,43_275,0.136012,0.1481128,28.2894,1.1826,-1.984498E-5,2.0,2.0,901.0,2713.0,901.0,2713.0147,901.0,2713.0147,43.16154371119067,-22.145075788849567,0.313,0.289,90.0,0.34056,0.31439,90.0,901.0,2713.0147,43.16154371119067,-22.145075788849567,0.0833333,0.084218260867,0.0833333,0.084218260867,0.29,0.289,90.0,0.2902038,0.2886751,90.0,38.2748,0.0,0.0,1.083,0.077,0.998,43.0
3455,3455,43_665,43_274,0.02912761,0.06854197,29.9625,2.5555,9.61568E-6,1.0,1.0,566.0,2714.0,566.0,2714.0,566.0,2714.0,43.26323875011958,-22.14659027237507,0.289,0.289,45.0,0.67924,0.67924,45.0,566.0,2714.0,43.26323875011958,-22.14659027237507,0.0833333,0.0833333,0.0833333,0.0833333,0.289,0.289,45.0,0.2886751,0.2886751,45.0,99.0,0.0,0.0,1.0,0.0,0.995,43.0
3456,3456,43_666,43_273,0.1373894,0.148861,28.2784,1.1767,3.792939E-6,2.0,2.0,999.0,2712.0,999.0,2712.4698,999.0,2712.4698,43.13179301242168,-22.14454775205072,0.577,0.289,90.0,0.6247,0.31277,90.0,999.0,2712.4698,43.13179301242168,-22.14454775205072,0.0833333,0.23507928101,0.0833333,0.23507928101,0.485,0.289,90.0,0.4848498,0.2886751,90.0,50.1925,0.0,0.96,1.997,0.499,0.998,43.0
3458,3458,43_668,43_271,0.7335385,0.3439661,26.4597,0.5092,-2.397211E-5,6.0,6.0,856.0,2712.0,855.6355,2712.3221,855.6355,2712.3221,43.17531905168564,-22.14505249923037,0.739,0.467,-2.45,0.34662,0.21881,-2.45,855.6355,2712.3221,43.17531905168564,-22.14505249923037,0.28652460278,0.1987480998,0.28652460278,0.1987480998,0.535,0.446,-1.6,0.535344,0.4457348,-1.6,40.8469,0.0,1.89,1.584,0.369,1.0,43.0
3459,3459,43_669,43_270,0.5986273,0.3107295,26.6804,0.5637,-1.961583E-5,5.0,5.0,841.0,2712.0,840.7196,2712.2529,840.7196,2712.2529,43.179847687381326,-22.145089164842062,0.528,0.411,25.05,0.27416,0.21358,25.05,840.7196,2712.2529,43.179847687381326,-22.145089164842062,0.15521594329,0.11086634145,0.15521594329,0.11086634145,0.4,0.325,17.7,0.4003033,0.3253299,17.7,48.2313,0.0,1.37,1.284,0.221,0.999,43.0
3460,3460,43_670,43_269,0.01250719,0.04491423,30.8804,3.8999,-6.400142E-6,1.0,1.0,755.0,2713.0,755.0,2713.0,755.0,2713.0,43.20586794168747,-22.14561929143505,0.289,0.289,45.0,1.03684,1.03684,45.0,755.0,2713.0,43.20586794168747,-22.14561929143505,0.0833333,0.0833333,0.0833333,0.0833333,0.289,0.289,45.0,0.2886751,0.2886751,45.0,39.4747,0.0,0.0,1.0,0.0,0.979,43.0
3461,3461,43_671,43_268,1.535063,0.497585,25.658,0.352,1.015295E-6,6.0,6.0,657.0,2712.0,657.2843,2712.0258,657.2843,2712.0258,43.235536050283294,-22.14570459173528,0.768,0.441,81.26,0.24904,0.14289,81.26,657.2843,2712.0258,43.235536050283294,-22.14570459173528,0.15551224031,0.36500124603,0.15551224031,0.36500124603,0.607,0.39,82.63,0.6070938,0.3898085,82.63,50.4499,0.0,2.73,1.743,0.426,1.0,43.0
3462,3462,43_672,43_267,0.7463351,0.3469533,26.441,0.5049,-4.298895E-4,7.0,7.0,648.0,2712.0,646.3804,2712.2719,646.3804,2712.2719,43.23884514126934,-22.14581354930796,1.479,0.444,1.44,0.68884,0.2066,1.44,646.3804,2712.2719,43.23884514126934,-22.14581354930796,0.57488361803,0.21958011852,0.57488361803,0.21958011852,0.797,0.4,-20.81,0.7967664,0.3995335,-20.81,34.5621,0.0,4.81,3.334,0.7,1.0,43.0
3463,3463,43_673,43_266,0.2506128,0.2010508,27.6258,0.8712,1.119099E-5,4.0,4.0,637.0,2710.0,636.4837,2710.499,636.4837,2710.499,43.24185660467802,-22.14535087487602,0.793,0.31,-57.48,0.63586,0.24833,-57.48,636.4837,2710.499,43.24185660467802,-22.14535087487602,0.19444209014,0.13038376995,0.19444209014,0.13038376995,0.522,0.23,-36.51,0.5215821,0.2297347,-36.51,99.0,0.0,2.02,2.561,0.609,1.0,43.0
3464,3464,43_674,43_265,0.3838728,0.2488272,27.1628,0.7039,8.097953E-6,3.0,3.0,554.0,2711.0,553.8875,2711.2561,553.8875,2711.2561,43.26692651158061,-22.14586194385985,0.49,0.224,-59.21,0.3178,0.14492,-59.21,553.8875,2711.2561,43.26692651158061,-22.14586194385985,0.083687891279,0.096924826542,0.083687891279,0.096924826542,0.311,0.289,-88.49,0.3113424,0.2892726,-88.49,99.0,0.0,0.0,2.193,0.544,1.0,43.0
3465,3465,43_675,43_264,3.127589,0.7102464,24.8853,0.2466,7.614379E-6,12.0,12.0,548.0,2711.0,548.19,2710.9729,548.19,2710.9729,43.2686571392608,-22.14580269621588,0.902,0.652,24.78,0.20495,0.14803,24.78,548.19,2710.9729,43.2686571392608,-22.14580269621588,0.46018319364,0.35019274417,0.46018319364,0.35019274417,0.694,0.573,21.99,0.6939857,0.5733758,21.99,52.0488,0.0,2.52,1.384,0.278,1.0,43.0
3466,3466,43_676,43_263,0.3777974,0.2468503,27.1802,0.7096,1.532482E-5,4.0,4.0,524.0,2711.0,524.3534,2711.3585,524.3534,2711.3585,43.27589126037997,-22.14599631673365,0.538,0.411,-45.35,0.35176,0.26832,-45.35,524.3534,2711.3585,43.27589126037997,-22.14599631673365,0.19188653673,0.19632318024,0.19188653673,0.19632318024,0.483,0.393,-46.62,0.4831739,0.3933862,-46.62,99.0,0.0,1.87,1.311,0.237,1.0,43.0
3467,3467,43_677,43_262,0.1613211,0.1613057,28.1041,1.0859,-1.846419E-5,1.0,1.0,832.0,2710.0,832.0,2710.0,832.0,2710.0,43.18250422393376,-22.144488199594463,0.289,0.289,45.0,0.28864,0.28864,45.0,832.0,2710.0,43.18250422393376,-22.144488199594463,0.0833333,0.0833333,0.0833333,0.0833333,0.289,0.289,45.0,0.2886751,0.2886751,45.0,41.0733,0.0,0.0,1.0,0.0,0.997,43.0
3469,3469,43_679,43_260,0.5420589,0.2956837,26.7882,0.5924,3.983462E-6,3.0,3.0,595.0,2708.0,594.4235,2707.7959,594.4235,2707.7959,43.2546353535741,-22.14474289904827,0.547,0.328,32.35,0.29822,0.17901,32.35,594.4235,2707.7959,43.2546353535741,-22.14474289904827,0.24996712905,0.059328540822,0.24996712905,0.059328540822,0.505,0.233,9.09,0.5049523,0.2330641,9.09,50.4434,0.0,1.53,1.666,0.4,1.0,43.0
3470,3470,43_680,43_259,1.915837,0.555883,25.4174,0.3151,-2.067717E-5,7.0,7.0,879.0,2706.0,878.9955,2705.9444,878.9955,2705.9444,43.16825373734284,-22.1431703275482,0.812,0.513,49.86,0.23548,0.14886,49.86,878.9955,2705.9444,43.16825373734284,-22.1431703275482,0.27035332484,0.32726838911,0.27035332484,0.32726838911,0.618,0.465,55.05,0.6177578,0.4647548,55.05,39.2988,0.0,2.11,1.582,0.368,1.0,43.0
3471,3471,43_681,43_258,0.7579386,0.34964,26.4242,0.501,-3.281615E-4,4.0,4.0,911.0,2706.0,911.4331,2705.6068,911.4331,2705.6068,43.15840733059012,-22.142952368991097,0.516,0.467,40.8,0.23802,0.21575,40.8,911.4331,2705.6068,43.15840733059012,-22.142952368991097,0.2346817627,0.20878251049,0.2346817627,0.20878251049,0.495,0.446,28.07,0.4949444,0.445527,28.07,34.8667,0.0,1.05,1.103,0.094,1.0,43.0
3472,3472,43_682,43_257,0.5984899,0.3106938,26.6807,0.5638,1.314081E-4,9.0,9.0,746.0,2705.0,744.7782,2705.3134,744.7782,2705.3134,43.20900257571416,-22.143495032277297,1.946,0.427,-5.49,1.00919,0.22136,-5.49,744.7782,2705.3134,43.20900257571416,-22.143495032277297,1.3776409112,0.1269939797,1.3776409112,0.1269939797,1.175,0.352,2.87,1.175069,0.3519215,2.87,99.0,0.0,5.43,4.559,0.781,1.0,43.0
3473,3473,43_683,43_256,3.374747,0.7377765,24.8027,0.2374,5.381122E-6,17.0,17.0,584.0,2703.0,584.5151,2702.3444,584.5151,2702.3444,43.25766492743784,-22.143245264619612,1.262,1.02,-48.61,0.27581,0.22307,-48.61,584.5151,2702.3444,43.25766492743784,-22.143245264619612,0.61357068525,0.59522692634,0.61357068525,0.59522692634,0.827,0.724,-41.69,0.8270617,0.7244077,-41.69,50.5401,0.0,5.03,1.236,0.191,1.0,43.0
3474,3474,43_684,43_255,0.1114399,0.1340678,28.5057,1.3065,3.582566E-6,1.0,1.0,1005.0,2705.0,1005.0,2705.0,1005.0,2705.0,43.13000314742648,-22.14242337826417,0.289,0.289,45.0,0.34728,0.34728,45.0,1005.0,2705.0,43.13000314742648,-22.14242337826417,0.0833333,0.0833333,0.0833333,0.0833333,0.289,0.289,45.0,0.2886751,0.2886751,45.0,49.7605,0.0,0.0,1.0,0.0,0.997,43.0
3475,3475,43_685,43_254,0.0926132,0.1222195,28.7066,1.4332,-1.302406E-6,1.0,1.0,739.0,2703.0,739.0,2703.0,739.0,2703.0,43.21076616594258,-22.142865685708056,0.289,0.289,45.0,0.38095,0.38095,45.0,739.0,2703.0,43.21076616594258,-22.142865685708056,0.0833333,0.0833333,0.0833333,0.0833333,0.289,0.289,45.0,0.2886751,0.2886751,45.0,41.0705,0.0,0.0,1.0,0.0,0.997,43.0
3477,3477,43_687,43_252,0.7666703,0.3516483,26.4118,0.4981,2.260374E-6,5.0,5.0,973.0,2701.0,973.2492,2701.3792,973.2492,2701.3792,43.13965804632048,-22.14152702756736,0.501,0.449,55.84,0.22982,0.20586,55.84,973.2492,2701.3792,43.13965804632048,-22.14152702756736,0.094242860014,0.1618922344,0.094242860014,0.1618922344,0.403,0.306,84.72,0.4030809,0.3060406,84.72,50.8416,0.0,0.95,1.116,0.104,1.0,43.0
3478,3478,43_688,43_251,0.2050301,0.1818499,27.8438,0.9632,2.085328E-6,2.0,2.0,969.0,2700.0,969.0,2700.4842,969.0,2700.4842,43.140951878270286,-22.14129157188521,0.577,0.289,90.0,0.51188,0.25603,90.0,969.0,2700.4842,43.140951878270286,-22.14129157188521,0.0833333,0.2554193404,0.0833333,0.2554193404,0.505,0.289,90.0,0.5053903,0.2886751,90.0,50.3157,0.0,0.96,1.999,0.5,0.998,43.0
3482,3482,43_692,43_247,0.3575694,0.240151,27.2399,0.7294,9.832015E-7,3.0,3.0,726.0,2699.0,725.6108,2699.0743,725.6108,2699.0743,43.21484680548702,-22.14181090777029,0.492,0.253,9.44,0.33076,0.16982,9.44,725.6108,2699.0743,43.21484680548702,-22.14181090777029,0.2122600449,0.099556713405,0.2122600449,0.099556713405,0.461,0.315,1.27,0.4607774,0.3154377,1.27,52.0599,0.0,1.2,1.948,0.487,1.0,43.0
3483,3483,43_693,43_246,0.03176454,0.07157732,29.8684,2.4472,-3.781902E-6,2.0,2.0,625.0,2700.0,625.033,2700.0,625.033,2700.0,43.24537488125346,-22.142439332197647,0.339,0.289,0.0,0.76513,0.65062,0.0,625.033,2700.0,43.24537488125346,-22.142439332197647,0.085266087102,0.0833333,0.085266087102,0.0833333,0.292,0.289,0.0,0.2920036,0.2886751,0.0,39.1353,0.0,0.0,1.176,0.15,0.991,43.0
3484,3484,43_694,43_245,0.1117665,0.1342641,28.5025,1.3046,3.427314E-5,1.0,1.0,553.0,2699.0,553.0,2699.0,553.0,2699.0,43.267244698236375,-22.14241783112931,0.289,0.289,45.0,0.34674,0.34674,45.0,553.0,2699.0,43.267244698236375,-22.14241783112931,0.0833333,0.0833333,0.0833333,0.0833333,0.289,0.289,45.0,0.2886751,0.2886751,45.0,99.0,0.0,0.0,1.0,0.0,0.997,43.0
3485,3485,43_695,43_244,0.3443145,0.2356578,27.2809,0.7433,5.602216E-5,4.0,4.0,549.0,2698.0,548.9937,2698.469,548.9937,2698.469,43.26846291094712,-22.14228282962025,0.754,0.327,-33.75,0.51563,0.22355,-33.75,548.9937,2698.469,43.26846291094712,-22.14228282962025,0.20528726149,0.23844616563,0.20528726149,0.23844616563,0.568,0.348,-49.73,0.568122,0.3478085,-49.73,99.0,0.0,2.83,2.307,0.566,1.0,43.0
3486,3486,43_696,43_243,0.2592691,0.2044935,27.5889,0.8566,6.469548E-7,3.0,3.0,736.0,2697.0,735.477,2697.1495,735.477,2697.1495,43.21185958711976,-22.14123305627643,0.531,0.307,-24.68,0.41902,0.24228,-24.68,735.477,2697.1495,43.21185958711976,-22.14123305627643,0.30783140022,0.11028175005,0.30783140022,0.11028175005,0.556,0.33,-5.24,0.5563357,0.3295507,-5.24,99.0,0.0,1.2,1.73,0.422,1.0,43.0
3488,3488,43_698,43_241,0.00663092,0.03270326,31.5694,5.3561,-3.869135E-6,1.0,1.0,780.0,2697.0,780.0,2697.0,780.0,2697.0,43.19834422553191,-22.141025844048507,0.289,0.289,45.0,1.42373,1.42373,45.0,780.0,2697.0,43.19834422553191,-22.141025844048507,0.0833333,0.0833333,0.0833333,0.0833333,0.289,0.289,45.0,0.2886751,0.2886751,45.0,46.2273,0.0,0.0,1.0,0.0,0.906,43.0
3489,3489,43_699,43_240,0.9848483,0.3985555,26.1399,0.4395,2.993293E-6,6.0,6.0,620.0,2695.0,619.5363,2695.5527,619.5363,2695.5527,43.24706132556738,-22.14120834509268,0.612,0.445,-46.8,0.24756,0.1801,-46.8,619.5363,2695.5527,43.24706132556738,-22.14120834509268,0.2320543585,0.25118409266,0.2320543585,0.25118409266,0.537,0.442,-50.92,0.5369048,0.441556,-50.92,99.0,0.0,1.99,1.375,0.273,1.0,43.0
3490,3490,43_700,43_239,0.2210297,0.1888119,27.7622,0.9277,1.6546E-5,3.0,3.0,516.0,2696.0,516.2429,2696.0,516.2429,2696.0,43.27841399283513,-22.141705341844244,0.656,0.289,0.0,0.56024,0.24659,0.0,516.2429,2696.0,43.27841399283513,-22.141705341844244,0.1619124753,0.0833333,0.1619124753,0.0833333,0.402,0.289,0.0,0.4023835,0.2886751,0.0,51.6538,0.0,1.37,2.272,0.56,1.0,43.0
3493,3493,43_703,43_236,0.3505579,0.2377848,27.2614,0.7366,-1.877855E-4,3.0,3.0,578.0,2695.0,578.3992,2694.8343,578.3992,2694.8343,43.25955143578745,-22.14115489529313,0.522,0.325,26.24,0.35435,0.22066,26.24,578.3992,2694.8343,43.25955143578745,-22.14115489529313,0.21978612816,0.054612503785,0.21978612816,0.054612503785,0.471,0.229,6.45,0.4710874,0.2290749,6.45,35.4247,0.0,1.32,1.606,0.377,0.998,43.0
3494,3494,43_704,43_235,0.1794946,0.1701492,27.9882,1.0295,2.294874E-6,2.0,2.0,969.0,2694.0,969.0126,2694.0,969.0126,2694.0,43.14097549215582,-22.13946753584487,0.309,0.289,0.0,0.29337,0.27364,0.0,969.0126,2694.0,43.14097549215582,-22.13946753584487,0.084098051081,0.0833333,0.084098051081,0.0833333,0.29,0.289,0.0,0.2899967,0.2886751,0.0,99.0,0.0,1.66,1.072,0.067,0.999,43.0
3495,3495,43_705,43_234,0.3252647,0.229046,27.3427,0.7647,-1.648501E-4,4.0,4.0,543.0,2694.0,542.961,2693.493,542.961,2693.493,43.27031388789028,-22.14090481731858,0.607,0.279,-68.5,0.42785,0.19656,-68.5,542.961,2693.493,43.27031388789028,-22.14090481731858,0.099089810721,0.23843615935,0.099089810721,0.23843615935,0.488,0.315,-88.74,0.4883687,0.3146775,-88.74,35.5225,0.0,2.37,2.177,0.541,1.0,43.0
3496,3496,43_706,43_233,0.5768386,0.3050221,26.7207,0.5743,2.60654E-6,3.0,3.0,1000.0,2693.0,999.7712,2692.4161,999.7712,2692.4161,43.13164410702343,-22.138903704550216,0.557,0.33,54.62,0.29468,0.17447,54.62,999.7712,2692.4161,43.13164410702343,-22.138903704550216,0.079341096394,0.24957586466,0.079341096394,0.24957586466,0.509,0.264,76.96,0.5091389,0.2639973,76.96,50.091,0.0,1.74,1.689,0.408,1.0,43.0
3497,3497,43_707,43_232,3.690368,0.7715055,24.7056,0.227,-3.069803E-4,18.0,18.0,565.0,2690.0,565.0073,2689.9857,565.0073,2689.9857,43.26363584666751,-22.139839269123,1.268,1.149,-54.86,0.26528,0.24042,-54.86,565.0073,2689.9857,43.26363584666751,-22.139839269123,0.54431480406,0.4278490332,0.54431480406,0.4278490332,0.744,0.647,-14.96,0.7438241,0.6472167,-14.96,34.8963,0.0,4.0,1.103,0.094,0.993,43.0
3498,3498,43_708,43_231,0.1391711,0.1498231,28.2644,1.1691,-1.063297E-5,3.0,3.0,805.0,2690.0,804.7923000000001,2690.5476,804.7923000000001,2690.5476,43.19084452134776,-22.139118369563374,0.556,0.322,-56.94,0.59831,0.34617,-56.94,804.7923000000001,2690.5476,43.19084452134776,-22.139118369563374,0.059401557634,0.24177878378,0.059401557634,0.24177878378,0.499,0.228,-78.83,0.4991736,0.2280484,-78.83,46.4657,0.0,1.49,1.728,0.421,0.999,43.0
3500,3500,43_710,43_229,0.03624251,0.0764563,29.7253,2.291,1.799494E-6,1.0,1.0,647.0,2690.0,647.0,2690.0,647.0,2690.0,43.23874695671367,-22.13954668813841,0.289,0.289,45.0,0.60897,0.60897,45.0,647.0,2690.0,43.23874695671367,-22.13954668813841,0.0833333,0.0833333,0.0833333,0.0833333,0.289,0.289,45.0,0.2886751,0.2886751,45.0,50.2052,0.0,0.0,1.0,0.0,0.996,43.0
3501,3501,43_711,43_228,0.9377086,0.3889002,26.1931,0.4504,-1.624319E-5,6.0,6.0,818.0,2687.0,818.271,2686.9015,818.271,2686.9015,43.18676782132532,-22.138042316523457,0.784,0.389,71.58,0.32498,0.16137,71.58,818.271,2686.9015,43.18676782132532,-22.138042316523457,0.096011118753,0.31163436206,0.096011118753,0.31163436206,0.564,0.3,80.43,0.5638661,0.2995003,80.43,46.9473,0.0,2.5,2.014,0.503,1.0,43.0
3502,3502,43_712,43_227,0.08259626,0.1154209,28.8309,1.5176,-9.226826E-6,1.0,1.0,801.0,2688.0,801.0,2688.0,801.0,2688.0,43.192006286104,-22.138415930717997,0.289,0.289,45.0,0.40339,0.40339,45.0,801.0,2688.0,43.192006286104,-22.138415930717997,0.0833333,0.0833333,0.0833333,0.0833333,0.289,0.289,45.0,0.2886751,0.2886751,45.0,46.4601,0.0,0.0,1.0,0.0,0.997,43.0
3503,3503,43_713,43_226,0.1131994,0.135122,28.4887,1.2963,-2.466408E-5,1.0,1.0,838.0,2686.0,838.0,2686.0,838.0,2686.0,43.18078234280605,-22.13771469861009,0.289,0.289,45.0,0.34457,0.34457,45.0,838.0,2686.0,43.18078234280605,-22.13771469861009,0.0833333,0.0833333,0.0833333,0.0833333,0.289,0.289,45.0,0.2886751,0.2886751,45.0,47.9584,0.0,0.0,1.0,0.0,0.997,43.0
3505,3505,43_715,43_224,0.3970698,0.2530682,27.1261,0.6922,-1.627717E-4,3.0,3.0,915.0,2684.0,915.3187,2684.6496,915.3187,2684.6496,43.15731568609252,-22.137042444768667,0.578,0.333,46.34,0.36864,0.21208,46.34,915.3187,2684.6496,43.15731568609252,-22.137042444768667,0.17528008139,0.21053263383,0.17528008139,0.21053263383,0.513,0.35,52.24,0.5132661,0.349815,52.24,35.6285,0.0,2.54,1.738,0.425,1.0,43.0
3506,3506,43_716,43_223,0.6777778,0.3306342,26.5456,0.5298,-1.531957E-5,4.0,4.0,887.0,2685.0,887.2218,2684.4977,887.2218,2684.4977,43.16584599302797,-22.13710638441344,0.502,0.413,-81.34,0.2448,0.2016,-81.34,887.2218,2684.4977,43.16584599302797,-22.13710638441344,0.07273829156,0.24929976311,0.07273829156,0.24929976311,0.499,0.269,-88.35,0.4994463,0.269428,-88.35,48.8669,0.0,0.89,1.214,0.176,1.0,43.0
3507,3507,43_717,43_222,2.283575,0.6068925,25.2268,0.2886,-1.190842E-4,11.0,11.0,650.0,2681.0,650.1893,2682.6191,650.1893,2682.6191,43.23780863634155,-22.137458969798693,1.594,0.473,83.01,0.42388,0.12578,83.01,650.1893,2682.6191,43.23780863634155,-22.137458969798693,0.23282460664,1.2935314154,0.23282460664,1.2935314154,1.151,0.449,80.41,1.150969,0.4490287,80.41,35.9435,0.0,5.17,3.37,0.703,1.0,43.0
3508,3508,43_718,43_221,0.08278713,0.1155542,28.8284,1.5158,-3.113822E-4,1.0,1.0,628.0,2685.0,628.0,2685.0,628.0,2685.0,43.24453460225397,-22.13820939639476,0.289,0.289,45.0,0.40369,0.40369,45.0,628.0,2685.0,43.24453460225397,-22.13820939639476,0.0833333,0.0833333,0.0833333,0.0833333,0.289,0.289,45.0,0.2886751,0.2886751,45.0,34.9063,0.0,0.0,1.0,0.0,0.997,43.0
3509,3509,43_719,43_220,0.329311,0.2304662,27.3293,0.76,-2.658398E-4,3.0,3.0,562.0,2685.0,562.5927,2684.7022,562.5927,2684.7022,43.26438984161538,-22.1383618309241,0.59,0.321,-41.21,0.41315,0.22478,-41.21,562.5927,2684.7022,43.26438984161538,-22.1383618309241,0.24857398459,0.14271209267,0.24857398459,0.14271209267,0.54,0.316,-28.21,0.5397497,0.3161587,-28.21,35.0419,0.0,2.52,1.838,0.456,1.0,43.0
3510,3510,43_720,43_219,0.05991196,0.09830168,29.1795,1.7819,1.309962E-6,2.0,2.0,963.0,2682.0,963.2525,2681.7475,963.2525,2681.7475,43.14277601869349,-22.136043026786403,0.679,0.289,-45.0,1.11378,0.47364,45.0,963.2525,2681.7475,43.14277601869349,-22.136043026786403,0.095996594581,0.095996594581,0.095996594581,0.095996594581,0.33,0.289,45.0,0.329636,0.2886751,45.0,99.0,0.0,1.43,2.351,0.575,0.997,43.0
3511,3511,43_721,43_218,0.01338661,0.04646644,30.8066,3.7696,-7.490625E-7,1.0,1.0,747.0,2682.0,747.0,2682.0,747.0,2682.0,43.208423607160746,-22.136929090095325,0.289,0.289,45.0,1.00201,1.00201,45.0,747.0,2682.0,43.208423607160746,-22.136929090095325,0.0833333,0.0833333,0.0833333,0.0833333,0.289,0.289,45.0,0.2886751,0.2886751,45.0,47.5717,0.0,0.0,1.0,0.0,0.982,43.0
3512,3512,43_722,43_217,0.01106808,0.04225133,31.0131,4.1457,-5.463419E-6,1.0,1.0,563.0,2681.0,563.0,2681.0,563.0,2681.0,43.264280966560406,-22.137319034984426,0.289,0.289,45.0,1.10286,1.10286,45.0,563.0,2681.0,43.264280966560406,-22.137319034984426,0.0833333,0.0833333,0.0833333,0.0833333,0.289,0.289,45.0,0.2886751,0.2886751,45.0,38.0304,0.0,0.0,1.0,0.0,0.972,43.0
3513,3513,43_723,43_216,0.4292419,0.2631208,27.0415,0.6657,2.096099E-5,4.0,4.0,522.0,2681.0,521.5921,2680.5941,521.5921,2680.5941,43.2768513192611,-22.13735305261714,0.493,0.489,42.41,0.30243,0.29983,42.41,521.5921,2680.5941,43.2768513192611,-22.13735305261714,0.21544592671,0.21419016247,0.21544592671,0.21419016247,0.465,0.462,34.57,0.4653831,0.4615784,34.57,41.8213,0.0,0.95,1.009,0.009,1.0,43.0
3514,3514,43_724,43_215,1.051522,0.4118256,26.0688,0.4253,-1.599918E-4,4.0,4.0,875.0,2679.0,874.627,2679.3735,874.627,2679.3735,43.169690893188736,-22.135712643813964,0.503,0.463,45.1,0.19718,0.18145,45.1,874.627,2679.3735,43.169690893188736,-22.135712643813964,0.19430563712,0.19469571943,0.19430563712,0.19469571943,0.456,0.426,45.43,0.4555466,0.4260032,45.43,35.8026,0.0,1.03,1.087,0.08,1.0,43.0
3515,3515,43_725,43_214,0.1738569,0.1674558,28.0228,1.046,1.334971E-5,2.0,2.0,568.0,2680.0,567.8541,2680.0,567.8541,2680.0,43.26281155010735,-22.13702031935238,0.456,0.289,0.0,0.43923,0.27804,0.0,567.8541,2680.0,43.26281155010735,-22.13702031935238,0.093595887883,0.0833333,0.093595887883,0.0833333,0.306,0.289,0.0,0.3059345,0.2886751,0.0,99.0,0.0,0.0,1.58,0.367,0.999,43.0
3516,3516,43_726,43_213,6.734509,1.042215,24.0525,0.1681,1.660666E-6,22.0,22.0,1002.0,2678.0,1001.7249,2676.1362,1001.7249,2676.1362,43.13112018872151,-22.134316645970447,1.717,0.791,83.99,0.26565,0.12235,83.99,1001.7249,2676.1362,43.13112018872151,-22.134316645970447,0.55273911741,1.8439687469,0.55273911741,1.8439687469,1.371,0.719,80.75,1.370835,0.7193881,80.75,51.0017,16.0,6.96,2.171,0.539,1.0,43.0
3517,3517,43_727,43_212,1.714007,0.5257878,25.5383,0.3331,1.171454E-6,9.0,9.0,973.0,2678.0,973.1656,2677.8597,973.1656,2677.8597,43.13978301276198,-22.13491136406116,0.893,0.538,28.03,0.27407,0.1651,28.03,973.1656,2677.8597,43.13978301276198,-22.13491136406116,0.41621555121,0.27368372386,0.41621555121,0.27368372386,0.683,0.473,26.99,0.6827457,0.4730303,26.99,44.1044,0.0,2.64,1.66,0.398,1.0,43.0
3518,3518,43_728,43_211,1.809623,0.5402542,25.4793,0.3242,7.077452E-7,12.0,12.0,960.0,2677.0,959.8966,2677.3888,959.8966,2677.3888,43.14381323740225,-22.13482979602372,0.893,0.748,-83.08,0.26652,0.2233,-83.08,959.8966,2677.3888,43.14381323740225,-22.13482979602372,0.37668000823,0.48483601176,0.37668000823,0.48483601176,0.697,0.613,-85.92,0.6966994,0.6132911,-85.92,42.6665,0.0,2.77,1.194,0.162,1.0,43.0
3521,3521,43_731,43_208,0.09072515,0.1209673,28.729,1.448,-2.9786E-6,1.0,1.0,771.0,2678.0,771.0,2678.0,771.0,2678.0,43.20115451952917,-22.13571487044571,0.289,0.289,45.0,0.38489,0.38489,45.0,771.0,2678.0,43.20115451952917,-22.13571487044571,0.0833333,0.0833333,0.0833333,0.0833333,0.289,0.289,45.0,0.2886751,0.2886751,45.0,47.0228,0.0,0.0,1.0,0.0,0.997,43.0
3522,3522,43_732,43_207,0.8970072,0.3803664,26.2413,0.4605,2.478634E-5,5.0,5.0,515.0,2677.0,514.7415,2677.4066,514.7415,2677.4066,43.2789433024205,-22.136480914436564,0.498,0.436,-81.1,0.21133,0.18496,-81.1,514.7415,2677.4066,43.2789433024205,-22.136480914436564,0.088250695741,0.18757912229,0.088250695741,0.18757912229,0.433,0.297,-88.31,0.4332037,0.2969248,-88.31,52.3495,0.0,0.91,1.143,0.125,1.0,43.0
3523,3523,43_733,43_206,0.8116378,0.361814,26.3499,0.4841,-2.447714E-5,4.0,4.0,825.0,2677.0,825.2292,2676.455,825.2292,2676.455,43.18469878815216,-22.135077729630865,0.525,0.387,-62.29,0.23384,0.17236,-62.29,825.2292,2676.455,43.18469878815216,-22.135077729630865,0.081191869982,0.24986140545,0.081191869982,0.24986140545,0.503,0.279,-82.19,0.5030871,0.2792071,-82.19,39.7761,0.0,1.24,1.357,0.263,1.0,43.0
3524,3524,43_734,43_205,5.692321,0.9581838,24.2351,0.1828,2.266197E-6,18.0,18.0,661.0,2673.0,660.2494,2674.0372,660.2494,2674.0372,43.23478958703501,-22.13500834364208,1.408,0.712,-75.74,0.23707,0.11991,-75.74,660.2494,2674.0372,43.23478958703501,-22.13500834364208,0.47761260297,1.0765595404,0.47761260297,1.0765595404,1.054,0.665,-76.82,1.054191,0.665472,-76.82,99.0,0.0,5.97,1.977,0.494,1.0,43.0
3525,3525,43_735,43_204,0.1299266,0.1447615,28.3391,1.21,2.907967E-6,1.0,1.0,644.0,2676.0,644.0,2676.0,644.0,2676.0,43.23971410756063,-22.13561969869526,0.289,0.289,45.0,0.32163,0.32163,45.0,644.0,2676.0,43.23971410756063,-22.13561969869526,0.0833333,0.0833333,0.0833333,0.0833333,0.289,0.289,45.0,0.2886751,0.2886751,45.0,99.0,0.0,0.0,1.0,0.0,0.997,43.0
3526,3526,43_736,43_203,0.08275264,0.1155301,28.8288,1.5162,-3.438772E-6,3.0,3.0,776.0,2675.0,775.8741,2674.488,775.8741,2674.488,43.199689372305215,-22.13470885392106,0.523,0.295,69.35,0.72947,0.41151,69.35,775.8741,2674.488,43.199689372305215,-22.13470885392106,0.09016403799,0.23459426418,0.09016403799,0.23459426418,0.485,0.3,87.78,0.4845731,0.299912,87.78,47.3039,0.0,1.1,1.773,0.436,0.999,43.0
3527,3527,43_737,43_202,0.02474894,0.06318042,30.1394,2.7724,1.311876E-6,1.0,1.0,679.0,2675.0,679.0,2675.0,679.0,2675.0,43.22909397084326,-22.135210582570306,0.289,0.289,45.0,0.73693,0.73693,45.0,679.0,2675.0,43.22909397084326,-22.135210582570306,0.0833333,0.0833333,0.0833333,0.0833333,0.289,0.289,45.0,0.2886751,0.2886751,45.0,50.2391,0.0,0.0,1.0,0.0,0.994,43.0
3528,3528,43_738,43_201,0.1332492,0.1466008,28.3116,1.1948,-2.561716E-4,2.0,2.0,652.0,2674.0,652.0,2673.9679,652.0,2673.9679,43.23729394333577,-22.135018954910404,0.338,0.289,90.0,0.37284,0.31821,90.0,652.0,2673.9679,43.23729394333577,-22.135018954910404,0.0833333,0.085214832392,0.0833333,0.085214832392,0.292,0.289,90.0,0.2919158,0.2886751,90.0,35.1202,0.0,0.0,1.172,0.147,0.998,43.0
3529,3529,43_739,43_200,0.01838453,0.05445408,30.4622,3.2167,-2.584223E-5,1.0,1.0,871.0,2673.0,871.0,2673.0,871.0,2673.0,43.17081854890174,-22.13393352918971,0.289,0.289,45.0,0.85503,0.85503,45.0,871.0,2673.0,43.17081854890174,-22.13393352918971,0.0833333,0.0833333,0.0833333,0.0833333,0.289,0.289,45.0,0.2886751,0.2886751,45.0,49.6029,0.0,0.0,1.0,0.0,0.991,43.0
3530,3530,43_740,43_199,0.242017,0.1975728,27.6637,0.8866,5.752591E-7,3.0,3.0,734.0,2673.0,733.5548,2672.9197,733.5548,2672.9197,43.21254218286512,-22.134424678087345,0.504,0.258,-11.22,0.4115,0.21096,-11.22,733.5548,2672.9197,43.21254218286512,-22.134424678087345,0.26875326156,0.10003169914,0.26875326156,0.10003169914,0.519,0.316,-1.42,0.5185138,0.3161145,-1.42,49.5126,0.0,2.05,1.951,0.487,1.0,43.0
3531,3531,43_741,43_198,1.680774,0.5206655,25.5595,0.3364,3.065699E-4,9.0,9.0,787.0,2671.0,786.4301,2670.8047,786.4301,2670.8047,43.196500151192346,-22.133633460891392,0.937,0.546,-17.96,0.29007,0.16895,-17.96,786.4301,2670.8047,43.196500151192346,-22.133633460891392,0.43370455119,0.25615937843,0.43370455119,0.25615937843,0.668,0.493,-14.46,0.6680928,0.4934732,-14.46,99.0,0.0,2.73,1.717,0.418,1.0,43.0
3532,3532,43_742,43_197,0.5949222,0.3097664,26.6872,0.5655,1.366655E-6,3.0,3.0,697.0,2671.0,697.0893,2671.275,697.0893,2671.275,43.22361809179631,-22.134096437753897,0.452,0.276,-78.7,0.23533,0.14396,-78.7,697.0893,2671.275,43.22361809179631,-22.134096437753897,0.092953989876,0.11893468006,0.092953989876,0.11893468006,0.345,0.305,-89.21,0.3448763,0.3048754,-89.21,50.0668,0.0,1.02,1.635,0.388,1.0,43.0
3534,3534,43_744,43_195,0.01423938,0.04792363,30.7396,3.655,2.259899E-5,1.0,1.0,531.0,2672.0,531.0,2672.0,531.0,2672.0,43.27402980704601,-22.134902193932067,0.289,0.289,45.0,0.97155,0.97155,45.0,531.0,2672.0,43.27402980704601,-22.134902193932067,0.0833333,0.0833333,0.0833333,0.0833333,0.289,0.289,45.0,0.2886751,0.2886751,45.0,54.9319,0.0,0.0,1.0,0.0,0.985,43.0
3535,3535,43_745,43_194,0.08909395,0.1198749,28.7487,1.4612,-1.894924E-6,2.0,2.0,760.0,2671.0,760.0,2670.5165,760.0,2670.5165,43.20452442222724,-22.133650725221894,0.577,0.289,90.0,0.7765,0.3884,90.0,760.0,2670.5165,43.20452442222724,-22.133650725221894,0.0833333,0.25432749125,0.0833333,0.25432749125,0.504,0.289,90.0,0.5043089,0.2886751,90.0,48.174,0.0,0.96,1.999,0.5,0.997,43.0
3536,3536,43_746,43_193,0.1208403,0.1396079,28.4178,1.2547,1.38035E-6,2.0,2.0,713.0,2670.0,713.0,2670.427,713.0,2670.427,43.21879183974995,-22.133799369698234,0.573,0.289,90.0,0.66167,0.3335,90.0,713.0,2670.427,43.21879183974995,-22.133799369698234,0.0833333,0.20516929486,0.0833333,0.20516929486,0.453,0.289,90.0,0.4529562,0.2886751,90.0,50.5025,0.0,0.96,1.984,0.496,0.998,43.0
3538,3538,43_748,43_191,0.1717402,0.1664333,28.0361,1.0524,1.85955E-5,2.0,2.0,548.0,2671.0,548.0,2670.5358,548.0,2670.5358,43.26887563442898,-22.13442953349178,0.576,0.289,90.0,0.55843,0.27975,90.0,548.0,2670.5358,43.26887563442898,-22.13442953349178,0.0833333,0.22828732208,0.0833333,0.22828732208,0.478,0.289,90.0,0.4777942,0.2886751,90.0,99.0,0.0,0.96,1.996,0.499,0.998,43.0
3539,3539,43_749,43_190,0.4081933,0.2565885,27.0961,0.6827,4.465576E-5,5.0,5.0,897.0,2669.0,896.7647,2668.9966,896.7647,2668.9966,43.16301387819284,-22.13270983040404,1.327,0.277,49.91,0.83401,0.17407,49.91,896.7647,2668.9966,43.16301387819284,-22.13270983040404,0.11395114038,0.26819452421,0.11395114038,0.26819452421,0.555,0.273,65.7,0.5546817,0.272899,65.7,99.0,0.0,3.57,4.791,0.791,1.0,43.0
3540,3540,43_750,43_189,0.3179776,0.2264657,27.3673,0.7735,-5.903066E-4,2.0,2.0,824.0,2670.0,824.0,2669.751,824.0,2669.751,43.18509971210223,-22.13319656487941,0.52,0.289,90.0,0.37095,0.20596,90.0,824.0,2669.751,43.18509971210223,-22.13319656487941,0.0833333,0.10582171475,0.0833333,0.10582171475,0.325,0.289,90.0,0.3253025,0.2886751,90.0,34.2617,0.0,0.9,1.801,0.445,0.915,43.0
3541,3541,43_751,43_188,0.07790443,0.1120947,28.8944,1.5626,1.38035E-6,1.0,1.0,680.0,2670.0,680.0,2670.0,680.0,2670.0,43.228810702631314,-22.13380050563346,0.289,0.289,45.0,0.41536,0.41536,45.0,680.0,2670.0,43.228810702631314,-22.13380050563346,0.0833333,0.0833333,0.0833333,0.0833333,0.289,0.289,45.0,0.2886751,0.2886751,45.0,50.8112,0.0,0.0,1.0,0.0,0.997,43.0
3542,3542,43_752,43_187,2.952016,0.6900229,24.948,0.2538,5.162795E-5,10.0,10.0,597.0,2668.0,597.4694,2668.2099,597.4694,2668.2099,43.25386935579433,-22.13359730646444,0.84,0.555,47.92,0.19641,0.12974,47.92,597.4694,2668.2099,43.25386935579433,-22.13359730646444,0.29906508094,0.32120217376,0.29906508094,0.32120217376,0.616,0.491,49.6,0.6159122,0.4908355,49.6,99.0,0.0,2.13,1.514,0.339,1.0,43.0
3543,3543,43_753,43_186,0.02890318,0.0682774,29.9709,2.5654,9.24886E-7,1.0,1.0,731.0,2668.0,731.0,2668.0,731.0,2668.0,43.21333781361153,-22.13305027707623,0.289,0.289,45.0,0.68192,0.68192,45.0,731.0,2668.0,43.21333781361153,-22.13305027707623,0.0833333,0.0833333,0.0833333,0.0833333,0.289,0.289,45.0,0.2886751,0.2886751,45.0,50.7438,0.0,0.0,1.0,0.0,0.995,43.0
3544,3544,43_754,43_185,0.5980216,0.3105722,26.6815,0.564,-1.477896E-5,4.0,4.0,667.0,2666.0,666.675,2666.4681,666.675,2666.4681,43.23286975457095,-22.132855814454423,0.499,0.468,88.6,0.25916,0.24325,88.6,666.675,2666.4681,43.23286975457095,-22.132855814454423,0.14400486592,0.24301452348,0.14400486592,0.24301452348,0.493,0.379,89.73,0.4929672,0.3794769,89.73,38.1245,0.0,0.94,1.065,0.061,1.0,43.0
3545,3545,43_755,43_184,1.933569,0.5584496,25.4074,0.3137,-1.534031E-5,7.0,7.0,659.0,2666.0,659.4027,2666.179,659.4027,2666.179,43.23507837800207,-22.132801068384293,0.734,0.56,-71.48,0.21205,0.16185,-71.48,659.4027,2666.179,43.23507837800207,-22.132801068384293,0.26100868858,0.3050067224,0.26100868858,0.3050067224,0.557,0.505,-71.2,0.5574684,0.5052171,-71.2,38.0777,0.0,1.98,1.31,0.237,1.0,43.0
3546,3546,43_756,43_183,0.0813382,0.1145385,28.8476,1.5293,7.378926E-6,3.0,3.0,959.0,2665.0,958.7867,2665.3758,958.7867,2665.3758,43.14420094125309,-22.131454814803064,0.582,0.253,-52.04,0.8191,0.35599,-52.04,958.7867,2665.3758,43.14420094125309,-22.131454814803064,0.097647034334,0.15223977706,0.097647034334,0.15223977706,0.394,0.307,-76.89,0.3941708,0.3074349,-76.89,99.0,0.0,1.2,2.301,0.565,0.999,43.0
3547,3547,43_757,43_182,0.3281026,0.230043,27.3333,0.7614,3.414768E-6,2.0,2.0,623.0,2666.0,622.7117,2666.0,622.7117,2666.0,43.24621627533541,-22.13288429394717,0.537,0.289,0.0,0.37659,0.2024,0.0,622.7117,2666.0,43.24621627533541,-22.13288429394717,0.11429278286,0.0833333,0.11429278286,0.0833333,0.338,0.289,0.0,0.3380722,0.2886751,0.0,52.7925,0.0,0.92,1.861,0.463,0.999,43.0
3548,3548,43_758,43_181,0.822921,0.3643202,26.3349,0.4808,9.742478E-6,6.0,6.0,671.0,2664.0,670.9122,2663.6929,670.9122,2663.6929,43.23159482158884,-22.1320597013984,0.524,0.459,24.05,0.23199,0.20318,24.05,670.9122,2663.6929,43.23159482158884,-22.1320597013984,0.096070501971,0.1457975186,0.096070501971,0.1457975186,0.382,0.31,86.14,0.3821325,0.3095849,86.14,99.0,0.0,1.16,1.142,0.124,1.0,43.0
3549,3549,43_759,43_180,0.03782412,0.07810675,29.6789,2.2426,-1.265428E-6,1.0,1.0,754.0,2664.0,754.0,2664.0,754.0,2664.0,43.20637248716685,-22.131839979080837,0.289,0.289,45.0,0.5961,0.5961,45.0,754.0,2664.0,43.20637248716685,-22.131839979080837,0.0833333,0.0833333,0.0833333,0.0833333,0.289,0.289,45.0,0.2886751,0.2886751,45.0,99.0,0.0,0.0,1.0,0.0,0.996,43.0
3550,3550,43_760,43_179,0.07804018,0.1121924,28.8925,1.5613,3.917226E-6,1.0,1.0,614.0,2664.0,614.0,2664.0,614.0,2664.0,43.2488686283082,-22.13235332999473,0.289,0.289,45.0,0.415,0.415,45.0,614.0,2664.0,43.2488686283082,-22.13235332999473,0.0833333,0.0833333,0.0833333,0.0833333,0.289,0.289,45.0,0.2886751,0.2886751,45.0,99.0,0.0,0.0,1.0,0.0,0.997,43.0
3551,3551,43_761,43_178,0.01751655,0.05315308,30.5147,3.2954,-2.359778E-6,1.0,1.0,771.0,2663.0,771.0,2663.0,771.0,2663.0,43.20121619056863,-22.131495546063373,0.289,0.289,45.0,0.87595,0.87595,45.0,771.0,2663.0,43.20121619056863,-22.131495546063373,0.0833333,0.0833333,0.0833333,0.0833333,0.289,0.289,45.0,0.2886751,0.2886751,45.0,99.0,0.0,0.0,1.0,0.0,0.99,43.0
3552,3552,43_762,43_177,0.05616135,0.09517501,29.2497,1.8404,-2.659998E-4,1.0,1.0,556.0,2663.0,556.0,2663.0,556.0,2663.0,43.2664773978429,-22.132281217364746,0.289,0.289,45.0,0.49044,0.49044,45.0,556.0,2663.0,43.2664773978429,-22.132281217364746,0.0833333,0.0833333,0.0833333,0.0833333,0.289,0.289,45.0,0.2886751,0.2886751,45.0,35.0172,0.0,0.0,1.0,0.0,0.997,43.0
3553,3553,43_763,43_176,0.05940959,0.09788868,29.1887,1.7894,3.239913E-6,1.0,1.0,625.0,2661.0,625.0,2661.0,625.0,2661.0,43.245541805984665,-22.13146958782638,0.289,0.289,45.0,0.47564,0.47564,45.0,625.0,2661.0,43.245541805984665,-22.13146958782638,0.0833333,0.0833333,0.0833333,0.0833333,0.289,0.289,45.0,0.2886751,0.2886751,45.0,55.0208,0.0,0.0,1.0,0.0,0.997,43.0
3554,3554,43_764,43_175,1.004324,0.4024771,26.1186,0.4352,3.757125E-4,7.0,7.0,548.0,2660.0,547.6533,2659.7914,547.6533,2659.7914,43.26902359321694,-22.1314086484674,0.88,0.415,-72.54,0.35206,0.16617,-72.54,547.6533,2659.7914,43.26902359321694,-22.1314086484674,0.20941862859,0.31550802649,0.20941862859,0.31550802649,0.597,0.411,-62.19,0.5970011,0.4105074,-62.19,99.0,0.0,2.44,2.119,0.528,1.0,43.0
3555,3555,43_765,43_174,0.1346975,0.1473954,28.2999,1.1884,2.446254E-5,2.0,2.0,534.0,2661.0,534.0,2660.7354,534.0,2660.7354,43.27316392419259,-22.131723039744475,0.527,0.289,90.0,0.57687,0.31588,90.0,534.0,2660.7354,43.27316392419259,-22.131723039744475,0.0833333,0.10803725326,0.0833333,0.10803725326,0.329,0.289,90.0,0.3286902,0.2886751,90.0,60.4246,0.0,0.91,1.826,0.452,0.998,43.0
3556,3556,43_766,43_173,0.4519947,0.2700044,26.9855,0.6487,1.384571E-7,4.0,4.0,927.0,2659.0,927.322,2659.018,927.322,2659.018,43.15377950743053,-22.129786651207777,0.55,0.324,-2.3,0.32825,0.19349,-2.3,927.322,2659.018,43.15377950743053,-22.129786651207777,0.13071073305,0.085697972841,0.13071073305,0.085697972841,0.362,0.293,-0.18,0.36154,0.2927414,-0.18,54.8098,0.0,0.96,1.696,0.411,0.984,43.0
3557,3557,43_767,43_172,0.4652825,0.2739445,26.954,0.6394,5.007436E-5,2.0,2.0,819.0,2660.0,819.4898000000001,2660.0,819.4898000000001,2660.0,43.186509220172766,-22.13047060447022,0.577,0.289,0.0,0.33982,0.16993,0.0,819.4898000000001,2660.0,43.186509220172766,-22.13047060447022,0.26486725334,0.0833333,0.26486725334,0.0833333,0.515,0.289,0.0,0.5146526,0.2886751,0.0,99.0,0.0,0.96,2.0,0.5,0.999,43.0
3558,3558,43_768,43_171,0.2870796,0.2151817,27.4783,0.814,-1.565344E-5,2.0,2.0,814.0,2659.0,814.0,2658.6816,814.0,2658.6816,43.18818114203649,-22.13012032119651,0.548,0.289,90.0,0.41079,0.21637,90.0,814.0,2658.6816,43.18818114203649,-22.13012032119651,0.0833333,0.12524403397,0.0833333,0.12524403397,0.354,0.289,90.0,0.3538983,0.2886751,90.0,99.0,0.0,0.93,1.899,0.473,0.999,43.0
3559,3559,43_769,43_170,0.1887462,0.1744791,27.9336,1.0039,1.419051E-6,2.0,2.0,725.0,2659.0,725.0,2658.5509,725.0,2658.5509,43.21519770938174,-22.13041453628371,0.575,0.289,90.0,0.53163,0.26685,90.0,725.0,2658.5509,43.21519770938174,-22.13041453628371,0.0833333,0.22314276449,0.0833333,0.22314276449,0.472,0.289,90.0,0.4723799,0.2886751,90.0,56.573,0.0,0.96,1.992,0.498,0.998,43.0
3560,3560,43_770,43_169,2.650407,0.6538233,25.065,0.2679,1.630187E-5,8.0,8.0,673.0,2658.0,672.5627,2657.6822,672.5627,2657.6822,43.23111817876468,-22.130362953021194,0.776,0.528,80.2,0.1914,0.13031,80.2,672.5627,2657.6822,43.23111817876468,-22.130362953021194,0.24817806064,0.31801189304,0.24817806064,0.31801189304,0.566,0.496,80.47,0.5657182,0.4961379,80.47,99.0,0.0,1.85,1.469,0.319,1.0,43.0
3561,3561,43_771,43_168,0.2706681,0.2089405,27.5422,0.8383,-1.722508E-5,3.0,3.0,659.0,2659.0,658.8577,2658.6518,658.8577,2658.6518,43.235274244412025,-22.13068579151067,0.497,0.32,-68.31,0.38342,0.247,-68.31,658.8577,2658.6518,43.235274244412025,-22.13068579151067,0.12614178222,0.224226714,0.12614178222,0.224226714,0.474,0.354,-85.59,0.4741443,0.3543383,-85.59,37.9646,0.0,1.15,1.552,0.356,0.998,43.0
3562,3562,43_772,43_167,0.05911667,0.09764706,29.194,1.7938,-3.645997E-4,1.0,1.0,569.0,2659.0,569.0,2659.0,569.0,2659.0,43.26254750309722,-22.13110940980665,0.289,0.289,45.0,0.47835,0.47835,45.0,569.0,2659.0,43.26254750309722,-22.13110940980665,0.0833333,0.0833333,0.0833333,0.0833333,0.289,0.289,45.0,0.2886751,0.2886751,45.0,34.7052,0.0,0.0,1.0,0.0,0.997,43.0
3563,3563,43_773,43_166,0.2700635,0.208707,27.5446,0.8393,-5.203482E-6,2.0,2.0,799.0,2657.0,799.0,2657.4667,799.0,2657.4667,43.192739483802406,-22.129834697955022,0.576,0.289,90.0,0.44543,0.22308,90.0,799.0,2657.4667,43.192739483802406,-22.129834697955022,0.0833333,0.23128615574,0.0833333,0.23128615574,0.481,0.289,90.0,0.4809222,0.2886751,90.0,99.0,0.0,0.96,1.997,0.499,0.999,43.0
3564,3564,43_774,43_165,0.4344179,0.2647025,27.0285,0.6617,8.524733E-7,3.0,3.0,1006.0,2657.0,1005.7672,2656.6164,1005.7672,2656.6164,43.12997604236319,-22.12881012267353,0.549,0.337,-53.97,0.33451,0.20543,-53.97,1005.7672,2656.6164,43.12997604236319,-22.12881012267353,0.093817961373,0.22929448635,0.093817961373,0.22929448635,0.489,0.29,-75.57,0.4887688,0.2902025,-75.57,53.9527,0.0,1.73,1.628,0.386,1.0,43.0
3565,3565,43_775,43_164,0.007738165,0.03532834,31.4017,4.9581,2.676961E-6,1.0,1.0,634.0,2657.0,634.0,2657.0,634.0,2657.0,43.24282610358736,-22.130311760306626,0.289,0.289,45.0,1.31793,1.31793,45.0,634.0,2657.0,43.24282610358736,-22.130311760306626,0.0833333,0.0833333,0.0833333,0.0833333,0.289,0.289,45.0,0.2886751,0.2886751,45.0,54.193,0.0,0.0,1.0,0.0,0.933,43.0
3566,3566,43_776,43_163,2.56554,0.6432704,25.1004,0.2723,-2.380111E-5,13.0,13.0,579.0,2656.0,579.4977,2656.0625,579.4977,2656.0625,43.25937291165919,-22.13024536593827,1.352,0.544,-21.87,0.33904,0.13643,-21.87,579.4977,2656.0625,43.25937291165919,-22.13024536593827,0.77340301085,0.35026441838,0.77340301085,0.35026441838,0.917,0.532,-20.36,0.9170368,0.5317057,-20.36,37.3187,0.0,5.0,2.485,0.598,1.0,43.0
3567,3567,43_777,43_162,0.5246977,0.29091,26.8235,0.6021,7.018692E-7,3.0,3.0,992.0,2655.0,991.7507,2655.254,991.7507,2655.254,43.13423684609363,-22.12848092282971,0.502,0.354,45.53,0.27815,0.19601,45.53,991.7507,2655.254,43.13423684609363,-22.12848092282971,0.10038235165,0.10297728711,0.10038235165,0.10297728711,0.339,0.297,47.81,0.3390252,0.2973577,47.81,54.587,0.0,1.25,1.419,0.295,1.0,43.0
3569,3569,43_779,43_160,2.042532,0.5739692,25.3479,0.3052,8.618064E-7,8.0,8.0,745.0,2655.0,745.1521,2654.5651,745.1521,2654.5651,43.20909692577647,-22.12921885434209,0.83,0.49,-6.32,0.23325,0.13776,-6.32,745.1521,2654.5651,43.20909692577647,-22.12921885434209,0.37045037009,0.23726921725,0.37045037009,0.23726921725,0.612,0.483,-9.21,0.6115952,0.4833952,-9.21,51.2908,0.0,2.46,1.693,0.409,1.0,43.0
3570,3570,43_780,43_159,1.242538,0.4476711,25.8875,0.3913,1.138839E-6,7.0,7.0,738.0,2654.0,737.5514000000001,2654.319,737.5514000000001,2654.319,43.21140508886313,-22.129177768467237,0.879,0.465,-2.63,0.31678,0.16747,-2.63,737.5514000000001,2654.319,43.21140508886313,-22.129177768467237,0.38358315153,0.22213785053,0.38358315153,0.22213785053,0.622,0.467,-8.42,0.6222558,0.4674598,-8.42,51.9618,0.0,3.31,1.892,0.471,1.0,43.0
3571,3571,43_781,43_158,0.1270591,0.1431552,28.3633,1.2236,-2.411014E-5,3.0,3.0,544.0,2654.0,543.4454,2654.2447,543.4454,2654.2447,43.27032282810369,-22.1298635735051,0.574,0.32,-37.04,0.64686,0.36105,-37.04,543.4454,2654.2447,43.27032282810369,-22.1298635735051,0.24215915631,0.079229957078,0.24215915631,0.079229957078,0.507,0.254,-16.04,0.5067924,0.2540681,-16.04,36.9991,0.0,1.77,1.792,0.442,0.999,43.0
3572,3572,43_782,43_157,2.491091,0.6338682,25.1323,0.2763,-8.859113E-6,9.0,9.0,903.0,2653.0,902.749,2653.3358,902.749,2653.3358,43.16126285650776,-22.12828179291212,0.817,0.557,17.58,0.20798,0.14185,17.58,902.749,2653.3358,43.16126285650776,-22.12828179291212,0.3686414531,0.26497932401,0.3686414531,0.26497932401,0.618,0.501,18.88,0.6183593,0.501251,18.88,53.2414,0.0,2.32,1.466,0.318,1.0,43.0
3573,3573,43_783,43_156,1.648225,0.5155994,25.5808,0.3397,-2.3936E-5,10.0,10.0,831.0,2652.0,830.6467,2651.8985,830.6467,2651.8985,43.18315605522088,-22.12814985029346,0.863,0.619,30.21,0.26991,0.19373,30.21,830.6467,2651.8985,43.18315605522088,-22.12814985029346,0.35843111762,0.28494542009,0.35843111762,0.28494542009,0.606,0.526,17.93,0.6058217,0.5256964,17.93,51.0945,0.0,2.23,1.393,0.282,1.0,43.0
3574,3574,43_784,43_155,1.243917,0.4479194,25.8863,0.3911,7.771628E-6,7.0,7.0,613.0,2652.0,613.0797,2652.5147,613.0797,2652.5147,43.24919409380056,-22.129126084756077,0.639,0.536,8.08,0.22996,0.19294,8.08,613.0797,2652.5147,43.24919409380056,-22.129126084756077,0.19994775094,0.25491255353,0.19994775094,0.25491255353,0.507,0.445,79.01,0.5070168,0.4447407,79.01,99.0,0.0,1.56,1.192,0.161,1.0,43.0
3575,3575,43_785,43_154,0.5345414,0.2936262,26.8033,0.5965,-5.293899E-6,5.0,5.0,909.0,2652.0,909.2202,2651.6132,909.2202,2651.6132,43.15930567261353,-22.127772635306204,0.601,0.473,-18.04,0.33008,0.26001,-18.04,909.2202,2651.6132,43.15930567261353,-22.127772635306204,0.19250448532,0.21959405429,0.19250448532,0.21959405429,0.471,0.436,-74.25,0.4711008,0.4360763,-74.25,53.8097,0.0,1.46,1.269,0.212,1.0,43.0
3576,3576,43_786,43_153,2.890563,0.6828029,24.9708,0.2565,-1.546685E-5,9.0,9.0,887.0,2650.0,887.0362,2650.5967,887.0362,2650.5967,43.166044102090645,-22.12757091368195,0.864,0.587,-66.28,0.20408,0.13857,-66.28,887.0362,2650.5967,43.166044102090645,-22.12757091368195,0.26748068042,0.38101808878,0.26748068042,0.38101808878,0.63,0.502,-70.65,0.6300684,0.5015104,-70.65,99.0,0.0,2.25,1.473,0.321,1.0,43.0
3577,3577,43_787,43_152,1.043475,0.4102468,26.0771,0.427,4.278018E-6,4.0,4.0,597.0,2651.0,596.5069,2651.4845,596.5069,2651.4845,43.25422850715547,-22.12889629123335,0.507,0.493,-44.6,0.19919,0.19382,-44.6,596.5069,2651.4845,43.25422850715547,-22.12889629123335,0.24972379621,0.24875684537,0.24972379621,0.24875684537,0.506,0.492,-42.97,0.5060183,0.4923678,-42.97,54.1323,0.0,0.95,1.028,0.027,1.0,43.0
3578,3578,43_788,43_151,0.9163574,0.3844471,26.2181,0.4556,-9.518886E-6,5.0,5.0,769.0,2650.0,769.2979,2650.4867,769.2979,2650.4867,43.20178430138877,-22.127982020970595,0.604,0.434,36.2,0.25321,0.18217,36.2,769.2979,2650.4867,43.20178430138877,-22.127982020970595,0.1810840342,0.24483316192,0.1810840342,0.24483316192,0.518,0.396,62.41,0.5184293,0.3964193,62.41,38.5119,0.0,1.42,1.39,0.281,1.0,43.0
3579,3579,43_789,43_150,0.5852079,0.3072269,26.705,0.5701,2.065459E-5,7.0,7.0,552.0,2649.0,551.8295,2648.5122,551.8295,2648.5122,43.26780089735664,-22.12822111083728,0.778,0.394,38.89,0.4085,0.20659,38.89,551.8295,2648.5122,43.26780089735664,-22.12822111083728,0.22670198413,0.23913257918,0.22670198413,0.23913257918,0.56,0.39,47.22,0.5597997,0.3904598,47.22,99.0,0.0,2.66,1.977,0.494,1.0,43.0
3580,3580,43_790,43_149,0.0403566,0.08067918,29.6085,2.1711,1.25013E-6,1.0,1.0,921.0,2648.0,921.0,2648.0,921.0,2648.0,43.15574495864304,-22.12671141356168,0.289,0.289,45.0,0.57709,0.57709,45.0,921.0,2648.0,43.15574495864304,-22.12671141356168,0.0833333,0.0833333,0.0833333,0.0833333,0.289,0.289,45.0,0.2886751,0.2886751,45.0,99.0,0.0,0.0,1.0,0.0,0.996,43.0
3581,3581,43_791,43_148,0.03553092,0.075702,29.7468,2.3138,9.482519E-6,1.0,1.0,899.0,2648.0,899.0,2648.0,899.0,2648.0,43.1624232591399,-22.126795089756477,0.289,0.289,45.0,0.61486,0.61486,45.0,899.0,2648.0,43.1624232591399,-22.126795089756477,0.0833333,0.0833333,0.0833333,0.0833333,0.289,0.289,45.0,0.2886751,0.2886751,45.0,99.0,0.0,0.0,1.0,0.0,0.996,43.0
3582,3582,43_792,43_147,0.01652807,0.05163155,30.5777,3.3925,-8.011743E-7,1.0,1.0,796.0,2648.0,796.0,2648.0,796.0,2648.0,43.19368920661368,-22.127183008926856,0.289,0.289,45.0,0.90177,0.90177,45.0,796.0,2648.0,43.19368920661368,-22.127183008926856,0.0833333,0.0833333,0.0833333,0.0833333,0.289,0.289,45.0,0.2886751,0.2886751,45.0,49.7779,0.0,0.0,1.0,0.0,0.989,43.0
3583,3583,43_793,43_146,0.9483238,0.3910952,26.1809,0.4479,2.990616E-6,4.0,4.0,788.0,2648.0,787.9589000000001,2647.7281,787.9589000000001,2647.7281,43.19613117922268,-22.12713654332193,0.492,0.442,-14.22,0.20292,0.18218,-14.22,787.9589000000001,2647.7281,43.19613117922268,-22.12713654332193,0.077626888007,0.11637014127,0.077626888007,0.11637014127,0.341,0.278,-86.52,0.3413414,0.2783578,-86.52,49.7426,0.0,1.25,1.114,0.102,1.0,43.0
3584,3584,43_794,43_145,0.332262,0.2314965,27.3196,0.7566,8.682739E-7,3.0,3.0,601.0,2648.0,601.0961,2647.7353,601.0961,2647.7353,43.25285059757712,-22.12782512547541,0.448,0.285,77.37,0.31184,0.19848,77.37,601.0961,2647.7353,43.25285059757712,-22.12782512547541,0.094715148407,0.12028298835,0.094715148407,0.12028298835,0.347,0.308,89.01,0.3468294,0.3077458,89.01,40.0333,0.0,1.01,1.571,0.364,0.999,43.0
3585,3585,43_795,43_144,0.001600068,0.01606473,33.113,10.9035,1.024985E-5,1.0,1.0,732.0,2647.0,732.0,2647.0,732.0,2647.0,43.21312010132719,-22.127139555955736,0.289,0.289,45.0,2.89063,2.89063,45.0,732.0,2647.0,43.21312010132719,-22.127139555955736,0.0833333,0.0833333,0.0833333,0.0833333,0.289,0.289,45.0,0.2886751,0.2886751,45.0,99.0,0.0,0.0,1.0,0.0,0.422,43.0
3586,3586,43_796,43_143,0.04547063,0.08563861,29.479,2.0454,7.525508E-7,1.0,1.0,730.0,2647.0,730.0,2647.0,730.0,2647.0,43.21372718020267,-22.127146948639577,0.289,0.289,45.0,0.54368,0.54368,45.0,730.0,2647.0,43.21372718020267,-22.127146948639577,0.0833333,0.0833333,0.0833333,0.0833333,0.289,0.289,45.0,0.2886751,0.2886751,45.0,41.5351,0.0,0.0,1.0,0.0,0.996,43.0
3587,3587,43_797,43_142,0.1832506,0.1719202,27.9657,1.0189,4.143631E-6,3.0,3.0,616.0,2646.0,615.8773,2646.1693,615.8773,2646.1693,43.24837043546964,-22.127331105925844,0.388,0.312,64.23,0.36413,0.2931,64.23,615.8773,2646.1693,43.24837043546964,-22.127331105925844,0.093686541836,0.098497135941,0.093686541836,0.098497135941,0.314,0.306,88.08,0.3138511,0.3060738,88.08,99.0,0.0,0.91,1.242,0.195,1.0,43.0
3588,3588,43_798,43_141,1.113126,0.4237174,26.0069,0.4134,-1.924243E-5,5.0,5.0,832.0,2645.0,831.4635000000001,2645.3066,831.4635000000001,2645.3066,43.182935454381735,-22.12629252658027,0.527,0.444,-36.76,0.20056,0.16888,-36.76,831.4635000000001,2645.3066,43.182935454381735,-22.12629252658027,0.24826602839,0.14342464215,0.24826602839,0.14342464215,0.503,0.372,-11.85,0.503087,0.3722822,-11.85,99.0,0.0,1.07,1.188,0.158,1.0,43.0
3589,3589,43_799,43_140,0.3944086,0.2522188,27.1334,0.6945,6.485369E-7,3.0,3.0,1001.0,2645.0,1000.8803,2644.7951,1000.8803,2644.7951,43.13150981986655,-22.12550363449028,0.793,0.223,-26.24,0.50686,0.14272,-26.24,1000.8803,2644.7951,43.13150981986655,-22.12550363449028,0.27222294081,0.091042106346,0.27222294081,0.091042106346,0.522,0.301,-2.99,0.522226,0.300907,-2.99,53.4359,0.0,2.35,3.551,0.718,1.0,43.0
3590,3590,43_800,43_139,0.1385841,0.1495068,28.269,1.1716,1.254101E-6,2.0,2.0,722.0,2645.0,722.3697,2645.0,722.3697,2645.0,43.21605143603311,-22.126612556219712,0.562,0.289,0.0,0.60677,0.31142,0.0,722.3697,2645.0,43.21605143603311,-22.126612556219712,0.16585021424,0.0833333,0.16585021424,0.0833333,0.407,0.289,0.0,0.4072471,0.2886751,0.0,44.5593,0.0,0.95,1.948,0.487,0.998,43.0
3591,3591,43_801,43_138,0.7209828,0.3410096,26.4785,0.5137,-3.308966E-6,5.0,5.0,623.0,2645.0,623.0652,2644.6684,623.0652,2644.6684,43.24619476537824,-22.126882848911507,0.471,0.447,-80.08,0.223,0.21166,-80.08,623.0652,2644.6684,43.24619476537824,-22.126882848911507,0.056163195159,0.13215459785,0.056163195159,0.13215459785,0.364,0.237,89.81,0.3635319,0.236986,89.81,39.2023,0.0,1.14,1.054,0.051,0.986,43.0
3592,3592,43_802,43_137,0.06322443,0.1009826,29.1211,1.7346,6.50126E-6,1.0,1.0,594.0,2645.0,594.0,2645.0,594.0,2645.0,43.25501537805626,-22.127081394888584,0.289,0.289,45.0,0.46106,0.46106,45.0,594.0,2645.0,43.25501537805626,-22.127081394888584,0.0833333,0.0833333,0.0833333,0.0833333,0.289,0.289,45.0,0.2886751,0.2886751,45.0,99.0,0.0,0.0,1.0,0.0,0.997,43.0
3593,3593,43_803,43_136,0.05401612,0.09333958,29.292,1.8766,6.016288E-6,2.0,2.0,906.0,2643.0,906.0,2643.0615,906.0,2643.0615,43.16031905738986,-22.125379311570665,0.376,0.289,90.0,0.64874,0.4987,90.0,906.0,2643.0615,43.16031905738986,-22.125379311570665,0.0833333,0.086942785257,0.0833333,0.086942785257,0.295,0.289,90.0,0.2948606,0.2886751,90.0,99.0,0.0,0.0,1.301,0.231,0.997,43.0
3594,3594,43_804,43_135,0.06720296,0.1041114,29.0548,1.6824,-8.235555E-6,1.0,1.0,809.0,2644.0,809.0,2644.0,809.0,2644.0,43.189759616718085,-22.12600922987934,0.289,0.289,45.0,0.44721,0.44721,45.0,809.0,2644.0,43.189759616718085,-22.12600922987934,0.0833333,0.0833333,0.0833333,0.0833333,0.289,0.289,45.0,0.2886751,0.2886751,45.0,41.9535,0.0,0.0,1.0,0.0,0.997,43.0
3595,3595,43_805,43_134,2.87878,0.6814098,24.9753,0.2571,1.629395E-6,13.0,13.0,632.0,2642.0,632.0971,2642.4407,632.0971,2642.4407,43.24346232885384,-22.126223418279867,1.212,0.618,17.9,0.2869,0.14627,17.9,632.0971,2642.4407,43.24346232885384,-22.126223418279867,0.56379320043,0.35164905247,0.56379320043,0.35164905247,0.775,0.561,21.04,0.775006,0.5610775,21.04,41.6191,0.0,3.89,1.961,0.49,1.0,43.0
3597,3597,43_807,43_132,0.1256424,0.1423549,28.3755,1.2305,5.754637E-7,1.0,1.0,996.0,2642.0,996.0,2642.0,996.0,2642.0,43.13300318079133,-22.124736188178492,0.289,0.289,45.0,0.32707,0.32707,45.0,996.0,2642.0,43.13300318079133,-22.124736188178492,0.0833333,0.0833333,0.0833333,0.0833333,0.289,0.289,45.0,0.2886751,0.2886751,45.0,53.6089,0.0,0.0,1.0,0.0,0.997,43.0
3599,3599,43_809,43_130,2.205448,0.5964205,25.2646,0.2937,1.660164E-5,7.0,7.0,558.0,2640.0,558.1712,2640.5488,558.1712,2640.5488,43.2659077960373,-22.12595842942392,0.642,0.602,-33.53,0.17348,0.1627,-33.53,558.1712,2640.5488,43.2659077960373,-22.12595842942392,0.24775465085,0.2726217981,0.24775465085,0.2726217981,0.525,0.494,-70.61,0.5254899,0.4942032,-70.61,99.0,0.0,1.72,1.066,0.062,1.0,43.0
3600,3600,43_810,43_129,0.1270654,0.1431587,28.3632,1.2235,-3.333464E-5,2.0,2.0,846.0,2641.0,846.3588,2641.0,846.3588,2641.0,43.17843188118807,-22.12502508038593,0.56,0.289,0.0,0.63072,0.32523,0.0,846.3588,2641.0,43.17843188118807,-22.12502508038593,0.15816214829,0.0833333,0.15816214829,0.0833333,0.398,0.289,0.0,0.397696,0.2886751,0.0,41.2461,0.0,0.95,1.939,0.484,0.998,43.0
3601,3601,43_811,43_128,0.2683097,0.2080283,27.5517,0.842,8.637034E-6,3.0,3.0,576.0,2641.0,575.8613,2640.7346,575.8613,2640.7346,43.26053785755301,-22.12594706458177,0.458,0.323,-67.85,0.35527,0.25064,-67.85,575.8613,2640.7346,43.26053785755301,-22.12594706458177,0.11064190634,0.14218232724,0.11064190634,0.14218232724,0.377,0.332,-86.81,0.3772012,0.3324808,-86.81,40.4095,0.0,1.02,1.417,0.295,0.999,43.0
3602,3602,43_812,43_127,0.9258842,0.3864404,26.2069,0.4533,-3.440981E-5,7.0,7.0,860.0,2639.0,859.7342,2638.9133,859.7342,2638.9133,43.17438047905949,-22.124387678160076,0.595,0.476,-88.58,0.24841,0.19883,-88.58,859.7342,2638.9133,43.17438047905949,-22.124387678160076,0.15057314594,0.15418995457,0.15057314594,0.15418995457,0.397,0.384,-55.83,0.396589,0.3840316,-55.83,52.71,0.0,1.55,1.249,0.2,1.0,43.0
3603,3603,43_813,43_126,0.5550073,0.2991945,26.7626,0.5854,1.619137E-6,5.0,5.0,650.0,2639.0,650.1901,2638.9067,650.1901,2638.9067,43.23798491272731,-22.125163466960416,0.506,0.39,-82.22,0.27273,0.21019,-82.22,650.1901,2638.9067,43.23798491272731,-22.125163466960416,0.11795393704,0.12883929102,0.11795393704,0.12883929102,0.359,0.343,-88.33,0.3589548,0.3434308,-88.33,53.5233,0.0,1.02,1.298,0.229,1.0,43.0
3604,3604,43_814,43_125,0.04325801,0.08352903,29.5331,2.097,2.172532E-5,1.0,1.0,544.0,2639.0,544.0,2639.0,544.0,2639.0,43.27021507901843,-22.125573618697107,0.289,0.289,45.0,0.5574,0.5574,45.0,544.0,2639.0,43.27021507901843,-22.125573618697107,0.0833333,0.0833333,0.0833333,0.0833333,0.289,0.289,45.0,0.2886751,0.2886751,45.0,99.0,0.0,0.0,1.0,0.0,0.996,43.0
3606,3606,43_816,43_123,0.003032411,0.02211558,32.4188,7.9203,-3.412824E-7,1.0,1.0,801.0,2638.0,801.0,2638.0,801.0,2638.0,43.192212760058446,-22.12435140635036,0.289,0.289,45.0,2.10551,2.10551,45.0,801.0,2638.0,43.192212760058446,-22.12435140635036,0.0833333,0.0833333,0.0833333,0.0833333,0.289,0.289,45.0,0.2886751,0.2886751,45.0,42.1944,0.0,0.0,1.0,0.0,0.703,43.0
3608,3608,43_818,43_121,0.8378007,0.3675992,26.3154,0.4765,1.219097E-6,4.0,4.0,670.0,2636.0,669.5866,2635.8597,669.5866,2635.8597,43.23210991445335,-22.124235523034883,0.703,0.337,-54.38,0.30832,0.1478,-54.38,669.5866,2635.8597,43.23210991445335,-22.124235523034883,0.22122348229,0.1894094443,0.22122348229,0.1894094443,0.536,0.351,-39.41,0.5360246,0.351156,-39.41,54.283,0.0,2.26,2.086,0.521,1.0,43.0
3609,3609,43_819,43_120,0.06068495,0.09893379,29.1656,1.7705,2.746384E-5,1.0,1.0,525.0,2637.0,525.0,2637.0,525.0,2637.0,43.27598966708042,-22.125079025432527,0.289,0.289,45.0,0.47061,0.47061,45.0,525.0,2637.0,43.27598966708042,-22.125079025432527,0.0833333,0.0833333,0.0833333,0.0833333,0.289,0.289,45.0,0.2886751,0.2886751,45.0,55.7405,0.0,0.0,1.0,0.0,0.997,43.0
3610,3610,43_820,43_119,1.370589,0.4701731,25.781,0.3725,1.954361E-7,7.0,7.0,799.0,2635.0,799.572,2635.3,799.572,2635.3,43.19265736414005,-22.123597256109797,0.553,0.531,23.47,0.18977,0.18219,23.47,799.572,2635.3,43.19265736414005,-22.123597256109797,0.25511727903,0.17663769029,0.25511727903,0.17663769029,0.506,0.419,7.37,0.5064119,0.4186908,7.37,40.5116,0.0,1.25,1.042,0.04,1.0,43.0
3611,3611,43_821,43_118,1.36087,0.4685032,25.7888,0.3739,6.710006E-6,7.0,7.0,769.0,2635.0,768.8761999999999,2635.0942,768.8761999999999,2635.0942,43.20197556583716,-22.12365383184788,0.693,0.589,16.54,0.23855,0.20265,16.54,768.8761999999999,2635.0942,43.20197556583716,-22.12365383184788,0.30158325428,0.22446712083,0.30158325428,0.22446712083,0.55,0.473,4.85,0.5496751,0.4731888,4.85,49.8068,0.0,2.21,1.177,0.15,1.0,43.0
3612,3612,43_822,43_117,0.8999249,0.3809845,26.2378,0.4598,7.359813E-6,6.0,6.0,585.0,2635.0,584.7506,2635.3758,584.7506,2635.3758,43.25786123764631,-22.12440769926581,0.68,0.483,3.82,0.2877,0.2046,3.82,584.7506,2635.3758,43.25786123764631,-22.12440769926581,0.28460292345,0.20164940206,0.28460292345,0.20164940206,0.535,0.448,6.98,0.5346641,0.4476456,6.98,53.9337,0.0,1.84,1.406,0.289,1.0,43.0
3613,3613,43_823,43_116,2.828727,0.67546,24.9943,0.2593,-1.329154E-5,11.0,11.0,907.0,2634.0,906.6869,2634.0101,906.6869,2634.0101,43.160148500258224,-22.122830564727277,1.021,0.584,-42.66,0.24382,0.13954,-42.66,906.6869,2634.0101,43.160148500258224,-22.122830564727277,0.40394689129,0.41254890015,0.40394689129,0.41254890015,0.728,0.535,-46.01,0.7279456,0.5353419,-46.01,39.0665,0.0,2.76,1.747,0.428,1.0,43.0
3614,3614,43_824,43_115,0.07118496,0.1071515,28.9923,1.6347,1.496862E-6,1.0,1.0,728.0,2635.0,728.0,2635.0,728.0,2635.0,43.21438327795488,-22.123778884047365,0.289,0.289,45.0,0.43452,0.43452,45.0,728.0,2635.0,43.21438327795488,-22.123778884047365,0.0833333,0.0833333,0.0833333,0.0833333,0.289,0.289,45.0,0.2886751,0.2886751,45.0,99.0,0.0,0.0,1.0,0.0,0.997,43.0
3615,3615,43_825,43_114,2.918212,0.6860608,24.9605,0.2553,5.033855E-7,8.0,8.0,608.0,2634.0,608.5288,2633.7963,608.5288,2633.7963,43.25065053008828,-22.12387745068438,0.836,0.499,-89.04,0.19653,0.11732,-89.04,608.5288,2633.7963,43.25065053008828,-22.12387745068438,0.24999873461,0.38421887147,0.24999873461,0.38421887147,0.62,0.499,86.27,0.620316,0.4994254,86.27,40.3241,0.0,2.44,1.675,0.403,1.0,43.0
3617,3617,43_827,43_112,0.0134107,0.04650824,30.8047,3.7662,1.478697E-5,1.0,1.0,788.0,2634.0,788.0,2634.0,788.0,2634.0,43.19617528108394,-22.123274795550337,0.289,0.289,45.0,1.00092,1.00092,45.0,788.0,2634.0,43.19617528108394,-22.123274795550337,0.0833333,0.0833333,0.0833333,0.0833333,0.289,0.289,45.0,0.2886751,0.2886751,45.0,99.0,0.0,0.0,1.0,0.0,0.982,43.0
3618,3618,43_828,43_111,0.9007006,0.3811487,26.2368,0.4596,1.193016E-6,5.0,5.0,715.0,2632.0,714.7658,2632.6501,714.7658,2632.6501,43.218409848348045,-22.123166736487136,0.66,0.419,83.35,0.27933,0.17746,83.35,714.7658,2632.6501,43.218409848348045,-22.123166736487136,0.11151930438,0.27794336468,0.11151930438,0.27794336468,0.527,0.334,-89.58,0.5272117,0.3339318,-89.58,52.4807,0.0,1.7,1.574,0.365,1.0,43.0
3619,3619,43_829,43_110,0.2390803,0.1963704,27.6769,0.892,-2.927877E-7,3.0,3.0,597.0,2634.0,596.6574,2633.9714,596.6574,2633.9714,43.2542529776772,-22.12396966590207,0.556,0.333,-2.83,0.45662,0.27317,-2.83,596.6574,2633.9714,43.2542529776772,-22.12396966590207,0.14248172159,0.087024213698,0.14248172159,0.087024213698,0.377,0.295,-0.24,0.3774688,0.294997,-0.24,39.7677,0.0,0.99,1.672,0.402,1.0,43.0
3620,3620,43_830,43_109,0.7753736,0.3536386,26.3995,0.4953,1.08209E-7,9.0,9.0,928.0,2631.0,929.4419,2630.9552,929.4419,2630.9552,43.15325404087989,-22.12188455299493,1.725,0.731,30.59,0.78673,0.33324,30.59,929.4419,2630.9552,43.15325404087989,-22.12188455299493,0.49467807817,0.25814003235,0.49467807817,0.25814003235,0.71,0.498,-11.24,0.7102111,0.4984158,-11.24,53.4602,0.0,6.7,2.361,0.576,1.0,43.0
3622,3622,43_832,43_107,0.6345528,0.3199175,26.6171,0.5475,-1.173034E-7,4.0,4.0,652.0,2631.0,652.4406,2630.9242,652.4406,2630.9242,43.23733407301192,-22.122909907089504,0.66,0.349,50.91,0.33282,0.17576,50.91,652.4406,2630.9242,43.23733407301192,-22.122909907089504,0.2327233822,0.12227561934,0.2327233822,0.12227561934,0.505,0.316,22.35,0.5051608,0.3159297,22.35,40.6799,0.0,1.74,1.894,0.472,1.0,43.0
3623,3623,43_833,43_106,0.6650081,0.3275048,26.5662,0.5348,-2.455712E-5,4.0,4.0,845.0,2631.0,844.5499,2630.6061,844.5499,2630.6061,43.179024162253725,-22.122108144122304,0.544,0.436,42.64,0.26806,0.21466,42.64,844.5499,2630.6061,43.179024162253725,-22.122108144122304,0.22384238532,0.1919931808,0.22384238532,0.1919931808,0.501,0.405,34.27,0.5014412,0.4054532,34.27,99.0,0.0,0.95,1.249,0.199,1.0,43.0
3624,3624,43_834,43_105,1.511378,0.4937313,25.6749,0.3548,6.259955E-6,8.0,8.0,587.0,2630.0,587.3820000000001,2630.3463,587.3820000000001,2630.3463,43.25708268888477,-22.122983505048992,0.754,0.48,-4.55,0.24617,0.15691,-4.55,587.3820000000001,2630.3463,43.25708268888477,-22.122983505048992,0.3037971877,0.20688087186,0.3037971877,0.20688087186,0.552,0.454,-4.64,0.5517617,0.4541333,-4.64,43.0025,0.0,1.75,1.569,0.363,1.0,43.0
3625,3625,43_835,43_104,0.1832752,0.1719317,27.9655,1.0188,9.106331E-6,2.0,2.0,565.0,2631.0,565.0179,2631.0,565.0179,2631.0,43.26386779652775,-22.123247955757137,0.318,0.289,0.0,0.29798,0.27081,0.0,565.0179,2631.0,43.26386779652775,-22.123247955757137,0.084403979353,0.0833333,0.084403979353,0.0833333,0.291,0.289,0.0,0.2905236,0.2886751,0.0,39.4361,0.0,0.0,1.1,0.091,0.998,43.0
3626,3626,43_836,43_103,1.273659,0.4532426,25.8607,0.3865,1.985373E-5,6.0,6.0,557.0,2630.0,556.7627,2630.1655,556.7627,2630.1655,43.26637663484683,-22.12304289464737,0.68,0.501,-66.61,0.24214,0.17835,-66.61,556.7627,2630.1655,43.26637663484683,-22.12304289464737,0.19591615611,0.26123752931,0.19591615611,0.26123752931,0.519,0.433,-71.45,0.5191638,0.4331543,-71.45,99.0,0.0,1.87,1.358,0.263,1.0,43.0
3628,3628,43_838,43_101,0.09180079,0.1216823,28.7162,1.4395,-2.04721E-5,1.0,1.0,841.0,2629.0,841.0,2629.0,841.0,2629.0,43.18010837624083,-22.121669719465476,0.289,0.289,45.0,0.38262,0.38262,45.0,841.0,2629.0,43.18010837624083,-22.121669719465476,0.0833333,0.0833333,0.0833333,0.0833333,0.289,0.289,45.0,0.2886751,0.2886751,45.0,99.0,0.0,0.0,1.0,0.0,0.997,43.0
3629,3629,43_839,43_100,0.1386687,0.1495524,28.2684,1.1712,1.158242E-6,1.0,1.0,698.0,2629.0,698.0,2629.0,698.0,2629.0,43.2235135781096,-22.122201747559128,0.289,0.289,45.0,0.31133,0.31133,45.0,698.0,2629.0,43.2235135781096,-22.122201747559128,0.0833333,0.0833333,0.0833333,0.0833333,0.289,0.289,45.0,0.2886751,0.2886751,45.0,52.1231,0.0,0.0,1.0,0.0,0.997,43.0
3630,3630,43_840,43_99,1.885974,0.5515336,25.4345,0.3176,2.661304E-6,9.0,9.0,734.0,2627.0,733.7755,2626.6882,733.7755,2626.6882,43.21266420888924,-22.121419514501284,0.721,0.555,-52.33,0.21088,0.16234,-52.33,733.7755,2626.6882,43.21266420888924,-22.121419514501284,0.23420053498,0.25642841179,0.23420053498,0.25642841179,0.53,0.457,-53.98,0.5304285,0.4574653,-53.98,51.909,0.0,1.73,1.299,0.23,1.0,43.0
3631,3631,43_841,43_98,0.05783628,0.09658381,29.2178,1.8136,2.946333E-7,1.0,1.0,974.0,2627.0,974.0,2627.0,974.0,2627.0,43.13974506130846,-22.120601338037048,0.289,0.289,45.0,0.48207,0.48207,45.0,974.0,2627.0,43.13974506130846,-22.120601338037048,0.0833333,0.0833333,0.0833333,0.0833333,0.289,0.289,45.0,0.2886751,0.2886751,45.0,54.3634,0.0,0.0,1.0,0.0,0.997,43.0
3632,3632,43_842,43_97,0.06944019,0.1058302,29.0193,1.6551,1.610272E-5,3.0,3.0,557.0,2627.0,557.0246,2626.5517,557.0246,2626.5517,43.266311534887045,-22.1220254698584,0.576,0.326,-86.54,0.87747,0.49733,-86.54,557.0246,2626.5517,43.266311534887045,-22.1220254698584,0.084360735705,0.21448880963,0.084360735705,0.21448880963,0.463,0.29,-89.62,0.4631356,0.2904392,-89.62,41.9579,0.0,0.8,1.764,0.433,0.998,43.0
3633,3633,43_843,43_96,0.4287279,0.2629632,27.0428,0.6661,2.584133E-5,4.0,4.0,530.0,2625.0,530.1902,2625.4499,530.1902,2625.4499,43.27446020951696,-22.121811711442646,0.519,0.364,66.47,0.31832,0.223,66.47,530.1902,2625.4499,43.27446020951696,-22.121811711442646,0.12041489144,0.25221893516,0.12041489144,0.25221893516,0.503,0.346,85.24,0.5031291,0.3456804,85.24,57.2299,0.0,1.0,1.427,0.299,1.0,43.0
3634,3634,43_844,43_95,0.4950779,0.2825797,26.8866,0.6199,3.101178E-5,5.0,5.0,515.0,2625.0,514.7218,2625.2718,514.7218,2625.2718,43.27915555308383,-22.121816840831634,0.566,0.444,-3.13,0.32304,0.2537,-3.13,514.7218,2625.2718,43.27915555308383,-22.121816840831634,0.17969942049,0.11823024391,0.17969942049,0.11823024391,0.424,0.344,3.37,0.4241613,0.3435358,3.37,55.1313,0.0,1.28,1.273,0.215,1.0,43.0
3635,3635,43_845,43_94,2.29666,0.6086289,25.2206,0.2878,7.690613E-7,9.0,9.0,934.0,2624.0,934.3182,2623.5133,934.3182,2623.5133,43.15180516604432,-22.11977253706963,0.904,0.531,89.57,0.23969,0.14073,89.57,934.3182,2623.5133,43.15180516604432,-22.11977253706963,0.23204868624,0.40063341883,0.23204868624,0.40063341883,0.633,0.482,88.51,0.6330467,0.4815952,88.51,99.0,0.0,2.53,1.703,0.413,1.0,43.0
3636,3636,43_846,43_93,0.6467713,0.3229829,26.5964,0.5423,1.223856E-5,5.0,5.0,774.0,2625.0,774.4377,2624.4696,774.4377,2624.4696,43.20033114306349,-22.120644527280614,0.53,0.473,-41.93,0.26464,0.23606,-41.93,774.4377,2624.4696,43.20033114306349,-22.120644527280614,0.23089121408,0.24785621649,0.23089121408,0.24785621649,0.514,0.463,-54.84,0.5143671,0.4627893,-54.84,99.0,0.0,0.99,1.121,0.108,1.0,43.0
3637,3637,43_847,43_92,0.6089584,0.3133993,26.6618,0.5589,1.123467E-6,4.0,4.0,713.0,2625.0,712.5076,2624.738,712.5076,2624.738,43.219127521436704,-22.12094948341727,0.504,0.435,14.51,0.25938,0.22392,14.51,712.5076,2624.738,43.219127521436704,-22.12094948341727,0.24671548895,0.099263298579,0.24671548895,0.099263298579,0.497,0.314,3.11,0.4971442,0.3143668,3.11,52.521,0.0,0.92,1.158,0.137,1.0,43.0
3639,3639,43_849,43_90,0.1384698,0.1494451,28.2699,1.1721,1.944304E-5,3.0,3.0,563.0,2625.0,562.9767,2624.7073,562.9767,2624.7073,43.264512394064205,-22.121485290904037,0.54,0.323,84.94,0.583,0.34902,84.94,562.9767,2624.7073,43.264512394064205,-22.121485290904037,0.083493282685,0.1146400242,0.083493282685,0.1146400242,0.339,0.289,89.72,0.3385864,0.2889507,89.72,99.0,0.0,0.86,1.67,0.401,1.0,43.0
3640,3640,43_850,43_89,0.07790357,0.1120941,28.8944,1.5626,2.487834E-7,1.0,1.0,969.0,2624.0,969.0,2624.0,969.0,2624.0,43.14127551389206,-22.11977663941344,0.289,0.289,45.0,0.41536,0.41536,45.0,969.0,2624.0,43.14127551389206,-22.11977663941344,0.0833333,0.0833333,0.0833333,0.0833333,0.289,0.289,45.0,0.2886751,0.2886751,45.0,53.9156,0.0,0.0,1.0,0.0,0.997,43.0
3641,3641,43_851,43_88,0.3557882,0.2395521,27.2453,0.7312,-2.744853E-4,3.0,3.0,845.0,2623.0,844.6731,2623.1748,844.6731,2623.1748,43.17901764639442,-22.120017291670447,0.501,0.337,28.22,0.33745,0.22714,28.22,844.6731,2623.1748,43.17901764639442,-22.120017291670447,0.14016992418,0.05969894608,0.14016992418,0.05969894608,0.376,0.241,7.48,0.376273,0.2414281,7.48,35.1807,0.0,1.21,1.486,0.327,0.999,43.0
3642,3642,43_852,43_87,0.1129289,0.1349605,28.4913,1.2979,1.396062E-5,3.0,3.0,781.0,2623.0,781.0,2622.9316,781.0,2622.9316,43.198345612037095,-22.12018745088592,0.75,0.289,90.0,0.89587,0.34498,90.0,781.0,2622.9316,43.198345612037095,-22.12018745088592,0.0833333,0.19010462457,0.0833333,0.19010462457,0.436,0.289,90.0,0.4360099,0.2886751,90.0,99.0,0.0,1.77,2.597,0.615,0.999,43.0
3644,3644,43_854,43_85,0.2528194,0.2019339,27.6163,0.8674,1.004649E-4,3.0,3.0,798.0,2623.0,798.4202,2622.9915,798.4202,2622.9915,43.19305778411238,-22.12013927124651,0.572,0.303,0.87,0.45651,0.24176,0.87,798.4202,2622.9915,43.19305778411238,-22.12013927124651,0.20115933511,0.084854036844,0.20115933511,0.084854036844,0.449,0.291,0.1,0.4485083,0.2912965,0.1,99.0,0.0,0.99,1.888,0.47,1.0,43.0
3645,3645,43_855,43_84,0.2757496,0.2108927,27.522,0.8306,-1.656776E-6,2.0,2.0,734.0,2622.0,734.0,2622.267,734.0,2622.267,43.21261414214968,-22.120175047026045,0.528,0.289,90.0,0.40401,0.22078,90.0,734.0,2622.267,43.21261414214968,-22.120175047026045,0.0833333,0.10839268391,0.0833333,0.10839268391,0.329,0.289,90.0,0.3292304,0.2886751,90.0,39.4957,0.0,0.91,1.83,0.454,0.999,43.0
3646,3646,43_856,43_83,0.03811046,0.07840184,29.6707,2.2341,3.364162E-6,1.0,1.0,726.0,2623.0,726.0,2623.0,726.0,2623.0,43.21503934373443,-22.120410809076283,0.289,0.289,45.0,0.59384,0.59384,45.0,726.0,2623.0,43.21503934373443,-22.120410809076283,0.0833333,0.0833333,0.0833333,0.0833333,0.289,0.289,45.0,0.2886751,0.2886751,45.0,99.0,0.0,0.0,1.0,0.0,0.996,43.0
3647,3647,43_857,43_82,3.015183,0.6973664,24.925,0.2512,2.689505E-5,11.0,11.0,527.0,2622.0,527.333,2621.7762,527.333,2621.7762,43.27534192959994,-22.12078859595392,0.815,0.735,-86.42,0.18844,0.16998,-86.42,527.333,2621.7762,43.27534192959994,-22.12078859595392,0.36037053888,0.43385343463,0.36037053888,0.43385343463,0.659,0.6,86.49,0.6588867,0.6000769,86.49,56.7664,0.0,2.59,1.109,0.098,1.0,43.0
3648,3648,43_858,43_81,3.931258,0.7962876,24.637,0.22,-0.2289245,8.0,8.0,820.0,2622.0,820.081,2621.3166,820.081,2621.3166,43.18648993536,-22.1195870192426,0.713,0.634,43.04,0.19773,0.17557,43.04,820.081,2621.3166,43.18648993536,-22.1195870192426,0.39494841939,0.38961118691,0.39494841939,0.38961118691,0.645,0.607,41.74,0.6448188,0.607263,41.74,27.75,0.0,2.68,1.126,0.112,0.989,43.0
3649,3649,43_859,43_80,0.2134933,0.1855651,27.7998,0.9439,1.692781E-6,3.0,3.0,626.0,2621.0,625.8881,2621.2003,625.8881,2621.2003,43.24543235990101,-22.12027143179024,0.637,0.176,-35.98,0.55328,0.15319,-35.98,625.8881,2621.2003,43.24543235990101,-22.12027143179024,0.093443957462,0.08392924708,0.093443957462,0.08392924708,0.306,0.29,-3.6,0.305748,0.28964,-3.6,53.7022,0.0,1.59,3.612,0.723,1.0,43.0
3650,3650,43_860,43_79,2.227138,0.5993461,25.2539,0.2923,1.493913E-4,10.0,10.0,745.0,2620.0,744.5518999999999,2620.1121,744.5518999999999,2620.1121,43.20942019564452,-22.119529823798,0.944,0.583,1.31,0.25396,0.1568,1.31,744.5518999999999,2620.1121,43.20942019564452,-22.119529823798,0.50962117514,0.25101119486,0.50962117514,0.25101119486,0.714,0.501,0.4,0.7138864,0.5009977,0.4,99.0,0.0,2.79,1.62,0.383,1.0,43.0
3652,3652,43_862,43_77,0.621356,0.3165734,26.6399,0.5533,1.053918E-6,6.0,6.0,673.0,2617.0,672.7028,2617.3066,672.7028,2617.3066,43.23123923182765,-22.119005391802187,0.658,0.467,-41.36,0.33509,0.2377,-41.36,672.7028,2617.3066,43.23123923182765,-22.119005391802187,0.20463119965,0.19428457448,0.20463119965,0.19428457448,0.494,0.394,-41.66,0.4939058,0.393666,-41.66,53.997,0.0,1.53,1.41,0.291,1.0,43.0
3653,3653,43_863,43_76,0.01344994,0.04657622,30.8015,3.7607,6.766732E-5,1.0,1.0,756.0,2617.0,756.0,2617.0,756.0,2617.0,43.20595817075901,-22.11861195147017,0.289,0.289,45.0,0.99748,0.99748,45.0,756.0,2617.0,43.20595817075901,-22.11861195147017,0.0833333,0.0833333,0.0833333,0.0833333,0.289,0.289,45.0,0.2886751,0.2886751,45.0,99.0,0.0,0.0,1.0,0.0,0.983,43.0
3654,3654,43_864,43_75,0.001043796,0.01297514,33.5768,13.4998,2.067543E-7,1.0,1.0,982.0,2615.0,982.0,2615.0,982.0,2615.0,43.13736750736276,-22.11719495839931,0.289,0.289,45.0,3.58885,3.58885,45.0,982.0,2615.0,43.13736750736276,-22.11719495839931,0.0833333,0.0833333,0.0833333,0.0833333,0.289,0.289,45.0,0.2886751,0.2886751,45.0,57.7754,0.0,0.0,1.0,0.0,0.373,43.0
3655,3655,43_865,43_74,2.943473,0.6890237,24.9512,0.2542,-1.998822E-4,7.0,7.0,888.0,2614.0,888.088,2614.428,888.088,2614.428,43.165876073746034,-22.11739278370709,0.73,0.524,1.49,0.17082,0.12273,1.49,888.088,2614.428,43.165876073746034,-22.11739278370709,0.33257388313,0.25096897431,0.33257388313,0.25096897431,0.577,0.501,2.0,0.5767789,0.5008683,2.0,35.4984,0.0,2.2,1.392,0.282,1.0,43.0
3656,3656,43_866,43_73,6.762087,1.044346,24.0481,0.1677,1.346054E-6,25.0,25.0,627.0,2612.0,627.1516,2611.589,627.1516,2611.589,43.24508754550308,-22.117563335470237,1.589,0.852,-49.81,0.24546,0.1316,-49.81,627.1516,2611.589,43.24508754550308,-22.117563335470237,0.93277568493,0.93961523344,0.93277568493,0.93961523344,1.125,0.779,-45.3,1.124995,0.7789598,-45.3,54.5134,0.0,4.91,1.865,0.464,1.0,43.0
3657,3657,43_867,43_72,0.02870473,0.0680426,29.9784,2.5743,-7.041157E-6,1.0,1.0,667.0,2614.0,667.0,2614.0,667.0,2614.0,43.23298349505352,-22.118096168611917,0.289,0.289,45.0,0.68437,0.68437,45.0,667.0,2614.0,43.23298349505352,-22.118096168611917,0.0833333,0.0833333,0.0833333,0.0833333,0.289,0.289,45.0,0.2886751,0.2886751,45.0,38.8822,0.0,0.0,1.0,0.0,0.995,43.0
3658,3658,43_868,43_71,0.06736375,0.1042359,29.0522,1.6804,-1.934293E-6,2.0,2.0,663.0,2614.0,662.8337,2614.0,662.8337,2614.0,43.23424801437769,-22.118111409973302,0.471,0.289,0.0,0.72906,0.4467,0.0,662.8337,2614.0,43.23424801437769,-22.118111409973302,0.095677219906,0.0833333,0.095677219906,0.0833333,0.309,0.289,0.0,0.3093174,0.2886751,0.0,39.9702,0.0,0.0,1.632,0.387,0.695,43.0
3659,3659,43_869,43_70,0.01548645,0.04997814,30.6484,3.5048,2.418095E-5,1.0,1.0,660.0,2614.0,660.0,2614.0,660.0,2614.0,43.23510807321741,-22.11812177033151,0.289,0.289,45.0,0.93091,0.93091,45.0,660.0,2614.0,43.23510807321741,-22.11812177033151,0.0833333,0.0833333,0.0833333,0.0833333,0.289,0.289,45.0,0.2886751,0.2886751,45.0,99.0,0.0,0.0,1.0,0.0,0.987,43.0
3660,3660,43_870,43_69,1.724943,0.5274624,25.5314,0.3321,1.707545E-5,6.0,6.0,563.0,2612.0,562.5671,2612.4627,562.5671,2612.4627,43.264685499865074,-22.11804260560305,0.726,0.457,-70.17,0.22213,0.13973,-70.17,562.5671,2612.4627,43.264685499865074,-22.11804260560305,0.23109850107,0.28538534982,0.23109850107,0.28538534982,0.544,0.47,-68.17,0.5438393,0.4698113,-68.17,99.0,0.0,1.85,1.59,0.371,1.0,43.0
3661,3661,43_871,43_68,0.04364096,0.08389794,29.5236,2.0878,1.346363E-7,1.0,1.0,957.0,2613.0,957.0,2613.0,957.0,2613.0,43.144964565667806,-22.116728361409315,0.289,0.289,45.0,0.55496,0.55496,45.0,957.0,2613.0,43.144964565667806,-22.116728361409315,0.0833333,0.0833333,0.0833333,0.0833333,0.289,0.289,45.0,0.2886751,0.2886751,45.0,53.8617,0.0,0.0,1.0,0.0,0.996,43.0
3662,3662,43_872,43_67,1.496195,0.4912451,25.6858,0.3566,1.828918E-5,7.0,7.0,551.0,2612.0,551.0007,2612.2961,551.0007,2612.2961,43.2681965169574,-22.11803729351767,0.752,0.512,-6.35,0.24677,0.16814,-6.35,551.0007,2612.2961,43.2681965169574,-22.11803729351767,0.36470780262,0.19977991101,0.36470780262,0.19977991101,0.605,0.445,-5.86,0.6053606,0.4450014,-5.86,43.5767,0.0,2.25,1.468,0.319,1.0,43.0
3664,3664,43_874,43_65,0.265801,0.2070534,27.5619,0.846,6.250797E-8,4.0,4.0,981.0,2611.0,981.1993,2611.4265,981.1993,2611.4265,43.13762570151661,-22.116192805483827,0.502,0.39,73.92,0.39129,0.30356,73.92,981.1993,2611.4265,43.13762570151661,-22.116192805483827,0.045080127875,0.16400646804,0.045080127875,0.16400646804,0.405,0.212,87.18,0.4053339,0.211639,87.18,43.6305,0.0,0.93,1.289,0.224,1.0,43.0
3665,3665,43_875,43_64,0.03574166,0.07592617,29.7404,2.307,9.790043E-6,1.0,1.0,616.0,2612.0,616.0,2612.0,616.0,2612.0,43.24847045261276,-22.11771944578983,0.289,0.289,45.0,0.61315,0.61315,45.0,616.0,2612.0,43.24847045261276,-22.11771944578983,0.0833333,0.0833333,0.0833333,0.0833333,0.289,0.289,45.0,0.2886751,0.2886751,45.0,99.0,0.0,0.0,1.0,0.0,0.996,43.0
3666,3666,43_876,43_63,0.23249,0.193645,27.7073,0.9045,8.641322E-9,1.0,1.0,976.0,2611.0,976.0,2611.0,976.0,2611.0,43.139205719213685,-22.11609282526851,0.289,0.289,45.0,0.24044,0.24044,45.0,976.0,2611.0,43.139205719213685,-22.11609282526851,0.0833333,0.0833333,0.0833333,0.0833333,0.289,0.289,45.0,0.2886751,0.2886751,45.0,43.232,0.0,0.0,1.0,0.0,0.997,43.0
3667,3667,43_877,43_62,0.196849,0.1781848,27.888,0.983,1.403224E-5,3.0,3.0,820.0,2611.0,820.3897999999999,2610.9656,820.3897999999999,2610.9656,43.18643906279755,-22.11667418001028,0.489,0.18,3.73,0.4422,0.16267,3.73,820.3897999999999,2610.9656,43.18643906279755,-22.11667418001028,0.18521721639,0.089332112673,0.18521721639,0.089332112673,0.43,0.299,0.42,0.4303746,0.2988763,0.42,99.0,0.0,1.05,2.718,0.632,1.0,43.0
3668,3668,43_878,43_61,0.2642785,0.2064596,27.5681,0.8484,-7.489615E-5,4.0,4.0,907.0,2609.0,906.7266,2609.1042,906.7266,2609.1042,43.16024088161898,-22.11582442238658,0.652,0.322,57.07,0.50993,0.25136,57.07,906.7266,2609.1042,43.16024088161898,-22.11582442238658,0.077990807094,0.11324576831,0.077990807094,0.11324576831,0.349,0.264,66.4,0.348654,0.263964,66.4,36.5613,0.0,1.51,2.029,0.507,0.963,43.0
3669,3669,43_879,43_60,0.03279483,0.07272886,29.8338,2.4084,-3.440981E-5,2.0,2.0,860.0,2610.0,859.8986,2610.0,859.8986,2610.0,43.17445099000234,-22.116253860555723,0.418,0.289,0.0,0.92638,0.64019,0.0,859.8986,2610.0,43.17445099000234,-22.116253860555723,0.089707350056,0.0833333,0.089707350056,0.0833333,0.3,0.289,0.0,0.2995118,0.2886751,0.0,53.7042,0.0,-3.32,1.447,0.309,0.997,43.0
3670,3670,43_880,43_59,1.152406,0.4311287,25.9693,0.4063,2.842881E-5,6.0,6.0,540.0,2609.0,540.3233,2609.1199,540.3233,2609.1199,43.271449658584615,-22.11718217751808,0.574,0.486,63.77,0.21479,0.18186,63.77,540.3233,2609.1199,43.271449658584615,-22.11718217751808,0.18526066729,0.12998979481,0.18526066729,0.12998979481,0.431,0.36,6.46,0.4312533,0.3595428,6.46,99.0,0.0,1.39,1.181,0.153,1.0,43.0
3671,3671,43_881,43_58,0.5355284,0.2938972,26.8013,0.596,6.169812E-7,4.0,4.0,672.0,2608.0,671.5325,2608.4088,671.5325,2608.4088,43.23163047305896,-22.11650684393813,0.509,0.481,37.5,0.27947,0.26394,37.5,671.5325,2608.4088,43.23163047305896,-22.11650684393813,0.24632004453,0.21658397848,0.24632004453,0.21658397848,0.501,0.461,19.4,0.5005277,0.4608427,19.4,42.2624,0.0,0.99,1.059,0.056,1.0,43.0
3672,3672,43_882,43_57,1.297027,0.4573816,25.8409,0.383,-3.193945E-6,5.0,5.0,818.0,2607.0,818.1264,2607.2765,818.1264,2607.2765,43.1871413362777,-22.115644945158984,0.538,0.441,-13.56,0.18989,0.15564,-13.56,818.1264,2607.2765,43.1871413362777,-22.115644945158984,0.12165960178,0.14093958566,0.12165960178,0.14093958566,0.381,0.343,-67.73,0.3805599,0.3431813,-67.73,99.0,0.0,1.46,1.22,0.18,1.0,43.0
3673,3673,43_883,43_56,0.7665728,0.3516259,26.4119,0.4981,1.844959E-5,6.0,6.0,796.0,2607.0,795.4931,2607.0705,795.4931,2607.0705,43.19401193439991,-22.115671737711857,0.613,0.494,77.37,0.28119,0.22641,77.37,795.4931,2607.0705,43.19401193439991,-22.115671737711857,0.24708854154,0.15501804183,0.24708854154,0.15501804183,0.498,0.393,5.45,0.497929,0.3926491,5.45,99.0,0.0,1.43,1.242,0.195,1.0,43.0
3674,3674,43_884,43_55,0.9901527,0.3996274,26.134,0.4383,3.177891E-4,6.0,6.0,738.0,2607.0,738.3512000000001,2606.6035,738.3512000000001,2606.6035,43.21135751924112,-22.11575295070901,0.603,0.466,-74.32,0.24323,0.18789,-74.32,738.3512000000001,2606.6035,43.21135751924112,-22.11575295070901,0.19026775055,0.26306316412,0.19026775055,0.26306316412,0.515,0.434,-80.51,0.514931,0.4337937,-80.51,99.0,0.0,1.3,1.295,0.228,1.0,43.0
3675,3675,43_885,43_54,0.001671181,0.01641783,33.0657,10.669,9.75675E-7,1.0,1.0,704.0,2608.0,704.0,2608.0,704.0,2608.0,43.22177789896882,-22.116272618957318,0.289,0.289,45.0,2.83615,2.83615,45.0,704.0,2608.0,43.22177789896882,-22.116272618957318,0.0833333,0.0833333,0.0833333,0.0833333,0.289,0.289,45.0,0.2886751,0.2886751,45.0,53.3021,0.0,0.0,1.0,0.0,0.434,43.0
3676,3676,43_886,43_53,2.48542,0.6331462,25.1348,0.2767,-3.393782E-5,12.0,12.0,768.0,2604.0,767.3208,2603.9922,767.3208,2603.9922,43.2025754659044,-22.11491088403387,0.84,0.696,-79.82,0.21414,0.17742,-79.82,767.3208,2603.9922,43.2025754659044,-22.11491088403387,0.32220494356,0.40041169538,0.32220494356,0.40041169538,0.65,0.547,-64.64,0.650435,0.5473126,-64.64,36.9018,0.0,2.47,1.207,0.171,1.0,43.0
3677,3677,43_887,43_52,3.456286,0.7466361,24.7768,0.2346,9.681645E-7,15.0,15.0,647.0,2603.0,647.3746,2603.4573,647.3746,2603.4573,43.23898255320293,-22.115202359582863,1.092,0.74,5.44,0.23592,0.15994,5.44,647.3746,2603.4573,43.23898255320293,-22.115202359582863,0.64650418295,0.40130035473,0.64650418295,0.40130035473,0.81,0.625,11.35,0.8104364,0.6252979,11.35,56.1933,0.0,3.91,1.475,0.322,1.0,43.0
3678,3678,43_888,43_51,0.1432186,0.1519861,28.2333,1.1525,5.595765E-5,2.0,2.0,529.0,2604.0,529.0,2603.7627,529.0,2603.7627,43.27490741154203,-22.115715834844394,0.514,0.289,90.0,0.54547,0.30628,90.0,529.0,2603.7627,43.27490741154203,-22.115715834844394,0.0833333,0.10422933898,0.0833333,0.10422933898,0.323,0.289,90.0,0.3228457,0.2886751,90.0,99.0,0.0,0.89,1.781,0.438,0.998,43.0
3679,3679,43_889,43_50,0.06292802,0.1007456,29.1262,1.7386,1.083229E-6,1.0,1.0,599.0,2603.0,599.0,2603.0,599.0,2603.0,43.253666054271925,-22.11524949648731,0.289,0.289,45.0,0.46215,0.46215,45.0,599.0,2603.0,43.253666054271925,-22.11524949648731,0.0833333,0.0833333,0.0833333,0.0833333,0.289,0.289,45.0,0.2886751,0.2886751,45.0,56.0137,0.0,0.0,1.0,0.0,0.997,43.0
3680,3680,43_890,43_49,0.2557728,0.20311,27.6037,0.8624,6.044868E-8,3.0,3.0,960.0,2601.0,959.4952,2601.1799,959.4952,2601.1799,43.14425710599261,-22.113393781842625,0.549,0.31,-30.05,0.43605,0.24605,-30.05,959.4952,2601.1799,43.14425710599261,-22.113393781842625,0.28437062295,0.11564691174,0.28437062295,0.11564691174,0.536,0.335,-7.98,0.5364225,0.3350648,-7.98,56.7008,0.0,1.25,1.772,0.436,1.0,43.0
3681,3681,43_891,43_48,0.3360945,0.2328278,27.3071,0.7523,1.81817E-5,2.0,2.0,778.0,2602.0,778.2003,2602.0,778.2003,2602.0,43.19928153694672,-22.11430997811056,0.493,0.289,0.0,0.34184,0.19998,0.0,778.2003,2602.0,43.19928153694672,-22.11430997811056,0.099530021101,0.0833333,0.099530021101,0.0833333,0.315,0.289,0.0,0.3154838,0.2886751,0.0,40.0606,0.0,0.87,1.709,0.415,0.999,43.0
3682,3682,43_892,43_47,0.3796387,0.2474511,27.1749,0.7079,1.569564E-5,3.0,3.0,564.0,2602.0,564.2218,2601.8095,564.2218,2601.8095,43.26422576116023,-22.11504011342085,0.455,0.347,38.87,0.29633,0.22595,38.87,564.2218,2601.8095,43.26422576116023,-22.11504011342085,0.14437606576,0.13414588683,0.14437606576,0.13414588683,0.381,0.365,17.22,0.3813957,0.3647729,17.22,99.0,0.0,1.05,1.311,0.237,1.0,43.0
3683,3683,43_893,43_46,0.2090096,0.1836062,27.8229,0.954,4.500619E-8,2.0,2.0,946.0,2598.0,946.0,2598.2306,946.0,2598.2306,43.14836580178126,-22.112615838037907,0.511,0.289,90.0,0.44857,0.25358,90.0,946.0,2598.2306,43.14836580178126,-22.112615838037907,0.0833333,0.10334109981,0.0833333,0.10334109981,0.321,0.289,90.0,0.3214671,0.2886751,90.0,56.4256,0.0,0.89,1.769,0.435,0.999,43.0
3684,3684,43_894,43_45,0.4898653,0.2810881,26.8981,0.6232,6.426772E-6,4.0,4.0,753.0,2598.0,753.13,2598.3494,753.13,2598.3494,43.2069057441062,-22.113376345313142,0.515,0.275,63.53,0.29536,0.15766,63.53,753.13,2598.3494,43.2069057441062,-22.113376345313142,0.086427320727,0.12880255913,0.086427320727,0.12880255913,0.359,0.294,87.55,0.358999,0.293853,87.55,39.2639,0.0,0.62,1.873,0.466,1.0,43.0
3685,3685,43_895,43_44,0.05305342,0.09250408,29.3115,1.8936,-1.216281E-5,1.0,1.0,654.0,2599.0,654.0,2599.0,654.0,2599.0,43.23698972836842,-22.113924395857552,0.289,0.289,45.0,0.50339,0.50339,45.0,654.0,2599.0,43.23698972836842,-22.113924395857552,0.0833333,0.0833333,0.0833333,0.0833333,0.289,0.289,45.0,0.2886751,0.2886751,45.0,38.3599,0.0,0.0,1.0,0.0,0.997,43.0
3686,3686,43_896,43_43,0.1607908,0.1610404,28.1076,1.0877,2.187703E-6,1.0,1.0,626.0,2599.0,626.0,2599.0,626.0,2599.0,43.245487702382775,-22.114026427277835,0.289,0.289,45.0,0.28912,0.28912,45.0,626.0,2599.0,43.245487702382775,-22.114026427277835,0.0833333,0.0833333,0.0833333,0.0833333,0.289,0.289,45.0,0.2886751,0.2886751,45.0,99.0,0.0,0.0,1.0,0.0,0.997,43.0
3687,3687,43_897,43_42,0.07384031,0.1091317,28.9526,1.605,-9.771998E-6,2.0,2.0,619.0,2599.0,619.0,2598.6946,619.0,2598.6946,43.24761340698212,-22.11396595613521,0.544,0.289,90.0,0.80346,0.4267,90.0,619.0,2598.6946,43.24761340698212,-22.11396595613521,0.0833333,0.11515575116,0.0833333,0.11515575116,0.339,0.289,90.0,0.3393461,0.2886751,90.0,38.5824,0.0,0.93,1.883,0.469,0.997,43.0
3688,3688,43_898,43_41,0.2011116,0.1801037,27.8647,0.9726,-2.490258E-5,2.0,2.0,876.0,2598.0,875.9139,2598.0,875.9139,2598.0,43.169639923480936,-22.112817740797677,0.402,0.289,0.0,0.36043,0.25852,0.0,875.9139,2598.0,43.169639923480936,-22.112817740797677,0.088569738714,0.0833333,0.088569738714,0.0833333,0.298,0.289,0.0,0.2976067,0.2886751,0.0,54.5273,0.0,1.92,1.394,0.283,0.999,43.0
3689,3689,43_899,43_40,0.2619131,0.2055336,27.5779,0.8522,2.553339E-5,3.0,3.0,772.0,2598.0,772.0070000000001,2597.8496,772.0070000000001,2597.8496,43.20117837206048,-22.113165570269125,0.628,0.204,29.64,0.49251,0.16004,29.64,772.0070000000001,2597.8496,43.20117837206048,-22.113165570269125,0.098527290355,0.083626637453,0.098527290355,0.083626637453,0.314,0.289,1.14,0.3139001,0.2891724,1.14,99.0,0.0,1.47,3.077,0.675,1.0,43.0
3690,3690,43_900,43_39,1.256552,0.4501885,25.8753,0.3891,7.515537E-7,5.0,5.0,724.0,2597.0,724.3426,2597.3237,724.3426,2597.3237,43.21564721984328,-22.11319444481603,0.596,0.451,18.89,0.21337,0.16143,18.89,724.3426,2597.3237,43.21564721984328,-22.11319444481603,0.22511338341,0.1545091308,0.22511338341,0.1545091308,0.478,0.388,12.4,0.4782277,0.3884853,12.4,43.377,0.0,1.19,1.322,0.243,1.0,43.0
3691,3691,43_901,43_38,0.4146726,0.2586169,27.079,0.6773,-2.353643E-5,4.0,4.0,641.0,2597.0,641.1754,2597.391,641.1754,2597.391,43.24088848211175,-22.11351859797217,0.488,0.38,-88.81,0.3044,0.23719,-88.81,641.1754,2597.391,43.24088848211175,-22.11351859797217,0.12196186576,0.22033396876,0.12196186576,0.22033396876,0.469,0.349,-89.83,0.4693984,0.3492291,-89.83,37.6822,0.0,0.9,1.283,0.221,0.974,43.0
3692,3692,43_902,43_37,0.3228579,0.228197,27.3508,0.7676,3.290692E-8,3.0,3.0,951.0,2596.0,951.4308,2595.6087,951.4308,2595.6087,43.14672844186633,-22.111857499872823,0.739,0.128,-48.9,0.52216,0.09076,-48.9,951.4308,2595.6087,43.14672844186633,-22.111857499872823,0.18904850155,0.20852558733,0.18904850155,0.20852558733,0.554,0.301,-47.59,0.5539434,0.301199,-47.59,55.2802,0.0,1.71,5.753,0.826,1.0,43.0
3693,3693,43_903,43_36,0.1469909,0.1539747,28.2051,1.1376,9.962007E-6,2.0,2.0,573.0,2596.0,573.0,2596.0054,573.0,2596.0054,43.261584816850366,-22.11337592063183,0.298,0.289,90.0,0.31204,0.30239,90.0,573.0,2596.0054,43.261584816850366,-22.11337592063183,0.0833333,0.083669994097,0.0833333,0.083669994097,0.289,0.289,90.0,0.2892576,0.2886751,90.0,56.4334,0.0,0.0,1.032,0.031,0.848,43.0
3694,3694,43_904,43_35,0.3159648,0.2257478,27.3742,0.7759,-1.717795E-5,3.0,3.0,889.0,2596.0,888.8739,2595.8533,888.8739,2595.8533,43.16571520257621,-22.112164764922703,0.371,0.313,-56.01,0.26507,0.22336,-56.01,888.8739,2595.8533,43.16571520257621,-22.112164764922703,0.093715259546,0.095745327831,0.093715259546,0.095745327831,0.309,0.306,-86.3,0.3094412,0.3061155,-86.3,53.9248,0.0,0.88,1.187,0.157,1.0,43.0
3695,3695,43_905,43_34,1.536065,0.4977474,25.6573,0.3519,2.288852E-6,6.0,6.0,729.0,2594.0,728.9241,2594.4182,728.9241,2594.4182,43.21426856209143,-22.11236021734618,0.693,0.492,-3.93,0.22445,0.15947,-3.93,728.9241,2594.4182,43.21426856209143,-22.11236021734618,0.26296338341,0.23230578755,0.26296338341,0.23230578755,0.514,0.481,-11.55,0.5141002,0.4805935,-11.55,99.0,0.0,1.79,1.407,0.289,1.0,43.0
3696,3696,43_906,43_33,1.035154,0.4086077,26.0858,0.4287,-2.12214E-8,9.0,9.0,976.0,2593.0,977.1504,2592.3574,977.1504,2592.3574,43.13893548565351,-22.11084418838428,1.342,0.363,-28.28,0.52991,0.1432,-28.28,977.1504,2592.3574,43.13893548565351,-22.11084418838428,0.43528697911,0.2729961524,0.43528697911,0.2729961524,0.777,0.324,-35.5,0.7767224,0.3240147,-35.5,57.0981,0.0,4.13,3.7,0.73,1.0,43.0
3697,3697,43_907,43_32,1.646134,0.5152723,25.5821,0.3399,2.813346E-7,14.0,14.0,961.0,2593.0,961.1732,2592.309,961.1732,2592.309,43.14378526009775,-22.110891941031163,1.299,0.705,-22.01,0.40656,0.22054,-22.01,961.1732,2592.309,43.14378526009775,-22.110891941031163,0.69904171695,0.42923301688,0.69904171695,0.42923301688,0.857,0.627,-18.96,0.8574042,0.627003,-18.96,99.0,0.0,4.58,1.843,0.458,1.0,43.0
3698,3698,43_908,43_31,0.2180369,0.1875293,27.777,0.934,9.210037E-7,2.0,2.0,718.0,2594.0,718.4862,2594.0,718.4862,2594.0,43.21743824047522,-22.112281148117493,0.577,0.289,0.0,0.49642,0.24828,0.0,718.4862,2594.0,43.21743824047522,-22.112281148117493,0.25876961387,0.0833333,0.25876961387,0.0833333,0.509,0.289,0.0,0.5086941,0.2886751,0.0,99.0,0.0,0.96,1.999,0.5,0.998,43.0
3699,3699,43_909,43_30,0.2057094,0.1821509,27.8402,0.9616,-2.520142E-8,2.0,2.0,989.0,2593.0,989.1619,2593.0,989.1619,2593.0,43.13528688642624,-22.110978719478727,0.468,0.289,0.0,0.41438,0.25561,0.0,989.1619,2593.0,43.13528688642624,-22.110978719478727,0.095209613664,0.0833333,0.095209613664,0.0833333,0.309,0.289,0.0,0.3085606,0.2886751,0.0,55.6293,0.0,0.0,1.621,0.383,0.999,43.0
3700,3700,43_910,43_923,36.20713,2.41658,22.2263,0.0725,-4.155981E-5,11.0,11.0,924.0,3075.0,924.0884,3074.9012,924.0884,3074.9012,43.15301353071076,-22.24678240243323,0.563,0.186,-49.94,0.03761,0.01241,-49.94,924.0884,3074.9012,43.15301353071076,-22.24678240243323,0.085057371753,0.084368764053,0.085057371753,0.084368764053,0.292,0.29,-1.98,0.2916474,0.2904616,-1.98,41.3021,16.0,1.81,3.032,0.67,0.973,43.0
3701,3701,43_911,43_28,1.784968,0.5365613,25.4942,0.3265,2.78593E-5,7.0,7.0,525.0,2590.0,524.7373,2590.3623,524.7373,2590.3623,43.27625416774977,-22.111961815666003,0.688,0.541,-48.23,0.20691,0.16268,-48.23,524.7373,2590.3623,43.27625416774977,-22.111961815666003,0.25881177139,0.27521278322,0.25881177139,0.27521278322,0.553,0.477,-51.02,0.5534678,0.4771771,-51.02,56.9787,0.0,1.89,1.272,0.214,1.0,43.0
3702,3702,43_912,43_27,0.2242257,0.1901721,27.7466,0.9211,-3.322141E-5,3.0,3.0,862.0,2590.0,861.8304,2590.3941,861.8304,2590.3941,43.1739462949533,-22.110731470574645,0.551,0.276,-57.74,0.46737,0.23377,-57.74,861.8304,2590.3941,43.1739462949533,-22.110731470574645,0.093358072461,0.16733267177,0.093358072461,0.16733267177,0.41,0.304,-83.02,0.4104354,0.3036997,-83.02,53.5412,0.0,1.09,1.999,0.5,1.0,43.0
3703,3703,43_913,43_26,0.5553107,0.2992762,26.762,0.5853,-3.689133E-5,4.0,4.0,853.0,2590.0,853.0454,2590.2131,853.0454,2590.2131,43.17661346205071,-22.110713718694328,0.421,0.398,-44.25,0.22712,0.21439,-44.25,853.0454,2590.2131,43.17661346205071,-22.110713718694328,0.1025578749,0.11012221464,0.1025578749,0.11012221464,0.332,0.32,-88.85,0.3318513,0.3202418,-88.85,56.2363,0.0,1.02,1.059,0.056,1.0,43.0
3704,3704,43_914,43_25,1.324213,0.4621501,25.8184,0.379,2.069881E-5,14.0,14.0,800.0,2590.0,801.2529,2589.3353,801.2529,2589.3353,43.192336924258015,-22.110661379942268,1.651,0.711,-31.23,0.57612,0.24818,-31.23,801.2529,2589.3353,43.192336924258015,-22.110661379942268,0.4262375502,0.63001645556,0.4262375502,0.63001645556,0.839,0.593,-62.67,0.8392002,0.5932934,-62.67,99.0,0.0,6.47,2.321,0.569,1.0,43.0
3705,3705,43_915,43_24,0.08871954,0.1196228,28.7533,1.4643,-7.269051E-6,1.0,1.0,765.0,2591.0,765.0,2591.0,765.0,2591.0,43.2033332224516,-22.11126490024029,0.289,0.289,45.0,0.38928,0.38928,45.0,765.0,2591.0,43.2033332224516,-22.11126490024029,0.0833333,0.0833333,0.0833333,0.0833333,0.289,0.289,45.0,0.2886751,0.2886751,45.0,37.5945,0.0,0.0,1.0,0.0,0.997,43.0
3706,3706,43_916,43_23,0.5735079,0.3041402,26.727,0.5759,8.104959E-7,4.0,4.0,673.0,2589.0,672.5177,2588.5438,672.5177,2588.5438,43.23141192058428,-22.11091544786507,0.529,0.467,44.25,0.28039,0.24773,44.25,672.5177,2588.5438,43.23141192058428,-22.11091544786507,0.24726033558,0.23998694027,0.24726033558,0.23998694027,0.523,0.463,41.48,0.5228047,0.4625175,41.48,54.4228,0.0,0.94,1.132,0.116,1.0,43.0
3707,3707,43_917,43_22,0.4280357,0.2627509,27.0446,0.6666,8.018022E-7,5.0,5.0,668.0,2588.0,667.693,2588.2427,667.693,2588.2427,43.23287741937219,-22.11084842398169,0.528,0.398,27.37,0.32422,0.24421,27.37,667.693,2588.2427,43.23287741937219,-22.11084842398169,0.16936262531,0.10528311553,0.16936262531,0.10528311553,0.417,0.317,14.97,0.4174912,0.3167757,14.97,56.4853,0.0,1.39,1.328,0.247,1.0,43.0
3708,3708,43_918,43_21,1.621427,0.5113907,25.5986,0.3425,2.084564E-6,6.0,6.0,593.0,2588.0,592.8461,2588.1877,592.8461,2588.1877,43.2555930206752,-22.11110529620599,0.65,0.499,-27.96,0.20494,0.15723,-27.96,592.8461,2588.1877,43.2555930206752,-22.11110529620599,0.20348963387,0.15792264424,0.20348963387,0.15792264424,0.458,0.389,-19.51,0.458289,0.3890803,-19.51,54.7244,0.0,1.55,1.303,0.233,1.0,43.0
3709,3709,43_919,43_20,0.2957942,0.2184233,27.4458,0.8019,-2.668518E-5,3.0,3.0,873.0,2585.0,872.8199999999999,2585.3513,872.8199999999999,2585.3513,43.17063176972884,-22.10927138578147,0.513,0.336,61.2,0.37847,0.24806,61.2,872.8199999999999,2585.3513,43.17063176972884,-22.10927138578147,0.065123821237,0.17099917229,0.065123821237,0.17099917229,0.416,0.251,81.92,0.4161424,0.2508954,81.92,52.4905,0.0,1.28,1.526,0.345,1.0,43.0
3712,3712,43_922,43_17,1.6322,0.5130868,25.5914,0.3414,7.583341E-7,7.0,7.0,665.0,2582.0,664.8651,2582.7065,664.8651,2582.7065,43.23375807307441,-22.10930150506719,0.921,0.444,-41.8,0.2895,0.13957,-41.8,664.8651,2582.7065,43.23375807307441,-22.10930150506719,0.355201812,0.30869219751,0.355201812,0.30869219751,0.696,0.424,-40.62,0.6960533,0.4235609,-40.62,58.0825,0.0,3.77,2.074,0.518,1.0,43.0
3713,3713,43_923,43_16,0.08314122,0.115801,28.8238,1.5126,7.583341E-7,1.0,1.0,708.0,2583.0,708.0,2583.0,708.0,2583.0,43.22066564691702,-22.109225628275315,0.289,0.289,45.0,0.40207,0.40207,45.0,708.0,2583.0,43.22066564691702,-22.109225628275315,0.0833333,0.0833333,0.0833333,0.0833333,0.289,0.289,45.0,0.2886751,0.2886751,45.0,52.6182,0.0,0.0,1.0,0.0,0.997,43.0
3714,3714,43_924,43_15,0.02300679,0.06091611,30.2187,2.8755,7.858022E-6,2.0,2.0,739.0,2581.0,739.0,2581.2974,739.0,2581.2974,43.21126411822834,-22.1086321430951,0.541,0.289,90.0,1.4315,0.76433,90.0,739.0,2581.2974,43.21126411822834,-22.1086321430951,0.0833333,0.11307391227,0.0833333,0.11307391227,0.336,0.289,90.0,0.3362646,0.2886751,90.0,51.5102,0.0,0.92,1.873,0.466,0.995,43.0
3715,3715,43_925,43_14,1.719167,0.5265786,25.535,0.3326,2.084284E-6,9.0,9.0,592.0,2581.0,592.4383,2581.2396,592.4383,2581.2396,43.25574458799741,-22.10915237709155,0.72,0.556,42.67,0.22052,0.1703,42.67,592.4383,2581.2396,43.25574458799741,-22.10915237709155,0.28023567783,0.26399801671,0.28023567783,0.26399801671,0.558,0.482,39.04,0.5580741,0.4824801,39.04,54.2466,0.0,1.96,1.295,0.228,1.0,43.0
3716,3716,43_926,43_13,0.4892144,0.2809013,26.8996,0.6236,-2.031881E-7,4.0,4.0,1003.0,2581.0,1003.2154,2580.9607,1003.2154,2580.9607,43.13107236151902,-22.107537806639414,0.509,0.193,2.19,0.29227,0.11103,2.19,1003.2154,2580.9607,43.13107236151902,-22.107537806639414,0.11547671848,0.086838931876,0.11547671848,0.086838931876,0.34,0.295,0.18,0.339819,0.294684,0.18,53.6431,0.0,1.12,2.632,0.62,1.0,43.0
3717,3717,43_927,43_12,1.680038,0.5205516,25.56,0.3365,2.183127E-5,5.0,5.0,764.0,2580.0,764.4539,2579.6465,764.4539,2579.6465,43.20354558600532,-22.10807325971809,0.543,0.49,-67.59,0.16831,0.15174,-67.59,764.4539,2579.6465,43.20354558600532,-22.10807325971809,0.24315597497,0.20895065178,0.24315597497,0.20895065178,0.494,0.457,-7.11,0.493656,0.4565199,-7.11,50.2711,0.0,1.2,1.109,0.098,1.0,43.0
3718,3718,43_928,43_11,1.855694,0.5470881,25.452,0.3202,-6.447873E-6,5.0,5.0,827.0,2579.0,827.2395,2579.3341,827.2395,2579.3341,43.18449107710618,-22.10775063818521,0.674,0.457,13.7,0.19859,0.13469,13.7,827.2395,2579.3341,43.18449107710618,-22.10775063818521,0.27039245491,0.19521349539,0.27039245491,0.19521349539,0.521,0.44,7.76,0.5213596,0.440216,7.76,50.7893,0.0,1.96,1.474,0.322,1.0,43.0
3719,3719,43_929,43_10,0.6530324,0.3245425,26.586,0.5397,-2.252577E-5,5.0,5.0,880.0,2579.0,879.9914,2578.5318,879.9914,2578.5318,43.168483600951205,-22.107325907710507,0.614,0.384,-41.71,0.30502,0.19091,-41.71,879.9914,2578.5318,43.168483600951205,-22.107325907710507,0.09094482439,0.24793404721,0.09094482439,0.24793404721,0.506,0.287,-77.34,0.5062356,0.2874098,-77.34,52.0979,0.0,1.48,1.598,0.374,1.0,43.0
3720,3720,43_930,43_922,0.1906379,0.1753519,27.9228,0.9989,0.003407537,2.0,2.0,647.0,3071.0,647.0,3071.4457,647.0,3071.4457,43.23720770800641,-22.24683501210029,0.575,0.289,90.0,0.5287,0.26552,90.0,647.0,3071.4457,43.23720770800641,-22.24683501210029,0.0833333,0.2195989903,0.0833333,0.2195989903,0.469,0.289,90.0,0.4686139,0.2886751,90.0,33.8132,0.0,0.96,1.991,0.498,0.998,43.0
3721,3721,43_931,43_921,0.5083629,0.286346,26.8579,0.6117,-1.076789E-5,4.0,4.0,939.0,3071.0,938.6587,3070.3574,938.6587,3070.3574,43.14860591069038,-22.24544909467643,0.573,0.356,45.69,0.32248,0.20049,45.69,938.6587,3070.3574,43.14860591069038,-22.24544909467643,0.19070580722,0.20818583996,0.19070580722,0.20818583996,0.516,0.365,48.78,0.515661,0.3646716,48.78,40.414,0.0,2.62,1.608,0.378,1.0,43.0
3722,3722,43_932,43_920,0.02875499,0.06810214,29.9765,2.572,-5.447421E-5,1.0,1.0,896.0,3070.0,896.0,3070.0,896.0,3070.0,43.16156772485837,-22.24550981572157,0.289,0.289,45.0,0.68368,0.68368,45.0,896.0,3070.0,43.16156772485837,-22.24550981572157,0.0833333,0.0833333,0.0833333,0.0833333,0.289,0.289,45.0,0.2886751,0.2886751,45.0,39.6279,0.0,0.0,1.0,0.0,0.995,43.0
3723,3723,43_933,43_919,0.3529422,0.2385921,27.254,0.7341,-0.01460669,2.0,2.0,537.0,3070.0,537.4364,3070.0,537.4364,3070.0,43.27049624145938,-22.24682017801732,0.574,0.289,0.0,0.38792,0.19514,0.0,537.4364,3070.0,43.27049624145938,-22.24682017801732,0.23814823809,0.0833333,0.23814823809,0.0833333,0.488,0.289,0.0,0.4880044,0.2886751,0.0,36.87,0.0,0.96,1.988,0.497,0.999,43.0
3724,3724,43_934,43_918,0.1863795,0.1733817,27.9473,1.0103,-5.447421E-5,2.0,2.0,864.0,3067.0,864.0,3067.315,864.0,3067.315,43.1713008295419,-22.244874799213356,0.547,0.289,90.0,0.50877,0.26854,90.0,864.0,3067.315,43.1713008295419,-22.244874799213356,0.0833333,0.12373643321,0.0833333,0.12373643321,0.352,0.289,90.0,0.3517619,0.2886751,90.0,39.629,0.0,0.93,1.895,0.472,0.998,43.0
3725,3725,43_935,43_917,26.92043,2.083748,22.5481,0.0841,0.003172554,23.0,23.0,660.0,3065.0,660.0651,3064.9662,660.0651,3064.9662,43.23326489362745,-22.24496535704812,0.907,0.499,27.7,0.07017,0.03864,27.7,660.0651,3064.9662,43.23326489362745,-22.24496535704812,0.099439461934,0.088781790802,0.099439461934,0.088781790802,0.315,0.298,0.85,0.3153439,0.2979588,0.85,34.0453,0.0,1.03,1.816,0.449,1.0,43.0
3726,3726,43_936,43_916,0.9878012,0.3991533,26.1366,0.4388,0.003218467,6.0,6.0,607.0,3066.0,607.3859,3066.2104,607.3859,3066.2104,43.24926270251758,-22.24550508962992,0.586,0.484,-80.49,0.23663,0.19547,-80.49,607.3859,3066.2104,43.24926270251758,-22.24550508962992,0.19825244629,0.17770166072,0.19825244629,0.17770166072,0.448,0.419,-17.85,0.4479161,0.4187187,-17.85,33.9309,0.0,1.27,1.211,0.174,1.0,43.0
3727,3727,43_937,43_915,0.8174755,0.3631128,26.3421,0.4824,-4.323978E-5,4.0,4.0,824.0,3066.0,824.0237999999999,3065.5679,824.0237999999999,3065.5679,43.18345303463956,-22.24453268194761,0.519,0.313,68.03,0.23056,0.13889,68.03,824.0237999999999,3065.5679,43.18345303463956,-22.24453268194761,0.10143397902,0.2133262674,0.10143397902,0.2133262674,0.462,0.318,87.76,0.4620585,0.3182173,87.76,37.9815,0.0,1.01,1.66,0.398,0.991,43.0
3732,3732,44_5,44_49,1.663633,0.5180039,25.5707,0.3381,-5.45241E-6,1.0,1.0,1490.0,3031.0,1490.0,3031.0,1490.0,3031.0,42.98126872934623,-22.232191610051213,0.289,0.289,45.0,0.08992,0.08992,45.0,1490.0,3031.0,42.98126872934623,-22.232191610051213,0.0833333,0.0833333,0.0833333,0.0833333,0.289,0.289,45.0,0.2886751,0.2886751,45.0,33.7402,0.0,0.0,1.0,0.0,0.993,44.0
3733,3733,44_6,44_48,51.03181,2.868961,21.8537,0.0611,0.0,3.0,3.0,1190.0,3023.0,1189.7485,3022.8797,1189.7485,3022.8797,43.07252515449878,-22.23112144771171,0.445,0.31,-18.14,0.02503,0.01741,-18.14,1189.7485,3022.8797,43.07252515449878,-22.23112144771171,0.11814034346,0.098054387324,0.11814034346,0.098054387324,0.344,0.313,-1.54,0.3437366,0.3131132,-1.54,46.3526,0.0,1.02,1.437,0.304,1.0,44.0
3782,3782,45_3,45_2,35.04984,2.377646,22.2616,0.0737,7.393766E-4,1.0,1.0,1954.0,2572.0,1954.0,2572.0,1954.0,2572.0,42.84250639609912,-22.101077785413583,0.289,0.289,45.0,0.01958,0.01958,45.0,1954.0,2572.0,42.84250639609912,-22.101077785413583,0.0833333,0.0833333,0.0833333,0.0833333,0.289,0.289,45.0,0.2886751,0.2886751,45.0,52.1063,0.0,0.0,1.0,0.0,0.997,45.0
3785,3785,45_6,45_123,7.060495,1.067141,24.0012,0.1641,0.0,1.0,1.0,1549.0,3050.0,1549.0,3050.0,1549.0,3050.0,42.96325667841861,-22.237291575363884,0.289,0.289,45.0,0.04363,0.04363,45.0,1549.0,3050.0,42.96325667841861,-22.237291575363884,0.0833333,0.0833333,0.0833333,0.0833333,0.289,0.289,45.0,0.2886751,0.2886751,45.0,33.53,0.0,0.0,1.0,0.0,0.997,45.0
3787,3787,45_8,45_121,199.6705,5.674937,20.3725,0.0309,0.0,6.0,6.0,1655.0,3034.0,1654.6282,3034.0952,1654.6282,3034.0952,42.931237306754,-22.23237278292688,0.489,0.41,16.85,0.01391,0.01165,16.85,1654.6282,3034.0952,42.931237306754,-22.23237278292688,0.1572397921,0.048503308856,0.1572397921,0.048503308856,0.397,0.22,2.02,0.396706,0.219926,2.02,35.3077,0.0,1.18,1.194,0.162,1.0,45.0
3789,3789,45_10,45_119,15.85289,1.599036,23.123,0.1095,0.0,2.0,2.0,1724.0,3017.0,1724.4216,3017.0,1724.4216,3017.0,42.91011253301735,-22.227265894741176,0.572,0.289,0.0,0.0577,0.02912,0.0,1724.4216,3017.0,42.91011253301735,-22.227265894741176,0.20013895383,0.0833333,0.20013895383,0.0833333,0.447,0.289,0.0,0.4473689,0.2886751,0.0,36.8494,0.0,0.96,1.981,0.495,0.998,45.0
3794,3794,45_15,45_114,66.70989,3.280221,21.5628,0.0534,0.0,2.0,2.0,1548.0,3002.0,1547.6363,3002.0,1547.6363,3002.0,42.96389017136264,-22.223793805670777,0.561,0.289,0.0,0.02759,0.01419,0.0,1547.6363,3002.0,42.96389017136264,-22.223793805670777,0.16152840134,0.0833333,0.16152840134,0.0833333,0.402,0.289,0.0,0.401906,0.2886751,0.0,30.1868,0.0,0.95,1.943,0.485,1.0,45.0
3798,3798,45_19,45_110,21.68007,1.870095,22.7831,0.0937,1.232596E-4,2.0,2.0,1534.0,2991.0,1534.0,2991.4325,1534.0,2991.4325,42.96808109529793,-22.220877816113457,0.573,0.289,90.0,0.04946,0.0249,90.0,1534.0,2991.4325,42.96808109529793,-22.220877816113457,0.0833333,0.21037790622,0.0833333,0.21037790622,0.459,0.289,90.0,0.4586697,0.2886751,90.0,29.7015,0.0,0.96,1.986,0.497,0.999,45.0
3801,3801,45_22,45_108,22.19211,1.892089,22.7578,0.0926,7.355991E-4,2.0,2.0,1529.0,2987.0,1529.0,2986.5163,1529.0,2986.5163,42.96962248116375,-22.219515614309312,0.577,0.289,90.0,0.0492,0.02461,90.0,1529.0,2986.5163,42.96962248116375,-22.219515614309312,0.0833333,0.25460067159,0.0833333,0.25460067159,0.505,0.289,90.0,0.5045797,0.2886751,90.0,29.5554,0.0,0.96,1.999,0.5,0.999,45.0
3805,3805,45_26,45_104,33.51474,2.325007,22.3102,0.0753,1.626315E-4,4.0,4.0,1581.0,2977.0,1581.2262,2976.6424,1581.2262,2976.6424,42.95380183107791,-22.216519607559345,0.573,0.276,-51.27,0.03976,0.01918,-51.26,1581.2262,2976.6424,42.95380183107791,-22.216519607559345,0.10561808372,0.1519887718,0.10561808372,0.1519887718,0.395,0.319,-74.2,0.3949992,0.31872,-74.2,31.2916,0.0,1.17,2.073,0.518,0.964,45.0
3807,3807,45_28,45_102,1.380569,0.4718896,25.7732,0.3712,-2.637042E-4,1.0,1.0,1586.0,2976.0,1586.0,2976.0,1586.0,2976.0,42.95235456090416,-22.21631884883422,0.289,0.289,45.0,0.09873,0.09873,45.0,1586.0,2976.0,42.95235456090416,-22.21631884883422,0.0833333,0.0833333,0.0833333,0.0833333,0.289,0.289,45.0,0.2886751,0.2886751,45.0,31.5323,0.0,0.0,1.0,0.0,0.991,45.0
3808,3808,45_29,45_101,11.96696,1.389503,23.4283,0.1261,0.0,1.0,1.0,1516.0,2976.0,1516.0,2976.0,1516.0,2976.0,42.973619645789725,-22.21661124649393,0.289,0.289,45.0,0.03352,0.03352,45.0,1516.0,2976.0,42.973619645789725,-22.21661124649393,0.0833333,0.0833333,0.0833333,0.0833333,0.289,0.289,45.0,0.2886751,0.2886751,45.0,29.2143,0.0,0.0,1.0,0.0,0.997,45.0
3810,3810,45_31,45_99,25.3532,2.022223,22.6132,0.0866,-0.157679,3.0,3.0,1568.0,2971.0,1568.4451,2971.0252,1568.4451,2971.0252,42.95771030274143,-22.214992953809958,0.576,0.327,3.59,0.04634,0.02635,3.59,1568.4451,2971.0252,42.95771030274143,-22.214992953809958,0.21580907493,0.084452009333,0.21580907493,0.084452009333,0.465,0.291,0.41,0.4645599,0.2905946,0.41,28.0379,0.0,0.81,1.759,0.432,0.999,45.0
3812,3812,45_33,45_97,5.724846,0.9611976,24.2289,0.1823,0.03971646,1.0,1.0,1522.0,2967.0,1522.0,2967.0,1522.0,2967.0,42.97183791750317,-22.214054435545684,0.289,0.289,45.0,0.04829,0.04829,45.0,1522.0,2967.0,42.97183791750317,-22.214054435545684,0.0833333,0.0833333,0.0833333,0.0833333,0.289,0.289,45.0,0.2886751,0.2886751,45.0,30.4931,0.0,0.0,1.0,0.0,0.997,45.0
3813,3813,45_34,45_96,0.128248,0.1451895,28.3532,1.2295,0.1921959,1.0,1.0,1532.0,2966.0,1532.0,2966.0,1532.0,2966.0,42.96880466187868,-22.213731492780383,0.289,0.289,45.0,0.20528,0.20528,45.0,1532.0,2966.0,42.96880466187868,-22.213731492780383,0.0833333,0.0833333,0.0833333,0.0833333,0.289,0.289,45.0,0.2886751,0.2886751,45.0,99.0,0.0,0.0,1.0,0.0,0.448,45.0
3815,3815,45_36,45_94,16.34594,1.623799,23.0898,0.1079,0.8250915,3.0,3.0,1563.0,2960.0,1562.5049,2960.486,1562.5049,2960.486,42.95956309616128,-22.21205293600341,0.761,0.296,-44.99,0.07042,0.02744,-44.99,1562.5049,2960.486,42.95956309616128,-22.21205293600341,0.19136627908,0.18688667405,0.19136627908,0.18688667405,0.54,0.294,-44.38,0.5403816,0.2936676,-44.38,99.0,0.0,1.42,2.567,0.61,1.0,45.0
3817,3817,45_38,45_93,15.33001,1.572509,23.1594,0.1114,0.4879921,2.0,2.0,1562.0,2957.0,1562.0,2957.0,1562.0,2957.0,42.95973243532588,-22.211074369116535,0.559,0.289,0.0,0.05563,0.02871,0.0,1562.0,2957.0,42.95973243532588,-22.211074369116535,0.10361407963,0.0833333,0.10361407963,0.0833333,0.322,0.289,0.0,0.3218914,0.2886751,0.0,99.0,3.0,1.28,1.937,0.484,0.999,45.0
3820,3820,45_41,45_90,5.799736,0.9674019,24.2148,0.1811,0.002184858,1.0,1.0,1532.0,2952.0,1532.0,2952.0,1532.0,2952.0,42.96886852064648,-22.20979303291209,0.289,0.289,45.0,0.04814,0.04814,45.0,1532.0,2952.0,42.96886852064648,-22.20979303291209,0.083343398997,0.083343398997,0.083343398997,0.083343398997,0.289,0.289,45.0,0.2887101,0.2886751,45.0,29.4156,0.0,0.0,1.0,0.0,0.997,45.0
3821,3821,45_42,45_89,20.34778,1.811625,22.852,0.0967,-0.05593214,1.0,1.0,1564.0,2950.0,1564.0,2950.0,1564.0,2950.0,42.959156945371134,-22.20909676340465,0.289,0.289,45.0,0.02574,0.02574,45.0,1564.0,2950.0,42.959156945371134,-22.20909676340465,0.0833333,0.0833333,0.0833333,0.0833333,0.289,0.289,45.0,0.2886751,0.2886751,45.0,28.9027,0.0,0.0,1.0,0.0,0.997,45.0
3823,3823,45_44,45_87,3.546335,0.75644,24.7489,0.2316,-1.895367E-4,1.0,1.0,1548.0,2940.0,1548.0,2940.0,1548.0,2940.0,42.96406301006027,-22.20635047425185,0.289,0.289,45.0,0.06158,0.06158,45.0,1548.0,2940.0,42.96406301006027,-22.20635047425185,0.0833333,0.0833333,0.0833333,0.0833333,0.289,0.289,45.0,0.2886751,0.2886751,45.0,29.741,0.0,0.0,1.0,0.0,0.996,45.0
3825,3825,45_46,45_85,0.6341906,0.3198263,26.6178,0.5477,0.1993242,1.0,1.0,1709.0,2936.0,1709.0,2936.0,1709.0,2936.0,42.91517538309351,-22.20454466945093,0.289,0.289,45.0,0.1271,0.1271,45.0,1709.0,2936.0,42.91517538309351,-22.20454466945093,0.0833333,0.0833333,0.0833333,0.0833333,0.289,0.289,45.0,0.2886751,0.2886751,45.0,99.0,0.0,0.0,1.0,0.0,0.948,45.0
3826,3826,45_47,45_84,8.882078,1.197068,23.752,0.1464,0.0,2.0,2.0,1549.0,2933.0,1549.0,2933.2957,1549.0,2933.2957,42.96378989976456,-22.204460255415324,0.54,0.289,90.0,0.07278,0.03891,90.0,1549.0,2933.2957,42.96378989976456,-22.204460255415324,0.0833333,0.11279824363,0.0833333,0.11279824363,0.336,0.289,90.0,0.3358545,0.2886751,90.0,29.8102,0.0,0.92,1.871,0.465,0.749,45.0
3839,3839,45_60,45_71,400.4173,8.036383,19.617,0.0218,-3.266483E-5,15.0,15.0,1715.0,2880.0,1715.2827,2878.8894,1715.2827,2878.8894,42.91353366206039,-22.18845137679951,1.895,0.488,-71.63,0.03803,0.00979,-71.63,1715.2827,2878.8894,42.91353366206039,-22.18845137679951,0.15294057052,1.0036359453,0.15294057052,1.0036359453,1.012,0.365,-81.4,1.011715,0.3647036,-81.4,36.2978,3.0,4.88,3.887,0.743,1.0,45.0
3849,3849,45_70,45_63,4.348942,0.8375215,24.5273,0.2091,-0.009318571,1.0,1.0,1681.0,2865.0,1681.0,2865.0,1681.0,2865.0,42.92401096701752,-22.18469047007832,0.289,0.289,45.0,0.05566,0.05566,45.0,1681.0,2865.0,42.92401096701752,-22.18469047007832,0.0833333,0.0833333,0.0833333,0.0833333,0.289,0.289,45.0,0.2886751,0.2886751,45.0,31.2204,0.0,0.0,1.0,0.0,0.997,45.0
3850,3850,45_71,45_62,0.8491644,0.3700838,26.3008,0.4733,-1.25015E-4,1.0,1.0,1742.0,2864.0,1742.0,2864.0,1742.0,2864.0,42.90548862726831,-22.184148048370663,0.289,0.289,45.0,0.12593,0.12593,45.0,1742.0,2864.0,42.90548862726831,-22.184148048370663,0.0833333,0.0833333,0.0833333,0.0833333,0.289,0.289,45.0,0.2886751,0.2886751,45.0,36.0371,0.0,0.0,1.0,0.0,0.975,45.0
3853,3853,45_74,45_59,-0.04014295,1.903095E-6,99.0,99.0,0.8396178,1.0,1.0,1721.0,2858.0,1721.0,2858.0,1721.0,2858.0,42.91189482436899,-22.182550285605288,0.289,0.289,45.0,0.12978,0.12978,45.0,1721.0,2858.0,42.91189482436899,-22.182550285605288,0.0833333,0.0833333,0.0833333,0.0833333,0.289,0.289,45.0,0.2886751,0.2886751,45.0,99.0,0.0,0.0,1.0,0.0,0.064,45.0
3887,3887,45_108,45_25,1.371239,0.4702846,25.7805,0.3725,-1.821675E-5,1.0,1.0,1834.0,2677.0,1834.0,2677.0,1834.0,2677.0,42.87843372077124,-22.131143369736304,0.289,0.289,45.0,0.09906,0.09906,45.0,1834.0,2677.0,42.87843372077124,-22.131143369736304,0.0833333,0.0833333,0.0833333,0.0833333,0.289,0.289,45.0,0.2886751,0.2886751,45.0,47.0936,0.0,0.0,1.0,0.0,0.991,45.0
3903,3903,45_124,45_9,8.169422,1.147889,23.8428,0.1526,0.0,1.0,1.0,1555.0,2593.0,1555.0,2593.0,1555.0,2593.0,42.96352663324948,-22.108704515990908,0.289,0.289,45.0,0.04056,0.04056,45.0,1555.0,2593.0,42.96352663324948,-22.108704515990908,0.0833333,0.0833333,0.0833333,0.0833333,0.289,0.289,45.0,0.2886751,0.2886751,45.0,44.1097,0.0,0.0,1.0,0.0,0.997,45.0
3909,3909,45_130,45_126,7.983225,1.134732,23.8679,0.1544,0.0,1.0,1.0,1606.0,3073.0,1606.0,3073.0,1606.0,3073.0,42.94583267121236,-22.243523173971926,0.289,0.289,45.0,0.04104,0.04104,45.0,1606.0,3073.0,42.94583267121236,-22.243523173971926,0.0833333,0.0833333,0.0833333,0.0833333,0.289,0.289,45.0,0.2886751,0.2886751,45.0,34.4527,0.0,0.0,1.0,0.0,0.997,45.0
3910,3910,45_131,45_125,112.9313,4.267871,20.9913,0.041,5.405764E-4,5.0,5.0,1840.0,3062.0,1839.726,3061.9828,1839.726,3061.9828,42.874869473742194,-22.239422418622404,0.514,0.348,-42.53,0.01944,0.01313,-42.53,1839.726,3061.9828,42.874869473742194,-22.239422418622404,0.12055655365,0.10320075212,0.12055655365,0.10320075212,0.347,0.321,-5.09,0.3474121,0.3210329,-5.09,38.9991,0.0,0.85,1.48,0.324,1.0,45.0
3912,3912,46_2,46_67,65.30333,3.245427,21.586,0.054,-6.727703E-4,4.0,4.0,2485.0,3071.0,2485.5039,3070.8067,2485.5039,3070.8067,42.67863258403933,-22.238944977443573,0.541,0.337,-29.14,0.03131,0.02408,-34.46,2485.5039,3070.8067,42.67863258403933,-22.238944977443573,0.21331235059,0.042887135581,0.21331235059,0.042887135581,0.465,0.199,-7.73,0.4653078,0.1992188,-7.73,99.0,0.0,1.21,1.605,0.377,0.995,46.0
3916,3916,46_6,46_63,15.7775,1.59523,23.1282,0.1098,-5.993194E-4,1.0,1.0,2039.0,3029.0,2039.0,3029.0,2039.0,3029.0,42.81448470158962,-22.22926113819129,0.289,0.289,45.0,0.03445,0.03445,45.0,2039.0,3029.0,42.81448470158962,-22.22926113819129,0.0833333,0.0833333,0.0833333,0.0833333,0.289,0.289,45.0,0.2886751,0.2886751,45.0,99.0,0.0,0.0,1.0,0.0,0.738,46.0
3917,3917,46_7,46_62,110.6752,4.225026,21.0132,0.0415,-5.335479E-4,2.0,2.0,2042.0,3026.0,2041.7936,3026.0,2041.7936,3026.0,42.813650531877634,-22.228404588974524,0.497,0.289,0.0,0.0207,0.01162,0.0,2041.7936,3026.0,42.813650531877634,-22.228404588974524,0.10027270571,0.0833333,0.10027270571,0.0833333,0.317,0.289,0.0,0.3166586,0.2886751,0.0,99.0,0.0,0.87,1.722,0.419,0.995,46.0
3918,3918,46_8,46_61,0.4965034,0.2829862,26.8835,0.619,0.0,1.0,1.0,2378.0,3022.0,2378.0,3022.0,2378.0,3022.0,42.71153576259507,-22.22572795774506,0.289,0.289,45.0,0.60424,0.60424,45.0,2378.0,3022.0,42.71153576259507,-22.22572795774506,0.0833333,0.0833333,0.0833333,0.0833333,0.289,0.289,45.0,0.2886751,0.2886751,45.0,99.0,0.0,0.0,1.0,0.0,0.031,46.0
3919,3919,46_9,46_60,92358.42,122.0513,13.7096,0.0014,-6.140718E-4,4.0,4.0,2023.0,3021.0,2023.3593,3021.1556,2023.3593,3021.1556,42.81927428450343,-22.227124481047426,0.484,0.356,-11.62,6.4E-4,4.7E-4,-11.62,2023.3593,3021.1556,42.81927428450343,-22.227124481047426,0.2139659606,0.12273208701,0.2139659606,0.12273208701,0.463,0.35,-1.94,0.4626777,0.3501819,-1.94,99.0,0.0,1.0,1.359,0.264,1.0,46.0
3921,3921,46_11,46_58,110.9102,4.229508,21.0109,0.0414,0.0,4.0,4.0,2419.0,2983.0,2418.7606,2983.1479,2418.7606,2983.1479,42.69934998600228,-22.214604419676103,0.494,0.34,16.71,0.02308,0.01534,11.77,2418.7606,2983.1479,42.69934998600228,-22.214604419676103,0.1590568605,0.11912319563,0.1590568605,0.11912319563,0.399,0.345,3.85,0.3990471,0.3448789,3.85,99.0,0.0,1.12,1.454,0.312,0.998,46.0
3923,3923,46_13,46_56,246.2389,6.30206,20.1449,0.0278,4.900782E-4,10.0,10.0,2397.0,2982.0,2395.4695,2981.3951,2395.4695,2981.3951,42.70643339111609,-22.214222091724803,1.894,0.395,19.67,0.05431,0.01304,18.68,2395.4695,2981.3951,42.70643339111609,-22.214222091724803,1.470651691,0.1857999422,1.470651691,0.1857999422,1.259,0.268,15.92,1.258715,0.268494,15.92,99.0,0.0,5.14,4.8,0.792,1.0,46.0
3924,3924,46_14,46_55,74.15498,3.458393,21.448,0.0506,4.248257E-6,5.0,5.0,2434.0,2980.0,2433.6643,2980.2287,2433.6643,2980.2287,42.6948378255269,-22.2137121039334,0.514,0.459,61.21,0.03366,0.0263,65.66,2433.6643,2980.2287,42.6948378255269,-22.2137121039334,0.11324932554,0.095043164302,0.11324932554,0.095043164302,0.337,0.308,3.18,0.3366092,0.3081991,3.18,99.0,0.0,0.92,1.121,0.108,0.998,46.0
3925,3925,46_15,46_54,10.96057,1.329599,23.5237,0.1317,-0.003359591,1.0,1.0,2431.0,2979.0,2431.0,2979.0,2431.0,2979.0,42.69565329317843,-22.213379169650967,0.289,0.289,45.0,0.04383,0.04383,45.0,2431.0,2979.0,42.69565329317843,-22.213379169650967,0.0833333,0.0833333,0.0833333,0.0833333,0.289,0.289,45.0,0.2886751,0.2886751,45.0,32.3564,0.0,0.0,1.0,0.0,0.582,46.0
3926,3926,46_16,46_53,7.835033,1.124151,23.8882,0.1558,0.02050042,2.0,2.0,2403.0,2971.0,2402.8208,2971.0,2402.8208,2971.0,42.70425283716255,-22.21126283949601,0.48,0.289,0.0,0.13705,0.06628,0.0,2402.8208,2971.0,42.70425283716255,-22.21126283949601,0.097087946251,0.0833333,0.097087946251,0.0833333,0.312,0.289,0.0,0.3115894,0.2886751,0.0,99.0,0.0,0.85,1.663,0.399,0.499,46.0
3941,3941,46_31,46_38,24.73559,1.997401,22.64,0.0877,0.0,2.0,2.0,2399.0,2844.0,2399.0,2843.5856,2399.0,2843.5856,42.70605605684722,-22.17543767192892,0.571,0.289,90.0,0.05691,0.02856,90.0,2399.0,2843.5856,42.70605605684722,-22.17543767192892,0.0833333,0.19387185069,0.0833333,0.19387185069,0.44,0.289,90.0,0.4403088,0.2886751,90.0,99.0,0.0,0.96,1.978,0.494,0.825,46.0
3942,3942,46_32,46_37,607.0546,9.895051,19.1652,0.0177,0.0,19.0,19.0,2414.0,2838.0,2416.0455,2837.4657,2416.0455,2837.4657,42.70091073519826,-22.17363512286743,2.835,0.986,-49.67,0.0504,0.01766,-50.75,2416.0455,2837.4657,42.70091073519826,-22.17363512286743,2.7257169529,3.2447084392,2.7257169529,3.2447084392,2.27,0.905,-48.44,2.269795,0.9046863,-48.44,99.0,1.0,10.01,2.875,0.652,1.0,46.0
3943,3943,46_33,46_36,9.621952,1.245764,23.6651,0.1406,-5.946639E-4,3.0,3.0,2418.0,2840.0,2418.1369,2840.3046,2418.1369,2840.3046,42.70026127138031,-22.17442377633589,0.477,0.32,-69.17,0.12137,0.08054,-46.2,2418.1369,2840.3046,42.70026127138031,-22.17442377633589,0.10886957776,0.15049643758,0.10886957776,0.15049643758,0.388,0.33,-87.39,0.3880501,0.3298229,-87.39,34.2135,0.0,1.07,1.492,0.33,0.484,46.0
3947,3947,46_37,46_32,834.805,11.6037,18.8193,0.0151,-0.004402265,19.0,19.0,2416.0,2831.0,2416.8739,2830.224,2416.8739,2830.224,42.70069582168096,-22.171594041852664,2.316,0.885,-9.6,0.03441,0.01357,-9.48,2416.8739,2830.224,42.70069582168096,-22.171594041852664,0.40062571722,0.69306278546,0.40062571722,0.69306278546,0.859,0.596,69.85,0.8594028,0.5959156,69.85,32.04,1.0,7.92,2.618,0.618,1.0,46.0
3951,3951,46_41,46_28,137.7542,4.713641,20.7755,0.0372,-2.09407,11.0,11.0,2392.0,2816.0,2391.1539,2817.0801,2391.1539,2817.0801,42.70857251439488,-22.168018669068204,1.454,0.449,-51.98,0.07266,0.02385,-49.62,2391.1539,2817.0801,42.70857251439488,-22.168018669068204,0.44603617893,0.66960611193,0.44603617893,0.66960611193,0.954,0.453,-54.25,0.9540762,0.4531898,-54.25,25.3467,0.0,4.8,3.238,0.691,0.951,46.0
3953,3953,46_43,46_26,350.6426,7.520323,19.7611,0.0233,-1.164969,10.0,10.0,2415.0,2810.0,2415.7537,2812.3682,2415.7537,2812.3682,42.70112635966382,-22.166576422136487,1.871,0.499,66.22,0.04504,0.01242,65.9,2415.7537,2812.3682,42.70112635966382,-22.166576422136487,0.62881634437,1.3526820382,0.62881634437,1.3526820382,1.334,0.448,58.64,1.334378,0.4482551,58.64,25.9834,1.0,5.76,3.747,0.733,1.0,46.0
3956,3956,46_46,46_23,9.560951,1.241809,23.672,0.1411,-2.921636,1.0,1.0,2421.0,2812.0,2421.0,2812.0,2421.0,2812.0,42.699535146014384,-22.16644788790382,0.289,0.289,45.0,0.06257,0.06257,45.0,2421.0,2812.0,42.699535146014384,-22.16644788790382,0.0833333,0.0833333,0.0833333,0.0833333,0.289,0.289,45.0,0.2886751,0.2886751,45.0,24.9851,0.0,0.0,1.0,0.0,0.471,46.0
3981,3981,47_4,47_62,36.59118,2.429363,22.2149,0.0721,0.0,2.0,2.0,2851.0,3032.0,2851.0,3032.361,2851.0,3032.361,42.567812185244826,-22.226315538783258,0.56,0.289,90.0,0.04371,0.02218,90.0,2851.0,3032.361,42.567812185244826,-22.226315538783258,0.0833333,0.15964687291,0.0833333,0.15964687291,0.4,0.289,90.0,0.3995583,0.2886751,90.0,99.0,0.0,0.95,1.941,0.485,0.944,47.0
3994,3994,47_17,47_49,43.86061,2.659754,22.0181,0.0659,0.0,2.0,2.0,2687.0,2883.0,2687.3767,2883.0,2687.3767,2883.0,42.61828240705,-22.185125241197436,0.564,0.289,0.0,0.03914,0.01983,0.0,2687.3767,2883.0,42.61828240705,-22.185125241197436,0.17121352584,0.0833333,0.17121352584,0.0833333,0.414,0.289,0.0,0.4137796,0.2886751,0.0,99.0,0.0,0.95,1.954,0.488,0.962,47.0
4041,4041,47_64,47_64,127.909,4.542078,20.856,0.0386,0.0,3.0,3.0,2955.0,3068.0,2954.9068,3068.0629,2954.9068,3068.0629,42.53606648979871,-22.23582226476299,0.411,0.376,12.33,0.01284,0.01103,23.61,2954.9068,3068.0629,42.53606648979871,-22.23582226476299,0.089571124007,0.087470894329,0.089571124007,0.087470894329,0.299,0.296,0.71,0.2992849,0.2957543,0.71,99.0,0.0,2.25,1.095,0.087,0.997,47.0
4071,4071,48_30,48_44,37329.38,77.59425,14.6932,0.0023,0.4729666,2.0,2.0,2961.0,2838.0,2960.594,2838.0,2960.594,2838.0,42.53555965764945,-22.17108000012731,0.57,0.289,0.0,0.00118,6.0E-4,0.0,2960.594,2838.0,42.53555965764945,-22.17108000012731,0.19255932027,0.0833333,0.19255932027,0.0833333,0.439,0.289,0.0,0.4388158,0.2886751,0.0,99.0,0.0,0.96,1.973,0.493,1.0,48.0
4072,4072,48_31,48_43,23.40902,1.943103,22.6998,0.0901,0.04764477,2.0,2.0,2945.0,2837.0,2945.0,2836.6202,2945.0,2836.6202,42.54030151659301,-22.1707727628366,0.565,0.289,90.0,0.05871,0.02955,90.0,2945.0,2836.6202,42.54030151659301,-22.1707727628366,0.0833333,0.164503384,0.0833333,0.164503384,0.406,0.289,90.0,0.4055902,0.2886751,90.0,99.0,1.0,0.95,1.956,0.489,0.826,48.0
4088,4088,48_47,48_27,232.2023,6.119802,20.2086,0.0286,-1.575283,3.0,3.0,2960.0,2808.0,2959.6475,2807.9276,2959.6475,2807.9276,42.536007141496086,-22.162626456191607,0.482,0.251,-8.79,0.01342,0.00769,-12.12,2959.6475,2807.9276,42.536007141496086,-22.162626456191607,0.16950302795,0.096365732064,0.16950302795,0.096365732064,0.412,0.31,-0.98,0.4117337,0.3103935,-0.98,25.6558,0.0,1.11,1.916,0.478,0.997,48.0
4093,4093,48_52,48_22,72.07813,3.40962,21.4788,0.0514,0.01542261,2.0,2.0,2961.0,2801.0,2960.8262,2801.0,2960.8262,2801.0,42.535686196625534,-22.16067182507925,0.476,0.289,0.0,0.02601,0.01478,0.0,2960.8262,2801.0,42.535686196625534,-22.16067182507925,0.096493644159,0.0833333,0.096493644159,0.0833333,0.311,0.289,0.0,0.3106343,0.2886751,0.0,99.0,0.0,0.84,1.65,0.394,0.993,48.0
